2026-10-05,BO,13,2
2026-10-05,BO,15,0
2026-10-05,BO,18,0
2026-10-05,BO,19,0
2026-10-05,EN,13,2
2026-10-05,EN,15,5
2026-10-05,EN,18,1
2026-10-05,EN,19,5
2026-10-05,FI,13,5
2026-10-05,FI,15,0
2026-10-05,FI,18,0
2026-10-05,FI,19,1
2026-10-05,IR,13,92
2026-10-05,IR,15,15
2026-10-05,IR,18,31
2026-10-05,IR,19,211
2026-10-05,IS,13,138
2026-10-05,IS,15,29
2026-10-05,IS,18,116
2026-10-05,IS,19,447
2026-10-05,LE,13,8
2026-10-05,LE,15,6
2026-10-05,LE,18,4
2026-10-05,LE,19,26
2026-10-05,LG,13,2
2026-10-05,LG,15,0
2026-10-05,LG,18,0
2026-10-05,LG,19,3
2026-10-05,LH,13,0
2026-10-05,LH,15,2
2026-10-05,LH,18,0
2026-10-05,LH,19,1
2026-10-05,MD,13,0
2026-10-05,MD,15,2
2026-10-05,MD,18,3
2026-10-05,MD,19,5
2026-10-05,PL,13,2
2026-10-05,PL,15,2
2026-10-05,PL,18,1
2026-10-05,PL,19,9
2026-10-05,RO,13,7
2026-10-05,RO,15,4
2026-10-05,RO,18,3
2026-10-05,RO,19,17
2026-10-05,UP,13,77
2026-10-05,UP,15,10
2026-10-05,UP,18,36
2026-10-05,UP,19,187
2026-10-05,YM,13,62
2026-10-05,YM,15,17
2026-10-05,YM,18,24
2026-10-05,YM,19,275
2026-10-04,BO,13,0
2026-10-04,BO,15,0
2026-10-04,BO,18,0
2026-10-04,BO,19,4
2026-10-04,EN,13,0
2026-10-04,EN,15,0
2026-10-04,EN,18,2
2026-10-04,EN,19,1
2026-10-04,FI,13,0
2026-10-04,FI,15,2
2026-10-04,FI,18,0
2026-10-04,FI,19,0
2026-10-04,IR,13,61
2026-10-04,IR,15,10
2026-10-04,IR,18,28
2026-10-04,IR,19,138
2026-10-04,IS,13,75
2026-10-04,IS,15,7
2026-10-04,IS,18,70
2026-10-04,IS,19,348
2026-10-04,LE,13,2
2026-10-04,LE,15,1
2026-10-04,LE,18,0
2026-10-04,LE,19,10
2026-10-04,LG,13,2
2026-10-04,LG,15,0
2026-10-04,LG,18,0
2026-10-04,LG,19,4
2026-10-04,LH,13,0
2026-10-04,LH,15,0
2026-10-04,LH,18,0
2026-10-04,LH,19,2
2026-10-04,MD,13,3
2026-10-04,MD,15,3
2026-10-04,MD,18,0
2026-10-04,MD,19,4
2026-10-04,PL,13,0
2026-10-04,PL,15,1
2026-10-04,PL,18,0
2026-10-04,PL,19,8
2026-10-04,RO,13,2
2026-10-04,RO,15,0
2026-10-04,RO,18,0
2026-10-04,RO,19,0
2026-10-04,UP,13,87
2026-10-04,UP,15,3
2026-10-04,UP,18,27
2026-10-04,UP,19,188
2026-10-04,YM,13,37
2026-10-04,YM,15,17
2026-10-04,YM,18,9
2026-10-04,YM,19,142
2026-10-03,BO,13,0
2026-10-03,BO,15,0
2026-10-03,BO,18,0
2026-10-03,BO,19,16
2026-10-03,EN,13,1
2026-10-03,EN,15,0
2026-10-03,EN,18,0
2026-10-03,EN,19,0
2026-10-03,FI,13,2
2026-10-03,FI,15,0
2026-10-03,FI,18,0
2026-10-03,FI,19,0
2026-10-03,IR,13,46
2026-10-03,IR,15,8
2026-10-03,IR,18,16
2026-10-03,IR,19,155
2026-10-03,IS,13,70
2026-10-03,IS,15,10
2026-10-03,IS,18,87
2026-10-03,IS,19,370
2026-10-03,LE,13,0
2026-10-03,LE,15,0
2026-10-03,LE,18,0
2026-10-03,LE,19,18
2026-10-03,LG,13,3
2026-10-03,LG,15,0
2026-10-03,LG,18,0
2026-10-03,LG,19,0
2026-10-03,LH,13,2
2026-10-03,LH,15,2
2026-10-03,LH,18,0
2026-10-03,LH,19,10
2026-10-03,MD,13,2
2026-10-03,MD,15,3
2026-10-03,MD,18,0
2026-10-03,MD,19,7
2026-10-03,PL,13,2
2026-10-03,PL,15,4
2026-10-03,PL,18,3
2026-10-03,PL,19,1
2026-10-03,RO,13,0
2026-10-03,RO,15,0
2026-10-03,RO,18,3
2026-10-03,RO,19,1
2026-10-03,UP,13,49
2026-10-03,UP,15,3
2026-10-03,UP,18,31
2026-10-03,UP,19,131
2026-10-03,YM,13,25
2026-10-03,YM,15,0
2026-10-03,YM,18,13
2026-10-03,YM,19,118
2026-10-02,BO,13,2
2026-10-02,BO,15,2
2026-10-02,BO,18,0
2026-10-02,BO,19,5
2026-10-02,EN,13,1
2026-10-02,EN,15,0
2026-10-02,EN,18,0
2026-10-02,EN,19,6
2026-10-02,FI,13,1
2026-10-02,FI,15,0
2026-10-02,FI,18,0
2026-10-02,FI,19,2
2026-10-02,IR,13,101
2026-10-02,IR,15,26
2026-10-02,IR,18,20
2026-10-02,IR,19,215
2026-10-02,IS,13,112
2026-10-02,IS,15,10
2026-10-02,IS,18,78
2026-10-02,IS,19,336
2026-10-02,LE,13,4
2026-10-02,LE,15,1
2026-10-02,LE,18,1
2026-10-02,LE,19,12
2026-10-02,LG,13,0
2026-10-02,LG,15,0
2026-10-02,LG,18,0
2026-10-02,LG,19,1
2026-10-02,LH,13,4
2026-10-02,LH,15,0
2026-10-02,LH,18,0
2026-10-02,LH,19,0
2026-10-02,MD,13,1
2026-10-02,MD,15,0
2026-10-02,MD,18,0
2026-10-02,MD,19,0
2026-10-02,PL,13,7
2026-10-02,PL,15,4
2026-10-02,PL,18,8
2026-10-02,PL,19,3
2026-10-02,RO,13,0
2026-10-02,RO,15,3
2026-10-02,RO,18,4
2026-10-02,RO,19,2
2026-10-02,UP,13,60
2026-10-02,UP,15,13
2026-10-02,UP,18,19
2026-10-02,UP,19,139
2026-10-02,YM,13,34
2026-10-02,YM,15,1
2026-10-02,YM,18,8
2026-10-02,YM,19,153
2026-10-01,BO,13,0
2026-10-01,BO,15,0
2026-10-01,BO,18,0
2026-10-01,BO,19,4
2026-10-01,EN,13,0
2026-10-01,EN,15,0
2026-10-01,EN,18,0
2026-10-01,EN,19,2
2026-10-01,FI,13,2
2026-10-01,FI,15,0
2026-10-01,FI,18,0
2026-10-01,FI,19,1
2026-10-01,IR,13,112
2026-10-01,IR,15,27
2026-10-01,IR,18,37
2026-10-01,IR,19,242
2026-10-01,IS,13,126
2026-10-01,IS,15,20
2026-10-01,IS,18,105
2026-10-01,IS,19,464
2026-10-01,LE,13,4
2026-10-01,LE,15,3
2026-10-01,LE,18,0
2026-10-01,LE,19,25
2026-10-01,LG,13,5
2026-10-01,LG,15,0
2026-10-01,LG,18,1
2026-10-01,LG,19,5
2026-10-01,LH,13,2
2026-10-01,LH,15,1
2026-10-01,LH,18,1
2026-10-01,LH,19,0
2026-10-01,MD,13,2
2026-10-01,MD,15,0
2026-10-01,MD,18,4
2026-10-01,MD,19,8
2026-10-01,PL,13,3
2026-10-01,PL,15,4
2026-10-01,PL,18,2
2026-10-01,PL,19,17
2026-10-01,RO,13,1
2026-10-01,RO,15,0
2026-10-01,RO,18,1
2026-10-01,RO,19,2
2026-10-01,UP,13,41
2026-10-01,UP,15,8
2026-10-01,UP,18,25
2026-10-01,UP,19,178
2026-10-01,YM,13,15
2026-10-01,YM,15,1
2026-10-01,YM,18,2
2026-10-01,YM,19,84
2026-09-30,BO,13,0
2026-09-30,BO,15,0
2026-09-30,BO,18,0
2026-09-30,BO,19,2
2026-09-30,EN,13,1
2026-09-30,EN,15,2
2026-09-30,EN,18,1
2026-09-30,EN,19,0
2026-09-30,FI,13,1
2026-09-30,FI,15,0
2026-09-30,FI,18,0
2026-09-30,FI,19,2
2026-09-30,IR,13,75
2026-09-30,IR,15,16
2026-09-30,IR,18,38
2026-09-30,IR,19,154
2026-09-30,IS,13,146
2026-09-30,IS,15,14
2026-09-30,IS,18,117
2026-09-30,IS,19,551
2026-09-30,LE,13,6
2026-09-30,LE,15,0
2026-09-30,LE,18,10
2026-09-30,LE,19,23
2026-09-30,LG,13,1
2026-09-30,LG,15,0
2026-09-30,LG,18,1
2026-09-30,LG,19,0
2026-09-30,LH,13,4
2026-09-30,LH,15,7
2026-09-30,LH,18,1
2026-09-30,LH,19,1
2026-09-30,MD,13,0
2026-09-30,MD,15,1
2026-09-30,MD,18,6
2026-09-30,MD,19,5
2026-09-30,PL,13,3
2026-09-30,PL,15,1
2026-09-30,PL,18,2
2026-09-30,PL,19,15
2026-09-30,RO,13,5
2026-09-30,RO,15,1
2026-09-30,RO,18,1
2026-09-30,RO,19,7
2026-09-30,UP,13,29
2026-09-30,UP,15,10
2026-09-30,UP,18,50
2026-09-30,UP,19,181
2026-09-30,YM,13,8
2026-09-30,YM,15,0
2026-09-30,YM,18,2
2026-09-30,YM,19,45
2026-09-29,BO,13,3
2026-09-29,BO,15,3
2026-09-29,BO,18,5
2026-09-29,BO,19,4
2026-09-29,EN,13,3
2026-09-29,EN,15,2
2026-09-29,EN,18,8
2026-09-29,EN,19,7
2026-09-29,FI,13,1
2026-09-29,FI,15,1
2026-09-29,FI,18,0
2026-09-29,FI,19,1
2026-09-29,IR,13,98
2026-09-29,IR,15,8
2026-09-29,IR,18,24
2026-09-29,IR,19,173
2026-09-29,IS,13,157
2026-09-29,IS,15,9
2026-09-29,IS,18,132
2026-09-29,IS,19,397
2026-09-29,LE,13,4
2026-09-29,LE,15,1
2026-09-29,LE,18,3
2026-09-29,LE,19,35
2026-09-29,LG,13,1
2026-09-29,LG,15,1
2026-09-29,LG,18,0
2026-09-29,LG,19,0
2026-09-29,LH,13,4
2026-09-29,LH,15,1
2026-09-29,LH,18,0
2026-09-29,LH,19,3
2026-09-29,MD,13,0
2026-09-29,MD,15,0
2026-09-29,MD,18,0
2026-09-29,MD,19,0
2026-09-29,PL,13,6
2026-09-29,PL,15,8
2026-09-29,PL,18,3
2026-09-29,PL,19,13
2026-09-29,RO,13,3
2026-09-29,RO,15,6
2026-09-29,RO,18,5
2026-09-29,RO,19,11
2026-09-29,UP,13,30
2026-09-29,UP,15,12
2026-09-29,UP,18,56
2026-09-29,UP,19,180
2026-09-29,YM,13,16
2026-09-29,YM,15,1
2026-09-29,YM,18,3
2026-09-29,YM,19,52
2026-09-28,BO,13,0
2026-09-28,BO,15,1
2026-09-28,BO,18,0
2026-09-28,BO,19,0
2026-09-28,EN,13,5
2026-09-28,EN,15,3
2026-09-28,EN,18,0
2026-09-28,EN,19,0
2026-09-28,FI,13,3
2026-09-28,FI,15,0
2026-09-28,FI,18,0
2026-09-28,FI,19,1
2026-09-28,IR,13,119
2026-09-28,IR,15,15
2026-09-28,IR,18,33
2026-09-28,IR,19,173
2026-09-28,IS,13,150
2026-09-28,IS,15,14
2026-09-28,IS,18,137
2026-09-28,IS,19,262
2026-09-28,LE,13,9
2026-09-28,LE,15,3
2026-09-28,LE,18,7
2026-09-28,LE,19,16
2026-09-28,LG,13,3
2026-09-28,LG,15,0
2026-09-28,LG,18,0
2026-09-28,LG,19,1
2026-09-28,LH,13,1
2026-09-28,LH,15,3
2026-09-28,LH,18,0
2026-09-28,LH,19,20
2026-09-28,MD,13,0
2026-09-28,MD,15,0
2026-09-28,MD,18,0
2026-09-28,MD,19,0
2026-09-28,PL,13,10
2026-09-28,PL,15,11
2026-09-28,PL,18,1
2026-09-28,PL,19,15
2026-09-28,RO,13,0
2026-09-28,RO,15,0
2026-09-28,RO,18,0
2026-09-28,RO,19,4
2026-09-28,UP,13,36
2026-09-28,UP,15,15
2026-09-28,UP,18,71
2026-09-28,UP,19,213
2026-09-28,YM,13,18
2026-09-28,YM,15,0
2026-09-28,YM,18,7
2026-09-28,YM,19,53
2026-09-27,BO,13,1
2026-09-27,BO,15,0
2026-09-27,BO,18,1
2026-09-27,BO,19,0
2026-09-27,EN,13,0
2026-09-27,EN,15,0
2026-09-27,EN,18,2
2026-09-27,EN,19,0
2026-09-27,FI,13,0
2026-09-27,FI,15,0
2026-09-27,FI,18,0
2026-09-27,FI,19,2
2026-09-27,IR,13,98
2026-09-27,IR,15,15
2026-09-27,IR,18,24
2026-09-27,IR,19,139
2026-09-27,IS,13,131
2026-09-27,IS,15,10
2026-09-27,IS,18,71
2026-09-27,IS,19,267
2026-09-27,LE,13,12
2026-09-27,LE,15,4
2026-09-27,LE,18,2
2026-09-27,LE,19,46
2026-09-27,LG,13,2
2026-09-27,LG,15,0
2026-09-27,LG,18,0
2026-09-27,LG,19,0
2026-09-27,LH,13,14
2026-09-27,LH,15,0
2026-09-27,LH,18,0
2026-09-27,LH,19,3
2026-09-27,MD,13,1
2026-09-27,MD,15,1
2026-09-27,MD,18,0
2026-09-27,MD,19,0
2026-09-27,PL,13,9
2026-09-27,PL,15,0
2026-09-27,PL,18,2
2026-09-27,PL,19,7
2026-09-27,RO,13,9
2026-09-27,RO,15,8
2026-09-27,RO,18,0
2026-09-27,RO,19,5
2026-09-27,UP,13,31
2026-09-27,UP,15,4
2026-09-27,UP,18,40
2026-09-27,UP,19,187
2026-09-27,YM,13,15
2026-09-27,YM,15,0
2026-09-27,YM,18,8
2026-09-27,YM,19,64
2026-09-26,BO,13,1
2026-09-26,BO,15,1
2026-09-26,BO,18,1
2026-09-26,BO,19,1
2026-09-26,EN,13,1
2026-09-26,EN,15,2
2026-09-26,EN,18,0
2026-09-26,EN,19,1
2026-09-26,FI,13,4
2026-09-26,FI,15,1
2026-09-26,FI,18,0
2026-09-26,FI,19,8
2026-09-26,IR,13,81
2026-09-26,IR,15,17
2026-09-26,IR,18,22
2026-09-26,IR,19,112
2026-09-26,IS,13,70
2026-09-26,IS,15,10
2026-09-26,IS,18,46
2026-09-26,IS,19,223
2026-09-26,LE,13,6
2026-09-26,LE,15,13
2026-09-26,LE,18,5
2026-09-26,LE,19,11
2026-09-26,LG,13,0
2026-09-26,LG,15,3
2026-09-26,LG,18,0
2026-09-26,LG,19,2
2026-09-26,LH,13,1
2026-09-26,LH,15,0
2026-09-26,LH,18,0
2026-09-26,LH,19,11
2026-09-26,MD,13,1
2026-09-26,MD,15,0
2026-09-26,MD,18,0
2026-09-26,MD,19,0
2026-09-26,PL,13,3
2026-09-26,PL,15,1
2026-09-26,PL,18,2
2026-09-26,PL,19,11
2026-09-26,RO,13,0
2026-09-26,RO,15,1
2026-09-26,RO,18,0
2026-09-26,RO,19,3
2026-09-26,UP,13,41
2026-09-26,UP,15,7
2026-09-26,UP,18,28
2026-09-26,UP,19,174
2026-09-26,YM,13,6
2026-09-26,YM,15,1
2026-09-26,YM,18,7
2026-09-26,YM,19,50
2026-09-25,BO,13,3
2026-09-25,BO,15,2
2026-09-25,BO,18,1
2026-09-25,BO,19,6
2026-09-25,EN,13,2
2026-09-25,EN,15,3
2026-09-25,EN,18,0
2026-09-25,EN,19,2
2026-09-25,FI,13,4
2026-09-25,FI,15,4
2026-09-25,FI,18,0
2026-09-25,FI,19,0
2026-09-25,IR,13,111
2026-09-25,IR,15,5
2026-09-25,IR,18,34
2026-09-25,IR,19,178
2026-09-25,IS,13,124
2026-09-25,IS,15,5
2026-09-25,IS,18,80
2026-09-25,IS,19,410
2026-09-25,LE,13,7
2026-09-25,LE,15,5
2026-09-25,LE,18,1
2026-09-25,LE,19,20
2026-09-25,LG,13,1
2026-09-25,LG,15,4
2026-09-25,LG,18,0
2026-09-25,LG,19,1
2026-09-25,LH,13,3
2026-09-25,LH,15,1
2026-09-25,LH,18,0
2026-09-25,LH,19,4
2026-09-25,MD,13,3
2026-09-25,MD,15,0
2026-09-25,MD,18,0
2026-09-25,MD,19,1
2026-09-25,PL,13,7
2026-09-25,PL,15,1
2026-09-25,PL,18,1
2026-09-25,PL,19,29
2026-09-25,RO,13,2
2026-09-25,RO,15,0
2026-09-25,RO,18,0
2026-09-25,RO,19,3
2026-09-25,UP,13,47
2026-09-25,UP,15,15
2026-09-25,UP,18,49
2026-09-25,UP,19,223
2026-09-25,YM,13,13
2026-09-25,YM,15,0
2026-09-25,YM,18,2
2026-09-25,YM,19,96
2026-09-24,BO,13,1
2026-09-24,BO,15,0
2026-09-24,BO,18,0
2026-09-24,BO,19,1
2026-09-24,EN,13,2
2026-09-24,EN,15,3
2026-09-24,EN,18,4
2026-09-24,EN,19,7
2026-09-24,FI,13,1
2026-09-24,FI,15,0
2026-09-24,FI,18,0
2026-09-24,FI,19,5
2026-09-24,IR,13,186
2026-09-24,IR,15,9
2026-09-24,IR,18,40
2026-09-24,IR,19,266
2026-09-24,IS,13,120
2026-09-24,IS,15,21
2026-09-24,IS,18,91
2026-09-24,IS,19,437
2026-09-24,LE,13,5
2026-09-24,LE,15,0
2026-09-24,LE,18,4
2026-09-24,LE,19,24
2026-09-24,LG,13,11
2026-09-24,LG,15,2
2026-09-24,LG,18,0
2026-09-24,LG,19,4
2026-09-24,LH,13,5
2026-09-24,LH,15,1
2026-09-24,LH,18,0
2026-09-24,LH,19,3
2026-09-24,MD,13,3
2026-09-24,MD,15,3
2026-09-24,MD,18,0
2026-09-24,MD,19,10
2026-09-24,PL,13,20
2026-09-24,PL,15,13
2026-09-24,PL,18,9
2026-09-24,PL,19,63
2026-09-24,RO,13,10
2026-09-24,RO,15,2
2026-09-24,RO,18,0
2026-09-24,RO,19,11
2026-09-24,UP,13,75
2026-09-24,UP,15,16
2026-09-24,UP,18,55
2026-09-24,UP,19,259
2026-09-24,YM,13,29
2026-09-24,YM,15,0
2026-09-24,YM,18,8
2026-09-24,YM,19,88
2026-09-23,BO,13,2
2026-09-23,BO,15,5
2026-09-23,BO,18,2
2026-09-23,BO,19,5
2026-09-23,EN,13,10
2026-09-23,EN,15,1
2026-09-23,EN,18,5
2026-09-23,EN,19,7
2026-09-23,FI,13,4
2026-09-23,FI,15,2
2026-09-23,FI,18,0
2026-09-23,FI,19,2
2026-09-23,IR,13,214
2026-09-23,IR,15,15
2026-09-23,IR,18,29
2026-09-23,IR,19,234
2026-09-23,IS,13,129
2026-09-23,IS,15,16
2026-09-23,IS,18,85
2026-09-23,IS,19,466
2026-09-23,LE,13,7
2026-09-23,LE,15,1
2026-09-23,LE,18,2
2026-09-23,LE,19,31
2026-09-23,LG,13,0
2026-09-23,LG,15,0
2026-09-23,LG,18,0
2026-09-23,LG,19,0
2026-09-23,LH,13,2
2026-09-23,LH,15,7
2026-09-23,LH,18,0
2026-09-23,LH,19,9
2026-09-23,MD,13,1
2026-09-23,MD,15,0
2026-09-23,MD,18,0
2026-09-23,MD,19,5
2026-09-23,PL,13,11
2026-09-23,PL,15,23
2026-09-23,PL,18,4
2026-09-23,PL,19,24
2026-09-23,RO,13,7
2026-09-23,RO,15,2
2026-09-23,RO,18,0
2026-09-23,RO,19,9
2026-09-23,UP,13,88
2026-09-23,UP,15,19
2026-09-23,UP,18,33
2026-09-23,UP,19,206
2026-09-23,YM,13,17
2026-09-23,YM,15,1
2026-09-23,YM,18,3
2026-09-23,YM,19,95
2026-09-22,BO,13,10
2026-09-22,BO,15,1
2026-09-22,BO,18,0
2026-09-22,BO,19,5
2026-09-22,EN,13,2
2026-09-22,EN,15,2
2026-09-22,EN,18,3
2026-09-22,EN,19,6
2026-09-22,FI,13,0
2026-09-22,FI,15,0
2026-09-22,FI,18,1
2026-09-22,FI,19,0
2026-09-22,IR,13,132
2026-09-22,IR,15,23
2026-09-22,IR,18,30
2026-09-22,IR,19,203
2026-09-22,IS,13,73
2026-09-22,IS,15,16
2026-09-22,IS,18,61
2026-09-22,IS,19,373
2026-09-22,LE,13,9
2026-09-22,LE,15,3
2026-09-22,LE,18,4
2026-09-22,LE,19,18
2026-09-22,LG,13,1
2026-09-22,LG,15,0
2026-09-22,LG,18,0
2026-09-22,LG,19,0
2026-09-22,LH,13,1
2026-09-22,LH,15,9
2026-09-22,LH,18,0
2026-09-22,LH,19,8
2026-09-22,MD,13,0
2026-09-22,MD,15,0
2026-09-22,MD,18,0
2026-09-22,MD,19,0
2026-09-22,PL,13,10
2026-09-22,PL,15,1
2026-09-22,PL,18,0
2026-09-22,PL,19,18
2026-09-22,RO,13,0
2026-09-22,RO,15,0
2026-09-22,RO,18,0
2026-09-22,RO,19,1
2026-09-22,UP,13,76
2026-09-22,UP,15,13
2026-09-22,UP,18,40
2026-09-22,UP,19,177
2026-09-22,YM,13,29
2026-09-22,YM,15,2
2026-09-22,YM,18,17
2026-09-22,YM,19,212
2026-09-21,BO,13,5
2026-09-21,BO,15,3
2026-09-21,BO,18,2
2026-09-21,BO,19,7
2026-09-21,EN,13,0
2026-09-21,EN,15,0
2026-09-21,EN,18,0
2026-09-21,EN,19,2
2026-09-21,FI,13,1
2026-09-21,FI,15,0
2026-09-21,FI,18,0
2026-09-21,FI,19,1
2026-09-21,IR,13,169
2026-09-21,IR,15,31
2026-09-21,IR,18,21
2026-09-21,IR,19,163
2026-09-21,IS,13,64
2026-09-21,IS,15,17
2026-09-21,IS,18,71
2026-09-21,IS,19,360
2026-09-21,LE,13,1
2026-09-21,LE,15,0
2026-09-21,LE,18,1
2026-09-21,LE,19,3
2026-09-21,LG,13,3
2026-09-21,LG,15,0
2026-09-21,LG,18,0
2026-09-21,LG,19,0
2026-09-21,LH,13,0
2026-09-21,LH,15,0
2026-09-21,LH,18,0
2026-09-21,LH,19,7
2026-09-21,MD,13,0
2026-09-21,MD,15,0
2026-09-21,MD,18,0
2026-09-21,MD,19,5
2026-09-21,PL,13,5
2026-09-21,PL,15,7
2026-09-21,PL,18,2
2026-09-21,PL,19,29
2026-09-21,RO,13,1
2026-09-21,RO,15,0
2026-09-21,RO,18,2
2026-09-21,RO,19,6
2026-09-21,UP,13,43
2026-09-21,UP,15,9
2026-09-21,UP,18,43
2026-09-21,UP,19,183
2026-09-21,YM,13,37
2026-09-21,YM,15,1
2026-09-21,YM,18,10
2026-09-21,YM,19,124
2026-09-20,BO,13,0
2026-09-20,BO,15,5
2026-09-20,BO,18,1
2026-09-20,BO,19,2
2026-09-20,EN,13,3
2026-09-20,EN,15,0
2026-09-20,EN,18,0
2026-09-20,EN,19,1
2026-09-20,FI,13,0
2026-09-20,FI,15,2
2026-09-20,FI,18,0
2026-09-20,FI,19,0
2026-09-20,IR,13,97
2026-09-20,IR,15,30
2026-09-20,IR,18,27
2026-09-20,IR,19,136
2026-09-20,IS,13,34
2026-09-20,IS,15,20
2026-09-20,IS,18,63
2026-09-20,IS,19,358
2026-09-20,LE,13,3
2026-09-20,LE,15,4
2026-09-20,LE,18,4
2026-09-20,LE,19,9
2026-09-20,LG,13,0
2026-09-20,LG,15,0
2026-09-20,LG,18,0
2026-09-20,LG,19,0
2026-09-20,LH,13,3
2026-09-20,LH,15,5
2026-09-20,LH,18,1
2026-09-20,LH,19,2
2026-09-20,MD,13,0
2026-09-20,MD,15,0
2026-09-20,MD,18,0
2026-09-20,MD,19,3
2026-09-20,PL,13,2
2026-09-20,PL,15,3
2026-09-20,PL,18,1
2026-09-20,PL,19,5
2026-09-20,RO,13,1
2026-09-20,RO,15,0
2026-09-20,RO,18,2
2026-09-20,RO,19,0
2026-09-20,UP,13,31
2026-09-20,UP,15,6
2026-09-20,UP,18,43
2026-09-20,UP,19,172
2026-09-20,YM,13,52
2026-09-20,YM,15,1
2026-09-20,YM,18,3
2026-09-20,YM,19,129
2026-09-19,BO,13,0
2026-09-19,BO,15,0
2026-09-19,BO,18,0
2026-09-19,BO,19,3
2026-09-19,EN,13,2
2026-09-19,EN,15,1
2026-09-19,EN,18,0
2026-09-19,EN,19,0
2026-09-19,FI,13,2
2026-09-19,FI,15,0
2026-09-19,FI,18,0
2026-09-19,FI,19,1
2026-09-19,IR,13,52
2026-09-19,IR,15,14
2026-09-19,IR,18,16
2026-09-19,IR,19,137
2026-09-19,IS,13,40
2026-09-19,IS,15,4
2026-09-19,IS,18,72
2026-09-19,IS,19,238
2026-09-19,LE,13,3
2026-09-19,LE,15,7
2026-09-19,LE,18,7
2026-09-19,LE,19,20
2026-09-19,LG,13,3
2026-09-19,LG,15,0
2026-09-19,LG,18,0
2026-09-19,LG,19,0
2026-09-19,LH,13,5
2026-09-19,LH,15,10
2026-09-19,LH,18,0
2026-09-19,LH,19,2
2026-09-19,MD,13,0
2026-09-19,MD,15,0
2026-09-19,MD,18,0
2026-09-19,MD,19,0
2026-09-19,PL,13,6
2026-09-19,PL,15,3
2026-09-19,PL,18,0
2026-09-19,PL,19,8
2026-09-19,RO,13,0
2026-09-19,RO,15,0
2026-09-19,RO,18,1
2026-09-19,RO,19,1
2026-09-19,UP,13,25
2026-09-19,UP,15,13
2026-09-19,UP,18,39
2026-09-19,UP,19,148
2026-09-19,YM,13,20
2026-09-19,YM,15,1
2026-09-19,YM,18,8
2026-09-19,YM,19,137
2026-09-18,BO,13,2
2026-09-18,BO,15,2
2026-09-18,BO,18,0
2026-09-18,BO,19,3
2026-09-18,EN,13,0
2026-09-18,EN,15,0
2026-09-18,EN,18,0
2026-09-18,EN,19,1
2026-09-18,FI,13,0
2026-09-18,FI,15,0
2026-09-18,FI,18,0
2026-09-18,FI,19,3
2026-09-18,IR,13,64
2026-09-18,IR,15,16
2026-09-18,IR,18,27
2026-09-18,IR,19,205
2026-09-18,IS,13,86
2026-09-18,IS,15,11
2026-09-18,IS,18,78
2026-09-18,IS,19,250
2026-09-18,LE,13,2
2026-09-18,LE,15,5
2026-09-18,LE,18,8
2026-09-18,LE,19,23
2026-09-18,LG,13,3
2026-09-18,LG,15,2
2026-09-18,LG,18,0
2026-09-18,LG,19,0
2026-09-18,LH,13,8
2026-09-18,LH,15,0
2026-09-18,LH,18,1
2026-09-18,LH,19,3
2026-09-18,MD,13,0
2026-09-18,MD,15,0
2026-09-18,MD,18,0
2026-09-18,MD,19,3
2026-09-18,PL,13,20
2026-09-18,PL,15,9
2026-09-18,PL,18,10
2026-09-18,PL,19,30
2026-09-18,RO,13,0
2026-09-18,RO,15,0
2026-09-18,RO,18,0
2026-09-18,RO,19,3
2026-09-18,UP,13,44
2026-09-18,UP,15,7
2026-09-18,UP,18,41
2026-09-18,UP,19,158
2026-09-18,YM,13,16
2026-09-18,YM,15,1
2026-09-18,YM,18,14
2026-09-18,YM,19,94
2026-09-17,BO,13,0
2026-09-17,BO,15,0
2026-09-17,BO,18,1
2026-09-17,BO,19,2
2026-09-17,EN,13,2
2026-09-17,EN,15,0
2026-09-17,EN,18,0
2026-09-17,EN,19,12
2026-09-17,FI,13,0
2026-09-17,FI,15,2
2026-09-17,FI,18,0
2026-09-17,FI,19,5
2026-09-17,IR,13,87
2026-09-17,IR,15,20
2026-09-17,IR,18,62
2026-09-17,IR,19,184
2026-09-17,IS,13,104
2026-09-17,IS,15,26
2026-09-17,IS,18,102
2026-09-17,IS,19,317
2026-09-17,LE,13,2
2026-09-17,LE,15,4
2026-09-17,LE,18,0
2026-09-17,LE,19,25
2026-09-17,LG,13,0
2026-09-17,LG,15,0
2026-09-17,LG,18,0
2026-09-17,LG,19,0
2026-09-17,LH,13,0
2026-09-17,LH,15,2
2026-09-17,LH,18,4
2026-09-17,LH,19,12
2026-09-17,MD,13,0
2026-09-17,MD,15,0
2026-09-17,MD,18,0
2026-09-17,MD,19,2
2026-09-17,PL,13,14
2026-09-17,PL,15,8
2026-09-17,PL,18,1
2026-09-17,PL,19,19
2026-09-17,RO,13,3
2026-09-17,RO,15,0
2026-09-17,RO,18,2
2026-09-17,RO,19,13
2026-09-17,UP,13,50
2026-09-17,UP,15,7
2026-09-17,UP,18,40
2026-09-17,UP,19,217
2026-09-17,YM,13,25
2026-09-17,YM,15,2
2026-09-17,YM,18,11
2026-09-17,YM,19,115
2026-09-16,BO,13,2
2026-09-16,BO,15,9
2026-09-16,BO,18,1
2026-09-16,BO,19,7
2026-09-16,EN,13,0
2026-09-16,EN,15,1
2026-09-16,EN,18,0
2026-09-16,EN,19,1
2026-09-16,FI,13,1
2026-09-16,FI,15,0
2026-09-16,FI,18,0
2026-09-16,FI,19,2
2026-09-16,IR,13,80
2026-09-16,IR,15,7
2026-09-16,IR,18,44
2026-09-16,IR,19,290
2026-09-16,IS,13,82
2026-09-16,IS,15,22
2026-09-16,IS,18,86
2026-09-16,IS,19,331
2026-09-16,LE,13,4
2026-09-16,LE,15,10
2026-09-16,LE,18,3
2026-09-16,LE,19,25
2026-09-16,LG,13,0
2026-09-16,LG,15,5
2026-09-16,LG,18,0
2026-09-16,LG,19,3
2026-09-16,LH,13,2
2026-09-16,LH,15,2
2026-09-16,LH,18,6
2026-09-16,LH,19,45
2026-09-16,MD,13,0
2026-09-16,MD,15,0
2026-09-16,MD,18,0
2026-09-16,MD,19,3
2026-09-16,PL,13,2
2026-09-16,PL,15,3
2026-09-16,PL,18,1
2026-09-16,PL,19,16
2026-09-16,RO,13,2
2026-09-16,RO,15,0
2026-09-16,RO,18,1
2026-09-16,RO,19,3
2026-09-16,UP,13,31
2026-09-16,UP,15,10
2026-09-16,UP,18,33
2026-09-16,UP,19,245
2026-09-16,YM,13,51
2026-09-16,YM,15,5
2026-09-16,YM,18,9
2026-09-16,YM,19,206
2026-09-15,BO,13,1
2026-09-15,BO,15,4
2026-09-15,BO,18,2
2026-09-15,BO,19,24
2026-09-15,EN,13,0
2026-09-15,EN,15,0
2026-09-15,EN,18,0
2026-09-15,EN,19,3
2026-09-15,FI,13,0
2026-09-15,FI,15,4
2026-09-15,FI,18,0
2026-09-15,FI,19,2
2026-09-15,IR,13,76
2026-09-15,IR,15,6
2026-09-15,IR,18,39
2026-09-15,IR,19,228
2026-09-15,IS,13,77
2026-09-15,IS,15,15
2026-09-15,IS,18,66
2026-09-15,IS,19,373
2026-09-15,LE,13,9
2026-09-15,LE,15,7
2026-09-15,LE,18,5
2026-09-15,LE,19,49
2026-09-15,LG,13,3
2026-09-15,LG,15,2
2026-09-15,LG,18,0
2026-09-15,LG,19,7
2026-09-15,LH,13,16
2026-09-15,LH,15,9
2026-09-15,LH,18,2
2026-09-15,LH,19,92
2026-09-15,MD,13,6
2026-09-15,MD,15,0
2026-09-15,MD,18,0
2026-09-15,MD,19,5
2026-09-15,PL,13,20
2026-09-15,PL,15,6
2026-09-15,PL,18,4
2026-09-15,PL,19,25
2026-09-15,RO,13,4
2026-09-15,RO,15,0
2026-09-15,RO,18,3
2026-09-15,RO,19,7
2026-09-15,UP,13,62
2026-09-15,UP,15,10
2026-09-15,UP,18,41
2026-09-15,UP,19,250
2026-09-15,YM,13,40
2026-09-15,YM,15,8
2026-09-15,YM,18,14
2026-09-15,YM,19,190
2026-09-14,BO,13,0
2026-09-14,BO,15,0
2026-09-14,BO,18,0
2026-09-14,BO,19,2
2026-09-14,EN,13,1
2026-09-14,EN,15,1
2026-09-14,EN,18,0
2026-09-14,EN,19,3
2026-09-14,FI,13,3
2026-09-14,FI,15,5
2026-09-14,FI,18,0
2026-09-14,FI,19,2
2026-09-14,IR,13,58
2026-09-14,IR,15,1
2026-09-14,IR,18,56
2026-09-14,IR,19,287
2026-09-14,IS,13,78
2026-09-14,IS,15,5
2026-09-14,IS,18,74
2026-09-14,IS,19,382
2026-09-14,LE,13,9
2026-09-14,LE,15,1
2026-09-14,LE,18,3
2026-09-14,LE,19,48
2026-09-14,LG,13,4
2026-09-14,LG,15,0
2026-09-14,LG,18,1
2026-09-14,LG,19,0
2026-09-14,LH,13,6
2026-09-14,LH,15,1
2026-09-14,LH,18,0
2026-09-14,LH,19,10
2026-09-14,MD,13,2
2026-09-14,MD,15,1
2026-09-14,MD,18,0
2026-09-14,MD,19,3
2026-09-14,PL,13,21
2026-09-14,PL,15,11
2026-09-14,PL,18,2
2026-09-14,PL,19,44
2026-09-14,RO,13,0
2026-09-14,RO,15,0
2026-09-14,RO,18,2
2026-09-14,RO,19,3
2026-09-14,UP,13,63
2026-09-14,UP,15,11
2026-09-14,UP,18,40
2026-09-14,UP,19,237
2026-09-14,YM,13,19
2026-09-14,YM,15,11
2026-09-14,YM,18,9
2026-09-14,YM,19,139
2026-09-13,BO,13,1
2026-09-13,BO,15,0
2026-09-13,BO,18,0
2026-09-13,BO,19,8
2026-09-13,EN,13,2
2026-09-13,EN,15,0
2026-09-13,EN,18,0
2026-09-13,EN,19,0
2026-09-13,FI,13,1
2026-09-13,FI,15,0
2026-09-13,FI,18,0
2026-09-13,FI,19,0
2026-09-13,IR,13,49
2026-09-13,IR,15,5
2026-09-13,IR,18,19
2026-09-13,IR,19,187
2026-09-13,IS,13,60
2026-09-13,IS,15,4
2026-09-13,IS,18,64
2026-09-13,IS,19,205
2026-09-13,LE,13,13
2026-09-13,LE,15,0
2026-09-13,LE,18,2
2026-09-13,LE,19,15
2026-09-13,LG,13,1
2026-09-13,LG,15,1
2026-09-13,LG,18,0
2026-09-13,LG,19,2
2026-09-13,LH,13,6
2026-09-13,LH,15,1
2026-09-13,LH,18,0
2026-09-13,LH,19,9
2026-09-13,MD,13,1
2026-09-13,MD,15,0
2026-09-13,MD,18,0
2026-09-13,MD,19,1
2026-09-13,PL,13,11
2026-09-13,PL,15,1
2026-09-13,PL,18,2
2026-09-13,PL,19,43
2026-09-13,RO,13,1
2026-09-13,RO,15,0
2026-09-13,RO,18,4
2026-09-13,RO,19,3
2026-09-13,UP,13,52
2026-09-13,UP,15,8
2026-09-13,UP,18,37
2026-09-13,UP,19,228
2026-09-13,YM,13,35
2026-09-13,YM,15,8
2026-09-13,YM,18,10
2026-09-13,YM,19,136
2026-09-12,BO,13,0
2026-09-12,BO,15,4
2026-09-12,BO,18,0
2026-09-12,BO,19,1
2026-09-12,EN,13,1
2026-09-12,EN,15,0
2026-09-12,EN,18,0
2026-09-12,EN,19,2
2026-09-12,FI,13,0
2026-09-12,FI,15,0
2026-09-12,FI,18,0
2026-09-12,FI,19,4
2026-09-12,IR,13,47
2026-09-12,IR,15,4
2026-09-12,IR,18,15
2026-09-12,IR,19,230
2026-09-12,IS,13,48
2026-09-12,IS,15,12
2026-09-12,IS,18,61
2026-09-12,IS,19,226
2026-09-12,LE,13,5
2026-09-12,LE,15,0
2026-09-12,LE,18,4
2026-09-12,LE,19,21
2026-09-12,LG,13,0
2026-09-12,LG,15,0
2026-09-12,LG,18,0
2026-09-12,LG,19,0
2026-09-12,LH,13,1
2026-09-12,LH,15,3
2026-09-12,LH,18,0
2026-09-12,LH,19,0
2026-09-12,MD,13,3
2026-09-12,MD,15,0
2026-09-12,MD,18,1
2026-09-12,MD,19,24
2026-09-12,PL,13,3
2026-09-12,PL,15,1
2026-09-12,PL,18,0
2026-09-12,PL,19,16
2026-09-12,RO,13,1
2026-09-12,RO,15,2
2026-09-12,RO,18,1
2026-09-12,RO,19,10
2026-09-12,UP,13,53
2026-09-12,UP,15,3
2026-09-12,UP,18,42
2026-09-12,UP,19,183
2026-09-12,YM,13,21
2026-09-12,YM,15,10
2026-09-12,YM,18,8
2026-09-12,YM,19,151
2026-09-11,BO,13,1
2026-09-11,BO,15,7
2026-09-11,BO,18,0
2026-09-11,BO,19,11
2026-09-11,EN,13,0
2026-09-11,EN,15,0
2026-09-11,EN,18,0
2026-09-11,EN,19,1
2026-09-11,FI,13,0
2026-09-11,FI,15,0
2026-09-11,FI,18,1
2026-09-11,FI,19,4
2026-09-11,IR,13,126
2026-09-11,IR,15,16
2026-09-11,IR,18,23
2026-09-11,IR,19,299
2026-09-11,IS,13,94
2026-09-11,IS,15,21
2026-09-11,IS,18,68
2026-09-11,IS,19,288
2026-09-11,LE,13,8
2026-09-11,LE,15,3
2026-09-11,LE,18,5
2026-09-11,LE,19,59
2026-09-11,LG,13,2
2026-09-11,LG,15,6
2026-09-11,LG,18,0
2026-09-11,LG,19,2
2026-09-11,LH,13,3
2026-09-11,LH,15,5
2026-09-11,LH,18,1
2026-09-11,LH,19,3
2026-09-11,MD,13,1
2026-09-11,MD,15,0
2026-09-11,MD,18,0
2026-09-11,MD,19,5
2026-09-11,PL,13,5
2026-09-11,PL,15,0
2026-09-11,PL,18,2
2026-09-11,PL,19,11
2026-09-11,RO,13,0
2026-09-11,RO,15,0
2026-09-11,RO,18,5
2026-09-11,RO,19,22
2026-09-11,UP,13,31
2026-09-11,UP,15,13
2026-09-11,UP,18,79
2026-09-11,UP,19,190
2026-09-11,YM,13,46
2026-09-11,YM,15,9
2026-09-11,YM,18,16
2026-09-11,YM,19,223
2026-09-10,BO,13,3
2026-09-10,BO,15,0
2026-09-10,BO,18,0
2026-09-10,BO,19,2
2026-09-10,EN,13,8
2026-09-10,EN,15,2
2026-09-10,EN,18,0
2026-09-10,EN,19,7
2026-09-10,FI,13,0
2026-09-10,FI,15,0
2026-09-10,FI,18,0
2026-09-10,FI,19,1
2026-09-10,IR,13,177
2026-09-10,IR,15,15
2026-09-10,IR,18,36
2026-09-10,IR,19,381
2026-09-10,IS,13,159
2026-09-10,IS,15,18
2026-09-10,IS,18,66
2026-09-10,IS,19,373
2026-09-10,LE,13,18
2026-09-10,LE,15,4
2026-09-10,LE,18,7
2026-09-10,LE,19,35
2026-09-10,LG,13,1
2026-09-10,LG,15,1
2026-09-10,LG,18,0
2026-09-10,LG,19,1
2026-09-10,LH,13,3
2026-09-10,LH,15,1
2026-09-10,LH,18,2
2026-09-10,LH,19,3
2026-09-10,MD,13,11
2026-09-10,MD,15,0
2026-09-10,MD,18,4
2026-09-10,MD,19,15
2026-09-10,PL,13,4
2026-09-10,PL,15,4
2026-09-10,PL,18,3
2026-09-10,PL,19,19
2026-09-10,RO,13,5
2026-09-10,RO,15,1
2026-09-10,RO,18,6
2026-09-10,RO,19,47
2026-09-10,UP,13,68
2026-09-10,UP,15,16
2026-09-10,UP,18,54
2026-09-10,UP,19,223
2026-09-10,YM,13,46
2026-09-10,YM,15,10
2026-09-10,YM,18,20
2026-09-10,YM,19,239
2026-09-09,BO,13,0
2026-09-09,BO,15,0
2026-09-09,BO,18,0
2026-09-09,BO,19,0
2026-09-09,EN,13,0
2026-09-09,EN,15,0
2026-09-09,EN,18,0
2026-09-09,EN,19,0
2026-09-09,FI,13,0
2026-09-09,FI,15,1
2026-09-09,FI,18,0
2026-09-09,FI,19,1
2026-09-09,IR,13,278
2026-09-09,IR,15,9
2026-09-09,IR,18,38
2026-09-09,IR,19,696
2026-09-09,IS,13,226
2026-09-09,IS,15,57
2026-09-09,IS,18,98
2026-09-09,IS,19,409
2026-09-09,LE,13,7
2026-09-09,LE,15,6
2026-09-09,LE,18,3
2026-09-09,LE,19,36
2026-09-09,LG,13,0
2026-09-09,LG,15,0
2026-09-09,LG,18,1
2026-09-09,LG,19,1
2026-09-09,LH,13,0
2026-09-09,LH,15,2
2026-09-09,LH,18,0
2026-09-09,LH,19,5
2026-09-09,MD,13,3
2026-09-09,MD,15,1
2026-09-09,MD,18,5
2026-09-09,MD,19,12
2026-09-09,PL,13,6
2026-09-09,PL,15,0
2026-09-09,PL,18,2
2026-09-09,PL,19,13
2026-09-09,RO,13,2
2026-09-09,RO,15,0
2026-09-09,RO,18,2
2026-09-09,RO,19,13
2026-09-09,UP,13,67
2026-09-09,UP,15,15
2026-09-09,UP,18,53
2026-09-09,UP,19,218
2026-09-09,YM,13,24
2026-09-09,YM,15,3
2026-09-09,YM,18,18
2026-09-09,YM,19,148
2026-09-08,BO,13,0
2026-09-08,BO,15,0
2026-09-08,BO,18,1
2026-09-08,BO,19,4
2026-09-08,EN,13,0
2026-09-08,EN,15,0
2026-09-08,EN,18,0
2026-09-08,EN,19,0
2026-09-08,FI,13,0
2026-09-08,FI,15,4
2026-09-08,FI,18,0
2026-09-08,FI,19,7
2026-09-08,IR,13,184
2026-09-08,IR,15,5
2026-09-08,IR,18,26
2026-09-08,IR,19,384
2026-09-08,IS,13,348
2026-09-08,IS,15,24
2026-09-08,IS,18,118
2026-09-08,IS,19,492
2026-09-08,LE,13,8
2026-09-08,LE,15,2
2026-09-08,LE,18,7
2026-09-08,LE,19,63
2026-09-08,LG,13,0
2026-09-08,LG,15,0
2026-09-08,LG,18,1
2026-09-08,LG,19,3
2026-09-08,LH,13,1
2026-09-08,LH,15,0
2026-09-08,LH,18,0
2026-09-08,LH,19,8
2026-09-08,MD,13,1
2026-09-08,MD,15,0
2026-09-08,MD,18,2
2026-09-08,MD,19,2
2026-09-08,PL,13,3
2026-09-08,PL,15,5
2026-09-08,PL,18,2
2026-09-08,PL,19,16
2026-09-08,RO,13,4
2026-09-08,RO,15,1
2026-09-08,RO,18,1
2026-09-08,RO,19,3
2026-09-08,UP,13,74
2026-09-08,UP,15,20
2026-09-08,UP,18,25
2026-09-08,UP,19,246
2026-09-08,YM,13,42
2026-09-08,YM,15,1
2026-09-08,YM,18,12
2026-09-08,YM,19,209
2026-09-07,BO,13,0
2026-09-07,BO,15,2
2026-09-07,BO,18,0
2026-09-07,BO,19,0
2026-09-07,EN,13,0
2026-09-07,EN,15,0
2026-09-07,EN,18,0
2026-09-07,EN,19,0
2026-09-07,FI,13,1
2026-09-07,FI,15,0
2026-09-07,FI,18,0
2026-09-07,FI,19,1
2026-09-07,IR,13,153
2026-09-07,IR,15,13
2026-09-07,IR,18,33
2026-09-07,IR,19,325
2026-09-07,IS,13,158
2026-09-07,IS,15,22
2026-09-07,IS,18,48
2026-09-07,IS,19,449
2026-09-07,LE,13,27
2026-09-07,LE,15,0
2026-09-07,LE,18,15
2026-09-07,LE,19,140
2026-09-07,LG,13,0
2026-09-07,LG,15,0
2026-09-07,LG,18,0
2026-09-07,LG,19,2
2026-09-07,LH,13,0
2026-09-07,LH,15,1
2026-09-07,LH,18,0
2026-09-07,LH,19,8
2026-09-07,MD,13,0
2026-09-07,MD,15,0
2026-09-07,MD,18,0
2026-09-07,MD,19,0
2026-09-07,PL,13,2
2026-09-07,PL,15,1
2026-09-07,PL,18,0
2026-09-07,PL,19,4
2026-09-07,RO,13,1
2026-09-07,RO,15,0
2026-09-07,RO,18,2
2026-09-07,RO,19,0
2026-09-07,UP,13,41
2026-09-07,UP,15,14
2026-09-07,UP,18,18
2026-09-07,UP,19,157
2026-09-07,YM,13,23
2026-09-07,YM,15,1
2026-09-07,YM,18,7
2026-09-07,YM,19,123
2026-09-06,BO,13,0
2026-09-06,BO,15,0
2026-09-06,BO,18,0
2026-09-06,BO,19,3
2026-09-06,EN,13,0
2026-09-06,EN,15,1
2026-09-06,EN,18,0
2026-09-06,EN,19,0
2026-09-06,FI,13,0
2026-09-06,FI,15,0
2026-09-06,FI,18,0
2026-09-06,FI,19,0
2026-09-06,IR,13,195
2026-09-06,IR,15,9
2026-09-06,IR,18,27
2026-09-06,IR,19,329
2026-09-06,IS,13,143
2026-09-06,IS,15,10
2026-09-06,IS,18,47
2026-09-06,IS,19,301
2026-09-06,LE,13,18
2026-09-06,LE,15,1
2026-09-06,LE,18,15
2026-09-06,LE,19,87
2026-09-06,LG,13,1
2026-09-06,LG,15,0
2026-09-06,LG,18,0
2026-09-06,LG,19,0
2026-09-06,LH,13,0
2026-09-06,LH,15,0
2026-09-06,LH,18,0
2026-09-06,LH,19,0
2026-09-06,MD,13,0
2026-09-06,MD,15,0
2026-09-06,MD,18,0
2026-09-06,MD,19,0
2026-09-06,PL,13,0
2026-09-06,PL,15,4
2026-09-06,PL,18,0
2026-09-06,PL,19,7
2026-09-06,RO,13,0
2026-09-06,RO,15,1
2026-09-06,RO,18,0
2026-09-06,RO,19,2
2026-09-06,UP,13,43
2026-09-06,UP,15,6
2026-09-06,UP,18,18
2026-09-06,UP,19,184
2026-09-06,YM,13,5
2026-09-06,YM,15,0
2026-09-06,YM,18,3
2026-09-06,YM,19,80
2026-09-05,BO,13,0
2026-09-05,BO,15,0
2026-09-05,BO,18,0
2026-09-05,BO,19,3
2026-09-05,EN,13,0
2026-09-05,EN,15,1
2026-09-05,EN,18,0
2026-09-05,EN,19,0
2026-09-05,FI,13,0
2026-09-05,FI,15,2
2026-09-05,FI,18,0
2026-09-05,FI,19,0
2026-09-05,IR,13,207
2026-09-05,IR,15,6
2026-09-05,IR,18,45
2026-09-05,IR,19,433
2026-09-05,IS,13,69
2026-09-05,IS,15,9
2026-09-05,IS,18,63
2026-09-05,IS,19,224
2026-09-05,LE,13,2
2026-09-05,LE,15,3
2026-09-05,LE,18,9
2026-09-05,LE,19,27
2026-09-05,LG,13,3
2026-09-05,LG,15,0
2026-09-05,LG,18,0
2026-09-05,LG,19,4
2026-09-05,LH,13,0
2026-09-05,LH,15,0
2026-09-05,LH,18,0
2026-09-05,LH,19,0
2026-09-05,MD,13,0
2026-09-05,MD,15,0
2026-09-05,MD,18,0
2026-09-05,MD,19,0
2026-09-05,PL,13,2
2026-09-05,PL,15,0
2026-09-05,PL,18,1
2026-09-05,PL,19,13
2026-09-05,RO,13,2
2026-09-05,RO,15,1
2026-09-05,RO,18,1
2026-09-05,RO,19,4
2026-09-05,UP,13,73
2026-09-05,UP,15,10
2026-09-05,UP,18,36
2026-09-05,UP,19,154
2026-09-05,YM,13,7
2026-09-05,YM,15,0
2026-09-05,YM,18,9
2026-09-05,YM,19,104
2026-09-04,BO,13,6
2026-09-04,BO,15,0
2026-09-04,BO,18,0
2026-09-04,BO,19,3
2026-09-04,EN,13,1
2026-09-04,EN,15,0
2026-09-04,EN,18,0
2026-09-04,EN,19,11
2026-09-04,FI,13,0
2026-09-04,FI,15,2
2026-09-04,FI,18,1
2026-09-04,FI,19,5
2026-09-04,IR,13,117
2026-09-04,IR,15,9
2026-09-04,IR,18,34
2026-09-04,IR,19,368
2026-09-04,IS,13,87
2026-09-04,IS,15,13
2026-09-04,IS,18,90
2026-09-04,IS,19,351
2026-09-04,LE,13,7
2026-09-04,LE,15,5
2026-09-04,LE,18,12
2026-09-04,LE,19,48
2026-09-04,LG,13,0
2026-09-04,LG,15,0
2026-09-04,LG,18,0
2026-09-04,LG,19,3
2026-09-04,LH,13,1
2026-09-04,LH,15,1
2026-09-04,LH,18,0
2026-09-04,LH,19,4
2026-09-04,MD,13,0
2026-09-04,MD,15,0
2026-09-04,MD,18,0
2026-09-04,MD,19,0
2026-09-04,PL,13,8
2026-09-04,PL,15,2
2026-09-04,PL,18,2
2026-09-04,PL,19,10
2026-09-04,RO,13,4
2026-09-04,RO,15,2
2026-09-04,RO,18,8
2026-09-04,RO,19,7
2026-09-04,UP,13,60
2026-09-04,UP,15,13
2026-09-04,UP,18,48
2026-09-04,UP,19,223
2026-09-04,YM,13,3
2026-09-04,YM,15,1
2026-09-04,YM,18,0
2026-09-04,YM,19,137
2026-09-03,BO,13,0
2026-09-03,BO,15,0
2026-09-03,BO,18,0
2026-09-03,BO,19,1
2026-09-03,EN,13,1
2026-09-03,EN,15,0
2026-09-03,EN,18,0
2026-09-03,EN,19,3
2026-09-03,FI,13,0
2026-09-03,FI,15,0
2026-09-03,FI,18,0
2026-09-03,FI,19,0
2026-09-03,IR,13,196
2026-09-03,IR,15,11
2026-09-03,IR,18,40
2026-09-03,IR,19,707
2026-09-03,IS,13,123
2026-09-03,IS,15,11
2026-09-03,IS,18,82
2026-09-03,IS,19,457
2026-09-03,LE,13,10
2026-09-03,LE,15,2
2026-09-03,LE,18,15
2026-09-03,LE,19,61
2026-09-03,LG,13,0
2026-09-03,LG,15,1
2026-09-03,LG,18,0
2026-09-03,LG,19,1
2026-09-03,LH,13,1
2026-09-03,LH,15,1
2026-09-03,LH,18,1
2026-09-03,LH,19,0
2026-09-03,MD,13,0
2026-09-03,MD,15,2
2026-09-03,MD,18,0
2026-09-03,MD,19,0
2026-09-03,PL,13,9
2026-09-03,PL,15,0
2026-09-03,PL,18,0
2026-09-03,PL,19,10
2026-09-03,RO,13,2
2026-09-03,RO,15,4
2026-09-03,RO,18,0
2026-09-03,RO,19,2
2026-09-03,UP,13,68
2026-09-03,UP,15,5
2026-09-03,UP,18,42
2026-09-03,UP,19,260
2026-09-03,YM,13,1
2026-09-03,YM,15,0
2026-09-03,YM,18,0
2026-09-03,YM,19,70
2026-09-02,BO,13,0
2026-09-02,BO,15,0
2026-09-02,BO,18,0
2026-09-02,BO,19,0
2026-09-02,EN,13,0
2026-09-02,EN,15,0
2026-09-02,EN,18,0
2026-09-02,EN,19,2
2026-09-02,FI,13,0
2026-09-02,FI,15,0
2026-09-02,FI,18,1
2026-09-02,FI,19,4
2026-09-02,IR,13,267
2026-09-02,IR,15,9
2026-09-02,IR,18,46
2026-09-02,IR,19,976
2026-09-02,IS,13,111
2026-09-02,IS,15,13
2026-09-02,IS,18,79
2026-09-02,IS,19,396
2026-09-02,LE,13,6
2026-09-02,LE,15,2
2026-09-02,LE,18,4
2026-09-02,LE,19,47
2026-09-02,LG,13,0
2026-09-02,LG,15,0
2026-09-02,LG,18,0
2026-09-02,LG,19,0
2026-09-02,LH,13,1
2026-09-02,LH,15,4
2026-09-02,LH,18,0
2026-09-02,LH,19,4
2026-09-02,MD,13,0
2026-09-02,MD,15,2
2026-09-02,MD,18,0
2026-09-02,MD,19,2
2026-09-02,PL,13,3
2026-09-02,PL,15,0
2026-09-02,PL,18,1
2026-09-02,PL,19,17
2026-09-02,RO,13,3
2026-09-02,RO,15,0
2026-09-02,RO,18,2
2026-09-02,RO,19,9
2026-09-02,UP,13,85
2026-09-02,UP,15,10
2026-09-02,UP,18,34
2026-09-02,UP,19,205
2026-09-02,YM,13,4
2026-09-02,YM,15,0
2026-09-02,YM,18,4
2026-09-02,YM,19,39
2026-09-01,BO,13,0
2026-09-01,BO,15,0
2026-09-01,BO,18,0
2026-09-01,BO,19,0
2026-09-01,EN,13,2
2026-09-01,EN,15,2
2026-09-01,EN,18,0
2026-09-01,EN,19,11
2026-09-01,FI,13,1
2026-09-01,FI,15,0
2026-09-01,FI,18,0
2026-09-01,FI,19,3
2026-09-01,IR,13,243
2026-09-01,IR,15,21
2026-09-01,IR,18,48
2026-09-01,IR,19,565
2026-09-01,IS,13,112
2026-09-01,IS,15,11
2026-09-01,IS,18,106
2026-09-01,IS,19,375
2026-09-01,LE,13,7
2026-09-01,LE,15,2
2026-09-01,LE,18,2
2026-09-01,LE,19,24
2026-09-01,LG,13,5
2026-09-01,LG,15,2
2026-09-01,LG,18,0
2026-09-01,LG,19,14
2026-09-01,LH,13,0
2026-09-01,LH,15,0
2026-09-01,LH,18,0
2026-09-01,LH,19,0
2026-09-01,MD,13,0
2026-09-01,MD,15,0
2026-09-01,MD,18,0
2026-09-01,MD,19,0
2026-09-01,PL,13,3
2026-09-01,PL,15,0
2026-09-01,PL,18,0
2026-09-01,PL,19,19
2026-09-01,RO,13,6
2026-09-01,RO,15,0
2026-09-01,RO,18,1
2026-09-01,RO,19,13
2026-09-01,UP,13,57
2026-09-01,UP,15,15
2026-09-01,UP,18,43
2026-09-01,UP,19,297
2026-09-01,YM,13,5
2026-09-01,YM,15,0
2026-09-01,YM,18,1
2026-09-01,YM,19,29
2026-08-31,BO,13,0
2026-08-31,BO,15,0
2026-08-31,BO,18,0
2026-08-31,BO,19,0
2026-08-31,EN,13,0
2026-08-31,EN,15,0
2026-08-31,EN,18,1
2026-08-31,EN,19,1
2026-08-31,FI,13,0
2026-08-31,FI,15,1
2026-08-31,FI,18,3
2026-08-31,FI,19,3
2026-08-31,IR,13,226
2026-08-31,IR,15,10
2026-08-31,IR,18,38
2026-08-31,IR,19,532
2026-08-31,IS,13,119
2026-08-31,IS,15,15
2026-08-31,IS,18,109
2026-08-31,IS,19,477
2026-08-31,LE,13,2
2026-08-31,LE,15,0
2026-08-31,LE,18,0
2026-08-31,LE,19,29
2026-08-31,LG,13,0
2026-08-31,LG,15,1
2026-08-31,LG,18,0
2026-08-31,LG,19,2
2026-08-31,LH,13,0
2026-08-31,LH,15,0
2026-08-31,LH,18,0
2026-08-31,LH,19,1
2026-08-31,MD,13,0
2026-08-31,MD,15,0
2026-08-31,MD,18,0
2026-08-31,MD,19,0
2026-08-31,PL,13,5
2026-08-31,PL,15,1
2026-08-31,PL,18,0
2026-08-31,PL,19,19
2026-08-31,RO,13,3
2026-08-31,RO,15,0
2026-08-31,RO,18,2
2026-08-31,RO,19,7
2026-08-31,UP,13,27
2026-08-31,UP,15,14
2026-08-31,UP,18,42
2026-08-31,UP,19,169
2026-08-31,YM,13,1
2026-08-31,YM,15,3
2026-08-31,YM,18,7
2026-08-31,YM,19,13
2026-08-30,BO,13,0
2026-08-30,BO,15,0
2026-08-30,BO,18,0
2026-08-30,BO,19,0
2026-08-30,EN,13,0
2026-08-30,EN,15,0
2026-08-30,EN,18,0
2026-08-30,EN,19,0
2026-08-30,FI,13,2
2026-08-30,FI,15,0
2026-08-30,FI,18,0
2026-08-30,FI,19,1
2026-08-30,IR,13,99
2026-08-30,IR,15,4
2026-08-30,IR,18,25
2026-08-30,IR,19,112
2026-08-30,IS,13,61
2026-08-30,IS,15,14
2026-08-30,IS,18,115
2026-08-30,IS,19,385
2026-08-30,LE,13,4
2026-08-30,LE,15,3
2026-08-30,LE,18,1
2026-08-30,LE,19,23
2026-08-30,LG,13,0
2026-08-30,LG,15,0
2026-08-30,LG,18,0
2026-08-30,LG,19,0
2026-08-30,LH,13,0
2026-08-30,LH,15,0
2026-08-30,LH,18,0
2026-08-30,LH,19,1
2026-08-30,MD,13,0
2026-08-30,MD,15,0
2026-08-30,MD,18,0
2026-08-30,MD,19,0
2026-08-30,PL,13,0
2026-08-30,PL,15,0
2026-08-30,PL,18,1
2026-08-30,PL,19,3
2026-08-30,RO,13,1
2026-08-30,RO,15,0
2026-08-30,RO,18,3
2026-08-30,RO,19,0
2026-08-30,UP,13,28
2026-08-30,UP,15,0
2026-08-30,UP,18,23
2026-08-30,UP,19,121
2026-08-30,YM,13,1
2026-08-30,YM,15,0
2026-08-30,YM,18,5
2026-08-30,YM,19,15
2026-08-29,BO,13,0
2026-08-29,BO,15,0
2026-08-29,BO,18,0
2026-08-29,BO,19,4
2026-08-29,EN,13,1
2026-08-29,EN,15,0
2026-08-29,EN,18,0
2026-08-29,EN,19,0
2026-08-29,FI,13,0
2026-08-29,FI,15,0
2026-08-29,FI,18,0
2026-08-29,FI,19,0
2026-08-29,IR,13,49
2026-08-29,IR,15,2
2026-08-29,IR,18,29
2026-08-29,IR,19,79
2026-08-29,IS,13,54
2026-08-29,IS,15,15
2026-08-29,IS,18,112
2026-08-29,IS,19,328
2026-08-29,LE,13,2
2026-08-29,LE,15,0
2026-08-29,LE,18,6
2026-08-29,LE,19,20
2026-08-29,LG,13,1
2026-08-29,LG,15,0
2026-08-29,LG,18,0
2026-08-29,LG,19,0
2026-08-29,LH,13,1
2026-08-29,LH,15,0
2026-08-29,LH,18,0
2026-08-29,LH,19,0
2026-08-29,MD,13,0
2026-08-29,MD,15,0
2026-08-29,MD,18,0
2026-08-29,MD,19,1
2026-08-29,PL,13,5
2026-08-29,PL,15,3
2026-08-29,PL,18,3
2026-08-29,PL,19,9
2026-08-29,RO,13,0
2026-08-29,RO,15,0
2026-08-29,RO,18,0
2026-08-29,RO,19,0
2026-08-29,UP,13,33
2026-08-29,UP,15,6
2026-08-29,UP,18,31
2026-08-29,UP,19,199
2026-08-29,YM,13,0
2026-08-29,YM,15,0
2026-08-29,YM,18,0
2026-08-29,YM,19,8
2026-08-28,BO,13,4
2026-08-28,BO,15,0
2026-08-28,BO,18,1
2026-08-28,BO,19,0
2026-08-28,EN,13,2
2026-08-28,EN,15,0
2026-08-28,EN,18,0
2026-08-28,EN,19,0
2026-08-28,FI,13,1
2026-08-28,FI,15,5
2026-08-28,FI,18,0
2026-08-28,FI,19,4
2026-08-28,IR,13,87
2026-08-28,IR,15,8
2026-08-28,IR,18,36
2026-08-28,IR,19,111
2026-08-28,IS,13,136
2026-08-28,IS,15,10
2026-08-28,IS,18,74
2026-08-28,IS,19,366
2026-08-28,LE,13,9
2026-08-28,LE,15,9
2026-08-28,LE,18,5
2026-08-28,LE,19,18
2026-08-28,LG,13,1
2026-08-28,LG,15,1
2026-08-28,LG,18,0
2026-08-28,LG,19,5
2026-08-28,LH,13,1
2026-08-28,LH,15,2
2026-08-28,LH,18,0
2026-08-28,LH,19,6
2026-08-28,MD,13,0
2026-08-28,MD,15,0
2026-08-28,MD,18,0
2026-08-28,MD,19,3
2026-08-28,PL,13,3
2026-08-28,PL,15,2
2026-08-28,PL,18,2
2026-08-28,PL,19,8
2026-08-28,RO,13,2
2026-08-28,RO,15,1
2026-08-28,RO,18,0
2026-08-28,RO,19,8
2026-08-28,UP,13,37
2026-08-28,UP,15,10
2026-08-28,UP,18,31
2026-08-28,UP,19,194
2026-08-28,YM,13,0
2026-08-28,YM,15,0
2026-08-28,YM,18,0
2026-08-28,YM,19,3
2026-08-27,BO,13,3
2026-08-27,BO,15,0
2026-08-27,BO,18,2
2026-08-27,BO,19,1
2026-08-27,EN,13,4
2026-08-27,EN,15,0
2026-08-27,EN,18,0
2026-08-27,EN,19,0
2026-08-27,FI,13,1
2026-08-27,FI,15,1
2026-08-27,FI,18,0
2026-08-27,FI,19,3
2026-08-27,IR,13,79
2026-08-27,IR,15,11
2026-08-27,IR,18,30
2026-08-27,IR,19,144
2026-08-27,IS,13,120
2026-08-27,IS,15,19
2026-08-27,IS,18,74
2026-08-27,IS,19,337
2026-08-27,LE,13,6
2026-08-27,LE,15,0
2026-08-27,LE,18,3
2026-08-27,LE,19,63
2026-08-27,LG,13,1
2026-08-27,LG,15,0
2026-08-27,LG,18,0
2026-08-27,LG,19,2
2026-08-27,LH,13,3
2026-08-27,LH,15,0
2026-08-27,LH,18,0
2026-08-27,LH,19,0
2026-08-27,MD,13,1
2026-08-27,MD,15,3
2026-08-27,MD,18,2
2026-08-27,MD,19,14
2026-08-27,PL,13,7
2026-08-27,PL,15,5
2026-08-27,PL,18,1
2026-08-27,PL,19,11
2026-08-27,RO,13,2
2026-08-27,RO,15,5
2026-08-27,RO,18,1
2026-08-27,RO,19,15
2026-08-27,UP,13,78
2026-08-27,UP,15,25
2026-08-27,UP,18,39
2026-08-27,UP,19,233
2026-08-27,YM,13,1
2026-08-27,YM,15,0
2026-08-27,YM,18,2
2026-08-27,YM,19,35
2026-08-26,BO,13,6
2026-08-26,BO,15,0
2026-08-26,BO,18,2
2026-08-26,BO,19,13
2026-08-26,EN,13,1
2026-08-26,EN,15,0
2026-08-26,EN,18,5
2026-08-26,EN,19,1
2026-08-26,FI,13,0
2026-08-26,FI,15,1
2026-08-26,FI,18,0
2026-08-26,FI,19,3
2026-08-26,IR,13,124
2026-08-26,IR,15,9
2026-08-26,IR,18,57
2026-08-26,IR,19,155
2026-08-26,IS,13,91
2026-08-26,IS,15,18
2026-08-26,IS,18,86
2026-08-26,IS,19,317
2026-08-26,LE,13,7
2026-08-26,LE,15,2
2026-08-26,LE,18,0
2026-08-26,LE,19,19
2026-08-26,LG,13,0
2026-08-26,LG,15,0
2026-08-26,LG,18,4
2026-08-26,LG,19,6
2026-08-26,LH,13,4
2026-08-26,LH,15,1
2026-08-26,LH,18,0
2026-08-26,LH,19,2
2026-08-26,MD,13,0
2026-08-26,MD,15,0
2026-08-26,MD,18,0
2026-08-26,MD,19,0
2026-08-26,PL,13,16
2026-08-26,PL,15,2
2026-08-26,PL,18,0
2026-08-26,PL,19,7
2026-08-26,RO,13,3
2026-08-26,RO,15,2
2026-08-26,RO,18,4
2026-08-26,RO,19,14
2026-08-26,UP,13,55
2026-08-26,UP,15,11
2026-08-26,UP,18,36
2026-08-26,UP,19,188
2026-08-26,YM,13,3
2026-08-26,YM,15,0
2026-08-26,YM,18,6
2026-08-26,YM,19,42
2026-08-25,BO,13,0
2026-08-25,BO,15,1
2026-08-25,BO,18,0
2026-08-25,BO,19,4
2026-08-25,EN,13,3
2026-08-25,EN,15,1
2026-08-25,EN,18,1
2026-08-25,EN,19,3
2026-08-25,FI,13,2
2026-08-25,FI,15,1
2026-08-25,FI,18,1
2026-08-25,FI,19,6
2026-08-25,IR,13,171
2026-08-25,IR,15,18
2026-08-25,IR,18,55
2026-08-25,IR,19,131
2026-08-25,IS,13,148
2026-08-25,IS,15,17
2026-08-25,IS,18,110
2026-08-25,IS,19,430
2026-08-25,LE,13,4
2026-08-25,LE,15,8
2026-08-25,LE,18,3
2026-08-25,LE,19,16
2026-08-25,LG,13,0
2026-08-25,LG,15,4
2026-08-25,LG,18,0
2026-08-25,LG,19,2
2026-08-25,LH,13,0
2026-08-25,LH,15,2
2026-08-25,LH,18,0
2026-08-25,LH,19,0
2026-08-25,MD,13,0
2026-08-25,MD,15,0
2026-08-25,MD,18,0
2026-08-25,MD,19,1
2026-08-25,PL,13,2
2026-08-25,PL,15,1
2026-08-25,PL,18,3
2026-08-25,PL,19,13
2026-08-25,RO,13,0
2026-08-25,RO,15,6
2026-08-25,RO,18,1
2026-08-25,RO,19,10
2026-08-25,UP,13,78
2026-08-25,UP,15,17
2026-08-25,UP,18,35
2026-08-25,UP,19,195
2026-08-25,YM,13,4
2026-08-25,YM,15,0
2026-08-25,YM,18,0
2026-08-25,YM,19,10
2026-08-24,BO,13,0
2026-08-24,BO,15,0
2026-08-24,BO,18,0
2026-08-24,BO,19,2
2026-08-24,EN,13,0
2026-08-24,EN,15,0
2026-08-24,EN,18,2
2026-08-24,EN,19,0
2026-08-24,FI,13,3
2026-08-24,FI,15,0
2026-08-24,FI,18,0
2026-08-24,FI,19,1
2026-08-24,IR,13,161
2026-08-24,IR,15,22
2026-08-24,IR,18,94
2026-08-24,IR,19,130
2026-08-24,IS,13,119
2026-08-24,IS,15,29
2026-08-24,IS,18,126
2026-08-24,IS,19,446
2026-08-24,LE,13,2
2026-08-24,LE,15,1
2026-08-24,LE,18,11
2026-08-24,LE,19,28
2026-08-24,LG,13,1
2026-08-24,LG,15,0
2026-08-24,LG,18,1
2026-08-24,LG,19,1
2026-08-24,LH,13,0
2026-08-24,LH,15,0
2026-08-24,LH,18,0
2026-08-24,LH,19,1
2026-08-24,MD,13,0
2026-08-24,MD,15,0
2026-08-24,MD,18,0
2026-08-24,MD,19,0
2026-08-24,PL,13,0
2026-08-24,PL,15,0
2026-08-24,PL,18,1
2026-08-24,PL,19,4
2026-08-24,RO,13,0
2026-08-24,RO,15,2
2026-08-24,RO,18,1
2026-08-24,RO,19,13
2026-08-24,UP,13,43
2026-08-24,UP,15,12
2026-08-24,UP,18,45
2026-08-24,UP,19,217
2026-08-24,YM,13,3
2026-08-24,YM,15,0
2026-08-24,YM,18,0
2026-08-24,YM,19,17
2026-08-23,BO,13,0
2026-08-23,BO,15,2
2026-08-23,BO,18,0
2026-08-23,BO,19,1
2026-08-23,EN,13,0
2026-08-23,EN,15,0
2026-08-23,EN,18,0
2026-08-23,EN,19,1
2026-08-23,FI,13,0
2026-08-23,FI,15,0
2026-08-23,FI,18,0
2026-08-23,FI,19,0
2026-08-23,IR,13,133
2026-08-23,IR,15,12
2026-08-23,IR,18,34
2026-08-23,IR,19,102
2026-08-23,IS,13,109
2026-08-23,IS,15,24
2026-08-23,IS,18,123
2026-08-23,IS,19,438
2026-08-23,LE,13,1
2026-08-23,LE,15,0
2026-08-23,LE,18,4
2026-08-23,LE,19,9
2026-08-23,LG,13,0
2026-08-23,LG,15,1
2026-08-23,LG,18,0
2026-08-23,LG,19,5
2026-08-23,LH,13,0
2026-08-23,LH,15,0
2026-08-23,LH,18,0
2026-08-23,LH,19,2
2026-08-23,MD,13,0
2026-08-23,MD,15,0
2026-08-23,MD,18,0
2026-08-23,MD,19,0
2026-08-23,PL,13,0
2026-08-23,PL,15,0
2026-08-23,PL,18,0
2026-08-23,PL,19,6
2026-08-23,RO,13,0
2026-08-23,RO,15,0
2026-08-23,RO,18,0
2026-08-23,RO,19,10
2026-08-23,UP,13,34
2026-08-23,UP,15,7
2026-08-23,UP,18,27
2026-08-23,UP,19,155
2026-08-23,YM,13,1
2026-08-23,YM,15,0
2026-08-23,YM,18,1
2026-08-23,YM,19,8
2026-08-22,BO,13,0
2026-08-22,BO,15,3
2026-08-22,BO,18,0
2026-08-22,BO,19,4
2026-08-22,EN,13,0
2026-08-22,EN,15,0
2026-08-22,EN,18,0
2026-08-22,EN,19,0
2026-08-22,FI,13,0
2026-08-22,FI,15,0
2026-08-22,FI,18,0
2026-08-22,FI,19,1
2026-08-22,IR,13,73
2026-08-22,IR,15,1
2026-08-22,IR,18,18
2026-08-22,IR,19,85
2026-08-22,IS,13,90
2026-08-22,IS,15,9
2026-08-22,IS,18,83
2026-08-22,IS,19,372
2026-08-22,LE,13,1
2026-08-22,LE,15,1
2026-08-22,LE,18,3
2026-08-22,LE,19,35
2026-08-22,LG,13,0
2026-08-22,LG,15,3
2026-08-22,LG,18,0
2026-08-22,LG,19,3
2026-08-22,LH,13,0
2026-08-22,LH,15,0
2026-08-22,LH,18,0
2026-08-22,LH,19,0
2026-08-22,MD,13,0
2026-08-22,MD,15,1
2026-08-22,MD,18,0
2026-08-22,MD,19,2
2026-08-22,PL,13,1
2026-08-22,PL,15,3
2026-08-22,PL,18,5
2026-08-22,PL,19,2
2026-08-22,RO,13,0
2026-08-22,RO,15,0
2026-08-22,RO,18,1
2026-08-22,RO,19,16
2026-08-22,UP,13,47
2026-08-22,UP,15,5
2026-08-22,UP,18,47
2026-08-22,UP,19,257
2026-08-22,YM,13,2
2026-08-22,YM,15,4
2026-08-22,YM,18,5
2026-08-22,YM,19,26
2026-08-21,BO,13,0
2026-08-21,BO,15,0
2026-08-21,BO,18,2
2026-08-21,BO,19,1
2026-08-21,EN,13,0
2026-08-21,EN,15,0
2026-08-21,EN,18,0
2026-08-21,EN,19,0
2026-08-21,FI,13,0
2026-08-21,FI,15,4
2026-08-21,FI,18,0
2026-08-21,FI,19,1
2026-08-21,IR,13,105
2026-08-21,IR,15,16
2026-08-21,IR,18,41
2026-08-21,IR,19,175
2026-08-21,IS,13,150
2026-08-21,IS,15,11
2026-08-21,IS,18,130
2026-08-21,IS,19,473
2026-08-21,LE,13,7
2026-08-21,LE,15,1
2026-08-21,LE,18,2
2026-08-21,LE,19,56
2026-08-21,LG,13,3
2026-08-21,LG,15,0
2026-08-21,LG,18,0
2026-08-21,LG,19,4
2026-08-21,LH,13,0
2026-08-21,LH,15,0
2026-08-21,LH,18,0
2026-08-21,LH,19,2
2026-08-21,MD,13,0
2026-08-21,MD,15,0
2026-08-21,MD,18,0
2026-08-21,MD,19,3
2026-08-21,PL,13,4
2026-08-21,PL,15,0
2026-08-21,PL,18,1
2026-08-21,PL,19,25
2026-08-21,RO,13,7
2026-08-21,RO,15,2
2026-08-21,RO,18,0
2026-08-21,RO,19,17
2026-08-21,UP,13,32
2026-08-21,UP,15,8
2026-08-21,UP,18,61
2026-08-21,UP,19,190
2026-08-21,YM,13,2
2026-08-21,YM,15,1
2026-08-21,YM,18,3
2026-08-21,YM,19,21
2026-08-20,BO,13,1
2026-08-20,BO,15,2
2026-08-20,BO,18,1
2026-08-20,BO,19,3
2026-08-20,EN,13,0
2026-08-20,EN,15,0
2026-08-20,EN,18,0
2026-08-20,EN,19,7
2026-08-20,FI,13,1
2026-08-20,FI,15,0
2026-08-20,FI,18,0
2026-08-20,FI,19,2
2026-08-20,IR,13,143
2026-08-20,IR,15,4
2026-08-20,IR,18,58
2026-08-20,IR,19,176
2026-08-20,IS,13,170
2026-08-20,IS,15,13
2026-08-20,IS,18,120
2026-08-20,IS,19,464
2026-08-20,LE,13,9
2026-08-20,LE,15,8
2026-08-20,LE,18,5
2026-08-20,LE,19,34
2026-08-20,LG,13,2
2026-08-20,LG,15,1
2026-08-20,LG,18,0
2026-08-20,LG,19,12
2026-08-20,LH,13,0
2026-08-20,LH,15,0
2026-08-20,LH,18,0
2026-08-20,LH,19,24
2026-08-20,MD,13,2
2026-08-20,MD,15,0
2026-08-20,MD,18,0
2026-08-20,MD,19,2
2026-08-20,PL,13,12
2026-08-20,PL,15,1
2026-08-20,PL,18,2
2026-08-20,PL,19,10
2026-08-20,RO,13,13
2026-08-20,RO,15,9
2026-08-20,RO,18,2
2026-08-20,RO,19,45
2026-08-20,UP,13,64
2026-08-20,UP,15,7
2026-08-20,UP,18,48
2026-08-20,UP,19,262
2026-08-20,YM,13,9
2026-08-20,YM,15,0
2026-08-20,YM,18,2
2026-08-20,YM,19,45
2026-08-19,BO,13,0
2026-08-19,BO,15,0
2026-08-19,BO,18,0
2026-08-19,BO,19,1
2026-08-19,EN,13,2
2026-08-19,EN,15,0
2026-08-19,EN,18,4
2026-08-19,EN,19,0
2026-08-19,FI,13,0
2026-08-19,FI,15,0
2026-08-19,FI,18,0
2026-08-19,FI,19,2
2026-08-19,IR,13,162
2026-08-19,IR,15,15
2026-08-19,IR,18,23
2026-08-19,IR,19,275
2026-08-19,IS,13,151
2026-08-19,IS,15,34
2026-08-19,IS,18,109
2026-08-19,IS,19,494
2026-08-19,LE,13,4
2026-08-19,LE,15,4
2026-08-19,LE,18,6
2026-08-19,LE,19,32
2026-08-19,LG,13,0
2026-08-19,LG,15,1
2026-08-19,LG,18,0
2026-08-19,LG,19,0
2026-08-19,LH,13,0
2026-08-19,LH,15,0
2026-08-19,LH,18,0
2026-08-19,LH,19,6
2026-08-19,MD,13,0
2026-08-19,MD,15,0
2026-08-19,MD,18,0
2026-08-19,MD,19,0
2026-08-19,PL,13,1
2026-08-19,PL,15,5
2026-08-19,PL,18,10
2026-08-19,PL,19,4
2026-08-19,RO,13,1
2026-08-19,RO,15,0
2026-08-19,RO,18,0
2026-08-19,RO,19,4
2026-08-19,UP,13,48
2026-08-19,UP,15,5
2026-08-19,UP,18,40
2026-08-19,UP,19,189
2026-08-19,YM,13,12
2026-08-19,YM,15,0
2026-08-19,YM,18,5
2026-08-19,YM,19,37
2026-08-18,BO,13,2
2026-08-18,BO,15,1
2026-08-18,BO,18,4
2026-08-18,BO,19,1
2026-08-18,EN,13,0
2026-08-18,EN,15,0
2026-08-18,EN,18,1
2026-08-18,EN,19,0
2026-08-18,FI,13,0
2026-08-18,FI,15,1
2026-08-18,FI,18,2
2026-08-18,FI,19,9
2026-08-18,IR,13,160
2026-08-18,IR,15,25
2026-08-18,IR,18,31
2026-08-18,IR,19,266
2026-08-18,IS,13,119
2026-08-18,IS,15,25
2026-08-18,IS,18,125
2026-08-18,IS,19,471
2026-08-18,LE,13,9
2026-08-18,LE,15,2
2026-08-18,LE,18,3
2026-08-18,LE,19,58
2026-08-18,LG,13,1
2026-08-18,LG,15,0
2026-08-18,LG,18,0
2026-08-18,LG,19,3
2026-08-18,LH,13,1
2026-08-18,LH,15,0
2026-08-18,LH,18,0
2026-08-18,LH,19,2
2026-08-18,MD,13,5
2026-08-18,MD,15,2
2026-08-18,MD,18,6
2026-08-18,MD,19,1
2026-08-18,PL,13,0
2026-08-18,PL,15,4
2026-08-18,PL,18,7
2026-08-18,PL,19,5
2026-08-18,RO,13,3
2026-08-18,RO,15,3
2026-08-18,RO,18,1
2026-08-18,RO,19,11
2026-08-18,UP,13,56
2026-08-18,UP,15,7
2026-08-18,UP,18,51
2026-08-18,UP,19,274
2026-08-18,YM,13,11
2026-08-18,YM,15,2
2026-08-18,YM,18,7
2026-08-18,YM,19,110
2026-08-17,BO,13,0
2026-08-17,BO,15,0
2026-08-17,BO,18,0
2026-08-17,BO,19,3
2026-08-17,EN,13,2
2026-08-17,EN,15,0
2026-08-17,EN,18,0
2026-08-17,EN,19,1
2026-08-17,FI,13,2
2026-08-17,FI,15,0
2026-08-17,FI,18,3
2026-08-17,FI,19,2
2026-08-17,IR,13,170
2026-08-17,IR,15,42
2026-08-17,IR,18,32
2026-08-17,IR,19,236
2026-08-17,IS,13,102
2026-08-17,IS,15,31
2026-08-17,IS,18,92
2026-08-17,IS,19,358
2026-08-17,LE,13,9
2026-08-17,LE,15,5
2026-08-17,LE,18,4
2026-08-17,LE,19,80
2026-08-17,LG,13,1
2026-08-17,LG,15,3
2026-08-17,LG,18,0
2026-08-17,LG,19,14
2026-08-17,LH,13,1
2026-08-17,LH,15,0
2026-08-17,LH,18,2
2026-08-17,LH,19,7
2026-08-17,MD,13,0
2026-08-17,MD,15,0
2026-08-17,MD,18,1
2026-08-17,MD,19,13
2026-08-17,PL,13,1
2026-08-17,PL,15,3
2026-08-17,PL,18,2
2026-08-17,PL,19,10
2026-08-17,RO,13,3
2026-08-17,RO,15,0
2026-08-17,RO,18,1
2026-08-17,RO,19,49
2026-08-17,UP,13,42
2026-08-17,UP,15,18
2026-08-17,UP,18,45
2026-08-17,UP,19,320
2026-08-17,YM,13,25
2026-08-17,YM,15,1
2026-08-17,YM,18,6
2026-08-17,YM,19,116
2026-08-16,BO,13,0
2026-08-16,BO,15,1
2026-08-16,BO,18,0
2026-08-16,BO,19,0
2026-08-16,EN,13,7
2026-08-16,EN,15,0
2026-08-16,EN,18,0
2026-08-16,EN,19,0
2026-08-16,FI,13,2
2026-08-16,FI,15,0
2026-08-16,FI,18,0
2026-08-16,FI,19,0
2026-08-16,IR,13,73
2026-08-16,IR,15,23
2026-08-16,IR,18,30
2026-08-16,IR,19,172
2026-08-16,IS,13,79
2026-08-16,IS,15,25
2026-08-16,IS,18,78
2026-08-16,IS,19,411
2026-08-16,LE,13,20
2026-08-16,LE,15,1
2026-08-16,LE,18,13
2026-08-16,LE,19,127
2026-08-16,LG,13,0
2026-08-16,LG,15,0
2026-08-16,LG,18,0
2026-08-16,LG,19,18
2026-08-16,LH,13,0
2026-08-16,LH,15,0
2026-08-16,LH,18,0
2026-08-16,LH,19,0
2026-08-16,MD,13,3
2026-08-16,MD,15,0
2026-08-16,MD,18,1
2026-08-16,MD,19,6
2026-08-16,PL,13,0
2026-08-16,PL,15,0
2026-08-16,PL,18,9
2026-08-16,PL,19,8
2026-08-16,RO,13,2
2026-08-16,RO,15,4
2026-08-16,RO,18,11
2026-08-16,RO,19,100
2026-08-16,UP,13,30
2026-08-16,UP,15,9
2026-08-16,UP,18,38
2026-08-16,UP,19,314
2026-08-16,YM,13,12
2026-08-16,YM,15,0
2026-08-16,YM,18,5
2026-08-16,YM,19,84
2026-08-15,BO,13,0
2026-08-15,BO,15,0
2026-08-15,BO,18,0
2026-08-15,BO,19,2
2026-08-15,EN,13,0
2026-08-15,EN,15,0
2026-08-15,EN,18,0
2026-08-15,EN,19,2
2026-08-15,FI,13,3
2026-08-15,FI,15,1
2026-08-15,FI,18,0
2026-08-15,FI,19,2
2026-08-15,IR,13,46
2026-08-15,IR,15,4
2026-08-15,IR,18,31
2026-08-15,IR,19,194
2026-08-15,IS,13,64
2026-08-15,IS,15,11
2026-08-15,IS,18,69
2026-08-15,IS,19,396
2026-08-15,LE,13,19
2026-08-15,LE,15,2
2026-08-15,LE,18,17
2026-08-15,LE,19,124
2026-08-15,LG,13,0
2026-08-15,LG,15,2
2026-08-15,LG,18,0
2026-08-15,LG,19,25
2026-08-15,LH,13,0
2026-08-15,LH,15,1
2026-08-15,LH,18,0
2026-08-15,LH,19,0
2026-08-15,MD,13,0
2026-08-15,MD,15,0
2026-08-15,MD,18,0
2026-08-15,MD,19,0
2026-08-15,PL,13,1
2026-08-15,PL,15,0
2026-08-15,PL,18,1
2026-08-15,PL,19,11
2026-08-15,RO,13,0
2026-08-15,RO,15,1
2026-08-15,RO,18,4
2026-08-15,RO,19,5
2026-08-15,UP,13,22
2026-08-15,UP,15,8
2026-08-15,UP,18,14
2026-08-15,UP,19,165
2026-08-15,YM,13,10
2026-08-15,YM,15,2
2026-08-15,YM,18,2
2026-08-15,YM,19,61
2026-08-14,BO,13,2
2026-08-14,BO,15,0
2026-08-14,BO,18,0
2026-08-14,BO,19,5
2026-08-14,EN,13,0
2026-08-14,EN,15,3
2026-08-14,EN,18,0
2026-08-14,EN,19,4
2026-08-14,FI,13,3
2026-08-14,FI,15,0
2026-08-14,FI,18,1
2026-08-14,FI,19,11
2026-08-14,IR,13,71
2026-08-14,IR,15,13
2026-08-14,IR,18,48
2026-08-14,IR,19,202
2026-08-14,IS,13,68
2026-08-14,IS,15,37
2026-08-14,IS,18,101
2026-08-14,IS,19,342
2026-08-14,LE,13,7
2026-08-14,LE,15,6
2026-08-14,LE,18,6
2026-08-14,LE,19,25
2026-08-14,LG,13,10
2026-08-14,LG,15,7
2026-08-14,LG,18,0
2026-08-14,LG,19,81
2026-08-14,LH,13,3
2026-08-14,LH,15,5
2026-08-14,LH,18,0
2026-08-14,LH,19,7
2026-08-14,MD,13,0
2026-08-14,MD,15,0
2026-08-14,MD,18,0
2026-08-14,MD,19,4
2026-08-14,PL,13,10
2026-08-14,PL,15,1
2026-08-14,PL,18,7
2026-08-14,PL,19,28
2026-08-14,RO,13,1
2026-08-14,RO,15,5
2026-08-14,RO,18,4
2026-08-14,RO,19,15
2026-08-14,UP,13,30
2026-08-14,UP,15,5
2026-08-14,UP,18,39
2026-08-14,UP,19,220
2026-08-14,YM,13,15
2026-08-14,YM,15,7
2026-08-14,YM,18,7
2026-08-14,YM,19,88
2026-08-13,BO,13,0
2026-08-13,BO,15,1
2026-08-13,BO,18,0
2026-08-13,BO,19,6
2026-08-13,EN,13,1
2026-08-13,EN,15,0
2026-08-13,EN,18,0
2026-08-13,EN,19,1
2026-08-13,FI,13,0
2026-08-13,FI,15,0
2026-08-13,FI,18,0
2026-08-13,FI,19,1
2026-08-13,IR,13,84
2026-08-13,IR,15,24
2026-08-13,IR,18,41
2026-08-13,IR,19,202
2026-08-13,IS,13,90
2026-08-13,IS,15,38
2026-08-13,IS,18,76
2026-08-13,IS,19,353
2026-08-13,LE,13,7
2026-08-13,LE,15,4
2026-08-13,LE,18,5
2026-08-13,LE,19,25
2026-08-13,LG,13,0
2026-08-13,LG,15,0
2026-08-13,LG,18,0
2026-08-13,LG,19,1
2026-08-13,LH,13,2
2026-08-13,LH,15,4
2026-08-13,LH,18,2
2026-08-13,LH,19,3
2026-08-13,MD,13,0
2026-08-13,MD,15,0
2026-08-13,MD,18,0
2026-08-13,MD,19,0
2026-08-13,PL,13,7
2026-08-13,PL,15,5
2026-08-13,PL,18,4
2026-08-13,PL,19,28
2026-08-13,RO,13,6
2026-08-13,RO,15,3
2026-08-13,RO,18,1
2026-08-13,RO,19,6
2026-08-13,UP,13,34
2026-08-13,UP,15,19
2026-08-13,UP,18,48
2026-08-13,UP,19,212
2026-08-13,YM,13,16
2026-08-13,YM,15,2
2026-08-13,YM,18,4
2026-08-13,YM,19,113
2026-08-12,BO,13,0
2026-08-12,BO,15,0
2026-08-12,BO,18,0
2026-08-12,BO,19,0
2026-08-12,EN,13,0
2026-08-12,EN,15,1
2026-08-12,EN,18,0
2026-08-12,EN,19,0
2026-08-12,FI,13,0
2026-08-12,FI,15,0
2026-08-12,FI,18,0
2026-08-12,FI,19,3
2026-08-12,IR,13,111
2026-08-12,IR,15,6
2026-08-12,IR,18,60
2026-08-12,IR,19,373
2026-08-12,IS,13,81
2026-08-12,IS,15,17
2026-08-12,IS,18,79
2026-08-12,IS,19,311
2026-08-12,LE,13,5
2026-08-12,LE,15,3
2026-08-12,LE,18,16
2026-08-12,LE,19,33
2026-08-12,LG,13,0
2026-08-12,LG,15,0
2026-08-12,LG,18,0
2026-08-12,LG,19,1
2026-08-12,LH,13,0
2026-08-12,LH,15,0
2026-08-12,LH,18,0
2026-08-12,LH,19,0
2026-08-12,MD,13,0
2026-08-12,MD,15,0
2026-08-12,MD,18,0
2026-08-12,MD,19,1
2026-08-12,PL,13,2
2026-08-12,PL,15,3
2026-08-12,PL,18,0
2026-08-12,PL,19,5
2026-08-12,RO,13,6
2026-08-12,RO,15,8
2026-08-12,RO,18,6
2026-08-12,RO,19,6
2026-08-12,UP,13,43
2026-08-12,UP,15,16
2026-08-12,UP,18,29
2026-08-12,UP,19,286
2026-08-12,YM,13,12
2026-08-12,YM,15,2
2026-08-12,YM,18,14
2026-08-12,YM,19,169
2026-08-11,BO,13,6
2026-08-11,BO,15,3
2026-08-11,BO,18,0
2026-08-11,BO,19,4
2026-08-11,EN,13,0
2026-08-11,EN,15,0
2026-08-11,EN,18,0
2026-08-11,EN,19,6
2026-08-11,FI,13,1
2026-08-11,FI,15,0
2026-08-11,FI,18,1
2026-08-11,FI,19,1
2026-08-11,IR,13,147
2026-08-11,IR,15,7
2026-08-11,IR,18,77
2026-08-11,IR,19,267
2026-08-11,IS,13,59
2026-08-11,IS,15,15
2026-08-11,IS,18,70
2026-08-11,IS,19,297
2026-08-11,LE,13,3
2026-08-11,LE,15,0
2026-08-11,LE,18,7
2026-08-11,LE,19,33
2026-08-11,LG,13,1
2026-08-11,LG,15,3
2026-08-11,LG,18,0
2026-08-11,LG,19,4
2026-08-11,LH,13,0
2026-08-11,LH,15,0
2026-08-11,LH,18,0
2026-08-11,LH,19,2
2026-08-11,MD,13,1
2026-08-11,MD,15,0
2026-08-11,MD,18,1
2026-08-11,MD,19,3
2026-08-11,PL,13,2
2026-08-11,PL,15,1
2026-08-11,PL,18,0
2026-08-11,PL,19,20
2026-08-11,RO,13,0
2026-08-11,RO,15,1
2026-08-11,RO,18,1
2026-08-11,RO,19,6
2026-08-11,UP,13,62
2026-08-11,UP,15,13
2026-08-11,UP,18,98
2026-08-11,UP,19,284
2026-08-11,YM,13,18
2026-08-11,YM,15,4
2026-08-11,YM,18,11
2026-08-11,YM,19,165
2026-08-10,BO,13,0
2026-08-10,BO,15,0
2026-08-10,BO,18,1
2026-08-10,BO,19,3
2026-08-10,EN,13,0
2026-08-10,EN,15,0
2026-08-10,EN,18,0
2026-08-10,EN,19,1
2026-08-10,FI,13,0
2026-08-10,FI,15,1
2026-08-10,FI,18,0
2026-08-10,FI,19,1
2026-08-10,IR,13,68
2026-08-10,IR,15,13
2026-08-10,IR,18,46
2026-08-10,IR,19,233
2026-08-10,IS,13,75
2026-08-10,IS,15,8
2026-08-10,IS,18,73
2026-08-10,IS,19,335
2026-08-10,LE,13,3
2026-08-10,LE,15,8
2026-08-10,LE,18,8
2026-08-10,LE,19,36
2026-08-10,LG,13,0
2026-08-10,LG,15,0
2026-08-10,LG,18,0
2026-08-10,LG,19,1
2026-08-10,LH,13,1
2026-08-10,LH,15,1
2026-08-10,LH,18,0
2026-08-10,LH,19,0
2026-08-10,MD,13,2
2026-08-10,MD,15,2
2026-08-10,MD,18,5
2026-08-10,MD,19,3
2026-08-10,PL,13,8
2026-08-10,PL,15,2
2026-08-10,PL,18,0
2026-08-10,PL,19,7
2026-08-10,RO,13,1
2026-08-10,RO,15,0
2026-08-10,RO,18,0
2026-08-10,RO,19,6
2026-08-10,UP,13,42
2026-08-10,UP,15,9
2026-08-10,UP,18,37
2026-08-10,UP,19,277
2026-08-10,YM,13,26
2026-08-10,YM,15,3
2026-08-10,YM,18,10
2026-08-10,YM,19,125
2026-08-09,BO,13,0
2026-08-09,BO,15,0
2026-08-09,BO,18,0
2026-08-09,BO,19,1
2026-08-09,EN,13,0
2026-08-09,EN,15,0
2026-08-09,EN,18,0
2026-08-09,EN,19,1
2026-08-09,FI,13,0
2026-08-09,FI,15,0
2026-08-09,FI,18,0
2026-08-09,FI,19,1
2026-08-09,IR,13,67
2026-08-09,IR,15,3
2026-08-09,IR,18,40
2026-08-09,IR,19,198
2026-08-09,IS,13,56
2026-08-09,IS,15,14
2026-08-09,IS,18,62
2026-08-09,IS,19,291
2026-08-09,LE,13,7
2026-08-09,LE,15,6
2026-08-09,LE,18,15
2026-08-09,LE,19,33
2026-08-09,LG,13,0
2026-08-09,LG,15,0
2026-08-09,LG,18,0
2026-08-09,LG,19,1
2026-08-09,LH,13,0
2026-08-09,LH,15,0
2026-08-09,LH,18,4
2026-08-09,LH,19,0
2026-08-09,MD,13,0
2026-08-09,MD,15,3
2026-08-09,MD,18,0
2026-08-09,MD,19,2
2026-08-09,PL,13,0
2026-08-09,PL,15,0
2026-08-09,PL,18,0
2026-08-09,PL,19,6
2026-08-09,RO,13,3
2026-08-09,RO,15,1
2026-08-09,RO,18,7
2026-08-09,RO,19,9
2026-08-09,UP,13,16
2026-08-09,UP,15,1
2026-08-09,UP,18,28
2026-08-09,UP,19,213
2026-08-09,YM,13,37
2026-08-09,YM,15,2
2026-08-09,YM,18,3
2026-08-09,YM,19,106
2026-08-08,BO,13,0
2026-08-08,BO,15,1
2026-08-08,BO,18,0
2026-08-08,BO,19,2
2026-08-08,EN,13,0
2026-08-08,EN,15,0
2026-08-08,EN,18,0
2026-08-08,EN,19,2
2026-08-08,FI,13,0
2026-08-08,FI,15,0
2026-08-08,FI,18,0
2026-08-08,FI,19,2
2026-08-08,IR,13,97
2026-08-08,IR,15,11
2026-08-08,IR,18,22
2026-08-08,IR,19,178
2026-08-08,IS,13,42
2026-08-08,IS,15,14
2026-08-08,IS,18,64
2026-08-08,IS,19,239
2026-08-08,LE,13,6
2026-08-08,LE,15,10
2026-08-08,LE,18,6
2026-08-08,LE,19,37
2026-08-08,LG,13,0
2026-08-08,LG,15,0
2026-08-08,LG,18,0
2026-08-08,LG,19,1
2026-08-08,LH,13,1
2026-08-08,LH,15,0
2026-08-08,LH,18,0
2026-08-08,LH,19,0
2026-08-08,MD,13,0
2026-08-08,MD,15,0
2026-08-08,MD,18,0
2026-08-08,MD,19,0
2026-08-08,PL,13,3
2026-08-08,PL,15,1
2026-08-08,PL,18,0
2026-08-08,PL,19,6
2026-08-08,RO,13,4
2026-08-08,RO,15,0
2026-08-08,RO,18,16
2026-08-08,RO,19,23
2026-08-08,UP,13,29
2026-08-08,UP,15,8
2026-08-08,UP,18,41
2026-08-08,UP,19,216
2026-08-08,YM,13,19
2026-08-08,YM,15,0
2026-08-08,YM,18,5
2026-08-08,YM,19,90
2026-08-07,BO,13,0
2026-08-07,BO,15,1
2026-08-07,BO,18,0
2026-08-07,BO,19,1
2026-08-07,EN,13,1
2026-08-07,EN,15,0
2026-08-07,EN,18,0
2026-08-07,EN,19,1
2026-08-07,FI,13,2
2026-08-07,FI,15,0
2026-08-07,FI,18,0
2026-08-07,FI,19,2
2026-08-07,IR,13,92
2026-08-07,IR,15,12
2026-08-07,IR,18,20
2026-08-07,IR,19,213
2026-08-07,IS,13,66
2026-08-07,IS,15,23
2026-08-07,IS,18,85
2026-08-07,IS,19,330
2026-08-07,LE,13,8
2026-08-07,LE,15,8
2026-08-07,LE,18,13
2026-08-07,LE,19,59
2026-08-07,LG,13,3
2026-08-07,LG,15,0
2026-08-07,LG,18,0
2026-08-07,LG,19,0
2026-08-07,LH,13,4
2026-08-07,LH,15,0
2026-08-07,LH,18,0
2026-08-07,LH,19,11
2026-08-07,MD,13,0
2026-08-07,MD,15,0
2026-08-07,MD,18,0
2026-08-07,MD,19,1
2026-08-07,PL,13,5
2026-08-07,PL,15,2
2026-08-07,PL,18,3
2026-08-07,PL,19,10
2026-08-07,RO,13,3
2026-08-07,RO,15,1
2026-08-07,RO,18,1
2026-08-07,RO,19,9
2026-08-07,UP,13,22
2026-08-07,UP,15,3
2026-08-07,UP,18,24
2026-08-07,UP,19,236
2026-08-07,YM,13,44
2026-08-07,YM,15,4
2026-08-07,YM,18,11
2026-08-07,YM,19,182
2026-08-06,BO,13,1
2026-08-06,BO,15,2
2026-08-06,BO,18,0
2026-08-06,BO,19,0
2026-08-06,EN,13,0
2026-08-06,EN,15,0
2026-08-06,EN,18,0
2026-08-06,EN,19,0
2026-08-06,FI,13,0
2026-08-06,FI,15,0
2026-08-06,FI,18,0
2026-08-06,FI,19,2
2026-08-06,IR,13,100
2026-08-06,IR,15,13
2026-08-06,IR,18,24
2026-08-06,IR,19,255
2026-08-06,IS,13,100
2026-08-06,IS,15,24
2026-08-06,IS,18,125
2026-08-06,IS,19,487
2026-08-06,LE,13,14
2026-08-06,LE,15,5
2026-08-06,LE,18,6
2026-08-06,LE,19,163
2026-08-06,LG,13,0
2026-08-06,LG,15,3
2026-08-06,LG,18,0
2026-08-06,LG,19,0
2026-08-06,LH,13,2
2026-08-06,LH,15,2
2026-08-06,LH,18,2
2026-08-06,LH,19,5
2026-08-06,MD,13,0
2026-08-06,MD,15,0
2026-08-06,MD,18,0
2026-08-06,MD,19,1
2026-08-06,PL,13,5
2026-08-06,PL,15,0
2026-08-06,PL,18,0
2026-08-06,PL,19,12
2026-08-06,RO,13,6
2026-08-06,RO,15,2
2026-08-06,RO,18,0
2026-08-06,RO,19,8
2026-08-06,UP,13,45
2026-08-06,UP,15,11
2026-08-06,UP,18,46
2026-08-06,UP,19,274
2026-08-06,YM,13,6
2026-08-06,YM,15,0
2026-08-06,YM,18,4
2026-08-06,YM,19,156
2026-08-05,BO,13,0
2026-08-05,BO,15,2
2026-08-05,BO,18,0
2026-08-05,BO,19,2
2026-08-05,EN,13,0
2026-08-05,EN,15,6
2026-08-05,EN,18,0
2026-08-05,EN,19,0
2026-08-05,FI,13,0
2026-08-05,FI,15,0
2026-08-05,FI,18,3
2026-08-05,FI,19,2
2026-08-05,IR,13,111
2026-08-05,IR,15,5
2026-08-05,IR,18,45
2026-08-05,IR,19,201
2026-08-05,IS,13,93
2026-08-05,IS,15,24
2026-08-05,IS,18,102
2026-08-05,IS,19,358
2026-08-05,LE,13,18
2026-08-05,LE,15,5
2026-08-05,LE,18,8
2026-08-05,LE,19,68
2026-08-05,LG,13,3
2026-08-05,LG,15,4
2026-08-05,LG,18,0
2026-08-05,LG,19,1
2026-08-05,LH,13,1
2026-08-05,LH,15,0
2026-08-05,LH,18,0
2026-08-05,LH,19,7
2026-08-05,MD,13,0
2026-08-05,MD,15,0
2026-08-05,MD,18,0
2026-08-05,MD,19,1
2026-08-05,PL,13,1
2026-08-05,PL,15,0
2026-08-05,PL,18,1
2026-08-05,PL,19,23
2026-08-05,RO,13,5
2026-08-05,RO,15,2
2026-08-05,RO,18,0
2026-08-05,RO,19,4
2026-08-05,UP,13,68
2026-08-05,UP,15,9
2026-08-05,UP,18,74
2026-08-05,UP,19,380
2026-08-05,YM,13,35
2026-08-05,YM,15,1
2026-08-05,YM,18,4
2026-08-05,YM,19,85
2026-08-04,BO,13,0
2026-08-04,BO,15,0
2026-08-04,BO,18,0
2026-08-04,BO,19,0
2026-08-04,EN,13,0
2026-08-04,EN,15,0
2026-08-04,EN,18,0
2026-08-04,EN,19,0
2026-08-04,FI,13,0
2026-08-04,FI,15,0
2026-08-04,FI,18,0
2026-08-04,FI,19,2
2026-08-04,IR,13,155
2026-08-04,IR,15,10
2026-08-04,IR,18,28
2026-08-04,IR,19,191
2026-08-04,IS,13,102
2026-08-04,IS,15,21
2026-08-04,IS,18,95
2026-08-04,IS,19,400
2026-08-04,LE,13,10
2026-08-04,LE,15,7
2026-08-04,LE,18,8
2026-08-04,LE,19,36
2026-08-04,LG,13,0
2026-08-04,LG,15,0
2026-08-04,LG,18,0
2026-08-04,LG,19,0
2026-08-04,LH,13,0
2026-08-04,LH,15,1
2026-08-04,LH,18,0
2026-08-04,LH,19,1
2026-08-04,MD,13,0
2026-08-04,MD,15,0
2026-08-04,MD,18,0
2026-08-04,MD,19,1
2026-08-04,PL,13,5
2026-08-04,PL,15,0
2026-08-04,PL,18,5
2026-08-04,PL,19,15
2026-08-04,RO,13,5
2026-08-04,RO,15,0
2026-08-04,RO,18,0
2026-08-04,RO,19,3
2026-08-04,UP,13,63
2026-08-04,UP,15,7
2026-08-04,UP,18,39
2026-08-04,UP,19,294
2026-08-04,YM,13,8
2026-08-04,YM,15,3
2026-08-04,YM,18,0
2026-08-04,YM,19,43
2026-08-03,BO,13,0
2026-08-03,BO,15,0
2026-08-03,BO,18,1
2026-08-03,BO,19,3
2026-08-03,EN,13,1
2026-08-03,EN,15,0
2026-08-03,EN,18,0
2026-08-03,EN,19,1
2026-08-03,FI,13,1
2026-08-03,FI,15,1
2026-08-03,FI,18,0
2026-08-03,FI,19,0
2026-08-03,IR,13,163
2026-08-03,IR,15,8
2026-08-03,IR,18,33
2026-08-03,IR,19,223
2026-08-03,IS,13,131
2026-08-03,IS,15,11
2026-08-03,IS,18,103
2026-08-03,IS,19,391
2026-08-03,LE,13,4
2026-08-03,LE,15,3
2026-08-03,LE,18,3
2026-08-03,LE,19,20
2026-08-03,LG,13,0
2026-08-03,LG,15,0
2026-08-03,LG,18,0
2026-08-03,LG,19,1
2026-08-03,LH,13,0
2026-08-03,LH,15,0
2026-08-03,LH,18,0
2026-08-03,LH,19,7
2026-08-03,MD,13,0
2026-08-03,MD,15,0
2026-08-03,MD,18,1
2026-08-03,MD,19,0
2026-08-03,PL,13,5
2026-08-03,PL,15,5
2026-08-03,PL,18,2
2026-08-03,PL,19,11
2026-08-03,RO,13,2
2026-08-03,RO,15,5
2026-08-03,RO,18,1
2026-08-03,RO,19,10
2026-08-03,UP,13,33
2026-08-03,UP,15,6
2026-08-03,UP,18,58
2026-08-03,UP,19,291
2026-08-03,YM,13,2
2026-08-03,YM,15,0
2026-08-03,YM,18,4
2026-08-03,YM,19,29
2026-08-02,BO,13,0
2026-08-02,BO,15,1
2026-08-02,BO,18,3
2026-08-02,BO,19,3
2026-08-02,EN,13,1
2026-08-02,EN,15,0
2026-08-02,EN,18,0
2026-08-02,EN,19,1
2026-08-02,FI,13,0
2026-08-02,FI,15,0
2026-08-02,FI,18,0
2026-08-02,FI,19,0
2026-08-02,IR,13,218
2026-08-02,IR,15,10
2026-08-02,IR,18,25
2026-08-02,IR,19,237
2026-08-02,IS,13,124
2026-08-02,IS,15,19
2026-08-02,IS,18,79
2026-08-02,IS,19,339
2026-08-02,LE,13,5
2026-08-02,LE,15,2
2026-08-02,LE,18,1
2026-08-02,LE,19,15
2026-08-02,LG,13,0
2026-08-02,LG,15,0
2026-08-02,LG,18,0
2026-08-02,LG,19,0
2026-08-02,LH,13,0
2026-08-02,LH,15,0
2026-08-02,LH,18,0
2026-08-02,LH,19,10
2026-08-02,MD,13,0
2026-08-02,MD,15,0
2026-08-02,MD,18,0
2026-08-02,MD,19,0
2026-08-02,PL,13,0
2026-08-02,PL,15,2
2026-08-02,PL,18,0
2026-08-02,PL,19,10
2026-08-02,RO,13,0
2026-08-02,RO,15,0
2026-08-02,RO,18,2
2026-08-02,RO,19,3
2026-08-02,UP,13,25
2026-08-02,UP,15,3
2026-08-02,UP,18,36
2026-08-02,UP,19,234
2026-08-02,YM,13,7
2026-08-02,YM,15,0
2026-08-02,YM,18,3
2026-08-02,YM,19,10
2026-08-01,BO,13,1
2026-08-01,BO,15,0
2026-08-01,BO,18,0
2026-08-01,BO,19,1
2026-08-01,EN,13,0
2026-08-01,EN,15,0
2026-08-01,EN,18,0
2026-08-01,EN,19,0
2026-08-01,FI,13,0
2026-08-01,FI,15,0
2026-08-01,FI,18,0
2026-08-01,FI,19,0
2026-08-01,IR,13,195
2026-08-01,IR,15,20
2026-08-01,IR,18,33
2026-08-01,IR,19,263
2026-08-01,IS,13,105
2026-08-01,IS,15,20
2026-08-01,IS,18,66
2026-08-01,IS,19,376
2026-08-01,LE,13,8
2026-08-01,LE,15,3
2026-08-01,LE,18,10
2026-08-01,LE,19,29
2026-08-01,LG,13,4
2026-08-01,LG,15,0
2026-08-01,LG,18,2
2026-08-01,LG,19,0
2026-08-01,LH,13,5
2026-08-01,LH,15,0
2026-08-01,LH,18,2
2026-08-01,LH,19,27
2026-08-01,MD,13,0
2026-08-01,MD,15,0
2026-08-01,MD,18,0
2026-08-01,MD,19,0
2026-08-01,PL,13,1
2026-08-01,PL,15,5
2026-08-01,PL,18,6
2026-08-01,PL,19,47
2026-08-01,RO,13,0
2026-08-01,RO,15,0
2026-08-01,RO,18,1
2026-08-01,RO,19,1
2026-08-01,UP,13,45
2026-08-01,UP,15,7
2026-08-01,UP,18,49
2026-08-01,UP,19,261
2026-08-01,YM,13,17
2026-08-01,YM,15,0
2026-08-01,YM,18,0
2026-08-01,YM,19,11
2026-07-31,BO,13,0
2026-07-31,BO,15,0
2026-07-31,BO,18,0
2026-07-31,BO,19,2
2026-07-31,EN,13,0
2026-07-31,EN,15,3
2026-07-31,EN,18,0
2026-07-31,EN,19,0
2026-07-31,FI,13,5
2026-07-31,FI,15,0
2026-07-31,FI,18,1
2026-07-31,FI,19,1
2026-07-31,IR,13,136
2026-07-31,IR,15,3
2026-07-31,IR,18,27
2026-07-31,IR,19,360
2026-07-31,IS,13,102
2026-07-31,IS,15,41
2026-07-31,IS,18,69
2026-07-31,IS,19,304
2026-07-31,LE,13,11
2026-07-31,LE,15,5
2026-07-31,LE,18,1
2026-07-31,LE,19,25
2026-07-31,LG,13,1
2026-07-31,LG,15,0
2026-07-31,LG,18,3
2026-07-31,LG,19,0
2026-07-31,LH,13,0
2026-07-31,LH,15,0
2026-07-31,LH,18,4
2026-07-31,LH,19,7
2026-07-31,MD,13,0
2026-07-31,MD,15,0
2026-07-31,MD,18,0
2026-07-31,MD,19,0
2026-07-31,PL,13,10
2026-07-31,PL,15,12
2026-07-31,PL,18,4
2026-07-31,PL,19,63
2026-07-31,RO,13,2
2026-07-31,RO,15,0
2026-07-31,RO,18,0
2026-07-31,RO,19,9
2026-07-31,UP,13,38
2026-07-31,UP,15,22
2026-07-31,UP,18,37
2026-07-31,UP,19,233
2026-07-31,YM,13,9
2026-07-31,YM,15,0
2026-07-31,YM,18,0
2026-07-31,YM,19,21
2026-07-30,BO,13,0
2026-07-30,BO,15,0
2026-07-30,BO,18,0
2026-07-30,BO,19,1
2026-07-30,EN,13,0
2026-07-30,EN,15,0
2026-07-30,EN,18,0
2026-07-30,EN,19,1
2026-07-30,FI,13,0
2026-07-30,FI,15,0
2026-07-30,FI,18,0
2026-07-30,FI,19,1
2026-07-30,IR,13,213
2026-07-30,IR,15,4
2026-07-30,IR,18,76
2026-07-30,IR,19,829
2026-07-30,IS,13,92
2026-07-30,IS,15,6
2026-07-30,IS,18,105
2026-07-30,IS,19,422
2026-07-30,LE,13,11
2026-07-30,LE,15,6
2026-07-30,LE,18,2
2026-07-30,LE,19,49
2026-07-30,LG,13,0
2026-07-30,LG,15,0
2026-07-30,LG,18,2
2026-07-30,LG,19,1
2026-07-30,LH,13,0
2026-07-30,LH,15,0
2026-07-30,LH,18,2
2026-07-30,LH,19,1
2026-07-30,MD,13,0
2026-07-30,MD,15,0
2026-07-30,MD,18,0
2026-07-30,MD,19,0
2026-07-30,PL,13,7
2026-07-30,PL,15,29
2026-07-30,PL,18,9
2026-07-30,PL,19,114
2026-07-30,RO,13,0
2026-07-30,RO,15,4
2026-07-30,RO,18,0
2026-07-30,RO,19,26
2026-07-30,UP,13,58
2026-07-30,UP,15,10
2026-07-30,UP,18,52
2026-07-30,UP,19,392
2026-07-30,YM,13,12
2026-07-30,YM,15,0
2026-07-30,YM,18,4
2026-07-30,YM,19,50
2026-07-29,BO,13,1
2026-07-29,BO,15,3
2026-07-29,BO,18,0
2026-07-29,BO,19,2
2026-07-29,EN,13,0
2026-07-29,EN,15,1
2026-07-29,EN,18,0
2026-07-29,EN,19,1
2026-07-29,FI,13,1
2026-07-29,FI,15,0
2026-07-29,FI,18,0
2026-07-29,FI,19,3
2026-07-29,IR,13,189
2026-07-29,IR,15,10
2026-07-29,IR,18,57
2026-07-29,IR,19,652
2026-07-29,IS,13,86
2026-07-29,IS,15,16
2026-07-29,IS,18,92
2026-07-29,IS,19,369
2026-07-29,LE,13,18
2026-07-29,LE,15,7
2026-07-29,LE,18,3
2026-07-29,LE,19,68
2026-07-29,LG,13,0
2026-07-29,LG,15,0
2026-07-29,LG,18,0
2026-07-29,LG,19,2
2026-07-29,LH,13,3
2026-07-29,LH,15,0
2026-07-29,LH,18,1
2026-07-29,LH,19,3
2026-07-29,MD,13,0
2026-07-29,MD,15,0
2026-07-29,MD,18,0
2026-07-29,MD,19,0
2026-07-29,PL,13,2
2026-07-29,PL,15,2
2026-07-29,PL,18,0
2026-07-29,PL,19,16
2026-07-29,RO,13,0
2026-07-29,RO,15,5
2026-07-29,RO,18,3
2026-07-29,RO,19,23
2026-07-29,UP,13,53
2026-07-29,UP,15,10
2026-07-29,UP,18,47
2026-07-29,UP,19,250
2026-07-29,YM,13,33
2026-07-29,YM,15,1
2026-07-29,YM,18,3
2026-07-29,YM,19,41
2026-07-28,BO,13,0
2026-07-28,BO,15,2
2026-07-28,BO,18,0
2026-07-28,BO,19,3
2026-07-28,EN,13,0
2026-07-28,EN,15,0
2026-07-28,EN,18,0
2026-07-28,EN,19,2
2026-07-28,FI,13,2
2026-07-28,FI,15,1
2026-07-28,FI,18,0
2026-07-28,FI,19,0
2026-07-28,IR,13,172
2026-07-28,IR,15,13
2026-07-28,IR,18,55
2026-07-28,IR,19,366
2026-07-28,IS,13,132
2026-07-28,IS,15,10
2026-07-28,IS,18,82
2026-07-28,IS,19,412
2026-07-28,LE,13,22
2026-07-28,LE,15,10
2026-07-28,LE,18,8
2026-07-28,LE,19,41
2026-07-28,LG,13,0
2026-07-28,LG,15,0
2026-07-28,LG,18,0
2026-07-28,LG,19,0
2026-07-28,LH,13,1
2026-07-28,LH,15,1
2026-07-28,LH,18,0
2026-07-28,LH,19,2
2026-07-28,MD,13,0
2026-07-28,MD,15,0
2026-07-28,MD,18,0
2026-07-28,MD,19,0
2026-07-28,PL,13,2
2026-07-28,PL,15,0
2026-07-28,PL,18,5
2026-07-28,PL,19,17
2026-07-28,RO,13,7
2026-07-28,RO,15,13
2026-07-28,RO,18,0
2026-07-28,RO,19,31
2026-07-28,UP,13,71
2026-07-28,UP,15,1
2026-07-28,UP,18,39
2026-07-28,UP,19,261
2026-07-28,YM,13,22
2026-07-28,YM,15,3
2026-07-28,YM,18,1
2026-07-28,YM,19,35
2026-07-27,BO,13,0
2026-07-27,BO,15,0
2026-07-27,BO,18,0
2026-07-27,BO,19,3
2026-07-27,EN,13,0
2026-07-27,EN,15,0
2026-07-27,EN,18,0
2026-07-27,EN,19,2
2026-07-27,FI,13,0
2026-07-27,FI,15,0
2026-07-27,FI,18,2
2026-07-27,FI,19,0
2026-07-27,IR,13,191
2026-07-27,IR,15,16
2026-07-27,IR,18,45
2026-07-27,IR,19,409
2026-07-27,IS,13,107
2026-07-27,IS,15,26
2026-07-27,IS,18,98
2026-07-27,IS,19,431
2026-07-27,LE,13,12
2026-07-27,LE,15,4
2026-07-27,LE,18,17
2026-07-27,LE,19,54
2026-07-27,LG,13,0
2026-07-27,LG,15,0
2026-07-27,LG,18,0
2026-07-27,LG,19,2
2026-07-27,LH,13,0
2026-07-27,LH,15,0
2026-07-27,LH,18,0
2026-07-27,LH,19,1
2026-07-27,MD,13,0
2026-07-27,MD,15,0
2026-07-27,MD,18,0
2026-07-27,MD,19,0
2026-07-27,PL,13,2
2026-07-27,PL,15,0
2026-07-27,PL,18,2
2026-07-27,PL,19,6
2026-07-27,RO,13,4
2026-07-27,RO,15,22
2026-07-27,RO,18,3
2026-07-27,RO,19,57
2026-07-27,UP,13,93
2026-07-27,UP,15,4
2026-07-27,UP,18,26
2026-07-27,UP,19,303
2026-07-27,YM,13,26
2026-07-27,YM,15,2
2026-07-27,YM,18,1
2026-07-27,YM,19,66
2026-07-26,BO,13,0
2026-07-26,BO,15,1
2026-07-26,BO,18,0
2026-07-26,BO,19,0
2026-07-26,EN,13,0
2026-07-26,EN,15,0
2026-07-26,EN,18,0
2026-07-26,EN,19,1
2026-07-26,FI,13,0
2026-07-26,FI,15,0
2026-07-26,FI,18,0
2026-07-26,FI,19,1
2026-07-26,IR,13,156
2026-07-26,IR,15,6
2026-07-26,IR,18,39
2026-07-26,IR,19,326
2026-07-26,IS,13,106
2026-07-26,IS,15,18
2026-07-26,IS,18,153
2026-07-26,IS,19,513
2026-07-26,LE,13,12
2026-07-26,LE,15,3
2026-07-26,LE,18,0
2026-07-26,LE,19,12
2026-07-26,LG,13,0
2026-07-26,LG,15,0
2026-07-26,LG,18,0
2026-07-26,LG,19,0
2026-07-26,LH,13,0
2026-07-26,LH,15,0
2026-07-26,LH,18,0
2026-07-26,LH,19,0
2026-07-26,MD,13,0
2026-07-26,MD,15,0
2026-07-26,MD,18,0
2026-07-26,MD,19,0
2026-07-26,PL,13,0
2026-07-26,PL,15,0
2026-07-26,PL,18,0
2026-07-26,PL,19,0
2026-07-26,RO,13,0
2026-07-26,RO,15,23
2026-07-26,RO,18,5
2026-07-26,RO,19,110
2026-07-26,UP,13,51
2026-07-26,UP,15,6
2026-07-26,UP,18,31
2026-07-26,UP,19,265
2026-07-26,YM,13,16
2026-07-26,YM,15,0
2026-07-26,YM,18,10
2026-07-26,YM,19,62
2026-07-25,BO,13,3
2026-07-25,BO,15,1
2026-07-25,BO,18,2
2026-07-25,BO,19,2
2026-07-25,EN,13,0
2026-07-25,EN,15,0
2026-07-25,EN,18,0
2026-07-25,EN,19,0
2026-07-25,FI,13,0
2026-07-25,FI,15,0
2026-07-25,FI,18,0
2026-07-25,FI,19,2
2026-07-25,IR,13,146
2026-07-25,IR,15,9
2026-07-25,IR,18,43
2026-07-25,IR,19,382
2026-07-25,IS,13,85
2026-07-25,IS,15,20
2026-07-25,IS,18,86
2026-07-25,IS,19,487
2026-07-25,LE,13,7
2026-07-25,LE,15,1
2026-07-25,LE,18,6
2026-07-25,LE,19,17
2026-07-25,LG,13,0
2026-07-25,LG,15,0
2026-07-25,LG,18,0
2026-07-25,LG,19,3
2026-07-25,LH,13,1
2026-07-25,LH,15,0
2026-07-25,LH,18,0
2026-07-25,LH,19,0
2026-07-25,MD,13,0
2026-07-25,MD,15,0
2026-07-25,MD,18,0
2026-07-25,MD,19,0
2026-07-25,PL,13,1
2026-07-25,PL,15,0
2026-07-25,PL,18,0
2026-07-25,PL,19,3
2026-07-25,RO,13,3
2026-07-25,RO,15,0
2026-07-25,RO,18,3
2026-07-25,RO,19,69
2026-07-25,UP,13,34
2026-07-25,UP,15,10
2026-07-25,UP,18,34
2026-07-25,UP,19,272
2026-07-25,YM,13,23
2026-07-25,YM,15,0
2026-07-25,YM,18,10
2026-07-25,YM,19,88
2026-07-24,BO,13,3
2026-07-24,BO,15,0
2026-07-24,BO,18,1
2026-07-24,BO,19,3
2026-07-24,EN,13,0
2026-07-24,EN,15,0
2026-07-24,EN,18,0
2026-07-24,EN,19,0
2026-07-24,FI,13,2
2026-07-24,FI,15,0
2026-07-24,FI,18,1
2026-07-24,FI,19,5
2026-07-24,IR,13,382
2026-07-24,IR,15,8
2026-07-24,IR,18,70
2026-07-24,IR,19,736
2026-07-24,IS,13,149
2026-07-24,IS,15,32
2026-07-24,IS,18,124
2026-07-24,IS,19,645
2026-07-24,LE,13,13
2026-07-24,LE,15,19
2026-07-24,LE,18,4
2026-07-24,LE,19,33
2026-07-24,LG,13,1
2026-07-24,LG,15,0
2026-07-24,LG,18,0
2026-07-24,LG,19,4
2026-07-24,LH,13,1
2026-07-24,LH,15,1
2026-07-24,LH,18,2
2026-07-24,LH,19,0
2026-07-24,MD,13,0
2026-07-24,MD,15,0
2026-07-24,MD,18,1
2026-07-24,MD,19,0
2026-07-24,PL,13,8
2026-07-24,PL,15,0
2026-07-24,PL,18,3
2026-07-24,PL,19,8
2026-07-24,RO,13,11
2026-07-24,RO,15,8
2026-07-24,RO,18,6
2026-07-24,RO,19,105
2026-07-24,UP,13,47
2026-07-24,UP,15,6
2026-07-24,UP,18,38
2026-07-24,UP,19,358
2026-07-24,YM,13,42
2026-07-24,YM,15,0
2026-07-24,YM,18,3
2026-07-24,YM,19,33
2026-07-23,BO,13,0
2026-07-23,BO,15,0
2026-07-23,BO,18,0
2026-07-23,BO,19,4
2026-07-23,EN,13,0
2026-07-23,EN,15,0
2026-07-23,EN,18,0
2026-07-23,EN,19,0
2026-07-23,FI,13,1
2026-07-23,FI,15,0
2026-07-23,FI,18,0
2026-07-23,FI,19,1
2026-07-23,IR,13,321
2026-07-23,IR,15,16
2026-07-23,IR,18,48
2026-07-23,IR,19,920
2026-07-23,IS,13,103
2026-07-23,IS,15,24
2026-07-23,IS,18,91
2026-07-23,IS,19,407
2026-07-23,LE,13,6
2026-07-23,LE,15,11
2026-07-23,LE,18,4
2026-07-23,LE,19,45
2026-07-23,LG,13,1
2026-07-23,LG,15,4
2026-07-23,LG,18,0
2026-07-23,LG,19,5
2026-07-23,LH,13,0
2026-07-23,LH,15,4
2026-07-23,LH,18,0
2026-07-23,LH,19,3
2026-07-23,MD,13,0
2026-07-23,MD,15,0
2026-07-23,MD,18,2
2026-07-23,MD,19,5
2026-07-23,PL,13,0
2026-07-23,PL,15,5
2026-07-23,PL,18,0
2026-07-23,PL,19,1
2026-07-23,RO,13,2
2026-07-23,RO,15,0
2026-07-23,RO,18,2
2026-07-23,RO,19,13
2026-07-23,UP,13,29
2026-07-23,UP,15,5
2026-07-23,UP,18,23
2026-07-23,UP,19,252
2026-07-23,YM,13,54
2026-07-23,YM,15,0
2026-07-23,YM,18,3
2026-07-23,YM,19,74
2026-07-22,BO,13,3
2026-07-22,BO,15,4
2026-07-22,BO,18,2
2026-07-22,BO,19,4
2026-07-22,EN,13,0
2026-07-22,EN,15,0
2026-07-22,EN,18,0
2026-07-22,EN,19,1
2026-07-22,FI,13,1
2026-07-22,FI,15,0
2026-07-22,FI,18,1
2026-07-22,FI,19,7
2026-07-22,IR,13,448
2026-07-22,IR,15,14
2026-07-22,IR,18,84
2026-07-22,IR,19,1043
2026-07-22,IS,13,112
2026-07-22,IS,15,40
2026-07-22,IS,18,99
2026-07-22,IS,19,371
2026-07-22,LE,13,26
2026-07-22,LE,15,45
2026-07-22,LE,18,7
2026-07-22,LE,19,74
2026-07-22,LG,13,5
2026-07-22,LG,15,1
2026-07-22,LG,18,0
2026-07-22,LG,19,8
2026-07-22,LH,13,6
2026-07-22,LH,15,1
2026-07-22,LH,18,0
2026-07-22,LH,19,1
2026-07-22,MD,13,0
2026-07-22,MD,15,0
2026-07-22,MD,18,3
2026-07-22,MD,19,2
2026-07-22,PL,13,4
2026-07-22,PL,15,4
2026-07-22,PL,18,4
2026-07-22,PL,19,19
2026-07-22,RO,13,4
2026-07-22,RO,15,0
2026-07-22,RO,18,1
2026-07-22,RO,19,3
2026-07-22,UP,13,53
2026-07-22,UP,15,7
2026-07-22,UP,18,47
2026-07-22,UP,19,289
2026-07-22,YM,13,35
2026-07-22,YM,15,0
2026-07-22,YM,18,1
2026-07-22,YM,19,27
2026-07-21,BO,13,0
2026-07-21,BO,15,0
2026-07-21,BO,18,0
2026-07-21,BO,19,4
2026-07-21,EN,13,3
2026-07-21,EN,15,1
2026-07-21,EN,18,0
2026-07-21,EN,19,1
2026-07-21,FI,13,0
2026-07-21,FI,15,0
2026-07-21,FI,18,0
2026-07-21,FI,19,0
2026-07-21,IR,13,340
2026-07-21,IR,15,33
2026-07-21,IR,18,58
2026-07-21,IR,19,852
2026-07-21,IS,13,134
2026-07-21,IS,15,41
2026-07-21,IS,18,97
2026-07-21,IS,19,333
2026-07-21,LE,13,46
2026-07-21,LE,15,46
2026-07-21,LE,18,2
2026-07-21,LE,19,78
2026-07-21,LG,13,2
2026-07-21,LG,15,0
2026-07-21,LG,18,0
2026-07-21,LG,19,1
2026-07-21,LH,13,0
2026-07-21,LH,15,1
2026-07-21,LH,18,0
2026-07-21,LH,19,2
2026-07-21,MD,13,3
2026-07-21,MD,15,0
2026-07-21,MD,18,0
2026-07-21,MD,19,0
2026-07-21,PL,13,3
2026-07-21,PL,15,0
2026-07-21,PL,18,2
2026-07-21,PL,19,4
2026-07-21,RO,13,4
2026-07-21,RO,15,1
2026-07-21,RO,18,5
2026-07-21,RO,19,15
2026-07-21,UP,13,41
2026-07-21,UP,15,5
2026-07-21,UP,18,46
2026-07-21,UP,19,228
2026-07-21,YM,13,39
2026-07-21,YM,15,0
2026-07-21,YM,18,0
2026-07-21,YM,19,38
2026-07-20,BO,13,0
2026-07-20,BO,15,0
2026-07-20,BO,18,0
2026-07-20,BO,19,0
2026-07-20,EN,13,0
2026-07-20,EN,15,0
2026-07-20,EN,18,0
2026-07-20,EN,19,2
2026-07-20,FI,13,2
2026-07-20,FI,15,0
2026-07-20,FI,18,0
2026-07-20,FI,19,0
2026-07-20,IR,13,290
2026-07-20,IR,15,16
2026-07-20,IR,18,86
2026-07-20,IR,19,870
2026-07-20,IS,13,101
2026-07-20,IS,15,23
2026-07-20,IS,18,110
2026-07-20,IS,19,399
2026-07-20,LE,13,5
2026-07-20,LE,15,5
2026-07-20,LE,18,4
2026-07-20,LE,19,24
2026-07-20,LG,13,0
2026-07-20,LG,15,0
2026-07-20,LG,18,0
2026-07-20,LG,19,1
2026-07-20,LH,13,7
2026-07-20,LH,15,1
2026-07-20,LH,18,0
2026-07-20,LH,19,5
2026-07-20,MD,13,1
2026-07-20,MD,15,0
2026-07-20,MD,18,0
2026-07-20,MD,19,0
2026-07-20,PL,13,3
2026-07-20,PL,15,0
2026-07-20,PL,18,7
2026-07-20,PL,19,0
2026-07-20,RO,13,6
2026-07-20,RO,15,0
2026-07-20,RO,18,12
2026-07-20,RO,19,8
2026-07-20,UP,13,37
2026-07-20,UP,15,5
2026-07-20,UP,18,43
2026-07-20,UP,19,269
2026-07-20,YM,13,26
2026-07-20,YM,15,0
2026-07-20,YM,18,0
2026-07-20,YM,19,21
2026-07-19,BO,13,0
2026-07-19,BO,15,0
2026-07-19,BO,18,0
2026-07-19,BO,19,0
2026-07-19,EN,13,0
2026-07-19,EN,15,1
2026-07-19,EN,18,0
2026-07-19,EN,19,1
2026-07-19,FI,13,0
2026-07-19,FI,15,0
2026-07-19,FI,18,0
2026-07-19,FI,19,1
2026-07-19,IR,13,263
2026-07-19,IR,15,13
2026-07-19,IR,18,48
2026-07-19,IR,19,796
2026-07-19,IS,13,110
2026-07-19,IS,15,13
2026-07-19,IS,18,104
2026-07-19,IS,19,373
2026-07-19,LE,13,3
2026-07-19,LE,15,3
2026-07-19,LE,18,4
2026-07-19,LE,19,56
2026-07-19,LG,13,0
2026-07-19,LG,15,0
2026-07-19,LG,18,0
2026-07-19,LG,19,0
2026-07-19,LH,13,0
2026-07-19,LH,15,0
2026-07-19,LH,18,0
2026-07-19,LH,19,4
2026-07-19,MD,13,3
2026-07-19,MD,15,0
2026-07-19,MD,18,0
2026-07-19,MD,19,0
2026-07-19,PL,13,3
2026-07-19,PL,15,0
2026-07-19,PL,18,0
2026-07-19,PL,19,2
2026-07-19,RO,13,1
2026-07-19,RO,15,0
2026-07-19,RO,18,9
2026-07-19,RO,19,3
2026-07-19,UP,13,38
2026-07-19,UP,15,3
2026-07-19,UP,18,24
2026-07-19,UP,19,222
2026-07-19,YM,13,6
2026-07-19,YM,15,0
2026-07-19,YM,18,0
2026-07-19,YM,19,1
2026-07-18,BO,13,0
2026-07-18,BO,15,0
2026-07-18,BO,18,0
2026-07-18,BO,19,0
2026-07-18,EN,13,0
2026-07-18,EN,15,4
2026-07-18,EN,18,0
2026-07-18,EN,19,1
2026-07-18,FI,13,1
2026-07-18,FI,15,1
2026-07-18,FI,18,0
2026-07-18,FI,19,0
2026-07-18,IR,13,220
2026-07-18,IR,15,14
2026-07-18,IR,18,62
2026-07-18,IR,19,779
2026-07-18,IS,13,65
2026-07-18,IS,15,10
2026-07-18,IS,18,55
2026-07-18,IS,19,250
2026-07-18,LE,13,7
2026-07-18,LE,15,6
2026-07-18,LE,18,8
2026-07-18,LE,19,26
2026-07-18,LG,13,5
2026-07-18,LG,15,0
2026-07-18,LG,18,0
2026-07-18,LG,19,0
2026-07-18,LH,13,0
2026-07-18,LH,15,0
2026-07-18,LH,18,0
2026-07-18,LH,19,0
2026-07-18,MD,13,0
2026-07-18,MD,15,0
2026-07-18,MD,18,0
2026-07-18,MD,19,1
2026-07-18,PL,13,2
2026-07-18,PL,15,1
2026-07-18,PL,18,3
2026-07-18,PL,19,9
2026-07-18,RO,13,0
2026-07-18,RO,15,0
2026-07-18,RO,18,0
2026-07-18,RO,19,0
2026-07-18,UP,13,29
2026-07-18,UP,15,9
2026-07-18,UP,18,55
2026-07-18,UP,19,205
2026-07-18,YM,13,5
2026-07-18,YM,15,0
2026-07-18,YM,18,0
2026-07-18,YM,19,11
2026-07-17,BO,13,0
2026-07-17,BO,15,0
2026-07-17,BO,18,1
2026-07-17,BO,19,0
2026-07-17,EN,13,1
2026-07-17,EN,15,2
2026-07-17,EN,18,0
2026-07-17,EN,19,1
2026-07-17,FI,13,2
2026-07-17,FI,15,0
2026-07-17,FI,18,1
2026-07-17,FI,19,0
2026-07-17,IR,13,297
2026-07-17,IR,15,15
2026-07-17,IR,18,81
2026-07-17,IR,19,804
2026-07-17,IS,13,79
2026-07-17,IS,15,12
2026-07-17,IS,18,45
2026-07-17,IS,19,288
2026-07-17,LE,13,8
2026-07-17,LE,15,3
2026-07-17,LE,18,2
2026-07-17,LE,19,22
2026-07-17,LG,13,0
2026-07-17,LG,15,4
2026-07-17,LG,18,0
2026-07-17,LG,19,4
2026-07-17,LH,13,8
2026-07-17,LH,15,9
2026-07-17,LH,18,1
2026-07-17,LH,19,3
2026-07-17,MD,13,0
2026-07-17,MD,15,0
2026-07-17,MD,18,0
2026-07-17,MD,19,0
2026-07-17,PL,13,4
2026-07-17,PL,15,8
2026-07-17,PL,18,2
2026-07-17,PL,19,9
2026-07-17,RO,13,1
2026-07-17,RO,15,0
2026-07-17,RO,18,0
2026-07-17,RO,19,4
2026-07-17,UP,13,29
2026-07-17,UP,15,16
2026-07-17,UP,18,37
2026-07-17,UP,19,228
2026-07-17,YM,13,6
2026-07-17,YM,15,0
2026-07-17,YM,18,1
2026-07-17,YM,19,31
2026-07-16,BO,13,0
2026-07-16,BO,15,0
2026-07-16,BO,18,3
2026-07-16,BO,19,1
2026-07-16,EN,13,0
2026-07-16,EN,15,0
2026-07-16,EN,18,0
2026-07-16,EN,19,2
2026-07-16,FI,13,0
2026-07-16,FI,15,1
2026-07-16,FI,18,0
2026-07-16,FI,19,2
2026-07-16,IR,13,286
2026-07-16,IR,15,22
2026-07-16,IR,18,52
2026-07-16,IR,19,773
2026-07-16,IS,13,85
2026-07-16,IS,15,10
2026-07-16,IS,18,115
2026-07-16,IS,19,311
2026-07-16,LE,13,15
2026-07-16,LE,15,7
2026-07-16,LE,18,4
2026-07-16,LE,19,41
2026-07-16,LG,13,1
2026-07-16,LG,15,0
2026-07-16,LG,18,0
2026-07-16,LG,19,3
2026-07-16,LH,13,2
2026-07-16,LH,15,0
2026-07-16,LH,18,0
2026-07-16,LH,19,5
2026-07-16,MD,13,0
2026-07-16,MD,15,0
2026-07-16,MD,18,0
2026-07-16,MD,19,5
2026-07-16,PL,13,1
2026-07-16,PL,15,4
2026-07-16,PL,18,2
2026-07-16,PL,19,15
2026-07-16,RO,13,1
2026-07-16,RO,15,1
2026-07-16,RO,18,0
2026-07-16,RO,19,6
2026-07-16,UP,13,70
2026-07-16,UP,15,2
2026-07-16,UP,18,50
2026-07-16,UP,19,273
2026-07-16,YM,13,18
2026-07-16,YM,15,4
2026-07-16,YM,18,1
2026-07-16,YM,19,21
2026-07-15,BO,13,1
2026-07-15,BO,15,1
2026-07-15,BO,18,0
2026-07-15,BO,19,1
2026-07-15,EN,13,6
2026-07-15,EN,15,0
2026-07-15,EN,18,0
2026-07-15,EN,19,0
2026-07-15,FI,13,0
2026-07-15,FI,15,0
2026-07-15,FI,18,0
2026-07-15,FI,19,0
2026-07-15,IR,13,308
2026-07-15,IR,15,18
2026-07-15,IR,18,69
2026-07-15,IR,19,738
2026-07-15,IS,13,114
2026-07-15,IS,15,14
2026-07-15,IS,18,125
2026-07-15,IS,19,300
2026-07-15,LE,13,6
2026-07-15,LE,15,5
2026-07-15,LE,18,9
2026-07-15,LE,19,37
2026-07-15,LG,13,6
2026-07-15,LG,15,1
2026-07-15,LG,18,2
2026-07-15,LG,19,5
2026-07-15,LH,13,4
2026-07-15,LH,15,4
2026-07-15,LH,18,0
2026-07-15,LH,19,4
2026-07-15,MD,13,0
2026-07-15,MD,15,0
2026-07-15,MD,18,0
2026-07-15,MD,19,7
2026-07-15,PL,13,10
2026-07-15,PL,15,3
2026-07-15,PL,18,3
2026-07-15,PL,19,19
2026-07-15,RO,13,6
2026-07-15,RO,15,0
2026-07-15,RO,18,2
2026-07-15,RO,19,6
2026-07-15,UP,13,54
2026-07-15,UP,15,13
2026-07-15,UP,18,41
2026-07-15,UP,19,222
2026-07-15,YM,13,12
2026-07-15,YM,15,6
2026-07-15,YM,18,1
2026-07-15,YM,19,41
2026-07-14,BO,13,1
2026-07-14,BO,15,1
2026-07-14,BO,18,0
2026-07-14,BO,19,1
2026-07-14,EN,13,0
2026-07-14,EN,15,0
2026-07-14,EN,18,0
2026-07-14,EN,19,1
2026-07-14,FI,13,0
2026-07-14,FI,15,6
2026-07-14,FI,18,0
2026-07-14,FI,19,0
2026-07-14,IR,13,286
2026-07-14,IR,15,22
2026-07-14,IR,18,86
2026-07-14,IR,19,863
2026-07-14,IS,13,106
2026-07-14,IS,15,12
2026-07-14,IS,18,74
2026-07-14,IS,19,338
2026-07-14,LE,13,9
2026-07-14,LE,15,8
2026-07-14,LE,18,1
2026-07-14,LE,19,59
2026-07-14,LG,13,0
2026-07-14,LG,15,0
2026-07-14,LG,18,0
2026-07-14,LG,19,1
2026-07-14,LH,13,1
2026-07-14,LH,15,0
2026-07-14,LH,18,0
2026-07-14,LH,19,1
2026-07-14,MD,13,0
2026-07-14,MD,15,0
2026-07-14,MD,18,0
2026-07-14,MD,19,4
2026-07-14,PL,13,3
2026-07-14,PL,15,5
2026-07-14,PL,18,1
2026-07-14,PL,19,28
2026-07-14,RO,13,2
2026-07-14,RO,15,0
2026-07-14,RO,18,1
2026-07-14,RO,19,8
2026-07-14,UP,13,49
2026-07-14,UP,15,17
2026-07-14,UP,18,54
2026-07-14,UP,19,238
2026-07-14,YM,13,32
2026-07-14,YM,15,13
2026-07-14,YM,18,6
2026-07-14,YM,19,74
2026-07-13,BO,13,2
2026-07-13,BO,15,0
2026-07-13,BO,18,0
2026-07-13,BO,19,0
2026-07-13,EN,13,0
2026-07-13,EN,15,0
2026-07-13,EN,18,0
2026-07-13,EN,19,0
2026-07-13,FI,13,1
2026-07-13,FI,15,0
2026-07-13,FI,18,0
2026-07-13,FI,19,3
2026-07-13,IR,13,227
2026-07-13,IR,15,14
2026-07-13,IR,18,122
2026-07-13,IR,19,838
2026-07-13,IS,13,79
2026-07-13,IS,15,17
2026-07-13,IS,18,84
2026-07-13,IS,19,302
2026-07-13,LE,13,5
2026-07-13,LE,15,5
2026-07-13,LE,18,6
2026-07-13,LE,19,18
2026-07-13,LG,13,9
2026-07-13,LG,15,0
2026-07-13,LG,18,0
2026-07-13,LG,19,0
2026-07-13,LH,13,0
2026-07-13,LH,15,0
2026-07-13,LH,18,0
2026-07-13,LH,19,1
2026-07-13,MD,13,0
2026-07-13,MD,15,0
2026-07-13,MD,18,1
2026-07-13,MD,19,0
2026-07-13,PL,13,8
2026-07-13,PL,15,11
2026-07-13,PL,18,0
2026-07-13,PL,19,4
2026-07-13,RO,13,4
2026-07-13,RO,15,2
2026-07-13,RO,18,4
2026-07-13,RO,19,2
2026-07-13,UP,13,41
2026-07-13,UP,15,7
2026-07-13,UP,18,43
2026-07-13,UP,19,239
2026-07-13,YM,13,41
2026-07-13,YM,15,17
2026-07-13,YM,18,0
2026-07-13,YM,19,55
2026-07-12,BO,13,0
2026-07-12,BO,15,0
2026-07-12,BO,18,0
2026-07-12,BO,19,0
2026-07-12,EN,13,0
2026-07-12,EN,15,0
2026-07-12,EN,18,0
2026-07-12,EN,19,0
2026-07-12,FI,13,1
2026-07-12,FI,15,0
2026-07-12,FI,18,3
2026-07-12,FI,19,6
2026-07-12,IR,13,187
2026-07-12,IR,15,5
2026-07-12,IR,18,129
2026-07-12,IR,19,676
2026-07-12,IS,13,53
2026-07-12,IS,15,5
2026-07-12,IS,18,81
2026-07-12,IS,19,313
2026-07-12,LE,13,6
2026-07-12,LE,15,2
2026-07-12,LE,18,9
2026-07-12,LE,19,37
2026-07-12,LG,13,0
2026-07-12,LG,15,0
2026-07-12,LG,18,0
2026-07-12,LG,19,0
2026-07-12,LH,13,0
2026-07-12,LH,15,0
2026-07-12,LH,18,0
2026-07-12,LH,19,0
2026-07-12,MD,13,0
2026-07-12,MD,15,0
2026-07-12,MD,18,0
2026-07-12,MD,19,0
2026-07-12,PL,13,0
2026-07-12,PL,15,0
2026-07-12,PL,18,0
2026-07-12,PL,19,3
2026-07-12,RO,13,0
2026-07-12,RO,15,0
2026-07-12,RO,18,2
2026-07-12,RO,19,0
2026-07-12,UP,13,29
2026-07-12,UP,15,7
2026-07-12,UP,18,27
2026-07-12,UP,19,152
2026-07-12,YM,13,0
2026-07-12,YM,15,0
2026-07-12,YM,18,0
2026-07-12,YM,19,8
2026-07-11,BO,13,0
2026-07-11,BO,15,5
2026-07-11,BO,18,0
2026-07-11,BO,19,2
2026-07-11,EN,13,3
2026-07-11,EN,15,0
2026-07-11,EN,18,0
2026-07-11,EN,19,0
2026-07-11,FI,13,0
2026-07-11,FI,15,0
2026-07-11,FI,18,2
2026-07-11,FI,19,1
2026-07-11,IR,13,140
2026-07-11,IR,15,6
2026-07-11,IR,18,152
2026-07-11,IR,19,290
2026-07-11,IS,13,71
2026-07-11,IS,15,3
2026-07-11,IS,18,100
2026-07-11,IS,19,259
2026-07-11,LE,13,5
2026-07-11,LE,15,1
2026-07-11,LE,18,7
2026-07-11,LE,19,29
2026-07-11,LG,13,0
2026-07-11,LG,15,0
2026-07-11,LG,18,0
2026-07-11,LG,19,0
2026-07-11,LH,13,0
2026-07-11,LH,15,1
2026-07-11,LH,18,0
2026-07-11,LH,19,0
2026-07-11,MD,13,0
2026-07-11,MD,15,0
2026-07-11,MD,18,0
2026-07-11,MD,19,2
2026-07-11,PL,13,3
2026-07-11,PL,15,0
2026-07-11,PL,18,1
2026-07-11,PL,19,58
2026-07-11,RO,13,3
2026-07-11,RO,15,0
2026-07-11,RO,18,0
2026-07-11,RO,19,1
2026-07-11,UP,13,24
2026-07-11,UP,15,8
2026-07-11,UP,18,42
2026-07-11,UP,19,163
2026-07-11,YM,13,3
2026-07-11,YM,15,0
2026-07-11,YM,18,0
2026-07-11,YM,19,7
2026-07-10,BO,13,3
2026-07-10,BO,15,2
2026-07-10,BO,18,0
2026-07-10,BO,19,2
2026-07-10,EN,13,2
2026-07-10,EN,15,0
2026-07-10,EN,18,0
2026-07-10,EN,19,1
2026-07-10,FI,13,0
2026-07-10,FI,15,0
2026-07-10,FI,18,1
2026-07-10,FI,19,0
2026-07-10,IR,13,217
2026-07-10,IR,15,10
2026-07-10,IR,18,165
2026-07-10,IR,19,618
2026-07-10,IS,13,117
2026-07-10,IS,15,15
2026-07-10,IS,18,140
2026-07-10,IS,19,290
2026-07-10,LE,13,10
2026-07-10,LE,15,3
2026-07-10,LE,18,10
2026-07-10,LE,19,24
2026-07-10,LG,13,0
2026-07-10,LG,15,2
2026-07-10,LG,18,0
2026-07-10,LG,19,3
2026-07-10,LH,13,1
2026-07-10,LH,15,2
2026-07-10,LH,18,0
2026-07-10,LH,19,1
2026-07-10,MD,13,0
2026-07-10,MD,15,0
2026-07-10,MD,18,0
2026-07-10,MD,19,0
2026-07-10,PL,13,3
2026-07-10,PL,15,0
2026-07-10,PL,18,0
2026-07-10,PL,19,8
2026-07-10,RO,13,1
2026-07-10,RO,15,0
2026-07-10,RO,18,0
2026-07-10,RO,19,2
2026-07-10,UP,13,50
2026-07-10,UP,15,7
2026-07-10,UP,18,40
2026-07-10,UP,19,232
2026-07-10,YM,13,4
2026-07-10,YM,15,0
2026-07-10,YM,18,6
2026-07-10,YM,19,3
2026-07-09,BO,13,0
2026-07-09,BO,15,0
2026-07-09,BO,18,0
2026-07-09,BO,19,2
2026-07-09,EN,13,0
2026-07-09,EN,15,0
2026-07-09,EN,18,0
2026-07-09,EN,19,1
2026-07-09,FI,13,2
2026-07-09,FI,15,0
2026-07-09,FI,18,0
2026-07-09,FI,19,2
2026-07-09,IR,13,344
2026-07-09,IR,15,12
2026-07-09,IR,18,95
2026-07-09,IR,19,970
2026-07-09,IS,13,102
2026-07-09,IS,15,5
2026-07-09,IS,18,84
2026-07-09,IS,19,320
2026-07-09,LE,13,18
2026-07-09,LE,15,1
2026-07-09,LE,18,7
2026-07-09,LE,19,62
2026-07-09,LG,13,1
2026-07-09,LG,15,0
2026-07-09,LG,18,0
2026-07-09,LG,19,3
2026-07-09,LH,13,0
2026-07-09,LH,15,0
2026-07-09,LH,18,0
2026-07-09,LH,19,2
2026-07-09,MD,13,0
2026-07-09,MD,15,0
2026-07-09,MD,18,0
2026-07-09,MD,19,0
2026-07-09,PL,13,4
2026-07-09,PL,15,3
2026-07-09,PL,18,1
2026-07-09,PL,19,8
2026-07-09,RO,13,0
2026-07-09,RO,15,1
2026-07-09,RO,18,0
2026-07-09,RO,19,3
2026-07-09,UP,13,51
2026-07-09,UP,15,11
2026-07-09,UP,18,68
2026-07-09,UP,19,175
2026-07-09,YM,13,2
2026-07-09,YM,15,0
2026-07-09,YM,18,0
2026-07-09,YM,19,3
2026-07-08,BO,13,0
2026-07-08,BO,15,0
2026-07-08,BO,18,0
2026-07-08,BO,19,1
2026-07-08,EN,13,1
2026-07-08,EN,15,4
2026-07-08,EN,18,0
2026-07-08,EN,19,4
2026-07-08,FI,13,2
2026-07-08,FI,15,1
2026-07-08,FI,18,0
2026-07-08,FI,19,6
2026-07-08,IR,13,335
2026-07-08,IR,15,18
2026-07-08,IR,18,67
2026-07-08,IR,19,754
2026-07-08,IS,13,87
2026-07-08,IS,15,9
2026-07-08,IS,18,98
2026-07-08,IS,19,374
2026-07-08,LE,13,11
2026-07-08,LE,15,3
2026-07-08,LE,18,6
2026-07-08,LE,19,68
2026-07-08,LG,13,1
2026-07-08,LG,15,0
2026-07-08,LG,18,1
2026-07-08,LG,19,0
2026-07-08,LH,13,0
2026-07-08,LH,15,0
2026-07-08,LH,18,0
2026-07-08,LH,19,1
2026-07-08,MD,13,0
2026-07-08,MD,15,0
2026-07-08,MD,18,0
2026-07-08,MD,19,0
2026-07-08,PL,13,3
2026-07-08,PL,15,4
2026-07-08,PL,18,1
2026-07-08,PL,19,11
2026-07-08,RO,13,1
2026-07-08,RO,15,2
2026-07-08,RO,18,2
2026-07-08,RO,19,7
2026-07-08,UP,13,61
2026-07-08,UP,15,7
2026-07-08,UP,18,57
2026-07-08,UP,19,319
2026-07-08,YM,13,1
2026-07-08,YM,15,0
2026-07-08,YM,18,0
2026-07-08,YM,19,3
2026-07-07,BO,13,1
2026-07-07,BO,15,1
2026-07-07,BO,18,0
2026-07-07,BO,19,4
2026-07-07,EN,13,0
2026-07-07,EN,15,2
2026-07-07,EN,18,0
2026-07-07,EN,19,2
2026-07-07,FI,13,2
2026-07-07,FI,15,0
2026-07-07,FI,18,0
2026-07-07,FI,19,9
2026-07-07,IR,13,98
2026-07-07,IR,15,11
2026-07-07,IR,18,57
2026-07-07,IR,19,286
2026-07-07,IS,13,117
2026-07-07,IS,15,6
2026-07-07,IS,18,118
2026-07-07,IS,19,318
2026-07-07,LE,13,11
2026-07-07,LE,15,0
2026-07-07,LE,18,9
2026-07-07,LE,19,44
2026-07-07,LG,13,2
2026-07-07,LG,15,0
2026-07-07,LG,18,1
2026-07-07,LG,19,4
2026-07-07,LH,13,0
2026-07-07,LH,15,2
2026-07-07,LH,18,0
2026-07-07,LH,19,2
2026-07-07,MD,13,0
2026-07-07,MD,15,0
2026-07-07,MD,18,0
2026-07-07,MD,19,0
2026-07-07,PL,13,7
2026-07-07,PL,15,10
2026-07-07,PL,18,1
2026-07-07,PL,19,15
2026-07-07,RO,13,3
2026-07-07,RO,15,0
2026-07-07,RO,18,3
2026-07-07,RO,19,2
2026-07-07,UP,13,76
2026-07-07,UP,15,13
2026-07-07,UP,18,63
2026-07-07,UP,19,414
2026-07-07,YM,13,1
2026-07-07,YM,15,0
2026-07-07,YM,18,6
2026-07-07,YM,19,12
2026-07-06,BO,13,1
2026-07-06,BO,15,0
2026-07-06,BO,18,0
2026-07-06,BO,19,2
2026-07-06,EN,13,3
2026-07-06,EN,15,0
2026-07-06,EN,18,0
2026-07-06,EN,19,4
2026-07-06,FI,13,1
2026-07-06,FI,15,0
2026-07-06,FI,18,0
2026-07-06,FI,19,2
2026-07-06,IR,13,72
2026-07-06,IR,15,0
2026-07-06,IR,18,51
2026-07-06,IR,19,164
2026-07-06,IS,13,125
2026-07-06,IS,15,16
2026-07-06,IS,18,123
2026-07-06,IS,19,405
2026-07-06,LE,13,19
2026-07-06,LE,15,2
2026-07-06,LE,18,13
2026-07-06,LE,19,39
2026-07-06,LG,13,0
2026-07-06,LG,15,0
2026-07-06,LG,18,0
2026-07-06,LG,19,0
2026-07-06,LH,13,3
2026-07-06,LH,15,0
2026-07-06,LH,18,0
2026-07-06,LH,19,5
2026-07-06,MD,13,0
2026-07-06,MD,15,0
2026-07-06,MD,18,0
2026-07-06,MD,19,0
2026-07-06,PL,13,4
2026-07-06,PL,15,6
2026-07-06,PL,18,0
2026-07-06,PL,19,15
2026-07-06,RO,13,0
2026-07-06,RO,15,0
2026-07-06,RO,18,6
2026-07-06,RO,19,4
2026-07-06,UP,13,86
2026-07-06,UP,15,15
2026-07-06,UP,18,39
2026-07-06,UP,19,456
2026-07-06,YM,13,5
2026-07-06,YM,15,2
2026-07-06,YM,18,3
2026-07-06,YM,19,50
2026-07-05,BO,13,3
2026-07-05,BO,15,0
2026-07-05,BO,18,0
2026-07-05,BO,19,1
2026-07-05,EN,13,0
2026-07-05,EN,15,1
2026-07-05,EN,18,0
2026-07-05,EN,19,4
2026-07-05,FI,13,0
2026-07-05,FI,15,0
2026-07-05,FI,18,0
2026-07-05,FI,19,2
2026-07-05,IR,13,62
2026-07-05,IR,15,5
2026-07-05,IR,18,61
2026-07-05,IR,19,196
2026-07-05,IS,13,80
2026-07-05,IS,15,5
2026-07-05,IS,18,93
2026-07-05,IS,19,296
2026-07-05,LE,13,17
2026-07-05,LE,15,3
2026-07-05,LE,18,9
2026-07-05,LE,19,48
2026-07-05,LG,13,0
2026-07-05,LG,15,0
2026-07-05,LG,18,0
2026-07-05,LG,19,1
2026-07-05,LH,13,0
2026-07-05,LH,15,0
2026-07-05,LH,18,1
2026-07-05,LH,19,0
2026-07-05,MD,13,0
2026-07-05,MD,15,0
2026-07-05,MD,18,0
2026-07-05,MD,19,0
2026-07-05,PL,13,2
2026-07-05,PL,15,2
2026-07-05,PL,18,1
2026-07-05,PL,19,7
2026-07-05,RO,13,0
2026-07-05,RO,15,0
2026-07-05,RO,18,0
2026-07-05,RO,19,0
2026-07-05,UP,13,29
2026-07-05,UP,15,2
2026-07-05,UP,18,24
2026-07-05,UP,19,182
2026-07-05,YM,13,5
2026-07-05,YM,15,2
2026-07-05,YM,18,3
2026-07-05,YM,19,72
2026-07-04,BO,13,0
2026-07-04,BO,15,0
2026-07-04,BO,18,0
2026-07-04,BO,19,2
2026-07-04,EN,13,0
2026-07-04,EN,15,0
2026-07-04,EN,18,0
2026-07-04,EN,19,0
2026-07-04,FI,13,0
2026-07-04,FI,15,0
2026-07-04,FI,18,0
2026-07-04,FI,19,4
2026-07-04,IR,13,88
2026-07-04,IR,15,26
2026-07-04,IR,18,49
2026-07-04,IR,19,185
2026-07-04,IS,13,60
2026-07-04,IS,15,10
2026-07-04,IS,18,73
2026-07-04,IS,19,193
2026-07-04,LE,13,12
2026-07-04,LE,15,0
2026-07-04,LE,18,9
2026-07-04,LE,19,27
2026-07-04,LG,13,0
2026-07-04,LG,15,0
2026-07-04,LG,18,0
2026-07-04,LG,19,2
2026-07-04,LH,13,0
2026-07-04,LH,15,0
2026-07-04,LH,18,0
2026-07-04,LH,19,2
2026-07-04,MD,13,0
2026-07-04,MD,15,0
2026-07-04,MD,18,0
2026-07-04,MD,19,0
2026-07-04,PL,13,11
2026-07-04,PL,15,1
2026-07-04,PL,18,4
2026-07-04,PL,19,26
2026-07-04,RO,13,0
2026-07-04,RO,15,0
2026-07-04,RO,18,0
2026-07-04,RO,19,3
2026-07-04,UP,13,62
2026-07-04,UP,15,6
2026-07-04,UP,18,42
2026-07-04,UP,19,204
2026-07-04,YM,13,8
2026-07-04,YM,15,0
2026-07-04,YM,18,0
2026-07-04,YM,19,8
2026-07-03,BO,13,2
2026-07-03,BO,15,0
2026-07-03,BO,18,0
2026-07-03,BO,19,10
2026-07-03,EN,13,0
2026-07-03,EN,15,1
2026-07-03,EN,18,0
2026-07-03,EN,19,1
2026-07-03,FI,13,2
2026-07-03,FI,15,0
2026-07-03,FI,18,0
2026-07-03,FI,19,8
2026-07-03,IR,13,138
2026-07-03,IR,15,22
2026-07-03,IR,18,53
2026-07-03,IR,19,220
2026-07-03,IS,13,92
2026-07-03,IS,15,6
2026-07-03,IS,18,132
2026-07-03,IS,19,276
2026-07-03,LE,13,15
2026-07-03,LE,15,5
2026-07-03,LE,18,9
2026-07-03,LE,19,52
2026-07-03,LG,13,0
2026-07-03,LG,15,0
2026-07-03,LG,18,1
2026-07-03,LG,19,3
2026-07-03,LH,13,0
2026-07-03,LH,15,2
2026-07-03,LH,18,0
2026-07-03,LH,19,6
2026-07-03,MD,13,2
2026-07-03,MD,15,0
2026-07-03,MD,18,0
2026-07-03,MD,19,0
2026-07-03,PL,13,24
2026-07-03,PL,15,8
2026-07-03,PL,18,5
2026-07-03,PL,19,20
2026-07-03,RO,13,0
2026-07-03,RO,15,0
2026-07-03,RO,18,3
2026-07-03,RO,19,9
2026-07-03,UP,13,45
2026-07-03,UP,15,11
2026-07-03,UP,18,67
2026-07-03,UP,19,289
2026-07-03,YM,13,2
2026-07-03,YM,15,0
2026-07-03,YM,18,1
2026-07-03,YM,19,12
2026-07-02,BO,13,0
2026-07-02,BO,15,0
2026-07-02,BO,18,0
2026-07-02,BO,19,0
2026-07-02,EN,13,0
2026-07-02,EN,15,3
2026-07-02,EN,18,0
2026-07-02,EN,19,2
2026-07-02,FI,13,4
2026-07-02,FI,15,0
2026-07-02,FI,18,0
2026-07-02,FI,19,4
2026-07-02,IR,13,126
2026-07-02,IR,15,14
2026-07-02,IR,18,41
2026-07-02,IR,19,271
2026-07-02,IS,13,79
2026-07-02,IS,15,8
2026-07-02,IS,18,95
2026-07-02,IS,19,332
2026-07-02,LE,13,14
2026-07-02,LE,15,3
2026-07-02,LE,18,9
2026-07-02,LE,19,51
2026-07-02,LG,13,0
2026-07-02,LG,15,1
2026-07-02,LG,18,0
2026-07-02,LG,19,0
2026-07-02,LH,13,1
2026-07-02,LH,15,0
2026-07-02,LH,18,0
2026-07-02,LH,19,1
2026-07-02,MD,13,6
2026-07-02,MD,15,1
2026-07-02,MD,18,0
2026-07-02,MD,19,0
2026-07-02,PL,13,13
2026-07-02,PL,15,1
2026-07-02,PL,18,3
2026-07-02,PL,19,24
2026-07-02,RO,13,0
2026-07-02,RO,15,2
2026-07-02,RO,18,2
2026-07-02,RO,19,6
2026-07-02,UP,13,108
2026-07-02,UP,15,12
2026-07-02,UP,18,96
2026-07-02,UP,19,344
2026-07-02,YM,13,5
2026-07-02,YM,15,0
2026-07-02,YM,18,0
2026-07-02,YM,19,7
2026-07-01,BO,13,6
2026-07-01,BO,15,0
2026-07-01,BO,18,0
2026-07-01,BO,19,3
2026-07-01,EN,13,0
2026-07-01,EN,15,1
2026-07-01,EN,18,0
2026-07-01,EN,19,1
2026-07-01,FI,13,7
2026-07-01,FI,15,1
2026-07-01,FI,18,2
2026-07-01,FI,19,11
2026-07-01,IR,13,104
2026-07-01,IR,15,12
2026-07-01,IR,18,27
2026-07-01,IR,19,207
2026-07-01,IS,13,114
2026-07-01,IS,15,25
2026-07-01,IS,18,119
2026-07-01,IS,19,337
2026-07-01,LE,13,26
2026-07-01,LE,15,6
2026-07-01,LE,18,12
2026-07-01,LE,19,64
2026-07-01,LG,13,0
2026-07-01,LG,15,0
2026-07-01,LG,18,0
2026-07-01,LG,19,2
2026-07-01,LH,13,1
2026-07-01,LH,15,1
2026-07-01,LH,18,0
2026-07-01,LH,19,1
2026-07-01,MD,13,0
2026-07-01,MD,15,0
2026-07-01,MD,18,0
2026-07-01,MD,19,0
2026-07-01,PL,13,6
2026-07-01,PL,15,0
2026-07-01,PL,18,3
2026-07-01,PL,19,9
2026-07-01,RO,13,2
2026-07-01,RO,15,2
2026-07-01,RO,18,0
2026-07-01,RO,19,6
2026-07-01,UP,13,38
2026-07-01,UP,15,7
2026-07-01,UP,18,39
2026-07-01,UP,19,243
2026-07-01,YM,13,1
2026-07-01,YM,15,1
2026-07-01,YM,18,5
2026-07-01,YM,19,11
2026-06-30,BO,13,7
2026-06-30,BO,15,1
2026-06-30,BO,18,3
2026-06-30,BO,19,0
2026-06-30,EN,13,0
2026-06-30,EN,15,0
2026-06-30,EN,18,0
2026-06-30,EN,19,1
2026-06-30,FI,13,3
2026-06-30,FI,15,0
2026-06-30,FI,18,0
2026-06-30,FI,19,1
2026-06-30,IR,13,72
2026-06-30,IR,15,10
2026-06-30,IR,18,34
2026-06-30,IR,19,263
2026-06-30,IS,13,100
2026-06-30,IS,15,10
2026-06-30,IS,18,90
2026-06-30,IS,19,344
2026-06-30,LE,13,12
2026-06-30,LE,15,7
2026-06-30,LE,18,9
2026-06-30,LE,19,72
2026-06-30,LG,13,4
2026-06-30,LG,15,1
2026-06-30,LG,18,0
2026-06-30,LG,19,4
2026-06-30,LH,13,1
2026-06-30,LH,15,0
2026-06-30,LH,18,0
2026-06-30,LH,19,12
2026-06-30,MD,13,0
2026-06-30,MD,15,0
2026-06-30,MD,18,0
2026-06-30,MD,19,0
2026-06-30,PL,13,3
2026-06-30,PL,15,5
2026-06-30,PL,18,0
2026-06-30,PL,19,13
2026-06-30,RO,13,3
2026-06-30,RO,15,1
2026-06-30,RO,18,1
2026-06-30,RO,19,1
2026-06-30,UP,13,60
2026-06-30,UP,15,8
2026-06-30,UP,18,63
2026-06-30,UP,19,181
2026-06-30,YM,13,3
2026-06-30,YM,15,0
2026-06-30,YM,18,1
2026-06-30,YM,19,2
2026-06-29,BO,13,5
2026-06-29,BO,15,0
2026-06-29,BO,18,0
2026-06-29,BO,19,6
2026-06-29,EN,13,0
2026-06-29,EN,15,0
2026-06-29,EN,18,0
2026-06-29,EN,19,3
2026-06-29,FI,13,2
2026-06-29,FI,15,0
2026-06-29,FI,18,0
2026-06-29,FI,19,3
2026-06-29,IR,13,123
2026-06-29,IR,15,9
2026-06-29,IR,18,26
2026-06-29,IR,19,337
2026-06-29,IS,13,91
2026-06-29,IS,15,14
2026-06-29,IS,18,105
2026-06-29,IS,19,454
2026-06-29,LE,13,43
2026-06-29,LE,15,8
2026-06-29,LE,18,7
2026-06-29,LE,19,94
2026-06-29,LG,13,1
2026-06-29,LG,15,0
2026-06-29,LG,18,0
2026-06-29,LG,19,0
2026-06-29,LH,13,0
2026-06-29,LH,15,0
2026-06-29,LH,18,0
2026-06-29,LH,19,1
2026-06-29,MD,13,0
2026-06-29,MD,15,0
2026-06-29,MD,18,0
2026-06-29,MD,19,1
2026-06-29,PL,13,4
2026-06-29,PL,15,0
2026-06-29,PL,18,0
2026-06-29,PL,19,13
2026-06-29,RO,13,4
2026-06-29,RO,15,0
2026-06-29,RO,18,2
2026-06-29,RO,19,8
2026-06-29,UP,13,46
2026-06-29,UP,15,8
2026-06-29,UP,18,44
2026-06-29,UP,19,196
2026-06-29,YM,13,2
2026-06-29,YM,15,0
2026-06-29,YM,18,3
2026-06-29,YM,19,6
2026-06-28,BO,13,3
2026-06-28,BO,15,3
2026-06-28,BO,18,2
2026-06-28,BO,19,8
2026-06-28,EN,13,0
2026-06-28,EN,15,0
2026-06-28,EN,18,0
2026-06-28,EN,19,0
2026-06-28,FI,13,3
2026-06-28,FI,15,2
2026-06-28,FI,18,1
2026-06-28,FI,19,2
2026-06-28,IR,13,213
2026-06-28,IR,15,6
2026-06-28,IR,18,22
2026-06-28,IR,19,457
2026-06-28,IS,13,84
2026-06-28,IS,15,10
2026-06-28,IS,18,100
2026-06-28,IS,19,367
2026-06-28,LE,13,38
2026-06-28,LE,15,7
2026-06-28,LE,18,5
2026-06-28,LE,19,140
2026-06-28,LG,13,0
2026-06-28,LG,15,0
2026-06-28,LG,18,0
2026-06-28,LG,19,0
2026-06-28,LH,13,0
2026-06-28,LH,15,0
2026-06-28,LH,18,0
2026-06-28,LH,19,16
2026-06-28,MD,13,0
2026-06-28,MD,15,0
2026-06-28,MD,18,0
2026-06-28,MD,19,0
2026-06-28,PL,13,1
2026-06-28,PL,15,0
2026-06-28,PL,18,0
2026-06-28,PL,19,5
2026-06-28,RO,13,3
2026-06-28,RO,15,0
2026-06-28,RO,18,0
2026-06-28,RO,19,12
2026-06-28,UP,13,12
2026-06-28,UP,15,5
2026-06-28,UP,18,29
2026-06-28,UP,19,170
2026-06-28,YM,13,1
2026-06-28,YM,15,0
2026-06-28,YM,18,0
2026-06-28,YM,19,8
2026-06-27,BO,13,5
2026-06-27,BO,15,0
2026-06-27,BO,18,0
2026-06-27,BO,19,9
2026-06-27,EN,13,2
2026-06-27,EN,15,0
2026-06-27,EN,18,0
2026-06-27,EN,19,0
2026-06-27,FI,13,4
2026-06-27,FI,15,2
2026-06-27,FI,18,0
2026-06-27,FI,19,0
2026-06-27,IR,13,179
2026-06-27,IR,15,7
2026-06-27,IR,18,29
2026-06-27,IR,19,331
2026-06-27,IS,13,58
2026-06-27,IS,15,18
2026-06-27,IS,18,68
2026-06-27,IS,19,283
2026-06-27,LE,13,58
2026-06-27,LE,15,4
2026-06-27,LE,18,12
2026-06-27,LE,19,111
2026-06-27,LG,13,0
2026-06-27,LG,15,0
2026-06-27,LG,18,0
2026-06-27,LG,19,1
2026-06-27,LH,13,1
2026-06-27,LH,15,1
2026-06-27,LH,18,0
2026-06-27,LH,19,0
2026-06-27,MD,13,0
2026-06-27,MD,15,0
2026-06-27,MD,18,0
2026-06-27,MD,19,0
2026-06-27,PL,13,10
2026-06-27,PL,15,0
2026-06-27,PL,18,1
2026-06-27,PL,19,15
2026-06-27,RO,13,0
2026-06-27,RO,15,0
2026-06-27,RO,18,0
2026-06-27,RO,19,3
2026-06-27,UP,13,17
2026-06-27,UP,15,1
2026-06-27,UP,18,31
2026-06-27,UP,19,146
2026-06-27,YM,13,0
2026-06-27,YM,15,0
2026-06-27,YM,18,1
2026-06-27,YM,19,5
2026-06-26,BO,13,21
2026-06-26,BO,15,6
2026-06-26,BO,18,0
2026-06-26,BO,19,7
2026-06-26,EN,13,0
2026-06-26,EN,15,0
2026-06-26,EN,18,0
2026-06-26,EN,19,2
2026-06-26,FI,13,4
2026-06-26,FI,15,0
2026-06-26,FI,18,0
2026-06-26,FI,19,1
2026-06-26,IR,13,135
2026-06-26,IR,15,5
2026-06-26,IR,18,25
2026-06-26,IR,19,303
2026-06-26,IS,13,87
2026-06-26,IS,15,14
2026-06-26,IS,18,72
2026-06-26,IS,19,353
2026-06-26,LE,13,24
2026-06-26,LE,15,9
2026-06-26,LE,18,12
2026-06-26,LE,19,118
2026-06-26,LG,13,2
2026-06-26,LG,15,0
2026-06-26,LG,18,0
2026-06-26,LG,19,1
2026-06-26,LH,13,0
2026-06-26,LH,15,0
2026-06-26,LH,18,0
2026-06-26,LH,19,1
2026-06-26,MD,13,1
2026-06-26,MD,15,0
2026-06-26,MD,18,0
2026-06-26,MD,19,0
2026-06-26,PL,13,6
2026-06-26,PL,15,0
2026-06-26,PL,18,0
2026-06-26,PL,19,13
2026-06-26,RO,13,3
2026-06-26,RO,15,2
2026-06-26,RO,18,4
2026-06-26,RO,19,3
2026-06-26,UP,13,47
2026-06-26,UP,15,3
2026-06-26,UP,18,30
2026-06-26,UP,19,188
2026-06-26,YM,13,2
2026-06-26,YM,15,0
2026-06-26,YM,18,1
2026-06-26,YM,19,8
2026-06-25,BO,13,14
2026-06-25,BO,15,2
2026-06-25,BO,18,2
2026-06-25,BO,19,15
2026-06-25,EN,13,0
2026-06-25,EN,15,0
2026-06-25,EN,18,0
2026-06-25,EN,19,0
2026-06-25,FI,13,0
2026-06-25,FI,15,0
2026-06-25,FI,18,1
2026-06-25,FI,19,2
2026-06-25,IR,13,115
2026-06-25,IR,15,5
2026-06-25,IR,18,44
2026-06-25,IR,19,260
2026-06-25,IS,13,102
2026-06-25,IS,15,11
2026-06-25,IS,18,115
2026-06-25,IS,19,485
2026-06-25,LE,13,35
2026-06-25,LE,15,1
2026-06-25,LE,18,5
2026-06-25,LE,19,147
2026-06-25,LG,13,0
2026-06-25,LG,15,0
2026-06-25,LG,18,0
2026-06-25,LG,19,0
2026-06-25,LH,13,2
2026-06-25,LH,15,0
2026-06-25,LH,18,0
2026-06-25,LH,19,4
2026-06-25,MD,13,0
2026-06-25,MD,15,0
2026-06-25,MD,18,0
2026-06-25,MD,19,0
2026-06-25,PL,13,1
2026-06-25,PL,15,24
2026-06-25,PL,18,1
2026-06-25,PL,19,14
2026-06-25,RO,13,2
2026-06-25,RO,15,0
2026-06-25,RO,18,3
2026-06-25,RO,19,12
2026-06-25,UP,13,37
2026-06-25,UP,15,4
2026-06-25,UP,18,41
2026-06-25,UP,19,153
2026-06-25,YM,13,2
2026-06-25,YM,15,0
2026-06-25,YM,18,1
2026-06-25,YM,19,14
2026-06-24,BO,13,1
2026-06-24,BO,15,0
2026-06-24,BO,18,4
2026-06-24,BO,19,10
2026-06-24,EN,13,0
2026-06-24,EN,15,0
2026-06-24,EN,18,0
2026-06-24,EN,19,0
2026-06-24,FI,13,0
2026-06-24,FI,15,0
2026-06-24,FI,18,0
2026-06-24,FI,19,0
2026-06-24,IR,13,111
2026-06-24,IR,15,9
2026-06-24,IR,18,23
2026-06-24,IR,19,188
2026-06-24,IS,13,92
2026-06-24,IS,15,26
2026-06-24,IS,18,88
2026-06-24,IS,19,402
2026-06-24,LE,13,33
2026-06-24,LE,15,6
2026-06-24,LE,18,4
2026-06-24,LE,19,82
2026-06-24,LG,13,3
2026-06-24,LG,15,1
2026-06-24,LG,18,0
2026-06-24,LG,19,0
2026-06-24,LH,13,0
2026-06-24,LH,15,0
2026-06-24,LH,18,0
2026-06-24,LH,19,1
2026-06-24,MD,13,0
2026-06-24,MD,15,0
2026-06-24,MD,18,0
2026-06-24,MD,19,0
2026-06-24,PL,13,7
2026-06-24,PL,15,5
2026-06-24,PL,18,0
2026-06-24,PL,19,16
2026-06-24,RO,13,4
2026-06-24,RO,15,1
2026-06-24,RO,18,1
2026-06-24,RO,19,14
2026-06-24,UP,13,37
2026-06-24,UP,15,5
2026-06-24,UP,18,30
2026-06-24,UP,19,188
2026-06-24,YM,13,5
2026-06-24,YM,15,0
2026-06-24,YM,18,3
2026-06-24,YM,19,6
2026-06-23,BO,13,4
2026-06-23,BO,15,0
2026-06-23,BO,18,2
2026-06-23,BO,19,11
2026-06-23,EN,13,0
2026-06-23,EN,15,1
2026-06-23,EN,18,0
2026-06-23,EN,19,2
2026-06-23,FI,13,4
2026-06-23,FI,15,1
2026-06-23,FI,18,2
2026-06-23,FI,19,6
2026-06-23,IR,13,126
2026-06-23,IR,15,13
2026-06-23,IR,18,28
2026-06-23,IR,19,217
2026-06-23,IS,13,127
2026-06-23,IS,15,28
2026-06-23,IS,18,88
2026-06-23,IS,19,441
2026-06-23,LE,13,51
2026-06-23,LE,15,12
2026-06-23,LE,18,8
2026-06-23,LE,19,140
2026-06-23,LG,13,1
2026-06-23,LG,15,0
2026-06-23,LG,18,0
2026-06-23,LG,19,0
2026-06-23,LH,13,1
2026-06-23,LH,15,2
2026-06-23,LH,18,0
2026-06-23,LH,19,16
2026-06-23,MD,13,0
2026-06-23,MD,15,0
2026-06-23,MD,18,0
2026-06-23,MD,19,0
2026-06-23,PL,13,10
2026-06-23,PL,15,1
2026-06-23,PL,18,5
2026-06-23,PL,19,15
2026-06-23,RO,13,1
2026-06-23,RO,15,0
2026-06-23,RO,18,0
2026-06-23,RO,19,9
2026-06-23,UP,13,47
2026-06-23,UP,15,11
2026-06-23,UP,18,28
2026-06-23,UP,19,180
2026-06-23,YM,13,0
2026-06-23,YM,15,0
2026-06-23,YM,18,2
2026-06-23,YM,19,5
2026-06-22,BO,13,5
2026-06-22,BO,15,6
2026-06-22,BO,18,0
2026-06-22,BO,19,4
2026-06-22,EN,13,0
2026-06-22,EN,15,1
2026-06-22,EN,18,0
2026-06-22,EN,19,0
2026-06-22,FI,13,0
2026-06-22,FI,15,0
2026-06-22,FI,18,0
2026-06-22,FI,19,0
2026-06-22,IR,13,208
2026-06-22,IR,15,6
2026-06-22,IR,18,37
2026-06-22,IR,19,177
2026-06-22,IS,13,151
2026-06-22,IS,15,27
2026-06-22,IS,18,65
2026-06-22,IS,19,429
2026-06-22,LE,13,68
2026-06-22,LE,15,10
2026-06-22,LE,18,17
2026-06-22,LE,19,98
2026-06-22,LG,13,1
2026-06-22,LG,15,0
2026-06-22,LG,18,0
2026-06-22,LG,19,0
2026-06-22,LH,13,2
2026-06-22,LH,15,5
2026-06-22,LH,18,0
2026-06-22,LH,19,4
2026-06-22,MD,13,0
2026-06-22,MD,15,0
2026-06-22,MD,18,0
2026-06-22,MD,19,0
2026-06-22,PL,13,14
2026-06-22,PL,15,3
2026-06-22,PL,18,5
2026-06-22,PL,19,28
2026-06-22,RO,13,1
2026-06-22,RO,15,0
2026-06-22,RO,18,1
2026-06-22,RO,19,2
2026-06-22,UP,13,54
2026-06-22,UP,15,17
2026-06-22,UP,18,42
2026-06-22,UP,19,260
2026-06-22,YM,13,0
2026-06-22,YM,15,0
2026-06-22,YM,18,5
2026-06-22,YM,19,4
2026-06-21,BO,13,3
2026-06-21,BO,15,0
2026-06-21,BO,18,0
2026-06-21,BO,19,7
2026-06-21,EN,13,0
2026-06-21,EN,15,0
2026-06-21,EN,18,0
2026-06-21,EN,19,0
2026-06-21,FI,13,0
2026-06-21,FI,15,0
2026-06-21,FI,18,0
2026-06-21,FI,19,0
2026-06-21,IR,13,149
2026-06-21,IR,15,3
2026-06-21,IR,18,48
2026-06-21,IR,19,163
2026-06-21,IS,13,87
2026-06-21,IS,15,19
2026-06-21,IS,18,72
2026-06-21,IS,19,515
2026-06-21,LE,13,58
2026-06-21,LE,15,7
2026-06-21,LE,18,14
2026-06-21,LE,19,227
2026-06-21,LG,13,0
2026-06-21,LG,15,0
2026-06-21,LG,18,0
2026-06-21,LG,19,0
2026-06-21,LH,13,2
2026-06-21,LH,15,0
2026-06-21,LH,18,0
2026-06-21,LH,19,0
2026-06-21,MD,13,0
2026-06-21,MD,15,0
2026-06-21,MD,18,0
2026-06-21,MD,19,0
2026-06-21,PL,13,7
2026-06-21,PL,15,0
2026-06-21,PL,18,1
2026-06-21,PL,19,8
2026-06-21,RO,13,0
2026-06-21,RO,15,0
2026-06-21,RO,18,0
2026-06-21,RO,19,0
2026-06-21,UP,13,39
2026-06-21,UP,15,4
2026-06-21,UP,18,22
2026-06-21,UP,19,171
2026-06-21,YM,13,0
2026-06-21,YM,15,0
2026-06-21,YM,18,0
2026-06-21,YM,19,1
2026-06-20,BO,13,18
2026-06-20,BO,15,1
2026-06-20,BO,18,0
2026-06-20,BO,19,8
2026-06-20,EN,13,1
2026-06-20,EN,15,0
2026-06-20,EN,18,0
2026-06-20,EN,19,0
2026-06-20,FI,13,3
2026-06-20,FI,15,0
2026-06-20,FI,18,0
2026-06-20,FI,19,1
2026-06-20,IR,13,109
2026-06-20,IR,15,2
2026-06-20,IR,18,22
2026-06-20,IR,19,181
2026-06-20,IS,13,116
2026-06-20,IS,15,4
2026-06-20,IS,18,75
2026-06-20,IS,19,540
2026-06-20,LE,13,50
2026-06-20,LE,15,7
2026-06-20,LE,18,27
2026-06-20,LE,19,328
2026-06-20,LG,13,0
2026-06-20,LG,15,0
2026-06-20,LG,18,0
2026-06-20,LG,19,0
2026-06-20,LH,13,0
2026-06-20,LH,15,0
2026-06-20,LH,18,0
2026-06-20,LH,19,0
2026-06-20,MD,13,0
2026-06-20,MD,15,0
2026-06-20,MD,18,0
2026-06-20,MD,19,0
2026-06-20,PL,13,11
2026-06-20,PL,15,0
2026-06-20,PL,18,2
2026-06-20,PL,19,17
2026-06-20,RO,13,0
2026-06-20,RO,15,1
2026-06-20,RO,18,0
2026-06-20,RO,19,0
2026-06-20,UP,13,50
2026-06-20,UP,15,2
2026-06-20,UP,18,28
2026-06-20,UP,19,154
2026-06-20,YM,13,0
2026-06-20,YM,15,0
2026-06-20,YM,18,0
2026-06-20,YM,19,2
2026-06-19,BO,13,5
2026-06-19,BO,15,0
2026-06-19,BO,18,2
2026-06-19,BO,19,9
2026-06-19,EN,13,0
2026-06-19,EN,15,0
2026-06-19,EN,18,0
2026-06-19,EN,19,1
2026-06-19,FI,13,0
2026-06-19,FI,15,0
2026-06-19,FI,18,2
2026-06-19,FI,19,1
2026-06-19,IR,13,161
2026-06-19,IR,15,28
2026-06-19,IR,18,57
2026-06-19,IR,19,283
2026-06-19,IS,13,170
2026-06-19,IS,15,18
2026-06-19,IS,18,90
2026-06-19,IS,19,592
2026-06-19,LE,13,59
2026-06-19,LE,15,4
2026-06-19,LE,18,38
2026-06-19,LE,19,356
2026-06-19,LG,13,0
2026-06-19,LG,15,0
2026-06-19,LG,18,0
2026-06-19,LG,19,1
2026-06-19,LH,13,0
2026-06-19,LH,15,0
2026-06-19,LH,18,0
2026-06-19,LH,19,2
2026-06-19,MD,13,0
2026-06-19,MD,15,0
2026-06-19,MD,18,0
2026-06-19,MD,19,0
2026-06-19,PL,13,4
2026-06-19,PL,15,1
2026-06-19,PL,18,0
2026-06-19,PL,19,9
2026-06-19,RO,13,2
2026-06-19,RO,15,2
2026-06-19,RO,18,1
2026-06-19,RO,19,6
2026-06-19,UP,13,37
2026-06-19,UP,15,5
2026-06-19,UP,18,44
2026-06-19,UP,19,161
2026-06-19,YM,13,0
2026-06-19,YM,15,0
2026-06-19,YM,18,1
2026-06-19,YM,19,6
2026-06-18,BO,13,2
2026-06-18,BO,15,4
2026-06-18,BO,18,2
2026-06-18,BO,19,6
2026-06-18,EN,13,1
2026-06-18,EN,15,0
2026-06-18,EN,18,0
2026-06-18,EN,19,0
2026-06-18,FI,13,5
2026-06-18,FI,15,3
2026-06-18,FI,18,1
2026-06-18,FI,19,0
2026-06-18,IR,13,168
2026-06-18,IR,15,16
2026-06-18,IR,18,52
2026-06-18,IR,19,264
2026-06-18,IS,13,153
2026-06-18,IS,15,24
2026-06-18,IS,18,105
2026-06-18,IS,19,492
2026-06-18,LE,13,42
2026-06-18,LE,15,6
2026-06-18,LE,18,14
2026-06-18,LE,19,156
2026-06-18,LG,13,0
2026-06-18,LG,15,0
2026-06-18,LG,18,0
2026-06-18,LG,19,1
2026-06-18,LH,13,0
2026-06-18,LH,15,1
2026-06-18,LH,18,0
2026-06-18,LH,19,3
2026-06-18,MD,13,0
2026-06-18,MD,15,0
2026-06-18,MD,18,0
2026-06-18,MD,19,0
2026-06-18,PL,13,1
2026-06-18,PL,15,5
2026-06-18,PL,18,6
2026-06-18,PL,19,36
2026-06-18,RO,13,2
2026-06-18,RO,15,0
2026-06-18,RO,18,0
2026-06-18,RO,19,0
2026-06-18,UP,13,36
2026-06-18,UP,15,10
2026-06-18,UP,18,47
2026-06-18,UP,19,256
2026-06-18,YM,13,1
2026-06-18,YM,15,0
2026-06-18,YM,18,0
2026-06-18,YM,19,6
2026-06-17,BO,13,2
2026-06-17,BO,15,0
2026-06-17,BO,18,0
2026-06-17,BO,19,14
2026-06-17,EN,13,1
2026-06-17,EN,15,0
2026-06-17,EN,18,0
2026-06-17,EN,19,2
2026-06-17,FI,13,1
2026-06-17,FI,15,0
2026-06-17,FI,18,2
2026-06-17,FI,19,2
2026-06-17,IR,13,120
2026-06-17,IR,15,9
2026-06-17,IR,18,32
2026-06-17,IR,19,264
2026-06-17,IS,13,119
2026-06-17,IS,15,16
2026-06-17,IS,18,117
2026-06-17,IS,19,408
2026-06-17,LE,13,29
2026-06-17,LE,15,10
2026-06-17,LE,18,21
2026-06-17,LE,19,132
2026-06-17,LG,13,0
2026-06-17,LG,15,0
2026-06-17,LG,18,0
2026-06-17,LG,19,0
2026-06-17,LH,13,3
2026-06-17,LH,15,4
2026-06-17,LH,18,2
2026-06-17,LH,19,2
2026-06-17,MD,13,1
2026-06-17,MD,15,0
2026-06-17,MD,18,0
2026-06-17,MD,19,0
2026-06-17,PL,13,6
2026-06-17,PL,15,2
2026-06-17,PL,18,8
2026-06-17,PL,19,53
2026-06-17,RO,13,4
2026-06-17,RO,15,0
2026-06-17,RO,18,5
2026-06-17,RO,19,2
2026-06-17,UP,13,29
2026-06-17,UP,15,3
2026-06-17,UP,18,34
2026-06-17,UP,19,144
2026-06-17,YM,13,2
2026-06-17,YM,15,0
2026-06-17,YM,18,1
2026-06-17,YM,19,4
2026-06-16,BO,13,7
2026-06-16,BO,15,4
2026-06-16,BO,18,1
2026-06-16,BO,19,24
2026-06-16,EN,13,0
2026-06-16,EN,15,0
2026-06-16,EN,18,0
2026-06-16,EN,19,4
2026-06-16,FI,13,0
2026-06-16,FI,15,0
2026-06-16,FI,18,0
2026-06-16,FI,19,5
2026-06-16,IR,13,137
2026-06-16,IR,15,20
2026-06-16,IR,18,39
2026-06-16,IR,19,248
2026-06-16,IS,13,129
2026-06-16,IS,15,19
2026-06-16,IS,18,59
2026-06-16,IS,19,407
2026-06-16,LE,13,31
2026-06-16,LE,15,6
2026-06-16,LE,18,26
2026-06-16,LE,19,126
2026-06-16,LG,13,0
2026-06-16,LG,15,0
2026-06-16,LG,18,0
2026-06-16,LG,19,5
2026-06-16,LH,13,0
2026-06-16,LH,15,0
2026-06-16,LH,18,2
2026-06-16,LH,19,5
2026-06-16,MD,13,1
2026-06-16,MD,15,0
2026-06-16,MD,18,0
2026-06-16,MD,19,3
2026-06-16,PL,13,3
2026-06-16,PL,15,5
2026-06-16,PL,18,8
2026-06-16,PL,19,83
2026-06-16,RO,13,4
2026-06-16,RO,15,3
2026-06-16,RO,18,6
2026-06-16,RO,19,3
2026-06-16,UP,13,27
2026-06-16,UP,15,16
2026-06-16,UP,18,54
2026-06-16,UP,19,169
2026-06-16,YM,13,2
2026-06-16,YM,15,0
2026-06-16,YM,18,2
2026-06-16,YM,19,3
2026-06-15,BO,13,2
2026-06-15,BO,15,0
2026-06-15,BO,18,0
2026-06-15,BO,19,0
2026-06-15,EN,13,2
2026-06-15,EN,15,7
2026-06-15,EN,18,0
2026-06-15,EN,19,14
2026-06-15,FI,13,0
2026-06-15,FI,15,0
2026-06-15,FI,18,0
2026-06-15,FI,19,2
2026-06-15,IR,13,208
2026-06-15,IR,15,11
2026-06-15,IR,18,73
2026-06-15,IR,19,359
2026-06-15,IS,13,205
2026-06-15,IS,15,16
2026-06-15,IS,18,107
2026-06-15,IS,19,501
2026-06-15,LE,13,63
2026-06-15,LE,15,2
2026-06-15,LE,18,16
2026-06-15,LE,19,163
2026-06-15,LG,13,1
2026-06-15,LG,15,0
2026-06-15,LG,18,0
2026-06-15,LG,19,5
2026-06-15,LH,13,0
2026-06-15,LH,15,0
2026-06-15,LH,18,0
2026-06-15,LH,19,1
2026-06-15,MD,13,0
2026-06-15,MD,15,0
2026-06-15,MD,18,0
2026-06-15,MD,19,4
2026-06-15,PL,13,1
2026-06-15,PL,15,6
2026-06-15,PL,18,0
2026-06-15,PL,19,7
2026-06-15,RO,13,2
2026-06-15,RO,15,1
2026-06-15,RO,18,5
2026-06-15,RO,19,0
2026-06-15,UP,13,40
2026-06-15,UP,15,0
2026-06-15,UP,18,106
2026-06-15,UP,19,340
2026-06-15,YM,13,0
2026-06-15,YM,15,1
2026-06-15,YM,18,0
2026-06-15,YM,19,7
2026-06-14,BO,13,0
2026-06-14,BO,15,0
2026-06-14,BO,18,0
2026-06-14,BO,19,0
2026-06-14,EN,13,0
2026-06-14,EN,15,0
2026-06-14,EN,18,0
2026-06-14,EN,19,0
2026-06-14,FI,13,0
2026-06-14,FI,15,1
2026-06-14,FI,18,0
2026-06-14,FI,19,0
2026-06-14,IR,13,162
2026-06-14,IR,15,1
2026-06-14,IR,18,40
2026-06-14,IR,19,213
2026-06-14,IS,13,159
2026-06-14,IS,15,13
2026-06-14,IS,18,67
2026-06-14,IS,19,425
2026-06-14,LE,13,83
2026-06-14,LE,15,2
2026-06-14,LE,18,13
2026-06-14,LE,19,176
2026-06-14,LG,13,0
2026-06-14,LG,15,0
2026-06-14,LG,18,0
2026-06-14,LG,19,1
2026-06-14,LH,13,0
2026-06-14,LH,15,0
2026-06-14,LH,18,0
2026-06-14,LH,19,0
2026-06-14,MD,13,0
2026-06-14,MD,15,0
2026-06-14,MD,18,0
2026-06-14,MD,19,0
2026-06-14,PL,13,1
2026-06-14,PL,15,0
2026-06-14,PL,18,0
2026-06-14,PL,19,3
2026-06-14,RO,13,0
2026-06-14,RO,15,0
2026-06-14,RO,18,2
2026-06-14,RO,19,2
2026-06-14,UP,13,23
2026-06-14,UP,15,3
2026-06-14,UP,18,19
2026-06-14,UP,19,85
2026-06-14,YM,13,0
2026-06-14,YM,15,0
2026-06-14,YM,18,0
2026-06-14,YM,19,0
2026-06-13,BO,13,0
2026-06-13,BO,15,0
2026-06-13,BO,18,1
2026-06-13,BO,19,3
2026-06-13,EN,13,2
2026-06-13,EN,15,0
2026-06-13,EN,18,0
2026-06-13,EN,19,2
2026-06-13,FI,13,2
2026-06-13,FI,15,0
2026-06-13,FI,18,0
2026-06-13,FI,19,6
2026-06-13,IR,13,143
2026-06-13,IR,15,3
2026-06-13,IR,18,52
2026-06-13,IR,19,282
2026-06-13,IS,13,64
2026-06-13,IS,15,7
2026-06-13,IS,18,54
2026-06-13,IS,19,322
2026-06-13,LE,13,21
2026-06-13,LE,15,3
2026-06-13,LE,18,12
2026-06-13,LE,19,80
2026-06-13,LG,13,0
2026-06-13,LG,15,0
2026-06-13,LG,18,0
2026-06-13,LG,19,1
2026-06-13,LH,13,0
2026-06-13,LH,15,0
2026-06-13,LH,18,0
2026-06-13,LH,19,2
2026-06-13,MD,13,0
2026-06-13,MD,15,0
2026-06-13,MD,18,0
2026-06-13,MD,19,0
2026-06-13,PL,13,4
2026-06-13,PL,15,0
2026-06-13,PL,18,1
2026-06-13,PL,19,0
2026-06-13,RO,13,0
2026-06-13,RO,15,0
2026-06-13,RO,18,3
2026-06-13,RO,19,1
2026-06-13,UP,13,21
2026-06-13,UP,15,6
2026-06-13,UP,18,50
2026-06-13,UP,19,111
2026-06-13,YM,13,4
2026-06-13,YM,15,0
2026-06-13,YM,18,0
2026-06-13,YM,19,1
2026-06-12,BO,13,0
2026-06-12,BO,15,0
2026-06-12,BO,18,0
2026-06-12,BO,19,0
2026-06-12,EN,13,4
2026-06-12,EN,15,0
2026-06-12,EN,18,0
2026-06-12,EN,19,0
2026-06-12,FI,13,1
2026-06-12,FI,15,0
2026-06-12,FI,18,0
2026-06-12,FI,19,1
2026-06-12,IR,13,201
2026-06-12,IR,15,7
2026-06-12,IR,18,54
2026-06-12,IR,19,399
2026-06-12,IS,13,83
2026-06-12,IS,15,6
2026-06-12,IS,18,67
2026-06-12,IS,19,347
2026-06-12,LE,13,22
2026-06-12,LE,15,6
2026-06-12,LE,18,6
2026-06-12,LE,19,86
2026-06-12,LG,13,0
2026-06-12,LG,15,2
2026-06-12,LG,18,0
2026-06-12,LG,19,2
2026-06-12,LH,13,2
2026-06-12,LH,15,0
2026-06-12,LH,18,0
2026-06-12,LH,19,1
2026-06-12,MD,13,0
2026-06-12,MD,15,0
2026-06-12,MD,18,0
2026-06-12,MD,19,1
2026-06-12,PL,13,0
2026-06-12,PL,15,0
2026-06-12,PL,18,1
2026-06-12,PL,19,6
2026-06-12,RO,13,3
2026-06-12,RO,15,0
2026-06-12,RO,18,5
2026-06-12,RO,19,11
2026-06-12,UP,13,41
2026-06-12,UP,15,7
2026-06-12,UP,18,39
2026-06-12,UP,19,160
2026-06-12,YM,13,0
2026-06-12,YM,15,0
2026-06-12,YM,18,0
2026-06-12,YM,19,4
2026-06-11,BO,13,6
2026-06-11,BO,15,5
2026-06-11,BO,18,0
2026-06-11,BO,19,2
2026-06-11,EN,13,0
2026-06-11,EN,15,0
2026-06-11,EN,18,0
2026-06-11,EN,19,4
2026-06-11,FI,13,1
2026-06-11,FI,15,0
2026-06-11,FI,18,0
2026-06-11,FI,19,4
2026-06-11,IR,13,452
2026-06-11,IR,15,11
2026-06-11,IR,18,69
2026-06-11,IR,19,1090
2026-06-11,IS,13,136
2026-06-11,IS,15,14
2026-06-11,IS,18,100
2026-06-11,IS,19,422
2026-06-11,LE,13,24
2026-06-11,LE,15,4
2026-06-11,LE,18,16
2026-06-11,LE,19,149
2026-06-11,LG,13,1
2026-06-11,LG,15,1
2026-06-11,LG,18,0
2026-06-11,LG,19,0
2026-06-11,LH,13,0
2026-06-11,LH,15,1
2026-06-11,LH,18,0
2026-06-11,LH,19,1
2026-06-11,MD,13,0
2026-06-11,MD,15,0
2026-06-11,MD,18,0
2026-06-11,MD,19,2
2026-06-11,PL,13,3
2026-06-11,PL,15,1
2026-06-11,PL,18,5
2026-06-11,PL,19,7
2026-06-11,RO,13,0
2026-06-11,RO,15,0
2026-06-11,RO,18,9
2026-06-11,RO,19,3
2026-06-11,UP,13,27
2026-06-11,UP,15,3
2026-06-11,UP,18,23
2026-06-11,UP,19,120
2026-06-11,YM,13,1
2026-06-11,YM,15,1
2026-06-11,YM,18,1
2026-06-11,YM,19,13
2026-06-10,BO,13,0
2026-06-10,BO,15,0
2026-06-10,BO,18,0
2026-06-10,BO,19,0
2026-06-10,EN,13,3
2026-06-10,EN,15,0
2026-06-10,EN,18,0
2026-06-10,EN,19,8
2026-06-10,FI,13,3
2026-06-10,FI,15,2
2026-06-10,FI,18,0
2026-06-10,FI,19,2
2026-06-10,IR,13,364
2026-06-10,IR,15,9
2026-06-10,IR,18,44
2026-06-10,IR,19,1134
2026-06-10,IS,13,178
2026-06-10,IS,15,15
2026-06-10,IS,18,139
2026-06-10,IS,19,726
2026-06-10,LE,13,60
2026-06-10,LE,15,2
2026-06-10,LE,18,11
2026-06-10,LE,19,225
2026-06-10,LG,13,1
2026-06-10,LG,15,2
2026-06-10,LG,18,0
2026-06-10,LG,19,11
2026-06-10,LH,13,0
2026-06-10,LH,15,0
2026-06-10,LH,18,0
2026-06-10,LH,19,7
2026-06-10,MD,13,0
2026-06-10,MD,15,0
2026-06-10,MD,18,0
2026-06-10,MD,19,0
2026-06-10,PL,13,6
2026-06-10,PL,15,0
2026-06-10,PL,18,0
2026-06-10,PL,19,1
2026-06-10,RO,13,1
2026-06-10,RO,15,4
2026-06-10,RO,18,9
2026-06-10,RO,19,3
2026-06-10,UP,13,29
2026-06-10,UP,15,4
2026-06-10,UP,18,36
2026-06-10,UP,19,173
2026-06-10,YM,13,9
2026-06-10,YM,15,0
2026-06-10,YM,18,0
2026-06-10,YM,19,26
2026-06-09,BO,13,3
2026-06-09,BO,15,0
2026-06-09,BO,18,0
2026-06-09,BO,19,2
2026-06-09,EN,13,1
2026-06-09,EN,15,2
2026-06-09,EN,18,0
2026-06-09,EN,19,4
2026-06-09,FI,13,5
2026-06-09,FI,15,1
2026-06-09,FI,18,0
2026-06-09,FI,19,0
2026-06-09,IR,13,267
2026-06-09,IR,15,23
2026-06-09,IR,18,39
2026-06-09,IR,19,715
2026-06-09,IS,13,329
2026-06-09,IS,15,31
2026-06-09,IS,18,167
2026-06-09,IS,19,865
2026-06-09,LE,13,100
2026-06-09,LE,15,6
2026-06-09,LE,18,13
2026-06-09,LE,19,222
2026-06-09,LG,13,3
2026-06-09,LG,15,3
2026-06-09,LG,18,0
2026-06-09,LG,19,19
2026-06-09,LH,13,0
2026-06-09,LH,15,0
2026-06-09,LH,18,0
2026-06-09,LH,19,6
2026-06-09,MD,13,0
2026-06-09,MD,15,0
2026-06-09,MD,18,1
2026-06-09,MD,19,5
2026-06-09,PL,13,0
2026-06-09,PL,15,2
2026-06-09,PL,18,4
2026-06-09,PL,19,9
2026-06-09,RO,13,0
2026-06-09,RO,15,0
2026-06-09,RO,18,9
2026-06-09,RO,19,4
2026-06-09,UP,13,22
2026-06-09,UP,15,4
2026-06-09,UP,18,41
2026-06-09,UP,19,197
2026-06-09,YM,13,5
2026-06-09,YM,15,0
2026-06-09,YM,18,0
2026-06-09,YM,19,24
2026-06-08,BO,13,1
2026-06-08,BO,15,2
2026-06-08,BO,18,0
2026-06-08,BO,19,5
2026-06-08,EN,13,1
2026-06-08,EN,15,0
2026-06-08,EN,18,0
2026-06-08,EN,19,11
2026-06-08,FI,13,1
2026-06-08,FI,15,0
2026-06-08,FI,18,0
2026-06-08,FI,19,8
2026-06-08,IR,13,491
2026-06-08,IR,15,28
2026-06-08,IR,18,125
2026-06-08,IR,19,1177
2026-06-08,IS,13,431
2026-06-08,IS,15,38
2026-06-08,IS,18,103
2026-06-08,IS,19,1381
2026-06-08,LE,13,105
2026-06-08,LE,15,8
2026-06-08,LE,18,18
2026-06-08,LE,19,328
2026-06-08,LG,13,6
2026-06-08,LG,15,5
2026-06-08,LG,18,0
2026-06-08,LG,19,64
2026-06-08,LH,13,1
2026-06-08,LH,15,2
2026-06-08,LH,18,0
2026-06-08,LH,19,5
2026-06-08,MD,13,0
2026-06-08,MD,15,1
2026-06-08,MD,18,2
2026-06-08,MD,19,5
2026-06-08,PL,13,2
2026-06-08,PL,15,1
2026-06-08,PL,18,1
2026-06-08,PL,19,11
2026-06-08,RO,13,6
2026-06-08,RO,15,3
2026-06-08,RO,18,2
2026-06-08,RO,19,23
2026-06-08,UP,13,22
2026-06-08,UP,15,13
2026-06-08,UP,18,27
2026-06-08,UP,19,186
2026-06-08,YM,13,10
2026-06-08,YM,15,0
2026-06-08,YM,18,0
2026-06-08,YM,19,70
2026-06-07,BO,13,0
2026-06-07,BO,15,0
2026-06-07,BO,18,0
2026-06-07,BO,19,0
2026-06-07,EN,13,0
2026-06-07,EN,15,0
2026-06-07,EN,18,0
2026-06-07,EN,19,0
2026-06-07,FI,13,0
2026-06-07,FI,15,5
2026-06-07,FI,18,0
2026-06-07,FI,19,6
2026-06-07,IR,13,181
2026-06-07,IR,15,4
2026-06-07,IR,18,40
2026-06-07,IR,19,433
2026-06-07,IS,13,178
2026-06-07,IS,15,30
2026-06-07,IS,18,102
2026-06-07,IS,19,782
2026-06-07,LE,13,68
2026-06-07,LE,15,2
2026-06-07,LE,18,18
2026-06-07,LE,19,268
2026-06-07,LG,13,0
2026-06-07,LG,15,0
2026-06-07,LG,18,0
2026-06-07,LG,19,1
2026-06-07,LH,13,0
2026-06-07,LH,15,0
2026-06-07,LH,18,0
2026-06-07,LH,19,0
2026-06-07,MD,13,0
2026-06-07,MD,15,0
2026-06-07,MD,18,1
2026-06-07,MD,19,0
2026-06-07,PL,13,0
2026-06-07,PL,15,2
2026-06-07,PL,18,1
2026-06-07,PL,19,5
2026-06-07,RO,13,2
2026-06-07,RO,15,0
2026-06-07,RO,18,0
2026-06-07,RO,19,2
2026-06-07,UP,13,20
2026-06-07,UP,15,3
2026-06-07,UP,18,20
2026-06-07,UP,19,131
2026-06-07,YM,13,4
2026-06-07,YM,15,0
2026-06-07,YM,18,2
2026-06-07,YM,19,0
2026-06-06,BO,13,0
2026-06-06,BO,15,0
2026-06-06,BO,18,0
2026-06-06,BO,19,1
2026-06-06,EN,13,0
2026-06-06,EN,15,0
2026-06-06,EN,18,0
2026-06-06,EN,19,1
2026-06-06,FI,13,0
2026-06-06,FI,15,1
2026-06-06,FI,18,0
2026-06-06,FI,19,2
2026-06-06,IR,13,102
2026-06-06,IR,15,8
2026-06-06,IR,18,31
2026-06-06,IR,19,358
2026-06-06,IS,13,78
2026-06-06,IS,15,10
2026-06-06,IS,18,90
2026-06-06,IS,19,497
2026-06-06,LE,13,30
2026-06-06,LE,15,5
2026-06-06,LE,18,20
2026-06-06,LE,19,234
2026-06-06,LG,13,0
2026-06-06,LG,15,0
2026-06-06,LG,18,0
2026-06-06,LG,19,1
2026-06-06,LH,13,0
2026-06-06,LH,15,0
2026-06-06,LH,18,0
2026-06-06,LH,19,2
2026-06-06,MD,13,0
2026-06-06,MD,15,0
2026-06-06,MD,18,0
2026-06-06,MD,19,2
2026-06-06,PL,13,1
2026-06-06,PL,15,3
2026-06-06,PL,18,1
2026-06-06,PL,19,3
2026-06-06,RO,13,1
2026-06-06,RO,15,1
2026-06-06,RO,18,2
2026-06-06,RO,19,7
2026-06-06,UP,13,39
2026-06-06,UP,15,7
2026-06-06,UP,18,28
2026-06-06,UP,19,176
2026-06-06,YM,13,3
2026-06-06,YM,15,0
2026-06-06,YM,18,1
2026-06-06,YM,19,15
2026-06-05,BO,13,5
2026-06-05,BO,15,0
2026-06-05,BO,18,0
2026-06-05,BO,19,7
2026-06-05,EN,13,3
2026-06-05,EN,15,0
2026-06-05,EN,18,0
2026-06-05,EN,19,3
2026-06-05,FI,13,2
2026-06-05,FI,15,0
2026-06-05,FI,18,1
2026-06-05,FI,19,5
2026-06-05,IR,13,116
2026-06-05,IR,15,7
2026-06-05,IR,18,36
2026-06-05,IR,19,307
2026-06-05,IS,13,124
2026-06-05,IS,15,19
2026-06-05,IS,18,86
2026-06-05,IS,19,542
2026-06-05,LE,13,66
2026-06-05,LE,15,6
2026-06-05,LE,18,21
2026-06-05,LE,19,275
2026-06-05,LG,13,0
2026-06-05,LG,15,1
2026-06-05,LG,18,1
2026-06-05,LG,19,3
2026-06-05,LH,13,0
2026-06-05,LH,15,3
2026-06-05,LH,18,0
2026-06-05,LH,19,2
2026-06-05,MD,13,2
2026-06-05,MD,15,0
2026-06-05,MD,18,0
2026-06-05,MD,19,2
2026-06-05,PL,13,0
2026-06-05,PL,15,9
2026-06-05,PL,18,2
2026-06-05,PL,19,16
2026-06-05,RO,13,6
2026-06-05,RO,15,5
2026-06-05,RO,18,7
2026-06-05,RO,19,27
2026-06-05,UP,13,59
2026-06-05,UP,15,4
2026-06-05,UP,18,36
2026-06-05,UP,19,192
2026-06-05,YM,13,16
2026-06-05,YM,15,0
2026-06-05,YM,18,1
2026-06-05,YM,19,3
2026-06-04,BO,13,7
2026-06-04,BO,15,2
2026-06-04,BO,18,2
2026-06-04,BO,19,5
2026-06-04,EN,13,0
2026-06-04,EN,15,0
2026-06-04,EN,18,0
2026-06-04,EN,19,0
2026-06-04,FI,13,0
2026-06-04,FI,15,0
2026-06-04,FI,18,2
2026-06-04,FI,19,4
2026-06-04,IR,13,170
2026-06-04,IR,15,14
2026-06-04,IR,18,43
2026-06-04,IR,19,430
2026-06-04,IS,13,186
2026-06-04,IS,15,18
2026-06-04,IS,18,101
2026-06-04,IS,19,565
2026-06-04,LE,13,77
2026-06-04,LE,15,16
2026-06-04,LE,18,23
2026-06-04,LE,19,315
2026-06-04,LG,13,2
2026-06-04,LG,15,0
2026-06-04,LG,18,0
2026-06-04,LG,19,5
2026-06-04,LH,13,0
2026-06-04,LH,15,0
2026-06-04,LH,18,0
2026-06-04,LH,19,1
2026-06-04,MD,13,1
2026-06-04,MD,15,0
2026-06-04,MD,18,1
2026-06-04,MD,19,0
2026-06-04,PL,13,1
2026-06-04,PL,15,3
2026-06-04,PL,18,2
2026-06-04,PL,19,11
2026-06-04,RO,13,3
2026-06-04,RO,15,0
2026-06-04,RO,18,2
2026-06-04,RO,19,8
2026-06-04,UP,13,50
2026-06-04,UP,15,8
2026-06-04,UP,18,73
2026-06-04,UP,19,278
2026-06-04,YM,13,0
2026-06-04,YM,15,0
2026-06-04,YM,18,0
2026-06-04,YM,19,10
2026-06-03,BO,13,0
2026-06-03,BO,15,0
2026-06-03,BO,18,0
2026-06-03,BO,19,2
2026-06-03,EN,13,2
2026-06-03,EN,15,0
2026-06-03,EN,18,0
2026-06-03,EN,19,2
2026-06-03,FI,13,2
2026-06-03,FI,15,3
2026-06-03,FI,18,0
2026-06-03,FI,19,1
2026-06-03,IR,13,243
2026-06-03,IR,15,11
2026-06-03,IR,18,57
2026-06-03,IR,19,642
2026-06-03,IS,13,183
2026-06-03,IS,15,8
2026-06-03,IS,18,130
2026-06-03,IS,19,649
2026-06-03,LE,13,76
2026-06-03,LE,15,7
2026-06-03,LE,18,26
2026-06-03,LE,19,225
2026-06-03,LG,13,8
2026-06-03,LG,15,0
2026-06-03,LG,18,0
2026-06-03,LG,19,15
2026-06-03,LH,13,2
2026-06-03,LH,15,1
2026-06-03,LH,18,0
2026-06-03,LH,19,3
2026-06-03,MD,13,0
2026-06-03,MD,15,0
2026-06-03,MD,18,0
2026-06-03,MD,19,0
2026-06-03,PL,13,1
2026-06-03,PL,15,2
2026-06-03,PL,18,3
2026-06-03,PL,19,14
2026-06-03,RO,13,1
2026-06-03,RO,15,3
2026-06-03,RO,18,3
2026-06-03,RO,19,7
2026-06-03,UP,13,61
2026-06-03,UP,15,6
2026-06-03,UP,18,83
2026-06-03,UP,19,280
2026-06-03,YM,13,2
2026-06-03,YM,15,0
2026-06-03,YM,18,0
2026-06-03,YM,19,13
2026-06-02,BO,13,4
2026-06-02,BO,15,4
2026-06-02,BO,18,0
2026-06-02,BO,19,6
2026-06-02,EN,13,2
2026-06-02,EN,15,6
2026-06-02,EN,18,0
2026-06-02,EN,19,2
2026-06-02,FI,13,0
2026-06-02,FI,15,1
2026-06-02,FI,18,1
2026-06-02,FI,19,3
2026-06-02,IR,13,227
2026-06-02,IR,15,4
2026-06-02,IR,18,36
2026-06-02,IR,19,318
2026-06-02,IS,13,300
2026-06-02,IS,15,9
2026-06-02,IS,18,139
2026-06-02,IS,19,723
2026-06-02,LE,13,148
2026-06-02,LE,15,7
2026-06-02,LE,18,22
2026-06-02,LE,19,289
2026-06-02,LG,13,0
2026-06-02,LG,15,0
2026-06-02,LG,18,0
2026-06-02,LG,19,1
2026-06-02,LH,13,0
2026-06-02,LH,15,6
2026-06-02,LH,18,3
2026-06-02,LH,19,4
2026-06-02,MD,13,0
2026-06-02,MD,15,0
2026-06-02,MD,18,0
2026-06-02,MD,19,0
2026-06-02,PL,13,2
2026-06-02,PL,15,2
2026-06-02,PL,18,1
2026-06-02,PL,19,28
2026-06-02,RO,13,2
2026-06-02,RO,15,0
2026-06-02,RO,18,2
2026-06-02,RO,19,15
2026-06-02,UP,13,132
2026-06-02,UP,15,11
2026-06-02,UP,18,90
2026-06-02,UP,19,401
2026-06-02,YM,13,2
2026-06-02,YM,15,0
2026-06-02,YM,18,0
2026-06-02,YM,19,5
2026-06-01,BO,13,7
2026-06-01,BO,15,1
2026-06-01,BO,18,0
2026-06-01,BO,19,5
2026-06-01,EN,13,0
2026-06-01,EN,15,0
2026-06-01,EN,18,1
2026-06-01,EN,19,5
2026-06-01,FI,13,3
2026-06-01,FI,15,0
2026-06-01,FI,18,0
2026-06-01,FI,19,0
2026-06-01,IR,13,198
2026-06-01,IR,15,8
2026-06-01,IR,18,67
2026-06-01,IR,19,466
2026-06-01,IS,13,217
2026-06-01,IS,15,22
2026-06-01,IS,18,164
2026-06-01,IS,19,764
2026-06-01,LE,13,141
2026-06-01,LE,15,6
2026-06-01,LE,18,49
2026-06-01,LE,19,391
2026-06-01,LG,13,1
2026-06-01,LG,15,0
2026-06-01,LG,18,1
2026-06-01,LG,19,1
2026-06-01,LH,13,0
2026-06-01,LH,15,1
2026-06-01,LH,18,2
2026-06-01,LH,19,1
2026-06-01,MD,13,0
2026-06-01,MD,15,0
2026-06-01,MD,18,0
2026-06-01,MD,19,0
2026-06-01,PL,13,5
2026-06-01,PL,15,2
2026-06-01,PL,18,0
2026-06-01,PL,19,7
2026-06-01,RO,13,3
2026-06-01,RO,15,3
2026-06-01,RO,18,1
2026-06-01,RO,19,7
2026-06-01,UP,13,37
2026-06-01,UP,15,1
2026-06-01,UP,18,57
2026-06-01,UP,19,123
2026-06-01,YM,13,1
2026-06-01,YM,15,0
2026-06-01,YM,18,1
2026-06-01,YM,19,2
2026-05-31,BO,13,7
2026-05-31,BO,15,7
2026-05-31,BO,18,0
2026-05-31,BO,19,5
2026-05-31,EN,13,0
2026-05-31,EN,15,0
2026-05-31,EN,18,0
2026-05-31,EN,19,1
2026-05-31,FI,13,0
2026-05-31,FI,15,1
2026-05-31,FI,18,0
2026-05-31,FI,19,3
2026-05-31,IR,13,77
2026-05-31,IR,15,7
2026-05-31,IR,18,30
2026-05-31,IR,19,207
2026-05-31,IS,13,146
2026-05-31,IS,15,12
2026-05-31,IS,18,82
2026-05-31,IS,19,531
2026-05-31,LE,13,71
2026-05-31,LE,15,1
2026-05-31,LE,18,21
2026-05-31,LE,19,227
2026-05-31,LG,13,1
2026-05-31,LG,15,0
2026-05-31,LG,18,0
2026-05-31,LG,19,1
2026-05-31,LH,13,0
2026-05-31,LH,15,0
2026-05-31,LH,18,0
2026-05-31,LH,19,0
2026-05-31,MD,13,0
2026-05-31,MD,15,0
2026-05-31,MD,18,0
2026-05-31,MD,19,0
2026-05-31,PL,13,1
2026-05-31,PL,15,3
2026-05-31,PL,18,0
2026-05-31,PL,19,6
2026-05-31,RO,13,5
2026-05-31,RO,15,7
2026-05-31,RO,18,0
2026-05-31,RO,19,2
2026-05-31,UP,13,36
2026-05-31,UP,15,8
2026-05-31,UP,18,59
2026-05-31,UP,19,161
2026-05-31,YM,13,0
2026-05-31,YM,15,0
2026-05-31,YM,18,0
2026-05-31,YM,19,0
2026-05-30,BO,13,0
2026-05-30,BO,15,0
2026-05-30,BO,18,0
2026-05-30,BO,19,0
2026-05-30,EN,13,0
2026-05-30,EN,15,0
2026-05-30,EN,18,0
2026-05-30,EN,19,2
2026-05-30,FI,13,0
2026-05-30,FI,15,1
2026-05-30,FI,18,4
2026-05-30,FI,19,2
2026-05-30,IR,13,80
2026-05-30,IR,15,9
2026-05-30,IR,18,16
2026-05-30,IR,19,165
2026-05-30,IS,13,80
2026-05-30,IS,15,7
2026-05-30,IS,18,69
2026-05-30,IS,19,339
2026-05-30,LE,13,38
2026-05-30,LE,15,1
2026-05-30,LE,18,8
2026-05-30,LE,19,140
2026-05-30,LG,13,1
2026-05-30,LG,15,0
2026-05-30,LG,18,1
2026-05-30,LG,19,2
2026-05-30,LH,13,1
2026-05-30,LH,15,0
2026-05-30,LH,18,0
2026-05-30,LH,19,3
2026-05-30,MD,13,0
2026-05-30,MD,15,0
2026-05-30,MD,18,0
2026-05-30,MD,19,0
2026-05-30,PL,13,5
2026-05-30,PL,15,2
2026-05-30,PL,18,1
2026-05-30,PL,19,8
2026-05-30,RO,13,20
2026-05-30,RO,15,4
2026-05-30,RO,18,11
2026-05-30,RO,19,47
2026-05-30,UP,13,49
2026-05-30,UP,15,7
2026-05-30,UP,18,36
2026-05-30,UP,19,169
2026-05-30,YM,13,0
2026-05-30,YM,15,0
2026-05-30,YM,18,1
2026-05-30,YM,19,3
2026-05-29,BO,13,2
2026-05-29,BO,15,1
2026-05-29,BO,18,0
2026-05-29,BO,19,4
2026-05-29,EN,13,0
2026-05-29,EN,15,1
2026-05-29,EN,18,0
2026-05-29,EN,19,4
2026-05-29,FI,13,0
2026-05-29,FI,15,4
2026-05-29,FI,18,0
2026-05-29,FI,19,0
2026-05-29,IR,13,116
2026-05-29,IR,15,18
2026-05-29,IR,18,41
2026-05-29,IR,19,303
2026-05-29,IS,13,143
2026-05-29,IS,15,13
2026-05-29,IS,18,121
2026-05-29,IS,19,480
2026-05-29,LE,13,28
2026-05-29,LE,15,3
2026-05-29,LE,18,17
2026-05-29,LE,19,141
2026-05-29,LG,13,7
2026-05-29,LG,15,0
2026-05-29,LG,18,1
2026-05-29,LG,19,6
2026-05-29,LH,13,7
2026-05-29,LH,15,0
2026-05-29,LH,18,0
2026-05-29,LH,19,4
2026-05-29,MD,13,1
2026-05-29,MD,15,0
2026-05-29,MD,18,0
2026-05-29,MD,19,2
2026-05-29,PL,13,8
2026-05-29,PL,15,11
2026-05-29,PL,18,3
2026-05-29,PL,19,24
2026-05-29,RO,13,44
2026-05-29,RO,15,14
2026-05-29,RO,18,30
2026-05-29,RO,19,127
2026-05-29,UP,13,66
2026-05-29,UP,15,21
2026-05-29,UP,18,67
2026-05-29,UP,19,311
2026-05-29,YM,13,0
2026-05-29,YM,15,1
2026-05-29,YM,18,3
2026-05-29,YM,19,5
2026-05-28,BO,13,13
2026-05-28,BO,15,1
2026-05-28,BO,18,0
2026-05-28,BO,19,7
2026-05-28,EN,13,2
2026-05-28,EN,15,2
2026-05-28,EN,18,0
2026-05-28,EN,19,1
2026-05-28,FI,13,1
2026-05-28,FI,15,1
2026-05-28,FI,18,1
2026-05-28,FI,19,3
2026-05-28,IR,13,152
2026-05-28,IR,15,22
2026-05-28,IR,18,52
2026-05-28,IR,19,437
2026-05-28,IS,13,169
2026-05-28,IS,15,34
2026-05-28,IS,18,139
2026-05-28,IS,19,538
2026-05-28,LE,13,49
2026-05-28,LE,15,3
2026-05-28,LE,18,8
2026-05-28,LE,19,260
2026-05-28,LG,13,0
2026-05-28,LG,15,1
2026-05-28,LG,18,0
2026-05-28,LG,19,0
2026-05-28,LH,13,2
2026-05-28,LH,15,1
2026-05-28,LH,18,0
2026-05-28,LH,19,4
2026-05-28,MD,13,2
2026-05-28,MD,15,0
2026-05-28,MD,18,0
2026-05-28,MD,19,2
2026-05-28,PL,13,2
2026-05-28,PL,15,4
2026-05-28,PL,18,4
2026-05-28,PL,19,20
2026-05-28,RO,13,0
2026-05-28,RO,15,0
2026-05-28,RO,18,1
2026-05-28,RO,19,1
2026-05-28,UP,13,63
2026-05-28,UP,15,7
2026-05-28,UP,18,29
2026-05-28,UP,19,193
2026-05-28,YM,13,1
2026-05-28,YM,15,0
2026-05-28,YM,18,0
2026-05-28,YM,19,1
2026-05-27,BO,13,5
2026-05-27,BO,15,1
2026-05-27,BO,18,1
2026-05-27,BO,19,2
2026-05-27,EN,13,0
2026-05-27,EN,15,3
2026-05-27,EN,18,0
2026-05-27,EN,19,1
2026-05-27,FI,13,2
2026-05-27,FI,15,6
2026-05-27,FI,18,1
2026-05-27,FI,19,1
2026-05-27,IR,13,155
2026-05-27,IR,15,11
2026-05-27,IR,18,47
2026-05-27,IR,19,355
2026-05-27,IS,13,207
2026-05-27,IS,15,22
2026-05-27,IS,18,133
2026-05-27,IS,19,658
2026-05-27,LE,13,60
2026-05-27,LE,15,10
2026-05-27,LE,18,17
2026-05-27,LE,19,251
2026-05-27,LG,13,2
2026-05-27,LG,15,12
2026-05-27,LG,18,0
2026-05-27,LG,19,2
2026-05-27,LH,13,6
2026-05-27,LH,15,10
2026-05-27,LH,18,0
2026-05-27,LH,19,3
2026-05-27,MD,13,0
2026-05-27,MD,15,0
2026-05-27,MD,18,1
2026-05-27,MD,19,0
2026-05-27,PL,13,7
2026-05-27,PL,15,10
2026-05-27,PL,18,4
2026-05-27,PL,19,3
2026-05-27,RO,13,0
2026-05-27,RO,15,4
2026-05-27,RO,18,1
2026-05-27,RO,19,6
2026-05-27,UP,13,53
2026-05-27,UP,15,8
2026-05-27,UP,18,28
2026-05-27,UP,19,211
2026-05-27,YM,13,0
2026-05-27,YM,15,1
2026-05-27,YM,18,0
2026-05-27,YM,19,4
2026-05-26,BO,13,10
2026-05-26,BO,15,3
2026-05-26,BO,18,0
2026-05-26,BO,19,6
2026-05-26,EN,13,0
2026-05-26,EN,15,0
2026-05-26,EN,18,0
2026-05-26,EN,19,3
2026-05-26,FI,13,1
2026-05-26,FI,15,0
2026-05-26,FI,18,0
2026-05-26,FI,19,1
2026-05-26,IR,13,220
2026-05-26,IR,15,17
2026-05-26,IR,18,62
2026-05-26,IR,19,407
2026-05-26,IS,13,203
2026-05-26,IS,15,29
2026-05-26,IS,18,149
2026-05-26,IS,19,471
2026-05-26,LE,13,67
2026-05-26,LE,15,7
2026-05-26,LE,18,16
2026-05-26,LE,19,178
2026-05-26,LG,13,0
2026-05-26,LG,15,3
2026-05-26,LG,18,0
2026-05-26,LG,19,2
2026-05-26,LH,13,2
2026-05-26,LH,15,1
2026-05-26,LH,18,0
2026-05-26,LH,19,3
2026-05-26,MD,13,0
2026-05-26,MD,15,0
2026-05-26,MD,18,0
2026-05-26,MD,19,0
2026-05-26,PL,13,9
2026-05-26,PL,15,9
2026-05-26,PL,18,0
2026-05-26,PL,19,9
2026-05-26,RO,13,0
2026-05-26,RO,15,0
2026-05-26,RO,18,0
2026-05-26,RO,19,5
2026-05-26,UP,13,84
2026-05-26,UP,15,9
2026-05-26,UP,18,37
2026-05-26,UP,19,219
2026-05-26,YM,13,0
2026-05-26,YM,15,0
2026-05-26,YM,18,1
2026-05-26,YM,19,0
2026-05-25,BO,13,14
2026-05-25,BO,15,2
2026-05-25,BO,18,1
2026-05-25,BO,19,4
2026-05-25,EN,13,0
2026-05-25,EN,15,0
2026-05-25,EN,18,0
2026-05-25,EN,19,3
2026-05-25,FI,13,0
2026-05-25,FI,15,1
2026-05-25,FI,18,0
2026-05-25,FI,19,0
2026-05-25,IR,13,100
2026-05-25,IR,15,11
2026-05-25,IR,18,63
2026-05-25,IR,19,238
2026-05-25,IS,13,123
2026-05-25,IS,15,10
2026-05-25,IS,18,120
2026-05-25,IS,19,396
2026-05-25,LE,13,23
2026-05-25,LE,15,4
2026-05-25,LE,18,12
2026-05-25,LE,19,107
2026-05-25,LG,13,0
2026-05-25,LG,15,0
2026-05-25,LG,18,0
2026-05-25,LG,19,2
2026-05-25,LH,13,0
2026-05-25,LH,15,4
2026-05-25,LH,18,0
2026-05-25,LH,19,2
2026-05-25,MD,13,1
2026-05-25,MD,15,0
2026-05-25,MD,18,0
2026-05-25,MD,19,0
2026-05-25,PL,13,10
2026-05-25,PL,15,2
2026-05-25,PL,18,0
2026-05-25,PL,19,10
2026-05-25,RO,13,3
2026-05-25,RO,15,2
2026-05-25,RO,18,0
2026-05-25,RO,19,2
2026-05-25,UP,13,78
2026-05-25,UP,15,8
2026-05-25,UP,18,51
2026-05-25,UP,19,292
2026-05-25,YM,13,0
2026-05-25,YM,15,0
2026-05-25,YM,18,0
2026-05-25,YM,19,0
2026-05-24,BO,13,10
2026-05-24,BO,15,4
2026-05-24,BO,18,0
2026-05-24,BO,19,0
2026-05-24,EN,13,0
2026-05-24,EN,15,0
2026-05-24,EN,18,0
2026-05-24,EN,19,2
2026-05-24,FI,13,2
2026-05-24,FI,15,3
2026-05-24,FI,18,1
2026-05-24,FI,19,0
2026-05-24,IR,13,116
2026-05-24,IR,15,9
2026-05-24,IR,18,50
2026-05-24,IR,19,209
2026-05-24,IS,13,120
2026-05-24,IS,15,14
2026-05-24,IS,18,142
2026-05-24,IS,19,325
2026-05-24,LE,13,23
2026-05-24,LE,15,0
2026-05-24,LE,18,8
2026-05-24,LE,19,81
2026-05-24,LG,13,0
2026-05-24,LG,15,0
2026-05-24,LG,18,0
2026-05-24,LG,19,0
2026-05-24,LH,13,1
2026-05-24,LH,15,0
2026-05-24,LH,18,1
2026-05-24,LH,19,1
2026-05-24,MD,13,0
2026-05-24,MD,15,0
2026-05-24,MD,18,0
2026-05-24,MD,19,0
2026-05-24,PL,13,1
2026-05-24,PL,15,3
2026-05-24,PL,18,0
2026-05-24,PL,19,9
2026-05-24,RO,13,0
2026-05-24,RO,15,0
2026-05-24,RO,18,1
2026-05-24,RO,19,4
2026-05-24,UP,13,107
2026-05-24,UP,15,5
2026-05-24,UP,18,42
2026-05-24,UP,19,351
2026-05-24,YM,13,0
2026-05-24,YM,15,0
2026-05-24,YM,18,1
2026-05-24,YM,19,2
2026-05-23,BO,13,5
2026-05-23,BO,15,0
2026-05-23,BO,18,0
2026-05-23,BO,19,1
2026-05-23,EN,13,3
2026-05-23,EN,15,0
2026-05-23,EN,18,0
2026-05-23,EN,19,5
2026-05-23,FI,13,0
2026-05-23,FI,15,0
2026-05-23,FI,18,0
2026-05-23,FI,19,2
2026-05-23,IR,13,112
2026-05-23,IR,15,5
2026-05-23,IR,18,53
2026-05-23,IR,19,148
2026-05-23,IS,13,81
2026-05-23,IS,15,2
2026-05-23,IS,18,109
2026-05-23,IS,19,316
2026-05-23,LE,13,20
2026-05-23,LE,15,0
2026-05-23,LE,18,9
2026-05-23,LE,19,95
2026-05-23,LG,13,0
2026-05-23,LG,15,0
2026-05-23,LG,18,0
2026-05-23,LG,19,13
2026-05-23,LH,13,0
2026-05-23,LH,15,3
2026-05-23,LH,18,0
2026-05-23,LH,19,0
2026-05-23,MD,13,1
2026-05-23,MD,15,0
2026-05-23,MD,18,0
2026-05-23,MD,19,0
2026-05-23,PL,13,4
2026-05-23,PL,15,15
2026-05-23,PL,18,1
2026-05-23,PL,19,4
2026-05-23,RO,13,0
2026-05-23,RO,15,1
2026-05-23,RO,18,1
2026-05-23,RO,19,0
2026-05-23,UP,13,63
2026-05-23,UP,15,7
2026-05-23,UP,18,38
2026-05-23,UP,19,153
2026-05-23,YM,13,2
2026-05-23,YM,15,0
2026-05-23,YM,18,0
2026-05-23,YM,19,7
2026-05-22,BO,13,10
2026-05-22,BO,15,15
2026-05-22,BO,18,0
2026-05-22,BO,19,17
2026-05-22,EN,13,9
2026-05-22,EN,15,2
2026-05-22,EN,18,0
2026-05-22,EN,19,5
2026-05-22,FI,13,3
2026-05-22,FI,15,0
2026-05-22,FI,18,0
2026-05-22,FI,19,4
2026-05-22,IR,13,142
2026-05-22,IR,15,8
2026-05-22,IR,18,32
2026-05-22,IR,19,175
2026-05-22,IS,13,88
2026-05-22,IS,15,12
2026-05-22,IS,18,153
2026-05-22,IS,19,347
2026-05-22,LE,13,17
2026-05-22,LE,15,2
2026-05-22,LE,18,4
2026-05-22,LE,19,77
2026-05-22,LG,13,5
2026-05-22,LG,15,0
2026-05-22,LG,18,0
2026-05-22,LG,19,11
2026-05-22,LH,13,6
2026-05-22,LH,15,4
2026-05-22,LH,18,0
2026-05-22,LH,19,13
2026-05-22,MD,13,0
2026-05-22,MD,15,0
2026-05-22,MD,18,0
2026-05-22,MD,19,0
2026-05-22,PL,13,20
2026-05-22,PL,15,56
2026-05-22,PL,18,0
2026-05-22,PL,19,14
2026-05-22,RO,13,4
2026-05-22,RO,15,1
2026-05-22,RO,18,1
2026-05-22,RO,19,1
2026-05-22,UP,13,59
2026-05-22,UP,15,15
2026-05-22,UP,18,58
2026-05-22,UP,19,204
2026-05-22,YM,13,3
2026-05-22,YM,15,0
2026-05-22,YM,18,1
2026-05-22,YM,19,3
2026-05-21,BO,13,17
2026-05-21,BO,15,15
2026-05-21,BO,18,0
2026-05-21,BO,19,12
2026-05-21,EN,13,2
2026-05-21,EN,15,4
2026-05-21,EN,18,0
2026-05-21,EN,19,7
2026-05-21,FI,13,0
2026-05-21,FI,15,1
2026-05-21,FI,18,0
2026-05-21,FI,19,6
2026-05-21,IR,13,147
2026-05-21,IR,15,7
2026-05-21,IR,18,48
2026-05-21,IR,19,229
2026-05-21,IS,13,139
2026-05-21,IS,15,12
2026-05-21,IS,18,135
2026-05-21,IS,19,367
2026-05-21,LE,13,20
2026-05-21,LE,15,0
2026-05-21,LE,18,12
2026-05-21,LE,19,110
2026-05-21,LG,13,9
2026-05-21,LG,15,5
2026-05-21,LG,18,0
2026-05-21,LG,19,18
2026-05-21,LH,13,9
2026-05-21,LH,15,4
2026-05-21,LH,18,0
2026-05-21,LH,19,4
2026-05-21,MD,13,0
2026-05-21,MD,15,0
2026-05-21,MD,18,0
2026-05-21,MD,19,0
2026-05-21,PL,13,10
2026-05-21,PL,15,7
2026-05-21,PL,18,4
2026-05-21,PL,19,11
2026-05-21,RO,13,2
2026-05-21,RO,15,4
2026-05-21,RO,18,2
2026-05-21,RO,19,4
2026-05-21,UP,13,58
2026-05-21,UP,15,7
2026-05-21,UP,18,32
2026-05-21,UP,19,176
2026-05-21,YM,13,1
2026-05-21,YM,15,0
2026-05-21,YM,18,0
2026-05-21,YM,19,1
2026-05-20,BO,13,6
2026-05-20,BO,15,5
2026-05-20,BO,18,2
2026-05-20,BO,19,3
2026-05-20,EN,13,6
2026-05-20,EN,15,2
2026-05-20,EN,18,1
2026-05-20,EN,19,11
2026-05-20,FI,13,11
2026-05-20,FI,15,0
2026-05-20,FI,18,0
2026-05-20,FI,19,11
2026-05-20,IR,13,172
2026-05-20,IR,15,27
2026-05-20,IR,18,54
2026-05-20,IR,19,254
2026-05-20,IS,13,148
2026-05-20,IS,15,18
2026-05-20,IS,18,173
2026-05-20,IS,19,406
2026-05-20,LE,13,31
2026-05-20,LE,15,0
2026-05-20,LE,18,8
2026-05-20,LE,19,115
2026-05-20,LG,13,8
2026-05-20,LG,15,0
2026-05-20,LG,18,0
2026-05-20,LG,19,8
2026-05-20,LH,13,11
2026-05-20,LH,15,9
2026-05-20,LH,18,0
2026-05-20,LH,19,10
2026-05-20,MD,13,0
2026-05-20,MD,15,0
2026-05-20,MD,18,0
2026-05-20,MD,19,1
2026-05-20,PL,13,6
2026-05-20,PL,15,17
2026-05-20,PL,18,2
2026-05-20,PL,19,10
2026-05-20,RO,13,1
2026-05-20,RO,15,2
2026-05-20,RO,18,1
2026-05-20,RO,19,9
2026-05-20,UP,13,61
2026-05-20,UP,15,20
2026-05-20,UP,18,22
2026-05-20,UP,19,161
2026-05-20,YM,13,1
2026-05-20,YM,15,0
2026-05-20,YM,18,0
2026-05-20,YM,19,4
2026-05-19,BO,13,5
2026-05-19,BO,15,28
2026-05-19,BO,18,0
2026-05-19,BO,19,6
2026-05-19,EN,13,14
2026-05-19,EN,15,2
2026-05-19,EN,18,2
2026-05-19,EN,19,43
2026-05-19,FI,13,1
2026-05-19,FI,15,0
2026-05-19,FI,18,0
2026-05-19,FI,19,6
2026-05-19,IR,13,177
2026-05-19,IR,15,18
2026-05-19,IR,18,58
2026-05-19,IR,19,221
2026-05-19,IS,13,123
2026-05-19,IS,15,14
2026-05-19,IS,18,167
2026-05-19,IS,19,374
2026-05-19,LE,13,27
2026-05-19,LE,15,1
2026-05-19,LE,18,8
2026-05-19,LE,19,106
2026-05-19,LG,13,5
2026-05-19,LG,15,4
2026-05-19,LG,18,0
2026-05-19,LG,19,10
2026-05-19,LH,13,0
2026-05-19,LH,15,4
2026-05-19,LH,18,0
2026-05-19,LH,19,5
2026-05-19,MD,13,5
2026-05-19,MD,15,0
2026-05-19,MD,18,0
2026-05-19,MD,19,0
2026-05-19,PL,13,4
2026-05-19,PL,15,6
2026-05-19,PL,18,0
2026-05-19,PL,19,23
2026-05-19,RO,13,1
2026-05-19,RO,15,7
2026-05-19,RO,18,0
2026-05-19,RO,19,19
2026-05-19,UP,13,45
2026-05-19,UP,15,18
2026-05-19,UP,18,33
2026-05-19,UP,19,266
2026-05-19,YM,13,2
2026-05-19,YM,15,0
2026-05-19,YM,18,1
2026-05-19,YM,19,10
2026-05-18,BO,13,4
2026-05-18,BO,15,7
2026-05-18,BO,18,3
2026-05-18,BO,19,7
2026-05-18,EN,13,0
2026-05-18,EN,15,0
2026-05-18,EN,18,0
2026-05-18,EN,19,0
2026-05-18,FI,13,0
2026-05-18,FI,15,0
2026-05-18,FI,18,1
2026-05-18,FI,19,2
2026-05-18,IR,13,200
2026-05-18,IR,15,17
2026-05-18,IR,18,31
2026-05-18,IR,19,248
2026-05-18,IS,13,148
2026-05-18,IS,15,11
2026-05-18,IS,18,128
2026-05-18,IS,19,448
2026-05-18,LE,13,36
2026-05-18,LE,15,1
2026-05-18,LE,18,5
2026-05-18,LE,19,101
2026-05-18,LG,13,3
2026-05-18,LG,15,0
2026-05-18,LG,18,0
2026-05-18,LG,19,1
2026-05-18,LH,13,4
2026-05-18,LH,15,0
2026-05-18,LH,18,0
2026-05-18,LH,19,0
2026-05-18,MD,13,4
2026-05-18,MD,15,2
2026-05-18,MD,18,0
2026-05-18,MD,19,0
2026-05-18,PL,13,7
2026-05-18,PL,15,0
2026-05-18,PL,18,0
2026-05-18,PL,19,4
2026-05-18,RO,13,1
2026-05-18,RO,15,1
2026-05-18,RO,18,3
2026-05-18,RO,19,2
2026-05-18,UP,13,38
2026-05-18,UP,15,12
2026-05-18,UP,18,33
2026-05-18,UP,19,219
2026-05-18,YM,13,1
2026-05-18,YM,15,0
2026-05-18,YM,18,2
2026-05-18,YM,19,17
2026-05-17,BO,13,4
2026-05-17,BO,15,0
2026-05-17,BO,18,0
2026-05-17,BO,19,2
2026-05-17,EN,13,0
2026-05-17,EN,15,0
2026-05-17,EN,18,0
2026-05-17,EN,19,0
2026-05-17,FI,13,1
2026-05-17,FI,15,0
2026-05-17,FI,18,0
2026-05-17,FI,19,0
2026-05-17,IR,13,99
2026-05-17,IR,15,9
2026-05-17,IR,18,52
2026-05-17,IR,19,208
2026-05-17,IS,13,90
2026-05-17,IS,15,5
2026-05-17,IS,18,144
2026-05-17,IS,19,495
2026-05-17,LE,13,25
2026-05-17,LE,15,2
2026-05-17,LE,18,6
2026-05-17,LE,19,85
2026-05-17,LG,13,6
2026-05-17,LG,15,0
2026-05-17,LG,18,0
2026-05-17,LG,19,7
2026-05-17,LH,13,1
2026-05-17,LH,15,0
2026-05-17,LH,18,0
2026-05-17,LH,19,1
2026-05-17,MD,13,0
2026-05-17,MD,15,2
2026-05-17,MD,18,0
2026-05-17,MD,19,3
2026-05-17,PL,13,5
2026-05-17,PL,15,1
2026-05-17,PL,18,1
2026-05-17,PL,19,7
2026-05-17,RO,13,0
2026-05-17,RO,15,1
2026-05-17,RO,18,1
2026-05-17,RO,19,4
2026-05-17,UP,13,18
2026-05-17,UP,15,3
2026-05-17,UP,18,54
2026-05-17,UP,19,218
2026-05-17,YM,13,0
2026-05-17,YM,15,0
2026-05-17,YM,18,0
2026-05-17,YM,19,4
2026-05-16,BO,13,3
2026-05-16,BO,15,2
2026-05-16,BO,18,0
2026-05-16,BO,19,4
2026-05-16,EN,13,0
2026-05-16,EN,15,0
2026-05-16,EN,18,0
2026-05-16,EN,19,0
2026-05-16,FI,13,1
2026-05-16,FI,15,1
2026-05-16,FI,18,0
2026-05-16,FI,19,0
2026-05-16,IR,13,68
2026-05-16,IR,15,9
2026-05-16,IR,18,45
2026-05-16,IR,19,208
2026-05-16,IS,13,90
2026-05-16,IS,15,16
2026-05-16,IS,18,158
2026-05-16,IS,19,476
2026-05-16,LE,13,13
2026-05-16,LE,15,0
2026-05-16,LE,18,9
2026-05-16,LE,19,105
2026-05-16,LG,13,3
2026-05-16,LG,15,0
2026-05-16,LG,18,0
2026-05-16,LG,19,3
2026-05-16,LH,13,0
2026-05-16,LH,15,0
2026-05-16,LH,18,0
2026-05-16,LH,19,0
2026-05-16,MD,13,1
2026-05-16,MD,15,0
2026-05-16,MD,18,0
2026-05-16,MD,19,1
2026-05-16,PL,13,2
2026-05-16,PL,15,5
2026-05-16,PL,18,2
2026-05-16,PL,19,2
2026-05-16,RO,13,0
2026-05-16,RO,15,1
2026-05-16,RO,18,0
2026-05-16,RO,19,0
2026-05-16,UP,13,33
2026-05-16,UP,15,2
2026-05-16,UP,18,19
2026-05-16,UP,19,104
2026-05-16,YM,13,3
2026-05-16,YM,15,0
2026-05-16,YM,18,1
2026-05-16,YM,19,3
2026-05-15,BO,13,1
2026-05-15,BO,15,3
2026-05-15,BO,18,0
2026-05-15,BO,19,4
2026-05-15,EN,13,2
2026-05-15,EN,15,1
2026-05-15,EN,18,1
2026-05-15,EN,19,2
2026-05-15,FI,13,5
2026-05-15,FI,15,2
2026-05-15,FI,18,3
2026-05-15,FI,19,7
2026-05-15,IR,13,90
2026-05-15,IR,15,8
2026-05-15,IR,18,31
2026-05-15,IR,19,262
2026-05-15,IS,13,121
2026-05-15,IS,15,27
2026-05-15,IS,18,205
2026-05-15,IS,19,485
2026-05-15,LE,13,25
2026-05-15,LE,15,1
2026-05-15,LE,18,17
2026-05-15,LE,19,110
2026-05-15,LG,13,12
2026-05-15,LG,15,0
2026-05-15,LG,18,0
2026-05-15,LG,19,4
2026-05-15,LH,13,2
2026-05-15,LH,15,1
2026-05-15,LH,18,1
2026-05-15,LH,19,64
2026-05-15,MD,13,1
2026-05-15,MD,15,0
2026-05-15,MD,18,1
2026-05-15,MD,19,0
2026-05-15,PL,13,6
2026-05-15,PL,15,16
2026-05-15,PL,18,7
2026-05-15,PL,19,13
2026-05-15,RO,13,2
2026-05-15,RO,15,0
2026-05-15,RO,18,1
2026-05-15,RO,19,3
2026-05-15,UP,13,50
2026-05-15,UP,15,3
2026-05-15,UP,18,42
2026-05-15,UP,19,187
2026-05-15,YM,13,2
2026-05-15,YM,15,0
2026-05-15,YM,18,0
2026-05-15,YM,19,0
2026-05-14,BO,13,1
2026-05-14,BO,15,1
2026-05-14,BO,18,1
2026-05-14,BO,19,2
2026-05-14,EN,13,4
2026-05-14,EN,15,1
2026-05-14,EN,18,1
2026-05-14,EN,19,0
2026-05-14,FI,13,1
2026-05-14,FI,15,1
2026-05-14,FI,18,1
2026-05-14,FI,19,5
2026-05-14,IR,13,146
2026-05-14,IR,15,9
2026-05-14,IR,18,53
2026-05-14,IR,19,279
2026-05-14,IS,13,128
2026-05-14,IS,15,21
2026-05-14,IS,18,238
2026-05-14,IS,19,451
2026-05-14,LE,13,21
2026-05-14,LE,15,2
2026-05-14,LE,18,13
2026-05-14,LE,19,137
2026-05-14,LG,13,18
2026-05-14,LG,15,3
2026-05-14,LG,18,2
2026-05-14,LG,19,29
2026-05-14,LH,13,1
2026-05-14,LH,15,1
2026-05-14,LH,18,1
2026-05-14,LH,19,7
2026-05-14,MD,13,1
2026-05-14,MD,15,1
2026-05-14,MD,18,1
2026-05-14,MD,19,5
2026-05-14,PL,13,7
2026-05-14,PL,15,16
2026-05-14,PL,18,4
2026-05-14,PL,19,5
2026-05-14,RO,13,5
2026-05-14,RO,15,1
2026-05-14,RO,18,0
2026-05-14,RO,19,4
2026-05-14,UP,13,68
2026-05-14,UP,15,14
2026-05-14,UP,18,51
2026-05-14,UP,19,256
2026-05-14,YM,13,5
2026-05-14,YM,15,0
2026-05-14,YM,18,0
2026-05-14,YM,19,3
2026-05-13,BO,13,0
2026-05-13,BO,15,1
2026-05-13,BO,18,1
2026-05-13,BO,19,1
2026-05-13,EN,13,0
2026-05-13,EN,15,1
2026-05-13,EN,18,0
2026-05-13,EN,19,0
2026-05-13,FI,13,0
2026-05-13,FI,15,1
2026-05-13,FI,18,2
2026-05-13,FI,19,0
2026-05-13,IR,13,135
2026-05-13,IR,15,13
2026-05-13,IR,18,47
2026-05-13,IR,19,305
2026-05-13,IS,13,82
2026-05-13,IS,15,24
2026-05-13,IS,18,167
2026-05-13,IS,19,431
2026-05-13,LE,13,20
2026-05-13,LE,15,4
2026-05-13,LE,18,16
2026-05-13,LE,19,128
2026-05-13,LG,13,2
2026-05-13,LG,15,0
2026-05-13,LG,18,3
2026-05-13,LG,19,4
2026-05-13,LH,13,3
2026-05-13,LH,15,0
2026-05-13,LH,18,0
2026-05-13,LH,19,4
2026-05-13,MD,13,2
2026-05-13,MD,15,0
2026-05-13,MD,18,0
2026-05-13,MD,19,1
2026-05-13,PL,13,4
2026-05-13,PL,15,2
2026-05-13,PL,18,1
2026-05-13,PL,19,13
2026-05-13,RO,13,3
2026-05-13,RO,15,0
2026-05-13,RO,18,1
2026-05-13,RO,19,12
2026-05-13,UP,13,47
2026-05-13,UP,15,8
2026-05-13,UP,18,58
2026-05-13,UP,19,198
2026-05-13,YM,13,7
2026-05-13,YM,15,0
2026-05-13,YM,18,0
2026-05-13,YM,19,11
2026-05-12,BO,13,0
2026-05-12,BO,15,1
2026-05-12,BO,18,0
2026-05-12,BO,19,0
2026-05-12,EN,13,3
2026-05-12,EN,15,1
2026-05-12,EN,18,2
2026-05-12,EN,19,4
2026-05-12,FI,13,0
2026-05-12,FI,15,0
2026-05-12,FI,18,1
2026-05-12,FI,19,1
2026-05-12,IR,13,190
2026-05-12,IR,15,24
2026-05-12,IR,18,59
2026-05-12,IR,19,292
2026-05-12,IS,13,144
2026-05-12,IS,15,11
2026-05-12,IS,18,169
2026-05-12,IS,19,431
2026-05-12,LE,13,23
2026-05-12,LE,15,5
2026-05-12,LE,18,8
2026-05-12,LE,19,118
2026-05-12,LG,13,1
2026-05-12,LG,15,5
2026-05-12,LG,18,0
2026-05-12,LG,19,1
2026-05-12,LH,13,1
2026-05-12,LH,15,2
2026-05-12,LH,18,1
2026-05-12,LH,19,2
2026-05-12,MD,13,0
2026-05-12,MD,15,0
2026-05-12,MD,18,0
2026-05-12,MD,19,0
2026-05-12,PL,13,4
2026-05-12,PL,15,3
2026-05-12,PL,18,2
2026-05-12,PL,19,2
2026-05-12,RO,13,1
2026-05-12,RO,15,2
2026-05-12,RO,18,2
2026-05-12,RO,19,3
2026-05-12,UP,13,30
2026-05-12,UP,15,13
2026-05-12,UP,18,42
2026-05-12,UP,19,188
2026-05-12,YM,13,7
2026-05-12,YM,15,0
2026-05-12,YM,18,0
2026-05-12,YM,19,8
2026-05-11,BO,13,2
2026-05-11,BO,15,0
2026-05-11,BO,18,0
2026-05-11,BO,19,0
2026-05-11,EN,13,0
2026-05-11,EN,15,0
2026-05-11,EN,18,0
2026-05-11,EN,19,0
2026-05-11,FI,13,0
2026-05-11,FI,15,0
2026-05-11,FI,18,1
2026-05-11,FI,19,2
2026-05-11,IR,13,245
2026-05-11,IR,15,9
2026-05-11,IR,18,88
2026-05-11,IR,19,332
2026-05-11,IS,13,163
2026-05-11,IS,15,17
2026-05-11,IS,18,105
2026-05-11,IS,19,498
2026-05-11,LE,13,34
2026-05-11,LE,15,8
2026-05-11,LE,18,14
2026-05-11,LE,19,107
2026-05-11,LG,13,6
2026-05-11,LG,15,5
2026-05-11,LG,18,0
2026-05-11,LG,19,8
2026-05-11,LH,13,1
2026-05-11,LH,15,2
2026-05-11,LH,18,0
2026-05-11,LH,19,3
2026-05-11,MD,13,0
2026-05-11,MD,15,0
2026-05-11,MD,18,0
2026-05-11,MD,19,0
2026-05-11,PL,13,1
2026-05-11,PL,15,0
2026-05-11,PL,18,2
2026-05-11,PL,19,4
2026-05-11,RO,13,3
2026-05-11,RO,15,0
2026-05-11,RO,18,0
2026-05-11,RO,19,8
2026-05-11,UP,13,36
2026-05-11,UP,15,13
2026-05-11,UP,18,50
2026-05-11,UP,19,199
2026-05-11,YM,13,2
2026-05-11,YM,15,0
2026-05-11,YM,18,4
2026-05-11,YM,19,5
2026-05-10,BO,13,0
2026-05-10,BO,15,0
2026-05-10,BO,18,0
2026-05-10,BO,19,1
2026-05-10,EN,13,1
2026-05-10,EN,15,0
2026-05-10,EN,18,0
2026-05-10,EN,19,5
2026-05-10,FI,13,0
2026-05-10,FI,15,0
2026-05-10,FI,18,0
2026-05-10,FI,19,0
2026-05-10,IR,13,242
2026-05-10,IR,15,10
2026-05-10,IR,18,61
2026-05-10,IR,19,314
2026-05-10,IS,13,98
2026-05-10,IS,15,17
2026-05-10,IS,18,108
2026-05-10,IS,19,369
2026-05-10,LE,13,18
2026-05-10,LE,15,0
2026-05-10,LE,18,14
2026-05-10,LE,19,129
2026-05-10,LG,13,0
2026-05-10,LG,15,4
2026-05-10,LG,18,0
2026-05-10,LG,19,1
2026-05-10,LH,13,0
2026-05-10,LH,15,0
2026-05-10,LH,18,0
2026-05-10,LH,19,1
2026-05-10,MD,13,0
2026-05-10,MD,15,0
2026-05-10,MD,18,0
2026-05-10,MD,19,0
2026-05-10,PL,13,0
2026-05-10,PL,15,8
2026-05-10,PL,18,1
2026-05-10,PL,19,3
2026-05-10,RO,13,0
2026-05-10,RO,15,0
2026-05-10,RO,18,0
2026-05-10,RO,19,0
2026-05-10,UP,13,19
2026-05-10,UP,15,10
2026-05-10,UP,18,18
2026-05-10,UP,19,160
2026-05-10,YM,13,0
2026-05-10,YM,15,0
2026-05-10,YM,18,0
2026-05-10,YM,19,0
2026-05-09,BO,13,0
2026-05-09,BO,15,0
2026-05-09,BO,18,0
2026-05-09,BO,19,1
2026-05-09,EN,13,1
2026-05-09,EN,15,0
2026-05-09,EN,18,0
2026-05-09,EN,19,0
2026-05-09,FI,13,0
2026-05-09,FI,15,0
2026-05-09,FI,18,0
2026-05-09,FI,19,0
2026-05-09,IR,13,97
2026-05-09,IR,15,4
2026-05-09,IR,18,41
2026-05-09,IR,19,353
2026-05-09,IS,13,81
2026-05-09,IS,15,13
2026-05-09,IS,18,82
2026-05-09,IS,19,322
2026-05-09,LE,13,19
2026-05-09,LE,15,1
2026-05-09,LE,18,6
2026-05-09,LE,19,125
2026-05-09,LG,13,0
2026-05-09,LG,15,2
2026-05-09,LG,18,0
2026-05-09,LG,19,0
2026-05-09,LH,13,0
2026-05-09,LH,15,0
2026-05-09,LH,18,0
2026-05-09,LH,19,2
2026-05-09,MD,13,2
2026-05-09,MD,15,0
2026-05-09,MD,18,0
2026-05-09,MD,19,0
2026-05-09,PL,13,10
2026-05-09,PL,15,1
2026-05-09,PL,18,0
2026-05-09,PL,19,5
2026-05-09,RO,13,0
2026-05-09,RO,15,0
2026-05-09,RO,18,0
2026-05-09,RO,19,1
2026-05-09,UP,13,36
2026-05-09,UP,15,19
2026-05-09,UP,18,38
2026-05-09,UP,19,204
2026-05-09,YM,13,1
2026-05-09,YM,15,0
2026-05-09,YM,18,0
2026-05-09,YM,19,1
