day,theatre,loc_all,loc_q3,loc_q4,loc_gold,loc_mil138,loc_mob,loc_coerce,dy_all,dy_q34,dy_gold,dy_force
2018-01-01,drc,180.0,36.0,87.0,-763.9,0.0,0.0,34.0,10.0,2.0,30.0,1.0
2018-01-01,europe_east,438.0,46.0,43.0,417.1,2.0,0.0,22.0,14.0,7.0,20.0,0.0
2018-01-01,iran,3820.0,1108.0,771.0,-5953.6,10.0,8.0,239.0,590.0,238.0,-159.4,8.0
2018-01-01,israel,3461.0,669.0,689.0,-1801.0,10.0,8.0,304.0,834.0,385.0,-1006.6,89.0
2018-01-01,korea,1252.0,248.0,182.0,-168.1,24.0,8.0,102.0,371.0,138.0,-249.6,38.0
2018-01-01,libya,180.0,9.0,52.0,-186.2,0.0,0.0,8.0,1.0,1.0,-9.5,0.0
2018-01-01,scs,1546.0,191.0,354.0,-595.4,13.0,0.0,145.0,33.0,9.0,92.9,0.0
2018-01-01,southasia,8458.0,1340.0,1428.0,1386.8,38.0,34.0,559.0,74.0,24.0,63.1,10.0
2018-01-01,sudan,362.0,65.0,59.0,-3.9,0.0,4.0,31.0,6.0,0.0,6.0,0.0
2018-01-01,taiwan,171.0,21.0,15.0,236.3,1.0,1.0,10.0,39.0,11.0,32.8,0.0
2018-01-01,ukraine,255.0,34.0,57.0,-97.4,2.0,0.0,23.0,43.0,27.0,-147.8,5.0
2018-01-01,venezuela,78.0,9.0,14.0,-17.7,0.0,0.0,5.0,9.0,3.0,-8.0,0.0
2018-01-01,yemen,308.0,42.0,116.0,-775.4,3.0,0.0,19.0,86.0,68.0,-492.8,10.0
2018-01-02,drc,122.0,18.0,38.0,-239.9,0.0,0.0,9.0,5.0,2.0,-6.2,0.0
2018-01-02,europe_east,660.0,88.0,72.0,700.3,0.0,0.0,44.0,50.0,18.0,32.3,12.0
2018-01-02,iran,5074.0,1535.0,1004.0,-8001.1,13.0,2.0,364.0,835.0,315.0,-12.5,11.0
2018-01-02,israel,4150.0,789.0,756.0,-979.6,21.0,12.0,323.0,996.0,477.0,-1256.4,107.0
2018-01-02,korea,2248.0,380.0,287.0,1386.6,31.0,4.0,141.0,614.0,182.0,541.8,30.0
2018-01-02,libya,221.0,19.0,55.0,-97.2,0.0,0.0,21.0,0.0,0.0,0.0,0.0
2018-01-02,scs,2000.0,244.0,348.0,478.5,3.0,11.0,146.0,41.0,5.0,126.0,0.0
2018-01-02,southasia,11751.0,2181.0,1873.0,-865.3,43.0,43.0,692.0,77.0,27.0,-60.5,7.0
2018-01-02,sudan,411.0,62.0,60.0,60.3,0.0,3.0,34.0,3.0,2.0,-15.0,0.0
2018-01-02,taiwan,203.0,12.0,19.0,339.5,0.0,0.0,12.0,51.0,13.0,23.4,7.0
2018-01-02,ukraine,676.0,108.0,156.0,-384.0,8.0,0.0,57.0,122.0,48.0,-123.4,11.0
2018-01-02,venezuela,148.0,23.0,26.0,27.0,1.0,0.0,13.0,19.0,10.0,-34.8,5.0
2018-01-02,yemen,358.0,41.0,85.0,-96.2,2.0,0.0,10.0,88.0,50.0,-231.6,0.0
2018-01-03,drc,112.0,42.0,26.0,-266.3,0.0,0.0,19.0,0.0,0.0,0.0,0.0
2018-01-03,europe_east,1006.0,131.0,85.0,1703.3,1.0,0.0,55.0,33.0,6.0,59.5,6.0
2018-01-03,iran,5140.0,1426.0,779.0,-3455.4,27.0,26.0,345.0,981.0,414.0,-419.5,44.0
2018-01-03,israel,5615.0,1016.0,1098.0,-627.8,35.0,15.0,498.0,1418.0,742.0,-2425.2,120.0
2018-01-03,korea,3432.0,699.0,398.0,1607.9,65.0,18.0,210.0,1343.0,413.0,959.9,107.0
2018-01-03,libya,278.0,25.0,66.0,-127.2,0.0,0.0,24.0,1.0,1.0,-2.0,0.0
2018-01-03,scs,2197.0,252.0,288.0,1254.4,2.0,9.0,103.0,97.0,24.0,224.0,0.0
2018-01-03,southasia,12514.0,2410.0,2189.0,-4730.4,41.0,72.0,738.0,37.0,23.0,-79.0,2.0
2018-01-03,sudan,587.0,81.0,90.0,361.6,4.0,0.0,42.0,7.0,0.0,28.4,0.0
2018-01-03,taiwan,261.0,38.0,54.0,-70.8,0.0,1.0,9.0,70.0,24.0,-82.3,2.0
2018-01-03,ukraine,781.0,127.0,140.0,-97.5,2.0,1.0,51.0,173.0,57.0,8.1,15.0
2018-01-03,venezuela,219.0,40.0,51.0,-116.9,0.0,0.0,39.0,14.0,10.0,-54.0,6.0
2018-01-03,yemen,357.0,41.0,88.0,-192.2,1.0,1.0,16.0,124.0,65.0,-293.1,10.0
2018-01-04,drc,61.0,11.0,17.0,-73.2,0.0,0.0,12.0,4.0,1.0,8.2,0.0
2018-01-04,europe_east,935.0,142.0,120.0,814.6,4.0,2.0,75.0,75.0,33.0,-25.9,13.0
2018-01-04,iran,4777.0,1306.0,797.0,-3439.6,12.0,35.0,384.0,865.0,400.0,-285.8,41.0
2018-01-04,israel,4830.0,792.0,901.0,-614.7,17.0,6.0,387.0,969.0,479.0,-1782.6,83.0
2018-01-04,korea,3178.0,498.0,360.0,2138.1,35.0,13.0,167.0,893.0,259.0,589.2,47.0
2018-01-04,libya,232.0,26.0,51.0,-38.8,0.0,1.0,21.0,2.0,2.0,-4.0,0.0
2018-01-04,scs,2235.0,347.0,374.0,338.8,4.0,8.0,203.0,50.0,5.0,109.9,5.0
2018-01-04,southasia,11556.0,2144.0,2114.0,-4628.8,39.0,37.0,744.0,66.0,31.0,-73.6,1.0
2018-01-04,sudan,637.0,93.0,109.0,16.1,2.0,1.0,30.0,2.0,2.0,-20.0,0.0
2018-01-04,taiwan,381.0,35.0,49.0,376.3,0.0,2.0,18.0,74.0,19.0,83.8,8.0
2018-01-04,ukraine,728.0,74.0,88.0,873.3,4.0,2.0,58.0,209.0,73.0,42.0,36.0
2018-01-04,venezuela,208.0,56.0,42.0,-225.5,3.0,1.0,27.0,25.0,16.0,-29.6,5.0
2018-01-04,yemen,453.0,53.0,144.0,-657.9,2.0,0.0,35.0,117.0,79.0,-407.6,5.0
2018-01-05,drc,66.0,6.0,16.0,-21.6,0.0,0.0,5.0,11.0,5.0,-0.8,2.0
2018-01-05,europe_east,1086.0,117.0,104.0,1554.2,4.0,0.0,58.0,100.0,33.0,35.8,9.0
2018-01-05,iran,4215.0,1182.0,620.0,-1435.6,23.0,19.0,331.0,745.0,333.0,-192.0,16.0
2018-01-05,israel,3620.0,712.0,578.0,-153.1,8.0,9.0,218.0,729.0,342.0,-996.0,45.0
2018-01-05,korea,2511.0,432.0,299.0,1964.3,22.0,17.0,150.0,666.0,185.0,689.7,32.0
2018-01-05,libya,228.0,23.0,48.0,46.4,0.0,0.0,20.0,1.0,0.0,3.4,0.0
2018-01-05,scs,2356.0,303.0,329.0,1366.7,5.0,15.0,162.0,71.0,13.0,128.4,1.0
2018-01-05,southasia,10728.0,2009.0,1627.0,799.8,30.0,17.0,750.0,49.0,14.0,28.8,4.0
2018-01-05,sudan,862.0,153.0,160.0,9.0,1.0,4.0,51.0,11.0,6.0,14.5,0.0
2018-01-05,taiwan,295.0,48.0,31.0,199.3,0.0,0.0,16.0,97.0,34.0,45.9,8.0
2018-01-05,ukraine,749.0,106.0,145.0,135.8,2.0,0.0,81.0,138.0,53.0,-110.5,18.0
2018-01-05,venezuela,381.0,90.0,82.0,-180.7,0.0,0.0,56.0,79.0,48.0,-196.9,4.0
2018-01-05,yemen,399.0,73.0,130.0,-947.8,0.0,2.0,8.0,152.0,106.0,-860.3,1.0
2018-01-06,drc,30.0,5.0,11.0,-71.3,0.0,1.0,6.0,10.0,8.0,-67.2,0.0
2018-01-06,europe_east,497.0,62.0,53.0,396.8,0.0,4.0,30.0,18.0,4.0,21.3,0.0
2018-01-06,iran,3141.0,850.0,395.0,-189.9,7.0,12.0,215.0,548.0,213.0,350.5,10.0
2018-01-06,israel,2654.0,496.0,384.0,805.1,5.0,3.0,175.0,487.0,179.0,-118.9,23.0
2018-01-06,korea,1579.0,209.0,148.0,1945.0,21.0,6.0,72.0,464.0,78.0,1063.3,13.0
2018-01-06,libya,211.0,22.0,43.0,26.7,0.0,0.0,11.0,0.0,0.0,0.0,0.0
2018-01-06,scs,1747.0,243.0,281.0,195.5,0.0,20.0,76.0,28.0,5.0,10.8,0.0
2018-01-06,southasia,8869.0,1536.0,1545.0,53.9,51.0,16.0,769.0,30.0,9.0,0.6,3.0
2018-01-06,sudan,485.0,87.0,127.0,-516.7,0.0,8.0,50.0,11.0,4.0,2.9,0.0
2018-01-06,taiwan,211.0,32.0,22.0,85.2,0.0,3.0,6.0,45.0,10.0,14.3,0.0
2018-01-06,ukraine,455.0,67.0,77.0,132.1,0.0,0.0,35.0,81.0,29.0,54.8,0.0
2018-01-06,venezuela,248.0,60.0,62.0,-191.2,0.0,0.0,56.0,56.0,37.0,-162.1,7.0
2018-01-06,yemen,389.0,63.0,142.0,-1046.7,1.0,0.0,21.0,96.0,71.0,-368.4,7.0
2018-01-07,drc,26.0,3.0,4.0,7.3,0.0,0.0,3.0,9.0,4.0,-28.4,0.0
2018-01-07,europe_east,367.0,58.0,46.0,251.2,2.0,0.0,26.0,11.0,7.0,-18.6,2.0
2018-01-07,iran,2407.0,586.0,392.0,-739.9,8.0,6.0,190.0,353.0,128.0,318.3,2.0
2018-01-07,israel,3037.0,602.0,419.0,1225.1,6.0,0.0,237.0,634.0,230.0,117.7,22.0
2018-01-07,korea,1592.0,166.0,93.0,2836.8,5.0,2.0,30.0,454.0,46.0,1236.9,3.0
2018-01-07,libya,221.0,19.0,34.0,113.9,0.0,0.0,16.0,2.0,2.0,-8.0,0.0
2018-01-07,scs,1401.0,200.0,195.0,638.2,2.0,20.0,60.0,28.0,6.0,21.7,2.0
2018-01-07,southasia,7393.0,1129.0,1139.0,982.3,15.0,19.0,525.0,40.0,14.0,22.4,4.0
2018-01-07,sudan,455.0,59.0,153.0,-715.1,0.0,15.0,79.0,4.0,3.0,-7.6,3.0
2018-01-07,taiwan,197.0,39.0,9.0,246.7,0.0,0.0,2.0,57.0,23.0,20.6,0.0
2018-01-07,ukraine,324.0,49.0,78.0,-242.0,0.0,0.0,44.0,69.0,16.0,31.5,0.0
2018-01-07,venezuela,135.0,33.0,37.0,-134.9,1.0,0.0,32.0,18.0,10.0,-9.9,2.0
2018-01-07,yemen,279.0,45.0,92.0,-399.6,1.0,3.0,14.0,87.0,44.0,-72.0,2.0
2018-01-08,drc,34.0,4.0,2.0,6.5,1.0,0.0,0.0,5.0,4.0,-37.0,0.0
2018-01-08,europe_east,1091.0,124.0,100.0,1369.2,2.0,3.0,55.0,57.0,29.0,-101.3,17.0
2018-01-08,iran,2891.0,673.0,423.0,-686.5,6.0,8.0,218.0,425.0,139.0,377.6,7.0
2018-01-08,israel,4506.0,772.0,671.0,1049.3,25.0,9.0,328.0,839.0,318.0,-328.0,43.0
2018-01-08,korea,2255.0,210.0,196.0,3474.5,22.0,8.0,88.0,544.0,91.0,1175.2,20.0
2018-01-08,libya,540.0,48.0,97.0,339.8,0.0,0.0,57.0,6.0,0.0,14.1,0.0
2018-01-08,scs,2642.0,373.0,405.0,1430.1,12.0,18.0,172.0,59.0,12.0,126.6,4.0
2018-01-08,southasia,9944.0,1577.0,1701.0,-319.3,27.0,20.0,709.0,38.0,20.0,-47.5,0.0
2018-01-08,sudan,855.0,184.0,219.0,-715.1,11.0,12.0,101.0,4.0,4.0,-40.0,0.0
2018-01-08,taiwan,337.0,55.0,40.0,121.0,2.0,5.0,13.0,68.0,17.0,81.8,1.0
2018-01-08,ukraine,728.0,92.0,106.0,244.1,4.0,1.0,46.0,112.0,52.0,-104.6,9.0
2018-01-08,venezuela,255.0,17.0,38.0,192.7,0.0,0.0,27.0,33.0,13.0,-45.1,2.0
2018-01-08,yemen,361.0,49.0,116.0,-629.8,3.0,3.0,9.0,122.0,49.0,-53.8,2.0
2018-01-09,drc,58.0,14.0,8.0,-27.0,1.0,0.0,0.0,0.0,0.0,0.0,0.0
2018-01-09,europe_east,1288.0,179.0,140.0,1440.5,0.0,1.0,70.0,49.0,22.0,-48.7,6.0
2018-01-09,iran,3203.0,736.0,515.0,-753.7,6.0,7.0,284.0,536.0,197.0,-4.6,19.0
2018-01-09,israel,4632.0,801.0,898.0,-2065.9,26.0,11.0,325.0,1140.0,532.0,-2281.7,47.0
2018-01-09,korea,2899.0,334.0,274.0,4130.9,45.0,2.0,139.0,647.0,168.0,652.9,28.0
2018-01-09,libya,482.0,54.0,98.0,135.1,1.0,1.0,60.0,2.0,0.0,4.7,0.0
2018-01-09,scs,2801.0,394.0,414.0,1074.5,7.0,38.0,177.0,152.0,71.0,-136.4,2.0
2018-01-09,southasia,10701.0,1707.0,1720.0,1782.3,15.0,29.0,730.0,58.0,27.0,-0.9,5.0
2018-01-09,sudan,686.0,120.0,157.0,-543.2,15.0,3.0,63.0,4.0,0.0,19.5,0.0
2018-01-09,taiwan,360.0,62.0,19.0,584.2,2.0,2.0,7.0,85.0,19.0,133.6,4.0
2018-01-09,ukraine,705.0,71.0,98.0,151.2,5.0,0.0,37.0,89.0,36.0,-78.3,0.0
2018-01-09,venezuela,235.0,24.0,48.0,120.4,0.0,0.0,35.0,29.0,8.0,33.2,0.0
2018-01-09,yemen,374.0,52.0,107.0,-655.3,0.0,0.0,10.0,121.0,67.0,-378.6,3.0
2018-01-10,drc,35.0,7.0,11.0,-62.4,0.0,0.0,2.0,6.0,4.0,-9.3,0.0
2018-01-10,europe_east,1306.0,149.0,126.0,1693.1,1.0,0.0,63.0,58.0,19.0,-4.7,6.0
2018-01-10,iran,3397.0,701.0,499.0,508.1,7.0,9.0,270.0,607.0,220.0,-87.9,12.0
2018-01-10,israel,5192.0,743.0,1155.0,-3187.2,19.0,9.0,332.0,1001.0,542.0,-2995.7,67.0
2018-01-10,korea,3145.0,418.0,213.0,4995.8,32.0,5.0,82.0,1119.0,258.0,1994.5,21.0
2018-01-10,libya,434.0,62.0,48.0,314.2,6.0,0.0,28.0,4.0,0.0,6.6,0.0
2018-01-10,scs,3270.0,419.0,373.0,2752.6,6.0,23.0,156.0,215.0,52.0,220.0,11.0
2018-01-10,southasia,11372.0,1704.0,1946.0,-14.8,28.0,19.0,790.0,42.0,19.0,-83.9,7.0
2018-01-10,sudan,481.0,60.0,73.0,262.5,6.0,8.0,30.0,1.0,0.0,7.0,0.0
2018-01-10,taiwan,385.0,52.0,26.0,570.7,1.0,0.0,11.0,64.0,16.0,72.2,3.0
2018-01-10,ukraine,829.0,116.0,107.0,681.9,0.0,1.0,49.0,110.0,32.0,118.3,11.0
2018-01-10,venezuela,271.0,51.0,39.0,152.9,0.0,0.0,26.0,32.0,8.0,21.6,2.0
2018-01-10,yemen,442.0,56.0,142.0,-603.5,8.0,10.0,12.0,101.0,55.0,-145.2,2.0
2018-01-11,drc,54.0,7.0,13.0,-12.6,0.0,0.0,3.0,10.0,4.0,10.8,2.0
2018-01-11,europe_east,1587.0,226.0,111.0,2355.9,3.0,2.0,63.0,73.0,34.0,-140.8,6.0
2018-01-11,iran,3683.0,759.0,521.0,938.6,11.0,5.0,313.0,586.0,227.0,-119.6,18.0
2018-01-11,israel,4674.0,716.0,1052.0,-3160.6,30.0,3.0,347.0,913.0,528.0,-2732.5,80.0
2018-01-11,korea,2937.0,393.0,298.0,3307.2,35.0,15.0,145.0,744.0,155.0,1150.4,39.0
2018-01-11,libya,437.0,50.0,54.0,295.5,2.0,0.0,30.0,9.0,0.0,19.4,0.0
2018-01-11,scs,2979.0,441.0,332.0,3071.9,16.0,16.0,151.0,218.0,51.0,274.6,8.0
2018-01-11,southasia,12896.0,2040.0,1998.0,2561.3,31.0,17.0,850.0,59.0,25.0,-17.6,6.0
2018-01-11,sudan,697.0,115.0,118.0,403.6,2.0,2.0,47.0,3.0,1.0,-10.0,0.0
2018-01-11,taiwan,361.0,49.0,29.0,542.0,1.0,1.0,17.0,68.0,9.0,194.4,1.0
2018-01-11,ukraine,850.0,101.0,144.0,443.5,2.0,3.0,58.0,139.0,63.0,-190.4,5.0
2018-01-11,venezuela,366.0,37.0,66.0,159.4,0.0,0.0,40.0,30.0,13.0,-12.4,6.0
2018-01-11,yemen,655.0,82.0,212.0,-1293.9,6.0,1.0,23.0,168.0,90.0,-374.9,9.0
2018-01-12,drc,82.0,16.0,15.0,-11.0,1.0,0.0,5.0,8.0,2.0,-5.9,0.0
2018-01-12,europe_east,1542.0,177.0,102.0,2423.5,4.0,4.0,61.0,77.0,23.0,-116.1,1.0
2018-01-12,iran,2832.0,559.0,411.0,748.9,12.0,4.0,260.0,556.0,231.0,-90.9,26.0
2018-01-12,israel,4121.0,704.0,947.0,-3545.0,14.0,2.0,316.0,864.0,521.0,-2912.5,84.0
2018-01-12,korea,2281.0,295.0,243.0,2355.6,31.0,7.0,122.0,592.0,93.0,1220.6,25.0
2018-01-12,libya,317.0,26.0,54.0,170.5,2.0,1.0,36.0,10.0,0.0,22.8,0.0
2018-01-12,scs,2156.0,318.0,266.0,1218.4,12.0,3.0,135.0,108.0,20.0,173.9,3.0
2018-01-12,southasia,11562.0,2089.0,1816.0,-837.3,37.0,32.0,737.0,59.0,34.0,-211.4,4.0
2018-01-12,sudan,654.0,108.0,102.0,-212.9,0.0,6.0,32.0,1.0,1.0,-10.0,0.0
2018-01-12,taiwan,341.0,47.0,24.0,439.0,1.0,0.0,12.0,113.0,39.0,170.7,0.0
2018-01-12,ukraine,831.0,92.0,121.0,525.8,1.0,4.0,34.0,153.0,45.0,198.4,1.0
2018-01-12,venezuela,376.0,42.0,84.0,-140.9,1.0,0.0,28.0,40.0,29.0,-108.8,5.0
2018-01-12,yemen,393.0,54.0,93.0,-416.3,0.0,0.0,12.0,111.0,71.0,-439.6,3.0
2018-01-13,drc,44.0,9.0,6.0,22.1,0.0,0.0,4.0,19.0,18.0,-174.0,1.0
2018-01-13,europe_east,851.0,73.0,69.0,1602.9,1.0,5.0,31.0,34.0,21.0,-94.0,8.0
2018-01-13,iran,2286.0,453.0,296.0,2051.6,16.0,2.0,186.0,482.0,206.0,50.6,10.0
2018-01-13,israel,2774.0,484.0,664.0,-2842.7,10.0,3.0,224.0,647.0,387.0,-2018.4,63.0
2018-01-13,korea,1197.0,162.0,126.0,1296.7,21.0,10.0,44.0,372.0,89.0,540.3,26.0
2018-01-13,libya,195.0,34.0,28.0,43.6,2.0,0.0,14.0,0.0,0.0,0.0,0.0
2018-01-13,scs,1818.0,212.0,234.0,1028.1,9.0,2.0,96.0,134.0,29.0,64.4,10.0
2018-01-13,southasia,8650.0,1428.0,1425.0,-629.2,32.0,9.0,567.0,38.0,16.0,-100.7,2.0
2018-01-13,sudan,401.0,57.0,59.0,170.0,5.0,0.0,25.0,0.0,0.0,0.0,0.0
2018-01-13,taiwan,226.0,28.0,22.0,246.9,0.0,1.0,17.0,33.0,17.0,-43.2,3.0
2018-01-13,ukraine,405.0,30.0,77.0,86.0,0.0,2.0,21.0,94.0,46.0,-140.7,5.0
2018-01-13,venezuela,173.0,15.0,18.0,299.1,0.0,0.0,11.0,13.0,5.0,14.2,2.0
2018-01-13,yemen,238.0,31.0,59.0,-242.6,2.0,0.0,13.0,101.0,62.0,-383.3,3.0
2018-01-14,drc,27.0,9.0,0.0,28.6,0.0,0.0,0.0,11.0,10.0,-100.0,0.0
2018-01-14,europe_east,619.0,37.0,46.0,1140.0,3.0,5.0,10.0,31.0,7.0,-9.9,0.0
2018-01-14,iran,1835.0,363.0,287.0,222.5,12.0,7.0,142.0,315.0,120.0,184.3,4.0
2018-01-14,israel,4003.0,613.0,698.0,-356.8,34.0,12.0,194.0,746.0,365.0,-1190.9,42.0
2018-01-14,korea,1362.0,205.0,168.0,793.0,20.0,7.0,47.0,502.0,139.0,243.9,25.0
2018-01-14,libya,187.0,29.0,28.0,105.9,3.0,0.0,18.0,0.0,0.0,0.0,0.0
2018-01-14,scs,1395.0,175.0,180.0,1063.0,11.0,0.0,76.0,84.0,30.0,-24.4,8.0
2018-01-14,southasia,8896.0,1240.0,1115.0,4719.7,22.0,19.0,396.0,43.0,13.0,-34.9,0.0
2018-01-14,sudan,296.0,40.0,36.0,210.9,0.0,4.0,17.0,0.0,0.0,0.0,0.0
2018-01-14,taiwan,157.0,33.0,7.0,102.2,0.0,0.0,5.0,38.0,26.0,-56.5,1.0
2018-01-14,ukraine,239.0,41.0,35.0,91.4,2.0,2.0,7.0,63.0,32.0,-51.9,6.0
2018-01-14,venezuela,182.0,25.0,20.0,220.2,0.0,0.0,10.0,25.0,9.0,-13.5,0.0
2018-01-14,yemen,237.0,36.0,63.0,-327.2,3.0,0.0,10.0,84.0,14.0,132.2,0.0
2018-01-15,drc,20.0,1.0,9.0,-54.0,0.0,4.0,2.0,31.0,30.0,-300.0,0.0
2018-01-15,europe_east,1561.0,113.0,106.0,2701.4,4.0,5.0,32.0,46.0,6.0,81.2,3.0
2018-01-15,iran,2314.0,393.0,313.0,2048.4,10.0,6.0,159.0,300.0,93.0,349.5,14.0
2018-01-15,israel,6241.0,915.0,1257.0,-569.2,48.0,7.0,485.0,1258.0,705.0,-2804.4,135.0
2018-01-15,korea,2027.0,301.0,281.0,907.1,31.0,8.0,132.0,563.0,180.0,200.5,38.0
2018-01-15,libya,432.0,60.0,155.0,-867.3,2.0,0.0,57.0,0.0,0.0,0.0,0.0
2018-01-15,scs,2565.0,475.0,316.0,1048.1,18.0,5.0,174.0,89.0,19.0,129.7,4.0
2018-01-15,southasia,12707.0,1758.0,1959.0,2933.9,56.0,26.0,586.0,99.0,20.0,143.5,7.0
2018-01-15,sudan,631.0,112.0,91.0,371.0,1.0,7.0,54.0,4.0,1.0,3.0,1.0
2018-01-15,taiwan,214.0,24.0,16.0,244.9,0.0,1.0,6.0,21.0,5.0,18.0,0.0
2018-01-15,ukraine,731.0,83.0,95.0,699.4,0.0,0.0,45.0,85.0,30.0,28.0,5.0
2018-01-15,venezuela,295.0,44.0,95.0,-485.9,1.0,0.0,26.0,22.0,8.0,-6.6,1.0
2018-01-15,yemen,331.0,29.0,90.0,-161.4,3.0,4.0,23.0,119.0,36.0,-46.1,4.0
2018-01-16,drc,74.0,11.0,16.0,-27.3,0.0,4.0,8.0,0.0,0.0,0.0,0.0
2018-01-16,europe_east,1953.0,205.0,138.0,3199.1,2.0,2.0,72.0,41.0,16.0,-8.9,6.0
2018-01-16,iran,2425.0,445.0,321.0,952.4,18.0,5.0,179.0,348.0,124.0,155.1,7.0
2018-01-16,israel,5831.0,875.0,1136.0,5.4,25.0,13.0,542.0,1157.0,589.0,-1872.4,146.0
2018-01-16,korea,2940.0,414.0,386.0,2072.8,37.0,18.0,199.0,725.0,244.0,153.1,52.0
2018-01-16,libya,388.0,48.0,108.0,-420.9,3.0,0.0,32.0,5.0,0.0,19.5,0.0
2018-01-16,scs,2903.0,435.0,335.0,2622.0,13.0,10.0,178.0,115.0,15.0,260.3,3.0
2018-01-16,southasia,13213.0,1950.0,2024.0,3484.5,27.0,42.0,763.0,54.0,25.0,-56.9,3.0
2018-01-16,sudan,736.0,111.0,139.0,78.7,7.0,6.0,80.0,1.0,0.0,7.0,0.0
2018-01-16,taiwan,212.0,25.0,10.0,324.4,0.0,0.0,3.0,63.0,12.0,76.7,2.0
2018-01-16,ukraine,887.0,103.0,134.0,441.4,0.0,3.0,47.0,141.0,55.0,8.9,9.0
2018-01-16,venezuela,543.0,111.0,180.0,-1352.7,3.0,0.0,44.0,32.0,5.0,38.4,1.0
2018-01-16,yemen,418.0,54.0,83.0,59.1,1.0,0.0,18.0,140.0,63.0,-185.5,6.0
2018-01-17,drc,74.0,14.0,18.0,-149.8,0.0,2.0,7.0,16.0,5.0,-11.6,0.0
2018-01-17,europe_east,1744.0,175.0,146.0,2823.9,2.0,4.0,68.0,118.0,40.0,229.6,8.0
2018-01-17,iran,2383.0,383.0,249.0,2711.2,13.0,1.0,119.0,305.0,106.0,128.2,8.0
2018-01-17,israel,6190.0,994.0,1009.0,1952.6,16.0,5.0,562.0,1132.0,454.0,-470.4,111.0
2018-01-17,korea,2731.0,477.0,370.0,1031.3,37.0,20.0,165.0,632.0,261.0,-420.0,54.0
2018-01-17,libya,323.0,41.0,69.0,-46.6,1.0,0.0,23.0,1.0,1.0,-10.0,0.0
2018-01-17,scs,2553.0,360.0,340.0,1627.2,9.0,6.0,147.0,47.0,5.0,122.6,0.0
2018-01-17,southasia,12151.0,1895.0,1954.0,716.9,35.0,30.0,787.0,62.0,43.0,-278.2,2.0
2018-01-17,sudan,796.0,125.0,118.0,414.7,0.0,11.0,75.0,2.0,2.0,-20.0,0.0
2018-01-17,taiwan,271.0,46.0,33.0,220.7,0.0,0.0,19.0,69.0,25.0,-12.5,6.0
2018-01-17,ukraine,799.0,90.0,104.0,678.8,1.0,3.0,41.0,169.0,61.0,-47.3,10.0
2018-01-17,venezuela,448.0,122.0,114.0,-795.3,6.0,0.0,24.0,53.0,23.0,18.6,1.0
2018-01-17,yemen,415.0,64.0,101.0,-207.2,0.0,0.0,33.0,139.0,64.0,-238.3,3.0
2018-01-18,drc,98.0,19.0,26.0,-137.8,0.0,3.0,2.0,17.0,12.0,-89.6,0.0
2018-01-18,europe_east,1480.0,144.0,130.0,2430.3,1.0,5.0,61.0,79.0,29.0,22.1,10.0
2018-01-18,iran,2333.0,382.0,350.0,1776.5,9.0,9.0,201.0,294.0,74.0,400.8,10.0
2018-01-18,israel,5599.0,815.0,1040.0,-159.3,33.0,9.0,427.0,976.0,471.0,-1557.1,98.0
2018-01-18,korea,1971.0,346.0,291.0,576.6,31.0,7.0,162.0,469.0,176.0,-214.2,46.0
2018-01-18,libya,228.0,25.0,38.0,17.1,1.0,0.0,6.0,2.0,2.0,-20.0,0.0
2018-01-18,scs,2402.0,344.0,251.0,2417.6,14.0,5.0,129.0,55.0,10.0,71.4,0.0
2018-01-18,southasia,12447.0,1997.0,2064.0,796.3,34.0,43.0,774.0,108.0,48.0,-104.1,4.0
2018-01-18,sudan,778.0,81.0,196.0,-457.6,0.0,14.0,81.0,0.0,0.0,0.0,0.0
2018-01-18,taiwan,295.0,40.0,54.0,69.7,0.0,1.0,29.0,77.0,14.0,154.8,1.0
2018-01-18,ukraine,1028.0,110.0,146.0,799.3,6.0,6.0,53.0,174.0,71.0,-101.0,18.0
2018-01-18,venezuela,362.0,72.0,109.0,-603.1,1.0,0.0,48.0,27.0,7.0,49.5,1.0
2018-01-18,yemen,412.0,63.0,100.0,-266.1,0.0,1.0,23.0,147.0,73.0,-288.9,6.0
2018-01-19,drc,46.0,8.0,27.0,-249.1,0.0,0.0,2.0,5.0,5.0,-48.0,0.0
2018-01-19,europe_east,1408.0,116.0,115.0,2380.1,0.0,2.0,52.0,49.0,15.0,18.0,4.0
2018-01-19,iran,1596.0,287.0,266.0,184.6,11.0,3.0,118.0,279.0,90.0,236.7,15.0
2018-01-19,israel,5053.0,763.0,953.0,-331.0,14.0,6.0,342.0,890.0,423.0,-1519.0,65.0
2018-01-19,korea,1817.0,284.0,282.0,447.6,24.0,20.0,135.0,357.0,137.0,-100.4,43.0
2018-01-19,libya,207.0,28.0,46.0,-84.8,0.0,2.0,18.0,0.0,0.0,0.0,0.0
2018-01-19,scs,2736.0,440.0,402.0,763.2,6.0,5.0,194.0,49.0,13.0,69.6,3.0
2018-01-19,southasia,12569.0,1916.0,2459.0,-3174.2,30.0,30.0,808.0,81.0,41.0,-149.8,10.0
2018-01-19,sudan,561.0,97.0,136.0,-392.5,7.0,5.0,72.0,0.0,0.0,0.0,0.0
2018-01-19,taiwan,307.0,57.0,40.0,59.6,1.0,1.0,26.0,82.0,37.0,-22.3,5.0
2018-01-19,ukraine,1207.0,134.0,173.0,813.4,5.0,14.0,46.0,296.0,115.0,-43.1,22.0
2018-01-19,venezuela,364.0,77.0,55.0,-136.1,0.0,3.0,27.0,29.0,11.0,-25.5,2.0
2018-01-19,yemen,349.0,38.0,109.0,-413.8,1.0,0.0,20.0,98.0,65.0,-381.1,9.0
2018-01-20,drc,77.0,17.0,32.0,-285.7,0.0,2.0,7.0,12.0,6.0,-40.3,0.0
2018-01-20,europe_east,669.0,73.0,47.0,860.2,2.0,2.0,26.0,39.0,17.0,-21.4,5.0
2018-01-20,iran,1449.0,222.0,169.0,1214.4,7.0,5.0,80.0,351.0,72.0,604.9,27.0
2018-01-20,israel,3553.0,586.0,579.0,137.7,15.0,1.0,228.0,497.0,254.0,-995.0,50.0
2018-01-20,korea,798.0,132.0,89.0,349.9,10.0,9.0,32.0,172.0,65.0,-87.4,32.0
2018-01-20,libya,105.0,6.0,23.0,-32.0,0.0,0.0,7.0,0.0,0.0,0.0,0.0
2018-01-20,scs,1979.0,261.0,289.0,1019.2,4.0,0.0,136.0,65.0,32.0,-32.4,3.0
2018-01-20,southasia,10306.0,1748.0,2091.0,-6178.6,21.0,17.0,679.0,88.0,61.0,-329.6,0.0
2018-01-20,sudan,451.0,86.0,99.0,-293.9,8.0,3.0,44.0,7.0,4.0,-16.7,0.0
2018-01-20,taiwan,180.0,17.0,9.0,223.9,0.0,0.0,4.0,70.0,17.0,51.6,5.0
2018-01-20,ukraine,438.0,74.0,55.0,45.6,2.0,1.0,15.0,78.0,46.0,-126.3,13.0
2018-01-20,venezuela,179.0,27.0,54.0,-253.9,0.0,0.0,31.0,21.0,19.0,-98.2,13.0
2018-01-20,yemen,310.0,38.0,132.0,-734.2,0.0,3.0,38.0,84.0,53.0,-294.9,10.0
2018-01-21,drc,182.0,34.0,59.0,-440.0,0.0,3.0,23.0,1.0,1.0,-5.0,1.0
2018-01-21,europe_east,635.0,91.0,76.0,330.2,1.0,0.0,37.0,23.0,6.0,-1.5,4.0
2018-01-21,iran,1496.0,237.0,155.0,1492.2,2.0,1.0,67.0,322.0,42.0,757.2,7.0
2018-01-21,israel,4521.0,650.0,651.0,1151.4,12.0,9.0,269.0,670.0,273.0,-752.6,31.0
2018-01-21,korea,951.0,125.0,147.0,240.4,6.0,5.0,52.0,185.0,75.0,-163.7,26.0
2018-01-21,libya,170.0,31.0,39.0,-175.9,1.0,0.0,14.0,2.0,2.0,-20.0,0.0
2018-01-21,scs,1892.0,243.0,263.0,1109.1,2.0,0.0,110.0,73.0,25.0,67.1,0.0
2018-01-21,southasia,8992.0,1479.0,1672.0,-3281.3,11.0,25.0,574.0,40.0,24.0,-176.1,2.0
2018-01-21,sudan,450.0,66.0,58.0,270.0,0.0,9.0,30.0,0.0,0.0,0.0,0.0
2018-01-21,taiwan,136.0,20.0,22.0,89.5,0.0,0.0,13.0,34.0,15.0,-36.6,0.0
2018-01-21,ukraine,438.0,69.0,84.0,-224.8,4.0,1.0,12.0,98.0,35.0,59.6,9.0
2018-01-21,venezuela,138.0,24.0,50.0,-378.8,1.0,0.0,13.0,11.0,6.0,-55.6,0.0
2018-01-21,yemen,250.0,28.0,65.0,-88.9,1.0,0.0,13.0,60.0,35.0,-225.7,1.0
2018-01-22,drc,191.0,42.0,58.0,-453.6,0.0,1.0,28.0,14.0,2.0,8.5,0.0
2018-01-22,europe_east,1301.0,129.0,111.0,1864.0,0.0,1.0,51.0,21.0,12.0,-82.7,9.0
2018-01-22,iran,2000.0,470.0,208.0,888.0,9.0,3.0,96.0,392.0,127.0,290.8,1.0
2018-01-22,israel,6734.0,1037.0,893.0,3102.9,24.0,0.0,418.0,1188.0,457.0,-291.7,71.0
2018-01-22,korea,1373.0,212.0,182.0,663.2,11.0,4.0,68.0,270.0,127.0,-318.7,21.0
2018-01-22,libya,269.0,35.0,50.0,-33.1,3.0,1.0,7.0,2.0,2.0,-20.0,0.0
2018-01-22,scs,3437.0,518.0,559.0,1273.0,25.0,1.0,290.0,151.0,58.0,-8.5,6.0
2018-01-22,southasia,12585.0,2101.0,2115.0,-95.5,21.0,21.0,859.0,59.0,30.0,-183.5,5.0
2018-01-22,sudan,388.0,64.0,72.0,-106.9,0.0,0.0,47.0,4.0,0.0,4.0,0.0
2018-01-22,taiwan,241.0,38.0,27.0,210.2,2.0,2.0,12.0,67.0,27.0,-103.1,2.0
2018-01-22,ukraine,1057.0,118.0,176.0,384.4,12.0,0.0,50.0,272.0,92.0,170.3,23.0
2018-01-22,venezuela,315.0,61.0,95.0,-551.2,3.0,0.0,35.0,39.0,16.0,36.8,5.0
2018-01-22,yemen,529.0,59.0,109.0,91.6,6.0,1.0,18.0,241.0,79.0,73.7,3.0
2018-01-23,drc,146.0,34.0,48.0,-362.4,0.0,9.0,19.0,2.0,0.0,16.0,0.0
2018-01-23,europe_east,1096.0,121.0,103.0,1437.2,3.0,2.0,59.0,54.0,30.0,-114.4,13.0
2018-01-23,iran,1878.0,321.0,191.0,2059.8,6.0,2.0,76.0,262.0,66.0,234.9,3.0
2018-01-23,israel,5999.0,950.0,831.0,2183.1,17.0,8.0,441.0,1047.0,382.0,-295.9,87.0
2018-01-23,korea,1695.0,273.0,267.0,305.7,21.0,4.0,100.0,319.0,141.0,-456.1,26.0
2018-01-23,libya,225.0,19.0,42.0,28.8,0.0,0.0,14.0,4.0,4.0,-40.0,0.0
2018-01-23,scs,3971.0,438.0,607.0,2797.2,16.0,10.0,290.0,124.0,42.0,-42.2,5.0
2018-01-23,southasia,13171.0,2177.0,1939.0,2344.0,34.0,41.0,867.0,31.0,11.0,-34.7,2.0
2018-01-23,sudan,566.0,98.0,78.0,319.0,0.0,2.0,47.0,0.0,0.0,0.0,0.0
2018-01-23,taiwan,247.0,42.0,31.0,136.5,2.0,0.0,15.0,66.0,45.0,-221.9,4.0
2018-01-23,ukraine,730.0,72.0,131.0,307.3,2.0,7.0,47.0,119.0,41.0,4.2,11.0
2018-01-23,venezuela,396.0,72.0,120.0,-803.6,3.0,0.0,45.0,67.0,31.0,-46.2,5.0
2018-01-23,yemen,679.0,50.0,152.0,-20.0,0.0,2.0,28.0,202.0,69.0,-0.7,8.0
2018-01-24,drc,101.0,23.0,22.0,-97.9,0.0,2.0,12.0,8.0,5.0,-32.0,0.0
2018-01-24,europe_east,1040.0,132.0,101.0,1118.4,1.0,2.0,47.0,50.0,9.0,40.3,0.0
2018-01-24,iran,1854.0,283.0,210.0,1149.3,10.0,1.0,86.0,273.0,94.0,74.1,9.0
2018-01-24,israel,5385.0,728.0,829.0,2123.8,15.0,2.0,366.0,796.0,363.0,-1000.8,85.0
2018-01-24,korea,1819.0,289.0,287.0,417.7,11.0,3.0,174.0,335.0,150.0,-423.7,19.0
2018-01-24,libya,558.0,101.0,195.0,-1430.3,3.0,1.0,27.0,13.0,10.0,-83.9,0.0
2018-01-24,scs,4282.0,425.0,581.0,4556.2,7.0,7.0,269.0,149.0,44.0,6.1,2.0
2018-01-24,southasia,12108.0,2052.0,2198.0,-3178.9,36.0,59.0,907.0,32.0,17.0,-74.6,4.0
2018-01-24,sudan,608.0,101.0,93.0,5.0,4.0,4.0,34.0,0.0,0.0,0.0,0.0
2018-01-24,taiwan,400.0,55.0,54.0,281.7,0.0,0.0,29.0,55.0,14.0,7.9,3.0
2018-01-24,ukraine,958.0,91.0,104.0,1220.5,4.0,1.0,36.0,161.0,50.0,69.2,4.0
2018-01-24,venezuela,313.0,79.0,75.0,-570.2,0.0,0.0,40.0,44.0,25.0,-102.8,0.0
2018-01-24,yemen,520.0,44.0,102.0,28.7,1.0,2.0,28.0,245.0,63.0,13.2,8.0
2018-01-25,drc,105.0,30.0,33.0,-217.9,0.0,0.0,21.0,6.0,5.0,-45.0,0.0
2018-01-25,europe_east,1262.0,148.0,124.0,1428.3,3.0,2.0,57.0,43.0,20.0,-72.3,0.0
2018-01-25,iran,1739.0,279.0,224.0,1206.1,3.0,7.0,121.0,246.0,90.0,18.4,5.0
2018-01-25,israel,5770.0,851.0,832.0,2070.0,19.0,11.0,366.0,953.0,427.0,-1115.4,72.0
2018-01-25,korea,1755.0,287.0,253.0,627.0,26.0,7.0,139.0,326.0,139.0,-403.5,10.0
2018-01-25,libya,500.0,74.0,170.0,-1067.9,2.0,0.0,34.0,12.0,10.0,-93.0,0.0
2018-01-25,scs,4303.0,403.0,682.0,2591.3,14.0,10.0,205.0,278.0,85.0,-2.6,2.0
2018-01-25,southasia,13529.0,2431.0,2327.0,-2674.7,32.0,133.0,842.0,30.0,20.0,-55.6,4.0
2018-01-25,sudan,820.0,131.0,108.0,263.0,0.0,4.0,44.0,6.0,4.0,-16.7,0.0
2018-01-25,taiwan,335.0,51.0,40.0,259.9,0.0,1.0,28.0,65.0,27.0,-6.9,2.0
2018-01-25,ukraine,1046.0,115.0,157.0,642.0,2.0,5.0,73.0,196.0,64.0,12.8,21.0
2018-01-25,venezuela,391.0,82.0,97.0,-467.2,2.0,1.0,55.0,40.0,20.0,-40.0,5.0
2018-01-25,yemen,485.0,54.0,114.0,-235.5,2.0,4.0,22.0,201.0,62.0,-143.3,1.0
2018-01-26,drc,74.0,18.0,17.0,-142.2,0.0,0.0,0.0,3.0,0.0,10.7,0.0
2018-01-26,europe_east,1415.0,187.0,123.0,1519.1,6.0,4.0,63.0,52.0,14.0,31.4,4.0
2018-01-26,iran,1510.0,301.0,171.0,668.2,6.0,3.0,88.0,258.0,101.0,26.1,6.0
2018-01-26,israel,4661.0,739.0,688.0,1567.4,6.0,21.0,327.0,735.0,321.0,-562.5,49.0
2018-01-26,korea,1914.0,247.0,388.0,-606.1,16.0,4.0,148.0,258.0,115.0,-429.8,14.0
2018-01-26,libya,341.0,50.0,74.0,-109.1,0.0,2.0,24.0,1.0,0.0,-2.0,0.0
2018-01-26,scs,3768.0,399.0,589.0,2087.4,20.0,8.0,236.0,161.0,46.0,116.7,6.0
2018-01-26,southasia,10754.0,1490.0,1569.0,3659.9,28.0,64.0,599.0,37.0,18.0,-78.7,0.0
2018-01-26,sudan,721.0,96.0,134.0,223.6,4.0,7.0,55.0,1.0,1.0,-2.0,0.0
2018-01-26,taiwan,255.0,37.0,15.0,437.6,0.0,0.0,11.0,36.0,7.0,36.6,2.0
2018-01-26,ukraine,976.0,103.0,170.0,716.1,8.0,10.0,84.0,307.0,115.0,-48.1,29.0
2018-01-26,venezuela,473.0,110.0,106.0,-240.2,0.0,1.0,82.0,44.0,19.0,-38.7,0.0
2018-01-26,yemen,448.0,42.0,125.0,-412.5,0.0,0.0,23.0,108.0,55.0,-258.3,0.0
2018-01-27,drc,66.0,15.0,18.0,-160.0,0.0,2.0,1.0,0.0,0.0,0.0,0.0
2018-01-27,europe_east,1114.0,183.0,110.0,772.7,4.0,4.0,32.0,43.0,12.0,32.0,0.0
2018-01-27,iran,958.0,162.0,204.0,-657.7,5.0,4.0,52.0,127.0,54.0,-9.0,3.0
2018-01-27,israel,2406.0,443.0,356.0,69.3,6.0,2.0,150.0,400.0,176.0,-407.4,28.0
2018-01-27,korea,1102.0,159.0,175.0,125.8,3.0,0.0,71.0,188.0,90.0,-237.4,3.0
2018-01-27,libya,161.0,30.0,38.0,-156.2,3.0,1.0,6.0,0.0,0.0,0.0,0.0
2018-01-27,scs,2257.0,271.0,308.0,1552.3,18.0,3.0,159.0,83.0,20.0,93.6,5.0
2018-01-27,southasia,9293.0,1349.0,1643.0,-649.9,22.0,39.0,577.0,12.0,6.0,-13.6,3.0
2018-01-27,sudan,491.0,74.0,42.0,810.9,3.0,4.0,18.0,3.0,1.0,4.8,0.0
2018-01-27,taiwan,214.0,34.0,24.0,208.5,1.0,1.0,17.0,41.0,21.0,-48.3,5.0
2018-01-27,ukraine,580.0,52.0,84.0,487.5,5.0,3.0,41.0,185.0,64.0,30.4,9.0
2018-01-27,venezuela,237.0,67.0,57.0,-268.8,0.0,0.0,41.0,21.0,11.0,-38.8,0.0
2018-01-27,yemen,318.0,33.0,119.0,-605.3,0.0,4.0,30.0,62.0,25.0,-56.7,1.0
2018-01-28,drc,42.0,9.0,10.0,-38.0,0.0,0.0,0.0,0.0,0.0,0.0,0.0
2018-01-28,europe_east,1393.0,245.0,149.0,791.0,1.0,0.0,51.0,54.0,16.0,9.8,4.0
2018-01-28,iran,1201.0,178.0,320.0,-751.8,7.0,2.0,140.0,260.0,89.0,101.2,52.0
2018-01-28,israel,3230.0,511.0,426.0,975.9,7.0,3.0,168.0,436.0,158.0,-309.5,23.0
2018-01-28,korea,1043.0,144.0,163.0,599.5,8.0,5.0,89.0,244.0,97.0,-83.7,29.0
2018-01-28,libya,116.0,19.0,18.0,7.7,2.0,0.0,4.0,0.0,0.0,0.0,0.0
2018-01-28,scs,1914.0,217.0,245.0,1908.7,1.0,7.0,65.0,45.0,6.0,101.0,0.0
2018-01-28,southasia,7776.0,1227.0,1277.0,-135.8,13.0,13.0,498.0,26.0,12.0,-55.9,5.0
2018-01-28,sudan,683.0,78.0,50.0,1636.6,1.0,0.0,26.0,3.0,3.0,-6.0,0.0
2018-01-28,taiwan,141.0,18.0,14.0,117.5,1.0,0.0,5.0,21.0,1.0,80.2,1.0
2018-01-28,ukraine,324.0,30.0,58.0,287.2,0.0,1.0,18.0,104.0,41.0,55.0,8.0
2018-01-28,venezuela,223.0,41.0,42.0,6.7,2.0,0.0,34.0,24.0,16.0,-62.4,7.0
2018-01-28,yemen,458.0,85.0,162.0,-1242.2,2.0,4.0,26.0,125.0,73.0,-277.7,4.0
2018-01-29,drc,52.0,12.0,11.0,-17.2,0.0,0.0,5.0,2.0,0.0,2.0,0.0
2018-01-29,europe_east,2048.0,305.0,274.0,1029.8,0.0,6.0,105.0,112.0,34.0,63.0,6.0
2018-01-29,iran,1578.0,246.0,246.0,873.8,9.0,6.0,133.0,349.0,117.0,80.6,53.0
2018-01-29,israel,4199.0,648.0,576.0,1845.6,19.0,5.0,268.0,659.0,263.0,-433.6,58.0
2018-01-29,korea,1210.0,170.0,160.0,704.3,6.0,4.0,73.0,181.0,83.0,-295.0,15.0
2018-01-29,libya,206.0,31.0,40.0,-66.4,0.0,0.0,3.0,0.0,0.0,0.0,0.0
2018-01-29,scs,3036.0,458.0,368.0,1692.2,4.0,9.0,133.0,118.0,31.0,41.1,1.0
2018-01-29,southasia,9659.0,1699.0,1472.0,606.1,30.0,30.0,524.0,28.0,19.0,-113.9,1.0
2018-01-29,sudan,1030.0,95.0,134.0,1926.4,1.0,1.0,85.0,3.0,0.0,12.0,0.0
2018-01-29,taiwan,282.0,30.0,28.0,317.4,0.0,2.0,10.0,74.0,14.0,104.4,4.0
2018-01-29,ukraine,895.0,86.0,123.0,624.4,4.0,4.0,45.0,240.0,95.0,-141.6,5.0
2018-01-29,venezuela,243.0,57.0,41.0,-21.3,0.0,0.0,24.0,24.0,8.0,-10.6,1.0
2018-01-29,yemen,682.0,120.0,212.0,-1247.6,5.0,5.0,23.0,154.0,86.0,-357.3,12.0
2018-01-30,drc,76.0,9.0,15.0,-36.4,0.0,0.0,7.0,7.0,3.0,-10.6,2.0
2018-01-30,europe_east,1712.0,227.0,143.0,2114.2,6.0,0.0,53.0,53.0,10.0,77.3,2.0
2018-01-30,iran,1719.0,268.0,254.0,1009.1,9.0,9.0,121.0,215.0,75.0,4.1,26.0
2018-01-30,israel,4589.0,721.0,685.0,1354.8,20.0,8.0,298.0,776.0,356.0,-1159.6,73.0
2018-01-30,korea,1675.0,278.0,224.0,566.7,20.0,5.0,99.0,298.0,120.0,-298.3,24.0
2018-01-30,libya,298.0,43.0,27.0,332.4,0.0,0.0,8.0,0.0,0.0,0.0,0.0
2018-01-30,scs,3127.0,431.0,474.0,1004.4,6.0,14.0,190.0,99.0,30.0,43.5,0.0
2018-01-30,southasia,10594.0,1690.0,1689.0,641.5,32.0,24.0,594.0,77.0,27.0,-86.1,2.0
2018-01-30,sudan,861.0,117.0,91.0,1016.2,0.0,3.0,59.0,0.0,0.0,0.0,0.0
2018-01-30,taiwan,604.0,93.0,93.0,353.3,1.0,3.0,73.0,295.0,112.0,59.0,31.0
2018-01-30,ukraine,859.0,69.0,89.0,1108.3,0.0,0.0,38.0,124.0,42.0,71.9,0.0
2018-01-30,venezuela,262.0,52.0,37.0,16.3,1.0,0.0,21.0,29.0,17.0,-57.8,3.0
2018-01-30,yemen,961.0,107.0,329.0,-1857.5,7.0,6.0,57.0,183.0,78.0,-352.4,5.0
2018-01-31,drc,55.0,6.0,9.0,63.3,0.0,0.0,6.0,10.0,3.0,12.6,2.0
2018-01-31,europe_east,1699.0,193.0,143.0,2176.6,0.0,7.0,80.0,51.0,15.0,51.7,2.0
2018-01-31,iran,2215.0,415.0,328.0,324.0,13.0,4.0,185.0,303.0,122.0,-142.2,32.0
2018-01-31,israel,5195.0,849.0,776.0,553.9,27.0,11.0,316.0,1143.0,498.0,-1771.2,84.0
2018-01-31,korea,2876.0,431.0,343.0,1460.8,34.0,15.0,173.0,899.0,320.0,-502.9,64.0
2018-01-31,libya,242.0,16.0,35.0,248.7,0.0,0.0,10.0,0.0,0.0,0.0,0.0
2018-01-31,scs,3348.0,503.0,608.0,-160.7,18.0,11.0,260.0,121.0,34.0,136.8,7.0
2018-01-31,southasia,10757.0,1728.0,1618.0,2432.3,16.0,32.0,635.0,66.0,35.0,-128.7,7.0
2018-01-31,sudan,732.0,91.0,47.0,1166.5,0.0,0.0,33.0,6.0,0.0,39.0,0.0
2018-01-31,taiwan,560.0,61.0,81.0,679.1,1.0,2.0,60.0,241.0,78.0,198.9,25.0
2018-01-31,ukraine,881.0,82.0,91.0,1084.0,3.0,3.0,27.0,99.0,41.0,-108.3,3.0
2018-01-31,venezuela,304.0,50.0,42.0,-7.2,0.0,0.0,23.0,59.0,30.0,-88.5,1.0
2018-01-31,yemen,587.0,90.0,172.0,-940.1,2.0,2.0,29.0,118.0,53.0,-166.5,7.0
2018-02-01,drc,82.0,18.0,16.0,-82.2,0.0,0.0,6.0,4.0,0.0,27.2,0.0
2018-02-01,europe_east,2320.0,336.0,284.0,1682.1,2.0,1.0,137.0,61.0,12.0,-8.5,5.0
2018-02-01,iran,1808.0,340.0,235.0,743.6,5.0,3.0,123.0,243.0,84.0,4.6,11.0
2018-02-01,israel,5235.0,897.0,921.0,0.2,29.0,8.0,437.0,911.0,406.0,-1037.3,86.0
2018-02-01,korea,1935.0,305.0,282.0,273.2,30.0,8.0,125.0,363.0,134.0,-360.9,20.0
2018-02-01,libya,386.0,36.0,77.0,68.4,0.0,0.0,21.0,1.0,1.0,-10.0,0.0
2018-02-01,scs,3177.0,474.0,441.0,1561.1,12.0,6.0,205.0,66.0,6.0,159.9,1.0
2018-02-01,southasia,10006.0,1531.0,1468.0,3596.5,17.0,19.0,640.0,36.0,24.0,-76.0,3.0
2018-02-01,sudan,647.0,69.0,88.0,591.6,2.0,2.0,50.0,4.0,1.0,-13.0,0.0
2018-02-01,taiwan,508.0,51.0,55.0,591.9,0.0,4.0,41.0,110.0,34.0,116.3,6.0
2018-02-01,ukraine,927.0,97.0,114.0,866.8,5.0,1.0,34.0,163.0,70.0,-83.6,8.0
2018-02-01,venezuela,446.0,82.0,62.0,17.0,0.0,0.0,20.0,98.0,36.0,-62.9,2.0
2018-02-01,yemen,528.0,92.0,122.0,-577.5,0.0,0.0,14.0,154.0,65.0,-152.7,1.0
2018-02-02,drc,27.0,2.0,3.0,-2.4,0.0,0.0,2.0,9.0,4.0,-18.3,0.0
2018-02-02,europe_east,1930.0,311.0,204.0,1498.6,2.0,3.0,88.0,81.0,31.0,-40.8,13.0
2018-02-02,iran,1546.0,365.0,233.0,-647.4,7.0,4.0,130.0,177.0,64.0,-4.9,7.0
2018-02-02,israel,4223.0,771.0,772.0,-1580.3,31.0,7.0,372.0,759.0,409.0,-1902.8,88.0
2018-02-02,korea,1938.0,254.0,195.0,1836.1,21.0,0.0,67.0,439.0,113.0,297.8,18.0
2018-02-02,libya,491.0,42.0,52.0,757.9,0.0,1.0,24.0,4.0,2.0,5.8,1.0
2018-02-02,scs,2826.0,407.0,480.0,631.9,6.0,13.0,247.0,72.0,21.0,24.0,3.0
2018-02-02,southasia,9865.0,1672.0,1560.0,491.2,27.0,37.0,607.0,20.0,3.0,39.7,0.0
2018-02-02,sudan,847.0,106.0,170.0,-9.6,2.0,0.0,107.0,4.0,2.0,-16.6,0.0
2018-02-02,taiwan,278.0,29.0,33.0,386.8,1.0,0.0,31.0,69.0,18.0,85.5,2.0
2018-02-02,ukraine,987.0,105.0,104.0,1169.1,2.0,0.0,40.0,145.0,62.0,-100.2,2.0
2018-02-02,venezuela,598.0,149.0,59.0,317.9,3.0,0.0,41.0,177.0,71.0,52.0,14.0
2018-02-02,yemen,389.0,44.0,104.0,-331.9,0.0,0.0,11.0,116.0,52.0,-102.1,0.0
2018-02-03,drc,19.0,0.0,6.0,1.1,0.0,0.0,1.0,3.0,3.0,-19.0,2.0
2018-02-03,europe_east,916.0,150.0,132.0,241.3,1.0,1.0,51.0,50.0,17.0,29.9,11.0
2018-02-03,iran,907.0,193.0,138.0,-96.7,5.0,0.0,78.0,113.0,46.0,-9.4,3.0
2018-02-03,israel,2388.0,394.0,619.0,-2920.0,27.0,5.0,167.0,512.0,326.0,-2070.4,57.0
2018-02-03,korea,1339.0,218.0,190.0,790.8,15.0,3.0,103.0,259.0,93.0,52.4,20.0
2018-02-03,libya,241.0,32.0,30.0,159.3,2.0,0.0,14.0,0.0,0.0,0.0,0.0
2018-02-03,scs,2114.0,276.0,274.0,1704.8,5.0,1.0,166.0,53.0,15.0,17.5,0.0
2018-02-03,southasia,9137.0,1550.0,1630.0,-1635.7,12.0,27.0,685.0,60.0,25.0,-53.1,12.0
2018-02-03,sudan,285.0,19.0,66.0,94.8,0.0,4.0,39.0,1.0,0.0,3.4,0.0
2018-02-03,taiwan,217.0,13.0,9.0,458.0,0.0,0.0,5.0,30.0,8.0,-6.8,1.0
2018-02-03,ukraine,430.0,49.0,71.0,146.7,0.0,2.0,15.0,74.0,31.0,-129.5,7.0
2018-02-03,venezuela,299.0,96.0,47.0,-198.8,0.0,1.0,33.0,59.0,25.0,15.4,5.0
2018-02-03,yemen,171.0,38.0,57.0,-480.3,1.0,0.0,6.0,60.0,25.0,-63.0,2.0
2018-02-04,drc,72.0,11.0,13.0,-8.1,0.0,0.0,0.0,2.0,0.0,2.0,0.0
2018-02-04,europe_east,695.0,128.0,116.0,-182.0,0.0,0.0,38.0,33.0,8.0,0.6,0.0
2018-02-04,iran,1017.0,242.0,152.0,-257.8,2.0,2.0,77.0,172.0,62.0,108.2,9.0
2018-02-04,israel,3800.0,512.0,915.0,-2567.3,17.0,10.0,274.0,785.0,415.0,-2154.4,71.0
2018-02-04,korea,1059.0,180.0,120.0,623.8,12.0,1.0,52.0,216.0,69.0,106.4,4.0
2018-02-04,libya,253.0,23.0,41.0,142.8,0.0,2.0,19.0,1.0,1.0,-4.0,0.0
2018-02-04,scs,1536.0,192.0,204.0,944.4,3.0,3.0,73.0,48.0,16.0,-15.1,3.0
2018-02-04,southasia,8228.0,1257.0,1463.0,-693.6,9.0,22.0,584.0,42.0,32.0,-221.9,7.0
2018-02-04,sudan,475.0,78.0,93.0,105.6,0.0,4.0,61.0,3.0,2.0,-14.6,0.0
2018-02-04,taiwan,170.0,19.0,15.0,187.3,0.0,0.0,8.0,18.0,2.0,46.4,0.0
2018-02-04,ukraine,253.0,30.0,38.0,39.2,1.0,0.0,13.0,40.0,18.0,-25.3,0.0
2018-02-04,venezuela,328.0,38.0,38.0,320.0,3.0,0.0,30.0,95.0,29.0,35.2,6.0
2018-02-04,yemen,221.0,36.0,60.0,-301.8,0.0,0.0,11.0,47.0,18.0,12.2,6.0
2018-02-05,drc,77.0,18.0,20.0,-149.9,0.0,0.0,4.0,8.0,4.0,-19.2,0.0
2018-02-05,europe_east,1374.0,243.0,151.0,998.0,1.0,6.0,72.0,68.0,27.0,-17.3,4.0
2018-02-05,iran,1665.0,308.0,337.0,-759.2,11.0,5.0,114.0,188.0,73.0,46.0,11.0
2018-02-05,israel,5186.0,702.0,937.0,123.2,20.0,10.0,292.0,947.0,386.0,-1221.3,60.0
2018-02-05,korea,2269.0,302.0,367.0,1697.6,21.0,2.0,253.0,416.0,123.0,258.5,40.0
2018-02-05,libya,388.0,41.0,86.0,-36.6,0.0,0.0,33.0,1.0,1.0,-4.0,0.0
2018-02-05,scs,2894.0,460.0,381.0,1094.2,3.0,3.0,162.0,140.0,28.0,187.4,10.0
2018-02-05,southasia,11635.0,1922.0,1855.0,350.4,48.0,33.0,570.0,124.0,57.0,-171.7,4.0
2018-02-05,sudan,793.0,122.0,148.0,-34.7,4.0,0.0,88.0,0.0,0.0,0.0,0.0
2018-02-05,taiwan,288.0,48.0,19.0,398.8,0.0,1.0,11.0,38.0,3.0,117.7,0.0
2018-02-05,ukraine,698.0,110.0,92.0,401.3,3.0,0.0,40.0,91.0,31.0,-82.0,0.0
2018-02-05,venezuela,420.0,48.0,57.0,353.8,1.0,0.0,47.0,97.0,25.0,48.4,6.0
2018-02-05,yemen,353.0,53.0,121.0,-938.8,5.0,4.0,9.0,118.0,58.0,-273.5,7.0
2018-02-06,drc,137.0,18.0,29.0,-70.3,0.0,0.0,11.0,7.0,0.0,21.5,0.0
2018-02-06,europe_east,2358.0,429.0,273.0,1516.7,1.0,4.0,143.0,67.0,36.0,-57.5,0.0
2018-02-06,iran,1852.0,344.0,199.0,1090.7,4.0,6.0,75.0,269.0,113.0,24.9,32.0
2018-02-06,israel,5428.0,778.0,1304.0,-4128.0,45.0,14.0,379.0,1154.0,602.0,-2801.3,98.0
2018-02-06,korea,1801.0,309.0,286.0,501.0,17.0,13.0,130.0,423.0,173.0,-117.3,29.0
2018-02-06,libya,307.0,31.0,69.0,-34.8,1.0,1.0,24.0,3.0,2.0,-12.6,0.0
2018-02-06,scs,3092.0,449.0,398.0,1602.7,12.0,11.0,214.0,209.0,60.0,151.1,24.0
2018-02-06,southasia,12198.0,1949.0,2330.0,-3196.7,27.0,36.0,794.0,116.0,59.0,-385.4,8.0
2018-02-06,sudan,703.0,102.0,135.0,8.9,3.0,0.0,96.0,0.0,0.0,0.0,0.0
2018-02-06,taiwan,488.0,59.0,49.0,705.2,0.0,0.0,34.0,44.0,9.0,61.5,1.0
2018-02-06,ukraine,782.0,134.0,75.0,606.2,2.0,2.0,25.0,82.0,33.0,-150.1,5.0
2018-02-06,venezuela,294.0,73.0,39.0,-40.7,3.0,0.0,24.0,64.0,27.0,-56.4,3.0
2018-02-06,yemen,390.0,43.0,106.0,-531.7,2.0,3.0,20.0,148.0,53.0,-34.4,6.0
2018-02-07,drc,59.0,7.0,18.0,-89.1,0.0,0.0,5.0,6.0,6.0,-59.0,0.0
2018-02-07,europe_east,1798.0,354.0,219.0,902.3,2.0,3.0,122.0,82.0,33.0,-0.0,7.0
2018-02-07,iran,1814.0,290.0,280.0,782.7,5.0,5.0,112.0,269.0,111.0,-189.7,27.0
2018-02-07,israel,5625.0,826.0,1181.0,-2568.7,40.0,5.0,345.0,1323.0,644.0,-2777.4,66.0
2018-02-07,korea,2155.0,264.0,303.0,1217.2,16.0,20.0,162.0,585.0,178.0,30.6,37.0
2018-02-07,libya,395.0,37.0,53.0,450.0,2.0,0.0,21.0,3.0,1.0,-4.0,0.0
2018-02-07,scs,2933.0,402.0,375.0,1992.6,3.0,4.0,152.0,146.0,31.0,96.5,5.0
2018-02-07,southasia,12329.0,2211.0,1910.0,687.1,19.0,26.0,827.0,83.0,45.0,-139.1,12.0
2018-02-07,sudan,951.0,152.0,148.0,279.7,3.0,4.0,54.0,1.0,0.0,4.0,0.0
2018-02-07,taiwan,620.0,58.0,65.0,1095.7,0.0,2.0,31.0,84.0,13.0,153.5,1.0
2018-02-07,ukraine,867.0,120.0,92.0,914.0,0.0,2.0,44.0,168.0,52.0,-126.2,9.0
2018-02-07,venezuela,493.0,80.0,48.0,383.8,0.0,0.0,37.0,79.0,22.0,47.4,9.0
2018-02-07,yemen,347.0,49.0,126.0,-749.1,0.0,0.0,32.0,82.0,30.0,11.6,10.0
2018-02-08,drc,25.0,6.0,0.0,56.6,0.0,0.0,0.0,1.0,1.0,-10.0,0.0
2018-02-08,europe_east,1500.0,251.0,187.0,1141.2,2.0,4.0,88.0,94.0,12.0,136.6,1.0
2018-02-08,iran,1634.0,289.0,242.0,526.0,11.0,4.0,100.0,279.0,124.0,-193.6,14.0
2018-02-08,israel,5447.0,770.0,1013.0,-651.1,19.0,9.0,322.0,1205.0,524.0,-1651.5,53.0
2018-02-08,korea,2278.0,271.0,281.0,1891.4,8.0,17.0,147.0,599.0,150.0,474.8,42.0
2018-02-08,libya,290.0,34.0,44.0,29.3,1.0,0.0,17.0,5.0,3.0,-11.0,0.0
2018-02-08,scs,3303.0,473.0,446.0,1229.2,9.0,14.0,181.0,128.0,18.0,235.4,4.0
2018-02-08,southasia,11918.0,1898.0,1801.0,3028.5,17.0,32.0,825.0,75.0,36.0,-147.4,15.0
2018-02-08,sudan,669.0,124.0,116.0,79.0,0.0,4.0,75.0,2.0,0.0,7.4,0.0
2018-02-08,taiwan,629.0,43.0,43.0,1457.1,0.0,0.0,12.0,114.0,9.0,460.4,1.0
2018-02-08,ukraine,917.0,126.0,137.0,446.5,7.0,1.0,58.0,202.0,67.0,-81.9,14.0
2018-02-08,venezuela,637.0,80.0,110.0,102.6,0.0,2.0,81.0,110.0,27.0,62.6,2.0
2018-02-08,yemen,358.0,47.0,127.0,-836.1,0.0,0.0,30.0,129.0,37.0,64.7,2.0
2018-02-09,drc,58.0,7.0,7.0,70.9,0.0,0.0,1.0,14.0,3.0,14.5,0.0
2018-02-09,europe_east,1250.0,166.0,142.0,1317.7,2.0,1.0,72.0,59.0,14.0,-15.1,4.0
2018-02-09,iran,1363.0,216.0,196.0,474.7,6.0,2.0,79.0,221.0,90.0,-157.2,9.0
2018-02-09,israel,4920.0,620.0,817.0,1103.1,14.0,12.0,272.0,1175.0,446.0,-870.2,53.0
2018-02-09,korea,2891.0,295.0,241.0,4095.7,9.0,4.0,124.0,758.0,119.0,1324.5,20.0
2018-02-09,libya,264.0,33.0,75.0,-283.8,0.0,7.0,22.0,7.0,5.0,-16.0,0.0
2018-02-09,scs,2551.0,320.0,392.0,941.7,5.0,5.0,162.0,99.0,14.0,254.3,1.0
2018-02-09,southasia,11959.0,1839.0,1817.0,3135.7,15.0,17.0,933.0,97.0,37.0,-72.4,20.0
2018-02-09,sudan,607.0,86.0,109.0,267.8,0.0,1.0,57.0,0.0,0.0,0.0,0.0
2018-02-09,taiwan,451.0,40.0,46.0,811.6,1.0,0.0,22.0,97.0,19.0,159.5,8.0
2018-02-09,ukraine,1156.0,115.0,171.0,916.7,3.0,1.0,88.0,157.0,77.0,-186.6,21.0
2018-02-09,venezuela,482.0,86.0,109.0,-355.6,1.0,5.0,47.0,91.0,44.0,-90.8,4.0
2018-02-09,yemen,338.0,34.0,94.0,-403.9,0.0,4.0,12.0,67.0,21.0,23.5,3.0
2018-02-10,drc,21.0,4.0,2.0,52.8,0.0,0.0,0.0,14.0,0.0,46.2,0.0
2018-02-10,europe_east,735.0,98.0,75.0,574.4,0.0,0.0,40.0,59.0,21.0,-14.7,16.0
2018-02-10,iran,2116.0,414.0,488.0,-2903.0,17.0,4.0,81.0,1222.0,767.0,-4050.9,36.0
2018-02-10,israel,6475.0,1027.0,1307.0,-4448.4,48.0,10.0,191.0,3719.0,1910.0,-9720.9,82.0
2018-02-10,korea,2090.0,227.0,177.0,2660.7,11.0,11.0,86.0,680.0,124.0,1048.4,21.0
2018-02-10,libya,232.0,44.0,58.0,-271.0,3.0,1.0,16.0,5.0,0.0,17.0,0.0
2018-02-10,scs,1928.0,230.0,316.0,234.8,12.0,8.0,120.0,59.0,8.0,75.1,1.0
2018-02-10,southasia,10288.0,1547.0,1679.0,23.4,23.0,18.0,628.0,81.0,42.0,-133.0,8.0
2018-02-10,sudan,418.0,70.0,81.0,68.6,0.0,4.0,33.0,1.0,1.0,-10.0,0.0
2018-02-10,taiwan,278.0,15.0,30.0,350.6,0.0,0.0,10.0,68.0,7.0,87.2,1.0
2018-02-10,ukraine,643.0,38.0,91.0,1575.7,0.0,0.0,35.0,64.0,18.0,50.3,4.0
2018-02-10,venezuela,301.0,50.0,47.0,29.0,0.0,2.0,20.0,42.0,18.0,-20.8,2.0
2018-02-10,yemen,299.0,29.0,71.0,-93.1,2.0,3.0,3.0,97.0,40.0,-70.9,3.0
2018-02-11,drc,17.0,0.0,7.0,-33.1,0.0,0.0,2.0,11.0,0.0,27.6,0.0
2018-02-11,europe_east,563.0,70.0,75.0,366.3,3.0,2.0,50.0,63.0,23.0,-20.0,16.0
2018-02-11,iran,2415.0,532.0,484.0,-2873.8,15.0,4.0,115.0,1358.0,818.0,-3991.0,35.0
2018-02-11,israel,5763.0,968.0,1282.0,-5905.2,45.0,13.0,192.0,3229.0,1821.0,-9638.4,103.0
2018-02-11,korea,1619.0,179.0,145.0,2129.5,7.0,2.0,67.0,523.0,86.0,994.2,4.0
2018-02-11,libya,197.0,24.0,40.0,-20.0,2.0,1.0,10.0,0.0,0.0,0.0,0.0
2018-02-11,scs,1714.0,185.0,234.0,1422.7,4.0,8.0,88.0,26.0,7.0,7.6,3.0
2018-02-11,southasia,9136.0,1291.0,1556.0,461.2,24.0,19.0,540.0,63.0,29.0,-57.0,4.0
2018-02-11,sudan,405.0,57.0,47.0,425.4,0.0,0.0,28.0,3.0,0.0,0.0,0.0
2018-02-11,taiwan,201.0,12.0,25.0,196.4,0.0,0.0,9.0,32.0,2.0,57.2,2.0
2018-02-11,ukraine,273.0,37.0,41.0,92.9,0.0,1.0,9.0,43.0,20.0,-19.5,0.0
2018-02-11,venezuela,225.0,45.0,54.0,-319.5,0.0,0.0,17.0,30.0,19.0,-106.8,2.0
2018-02-11,yemen,287.0,22.0,104.0,-565.6,0.0,0.0,12.0,77.0,47.0,-172.9,1.0
2018-02-12,drc,44.0,3.0,10.0,-37.1,0.0,0.0,0.0,25.0,7.0,24.8,3.0
2018-02-12,europe_east,1280.0,177.0,173.0,496.3,1.0,0.0,103.0,75.0,35.0,-173.2,23.0
2018-02-12,iran,2972.0,490.0,520.0,-579.8,14.0,12.0,150.0,1069.0,662.0,-3299.4,44.0
2018-02-12,israel,6458.0,986.0,1171.0,-2029.4,37.0,12.0,263.0,2603.0,1407.0,-7190.7,129.0
2018-02-12,korea,2230.0,245.0,218.0,3161.2,9.0,2.0,96.0,665.0,118.0,1250.3,24.0
2018-02-12,libya,253.0,26.0,38.0,137.3,1.0,1.0,17.0,0.0,0.0,0.0,0.0
2018-02-12,scs,3019.0,397.0,437.0,1986.8,4.0,5.0,220.0,108.0,13.0,259.1,5.0
2018-02-12,southasia,12132.0,2013.0,2196.0,-2193.6,80.0,22.0,708.0,131.0,46.0,71.9,18.0
2018-02-12,sudan,624.0,90.0,130.0,-34.8,0.0,0.0,67.0,17.0,15.0,-72.0,8.0
2018-02-12,taiwan,309.0,26.0,33.0,501.8,0.0,6.0,18.0,66.0,4.0,193.5,1.0
2018-02-12,ukraine,883.0,126.0,173.0,264.5,0.0,0.0,115.0,139.0,81.0,-326.3,29.0
2018-02-12,venezuela,410.0,63.0,106.0,-437.2,0.0,1.0,31.0,45.0,19.0,8.4,5.0
2018-02-12,yemen,299.0,33.0,78.0,-296.4,4.0,0.0,22.0,63.0,34.0,-133.0,3.0
2018-02-13,drc,56.0,5.0,15.0,-18.1,0.0,0.0,0.0,20.0,10.0,-22.4,3.0
2018-02-13,europe_east,1424.0,157.0,196.0,987.0,6.0,4.0,78.0,116.0,37.0,-48.5,9.0
2018-02-13,iran,2486.0,362.0,393.0,-141.7,12.0,12.0,152.0,699.0,404.0,-2115.7,72.0
2018-02-13,israel,6449.0,1022.0,1312.0,-2724.7,58.0,27.0,580.0,1880.0,1015.0,-5069.9,166.0
2018-02-13,korea,2411.0,302.0,242.0,2612.3,22.0,6.0,123.0,557.0,131.0,521.6,33.0
2018-02-13,libya,228.0,20.0,40.0,15.6,2.0,1.0,13.0,0.0,0.0,0.0,0.0
2018-02-13,scs,2886.0,420.0,439.0,941.4,7.0,8.0,189.0,135.0,14.0,305.1,1.0
2018-02-13,southasia,12141.0,1997.0,2007.0,728.8,70.0,35.0,694.0,137.0,49.0,69.7,21.0
2018-02-13,sudan,716.0,84.0,175.0,-75.4,0.0,1.0,92.0,19.0,15.0,-54.0,9.0
2018-02-13,taiwan,415.0,48.0,45.0,656.8,0.0,0.0,39.0,83.0,14.0,137.0,4.0
2018-02-13,ukraine,1240.0,131.0,204.0,870.7,3.0,3.0,116.0,176.0,78.0,7.8,20.0
2018-02-13,venezuela,421.0,67.0,105.0,-350.0,2.0,2.0,39.0,65.0,29.0,-111.2,9.0
2018-02-13,yemen,363.0,30.0,109.0,-375.1,1.0,1.0,14.0,74.0,38.0,-117.7,4.0
2018-02-14,drc,125.0,8.0,29.0,-20.9,0.0,0.0,4.0,27.0,10.0,-18.6,5.0
2018-02-14,europe_east,1459.0,171.0,185.0,1029.5,5.0,4.0,98.0,74.0,17.0,-0.4,5.0
2018-02-14,iran,2675.0,336.0,398.0,1247.0,13.0,13.0,147.0,578.0,272.0,-1068.8,32.0
2018-02-14,israel,6329.0,990.0,1141.0,-634.4,42.0,21.0,514.0,1367.0,673.0,-3185.6,93.0
2018-02-14,korea,2008.0,289.0,238.0,1618.2,22.0,5.0,124.0,381.0,111.0,320.8,23.0
2018-02-14,libya,290.0,32.0,63.0,-115.5,1.0,1.0,12.0,6.0,3.0,-11.2,1.0
2018-02-14,scs,2624.0,429.0,402.0,261.8,13.0,4.0,173.0,277.0,66.0,218.6,4.0
2018-02-14,southasia,11736.0,1751.0,1960.0,1202.0,45.0,32.0,882.0,85.0,37.0,-68.1,15.0
2018-02-14,sudan,574.0,77.0,116.0,75.2,6.0,1.0,64.0,7.0,2.0,15.6,0.0
2018-02-14,taiwan,320.0,56.0,40.0,254.3,2.0,2.0,26.0,32.0,8.0,42.3,2.0
2018-02-14,ukraine,1341.0,109.0,180.0,1416.8,2.0,10.0,97.0,174.0,41.0,105.9,6.0
2018-02-14,venezuela,439.0,68.0,64.0,109.4,1.0,1.0,34.0,74.0,17.0,91.0,5.0
2018-02-14,yemen,349.0,42.0,70.0,-76.7,1.0,0.0,11.0,82.0,31.0,-92.7,2.0
2018-02-15,drc,69.0,4.0,10.0,74.6,0.0,0.0,3.0,28.0,23.0,-142.2,3.0
2018-02-15,europe_east,1477.0,177.0,149.0,1781.1,0.0,4.0,75.0,47.0,12.0,143.9,9.0
2018-02-15,iran,2200.0,282.0,257.0,1684.7,13.0,4.0,113.0,468.0,209.0,-663.6,34.0
2018-02-15,israel,6406.0,957.0,1151.0,-159.0,30.0,33.0,471.0,1316.0,635.0,-2401.1,91.0
2018-02-15,korea,1421.0,179.0,198.0,545.2,18.0,5.0,76.0,332.0,85.0,320.6,21.0
2018-02-15,libya,313.0,27.0,68.0,39.8,2.0,0.0,24.0,4.0,2.0,-4.0,0.0
2018-02-15,scs,2626.0,340.0,367.0,1081.9,9.0,3.0,159.0,243.0,64.0,123.8,5.0
2018-02-15,southasia,12478.0,2279.0,1698.0,2848.8,35.0,22.0,731.0,91.0,33.0,-31.5,15.0
2018-02-15,sudan,414.0,56.0,92.0,-59.1,3.0,1.0,23.0,2.0,0.0,7.0,0.0
2018-02-15,taiwan,182.0,19.0,16.0,363.2,0.0,1.0,12.0,30.0,7.0,39.0,0.0
2018-02-15,ukraine,1069.0,130.0,166.0,490.3,2.0,4.0,46.0,192.0,103.0,-471.4,8.0
2018-02-15,venezuela,442.0,83.0,78.0,-58.3,0.0,0.0,50.0,64.0,29.0,-51.4,15.0
2018-02-15,yemen,313.0,28.0,93.0,-338.8,0.0,0.0,33.0,80.0,22.0,23.9,5.0
2018-02-16,drc,46.0,13.0,9.0,-73.1,0.0,0.0,0.0,48.0,35.0,-171.0,2.0
2018-02-16,europe_east,1688.0,213.0,164.0,1885.5,3.0,9.0,74.0,87.0,25.0,151.4,3.0
2018-02-16,iran,2255.0,338.0,266.0,1433.9,8.0,14.0,94.0,397.0,168.0,-437.5,18.0
2018-02-16,israel,4934.0,724.0,844.0,621.4,19.0,7.0,314.0,1073.0,531.0,-2247.7,57.0
2018-02-16,korea,1298.0,173.0,161.0,672.6,11.0,3.0,65.0,326.0,72.0,379.9,7.0
2018-02-16,libya,323.0,35.0,64.0,2.5,3.0,0.0,31.0,3.0,1.0,2.0,0.0
2018-02-16,scs,2523.0,261.0,344.0,1981.5,3.0,6.0,159.0,165.0,15.0,507.7,1.0
2018-02-16,southasia,12213.0,2004.0,1420.0,6493.0,30.0,69.0,541.0,66.0,23.0,19.0,8.0
2018-02-16,sudan,630.0,111.0,115.0,-146.2,3.0,2.0,57.0,3.0,2.0,-20.0,0.0
2018-02-16,taiwan,236.0,21.0,19.0,401.4,0.0,0.0,16.0,59.0,12.0,112.4,0.0
2018-02-16,ukraine,1348.0,200.0,203.0,391.8,14.0,2.0,78.0,245.0,97.0,-295.3,12.0
2018-02-16,venezuela,451.0,112.0,49.0,-0.6,5.0,0.0,35.0,73.0,39.0,-54.1,10.0
2018-02-16,yemen,303.0,32.0,83.0,-296.1,1.0,2.0,31.0,100.0,33.0,-43.5,6.0
2018-02-17,drc,42.0,4.0,6.0,25.8,0.0,0.0,1.0,28.0,16.0,-63.6,2.0
2018-02-17,europe_east,1088.0,165.0,157.0,470.1,0.0,1.0,48.0,31.0,10.0,6.2,3.0
2018-02-17,iran,2140.0,223.0,169.0,3615.2,4.0,0.0,59.0,269.0,101.0,-357.9,6.0
2018-02-17,israel,3010.0,520.0,653.0,-2212.9,15.0,28.0,190.0,910.0,495.0,-2722.1,55.0
2018-02-17,korea,932.0,110.0,106.0,869.9,7.0,8.0,41.0,150.0,31.0,230.2,7.0
2018-02-17,libya,194.0,14.0,40.0,-0.2,1.0,1.0,21.0,0.0,0.0,0.0,0.0
2018-02-17,scs,1691.0,177.0,215.0,1258.7,2.0,5.0,80.0,125.0,23.0,244.4,5.0
2018-02-17,southasia,10986.0,1661.0,1495.0,5133.8,22.0,27.0,640.0,33.0,14.0,27.5,5.0
2018-02-17,sudan,355.0,54.0,45.0,123.2,0.0,0.0,17.0,0.0,0.0,0.0,0.0
2018-02-17,taiwan,157.0,9.0,6.0,333.2,1.0,0.0,2.0,18.0,2.0,39.0,1.0
2018-02-17,ukraine,607.0,77.0,91.0,299.4,2.0,0.0,34.0,163.0,63.0,-78.1,10.0
2018-02-17,venezuela,270.0,37.0,29.0,227.7,0.0,1.0,14.0,29.0,9.0,-15.7,6.0
2018-02-17,yemen,249.0,27.0,79.0,-361.4,1.0,1.0,21.0,84.0,19.0,90.2,6.0
2018-02-18,drc,6.0,1.0,0.0,13.0,0.0,0.0,0.0,18.0,7.0,-24.6,2.0
2018-02-18,europe_east,1053.0,241.0,145.0,-446.0,1.0,1.0,60.0,22.0,9.0,-4.5,5.0
2018-02-18,iran,3177.0,503.0,397.0,1954.8,11.0,2.0,133.0,869.0,401.0,-625.8,26.0
2018-02-18,israel,4135.0,840.0,1011.0,-5772.0,34.0,56.0,224.0,1490.0,898.0,-4886.9,74.0
2018-02-18,korea,790.0,148.0,80.0,760.2,10.0,6.0,30.0,162.0,55.0,158.9,3.0
2018-02-18,libya,282.0,18.0,53.0,50.6,0.0,2.0,17.0,3.0,2.0,-6.1,2.0
2018-02-18,scs,1842.0,195.0,338.0,105.4,4.0,32.0,76.0,76.0,33.0,-25.9,8.0
2018-02-18,southasia,8333.0,1235.0,1157.0,2918.5,16.0,37.0,417.0,20.0,11.0,-49.5,0.0
2018-02-18,sudan,531.0,75.0,78.0,384.9,0.0,0.0,43.0,2.0,2.0,-10.0,2.0
2018-02-18,taiwan,132.0,8.0,4.0,297.0,0.0,1.0,2.0,21.0,5.0,23.4,2.0
2018-02-18,ukraine,622.0,89.0,124.0,-253.6,0.0,2.0,51.0,139.0,52.0,-108.5,13.0
2018-02-18,venezuela,171.0,25.0,19.0,131.8,2.0,1.0,12.0,15.0,8.0,5.0,0.0
2018-02-18,yemen,271.0,35.0,88.0,-522.2,0.0,0.0,4.0,70.0,45.0,-205.3,2.0
2018-02-19,drc,49.0,10.0,17.0,-127.2,0.0,0.0,5.0,16.0,5.0,9.4,2.0
2018-02-19,europe_east,1952.0,330.0,242.0,1222.6,2.0,0.0,127.0,38.0,6.0,39.6,0.0
2018-02-19,iran,3054.0,454.0,454.0,1323.0,23.0,10.0,151.0,740.0,372.0,-778.2,35.0
2018-02-19,israel,4834.0,864.0,989.0,-2882.3,34.0,14.0,279.0,1431.0,831.0,-4067.5,95.0
2018-02-19,korea,1318.0,187.0,175.0,982.7,4.0,4.0,84.0,141.0,61.0,-98.0,8.0
2018-02-19,libya,335.0,19.0,45.0,326.6,1.0,0.0,19.0,3.0,1.0,6.8,1.0
2018-02-19,scs,2553.0,334.0,503.0,-263.4,7.0,7.0,205.0,145.0,35.0,177.2,8.0
2018-02-19,southasia,12003.0,1776.0,1665.0,5808.7,17.0,38.0,703.0,55.0,22.0,-67.3,1.0
2018-02-19,sudan,710.0,111.0,84.0,681.7,0.0,2.0,57.0,1.0,1.0,-5.0,1.0
2018-02-19,taiwan,227.0,27.0,15.0,332.4,1.0,0.0,6.0,33.0,14.0,-32.8,2.0
2018-02-19,ukraine,1043.0,125.0,169.0,481.0,1.0,3.0,77.0,187.0,87.0,-209.6,13.0
2018-02-19,venezuela,268.0,42.0,35.0,205.2,0.0,1.0,25.0,34.0,18.0,-63.3,0.0
2018-02-19,yemen,343.0,35.0,95.0,-527.1,4.0,2.0,6.0,64.0,37.0,-184.5,0.0
2018-02-20,drc,98.0,23.0,13.0,-65.3,0.0,1.0,0.0,4.0,1.0,6.9,0.0
2018-02-20,europe_east,2042.0,295.0,293.0,861.1,1.0,15.0,132.0,51.0,26.0,-71.1,3.0
2018-02-20,iran,2935.0,510.0,501.0,-378.7,27.0,12.0,175.0,654.0,346.0,-1271.8,47.0
2018-02-20,israel,5600.0,978.0,1001.0,-1624.3,46.0,8.0,320.0,1423.0,782.0,-3569.0,98.0
2018-02-20,korea,1637.0,223.0,188.0,1326.0,18.0,3.0,78.0,249.0,64.0,242.3,9.0
2018-02-20,libya,290.0,43.0,26.0,271.1,2.0,1.0,11.0,0.0,0.0,0.0,0.0
2018-02-20,scs,2549.0,356.0,407.0,253.3,7.0,0.0,199.0,245.0,53.0,274.7,2.0
2018-02-20,southasia,14052.0,2265.0,1990.0,4491.5,27.0,39.0,750.0,38.0,27.0,-203.0,6.0
2018-02-20,sudan,696.0,77.0,97.0,665.2,0.0,1.0,61.0,2.0,1.0,-4.0,1.0
2018-02-20,taiwan,238.0,14.0,35.0,185.5,0.0,5.0,20.0,42.0,14.0,-27.3,10.0
2018-02-20,ukraine,1430.0,140.0,231.0,917.8,1.0,1.0,127.0,249.0,82.0,116.6,26.0
2018-02-20,venezuela,499.0,66.0,87.0,54.8,1.0,4.0,49.0,100.0,44.0,-117.7,2.0
2018-02-20,yemen,381.0,43.0,117.0,-562.6,7.0,2.0,10.0,94.0,31.0,-0.0,4.0
2018-02-21,drc,120.0,18.0,19.0,-27.9,0.0,1.0,0.0,24.0,12.0,-31.0,0.0
2018-02-21,europe_east,1634.0,266.0,154.0,1355.0,3.0,8.0,69.0,49.0,16.0,0.6,3.0
2018-02-21,iran,2377.0,422.0,454.0,-728.4,23.0,2.0,181.0,466.0,250.0,-967.2,41.0
2018-02-21,israel,5137.0,841.0,1011.0,-1527.1,53.0,7.0,444.0,1074.0,590.0,-2703.9,91.0
2018-02-21,korea,2347.0,275.0,291.0,2548.0,15.0,4.0,151.0,558.0,179.0,253.6,29.0
2018-02-21,libya,349.0,41.0,62.0,111.6,0.0,1.0,21.0,4.0,4.0,-32.0,0.0
2018-02-21,scs,2880.0,363.0,543.0,330.8,4.0,4.0,302.0,76.0,17.0,101.2,5.0
2018-02-21,southasia,13762.0,2076.0,1671.0,8067.8,23.0,32.0,744.0,70.0,23.0,-3.0,4.0
2018-02-21,sudan,692.0,73.0,86.0,663.1,0.0,2.0,25.0,6.0,0.0,43.6,0.0
2018-02-21,taiwan,335.0,33.0,17.0,633.2,0.0,1.0,8.0,29.0,10.0,28.4,2.0
2018-02-21,ukraine,1409.0,144.0,271.0,330.5,2.0,3.0,125.0,267.0,81.0,29.5,9.0
2018-02-21,venezuela,456.0,75.0,72.0,53.0,0.0,2.0,49.0,69.0,29.0,-70.6,11.0
2018-02-21,yemen,447.0,52.0,140.0,-570.2,4.0,8.0,65.0,102.0,47.0,-201.5,3.0
2018-02-22,drc,45.0,5.0,13.0,-47.8,0.0,3.0,1.0,33.0,28.0,-179.5,1.0
2018-02-22,europe_east,1958.0,229.0,172.0,2201.2,2.0,5.0,81.0,54.0,18.0,42.2,2.0
2018-02-22,iran,2301.0,342.0,313.0,1393.7,18.0,17.0,131.0,358.0,164.0,-465.1,15.0
2018-02-22,israel,4714.0,712.0,975.0,-1254.9,37.0,8.0,449.0,916.0,565.0,-2990.9,102.0
2018-02-22,korea,1973.0,249.0,206.0,2404.5,11.0,3.0,97.0,384.0,97.0,602.3,20.0
2018-02-22,libya,294.0,42.0,48.0,71.1,2.0,0.0,6.0,0.0,0.0,0.0,0.0
2018-02-22,scs,3175.0,440.0,420.0,2740.5,15.0,2.0,230.0,77.0,15.0,197.6,0.0
2018-02-22,southasia,12985.0,2174.0,1857.0,2774.0,22.0,19.0,853.0,66.0,31.0,-176.8,2.0
2018-02-22,sudan,761.0,103.0,90.0,779.4,4.0,1.0,52.0,4.0,0.0,36.0,0.0
2018-02-22,taiwan,389.0,25.0,31.0,695.7,0.0,0.0,20.0,79.0,15.0,39.1,1.0
2018-02-22,ukraine,1192.0,121.0,185.0,792.0,2.0,1.0,82.0,214.0,85.0,-14.5,14.0
2018-02-22,venezuela,409.0,75.0,51.0,159.5,0.0,3.0,29.0,68.0,25.0,-22.7,2.0
2018-02-22,yemen,327.0,47.0,105.0,-558.5,10.0,4.0,29.0,66.0,37.0,-264.7,4.0
2018-02-23,drc,98.0,18.0,22.0,-154.4,0.0,0.0,7.0,33.0,19.0,-64.1,2.0
2018-02-23,europe_east,1451.0,213.0,97.0,1773.8,1.0,5.0,36.0,34.0,17.0,-32.7,0.0
2018-02-23,iran,1751.0,260.0,227.0,1193.3,15.0,9.0,91.0,277.0,126.0,-335.4,12.0
2018-02-23,israel,4548.0,740.0,787.0,-125.3,22.0,28.0,269.0,750.0,371.0,-1595.7,59.0
2018-02-23,korea,3127.0,522.0,491.0,767.6,21.0,3.0,331.0,816.0,322.0,-385.3,32.0
2018-02-23,libya,297.0,19.0,52.0,247.7,3.0,0.0,17.0,1.0,1.0,-10.0,0.0
2018-02-23,scs,3164.0,450.0,549.0,209.4,4.0,13.0,228.0,74.0,19.0,142.2,11.0
2018-02-23,southasia,12423.0,2000.0,1751.0,3764.7,55.0,32.0,788.0,57.0,24.0,-131.6,5.0
2018-02-23,sudan,986.0,112.0,218.0,-157.5,0.0,2.0,130.0,6.0,5.0,-26.0,3.0
2018-02-23,taiwan,328.0,26.0,32.0,563.9,0.0,1.0,22.0,57.0,14.0,13.0,1.0
2018-02-23,ukraine,1233.0,143.0,167.0,1011.0,5.0,7.0,87.0,268.0,107.0,-129.3,19.0
2018-02-23,venezuela,434.0,171.0,38.0,54.7,0.0,0.0,28.0,47.0,14.0,23.1,1.0
2018-02-23,yemen,240.0,33.0,51.0,-63.9,0.0,1.0,19.0,70.0,24.0,-30.3,6.0
2018-02-24,drc,57.0,4.0,19.0,-103.8,0.0,0.0,4.0,8.0,6.0,-44.8,0.0
2018-02-24,europe_east,896.0,113.0,105.0,732.4,1.0,2.0,57.0,35.0,16.0,17.5,0.0
2018-02-24,iran,991.0,154.0,129.0,882.9,4.0,3.0,69.0,138.0,76.0,-117.0,4.0
2018-02-24,israel,3055.0,485.0,604.0,-846.2,11.0,9.0,234.0,472.0,278.0,-1502.5,43.0
2018-02-24,korea,2021.0,265.0,381.0,41.9,11.0,7.0,278.0,546.0,194.0,-150.4,10.0
2018-02-24,libya,176.0,28.0,35.0,-2.1,4.0,0.0,8.0,0.0,0.0,0.0,0.0
2018-02-24,scs,2563.0,359.0,553.0,-655.5,1.0,15.0,276.0,32.0,1.0,75.4,0.0
2018-02-24,southasia,9297.0,1657.0,1317.0,1405.4,27.0,20.0,477.0,47.0,29.0,-166.5,4.0
2018-02-24,sudan,407.0,52.0,87.0,-65.5,0.0,2.0,31.0,0.0,0.0,0.0,0.0
2018-02-24,taiwan,225.0,10.0,31.0,268.1,0.0,0.0,26.0,22.0,8.0,27.3,3.0
2018-02-24,ukraine,1075.0,123.0,143.0,917.9,0.0,5.0,63.0,195.0,76.0,-78.7,17.0
2018-02-24,venezuela,224.0,49.0,35.0,-144.4,0.0,1.0,22.0,30.0,18.0,-56.4,4.0
2018-02-24,yemen,334.0,31.0,116.0,-821.9,0.0,0.0,12.0,62.0,20.0,-36.1,4.0
2018-02-25,drc,132.0,25.0,55.0,-536.8,0.0,0.0,18.0,15.0,0.0,18.8,0.0
2018-02-25,europe_east,870.0,131.0,110.0,537.8,0.0,0.0,49.0,61.0,20.0,72.4,4.0
2018-02-25,iran,958.0,193.0,162.0,-55.4,15.0,0.0,83.0,124.0,52.0,-96.9,10.0
2018-02-25,israel,3721.0,676.0,704.0,-1269.1,27.0,10.0,281.0,531.0,280.0,-1226.7,55.0
2018-02-25,korea,2319.0,377.0,284.0,1951.2,11.0,12.0,182.0,839.0,233.0,790.1,18.0
2018-02-25,libya,141.0,24.0,16.0,116.1,0.0,0.0,5.0,0.0,0.0,0.0,0.0
2018-02-25,scs,1870.0,205.0,411.0,-287.0,1.0,1.0,208.0,26.0,11.0,-8.9,0.0
2018-02-25,southasia,7864.0,1116.0,1204.0,1194.5,18.0,34.0,453.0,45.0,20.0,-32.8,7.0
2018-02-25,sudan,414.0,48.0,69.0,148.1,0.0,1.0,36.0,0.0,0.0,0.0,0.0
2018-02-25,taiwan,190.0,17.0,15.0,259.8,0.0,0.0,12.0,22.0,5.0,31.1,1.0
2018-02-25,ukraine,555.0,56.0,85.0,311.7,4.0,0.0,42.0,107.0,49.0,-127.0,16.0
2018-02-25,venezuela,208.0,50.0,37.0,-143.4,0.0,0.0,18.0,17.0,11.0,-38.6,0.0
2018-02-25,yemen,363.0,27.0,135.0,-982.2,0.0,2.0,13.0,81.0,33.0,-68.3,2.0
2018-02-26,drc,216.0,46.0,86.0,-834.1,0.0,0.0,23.0,21.0,9.0,-35.4,0.0
2018-02-26,europe_east,1374.0,200.0,144.0,1556.5,0.0,4.0,77.0,27.0,8.0,19.2,3.0
2018-02-26,iran,1752.0,296.0,258.0,589.7,7.0,5.0,102.0,242.0,111.0,-257.0,8.0
2018-02-26,israel,4776.0,860.0,829.0,-709.9,45.0,4.0,346.0,707.0,355.0,-1169.8,75.0
2018-02-26,korea,2661.0,449.0,276.0,2560.3,12.0,5.0,157.0,890.0,226.0,1297.6,22.0
2018-02-26,libya,274.0,36.0,67.0,-149.6,1.0,0.0,28.0,0.0,0.0,0.0,0.0
2018-02-26,scs,2700.0,339.0,344.0,2111.9,5.0,2.0,179.0,85.0,29.0,27.8,9.0
2018-02-26,southasia,10352.0,1642.0,1256.0,4984.6,18.0,23.0,504.0,82.0,12.0,126.3,0.0
2018-02-26,sudan,656.0,78.0,106.0,261.4,2.0,7.0,60.0,3.0,3.0,-22.0,0.0
2018-02-26,taiwan,230.0,32.0,18.0,317.4,0.0,0.0,12.0,48.0,14.0,83.0,5.0
2018-02-26,ukraine,691.0,80.0,102.0,318.6,1.0,0.0,51.0,96.0,37.0,-30.4,11.0
2018-02-26,venezuela,264.0,52.0,38.0,-10.4,0.0,0.0,20.0,45.0,33.0,-106.0,7.0
2018-02-26,yemen,433.0,72.0,136.0,-928.4,0.0,0.0,20.0,95.0,60.0,-344.2,1.0
2018-02-27,drc,165.0,27.0,64.0,-439.0,0.0,0.0,28.0,18.0,12.0,-86.8,2.0
2018-02-27,europe_east,1440.0,173.0,116.0,2094.8,5.0,1.0,68.0,42.0,18.0,7.6,4.0
2018-02-27,iran,1646.0,375.0,234.0,-301.0,21.0,0.0,102.0,223.0,114.0,-285.6,8.0
2018-02-27,israel,4384.0,728.0,749.0,-60.0,37.0,14.0,319.0,603.0,352.0,-1571.6,62.0
2018-02-27,korea,2621.0,326.0,304.0,3157.6,24.0,2.0,205.0,690.0,128.0,1112.9,22.0
2018-02-27,libya,274.0,29.0,55.0,-47.6,2.0,0.0,9.0,0.0,0.0,0.0,0.0
2018-02-27,scs,2492.0,293.0,266.0,2985.2,3.0,6.0,113.0,123.0,31.0,100.1,12.0
2018-02-27,southasia,11356.0,1777.0,1535.0,3778.3,22.0,30.0,533.0,49.0,20.0,-46.5,1.0
2018-02-27,sudan,473.0,54.0,81.0,103.1,1.0,3.0,30.0,1.0,1.0,-2.0,0.0
2018-02-27,taiwan,334.0,33.0,74.0,4.8,1.0,1.0,34.0,49.0,34.0,-196.8,18.0
2018-02-27,ukraine,996.0,119.0,184.0,-11.0,5.0,1.0,79.0,251.0,99.0,-165.9,32.0
2018-02-27,venezuela,318.0,42.0,67.0,-124.2,0.0,2.0,40.0,67.0,19.0,29.7,6.0
2018-02-27,yemen,748.0,168.0,153.0,-829.3,14.0,2.0,36.0,195.0,95.0,-262.3,10.0
2018-02-28,drc,120.0,18.0,28.0,-154.3,0.0,0.0,3.0,31.0,20.0,-102.9,0.0
2018-02-28,europe_east,1667.0,199.0,141.0,2265.6,5.0,5.0,71.0,32.0,9.0,26.0,6.0
2018-02-28,iran,1944.0,424.0,259.0,-1.5,16.0,4.0,96.0,379.0,193.0,-585.7,16.0
2018-02-28,israel,5026.0,788.0,845.0,-541.9,44.0,6.0,275.0,732.0,414.0,-2009.5,51.0
2018-02-28,korea,1966.0,248.0,213.0,1977.8,9.0,1.0,124.0,440.0,104.0,475.1,14.0
2018-02-28,libya,239.0,30.0,45.0,42.8,3.0,0.0,13.0,1.0,0.0,0.0,0.0
2018-02-28,scs,2585.0,349.0,350.0,1664.2,12.0,3.0,163.0,123.0,17.0,216.2,4.0
2018-02-28,southasia,11301.0,1679.0,1625.0,4959.5,18.0,10.0,783.0,34.0,4.0,86.3,0.0
2018-02-28,sudan,734.0,106.0,97.0,526.3,1.0,2.0,39.0,4.0,0.0,4.0,0.0
2018-02-28,taiwan,330.0,32.0,30.0,441.8,0.0,0.0,21.0,92.0,30.0,36.7,14.0
2018-02-28,ukraine,1095.0,141.0,137.0,1071.9,5.0,2.0,67.0,196.0,49.0,211.3,9.0
2018-02-28,venezuela,426.0,90.0,68.0,-83.0,0.0,0.0,41.0,77.0,38.0,-74.5,14.0
2018-02-28,yemen,699.0,126.0,127.0,-320.2,6.0,1.0,32.0,167.0,62.0,-124.8,8.0
2018-03-01,drc,77.0,9.0,15.0,10.7,0.0,0.0,3.0,18.0,5.0,-5.8,0.0
2018-03-01,europe_east,1596.0,186.0,158.0,1907.7,1.0,1.0,81.0,72.0,16.0,81.1,3.0
2018-03-01,iran,1769.0,326.0,250.0,271.0,9.0,6.0,89.0,319.0,158.0,-495.9,13.0
2018-03-01,israel,4971.0,609.0,789.0,1746.5,25.0,7.0,276.0,770.0,347.0,-1159.1,58.0
2018-03-01,korea,1698.0,226.0,196.0,1585.2,11.0,4.0,87.0,393.0,101.0,358.8,8.0
2018-03-01,libya,303.0,38.0,80.0,-253.4,7.0,4.0,21.0,1.0,0.0,3.0,0.0
2018-03-01,scs,2765.0,385.0,235.0,3571.7,10.0,0.0,113.0,210.0,46.0,389.3,0.0
2018-03-01,southasia,11166.0,1703.0,1436.0,6080.5,21.0,14.0,602.0,61.0,10.0,46.8,0.0
2018-03-01,sudan,543.0,63.0,107.0,-20.1,2.0,1.0,35.0,12.0,10.0,-88.0,2.0
2018-03-01,taiwan,503.0,59.0,44.0,671.5,1.0,3.0,30.0,104.0,46.0,31.9,2.0
2018-03-01,ukraine,1019.0,106.0,141.0,1051.1,2.0,5.0,70.0,207.0,101.0,-255.2,23.0
2018-03-01,venezuela,400.0,78.0,73.0,-73.6,0.0,0.0,38.0,67.0,25.0,-31.6,10.0
2018-03-01,yemen,573.0,92.0,108.0,-103.0,6.0,0.0,30.0,209.0,72.0,-23.0,12.0
2018-03-02,drc,51.0,9.0,9.0,-45.9,0.0,0.0,1.0,16.0,9.0,-62.5,0.0
2018-03-02,europe_east,1168.0,163.0,109.0,1047.5,3.0,6.0,40.0,76.0,28.0,-25.0,7.0
2018-03-02,iran,1501.0,230.0,208.0,569.7,4.0,8.0,68.0,270.0,133.0,-430.2,23.0
2018-03-02,israel,4127.0,521.0,757.0,-352.3,18.0,16.0,293.0,595.0,276.0,-1025.1,65.0
2018-03-02,korea,1772.0,224.0,196.0,1414.1,14.0,11.0,73.0,358.0,96.0,311.7,8.0
2018-03-02,libya,369.0,25.0,85.0,-30.0,1.0,2.0,15.0,1.0,0.0,7.0,0.0
2018-03-02,scs,2769.0,399.0,322.0,2239.5,16.0,1.0,157.0,191.0,58.0,152.0,6.0
2018-03-02,southasia,8148.0,1312.0,1132.0,2006.1,19.0,28.0,499.0,48.0,18.0,-24.9,6.0
2018-03-02,sudan,437.0,80.0,85.0,-213.0,2.0,0.0,25.0,4.0,0.0,8.4,0.0
2018-03-02,taiwan,430.0,81.0,35.0,381.4,4.0,0.0,26.0,148.0,59.0,-33.8,5.0
2018-03-02,ukraine,1252.0,156.0,150.0,1721.6,1.0,2.0,69.0,290.0,107.0,62.2,17.0
2018-03-02,venezuela,268.0,48.0,56.0,-122.4,1.0,0.0,32.0,18.0,15.0,-72.8,5.0
2018-03-02,yemen,324.0,52.0,64.0,-146.1,7.0,0.0,17.0,93.0,29.0,58.4,0.0
2018-03-03,drc,9.0,2.0,5.0,-47.1,0.0,0.0,1.0,4.0,1.0,-1.9,0.0
2018-03-03,europe_east,691.0,88.0,85.0,642.9,1.0,2.0,27.0,28.0,11.0,-47.9,0.0
2018-03-03,iran,1168.0,216.0,132.0,366.0,8.0,0.0,64.0,165.0,64.0,-163.1,10.0
2018-03-03,israel,2381.0,337.0,470.0,-572.9,14.0,15.0,179.0,348.0,207.0,-1092.0,36.0
2018-03-03,korea,1057.0,183.0,147.0,316.4,12.0,5.0,69.0,270.0,91.0,202.1,15.0
2018-03-03,libya,277.0,41.0,58.0,-67.9,0.0,0.0,15.0,2.0,0.0,11.7,0.0
2018-03-03,scs,2044.0,248.0,237.0,1957.4,7.0,6.0,97.0,114.0,21.0,305.7,6.0
2018-03-03,southasia,8363.0,1324.0,993.0,4376.5,13.0,31.0,400.0,33.0,6.0,31.8,2.0
2018-03-03,sudan,235.0,35.0,20.0,270.2,0.0,1.0,13.0,1.0,0.0,-2.0,0.0
2018-03-03,taiwan,296.0,38.0,21.0,430.7,1.0,3.0,13.0,67.0,25.0,24.6,1.0
2018-03-03,ukraine,886.0,127.0,165.0,-79.6,2.0,2.0,61.0,131.0,60.0,-133.7,4.0
2018-03-03,venezuela,173.0,32.0,36.0,-32.8,0.0,0.0,17.0,14.0,5.0,-1.5,5.0
2018-03-03,yemen,224.0,30.0,21.0,311.0,0.0,0.0,3.0,32.0,7.0,41.8,0.0
2018-03-04,drc,21.0,3.0,14.0,-141.9,0.0,0.0,5.0,12.0,12.0,-88.0,0.0
2018-03-04,europe_east,556.0,85.0,72.0,182.1,0.0,4.0,31.0,16.0,10.0,-51.4,0.0
2018-03-04,iran,1287.0,199.0,155.0,625.0,11.0,3.0,78.0,217.0,62.0,-8.2,16.0
2018-03-04,israel,2510.0,334.0,509.0,-795.1,7.0,12.0,187.0,358.0,157.0,-653.8,24.0
2018-03-04,korea,1680.0,209.0,159.0,2155.5,16.0,6.0,85.0,554.0,100.0,974.2,26.0
2018-03-04,libya,136.0,8.0,25.0,123.3,0.0,0.0,10.0,0.0,0.0,0.0,0.0
2018-03-04,scs,1920.0,207.0,200.0,2659.2,0.0,2.0,92.0,86.0,20.0,70.7,4.0
2018-03-04,southasia,6999.0,1072.0,947.0,2219.7,8.0,17.0,350.0,24.0,6.0,-13.4,0.0
2018-03-04,sudan,330.0,54.0,46.0,314.0,5.0,2.0,26.0,0.0,0.0,0.0,0.0
2018-03-04,taiwan,186.0,29.0,19.0,158.1,0.0,0.0,10.0,41.0,17.0,-6.1,0.0
2018-03-04,ukraine,332.0,47.0,59.0,35.8,0.0,2.0,30.0,57.0,31.0,-125.0,0.0
2018-03-04,venezuela,134.0,27.0,16.0,53.6,0.0,0.0,9.0,28.0,9.0,15.9,5.0
2018-03-04,yemen,275.0,23.0,85.0,-220.6,0.0,0.0,18.0,51.0,33.0,-113.9,7.0
2018-03-05,drc,75.0,8.0,21.0,-106.0,0.0,0.0,4.0,16.0,13.0,-103.8,0.0
2018-03-05,europe_east,1186.0,160.0,103.0,1312.3,0.0,5.0,48.0,42.0,19.0,-49.5,0.0
2018-03-05,iran,2582.0,396.0,257.0,2636.7,8.0,7.0,106.0,482.0,146.0,182.0,10.0
2018-03-05,israel,5038.0,680.0,711.0,2831.5,18.0,13.0,288.0,736.0,325.0,-979.3,42.0
2018-03-05,korea,3252.0,246.0,213.0,6001.1,20.0,2.0,109.0,1019.0,104.0,2072.3,38.0
2018-03-05,libya,189.0,15.0,16.0,292.0,0.0,0.0,8.0,1.0,1.0,-4.4,0.0
2018-03-05,scs,3627.0,485.0,367.0,4008.8,54.0,2.0,199.0,312.0,59.0,674.2,7.0
2018-03-05,southasia,10966.0,1826.0,1470.0,1581.1,29.0,43.0,476.0,27.0,12.0,-23.3,1.0
2018-03-05,sudan,397.0,36.0,65.0,279.0,0.0,2.0,15.0,5.0,4.0,-42.0,0.0
2018-03-05,taiwan,337.0,60.0,14.0,331.3,2.0,0.0,10.0,102.0,52.0,-126.5,5.0
2018-03-05,ukraine,938.0,142.0,115.0,668.9,5.0,3.0,44.0,157.0,55.0,23.8,2.0
2018-03-05,venezuela,301.0,60.0,45.0,-53.3,0.0,0.0,26.0,59.0,13.0,40.9,2.0
2018-03-05,yemen,418.0,56.0,108.0,-462.1,20.0,2.0,21.0,74.0,35.0,-62.5,3.0
2018-03-06,drc,51.0,7.0,9.0,-15.8,0.0,0.0,0.0,14.0,11.0,-62.4,0.0
2018-03-06,europe_east,1484.0,177.0,134.0,1771.6,6.0,11.0,65.0,50.0,29.0,-140.8,11.0
2018-03-06,iran,2179.0,390.0,219.0,1407.9,11.0,1.0,77.0,630.0,235.0,5.0,24.0
2018-03-06,israel,5238.0,775.0,711.0,2843.4,18.0,2.0,289.0,849.0,364.0,-864.6,57.0
2018-03-06,korea,4879.0,354.0,342.0,9455.2,24.0,11.0,153.0,1593.0,182.0,4029.6,28.0
2018-03-06,libya,270.0,8.0,40.0,287.5,0.0,3.0,6.0,1.0,0.0,-2.0,0.0
2018-03-06,scs,3310.0,417.0,364.0,3362.7,35.0,8.0,146.0,200.0,51.0,92.2,2.0
2018-03-06,southasia,12454.0,2085.0,1583.0,4142.6,24.0,18.0,681.0,25.0,9.0,7.7,2.0
2018-03-06,sudan,646.0,96.0,96.0,271.7,2.0,0.0,35.0,6.0,3.0,-12.0,0.0
2018-03-06,taiwan,318.0,54.0,28.0,349.7,0.0,0.0,15.0,92.0,37.0,-136.6,3.0
2018-03-06,ukraine,862.0,130.0,131.0,234.5,5.0,5.0,53.0,241.0,89.0,-148.1,14.0
2018-03-06,venezuela,421.0,71.0,48.0,207.1,0.0,5.0,26.0,158.0,41.0,85.6,16.0
2018-03-06,yemen,403.0,62.0,138.0,-959.8,14.0,0.0,14.0,116.0,56.0,-134.9,5.0
2018-03-07,drc,51.0,6.0,9.0,3.6,0.0,0.0,2.0,9.0,2.0,19.4,0.0
2018-03-07,europe_east,1474.0,180.0,148.0,1430.4,4.0,2.0,79.0,68.0,30.0,-70.8,7.0
2018-03-07,iran,1893.0,357.0,253.0,385.6,11.0,7.0,98.0,396.0,153.0,-170.5,7.0
2018-03-07,israel,4885.0,700.0,760.0,1351.7,15.0,5.0,307.0,754.0,310.0,-779.9,51.0
2018-03-07,korea,4125.0,381.0,411.0,6006.0,25.0,5.0,191.0,1346.0,219.0,2417.1,28.0
2018-03-07,libya,309.0,40.0,63.0,-5.0,0.0,3.0,20.0,5.0,2.0,3.1,1.0
2018-03-07,scs,2909.0,357.0,309.0,3325.6,8.0,2.0,154.0,110.0,15.0,238.0,0.0
2018-03-07,southasia,12775.0,2185.0,1922.0,1308.0,18.0,37.0,925.0,29.0,18.0,-85.0,3.0
2018-03-07,sudan,591.0,80.0,72.0,624.9,0.0,5.0,27.0,8.0,6.0,-13.6,0.0
2018-03-07,taiwan,349.0,31.0,20.0,706.4,0.0,0.0,13.0,72.0,17.0,54.6,1.0
2018-03-07,ukraine,1083.0,127.0,160.0,668.9,4.0,3.0,79.0,264.0,95.0,-21.4,16.0
2018-03-07,venezuela,364.0,50.0,49.0,224.9,0.0,2.0,14.0,106.0,25.0,145.9,2.0
2018-03-07,yemen,645.0,117.0,96.0,158.8,2.0,0.0,9.0,268.0,92.0,1.8,2.0
2018-03-08,drc,95.0,7.0,12.0,149.7,0.0,0.0,4.0,12.0,4.0,1.0,0.0
2018-03-08,europe_east,1909.0,235.0,207.0,1660.9,7.0,2.0,111.0,70.0,31.0,-56.4,10.0
2018-03-08,iran,1915.0,258.0,353.0,355.6,2.0,30.0,167.0,271.0,58.0,371.3,5.0
2018-03-08,israel,4739.0,735.0,802.0,25.9,15.0,25.0,288.0,622.0,316.0,-1369.9,60.0
2018-03-08,korea,3215.0,301.0,233.0,5402.9,11.0,12.0,104.0,926.0,116.0,1830.4,14.0
2018-03-08,libya,253.0,9.0,42.0,192.2,1.0,0.0,15.0,0.0,0.0,0.0,0.0
2018-03-08,scs,3001.0,412.0,322.0,2674.3,7.0,13.0,145.0,83.0,18.0,103.4,2.0
2018-03-08,southasia,11672.0,1835.0,1642.0,5025.3,12.0,31.0,716.0,15.0,11.0,-39.0,1.0
2018-03-08,sudan,419.0,67.0,35.0,465.4,1.0,1.0,18.0,4.0,3.0,-8.0,0.0
2018-03-08,taiwan,369.0,46.0,40.0,365.6,0.0,0.0,19.0,67.0,14.0,68.9,4.0
2018-03-08,ukraine,606.0,54.0,85.0,416.7,2.0,4.0,30.0,149.0,50.0,-140.9,8.0
2018-03-08,venezuela,384.0,45.0,35.0,508.8,2.0,0.0,13.0,136.0,38.0,99.6,15.0
2018-03-08,yemen,629.0,99.0,133.0,-479.4,7.0,1.0,16.0,240.0,79.0,-205.4,1.0
2018-03-09,drc,93.0,12.0,22.0,-65.0,0.0,0.0,0.0,23.0,8.0,-7.8,0.0
2018-03-09,europe_east,1500.0,189.0,125.0,2059.0,3.0,1.0,73.0,57.0,11.0,82.9,0.0
2018-03-09,iran,1603.0,234.0,216.0,958.6,5.0,10.0,125.0,273.0,72.0,107.6,6.0
2018-03-09,israel,3725.0,565.0,723.0,-1151.1,23.0,23.0,184.0,655.0,422.0,-2810.1,58.0
2018-03-09,korea,9067.0,768.0,612.0,16966.3,42.0,19.0,261.0,3474.0,475.0,6680.3,74.0
2018-03-09,libya,264.0,32.0,40.0,132.9,2.0,0.0,3.0,2.0,0.0,6.8,0.0
2018-03-09,scs,3499.0,353.0,299.0,7198.9,9.0,4.0,128.0,87.0,5.0,286.5,0.0
2018-03-09,southasia,11954.0,1807.0,1774.0,3615.7,23.0,18.0,697.0,48.0,29.0,-134.9,0.0
2018-03-09,sudan,638.0,112.0,83.0,224.0,5.0,1.0,59.0,1.0,1.0,-10.0,0.0
2018-03-09,taiwan,347.0,39.0,17.0,594.6,0.0,0.0,10.0,139.0,28.0,220.5,9.0
2018-03-09,ukraine,751.0,111.0,109.0,110.5,3.0,2.0,50.0,169.0,64.0,-60.6,2.0
2018-03-09,venezuela,452.0,73.0,53.0,283.6,0.0,0.0,25.0,89.0,25.0,69.4,6.0
2018-03-09,yemen,465.0,73.0,56.0,327.6,5.0,0.0,8.0,160.0,54.0,23.0,0.0
2018-03-10,drc,68.0,9.0,9.0,37.9,0.0,0.0,6.0,0.0,0.0,0.0,0.0
2018-03-10,europe_east,795.0,91.0,53.0,939.3,3.0,1.0,27.0,21.0,0.0,72.0,0.0
2018-03-10,iran,1393.0,239.0,204.0,443.5,4.0,5.0,105.0,120.0,33.0,100.2,8.0
2018-03-10,israel,2228.0,321.0,447.0,-620.4,8.0,0.0,132.0,405.0,261.0,-1643.8,40.0
2018-03-10,korea,4496.0,424.0,261.0,8543.8,17.0,8.0,104.0,1748.0,202.0,3809.3,21.0
2018-03-10,libya,145.0,10.0,33.0,11.5,0.0,2.0,3.0,2.0,0.0,8.0,0.0
2018-03-10,scs,1977.0,243.0,172.0,2908.3,5.0,0.0,66.0,57.0,6.0,183.0,1.0
2018-03-10,southasia,9725.0,1440.0,1323.0,4725.5,18.0,33.0,552.0,25.0,19.0,-120.8,6.0
2018-03-10,sudan,323.0,24.0,47.0,307.8,0.0,0.0,31.0,0.0,0.0,0.0,0.0
2018-03-10,taiwan,208.0,10.0,18.0,355.1,0.0,0.0,14.0,52.0,2.0,150.2,1.0
2018-03-10,ukraine,342.0,36.0,65.0,88.5,2.0,0.0,18.0,62.0,23.0,-13.4,3.0
2018-03-10,venezuela,186.0,27.0,19.0,180.9,0.0,0.0,18.0,47.0,21.0,-6.8,13.0
2018-03-10,yemen,311.0,60.0,36.0,141.0,3.0,0.0,6.0,144.0,38.0,19.6,1.0
2018-03-11,drc,51.0,8.0,8.0,-9.7,0.0,0.0,0.0,0.0,0.0,0.0,0.0
2018-03-11,europe_east,573.0,106.0,60.0,372.5,4.0,6.0,23.0,24.0,8.0,18.1,3.0
2018-03-11,iran,1304.0,169.0,166.0,558.2,7.0,2.0,99.0,128.0,48.0,-2.2,1.0
2018-03-11,israel,2676.0,444.0,476.0,-386.5,12.0,2.0,126.0,427.0,259.0,-1406.0,32.0
2018-03-11,korea,3379.0,343.0,237.0,5772.3,19.0,6.0,85.0,1376.0,224.0,2534.4,43.0
2018-03-11,libya,126.0,21.0,19.0,79.7,0.0,0.0,1.0,4.0,0.0,16.0,0.0
2018-03-11,scs,2024.0,197.0,334.0,1945.2,6.0,4.0,112.0,99.0,8.0,242.9,4.0
2018-03-11,southasia,8452.0,1221.0,950.0,6925.2,16.0,32.0,381.0,32.0,7.0,15.1,2.0
2018-03-11,sudan,396.0,62.0,37.0,402.4,0.0,0.0,22.0,0.0,0.0,0.0,0.0
2018-03-11,taiwan,203.0,32.0,11.0,198.7,3.0,0.0,6.0,53.0,6.0,85.6,4.0
2018-03-11,ukraine,376.0,34.0,43.0,250.9,3.0,0.0,15.0,101.0,35.0,-33.8,8.0
2018-03-11,venezuela,185.0,22.0,60.0,-271.2,0.0,1.0,20.0,32.0,21.0,-97.8,9.0
2018-03-11,yemen,247.0,23.0,50.0,9.8,1.0,0.0,9.0,43.0,10.0,12.7,3.0
2018-03-12,drc,70.0,2.0,11.0,70.2,0.0,0.0,4.0,3.0,0.0,10.7,0.0
2018-03-12,europe_east,1487.0,186.0,118.0,2412.2,4.0,12.0,60.0,78.0,30.0,64.0,2.0
2018-03-12,iran,1972.0,216.0,313.0,999.4,9.0,2.0,141.0,237.0,81.0,138.7,10.0
2018-03-12,israel,3812.0,607.0,650.0,223.0,7.0,10.0,289.0,502.0,233.0,-904.7,44.0
2018-03-12,korea,4653.0,441.0,250.0,8902.9,31.0,4.0,98.0,1436.0,233.0,2590.9,47.0
2018-03-12,libya,177.0,15.0,28.0,189.9,1.0,0.0,14.0,2.0,0.0,9.0,0.0
2018-03-12,scs,2920.0,312.0,387.0,2564.2,15.0,9.0,146.0,90.0,5.0,223.5,0.0
2018-03-12,southasia,11060.0,1732.0,1374.0,7302.4,18.0,39.0,598.0,38.0,20.0,-67.8,4.0
2018-03-12,sudan,580.0,68.0,73.0,522.4,1.0,4.0,22.0,0.0,0.0,0.0,0.0
2018-03-12,taiwan,394.0,46.0,24.0,682.3,0.0,0.0,15.0,57.0,10.0,51.8,1.0
2018-03-12,ukraine,975.0,85.0,121.0,971.7,3.0,1.0,73.0,248.0,75.0,-81.4,11.0
2018-03-12,venezuela,266.0,50.0,67.0,-249.8,0.0,1.0,27.0,42.0,23.0,-123.0,12.0
2018-03-12,yemen,335.0,29.0,80.0,-138.8,3.0,4.0,10.0,118.0,48.0,-209.7,5.0
2018-03-13,drc,60.0,5.0,7.0,26.6,0.0,0.0,2.0,5.0,0.0,19.7,0.0
2018-03-13,europe_east,1591.0,172.0,155.0,1986.2,5.0,2.0,91.0,84.0,31.0,24.1,6.0
2018-03-13,iran,2858.0,457.0,348.0,2179.3,9.0,8.0,132.0,499.0,166.0,93.6,13.0
2018-03-13,israel,4818.0,806.0,823.0,-139.8,21.0,9.0,290.0,935.0,403.0,-1133.4,62.0
2018-03-13,korea,4327.0,446.0,339.0,6371.7,10.0,3.0,146.0,1579.0,264.0,2888.8,37.0
2018-03-13,libya,271.0,37.0,25.0,376.4,1.0,1.0,10.0,4.0,1.0,7.7,0.0
2018-03-13,scs,3296.0,330.0,387.0,3255.4,7.0,14.0,156.0,73.0,7.0,144.8,0.0
2018-03-13,southasia,11111.0,1769.0,1516.0,4121.6,21.0,28.0,609.0,40.0,28.0,-99.6,3.0
2018-03-13,sudan,727.0,82.0,68.0,1234.7,1.0,1.0,28.0,0.0,0.0,0.0,0.0
2018-03-13,taiwan,388.0,17.0,36.0,635.9,0.0,0.0,19.0,65.0,15.0,129.6,0.0
2018-03-13,ukraine,912.0,77.0,137.0,725.4,4.0,2.0,72.0,161.0,65.0,-103.1,6.0
2018-03-13,venezuela,423.0,86.0,82.0,-233.1,0.0,0.0,52.0,62.0,25.0,-13.2,5.0
2018-03-13,yemen,362.0,25.0,91.0,-195.6,0.0,0.0,9.0,83.0,28.0,-3.0,4.0
2018-03-14,drc,57.0,6.0,16.0,-48.0,0.0,0.0,1.0,4.0,0.0,22.0,0.0
2018-03-14,europe_east,1481.0,174.0,148.0,1470.6,0.0,2.0,66.0,116.0,42.0,-74.8,2.0
2018-03-14,iran,2874.0,471.0,318.0,2982.6,16.0,6.0,135.0,615.0,172.0,210.4,16.0
2018-03-14,israel,4961.0,841.0,762.0,439.0,19.0,9.0,298.0,822.0,361.0,-969.1,60.0
2018-03-14,korea,3328.0,368.0,281.0,4537.5,14.0,6.0,118.0,1138.0,137.0,2484.6,12.0
2018-03-14,libya,274.0,36.0,48.0,-17.0,2.0,1.0,20.0,3.0,0.0,15.0,0.0
2018-03-14,scs,3820.0,500.0,487.0,3732.1,14.0,7.0,202.0,95.0,17.0,185.4,1.0
2018-03-14,southasia,11505.0,1854.0,1625.0,2873.4,32.0,28.0,666.0,37.0,16.0,-24.7,5.0
2018-03-14,sudan,568.0,86.0,82.0,234.6,0.0,1.0,32.0,10.0,5.0,16.8,0.0
2018-03-14,taiwan,455.0,43.0,34.0,664.7,1.0,0.0,20.0,89.0,18.0,117.2,6.0
2018-03-14,ukraine,1131.0,110.0,176.0,1023.9,5.0,0.0,102.0,252.0,68.0,120.6,22.0
2018-03-14,venezuela,382.0,84.0,42.0,65.4,1.0,0.0,35.0,56.0,20.0,-11.1,2.0
2018-03-14,yemen,310.0,32.0,79.0,-332.0,0.0,0.0,3.0,86.0,38.0,-142.0,0.0
2018-03-15,drc,37.0,2.0,0.0,102.9,0.0,0.0,0.0,7.0,7.0,-70.0,0.0
2018-03-15,europe_east,1461.0,193.0,134.0,1437.8,0.0,7.0,67.0,72.0,29.0,-109.1,7.0
2018-03-15,iran,2339.0,403.0,263.0,1907.4,33.0,2.0,107.0,403.0,159.0,-13.6,17.0
2018-03-15,israel,4730.0,750.0,763.0,816.9,17.0,12.0,332.0,759.0,347.0,-1046.6,56.0
2018-03-15,korea,3073.0,352.0,205.0,5115.2,12.0,3.0,95.0,798.0,146.0,1562.0,26.0
2018-03-15,libya,302.0,33.0,81.0,-292.8,0.0,0.0,20.0,6.0,0.0,23.4,0.0
2018-03-15,scs,3303.0,414.0,393.0,3343.4,10.0,11.0,163.0,123.0,23.0,255.6,7.0
2018-03-15,southasia,11568.0,2036.0,1596.0,2556.5,40.0,12.0,675.0,146.0,45.0,30.9,7.0
2018-03-15,sudan,605.0,80.0,106.0,231.3,0.0,1.0,50.0,11.0,5.0,31.8,0.0
2018-03-15,taiwan,265.0,37.0,34.0,185.8,0.0,0.0,14.0,51.0,14.0,47.5,3.0
2018-03-15,ukraine,1135.0,174.0,158.0,773.0,13.0,1.0,91.0,310.0,96.0,267.2,14.0
2018-03-15,venezuela,241.0,43.0,30.0,163.6,1.0,0.0,18.0,35.0,10.0,47.2,1.0
2018-03-15,yemen,406.0,55.0,92.0,-126.3,2.0,2.0,14.0,130.0,60.0,-150.9,0.0
2018-03-16,drc,77.0,15.0,11.0,12.2,0.0,0.0,5.0,20.0,8.0,-28.8,0.0
2018-03-16,europe_east,1228.0,166.0,96.0,1353.9,2.0,2.0,36.0,92.0,32.0,-11.4,9.0
2018-03-16,iran,2352.0,382.0,235.0,2109.4,33.0,3.0,107.0,431.0,124.0,371.5,5.0
2018-03-16,israel,4083.0,579.0,680.0,812.2,23.0,21.0,240.0,716.0,338.0,-1201.1,54.0
2018-03-16,korea,3203.0,310.0,260.0,5350.9,8.0,4.0,129.0,770.0,130.0,1448.7,33.0
2018-03-16,libya,250.0,32.0,60.0,-88.9,3.0,5.0,18.0,12.0,6.0,-26.0,0.0
2018-03-16,scs,3058.0,369.0,497.0,1564.5,10.0,7.0,186.0,63.0,10.0,128.6,1.0
2018-03-16,southasia,10546.0,1800.0,1415.0,3597.6,18.0,12.0,684.0,76.0,14.0,81.0,5.0
2018-03-16,sudan,436.0,49.0,52.0,399.3,1.0,0.0,21.0,3.0,0.0,2.7,0.0
2018-03-16,taiwan,394.0,31.0,41.0,593.1,0.0,0.0,23.0,77.0,23.0,39.4,7.0
2018-03-16,ukraine,1222.0,155.0,131.0,998.1,3.0,3.0,52.0,320.0,137.0,-204.8,12.0
2018-03-16,venezuela,273.0,48.0,54.0,-69.7,0.0,0.0,41.0,55.0,21.0,-1.7,0.0
2018-03-16,yemen,358.0,62.0,69.0,-65.0,1.0,4.0,6.0,100.0,26.0,110.6,0.0
2018-03-17,drc,11.0,2.0,0.0,6.4,0.0,0.0,0.0,8.0,3.0,-14.1,0.0
2018-03-17,europe_east,764.0,86.0,91.0,833.8,0.0,1.0,61.0,84.0,11.0,206.1,4.0
2018-03-17,iran,1591.0,273.0,137.0,1695.4,10.0,2.0,61.0,249.0,71.0,168.0,13.0
2018-03-17,israel,2382.0,356.0,571.0,-2269.2,21.0,13.0,179.0,502.0,303.0,-1693.5,61.0
2018-03-17,korea,1820.0,155.0,163.0,3169.7,6.0,3.0,94.0,432.0,42.0,1307.0,3.0
2018-03-17,libya,162.0,16.0,29.0,75.4,1.0,0.0,11.0,2.0,1.0,-1.6,0.0
2018-03-17,scs,2020.0,236.0,226.0,1894.5,2.0,1.0,73.0,11.0,4.0,1.3,0.0
2018-03-17,southasia,9181.0,1585.0,1123.0,4134.4,15.0,11.0,568.0,110.0,36.0,33.0,2.0
2018-03-17,sudan,175.0,24.0,25.0,66.9,0.0,0.0,10.0,2.0,0.0,4.7,0.0
2018-03-17,taiwan,433.0,59.0,21.0,808.7,0.0,0.0,14.0,151.0,59.0,179.1,0.0
2018-03-17,ukraine,473.0,75.0,66.0,14.0,4.0,0.0,31.0,190.0,82.0,-158.3,10.0
2018-03-17,venezuela,284.0,44.0,40.0,-103.1,0.0,0.0,16.0,13.0,3.0,-2.6,0.0
2018-03-17,yemen,257.0,29.0,47.0,41.2,1.0,1.0,10.0,92.0,27.0,75.6,0.0
2018-03-18,drc,8.0,0.0,1.0,12.3,0.0,0.0,0.0,7.0,1.0,7.9,0.0
2018-03-18,europe_east,877.0,85.0,77.0,1614.0,0.0,2.0,35.0,24.0,13.0,-43.9,5.0
2018-03-18,iran,1296.0,191.0,165.0,1045.1,5.0,4.0,81.0,225.0,93.0,-85.8,5.0
2018-03-18,israel,2952.0,426.0,731.0,-2611.4,22.0,9.0,208.0,693.0,381.0,-1928.6,71.0
2018-03-18,korea,1917.0,132.0,125.0,3914.3,8.0,4.0,70.0,582.0,61.0,1918.6,14.0
2018-03-18,libya,237.0,31.0,36.0,213.5,1.0,0.0,16.0,10.0,2.0,33.9,0.0
2018-03-18,scs,1788.0,218.0,250.0,1289.5,2.0,3.0,89.0,43.0,3.0,103.2,0.0
2018-03-18,southasia,7724.0,1358.0,1080.0,765.0,17.0,18.0,400.0,105.0,61.0,-284.5,0.0
2018-03-18,sudan,287.0,21.0,36.0,352.6,0.0,0.0,24.0,0.0,0.0,0.0,0.0
2018-03-18,taiwan,365.0,26.0,27.0,703.8,0.0,0.0,20.0,128.0,30.0,240.8,5.0
2018-03-18,ukraine,464.0,80.0,59.0,148.5,3.0,4.0,35.0,194.0,99.0,-227.9,29.0
2018-03-18,venezuela,135.0,11.0,27.0,-1.7,0.0,2.0,10.0,24.0,7.0,-3.6,0.0
2018-03-18,yemen,255.0,33.0,47.0,-54.4,1.0,4.0,9.0,45.0,15.0,-3.9,0.0
2018-03-19,drc,122.0,20.0,22.0,-54.3,0.0,0.0,12.0,8.0,8.0,-77.5,0.0
2018-03-19,europe_east,1655.0,154.0,125.0,3089.6,1.0,3.0,58.0,101.0,34.0,12.2,13.0
2018-03-19,iran,1899.0,273.0,244.0,1183.6,4.0,1.0,109.0,271.0,89.0,-33.9,6.0
2018-03-19,israel,4772.0,779.0,1001.0,-1030.8,23.0,9.0,432.0,993.0,457.0,-1146.1,102.0
2018-03-19,korea,3306.0,268.0,185.0,7222.2,13.0,0.0,108.0,962.0,76.0,3135.5,16.0
2018-03-19,libya,420.0,44.0,56.0,428.1,0.0,2.0,13.0,19.0,9.0,26.8,0.0
2018-03-19,scs,2821.0,390.0,330.0,2886.1,11.0,4.0,150.0,46.0,10.0,83.8,0.0
2018-03-19,southasia,11312.0,2015.0,1508.0,3530.8,31.0,19.0,663.0,65.0,29.0,-94.8,0.0
2018-03-19,sudan,467.0,75.0,58.0,395.8,0.0,0.0,37.0,0.0,0.0,0.0,0.0
2018-03-19,taiwan,487.0,52.0,44.0,743.0,0.0,1.0,22.0,181.0,66.0,64.3,18.0
2018-03-19,ukraine,1194.0,172.0,183.0,-176.5,5.0,2.0,68.0,280.0,147.0,-332.2,25.0
2018-03-19,venezuela,386.0,87.0,86.0,-275.9,0.0,0.0,69.0,66.0,29.0,-63.1,7.0
2018-03-19,yemen,445.0,49.0,93.0,-93.8,2.0,4.0,14.0,146.0,51.0,-134.8,5.0
2018-03-20,drc,50.0,8.0,6.0,15.6,0.0,0.0,3.0,21.0,15.0,-96.0,0.0
2018-03-20,europe_east,1417.0,184.0,104.0,2190.0,2.0,4.0,44.0,64.0,16.0,85.5,3.0
2018-03-20,iran,2004.0,336.0,169.0,1867.0,7.0,3.0,64.0,452.0,136.0,263.1,10.0
2018-03-20,israel,4460.0,737.0,740.0,-29.7,19.0,5.0,315.0,764.0,376.0,-1060.7,68.0
2018-03-20,korea,2308.0,197.0,264.0,3104.1,14.0,12.0,65.0,695.0,122.0,1520.6,35.0
2018-03-20,libya,617.0,69.0,108.0,402.5,9.0,6.0,40.0,16.0,9.0,3.8,2.0
2018-03-20,scs,2704.0,433.0,282.0,2235.3,6.0,3.0,109.0,85.0,23.0,99.4,5.0
2018-03-20,southasia,11204.0,2006.0,1599.0,1946.6,7.0,24.0,676.0,35.0,9.0,80.3,0.0
2018-03-20,sudan,670.0,94.0,90.0,375.0,0.0,0.0,42.0,0.0,0.0,0.0,0.0
2018-03-20,taiwan,790.0,114.0,64.0,929.8,0.0,3.0,41.0,315.0,113.0,37.8,19.0
2018-03-20,ukraine,1227.0,172.0,176.0,115.5,5.0,2.0,55.0,258.0,115.0,-164.8,10.0
2018-03-20,venezuela,601.0,123.0,126.0,-76.1,0.0,0.0,87.0,151.0,67.0,-38.1,29.0
2018-03-20,yemen,625.0,84.0,71.0,639.4,0.0,2.0,13.0,183.0,42.0,210.5,0.0
2018-03-21,drc,115.0,14.0,21.0,-15.2,0.0,0.0,8.0,10.0,4.0,5.1,2.0
2018-03-21,europe_east,1550.0,184.0,125.0,1998.7,2.0,5.0,61.0,71.0,17.0,87.8,0.0
2018-03-21,iran,2087.0,319.0,243.0,1702.7,13.0,5.0,100.0,513.0,204.0,-95.2,32.0
2018-03-21,israel,4761.0,719.0,833.0,-783.2,16.0,14.0,316.0,982.0,458.0,-1817.7,43.0
2018-03-21,korea,2361.0,279.0,170.0,4249.3,8.0,10.0,71.0,712.0,85.0,2111.2,23.0
2018-03-21,libya,646.0,72.0,131.0,227.0,12.0,8.0,58.0,5.0,5.0,-44.4,0.0
2018-03-21,scs,2717.0,336.0,271.0,3519.4,7.0,7.0,127.0,155.0,32.0,288.1,9.0
2018-03-21,southasia,11064.0,1848.0,1657.0,2375.6,23.0,16.0,729.0,22.0,13.0,-6.9,4.0
2018-03-21,sudan,646.0,65.0,81.0,582.8,1.0,0.0,34.0,0.0,0.0,0.0,0.0
2018-03-21,taiwan,690.0,93.0,64.0,1007.2,0.0,0.0,44.0,255.0,99.0,63.0,9.0
2018-03-21,ukraine,1183.0,142.0,153.0,1111.3,1.0,1.0,46.0,253.0,88.0,62.6,18.0
2018-03-21,venezuela,557.0,105.0,101.0,68.6,0.0,24.0,49.0,84.0,42.0,-13.4,13.0
2018-03-21,yemen,726.0,128.0,100.0,-56.1,1.0,1.0,21.0,272.0,98.0,-91.8,8.0
2018-03-22,drc,102.0,13.0,9.0,88.6,0.0,0.0,4.0,9.0,2.0,11.4,0.0
2018-03-22,europe_east,1531.0,172.0,151.0,1653.2,0.0,0.0,68.0,81.0,21.0,15.3,10.0
2018-03-22,iran,1924.0,313.0,274.0,529.9,8.0,6.0,113.0,383.0,134.0,-44.9,12.0
2018-03-22,israel,4989.0,713.0,1093.0,-2690.5,18.0,12.0,391.0,1010.0,533.0,-2621.1,86.0
2018-03-22,korea,2111.0,310.0,194.0,2637.8,15.0,6.0,110.0,461.0,74.0,931.1,10.0
2018-03-22,libya,646.0,94.0,124.0,85.1,0.0,1.0,57.0,0.0,0.0,0.0,0.0
2018-03-22,scs,2754.0,346.0,291.0,2519.5,6.0,7.0,97.0,152.0,16.0,320.0,0.0
2018-03-22,southasia,10753.0,1789.0,1352.0,5479.1,15.0,22.0,605.0,100.0,11.0,205.8,2.0
2018-03-22,sudan,505.0,51.0,74.0,310.6,4.0,1.0,23.0,4.0,0.0,32.0,0.0
2018-03-22,taiwan,658.0,88.0,52.0,961.9,2.0,2.0,23.0,114.0,40.0,33.5,5.0
2018-03-22,ukraine,1028.0,121.0,118.0,1241.7,16.0,4.0,65.0,206.0,81.0,-118.9,23.0
2018-03-22,venezuela,297.0,46.0,42.0,189.3,0.0,0.0,28.0,46.0,18.0,52.8,3.0
2018-03-22,yemen,626.0,77.0,81.0,288.0,1.0,5.0,25.0,281.0,99.0,-197.4,20.0
2018-03-23,drc,64.0,7.0,17.0,-52.8,0.0,0.0,7.0,20.0,10.0,-26.7,0.0
2018-03-23,europe_east,1599.0,228.0,160.0,1413.2,7.0,0.0,84.0,212.0,110.0,-450.1,43.0
2018-03-23,iran,2413.0,373.0,337.0,1556.8,9.0,19.0,137.0,630.0,240.0,-174.8,38.0
2018-03-23,israel,3917.0,621.0,657.0,-45.3,21.0,12.0,240.0,636.0,316.0,-1277.8,73.0
2018-03-23,korea,2387.0,350.0,261.0,2708.6,14.0,5.0,115.0,604.0,175.0,296.9,24.0
2018-03-23,libya,357.0,64.0,49.0,199.1,7.0,0.0,19.0,6.0,5.0,-43.0,0.0
2018-03-23,scs,2813.0,286.0,352.0,2549.0,6.0,13.0,128.0,181.0,50.0,187.0,13.0
2018-03-23,southasia,10470.0,1789.0,1328.0,4131.1,22.0,17.0,614.0,86.0,34.0,-80.8,5.0
2018-03-23,sudan,554.0,86.0,56.0,475.1,0.0,4.0,9.0,5.0,3.0,-28.6,0.0
2018-03-23,taiwan,514.0,51.0,63.0,652.8,3.0,1.0,29.0,107.0,26.0,152.0,11.0
2018-03-23,ukraine,1241.0,138.0,169.0,1313.7,7.0,5.0,77.0,184.0,70.0,-51.9,21.0
2018-03-23,venezuela,261.0,29.0,33.0,151.7,0.0,0.0,20.0,40.0,10.0,42.1,0.0
2018-03-23,yemen,479.0,57.0,99.0,-26.5,0.0,2.0,21.0,197.0,48.0,139.1,6.0
2018-03-24,drc,14.0,3.0,2.0,-15.4,0.0,0.0,1.0,8.0,0.0,32.0,0.0
2018-03-24,europe_east,891.0,84.0,130.0,450.8,2.0,1.0,104.0,144.0,68.0,-201.5,30.0
2018-03-24,iran,1149.0,223.0,155.0,840.0,3.0,1.0,79.0,306.0,103.0,-80.0,26.0
2018-03-24,israel,2251.0,330.0,391.0,18.3,4.0,1.0,153.0,308.0,134.0,-458.0,21.0
2018-03-24,korea,1340.0,182.0,130.0,1643.9,7.0,2.0,49.0,403.0,61.0,935.4,4.0
2018-03-24,libya,271.0,28.0,66.0,-127.1,0.0,0.0,24.0,1.0,0.0,5.0,0.0
2018-03-24,scs,1924.0,164.0,203.0,2173.9,13.0,14.0,77.0,80.0,21.0,98.8,0.0
2018-03-24,southasia,9285.0,1533.0,1476.0,1226.5,22.0,27.0,756.0,66.0,19.0,23.7,2.0
2018-03-24,sudan,296.0,32.0,40.0,260.8,1.0,3.0,8.0,3.0,3.0,-30.0,0.0
2018-03-24,taiwan,309.0,26.0,42.0,434.0,1.0,2.0,18.0,70.0,28.0,0.3,2.0
2018-03-24,ukraine,598.0,62.0,127.0,32.3,2.0,0.0,39.0,170.0,79.0,-168.7,19.0
2018-03-24,venezuela,236.0,41.0,53.0,-180.6,3.0,0.0,27.0,40.0,12.0,67.7,2.0
2018-03-24,yemen,296.0,36.0,95.0,-309.3,0.0,0.0,22.0,92.0,38.0,-77.8,4.0
2018-03-25,drc,44.0,5.0,3.0,33.2,0.0,0.0,2.0,8.0,0.0,32.0,0.0
2018-03-25,europe_east,1049.0,107.0,165.0,972.9,4.0,0.0,135.0,60.0,27.0,-96.7,11.0
2018-03-25,iran,1088.0,176.0,156.0,682.3,7.0,1.0,63.0,252.0,128.0,-257.6,30.0
2018-03-25,israel,2971.0,444.0,577.0,-805.4,9.0,5.0,188.0,604.0,330.0,-1668.2,45.0
2018-03-25,korea,1256.0,142.0,87.0,2269.0,2.0,1.0,36.0,338.0,56.0,720.0,0.0
2018-03-25,libya,224.0,15.0,66.0,-121.9,0.0,1.0,8.0,0.0,0.0,0.0,0.0
2018-03-25,scs,1521.0,165.0,183.0,1766.3,1.0,6.0,86.0,53.0,3.0,88.0,1.0
2018-03-25,southasia,7610.0,1202.0,1212.0,-526.2,7.0,22.0,449.0,62.0,27.0,-0.9,11.0
2018-03-25,sudan,314.0,38.0,35.0,291.4,0.0,3.0,10.0,10.0,4.0,-3.0,0.0
2018-03-25,taiwan,291.0,19.0,30.0,321.1,2.0,1.0,4.0,58.0,17.0,-13.5,0.0
2018-03-25,ukraine,445.0,64.0,105.0,-304.7,0.0,1.0,57.0,135.0,62.0,-183.2,17.0
2018-03-25,venezuela,184.0,25.0,26.0,60.8,0.0,0.0,14.0,17.0,2.0,21.0,0.0
2018-03-25,yemen,473.0,64.0,166.0,-1010.3,8.0,2.0,22.0,159.0,71.0,-306.4,4.0
2018-03-26,drc,107.0,9.0,28.0,-151.1,0.0,0.0,13.0,7.0,3.0,-11.0,0.0
2018-03-26,europe_east,2137.0,295.0,385.0,362.0,5.0,3.0,335.0,717.0,339.0,-1059.9,214.0
2018-03-26,iran,1829.0,323.0,267.0,487.6,13.0,14.0,82.0,373.0,123.0,43.3,23.0
2018-03-26,israel,3976.0,649.0,739.0,-869.5,31.0,12.0,266.0,625.0,306.0,-1102.1,38.0
2018-03-26,korea,2355.0,210.0,197.0,4045.5,14.0,13.0,81.0,485.0,63.0,999.3,7.0
2018-03-26,libya,214.0,28.0,51.0,-194.8,1.0,0.0,11.0,0.0,0.0,0.0,0.0
2018-03-26,scs,2463.0,264.0,246.0,3290.0,5.0,3.0,96.0,74.0,25.0,54.3,7.0
2018-03-26,southasia,10015.0,1682.0,1601.0,-1075.6,15.0,25.0,573.0,31.0,8.0,42.8,2.0
2018-03-26,sudan,683.0,88.0,110.0,266.6,1.0,8.0,30.0,7.0,0.0,30.7,0.0
2018-03-26,taiwan,631.0,52.0,85.0,803.7,1.0,0.0,40.0,263.0,67.0,236.8,42.0
2018-03-26,ukraine,910.0,97.0,205.0,177.7,2.0,0.0,137.0,292.0,153.0,-439.9,83.0
2018-03-26,venezuela,221.0,40.0,16.0,185.5,0.0,0.0,10.0,31.0,7.0,23.2,1.0
2018-03-26,yemen,1146.0,193.0,348.0,-2452.4,10.0,0.0,22.0,540.0,360.0,-2505.2,18.0
2018-03-27,drc,85.0,12.0,29.0,-183.0,0.0,0.0,6.0,24.0,7.0,3.8,2.0
2018-03-27,europe_east,1671.0,180.0,216.0,1736.1,9.0,1.0,181.0,191.0,93.0,-241.4,71.0
2018-03-27,iran,1637.0,286.0,230.0,826.6,13.0,6.0,92.0,266.0,111.0,-105.9,29.0
2018-03-27,israel,4382.0,759.0,687.0,-58.0,21.0,13.0,266.0,638.0,293.0,-958.1,47.0
2018-03-27,korea,3037.0,236.0,271.0,5171.4,9.0,7.0,161.0,522.0,72.0,910.5,8.0
2018-03-27,libya,308.0,46.0,41.0,243.5,0.0,3.0,11.0,5.0,0.0,32.4,0.0
2018-03-27,scs,3088.0,332.0,364.0,3266.2,7.0,11.0,165.0,96.0,36.0,41.9,18.0
2018-03-27,southasia,10792.0,1786.0,1376.0,4282.7,23.0,42.0,593.0,21.0,7.0,-2.7,3.0
2018-03-27,sudan,572.0,55.0,100.0,399.0,2.0,11.0,37.0,3.0,0.0,5.7,0.0
2018-03-27,taiwan,525.0,58.0,51.0,812.9,3.0,3.0,24.0,152.0,27.0,203.5,6.0
2018-03-27,ukraine,1063.0,131.0,188.0,566.5,4.0,1.0,111.0,243.0,122.0,-390.0,43.0
2018-03-27,venezuela,318.0,71.0,48.0,-73.7,0.0,0.0,20.0,25.0,17.0,-53.8,9.0
2018-03-27,yemen,711.0,115.0,223.0,-1319.5,6.0,5.0,14.0,230.0,133.0,-752.2,4.0
2018-03-28,drc,48.0,13.0,8.0,-18.8,1.0,0.0,0.0,10.0,7.0,-47.7,2.0
2018-03-28,europe_east,1622.0,167.0,173.0,2426.9,7.0,3.0,111.0,163.0,46.0,112.6,15.0
2018-03-28,iran,1748.0,313.0,209.0,1123.3,9.0,1.0,74.0,262.0,79.0,208.3,12.0
2018-03-28,israel,4348.0,707.0,729.0,568.9,17.0,24.0,286.0,763.0,371.0,-1161.7,71.0
2018-03-28,korea,4701.0,369.0,221.0,10395.3,12.0,6.0,137.0,1063.0,122.0,2861.7,15.0
2018-03-28,libya,359.0,42.0,90.0,-288.4,3.0,2.0,12.0,3.0,0.0,7.0,0.0
2018-03-28,scs,2432.0,277.0,372.0,1723.2,2.0,19.0,129.0,57.0,11.0,66.1,4.0
2018-03-28,southasia,11513.0,1844.0,1488.0,5062.2,36.0,55.0,580.0,53.0,13.0,26.6,6.0
2018-03-28,sudan,671.0,97.0,150.0,-361.2,2.0,0.0,31.0,1.0,1.0,-10.0,0.0
2018-03-28,taiwan,548.0,50.0,59.0,845.0,1.0,4.0,27.0,161.0,49.0,138.2,19.0
2018-03-28,ukraine,1259.0,154.0,171.0,932.1,4.0,3.0,98.0,223.0,73.0,26.2,20.0
2018-03-28,venezuela,358.0,43.0,69.0,152.5,0.0,0.0,45.0,31.0,5.0,57.3,2.0
2018-03-28,yemen,523.0,59.0,145.0,-503.7,3.0,6.0,14.0,260.0,97.0,-73.0,5.0
2018-03-29,drc,47.0,7.0,12.0,-44.0,0.0,0.0,5.0,14.0,7.0,-35.1,0.0
2018-03-29,europe_east,1288.0,97.0,139.0,1990.6,6.0,11.0,73.0,131.0,51.0,8.0,27.0
2018-03-29,iran,1689.0,303.0,247.0,782.0,16.0,3.0,99.0,244.0,93.0,-140.5,12.0
2018-03-29,israel,4539.0,702.0,857.0,-889.0,9.0,27.0,344.0,688.0,344.0,-1492.8,56.0
2018-03-29,korea,3891.0,282.0,225.0,8026.8,23.0,5.0,106.0,1017.0,102.0,2472.1,12.0
2018-03-29,libya,623.0,77.0,228.0,-1187.4,5.0,2.0,56.0,4.0,0.0,17.8,0.0
2018-03-29,scs,2807.0,239.0,400.0,3154.3,10.0,16.0,134.0,59.0,13.0,59.3,0.0
2018-03-29,southasia,11167.0,1735.0,1586.0,2508.9,29.0,30.0,588.0,32.0,13.0,-47.8,3.0
2018-03-29,sudan,662.0,93.0,116.0,117.7,1.0,2.0,37.0,2.0,0.0,7.0,0.0
2018-03-29,taiwan,501.0,41.0,45.0,860.1,1.0,0.0,26.0,97.0,50.0,-134.2,16.0
2018-03-29,ukraine,1303.0,144.0,207.0,932.1,4.0,2.0,130.0,302.0,130.0,-205.6,46.0
2018-03-29,venezuela,852.0,142.0,280.0,-2057.1,0.0,1.0,86.0,53.0,22.0,-44.6,4.0
2018-03-29,yemen,483.0,71.0,141.0,-635.4,5.0,1.0,19.0,157.0,68.0,-229.5,2.0
2018-03-30,drc,42.0,0.0,2.0,99.9,0.0,0.0,0.0,3.0,3.0,-20.0,2.0
2018-03-30,europe_east,1110.0,149.0,148.0,815.7,2.0,3.0,95.0,163.0,72.0,-193.7,33.0
2018-03-30,iran,1564.0,267.0,243.0,383.0,5.0,14.0,79.0,247.0,104.0,-251.1,11.0
2018-03-30,israel,4754.0,967.0,1056.0,-5046.3,9.0,37.0,290.0,1236.0,760.0,-4146.2,80.0
2018-03-30,korea,2525.0,244.0,256.0,3669.5,19.0,0.0,132.0,685.0,118.0,964.5,10.0
2018-03-30,libya,389.0,42.0,144.0,-743.3,2.0,0.0,40.0,1.0,1.0,-10.0,0.0
2018-03-30,scs,2151.0,176.0,224.0,3016.4,5.0,9.0,89.0,48.0,1.0,147.2,1.0
2018-03-30,southasia,10228.0,1665.0,1614.0,380.6,24.0,32.0,593.0,49.0,18.0,0.5,8.0
2018-03-30,sudan,591.0,106.0,107.0,-9.4,3.0,0.0,49.0,2.0,0.0,4.7,0.0
2018-03-30,taiwan,421.0,49.0,31.0,658.5,1.0,0.0,12.0,118.0,40.0,84.2,3.0
2018-03-30,ukraine,1101.0,87.0,116.0,1411.9,1.0,2.0,70.0,174.0,36.0,216.7,15.0
2018-03-30,venezuela,472.0,62.0,124.0,-556.3,0.0,0.0,69.0,33.0,10.0,-2.2,6.0
2018-03-30,yemen,316.0,46.0,81.0,-342.5,5.0,3.0,7.0,139.0,68.0,-340.3,5.0
2018-03-31,drc,33.0,1.0,2.0,27.6,0.0,0.0,0.0,7.0,0.0,23.0,0.0
2018-03-31,europe_east,585.0,68.0,50.0,828.1,0.0,1.0,38.0,44.0,16.0,-40.9,4.0
2018-03-31,iran,894.0,175.0,146.0,29.1,9.0,6.0,49.0,156.0,78.0,-229.0,12.0
2018-03-31,israel,3999.0,857.0,915.0,-5991.7,12.0,22.0,225.0,1225.0,730.0,-4042.9,111.0
2018-03-31,korea,1441.0,113.0,171.0,2240.0,6.0,2.0,113.0,319.0,45.0,535.9,8.0
2018-03-31,libya,244.0,20.0,64.0,-148.1,2.0,1.0,13.0,0.0,0.0,0.0,0.0
2018-03-31,scs,1592.0,166.0,189.0,1726.9,3.0,10.0,68.0,76.0,4.0,288.1,1.0
2018-03-31,southasia,9240.0,1477.0,1481.0,-1440.2,23.0,67.0,518.0,50.0,10.0,85.5,1.0
2018-03-31,sudan,278.0,37.0,53.0,106.1,0.0,0.0,30.0,0.0,0.0,0.0,0.0
2018-03-31,taiwan,256.0,40.0,15.0,283.5,1.0,0.0,13.0,41.0,9.0,53.6,0.0
2018-03-31,ukraine,602.0,48.0,79.0,621.5,0.0,0.0,41.0,85.0,52.0,-201.0,24.0
2018-03-31,venezuela,207.0,40.0,40.0,-196.1,0.0,1.0,17.0,16.0,5.0,9.0,0.0
2018-03-31,yemen,297.0,30.0,118.0,-819.2,1.0,0.0,9.0,98.0,52.0,-329.7,1.0
2018-04-01,drc,24.0,0.0,2.0,41.3,0.0,0.0,0.0,13.0,1.0,13.0,0.0
2018-04-01,europe_east,493.0,45.0,37.0,732.4,0.0,2.0,16.0,47.0,21.0,-97.2,9.0
2018-04-01,iran,802.0,175.0,118.0,496.0,7.0,3.0,48.0,138.0,72.0,-157.4,7.0
2018-04-01,israel,4119.0,1035.0,883.0,-5693.8,23.0,10.0,235.0,933.0,531.0,-2499.6,78.0
2018-04-01,korea,1225.0,135.0,134.0,1515.8,5.0,7.0,45.0,269.0,70.0,334.1,10.0
2018-04-01,libya,193.0,24.0,59.0,-255.4,3.0,0.0,11.0,2.0,0.0,14.4,0.0
2018-04-01,scs,1862.0,163.0,290.0,1792.4,3.0,5.0,128.0,153.0,28.0,225.6,1.0
2018-04-01,southasia,7950.0,1292.0,1549.0,-4655.1,15.0,48.0,438.0,27.0,16.0,-83.7,0.0
2018-04-01,sudan,293.0,37.0,37.0,336.5,0.0,0.0,22.0,0.0,0.0,0.0,0.0
2018-04-01,taiwan,170.0,20.0,19.0,296.4,0.0,0.0,16.0,34.0,19.0,-52.5,6.0
2018-04-01,ukraine,346.0,21.0,34.0,508.7,0.0,0.0,18.0,71.0,27.0,-5.3,9.0
2018-04-01,venezuela,247.0,41.0,34.0,115.4,1.0,0.0,17.0,52.0,13.0,4.0,1.0
2018-04-01,yemen,199.0,23.0,68.0,-493.8,5.0,3.0,1.0,77.0,46.0,-350.8,2.0
2018-04-02,drc,13.0,0.0,0.0,86.2,0.0,0.0,0.0,8.0,0.0,18.8,0.0
2018-04-02,europe_east,712.0,78.0,99.0,607.4,1.0,0.0,69.0,57.0,23.0,-45.6,9.0
2018-04-02,iran,1181.0,214.0,224.0,-338.1,19.0,3.0,81.0,183.0,85.0,-266.4,9.0
2018-04-02,israel,5386.0,1197.0,997.0,-3892.9,25.0,20.0,288.0,1059.0,601.0,-2995.7,63.0
2018-04-02,korea,2040.0,180.0,199.0,3115.9,7.0,4.0,82.0,671.0,109.0,1255.5,19.0
2018-04-02,libya,322.0,37.0,93.0,-354.2,2.0,0.0,30.0,0.0,0.0,0.0,0.0
2018-04-02,scs,2719.0,274.0,313.0,3412.2,2.0,9.0,144.0,257.0,49.0,405.9,1.0
2018-04-02,southasia,12863.0,2568.0,2504.0,-10556.0,36.0,69.0,808.0,36.0,16.0,-25.6,1.0
2018-04-02,sudan,576.0,84.0,100.0,12.1,0.0,0.0,22.0,6.0,4.0,-25.0,0.0
2018-04-02,taiwan,271.0,28.0,25.0,298.9,0.0,0.0,16.0,16.0,3.0,4.0,1.0
2018-04-02,ukraine,785.0,95.0,79.0,1057.7,0.0,0.0,34.0,103.0,45.0,-80.2,7.0
2018-04-02,venezuela,257.0,27.0,29.0,351.2,0.0,0.0,16.0,34.0,7.0,23.5,0.0
2018-04-02,yemen,340.0,42.0,127.0,-782.4,1.0,0.0,14.0,129.0,99.0,-832.8,0.0
2018-04-03,drc,18.0,4.0,4.0,-11.6,0.0,0.0,0.0,8.0,0.0,14.5,0.0
2018-04-03,europe_east,1888.0,167.0,150.0,2880.4,1.0,14.0,82.0,326.0,49.0,302.5,3.0
2018-04-03,iran,1996.0,250.0,277.0,1380.4,19.0,16.0,130.0,259.0,90.0,-33.7,10.0
2018-04-03,israel,6212.0,1213.0,1183.0,-3500.6,13.0,24.0,423.0,1015.0,555.0,-2842.8,71.0
2018-04-03,korea,1883.0,177.0,197.0,2379.4,6.0,4.0,89.0,447.0,98.0,481.7,11.0
2018-04-03,libya,298.0,27.0,91.0,-148.5,2.0,0.0,46.0,0.0,0.0,0.0,0.0
2018-04-03,scs,3008.0,338.0,388.0,2959.1,3.0,10.0,138.0,193.0,41.0,211.4,4.0
2018-04-03,southasia,13270.0,2387.0,2656.0,-9329.8,29.0,64.0,867.0,73.0,23.0,-7.3,0.0
2018-04-03,sudan,628.0,90.0,85.0,411.2,2.0,3.0,37.0,6.0,6.0,-38.4,2.0
2018-04-03,taiwan,412.0,48.0,24.0,737.8,0.0,0.0,16.0,91.0,22.0,135.3,6.0
2018-04-03,ukraine,940.0,117.0,189.0,-44.3,1.0,4.0,113.0,255.0,69.0,73.0,18.0
2018-04-03,venezuela,338.0,52.0,44.0,192.9,0.0,0.0,30.0,35.0,17.0,-74.3,7.0
2018-04-03,yemen,684.0,77.0,129.0,66.9,6.0,1.0,20.0,312.0,126.0,-289.1,7.0
2018-04-04,drc,104.0,22.0,28.0,-133.8,1.0,0.0,16.0,4.0,0.0,5.4,0.0
2018-04-04,europe_east,2121.0,259.0,173.0,2786.3,3.0,15.0,62.0,208.0,37.0,117.9,13.0
2018-04-04,iran,2767.0,335.0,260.0,3342.2,17.0,3.0,99.0,493.0,170.0,-53.6,6.0
2018-04-04,israel,5383.0,954.0,958.0,-1192.7,29.0,9.0,376.0,1024.0,501.0,-1954.4,70.0
2018-04-04,korea,1684.0,218.0,186.0,1506.2,4.0,1.0,102.0,370.0,77.0,467.0,5.0
2018-04-04,libya,258.0,30.0,73.0,-142.8,1.0,0.0,33.0,9.0,0.0,36.6,0.0
2018-04-04,scs,3368.0,405.0,496.0,2624.7,10.0,8.0,225.0,85.0,11.0,172.2,5.0
2018-04-04,southasia,11570.0,2096.0,1634.0,1138.8,37.0,36.0,665.0,68.0,32.0,-74.2,5.0
2018-04-04,sudan,678.0,66.0,97.0,675.6,0.0,0.0,52.0,3.0,3.0,-22.0,0.0
2018-04-04,taiwan,384.0,47.0,46.0,415.9,0.0,0.0,33.0,83.0,33.0,22.1,6.0
2018-04-04,ukraine,991.0,114.0,123.0,927.1,1.0,4.0,64.0,208.0,66.0,108.9,19.0
2018-04-04,venezuela,479.0,72.0,88.0,171.3,3.0,2.0,46.0,71.0,16.0,79.7,5.0
2018-04-04,yemen,588.0,52.0,183.0,-678.4,1.0,0.0,22.0,214.0,98.0,-348.6,3.0
2018-04-05,drc,65.0,5.0,15.0,-32.7,0.0,0.0,1.0,16.0,4.0,13.2,0.0
2018-04-05,europe_east,1604.0,141.0,152.0,2165.4,1.0,22.0,65.0,187.0,38.0,86.8,17.0
2018-04-05,iran,2245.0,342.0,300.0,1504.4,11.0,9.0,148.0,473.0,194.0,-63.0,27.0
2018-04-05,israel,4660.0,820.0,842.0,-1211.7,18.0,10.0,242.0,970.0,482.0,-1889.3,55.0
2018-04-05,korea,1861.0,270.0,234.0,1491.7,13.0,3.0,129.0,309.0,78.0,286.5,8.0
2018-04-05,libya,321.0,23.0,35.0,539.1,2.0,0.0,17.0,2.0,0.0,14.0,0.0
2018-04-05,scs,3226.0,402.0,355.0,3698.1,3.0,7.0,208.0,66.0,17.0,61.8,1.0
2018-04-05,southasia,11483.0,1938.0,2043.0,-1276.3,14.0,35.0,1003.0,79.0,45.0,-102.6,28.0
2018-04-05,sudan,761.0,86.0,64.0,1532.7,0.0,9.0,32.0,8.0,2.0,5.0,1.0
2018-04-05,taiwan,280.0,29.0,21.0,448.3,0.0,0.0,15.0,45.0,22.0,-28.1,2.0
2018-04-05,ukraine,876.0,123.0,109.0,634.7,0.0,0.0,51.0,179.0,67.0,56.5,15.0
2018-04-05,venezuela,501.0,51.0,70.0,480.2,1.0,0.0,43.0,148.0,40.0,110.4,11.0
2018-04-05,yemen,411.0,51.0,112.0,-424.3,0.0,2.0,10.0,130.0,66.0,-369.6,2.0
2018-04-06,drc,105.0,8.0,13.0,188.8,0.0,0.0,3.0,38.0,6.0,64.4,0.0
2018-04-06,europe_east,1169.0,132.0,110.0,1498.0,2.0,7.0,51.0,105.0,26.0,75.8,5.0
2018-04-06,iran,1677.0,301.0,259.0,370.6,6.0,6.0,115.0,253.0,116.0,-124.6,19.0
2018-04-06,israel,4417.0,858.0,952.0,-4856.1,32.0,10.0,293.0,1085.0,640.0,-3491.1,85.0
2018-04-06,korea,2058.0,256.0,432.0,472.9,12.0,1.0,319.0,298.0,49.0,479.4,18.0
2018-04-06,libya,281.0,33.0,61.0,2.9,2.0,0.0,10.0,0.0,0.0,0.0,0.0
2018-04-06,scs,2997.0,367.0,443.0,2305.9,7.0,9.0,268.0,214.0,28.0,412.0,5.0
2018-04-06,southasia,11997.0,2055.0,1894.0,-349.2,20.0,43.0,831.0,110.0,87.0,-386.5,45.0
2018-04-06,sudan,639.0,89.0,107.0,539.6,0.0,5.0,64.0,7.0,4.0,-11.4,0.0
2018-04-06,taiwan,295.0,30.0,22.0,427.4,5.0,0.0,6.0,78.0,15.0,115.8,6.0
2018-04-06,ukraine,1075.0,107.0,114.0,1082.3,1.0,1.0,49.0,194.0,76.0,-79.0,20.0
2018-04-06,venezuela,487.0,47.0,96.0,290.3,0.0,0.0,75.0,100.0,34.0,-22.8,15.0
2018-04-06,yemen,276.0,50.0,62.0,-313.2,5.0,0.0,6.0,75.0,46.0,-348.3,2.0
2018-04-07,drc,13.0,0.0,1.0,27.4,0.0,0.0,0.0,2.0,0.0,10.0,0.0
2018-04-07,europe_east,504.0,39.0,57.0,699.8,0.0,2.0,27.0,51.0,23.0,-95.8,10.0
2018-04-07,iran,1188.0,206.0,137.0,1265.3,8.0,0.0,61.0,169.0,71.0,-4.8,12.0
2018-04-07,israel,3972.0,824.0,1007.0,-6907.2,31.0,16.0,209.0,1033.0,638.0,-3730.7,75.0
2018-04-07,korea,1086.0,141.0,161.0,1082.5,7.0,0.0,101.0,226.0,44.0,397.2,10.0
2018-04-07,libya,123.0,13.0,20.0,99.6,0.0,0.0,9.0,6.0,0.0,6.0,0.0
2018-04-07,scs,1521.0,169.0,162.0,1613.3,1.0,1.0,78.0,20.0,6.0,13.0,0.0
2018-04-07,southasia,10356.0,1795.0,1586.0,1965.4,22.0,21.0,756.0,47.0,21.0,-31.2,7.0
2018-04-07,sudan,386.0,53.0,45.0,475.8,0.0,5.0,13.0,8.0,5.0,-15.8,0.0
2018-04-07,taiwan,197.0,24.0,11.0,344.9,0.0,0.0,7.0,50.0,12.0,50.0,3.0
2018-04-07,ukraine,458.0,45.0,54.0,443.9,0.0,1.0,17.0,86.0,24.0,62.6,4.0
2018-04-07,venezuela,302.0,35.0,34.0,330.9,0.0,0.0,23.0,80.0,16.0,76.9,4.0
2018-04-07,yemen,294.0,43.0,114.0,-738.6,2.0,0.0,15.0,97.0,66.0,-486.2,4.0
2018-04-08,drc,27.0,1.0,16.0,-125.6,0.0,0.0,0.0,18.0,0.0,48.5,0.0
2018-04-08,europe_east,516.0,57.0,45.0,545.6,0.0,9.0,16.0,29.0,10.0,-20.2,1.0
2018-04-08,iran,1174.0,250.0,163.0,80.2,9.0,2.0,46.0,138.0,56.0,-70.9,2.0
2018-04-08,israel,3537.0,727.0,834.0,-5071.6,18.0,12.0,178.0,849.0,481.0,-2644.1,54.0
2018-04-08,korea,1063.0,123.0,118.0,1433.3,10.0,1.0,72.0,258.0,40.0,483.8,0.0
2018-04-08,libya,102.0,13.0,26.0,-127.3,0.0,0.0,8.0,0.0,0.0,0.0,0.0
2018-04-08,scs,1451.0,164.0,206.0,1161.1,1.0,6.0,78.0,47.0,5.0,85.0,0.0
2018-04-08,southasia,8778.0,1681.0,1265.0,-553.2,19.0,10.0,526.0,35.0,17.0,-31.8,8.0
2018-04-08,sudan,354.0,44.0,69.0,23.5,0.0,3.0,33.0,11.0,6.0,-23.3,0.0
2018-04-08,taiwan,142.0,17.0,18.0,175.3,0.0,0.0,16.0,64.0,18.0,103.4,3.0
2018-04-08,ukraine,330.0,49.0,42.0,210.9,0.0,1.0,14.0,45.0,19.0,-4.9,4.0
2018-04-08,venezuela,261.0,29.0,33.0,384.9,2.0,0.0,20.0,48.0,7.0,67.0,2.0
2018-04-08,yemen,268.0,33.0,83.0,-362.9,0.0,3.0,4.0,68.0,42.0,-220.8,3.0
2018-04-09,drc,43.0,8.0,6.0,-7.3,0.0,0.0,1.0,10.0,1.0,24.1,0.0
2018-04-09,europe_east,1201.0,125.0,135.0,1063.5,0.0,7.0,46.0,67.0,22.0,-16.3,4.0
2018-04-09,iran,2832.0,634.0,504.0,-1071.7,51.0,3.0,78.0,574.0,331.0,-1166.4,43.0
2018-04-09,israel,5738.0,1158.0,1587.0,-11504.8,74.0,18.0,213.0,2214.0,1419.0,-7148.7,145.0
2018-04-09,korea,2171.0,261.0,288.0,2350.4,9.0,0.0,208.0,578.0,76.0,1423.8,2.0
2018-04-09,libya,205.0,40.0,36.0,0.8,0.0,0.0,13.0,6.0,0.0,6.0,0.0
2018-04-09,scs,2518.0,278.0,256.0,2901.2,1.0,7.0,118.0,315.0,17.0,992.4,0.0
2018-04-09,southasia,11671.0,2086.0,1630.0,1154.0,53.0,57.0,587.0,43.0,19.0,-12.3,10.0
2018-04-09,sudan,588.0,55.0,87.0,563.5,2.0,4.0,27.0,3.0,3.0,-12.0,0.0
2018-04-09,taiwan,325.0,38.0,27.0,541.4,0.0,1.0,23.0,101.0,29.0,169.6,5.0
2018-04-09,ukraine,781.0,73.0,96.0,868.4,0.0,6.0,32.0,154.0,48.0,126.9,5.0
2018-04-09,venezuela,470.0,60.0,79.0,269.0,0.0,0.0,59.0,65.0,21.0,46.8,6.0
2018-04-09,yemen,294.0,43.0,98.0,-661.9,2.0,0.0,6.0,116.0,70.0,-461.7,2.0
2018-04-10,drc,53.0,5.0,12.0,-36.5,0.0,0.0,1.0,4.0,0.0,10.7,0.0
2018-04-10,europe_east,1375.0,141.0,176.0,1248.3,5.0,14.0,63.0,136.0,32.0,119.4,8.0
2018-04-10,iran,2485.0,539.0,484.0,-1422.4,45.0,5.0,103.0,658.0,358.0,-1112.0,35.0
2018-04-10,israel,5745.0,1177.0,1279.0,-7143.8,48.0,9.0,290.0,1914.0,1192.0,-5685.6,94.0
2018-04-10,korea,2414.0,164.0,219.0,4599.5,3.0,3.0,114.0,627.0,107.0,1154.2,16.0
2018-04-10,libya,311.0,41.0,85.0,-290.2,4.0,1.0,28.0,0.0,0.0,0.0,0.0
2018-04-10,scs,2823.0,349.0,438.0,1918.4,10.0,2.0,271.0,310.0,32.0,886.7,9.0
2018-04-10,southasia,11558.0,2080.0,1766.0,630.0,23.0,69.0,682.0,36.0,24.0,-86.2,8.0
2018-04-10,sudan,876.0,99.0,140.0,522.3,4.0,5.0,52.0,4.0,3.0,-19.6,0.0
2018-04-10,taiwan,426.0,63.0,34.0,522.8,3.0,0.0,15.0,157.0,39.0,273.6,4.0
2018-04-10,ukraine,1118.0,107.0,119.0,1211.3,1.0,1.0,50.0,198.0,62.0,112.5,12.0
2018-04-10,venezuela,369.0,60.0,57.0,100.4,0.0,0.0,45.0,82.0,9.0,162.3,3.0
2018-04-10,yemen,358.0,61.0,99.0,-454.3,4.0,2.0,13.0,136.0,73.0,-333.1,7.0
2018-04-11,drc,108.0,8.0,27.0,-27.3,0.0,0.0,2.0,6.0,1.0,15.5,0.0
2018-04-11,europe_east,1320.0,172.0,169.0,775.3,11.0,2.0,56.0,68.0,26.0,-75.2,10.0
2018-04-11,iran,2070.0,506.0,416.0,-2142.7,51.0,9.0,111.0,531.0,285.0,-927.9,27.0
2018-04-11,israel,5876.0,1088.0,1259.0,-6117.1,67.0,16.0,336.0,1587.0,888.0,-4057.4,91.0
2018-04-11,korea,2132.0,183.0,201.0,3453.2,12.0,0.0,112.0,487.0,68.0,865.2,5.0
2018-04-11,libya,293.0,41.0,66.0,-112.4,0.0,1.0,24.0,3.0,2.0,-1.6,1.0
2018-04-11,scs,2668.0,293.0,349.0,2662.1,5.0,1.0,179.0,394.0,48.0,1078.9,13.0
2018-04-11,southasia,11982.0,2150.0,1894.0,-872.8,24.0,36.0,621.0,35.0,18.0,-56.2,8.0
2018-04-11,sudan,678.0,78.0,121.0,204.7,6.0,1.0,47.0,0.0,0.0,0.0,0.0
2018-04-11,taiwan,496.0,48.0,37.0,718.3,0.0,0.0,23.0,104.0,22.0,127.9,13.0
2018-04-11,ukraine,1015.0,99.0,131.0,1016.3,1.0,1.0,51.0,128.0,65.0,-215.0,13.0
2018-04-11,venezuela,476.0,59.0,97.0,122.4,3.0,1.0,80.0,114.0,18.0,141.0,6.0
2018-04-11,yemen,622.0,87.0,194.0,-1028.3,6.0,3.0,23.0,270.0,163.0,-1053.1,10.0
2018-04-12,drc,86.0,7.0,16.0,-34.2,0.0,0.0,3.0,8.0,0.0,18.8,0.0
2018-04-12,europe_east,1587.0,192.0,174.0,1657.3,2.0,6.0,61.0,66.0,24.0,-27.7,3.0
2018-04-12,iran,2392.0,510.0,381.0,-920.6,51.0,11.0,114.0,618.0,296.0,-768.6,31.0
2018-04-12,israel,6121.0,1159.0,1124.0,-4050.5,76.0,25.0,325.0,1601.0,829.0,-3463.1,93.0
2018-04-12,korea,2067.0,233.0,174.0,2907.6,15.0,8.0,83.0,392.0,87.0,434.0,22.0
2018-04-12,libya,326.0,58.0,40.0,82.0,3.0,1.0,10.0,4.0,0.0,28.0,0.0
2018-04-12,scs,3432.0,375.0,394.0,4805.1,2.0,3.0,220.0,348.0,67.0,493.9,15.0
2018-04-12,southasia,13172.0,2613.0,1979.0,-2250.9,16.0,22.0,659.0,48.0,28.0,-164.0,10.0
2018-04-12,sudan,707.0,78.0,120.0,373.1,1.0,0.0,42.0,6.0,4.0,-30.6,0.0
2018-04-12,taiwan,356.0,41.0,34.0,441.7,0.0,0.0,22.0,73.0,32.0,-39.7,10.0
2018-04-12,ukraine,798.0,71.0,99.0,818.0,0.0,1.0,34.0,160.0,65.0,-1.1,10.0
2018-04-12,venezuela,442.0,73.0,88.0,-5.1,1.0,0.0,39.0,111.0,33.0,12.6,6.0
2018-04-12,yemen,443.0,55.0,153.0,-823.7,2.0,1.0,24.0,156.0,96.0,-622.8,8.0
2018-04-13,drc,106.0,11.0,12.0,122.2,0.0,0.0,2.0,19.0,3.0,40.5,0.0
2018-04-13,europe_east,1356.0,178.0,184.0,812.5,0.0,0.0,70.0,79.0,22.0,20.7,4.0
2018-04-13,iran,1813.0,379.0,341.0,-1397.5,45.0,8.0,102.0,515.0,270.0,-1004.8,31.0
2018-04-13,israel,4877.0,855.0,1144.0,-6290.5,43.0,28.0,265.0,1362.0,863.0,-5164.6,88.0
2018-04-13,korea,1441.0,174.0,129.0,1920.6,8.0,4.0,58.0,266.0,34.0,492.7,6.0
2018-04-13,libya,414.0,54.0,62.0,93.5,4.0,1.0,14.0,2.0,2.0,-20.0,0.0
2018-04-13,scs,2856.0,321.0,359.0,2599.9,8.0,1.0,160.0,282.0,34.0,583.3,10.0
2018-04-13,southasia,12894.0,2377.0,2297.0,-4683.5,19.0,26.0,769.0,47.0,27.0,-115.6,0.0
2018-04-13,sudan,620.0,63.0,79.0,641.2,0.0,2.0,19.0,7.0,3.0,-15.5,0.0
2018-04-13,taiwan,496.0,50.0,54.0,573.3,0.0,1.0,16.0,135.0,57.0,6.9,11.0
2018-04-13,ukraine,843.0,97.0,141.0,487.6,3.0,5.0,53.0,220.0,113.0,-332.1,25.0
2018-04-13,venezuela,469.0,50.0,74.0,103.4,2.0,0.0,23.0,120.0,29.0,43.2,0.0
2018-04-13,yemen,324.0,36.0,106.0,-580.4,3.0,0.0,15.0,94.0,35.0,-79.3,2.0
2018-04-14,drc,51.0,12.0,7.0,14.2,0.0,0.0,3.0,1.0,0.0,3.4,0.0
2018-04-14,europe_east,567.0,74.0,85.0,329.3,2.0,2.0,38.0,29.0,18.0,-119.2,0.0
2018-04-14,iran,2608.0,733.0,654.0,-5388.4,71.0,5.0,91.0,535.0,300.0,-1129.2,21.0
2018-04-14,israel,3080.0,620.0,722.0,-4295.4,40.0,13.0,134.0,1056.0,650.0,-3390.5,66.0
2018-04-14,korea,695.0,80.0,92.0,602.5,6.0,0.0,40.0,142.0,26.0,227.4,11.0
2018-04-14,libya,407.0,50.0,55.0,224.4,1.0,0.0,13.0,5.0,0.0,27.9,0.0
2018-04-14,scs,1663.0,196.0,225.0,1108.9,4.0,8.0,120.0,148.0,14.0,387.7,5.0
2018-04-14,southasia,9706.0,1781.0,1620.0,-2729.5,9.0,28.0,497.0,5.0,0.0,14.9,0.0
2018-04-14,sudan,305.0,47.0,34.0,308.7,1.0,0.0,9.0,2.0,0.0,2.0,0.0
2018-04-14,taiwan,259.0,37.0,18.0,333.1,0.0,0.0,7.0,72.0,22.0,40.9,3.0
2018-04-14,ukraine,451.0,53.0,77.0,262.0,4.0,1.0,20.0,121.0,54.0,-74.4,10.0
2018-04-14,venezuela,583.0,64.0,36.0,935.8,0.0,0.0,21.0,147.0,12.0,360.4,0.0
2018-04-14,yemen,190.0,18.0,102.0,-845.7,0.0,2.0,11.0,56.0,26.0,-77.6,4.0
2018-04-15,drc,26.0,3.0,4.0,35.2,0.0,0.0,2.0,1.0,0.0,3.4,0.0
2018-04-15,europe_east,398.0,54.0,49.0,400.2,4.0,1.0,17.0,20.0,14.0,-80.5,0.0
2018-04-15,iran,1845.0,472.0,306.0,-1250.8,37.0,5.0,58.0,372.0,192.0,-676.0,16.0
2018-04-15,israel,3094.0,545.0,573.0,-1436.2,24.0,3.0,176.0,866.0,469.0,-2106.3,69.0
2018-04-15,korea,878.0,70.0,57.0,1711.9,14.0,0.0,24.0,211.0,26.0,448.8,5.0
2018-04-15,libya,253.0,28.0,37.0,-12.8,2.0,1.0,3.0,0.0,0.0,0.0,0.0
2018-04-15,scs,1441.0,162.0,207.0,956.6,0.0,9.0,117.0,66.0,16.0,99.1,3.0
2018-04-15,southasia,8601.0,1701.0,1600.0,-5323.5,17.0,18.0,423.0,21.0,8.0,15.1,0.0
2018-04-15,sudan,401.0,42.0,48.0,477.6,2.0,0.0,22.0,2.0,0.0,7.0,0.0
2018-04-15,taiwan,181.0,19.0,26.0,122.4,0.0,0.0,13.0,22.0,12.0,-31.6,3.0
2018-04-15,ukraine,229.0,19.0,36.0,147.9,0.0,1.0,6.0,73.0,21.0,55.1,1.0
2018-04-15,venezuela,400.0,51.0,39.0,539.4,0.0,0.0,30.0,110.0,15.0,268.3,2.0
2018-04-15,yemen,193.0,37.0,56.0,-336.1,7.0,0.0,4.0,69.0,32.0,-120.0,0.0
2018-04-16,drc,66.0,4.0,4.0,164.9,0.0,0.0,0.0,19.0,2.0,61.7,2.0
2018-04-16,europe_east,1071.0,175.0,116.0,798.3,1.0,3.0,74.0,26.0,19.0,-128.8,13.0
2018-04-16,iran,2323.0,501.0,439.0,-1452.7,34.0,4.0,116.0,463.0,244.0,-1039.6,23.0
2018-04-16,israel,4177.0,747.0,835.0,-2533.1,46.0,22.0,258.0,1013.0,533.0,-2276.7,75.0
2018-04-16,korea,1682.0,154.0,157.0,2219.7,11.0,0.0,68.0,274.0,40.0,537.4,11.0
2018-04-16,libya,278.0,31.0,59.0,-78.9,0.0,0.0,10.0,0.0,0.0,0.0,0.0
2018-04-16,scs,2421.0,335.0,275.0,2658.5,6.0,4.0,164.0,57.0,5.0,180.1,2.0
2018-04-16,southasia,12231.0,2208.0,2013.0,-1696.5,15.0,27.0,641.0,71.0,38.0,-104.9,11.0
2018-04-16,sudan,636.0,48.0,66.0,969.2,0.0,1.0,16.0,9.0,3.0,-14.5,0.0
2018-04-16,taiwan,366.0,53.0,37.0,377.2,1.0,0.0,11.0,87.0,30.0,28.9,4.0
2018-04-16,ukraine,577.0,64.0,91.0,307.5,4.0,1.0,33.0,168.0,85.0,-242.1,9.0
2018-04-16,venezuela,397.0,49.0,57.0,297.6,1.0,2.0,36.0,48.0,11.0,56.3,0.0
2018-04-16,yemen,361.0,49.0,86.0,-273.5,0.0,3.0,14.0,109.0,58.0,-318.1,6.0
2018-04-17,drc,76.0,7.0,10.0,93.3,0.0,0.0,3.0,16.0,3.0,32.4,2.0
2018-04-17,europe_east,1505.0,195.0,132.0,2058.0,3.0,11.0,72.0,52.0,23.0,-97.7,11.0
2018-04-17,iran,2298.0,450.0,571.0,-3095.3,31.0,22.0,112.0,620.0,353.0,-1550.5,57.0
2018-04-17,israel,4621.0,736.0,1017.0,-3293.4,36.0,26.0,281.0,1324.0,748.0,-3717.1,126.0
2018-04-17,korea,2215.0,220.0,201.0,2964.6,11.0,2.0,75.0,628.0,92.0,1373.9,16.0
2018-04-17,libya,277.0,49.0,37.0,78.9,0.0,0.0,8.0,0.0,0.0,0.0,0.0
2018-04-17,scs,3002.0,433.0,441.0,2020.2,3.0,15.0,270.0,114.0,11.0,250.8,3.0
2018-04-17,southasia,11519.0,2043.0,1942.0,-2184.8,16.0,15.0,711.0,33.0,14.0,-5.1,7.0
2018-04-17,sudan,665.0,56.0,113.0,711.8,0.0,0.0,63.0,9.0,2.0,11.6,1.0
2018-04-17,taiwan,496.0,42.0,42.0,863.0,0.0,0.0,10.0,80.0,45.0,-151.4,12.0
2018-04-17,ukraine,680.0,105.0,94.0,547.2,1.0,0.0,43.0,119.0,56.0,-10.7,0.0
2018-04-17,venezuela,347.0,92.0,66.0,-182.7,1.0,0.0,43.0,60.0,22.0,-10.1,2.0
2018-04-17,yemen,434.0,46.0,129.0,-608.8,2.0,3.0,18.0,105.0,75.0,-363.9,2.0
2018-04-18,drc,46.0,9.0,0.0,94.6,0.0,0.0,0.0,7.0,3.0,-10.6,0.0
2018-04-18,europe_east,1424.0,151.0,177.0,1543.8,0.0,10.0,80.0,45.0,18.0,-12.2,13.0
2018-04-18,iran,2067.0,413.0,432.0,-1554.0,25.0,19.0,143.0,555.0,320.0,-1320.2,50.0
2018-04-18,israel,4897.0,779.0,910.0,-1738.2,38.0,23.0,244.0,1252.0,666.0,-2800.4,113.0
2018-04-18,korea,4300.0,316.0,257.0,8366.5,10.0,2.0,116.0,1962.0,208.0,4097.0,32.0
2018-04-18,libya,327.0,43.0,59.0,5.2,1.0,0.0,8.0,5.0,3.0,-6.6,1.0
2018-04-18,scs,2606.0,366.0,371.0,1656.8,10.0,13.0,193.0,139.0,30.0,330.4,6.0
2018-04-18,southasia,11850.0,1938.0,1784.0,1382.9,22.0,20.0,652.0,20.0,5.0,28.2,2.0
2018-04-18,sudan,589.0,92.0,95.0,381.5,2.0,2.0,32.0,1.0,1.0,-7.2,1.0
2018-04-18,taiwan,695.0,101.0,72.0,748.1,1.0,2.0,20.0,312.0,127.0,-20.5,31.0
2018-04-18,ukraine,990.0,87.0,121.0,1072.8,2.0,2.0,39.0,185.0,70.0,75.1,15.0
2018-04-18,venezuela,352.0,71.0,67.0,107.6,0.0,0.0,49.0,41.0,15.0,7.8,8.0
2018-04-18,yemen,531.0,82.0,151.0,-810.8,3.0,2.0,14.0,114.0,68.0,-360.8,8.0
2018-04-19,drc,29.0,6.0,12.0,-121.8,0.0,0.0,0.0,11.0,3.0,5.1,2.0
2018-04-19,europe_east,1535.0,127.0,143.0,2451.5,0.0,3.0,78.0,44.0,20.0,-68.0,7.0
2018-04-19,iran,1867.0,342.0,324.0,175.9,28.0,7.0,170.0,418.0,186.0,-625.0,36.0
2018-04-19,israel,4130.0,592.0,735.0,-431.2,20.0,18.0,225.0,819.0,471.0,-2245.6,93.0
2018-04-19,korea,3860.0,360.0,332.0,5623.4,8.0,5.0,176.0,1768.0,304.0,2508.3,58.0
2018-04-19,libya,328.0,38.0,48.0,223.9,4.0,1.0,10.0,0.0,0.0,0.0,0.0
2018-04-19,scs,3443.0,435.0,402.0,4043.0,12.0,1.0,217.0,171.0,36.0,276.5,2.0
2018-04-19,southasia,12489.0,2165.0,1851.0,969.8,21.0,27.0,716.0,42.0,13.0,1.0,1.0
2018-04-19,sudan,717.0,152.0,83.0,202.8,0.0,2.0,24.0,4.0,2.0,-1.4,1.0
2018-04-19,taiwan,749.0,102.0,81.0,634.5,4.0,1.0,27.0,277.0,98.0,-28.9,25.0
2018-04-19,ukraine,1071.0,113.0,116.0,1259.8,3.0,7.0,68.0,160.0,54.0,-29.2,11.0
2018-04-19,venezuela,394.0,58.0,60.0,262.9,0.0,0.0,41.0,61.0,9.0,45.4,0.0
2018-04-19,yemen,374.0,64.0,130.0,-951.4,2.0,2.0,9.0,104.0,70.0,-455.6,5.0
2018-04-20,drc,16.0,0.0,3.0,5.6,0.0,0.0,1.0,6.0,3.0,-16.3,0.0
2018-04-20,europe_east,1432.0,163.0,162.0,1555.9,2.0,5.0,84.0,45.0,22.0,-73.7,2.0
2018-04-20,iran,1761.0,337.0,256.0,432.0,17.0,8.0,95.0,475.0,202.0,-386.4,23.0
2018-04-20,israel,4234.0,788.0,872.0,-2767.3,30.0,6.0,312.0,955.0,546.0,-2700.0,80.0
2018-04-20,korea,2737.0,327.0,203.0,3992.2,19.0,11.0,94.0,938.0,175.0,1413.9,32.0
2018-04-20,libya,264.0,27.0,36.0,252.7,2.0,1.0,14.0,0.0,0.0,0.0,0.0
2018-04-20,scs,2636.0,372.0,362.0,1788.0,17.0,1.0,225.0,132.0,49.0,4.1,14.0
2018-04-20,southasia,10803.0,1873.0,1581.0,123.2,28.0,13.0,555.0,39.0,5.0,68.9,4.0
2018-04-20,sudan,546.0,77.0,111.0,-77.6,0.0,4.0,32.0,6.0,2.0,-17.8,0.0
2018-04-20,taiwan,453.0,55.0,39.0,547.8,1.0,1.0,13.0,112.0,40.0,-40.1,16.0
2018-04-20,ukraine,887.0,87.0,108.0,961.6,2.0,3.0,44.0,101.0,31.0,58.7,1.0
2018-04-20,venezuela,328.0,57.0,50.0,127.7,0.0,0.0,36.0,54.0,19.0,31.2,3.0
2018-04-20,yemen,322.0,39.0,134.0,-884.2,1.0,0.0,23.0,84.0,51.0,-257.4,7.0
2018-04-21,drc,11.0,0.0,0.0,48.3,0.0,0.0,0.0,0.0,0.0,0.0,0.0
2018-04-21,europe_east,742.0,76.0,74.0,662.7,2.0,5.0,25.0,30.0,2.0,75.5,2.0
2018-04-21,iran,1295.0,265.0,177.0,545.5,15.0,2.0,71.0,309.0,157.0,-353.8,37.0
2018-04-21,israel,3515.0,739.0,878.0,-5543.4,17.0,11.0,164.0,841.0,554.0,-2751.5,71.0
2018-04-21,korea,3094.0,290.0,189.0,5724.7,22.0,0.0,102.0,1161.0,172.0,2290.4,23.0
2018-04-21,libya,156.0,11.0,33.0,46.8,0.0,0.0,8.0,1.0,0.0,7.4,0.0
2018-04-21,scs,1695.0,194.0,229.0,999.8,2.0,0.0,124.0,90.0,6.0,176.4,3.0
2018-04-21,southasia,9282.0,1609.0,1680.0,-2687.0,26.0,9.0,668.0,24.0,11.0,-64.8,4.0
2018-04-21,sudan,380.0,27.0,69.0,215.2,0.0,5.0,18.0,3.0,0.0,-1.2,0.0
2018-04-21,taiwan,239.0,26.0,31.0,175.7,0.0,0.0,14.0,59.0,20.0,8.4,7.0
2018-04-21,ukraine,405.0,18.0,81.0,129.2,0.0,2.0,24.0,128.0,41.0,-12.3,12.0
2018-04-21,venezuela,264.0,46.0,36.0,57.3,0.0,0.0,25.0,21.0,8.0,-32.7,0.0
2018-04-21,yemen,445.0,68.0,178.0,-1255.8,3.0,1.0,13.0,43.0,26.0,-132.0,5.0
2018-04-22,drc,13.0,6.0,3.0,-42.0,0.0,0.0,0.0,0.0,0.0,0.0,0.0
2018-04-22,europe_east,675.0,84.0,65.0,568.5,0.0,2.0,25.0,11.0,4.0,9.5,1.0
2018-04-22,iran,1754.0,305.0,261.0,872.8,10.0,5.0,123.0,500.0,197.0,-96.8,32.0
2018-04-22,israel,3675.0,766.0,891.0,-5611.5,17.0,5.0,183.0,950.0,585.0,-2716.4,86.0
2018-04-22,korea,2315.0,249.0,175.0,3798.1,7.0,17.0,74.0,762.0,135.0,1380.2,23.0
2018-04-22,libya,298.0,34.0,62.0,15.4,0.0,0.0,16.0,1.0,0.0,7.4,0.0
2018-04-22,scs,1672.0,197.0,234.0,1064.7,2.0,10.0,99.0,69.0,8.0,138.9,4.0
2018-04-22,southasia,8251.0,1430.0,1493.0,-2657.9,18.0,12.0,540.0,47.0,10.0,16.9,1.0
2018-04-22,sudan,353.0,42.0,84.0,-264.8,1.0,1.0,15.0,9.0,8.0,-52.0,0.0
2018-04-22,taiwan,210.0,10.0,28.0,240.5,0.0,0.0,13.0,56.0,9.0,74.4,8.0
2018-04-22,ukraine,318.0,40.0,32.0,408.9,0.0,0.0,9.0,72.0,12.0,132.5,3.0
2018-04-22,venezuela,260.0,43.0,22.0,294.5,1.0,0.0,14.0,26.0,10.0,-16.6,0.0
2018-04-22,yemen,330.0,34.0,106.0,-667.3,3.0,0.0,9.0,41.0,23.0,-117.5,0.0
2018-04-23,drc,31.0,9.0,8.0,-42.1,0.0,0.0,1.0,1.0,0.0,5.0,0.0
2018-04-23,europe_east,1303.0,135.0,102.0,1830.4,1.0,4.0,42.0,62.0,10.0,71.4,3.0
2018-04-23,iran,2774.0,381.0,367.0,2546.7,7.0,2.0,156.0,698.0,199.0,465.3,32.0
2018-04-23,israel,4380.0,778.0,966.0,-4375.8,26.0,6.0,234.0,992.0,576.0,-2811.8,72.0
2018-04-23,korea,3424.0,397.0,257.0,4771.7,13.0,8.0,121.0,972.0,156.0,1622.0,23.0
2018-04-23,libya,296.0,18.0,91.0,-230.8,0.0,0.0,15.0,4.0,0.0,14.0,0.0
2018-04-23,scs,2376.0,275.0,321.0,1811.1,0.0,2.0,143.0,74.0,5.0,191.5,3.0
2018-04-23,southasia,10736.0,1870.0,1707.0,119.8,8.0,21.0,607.0,34.0,3.0,114.3,0.0
2018-04-23,sudan,566.0,49.0,118.0,82.6,0.0,7.0,34.0,1.0,0.0,1.0,0.0
2018-04-23,taiwan,372.0,27.0,53.0,332.2,0.0,9.0,22.0,55.0,16.0,-9.9,3.0
2018-04-23,ukraine,973.0,114.0,108.0,938.3,4.0,1.0,35.0,185.0,71.0,-176.5,23.0
2018-04-23,venezuela,471.0,54.0,77.0,355.3,1.0,0.0,50.0,33.0,11.0,-35.8,0.0
2018-04-23,yemen,695.0,104.0,292.0,-2455.3,4.0,1.0,16.0,240.0,146.0,-850.7,7.0
2018-04-24,drc,34.0,9.0,9.0,-80.0,0.0,0.0,0.0,8.0,6.0,-46.8,0.0
2018-04-24,europe_east,1481.0,175.0,84.0,2924.1,1.0,4.0,39.0,35.0,8.0,47.8,3.0
2018-04-24,iran,4006.0,725.0,382.0,4266.6,25.0,4.0,170.0,1158.0,306.0,1441.5,29.0
2018-04-24,israel,4722.0,868.0,946.0,-3376.8,38.0,2.0,285.0,1086.0,593.0,-2690.1,83.0
2018-04-24,korea,3610.0,375.0,352.0,4399.2,15.0,8.0,128.0,1115.0,198.0,1560.7,20.0
2018-04-24,libya,346.0,39.0,79.0,145.4,0.0,1.0,43.0,9.0,2.0,15.4,0.0
2018-04-24,scs,2906.0,362.0,363.0,2182.6,3.0,13.0,159.0,50.0,24.0,-82.5,16.0
2018-04-24,southasia,12411.0,1797.0,2178.0,-544.7,12.0,35.0,632.0,59.0,7.0,84.8,2.0
2018-04-24,sudan,635.0,100.0,115.0,68.8,1.0,9.0,37.0,7.0,3.0,-1.3,0.0
2018-04-24,taiwan,616.0,64.0,71.0,739.2,1.0,4.0,34.0,140.0,47.0,-23.2,12.0
2018-04-24,ukraine,1166.0,108.0,147.0,1059.8,1.0,3.0,69.0,224.0,79.0,26.1,28.0
2018-04-24,venezuela,375.0,66.0,63.0,186.7,1.0,0.0,47.0,38.0,12.0,57.7,2.0
2018-04-24,yemen,797.0,134.0,273.0,-1958.0,4.0,2.0,37.0,287.0,188.0,-1216.6,16.0
2018-04-25,drc,35.0,10.0,4.0,-32.8,0.0,0.0,1.0,18.0,5.0,42.7,0.0
2018-04-25,europe_east,1671.0,151.0,132.0,2979.4,1.0,16.0,69.0,53.0,11.0,88.0,3.0
2018-04-25,iran,4187.0,639.0,503.0,5199.2,20.0,11.0,255.0,1008.0,342.0,394.3,30.0
2018-04-25,israel,5604.0,870.0,1139.0,-3117.0,40.0,12.0,420.0,1199.0,622.0,-2980.3,97.0
2018-04-25,korea,3197.0,319.0,289.0,4469.3,14.0,10.0,128.0,790.0,155.0,1413.7,8.0
2018-04-25,libya,382.0,47.0,59.0,264.5,2.0,3.0,24.0,23.0,0.0,76.1,0.0
2018-04-25,scs,3037.0,505.0,434.0,1548.2,3.0,7.0,295.0,54.0,14.0,111.6,6.0
2018-04-25,southasia,11411.0,1689.0,2304.0,-1756.1,13.0,92.0,922.0,61.0,30.0,-74.0,12.0
2018-04-25,sudan,590.0,101.0,56.0,404.7,3.0,5.0,18.0,0.0,0.0,0.0,0.0
2018-04-25,taiwan,415.0,58.0,54.0,487.3,0.0,0.0,17.0,74.0,41.0,-108.7,7.0
2018-04-25,ukraine,831.0,91.0,92.0,710.8,2.0,1.0,31.0,143.0,67.0,-119.5,7.0
2018-04-25,venezuela,540.0,94.0,87.0,166.3,0.0,0.0,70.0,44.0,25.0,-103.0,5.0
2018-04-25,yemen,470.0,75.0,140.0,-634.9,4.0,0.0,41.0,175.0,112.0,-683.5,21.0
2018-04-26,drc,60.0,11.0,5.0,77.8,0.0,1.0,3.0,1.0,0.0,3.4,0.0
2018-04-26,europe_east,1737.0,220.0,164.0,1812.7,1.0,4.0,85.0,30.0,8.0,22.7,1.0
2018-04-26,iran,3543.0,558.0,434.0,4017.2,32.0,0.0,255.0,936.0,355.0,265.1,72.0
2018-04-26,israel,5356.0,908.0,1119.0,-3987.0,54.0,20.0,319.0,1185.0,610.0,-2551.6,120.0
2018-04-26,korea,4558.0,453.0,426.0,6655.6,22.0,6.0,198.0,1464.0,255.0,2679.6,75.0
2018-04-26,libya,369.0,20.0,45.0,511.6,4.0,0.0,13.0,13.0,1.0,38.9,1.0
2018-04-26,scs,3107.0,473.0,428.0,2195.8,11.0,3.0,273.0,51.0,16.0,8.9,2.0
2018-04-26,southasia,10418.0,1738.0,1558.0,1118.2,4.0,17.0,608.0,15.0,8.0,-48.6,0.0
2018-04-26,sudan,577.0,68.0,108.0,-121.0,5.0,0.0,23.0,7.0,1.0,14.0,0.0
2018-04-26,taiwan,541.0,88.0,109.0,-176.6,1.0,5.0,53.0,155.0,89.0,-260.2,30.0
2018-04-26,ukraine,920.0,104.0,116.0,716.9,0.0,1.0,45.0,173.0,61.0,74.8,17.0
2018-04-26,venezuela,367.0,59.0,88.0,-70.5,1.0,0.0,66.0,31.0,18.0,-61.7,6.0
2018-04-26,yemen,287.0,39.0,68.0,-125.0,1.0,1.0,24.0,91.0,45.0,-171.4,12.0
2018-04-27,drc,52.0,9.0,11.0,8.8,0.0,0.0,4.0,5.0,0.0,14.5,0.0
2018-04-27,europe_east,1842.0,224.0,151.0,2200.7,5.0,3.0,47.0,70.0,16.0,37.7,3.0
2018-04-27,iran,2797.0,421.0,293.0,3328.6,37.0,5.0,143.0,660.0,208.0,543.4,25.0
2018-04-27,israel,4899.0,815.0,1100.0,-4725.0,26.0,7.0,306.0,1007.0,570.0,-2735.2,77.0
2018-04-27,korea,6914.0,684.0,656.0,9702.5,32.0,2.0,228.0,2569.0,524.0,3402.7,64.0
2018-04-27,libya,425.0,42.0,52.0,423.8,5.0,0.0,10.0,14.0,0.0,45.8,0.0
2018-04-27,scs,2698.0,320.0,319.0,3077.4,4.0,20.0,178.0,96.0,29.0,36.8,5.0
2018-04-27,southasia,10206.0,1604.0,1680.0,592.7,16.0,18.0,718.0,31.0,28.0,-169.9,21.0
2018-04-27,sudan,431.0,58.0,98.0,-419.8,1.0,2.0,27.0,0.0,0.0,0.0,0.0
2018-04-27,taiwan,448.0,70.0,58.0,213.4,2.0,1.0,29.0,145.0,45.0,143.6,8.0
2018-04-27,ukraine,996.0,101.0,106.0,1059.6,1.0,2.0,42.0,173.0,76.0,-65.8,16.0
2018-04-27,venezuela,371.0,79.0,70.0,-146.2,0.0,0.0,25.0,67.0,46.0,-268.4,1.0
2018-04-27,yemen,252.0,32.0,94.0,-592.4,1.0,0.0,20.0,76.0,42.0,-245.7,0.0
2018-04-28,drc,27.0,6.0,13.0,-94.6,0.0,0.0,6.0,17.0,10.0,-80.9,0.0
2018-04-28,europe_east,799.0,117.0,104.0,253.7,0.0,2.0,28.0,31.0,17.0,-47.1,7.0
2018-04-28,iran,2185.0,320.0,273.0,2111.1,16.0,4.0,149.0,467.0,184.0,10.1,24.0
2018-04-28,israel,2942.0,541.0,660.0,-2979.6,14.0,5.0,225.0,707.0,414.0,-2096.7,64.0
2018-04-28,korea,3704.0,349.0,316.0,5678.7,11.0,4.0,145.0,1245.0,214.0,2101.1,33.0
2018-04-28,libya,212.0,10.0,40.0,193.0,0.0,0.0,12.0,0.0,0.0,0.0,0.0
2018-04-28,scs,1752.0,186.0,223.0,1669.1,5.0,7.0,118.0,69.0,8.0,194.2,0.0
2018-04-28,southasia,7973.0,1304.0,1333.0,-641.7,22.0,14.0,525.0,30.0,10.0,12.3,10.0
2018-04-28,sudan,350.0,46.0,57.0,251.2,1.0,2.0,24.0,0.0,0.0,0.0,0.0
2018-04-28,taiwan,299.0,29.0,30.0,456.8,0.0,1.0,18.0,95.0,17.0,283.7,0.0
2018-04-28,ukraine,407.0,30.0,52.0,334.1,0.0,0.0,14.0,70.0,22.0,66.4,2.0
2018-04-28,venezuela,142.0,20.0,23.0,94.1,0.0,0.0,17.0,12.0,6.0,-45.0,4.0
2018-04-28,yemen,561.0,64.0,307.0,-2742.1,3.0,1.0,31.0,313.0,211.0,-1557.0,22.0
2018-04-29,drc,14.0,3.0,4.0,-16.6,0.0,0.0,3.0,8.0,3.0,-17.2,0.0
2018-04-29,europe_east,591.0,62.0,67.0,479.9,0.0,1.0,23.0,20.0,9.0,-39.4,1.0
2018-04-29,iran,2843.0,428.0,290.0,3680.8,14.0,8.0,169.0,847.0,198.0,1290.7,20.0
2018-04-29,israel,4207.0,543.0,763.0,68.2,18.0,3.0,272.0,1136.0,436.0,-554.4,72.0
2018-04-29,korea,3803.0,300.0,304.0,6396.1,31.0,5.0,150.0,1362.0,191.0,2461.9,31.0
2018-04-29,libya,213.0,18.0,26.0,212.8,0.0,0.0,9.0,7.0,3.0,-5.4,0.0
2018-04-29,scs,1939.0,264.0,267.0,1263.2,4.0,4.0,136.0,47.0,12.0,57.7,2.0
2018-04-29,southasia,7064.0,1117.0,1092.0,147.1,19.0,18.0,364.0,41.0,23.0,-39.5,1.0
2018-04-29,sudan,413.0,79.0,82.0,-193.8,2.0,1.0,24.0,4.0,4.0,-40.0,0.0
2018-04-29,taiwan,214.0,42.0,38.0,-36.7,2.0,1.0,8.0,51.0,0.0,238.2,0.0
2018-04-29,ukraine,237.0,41.0,60.0,-190.3,1.0,1.0,19.0,65.0,33.0,-67.9,4.0
2018-04-29,venezuela,99.0,15.0,15.0,-11.9,0.0,0.0,5.0,7.0,1.0,9.7,0.0
2018-04-29,yemen,445.0,50.0,149.0,-879.3,5.0,3.0,20.0,168.0,114.0,-892.2,19.0
2018-04-30,drc,40.0,10.0,5.0,28.3,0.0,0.0,3.0,6.0,4.0,2.4,0.0
2018-04-30,europe_east,1334.0,132.0,200.0,672.7,3.0,2.0,41.0,58.0,20.0,31.1,4.0
2018-04-30,iran,5055.0,832.0,716.0,2570.7,35.0,16.0,198.0,1812.0,669.0,25.4,40.0
2018-04-30,israel,6631.0,1029.0,987.0,1190.0,40.0,7.0,321.0,2398.0,1029.0,-1644.4,98.0
2018-04-30,korea,4755.0,418.0,375.0,7595.6,26.0,10.0,173.0,1449.0,234.0,2000.6,38.0
2018-04-30,libya,286.0,38.0,41.0,49.3,3.0,0.0,8.0,1.0,1.0,-10.0,0.0
2018-04-30,scs,3026.0,341.0,466.0,1830.6,3.0,9.0,205.0,128.0,27.0,215.5,3.0
2018-04-30,southasia,9881.0,1553.0,1553.0,1527.5,16.0,54.0,521.0,48.0,16.0,97.8,0.0
2018-04-30,sudan,835.0,91.0,119.0,688.9,9.0,0.0,39.0,4.0,1.0,10.0,0.0
2018-04-30,taiwan,375.0,29.0,39.0,515.0,0.0,1.0,11.0,62.0,13.0,85.3,1.0
2018-04-30,ukraine,613.0,95.0,85.0,114.4,2.0,1.0,28.0,155.0,81.0,-191.7,8.0
2018-04-30,venezuela,221.0,32.0,34.0,110.4,0.0,0.0,23.0,30.0,15.0,-79.9,5.0
2018-04-30,yemen,354.0,29.0,107.0,-488.8,2.0,2.0,21.0,165.0,116.0,-757.5,20.0
2018-05-01,drc,28.0,5.0,3.0,8.3,0.0,0.0,2.0,11.0,2.0,17.1,0.0
2018-05-01,europe_east,1003.0,115.0,152.0,598.6,2.0,1.0,54.0,31.0,17.0,-63.5,3.0
2018-05-01,iran,6466.0,979.0,614.0,10247.2,47.0,10.0,251.0,2145.0,837.0,-401.4,71.0
2018-05-01,israel,6674.0,1035.0,1043.0,1104.4,55.0,25.0,336.0,2194.0,1029.0,-2939.0,127.0
2018-05-01,korea,4071.0,369.0,324.0,6445.1,16.0,11.0,121.0,1104.0,202.0,1703.7,36.0
2018-05-01,libya,236.0,36.0,27.0,245.8,3.0,0.0,8.0,4.0,0.0,28.0,0.0
2018-05-01,scs,2584.0,378.0,411.0,174.5,9.0,16.0,177.0,66.0,14.0,132.5,2.0
2018-05-01,southasia,9359.0,1638.0,1302.0,1013.5,19.0,21.0,433.0,38.0,10.0,0.4,3.0
2018-05-01,sudan,501.0,54.0,70.0,464.8,1.0,0.0,31.0,4.0,2.0,-18.6,0.0
2018-05-01,taiwan,678.0,131.0,62.0,970.4,0.0,1.0,50.0,317.0,117.0,387.1,7.0
2018-05-01,ukraine,529.0,67.0,82.0,249.2,1.0,2.0,27.0,124.0,45.0,-4.9,2.0
2018-05-01,venezuela,282.0,29.0,67.0,-90.6,0.0,0.0,44.0,36.0,22.0,-100.5,7.0
2018-05-01,yemen,285.0,40.0,73.0,-349.7,2.0,0.0,6.0,95.0,63.0,-431.2,7.0
2018-05-02,drc,81.0,18.0,16.0,-56.8,0.0,0.0,5.0,15.0,8.0,-44.0,4.0
2018-05-02,europe_east,1374.0,163.0,133.0,2188.4,3.0,12.0,35.0,26.0,9.0,-31.8,0.0
2018-05-02,iran,4476.0,801.0,543.0,3842.2,42.0,4.0,258.0,1301.0,490.0,-266.3,43.0
2018-05-02,israel,5295.0,965.0,672.0,1690.7,18.0,20.0,228.0,1411.0,606.0,-1345.2,70.0
2018-05-02,korea,3408.0,318.0,295.0,5340.5,14.0,6.0,125.0,957.0,168.0,1542.9,38.0
2018-05-02,libya,415.0,68.0,156.0,-1336.3,6.0,1.0,8.0,4.0,3.0,-16.0,0.0
2018-05-02,scs,2807.0,367.0,348.0,2141.1,6.0,5.0,144.0,50.0,13.0,66.6,1.0
2018-05-02,southasia,10222.0,1641.0,1596.0,822.6,14.0,28.0,626.0,37.0,8.0,34.1,3.0
2018-05-02,sudan,580.0,35.0,94.0,937.2,1.0,1.0,32.0,3.0,3.0,-22.0,0.0
2018-05-02,taiwan,526.0,88.0,42.0,830.8,1.0,1.0,33.0,185.0,79.0,23.0,1.0
2018-05-02,ukraine,856.0,103.0,104.0,809.1,4.0,0.0,50.0,242.0,85.0,108.4,4.0
2018-05-02,venezuela,262.0,60.0,39.0,37.3,0.0,0.0,32.0,32.0,13.0,26.8,0.0
2018-05-02,yemen,284.0,26.0,59.0,-37.1,0.0,0.0,14.0,71.0,43.0,-242.1,5.0
2018-05-03,drc,55.0,11.0,16.0,-112.7,2.0,0.0,5.0,23.0,4.0,26.7,3.0
2018-05-03,europe_east,1258.0,139.0,167.0,871.0,4.0,2.0,57.0,46.0,25.0,-112.1,5.0
2018-05-03,iran,3538.0,604.0,490.0,3233.4,22.0,11.0,267.0,942.0,342.0,158.1,45.0
2018-05-03,israel,4627.0,829.0,825.0,-1418.5,25.0,9.0,326.0,976.0,454.0,-1507.6,78.0
2018-05-03,korea,4144.0,306.0,428.0,7402.5,15.0,1.0,282.0,1585.0,316.0,2823.7,161.0
2018-05-03,libya,426.0,58.0,141.0,-934.9,2.0,0.0,21.0,5.0,3.0,-22.3,0.0
2018-05-03,scs,3111.0,408.0,391.0,2032.4,15.0,10.0,137.0,86.0,10.0,291.9,0.0
2018-05-03,southasia,11031.0,1875.0,1672.0,457.8,15.0,28.0,566.0,47.0,7.0,41.2,0.0
2018-05-03,sudan,665.0,47.0,79.0,772.8,0.0,4.0,27.0,2.0,2.0,-15.0,0.0
2018-05-03,taiwan,381.0,69.0,50.0,260.2,0.0,1.0,30.0,86.0,36.0,9.6,4.0
2018-05-03,ukraine,966.0,121.0,129.0,669.4,0.0,0.0,82.0,132.0,71.0,-166.4,18.0
2018-05-03,venezuela,267.0,38.0,42.0,173.9,0.0,0.0,29.0,13.0,7.0,-28.8,4.0
2018-05-03,yemen,507.0,66.0,135.0,-485.3,7.0,16.0,29.0,132.0,91.0,-572.7,26.0
2018-05-04,drc,41.0,2.0,5.0,74.6,0.0,0.0,2.0,12.0,8.0,-48.3,1.0
2018-05-04,europe_east,1332.0,173.0,219.0,521.8,2.0,0.0,90.0,51.0,19.0,-56.8,2.0
2018-05-04,iran,2665.0,459.0,395.0,1591.5,13.0,3.0,177.0,754.0,332.0,-662.3,38.0
2018-05-04,israel,4398.0,749.0,822.0,-1690.1,33.0,12.0,242.0,958.0,495.0,-2239.7,72.0
2018-05-04,korea,4006.0,388.0,368.0,6695.4,21.0,3.0,208.0,1231.0,227.0,2538.2,87.0
2018-05-04,libya,443.0,45.0,102.0,-127.9,4.0,3.0,26.0,2.0,0.0,4.7,0.0
2018-05-04,scs,2377.0,322.0,325.0,1515.9,5.0,3.0,136.0,121.0,50.0,-55.7,10.0
2018-05-04,southasia,10578.0,1857.0,1504.0,1977.2,29.0,18.0,574.0,55.0,30.0,-126.1,5.0
2018-05-04,sudan,776.0,86.0,119.0,386.0,0.0,2.0,47.0,2.0,1.0,-1.0,0.0
2018-05-04,taiwan,478.0,79.0,51.0,278.6,3.0,0.0,30.0,70.0,29.0,-25.1,2.0
2018-05-04,ukraine,1117.0,128.0,124.0,1346.1,4.0,2.0,67.0,236.0,74.0,153.0,33.0
2018-05-04,venezuela,353.0,66.0,27.0,357.6,2.0,0.0,12.0,21.0,8.0,25.1,2.0
2018-05-04,yemen,509.0,38.0,134.0,-294.6,10.0,14.0,31.0,115.0,81.0,-585.1,19.0
2018-05-05,drc,13.0,0.0,0.0,42.3,0.0,0.0,0.0,2.0,0.0,4.7,0.0
2018-05-05,europe_east,686.0,75.0,94.0,304.5,0.0,0.0,31.0,17.0,12.0,-74.3,4.0
2018-05-05,iran,2245.0,346.0,247.0,2864.7,10.0,2.0,133.0,638.0,172.0,706.2,18.0
2018-05-05,israel,3068.0,558.0,571.0,-1304.7,13.0,13.0,154.0,722.0,346.0,-1090.2,44.0
2018-05-05,korea,2251.0,165.0,178.0,4477.4,9.0,2.0,106.0,904.0,135.0,2218.0,49.0
2018-05-05,libya,177.0,23.0,33.0,7.0,2.0,0.0,11.0,1.0,1.0,-9.0,0.0
2018-05-05,scs,1658.0,223.0,226.0,937.6,3.0,4.0,101.0,74.0,24.0,1.4,3.0
2018-05-05,southasia,8903.0,1606.0,1582.0,-3727.5,27.0,11.0,502.0,71.0,20.0,-27.7,2.0
2018-05-05,sudan,290.0,43.0,48.0,143.2,0.0,0.0,8.0,2.0,2.0,-20.0,0.0
2018-05-05,taiwan,213.0,20.0,15.0,294.3,0.0,0.0,8.0,13.0,6.0,-3.2,1.0
2018-05-05,ukraine,507.0,76.0,96.0,-59.3,0.0,0.0,62.0,84.0,37.0,-15.2,18.0
2018-05-05,venezuela,197.0,50.0,18.0,148.5,0.0,0.0,12.0,14.0,4.0,-28.4,0.0
2018-05-05,yemen,483.0,62.0,119.0,-402.4,10.0,28.0,38.0,143.0,71.0,-361.6,25.0
2018-05-06,drc,11.0,3.0,0.0,5.3,2.0,0.0,0.0,0.0,0.0,0.0,0.0
2018-05-06,europe_east,684.0,67.0,95.0,485.9,0.0,5.0,42.0,18.0,4.0,-8.8,0.0
2018-05-06,iran,3431.0,579.0,309.0,5528.3,40.0,10.0,154.0,1097.0,368.0,1003.7,39.0
2018-05-06,israel,3904.0,663.0,791.0,-2991.3,26.0,27.0,171.0,1024.0,501.0,-1805.7,65.0
2018-05-06,korea,1629.0,199.0,117.0,2771.9,9.0,7.0,57.0,606.0,88.0,1405.7,22.0
2018-05-06,libya,205.0,21.0,35.0,93.8,0.0,0.0,7.0,0.0,0.0,0.0,0.0
2018-05-06,scs,1638.0,224.0,252.0,565.6,0.0,5.0,88.0,98.0,44.0,-113.2,3.0
2018-05-06,southasia,8134.0,1402.0,1498.0,-3508.4,27.0,11.0,344.0,78.0,18.0,-8.3,4.0
2018-05-06,sudan,315.0,46.0,51.0,86.6,2.0,0.0,21.0,2.0,0.0,20.0,0.0
2018-05-06,taiwan,178.0,31.0,6.0,226.1,1.0,0.0,3.0,39.0,18.0,-2.4,0.0
2018-05-06,ukraine,270.0,33.0,68.0,-234.0,0.0,0.0,33.0,53.0,35.0,-158.0,11.0
2018-05-06,venezuela,99.0,7.0,6.0,173.3,0.0,0.0,3.0,7.0,3.0,-14.5,1.0
2018-05-06,yemen,425.0,68.0,122.0,-627.2,0.0,19.0,19.0,135.0,76.0,-396.0,5.0
2018-05-07,drc,70.0,2.0,26.0,-110.9,1.0,0.0,11.0,11.0,6.0,-28.6,2.0
2018-05-07,europe_east,1251.0,119.0,132.0,1411.9,2.0,4.0,54.0,20.0,16.0,-99.4,3.0
2018-05-07,iran,5008.0,916.0,509.0,6245.0,67.0,13.0,242.0,1636.0,585.0,595.3,76.0
2018-05-07,israel,5592.0,982.0,999.0,-2098.6,60.0,9.0,287.0,1625.0,849.0,-3879.8,134.0
2018-05-07,korea,2034.0,236.0,162.0,3221.8,9.0,4.0,78.0,586.0,130.0,945.9,29.0
2018-05-07,libya,365.0,62.0,61.0,98.6,19.0,0.0,25.0,5.0,2.0,12.6,0.0
2018-05-07,scs,2407.0,341.0,340.0,934.4,7.0,8.0,123.0,139.0,50.0,-59.7,18.0
2018-05-07,southasia,11214.0,2016.0,2055.0,-4537.3,24.0,38.0,569.0,73.0,24.0,28.0,8.0
2018-05-07,sudan,457.0,48.0,43.0,456.1,3.0,0.0,16.0,2.0,0.0,4.7,0.0
2018-05-07,taiwan,411.0,73.0,34.0,533.1,0.0,4.0,17.0,123.0,52.0,11.0,4.0
2018-05-07,ukraine,685.0,76.0,124.0,352.9,4.0,2.0,63.0,100.0,42.0,-148.2,5.0
2018-05-07,venezuela,479.0,80.0,87.0,-34.3,1.0,0.0,68.0,124.0,50.0,-64.4,3.0
2018-05-07,yemen,596.0,92.0,187.0,-1111.1,4.0,14.0,37.0,191.0,126.0,-887.3,7.0
2018-05-08,drc,120.0,1.0,13.0,162.9,0.0,0.0,9.0,0.0,0.0,0.0,0.0
2018-05-08,europe_east,1388.0,157.0,174.0,1573.5,1.0,3.0,93.0,58.0,16.0,29.2,3.0
2018-05-08,iran,10195.0,1705.0,878.0,18118.0,98.0,27.0,416.0,3248.0,1064.0,4310.1,125.0
2018-05-08,israel,5695.0,982.0,996.0,-378.0,78.0,43.0,323.0,1748.0,938.0,-3709.8,171.0
2018-05-08,korea,3673.0,288.0,206.0,7470.1,15.0,4.0,99.0,1210.0,197.0,2407.9,37.0
2018-05-08,libya,458.0,66.0,99.0,-256.7,19.0,2.0,26.0,7.0,5.0,-15.6,1.0
2018-05-08,scs,2395.0,278.0,312.0,1676.1,6.0,20.0,125.0,117.0,40.0,107.7,7.0
2018-05-08,southasia,10872.0,2007.0,1791.0,-2638.1,22.0,29.0,564.0,44.0,11.0,40.4,5.0
2018-05-08,sudan,542.0,63.0,65.0,532.0,6.0,4.0,26.0,3.0,0.0,14.7,0.0
2018-05-08,taiwan,485.0,106.0,38.0,601.8,1.0,0.0,30.0,131.0,60.0,1.9,11.0
2018-05-08,ukraine,734.0,48.0,162.0,41.0,1.0,1.0,44.0,174.0,52.0,-7.0,5.0
2018-05-08,venezuela,588.0,97.0,65.0,557.1,0.0,0.0,53.0,188.0,54.0,92.1,1.0
2018-05-08,yemen,491.0,81.0,143.0,-622.5,6.0,12.0,31.0,142.0,76.0,-451.1,5.0
2018-05-09,drc,104.0,2.0,11.0,189.5,0.0,0.0,7.0,2.0,2.0,-20.0,0.0
2018-05-09,europe_east,1544.0,148.0,157.0,1911.5,0.0,1.0,74.0,58.0,17.0,32.7,2.0
2018-05-09,iran,14494.0,2289.0,1454.0,26871.0,105.0,25.0,663.0,4215.0,1563.0,3957.9,164.0
2018-05-09,israel,6976.0,1129.0,1188.0,2079.0,72.0,37.0,295.0,2255.0,1246.0,-5395.0,192.0
2018-05-09,korea,8484.0,650.0,600.0,18507.2,19.0,5.0,463.0,3773.0,606.0,8556.2,228.0
2018-05-09,libya,456.0,53.0,92.0,-53.9,5.0,1.0,27.0,5.0,1.0,8.1,0.0
2018-05-09,scs,2716.0,336.0,299.0,2537.7,7.0,3.0,128.0,182.0,62.0,178.5,4.0
2018-05-09,southasia,11280.0,1868.0,1391.0,5099.3,29.0,23.0,489.0,28.0,9.0,14.5,3.0
2018-05-09,sudan,710.0,99.0,84.0,361.7,3.0,2.0,39.0,1.0,0.0,3.4,0.0
2018-05-09,taiwan,442.0,60.0,26.0,811.6,1.0,1.0,19.0,108.0,33.0,125.3,4.0
2018-05-09,ukraine,711.0,73.0,109.0,394.8,1.0,0.0,48.0,144.0,54.0,-103.9,18.0
2018-05-09,venezuela,393.0,50.0,51.0,397.7,0.0,0.0,38.0,73.0,22.0,56.3,2.0
2018-05-09,yemen,637.0,89.0,177.0,-744.3,1.0,5.0,11.0,267.0,161.0,-1026.0,5.0
2018-05-10,drc,79.0,6.0,1.0,169.6,0.0,0.0,1.0,1.0,0.0,5.0,0.0
2018-05-10,europe_east,1456.0,129.0,154.0,1628.4,1.0,0.0,86.0,45.0,23.0,-99.3,9.0
2018-05-10,iran,10188.0,1692.0,1864.0,3498.4,96.0,34.0,534.0,4131.0,2245.0,-8030.4,181.0
2018-05-10,israel,8778.0,1548.0,2194.0,-10767.0,78.0,30.0,322.0,4744.0,3204.0,-19830.8,217.0
2018-05-10,korea,9089.0,650.0,821.0,18154.0,21.0,0.0,559.0,4353.0,783.0,10063.4,338.0
2018-05-10,libya,769.0,77.0,187.0,-2.4,6.0,0.0,52.0,6.0,1.0,-5.3,0.0
2018-05-10,scs,2702.0,352.0,404.0,1705.8,7.0,5.0,194.0,115.0,29.0,191.3,6.0
2018-05-10,southasia,11900.0,1790.0,1510.0,5360.0,38.0,34.0,529.0,30.0,13.0,-17.6,6.0
2018-05-10,sudan,728.0,130.0,127.0,-86.4,6.0,0.0,41.0,18.0,5.0,-6.1,0.0
2018-05-10,taiwan,520.0,36.0,27.0,1088.0,0.0,2.0,18.0,101.0,19.0,175.4,3.0
2018-05-10,ukraine,838.0,75.0,132.0,774.8,0.0,5.0,62.0,159.0,50.0,117.1,6.0
2018-05-10,venezuela,355.0,58.0,75.0,-52.7,1.0,0.0,53.0,99.0,44.0,-18.2,7.0
2018-05-10,yemen,605.0,52.0,177.0,-499.5,4.0,8.0,20.0,216.0,127.0,-890.5,14.0
2018-05-11,drc,158.0,14.0,28.0,53.9,0.0,2.0,4.0,14.0,4.0,-9.3,0.0
2018-05-11,europe_east,1495.0,190.0,155.0,1296.7,7.0,3.0,73.0,55.0,21.0,-104.0,7.0
2018-05-11,iran,8453.0,1321.0,1258.0,8430.9,70.0,36.0,374.0,3002.0,1542.0,-3971.0,127.0
2018-05-11,israel,6936.0,1353.0,1585.0,-6910.0,54.0,17.0,309.0,3295.0,2160.0,-12591.2,184.0
2018-05-11,korea,5049.0,415.0,415.0,9531.0,8.0,1.0,238.0,2240.0,340.0,5533.1,113.0
2018-05-11,libya,416.0,43.0,90.0,117.2,1.0,0.0,17.0,2.0,0.0,4.7,0.0
2018-05-11,scs,3171.0,524.0,444.0,1796.1,7.0,11.0,211.0,109.0,18.0,237.6,1.0
2018-05-11,southasia,11156.0,1604.0,1657.0,2857.7,41.0,45.0,628.0,47.0,17.0,25.3,9.0
2018-05-11,sudan,810.0,102.0,181.0,-414.3,0.0,0.0,64.0,4.0,3.0,-26.6,0.0
2018-05-11,taiwan,562.0,50.0,68.0,681.7,1.0,3.0,41.0,143.0,41.0,104.2,13.0
2018-05-11,ukraine,851.0,97.0,132.0,310.4,4.0,0.0,63.0,151.0,76.0,-109.9,21.0
2018-05-11,venezuela,350.0,45.0,83.0,-159.8,0.0,0.0,53.0,89.0,36.0,-58.8,9.0
2018-05-11,yemen,440.0,56.0,107.0,-400.9,0.0,8.0,13.0,130.0,43.0,-58.4,6.0
2018-05-12,drc,81.0,3.0,17.0,-45.4,0.0,1.0,0.0,17.0,4.0,12.6,0.0
2018-05-12,europe_east,518.0,70.0,45.0,384.6,3.0,0.0,25.0,0.0,0.0,0.0,0.0
2018-05-12,iran,4373.0,740.0,598.0,3526.9,39.0,20.0,196.0,1362.0,742.0,-1900.4,43.0
2018-05-12,israel,3885.0,718.0,923.0,-4405.2,29.0,11.0,225.0,1644.0,1100.0,-6389.4,104.0
2018-05-12,korea,2971.0,249.0,187.0,6371.7,4.0,1.0,108.0,1105.0,242.0,2054.9,55.0
2018-05-12,libya,166.0,18.0,31.0,92.7,1.0,3.0,6.0,0.0,0.0,0.0,0.0
2018-05-12,scs,1894.0,265.0,384.0,-103.0,11.0,12.0,126.0,26.0,9.0,-4.6,4.0
2018-05-12,southasia,8686.0,1298.0,1433.0,-541.7,20.0,47.0,491.0,78.0,46.0,-101.6,1.0
2018-05-12,sudan,435.0,81.0,57.0,98.6,0.0,0.0,25.0,0.0,0.0,0.0,0.0
2018-05-12,taiwan,263.0,20.0,38.0,198.1,0.0,2.0,8.0,59.0,15.0,31.5,4.0
2018-05-12,ukraine,484.0,65.0,68.0,282.5,1.0,1.0,28.0,149.0,69.0,-125.7,12.0
2018-05-12,venezuela,210.0,39.0,47.0,-125.2,0.0,0.0,32.0,54.0,16.0,22.3,2.0
2018-05-12,yemen,282.0,48.0,94.0,-567.8,2.0,4.0,10.0,81.0,40.0,-238.4,4.0
2018-05-13,drc,83.0,6.0,8.0,146.9,0.0,0.0,1.0,20.0,6.0,4.9,3.0
2018-05-13,europe_east,648.0,81.0,71.0,598.9,3.0,1.0,34.0,25.0,4.0,47.1,3.0
2018-05-13,iran,4367.0,573.0,582.0,5314.1,29.0,18.0,232.0,1076.0,487.0,-758.5,36.0
2018-05-13,israel,5056.0,903.0,968.0,-2168.9,13.0,23.0,347.0,1359.0,795.0,-3958.8,106.0
2018-05-13,korea,2508.0,200.0,222.0,4715.5,14.0,1.0,114.0,924.0,194.0,1676.2,56.0
2018-05-13,libya,152.0,17.0,23.0,111.4,0.0,0.0,13.0,0.0,0.0,0.0,0.0
2018-05-13,scs,1881.0,180.0,337.0,1012.1,10.0,27.0,94.0,38.0,15.0,-17.0,4.0
2018-05-13,southasia,8066.0,1390.0,1228.0,-172.2,27.0,35.0,443.0,153.0,82.0,-229.5,0.0
2018-05-13,sudan,351.0,42.0,114.0,-561.7,0.0,2.0,38.0,3.0,1.0,7.2,1.0
2018-05-13,taiwan,191.0,12.0,18.0,250.0,0.0,0.0,5.0,46.0,14.0,26.7,4.0
2018-05-13,ukraine,222.0,23.0,15.0,388.0,0.0,0.0,5.0,34.0,16.0,-11.0,3.0
2018-05-13,venezuela,174.0,21.0,24.0,164.0,0.0,0.0,13.0,21.0,12.0,-33.9,2.0
2018-05-13,yemen,253.0,35.0,75.0,-341.5,0.0,5.0,9.0,91.0,42.0,-34.6,7.0
2018-05-14,drc,91.0,3.0,12.0,96.6,0.0,0.0,5.0,19.0,3.0,15.4,0.0
2018-05-14,europe_east,1351.0,218.0,145.0,903.7,1.0,1.0,74.0,36.0,12.0,-10.9,2.0
2018-05-14,iran,5270.0,713.0,713.0,5880.4,28.0,9.0,314.0,1235.0,519.0,-102.2,34.0
2018-05-14,israel,13466.0,3298.0,2465.0,-11639.1,33.0,65.0,614.0,3529.0,2298.0,-12381.0,161.0
2018-05-14,korea,3265.0,286.0,248.0,6286.6,13.0,8.0,113.0,996.0,188.0,1779.1,47.0
2018-05-14,libya,370.0,30.0,105.0,-405.0,1.0,0.0,11.0,2.0,2.0,-4.0,0.0
2018-05-14,scs,2903.0,290.0,564.0,632.8,1.0,41.0,171.0,118.0,25.0,295.3,3.0
2018-05-14,southasia,11138.0,1977.0,1752.0,-524.3,32.0,47.0,662.0,260.0,152.0,-392.9,33.0
2018-05-14,sudan,656.0,91.0,187.0,-827.1,0.0,2.0,76.0,4.0,3.0,-21.8,2.0
2018-05-14,taiwan,357.0,52.0,48.0,245.4,1.0,4.0,18.0,76.0,25.0,-4.4,9.0
2018-05-14,ukraine,927.0,88.0,90.0,1304.4,0.0,1.0,58.0,116.0,48.0,5.9,15.0
2018-05-14,venezuela,262.0,38.0,53.0,-68.1,0.0,0.0,40.0,27.0,12.0,-32.0,7.0
2018-05-14,yemen,505.0,83.0,135.0,-539.7,5.0,16.0,27.0,174.0,69.0,-19.2,16.0
2018-05-15,drc,111.0,9.0,14.0,73.4,0.0,0.0,2.0,15.0,4.0,-3.5,0.0
2018-05-15,europe_east,1307.0,158.0,119.0,1651.1,8.0,0.0,58.0,68.0,14.0,109.3,3.0
2018-05-15,iran,5257.0,788.0,570.0,8883.8,21.0,7.0,258.0,1116.0,492.0,-165.6,32.0
2018-05-15,israel,16397.0,3976.0,3075.0,-15457.7,40.0,50.0,933.0,3661.0,2257.0,-11210.0,201.0
2018-05-15,korea,3768.0,479.0,430.0,4815.0,6.0,5.0,243.0,1270.0,333.0,1668.3,59.0
2018-05-15,libya,350.0,28.0,93.0,-163.7,0.0,1.0,25.0,4.0,2.0,-7.3,0.0
2018-05-15,scs,2795.0,339.0,411.0,1619.5,4.0,16.0,140.0,100.0,32.0,144.2,0.0
2018-05-15,southasia,11042.0,1795.0,1357.0,6388.0,22.0,82.0,559.0,150.0,87.0,-256.6,11.0
2018-05-15,sudan,643.0,76.0,111.0,239.0,0.0,0.0,33.0,1.0,1.0,-10.0,0.0
2018-05-15,taiwan,506.0,74.0,62.0,528.4,0.0,0.0,56.0,181.0,44.0,294.1,6.0
2018-05-15,ukraine,1188.0,189.0,151.0,803.5,5.0,1.0,71.0,350.0,151.0,-185.7,24.0
2018-05-15,venezuela,329.0,64.0,33.0,163.2,0.0,0.0,19.0,51.0,20.0,-48.5,5.0
2018-05-15,yemen,375.0,40.0,99.0,-282.9,0.0,1.0,7.0,100.0,53.0,-113.7,3.0
2018-05-16,drc,49.0,2.0,6.0,85.7,0.0,0.0,1.0,2.0,0.0,13.8,0.0
2018-05-16,europe_east,1406.0,155.0,117.0,2073.9,1.0,6.0,61.0,81.0,26.0,-14.3,3.0
2018-05-16,iran,4418.0,725.0,596.0,5226.0,20.0,1.0,359.0,1044.0,500.0,-282.9,34.0
2018-05-16,israel,13530.0,3057.0,2607.0,-11066.5,35.0,47.0,848.0,2874.0,1779.0,-8804.8,148.0
2018-05-16,korea,5936.0,1012.0,727.0,4540.8,13.0,10.0,349.0,2092.0,711.0,1403.5,107.0
2018-05-16,libya,515.0,74.0,89.0,-47.6,0.0,0.0,24.0,0.0,0.0,0.0,0.0
2018-05-16,scs,2809.0,301.0,314.0,3448.9,8.0,2.0,140.0,145.0,49.0,34.9,6.0
2018-05-16,southasia,10524.0,1703.0,1191.0,7055.6,30.0,26.0,532.0,80.0,15.0,112.9,1.0
2018-05-16,sudan,803.0,126.0,115.0,539.4,4.0,0.0,42.0,6.0,5.0,-42.6,0.0
2018-05-16,taiwan,528.0,62.0,57.0,476.0,0.0,2.0,27.0,117.0,42.0,7.6,7.0
2018-05-16,ukraine,1422.0,222.0,272.0,-57.5,7.0,9.0,146.0,536.0,264.0,-503.4,79.0
2018-05-16,venezuela,502.0,75.0,57.0,613.5,0.0,0.0,38.0,88.0,34.0,16.8,4.0
2018-05-16,yemen,342.0,45.0,104.0,-641.0,1.0,0.0,9.0,79.0,34.0,-6.2,3.0
2018-05-17,drc,189.0,15.0,13.0,224.9,0.0,1.0,6.0,2.0,0.0,14.8,0.0
2018-05-17,europe_east,1419.0,205.0,128.0,1638.5,3.0,10.0,65.0,88.0,49.0,-139.1,18.0
2018-05-17,iran,3711.0,534.0,582.0,4571.3,11.0,7.0,310.0,793.0,343.0,16.4,40.0
2018-05-17,israel,9450.0,1920.0,1835.0,-6748.5,34.0,22.0,532.0,1989.0,1179.0,-6105.9,94.0
2018-05-17,korea,4362.0,720.0,450.0,3921.1,10.0,5.0,219.0,1386.0,520.0,322.2,76.0
2018-05-17,libya,539.0,67.0,80.0,357.5,0.0,0.0,27.0,0.0,0.0,0.0,0.0
2018-05-17,scs,2697.0,354.0,294.0,2800.9,3.0,6.0,142.0,133.0,46.0,95.8,4.0
2018-05-17,southasia,11392.0,2108.0,1783.0,-722.1,33.0,33.0,606.0,85.0,47.0,-123.7,3.0
2018-05-17,sudan,645.0,72.0,116.0,346.9,1.0,1.0,35.0,4.0,3.0,-22.6,0.0
2018-05-17,taiwan,418.0,51.0,75.0,152.9,1.0,1.0,25.0,71.0,23.0,88.8,3.0
2018-05-17,ukraine,1212.0,182.0,194.0,262.8,10.0,5.0,96.0,316.0,145.0,-446.3,51.0
2018-05-17,venezuela,654.0,100.0,88.0,205.6,0.0,0.0,64.0,159.0,59.0,-37.6,26.0
2018-05-17,yemen,459.0,63.0,94.0,-153.4,4.0,1.0,10.0,76.0,36.0,-122.3,2.0
2018-05-18,drc,297.0,18.0,17.0,357.8,0.0,1.0,9.0,0.0,0.0,0.0,0.0
2018-05-18,europe_east,1361.0,151.0,131.0,1719.2,2.0,12.0,53.0,63.0,18.0,51.2,5.0
2018-05-18,iran,3395.0,443.0,495.0,4442.9,12.0,2.0,272.0,747.0,291.0,493.0,24.0
2018-05-18,israel,8108.0,1859.0,1548.0,-6613.2,42.0,26.0,486.0,1858.0,989.0,-4408.3,116.0
2018-05-18,korea,3522.0,595.0,339.0,3583.9,16.0,8.0,141.0,1192.0,414.0,666.3,62.0
2018-05-18,libya,580.0,122.0,69.0,271.6,4.0,0.0,18.0,4.0,2.0,-10.0,0.0
2018-05-18,scs,2309.0,270.0,292.0,1939.9,5.0,5.0,131.0,97.0,24.0,143.1,0.0
2018-05-18,southasia,11234.0,1917.0,1685.0,737.5,19.0,54.0,600.0,145.0,74.0,-288.1,24.0
2018-05-18,sudan,626.0,67.0,127.0,49.9,0.0,0.0,64.0,2.0,0.0,14.0,0.0
2018-05-18,taiwan,393.0,50.0,39.0,461.7,0.0,2.0,19.0,87.0,25.0,109.1,7.0
2018-05-18,ukraine,1254.0,150.0,173.0,1026.4,13.0,3.0,102.0,296.0,147.0,-368.9,53.0
2018-05-18,venezuela,580.0,94.0,93.0,-5.5,1.0,1.0,72.0,130.0,52.0,-115.4,14.0
2018-05-18,yemen,271.0,29.0,48.0,55.5,1.0,0.0,8.0,79.0,40.0,-198.8,2.0
2018-05-19,drc,88.0,3.0,3.0,62.1,0.0,0.0,3.0,0.0,0.0,0.0,0.0
2018-05-19,europe_east,455.0,55.0,56.0,368.7,0.0,0.0,26.0,24.0,4.0,43.0,2.0
2018-05-19,iran,1973.0,246.0,311.0,2319.6,3.0,8.0,175.0,349.0,116.0,436.3,11.0
2018-05-19,israel,4847.0,1180.0,857.0,-3590.6,15.0,11.0,303.0,1077.0,559.0,-2083.4,40.0
2018-05-19,korea,1517.0,328.0,152.0,676.3,6.0,3.0,49.0,466.0,185.0,-101.9,20.0
2018-05-19,libya,189.0,34.0,22.0,31.5,0.0,0.0,2.0,0.0,0.0,0.0,0.0
2018-05-19,scs,1396.0,187.0,144.0,1405.1,3.0,7.0,52.0,52.0,12.0,62.8,0.0
2018-05-19,southasia,9168.0,1538.0,1291.0,1905.8,26.0,13.0,468.0,156.0,50.0,-9.3,28.0
2018-05-19,sudan,250.0,20.0,43.0,178.6,0.0,0.0,20.0,0.0,0.0,0.0,0.0
2018-05-19,taiwan,245.0,25.0,28.0,257.3,2.0,0.0,17.0,38.0,11.0,32.6,6.0
2018-05-19,ukraine,365.0,33.0,57.0,238.7,0.0,1.0,26.0,108.0,45.0,-107.5,9.0
2018-05-19,venezuela,312.0,48.0,63.0,-63.5,1.0,0.0,46.0,100.0,55.0,-233.6,7.0
2018-05-19,yemen,227.0,19.0,61.0,-148.5,0.0,4.0,5.0,86.0,35.0,-140.9,2.0
2018-05-20,drc,84.0,8.0,10.0,-22.5,0.0,0.0,5.0,7.0,3.0,-27.0,0.0
2018-05-20,europe_east,455.0,39.0,35.0,678.5,0.0,1.0,18.0,17.0,7.0,-11.3,7.0
2018-05-20,iran,2277.0,287.0,314.0,2434.7,15.0,9.0,169.0,372.0,145.0,48.7,23.0
2018-05-20,israel,3595.0,772.0,640.0,-2504.0,11.0,8.0,186.0,744.0,443.0,-2412.4,47.0
2018-05-20,korea,1400.0,227.0,122.0,1473.6,3.0,3.0,50.0,379.0,111.0,186.1,12.0
2018-05-20,libya,171.0,22.0,28.0,112.4,0.0,0.0,9.0,4.0,0.0,28.0,0.0
2018-05-20,scs,1389.0,129.0,125.0,1698.6,6.0,5.0,33.0,105.0,38.0,27.9,1.0
2018-05-20,southasia,8101.0,1238.0,1119.0,2741.5,28.0,18.0,391.0,95.0,38.0,-161.0,20.0
2018-05-20,sudan,360.0,73.0,72.0,-198.6,0.0,0.0,26.0,7.0,5.0,-37.5,0.0
2018-05-20,taiwan,259.0,48.0,23.0,172.4,7.0,0.0,9.0,64.0,20.0,48.5,6.0
2018-05-20,ukraine,294.0,40.0,45.0,172.8,1.0,1.0,20.0,64.0,36.0,-52.9,14.0
2018-05-20,venezuela,266.0,69.0,34.0,-152.1,0.0,1.0,23.0,102.0,54.0,-124.2,1.0
2018-05-20,yemen,210.0,18.0,54.0,-205.1,0.0,2.0,4.0,79.0,45.0,-347.3,3.0
2018-05-21,drc,162.0,7.0,15.0,143.5,0.0,0.0,8.0,9.0,9.0,-83.0,0.0
2018-05-21,europe_east,1295.0,127.0,111.0,1914.9,0.0,6.0,47.0,45.0,18.0,-10.8,1.0
2018-05-21,iran,4394.0,806.0,540.0,4746.7,26.0,9.0,274.0,1104.0,449.0,76.8,38.0
2018-05-21,israel,5854.0,1092.0,1084.0,-3006.4,23.0,25.0,375.0,1192.0,658.0,-3115.0,104.0
2018-05-21,korea,2940.0,394.0,262.0,3776.9,14.0,4.0,112.0,919.0,261.0,805.3,41.0
2018-05-21,libya,337.0,41.0,57.0,114.6,2.0,0.0,15.0,5.0,1.0,19.0,1.0
2018-05-21,scs,2425.0,298.0,251.0,2609.1,5.0,2.0,84.0,289.0,92.0,216.9,2.0
2018-05-21,southasia,11184.0,1458.0,1448.0,6089.6,18.0,48.0,530.0,106.0,37.0,-40.9,15.0
2018-05-21,sudan,559.0,85.0,125.0,-331.8,0.0,1.0,47.0,10.0,8.0,-48.5,0.0
2018-05-21,taiwan,363.0,49.0,24.0,535.8,1.0,1.0,11.0,63.0,15.0,95.5,5.0
2018-05-21,ukraine,969.0,129.0,143.0,403.2,2.0,1.0,64.0,213.0,97.0,-259.2,40.0
2018-05-21,venezuela,843.0,235.0,131.0,-647.0,6.0,1.0,96.0,201.0,122.0,-490.2,14.0
2018-05-21,yemen,267.0,44.0,54.0,-143.9,2.0,0.0,4.0,116.0,63.0,-386.1,4.0
2018-05-22,drc,161.0,10.0,8.0,203.1,0.0,0.0,4.0,19.0,2.0,62.4,0.0
2018-05-22,europe_east,1352.0,162.0,101.0,1869.3,1.0,1.0,61.0,70.0,15.0,48.8,6.0
2018-05-22,iran,3745.0,685.0,525.0,2540.7,29.0,12.0,238.0,979.0,430.0,-663.4,38.0
2018-05-22,israel,5593.0,1036.0,1078.0,-3545.0,20.0,11.0,327.0,1262.0,722.0,-3733.3,75.0
2018-05-22,korea,4879.0,549.0,324.0,7704.9,21.0,6.0,153.0,1686.0,306.0,2781.7,36.0
2018-05-22,libya,637.0,85.0,139.0,-162.9,4.0,0.0,30.0,9.0,7.0,-49.0,1.0
2018-05-22,scs,2625.0,273.0,321.0,2130.2,14.0,2.0,85.0,271.0,49.0,432.4,0.0
2018-05-22,southasia,11422.0,1708.0,1565.0,4450.2,9.0,34.0,593.0,73.0,32.0,-157.6,1.0
2018-05-22,sudan,559.0,67.0,107.0,-23.5,0.0,3.0,20.0,5.0,3.0,-21.6,3.0
2018-05-22,taiwan,419.0,58.0,19.0,691.2,1.0,0.0,9.0,112.0,18.0,173.7,0.0
2018-05-22,ukraine,1033.0,135.0,161.0,571.4,1.0,3.0,66.0,152.0,67.0,-121.1,18.0
2018-05-22,venezuela,776.0,194.0,117.0,-27.2,2.0,0.0,87.0,164.0,95.0,-309.0,11.0
2018-05-22,yemen,455.0,70.0,131.0,-794.3,2.0,0.0,11.0,69.0,35.0,-160.9,0.0
2018-05-23,drc,176.0,19.0,32.0,-103.5,0.0,0.0,12.0,9.0,3.0,-20.0,0.0
2018-05-23,europe_east,1316.0,129.0,98.0,2198.4,0.0,3.0,47.0,56.0,16.0,31.5,3.0
2018-05-23,iran,3647.0,733.0,477.0,3024.7,41.0,12.0,207.0,997.0,415.0,-387.2,40.0
2018-05-23,israel,6125.0,1109.0,1234.0,-4017.2,34.0,10.0,406.0,1326.0,681.0,-2737.8,76.0
2018-05-23,korea,4849.0,497.0,368.0,7241.3,4.0,7.0,183.0,1551.0,319.0,2034.9,57.0
2018-05-23,libya,462.0,64.0,110.0,-402.3,1.0,0.0,20.0,5.0,5.0,-50.0,0.0
2018-05-23,scs,2845.0,309.0,422.0,1883.7,20.0,4.0,161.0,151.0,43.0,107.8,9.0
2018-05-23,southasia,12412.0,2025.0,1623.0,2898.0,14.0,34.0,542.0,79.0,29.0,-73.1,2.0
2018-05-23,sudan,580.0,70.0,73.0,503.7,0.0,4.0,16.0,7.0,3.0,-17.3,0.0
2018-05-23,taiwan,389.0,51.0,41.0,366.6,1.0,2.0,28.0,89.0,31.0,15.2,6.0
2018-05-23,ukraine,1288.0,156.0,193.0,697.5,8.0,1.0,107.0,317.0,160.0,-429.3,64.0
2018-05-23,venezuela,765.0,213.0,139.0,-415.3,2.0,0.0,125.0,177.0,100.0,-386.2,28.0
2018-05-23,yemen,324.0,42.0,85.0,-263.3,1.0,1.0,26.0,80.0,43.0,-200.6,2.0
2018-05-24,drc,155.0,13.0,21.0,-15.5,0.0,0.0,12.0,8.0,6.0,-9.0,3.0
2018-05-24,europe_east,1473.0,143.0,144.0,2349.1,1.0,3.0,70.0,63.0,16.0,53.8,2.0
2018-05-24,iran,3399.0,578.0,405.0,3612.6,28.0,2.0,186.0,805.0,332.0,-141.4,29.0
2018-05-24,israel,5770.0,1007.0,1022.0,-1538.0,27.0,11.0,392.0,1284.0,644.0,-2422.1,77.0
2018-05-24,korea,7918.0,982.0,669.0,8944.4,51.0,10.0,402.0,2337.0,582.0,2363.6,89.0
2018-05-24,libya,665.0,122.0,85.0,253.8,1.0,0.0,19.0,1.0,1.0,-10.0,0.0
2018-05-24,scs,2753.0,354.0,400.0,1864.5,30.0,13.0,182.0,100.0,29.0,51.7,5.0
2018-05-24,southasia,11356.0,1975.0,1572.0,2234.2,25.0,52.0,666.0,81.0,41.0,-119.5,14.0
2018-05-24,sudan,457.0,44.0,74.0,244.8,0.0,0.0,25.0,7.0,4.0,-40.0,0.0
2018-05-24,taiwan,636.0,69.0,136.0,90.7,5.0,0.0,100.0,182.0,60.0,55.5,18.0
2018-05-24,ukraine,1578.0,161.0,290.0,242.0,8.0,0.0,145.0,444.0,243.0,-886.8,80.0
2018-05-24,venezuela,612.0,166.0,145.0,-546.7,0.0,0.0,123.0,169.0,124.0,-468.6,38.0
2018-05-24,yemen,434.0,53.0,123.0,-498.4,0.0,9.0,17.0,124.0,85.0,-561.3,24.0
2018-05-25,drc,96.0,4.0,13.0,89.3,0.0,0.0,5.0,2.0,2.0,-14.0,1.0
2018-05-25,europe_east,1546.0,109.0,149.0,2861.3,0.0,2.0,66.0,110.0,46.0,5.3,16.0
2018-05-25,iran,2930.0,467.0,360.0,4010.9,21.0,3.0,189.0,576.0,246.0,-197.9,20.0
2018-05-25,israel,4580.0,746.0,870.0,-1978.6,20.0,10.0,250.0,1127.0,578.0,-2625.9,71.0
2018-05-25,korea,7432.0,1053.0,645.0,8326.7,29.0,14.0,381.0,2356.0,589.0,2683.9,68.0
2018-05-25,libya,803.0,112.0,171.0,-445.6,9.0,0.0,29.0,5.0,2.0,-12.3,0.0
2018-05-25,scs,2709.0,297.0,267.0,3326.4,9.0,0.0,103.0,71.0,22.0,9.1,0.0
2018-05-25,southasia,10483.0,1742.0,1359.0,4000.8,23.0,29.0,541.0,56.0,35.0,-74.3,10.0
2018-05-25,sudan,439.0,51.0,94.0,-279.3,3.0,3.0,30.0,19.0,15.0,-142.4,0.0
2018-05-25,taiwan,590.0,77.0,110.0,145.0,1.0,2.0,79.0,243.0,110.0,-271.7,18.0
2018-05-25,ukraine,1551.0,217.0,247.0,518.0,2.0,4.0,99.0,375.0,200.0,-611.2,34.0
2018-05-25,venezuela,463.0,91.0,75.0,72.2,0.0,0.0,67.0,48.0,30.0,-77.3,13.0
2018-05-25,yemen,363.0,33.0,123.0,-546.4,1.0,23.0,20.0,128.0,92.0,-550.6,45.0
2018-05-26,drc,102.0,5.0,11.0,82.7,0.0,0.0,2.0,2.0,2.0,-10.0,2.0
2018-05-26,europe_east,487.0,38.0,60.0,643.7,0.0,2.0,31.0,18.0,7.0,-36.2,2.0
2018-05-26,iran,1627.0,343.0,246.0,951.0,8.0,2.0,146.0,355.0,152.0,-63.3,9.0
2018-05-26,israel,2672.0,447.0,520.0,-1244.2,9.0,4.0,154.0,671.0,371.0,-1808.7,45.0
2018-05-26,korea,4106.0,442.0,303.0,6689.6,7.0,8.0,172.0,1458.0,257.0,2645.2,22.0
2018-05-26,libya,374.0,44.0,103.0,-326.1,4.0,0.0,17.0,1.0,0.0,5.0,0.0
2018-05-26,scs,1838.0,158.0,313.0,847.0,13.0,4.0,96.0,18.0,11.0,-62.0,0.0
2018-05-26,southasia,8635.0,1292.0,1123.0,2424.2,12.0,30.0,423.0,51.0,24.0,-17.9,5.0
2018-05-26,sudan,277.0,42.0,48.0,55.9,3.0,5.0,16.0,0.0,0.0,0.0,0.0
2018-05-26,taiwan,520.0,79.0,106.0,203.0,4.0,0.0,88.0,239.0,110.0,-62.2,14.0
2018-05-26,ukraine,650.0,111.0,108.0,-80.9,1.0,0.0,45.0,199.0,118.0,-325.6,24.0
2018-05-26,venezuela,1076.0,105.0,177.0,1511.9,1.0,0.0,139.0,774.0,162.0,1450.2,93.0
2018-05-26,yemen,380.0,38.0,102.0,-331.1,1.0,6.0,27.0,119.0,65.0,-340.5,23.0
2018-05-27,drc,67.0,0.0,5.0,82.0,0.0,0.0,0.0,0.0,0.0,0.0,0.0
2018-05-27,europe_east,503.0,48.0,54.0,528.9,0.0,2.0,25.0,7.0,0.0,16.2,0.0
2018-05-27,iran,1835.0,259.0,245.0,1888.2,13.0,0.0,115.0,424.0,183.0,-301.0,19.0
2018-05-27,israel,3586.0,595.0,872.0,-3578.2,21.0,8.0,240.0,922.0,528.0,-2767.2,72.0
2018-05-27,korea,4390.0,327.0,318.0,7791.4,5.0,7.0,163.0,1953.0,305.0,3404.9,23.0
2018-05-27,libya,333.0,33.0,79.0,-107.9,0.0,0.0,20.0,2.0,2.0,-20.0,0.0
2018-05-27,scs,1781.0,204.0,236.0,1363.3,1.0,5.0,64.0,108.0,33.0,90.2,2.0
2018-05-27,southasia,7206.0,1300.0,917.0,2080.4,19.0,17.0,333.0,40.0,24.0,-116.7,1.0
2018-05-27,sudan,209.0,19.0,43.0,3.5,1.0,0.0,25.0,0.0,0.0,0.0,0.0
2018-05-27,taiwan,335.0,37.0,46.0,319.0,4.0,0.0,31.0,118.0,53.0,-8.8,10.0
2018-05-27,ukraine,316.0,47.0,76.0,-302.9,0.0,1.0,14.0,117.0,58.0,-222.3,4.0
2018-05-27,venezuela,1368.0,94.0,157.0,2675.7,0.0,0.0,125.0,895.0,165.0,1826.4,88.0
2018-05-27,yemen,402.0,40.0,122.0,-371.9,5.0,0.0,38.0,119.0,75.0,-363.1,18.0
2018-05-28,drc,49.0,5.0,2.0,37.7,0.0,0.0,1.0,14.0,1.0,34.9,0.0
2018-05-28,europe_east,1169.0,121.0,103.0,1891.2,1.0,16.0,52.0,63.0,24.0,-46.2,7.0
2018-05-28,iran,2172.0,318.0,260.0,2601.3,11.0,3.0,147.0,563.0,231.0,-145.8,11.0
2018-05-28,israel,3956.0,665.0,860.0,-2603.3,23.0,15.0,261.0,1161.0,629.0,-2784.5,71.0
2018-05-28,korea,3760.0,305.0,233.0,7574.7,7.0,12.0,98.0,1726.0,147.0,4764.6,9.0
2018-05-28,libya,455.0,80.0,56.0,28.8,2.0,1.0,11.0,5.0,2.0,-14.6,0.0
2018-05-28,scs,2860.0,248.0,415.0,2134.4,7.0,6.0,112.0,176.0,50.0,94.1,3.0
2018-05-28,southasia,10484.0,1630.0,1432.0,3174.9,24.0,59.0,533.0,73.0,34.0,-13.6,8.0
2018-05-28,sudan,452.0,57.0,109.0,-229.0,4.0,0.0,63.0,5.0,3.0,-22.0,3.0
2018-05-28,taiwan,441.0,77.0,41.0,381.7,4.0,0.0,29.0,115.0,56.0,-36.8,5.0
2018-05-28,ukraine,692.0,61.0,98.0,740.2,2.0,1.0,35.0,131.0,55.0,-165.5,13.0
2018-05-28,venezuela,825.0,92.0,116.0,1372.4,2.0,1.0,93.0,383.0,84.0,662.6,31.0
2018-05-28,yemen,238.0,32.0,66.0,-213.2,0.0,6.0,9.0,71.0,42.0,-185.3,11.0
2018-05-29,drc,51.0,6.0,2.0,138.0,0.0,0.0,1.0,13.0,0.0,24.4,0.0
2018-05-29,europe_east,1531.0,129.0,161.0,2129.1,1.0,21.0,76.0,121.0,35.0,-25.6,15.0
2018-05-29,iran,2582.0,396.0,379.0,1891.1,9.0,4.0,166.0,602.0,195.0,428.5,19.0
2018-05-29,israel,5695.0,930.0,1296.0,-5481.7,31.0,7.0,248.0,1397.0,818.0,-4499.8,69.0
2018-05-29,korea,6059.0,427.0,432.0,11450.2,16.0,14.0,220.0,2832.0,282.0,6505.4,44.0
2018-05-29,libya,806.0,70.0,78.0,1071.8,3.0,0.0,26.0,12.0,1.0,25.5,0.0
2018-05-29,scs,3240.0,307.0,399.0,3213.3,2.0,6.0,130.0,159.0,50.0,115.8,3.0
2018-05-29,southasia,10788.0,1597.0,1524.0,3829.0,19.0,23.0,583.0,67.0,33.0,11.5,5.0
2018-05-29,sudan,443.0,46.0,67.0,339.5,2.0,0.0,33.0,5.0,3.0,-15.2,0.0
2018-05-29,taiwan,574.0,61.0,59.0,750.3,0.0,0.0,29.0,148.0,53.0,63.1,5.0
2018-05-29,ukraine,1196.0,155.0,282.0,-719.1,2.0,3.0,48.0,424.0,250.0,-1384.2,17.0
2018-05-29,venezuela,711.0,116.0,111.0,503.8,0.0,0.0,85.0,457.0,102.0,756.0,55.0
2018-05-29,yemen,410.0,48.0,122.0,-424.3,0.0,6.0,22.0,118.0,66.0,-359.7,12.0
2018-05-30,drc,96.0,24.0,15.0,-78.4,0.0,0.0,12.0,0.0,0.0,0.0,0.0
2018-05-30,europe_east,1574.0,195.0,146.0,2231.5,3.0,12.0,65.0,76.0,17.0,56.4,4.0
2018-05-30,iran,2185.0,382.0,409.0,61.0,11.0,12.0,182.0,487.0,186.0,-165.0,11.0
2018-05-30,israel,6211.0,1108.0,1287.0,-4324.5,38.0,7.0,288.0,1493.0,787.0,-3479.5,85.0
2018-05-30,korea,5053.0,361.0,398.0,9147.5,5.0,5.0,208.0,2275.0,244.0,5375.4,38.0
2018-05-30,libya,558.0,46.0,53.0,689.4,5.0,1.0,16.0,2.0,0.0,5.0,0.0
2018-05-30,scs,2835.0,340.0,284.0,2726.2,7.0,11.0,107.0,259.0,81.0,97.1,0.0
2018-05-30,southasia,10419.0,1622.0,1529.0,2146.5,57.0,48.0,593.0,33.0,17.0,-36.7,8.0
2018-05-30,sudan,683.0,60.0,56.0,1262.2,3.0,0.0,27.0,3.0,0.0,10.2,0.0
2018-05-30,taiwan,372.0,40.0,32.0,599.1,0.0,1.0,15.0,127.0,51.0,29.6,2.0
2018-05-30,ukraine,2437.0,420.0,630.0,-2767.3,9.0,1.0,55.0,1322.0,814.0,-4881.8,28.0
2018-05-30,venezuela,546.0,106.0,82.0,78.5,0.0,0.0,45.0,231.0,90.0,-62.4,31.0
2018-05-30,yemen,330.0,54.0,84.0,-269.5,0.0,0.0,21.0,74.0,39.0,-185.1,8.0
2018-05-31,drc,50.0,2.0,11.0,30.5,0.0,0.0,2.0,19.0,11.0,-12.8,1.0
2018-05-31,europe_east,1893.0,269.0,263.0,799.2,3.0,4.0,104.0,45.0,9.0,33.8,2.0
2018-05-31,iran,2194.0,372.0,376.0,406.1,22.0,9.0,169.0,621.0,268.0,-663.0,46.0
2018-05-31,israel,5333.0,962.0,999.0,-2251.2,58.0,28.0,274.0,1397.0,718.0,-2911.2,132.0
2018-05-31,korea,5291.0,488.0,367.0,9563.3,22.0,11.0,199.0,2437.0,249.0,5805.0,30.0
2018-05-31,libya,325.0,30.0,41.0,363.4,0.0,0.0,15.0,0.0,0.0,0.0,0.0
2018-05-31,scs,2349.0,230.0,257.0,2465.2,8.0,6.0,75.0,239.0,75.0,159.6,9.0
2018-05-31,southasia,10055.0,1612.0,1338.0,5658.1,19.0,62.0,540.0,41.0,17.0,9.6,10.0
2018-05-31,sudan,617.0,68.0,128.0,-33.0,6.0,0.0,57.0,6.0,4.0,-22.0,0.0
2018-05-31,taiwan,469.0,47.0,35.0,868.2,0.0,1.0,17.0,115.0,34.0,149.2,4.0
2018-05-31,ukraine,1795.0,383.0,435.0,-2644.1,9.0,0.0,71.0,899.0,519.0,-2700.8,39.0
2018-05-31,venezuela,443.0,88.0,56.0,70.0,0.0,0.0,35.0,135.0,38.0,97.5,9.0
2018-05-31,yemen,373.0,51.0,101.0,-442.3,2.0,1.0,18.0,93.0,28.0,78.1,5.0
2018-06-01,drc,66.0,2.0,10.0,51.4,0.0,0.0,4.0,2.0,0.0,0.0,0.0
2018-06-01,europe_east,1432.0,179.0,177.0,1025.8,0.0,8.0,64.0,87.0,11.0,136.4,9.0
2018-06-01,iran,1681.0,262.0,225.0,1681.5,14.0,11.0,127.0,504.0,203.0,-99.4,41.0
2018-06-01,israel,4734.0,880.0,918.0,-2901.3,51.0,27.0,273.0,1189.0,669.0,-3115.2,97.0
2018-06-01,korea,5104.0,450.0,326.0,9439.7,20.0,10.0,185.0,2600.0,277.0,5592.9,32.0
2018-06-01,libya,471.0,35.0,114.0,-290.8,0.0,0.0,25.0,0.0,0.0,0.0,0.0
2018-06-01,scs,2373.0,293.0,255.0,2357.6,13.0,6.0,109.0,195.0,64.0,110.1,7.0
2018-06-01,southasia,9612.0,1436.0,1414.0,4241.4,16.0,43.0,584.0,38.0,18.0,-14.0,5.0
2018-06-01,sudan,531.0,74.0,115.0,-319.7,6.0,0.0,43.0,11.0,9.0,-72.0,0.0
2018-06-01,taiwan,533.0,50.0,34.0,891.9,1.0,0.0,22.0,118.0,46.0,48.0,3.0
2018-06-01,ukraine,1510.0,244.0,251.0,-376.4,4.0,2.0,47.0,561.0,339.0,-1737.6,18.0
2018-06-01,venezuela,351.0,60.0,55.0,166.6,0.0,0.0,39.0,70.0,30.0,-33.7,6.0
2018-06-01,yemen,216.0,29.0,66.0,-343.7,0.0,0.0,21.0,45.0,25.0,-81.1,0.0
2018-06-02,drc,26.0,1.0,8.0,-41.0,0.0,2.0,2.0,3.0,3.0,-13.2,0.0
2018-06-02,europe_east,867.0,135.0,100.0,393.4,3.0,4.0,48.0,47.0,9.0,38.8,2.0
2018-06-02,iran,1484.0,237.0,254.0,469.5,12.0,5.0,102.0,352.0,156.0,-258.9,15.0
2018-06-02,israel,3492.0,784.0,829.0,-5389.3,40.0,13.0,195.0,1005.0,571.0,-3255.2,48.0
2018-06-02,korea,3257.0,330.0,177.0,5616.3,1.0,7.0,102.0,1696.0,195.0,3208.7,8.0
2018-06-02,libya,209.0,21.0,61.0,-218.8,0.0,0.0,8.0,0.0,0.0,0.0,0.0
2018-06-02,scs,1492.0,140.0,156.0,1889.7,4.0,4.0,77.0,107.0,35.0,18.5,0.0
2018-06-02,southasia,7932.0,1219.0,1175.0,1549.3,16.0,22.0,431.0,31.0,3.0,106.1,1.0
2018-06-02,sudan,335.0,37.0,42.0,181.7,4.0,2.0,18.0,0.0,0.0,0.0,0.0
2018-06-02,taiwan,271.0,22.0,27.0,491.7,0.0,0.0,15.0,67.0,26.0,-11.4,0.0
2018-06-02,ukraine,617.0,97.0,155.0,-812.8,4.0,0.0,41.0,256.0,161.0,-870.1,21.0
2018-06-02,venezuela,245.0,48.0,44.0,85.6,0.0,0.0,30.0,42.0,22.0,-82.0,4.0
2018-06-02,yemen,302.0,57.0,83.0,-482.2,5.0,2.0,12.0,87.0,38.0,-135.0,1.0
2018-06-03,drc,11.0,0.0,0.0,49.0,0.0,0.0,0.0,6.0,6.0,-26.4,0.0
2018-06-03,europe_east,532.0,61.0,63.0,372.8,0.0,7.0,9.0,11.0,9.0,-48.4,2.0
2018-06-03,iran,1448.0,199.0,173.0,1734.5,10.0,7.0,59.0,363.0,150.0,-69.2,15.0
2018-06-03,israel,3689.0,714.0,791.0,-4063.4,28.0,10.0,175.0,906.0,518.0,-3128.0,45.0
2018-06-03,korea,2788.0,280.0,161.0,4835.0,20.0,7.0,85.0,961.0,130.0,1455.1,18.0
2018-06-03,libya,212.0,20.0,47.0,-33.2,0.0,0.0,8.0,4.0,2.0,-18.6,0.0
2018-06-03,scs,1687.0,216.0,183.0,1636.9,9.0,8.0,75.0,55.0,12.0,34.5,3.0
2018-06-03,southasia,6603.0,1030.0,1063.0,130.5,14.0,14.0,354.0,40.0,23.0,-62.8,1.0
2018-06-03,sudan,324.0,33.0,52.0,364.5,2.0,0.0,14.0,5.0,3.0,-12.0,0.0
2018-06-03,taiwan,229.0,25.0,20.0,369.7,1.0,1.0,10.0,47.0,14.0,48.8,4.0
2018-06-03,ukraine,342.0,48.0,49.0,204.5,0.0,0.0,15.0,146.0,74.0,-256.3,7.0
2018-06-03,venezuela,150.0,29.0,16.0,244.6,0.0,0.0,15.0,26.0,8.0,11.1,4.0
2018-06-03,yemen,275.0,49.0,70.0,-285.8,3.0,1.0,16.0,69.0,21.0,81.7,0.0
2018-06-04,drc,38.0,6.0,0.0,80.6,0.0,0.0,0.0,8.0,4.0,4.0,0.0
2018-06-04,europe_east,991.0,98.0,115.0,977.8,0.0,10.0,28.0,41.0,17.0,-23.1,3.0
2018-06-04,iran,2736.0,356.0,354.0,2673.6,17.0,5.0,155.0,657.0,239.0,-236.1,21.0
2018-06-04,israel,4321.0,733.0,844.0,-2440.8,43.0,21.0,227.0,1064.0,541.0,-2736.4,69.0
2018-06-04,korea,3823.0,353.0,220.0,6561.4,15.0,8.0,118.0,1111.0,173.0,2053.8,27.0
2018-06-04,libya,393.0,32.0,71.0,140.4,4.0,0.0,12.0,2.0,0.0,4.7,0.0
2018-06-04,scs,2761.0,303.0,312.0,3589.6,11.0,6.0,119.0,76.0,22.0,43.9,3.0
2018-06-04,southasia,9671.0,1460.0,1483.0,1716.2,19.0,28.0,537.0,52.0,17.0,93.9,2.0
2018-06-04,sudan,461.0,58.0,62.0,385.5,1.0,0.0,20.0,2.0,2.0,-20.0,0.0
2018-06-04,taiwan,535.0,54.0,87.0,298.9,0.0,3.0,36.0,141.0,42.0,44.0,9.0
2018-06-04,ukraine,1069.0,129.0,185.0,267.1,2.0,0.0,100.0,321.0,191.0,-773.9,64.0
2018-06-04,venezuela,421.0,65.0,45.0,447.5,1.0,0.0,26.0,126.0,38.0,62.1,2.0
2018-06-04,yemen,392.0,36.0,127.0,-422.7,7.0,8.0,14.0,93.0,45.0,-144.3,4.0
2018-06-05,drc,32.0,0.0,0.0,61.1,0.0,0.0,0.0,10.0,5.0,-13.8,2.0
2018-06-05,europe_east,1228.0,159.0,124.0,1490.1,0.0,8.0,64.0,61.0,31.0,5.9,3.0
2018-06-05,iran,2868.0,423.0,340.0,3665.5,15.0,5.0,143.0,721.0,292.0,-204.0,26.0
2018-06-05,israel,4671.0,820.0,835.0,-1515.5,44.0,22.0,235.0,1019.0,531.0,-2137.4,61.0
2018-06-05,korea,3255.0,262.0,242.0,5799.2,10.0,3.0,153.0,940.0,105.0,1966.0,14.0
2018-06-05,libya,257.0,25.0,45.0,49.5,5.0,0.0,12.0,2.0,0.0,4.7,0.0
2018-06-05,scs,2807.0,367.0,350.0,2493.6,6.0,13.0,153.0,96.0,25.0,144.4,2.0
2018-06-05,southasia,10052.0,1559.0,1321.0,5265.6,21.0,21.0,572.0,68.0,35.0,-112.4,13.0
2018-06-05,sudan,552.0,52.0,92.0,417.0,0.0,1.0,22.0,7.0,5.0,-42.0,0.0
2018-06-05,taiwan,666.0,90.0,83.0,402.8,2.0,0.0,34.0,176.0,58.0,-113.4,21.0
2018-06-05,ukraine,1309.0,194.0,154.0,1012.9,0.0,4.0,75.0,364.0,172.0,-519.2,40.0
2018-06-05,venezuela,466.0,72.0,63.0,273.9,0.0,0.0,43.0,188.0,50.0,159.4,13.0
2018-06-05,yemen,609.0,55.0,171.0,-336.2,6.0,11.0,33.0,119.0,47.0,-79.6,14.0
2018-06-06,drc,36.0,5.0,4.0,11.4,0.0,2.0,1.0,8.0,7.0,-22.0,0.0
2018-06-06,europe_east,1323.0,152.0,159.0,1485.3,2.0,6.0,84.0,74.0,38.0,-105.9,10.0
2018-06-06,iran,3029.0,428.0,397.0,3626.9,11.0,15.0,166.0,539.0,193.0,372.4,20.0
2018-06-06,israel,4722.0,810.0,838.0,-1494.4,14.0,15.0,247.0,1001.0,515.0,-2036.6,61.0
2018-06-06,korea,3453.0,316.0,274.0,5395.6,14.0,6.0,124.0,1137.0,133.0,2329.7,18.0
2018-06-06,libya,310.0,32.0,47.0,120.4,2.0,1.0,10.0,1.0,0.0,7.4,0.0
2018-06-06,scs,2894.0,400.0,348.0,3052.5,11.0,2.0,155.0,103.0,22.0,258.7,0.0
2018-06-06,southasia,11449.0,1804.0,1731.0,3049.0,25.0,40.0,805.0,50.0,25.0,-136.0,4.0
2018-06-06,sudan,561.0,40.0,71.0,673.1,4.0,4.0,26.0,0.0,0.0,0.0,0.0
2018-06-06,taiwan,662.0,68.0,78.0,757.0,7.0,0.0,30.0,146.0,43.0,77.8,10.0
2018-06-06,ukraine,1168.0,146.0,167.0,616.5,0.0,1.0,79.0,324.0,156.0,-460.7,44.0
2018-06-06,venezuela,433.0,86.0,52.0,246.6,5.0,0.0,36.0,121.0,36.0,181.4,12.0
2018-06-06,yemen,389.0,55.0,91.0,-231.1,1.0,2.0,18.0,84.0,50.0,-263.6,6.0
2018-06-07,drc,35.0,2.0,7.0,41.7,0.0,0.0,7.0,1.0,0.0,3.0,0.0
2018-06-07,europe_east,1605.0,190.0,154.0,1936.7,3.0,7.0,70.0,112.0,11.0,214.4,6.0
2018-06-07,iran,2889.0,454.0,249.0,4541.6,9.0,2.0,139.0,462.0,162.0,272.5,13.0
2018-06-07,israel,4653.0,793.0,830.0,-1269.9,17.0,12.0,241.0,996.0,521.0,-2311.0,62.0
2018-06-07,korea,4273.0,357.0,327.0,7481.2,15.0,5.0,140.0,1531.0,234.0,2798.2,41.0
2018-06-07,libya,433.0,67.0,79.0,48.2,1.0,0.0,22.0,0.0,0.0,0.0,0.0
2018-06-07,scs,2878.0,289.0,476.0,1193.7,11.0,5.0,160.0,109.0,31.0,115.6,4.0
2018-06-07,southasia,10743.0,1647.0,1541.0,4220.9,19.0,24.0,725.0,51.0,15.0,43.7,3.0
2018-06-07,sudan,502.0,45.0,48.0,723.2,0.0,0.0,13.0,1.0,0.0,3.4,0.0
2018-06-07,taiwan,514.0,57.0,95.0,199.5,4.0,2.0,32.0,172.0,95.0,-318.8,29.0
2018-06-07,ukraine,961.0,130.0,110.0,834.5,1.0,4.0,66.0,242.0,111.0,-269.2,23.0
2018-06-07,venezuela,382.0,58.0,43.0,275.2,2.0,0.0,31.0,76.0,20.0,75.0,4.0
2018-06-07,yemen,345.0,58.0,80.0,-262.6,3.0,7.0,20.0,74.0,29.0,-47.7,5.0
2018-06-08,drc,161.0,17.0,34.0,106.9,0.0,0.0,29.0,4.0,0.0,16.8,0.0
2018-06-08,europe_east,1858.0,168.0,112.0,3339.9,2.0,7.0,57.0,196.0,32.0,335.7,13.0
2018-06-08,iran,2771.0,545.0,328.0,1605.4,21.0,6.0,136.0,544.0,309.0,-799.6,29.0
2018-06-08,israel,4668.0,1039.0,892.0,-4700.0,13.0,30.0,247.0,1239.0,728.0,-3526.5,68.0
2018-06-08,korea,3873.0,344.0,358.0,5935.8,22.0,7.0,185.0,1433.0,278.0,1971.1,61.0
2018-06-08,libya,405.0,55.0,97.0,-132.0,3.0,0.0,55.0,6.0,5.0,-8.6,2.0
2018-06-08,scs,3130.0,297.0,471.0,2284.2,9.0,7.0,211.0,126.0,43.0,130.9,15.0
2018-06-08,southasia,10003.0,1607.0,1511.0,2484.5,48.0,12.0,707.0,56.0,23.0,-23.7,7.0
2018-06-08,sudan,403.0,66.0,43.0,264.4,0.0,0.0,12.0,5.0,0.0,26.0,0.0
2018-06-08,taiwan,488.0,39.0,62.0,487.5,3.0,1.0,21.0,105.0,43.0,-111.7,11.0
2018-06-08,ukraine,1173.0,163.0,149.0,850.3,1.0,1.0,82.0,425.0,193.0,-416.4,53.0
2018-06-08,venezuela,281.0,48.0,17.0,380.4,1.0,0.0,11.0,53.0,14.0,94.5,1.0
2018-06-08,yemen,405.0,67.0,132.0,-784.5,13.0,3.0,37.0,51.0,37.0,-242.8,7.0
2018-06-09,drc,128.0,14.0,23.0,143.9,0.0,0.0,21.0,6.0,2.0,9.8,0.0
2018-06-09,europe_east,706.0,68.0,61.0,862.4,0.0,3.0,14.0,106.0,14.0,219.9,4.0
2018-06-09,iran,1696.0,266.0,164.0,2267.3,7.0,5.0,73.0,312.0,130.0,-30.4,10.0
2018-06-09,israel,2877.0,638.0,638.0,-3709.5,9.0,10.0,179.0,709.0,394.0,-2011.1,37.0
2018-06-09,korea,2659.0,259.0,231.0,3890.2,7.0,3.0,87.0,853.0,168.0,1255.9,13.0
2018-06-09,libya,225.0,33.0,46.0,-84.0,0.0,0.0,20.0,2.0,2.0,-10.0,2.0
2018-06-09,scs,1858.0,195.0,237.0,1648.1,2.0,4.0,87.0,141.0,58.0,18.5,6.0
2018-06-09,southasia,7868.0,1182.0,1168.0,2955.6,29.0,19.0,433.0,29.0,8.0,88.9,0.0
2018-06-09,sudan,156.0,21.0,22.0,150.6,0.0,0.0,11.0,2.0,0.0,2.0,0.0
2018-06-09,taiwan,268.0,21.0,21.0,443.4,1.0,0.0,9.0,52.0,12.0,7.1,3.0
2018-06-09,ukraine,753.0,119.0,95.0,290.3,6.0,0.0,60.0,299.0,156.0,-358.1,66.0
2018-06-09,venezuela,124.0,24.0,11.0,84.9,0.0,0.0,3.0,12.0,7.0,-28.3,1.0
2018-06-09,yemen,218.0,35.0,98.0,-825.2,9.0,0.0,16.0,97.0,59.0,-379.9,6.0
2018-06-10,drc,46.0,3.0,10.0,-38.3,0.0,0.0,3.0,0.0,0.0,0.0,0.0
2018-06-10,europe_east,610.0,67.0,55.0,746.9,0.0,1.0,19.0,59.0,11.0,68.8,4.0
2018-06-10,iran,1995.0,284.0,241.0,2246.6,9.0,10.0,81.0,308.0,115.0,218.2,8.0
2018-06-10,israel,2849.0,510.0,560.0,-1586.8,12.0,7.0,157.0,674.0,356.0,-1557.2,35.0
2018-06-10,korea,4432.0,319.0,281.0,8977.6,24.0,16.0,118.0,1268.0,161.0,2548.5,30.0
2018-06-10,libya,231.0,31.0,28.0,271.2,0.0,0.0,8.0,1.0,0.0,0.4,0.0
2018-06-10,scs,1559.0,233.0,252.0,-168.2,6.0,1.0,72.0,214.0,48.0,219.4,8.0
2018-06-10,southasia,7042.0,1057.0,945.0,3385.3,42.0,10.0,347.0,22.0,7.0,2.2,1.0
2018-06-10,sudan,306.0,23.0,18.0,805.6,0.0,0.0,5.0,0.0,0.0,0.0,0.0
2018-06-10,taiwan,251.0,24.0,20.0,459.3,2.0,0.0,6.0,60.0,4.0,215.0,0.0
2018-06-10,ukraine,414.0,49.0,62.0,459.7,1.0,0.0,31.0,190.0,61.0,177.7,31.0
2018-06-10,venezuela,145.0,20.0,13.0,117.7,0.0,0.0,7.0,1.0,1.0,-10.0,0.0
2018-06-10,yemen,271.0,34.0,136.0,-1225.6,9.0,0.0,18.0,110.0,73.0,-523.4,9.0
2018-06-11,drc,90.0,8.0,16.0,-39.8,0.0,0.0,0.0,4.0,1.0,5.7,1.0
2018-06-11,europe_east,1305.0,98.0,137.0,1731.1,5.0,1.0,87.0,56.0,22.0,-15.3,10.0
2018-06-11,iran,1964.0,346.0,216.0,1718.7,10.0,4.0,113.0,353.0,143.0,43.0,18.0
2018-06-11,israel,4101.0,690.0,645.0,123.5,26.0,7.0,211.0,738.0,351.0,-1178.0,56.0
2018-06-11,korea,8509.0,735.0,554.0,15816.1,51.0,16.0,242.0,2866.0,376.0,5596.9,52.0
2018-06-11,libya,607.0,79.0,76.0,772.4,2.0,1.0,26.0,0.0,0.0,0.0,0.0
2018-06-11,scs,3564.0,523.0,659.0,-1092.7,12.0,9.0,206.0,412.0,180.0,-255.3,21.0
2018-06-11,southasia,9801.0,1609.0,1277.0,4139.3,30.0,11.0,491.0,39.0,12.0,23.0,5.0
2018-06-11,sudan,556.0,66.0,71.0,474.9,0.0,0.0,26.0,3.0,1.0,-2.4,0.0
2018-06-11,taiwan,507.0,35.0,33.0,974.9,1.0,0.0,24.0,65.0,15.0,83.8,7.0
2018-06-11,ukraine,992.0,91.0,73.0,1717.6,1.0,0.0,30.0,330.0,68.0,638.0,27.0
2018-06-11,venezuela,501.0,69.0,50.0,587.8,0.0,0.0,19.0,63.0,25.0,-40.4,3.0
2018-06-11,yemen,530.0,86.0,169.0,-971.9,16.0,0.0,31.0,126.0,74.0,-417.8,15.0
2018-06-12,drc,72.0,8.0,13.0,33.5,0.0,1.0,7.0,2.0,0.0,4.7,0.0
2018-06-12,europe_east,1506.0,99.0,127.0,1975.5,0.0,6.0,62.0,57.0,15.0,50.7,11.0
2018-06-12,iran,2301.0,349.0,262.0,3032.8,14.0,7.0,157.0,439.0,115.0,714.2,21.0
2018-06-12,israel,4575.0,747.0,669.0,750.0,11.0,12.0,310.0,761.0,294.0,-262.7,38.0
2018-06-12,korea,12970.0,1258.0,1151.0,21690.1,62.0,22.0,429.0,4159.0,755.0,6810.3,196.0
2018-06-12,libya,692.0,66.0,112.0,641.9,1.0,0.0,24.0,6.0,0.0,12.8,0.0
2018-06-12,scs,3385.0,471.0,538.0,520.5,19.0,15.0,177.0,351.0,143.0,-17.3,40.0
2018-06-12,southasia,9882.0,1599.0,1377.0,1996.7,31.0,21.0,550.0,60.0,30.0,-35.3,8.0
2018-06-12,sudan,521.0,49.0,55.0,777.6,0.0,8.0,25.0,4.0,4.0,-26.8,0.0
2018-06-12,taiwan,650.0,68.0,38.0,1229.6,1.0,4.0,22.0,260.0,40.0,466.1,4.0
2018-06-12,ukraine,1003.0,93.0,105.0,1585.4,1.0,4.0,59.0,293.0,55.0,630.6,13.0
2018-06-12,venezuela,730.0,95.0,101.0,383.7,1.0,0.0,25.0,81.0,29.0,-62.4,6.0
2018-06-12,yemen,688.0,125.0,184.0,-839.2,25.0,18.0,42.0,208.0,86.0,-177.5,16.0
2018-06-13,drc,81.0,12.0,13.0,79.1,0.0,1.0,4.0,1.0,0.0,7.4,0.0
2018-06-13,europe_east,1671.0,159.0,164.0,2058.6,4.0,43.0,64.0,107.0,31.0,88.0,9.0
2018-06-13,iran,2381.0,400.0,353.0,2017.9,8.0,9.0,215.0,506.0,195.0,-6.6,33.0
2018-06-13,israel,4782.0,867.0,810.0,-1204.4,14.0,3.0,337.0,871.0,447.0,-1360.4,66.0
2018-06-13,korea,10029.0,1067.0,888.0,16243.2,42.0,25.0,285.0,3042.0,568.0,5740.3,152.0
2018-06-13,libya,363.0,39.0,54.0,335.6,0.0,1.0,22.0,2.0,1.0,-9.6,0.0
2018-06-13,scs,3071.0,406.0,537.0,443.1,22.0,7.0,212.0,247.0,82.0,170.0,14.0
2018-06-13,southasia,10831.0,1823.0,1539.0,2894.6,30.0,25.0,646.0,86.0,48.0,-152.0,4.0
2018-06-13,sudan,585.0,69.0,70.0,863.3,0.0,4.0,30.0,63.0,11.0,132.7,0.0
2018-06-13,taiwan,560.0,72.0,28.0,711.8,0.0,3.0,17.0,160.0,35.0,262.3,3.0
2018-06-13,ukraine,1148.0,110.0,91.0,1854.2,0.0,0.0,62.0,174.0,68.0,37.6,26.0
2018-06-13,venezuela,557.0,67.0,74.0,455.8,2.0,0.0,22.0,57.0,13.0,56.5,4.0
2018-06-13,yemen,1405.0,206.0,408.0,-2019.7,24.0,13.0,46.0,552.0,319.0,-1987.1,12.0
2018-06-14,drc,74.0,11.0,7.0,38.5,0.0,1.0,3.0,1.0,0.0,7.4,0.0
2018-06-14,europe_east,1559.0,138.0,102.0,2197.4,7.0,6.0,51.0,61.0,14.0,49.7,6.0
2018-06-14,iran,2063.0,338.0,274.0,1788.8,5.0,2.0,131.0,333.0,155.0,-238.3,14.0
2018-06-14,israel,5092.0,1025.0,811.0,-803.2,23.0,6.0,313.0,847.0,490.0,-1999.3,73.0
2018-06-14,korea,7388.0,696.0,697.0,10910.3,51.0,14.0,202.0,2283.0,397.0,3829.0,105.0
2018-06-14,libya,476.0,60.0,139.0,-512.0,1.0,1.0,29.0,0.0,0.0,0.0,0.0
2018-06-14,scs,3149.0,511.0,474.0,839.2,12.0,5.0,225.0,343.0,131.0,26.9,25.0
2018-06-14,southasia,11194.0,1760.0,1843.0,288.4,19.0,16.0,528.0,131.0,69.0,-328.0,5.0
2018-06-14,sudan,412.0,58.0,45.0,643.0,1.0,0.0,24.0,12.0,0.0,84.0,0.0
2018-06-14,taiwan,400.0,69.0,34.0,464.3,1.0,0.0,28.0,128.0,45.0,97.6,10.0
2018-06-14,ukraine,870.0,70.0,121.0,518.2,0.0,3.0,52.0,247.0,74.0,-24.9,24.0
2018-06-14,venezuela,593.0,92.0,82.0,251.8,0.0,0.0,27.0,70.0,20.0,11.3,4.0
2018-06-14,yemen,1305.0,180.0,315.0,-1154.7,10.0,5.0,35.0,404.0,226.0,-1335.6,11.0
2018-06-15,drc,83.0,5.0,11.0,149.8,0.0,0.0,8.0,3.0,0.0,10.2,0.0
2018-06-15,europe_east,1599.0,126.0,137.0,1948.7,3.0,13.0,62.0,43.0,19.0,-55.8,15.0
2018-06-15,iran,1523.0,225.0,203.0,1095.4,9.0,4.0,87.0,244.0,96.0,15.4,6.0
2018-06-15,israel,3444.0,613.0,619.0,-624.8,8.0,11.0,216.0,584.0,272.0,-834.5,27.0
2018-06-15,korea,5012.0,455.0,542.0,7004.9,31.0,17.0,139.0,1550.0,297.0,2402.7,65.0
2018-06-15,libya,406.0,55.0,114.0,-459.5,2.0,1.0,15.0,2.0,2.0,-20.0,0.0
2018-06-15,scs,2778.0,370.0,399.0,1571.4,3.0,3.0,190.0,195.0,90.0,18.6,11.0
2018-06-15,southasia,11823.0,1998.0,2347.0,-6430.6,63.0,26.0,588.0,116.0,61.0,-365.0,6.0
2018-06-15,sudan,352.0,33.0,59.0,251.1,0.0,1.0,22.0,22.0,0.0,103.9,0.0
2018-06-15,taiwan,305.0,28.0,53.0,178.4,0.0,0.0,33.0,80.0,25.0,69.8,8.0
2018-06-15,ukraine,1014.0,158.0,145.0,694.7,3.0,2.0,82.0,282.0,120.0,-133.9,36.0
2018-06-15,venezuela,489.0,73.0,45.0,1021.0,0.0,0.0,13.0,48.0,15.0,37.4,0.0
2018-06-15,yemen,1039.0,129.0,261.0,-1063.0,5.0,3.0,22.0,309.0,135.0,-683.6,5.0
2018-06-16,drc,28.0,1.0,4.0,32.8,0.0,0.0,1.0,2.0,0.0,4.7,0.0
2018-06-16,europe_east,533.0,81.0,73.0,288.2,1.0,1.0,48.0,38.0,16.0,-48.9,11.0
2018-06-16,iran,764.0,107.0,163.0,-394.7,5.0,2.0,60.0,148.0,84.0,-244.5,7.0
2018-06-16,israel,2224.0,368.0,389.0,-181.3,10.0,5.0,151.0,404.0,212.0,-850.8,32.0
2018-06-16,korea,2257.0,206.0,258.0,2903.0,11.0,10.0,72.0,734.0,137.0,1150.0,32.0
2018-06-16,libya,256.0,38.0,51.0,35.6,2.0,0.0,13.0,2.0,2.0,-10.0,2.0
2018-06-16,scs,1670.0,214.0,292.0,451.1,9.0,1.0,148.0,76.0,30.0,9.7,3.0
2018-06-16,southasia,8287.0,1161.0,1640.0,-3801.9,41.0,26.0,438.0,58.0,44.0,-293.6,8.0
2018-06-16,sudan,167.0,25.0,18.0,209.5,0.0,3.0,8.0,6.0,2.0,14.6,0.0
2018-06-16,taiwan,217.0,16.0,20.0,468.4,1.0,0.0,13.0,63.0,24.0,22.4,1.0
2018-06-16,ukraine,388.0,64.0,59.0,189.3,0.0,0.0,31.0,118.0,51.0,-137.6,17.0
2018-06-16,venezuela,340.0,71.0,67.0,-255.0,4.0,0.0,23.0,25.0,6.0,6.7,1.0
2018-06-16,yemen,959.0,98.0,234.0,-516.0,0.0,4.0,24.0,234.0,131.0,-728.9,7.0
2018-06-17,drc,31.0,3.0,3.0,45.8,0.0,0.0,0.0,4.0,0.0,19.5,0.0
2018-06-17,europe_east,340.0,48.0,35.0,302.0,1.0,0.0,30.0,13.0,4.0,18.2,0.0
2018-06-17,iran,793.0,169.0,119.0,306.9,7.0,1.0,57.0,174.0,53.0,208.8,3.0
2018-06-17,israel,2426.0,386.0,496.0,-1211.3,27.0,6.0,195.0,468.0,243.0,-827.4,57.0
2018-06-17,korea,1974.0,162.0,237.0,2465.2,12.0,14.0,79.0,597.0,107.0,1005.9,36.0
2018-06-17,libya,262.0,28.0,41.0,150.4,1.0,1.0,5.0,0.0,0.0,0.0,0.0
2018-06-17,scs,1483.0,210.0,196.0,971.7,0.0,2.0,94.0,60.0,19.0,91.3,0.0
2018-06-17,southasia,6100.0,933.0,974.0,490.6,38.0,17.0,279.0,32.0,12.0,4.8,0.0
2018-06-17,sudan,239.0,35.0,20.0,293.9,0.0,0.0,10.0,0.0,0.0,0.0,0.0
2018-06-17,taiwan,149.0,15.0,13.0,236.6,0.0,0.0,11.0,48.0,16.0,53.4,1.0
2018-06-17,ukraine,308.0,46.0,69.0,-209.4,0.0,2.0,27.0,83.0,44.0,-178.3,5.0
2018-06-17,venezuela,587.0,78.0,57.0,676.4,1.0,1.0,23.0,19.0,0.0,38.4,0.0
2018-06-17,yemen,729.0,72.0,194.0,-559.3,7.0,3.0,23.0,140.0,85.0,-481.2,5.0
2018-06-18,drc,46.0,4.0,11.0,-52.9,0.0,0.0,1.0,4.0,0.0,9.4,0.0
2018-06-18,europe_east,1190.0,131.0,127.0,1554.1,4.0,4.0,65.0,45.0,12.0,6.8,0.0
2018-06-18,iran,1910.0,313.0,294.0,729.3,15.0,0.0,146.0,664.0,251.0,-420.4,113.0
2018-06-18,israel,4336.0,681.0,899.0,-1855.5,49.0,10.0,358.0,1176.0,564.0,-2113.2,167.0
2018-06-18,korea,2723.0,303.0,340.0,3148.5,10.0,12.0,113.0,656.0,136.0,912.6,30.0
2018-06-18,libya,396.0,29.0,92.0,-134.0,2.0,0.0,19.0,5.0,2.0,-11.8,0.0
2018-06-18,scs,2856.0,392.0,590.0,-851.3,17.0,8.0,255.0,138.0,42.0,42.5,4.0
2018-06-18,southasia,9123.0,1449.0,1397.0,703.6,30.0,13.0,473.0,51.0,20.0,-90.3,3.0
2018-06-18,sudan,445.0,90.0,73.0,-22.7,1.0,0.0,23.0,2.0,0.0,8.0,0.0
2018-06-18,taiwan,253.0,29.0,17.0,387.0,0.0,0.0,9.0,44.0,15.0,-3.5,5.0
2018-06-18,ukraine,722.0,96.0,111.0,294.5,1.0,1.0,51.0,153.0,89.0,-364.5,17.0
2018-06-18,venezuela,561.0,80.0,41.0,545.3,0.0,1.0,18.0,35.0,5.0,9.9,0.0
2018-06-18,yemen,804.0,137.0,242.0,-1190.8,8.0,5.0,50.0,220.0,126.0,-668.8,14.0
2018-06-19,drc,39.0,3.0,10.0,-21.9,0.0,1.0,3.0,2.0,0.0,12.8,0.0
2018-06-19,europe_east,1058.0,111.0,97.0,1387.9,0.0,3.0,40.0,32.0,0.0,64.2,0.0
2018-06-19,iran,2118.0,431.0,322.0,465.0,16.0,3.0,179.0,551.0,240.0,-325.6,106.0
2018-06-19,israel,5100.0,898.0,889.0,410.7,35.0,8.0,394.0,1003.0,526.0,-1869.6,153.0
2018-06-19,korea,3689.0,333.0,506.0,4598.0,9.0,15.0,209.0,840.0,203.0,1165.3,43.0
2018-06-19,libya,476.0,43.0,73.0,332.6,0.0,0.0,29.0,1.0,0.0,3.5,0.0
2018-06-19,scs,2936.0,462.0,451.0,798.5,18.0,1.0,217.0,112.0,49.0,-65.1,5.0
2018-06-19,southasia,10448.0,1755.0,1418.0,5213.6,30.0,20.0,520.0,53.0,10.0,85.9,3.0
2018-06-19,sudan,629.0,57.0,108.0,270.3,0.0,1.0,28.0,1.0,1.0,-2.0,0.0
2018-06-19,taiwan,406.0,53.0,40.0,307.1,1.0,0.0,18.0,91.0,25.0,60.5,5.0
2018-06-19,ukraine,726.0,63.0,119.0,545.8,3.0,3.0,52.0,163.0,61.0,-80.6,23.0
2018-06-19,venezuela,490.0,88.0,50.0,473.9,0.0,2.0,33.0,62.0,26.0,6.2,0.0
2018-06-19,yemen,940.0,101.0,306.0,-1538.0,10.0,7.0,55.0,225.0,113.0,-702.3,9.0
2018-06-20,drc,52.0,1.0,11.0,22.7,0.0,2.0,9.0,2.0,0.0,4.7,0.0
2018-06-20,europe_east,1235.0,109.0,130.0,1669.1,4.0,4.0,72.0,28.0,12.0,-18.2,0.0
2018-06-20,iran,1961.0,387.0,281.0,488.9,13.0,11.0,138.0,339.0,123.0,-211.1,19.0
2018-06-20,israel,5504.0,1193.0,851.0,-229.4,47.0,10.0,265.0,989.0,552.0,-2850.6,66.0
2018-06-20,korea,3065.0,299.0,340.0,4032.2,19.0,13.0,140.0,672.0,151.0,816.8,61.0
2018-06-20,libya,577.0,71.0,141.0,-285.0,3.0,0.0,31.0,6.0,0.0,24.2,0.0
2018-06-20,scs,2878.0,371.0,430.0,2013.7,4.0,1.0,184.0,103.0,32.0,45.3,2.0
2018-06-20,southasia,10658.0,1659.0,1499.0,4399.5,32.0,26.0,589.0,29.0,7.0,24.2,3.0
2018-06-20,sudan,855.0,61.0,73.0,1314.8,0.0,0.0,14.0,46.0,3.0,80.0,0.0
2018-06-20,taiwan,335.0,31.0,33.0,428.3,0.0,0.0,21.0,63.0,16.0,83.8,1.0
2018-06-20,ukraine,913.0,77.0,116.0,1066.7,0.0,5.0,56.0,98.0,36.0,-49.2,17.0
2018-06-20,venezuela,614.0,145.0,41.0,550.3,0.0,0.0,31.0,97.0,63.0,-102.0,6.0
2018-06-20,yemen,1003.0,129.0,341.0,-1896.7,12.0,3.0,48.0,234.0,121.0,-623.0,11.0
2018-06-21,drc,61.0,7.0,3.0,108.6,0.0,0.0,3.0,3.0,0.0,27.4,0.0
2018-06-21,europe_east,1372.0,153.0,201.0,1039.6,2.0,3.0,122.0,93.0,34.0,51.1,4.0
2018-06-21,iran,1738.0,307.0,233.0,1058.1,8.0,5.0,105.0,348.0,132.0,-156.5,31.0
2018-06-21,israel,5748.0,1006.0,1037.0,-1114.6,39.0,17.0,412.0,979.0,537.0,-2578.8,107.0
2018-06-21,korea,3248.0,346.0,360.0,4394.7,25.0,5.0,152.0,890.0,254.0,810.6,55.0
2018-06-21,libya,566.0,61.0,153.0,-397.6,3.0,3.0,21.0,12.0,5.0,-38.2,0.0
2018-06-21,scs,3037.0,369.0,375.0,2636.5,8.0,17.0,173.0,120.0,45.0,49.1,10.0
2018-06-21,southasia,10228.0,1517.0,1211.0,7718.8,19.0,40.0,490.0,39.0,22.0,-32.0,1.0
2018-06-21,sudan,849.0,94.0,79.0,1233.0,1.0,2.0,35.0,25.0,6.0,18.0,1.0
2018-06-21,taiwan,335.0,23.0,18.0,620.9,0.0,0.0,9.0,44.0,7.0,40.4,2.0
2018-06-21,ukraine,881.0,97.0,108.0,669.3,1.0,3.0,64.0,235.0,112.0,-310.9,32.0
2018-06-21,venezuela,417.0,74.0,65.0,68.9,0.0,0.0,26.0,73.0,35.0,-97.8,5.0
2018-06-21,yemen,667.0,87.0,224.0,-1374.3,10.0,0.0,33.0,147.0,70.0,-319.8,4.0
2018-06-22,drc,76.0,6.0,4.0,157.3,0.0,0.0,4.0,9.0,0.0,18.4,0.0
2018-06-22,europe_east,1327.0,172.0,175.0,1081.8,2.0,8.0,89.0,41.0,11.0,24.8,0.0
2018-06-22,iran,2237.0,362.0,282.0,1466.9,9.0,9.0,135.0,384.0,136.0,-30.4,23.0
2018-06-22,israel,4774.0,774.0,791.0,295.5,13.0,2.0,291.0,942.0,451.0,-1578.4,50.0
2018-06-22,korea,2821.0,248.0,289.0,4414.6,17.0,1.0,122.0,770.0,153.0,1426.2,32.0
2018-06-22,libya,539.0,66.0,109.0,93.9,1.0,0.0,41.0,6.0,2.0,-12.2,0.0
2018-06-22,scs,2549.0,282.0,446.0,770.2,3.0,9.0,221.0,47.0,8.0,81.8,0.0
2018-06-22,southasia,10237.0,1701.0,1511.0,2415.6,19.0,24.0,592.0,39.0,11.0,-0.8,2.0
2018-06-22,sudan,980.0,186.0,62.0,1157.5,5.0,1.0,31.0,15.0,7.0,-26.0,5.0
2018-06-22,taiwan,330.0,28.0,27.0,504.1,0.0,0.0,9.0,55.0,20.0,12.0,3.0
2018-06-22,ukraine,1019.0,119.0,114.0,1509.9,0.0,3.0,58.0,213.0,117.0,-412.6,31.0
2018-06-22,venezuela,379.0,47.0,64.0,99.8,0.0,0.0,31.0,46.0,20.0,3.2,4.0
2018-06-22,yemen,740.0,110.0,214.0,-1117.7,11.0,0.0,50.0,108.0,60.0,-316.9,4.0
2018-06-23,drc,15.0,2.0,4.0,-12.3,0.0,0.0,1.0,1.0,1.0,-5.0,1.0
2018-06-23,europe_east,437.0,47.0,69.0,245.7,1.0,0.0,41.0,22.0,8.0,20.4,0.0
2018-06-23,iran,1220.0,185.0,167.0,1674.2,0.0,0.0,80.0,150.0,56.0,19.0,0.0
2018-06-23,israel,2594.0,381.0,417.0,273.0,3.0,0.0,147.0,455.0,185.0,-419.3,23.0
2018-06-23,korea,1824.0,178.0,243.0,1905.7,3.0,22.0,78.0,537.0,130.0,750.1,38.0
2018-06-23,libya,197.0,33.0,38.0,-44.8,0.0,0.0,11.0,3.0,1.0,-3.2,0.0
2018-06-23,scs,1655.0,209.0,203.0,1357.6,5.0,5.0,116.0,81.0,26.0,80.4,5.0
2018-06-23,southasia,9214.0,1559.0,1665.0,-2217.2,10.0,25.0,651.0,60.0,27.0,-90.1,18.0
2018-06-23,sudan,381.0,78.0,25.0,367.6,0.0,2.0,4.0,5.0,2.0,-10.0,0.0
2018-06-23,taiwan,212.0,23.0,16.0,342.0,0.0,0.0,5.0,23.0,8.0,27.7,0.0
2018-06-23,ukraine,559.0,72.0,52.0,637.8,0.0,0.0,29.0,46.0,22.0,-45.8,5.0
2018-06-23,venezuela,264.0,48.0,26.0,126.4,2.0,0.0,12.0,32.0,10.0,49.4,0.0
2018-06-23,yemen,531.0,69.0,96.0,138.2,0.0,0.0,18.0,126.0,38.0,-9.5,0.0
2018-06-24,drc,4.0,1.0,0.0,7.8,0.0,0.0,0.0,7.0,7.0,-54.0,0.0
2018-06-24,europe_east,508.0,85.0,63.0,228.4,0.0,0.0,27.0,30.0,10.0,55.1,0.0
2018-06-24,iran,1005.0,134.0,142.0,1421.9,1.0,2.0,53.0,185.0,64.0,206.1,3.0
2018-06-24,israel,3828.0,501.0,532.0,1808.9,12.0,3.0,149.0,866.0,368.0,-1245.5,44.0
2018-06-24,korea,1421.0,163.0,184.0,1606.3,5.0,14.0,68.0,396.0,97.0,472.2,15.0
2018-06-24,libya,300.0,43.0,37.0,591.4,0.0,0.0,16.0,11.0,0.0,35.0,0.0
2018-06-24,scs,1545.0,192.0,223.0,1004.6,5.0,3.0,100.0,87.0,18.0,174.4,5.0
2018-06-24,southasia,8075.0,1327.0,1420.0,-1549.7,23.0,13.0,580.0,34.0,6.0,62.1,2.0
2018-06-24,sudan,372.0,53.0,57.0,257.6,0.0,3.0,22.0,7.0,3.0,2.0,0.0
2018-06-24,taiwan,194.0,17.0,16.0,354.8,0.0,3.0,3.0,37.0,15.0,-28.5,9.0
2018-06-24,ukraine,345.0,69.0,64.0,-168.1,2.0,2.0,23.0,50.0,19.0,5.1,7.0
2018-06-24,venezuela,145.0,16.0,21.0,52.1,0.0,0.0,6.0,25.0,10.0,-15.3,2.0
2018-06-24,yemen,322.0,38.0,88.0,-292.4,0.0,3.0,13.0,67.0,44.0,-297.0,6.0
2018-06-25,drc,33.0,6.0,0.0,37.4,0.0,0.0,0.0,4.0,0.0,16.0,0.0
2018-06-25,europe_east,1191.0,137.0,91.0,1926.5,3.0,4.0,59.0,28.0,8.0,-14.8,0.0
2018-06-25,iran,1434.0,222.0,210.0,1085.6,3.0,1.0,82.0,196.0,69.0,130.6,5.0
2018-06-25,israel,4501.0,549.0,597.0,3158.1,6.0,7.0,231.0,891.0,298.0,-45.3,49.0
2018-06-25,korea,2362.0,214.0,214.0,3691.1,13.0,22.0,94.0,731.0,113.0,1271.7,55.0
2018-06-25,libya,910.0,122.0,89.0,1268.5,2.0,0.0,32.0,11.0,0.0,28.9,0.0
2018-06-25,scs,2100.0,328.0,278.0,1277.4,3.0,7.0,117.0,73.0,5.0,136.6,1.0
2018-06-25,southasia,9875.0,1564.0,1522.0,2344.7,23.0,29.0,624.0,37.0,12.0,-14.0,4.0
2018-06-25,sudan,888.0,87.0,84.0,1370.7,3.0,0.0,59.0,12.0,8.0,-45.3,2.0
2018-06-25,taiwan,310.0,39.0,13.0,553.2,4.0,0.0,5.0,71.0,12.0,144.2,2.0
2018-06-25,ukraine,930.0,128.0,144.0,335.0,2.0,0.0,73.0,210.0,78.0,42.5,27.0
2018-06-25,venezuela,352.0,62.0,61.0,32.5,0.0,0.0,42.0,32.0,17.0,-62.0,3.0
2018-06-25,yemen,580.0,45.0,190.0,-815.7,0.0,4.0,22.0,164.0,107.0,-710.7,17.0
2018-06-26,drc,79.0,21.0,6.0,-2.8,0.0,2.0,0.0,10.0,3.0,-1.6,0.0
2018-06-26,europe_east,1493.0,183.0,132.0,1767.2,3.0,6.0,75.0,48.0,11.0,47.1,2.0
2018-06-26,iran,2552.0,447.0,521.0,-367.6,7.0,2.0,252.0,530.0,189.0,69.2,23.0
2018-06-26,israel,4531.0,578.0,723.0,1631.3,13.0,6.0,271.0,1074.0,509.0,-1716.8,34.0
2018-06-26,korea,2007.0,215.0,272.0,2163.7,7.0,5.0,141.0,508.0,105.0,839.5,45.0
2018-06-26,libya,895.0,107.0,77.0,1467.6,3.0,0.0,45.0,8.0,2.0,6.9,0.0
2018-06-26,scs,2959.0,440.0,319.0,2715.7,2.0,0.0,126.0,86.0,15.0,86.0,1.0
2018-06-26,southasia,10333.0,1873.0,1375.0,3556.5,26.0,24.0,596.0,52.0,20.0,-45.9,1.0
2018-06-26,sudan,1102.0,155.0,192.0,604.2,0.0,0.0,61.0,18.0,6.0,44.7,2.0
2018-06-26,taiwan,553.0,65.0,47.0,717.0,1.0,5.0,10.0,137.0,42.0,46.5,4.0
2018-06-26,ukraine,1387.0,193.0,167.0,1101.8,3.0,1.0,86.0,245.0,94.0,36.6,41.0
2018-06-26,venezuela,553.0,86.0,144.0,-462.0,0.0,0.0,97.0,74.0,44.0,-138.1,20.0
2018-06-26,yemen,896.0,107.0,271.0,-717.4,5.0,6.0,112.0,196.0,101.0,-402.9,28.0
2018-06-27,drc,60.0,15.0,8.0,-8.6,0.0,0.0,2.0,1.0,1.0,-9.0,0.0
2018-06-27,europe_east,1976.0,319.0,166.0,2140.8,3.0,6.0,94.0,71.0,8.0,149.9,0.0
2018-06-27,iran,2471.0,457.0,573.0,-1120.2,3.0,7.0,356.0,458.0,197.0,-72.5,48.0
2018-06-27,israel,4574.0,611.0,692.0,1960.2,11.0,5.0,268.0,911.0,410.0,-1276.5,39.0
2018-06-27,korea,2421.0,243.0,294.0,2938.5,6.0,2.0,155.0,512.0,117.0,562.2,49.0
2018-06-27,libya,738.0,88.0,158.0,55.2,1.0,1.0,64.0,4.0,0.0,22.7,0.0
2018-06-27,scs,3312.0,389.0,407.0,3700.3,6.0,0.0,179.0,103.0,14.0,242.5,2.0
2018-06-27,southasia,10311.0,1609.0,1472.0,3899.2,22.0,28.0,592.0,39.0,29.0,-227.2,2.0
2018-06-27,sudan,991.0,129.0,142.0,1415.0,0.0,1.0,48.0,22.0,1.0,72.4,0.0
2018-06-27,taiwan,579.0,69.0,57.0,916.7,1.0,0.0,12.0,133.0,44.0,86.0,8.0
2018-06-27,ukraine,1137.0,176.0,151.0,860.3,9.0,3.0,58.0,214.0,83.0,-11.9,24.0
2018-06-27,venezuela,578.0,95.0,122.0,-103.2,0.0,0.0,81.0,121.0,56.0,-29.4,35.0
2018-06-27,yemen,662.0,67.0,155.0,157.1,2.0,3.0,49.0,151.0,104.0,-496.6,42.0
2018-06-28,drc,61.0,0.0,4.0,121.8,0.0,2.0,0.0,2.0,0.0,10.0,0.0
2018-06-28,europe_east,2278.0,234.0,193.0,4630.6,1.0,7.0,93.0,489.0,32.0,1310.5,0.0
2018-06-28,iran,2210.0,374.0,341.0,1020.1,3.0,9.0,208.0,474.0,190.0,190.3,23.0
2018-06-28,israel,4866.0,625.0,777.0,1006.2,38.0,9.0,320.0,790.0,330.0,-981.7,29.0
2018-06-28,korea,2411.0,257.0,285.0,2937.6,14.0,4.0,121.0,466.0,106.0,788.9,27.0
2018-06-28,libya,827.0,106.0,144.0,443.7,8.0,0.0,62.0,8.0,1.0,8.1,0.0
2018-06-28,scs,2913.0,361.0,327.0,2840.6,7.0,3.0,132.0,101.0,19.0,146.4,5.0
2018-06-28,southasia,11259.0,1805.0,1589.0,4089.9,36.0,29.0,684.0,79.0,51.0,-326.6,6.0
2018-06-28,sudan,996.0,63.0,210.0,715.1,0.0,3.0,27.0,8.0,3.0,-11.2,0.0
2018-06-28,taiwan,497.0,65.0,49.0,671.3,0.0,0.0,40.0,174.0,62.0,10.9,14.0
2018-06-28,ukraine,948.0,110.0,136.0,646.1,5.0,0.0,60.0,230.0,105.0,-326.6,22.0
2018-06-28,venezuela,626.0,79.0,68.0,835.6,0.0,0.0,43.0,126.0,20.0,221.9,6.0
2018-06-28,yemen,552.0,71.0,185.0,-840.4,3.0,1.0,64.0,119.0,64.0,-355.3,8.0
2018-06-29,drc,12.0,2.0,0.0,35.1,0.0,0.0,0.0,0.0,0.0,0.0,0.0
2018-06-29,europe_east,1803.0,184.0,130.0,3557.9,6.0,6.0,61.0,340.0,24.0,785.2,1.0
2018-06-29,iran,1683.0,265.0,289.0,719.5,1.0,3.0,173.0,339.0,140.0,49.5,8.0
2018-06-29,israel,3868.0,589.0,606.0,646.7,11.0,3.0,226.0,796.0,302.0,-334.2,25.0
2018-06-29,korea,2059.0,193.0,268.0,2452.8,17.0,10.0,124.0,570.0,105.0,1012.2,25.0
2018-06-29,libya,719.0,99.0,102.0,579.7,5.0,2.0,23.0,13.0,0.0,38.9,0.0
2018-06-29,scs,3249.0,438.0,485.0,1971.5,7.0,2.0,232.0,49.0,15.0,57.4,5.0
2018-06-29,southasia,9894.0,1610.0,1430.0,3495.4,30.0,23.0,633.0,45.0,24.0,-69.1,7.0
2018-06-29,sudan,780.0,93.0,131.0,610.0,0.0,2.0,25.0,17.0,7.0,35.0,0.0
2018-06-29,taiwan,304.0,39.0,22.0,541.1,0.0,0.0,4.0,56.0,27.0,-4.6,0.0
2018-06-29,ukraine,959.0,98.0,129.0,768.9,0.0,0.0,45.0,231.0,110.0,-316.6,19.0
2018-06-29,venezuela,448.0,65.0,58.0,461.4,1.0,0.0,36.0,125.0,30.0,222.8,5.0
2018-06-29,yemen,409.0,66.0,104.0,-354.7,4.0,3.0,19.0,98.0,48.0,-213.3,6.0
2018-06-30,drc,4.0,0.0,0.0,3.4,0.0,0.0,0.0,0.0,0.0,0.0,0.0
2018-06-30,europe_east,767.0,103.0,54.0,1311.7,1.0,4.0,29.0,102.0,5.0,249.8,2.0
2018-06-30,iran,1504.0,231.0,196.0,1153.5,2.0,0.0,94.0,219.0,82.0,225.1,7.0
2018-06-30,israel,2404.0,341.0,458.0,-346.9,20.0,7.0,163.0,531.0,235.0,-587.4,28.0
2018-06-30,korea,1281.0,137.0,116.0,1882.4,9.0,7.0,35.0,356.0,59.0,725.4,11.0
2018-06-30,libya,523.0,92.0,33.0,733.8,4.0,1.0,11.0,9.0,0.0,44.0,0.0
2018-06-30,scs,1948.0,228.0,232.0,2066.9,7.0,2.0,108.0,54.0,8.0,158.4,0.0
2018-06-30,southasia,7668.0,1281.0,1019.0,3622.5,5.0,14.0,412.0,59.0,11.0,114.8,0.0
2018-06-30,sudan,485.0,85.0,71.0,415.0,0.0,0.0,13.0,7.0,2.0,7.5,0.0
2018-06-30,taiwan,230.0,26.0,18.0,406.1,0.0,0.0,13.0,30.0,5.0,75.7,1.0
2018-06-30,ukraine,501.0,63.0,62.0,345.4,0.0,1.0,23.0,206.0,74.0,-50.8,12.0
2018-06-30,venezuela,263.0,31.0,43.0,91.5,0.0,4.0,33.0,42.0,10.0,76.2,2.0
2018-06-30,yemen,243.0,28.0,64.0,-167.2,4.0,3.0,8.0,63.0,43.0,-283.1,2.0
2018-07-01,drc,32.0,0.0,4.0,60.6,0.0,0.0,0.0,0.0,0.0,0.0,0.0
2018-07-01,europe_east,497.0,71.0,49.0,468.3,1.0,1.0,21.0,94.0,4.0,282.5,0.0
2018-07-01,iran,1590.0,307.0,199.0,714.1,5.0,7.0,88.0,256.0,77.0,318.7,2.0
2018-07-01,israel,2783.0,339.0,562.0,-155.3,5.0,27.0,236.0,689.0,332.0,-1029.8,83.0
2018-07-01,korea,1404.0,156.0,117.0,1927.7,1.0,4.0,53.0,359.0,61.0,565.3,4.0
2018-07-01,libya,377.0,39.0,22.0,752.0,2.0,0.0,14.0,5.0,0.0,22.5,0.0
2018-07-01,scs,1688.0,200.0,188.0,1989.6,5.0,2.0,73.0,39.0,10.0,30.8,6.0
2018-07-01,southasia,6568.0,990.0,866.0,2962.8,14.0,11.0,301.0,32.0,17.0,-62.4,7.0
2018-07-01,sudan,670.0,134.0,89.0,497.1,0.0,4.0,30.0,6.0,1.0,-0.1,0.0
2018-07-01,taiwan,163.0,15.0,8.0,421.1,0.0,0.0,8.0,22.0,4.0,23.1,1.0
2018-07-01,ukraine,284.0,56.0,40.0,15.4,0.0,0.0,14.0,80.0,31.0,-73.7,0.0
2018-07-01,venezuela,185.0,39.0,25.0,-31.5,0.0,0.0,13.0,31.0,13.0,-30.9,2.0
2018-07-01,yemen,407.0,69.0,102.0,-401.2,21.0,0.0,16.0,74.0,43.0,-213.1,21.0
2018-07-02,drc,45.0,13.0,1.0,18.7,0.0,0.0,0.0,0.0,0.0,0.0,0.0
2018-07-02,europe_east,1263.0,143.0,83.0,2234.0,3.0,2.0,60.0,147.0,11.0,327.2,0.0
2018-07-02,iran,2522.0,424.0,353.0,1540.0,26.0,7.0,218.0,348.0,130.0,303.3,12.0
2018-07-02,israel,4391.0,650.0,796.0,615.5,16.0,24.0,351.0,876.0,371.0,-622.1,66.0
2018-07-02,korea,2783.0,269.0,195.0,4699.4,5.0,7.0,87.0,794.0,119.0,1622.2,27.0
2018-07-02,libya,468.0,48.0,81.0,375.9,0.0,0.0,37.0,8.0,0.0,13.5,0.0
2018-07-02,scs,3232.0,380.0,631.0,-290.8,5.0,0.0,177.0,57.0,25.0,22.5,4.0
2018-07-02,southasia,9682.0,1550.0,1447.0,2567.3,13.0,37.0,469.0,42.0,15.0,-10.1,2.0
2018-07-02,sudan,721.0,107.0,138.0,-49.5,0.0,5.0,25.0,13.0,5.0,-34.3,0.0
2018-07-02,taiwan,301.0,22.0,24.0,503.5,2.0,0.0,11.0,69.0,28.0,-85.1,9.0
2018-07-02,ukraine,714.0,107.0,113.0,194.3,4.0,1.0,42.0,224.0,73.0,37.1,16.0
2018-07-02,venezuela,273.0,50.0,28.0,282.4,0.0,1.0,19.0,71.0,19.0,90.0,2.0
2018-07-02,yemen,396.0,54.0,93.0,-163.7,6.0,1.0,25.0,80.0,33.0,-91.9,18.0
2018-07-03,drc,59.0,11.0,9.0,11.3,0.0,0.0,4.0,0.0,0.0,0.0,0.0
2018-07-03,europe_east,1557.0,168.0,151.0,1723.6,7.0,8.0,53.0,155.0,9.0,447.1,3.0
2018-07-03,iran,2858.0,507.0,379.0,2065.5,39.0,3.0,188.0,486.0,190.0,191.9,20.0
2018-07-03,israel,4054.0,628.0,672.0,679.3,15.0,4.0,282.0,895.0,429.0,-1118.0,60.0
2018-07-03,korea,2302.0,195.0,154.0,4507.1,14.0,6.0,68.0,792.0,91.0,2194.1,23.0
2018-07-03,libya,530.0,49.0,83.0,322.3,1.0,1.0,31.0,12.0,1.0,38.6,0.0
2018-07-03,scs,3282.0,354.0,671.0,-699.9,12.0,0.0,132.0,45.0,16.0,54.0,0.0
2018-07-03,southasia,10189.0,1644.0,1364.0,3974.9,18.0,19.0,628.0,48.0,17.0,-7.1,0.0
2018-07-03,sudan,501.0,83.0,58.0,571.0,5.0,1.0,19.0,7.0,1.0,3.4,0.0
2018-07-03,taiwan,356.0,47.0,23.0,539.6,1.0,0.0,14.0,114.0,33.0,124.9,15.0
2018-07-03,ukraine,891.0,122.0,149.0,343.6,1.0,4.0,65.0,256.0,123.0,-249.5,21.0
2018-07-03,venezuela,453.0,54.0,60.0,737.2,0.0,0.0,42.0,65.0,13.0,114.2,2.0
2018-07-03,yemen,515.0,73.0,169.0,-961.6,4.0,0.0,29.0,133.0,76.0,-303.2,9.0
2018-07-04,drc,33.0,5.0,17.0,-163.3,0.0,0.0,1.0,4.0,0.0,9.4,0.0
2018-07-04,europe_east,1781.0,346.0,113.0,1635.1,9.0,5.0,56.0,153.0,19.0,276.8,6.0
2018-07-04,iran,3115.0,452.0,415.0,3355.2,31.0,8.0,276.0,515.0,207.0,-92.5,38.0
2018-07-04,israel,3829.0,632.0,724.0,-1235.9,28.0,5.0,328.0,809.0,362.0,-956.4,93.0
2018-07-04,korea,1536.0,184.0,114.0,2385.7,8.0,4.0,56.0,413.0,88.0,694.0,7.0
2018-07-04,libya,320.0,43.0,52.0,131.1,1.0,0.0,13.0,0.0,0.0,0.0,0.0
2018-07-04,scs,2921.0,320.0,534.0,296.7,4.0,1.0,100.0,26.0,5.0,57.3,0.0
2018-07-04,southasia,9556.0,1479.0,1279.0,3951.2,22.0,15.0,508.0,26.0,13.0,-47.7,2.0
2018-07-04,sudan,570.0,87.0,111.0,81.0,2.0,3.0,30.0,3.0,0.0,16.0,0.0
2018-07-04,taiwan,332.0,43.0,61.0,98.5,0.0,0.0,34.0,56.0,23.0,-33.3,14.0
2018-07-04,ukraine,890.0,137.0,131.0,338.6,1.0,2.0,51.0,176.0,79.0,-70.2,24.0
2018-07-04,venezuela,328.0,55.0,28.0,371.5,1.0,0.0,11.0,81.0,16.0,148.9,0.0
2018-07-04,yemen,533.0,54.0,148.0,-380.5,0.0,7.0,10.0,99.0,60.0,-362.3,4.0
2018-07-05,drc,74.0,6.0,17.0,18.6,0.0,0.0,4.0,6.0,4.0,-25.0,0.0
2018-07-05,europe_east,1895.0,315.0,140.0,2003.6,7.0,7.0,74.0,151.0,9.0,377.2,1.0
2018-07-05,iran,2944.0,467.0,449.0,2576.5,30.0,15.0,297.0,639.0,248.0,-153.0,51.0
2018-07-05,israel,4440.0,673.0,928.0,-1638.8,23.0,23.0,450.0,1118.0,573.0,-2559.1,169.0
2018-07-05,korea,1815.0,148.0,125.0,3441.0,4.0,5.0,67.0,481.0,74.0,867.6,12.0
2018-07-05,libya,418.0,72.0,65.0,-17.9,0.0,0.0,19.0,8.0,4.0,-14.3,0.0
2018-07-05,scs,2907.0,338.0,435.0,1240.3,6.0,2.0,147.0,93.0,22.0,175.0,4.0
2018-07-05,southasia,9977.0,1545.0,1375.0,4892.2,11.0,15.0,634.0,13.0,4.0,-6.5,0.0
2018-07-05,sudan,608.0,63.0,89.0,748.8,0.0,3.0,27.0,4.0,0.0,30.0,0.0
2018-07-05,taiwan,421.0,64.0,42.0,471.1,2.0,0.0,34.0,191.0,53.0,182.3,6.0
2018-07-05,ukraine,976.0,124.0,162.0,531.8,0.0,5.0,98.0,261.0,100.0,-23.9,32.0
2018-07-05,venezuela,543.0,109.0,61.0,309.2,4.0,1.0,24.0,133.0,41.0,45.0,2.0
2018-07-05,yemen,415.0,37.0,88.0,12.3,1.0,3.0,14.0,73.0,39.0,-150.9,1.0
2018-07-06,drc,70.0,19.0,15.0,-127.2,0.0,0.0,8.0,20.0,16.0,-140.0,2.0
2018-07-06,europe_east,1784.0,178.0,146.0,2783.6,2.0,7.0,51.0,157.0,18.0,290.2,8.0
2018-07-06,iran,2373.0,362.0,318.0,2132.5,20.0,3.0,174.0,361.0,142.0,86.1,20.0
2018-07-06,israel,3622.0,562.0,793.0,-2021.1,27.0,14.0,340.0,871.0,426.0,-1738.4,96.0
2018-07-06,korea,2434.0,221.0,163.0,4446.7,10.0,6.0,76.0,786.0,91.0,1883.2,10.0
2018-07-06,libya,462.0,50.0,90.0,114.6,1.0,3.0,39.0,11.0,7.0,-24.2,4.0
2018-07-06,scs,2577.0,280.0,416.0,1145.2,9.0,4.0,165.0,43.0,5.0,86.2,0.0
2018-07-06,southasia,10308.0,1576.0,1713.0,3107.8,9.0,31.0,994.0,66.0,27.0,-39.0,19.0
2018-07-06,sudan,457.0,52.0,49.0,764.5,0.0,1.0,18.0,11.0,0.0,74.0,0.0
2018-07-06,taiwan,382.0,63.0,25.0,516.5,0.0,0.0,20.0,105.0,35.0,104.7,1.0
2018-07-06,ukraine,688.0,56.0,127.0,326.5,3.0,2.0,60.0,176.0,74.0,-170.1,11.0
2018-07-06,venezuela,417.0,53.0,51.0,271.2,1.0,0.0,21.0,77.0,29.0,-83.9,6.0
2018-07-06,yemen,384.0,51.0,114.0,-503.2,0.0,2.0,32.0,81.0,54.0,-281.7,10.0
2018-07-07,drc,16.0,5.0,2.0,-21.5,0.0,0.0,0.0,17.0,11.0,-85.9,0.0
2018-07-07,europe_east,878.0,121.0,88.0,795.2,6.0,1.0,31.0,109.0,11.0,166.2,5.0
2018-07-07,iran,1587.0,220.0,301.0,988.8,11.0,1.0,178.0,233.0,85.0,251.4,7.0
2018-07-07,israel,2060.0,343.0,473.0,-1611.6,18.0,1.0,194.0,499.0,260.0,-1161.3,48.0
2018-07-07,korea,2199.0,202.0,127.0,4201.4,8.0,1.0,71.0,841.0,90.0,1945.8,3.0
2018-07-07,libya,323.0,35.0,61.0,71.3,0.0,0.0,16.0,4.0,1.0,15.8,0.0
2018-07-07,scs,2124.0,236.0,408.0,3.2,0.0,1.0,91.0,45.0,3.0,121.4,0.0
2018-07-07,southasia,8204.0,1346.0,1517.0,-1139.3,16.0,30.0,798.0,58.0,24.0,-71.9,6.0
2018-07-07,sudan,496.0,52.0,52.0,986.1,2.0,1.0,12.0,3.0,0.0,23.0,0.0
2018-07-07,taiwan,267.0,22.0,31.0,326.3,0.0,0.0,9.0,52.0,14.0,28.5,5.0
2018-07-07,ukraine,432.0,44.0,75.0,233.0,0.0,0.0,39.0,100.0,58.0,-208.9,9.0
2018-07-07,venezuela,137.0,20.0,30.0,-11.1,0.0,0.0,22.0,23.0,9.0,-1.9,2.0
2018-07-07,yemen,267.0,21.0,51.0,224.4,1.0,1.0,13.0,68.0,28.0,-53.0,2.0
2018-07-08,drc,7.0,0.0,0.0,21.0,0.0,0.0,0.0,6.0,2.0,-10.6,0.0
2018-07-08,europe_east,850.0,96.0,85.0,765.3,1.0,1.0,30.0,87.0,14.0,166.7,0.0
2018-07-08,iran,1238.0,194.0,264.0,201.2,9.0,2.0,151.0,220.0,69.0,141.7,1.0
2018-07-08,israel,2797.0,471.0,597.0,-1634.2,22.0,5.0,245.0,535.0,285.0,-1191.1,46.0
2018-07-08,korea,3003.0,392.0,188.0,4977.9,4.0,0.0,95.0,1116.0,253.0,1713.1,11.0
2018-07-08,libya,284.0,17.0,68.0,-21.5,0.0,0.0,11.0,0.0,0.0,0.0,0.0
2018-07-08,scs,1980.0,210.0,329.0,495.5,6.0,3.0,57.0,56.0,7.0,115.8,1.0
2018-07-08,southasia,7528.0,1082.0,1229.0,2405.5,17.0,9.0,663.0,15.0,4.0,-1.7,1.0
2018-07-08,sudan,549.0,31.0,54.0,985.7,0.0,0.0,16.0,10.0,0.0,44.5,0.0
2018-07-08,taiwan,274.0,29.0,37.0,177.7,0.0,0.0,19.0,52.0,8.0,74.3,2.0
2018-07-08,ukraine,368.0,28.0,41.0,350.7,0.0,0.0,16.0,75.0,26.0,16.9,6.0
2018-07-08,venezuela,118.0,10.0,15.0,88.8,0.0,0.0,9.0,25.0,13.0,-22.4,1.0
2018-07-08,yemen,280.0,24.0,99.0,-388.5,1.0,0.0,10.0,59.0,31.0,-121.1,0.0
2018-07-09,drc,59.0,5.0,5.0,116.0,0.0,0.0,3.0,15.0,10.0,-90.6,0.0
2018-07-09,europe_east,1870.0,234.0,177.0,1850.2,3.0,2.0,75.0,198.0,35.0,263.2,6.0
2018-07-09,iran,1516.0,278.0,272.0,270.0,10.0,13.0,142.0,323.0,139.0,-71.8,8.0
2018-07-09,israel,3619.0,645.0,705.0,-1426.0,20.0,12.0,263.0,847.0,480.0,-1793.9,53.0
2018-07-09,korea,3118.0,406.0,254.0,4704.8,4.0,7.0,119.0,757.0,153.0,1159.9,6.0
2018-07-09,libya,436.0,39.0,74.0,270.6,4.0,0.0,31.0,5.0,1.0,-2.3,0.0
2018-07-09,scs,3044.0,316.0,465.0,1483.5,5.0,7.0,148.0,101.0,19.0,198.8,0.0
2018-07-09,southasia,10528.0,1548.0,1624.0,3566.3,24.0,31.0,713.0,18.0,9.0,-14.1,3.0
2018-07-09,sudan,793.0,91.0,84.0,1245.7,0.0,1.0,41.0,11.0,4.0,0.4,0.0
2018-07-09,taiwan,386.0,44.0,32.0,549.9,0.0,2.0,16.0,111.0,29.0,109.3,4.0
2018-07-09,ukraine,961.0,101.0,135.0,768.9,0.0,1.0,55.0,167.0,56.0,118.1,20.0
2018-07-09,venezuela,314.0,31.0,36.0,227.7,2.0,0.0,15.0,27.0,13.0,-0.7,1.0
2018-07-09,yemen,323.0,31.0,79.0,-225.2,0.0,0.0,8.0,93.0,26.0,29.4,4.0
2018-07-10,drc,62.0,12.0,10.0,6.6,0.0,0.0,8.0,23.0,15.0,-112.1,3.0
2018-07-10,europe_east,2491.0,255.0,136.0,3675.5,3.0,13.0,46.0,251.0,26.0,473.7,8.0
2018-07-10,iran,2182.0,355.0,358.0,927.5,21.0,3.0,224.0,443.0,170.0,144.1,12.0
2018-07-10,israel,4554.0,780.0,812.0,-1254.6,18.0,13.0,313.0,940.0,499.0,-2222.3,64.0
2018-07-10,korea,2582.0,284.0,257.0,3796.7,1.0,10.0,120.0,549.0,130.0,654.2,12.0
2018-07-10,libya,400.0,33.0,83.0,61.9,1.0,0.0,18.0,4.0,0.0,9.4,0.0
2018-07-10,scs,2721.0,279.0,346.0,2379.2,9.0,4.0,120.0,106.0,13.0,297.5,0.0
2018-07-10,southasia,9737.0,1412.0,1459.0,4118.2,10.0,43.0,625.0,28.0,14.0,-25.9,8.0
2018-07-10,sudan,697.0,127.0,123.0,-229.0,0.0,3.0,24.0,14.0,6.0,7.0,0.0
2018-07-10,taiwan,440.0,61.0,53.0,546.1,1.0,0.0,38.0,82.0,10.0,235.9,2.0
2018-07-10,ukraine,826.0,84.0,93.0,982.1,1.0,3.0,38.0,149.0,44.0,47.1,15.0
2018-07-10,venezuela,370.0,27.0,34.0,501.6,0.0,0.0,24.0,31.0,4.0,83.9,0.0
2018-07-10,yemen,478.0,40.0,92.0,106.6,2.0,0.0,20.0,75.0,27.0,-88.8,2.0
2018-07-11,drc,26.0,0.0,0.0,119.7,0.0,0.0,0.0,11.0,11.0,-70.0,0.0
2018-07-11,europe_east,2661.0,269.0,181.0,4231.0,10.0,10.0,82.0,318.0,37.0,806.9,3.0
2018-07-11,iran,2362.0,346.0,365.0,1796.1,19.0,26.0,194.0,504.0,180.0,67.1,12.0
2018-07-11,israel,3979.0,562.0,693.0,-181.6,10.0,31.0,261.0,1004.0,475.0,-1876.9,57.0
2018-07-11,korea,1978.0,222.0,167.0,2858.1,6.0,4.0,80.0,403.0,77.0,527.2,11.0
2018-07-11,libya,480.0,67.0,57.0,731.6,3.0,0.0,18.0,5.0,0.0,29.2,0.0
2018-07-11,scs,2513.0,256.0,399.0,1429.4,14.0,9.0,128.0,50.0,16.0,131.7,3.0
2018-07-11,southasia,10850.0,1683.0,1880.0,902.3,23.0,45.0,827.0,42.0,15.0,-22.1,0.0
2018-07-11,sudan,663.0,109.0,113.0,-20.1,1.0,0.0,20.0,13.0,2.0,45.0,0.0
2018-07-11,taiwan,368.0,43.0,50.0,322.0,0.0,8.0,26.0,67.0,31.0,-90.6,5.0
2018-07-11,ukraine,1058.0,110.0,130.0,908.3,3.0,1.0,46.0,259.0,110.0,-291.9,11.0
2018-07-11,venezuela,192.0,21.0,15.0,289.3,1.0,0.0,9.0,22.0,10.0,-3.5,0.0
2018-07-11,yemen,477.0,76.0,138.0,-873.5,1.0,0.0,22.0,98.0,43.0,-258.3,1.0
2018-07-12,drc,60.0,3.0,10.0,27.9,0.0,0.0,1.0,20.0,18.0,-85.0,5.0
2018-07-12,europe_east,2567.0,353.0,169.0,3052.2,7.0,18.0,58.0,405.0,76.0,745.8,8.0
2018-07-12,iran,2480.0,412.0,319.0,1657.3,15.0,12.0,182.0,501.0,170.0,221.7,10.0
2018-07-12,israel,4466.0,685.0,936.0,-2029.2,11.0,16.0,324.0,1270.0,734.0,-3739.8,60.0
2018-07-12,korea,2162.0,299.0,147.0,3352.4,8.0,1.0,97.0,570.0,130.0,1017.9,4.0
2018-07-12,libya,379.0,69.0,27.0,662.5,2.0,0.0,4.0,6.0,2.0,-2.3,0.0
2018-07-12,scs,2694.0,344.0,368.0,1486.6,16.0,6.0,97.0,138.0,53.0,-56.8,4.0
2018-07-12,southasia,11422.0,1822.0,1587.0,3832.3,21.0,31.0,775.0,51.0,22.0,-52.5,3.0
2018-07-12,sudan,584.0,77.0,85.0,395.1,2.0,2.0,29.0,6.0,1.0,20.0,0.0
2018-07-12,taiwan,337.0,21.0,54.0,413.9,0.0,10.0,23.0,120.0,32.0,19.3,10.0
2018-07-12,ukraine,1356.0,155.0,120.0,1678.8,2.0,5.0,62.0,297.0,113.0,121.9,14.0
2018-07-12,venezuela,188.0,18.0,27.0,131.7,0.0,0.0,17.0,43.0,21.0,-93.7,2.0
2018-07-12,yemen,510.0,54.0,153.0,-746.5,5.0,1.0,29.0,107.0,53.0,-304.5,0.0
2018-07-13,drc,69.0,5.0,9.0,80.5,0.0,0.0,4.0,12.0,9.0,-40.3,9.0
2018-07-13,europe_east,2239.0,232.0,200.0,3358.8,2.0,7.0,98.0,517.0,58.0,1258.4,17.0
2018-07-13,iran,2081.0,354.0,268.0,1854.0,19.0,5.0,135.0,361.0,150.0,-74.2,12.0
2018-07-13,israel,3165.0,586.0,613.0,-1505.0,22.0,3.0,234.0,748.0,422.0,-1947.4,45.0
2018-07-13,korea,1940.0,230.0,137.0,2800.0,3.0,0.0,78.0,588.0,123.0,918.8,10.0
2018-07-13,libya,431.0,51.0,42.0,682.3,3.0,1.0,17.0,4.0,1.0,-7.0,0.0
2018-07-13,scs,2222.0,301.0,328.0,1208.6,5.0,10.0,143.0,128.0,35.0,212.4,3.0
2018-07-13,southasia,12493.0,1995.0,2223.0,-597.6,28.0,45.0,1124.0,50.0,16.0,10.0,4.0
2018-07-13,sudan,846.0,145.0,108.0,472.5,2.0,0.0,50.0,11.0,3.0,17.0,0.0
2018-07-13,taiwan,368.0,47.0,25.0,524.9,1.0,0.0,17.0,141.0,32.0,89.4,2.0
2018-07-13,ukraine,1173.0,130.0,154.0,962.8,3.0,6.0,85.0,315.0,109.0,129.5,26.0
2018-07-13,venezuela,253.0,29.0,34.0,109.3,0.0,0.0,17.0,16.0,3.0,31.6,0.0
2018-07-13,yemen,339.0,46.0,93.0,-485.0,2.0,2.0,6.0,91.0,48.0,-313.0,1.0
2018-07-14,drc,24.0,1.0,5.0,24.9,0.0,0.0,2.0,2.0,0.0,4.7,0.0
2018-07-14,europe_east,1354.0,121.0,150.0,1610.2,3.0,5.0,64.0,435.0,40.0,954.6,10.0
2018-07-14,iran,1274.0,191.0,199.0,797.3,7.0,9.0,84.0,172.0,56.0,173.7,5.0
2018-07-14,israel,2395.0,405.0,647.0,-3730.2,27.0,5.0,132.0,677.0,417.0,-2452.0,35.0
2018-07-14,korea,882.0,111.0,54.0,1227.4,1.0,1.0,27.0,201.0,37.0,417.1,3.0
2018-07-14,libya,362.0,48.0,82.0,-36.4,2.0,2.0,10.0,2.0,1.0,-5.0,0.0
2018-07-14,scs,1440.0,173.0,193.0,736.1,3.0,1.0,65.0,80.0,30.0,61.8,3.0
2018-07-14,southasia,10137.0,1666.0,1933.0,-3351.5,29.0,55.0,828.0,59.0,36.0,-171.3,14.0
2018-07-14,sudan,376.0,76.0,76.0,-124.8,0.0,0.0,29.0,0.0,0.0,0.0,0.0
2018-07-14,taiwan,204.0,9.0,16.0,319.2,1.0,1.0,13.0,47.0,5.0,42.7,2.0
2018-07-14,ukraine,464.0,61.0,60.0,263.5,0.0,1.0,24.0,139.0,46.0,-38.2,4.0
2018-07-14,venezuela,87.0,11.0,7.0,97.8,0.0,1.0,3.0,14.0,1.0,15.9,0.0
2018-07-14,yemen,235.0,30.0,62.0,-206.9,1.0,0.0,7.0,70.0,37.0,-144.4,0.0
2018-07-15,drc,42.0,5.0,7.0,18.5,0.0,0.0,5.0,1.0,1.0,-10.0,0.0
2018-07-15,europe_east,1262.0,166.0,92.0,1763.0,0.0,4.0,43.0,484.0,60.0,923.0,16.0
2018-07-15,iran,1074.0,124.0,172.0,762.6,8.0,3.0,60.0,147.0,48.0,99.2,6.0
2018-07-15,israel,2911.0,480.0,781.0,-4358.6,27.0,16.0,137.0,823.0,457.0,-2384.0,53.0
2018-07-15,korea,1177.0,126.0,71.0,2227.0,2.0,3.0,36.0,268.0,43.0,471.3,0.0
2018-07-15,libya,213.0,30.0,23.0,281.6,0.0,0.0,3.0,0.0,0.0,0.0,0.0
2018-07-15,scs,1043.0,117.0,136.0,897.1,0.0,6.0,42.0,38.0,13.0,47.3,2.0
2018-07-15,southasia,6945.0,992.0,1065.0,1836.9,15.0,26.0,440.0,45.0,15.0,-0.4,6.0
2018-07-15,sudan,202.0,26.0,41.0,-79.0,0.0,0.0,11.0,1.0,1.0,-4.0,0.0
2018-07-15,taiwan,139.0,8.0,8.0,304.9,0.0,2.0,3.0,13.0,2.0,37.0,0.0
2018-07-15,ukraine,270.0,26.0,37.0,254.9,0.0,0.0,12.0,98.0,33.0,12.4,0.0
2018-07-15,venezuela,76.0,22.0,9.0,66.1,2.0,0.0,9.0,15.0,4.0,18.4,3.0
2018-07-15,yemen,187.0,18.0,60.0,-280.8,0.0,0.0,9.0,39.0,15.0,-69.5,0.0
2018-07-16,drc,98.0,9.0,27.0,-37.1,0.0,0.0,12.0,18.0,1.0,36.2,1.0
2018-07-16,europe_east,4207.0,537.0,249.0,6091.5,8.0,3.0,115.0,1421.0,260.0,2329.4,30.0
2018-07-16,iran,2666.0,412.0,359.0,1868.5,14.0,4.0,210.0,593.0,209.0,187.2,22.0
2018-07-16,israel,4450.0,673.0,949.0,-2739.0,26.0,17.0,273.0,1279.0,704.0,-3229.6,79.0
2018-07-16,korea,1846.0,184.0,147.0,3255.2,5.0,3.0,64.0,394.0,65.0,575.0,14.0
2018-07-16,libya,442.0,48.0,41.0,674.3,0.0,0.0,11.0,3.0,0.0,4.8,0.0
2018-07-16,scs,2048.0,234.0,295.0,1257.5,4.0,1.0,120.0,53.0,14.0,83.3,0.0
2018-07-16,southasia,10090.0,1679.0,1528.0,1279.3,25.0,22.0,575.0,42.0,15.0,-53.9,2.0
2018-07-16,sudan,535.0,65.0,86.0,186.2,2.0,0.0,35.0,1.0,1.0,-2.0,0.0
2018-07-16,taiwan,390.0,41.0,50.0,453.9,4.0,0.0,37.0,50.0,12.0,12.0,4.0
2018-07-16,ukraine,981.0,125.0,141.0,486.6,4.0,3.0,58.0,354.0,144.0,-237.7,28.0
2018-07-16,venezuela,220.0,54.0,21.0,121.9,0.0,0.0,10.0,26.0,3.0,74.4,0.0
2018-07-16,yemen,272.0,39.0,64.0,-161.4,3.0,2.0,8.0,73.0,23.0,42.0,8.0
2018-07-17,drc,30.0,8.0,5.0,-7.8,0.0,0.0,2.0,12.0,12.0,-96.0,0.0
2018-07-17,europe_east,4396.0,693.0,327.0,4771.3,14.0,3.0,143.0,1283.0,267.0,1362.2,25.0
2018-07-17,iran,2326.0,352.0,354.0,1568.5,15.0,5.0,177.0,519.0,197.0,120.4,20.0
2018-07-17,israel,4563.0,792.0,878.0,-2349.6,25.0,12.0,254.0,1341.0,719.0,-3331.2,107.0
2018-07-17,korea,1430.0,183.0,116.0,2004.2,10.0,0.0,58.0,277.0,63.0,288.1,3.0
2018-07-17,libya,434.0,56.0,48.0,531.2,0.0,0.0,15.0,6.0,1.0,15.1,0.0
2018-07-17,scs,2599.0,300.0,259.0,2978.7,7.0,3.0,118.0,308.0,27.0,843.7,2.0
2018-07-17,southasia,10336.0,1748.0,1655.0,309.1,27.0,33.0,711.0,45.0,21.0,-58.9,5.0
2018-07-17,sudan,520.0,73.0,55.0,564.0,0.0,0.0,25.0,0.0,0.0,0.0,0.0
2018-07-17,taiwan,410.0,39.0,34.0,599.2,1.0,2.0,18.0,50.0,13.0,21.2,4.0
2018-07-17,ukraine,1259.0,181.0,203.0,444.5,2.0,1.0,76.0,434.0,164.0,-33.2,16.0
2018-07-17,venezuela,251.0,34.0,43.0,157.4,0.0,0.0,20.0,34.0,6.0,63.7,0.0
2018-07-17,yemen,330.0,37.0,91.0,-401.7,2.0,1.0,11.0,55.0,24.0,-91.7,9.0
2018-07-18,drc,63.0,4.0,6.0,108.3,0.0,0.0,5.0,4.0,4.0,-33.0,0.0
2018-07-18,europe_east,3476.0,519.0,269.0,3778.6,13.0,6.0,134.0,877.0,188.0,845.7,32.0
2018-07-18,iran,2394.0,330.0,288.0,3074.9,10.0,2.0,147.0,538.0,160.0,542.0,18.0
2018-07-18,israel,4065.0,635.0,666.0,81.1,21.0,15.0,241.0,1044.0,449.0,-1318.4,93.0
2018-07-18,korea,1750.0,174.0,139.0,3164.4,4.0,0.0,54.0,335.0,79.0,496.2,14.0
2018-07-18,libya,427.0,67.0,64.0,326.9,1.0,0.0,31.0,12.0,1.0,18.8,0.0
2018-07-18,scs,2332.0,312.0,247.0,2195.8,5.0,9.0,98.0,205.0,29.0,494.1,2.0
2018-07-18,southasia,10048.0,1691.0,1541.0,775.4,24.0,30.0,720.0,52.0,22.0,-44.6,8.0
2018-07-18,sudan,548.0,71.0,51.0,739.9,0.0,0.0,13.0,2.0,0.0,18.0,0.0
2018-07-18,taiwan,381.0,47.0,49.0,273.4,0.0,0.0,32.0,105.0,33.0,2.5,8.0
2018-07-18,ukraine,1153.0,204.0,205.0,19.3,2.0,1.0,90.0,388.0,173.0,-205.0,28.0
2018-07-18,venezuela,261.0,41.0,40.0,131.7,2.0,0.0,14.0,34.0,5.0,41.1,0.0
2018-07-18,yemen,391.0,61.0,139.0,-955.5,2.0,0.0,10.0,115.0,59.0,-378.2,2.0
2018-07-19,drc,53.0,5.0,5.0,54.6,0.0,0.0,1.0,6.0,2.0,10.8,2.0
2018-07-19,europe_east,3364.0,525.0,265.0,3541.5,6.0,4.0,132.0,854.0,125.0,1413.8,15.0
2018-07-19,iran,2002.0,294.0,276.0,2029.3,11.0,2.0,148.0,361.0,121.0,143.2,21.0
2018-07-19,israel,4641.0,887.0,763.0,-1747.9,23.0,2.0,247.0,994.0,523.0,-2410.5,88.0
2018-07-19,korea,1893.0,219.0,154.0,2926.1,7.0,0.0,92.0,316.0,52.0,527.1,9.0
2018-07-19,libya,323.0,53.0,75.0,-25.4,0.0,1.0,42.0,5.0,0.0,10.2,0.0
2018-07-19,scs,2603.0,307.0,374.0,2214.9,8.0,12.0,181.0,123.0,13.0,219.9,0.0
2018-07-19,southasia,10211.0,1790.0,1510.0,1078.8,20.0,28.0,650.0,47.0,23.0,-147.6,3.0
2018-07-19,sudan,552.0,56.0,61.0,671.3,1.0,0.0,30.0,0.0,0.0,0.0,0.0
2018-07-19,taiwan,442.0,58.0,45.0,449.3,0.0,1.0,19.0,70.0,42.0,-167.7,14.0
2018-07-19,ukraine,1314.0,199.0,198.0,386.9,3.0,4.0,102.0,335.0,137.0,-66.9,26.0
2018-07-19,venezuela,238.0,35.0,40.0,31.7,0.0,0.0,20.0,45.0,12.0,-25.9,2.0
2018-07-19,yemen,415.0,55.0,109.0,-447.3,1.0,0.0,10.0,128.0,58.0,-334.4,0.0
2018-07-20,drc,47.0,13.0,6.0,-26.6,0.0,0.0,3.0,22.0,13.0,-77.8,0.0
2018-07-20,europe_east,3202.0,392.0,198.0,4329.1,3.0,1.0,94.0,881.0,114.0,1542.0,14.0
2018-07-20,iran,1787.0,281.0,253.0,1140.7,10.0,4.0,147.0,326.0,113.0,161.7,1.0
2018-07-20,israel,3920.0,714.0,770.0,-2643.3,23.0,9.0,193.0,909.0,534.0,-3018.9,51.0
2018-07-20,korea,2221.0,295.0,237.0,2545.3,9.0,0.0,169.0,378.0,102.0,406.1,2.0
2018-07-20,libya,267.0,53.0,36.0,125.9,0.0,0.0,19.0,7.0,0.0,16.7,0.0
2018-07-20,scs,2921.0,414.0,615.0,-733.6,8.0,7.0,288.0,105.0,29.0,16.8,8.0
2018-07-20,southasia,9361.0,1748.0,1352.0,1146.5,27.0,14.0,681.0,11.0,2.0,-4.5,0.0
2018-07-20,sudan,530.0,55.0,60.0,691.7,1.0,1.0,27.0,4.0,4.0,-30.0,2.0
2018-07-20,taiwan,434.0,40.0,42.0,608.9,1.0,0.0,22.0,63.0,16.0,38.0,4.0
2018-07-20,ukraine,1569.0,283.0,214.0,494.6,3.0,0.0,71.0,583.0,256.0,-482.4,38.0
2018-07-20,venezuela,276.0,47.0,36.0,244.5,2.0,0.0,29.0,31.0,15.0,-68.5,8.0
2018-07-20,yemen,361.0,64.0,114.0,-746.3,3.0,0.0,15.0,65.0,39.0,-236.3,2.0
2018-07-21,drc,42.0,7.0,12.0,-69.4,0.0,0.0,6.0,2.0,0.0,4.7,0.0
2018-07-21,europe_east,1493.0,191.0,120.0,1735.4,0.0,0.0,71.0,396.0,61.0,570.2,11.0
2018-07-21,iran,1724.0,250.0,291.0,929.3,8.0,4.0,110.0,268.0,83.0,325.5,2.0
2018-07-21,israel,3209.0,536.0,693.0,-2585.3,9.0,7.0,153.0,923.0,494.0,-2468.6,43.0
2018-07-21,korea,1453.0,176.0,157.0,1317.2,2.0,0.0,101.0,352.0,90.0,311.7,7.0
2018-07-21,libya,200.0,63.0,19.0,129.2,0.0,0.0,15.0,3.0,3.0,-12.0,0.0
2018-07-21,scs,2098.0,314.0,370.0,-12.7,11.0,22.0,170.0,79.0,27.0,-17.7,9.0
2018-07-21,southasia,8060.0,1506.0,1193.0,438.1,23.0,18.0,556.0,37.0,12.0,30.7,4.0
2018-07-21,sudan,183.0,17.0,28.0,108.7,0.0,0.0,5.0,0.0,0.0,0.0,0.0
2018-07-21,taiwan,223.0,31.0,20.0,255.6,0.0,0.0,15.0,51.0,20.0,22.1,2.0
2018-07-21,ukraine,741.0,161.0,78.0,461.7,0.0,2.0,27.0,263.0,112.0,-147.3,5.0
2018-07-21,venezuela,129.0,34.0,12.0,34.3,0.0,0.0,6.0,29.0,10.0,9.6,2.0
2018-07-21,yemen,291.0,35.0,89.0,-414.3,3.0,0.0,10.0,50.0,29.0,-209.1,0.0
2018-07-22,drc,5.0,2.0,0.0,-5.0,0.0,0.0,0.0,9.0,5.0,-15.6,0.0
2018-07-22,europe_east,1098.0,148.0,69.0,1248.3,3.0,1.0,33.0,277.0,60.0,245.8,12.0
2018-07-22,iran,1975.0,405.0,212.0,1179.7,54.0,1.0,93.0,543.0,214.0,60.4,18.0
2018-07-22,israel,3599.0,668.0,712.0,-1881.7,19.0,8.0,194.0,1038.0,484.0,-998.3,38.0
2018-07-22,korea,1015.0,116.0,114.0,1083.1,1.0,4.0,72.0,253.0,57.0,406.3,6.0
2018-07-22,libya,205.0,43.0,22.0,223.1,1.0,0.0,4.0,2.0,1.0,5.4,0.0
2018-07-22,scs,1602.0,222.0,225.0,623.8,4.0,15.0,83.0,75.0,17.0,67.6,4.0
2018-07-22,southasia,7995.0,1481.0,1476.0,-3889.5,20.0,21.0,535.0,16.0,16.0,-104.0,0.0
2018-07-22,sudan,324.0,43.0,65.0,-55.7,0.0,4.0,30.0,1.0,1.0,-9.0,0.0
2018-07-22,taiwan,168.0,20.0,18.0,170.1,1.0,0.0,10.0,47.0,24.0,-73.4,4.0
2018-07-22,ukraine,491.0,71.0,66.0,341.6,1.0,0.0,32.0,193.0,56.0,77.4,5.0
2018-07-22,venezuela,103.0,26.0,17.0,-64.6,1.0,0.0,8.0,5.0,0.0,10.7,0.0
2018-07-22,yemen,264.0,38.0,72.0,-322.8,2.0,0.0,13.0,33.0,15.0,-85.5,0.0
2018-07-23,drc,18.0,3.0,2.0,5.7,0.0,0.0,0.0,10.0,6.0,0.4,0.0
2018-07-23,europe_east,2027.0,283.0,199.0,1658.0,8.0,3.0,75.0,359.0,63.0,481.7,13.0
2018-07-23,iran,5117.0,1574.0,493.0,-451.9,200.0,4.0,198.0,1652.0,758.0,-718.0,116.0
2018-07-23,israel,4950.0,823.0,972.0,-2289.1,44.0,6.0,228.0,1524.0,765.0,-3031.0,55.0
2018-07-23,korea,1903.0,325.0,202.0,1427.0,28.0,4.0,85.0,451.0,138.0,196.6,14.0
2018-07-23,libya,360.0,42.0,78.0,-65.7,0.0,0.0,31.0,5.0,0.0,11.3,0.0
2018-07-23,scs,3466.0,471.0,372.0,3263.3,24.0,17.0,166.0,97.0,26.0,175.7,1.0
2018-07-23,southasia,9850.0,1764.0,1557.0,-318.3,11.0,18.0,615.0,15.0,8.0,22.0,2.0
2018-07-23,sudan,501.0,51.0,54.0,396.2,0.0,5.0,10.0,2.0,0.0,0.4,0.0
2018-07-23,taiwan,388.0,15.0,28.0,1330.1,0.0,0.0,20.0,40.0,17.0,7.5,0.0
2018-07-23,ukraine,931.0,117.0,136.0,647.7,2.0,1.0,69.0,250.0,90.0,-123.0,21.0
2018-07-23,venezuela,170.0,29.0,30.0,41.7,0.0,3.0,10.0,19.0,6.0,7.6,0.0
2018-07-23,yemen,429.0,77.0,82.0,-253.5,2.0,0.0,12.0,84.0,26.0,-42.0,0.0
2018-07-24,drc,79.0,8.0,17.0,67.3,0.0,0.0,9.0,8.0,4.0,-4.0,2.0
2018-07-24,europe_east,1851.0,229.0,138.0,2800.0,3.0,3.0,44.0,335.0,78.0,309.9,9.0
2018-07-24,iran,3808.0,1089.0,415.0,-164.9,88.0,11.0,178.0,1429.0,635.0,-620.5,79.0
2018-07-24,israel,5903.0,972.0,1322.0,-5011.3,15.0,25.0,286.0,2336.0,1387.0,-8031.5,88.0
2018-07-24,korea,2349.0,328.0,235.0,2530.4,16.0,1.0,107.0,579.0,118.0,1079.0,18.0
2018-07-24,libya,294.0,26.0,61.0,74.7,0.0,0.0,15.0,0.0,0.0,0.0,0.0
2018-07-24,scs,3135.0,509.0,329.0,2767.8,27.0,13.0,136.0,75.0,23.0,100.9,0.0
2018-07-24,southasia,10930.0,1965.0,1547.0,494.5,19.0,38.0,594.0,45.0,10.0,43.0,1.0
2018-07-24,sudan,440.0,53.0,93.0,8.8,0.0,0.0,46.0,2.0,0.0,0.4,0.0
2018-07-24,taiwan,386.0,55.0,38.0,483.2,2.0,0.0,21.0,89.0,34.0,35.5,2.0
2018-07-24,ukraine,1049.0,124.0,162.0,574.1,4.0,5.0,66.0,268.0,101.0,-255.3,13.0
2018-07-24,venezuela,240.0,43.0,17.0,639.2,0.0,3.0,11.0,59.0,14.0,91.0,0.0
2018-07-24,yemen,353.0,50.0,58.0,170.3,0.0,0.0,13.0,85.0,48.0,-329.7,0.0
2018-07-25,drc,123.0,9.0,15.0,219.2,0.0,0.0,6.0,6.0,2.0,20.0,0.0
2018-07-25,europe_east,1797.0,237.0,125.0,2347.1,9.0,4.0,56.0,323.0,55.0,452.0,16.0
2018-07-25,iran,2374.0,586.0,273.0,794.6,46.0,7.0,131.0,692.0,292.0,-81.5,24.0
2018-07-25,israel,5028.0,830.0,1143.0,-4255.0,29.0,12.0,303.0,1626.0,994.0,-5708.4,90.0
2018-07-25,korea,1926.0,209.0,134.0,3130.9,14.0,3.0,77.0,375.0,63.0,607.9,22.0
2018-07-25,libya,236.0,21.0,40.0,98.9,0.0,2.0,15.0,7.0,4.0,-16.6,4.0
2018-07-25,scs,2581.0,374.0,308.0,2433.7,10.0,1.0,171.0,123.0,26.0,288.6,7.0
2018-07-25,southasia,10950.0,1837.0,2033.0,-4814.3,28.0,61.0,702.0,19.0,7.0,-22.4,3.0
2018-07-25,sudan,507.0,62.0,91.0,398.2,0.0,0.0,48.0,4.0,2.0,-2.5,0.0
2018-07-25,taiwan,523.0,65.0,25.0,735.3,3.0,1.0,11.0,170.0,52.0,205.2,2.0
2018-07-25,ukraine,1039.0,158.0,151.0,315.6,6.0,1.0,73.0,395.0,117.0,76.0,23.0
2018-07-25,venezuela,203.0,31.0,34.0,104.7,0.0,3.0,27.0,37.0,13.0,29.8,3.0
2018-07-25,yemen,466.0,68.0,108.0,-238.8,1.0,2.0,16.0,144.0,82.0,-448.4,2.0
2018-07-26,drc,81.0,18.0,15.0,-55.9,0.0,0.0,7.0,5.0,5.0,-22.6,1.0
2018-07-26,europe_east,1744.0,237.0,213.0,1095.1,7.0,17.0,75.0,240.0,46.0,246.6,4.0
2018-07-26,iran,2272.0,515.0,353.0,-871.7,63.0,7.0,168.0,583.0,260.0,-175.5,32.0
2018-07-26,israel,5040.0,747.0,1196.0,-4295.4,21.0,18.0,316.0,1297.0,811.0,-4677.9,79.0
2018-07-26,korea,1875.0,163.0,159.0,2844.7,9.0,1.0,78.0,383.0,63.0,822.7,10.0
2018-07-26,libya,245.0,29.0,40.0,225.9,0.0,0.0,14.0,6.0,2.0,0.1,2.0
2018-07-26,scs,2953.0,372.0,334.0,2987.3,12.0,4.0,162.0,125.0,36.0,212.6,2.0
2018-07-26,southasia,10629.0,1897.0,1651.0,-1056.7,21.0,71.0,619.0,53.0,15.0,32.4,3.0
2018-07-26,sudan,545.0,81.0,69.0,449.8,1.0,0.0,27.0,2.0,0.0,16.0,0.0
2018-07-26,taiwan,463.0,84.0,57.0,163.2,7.0,1.0,35.0,126.0,50.0,34.2,7.0
2018-07-26,ukraine,1147.0,151.0,162.0,674.9,3.0,0.0,57.0,423.0,131.0,265.4,10.0
2018-07-26,venezuela,233.0,31.0,25.0,249.7,0.0,3.0,17.0,37.0,3.0,63.2,0.0
2018-07-26,yemen,627.0,114.0,173.0,-729.1,6.0,0.0,27.0,197.0,116.0,-428.9,6.0
2018-07-27,drc,116.0,15.0,10.0,95.0,0.0,0.0,6.0,0.0,0.0,0.0,0.0
2018-07-27,europe_east,1583.0,226.0,153.0,1193.0,7.0,3.0,82.0,243.0,50.0,285.7,10.0
2018-07-27,iran,2051.0,503.0,280.0,-782.9,84.0,5.0,129.0,473.0,212.0,-328.3,38.0
2018-07-27,israel,4495.0,696.0,1091.0,-4246.8,33.0,13.0,317.0,1157.0,643.0,-3549.8,77.0
2018-07-27,korea,3557.0,209.0,279.0,6629.6,8.0,6.0,91.0,1142.0,147.0,2199.4,7.0
2018-07-27,libya,200.0,7.0,35.0,186.2,0.0,0.0,8.0,0.0,0.0,0.0,0.0
2018-07-27,scs,2634.0,340.0,365.0,2059.3,8.0,2.0,180.0,123.0,35.0,129.8,14.0
2018-07-27,southasia,8882.0,1482.0,1117.0,3027.1,18.0,32.0,471.0,45.0,6.0,33.1,1.0
2018-07-27,sudan,413.0,44.0,57.0,572.9,0.0,0.0,34.0,2.0,0.0,8.0,0.0
2018-07-27,taiwan,405.0,44.0,36.0,503.3,0.0,0.0,28.0,76.0,33.0,34.1,1.0
2018-07-27,ukraine,1250.0,169.0,162.0,738.8,11.0,2.0,73.0,310.0,112.0,53.3,36.0
2018-07-27,venezuela,164.0,26.0,32.0,111.2,1.0,3.0,27.0,22.0,12.0,12.4,7.0
2018-07-27,yemen,491.0,84.0,138.0,-779.9,6.0,2.0,8.0,167.0,114.0,-732.1,6.0
2018-07-28,drc,37.0,5.0,7.0,2.1,0.0,0.0,7.0,26.0,25.0,-131.0,11.0
2018-07-28,europe_east,788.0,84.0,61.0,1391.9,1.0,0.0,27.0,151.0,11.0,382.6,0.0
2018-07-28,iran,1159.0,277.0,156.0,-238.1,21.0,1.0,70.0,310.0,117.0,-12.5,17.0
2018-07-28,israel,2655.0,497.0,622.0,-2364.9,16.0,3.0,205.0,648.0,350.0,-1656.2,56.0
2018-07-28,korea,1281.0,134.0,115.0,1461.2,7.0,2.0,40.0,481.0,65.0,1236.1,2.0
2018-07-28,libya,151.0,10.0,29.0,119.6,0.0,0.0,12.0,0.0,0.0,0.0,0.0
2018-07-28,scs,1907.0,231.0,260.0,1375.5,18.0,0.0,131.0,48.0,5.0,187.2,2.0
2018-07-28,southasia,8144.0,1441.0,944.0,4095.7,24.0,28.0,365.0,30.0,4.0,18.1,3.0
2018-07-28,sudan,395.0,78.0,34.0,356.1,0.0,0.0,15.0,2.0,0.0,16.0,0.0
2018-07-28,taiwan,327.0,41.0,35.0,338.0,0.0,1.0,19.0,77.0,37.0,11.3,1.0
2018-07-28,ukraine,540.0,73.0,80.0,155.2,0.0,3.0,38.0,141.0,61.0,-51.6,13.0
2018-07-28,venezuela,103.0,18.0,19.0,23.1,0.0,0.0,18.0,7.0,3.0,-16.6,3.0
2018-07-28,yemen,398.0,56.0,113.0,-539.5,4.0,0.0,10.0,92.0,48.0,-199.5,6.0
2018-07-29,drc,18.0,1.0,6.0,-5.1,0.0,0.0,4.0,16.0,15.0,-73.0,9.0
2018-07-29,europe_east,602.0,57.0,60.0,597.1,1.0,2.0,27.0,74.0,16.0,71.5,1.0
2018-07-29,iran,1290.0,262.0,170.0,534.0,12.0,4.0,84.0,244.0,101.0,-17.1,16.0
2018-07-29,israel,4029.0,628.0,820.0,-736.9,11.0,4.0,345.0,1046.0,497.0,-1448.0,123.0
2018-07-29,korea,823.0,85.0,92.0,1192.9,7.0,2.0,42.0,143.0,19.0,278.3,0.0
2018-07-29,libya,107.0,15.0,1.0,246.9,0.0,0.0,0.0,0.0,0.0,0.0,0.0
2018-07-29,scs,1545.0,173.0,212.0,1624.0,8.0,9.0,92.0,67.0,8.0,194.0,4.0
2018-07-29,southasia,7042.0,1135.0,995.0,2143.2,17.0,26.0,421.0,19.0,9.0,-6.6,2.0
2018-07-29,sudan,276.0,24.0,55.0,79.6,0.0,0.0,22.0,3.0,0.0,16.0,0.0
2018-07-29,taiwan,181.0,11.0,13.0,292.4,0.0,0.0,6.0,31.0,4.0,24.4,0.0
2018-07-29,ukraine,360.0,54.0,54.0,179.1,1.0,0.0,14.0,99.0,45.0,-79.1,6.0
2018-07-29,venezuela,67.0,6.0,8.0,40.6,0.0,0.0,5.0,3.0,0.0,4.0,0.0
2018-07-29,yemen,380.0,45.0,115.0,-542.2,0.0,0.0,12.0,106.0,58.0,-291.9,4.0
2018-07-30,drc,82.0,12.0,7.0,141.8,0.0,0.0,5.0,12.0,6.0,11.8,5.0
2018-07-30,europe_east,1044.0,124.0,94.0,1215.5,1.0,1.0,45.0,120.0,27.0,73.0,4.0
2018-07-30,iran,2821.0,493.0,309.0,2273.2,39.0,11.0,144.0,854.0,274.0,552.0,41.0
2018-07-30,israel,4341.0,672.0,887.0,-895.4,24.0,11.0,432.0,906.0,424.0,-957.9,144.0
2018-07-30,korea,1394.0,125.0,105.0,2408.4,1.0,0.0,41.0,355.0,93.0,141.7,8.0
2018-07-30,libya,307.0,24.0,73.0,57.7,0.0,6.0,28.0,4.0,0.0,28.0,0.0
2018-07-30,scs,2629.0,340.0,344.0,2026.8,7.0,7.0,172.0,165.0,19.0,602.8,2.0
2018-07-30,southasia,9738.0,1600.0,1275.0,2783.6,21.0,51.0,541.0,32.0,5.0,4.0,2.0
2018-07-30,sudan,521.0,51.0,75.0,669.7,0.0,2.0,46.0,2.0,0.0,1.4,0.0
2018-07-30,taiwan,378.0,44.0,29.0,488.5,1.0,0.0,16.0,94.0,24.0,47.6,0.0
2018-07-30,ukraine,753.0,97.0,101.0,592.9,0.0,0.0,32.0,134.0,49.0,20.0,4.0
2018-07-30,venezuela,140.0,23.0,20.0,-12.2,0.0,3.0,6.0,21.0,4.0,6.1,2.0
2018-07-30,yemen,510.0,59.0,129.0,-250.5,0.0,1.0,24.0,180.0,98.0,-456.8,18.0
2018-07-31,drc,138.0,8.0,14.0,286.0,0.0,0.0,9.0,26.0,5.0,111.0,1.0
2018-07-31,europe_east,1223.0,137.0,160.0,675.1,7.0,4.0,66.0,185.0,41.0,229.3,10.0
2018-07-31,iran,4080.0,663.0,315.0,5657.7,51.0,8.0,162.0,1131.0,288.0,1185.8,33.0
2018-07-31,israel,4145.0,742.0,781.0,-1487.4,19.0,16.0,358.0,832.0,381.0,-826.1,79.0
2018-07-31,korea,2606.0,305.0,203.0,3700.9,12.0,10.0,101.0,547.0,138.0,503.4,22.0
2018-07-31,libya,789.0,54.0,246.0,-258.7,1.0,31.0,91.0,8.0,1.0,18.4,1.0
2018-07-31,scs,3354.0,528.0,508.0,457.4,8.0,7.0,181.0,123.0,29.0,146.5,2.0
2018-07-31,southasia,10304.0,1751.0,1239.0,5637.9,31.0,42.0,527.0,43.0,6.0,60.6,0.0
2018-07-31,sudan,583.0,27.0,90.0,819.3,1.0,3.0,29.0,11.0,5.0,-2.5,0.0
2018-07-31,taiwan,397.0,52.0,25.0,670.6,3.0,0.0,18.0,125.0,45.0,64.7,0.0
2018-07-31,ukraine,1161.0,188.0,181.0,102.8,2.0,1.0,98.0,302.0,108.0,-41.7,25.0
2018-07-31,venezuela,270.0,33.0,34.0,90.7,1.0,4.0,10.0,21.0,5.0,-4.6,0.0
2018-07-31,yemen,508.0,86.0,127.0,-521.2,0.0,0.0,12.0,128.0,70.0,-408.1,6.0
2018-08-01,drc,355.0,25.0,61.0,142.1,0.0,3.0,22.0,10.0,6.0,-28.5,1.0
2018-08-01,europe_east,1227.0,142.0,150.0,1091.6,5.0,6.0,75.0,101.0,19.0,133.5,3.0
2018-08-01,iran,4095.0,623.0,389.0,4581.0,48.0,5.0,187.0,1207.0,356.0,1032.6,37.0
2018-08-01,israel,4911.0,798.0,801.0,328.4,21.0,25.0,367.0,928.0,392.0,-551.0,73.0
2018-08-01,korea,3020.0,222.0,283.0,4575.4,9.0,23.0,109.0,768.0,120.0,1240.7,22.0
2018-08-01,libya,426.0,33.0,101.0,62.2,0.0,6.0,24.0,12.0,0.0,19.2,0.0
2018-08-01,scs,3177.0,504.0,517.0,60.7,9.0,6.0,184.0,105.0,16.0,223.5,2.0
2018-08-01,southasia,10330.0,1796.0,1256.0,4200.2,46.0,29.0,553.0,37.0,6.0,37.7,2.0
2018-08-01,sudan,621.0,57.0,94.0,822.1,0.0,4.0,30.0,1.0,0.0,3.0,0.0
2018-08-01,taiwan,346.0,47.0,23.0,443.6,0.0,1.0,10.0,68.0,31.0,-45.4,7.0
2018-08-01,ukraine,1695.0,235.0,288.0,192.2,3.0,1.0,162.0,290.0,107.0,-113.3,23.0
2018-08-01,venezuela,198.0,13.0,35.0,59.8,0.0,4.0,18.0,13.0,3.0,9.8,3.0
2018-08-01,yemen,659.0,90.0,102.0,495.0,6.0,0.0,18.0,156.0,76.0,-327.5,12.0
2018-08-02,drc,236.0,22.0,40.0,140.0,0.0,0.0,22.0,15.0,9.0,-41.7,4.0
2018-08-02,europe_east,1329.0,151.0,145.0,1355.2,2.0,7.0,61.0,182.0,33.0,303.9,1.0
2018-08-02,iran,2812.0,518.0,429.0,989.6,21.0,10.0,165.0,639.0,276.0,-210.9,25.0
2018-08-02,israel,5097.0,836.0,884.0,-843.0,18.0,44.0,331.0,1226.0,535.0,-1425.2,85.0
2018-08-02,korea,2837.0,252.0,244.0,4021.4,29.0,11.0,62.0,815.0,121.0,1314.4,21.0
2018-08-02,libya,572.0,50.0,154.0,-192.7,0.0,12.0,44.0,7.0,1.0,12.1,0.0
2018-08-02,scs,2944.0,368.0,514.0,515.3,6.0,18.0,191.0,163.0,34.0,239.1,6.0
2018-08-02,southasia,10023.0,1645.0,1359.0,3353.4,12.0,36.0,566.0,32.0,7.0,51.5,4.0
2018-08-02,sudan,618.0,61.0,103.0,434.2,2.0,3.0,38.0,5.0,3.0,-14.0,0.0
2018-08-02,taiwan,429.0,49.0,25.0,727.5,2.0,0.0,10.0,38.0,18.0,10.3,2.0
2018-08-02,ukraine,1177.0,191.0,171.0,130.4,11.0,2.0,93.0,166.0,69.0,-131.5,14.0
2018-08-02,venezuela,131.0,9.0,32.0,10.2,0.0,4.0,9.0,11.0,3.0,4.0,0.0
2018-08-02,yemen,688.0,87.0,163.0,-391.9,6.0,8.0,30.0,168.0,105.0,-609.9,14.0
2018-08-03,drc,260.0,47.0,37.0,-32.7,3.0,1.0,18.0,7.0,0.0,23.0,0.0
2018-08-03,europe_east,1244.0,136.0,149.0,1164.5,2.0,31.0,54.0,129.0,27.0,156.8,5.0
2018-08-03,iran,2037.0,402.0,273.0,1144.2,16.0,7.0,125.0,473.0,201.0,94.6,23.0
2018-08-03,israel,4159.0,744.0,825.0,-1999.1,32.0,20.0,291.0,1020.0,433.0,-949.8,63.0
2018-08-03,korea,2561.0,257.0,302.0,2859.6,10.0,12.0,136.0,605.0,95.0,1091.0,6.0
2018-08-03,libya,407.0,25.0,80.0,310.7,0.0,1.0,39.0,3.0,2.0,-12.0,2.0
2018-08-03,scs,3294.0,358.0,474.0,2135.1,3.0,4.0,215.0,191.0,70.0,32.9,12.0
2018-08-03,southasia,9927.0,1683.0,1487.0,1039.5,54.0,24.0,616.0,38.0,13.0,16.9,7.0
2018-08-03,sudan,614.0,55.0,107.0,422.8,0.0,3.0,57.0,9.0,0.0,48.2,0.0
2018-08-03,taiwan,314.0,28.0,28.0,448.8,1.0,1.0,11.0,57.0,21.0,-8.5,4.0
2018-08-03,ukraine,1257.0,180.0,200.0,11.2,2.0,1.0,87.0,275.0,127.0,-249.1,34.0
2018-08-03,venezuela,240.0,30.0,40.0,146.6,0.0,0.0,22.0,11.0,2.0,1.4,2.0
2018-08-03,yemen,757.0,119.0,187.0,-815.0,2.0,7.0,10.0,141.0,82.0,-434.7,10.0
2018-08-04,drc,202.0,24.0,26.0,162.7,0.0,0.0,15.0,7.0,0.0,30.0,0.0
2018-08-04,europe_east,575.0,83.0,86.0,52.0,2.0,0.0,38.0,85.0,19.0,120.8,4.0
2018-08-04,iran,1758.0,356.0,266.0,260.2,19.0,7.0,147.0,371.0,138.0,28.2,10.0
2018-08-04,israel,2608.0,453.0,504.0,-992.6,7.0,12.0,157.0,794.0,353.0,-910.9,23.0
2018-08-04,korea,2561.0,315.0,246.0,2881.7,6.0,4.0,151.0,608.0,142.0,462.5,5.0
2018-08-04,libya,235.0,17.0,54.0,32.0,0.0,1.0,14.0,1.0,0.0,4.0,0.0
2018-08-04,scs,1913.0,241.0,287.0,931.7,6.0,1.0,143.0,76.0,30.0,-51.4,4.0
2018-08-04,southasia,8114.0,1466.0,1294.0,-1087.1,29.0,15.0,420.0,20.0,9.0,-24.1,0.0
2018-08-04,sudan,382.0,28.0,60.0,436.0,0.0,3.0,35.0,5.0,0.0,35.5,0.0
2018-08-04,taiwan,173.0,15.0,11.0,293.4,1.0,0.0,6.0,32.0,10.0,34.6,1.0
2018-08-04,ukraine,406.0,46.0,87.0,-198.0,0.0,0.0,37.0,120.0,36.0,93.5,13.0
2018-08-04,venezuela,104.0,8.0,23.0,-15.5,0.0,0.0,9.0,2.0,0.0,2.0,0.0
2018-08-04,yemen,591.0,94.0,145.0,-442.7,2.0,3.0,14.0,107.0,71.0,-374.4,14.0
2018-08-05,drc,76.0,13.0,5.0,28.9,2.0,0.0,4.0,3.0,0.0,4.2,0.0
2018-08-05,europe_east,648.0,55.0,104.0,222.2,2.0,19.0,38.0,77.0,9.0,145.5,0.0
2018-08-05,iran,2338.0,369.0,332.0,1749.1,12.0,3.0,156.0,454.0,178.0,33.9,24.0
2018-08-05,israel,2911.0,578.0,479.0,-509.3,9.0,5.0,141.0,712.0,337.0,-1031.9,36.0
2018-08-05,korea,1114.0,131.0,83.0,1609.8,3.0,2.0,44.0,254.0,43.0,431.2,2.0
2018-08-05,libya,139.0,10.0,20.0,59.9,0.0,1.0,0.0,2.0,0.0,6.8,0.0
2018-08-05,scs,1438.0,193.0,236.0,177.3,5.0,3.0,67.0,136.0,20.0,207.0,2.0
2018-08-05,southasia,6929.0,1150.0,1134.0,-931.9,33.0,23.0,381.0,14.0,3.0,8.8,2.0
2018-08-05,sudan,603.0,53.0,50.0,1421.6,6.0,2.0,14.0,11.0,0.0,78.8,0.0
2018-08-05,taiwan,217.0,14.0,22.0,382.8,1.0,2.0,8.0,94.0,13.0,218.9,0.0
2018-08-05,ukraine,314.0,29.0,71.0,-82.0,0.0,1.0,25.0,110.0,42.0,-1.6,23.0
2018-08-05,venezuela,897.0,221.0,212.0,-1710.4,7.0,0.0,29.0,82.0,42.0,-138.1,2.0
2018-08-05,yemen,440.0,58.0,134.0,-719.1,4.0,0.0,13.0,118.0,81.0,-640.5,6.0
2018-08-06,drc,85.0,10.0,8.0,98.5,1.0,0.0,5.0,9.0,3.0,-5.8,2.0
2018-08-06,europe_east,1201.0,152.0,163.0,432.4,5.0,2.0,67.0,158.0,38.0,171.5,2.0
2018-08-06,iran,3671.0,691.0,530.0,2927.9,29.0,8.0,310.0,969.0,370.0,262.9,32.0
2018-08-06,israel,3951.0,666.0,732.0,-1239.8,16.0,10.0,284.0,955.0,482.0,-1552.1,89.0
2018-08-06,korea,1853.0,224.0,205.0,1890.7,6.0,0.0,113.0,387.0,89.0,432.1,13.0
2018-08-06,libya,264.0,31.0,32.0,398.8,0.0,0.0,12.0,0.0,0.0,0.0,0.0
2018-08-06,scs,2814.0,299.0,381.0,2183.5,15.0,13.0,143.0,179.0,42.0,120.6,4.0
2018-08-06,southasia,9804.0,1592.0,1573.0,518.0,44.0,32.0,667.0,9.0,5.0,-19.5,2.0
2018-08-06,sudan,906.0,87.0,74.0,2211.4,4.0,0.0,28.0,17.0,2.0,73.0,0.0
2018-08-06,taiwan,522.0,73.0,57.0,383.7,5.0,0.0,16.0,148.0,35.0,229.0,4.0
2018-08-06,ukraine,907.0,95.0,167.0,411.0,1.0,1.0,79.0,217.0,90.0,-90.7,42.0
2018-08-06,venezuela,1157.0,332.0,275.0,-2058.1,16.0,2.0,107.0,171.0,66.0,-88.1,8.0
2018-08-06,yemen,586.0,74.0,125.0,-150.4,2.0,0.0,26.0,88.0,40.0,-137.7,5.0
2018-08-07,drc,141.0,6.0,27.0,106.3,0.0,5.0,4.0,6.0,2.0,3.5,1.0
2018-08-07,europe_east,1494.0,119.0,154.0,1797.9,1.0,2.0,65.0,256.0,34.0,458.3,5.0
2018-08-07,iran,4224.0,918.0,627.0,2327.3,21.0,3.0,394.0,1157.0,484.0,403.1,46.0
2018-08-07,israel,4043.0,642.0,868.0,-2371.4,33.0,14.0,257.0,1010.0,569.0,-3041.0,91.0
2018-08-07,korea,1614.0,206.0,181.0,1453.2,2.0,1.0,91.0,409.0,100.0,567.8,6.0
2018-08-07,libya,288.0,27.0,43.0,183.8,0.0,0.0,10.0,0.0,0.0,0.0,0.0
2018-08-07,scs,2293.0,326.0,274.0,1648.3,7.0,2.0,120.0,127.0,17.0,293.2,0.0
2018-08-07,southasia,11116.0,1831.0,1629.0,2016.7,26.0,61.0,649.0,13.0,9.0,-38.3,5.0
2018-08-07,sudan,802.0,61.0,86.0,1584.0,0.0,3.0,29.0,8.0,2.0,12.4,0.0
2018-08-07,taiwan,412.0,64.0,29.0,582.3,3.0,0.0,13.0,75.0,33.0,-17.6,8.0
2018-08-07,ukraine,1356.0,181.0,229.0,226.7,1.0,1.0,102.0,236.0,109.0,-171.6,26.0
2018-08-07,venezuela,963.0,169.0,273.0,-1372.4,5.0,1.0,129.0,113.0,60.0,-106.5,16.0
2018-08-07,yemen,695.0,118.0,190.0,-953.8,11.0,0.0,30.0,135.0,85.0,-476.4,7.0
2018-08-08,drc,244.0,40.0,45.0,-127.0,0.0,1.0,27.0,6.0,2.0,-14.3,0.0
2018-08-08,europe_east,1283.0,113.0,162.0,1226.6,2.0,2.0,69.0,183.0,25.0,241.6,1.0
2018-08-08,iran,3549.0,678.0,484.0,2727.9,20.0,4.0,324.0,897.0,343.0,499.8,30.0
2018-08-08,israel,4547.0,714.0,1008.0,-2722.3,20.0,24.0,303.0,1181.0,605.0,-2675.0,84.0
2018-08-08,korea,1865.0,200.0,175.0,2294.2,1.0,0.0,100.0,350.0,95.0,227.4,9.0
2018-08-08,libya,280.0,29.0,32.0,393.2,0.0,0.0,10.0,6.0,1.0,-2.9,0.0
2018-08-08,scs,2422.0,268.0,327.0,1704.0,14.0,5.0,107.0,77.0,16.0,150.6,3.0
2018-08-08,southasia,11321.0,1696.0,1469.0,5269.2,7.0,42.0,608.0,22.0,4.0,19.8,0.0
2018-08-08,sudan,829.0,54.0,87.0,1602.1,0.0,1.0,36.0,8.0,2.0,14.7,0.0
2018-08-08,taiwan,405.0,66.0,37.0,575.8,1.0,0.0,21.0,84.0,36.0,72.5,14.0
2018-08-08,ukraine,1228.0,193.0,185.0,56.1,1.0,4.0,113.0,229.0,98.0,-151.5,37.0
2018-08-08,venezuela,1027.0,202.0,263.0,-1310.6,15.0,5.0,125.0,86.0,35.0,-38.8,12.0
2018-08-08,yemen,495.0,55.0,135.0,-311.5,4.0,0.0,26.0,107.0,45.0,-148.0,10.0
2018-08-09,drc,165.0,27.0,38.0,-124.6,0.0,1.0,20.0,3.0,0.0,9.0,0.0
2018-08-09,europe_east,1196.0,119.0,139.0,1166.3,2.0,1.0,63.0,127.0,19.0,225.7,2.0
2018-08-09,iran,2330.0,508.0,312.0,692.2,19.0,3.0,203.0,483.0,204.0,60.9,23.0
2018-08-09,israel,5857.0,861.0,1563.0,-7585.7,65.0,19.0,338.0,1558.0,899.0,-4934.5,95.0
2018-08-09,korea,1717.0,239.0,157.0,1867.3,2.0,3.0,67.0,370.0,99.0,379.4,6.0
2018-08-09,libya,185.0,26.0,16.0,313.2,0.0,0.0,7.0,1.0,1.0,-5.0,0.0
2018-08-09,scs,2371.0,234.0,299.0,1965.7,12.0,3.0,142.0,161.0,12.0,554.0,1.0
2018-08-09,southasia,10287.0,1684.0,1555.0,2081.1,32.0,77.0,640.0,58.0,29.0,-63.4,21.0
2018-08-09,sudan,639.0,58.0,64.0,1319.1,0.0,5.0,24.0,9.0,1.0,54.0,0.0
2018-08-09,taiwan,447.0,43.0,43.0,551.6,1.0,0.0,10.0,89.0,34.0,-72.1,10.0
2018-08-09,ukraine,1164.0,173.0,240.0,-441.5,0.0,4.0,133.0,309.0,145.0,-334.3,47.0
2018-08-09,venezuela,733.0,136.0,167.0,-685.1,9.0,2.0,64.0,89.0,33.0,-37.8,7.0
2018-08-09,yemen,1076.0,139.0,408.0,-3291.4,12.0,2.0,20.0,257.0,183.0,-1469.8,9.0
2018-08-10,drc,88.0,13.0,18.0,-17.2,0.0,0.0,11.0,6.0,0.0,24.2,0.0
2018-08-10,europe_east,1270.0,184.0,167.0,744.6,2.0,6.0,99.0,81.0,10.0,106.3,1.0
2018-08-10,iran,1742.0,372.0,255.0,-81.6,27.0,1.0,133.0,371.0,134.0,38.0,23.0
2018-08-10,israel,4266.0,628.0,1074.0,-4653.8,41.0,6.0,263.0,1093.0,604.0,-3378.6,53.0
2018-08-10,korea,1558.0,247.0,212.0,820.2,2.0,1.0,144.0,421.0,151.0,72.3,9.0
2018-08-10,libya,288.0,40.0,31.0,301.7,0.0,0.0,14.0,0.0,0.0,0.0,0.0
2018-08-10,scs,2167.0,268.0,269.0,1441.4,11.0,4.0,110.0,44.0,7.0,108.4,5.0
2018-08-10,southasia,9939.0,1502.0,1507.0,3243.1,26.0,34.0,748.0,27.0,1.0,96.1,0.0
2018-08-10,sudan,635.0,76.0,51.0,1201.0,0.0,1.0,21.0,8.0,1.0,30.7,0.0
2018-08-10,taiwan,490.0,63.0,50.0,299.0,1.0,0.0,17.0,89.0,32.0,-50.3,5.0
2018-08-10,ukraine,1153.0,185.0,187.0,256.1,1.0,1.0,108.0,322.0,130.0,-76.5,58.0
2018-08-10,venezuela,603.0,108.0,126.0,-300.3,8.0,0.0,56.0,63.0,19.0,38.8,0.0
2018-08-10,yemen,1261.0,219.0,362.0,-2725.7,26.0,2.0,27.0,395.0,232.0,-1544.2,20.0
2018-08-11,drc,142.0,4.0,11.0,352.2,0.0,0.0,10.0,1.0,0.0,3.0,0.0
2018-08-11,europe_east,800.0,185.0,157.0,-883.4,1.0,4.0,63.0,24.0,6.0,41.0,0.0
2018-08-11,iran,1469.0,260.0,219.0,617.6,12.0,3.0,91.0,363.0,129.0,55.4,9.0
2018-08-11,israel,2298.0,378.0,567.0,-2643.8,13.0,7.0,123.0,511.0,302.0,-1639.8,31.0
2018-08-11,korea,744.0,106.0,88.0,635.8,3.0,0.0,58.0,205.0,70.0,23.0,30.0
2018-08-11,libya,131.0,14.0,19.0,69.1,0.0,1.0,6.0,0.0,0.0,0.0,0.0
2018-08-11,scs,1342.0,181.0,175.0,616.4,15.0,3.0,92.0,25.0,9.0,1.9,0.0
2018-08-11,southasia,7831.0,1288.0,1167.0,837.1,38.0,37.0,462.0,20.0,7.0,38.7,1.0
2018-08-11,sudan,361.0,47.0,43.0,518.2,1.0,0.0,24.0,2.0,2.0,-6.0,0.0
2018-08-11,taiwan,214.0,21.0,18.0,321.0,0.0,0.0,4.0,84.0,16.0,66.7,5.0
2018-08-11,ukraine,464.0,67.0,99.0,-77.0,0.0,2.0,42.0,162.0,81.0,-146.9,34.0
2018-08-11,venezuela,299.0,48.0,74.0,-257.8,5.0,0.0,37.0,27.0,12.0,-39.1,3.0
2018-08-11,yemen,574.0,80.0,145.0,-824.7,10.0,0.0,13.0,219.0,121.0,-666.9,7.0
2018-08-12,drc,40.0,1.0,4.0,53.7,0.0,0.0,2.0,4.0,0.0,9.4,0.0
2018-08-12,europe_east,529.0,117.0,55.0,16.4,0.0,0.0,25.0,38.0,3.0,78.4,0.0
2018-08-12,iran,1598.0,259.0,205.0,2056.6,7.0,5.0,115.0,274.0,124.0,-146.1,12.0
2018-08-12,israel,2329.0,501.0,485.0,-2451.3,20.0,1.0,121.0,480.0,287.0,-1518.2,30.0
2018-08-12,korea,530.0,63.0,64.0,436.1,0.0,0.0,45.0,113.0,44.0,-45.9,19.0
2018-08-12,libya,145.0,20.0,41.0,-88.7,0.0,1.0,15.0,1.0,0.0,0.0,0.0
2018-08-12,scs,1547.0,164.0,191.0,1163.3,0.0,6.0,66.0,47.0,6.0,124.8,3.0
2018-08-12,southasia,6717.0,1014.0,967.0,2466.1,16.0,31.0,414.0,15.0,4.0,2.0,4.0
2018-08-12,sudan,322.0,37.0,33.0,378.2,3.0,0.0,12.0,0.0,0.0,0.0,0.0
2018-08-12,taiwan,279.0,16.0,30.0,417.3,0.0,1.0,9.0,72.0,16.0,73.4,1.0
2018-08-12,ukraine,206.0,33.0,32.0,76.1,1.0,1.0,18.0,103.0,46.0,-107.0,17.0
2018-08-12,venezuela,285.0,76.0,59.0,-409.9,3.0,0.0,35.0,44.0,22.0,-101.6,6.0
2018-08-12,yemen,332.0,56.0,85.0,-542.7,2.0,0.0,11.0,107.0,61.0,-249.6,6.0
2018-08-13,drc,44.0,3.0,5.0,50.4,0.0,0.0,4.0,1.0,0.0,7.0,0.0
2018-08-13,europe_east,1135.0,175.0,134.0,485.4,0.0,0.0,48.0,71.0,21.0,20.7,1.0
2018-08-13,iran,2539.0,452.0,355.0,2096.9,16.0,14.0,216.0,463.0,177.0,440.0,28.0
2018-08-13,israel,4024.0,647.0,894.0,-3199.5,21.0,8.0,277.0,704.0,333.0,-1157.6,56.0
2018-08-13,korea,2029.0,138.0,135.0,4032.2,0.0,0.0,101.0,818.0,91.0,1782.5,15.0
2018-08-13,libya,273.0,49.0,51.0,-4.5,0.0,1.0,12.0,1.0,1.0,-2.0,0.0
2018-08-13,scs,2718.0,301.0,311.0,2869.9,3.0,4.0,140.0,76.0,13.0,169.3,0.0
2018-08-13,southasia,9678.0,1501.0,1415.0,2828.7,10.0,34.0,553.0,72.0,20.0,123.5,13.0
2018-08-13,sudan,508.0,50.0,105.0,134.5,0.0,0.0,24.0,1.0,1.0,-10.0,0.0
2018-08-13,taiwan,502.0,34.0,90.0,171.8,0.0,0.0,13.0,82.0,21.0,12.2,0.0
2018-08-13,ukraine,863.0,125.0,121.0,573.9,1.0,0.0,58.0,144.0,86.0,-256.6,28.0
2018-08-13,venezuela,303.0,47.0,38.0,123.8,1.0,0.0,16.0,30.0,7.0,-7.6,1.0
2018-08-13,yemen,722.0,121.0,180.0,-880.7,3.0,0.0,21.0,292.0,153.0,-697.4,2.0
2018-08-14,drc,76.0,7.0,9.0,56.1,1.0,0.0,1.0,4.0,1.0,16.2,0.0
2018-08-14,europe_east,1156.0,168.0,133.0,774.9,4.0,1.0,64.0,72.0,15.0,46.5,1.0
2018-08-14,iran,1890.0,325.0,307.0,901.2,3.0,3.0,205.0,418.0,149.0,242.3,17.0
2018-08-14,israel,4357.0,654.0,784.0,-679.0,19.0,9.0,288.0,898.0,372.0,-786.1,73.0
2018-08-14,korea,1289.0,175.0,108.0,1437.0,2.0,4.0,57.0,339.0,62.0,654.0,6.0
2018-08-14,libya,391.0,52.0,55.0,319.5,1.0,0.0,18.0,0.0,0.0,0.0,0.0
2018-08-14,scs,2790.0,373.0,366.0,1844.7,7.0,3.0,177.0,105.0,32.0,135.0,7.0
2018-08-14,southasia,9477.0,1281.0,1288.0,3865.8,25.0,32.0,432.0,53.0,17.0,3.9,8.0
2018-08-14,sudan,607.0,75.0,113.0,246.6,2.0,0.0,30.0,9.0,0.0,24.3,0.0
2018-08-14,taiwan,515.0,86.0,49.0,472.4,0.0,1.0,11.0,105.0,45.0,-94.5,6.0
2018-08-14,ukraine,846.0,116.0,119.0,673.2,1.0,1.0,53.0,184.0,67.0,-60.0,15.0
2018-08-14,venezuela,388.0,80.0,83.0,-226.1,1.0,0.0,53.0,43.0,21.0,-65.8,10.0
2018-08-14,yemen,609.0,79.0,170.0,-869.7,0.0,0.0,14.0,269.0,150.0,-900.7,5.0
2018-08-15,drc,64.0,6.0,6.0,46.5,0.0,0.0,1.0,11.0,2.0,1.2,0.0
2018-08-15,europe_east,1335.0,155.0,145.0,1390.5,10.0,3.0,69.0,110.0,14.0,182.0,0.0
2018-08-15,iran,1837.0,269.0,299.0,1610.1,5.0,15.0,193.0,363.0,127.0,419.3,26.0
2018-08-15,israel,4355.0,740.0,759.0,-1014.5,15.0,9.0,301.0,982.0,409.0,-824.2,94.0
2018-08-15,korea,1519.0,183.0,162.0,1619.9,8.0,4.0,92.0,416.0,53.0,823.3,10.0
2018-08-15,libya,311.0,35.0,70.0,-94.3,0.0,2.0,25.0,4.0,0.0,9.4,0.0
2018-08-15,scs,2647.0,353.0,331.0,2028.4,18.0,2.0,138.0,153.0,63.0,50.7,3.0
2018-08-15,southasia,8330.0,950.0,1122.0,5104.8,17.0,48.0,438.0,60.0,12.0,109.0,0.0
2018-08-15,sudan,852.0,115.0,174.0,-461.2,2.0,5.0,69.0,0.0,0.0,0.0,0.0
2018-08-15,taiwan,577.0,87.0,44.0,535.2,4.0,0.0,15.0,136.0,47.0,8.5,9.0
2018-08-15,ukraine,854.0,152.0,105.0,551.0,3.0,0.0,63.0,177.0,81.0,-104.0,19.0
2018-08-15,venezuela,399.0,57.0,87.0,-63.8,0.0,0.0,49.0,47.0,10.0,15.3,3.0
2018-08-15,yemen,461.0,59.0,130.0,-633.7,4.0,3.0,12.0,107.0,51.0,-239.3,0.0
2018-08-16,drc,63.0,4.0,5.0,55.3,0.0,1.0,2.0,3.0,0.0,7.5,0.0
2018-08-16,europe_east,1202.0,138.0,115.0,1424.2,2.0,20.0,55.0,89.0,17.0,165.3,0.0
2018-08-16,iran,1653.0,271.0,245.0,1120.7,2.0,3.0,154.0,312.0,81.0,528.8,12.0
2018-08-16,israel,4360.0,649.0,736.0,481.6,9.0,5.0,298.0,848.0,332.0,-192.5,67.0
2018-08-16,korea,1537.0,235.0,200.0,894.1,5.0,4.0,111.0,325.0,57.0,508.6,11.0
2018-08-16,libya,252.0,41.0,49.0,-47.4,0.0,0.0,19.0,1.0,1.0,-10.0,0.0
2018-08-16,scs,3012.0,414.0,384.0,1946.4,15.0,3.0,207.0,166.0,42.0,265.4,5.0
2018-08-16,southasia,10994.0,1288.0,1153.0,10530.3,16.0,47.0,484.0,124.0,17.0,200.7,2.0
2018-08-16,sudan,555.0,61.0,115.0,-243.8,3.0,7.0,51.0,2.0,2.0,-14.4,2.0
2018-08-16,taiwan,549.0,102.0,29.0,615.2,5.0,0.0,19.0,99.0,36.0,-30.2,1.0
2018-08-16,ukraine,891.0,97.0,139.0,644.6,1.0,1.0,83.0,154.0,65.0,-18.5,19.0
2018-08-16,venezuela,508.0,83.0,107.0,-19.6,2.0,0.0,70.0,45.0,13.0,12.8,2.0
2018-08-16,yemen,443.0,60.0,93.0,87.1,3.0,1.0,20.0,121.0,49.0,-126.9,5.0
2018-08-17,drc,73.0,3.0,11.0,19.1,0.0,0.0,6.0,3.0,0.0,8.1,0.0
2018-08-17,europe_east,980.0,113.0,145.0,453.3,4.0,8.0,42.0,91.0,6.0,260.2,1.0
2018-08-17,iran,1673.0,222.0,246.0,2521.8,6.0,4.0,135.0,276.0,86.0,275.4,9.0
2018-08-17,israel,3598.0,483.0,744.0,-1256.6,10.0,15.0,226.0,838.0,352.0,-914.0,62.0
2018-08-17,korea,984.0,128.0,107.0,1116.3,4.0,3.0,60.0,174.0,36.0,295.3,7.0
2018-08-17,libya,256.0,25.0,49.0,47.0,4.0,1.0,13.0,0.0,0.0,0.0,0.0
2018-08-17,scs,2559.0,352.0,387.0,826.3,7.0,9.0,182.0,146.0,37.0,227.9,4.0
2018-08-17,southasia,11419.0,1262.0,1347.0,9574.9,21.0,73.0,446.0,180.0,20.0,292.0,0.0
2018-08-17,sudan,488.0,45.0,105.0,-26.8,0.0,9.0,35.0,0.0,0.0,0.0,0.0
2018-08-17,taiwan,498.0,47.0,67.0,322.1,1.0,3.0,20.0,142.0,73.0,-190.0,15.0
2018-08-17,ukraine,1234.0,149.0,157.0,924.6,4.0,1.0,81.0,306.0,128.0,-195.9,36.0
2018-08-17,venezuela,432.0,60.0,66.0,184.3,0.0,0.0,23.0,32.0,4.0,85.6,1.0
2018-08-17,yemen,400.0,57.0,124.0,-771.7,0.0,1.0,13.0,112.0,61.0,-387.0,3.0
2018-08-18,drc,21.0,3.0,0.0,27.7,0.0,0.0,0.0,0.0,0.0,0.0,0.0
2018-08-18,europe_east,640.0,60.0,80.0,459.4,1.0,0.0,35.0,46.0,13.0,40.4,8.0
2018-08-18,iran,1395.0,170.0,181.0,2205.1,4.0,4.0,94.0,206.0,58.0,321.6,7.0
2018-08-18,israel,2160.0,317.0,449.0,-793.5,4.0,4.0,154.0,473.0,213.0,-711.8,33.0
2018-08-18,korea,578.0,92.0,63.0,343.1,7.0,2.0,33.0,132.0,25.0,173.5,2.0
2018-08-18,libya,213.0,27.0,47.0,-49.4,0.0,0.0,17.0,3.0,0.0,21.8,0.0
2018-08-18,scs,1889.0,267.0,257.0,932.3,5.0,2.0,126.0,77.0,25.0,-16.1,1.0
2018-08-18,southasia,8675.0,877.0,1083.0,9878.7,5.0,50.0,414.0,49.0,13.0,-19.2,0.0
2018-08-18,sudan,337.0,23.0,107.0,-373.3,0.0,4.0,48.0,1.0,0.0,-2.0,0.0
2018-08-18,taiwan,375.0,41.0,29.0,493.6,2.0,4.0,18.0,89.0,40.0,-74.4,10.0
2018-08-18,ukraine,733.0,86.0,69.0,742.2,1.0,0.0,37.0,105.0,27.0,140.6,8.0
2018-08-18,venezuela,287.0,44.0,46.0,38.5,1.0,0.0,13.0,31.0,13.0,-19.8,6.0
2018-08-18,yemen,399.0,46.0,138.0,-847.4,3.0,3.0,17.0,81.0,51.0,-218.7,5.0
2018-08-19,drc,12.0,0.0,3.0,8.0,0.0,3.0,0.0,0.0,0.0,0.0,0.0
2018-08-19,europe_east,486.0,56.0,62.0,309.2,3.0,0.0,43.0,45.0,6.0,73.8,0.0
2018-08-19,iran,1490.0,251.0,221.0,976.2,15.0,2.0,102.0,433.0,157.0,-21.5,11.0
2018-08-19,israel,2781.0,401.0,453.0,439.4,7.0,3.0,181.0,855.0,328.0,-357.6,42.0
2018-08-19,korea,828.0,87.0,95.0,812.3,8.0,3.0,55.0,205.0,25.0,341.6,2.0
2018-08-19,libya,114.0,22.0,23.0,-47.1,0.0,0.0,5.0,0.0,0.0,0.0,0.0
2018-08-19,scs,1614.0,205.0,193.0,1321.8,9.0,3.0,80.0,96.0,10.0,183.0,6.0
2018-08-19,southasia,7634.0,872.0,1116.0,5998.2,3.0,32.0,489.0,33.0,13.0,-42.2,5.0
2018-08-19,sudan,259.0,18.0,69.0,-144.8,0.0,0.0,27.0,4.0,3.0,-29.2,1.0
2018-08-19,taiwan,234.0,33.0,11.0,282.0,1.0,0.0,5.0,54.0,23.0,18.9,0.0
2018-08-19,ukraine,536.0,87.0,60.0,271.9,2.0,0.0,21.0,112.0,51.0,-91.8,8.0
2018-08-19,venezuela,416.0,52.0,95.0,-127.9,0.0,1.0,26.0,19.0,13.0,-63.8,7.0
2018-08-19,yemen,356.0,47.0,98.0,-560.5,0.0,0.0,8.0,90.0,45.0,-169.9,0.0
2018-08-20,drc,41.0,5.0,4.0,68.9,0.0,0.0,4.0,7.0,0.0,14.1,0.0
2018-08-20,europe_east,1119.0,122.0,120.0,1417.3,1.0,0.0,57.0,66.0,16.0,72.8,0.0
2018-08-20,iran,2160.0,274.0,265.0,3098.9,6.0,1.0,163.0,611.0,136.0,872.4,13.0
2018-08-20,israel,4093.0,522.0,634.0,1282.2,1.0,6.0,197.0,1092.0,349.0,-166.9,30.0
2018-08-20,korea,1996.0,137.0,258.0,2140.0,8.0,4.0,90.0,751.0,204.0,143.8,16.0
2018-08-20,libya,285.0,30.0,78.0,-175.2,1.0,0.0,25.0,1.0,0.0,3.4,0.0
2018-08-20,scs,2700.0,367.0,294.0,2045.1,12.0,5.0,153.0,112.0,23.0,123.5,10.0
2018-08-20,southasia,11066.0,1220.0,1450.0,11549.6,9.0,45.0,646.0,69.0,15.0,-39.4,3.0
2018-08-20,sudan,535.0,71.0,94.0,189.9,0.0,0.0,46.0,4.0,1.0,17.0,0.0
2018-08-20,taiwan,620.0,74.0,33.0,1084.7,0.0,0.0,21.0,93.0,39.0,-26.1,0.0
2018-08-20,ukraine,983.0,154.0,114.0,771.7,0.0,2.0,60.0,169.0,58.0,-12.4,11.0
2018-08-20,venezuela,445.0,58.0,93.0,157.9,1.0,9.0,37.0,34.0,8.0,37.2,2.0
2018-08-20,yemen,393.0,54.0,125.0,-733.9,3.0,0.0,6.0,125.0,76.0,-400.7,4.0
2018-08-21,drc,22.0,1.0,8.0,-25.3,0.0,0.0,2.0,7.0,0.0,20.0,0.0
2018-08-21,europe_east,1632.0,190.0,240.0,1177.6,1.0,1.0,96.0,100.0,5.0,289.0,0.0
2018-08-21,iran,2062.0,354.0,298.0,949.3,8.0,1.0,180.0,649.0,214.0,393.4,33.0
2018-08-21,israel,3791.0,529.0,585.0,1531.7,15.0,3.0,191.0,835.0,304.0,-500.4,34.0
2018-08-21,korea,1845.0,192.0,201.0,2093.2,9.0,4.0,102.0,634.0,180.0,342.0,19.0
2018-08-21,libya,144.0,27.0,30.0,10.0,0.0,2.0,19.0,0.0,0.0,0.0,0.0
2018-08-21,scs,2316.0,326.0,291.0,1536.9,11.0,1.0,156.0,89.0,9.0,155.7,4.0
2018-08-21,southasia,10027.0,1265.0,1298.0,8654.2,20.0,19.0,524.0,63.0,14.0,62.5,3.0
2018-08-21,sudan,381.0,54.0,56.0,277.9,0.0,0.0,32.0,1.0,1.0,-10.0,0.0
2018-08-21,taiwan,914.0,114.0,108.0,1267.2,3.0,1.0,100.0,238.0,114.0,57.8,8.0
2018-08-21,ukraine,1326.0,206.0,184.0,555.4,9.0,2.0,125.0,428.0,190.0,-370.3,33.0
2018-08-21,venezuela,506.0,80.0,72.0,328.5,0.0,7.0,24.0,57.0,12.0,141.9,1.0
2018-08-21,yemen,414.0,68.0,150.0,-1107.3,7.0,1.0,13.0,155.0,86.0,-526.0,4.0
2018-08-22,drc,40.0,1.0,8.0,2.5,0.0,0.0,5.0,0.0,0.0,0.0,0.0
2018-08-22,europe_east,1783.0,185.0,235.0,1761.5,6.0,8.0,102.0,185.0,26.0,347.3,2.0
2018-08-22,iran,2163.0,377.0,332.0,637.0,18.0,8.0,198.0,616.0,216.0,0.5,33.0
2018-08-22,israel,4007.0,640.0,651.0,573.8,35.0,2.0,233.0,947.0,406.0,-1170.9,47.0
2018-08-22,korea,1673.0,207.0,159.0,1934.7,5.0,7.0,72.0,506.0,98.0,813.4,13.0
2018-08-22,libya,210.0,26.0,51.0,-32.5,0.0,0.0,28.0,2.0,0.0,4.7,0.0
2018-08-22,scs,2464.0,329.0,401.0,1058.2,11.0,2.0,213.0,68.0,21.0,80.4,5.0
2018-08-22,southasia,8957.0,1110.0,1213.0,6430.7,15.0,24.0,504.0,30.0,11.0,-19.1,1.0
2018-08-22,sudan,380.0,65.0,45.0,443.3,0.0,2.0,12.0,3.0,1.0,-9.6,0.0
2018-08-22,taiwan,749.0,117.0,87.0,666.5,4.0,0.0,62.0,289.0,120.0,59.6,5.0
2018-08-22,ukraine,1445.0,186.0,218.0,766.1,1.0,9.0,117.0,371.0,131.0,93.3,31.0
2018-08-22,venezuela,501.0,70.0,78.0,288.5,0.0,1.0,33.0,43.0,8.0,83.2,0.0
2018-08-22,yemen,236.0,28.0,79.0,-435.1,4.0,2.0,8.0,65.0,47.0,-316.8,6.0
2018-08-23,drc,35.0,4.0,3.0,48.9,0.0,0.0,0.0,0.0,0.0,0.0,0.0
2018-08-23,europe_east,1822.0,164.0,175.0,2771.7,1.0,1.0,80.0,185.0,28.0,254.4,5.0
2018-08-23,iran,2696.0,368.0,478.0,1548.5,17.0,2.0,352.0,564.0,190.0,-8.9,37.0
2018-08-23,israel,3792.0,569.0,542.0,1721.5,31.0,4.0,258.0,789.0,323.0,-859.4,50.0
2018-08-23,korea,1514.0,147.0,128.0,2353.9,4.0,0.0,74.0,428.0,70.0,812.5,2.0
2018-08-23,libya,304.0,51.0,61.0,-170.3,0.0,0.0,11.0,1.0,1.0,-5.0,1.0
2018-08-23,scs,2826.0,359.0,326.0,2230.0,8.0,13.0,124.0,153.0,31.0,201.0,4.0
2018-08-23,southasia,8873.0,1107.0,966.0,8356.1,6.0,17.0,403.0,117.0,7.0,435.1,2.0
2018-08-23,sudan,416.0,39.0,47.0,530.3,0.0,1.0,7.0,1.0,0.0,0.4,0.0
2018-08-23,taiwan,629.0,88.0,89.0,353.5,3.0,0.0,40.0,184.0,57.0,-9.7,4.0
2018-08-23,ukraine,1286.0,165.0,194.0,905.8,4.0,6.0,88.0,378.0,150.0,-45.8,43.0
2018-08-23,venezuela,560.0,83.0,51.0,443.3,6.0,1.0,32.0,61.0,13.0,8.9,3.0
2018-08-23,yemen,345.0,49.0,111.0,-666.6,4.0,0.0,22.0,102.0,68.0,-424.5,4.0
2018-08-24,drc,80.0,9.0,6.0,108.2,0.0,0.0,3.0,6.0,6.0,-30.0,5.0
2018-08-24,europe_east,1737.0,140.0,144.0,2431.7,3.0,6.0,63.0,122.0,16.0,144.5,3.0
2018-08-24,iran,2044.0,351.0,287.0,1620.7,11.0,0.0,208.0,359.0,97.0,482.7,19.0
2018-08-24,israel,3418.0,532.0,524.0,875.1,11.0,7.0,218.0,604.0,282.0,-460.6,33.0
2018-08-24,korea,2373.0,228.0,313.0,2761.2,3.0,0.0,218.0,861.0,183.0,1304.7,9.0
2018-08-24,libya,279.0,45.0,60.0,-162.5,1.0,0.0,23.0,4.0,0.0,9.4,0.0
2018-08-24,scs,2599.0,375.0,395.0,1004.5,9.0,2.0,181.0,136.0,34.0,60.2,12.0
2018-08-24,southasia,9302.0,1339.0,1079.0,8139.3,15.0,31.0,486.0,122.0,10.0,328.4,4.0
2018-08-24,sudan,414.0,52.0,56.0,390.8,0.0,5.0,12.0,1.0,1.0,-10.0,0.0
2018-08-24,taiwan,682.0,97.0,66.0,632.6,3.0,4.0,30.0,214.0,92.0,-76.1,16.0
2018-08-24,ukraine,1171.0,137.0,148.0,875.9,2.0,0.0,78.0,285.0,115.0,-146.4,31.0
2018-08-24,venezuela,369.0,33.0,49.0,418.2,0.0,0.0,23.0,24.0,2.0,61.3,1.0
2018-08-24,yemen,549.0,104.0,188.0,-1523.7,4.0,1.0,8.0,120.0,86.0,-643.3,6.0
2018-08-25,drc,146.0,33.0,30.0,17.8,0.0,0.0,18.0,8.0,1.0,22.4,0.0
2018-08-25,europe_east,779.0,53.0,61.0,1218.2,2.0,0.0,29.0,43.0,14.0,-2.0,1.0
2018-08-25,iran,1472.0,228.0,252.0,775.5,11.0,0.0,145.0,271.0,121.0,-55.4,49.0
2018-08-25,israel,2647.0,453.0,567.0,-1447.1,4.0,1.0,244.0,636.0,335.0,-1130.5,28.0
2018-08-25,korea,1863.0,222.0,235.0,2016.1,5.0,0.0,194.0,745.0,160.0,857.3,5.0
2018-08-25,libya,196.0,25.0,40.0,-117.3,0.0,0.0,14.0,0.0,0.0,0.0,0.0
2018-08-25,scs,1761.0,189.0,228.0,1750.9,2.0,5.0,86.0,25.0,1.0,37.3,0.0
2018-08-25,southasia,8332.0,1296.0,1056.0,4605.8,8.0,43.0,436.0,29.0,1.0,88.0,0.0
2018-08-25,sudan,274.0,29.0,27.0,445.4,0.0,8.0,7.0,1.0,0.0,3.4,0.0
2018-08-25,taiwan,266.0,32.0,26.0,251.4,0.0,0.0,9.0,43.0,16.0,65.0,1.0
2018-08-25,ukraine,532.0,69.0,70.0,270.1,0.0,0.0,37.0,150.0,67.0,-233.0,8.0
2018-08-25,venezuela,207.0,17.0,9.0,381.2,0.0,0.0,4.0,17.0,1.0,56.2,0.0
2018-08-25,yemen,480.0,87.0,180.0,-1480.0,6.0,0.0,12.0,128.0,76.0,-545.3,0.0
2018-08-26,drc,83.0,5.0,29.0,-122.7,0.0,1.0,10.0,9.0,7.0,-54.6,0.0
2018-08-26,europe_east,716.0,87.0,80.0,539.9,0.0,0.0,26.0,54.0,13.0,47.8,0.0
2018-08-26,iran,2223.0,303.0,353.0,1319.8,10.0,9.0,194.0,357.0,119.0,326.8,12.0
2018-08-26,israel,2677.0,396.0,447.0,598.9,15.0,5.0,170.0,531.0,228.0,-472.4,34.0
2018-08-26,korea,1423.0,211.0,161.0,1198.3,7.0,2.0,119.0,476.0,144.0,277.7,18.0
2018-08-26,libya,140.0,7.0,48.0,-232.6,1.0,2.0,15.0,8.0,2.0,0.7,0.0
2018-08-26,scs,4377.0,480.0,802.0,643.2,6.0,14.0,240.0,63.0,3.0,160.1,0.0
2018-08-26,southasia,6580.0,982.0,1017.0,1211.3,17.0,15.0,395.0,14.0,3.0,8.0,0.0
2018-08-26,sudan,242.0,38.0,9.0,508.2,0.0,0.0,5.0,3.0,0.0,21.0,0.0
2018-08-26,taiwan,264.0,21.0,25.0,377.9,1.0,1.0,9.0,14.0,5.0,30.8,0.0
2018-08-26,ukraine,494.0,80.0,63.0,183.1,0.0,4.0,20.0,119.0,45.0,5.6,8.0
2018-08-26,venezuela,149.0,16.0,15.0,272.5,0.0,0.0,5.0,20.0,6.0,42.3,2.0
2018-08-26,yemen,297.0,37.0,123.0,-978.2,1.0,0.0,2.0,88.0,60.0,-424.3,4.0
2018-08-27,drc,70.0,6.0,6.0,118.0,0.0,1.0,3.0,6.0,3.0,-7.4,2.0
2018-08-27,europe_east,1231.0,152.0,102.0,1674.8,3.0,4.0,49.0,113.0,25.0,77.8,0.0
2018-08-27,iran,3171.0,408.0,473.0,2808.6,22.0,14.0,293.0,516.0,211.0,62.0,20.0
2018-08-27,israel,3536.0,533.0,617.0,299.9,19.0,9.0,239.0,723.0,351.0,-1064.9,58.0
2018-08-27,korea,1872.0,221.0,294.0,1277.4,3.0,9.0,197.0,683.0,238.0,360.8,71.0
2018-08-27,libya,323.0,41.0,81.0,-438.2,2.0,0.0,19.0,0.0,0.0,0.0,0.0
2018-08-27,scs,4426.0,494.0,641.0,2556.6,4.0,10.0,187.0,56.0,19.0,-31.5,2.0
2018-08-27,southasia,9591.0,1348.0,1249.0,6303.8,20.0,11.0,552.0,135.0,14.0,346.8,4.0
2018-08-27,sudan,439.0,69.0,75.0,37.3,0.0,1.0,25.0,0.0,0.0,0.0,0.0
2018-08-27,taiwan,392.0,50.0,43.0,409.0,2.0,2.0,26.0,78.0,21.0,70.1,2.0
2018-08-27,ukraine,994.0,120.0,168.0,269.4,3.0,0.0,86.0,173.0,73.0,-129.2,17.0
2018-08-27,venezuela,236.0,28.0,18.0,456.1,0.0,0.0,6.0,26.0,6.0,35.3,0.0
2018-08-27,yemen,407.0,72.0,159.0,-1175.9,1.0,2.0,18.0,148.0,107.0,-657.7,1.0
2018-08-28,drc,154.0,19.0,45.0,-229.5,0.0,2.0,15.0,12.0,3.0,25.8,2.0
2018-08-28,europe_east,1478.0,143.0,139.0,2107.7,3.0,4.0,49.0,109.0,21.0,98.7,3.0
2018-08-28,iran,2792.0,542.0,354.0,1366.0,30.0,5.0,231.0,444.0,212.0,-55.0,41.0
2018-08-28,israel,3958.0,642.0,758.0,-832.2,11.0,5.0,346.0,790.0,390.0,-1327.2,97.0
2018-08-28,korea,2439.0,314.0,307.0,2195.0,10.0,4.0,199.0,931.0,268.0,673.7,39.0
2018-08-28,libya,366.0,30.0,116.0,-527.9,1.0,0.0,21.0,0.0,0.0,0.0,0.0
2018-08-28,scs,4193.0,503.0,623.0,2253.6,15.0,8.0,228.0,152.0,24.0,355.0,3.0
2018-08-28,southasia,11559.0,1603.0,1967.0,2537.7,19.0,9.0,1005.0,79.0,1.0,249.2,0.0
2018-08-28,sudan,738.0,136.0,65.0,1377.1,0.0,0.0,36.0,42.0,14.0,166.0,0.0
2018-08-28,taiwan,418.0,49.0,46.0,605.6,1.0,2.0,25.0,85.0,33.0,69.4,0.0
2018-08-28,ukraine,1189.0,118.0,180.0,948.9,0.0,5.0,92.0,273.0,108.0,-42.7,33.0
2018-08-28,venezuela,367.0,36.0,25.0,787.7,0.0,0.0,12.0,17.0,1.0,70.6,0.0
2018-08-28,yemen,807.0,143.0,242.0,-1628.1,1.0,5.0,29.0,289.0,194.0,-1168.1,4.0
2018-08-29,drc,98.0,24.0,24.0,-187.2,0.0,3.0,13.0,1.0,0.0,3.0,0.0
2018-08-29,europe_east,1363.0,108.0,155.0,1494.7,0.0,8.0,74.0,89.0,6.0,186.8,2.0
2018-08-29,iran,3082.0,507.0,452.0,2424.4,12.0,7.0,284.0,531.0,204.0,-52.1,39.0
2018-08-29,israel,3985.0,579.0,597.0,1409.8,19.0,12.0,308.0,731.0,358.0,-1179.9,73.0
2018-08-29,korea,2132.0,259.0,321.0,1721.2,8.0,0.0,170.0,658.0,172.0,670.0,41.0
2018-08-29,libya,406.0,52.0,120.0,-569.9,2.0,1.0,18.0,0.0,0.0,0.0,0.0
2018-08-29,scs,3425.0,393.0,511.0,1574.5,2.0,17.0,168.0,150.0,26.0,300.0,1.0
2018-08-29,southasia,12928.0,1993.0,2535.0,-1871.3,35.0,20.0,1494.0,69.0,1.0,212.3,0.0
2018-08-29,sudan,783.0,134.0,63.0,1570.3,1.0,1.0,27.0,20.0,2.0,125.0,0.0
2018-08-29,taiwan,371.0,51.0,42.0,281.7,1.0,0.0,21.0,56.0,19.0,-8.1,9.0
2018-08-29,ukraine,970.0,129.0,138.0,506.3,0.0,5.0,47.0,194.0,80.0,-205.1,23.0
2018-08-29,venezuela,556.0,90.0,104.0,123.1,0.0,17.0,35.0,61.0,17.0,32.0,2.0
2018-08-29,yemen,677.0,112.0,196.0,-1135.4,6.0,2.0,31.0,234.0,136.0,-610.6,12.0
2018-08-30,drc,79.0,10.0,16.0,-80.0,0.0,0.0,6.0,3.0,0.0,4.3,0.0
2018-08-30,europe_east,1305.0,173.0,120.0,1421.8,1.0,5.0,62.0,89.0,15.0,86.5,4.0
2018-08-30,iran,2764.0,426.0,392.0,2514.3,23.0,8.0,238.0,497.0,209.0,-136.4,39.0
2018-08-30,israel,4148.0,691.0,648.0,472.3,26.0,9.0,265.0,780.0,386.0,-1200.3,60.0
2018-08-30,korea,2541.0,336.0,364.0,2914.6,15.0,4.0,167.0,574.0,141.0,789.6,13.0
2018-08-30,libya,510.0,60.0,171.0,-678.7,0.0,1.0,50.0,2.0,0.0,4.7,0.0
2018-08-30,scs,3470.0,318.0,480.0,2651.6,11.0,7.0,125.0,80.0,11.0,179.0,1.0
2018-08-30,southasia,12479.0,1820.0,2058.0,3488.0,12.0,44.0,1125.0,67.0,17.0,146.4,7.0
2018-08-30,sudan,481.0,41.0,33.0,1127.4,0.0,0.0,15.0,4.0,0.0,24.0,0.0
2018-08-30,taiwan,416.0,29.0,45.0,563.6,0.0,0.0,29.0,80.0,21.0,58.3,4.0
2018-08-30,ukraine,768.0,96.0,103.0,484.5,0.0,5.0,39.0,192.0,82.0,-100.4,14.0
2018-08-30,venezuela,426.0,54.0,73.0,168.4,0.0,8.0,25.0,20.0,4.0,49.6,2.0
2018-08-30,yemen,465.0,51.0,98.0,-238.9,7.0,0.0,5.0,138.0,57.0,-215.3,2.0
2018-08-31,drc,58.0,5.0,10.0,-12.0,0.0,0.0,5.0,2.0,1.0,1.0,1.0
2018-08-31,europe_east,1127.0,98.0,133.0,1181.3,0.0,2.0,62.0,61.0,13.0,46.3,4.0
2018-08-31,iran,2540.0,348.0,302.0,3293.8,23.0,14.0,153.0,355.0,124.0,46.7,23.0
2018-08-31,israel,4142.0,719.0,651.0,549.7,18.0,16.0,259.0,835.0,386.0,-1040.7,54.0
2018-08-31,korea,1766.0,240.0,249.0,1351.1,5.0,2.0,136.0,421.0,90.0,669.9,14.0
2018-08-31,libya,501.0,55.0,175.0,-913.7,9.0,0.0,48.0,3.0,0.0,8.1,0.0
2018-08-31,scs,3294.0,457.0,518.0,383.8,9.0,2.0,128.0,140.0,42.0,79.5,4.0
2018-08-31,southasia,11117.0,1661.0,1662.0,4989.1,32.0,32.0,887.0,57.0,4.0,188.1,1.0
2018-08-31,sudan,382.0,69.0,41.0,368.0,0.0,0.0,14.0,4.0,0.0,32.0,0.0
2018-08-31,taiwan,377.0,28.0,40.0,478.3,0.0,1.0,23.0,42.0,8.0,79.6,0.0
2018-08-31,ukraine,1682.0,241.0,374.0,-883.0,4.0,10.0,98.0,517.0,249.0,-753.1,23.0
2018-08-31,venezuela,240.0,33.0,18.0,263.6,0.0,0.0,10.0,32.0,6.0,44.9,1.0
2018-08-31,yemen,420.0,55.0,85.0,-134.2,1.0,2.0,12.0,91.0,50.0,-283.1,12.0
2018-09-01,drc,16.0,5.0,1.0,0.7,0.0,0.0,1.0,0.0,0.0,0.0,0.0
2018-09-01,europe_east,566.0,61.0,83.0,348.7,1.0,1.0,25.0,36.0,2.0,52.7,0.0
2018-09-01,iran,1861.0,278.0,221.0,2130.9,10.0,17.0,112.0,306.0,103.0,169.8,24.0
2018-09-01,israel,3357.0,638.0,468.0,1964.1,15.0,11.0,184.0,850.0,329.0,32.2,22.0
2018-09-01,korea,910.0,118.0,121.0,964.7,4.0,0.0,60.0,231.0,61.0,324.9,7.0
2018-09-01,libya,299.0,45.0,86.0,-456.9,7.0,0.0,23.0,1.0,1.0,-9.0,0.0
2018-09-01,scs,2739.0,304.0,454.0,1263.6,11.0,0.0,139.0,66.0,3.0,157.3,0.0
2018-09-01,southasia,8070.0,1213.0,1197.0,2360.7,12.0,15.0,623.0,41.0,4.0,118.1,0.0
2018-09-01,sudan,211.0,15.0,19.0,382.9,0.0,0.0,10.0,2.0,0.0,4.7,0.0
2018-09-01,taiwan,245.0,34.0,11.0,244.6,0.0,0.0,5.0,40.0,24.0,-54.5,0.0
2018-09-01,ukraine,1258.0,192.0,299.0,-690.5,1.0,6.0,73.0,518.0,241.0,-442.3,8.0
2018-09-01,venezuela,141.0,19.0,21.0,101.3,0.0,1.0,7.0,14.0,0.0,31.1,0.0
2018-09-01,yemen,357.0,48.0,101.0,-499.8,1.0,3.0,8.0,102.0,74.0,-541.5,5.0
2018-09-02,drc,9.0,0.0,0.0,24.8,0.0,0.0,0.0,4.0,2.0,-20.0,0.0
2018-09-02,europe_east,480.0,59.0,53.0,279.3,2.0,0.0,9.0,42.0,7.0,23.2,7.0
2018-09-02,iran,1693.0,258.0,221.0,1717.3,6.0,26.0,112.0,270.0,93.0,235.2,10.0
2018-09-02,israel,4438.0,666.0,475.0,4327.1,24.0,10.0,167.0,961.0,385.0,-488.7,36.0
2018-09-02,korea,1011.0,84.0,83.0,1506.3,4.0,0.0,40.0,286.0,51.0,461.1,2.0
2018-09-02,libya,413.0,54.0,122.0,-501.6,2.0,0.0,15.0,0.0,0.0,0.0,0.0
2018-09-02,scs,2684.0,276.0,379.0,2450.8,9.0,3.0,141.0,87.0,14.0,173.3,4.0
2018-09-02,southasia,7578.0,1036.0,1066.0,4624.2,21.0,22.0,535.0,35.0,5.0,88.9,3.0
2018-09-02,sudan,273.0,31.0,28.0,330.7,0.0,0.0,11.0,0.0,0.0,0.0,0.0
2018-09-02,taiwan,182.0,16.0,20.0,172.0,0.0,0.0,9.0,49.0,16.0,-23.7,1.0
2018-09-02,ukraine,854.0,128.0,198.0,-804.1,3.0,11.0,47.0,365.0,202.0,-859.5,8.0
2018-09-02,venezuela,118.0,15.0,20.0,28.9,0.0,1.0,4.0,12.0,1.0,20.2,0.0
2018-09-02,yemen,477.0,62.0,148.0,-929.0,2.0,0.0,5.0,167.0,94.0,-726.5,1.0
2018-09-03,drc,57.0,8.0,11.0,-20.9,0.0,0.0,6.0,3.0,2.0,-1.0,0.0
2018-09-03,europe_east,813.0,78.0,87.0,890.4,0.0,6.0,29.0,59.0,5.0,154.5,0.0
2018-09-03,iran,2381.0,311.0,274.0,2649.8,20.0,27.0,120.0,343.0,139.0,-114.8,21.0
2018-09-03,israel,5219.0,745.0,680.0,3266.6,37.0,5.0,186.0,1052.0,462.0,-1317.7,56.0
2018-09-03,korea,1199.0,89.0,86.0,2250.8,2.0,0.0,55.0,214.0,38.0,376.3,4.0
2018-09-03,libya,660.0,97.0,241.0,-1552.7,3.0,1.0,60.0,2.0,2.0,-20.0,0.0
2018-09-03,scs,3575.0,374.0,452.0,3508.2,14.0,17.0,133.0,51.0,6.0,87.6,4.0
2018-09-03,southasia,9674.0,1348.0,1456.0,4965.7,9.0,27.0,785.0,8.0,0.0,20.8,0.0
2018-09-03,sudan,440.0,35.0,52.0,744.5,0.0,0.0,20.0,3.0,2.0,-1.8,0.0
2018-09-03,taiwan,350.0,56.0,29.0,328.9,3.0,0.0,11.0,53.0,17.0,-7.5,10.0
2018-09-03,ukraine,1342.0,152.0,199.0,735.2,11.0,0.0,62.0,325.0,129.0,-124.3,3.0
2018-09-03,venezuela,248.0,29.0,24.0,241.7,1.0,0.0,14.0,64.0,7.0,125.4,0.0
2018-09-03,yemen,497.0,62.0,141.0,-700.6,0.0,2.0,26.0,182.0,61.0,-301.3,6.0
2018-09-04,drc,91.0,10.0,41.0,-299.1,0.0,0.0,12.0,0.0,0.0,0.0,0.0
2018-09-04,europe_east,1218.0,111.0,115.0,1742.2,1.0,6.0,51.0,63.0,18.0,64.6,8.0
2018-09-04,iran,2812.0,381.0,339.0,2365.1,38.0,15.0,141.0,405.0,160.0,-304.9,13.0
2018-09-04,israel,5147.0,795.0,788.0,1133.0,29.0,11.0,286.0,995.0,465.0,-1571.1,45.0
2018-09-04,korea,1705.0,176.0,153.0,2641.5,11.0,0.0,96.0,367.0,61.0,686.2,9.0
2018-09-04,libya,581.0,79.0,154.0,-652.0,4.0,2.0,39.0,2.0,0.0,14.8,0.0
2018-09-04,scs,3892.0,586.0,586.0,2454.4,22.0,6.0,308.0,69.0,23.0,64.1,11.0
2018-09-04,southasia,11322.0,1682.0,1593.0,5869.2,20.0,18.0,788.0,46.0,1.0,171.8,0.0
2018-09-04,sudan,443.0,61.0,83.0,32.8,0.0,0.0,28.0,2.0,0.0,16.0,0.0
2018-09-04,taiwan,448.0,59.0,32.0,627.1,2.0,0.0,22.0,101.0,33.0,61.1,5.0
2018-09-04,ukraine,1046.0,102.0,146.0,1094.8,5.0,6.0,41.0,239.0,81.0,13.9,9.0
2018-09-04,venezuela,200.0,41.0,35.0,19.4,2.0,0.0,23.0,23.0,4.0,51.2,0.0
2018-09-04,yemen,532.0,74.0,150.0,-780.1,2.0,0.0,26.0,130.0,78.0,-545.5,1.0
2018-09-05,drc,43.0,7.0,5.0,1.4,0.0,0.0,1.0,5.0,3.0,-0.2,3.0
2018-09-05,europe_east,1386.0,192.0,109.0,1796.7,3.0,4.0,54.0,79.0,18.0,45.2,9.0
2018-09-05,iran,2965.0,540.0,350.0,1769.7,16.0,11.0,142.0,581.0,230.0,-257.5,13.0
2018-09-05,israel,5477.0,896.0,840.0,1159.2,21.0,7.0,352.0,1136.0,517.0,-1501.8,53.0
2018-09-05,korea,2493.0,215.0,210.0,4079.2,7.0,6.0,135.0,718.0,95.0,1460.5,16.0
2018-09-05,libya,470.0,37.0,110.0,-44.6,1.0,1.0,18.0,2.0,0.0,14.8,0.0
2018-09-05,scs,3496.0,467.0,537.0,1512.4,41.0,7.0,216.0,97.0,15.0,231.6,1.0
2018-09-05,southasia,12016.0,1817.0,1519.0,6785.1,35.0,29.0,718.0,71.0,12.0,239.6,2.0
2018-09-05,sudan,450.0,56.0,63.0,435.9,1.0,0.0,29.0,1.0,1.0,-9.5,0.0
2018-09-05,taiwan,463.0,31.0,34.0,941.0,0.0,0.0,29.0,48.0,15.0,31.9,0.0
2018-09-05,ukraine,971.0,128.0,97.0,1139.2,2.0,6.0,41.0,279.0,106.0,-7.7,11.0
2018-09-05,venezuela,302.0,44.0,37.0,249.1,0.0,1.0,24.0,38.0,14.0,24.3,3.0
2018-09-05,yemen,635.0,86.0,104.0,13.7,0.0,0.0,26.0,122.0,79.0,-507.8,4.0
2018-09-06,drc,81.0,2.0,6.0,144.4,0.0,2.0,3.0,11.0,1.0,30.2,1.0
2018-09-06,europe_east,1344.0,144.0,210.0,750.0,4.0,3.0,77.0,86.0,26.0,-26.3,18.0
2018-09-06,iran,2864.0,432.0,308.0,3475.0,10.0,4.0,164.0,505.0,174.0,404.9,7.0
2018-09-06,israel,4582.0,686.0,759.0,921.5,39.0,14.0,334.0,1028.0,437.0,-1007.0,62.0
2018-09-06,korea,3450.0,259.0,336.0,4708.6,6.0,2.0,227.0,1205.0,206.0,1723.7,36.0
2018-09-06,libya,401.0,54.0,63.0,124.9,2.0,2.0,8.0,2.0,0.0,14.8,0.0
2018-09-06,scs,2710.0,325.0,376.0,2328.0,17.0,6.0,171.0,113.0,40.0,149.2,4.0
2018-09-06,southasia,11862.0,1750.0,1451.0,7486.9,25.0,42.0,655.0,46.0,11.0,30.7,2.0
2018-09-06,sudan,757.0,82.0,239.0,-454.4,0.0,0.0,96.0,12.0,8.0,-35.6,5.0
2018-09-06,taiwan,566.0,80.0,73.0,617.1,0.0,0.0,63.0,120.0,52.0,-34.9,5.0
2018-09-06,ukraine,1036.0,119.0,136.0,810.1,1.0,0.0,67.0,180.0,62.0,146.6,13.0
2018-09-06,venezuela,320.0,34.0,35.0,541.4,2.0,1.0,20.0,52.0,24.0,-77.6,3.0
2018-09-06,yemen,837.0,102.0,167.0,-288.3,1.0,0.0,26.0,192.0,94.0,-476.0,5.0
2018-09-07,drc,40.0,4.0,8.0,30.0,0.0,0.0,4.0,0.0,0.0,0.0,0.0
2018-09-07,europe_east,1100.0,105.0,120.0,1450.2,2.0,5.0,50.0,58.0,15.0,-21.1,5.0
2018-09-07,iran,3584.0,453.0,423.0,3670.3,15.0,2.0,128.0,335.0,134.0,-47.2,7.0
2018-09-07,israel,4276.0,667.0,825.0,-938.2,16.0,3.0,363.0,873.0,470.0,-2033.5,62.0
2018-09-07,korea,2472.0,222.0,211.0,3595.4,7.0,1.0,131.0,638.0,106.0,956.8,14.0
2018-09-07,libya,292.0,35.0,55.0,88.3,1.0,1.0,13.0,2.0,0.0,14.8,0.0
2018-09-07,scs,2610.0,373.0,465.0,116.1,5.0,12.0,185.0,65.0,46.0,-23.2,4.0
2018-09-07,southasia,11131.0,1485.0,1469.0,7436.1,31.0,19.0,651.0,42.0,16.0,64.3,0.0
2018-09-07,sudan,563.0,54.0,159.0,-279.9,0.0,2.0,58.0,14.0,2.0,13.3,0.0
2018-09-07,taiwan,415.0,57.0,49.0,466.8,0.0,9.0,26.0,112.0,46.0,20.5,6.0
2018-09-07,ukraine,1043.0,112.0,136.0,851.4,1.0,0.0,54.0,195.0,105.0,-319.5,15.0
2018-09-07,venezuela,251.0,36.0,28.0,282.9,0.0,2.0,15.0,14.0,11.0,-63.3,1.0
2018-09-07,yemen,605.0,81.0,147.0,-633.8,5.0,0.0,34.0,135.0,68.0,-342.5,3.0
2018-09-08,drc,7.0,0.0,0.0,20.1,0.0,0.0,0.0,0.0,0.0,0.0,0.0
2018-09-08,europe_east,628.0,65.0,70.0,554.8,0.0,9.0,32.0,40.0,10.0,23.5,2.0
2018-09-08,iran,2845.0,520.0,538.0,-1150.6,14.0,13.0,136.0,238.0,86.0,185.2,1.0
2018-09-08,israel,2142.0,343.0,451.0,-868.4,15.0,3.0,196.0,469.0,261.0,-1133.1,38.0
2018-09-08,korea,1269.0,83.0,72.0,2056.1,1.0,0.0,42.0,348.0,45.0,437.2,9.0
2018-09-08,libya,173.0,26.0,43.0,-60.3,0.0,0.0,18.0,6.0,1.0,-1.5,1.0
2018-09-08,scs,1925.0,217.0,256.0,1606.5,7.0,12.0,120.0,22.0,13.0,-2.8,2.0
2018-09-08,southasia,8965.0,1270.0,1162.0,5125.3,17.0,5.0,618.0,40.0,12.0,71.4,1.0
2018-09-08,sudan,211.0,25.0,62.0,-172.3,0.0,0.0,25.0,6.0,3.0,-25.0,0.0
2018-09-08,taiwan,319.0,26.0,70.0,264.3,0.0,0.0,58.0,81.0,27.0,79.3,8.0
2018-09-08,ukraine,615.0,100.0,75.0,427.8,0.0,1.0,37.0,135.0,48.0,83.7,4.0
2018-09-08,venezuela,418.0,34.0,40.0,667.3,6.0,3.0,19.0,116.0,11.0,230.7,1.0
2018-09-08,yemen,676.0,107.0,108.0,40.5,6.0,0.0,37.0,131.0,55.0,-159.9,1.0
2018-09-09,drc,7.0,2.0,0.0,1.6,0.0,0.0,0.0,7.0,7.0,-65.0,1.0
2018-09-09,europe_east,601.0,56.0,66.0,556.5,2.0,2.0,23.0,36.0,6.0,36.6,0.0
2018-09-09,iran,2319.0,419.0,417.0,-685.6,18.0,14.0,80.0,215.0,70.0,341.3,5.0
2018-09-09,israel,2864.0,435.0,514.0,897.8,10.0,1.0,270.0,534.0,222.0,-248.4,21.0
2018-09-09,korea,1912.0,147.0,162.0,2345.6,1.0,15.0,94.0,496.0,49.0,859.0,5.0
2018-09-09,libya,258.0,37.0,86.0,-429.2,0.0,1.0,16.0,2.0,0.0,4.7,0.0
2018-09-09,scs,1458.0,180.0,142.0,1729.5,9.0,4.0,68.0,38.0,7.0,60.8,6.0
2018-09-09,southasia,8224.0,1248.0,1097.0,3687.2,28.0,24.0,444.0,23.0,0.0,85.7,0.0
2018-09-09,sudan,319.0,27.0,59.0,86.7,0.0,0.0,27.0,0.0,0.0,0.0,0.0
2018-09-09,taiwan,204.0,27.0,30.0,116.4,2.0,0.0,26.0,36.0,10.0,29.2,0.0
2018-09-09,ukraine,422.0,61.0,66.0,43.8,2.0,1.0,26.0,105.0,41.0,-68.4,3.0
2018-09-09,venezuela,497.0,67.0,43.0,686.5,4.0,2.0,28.0,183.0,30.0,354.4,2.0
2018-09-09,yemen,573.0,109.0,145.0,-656.0,2.0,0.0,37.0,144.0,93.0,-547.1,5.0
2018-09-10,drc,13.0,1.0,5.0,-30.2,0.0,0.0,1.0,0.0,0.0,0.0,0.0
2018-09-10,europe_east,1327.0,124.0,134.0,1776.1,1.0,5.0,56.0,88.0,32.0,17.1,24.0
2018-09-10,iran,2398.0,395.0,446.0,-122.4,20.0,25.0,175.0,242.0,96.0,75.1,19.0
2018-09-10,israel,3500.0,566.0,723.0,-193.2,31.0,5.0,438.0,607.0,281.0,-584.8,47.0
2018-09-10,korea,2449.0,178.0,143.0,4634.4,4.0,5.0,71.0,625.0,71.0,1284.6,2.0
2018-09-10,libya,648.0,90.0,181.0,-856.1,6.0,2.0,20.0,2.0,0.0,4.7,0.0
2018-09-10,scs,2653.0,316.0,287.0,2769.6,3.0,2.0,132.0,79.0,10.0,235.5,0.0
2018-09-10,southasia,11086.0,2127.0,1731.0,-523.3,20.0,37.0,705.0,43.0,10.0,45.9,0.0
2018-09-10,sudan,482.0,39.0,80.0,418.3,0.0,0.0,35.0,0.0,0.0,0.0,0.0
2018-09-10,taiwan,388.0,66.0,33.0,524.6,0.0,1.0,14.0,86.0,34.0,37.6,7.0
2018-09-10,ukraine,1068.0,128.0,112.0,1176.8,1.0,2.0,45.0,213.0,85.0,-26.8,17.0
2018-09-10,venezuela,456.0,74.0,29.0,710.8,1.0,0.0,17.0,145.0,27.0,276.2,1.0
2018-09-10,yemen,423.0,55.0,112.0,-492.5,3.0,0.0,27.0,102.0,44.0,-121.3,7.0
2018-09-11,drc,40.0,5.0,11.0,-46.8,0.0,0.0,1.0,3.0,0.0,24.0,0.0
2018-09-11,europe_east,1420.0,193.0,151.0,1302.3,3.0,0.0,65.0,52.0,28.0,-67.6,7.0
2018-09-11,iran,2589.0,430.0,461.0,91.5,26.0,29.0,177.0,371.0,149.0,-60.4,16.0
2018-09-11,israel,3613.0,666.0,814.0,-1796.0,33.0,4.0,496.0,730.0,362.0,-746.3,75.0
2018-09-11,korea,2476.0,143.0,204.0,4638.7,2.0,1.0,138.0,751.0,105.0,1630.4,16.0
2018-09-11,libya,601.0,88.0,166.0,-603.2,3.0,2.0,21.0,8.0,1.0,37.5,0.0
2018-09-11,scs,2665.0,376.0,277.0,2923.3,6.0,2.0,139.0,128.0,16.0,215.2,3.0
2018-09-11,southasia,11025.0,1843.0,1720.0,1403.0,28.0,36.0,739.0,23.0,7.0,16.2,0.0
2018-09-11,sudan,532.0,43.0,107.0,281.6,1.0,2.0,50.0,3.0,0.0,7.5,0.0
2018-09-11,taiwan,450.0,58.0,33.0,851.6,0.0,2.0,18.0,89.0,31.0,54.6,3.0
2018-09-11,ukraine,924.0,122.0,153.0,366.1,4.0,7.0,61.0,242.0,116.0,-245.4,27.0
2018-09-11,venezuela,404.0,56.0,38.0,509.1,0.0,0.0,23.0,113.0,19.0,262.9,2.0
2018-09-11,yemen,408.0,73.0,75.0,-61.3,5.0,2.0,10.0,82.0,30.0,1.3,0.0
2018-09-12,drc,16.0,0.0,8.0,-54.0,0.0,0.0,0.0,15.0,11.0,-58.1,0.0
2018-09-12,europe_east,1636.0,256.0,137.0,1590.6,0.0,1.0,70.0,102.0,24.0,72.2,7.0
2018-09-12,iran,3088.0,528.0,448.0,1978.9,30.0,36.0,164.0,528.0,221.0,-192.0,24.0
2018-09-12,israel,4483.0,781.0,807.0,-218.8,62.0,4.0,410.0,701.0,353.0,-960.8,67.0
2018-09-12,korea,1835.0,158.0,152.0,2625.0,9.0,1.0,83.0,435.0,61.0,806.4,9.0
2018-09-12,libya,552.0,55.0,187.0,-816.1,1.0,3.0,50.0,5.0,0.0,35.0,0.0
2018-09-12,scs,3114.0,270.0,322.0,4263.3,4.0,5.0,184.0,248.0,8.0,713.5,3.0
2018-09-12,southasia,11100.0,1784.0,1671.0,3403.0,25.0,20.0,835.0,44.0,9.0,47.3,1.0
2018-09-12,sudan,488.0,44.0,55.0,1037.6,0.0,3.0,32.0,3.0,1.0,6.0,0.0
2018-09-12,taiwan,425.0,35.0,46.0,759.8,1.0,2.0,32.0,72.0,6.0,206.1,0.0
2018-09-12,ukraine,1005.0,98.0,137.0,877.2,0.0,9.0,61.0,253.0,115.0,-218.9,37.0
2018-09-12,venezuela,405.0,69.0,68.0,5.4,2.0,0.0,42.0,70.0,20.0,55.7,7.0
2018-09-12,yemen,664.0,104.0,151.0,-471.3,5.0,0.0,18.0,195.0,87.0,-318.8,0.0
2018-09-13,drc,27.0,5.0,0.0,34.6,0.0,0.0,0.0,10.0,7.0,-47.2,0.0
2018-09-13,europe_east,1761.0,226.0,144.0,2138.1,1.0,2.0,78.0,145.0,31.0,117.3,2.0
2018-09-13,iran,2360.0,486.0,349.0,492.3,41.0,29.0,105.0,326.0,153.0,-117.5,19.0
2018-09-13,israel,4716.0,844.0,867.0,-770.3,44.0,5.0,449.0,856.0,356.0,-584.1,72.0
2018-09-13,korea,1681.0,154.0,162.0,2571.3,0.0,2.0,103.0,388.0,69.0,612.2,11.0
2018-09-13,libya,359.0,38.0,95.0,-184.2,0.0,0.0,30.0,0.0,0.0,0.0,0.0
2018-09-13,scs,3070.0,325.0,407.0,2163.4,8.0,0.0,215.0,111.0,9.0,300.8,0.0
2018-09-13,southasia,9179.0,1388.0,1493.0,1988.4,63.0,37.0,675.0,79.0,37.0,-82.9,12.0
2018-09-13,sudan,509.0,36.0,45.0,1397.9,0.0,0.0,19.0,1.0,1.0,-5.0,1.0
2018-09-13,taiwan,466.0,68.0,48.0,564.8,0.0,0.0,34.0,84.0,10.0,153.2,1.0
2018-09-13,ukraine,1015.0,88.0,151.0,1238.0,0.0,6.0,89.0,194.0,86.0,-40.8,37.0
2018-09-13,venezuela,293.0,51.0,46.0,143.7,3.0,1.0,27.0,36.0,10.0,18.2,1.0
2018-09-13,yemen,586.0,95.0,134.0,-242.6,0.0,0.0,23.0,221.0,121.0,-791.4,4.0
2018-09-14,drc,83.0,7.0,19.0,6.4,0.0,4.0,0.0,15.0,10.0,-16.1,1.0
2018-09-14,europe_east,1613.0,139.0,104.0,2769.7,0.0,10.0,49.0,56.0,5.0,150.0,0.0
2018-09-14,iran,2269.0,424.0,383.0,258.1,15.0,14.0,156.0,402.0,130.0,352.6,10.0
2018-09-14,israel,3556.0,672.0,685.0,-1450.0,31.0,5.0,286.0,700.0,344.0,-1338.4,56.0
2018-09-14,korea,1980.0,189.0,179.0,3457.9,4.0,2.0,125.0,568.0,101.0,989.6,7.0
2018-09-14,libya,275.0,25.0,68.0,-99.0,0.0,6.0,18.0,3.0,0.0,2.0,0.0
2018-09-14,scs,2497.0,263.0,283.0,2305.8,3.0,17.0,128.0,57.0,3.0,152.9,1.0
2018-09-14,southasia,9921.0,1489.0,1303.0,5932.4,17.0,12.0,641.0,62.0,13.0,118.6,2.0
2018-09-14,sudan,369.0,33.0,58.0,386.7,0.0,0.0,17.0,0.0,0.0,0.0,0.0
2018-09-14,taiwan,380.0,58.0,57.0,146.2,1.0,2.0,42.0,86.0,37.0,-25.0,10.0
2018-09-14,ukraine,1767.0,216.0,197.0,1487.0,9.0,6.0,116.0,347.0,125.0,70.4,19.0
2018-09-14,venezuela,503.0,63.0,65.0,488.2,3.0,0.0,41.0,64.0,17.0,53.8,8.0
2018-09-14,yemen,542.0,80.0,132.0,-536.5,3.0,0.0,14.0,161.0,90.0,-503.4,6.0
2018-09-15,drc,26.0,4.0,10.0,-53.0,0.0,5.0,0.0,21.0,14.0,-69.9,4.0
2018-09-15,europe_east,638.0,60.0,59.0,619.4,0.0,6.0,31.0,28.0,7.0,21.1,5.0
2018-09-15,iran,1922.0,301.0,265.0,1597.5,6.0,7.0,115.0,361.0,144.0,101.9,9.0
2018-09-15,israel,2584.0,445.0,612.0,-2241.8,15.0,6.0,277.0,600.0,352.0,-1871.4,44.0
2018-09-15,korea,1116.0,140.0,92.0,1688.0,4.0,0.0,57.0,333.0,69.0,582.3,15.0
2018-09-15,libya,160.0,20.0,21.0,172.7,0.0,0.0,7.0,0.0,0.0,0.0,0.0
2018-09-15,scs,1933.0,188.0,286.0,1681.2,4.0,2.0,170.0,105.0,26.0,85.5,0.0
2018-09-15,southasia,8469.0,1341.0,1241.0,1617.0,24.0,10.0,486.0,32.0,18.0,-61.4,4.0
2018-09-15,sudan,415.0,29.0,73.0,165.1,0.0,0.0,13.0,0.0,0.0,0.0,0.0
2018-09-15,taiwan,332.0,27.0,39.0,368.7,1.0,6.0,23.0,85.0,21.0,44.5,2.0
2018-09-15,ukraine,860.0,126.0,93.0,407.3,8.0,2.0,38.0,191.0,76.0,-84.3,8.0
2018-09-15,venezuela,413.0,88.0,45.0,232.8,0.0,0.0,43.0,70.0,25.0,7.7,8.0
2018-09-15,yemen,440.0,49.0,126.0,-495.1,1.0,1.0,19.0,110.0,61.0,-426.8,1.0
2018-09-16,drc,6.0,0.0,0.0,33.4,0.0,0.0,0.0,0.0,0.0,0.0,0.0
2018-09-16,europe_east,602.0,53.0,68.0,610.8,1.0,6.0,25.0,23.0,9.0,-38.2,0.0
2018-09-16,iran,1407.0,286.0,227.0,147.1,11.0,10.0,107.0,330.0,146.0,-85.7,11.0
2018-09-16,israel,3734.0,535.0,1134.0,-6233.7,35.0,2.0,319.0,943.0,606.0,-4142.2,57.0
2018-09-16,korea,997.0,105.0,85.0,1669.0,2.0,2.0,62.0,332.0,37.0,837.6,8.0
2018-09-16,libya,232.0,27.0,50.0,-36.8,1.0,0.0,17.0,0.0,0.0,0.0,0.0
2018-09-16,scs,1770.0,132.0,268.0,1375.6,7.0,7.0,115.0,128.0,13.0,329.4,0.0
2018-09-16,southasia,6849.0,1032.0,1001.0,2069.0,20.0,13.0,426.0,28.0,9.0,-11.8,0.0
2018-09-16,sudan,217.0,18.0,54.0,116.6,0.0,2.0,10.0,0.0,0.0,0.0,0.0
2018-09-16,taiwan,314.0,52.0,35.0,209.8,3.0,3.0,20.0,84.0,39.0,-89.3,1.0
2018-09-16,ukraine,582.0,75.0,66.0,290.9,4.0,0.0,39.0,147.0,42.0,55.5,15.0
2018-09-16,venezuela,285.0,49.0,20.0,418.3,1.0,0.0,12.0,51.0,10.0,75.9,3.0
2018-09-16,yemen,523.0,29.0,174.0,-642.1,0.0,1.0,22.0,114.0,82.0,-722.6,1.0
2018-09-17,drc,59.0,10.0,21.0,-110.0,0.0,4.0,3.0,14.0,5.0,-6.1,3.0
2018-09-17,europe_east,1530.0,191.0,127.0,1995.9,0.0,6.0,61.0,79.0,31.0,-82.6,5.0
2018-09-17,iran,1998.0,361.0,343.0,115.0,19.0,7.0,145.0,474.0,187.0,101.6,19.0
2018-09-17,israel,4276.0,645.0,1116.0,-4480.1,28.0,5.0,394.0,1010.0,609.0,-3290.3,81.0
2018-09-17,korea,2051.0,200.0,143.0,4125.9,3.0,1.0,76.0,588.0,81.0,1262.5,5.0
2018-09-17,libya,219.0,22.0,64.0,-264.8,0.0,4.0,5.0,2.0,0.0,4.7,0.0
2018-09-17,scs,2642.0,319.0,443.0,1340.9,3.0,12.0,230.0,135.0,30.0,304.4,4.0
2018-09-17,southasia,10119.0,1492.0,1190.0,6345.5,25.0,19.0,635.0,22.0,8.0,22.8,6.0
2018-09-17,sudan,456.0,44.0,96.0,298.6,2.0,8.0,19.0,4.0,2.0,-5.2,0.0
2018-09-17,taiwan,426.0,62.0,37.0,396.7,1.0,1.0,20.0,129.0,54.0,-71.2,10.0
2018-09-17,ukraine,1141.0,165.0,214.0,-193.3,0.0,1.0,61.0,283.0,134.0,-427.5,16.0
2018-09-17,venezuela,333.0,43.0,41.0,308.0,5.0,0.0,26.0,67.0,5.0,171.5,4.0
2018-09-17,yemen,594.0,56.0,142.0,-282.4,3.0,1.0,33.0,137.0,80.0,-583.9,2.0
2018-09-18,drc,40.0,2.0,5.0,35.2,0.0,1.0,0.0,4.0,1.0,4.4,0.0
2018-09-18,europe_east,2439.0,257.0,191.0,3413.3,24.0,13.0,53.0,152.0,42.0,59.6,4.0
2018-09-18,iran,2208.0,345.0,357.0,877.4,11.0,9.0,177.0,507.0,224.0,-481.0,19.0
2018-09-18,israel,5357.0,979.0,1332.0,-6592.5,48.0,11.0,340.0,1619.0,1075.0,-6101.5,98.0
2018-09-18,korea,3280.0,256.0,215.0,6051.3,7.0,2.0,131.0,1196.0,142.0,2286.1,17.0
2018-09-18,libya,244.0,16.0,97.0,-612.4,0.0,6.0,14.0,0.0,0.0,0.0,0.0
2018-09-18,scs,2633.0,320.0,392.0,1783.3,4.0,10.0,219.0,97.0,10.0,267.9,1.0
2018-09-18,southasia,9860.0,1449.0,1148.0,7249.2,8.0,7.0,553.0,39.0,17.0,-51.7,7.0
2018-09-18,sudan,557.0,40.0,82.0,518.9,0.0,11.0,19.0,2.0,0.0,16.6,0.0
2018-09-18,taiwan,344.0,54.0,35.0,346.3,0.0,0.0,19.0,90.0,37.0,-22.7,2.0
2018-09-18,ukraine,1097.0,135.0,201.0,-87.9,3.0,8.0,65.0,308.0,121.0,-234.8,32.0
2018-09-18,venezuela,361.0,49.0,48.0,184.2,2.0,0.0,29.0,90.0,20.0,116.9,0.0
2018-09-18,yemen,403.0,49.0,92.0,-107.5,0.0,1.0,17.0,105.0,78.0,-503.8,9.0
2018-09-19,drc,47.0,5.0,10.0,-52.2,0.0,1.0,2.0,8.0,3.0,-13.6,0.0
2018-09-19,europe_east,2471.0,276.0,185.0,3664.9,41.0,18.0,50.0,183.0,44.0,174.4,7.0
2018-09-19,iran,2036.0,295.0,260.0,2040.4,12.0,3.0,124.0,426.0,132.0,359.9,4.0
2018-09-19,israel,3483.0,624.0,813.0,-3318.5,29.0,10.0,210.0,951.0,642.0,-3636.3,47.0
2018-09-19,korea,3962.0,284.0,257.0,8237.0,5.0,3.0,162.0,1566.0,142.0,3828.9,13.0
2018-09-19,libya,195.0,23.0,35.0,110.8,2.0,0.0,8.0,2.0,0.0,6.8,0.0
2018-09-19,scs,2786.0,364.0,426.0,1720.7,12.0,2.0,226.0,66.0,17.0,109.9,3.0
2018-09-19,southasia,10682.0,1640.0,1476.0,6271.0,19.0,18.0,787.0,71.0,28.0,-71.8,15.0
2018-09-19,sudan,738.0,97.0,132.0,196.9,9.0,13.0,31.0,3.0,0.0,23.3,0.0
2018-09-19,taiwan,447.0,54.0,38.0,473.5,0.0,0.0,17.0,88.0,43.0,-63.8,4.0
2018-09-19,ukraine,961.0,151.0,135.0,523.8,2.0,2.0,69.0,194.0,103.0,-225.5,26.0
2018-09-19,venezuela,448.0,70.0,26.0,511.5,0.0,0.0,11.0,87.0,23.0,106.6,2.0
2018-09-19,yemen,521.0,75.0,151.0,-797.7,8.0,0.0,27.0,86.0,66.0,-531.0,1.0
2018-09-20,drc,43.0,2.0,7.0,-10.0,0.0,0.0,0.0,3.0,3.0,-30.0,0.0
2018-09-20,europe_east,1935.0,173.0,161.0,2822.5,5.0,12.0,66.0,184.0,63.0,-52.1,20.0
2018-09-20,iran,2012.0,356.0,309.0,823.5,22.0,4.0,145.0,548.0,195.0,472.1,24.0
2018-09-20,israel,5098.0,851.0,1168.0,-4488.6,40.0,6.0,376.0,1212.0,776.0,-4054.9,87.0
2018-09-20,korea,4282.0,275.0,258.0,8650.8,9.0,2.0,128.0,1542.0,194.0,3073.6,19.0
2018-09-20,libya,313.0,27.0,71.0,20.1,3.0,4.0,20.0,1.0,0.0,4.0,0.0
2018-09-20,scs,2786.0,363.0,359.0,1944.9,12.0,12.0,193.0,43.0,9.0,85.5,1.0
2018-09-20,southasia,12435.0,1848.0,1637.0,6180.5,20.0,30.0,644.0,192.0,49.0,114.6,7.0
2018-09-20,sudan,618.0,53.0,84.0,970.9,2.0,12.0,22.0,3.0,1.0,11.6,0.0
2018-09-20,taiwan,654.0,76.0,104.0,327.4,0.0,0.0,50.0,105.0,43.0,-75.1,12.0
2018-09-20,ukraine,1103.0,164.0,157.0,528.7,0.0,0.0,64.0,264.0,130.0,-185.5,28.0
2018-09-20,venezuela,285.0,56.0,44.0,-12.4,0.0,0.0,27.0,54.0,18.0,15.0,2.0
2018-09-20,yemen,343.0,57.0,93.0,-359.2,10.0,4.0,30.0,75.0,46.0,-221.8,2.0
2018-09-21,drc,38.0,3.0,6.0,-5.3,0.0,0.0,1.0,10.0,0.0,10.0,0.0
2018-09-21,europe_east,1894.0,203.0,213.0,1860.4,3.0,6.0,101.0,181.0,39.0,230.9,6.0
2018-09-21,iran,2073.0,336.0,325.0,1044.1,11.0,6.0,152.0,491.0,201.0,168.7,31.0
2018-09-21,israel,4192.0,733.0,934.0,-2898.4,41.0,5.0,338.0,850.0,502.0,-2284.8,76.0
2018-09-21,korea,2943.0,259.0,146.0,6015.8,5.0,3.0,77.0,953.0,89.0,2433.8,6.0
2018-09-21,libya,229.0,32.0,56.0,-252.0,6.0,0.0,11.0,0.0,0.0,0.0,0.0
2018-09-21,scs,3141.0,375.0,400.0,2460.7,13.0,8.0,177.0,80.0,19.0,150.0,2.0
2018-09-21,southasia,11630.0,1640.0,1882.0,2704.0,22.0,45.0,717.0,153.0,43.0,106.3,2.0
2018-09-21,sudan,620.0,69.0,67.0,944.8,0.0,7.0,18.0,11.0,0.0,44.2,0.0
2018-09-21,taiwan,798.0,87.0,231.0,-523.4,0.0,0.0,129.0,54.0,22.0,6.5,5.0
2018-09-21,ukraine,1355.0,116.0,158.0,1646.0,4.0,8.0,60.0,249.0,116.0,-303.3,22.0
2018-09-21,venezuela,271.0,43.0,34.0,199.5,0.0,0.0,22.0,41.0,9.0,63.8,3.0
2018-09-21,yemen,545.0,84.0,111.0,-420.7,3.0,0.0,22.0,107.0,46.0,-181.2,4.0
2018-09-22,drc,19.0,0.0,1.0,62.8,0.0,0.0,1.0,5.0,0.0,11.3,0.0
2018-09-22,europe_east,1269.0,114.0,86.0,1944.1,2.0,2.0,42.0,178.0,23.0,410.1,3.0
2018-09-22,iran,3095.0,651.0,814.0,-5080.4,43.0,7.0,149.0,509.0,233.0,-164.5,22.0
2018-09-22,israel,2651.0,464.0,527.0,-1217.2,19.0,8.0,148.0,635.0,359.0,-1736.4,34.0
2018-09-22,korea,1289.0,140.0,99.0,2083.6,3.0,2.0,46.0,414.0,69.0,691.4,8.0
2018-09-22,libya,139.0,11.0,37.0,-145.4,1.0,0.0,9.0,0.0,0.0,0.0,0.0
2018-09-22,scs,2161.0,249.0,278.0,1597.8,4.0,7.0,140.0,64.0,4.0,142.8,1.0
2018-09-22,southasia,8578.0,1358.0,1409.0,1444.5,15.0,22.0,682.0,133.0,64.0,-4.4,0.0
2018-09-22,sudan,299.0,42.0,36.0,430.9,0.0,1.0,19.0,4.0,0.0,4.1,0.0
2018-09-22,taiwan,462.0,61.0,107.0,-125.0,0.0,0.0,63.0,59.0,27.0,-42.8,3.0
2018-09-22,ukraine,436.0,44.0,48.0,383.2,3.0,1.0,21.0,128.0,56.0,-122.1,19.0
2018-09-22,venezuela,287.0,39.0,31.0,193.1,0.0,0.0,16.0,45.0,12.0,62.0,0.0
2018-09-22,yemen,469.0,48.0,68.0,-11.0,2.0,0.0,4.0,99.0,32.0,-68.8,2.0
2018-09-23,drc,5.0,0.0,1.0,-5.1,0.0,0.0,1.0,2.0,0.0,14.8,0.0
2018-09-23,europe_east,1200.0,114.0,80.0,1604.1,14.0,2.0,35.0,186.0,21.0,293.7,5.0
2018-09-23,iran,4995.0,1203.0,846.0,-3469.2,76.0,23.0,156.0,828.0,285.0,687.2,14.0
2018-09-23,israel,2897.0,618.0,624.0,-2987.1,47.0,7.0,234.0,685.0,382.0,-1455.0,74.0
2018-09-23,korea,1460.0,90.0,73.0,3203.4,5.0,1.0,32.0,401.0,37.0,939.6,2.0
2018-09-23,libya,161.0,23.0,48.0,-200.3,2.0,0.0,3.0,2.0,2.0,-20.0,0.0
2018-09-23,scs,1419.0,138.0,160.0,1885.1,0.0,5.0,77.0,46.0,4.0,51.1,0.0
2018-09-23,southasia,8351.0,1205.0,1325.0,2351.3,13.0,32.0,495.0,100.0,33.0,62.5,1.0
2018-09-23,sudan,220.0,41.0,19.0,280.2,1.0,0.0,15.0,0.0,0.0,0.0,0.0
2018-09-23,taiwan,392.0,68.0,67.0,3.1,0.0,0.0,46.0,60.0,21.0,-35.6,2.0
2018-09-23,ukraine,258.0,32.0,46.0,28.8,0.0,3.0,12.0,42.0,17.0,-42.5,7.0
2018-09-23,venezuela,355.0,60.0,18.0,461.9,2.0,0.0,16.0,39.0,14.0,-13.0,1.0
2018-09-23,yemen,410.0,40.0,77.0,-125.5,2.0,0.0,8.0,84.0,54.0,-388.5,8.0
2018-09-24,drc,34.0,4.0,16.0,-96.2,0.0,0.0,10.0,11.0,10.0,-92.6,0.0
2018-09-24,europe_east,1727.0,185.0,131.0,2075.9,6.0,3.0,65.0,185.0,35.0,149.9,16.0
2018-09-24,iran,5450.0,1295.0,738.0,-463.7,81.0,14.0,225.0,1065.0,382.0,723.3,40.0
2018-09-24,israel,3394.0,707.0,603.0,-1587.3,31.0,7.0,209.0,841.0,486.0,-1960.2,84.0
2018-09-24,korea,2603.0,149.0,120.0,6226.6,2.0,0.0,59.0,835.0,128.0,1251.4,8.0
2018-09-24,libya,346.0,30.0,109.0,-391.7,2.0,0.0,30.0,7.0,2.0,-7.2,0.0
2018-09-24,scs,2524.0,285.0,349.0,1829.5,6.0,9.0,152.0,71.0,23.0,94.9,5.0
2018-09-24,southasia,10764.0,1618.0,1484.0,4439.4,33.0,22.0,642.0,59.0,30.0,-30.7,3.0
2018-09-24,sudan,434.0,81.0,50.0,370.1,0.0,1.0,8.0,6.0,2.0,4.7,0.0
2018-09-24,taiwan,575.0,68.0,101.0,187.3,0.0,0.0,68.0,41.0,16.0,0.6,0.0
2018-09-24,ukraine,764.0,113.0,107.0,213.2,4.0,4.0,25.0,119.0,50.0,-70.9,4.0
2018-09-24,venezuela,403.0,95.0,50.0,133.9,3.0,3.0,16.0,31.0,11.0,2.9,0.0
2018-09-24,yemen,468.0,78.0,114.0,-418.6,9.0,4.0,16.0,116.0,67.0,-427.7,0.0
2018-09-25,drc,71.0,13.0,14.0,-58.6,0.0,0.0,7.0,17.0,13.0,-79.6,5.0
2018-09-25,europe_east,2063.0,216.0,143.0,2355.7,10.0,5.0,56.0,160.0,36.0,35.9,24.0
2018-09-25,iran,6524.0,1384.0,660.0,4041.4,59.0,10.0,291.0,1515.0,551.0,886.7,52.0
2018-09-25,israel,4507.0,850.0,680.0,-423.8,35.0,5.0,259.0,1066.0,511.0,-1711.9,99.0
2018-09-25,korea,2804.0,242.0,123.0,6024.0,7.0,2.0,61.0,677.0,117.0,1049.6,11.0
2018-09-25,libya,309.0,30.0,65.0,11.2,0.0,0.0,12.0,4.0,1.0,-3.6,0.0
2018-09-25,scs,2812.0,427.0,446.0,1031.0,19.0,7.0,279.0,73.0,12.0,117.0,2.0
2018-09-25,southasia,10625.0,1722.0,1388.0,5217.2,28.0,28.0,646.0,72.0,22.0,8.0,0.0
2018-09-25,sudan,590.0,50.0,92.0,787.9,1.0,2.0,25.0,9.0,7.0,-51.0,0.0
2018-09-25,taiwan,734.0,97.0,105.0,704.4,5.0,0.0,76.0,127.0,57.0,-26.6,16.0
2018-09-25,ukraine,996.0,91.0,106.0,1186.7,0.0,2.0,36.0,152.0,56.0,-115.5,6.0
2018-09-25,venezuela,884.0,130.0,176.0,-220.8,1.0,4.0,83.0,149.0,72.0,-144.8,7.0
2018-09-25,yemen,569.0,90.0,121.0,-342.0,4.0,0.0,8.0,130.0,61.0,-314.2,0.0
2018-09-26,drc,80.0,16.0,16.0,-73.7,0.0,0.0,5.0,7.0,2.0,-6.0,1.0
2018-09-26,europe_east,1989.0,194.0,169.0,2710.9,3.0,1.0,78.0,181.0,49.0,107.1,14.0
2018-09-26,iran,6457.0,1308.0,684.0,4564.5,30.0,0.0,324.0,1336.0,485.0,765.8,32.0
2018-09-26,israel,4569.0,772.0,620.0,1433.1,34.0,14.0,232.0,908.0,425.0,-1459.3,52.0
2018-09-26,korea,2439.0,291.0,196.0,3519.9,4.0,0.0,105.0,701.0,132.0,1110.0,12.0
2018-09-26,libya,402.0,38.0,92.0,-45.4,1.0,0.0,16.0,2.0,1.0,-1.6,0.0
2018-09-26,scs,2794.0,366.0,378.0,1846.1,8.0,1.0,212.0,62.0,11.0,50.8,0.0
2018-09-26,southasia,9998.0,1560.0,1148.0,6543.2,17.0,30.0,519.0,44.0,8.0,45.1,2.0
2018-09-26,sudan,702.0,53.0,144.0,228.6,2.0,2.0,34.0,0.0,0.0,0.0,0.0
2018-09-26,taiwan,629.0,81.0,70.0,930.4,0.0,0.0,43.0,122.0,47.0,41.5,3.0
2018-09-26,ukraine,1084.0,116.0,124.0,959.5,12.0,8.0,44.0,157.0,74.0,-223.1,22.0
2018-09-26,venezuela,894.0,166.0,115.0,241.2,7.0,2.0,66.0,242.0,113.0,-240.4,5.0
2018-09-26,yemen,676.0,95.0,127.0,-91.0,3.0,0.0,27.0,147.0,47.0,-45.8,6.0
2018-09-27,drc,48.0,13.0,5.0,-10.7,0.0,0.0,4.0,12.0,2.0,19.7,0.0
2018-09-27,europe_east,1797.0,129.0,143.0,3052.3,5.0,5.0,64.0,72.0,20.0,3.9,8.0
2018-09-27,iran,4541.0,822.0,465.0,4687.5,30.0,8.0,259.0,1040.0,394.0,610.8,47.0
2018-09-27,israel,5321.0,932.0,747.0,1373.1,35.0,17.0,271.0,1302.0,654.0,-1787.1,68.0
2018-09-27,korea,2729.0,256.0,182.0,4828.8,7.0,4.0,96.0,670.0,88.0,1430.1,7.0
2018-09-27,libya,320.0,24.0,71.0,100.8,1.0,2.0,16.0,1.0,0.0,7.4,0.0
2018-09-27,scs,2858.0,335.0,385.0,1918.7,7.0,5.0,180.0,85.0,16.0,149.5,3.0
2018-09-27,southasia,9942.0,1486.0,1334.0,4858.5,25.0,30.0,516.0,47.0,23.0,-86.1,8.0
2018-09-27,sudan,686.0,65.0,88.0,900.5,0.0,0.0,29.0,3.0,1.0,14.0,0.0
2018-09-27,taiwan,446.0,58.0,55.0,623.8,0.0,0.0,32.0,82.0,27.0,90.3,7.0
2018-09-27,ukraine,960.0,94.0,101.0,1227.8,0.0,5.0,41.0,128.0,77.0,-272.7,15.0
2018-09-27,venezuela,746.0,135.0,77.0,427.2,10.0,0.0,38.0,120.0,40.0,8.3,5.0
2018-09-27,yemen,466.0,59.0,79.0,80.8,3.0,0.0,15.0,135.0,39.0,-79.5,6.0
2018-09-28,drc,59.0,7.0,6.0,61.1,0.0,0.0,1.0,5.0,1.0,-3.5,0.0
2018-09-28,europe_east,1365.0,120.0,107.0,2195.3,1.0,2.0,47.0,44.0,14.0,10.6,7.0
2018-09-28,iran,3108.0,687.0,433.0,497.6,26.0,4.0,170.0,869.0,405.0,-566.4,30.0
2018-09-28,israel,4329.0,788.0,740.0,-1202.7,19.0,11.0,246.0,1296.0,634.0,-2042.0,74.0
2018-09-28,korea,1696.0,168.0,170.0,2453.4,2.0,1.0,69.0,349.0,42.0,801.1,5.0
2018-09-28,libya,177.0,20.0,45.0,-36.5,1.0,0.0,14.0,0.0,0.0,0.0,0.0
2018-09-28,scs,2522.0,337.0,258.0,2418.6,6.0,1.0,111.0,106.0,13.0,241.5,3.0
2018-09-28,southasia,11123.0,1788.0,1724.0,2702.3,29.0,20.0,817.0,39.0,19.0,-77.8,0.0
2018-09-28,sudan,604.0,78.0,72.0,789.5,1.0,0.0,27.0,1.0,1.0,-2.0,0.0
2018-09-28,taiwan,365.0,55.0,37.0,422.5,1.0,0.0,25.0,57.0,19.0,51.6,0.0
2018-09-28,ukraine,1143.0,120.0,97.0,1652.4,6.0,2.0,37.0,254.0,81.0,103.3,26.0
2018-09-28,venezuela,556.0,78.0,47.0,543.9,2.0,2.0,20.0,104.0,25.0,108.0,5.0
2018-09-28,yemen,454.0,73.0,80.0,-95.4,3.0,1.0,19.0,109.0,52.0,-263.6,6.0
2018-09-29,drc,60.0,2.0,9.0,83.4,0.0,6.0,0.0,2.0,2.0,-20.0,0.0
2018-09-29,europe_east,609.0,60.0,43.0,1008.9,1.0,4.0,12.0,59.0,11.0,16.8,7.0
2018-09-29,iran,2259.0,598.0,401.0,-1494.5,10.0,5.0,158.0,447.0,233.0,-374.4,15.0
2018-09-29,israel,2471.0,534.0,439.0,-1355.2,13.0,4.0,123.0,700.0,387.0,-1434.9,33.0
2018-09-29,korea,1144.0,154.0,72.0,1952.5,1.0,1.0,42.0,275.0,50.0,645.6,0.0
2018-09-29,libya,195.0,15.0,23.0,388.7,0.0,0.0,14.0,0.0,0.0,0.0,0.0
2018-09-29,scs,1690.0,139.0,205.0,1613.5,7.0,0.0,103.0,112.0,14.0,193.8,0.0
2018-09-29,southasia,8705.0,1412.0,1458.0,245.5,22.0,21.0,540.0,40.0,23.0,-55.1,3.0
2018-09-29,sudan,347.0,44.0,32.0,534.9,0.0,0.0,7.0,0.0,0.0,0.0,0.0
2018-09-29,taiwan,262.0,18.0,27.0,422.4,0.0,0.0,19.0,43.0,8.0,92.8,2.0
2018-09-29,ukraine,474.0,58.0,61.0,487.6,0.0,0.0,15.0,128.0,40.0,109.3,4.0
2018-09-29,venezuela,215.0,37.0,23.0,141.7,0.0,0.0,12.0,27.0,9.0,-23.8,0.0
2018-09-29,yemen,430.0,51.0,85.0,86.5,1.0,0.0,25.0,85.0,44.0,-139.4,0.0
2018-09-30,drc,23.0,0.0,0.0,45.7,0.0,0.0,0.0,1.0,1.0,-10.0,0.0
2018-09-30,europe_east,515.0,51.0,50.0,643.9,2.0,5.0,13.0,45.0,11.0,3.5,4.0
2018-09-30,iran,1665.0,347.0,260.0,31.7,1.0,4.0,126.0,424.0,193.0,14.1,13.0
2018-09-30,israel,2463.0,486.0,449.0,-1155.5,14.0,6.0,125.0,693.0,370.0,-1198.0,44.0
2018-09-30,korea,1340.0,188.0,93.0,1960.1,1.0,0.0,62.0,467.0,84.0,781.7,1.0
2018-09-30,libya,149.0,19.0,37.0,-84.0,1.0,0.0,24.0,0.0,0.0,0.0,0.0
2018-09-30,scs,1442.0,166.0,173.0,1190.1,1.0,1.0,86.0,73.0,26.0,10.1,12.0
2018-09-30,southasia,8255.0,1282.0,1407.0,-39.0,34.0,16.0,461.0,102.0,59.0,-220.3,7.0
2018-09-30,sudan,215.0,17.0,35.0,335.2,0.0,1.0,10.0,0.0,0.0,0.0,0.0
2018-09-30,taiwan,220.0,24.0,25.0,177.9,0.0,0.0,18.0,48.0,13.0,44.2,2.0
2018-09-30,ukraine,417.0,65.0,85.0,45.5,0.0,4.0,31.0,117.0,60.0,-144.1,17.0
2018-09-30,venezuela,198.0,32.0,29.0,90.2,0.0,1.0,20.0,45.0,21.0,-56.6,7.0
2018-09-30,yemen,430.0,50.0,98.0,-241.8,2.0,1.0,8.0,103.0,59.0,-442.0,0.0
2018-10-01,drc,34.0,1.0,16.0,-73.1,0.0,0.0,7.0,4.0,1.0,5.5,0.0
2018-10-01,europe_east,1226.0,124.0,98.0,1820.6,10.0,4.0,49.0,101.0,25.0,30.8,3.0
2018-10-01,iran,2675.0,516.0,784.0,-4330.3,14.0,8.0,185.0,413.0,223.0,-613.8,13.0
2018-10-01,israel,2949.0,583.0,631.0,-2483.9,16.0,3.0,238.0,841.0,501.0,-2371.7,62.0
2018-10-01,korea,1626.0,135.0,163.0,2368.4,1.0,3.0,68.0,347.0,63.0,548.1,4.0
2018-10-01,libya,177.0,29.0,39.0,-127.2,1.0,0.0,12.0,0.0,0.0,0.0,0.0
2018-10-01,scs,2818.0,385.0,396.0,1453.7,11.0,2.0,160.0,94.0,24.0,157.2,3.0
2018-10-01,southasia,10482.0,1578.0,1524.0,4463.3,35.0,22.0,639.0,84.0,38.0,-110.4,8.0
2018-10-01,sudan,439.0,39.0,47.0,796.0,0.0,0.0,15.0,2.0,0.0,6.8,0.0
2018-10-01,taiwan,496.0,39.0,63.0,505.0,1.0,0.0,21.0,110.0,42.0,-27.8,5.0
2018-10-01,ukraine,828.0,89.0,137.0,407.9,2.0,4.0,53.0,179.0,60.0,83.8,23.0
2018-10-01,venezuela,307.0,46.0,45.0,178.9,0.0,0.0,30.0,46.0,12.0,39.0,0.0
2018-10-01,yemen,380.0,55.0,113.0,-576.8,4.0,0.0,13.0,102.0,59.0,-351.7,1.0
2018-10-02,drc,31.0,0.0,7.0,22.0,0.0,0.0,7.0,5.0,2.0,-5.0,0.0
2018-10-02,europe_east,1359.0,139.0,131.0,1936.9,1.0,13.0,61.0,126.0,40.0,-8.0,13.0
2018-10-02,iran,2886.0,508.0,699.0,-2732.8,45.0,1.0,228.0,459.0,244.0,-384.3,10.0
2018-10-02,israel,3285.0,579.0,587.0,-1135.7,18.0,11.0,206.0,848.0,459.0,-1735.5,49.0
2018-10-02,korea,1799.0,159.0,131.0,3011.1,0.0,3.0,74.0,480.0,84.0,748.6,1.0
2018-10-02,libya,198.0,19.0,33.0,17.3,1.0,0.0,5.0,5.0,0.0,25.0,0.0
2018-10-02,scs,2633.0,335.0,418.0,627.7,12.0,7.0,127.0,58.0,22.0,82.0,2.0
2018-10-02,southasia,10422.0,1602.0,1507.0,2732.2,25.0,38.0,563.0,53.0,17.0,48.4,1.0
2018-10-02,sudan,362.0,43.0,34.0,543.4,0.0,0.0,13.0,5.0,2.0,4.1,0.0
2018-10-02,taiwan,491.0,56.0,51.0,574.4,3.0,0.0,28.0,93.0,56.0,-153.7,3.0
2018-10-02,ukraine,842.0,80.0,113.0,840.2,1.0,5.0,42.0,178.0,44.0,197.2,14.0
2018-10-02,venezuela,261.0,42.0,26.0,90.8,0.0,0.0,11.0,62.0,17.0,56.6,0.0
2018-10-02,yemen,376.0,49.0,98.0,-220.4,1.0,0.0,21.0,95.0,37.0,-45.9,2.0
2018-10-03,drc,41.0,4.0,16.0,-120.7,0.0,1.0,1.0,2.0,1.0,-4.5,0.0
2018-10-03,europe_east,1569.0,171.0,141.0,1517.6,2.0,5.0,54.0,59.0,13.0,68.8,4.0
2018-10-03,iran,3730.0,749.0,665.0,574.7,46.0,0.0,325.0,961.0,391.0,759.6,13.0
2018-10-03,israel,4115.0,721.0,695.0,-803.8,37.0,6.0,278.0,899.0,500.0,-2242.7,84.0
2018-10-03,korea,1948.0,170.0,109.0,4086.5,8.0,0.0,66.0,538.0,80.0,1115.2,7.0
2018-10-03,libya,196.0,29.0,31.0,74.7,0.0,0.0,10.0,4.0,0.0,17.5,0.0
2018-10-03,scs,2825.0,449.0,384.0,1480.9,14.0,4.0,201.0,104.0,32.0,152.1,3.0
2018-10-03,southasia,11251.0,1671.0,1656.0,4702.1,7.0,27.0,766.0,34.0,15.0,-1.7,5.0
2018-10-03,sudan,489.0,36.0,58.0,936.9,1.0,0.0,20.0,1.0,0.0,6.0,0.0
2018-10-03,taiwan,392.0,53.0,46.0,445.2,0.0,2.0,31.0,91.0,45.0,-49.1,3.0
2018-10-03,ukraine,871.0,83.0,126.0,646.9,2.0,3.0,51.0,129.0,44.0,-47.8,6.0
2018-10-03,venezuela,291.0,38.0,35.0,251.3,2.0,0.0,11.0,47.0,5.0,120.4,0.0
2018-10-03,yemen,447.0,49.0,102.0,-11.5,1.0,1.0,31.0,114.0,72.0,-394.9,7.0
2018-10-04,drc,86.0,11.0,35.0,-278.0,0.0,0.0,9.0,2.0,2.0,-19.0,0.0
2018-10-04,europe_east,1492.0,166.0,179.0,1193.3,0.0,9.0,74.0,68.0,15.0,150.8,7.0
2018-10-04,iran,3106.0,577.0,471.0,1392.7,33.0,2.0,249.0,790.0,294.0,734.3,19.0
2018-10-04,israel,4229.0,696.0,708.0,-211.1,45.0,23.0,247.0,885.0,460.0,-1933.0,81.0
2018-10-04,korea,2022.0,197.0,98.0,4353.8,4.0,2.0,54.0,593.0,88.0,1049.1,7.0
2018-10-04,libya,226.0,16.0,40.0,213.2,0.0,3.0,12.0,1.0,0.0,5.0,0.0
2018-10-04,scs,2837.0,382.0,389.0,2051.4,4.0,7.0,153.0,42.0,16.0,-19.5,0.0
2018-10-04,southasia,11430.0,1799.0,1587.0,6143.3,13.0,21.0,731.0,27.0,13.0,-71.1,3.0
2018-10-04,sudan,518.0,98.0,78.0,247.3,1.0,1.0,31.0,4.0,1.0,-0.8,0.0
2018-10-04,taiwan,540.0,89.0,59.0,553.2,2.0,1.0,42.0,125.0,44.0,73.8,9.0
2018-10-04,ukraine,1022.0,205.0,146.0,302.7,3.0,4.0,76.0,135.0,66.0,-239.1,21.0
2018-10-04,venezuela,295.0,39.0,29.0,336.9,0.0,0.0,16.0,41.0,6.0,67.7,1.0
2018-10-04,yemen,447.0,49.0,107.0,-121.4,3.0,1.0,32.0,108.0,69.0,-360.6,7.0
2018-10-05,drc,145.0,18.0,51.0,-324.2,2.0,0.0,6.0,11.0,6.0,-21.0,0.0
2018-10-05,europe_east,1586.0,171.0,214.0,1331.8,5.0,8.0,115.0,54.0,26.0,-75.8,9.0
2018-10-05,iran,1706.0,334.0,254.0,615.3,26.0,2.0,115.0,387.0,147.0,267.6,2.0
2018-10-05,israel,3802.0,645.0,847.0,-3456.8,29.0,21.0,280.0,924.0,517.0,-2416.1,75.0
2018-10-05,korea,2136.0,265.0,256.0,2269.1,11.0,3.0,187.0,566.0,105.0,950.3,14.0
2018-10-05,libya,186.0,14.0,55.0,-64.0,1.0,0.0,21.0,2.0,2.0,-10.0,2.0
2018-10-05,scs,2754.0,414.0,391.0,1248.4,16.0,7.0,172.0,90.0,30.0,47.0,6.0
2018-10-05,southasia,11448.0,1693.0,1559.0,6917.2,23.0,37.0,702.0,38.0,20.0,-99.3,2.0
2018-10-05,sudan,449.0,55.0,60.0,311.9,1.0,0.0,29.0,6.0,2.0,-7.0,1.0
2018-10-05,taiwan,413.0,67.0,48.0,439.9,5.0,2.0,33.0,129.0,50.0,77.7,8.0
2018-10-05,ukraine,1436.0,196.0,202.0,878.1,4.0,7.0,118.0,303.0,152.0,-407.5,41.0
2018-10-05,venezuela,399.0,39.0,42.0,272.4,1.0,0.0,17.0,55.0,15.0,30.1,9.0
2018-10-05,yemen,378.0,54.0,105.0,-409.4,2.0,0.0,12.0,87.0,48.0,-237.7,2.0
2018-10-06,drc,114.0,6.0,41.0,-192.1,0.0,0.0,10.0,6.0,6.0,-39.0,1.0
2018-10-06,europe_east,790.0,104.0,85.0,575.3,0.0,4.0,43.0,58.0,18.0,-18.6,4.0
2018-10-06,iran,1266.0,233.0,189.0,431.1,9.0,4.0,107.0,297.0,137.0,-67.6,7.0
2018-10-06,israel,2295.0,382.0,502.0,-1822.5,20.0,12.0,178.0,668.0,380.0,-1728.3,42.0
2018-10-06,korea,1571.0,114.0,138.0,2732.8,4.0,1.0,88.0,656.0,72.0,1186.0,3.0
2018-10-06,libya,100.0,12.0,15.0,159.5,0.0,0.0,5.0,0.0,0.0,0.0,0.0
2018-10-06,scs,1883.0,218.0,300.0,949.5,4.0,2.0,105.0,47.0,11.0,68.8,0.0
2018-10-06,southasia,8684.0,1366.0,1226.0,2453.8,22.0,21.0,579.0,48.0,19.0,-45.4,7.0
2018-10-06,sudan,293.0,42.0,36.0,234.4,0.0,0.0,15.0,2.0,0.0,8.0,0.0
2018-10-06,taiwan,183.0,27.0,16.0,294.2,2.0,0.0,12.0,48.0,24.0,40.2,0.0
2018-10-06,ukraine,429.0,65.0,64.0,189.3,1.0,1.0,23.0,85.0,37.0,-27.3,6.0
2018-10-06,venezuela,233.0,34.0,25.0,160.2,1.0,4.0,7.0,50.0,9.0,96.5,0.0
2018-10-06,yemen,296.0,49.0,77.0,-299.5,0.0,8.0,20.0,41.0,26.0,-89.5,2.0
2018-10-07,drc,59.0,6.0,19.0,-137.6,0.0,0.0,4.0,3.0,0.0,6.6,0.0
2018-10-07,europe_east,961.0,130.0,118.0,604.6,3.0,10.0,60.0,87.0,43.0,-144.6,27.0
2018-10-07,iran,1373.0,306.0,178.0,280.4,23.0,1.0,88.0,333.0,132.0,-62.4,8.0
2018-10-07,israel,3823.0,536.0,863.0,-2756.5,15.0,16.0,230.0,1096.0,610.0,-3527.3,50.0
2018-10-07,korea,2342.0,143.0,120.0,5388.3,6.0,0.0,70.0,1056.0,115.0,2225.8,12.0
2018-10-07,libya,123.0,8.0,8.0,280.2,0.0,0.0,2.0,0.0,0.0,0.0,0.0
2018-10-07,scs,1738.0,201.0,196.0,1690.0,0.0,11.0,59.0,77.0,12.0,135.3,0.0
2018-10-07,southasia,6627.0,1107.0,964.0,953.1,6.0,24.0,438.0,26.0,10.0,-30.4,2.0
2018-10-07,sudan,357.0,48.0,60.0,91.7,0.0,1.0,17.0,9.0,2.0,28.7,0.0
2018-10-07,taiwan,214.0,27.0,21.0,292.4,0.0,1.0,15.0,62.0,26.0,29.4,5.0
2018-10-07,ukraine,478.0,60.0,73.0,189.8,0.0,6.0,18.0,67.0,27.0,-56.9,3.0
2018-10-07,venezuela,90.0,10.0,9.0,35.6,0.0,0.0,3.0,11.0,2.0,9.9,2.0
2018-10-07,yemen,380.0,93.0,125.0,-904.4,1.0,7.0,48.0,68.0,60.0,-314.8,5.0
2018-10-08,drc,36.0,0.0,14.0,-77.8,0.0,0.0,1.0,10.0,3.0,2.6,1.0
2018-10-08,europe_east,1545.0,184.0,180.0,1151.6,3.0,8.0,74.0,111.0,54.0,-199.3,24.0
2018-10-08,iran,1422.0,241.0,202.0,766.2,15.0,0.0,107.0,273.0,113.0,160.7,15.0
2018-10-08,israel,4086.0,648.0,941.0,-3282.6,32.0,16.0,322.0,860.0,485.0,-2468.9,81.0
2018-10-08,korea,3007.0,214.0,144.0,6210.0,9.0,2.0,76.0,886.0,54.0,2389.6,2.0
2018-10-08,libya,398.0,28.0,153.0,-456.5,0.0,0.0,74.0,1.0,0.0,0.0,0.0
2018-10-08,scs,2433.0,242.0,308.0,2305.4,3.0,2.0,69.0,75.0,8.0,180.3,0.0
2018-10-08,southasia,9961.0,1552.0,1563.0,1659.1,19.0,64.0,794.0,78.0,42.0,-193.1,31.0
2018-10-08,sudan,411.0,34.0,46.0,556.4,0.0,0.0,7.0,1.0,1.0,-2.0,0.0
2018-10-08,taiwan,384.0,40.0,17.0,887.8,0.0,0.0,11.0,76.0,24.0,103.7,1.0
2018-10-08,ukraine,837.0,103.0,115.0,614.8,0.0,4.0,66.0,152.0,64.0,-78.0,14.0
2018-10-08,venezuela,274.0,40.0,47.0,44.9,1.0,0.0,12.0,26.0,8.0,12.8,2.0
2018-10-08,yemen,380.0,62.0,113.0,-575.5,1.0,0.0,28.0,86.0,65.0,-337.5,7.0
2018-10-09,drc,58.0,2.0,14.0,-32.3,0.0,0.0,4.0,0.0,0.0,0.0,0.0
2018-10-09,europe_east,1584.0,166.0,211.0,1418.8,2.0,2.0,121.0,88.0,31.0,-27.0,16.0
2018-10-09,iran,1758.0,321.0,232.0,758.5,8.0,2.0,109.0,374.0,149.0,121.0,18.0
2018-10-09,israel,4804.0,749.0,910.0,-553.5,11.0,18.0,391.0,909.0,502.0,-2175.3,80.0
2018-10-09,korea,2660.0,177.0,135.0,5403.5,8.0,1.0,69.0,739.0,50.0,1875.2,2.0
2018-10-09,libya,334.0,44.0,54.0,114.4,2.0,4.0,21.0,2.0,1.0,-5.0,1.0
2018-10-09,scs,2624.0,297.0,351.0,1633.9,14.0,4.0,116.0,181.0,30.0,319.0,21.0
2018-10-09,southasia,11093.0,1963.0,1711.0,1244.9,20.0,37.0,848.0,87.0,45.0,-164.0,35.0
2018-10-09,sudan,444.0,26.0,62.0,793.9,0.0,0.0,27.0,0.0,0.0,0.0,0.0
2018-10-09,taiwan,408.0,38.0,25.0,973.3,0.0,0.0,10.0,64.0,23.0,68.6,16.0
2018-10-09,ukraine,1073.0,130.0,187.0,277.7,4.0,9.0,71.0,228.0,98.0,-273.6,19.0
2018-10-09,venezuela,682.0,123.0,110.0,-197.1,3.0,0.0,68.0,97.0,21.0,88.7,8.0
2018-10-09,yemen,431.0,71.0,147.0,-850.0,0.0,1.0,52.0,152.0,96.0,-412.1,11.0
2018-10-10,drc,59.0,3.0,14.0,-38.0,0.0,0.0,1.0,11.0,3.0,12.8,0.0
2018-10-10,europe_east,1550.0,192.0,197.0,1122.4,3.0,9.0,92.0,95.0,35.0,25.7,5.0
2018-10-10,iran,1586.0,339.0,279.0,-308.3,24.0,2.0,127.0,287.0,116.0,129.2,10.0
2018-10-10,israel,4557.0,758.0,769.0,134.0,16.0,10.0,397.0,752.0,369.0,-1073.7,68.0
2018-10-10,korea,2802.0,255.0,210.0,5905.3,2.0,2.0,131.0,678.0,108.0,1461.4,5.0
2018-10-10,libya,253.0,17.0,61.0,-8.9,1.0,2.0,27.0,0.0,0.0,0.0,0.0
2018-10-10,scs,2626.0,226.0,295.0,3439.2,2.0,9.0,94.0,161.0,27.0,417.0,6.0
2018-10-10,southasia,10128.0,1719.0,1478.0,3608.6,19.0,30.0,780.0,43.0,19.0,-67.1,16.0
2018-10-10,sudan,526.0,36.0,50.0,816.7,0.0,0.0,27.0,3.0,2.0,0.0,0.0
2018-10-10,taiwan,540.0,103.0,44.0,362.1,4.0,0.0,26.0,227.0,103.0,-172.8,10.0
2018-10-10,ukraine,988.0,103.0,171.0,215.4,7.0,7.0,86.0,210.0,58.0,59.3,9.0
2018-10-10,venezuela,606.0,144.0,87.0,-214.3,0.0,1.0,38.0,143.0,79.0,-115.5,12.0
2018-10-10,yemen,388.0,65.0,112.0,-743.9,8.0,0.0,26.0,130.0,79.0,-408.4,10.0
2018-10-11,drc,88.0,9.0,15.0,17.1,0.0,0.0,4.0,11.0,1.0,33.2,0.0
2018-10-11,europe_east,1294.0,120.0,114.0,1812.6,0.0,5.0,62.0,90.0,24.0,18.4,2.0
2018-10-11,iran,1422.0,295.0,211.0,499.0,18.0,4.0,120.0,330.0,155.0,-30.0,0.0
2018-10-11,israel,4822.0,772.0,857.0,-215.3,27.0,14.0,376.0,836.0,440.0,-1568.9,88.0
2018-10-11,korea,2222.0,284.0,192.0,3540.9,0.0,1.0,139.0,564.0,108.0,1121.3,8.0
2018-10-11,libya,255.0,31.0,54.0,-60.9,2.0,1.0,20.0,1.0,1.0,-5.0,1.0
2018-10-11,scs,2783.0,309.0,323.0,3166.6,3.0,1.0,151.0,108.0,36.0,89.9,12.0
2018-10-11,southasia,9943.0,1552.0,1334.0,4452.2,32.0,43.0,609.0,35.0,19.0,-120.9,1.0
2018-10-11,sudan,554.0,48.0,74.0,711.2,2.0,0.0,31.0,4.0,0.0,9.4,0.0
2018-10-11,taiwan,562.0,56.0,38.0,732.6,0.0,0.0,16.0,156.0,48.0,30.7,6.0
2018-10-11,ukraine,1116.0,132.0,137.0,735.7,4.0,0.0,48.0,186.0,79.0,-231.1,4.0
2018-10-11,venezuela,376.0,91.0,41.0,-13.6,0.0,1.0,12.0,70.0,44.0,-107.8,5.0
2018-10-11,yemen,479.0,55.0,120.0,-359.2,0.0,3.0,29.0,148.0,67.0,-293.3,9.0
2018-10-12,drc,42.0,3.0,4.0,84.0,0.0,0.0,2.0,0.0,0.0,0.0,0.0
2018-10-12,europe_east,1282.0,217.0,115.0,1101.4,0.0,0.0,48.0,74.0,17.0,116.3,3.0
2018-10-12,iran,1472.0,217.0,340.0,-334.5,7.0,3.0,199.0,287.0,131.0,-156.6,38.0
2018-10-12,israel,4257.0,652.0,858.0,-1645.2,12.0,11.0,352.0,754.0,425.0,-1901.0,76.0
2018-10-12,korea,1773.0,187.0,171.0,2657.0,9.0,0.0,108.0,403.0,85.0,628.9,16.0
2018-10-12,libya,235.0,15.0,46.0,103.3,1.0,3.0,25.0,0.0,0.0,0.0,0.0
2018-10-12,scs,2626.0,345.0,300.0,2484.6,9.0,2.0,161.0,69.0,18.0,68.9,1.0
2018-10-12,southasia,10067.0,1675.0,1410.0,2323.8,23.0,29.0,601.0,23.0,9.0,-16.2,1.0
2018-10-12,sudan,636.0,42.0,74.0,1159.2,0.0,0.0,37.0,5.0,0.0,13.4,0.0
2018-10-12,taiwan,303.0,31.0,27.0,416.3,0.0,0.0,14.0,69.0,26.0,-22.5,9.0
2018-10-12,ukraine,1332.0,174.0,120.0,1829.2,1.0,2.0,62.0,283.0,126.0,-104.5,20.0
2018-10-12,venezuela,463.0,93.0,77.0,-284.7,0.0,0.0,34.0,92.0,46.0,-89.1,7.0
2018-10-12,yemen,483.0,60.0,132.0,-604.1,3.0,2.0,16.0,171.0,95.0,-308.3,13.0
2018-10-13,drc,14.0,4.0,0.0,28.7,0.0,0.0,0.0,0.0,0.0,0.0,0.0
2018-10-13,europe_east,550.0,116.0,61.0,27.6,1.0,1.0,26.0,15.0,7.0,-28.3,2.0
2018-10-13,iran,816.0,144.0,175.0,-177.6,6.0,6.0,93.0,155.0,65.0,-14.3,25.0
2018-10-13,israel,2394.0,392.0,604.0,-2485.7,3.0,6.0,159.0,734.0,433.0,-2161.7,48.0
2018-10-13,korea,1037.0,85.0,126.0,1307.4,3.0,0.0,58.0,224.0,51.0,403.3,11.0
2018-10-13,libya,138.0,14.0,15.0,132.1,0.0,1.0,2.0,0.0,0.0,0.0,0.0
2018-10-13,scs,1536.0,183.0,154.0,1762.1,2.0,2.0,82.0,21.0,6.0,34.2,0.0
2018-10-13,southasia,7656.0,1266.0,1113.0,1546.5,25.0,31.0,446.0,22.0,2.0,32.0,1.0
2018-10-13,sudan,142.0,9.0,18.0,203.2,0.0,0.0,12.0,3.0,1.0,-3.0,1.0
2018-10-13,taiwan,193.0,20.0,30.0,166.7,1.0,0.0,20.0,65.0,28.0,8.5,8.0
2018-10-13,ukraine,602.0,98.0,71.0,155.3,0.0,6.0,27.0,188.0,76.0,-63.6,5.0
2018-10-13,venezuela,290.0,34.0,38.0,408.5,1.0,0.0,19.0,50.0,12.0,34.9,2.0
2018-10-13,yemen,361.0,61.0,119.0,-682.1,4.0,2.0,30.0,148.0,94.0,-369.7,13.0
2018-10-14,drc,22.0,6.0,8.0,-65.9,1.0,0.0,1.0,3.0,0.0,6.6,0.0
2018-10-14,europe_east,368.0,41.0,31.0,632.6,0.0,3.0,20.0,26.0,17.0,-87.0,11.0
2018-10-14,iran,1166.0,172.0,227.0,335.3,9.0,2.0,112.0,207.0,63.0,169.0,5.0
2018-10-14,israel,3373.0,646.0,699.0,-2095.7,17.0,9.0,312.0,780.0,422.0,-1777.4,51.0
2018-10-14,korea,661.0,49.0,71.0,901.4,3.0,0.0,24.0,114.0,25.0,100.8,2.0
2018-10-14,libya,111.0,15.0,31.0,-87.2,3.0,0.0,6.0,4.0,0.0,10.6,0.0
2018-10-14,scs,1626.0,186.0,228.0,840.4,8.0,0.0,82.0,65.0,25.0,-53.7,1.0
2018-10-14,southasia,6611.0,1062.0,924.0,1287.3,9.0,26.0,353.0,36.0,15.0,-85.4,4.0
2018-10-14,sudan,290.0,26.0,49.0,235.4,0.0,0.0,12.0,4.0,1.0,0.4,1.0
2018-10-14,taiwan,184.0,17.0,19.0,313.6,0.0,0.0,15.0,26.0,16.0,-41.0,6.0
2018-10-14,ukraine,417.0,54.0,49.0,349.2,1.0,10.0,10.0,162.0,67.0,-86.9,12.0
2018-10-14,venezuela,188.0,40.0,25.0,149.6,1.0,0.0,16.0,20.0,4.0,19.1,2.0
2018-10-14,yemen,354.0,82.0,102.0,-638.7,10.0,1.0,26.0,112.0,83.0,-390.9,8.0
2018-10-15,drc,55.0,7.0,8.0,53.0,0.0,0.0,2.0,4.0,2.0,-2.4,0.0
2018-10-15,europe_east,1248.0,193.0,57.0,1774.3,0.0,0.0,37.0,78.0,14.0,141.0,0.0
2018-10-15,iran,1323.0,218.0,205.0,265.9,18.0,3.0,107.0,246.0,101.0,90.5,7.0
2018-10-15,israel,4633.0,756.0,1001.0,-2820.0,22.0,9.0,419.0,1011.0,503.0,-2166.3,74.0
2018-10-15,korea,1869.0,183.0,157.0,3307.9,12.0,2.0,79.0,407.0,63.0,827.0,14.0
2018-10-15,libya,183.0,18.0,28.0,97.3,0.0,0.0,5.0,0.0,0.0,0.0,0.0
2018-10-15,scs,2568.0,309.0,290.0,2309.4,8.0,6.0,67.0,112.0,32.0,-3.1,0.0
2018-10-15,southasia,10318.0,1881.0,1304.0,3803.9,30.0,8.0,597.0,49.0,21.0,-30.4,7.0
2018-10-15,sudan,410.0,52.0,33.0,511.9,0.0,0.0,8.0,4.0,0.0,19.4,0.0
2018-10-15,taiwan,441.0,39.0,29.0,698.4,0.0,1.0,12.0,65.0,22.0,9.9,0.0
2018-10-15,ukraine,673.0,57.0,83.0,628.6,4.0,5.0,32.0,148.0,52.0,-93.6,9.0
2018-10-15,venezuela,245.0,23.0,21.0,299.6,0.0,1.0,9.0,39.0,11.0,9.9,2.0
2018-10-15,yemen,569.0,103.0,138.0,-609.2,7.0,0.0,42.0,171.0,103.0,-330.3,10.0
2018-10-16,drc,61.0,3.0,11.0,132.9,0.0,0.0,9.0,2.0,2.0,-8.8,0.0
2018-10-16,europe_east,1235.0,100.0,105.0,1751.9,0.0,1.0,56.0,67.0,7.0,107.7,1.0
2018-10-16,iran,2188.0,343.0,548.0,-1304.7,18.0,12.0,210.0,323.0,137.0,-131.1,6.0
2018-10-16,israel,4963.0,778.0,789.0,662.6,11.0,14.0,285.0,919.0,417.0,-894.5,57.0
2018-10-16,korea,1798.0,142.0,100.0,4092.1,14.0,1.0,60.0,387.0,45.0,1229.2,2.0
2018-10-16,libya,229.0,21.0,28.0,345.8,0.0,0.0,16.0,1.0,0.0,7.4,0.0
2018-10-16,scs,3170.0,343.0,276.0,4544.6,7.0,9.0,147.0,165.0,23.0,381.7,0.0
2018-10-16,southasia,9640.0,1506.0,1343.0,4379.8,27.0,52.0,607.0,11.0,9.0,-42.0,2.0
2018-10-16,sudan,452.0,51.0,75.0,358.0,3.0,0.0,27.0,3.0,0.0,5.8,0.0
2018-10-16,taiwan,466.0,58.0,57.0,437.8,3.0,0.0,26.0,70.0,29.0,-81.8,2.0
2018-10-16,ukraine,1366.0,152.0,198.0,949.2,6.0,2.0,86.0,346.0,150.0,-236.7,29.0
2018-10-16,venezuela,242.0,36.0,47.0,25.4,0.0,0.0,27.0,28.0,6.0,5.3,0.0
2018-10-16,yemen,703.0,122.0,153.0,-166.5,9.0,0.0,32.0,177.0,91.0,-276.2,6.0
2018-10-17,drc,59.0,6.0,11.0,72.7,0.0,0.0,7.0,2.0,0.0,10.0,0.0
2018-10-17,europe_east,1293.0,136.0,93.0,1665.8,4.0,6.0,40.0,40.0,8.0,31.1,0.0
2018-10-17,iran,2192.0,299.0,586.0,-1491.0,9.0,6.0,234.0,369.0,155.0,-235.3,14.0
2018-10-17,israel,5432.0,855.0,1195.0,-3949.9,46.0,10.0,410.0,1247.0,717.0,-3783.6,89.0
2018-10-17,korea,1537.0,159.0,83.0,3302.2,2.0,1.0,47.0,206.0,30.0,504.0,3.0
2018-10-17,libya,196.0,40.0,34.0,-82.7,0.0,4.0,5.0,0.0,0.0,0.0,0.0
2018-10-17,scs,3336.0,313.0,349.0,5073.8,21.0,5.0,162.0,167.0,45.0,153.3,2.0
2018-10-17,southasia,9940.0,1645.0,1850.0,-3050.9,18.0,45.0,657.0,38.0,11.0,-4.3,4.0
2018-10-17,sudan,514.0,58.0,77.0,513.2,1.0,2.0,35.0,6.0,0.0,45.0,0.0
2018-10-17,taiwan,453.0,46.0,22.0,758.7,1.0,0.0,9.0,114.0,36.0,-10.1,5.0
2018-10-17,ukraine,1481.0,183.0,336.0,-240.4,1.0,6.0,71.0,461.0,241.0,-806.7,36.0
2018-10-17,venezuela,225.0,33.0,33.0,21.8,3.0,0.0,14.0,30.0,6.0,5.8,1.0
2018-10-17,yemen,607.0,108.0,137.0,-382.2,6.0,0.0,23.0,156.0,77.0,-178.9,0.0
2018-10-18,drc,95.0,16.0,16.0,-22.2,0.0,0.0,8.0,2.0,0.0,-4.0,0.0
2018-10-18,europe_east,1302.0,129.0,139.0,1565.9,3.0,11.0,55.0,97.0,41.0,-84.2,14.0
2018-10-18,iran,1718.0,259.0,353.0,-391.5,3.0,2.0,162.0,286.0,119.0,-34.5,6.0
2018-10-18,israel,5470.0,876.0,1049.0,-1456.2,42.0,18.0,431.0,1015.0,559.0,-2565.3,93.0
2018-10-18,korea,2280.0,205.0,125.0,4261.2,1.0,2.0,61.0,478.0,65.0,978.5,4.0
2018-10-18,libya,294.0,40.0,40.0,206.0,1.0,1.0,22.0,6.0,2.0,-4.8,1.0
2018-10-18,scs,3068.0,314.0,481.0,2873.5,3.0,4.0,237.0,155.0,23.0,276.9,0.0
2018-10-18,southasia,8453.0,1410.0,1315.0,1592.8,25.0,18.0,614.0,34.0,18.0,-81.4,8.0
2018-10-18,sudan,531.0,47.0,77.0,469.4,1.0,0.0,13.0,7.0,1.0,46.0,0.0
2018-10-18,taiwan,397.0,48.0,50.0,471.6,0.0,0.0,37.0,120.0,42.0,68.5,8.0
2018-10-18,ukraine,1221.0,176.0,220.0,78.2,4.0,13.0,61.0,318.0,148.0,-408.3,19.0
2018-10-18,venezuela,309.0,30.0,76.0,-28.5,0.0,0.0,43.0,27.0,10.0,-21.0,0.0
2018-10-18,yemen,451.0,80.0,112.0,-495.3,2.0,0.0,17.0,185.0,87.0,-350.1,13.0
2018-10-19,drc,82.0,12.0,3.0,154.5,0.0,0.0,2.0,1.0,1.0,-9.5,0.0
2018-10-19,europe_east,1324.0,158.0,138.0,1429.3,2.0,11.0,65.0,75.0,31.0,-73.7,10.0
2018-10-19,iran,1646.0,252.0,289.0,462.9,4.0,2.0,133.0,314.0,118.0,71.9,5.0
2018-10-19,israel,4781.0,780.0,1155.0,-4817.1,15.0,14.0,430.0,917.0,508.0,-2592.1,68.0
2018-10-19,korea,2149.0,173.0,164.0,3922.5,3.0,1.0,68.0,370.0,69.0,530.8,26.0
2018-10-19,libya,573.0,110.0,109.0,-77.1,4.0,5.0,37.0,4.0,0.0,28.0,0.0
2018-10-19,scs,2440.0,272.0,366.0,1774.5,8.0,2.0,143.0,107.0,26.0,155.3,1.0
2018-10-19,southasia,7955.0,1276.0,1045.0,3256.3,10.0,32.0,409.0,31.0,8.0,-1.8,2.0
2018-10-19,sudan,628.0,64.0,119.0,327.6,3.0,2.0,34.0,6.0,4.0,2.0,2.0
2018-10-19,taiwan,441.0,70.0,26.0,552.5,0.0,0.0,18.0,156.0,45.0,174.2,0.0
2018-10-19,ukraine,1276.0,156.0,213.0,722.7,7.0,3.0,82.0,291.0,141.0,-373.6,27.0
2018-10-19,venezuela,307.0,57.0,54.0,32.0,3.0,0.0,25.0,65.0,23.0,10.0,0.0
2018-10-19,yemen,495.0,87.0,154.0,-825.0,6.0,1.0,43.0,155.0,85.0,-313.4,2.0
2018-10-20,drc,26.0,3.0,4.0,-1.6,0.0,0.0,2.0,0.0,0.0,0.0,0.0
2018-10-20,europe_east,567.0,69.0,47.0,638.7,0.0,2.0,22.0,41.0,14.0,50.0,10.0
2018-10-20,iran,1039.0,171.0,200.0,-57.2,4.0,0.0,76.0,164.0,93.0,-204.9,4.0
2018-10-20,israel,2527.0,403.0,532.0,-1738.1,21.0,6.0,193.0,459.0,247.0,-1305.1,47.0
2018-10-20,korea,1014.0,92.0,117.0,1403.4,1.0,0.0,43.0,206.0,50.0,224.7,21.0
2018-10-20,libya,149.0,37.0,15.0,96.7,0.0,0.0,10.0,0.0,0.0,0.0,0.0
2018-10-20,scs,1633.0,205.0,243.0,1343.1,9.0,2.0,119.0,62.0,32.0,-84.1,2.0
2018-10-20,southasia,6997.0,1127.0,988.0,2016.4,15.0,28.0,429.0,38.0,8.0,9.0,7.0
2018-10-20,sudan,300.0,30.0,26.0,542.5,2.0,0.0,4.0,3.0,1.0,14.0,0.0
2018-10-20,taiwan,471.0,86.0,32.0,380.7,4.0,0.0,12.0,131.0,67.0,-96.0,3.0
2018-10-20,ukraine,455.0,51.0,64.0,382.2,0.0,1.0,30.0,114.0,62.0,-195.6,12.0
2018-10-20,venezuela,126.0,16.0,10.0,169.2,0.0,0.0,5.0,20.0,7.0,-6.3,0.0
2018-10-20,yemen,479.0,95.0,82.0,-325.5,0.0,0.0,19.0,120.0,43.0,-72.6,0.0
2018-10-21,drc,43.0,4.0,17.0,-139.6,0.0,1.0,2.0,19.0,17.0,-155.6,0.0
2018-10-21,europe_east,503.0,55.0,45.0,596.1,1.0,1.0,23.0,52.0,14.0,28.3,7.0
2018-10-21,iran,890.0,149.0,160.0,179.5,4.0,0.0,79.0,188.0,69.0,-52.2,0.0
2018-10-21,israel,3465.0,592.0,707.0,-2086.7,63.0,7.0,323.0,623.0,323.0,-1315.9,108.0
2018-10-21,korea,809.0,65.0,71.0,1292.9,8.0,0.0,30.0,140.0,23.0,180.7,7.0
2018-10-21,libya,87.0,14.0,17.0,-12.2,0.0,0.0,4.0,0.0,0.0,0.0,0.0
2018-10-21,scs,1866.0,239.0,232.0,1648.7,0.0,6.0,62.0,72.0,10.0,183.6,0.0
2018-10-21,southasia,6330.0,1149.0,1101.0,-2388.0,27.0,30.0,328.0,35.0,28.0,-141.0,12.0
2018-10-21,sudan,317.0,21.0,60.0,181.5,0.0,0.0,16.0,13.0,11.0,-78.8,0.0
2018-10-21,taiwan,363.0,38.0,50.0,154.5,0.0,1.0,6.0,59.0,27.0,-1.6,2.0
2018-10-21,ukraine,313.0,62.0,68.0,-53.4,0.0,2.0,22.0,95.0,57.0,-154.1,5.0
2018-10-21,venezuela,113.0,19.0,12.0,63.9,1.0,0.0,10.0,16.0,6.0,-8.8,0.0
2018-10-21,yemen,315.0,75.0,71.0,-406.2,0.0,2.0,18.0,92.0,26.0,-7.8,2.0
2018-10-22,drc,64.0,4.0,15.0,-89.6,0.0,1.0,0.0,6.0,2.0,12.0,0.0
2018-10-22,europe_east,1128.0,125.0,97.0,1582.8,3.0,4.0,45.0,39.0,10.0,1.4,2.0
2018-10-22,iran,1597.0,210.0,308.0,167.7,8.0,1.0,141.0,242.0,72.0,135.3,6.0
2018-10-22,israel,5085.0,659.0,1029.0,-1127.5,31.0,10.0,376.0,955.0,535.0,-2484.3,92.0
2018-10-22,korea,1538.0,125.0,129.0,3171.6,0.0,0.0,54.0,235.0,28.0,486.1,9.0
2018-10-22,libya,111.0,21.0,37.0,-195.7,1.0,0.0,12.0,2.0,2.0,-20.0,0.0
2018-10-22,scs,2646.0,414.0,348.0,1100.6,5.0,6.0,98.0,80.0,15.0,166.9,3.0
2018-10-22,southasia,9538.0,1651.0,1568.0,-278.5,28.0,34.0,499.0,34.0,19.0,-54.6,2.0
2018-10-22,sudan,539.0,53.0,81.0,478.0,0.0,1.0,22.0,5.0,0.0,28.1,0.0
2018-10-22,taiwan,807.0,89.0,81.0,928.7,2.0,0.0,19.0,142.0,56.0,133.0,6.0
2018-10-22,ukraine,839.0,98.0,117.0,772.0,1.0,5.0,53.0,198.0,66.0,38.0,16.0
2018-10-22,venezuela,243.0,38.0,38.0,123.8,0.0,1.0,21.0,47.0,16.0,30.7,1.0
2018-10-22,yemen,550.0,63.0,136.0,-224.3,0.0,0.0,32.0,146.0,56.0,-77.8,5.0
2018-10-23,drc,39.0,1.0,7.0,5.7,0.0,0.0,0.0,1.0,0.0,-0.4,0.0
2018-10-23,europe_east,1295.0,151.0,94.0,1902.8,12.0,2.0,43.0,104.0,30.0,52.6,14.0
2018-10-23,iran,1991.0,290.0,336.0,515.1,19.0,3.0,159.0,305.0,117.0,-20.6,9.0
2018-10-23,israel,4636.0,695.0,883.0,-1266.1,22.0,3.0,346.0,640.0,349.0,-1715.5,67.0
2018-10-23,korea,1170.0,112.0,103.0,2134.3,0.0,1.0,45.0,157.0,33.0,228.2,5.0
2018-10-23,libya,159.0,18.0,27.0,50.6,0.0,0.0,9.0,2.0,0.0,2.0,0.0
2018-10-23,scs,2701.0,390.0,400.0,1725.9,11.0,2.0,181.0,36.0,7.0,75.8,5.0
2018-10-23,southasia,10740.0,1795.0,1615.0,2987.0,32.0,38.0,663.0,59.0,32.0,-113.7,2.0
2018-10-23,sudan,523.0,89.0,79.0,-61.0,1.0,1.0,14.0,5.0,5.0,-25.2,0.0
2018-10-23,taiwan,754.0,111.0,98.0,337.3,6.0,0.0,46.0,188.0,71.0,-25.3,17.0
2018-10-23,ukraine,912.0,95.0,111.0,860.7,0.0,1.0,55.0,250.0,87.0,-31.0,12.0
2018-10-23,venezuela,379.0,36.0,27.0,549.5,0.0,1.0,15.0,83.0,10.0,118.9,1.0
2018-10-23,yemen,448.0,71.0,130.0,-488.7,0.0,2.0,48.0,147.0,74.0,-271.4,4.0
2018-10-24,drc,19.0,2.0,4.0,-8.6,0.0,0.0,3.0,4.0,0.0,4.0,0.0
2018-10-24,europe_east,1513.0,165.0,115.0,2259.3,3.0,2.0,61.0,61.0,13.0,136.3,8.0
2018-10-24,iran,2039.0,328.0,380.0,-176.7,17.0,6.0,132.0,264.0,126.0,-334.1,3.0
2018-10-24,israel,4551.0,639.0,829.0,-14.1,14.0,2.0,287.0,761.0,385.0,-1643.5,57.0
2018-10-24,korea,1288.0,121.0,110.0,2438.7,1.0,2.0,63.0,201.0,42.0,332.4,5.0
2018-10-24,libya,165.0,17.0,24.0,181.9,0.0,0.0,13.0,1.0,1.0,-5.0,1.0
2018-10-24,scs,2788.0,375.0,332.0,2770.2,7.0,2.0,143.0,87.0,28.0,31.8,1.0
2018-10-24,southasia,9629.0,1389.0,1428.0,3997.8,13.0,17.0,618.0,34.0,30.0,-129.5,8.0
2018-10-24,sudan,694.0,60.0,87.0,849.1,0.0,3.0,32.0,3.0,1.0,14.0,0.0
2018-10-24,taiwan,464.0,58.0,46.0,515.3,1.0,0.0,22.0,45.0,19.0,-21.8,7.0
2018-10-24,ukraine,827.0,76.0,128.0,831.0,0.0,0.0,63.0,172.0,70.0,-105.6,19.0
2018-10-24,venezuela,475.0,72.0,45.0,492.7,6.0,2.0,23.0,60.0,5.0,124.1,1.0
2018-10-24,yemen,531.0,81.0,118.0,-542.9,3.0,1.0,14.0,121.0,62.0,-278.8,0.0
2018-10-25,drc,31.0,4.0,10.0,-60.5,0.0,0.0,1.0,1.0,0.0,3.0,0.0
2018-10-25,europe_east,1613.0,214.0,169.0,1687.4,6.0,10.0,70.0,114.0,26.0,186.1,14.0
2018-10-25,iran,1525.0,235.0,336.0,-589.8,4.0,7.0,142.0,210.0,77.0,30.0,9.0
2018-10-25,israel,4783.0,690.0,932.0,-1167.7,17.0,7.0,316.0,766.0,448.0,-2373.8,73.0
2018-10-25,korea,1331.0,128.0,124.0,2111.4,0.0,0.0,65.0,246.0,51.0,485.1,7.0
2018-10-25,libya,255.0,26.0,48.0,256.8,0.0,0.0,23.0,1.0,0.0,-0.4,0.0
2018-10-25,scs,2373.0,283.0,344.0,1767.5,9.0,6.0,150.0,83.0,17.0,167.9,1.0
2018-10-25,southasia,9973.0,1659.0,1399.0,3520.9,17.0,27.0,652.0,41.0,14.0,29.8,5.0
2018-10-25,sudan,587.0,47.0,82.0,808.2,0.0,0.0,50.0,2.0,1.0,-4.4,0.0
2018-10-25,taiwan,468.0,55.0,44.0,650.7,2.0,2.0,28.0,132.0,70.0,-104.3,8.0
2018-10-25,ukraine,1148.0,159.0,206.0,358.8,0.0,6.0,118.0,336.0,155.0,-232.3,55.0
2018-10-25,venezuela,446.0,88.0,36.0,207.9,1.0,1.0,16.0,54.0,16.0,-21.7,0.0
2018-10-25,yemen,839.0,87.0,172.0,-352.2,1.0,0.0,28.0,185.0,67.0,-4.9,2.0
2018-10-26,drc,114.0,23.0,47.0,-210.8,0.0,1.0,37.0,1.0,0.0,7.4,0.0
2018-10-26,europe_east,1405.0,179.0,122.0,1771.2,4.0,5.0,64.0,138.0,56.0,-35.0,23.0
2018-10-26,iran,1374.0,228.0,216.0,326.8,5.0,1.0,107.0,290.0,101.0,197.6,3.0
2018-10-26,israel,3999.0,513.0,1009.0,-3627.5,5.0,5.0,265.0,771.0,496.0,-3131.6,64.0
2018-10-26,korea,1262.0,134.0,141.0,1857.1,0.0,0.0,77.0,209.0,27.0,511.5,0.0
2018-10-26,libya,207.0,10.0,24.0,467.1,0.0,0.0,13.0,1.0,0.0,0.0,0.0
2018-10-26,scs,2301.0,235.0,244.0,3993.2,6.0,1.0,128.0,53.0,10.0,13.6,0.0
2018-10-26,southasia,9897.0,1876.0,1459.0,1043.9,19.0,32.0,735.0,32.0,21.0,-54.6,16.0
2018-10-26,sudan,612.0,53.0,75.0,858.3,0.0,0.0,40.0,7.0,4.0,-15.4,0.0
2018-10-26,taiwan,369.0,34.0,48.0,304.1,1.0,5.0,31.0,87.0,34.0,-2.4,16.0
2018-10-26,ukraine,1127.0,125.0,150.0,1778.0,3.0,2.0,82.0,428.0,133.0,687.7,40.0
2018-10-26,venezuela,308.0,63.0,35.0,214.7,1.0,0.0,25.0,64.0,19.0,15.3,7.0
2018-10-26,yemen,508.0,63.0,136.0,-511.6,7.0,0.0,25.0,100.0,40.0,-71.7,4.0
2018-10-27,drc,64.0,11.0,17.0,-62.2,0.0,1.0,9.0,5.0,4.0,-20.0,0.0
2018-10-27,europe_east,488.0,50.0,43.0,618.4,2.0,1.0,24.0,37.0,18.0,-16.5,11.0
2018-10-27,iran,1293.0,168.0,217.0,694.3,7.0,2.0,85.0,370.0,193.0,-516.4,7.0
2018-10-27,israel,3820.0,470.0,877.0,-2847.6,11.0,5.0,147.0,967.0,561.0,-2787.6,26.0
2018-10-27,korea,656.0,91.0,85.0,693.3,2.0,0.0,51.0,171.0,62.0,55.2,10.0
2018-10-27,libya,159.0,7.0,14.0,406.0,0.0,0.0,4.0,2.0,0.0,4.7,0.0
2018-10-27,scs,1720.0,182.0,228.0,2203.9,0.0,10.0,106.0,66.0,11.0,216.4,7.0
2018-10-27,southasia,8346.0,1567.0,1198.0,783.2,12.0,20.0,598.0,41.0,17.0,-23.6,14.0
2018-10-27,sudan,172.0,13.0,22.0,162.7,0.0,2.0,8.0,0.0,0.0,0.0,0.0
2018-10-27,taiwan,243.0,21.0,25.0,256.9,0.0,2.0,11.0,52.0,18.0,-1.4,4.0
2018-10-27,ukraine,548.0,61.0,51.0,891.8,2.0,0.0,28.0,179.0,59.0,138.3,4.0
2018-10-27,venezuela,192.0,47.0,16.0,82.7,0.0,1.0,14.0,26.0,5.0,49.4,0.0
2018-10-27,yemen,404.0,48.0,112.0,-402.3,1.0,1.0,23.0,116.0,58.0,-227.2,5.0
2018-10-28,drc,50.0,6.0,13.0,-15.9,0.0,2.0,9.0,0.0,0.0,0.0,0.0
2018-10-28,europe_east,628.0,89.0,45.0,819.7,1.0,2.0,25.0,57.0,14.0,80.5,0.0
2018-10-28,iran,1297.0,166.0,182.0,1189.7,9.0,3.0,87.0,247.0,129.0,-217.6,2.0
2018-10-28,israel,3781.0,556.0,819.0,-2533.5,15.0,5.0,145.0,632.0,332.0,-1150.5,33.0
2018-10-28,korea,614.0,76.0,62.0,889.3,0.0,1.0,18.0,128.0,42.0,10.0,5.0
2018-10-28,libya,144.0,26.0,21.0,73.4,0.0,0.0,5.0,0.0,0.0,0.0,0.0
2018-10-28,scs,1618.0,171.0,156.0,2111.7,7.0,3.0,76.0,155.0,6.0,493.1,4.0
2018-10-28,southasia,7610.0,1286.0,963.0,3080.5,22.0,25.0,440.0,22.0,6.0,4.2,5.0
2018-10-28,sudan,295.0,50.0,38.0,291.6,0.0,1.0,20.0,0.0,0.0,0.0,0.0
2018-10-28,taiwan,208.0,26.0,14.0,305.4,0.0,2.0,7.0,32.0,13.0,8.0,2.0
2018-10-28,ukraine,343.0,29.0,44.0,502.1,0.0,6.0,14.0,70.0,19.0,74.8,4.0
2018-10-28,venezuela,104.0,24.0,8.0,74.5,0.0,1.0,5.0,11.0,1.0,25.0,1.0
2018-10-28,yemen,383.0,41.0,107.0,-617.0,8.0,0.0,8.0,95.0,51.0,-318.7,4.0
2018-10-29,drc,32.0,11.0,3.0,5.8,0.0,0.0,3.0,11.0,3.0,-1.9,0.0
2018-10-29,europe_east,1057.0,124.0,83.0,1477.3,6.0,0.0,34.0,81.0,25.0,-36.4,5.0
2018-10-29,iran,1590.0,189.0,271.0,579.9,7.0,7.0,127.0,320.0,151.0,-244.8,4.0
2018-10-29,israel,4923.0,719.0,997.0,-2771.8,36.0,1.0,211.0,799.0,497.0,-2789.6,62.0
2018-10-29,korea,1312.0,117.0,109.0,2067.3,0.0,2.0,60.0,279.0,36.0,575.0,11.0
2018-10-29,libya,372.0,55.0,138.0,-884.1,0.0,2.0,22.0,0.0,0.0,0.0,0.0
2018-10-29,scs,2433.0,248.0,251.0,3354.8,3.0,7.0,108.0,412.0,29.0,1135.0,1.0
2018-10-29,southasia,10174.0,1703.0,1279.0,4565.0,18.0,15.0,563.0,35.0,14.0,-8.6,2.0
2018-10-29,sudan,355.0,30.0,21.0,734.4,0.0,0.0,8.0,2.0,1.0,-10.0,0.0
2018-10-29,taiwan,327.0,41.0,30.0,417.5,2.0,2.0,16.0,84.0,30.0,-37.7,11.0
2018-10-29,ukraine,851.0,59.0,90.0,1441.0,3.0,1.0,27.0,202.0,58.0,269.2,16.0
2018-10-29,venezuela,279.0,33.0,54.0,31.6,0.0,0.0,33.0,57.0,15.0,-19.4,3.0
2018-10-29,yemen,387.0,52.0,101.0,-371.2,3.0,0.0,17.0,139.0,51.0,-129.3,2.0
2018-10-30,drc,83.0,9.0,16.0,105.0,0.0,6.0,9.0,2.0,0.0,6.4,0.0
2018-10-30,europe_east,1124.0,101.0,103.0,1527.5,6.0,3.0,41.0,85.0,20.0,51.6,2.0
2018-10-30,iran,2081.0,361.0,419.0,-1103.8,46.0,2.0,203.0,210.0,82.0,127.4,14.0
2018-10-30,israel,4720.0,664.0,865.0,-1199.6,16.0,3.0,246.0,717.0,365.0,-1457.3,59.0
2018-10-30,korea,1474.0,205.0,100.0,2013.9,0.0,0.0,60.0,298.0,46.0,469.4,5.0
2018-10-30,libya,266.0,38.0,97.0,-601.4,0.0,2.0,24.0,0.0,0.0,0.0,0.0
2018-10-30,scs,2475.0,257.0,265.0,3305.3,2.0,19.0,116.0,289.0,43.0,667.6,0.0
2018-10-30,southasia,10493.0,1787.0,1417.0,3781.8,8.0,19.0,522.0,17.0,8.0,6.1,3.0
2018-10-30,sudan,730.0,100.0,98.0,626.4,0.0,5.0,30.0,36.0,20.0,-94.1,0.0
2018-10-30,taiwan,451.0,34.0,21.0,1018.6,1.0,0.0,10.0,84.0,33.0,20.9,3.0
2018-10-30,ukraine,1054.0,93.0,116.0,1133.2,3.0,2.0,35.0,185.0,80.0,-44.6,14.0
2018-10-30,venezuela,313.0,52.0,58.0,19.0,2.0,0.0,29.0,63.0,12.0,51.3,2.0
2018-10-30,yemen,562.0,71.0,148.0,-446.9,0.0,2.0,40.0,164.0,86.0,-393.1,7.0
2018-10-31,drc,51.0,2.0,13.0,-9.1,0.0,3.0,5.0,0.0,0.0,0.0,0.0
2018-10-31,europe_east,1417.0,136.0,160.0,1732.6,5.0,2.0,68.0,135.0,36.0,18.1,16.0
2018-10-31,iran,2880.0,478.0,664.0,-2532.5,69.0,7.0,264.0,325.0,165.0,-594.4,18.0
2018-10-31,israel,4602.0,651.0,819.0,-738.6,12.0,2.0,224.0,683.0,346.0,-1624.0,37.0
2018-10-31,korea,1841.0,226.0,139.0,2240.1,2.0,5.0,43.0,284.0,30.0,512.8,4.0
2018-10-31,libya,253.0,32.0,52.0,-8.8,0.0,2.0,21.0,3.0,0.0,10.2,0.0
2018-10-31,scs,2554.0,231.0,272.0,3467.4,5.0,17.0,95.0,159.0,12.0,415.7,0.0
2018-10-31,southasia,12319.0,2050.0,2042.0,-197.6,35.0,104.0,825.0,32.0,13.0,-22.3,4.0
2018-10-31,sudan,1087.0,86.0,104.0,1835.5,3.0,3.0,44.0,54.0,4.0,90.1,1.0
2018-10-31,taiwan,534.0,67.0,65.0,290.9,1.0,3.0,36.0,123.0,39.0,27.6,6.0
2018-10-31,ukraine,953.0,118.0,120.0,940.2,0.0,1.0,44.0,240.0,124.0,-226.3,18.0
2018-10-31,venezuela,320.0,49.0,55.0,103.2,1.0,0.0,32.0,41.0,9.0,41.2,0.0
2018-10-31,yemen,1209.0,140.0,180.0,340.1,13.0,9.0,32.0,482.0,106.0,145.1,24.0
2018-11-01,drc,12.0,0.0,2.0,7.4,0.0,0.0,1.0,15.0,2.0,29.4,0.0
2018-11-01,europe_east,1298.0,123.0,162.0,1164.3,0.0,5.0,70.0,112.0,27.0,-44.7,9.0
2018-11-01,iran,2491.0,429.0,546.0,-1576.4,51.0,0.0,265.0,411.0,170.0,-154.4,14.0
2018-11-01,israel,4199.0,650.0,661.0,619.6,15.0,8.0,225.0,635.0,278.0,-635.2,39.0
2018-11-01,korea,2091.0,242.0,248.0,1901.5,4.0,7.0,100.0,403.0,58.0,778.0,5.0
2018-11-01,libya,344.0,37.0,65.0,77.9,1.0,14.0,23.0,5.0,1.0,4.4,1.0
2018-11-01,scs,2206.0,240.0,284.0,1919.8,3.0,12.0,130.0,106.0,7.0,348.6,4.0
2018-11-01,southasia,12089.0,1990.0,1755.0,3900.5,26.0,41.0,781.0,35.0,19.0,-75.7,4.0
2018-11-01,sudan,869.0,72.0,104.0,1496.9,0.0,1.0,69.0,29.0,1.0,74.4,1.0
2018-11-01,taiwan,525.0,77.0,78.0,266.1,1.0,3.0,57.0,83.0,50.0,-99.5,11.0
2018-11-01,ukraine,1328.0,155.0,165.0,1289.8,2.0,1.0,103.0,388.0,206.0,-525.7,12.0
2018-11-01,venezuela,436.0,91.0,81.0,-157.3,0.0,0.0,51.0,118.0,62.0,-250.3,0.0
2018-11-01,yemen,1090.0,140.0,131.0,680.5,16.0,18.0,14.0,387.0,87.0,264.8,11.0
2018-11-02,drc,51.0,13.0,16.0,-117.5,0.0,0.0,6.0,7.0,1.0,30.5,0.0
2018-11-02,europe_east,1467.0,125.0,156.0,1877.2,8.0,1.0,83.0,109.0,32.0,-15.0,6.0
2018-11-02,iran,3272.0,514.0,628.0,1483.8,39.0,8.0,340.0,625.0,260.0,-336.7,20.0
2018-11-02,israel,3964.0,612.0,583.0,621.7,16.0,6.0,211.0,663.0,335.0,-1398.8,51.0
2018-11-02,korea,1219.0,114.0,147.0,1447.0,1.0,6.0,76.0,207.0,30.0,415.8,7.0
2018-11-02,libya,213.0,19.0,70.0,-297.3,0.0,2.0,21.0,0.0,0.0,0.0,0.0
2018-11-02,scs,2064.0,202.0,248.0,2505.4,3.0,3.0,149.0,60.0,5.0,161.7,2.0
2018-11-02,southasia,11539.0,2060.0,1949.0,-1724.8,32.0,21.0,769.0,44.0,21.0,-87.0,1.0
2018-11-02,sudan,792.0,76.0,132.0,857.1,0.0,0.0,87.0,20.0,4.0,34.9,2.0
2018-11-02,taiwan,495.0,67.0,73.0,473.0,2.0,0.0,68.0,114.0,47.0,-71.7,15.0
2018-11-02,ukraine,1166.0,139.0,178.0,682.9,0.0,2.0,99.0,345.0,176.0,-490.2,34.0
2018-11-02,venezuela,481.0,82.0,65.0,278.1,1.0,0.0,41.0,100.0,59.0,-231.4,1.0
2018-11-02,yemen,980.0,116.0,162.0,-206.5,9.0,7.0,12.0,304.0,88.0,-105.9,7.0
2018-11-03,drc,25.0,8.0,13.0,-113.1,0.0,0.0,5.0,2.0,2.0,-13.5,0.0
2018-11-03,europe_east,534.0,39.0,60.0,879.9,0.0,2.0,24.0,32.0,15.0,-36.4,0.0
2018-11-03,iran,2763.0,561.0,316.0,2970.7,15.0,6.0,217.0,602.0,253.0,172.3,5.0
2018-11-03,israel,2248.0,329.0,389.0,-5.2,11.0,1.0,128.0,452.0,176.0,-459.2,35.0
2018-11-03,korea,754.0,90.0,60.0,1054.3,3.0,0.0,36.0,134.0,41.0,100.6,3.0
2018-11-03,libya,115.0,17.0,23.0,-37.1,0.0,0.0,10.0,0.0,0.0,0.0,0.0
2018-11-03,scs,1751.0,205.0,231.0,1829.2,5.0,10.0,101.0,46.0,15.0,48.8,0.0
2018-11-03,southasia,9498.0,1646.0,1599.0,-522.8,16.0,7.0,609.0,24.0,3.0,39.5,1.0
2018-11-03,sudan,293.0,35.0,38.0,458.6,0.0,0.0,19.0,1.0,0.0,7.0,0.0
2018-11-03,taiwan,282.0,34.0,25.0,465.7,0.0,2.0,17.0,46.0,16.0,8.0,8.0
2018-11-03,ukraine,677.0,59.0,57.0,1606.3,0.0,0.0,27.0,87.0,38.0,-16.9,4.0
2018-11-03,venezuela,230.0,50.0,45.0,4.3,0.0,0.0,28.0,46.0,22.0,-57.6,0.0
2018-11-03,yemen,556.0,55.0,120.0,-320.0,10.0,0.0,10.0,182.0,63.0,-247.6,9.0
2018-11-04,drc,0.0,0.0,0.0,0.0,0.0,0.0,0.0,0.0,0.0,0.0,0.0
2018-11-04,europe_east,524.0,51.0,74.0,327.5,1.0,1.0,25.0,37.0,14.0,-4.9,1.0
2018-11-04,iran,2167.0,475.0,316.0,94.9,22.0,4.0,180.0,672.0,321.0,-655.7,26.0
2018-11-04,israel,2744.0,436.0,572.0,-1422.1,8.0,8.0,178.0,554.0,272.0,-984.0,46.0
2018-11-04,korea,1059.0,124.0,106.0,1093.0,0.0,0.0,55.0,244.0,44.0,501.5,2.0
2018-11-04,libya,145.0,19.0,26.0,39.9,1.0,0.0,5.0,2.0,0.0,20.0,0.0
2018-11-04,scs,1594.0,206.0,224.0,891.9,3.0,12.0,79.0,102.0,10.0,217.1,0.0
2018-11-04,southasia,7434.0,1312.0,1151.0,-217.8,19.0,12.0,416.0,18.0,5.0,34.0,3.0
2018-11-04,sudan,398.0,45.0,43.0,812.9,0.0,0.0,29.0,11.0,1.0,27.2,0.0
2018-11-04,taiwan,194.0,18.0,22.0,191.2,0.0,0.0,12.0,14.0,3.0,17.8,0.0
2018-11-04,ukraine,452.0,45.0,53.0,615.3,3.0,1.0,11.0,78.0,23.0,83.1,9.0
2018-11-04,venezuela,150.0,29.0,37.0,-81.4,0.0,0.0,28.0,43.0,14.0,-1.8,0.0
2018-11-04,yemen,789.0,74.0,194.0,-682.5,6.0,1.0,19.0,183.0,67.0,-177.0,13.0
2018-11-05,drc,42.0,3.0,5.0,43.8,0.0,0.0,1.0,15.0,3.0,-1.3,0.0
2018-11-05,europe_east,1311.0,101.0,91.0,2149.9,7.0,3.0,40.0,49.0,8.0,70.5,3.0
2018-11-05,iran,3907.0,859.0,520.0,1397.3,46.0,4.0,330.0,1342.0,645.0,-1067.8,40.0
2018-11-05,israel,3504.0,527.0,652.0,-510.3,21.0,7.0,244.0,744.0,413.0,-1318.2,63.0
2018-11-05,korea,1947.0,191.0,188.0,2781.7,15.0,3.0,69.0,515.0,124.0,712.0,28.0
2018-11-05,libya,299.0,48.0,55.0,-81.0,0.0,0.0,27.0,0.0,0.0,0.0,0.0
2018-11-05,scs,2364.0,277.0,279.0,2218.6,4.0,8.0,82.0,192.0,13.0,493.2,1.0
2018-11-05,southasia,9287.0,1475.0,1332.0,3564.7,17.0,13.0,632.0,18.0,7.0,-14.3,3.0
2018-11-05,sudan,543.0,52.0,54.0,977.5,0.0,0.0,26.0,7.0,0.0,44.0,0.0
2018-11-05,taiwan,361.0,48.0,23.0,491.9,0.0,2.0,9.0,45.0,6.0,124.7,2.0
2018-11-05,ukraine,1165.0,158.0,217.0,-259.1,26.0,0.0,97.0,166.0,89.0,-309.2,9.0
2018-11-05,venezuela,301.0,67.0,70.0,-273.5,1.0,4.0,21.0,71.0,35.0,-59.4,1.0
2018-11-05,yemen,761.0,99.0,196.0,-831.8,7.0,2.0,31.0,215.0,87.0,-348.3,5.0
2018-11-06,drc,16.0,1.0,2.0,4.2,0.0,0.0,1.0,0.0,0.0,0.0,0.0
2018-11-06,europe_east,1324.0,146.0,180.0,865.4,2.0,9.0,65.0,56.0,21.0,27.3,4.0
2018-11-06,iran,3321.0,663.0,535.0,1046.4,30.0,5.0,347.0,995.0,438.0,-146.7,27.0
2018-11-06,israel,3615.0,591.0,618.0,-112.2,20.0,4.0,208.0,774.0,390.0,-1272.2,42.0
2018-11-06,korea,1663.0,161.0,119.0,2763.9,5.0,4.0,64.0,257.0,38.0,556.7,7.0
2018-11-06,libya,246.0,42.0,61.0,-198.8,0.0,0.0,31.0,0.0,0.0,0.0,0.0
2018-11-06,scs,2187.0,272.0,280.0,1815.0,5.0,6.0,89.0,144.0,15.0,403.1,0.0
2018-11-06,southasia,9115.0,1330.0,1259.0,4272.6,20.0,21.0,549.0,24.0,10.0,-49.2,7.0
2018-11-06,sudan,475.0,66.0,48.0,654.9,5.0,1.0,15.0,12.0,4.0,1.1,1.0
2018-11-06,taiwan,389.0,60.0,37.0,259.8,1.0,1.0,20.0,61.0,14.0,58.1,2.0
2018-11-06,ukraine,995.0,130.0,198.0,-132.0,6.0,7.0,89.0,142.0,74.0,-182.0,14.0
2018-11-06,venezuela,369.0,78.0,90.0,-400.7,0.0,1.0,43.0,42.0,28.0,-122.7,0.0
2018-11-06,yemen,650.0,68.0,183.0,-662.9,5.0,1.0,29.0,185.0,88.0,-438.3,6.0
2018-11-07,drc,28.0,0.0,5.0,32.0,0.0,0.0,3.0,9.0,6.0,-43.4,0.0
2018-11-07,europe_east,1502.0,159.0,153.0,1784.5,1.0,7.0,73.0,60.0,11.0,75.6,3.0
2018-11-07,iran,2340.0,450.0,360.0,885.7,15.0,3.0,230.0,601.0,262.0,-300.2,18.0
2018-11-07,israel,3738.0,488.0,628.0,177.7,21.0,4.0,233.0,670.0,304.0,-1112.1,27.0
2018-11-07,korea,2249.0,242.0,192.0,3430.1,4.0,0.0,130.0,607.0,142.0,863.9,4.0
2018-11-07,libya,218.0,22.0,43.0,52.2,0.0,0.0,15.0,0.0,0.0,0.0,0.0
2018-11-07,scs,2784.0,330.0,450.0,1281.7,6.0,0.0,123.0,139.0,20.0,402.2,3.0
2018-11-07,southasia,8171.0,1099.0,1003.0,5704.7,4.0,20.0,456.0,43.0,9.0,72.8,0.0
2018-11-07,sudan,554.0,49.0,67.0,489.0,1.0,3.0,18.0,11.0,5.0,-10.0,0.0
2018-11-07,taiwan,440.0,41.0,41.0,604.5,0.0,0.0,25.0,82.0,7.0,163.6,0.0
2018-11-07,ukraine,794.0,96.0,115.0,432.6,3.0,5.0,43.0,209.0,82.0,-217.5,28.0
2018-11-07,venezuela,204.0,45.0,44.0,-114.8,0.0,0.0,33.0,27.0,17.0,-57.0,5.0
2018-11-07,yemen,777.0,106.0,189.0,-736.5,7.0,1.0,26.0,204.0,85.0,-211.2,8.0
2018-11-08,drc,36.0,1.0,6.0,45.1,0.0,0.0,4.0,3.0,3.0,-28.5,0.0
2018-11-08,europe_east,1558.0,211.0,164.0,1554.0,1.0,10.0,73.0,72.0,32.0,-121.7,2.0
2018-11-08,iran,1945.0,345.0,255.0,1678.3,30.0,0.0,152.0,533.0,222.0,-177.9,15.0
2018-11-08,israel,3912.0,550.0,809.0,-1413.0,31.0,3.0,298.0,722.0,396.0,-1912.6,66.0
2018-11-08,korea,1953.0,175.0,241.0,2639.8,2.0,3.0,185.0,584.0,154.0,525.2,12.0
2018-11-08,libya,331.0,41.0,41.0,297.3,0.0,0.0,14.0,2.0,2.0,-20.0,0.0
2018-11-08,scs,2910.0,415.0,403.0,1400.4,0.0,3.0,156.0,145.0,14.0,472.3,0.0
2018-11-08,southasia,8988.0,1327.0,1051.0,7274.9,19.0,19.0,528.0,10.0,0.0,46.1,0.0
2018-11-08,sudan,558.0,60.0,59.0,803.9,0.0,0.0,27.0,13.0,0.0,50.1,0.0
2018-11-08,taiwan,404.0,74.0,31.0,523.7,2.0,4.0,14.0,93.0,38.0,-81.0,22.0
2018-11-08,ukraine,1068.0,133.0,137.0,1024.5,6.0,0.0,49.0,188.0,104.0,-428.1,16.0
2018-11-08,venezuela,323.0,56.0,58.0,-90.6,0.0,0.0,28.0,45.0,21.0,-43.1,6.0
2018-11-08,yemen,830.0,103.0,222.0,-725.9,5.0,4.0,36.0,176.0,97.0,-502.2,2.0
2018-11-09,drc,57.0,4.0,7.0,40.3,0.0,0.0,1.0,1.0,1.0,-9.5,0.0
2018-11-09,europe_east,1409.0,160.0,126.0,1802.2,3.0,3.0,57.0,79.0,27.0,1.1,7.0
2018-11-09,iran,1856.0,316.0,278.0,1261.1,26.0,3.0,154.0,485.0,204.0,-280.3,20.0
2018-11-09,israel,3398.0,480.0,680.0,-1157.5,19.0,6.0,228.0,541.0,285.0,-1245.7,62.0
2018-11-09,korea,1411.0,167.0,167.0,1513.2,4.0,1.0,93.0,324.0,66.0,469.5,5.0
2018-11-09,libya,303.0,44.0,34.0,213.9,5.0,0.0,8.0,0.0,0.0,0.0,0.0
2018-11-09,scs,3445.0,375.0,491.0,2760.7,4.0,6.0,261.0,138.0,27.0,264.1,3.0
2018-11-09,southasia,8972.0,1403.0,1206.0,3593.7,18.0,19.0,536.0,13.0,5.0,-30.3,2.0
2018-11-09,sudan,411.0,22.0,46.0,721.0,0.0,1.0,17.0,9.0,0.0,16.0,0.0
2018-11-09,taiwan,460.0,50.0,50.0,721.3,2.0,0.0,33.0,92.0,37.0,34.3,12.0
2018-11-09,ukraine,1201.0,151.0,184.0,607.8,8.0,3.0,104.0,205.0,105.0,-265.3,10.0
2018-11-09,venezuela,249.0,53.0,39.0,-113.8,1.0,0.0,27.0,13.0,7.0,-18.5,0.0
2018-11-09,yemen,734.0,89.0,172.0,-503.7,10.0,0.0,30.0,123.0,56.0,-215.2,0.0
2018-11-10,drc,31.0,0.0,4.0,49.9,0.0,0.0,0.0,1.0,0.0,8.3,0.0
2018-11-10,europe_east,772.0,103.0,67.0,773.1,5.0,0.0,18.0,28.0,5.0,64.4,0.0
2018-11-10,iran,1469.0,277.0,246.0,71.3,5.0,3.0,123.0,364.0,162.0,-238.9,20.0
2018-11-10,israel,5228.0,890.0,1116.0,-4246.8,34.0,7.0,247.0,1110.0,505.0,-1643.6,48.0
2018-11-10,korea,662.0,62.0,80.0,716.0,3.0,0.0,32.0,128.0,20.0,230.9,0.0
2018-11-10,libya,237.0,28.0,50.0,-47.1,0.0,0.0,8.0,0.0,0.0,0.0,0.0
2018-11-10,scs,1911.0,189.0,288.0,1552.1,1.0,1.0,137.0,49.0,8.0,118.3,0.0
2018-11-10,southasia,8079.0,1342.0,1222.0,218.4,13.0,17.0,494.0,25.0,10.0,-35.7,4.0
2018-11-10,sudan,216.0,24.0,7.0,374.3,0.0,1.0,4.0,0.0,0.0,0.0,0.0
2018-11-10,taiwan,251.0,32.0,29.0,294.2,3.0,5.0,16.0,57.0,26.0,-50.7,10.0
2018-11-10,ukraine,461.0,65.0,79.0,29.9,2.0,1.0,21.0,102.0,35.0,33.4,10.0
2018-11-10,venezuela,145.0,17.0,20.0,182.8,0.0,0.0,18.0,12.0,6.0,-18.0,0.0
2018-11-10,yemen,890.0,122.0,203.0,-587.0,15.0,1.0,40.0,300.0,126.0,-421.7,19.0
2018-11-11,drc,61.0,4.0,6.0,49.6,0.0,0.0,2.0,0.0,0.0,0.0,0.0
2018-11-11,europe_east,983.0,114.0,96.0,1036.0,1.0,4.0,34.0,41.0,11.0,-2.3,0.0
2018-11-11,iran,1136.0,213.0,230.0,-504.6,16.0,0.0,115.0,220.0,135.0,-543.8,9.0
2018-11-11,israel,3127.0,490.0,627.0,-1282.4,17.0,7.0,142.0,711.0,393.0,-1840.0,26.0
2018-11-11,korea,596.0,57.0,50.0,949.1,0.0,0.0,19.0,86.0,14.0,151.0,0.0
2018-11-11,libya,219.0,18.0,20.0,329.0,0.0,0.0,5.0,9.0,2.0,4.1,0.0
2018-11-11,scs,2304.0,249.0,274.0,2532.3,9.0,6.0,102.0,82.0,12.0,231.5,4.0
2018-11-11,southasia,6854.0,1009.0,1045.0,1961.7,14.0,19.0,453.0,38.0,16.0,-28.9,7.0
2018-11-11,sudan,238.0,23.0,18.0,323.0,0.0,5.0,6.0,0.0,0.0,0.0,0.0
2018-11-11,taiwan,227.0,26.0,6.0,434.7,0.0,0.0,5.0,36.0,11.0,60.7,2.0
2018-11-11,ukraine,487.0,115.0,50.0,217.5,1.0,1.0,19.0,123.0,59.0,-100.4,4.0
2018-11-11,venezuela,147.0,29.0,23.0,-36.2,1.0,0.0,15.0,6.0,0.0,18.5,0.0
2018-11-11,yemen,862.0,121.0,227.0,-1177.5,3.0,1.0,35.0,271.0,94.0,-102.8,12.0
2018-11-12,drc,195.0,31.0,72.0,-514.2,0.0,0.0,10.0,8.0,8.0,-64.5,3.0
2018-11-12,europe_east,1405.0,164.0,109.0,1838.2,1.0,3.0,44.0,135.0,58.0,-154.9,4.0
2018-11-12,iran,1711.0,235.0,350.0,111.4,10.0,14.0,136.0,298.0,122.0,-36.9,8.0
2018-11-12,israel,5694.0,747.0,1815.0,-11232.0,28.0,14.0,242.0,1695.0,1127.0,-7635.0,50.0
2018-11-12,korea,1722.0,209.0,152.0,2945.4,5.0,2.0,79.0,466.0,86.0,1010.3,20.0
2018-11-12,libya,761.0,65.0,163.0,-47.5,0.0,5.0,46.0,3.0,0.0,10.2,0.0
2018-11-12,scs,3254.0,307.0,428.0,4300.9,7.0,4.0,172.0,55.0,20.0,23.5,3.0
2018-11-12,southasia,9767.0,1574.0,1427.0,3156.8,15.0,35.0,541.0,31.0,17.0,-80.3,2.0
2018-11-12,sudan,622.0,88.0,153.0,-452.5,0.0,10.0,41.0,7.0,2.0,-4.0,0.0
2018-11-12,taiwan,364.0,44.0,18.0,710.9,1.0,0.0,7.0,36.0,9.0,19.9,2.0
2018-11-12,ukraine,1277.0,200.0,104.0,1552.0,4.0,0.0,47.0,181.0,71.0,34.9,12.0
2018-11-12,venezuela,268.0,52.0,57.0,-138.3,3.0,0.0,41.0,31.0,16.0,-46.9,5.0
2018-11-12,yemen,1037.0,118.0,297.0,-1373.1,3.0,7.0,35.0,334.0,116.0,-197.7,17.0
2018-11-13,drc,122.0,22.0,12.0,102.4,0.0,0.0,6.0,4.0,3.0,-21.0,1.0
2018-11-13,europe_east,1608.0,220.0,166.0,1526.0,6.0,5.0,76.0,115.0,31.0,97.2,0.0
2018-11-13,iran,1902.0,371.0,308.0,375.5,20.0,1.0,151.0,367.0,159.0,47.1,20.0
2018-11-13,israel,6689.0,1043.0,2023.0,-11971.5,71.0,15.0,264.0,1786.0,1177.0,-7696.3,74.0
2018-11-13,korea,1839.0,202.0,140.0,2960.2,1.0,1.0,63.0,404.0,64.0,819.8,5.0
2018-11-13,libya,703.0,95.0,64.0,627.4,7.0,4.0,29.0,7.0,4.0,-7.9,0.0
2018-11-13,scs,3012.0,303.0,323.0,3521.8,5.0,8.0,132.0,150.0,30.0,316.2,10.0
2018-11-13,southasia,9793.0,1463.0,1292.0,5432.3,10.0,31.0,606.0,37.0,11.0,-10.9,1.0
2018-11-13,sudan,432.0,26.0,49.0,768.4,1.0,8.0,17.0,2.0,2.0,-14.4,2.0
2018-11-13,taiwan,386.0,39.0,17.0,730.4,2.0,1.0,5.0,50.0,11.0,74.0,2.0
2018-11-13,ukraine,1098.0,141.0,96.0,1380.9,0.0,0.0,50.0,172.0,85.0,-161.1,18.0
2018-11-13,venezuela,256.0,30.0,32.0,287.0,0.0,0.0,17.0,27.0,12.0,-12.0,1.0
2018-11-13,yemen,730.0,102.0,152.0,-331.9,3.0,5.0,26.0,298.0,108.0,-143.6,9.0
2018-11-14,drc,73.0,20.0,5.0,63.7,0.0,0.0,4.0,8.0,3.0,4.0,0.0
2018-11-14,europe_east,1720.0,203.0,161.0,2223.1,1.0,1.0,66.0,75.0,24.0,33.2,0.0
2018-11-14,iran,1569.0,279.0,264.0,167.2,4.0,0.0,144.0,260.0,92.0,-21.9,5.0
2018-11-14,israel,6271.0,1090.0,1408.0,-5162.7,34.0,25.0,272.0,1514.0,812.0,-3850.8,66.0
2018-11-14,korea,1866.0,202.0,132.0,2711.1,0.0,2.0,75.0,263.0,68.0,137.3,8.0
2018-11-14,libya,602.0,68.0,68.0,688.6,0.0,1.0,34.0,12.0,2.0,20.8,0.0
2018-11-14,scs,3099.0,291.0,352.0,4205.9,12.0,3.0,158.0,196.0,29.0,443.8,0.0
2018-11-14,southasia,10097.0,1421.0,1140.0,7843.2,14.0,32.0,493.0,24.0,5.0,4.9,1.0
2018-11-14,sudan,318.0,24.0,44.0,304.7,0.0,5.0,13.0,2.0,0.0,4.0,0.0
2018-11-14,taiwan,371.0,27.0,36.0,515.4,0.0,0.0,21.0,48.0,10.0,59.9,2.0
2018-11-14,ukraine,1098.0,158.0,115.0,940.7,5.0,0.0,53.0,195.0,77.0,40.7,10.0
2018-11-14,venezuela,200.0,27.0,36.0,-19.5,1.0,0.0,19.0,23.0,14.0,-23.8,3.0
2018-11-14,yemen,747.0,106.0,168.0,-756.6,9.0,1.0,31.0,228.0,96.0,-376.6,14.0
2018-11-15,drc,39.0,5.0,6.0,57.0,0.0,0.0,1.0,6.0,1.0,11.4,0.0
2018-11-15,europe_east,1310.0,133.0,128.0,1513.5,2.0,3.0,59.0,72.0,14.0,168.4,2.0
2018-11-15,iran,1429.0,242.0,306.0,-194.8,8.0,4.0,106.0,218.0,62.0,157.1,2.0
2018-11-15,israel,5168.0,856.0,1012.0,-2442.4,30.0,17.0,247.0,990.0,499.0,-2128.8,48.0
2018-11-15,korea,1913.0,184.0,120.0,3183.7,4.0,2.0,60.0,310.0,51.0,413.2,4.0
2018-11-15,libya,456.0,41.0,65.0,456.0,0.0,0.0,30.0,0.0,0.0,0.0,0.0
2018-11-15,scs,3064.0,332.0,274.0,3937.9,2.0,1.0,131.0,346.0,74.0,629.6,9.0
2018-11-15,southasia,9756.0,1436.0,1312.0,5991.9,24.0,50.0,576.0,13.0,9.0,-24.6,4.0
2018-11-15,sudan,509.0,38.0,107.0,218.4,0.0,4.0,45.0,9.0,0.0,14.1,0.0
2018-11-15,taiwan,365.0,45.0,34.0,524.9,1.0,5.0,21.0,84.0,39.0,-88.0,16.0
2018-11-15,ukraine,1083.0,160.0,126.0,977.0,4.0,1.0,66.0,181.0,93.0,-310.4,18.0
2018-11-15,venezuela,280.0,23.0,45.0,114.5,0.0,0.0,25.0,20.0,0.0,78.8,0.0
2018-11-15,yemen,817.0,131.0,186.0,-903.9,13.0,1.0,38.0,280.0,122.0,-520.9,7.0
2018-11-16,drc,98.0,23.0,16.0,-67.3,0.0,0.0,2.0,18.0,9.0,5.5,0.0
2018-11-16,europe_east,1453.0,221.0,94.0,2148.5,1.0,6.0,37.0,74.0,19.0,84.6,10.0
2018-11-16,iran,1467.0,244.0,215.0,1229.8,8.0,6.0,115.0,291.0,77.0,365.3,7.0
2018-11-16,israel,4466.0,738.0,839.0,-1927.8,27.0,4.0,197.0,816.0,414.0,-1815.8,37.0
2018-11-16,korea,2566.0,255.0,293.0,3103.2,8.0,7.0,191.0,951.0,236.0,1016.9,124.0
2018-11-16,libya,328.0,49.0,37.0,305.4,7.0,0.0,14.0,0.0,0.0,0.0,0.0
2018-11-16,scs,3103.0,308.0,452.0,3557.0,5.0,3.0,288.0,145.0,38.0,306.5,3.0
2018-11-16,southasia,9758.0,1604.0,1333.0,4441.5,21.0,50.0,623.0,4.0,2.0,-7.3,0.0
2018-11-16,sudan,549.0,48.0,108.0,111.2,1.0,2.0,37.0,9.0,0.0,14.1,0.0
2018-11-16,taiwan,321.0,33.0,23.0,547.9,0.0,1.0,16.0,80.0,13.0,191.8,2.0
2018-11-16,ukraine,1248.0,167.0,167.0,703.7,1.0,0.0,82.0,234.0,108.0,-197.4,21.0
2018-11-16,venezuela,246.0,13.0,46.0,80.5,0.0,2.0,25.0,10.0,8.0,-34.0,0.0
2018-11-16,yemen,749.0,109.0,138.0,-367.7,11.0,4.0,35.0,228.0,93.0,-345.0,4.0
2018-11-17,drc,17.0,1.0,13.0,-82.2,0.0,0.0,5.0,5.0,2.0,2.8,0.0
2018-11-17,europe_east,656.0,58.0,72.0,710.4,0.0,0.0,27.0,56.0,7.0,109.8,0.0
2018-11-17,iran,1125.0,187.0,137.0,648.2,12.0,0.0,58.0,234.0,93.0,17.5,11.0
2018-11-17,israel,2782.0,496.0,550.0,-1850.7,13.0,7.0,151.0,605.0,331.0,-1477.8,23.0
2018-11-17,korea,1087.0,119.0,137.0,1360.1,1.0,3.0,88.0,433.0,140.0,300.8,82.0
2018-11-17,libya,204.0,18.0,20.0,375.4,1.0,0.0,6.0,2.0,0.0,7.4,0.0
2018-11-17,scs,2223.0,290.0,357.0,1130.2,4.0,8.0,127.0,103.0,13.0,197.1,2.0
2018-11-17,southasia,8102.0,1347.0,1110.0,2650.8,25.0,23.0,474.0,17.0,8.0,-61.2,1.0
2018-11-17,sudan,211.0,15.0,21.0,437.8,0.0,0.0,9.0,0.0,0.0,0.0,0.0
2018-11-17,taiwan,421.0,30.0,21.0,836.0,1.0,0.0,11.0,115.0,24.0,89.2,10.0
2018-11-17,ukraine,610.0,82.0,54.0,776.8,0.0,2.0,20.0,139.0,56.0,-20.9,7.0
2018-11-17,venezuela,130.0,9.0,23.0,62.6,0.0,0.0,7.0,12.0,4.0,-1.6,0.0
2018-11-17,yemen,757.0,96.0,123.0,-222.3,20.0,2.0,17.0,176.0,65.0,-186.9,8.0
2018-11-18,drc,20.0,2.0,0.0,34.8,0.0,0.0,0.0,12.0,8.0,-70.6,0.0
2018-11-18,europe_east,783.0,60.0,89.0,1050.3,0.0,3.0,54.0,53.0,9.0,66.1,5.0
2018-11-18,iran,872.0,143.0,107.0,654.7,4.0,3.0,53.0,106.0,58.0,-111.7,1.0
2018-11-18,israel,3362.0,593.0,577.0,-440.6,12.0,16.0,146.0,569.0,313.0,-1437.8,32.0
2018-11-18,korea,815.0,68.0,98.0,1181.1,1.0,2.0,58.0,239.0,56.0,332.3,25.0
2018-11-18,libya,151.0,20.0,28.0,31.4,0.0,1.0,8.0,0.0,0.0,0.0,0.0
2018-11-18,scs,2129.0,130.0,220.0,3484.7,0.0,10.0,113.0,268.0,21.0,766.3,4.0
2018-11-18,southasia,7711.0,1204.0,1356.0,-1119.9,23.0,25.0,459.0,16.0,11.0,-62.2,1.0
2018-11-18,sudan,276.0,16.0,23.0,594.4,0.0,0.0,8.0,0.0,0.0,0.0,0.0
2018-11-18,taiwan,248.0,34.0,6.0,383.1,1.0,0.0,4.0,71.0,22.0,46.6,3.0
2018-11-18,ukraine,440.0,63.0,78.0,-31.2,2.0,3.0,18.0,128.0,53.0,-19.5,2.0
2018-11-18,venezuela,120.0,20.0,24.0,-1.9,1.0,0.0,20.0,48.0,17.0,24.1,6.0
2018-11-18,yemen,527.0,66.0,153.0,-802.4,12.0,4.0,21.0,193.0,90.0,-286.5,13.0
2018-11-19,drc,74.0,15.0,8.0,44.1,0.0,0.0,2.0,15.0,8.0,-51.8,0.0
2018-11-19,europe_east,1579.0,187.0,131.0,1887.7,2.0,1.0,58.0,79.0,17.0,49.6,0.0
2018-11-19,iran,2241.0,330.0,274.0,3039.0,6.0,0.0,177.0,273.0,84.0,406.9,5.0
2018-11-19,israel,4371.0,735.0,831.0,-1066.9,13.0,2.0,324.0,765.0,422.0,-2074.4,62.0
2018-11-19,korea,1399.0,138.0,138.0,2165.4,5.0,11.0,61.0,316.0,72.0,493.3,11.0
2018-11-19,libya,210.0,29.0,55.0,-235.8,3.0,1.0,20.0,2.0,0.0,0.8,0.0
2018-11-19,scs,3441.0,272.0,292.0,5798.6,1.0,8.0,129.0,638.0,63.0,1629.5,6.0
2018-11-19,southasia,10566.0,1842.0,1688.0,-180.6,38.0,41.0,626.0,44.0,12.0,46.5,0.0
2018-11-19,sudan,469.0,51.0,69.0,477.6,0.0,0.0,20.0,0.0,0.0,0.0,0.0
2018-11-19,taiwan,485.0,73.0,36.0,475.2,0.0,0.0,22.0,158.0,63.0,-7.7,8.0
2018-11-19,ukraine,979.0,157.0,87.0,1292.1,3.0,1.0,36.0,157.0,67.0,-62.6,4.0
2018-11-19,venezuela,242.0,46.0,42.0,58.9,1.0,0.0,23.0,44.0,12.0,104.6,1.0
2018-11-19,yemen,1046.0,94.0,192.0,301.2,5.0,0.0,38.0,427.0,128.0,9.1,4.0
2018-11-20,drc,40.0,5.0,7.0,-17.6,0.0,0.0,2.0,9.0,9.0,-84.4,2.0
2018-11-20,europe_east,1610.0,203.0,164.0,1852.2,0.0,7.0,67.0,87.0,18.0,12.9,3.0
2018-11-20,iran,2093.0,372.0,314.0,1423.8,10.0,1.0,181.0,281.0,115.0,55.0,11.0
2018-11-20,israel,4167.0,691.0,783.0,-1198.9,21.0,7.0,320.0,745.0,350.0,-1395.4,62.0
2018-11-20,korea,1364.0,119.0,147.0,2090.8,0.0,0.0,65.0,310.0,85.0,344.6,22.0
2018-11-20,libya,232.0,35.0,48.0,-50.2,0.0,0.0,17.0,0.0,0.0,0.0,0.0
2018-11-20,scs,3582.0,318.0,357.0,4922.3,0.0,19.0,154.0,1192.0,134.0,2918.9,7.0
2018-11-20,southasia,10758.0,1745.0,1588.0,2854.6,49.0,26.0,618.0,79.0,36.0,-137.2,12.0
2018-11-20,sudan,532.0,58.0,52.0,919.9,1.0,0.0,25.0,3.0,1.0,-12.4,0.0
2018-11-20,taiwan,435.0,47.0,27.0,800.4,2.0,1.0,15.0,86.0,44.0,-75.4,12.0
2018-11-20,ukraine,1005.0,123.0,137.0,1024.2,3.0,1.0,90.0,186.0,75.0,7.7,20.0
2018-11-20,venezuela,407.0,66.0,89.0,-162.0,0.0,5.0,47.0,60.0,22.0,-11.2,0.0
2018-11-20,yemen,1106.0,131.0,191.0,92.4,9.0,0.0,25.0,447.0,120.0,369.9,9.0
2018-11-21,drc,78.0,15.0,20.0,-31.7,0.0,0.0,15.0,9.0,0.0,32.4,0.0
2018-11-21,europe_east,1878.0,252.0,152.0,2779.9,6.0,2.0,90.0,76.0,22.0,44.7,5.0
2018-11-21,iran,2046.0,418.0,296.0,511.2,12.0,1.0,152.0,383.0,205.0,-344.7,7.0
2018-11-21,israel,4207.0,718.0,757.0,-739.6,28.0,4.0,331.0,698.0,361.0,-1660.5,76.0
2018-11-21,korea,1695.0,262.0,163.0,2213.4,9.0,0.0,71.0,266.0,58.0,471.7,14.0
2018-11-21,libya,421.0,44.0,59.0,426.3,0.0,1.0,22.0,9.0,0.0,27.6,0.0
2018-11-21,scs,3381.0,316.0,322.0,5157.3,4.0,8.0,128.0,1188.0,165.0,2963.0,18.0
2018-11-21,southasia,11033.0,1749.0,1744.0,1496.2,27.0,37.0,711.0,85.0,50.0,-180.3,10.0
2018-11-21,sudan,578.0,79.0,53.0,816.2,3.0,0.0,17.0,0.0,0.0,0.0,0.0
2018-11-21,taiwan,312.0,50.0,17.0,503.8,2.0,0.0,12.0,61.0,24.0,-19.4,7.0
2018-11-21,ukraine,1172.0,132.0,150.0,1440.8,1.0,8.0,78.0,232.0,98.0,-73.8,24.0
2018-11-21,venezuela,411.0,60.0,60.0,145.9,3.0,0.0,31.0,91.0,39.0,-108.9,11.0
2018-11-21,yemen,1151.0,159.0,201.0,85.9,4.0,1.0,32.0,378.0,92.0,544.3,0.0
2018-11-22,drc,114.0,20.0,20.0,35.3,2.0,0.0,12.0,1.0,1.0,-4.4,0.0
2018-11-22,europe_east,1731.0,181.0,111.0,2960.7,3.0,5.0,58.0,72.0,14.0,63.6,3.0
2018-11-22,iran,1600.0,310.0,258.0,333.3,12.0,2.0,101.0,298.0,145.0,-210.9,10.0
2018-11-22,israel,3379.0,565.0,623.0,-261.7,35.0,5.0,311.0,637.0,285.0,-904.6,73.0
2018-11-22,korea,1359.0,183.0,166.0,1562.1,7.0,1.0,65.0,213.0,56.0,179.5,4.0
2018-11-22,libya,316.0,39.0,74.0,-138.8,1.0,0.0,22.0,1.0,0.0,-0.4,0.0
2018-11-22,scs,2517.0,249.0,285.0,3240.4,3.0,1.0,129.0,574.0,58.0,1590.9,15.0
2018-11-22,southasia,9790.0,1485.0,1350.0,3479.2,17.0,29.0,541.0,120.0,37.0,34.7,4.0
2018-11-22,sudan,573.0,57.0,110.0,246.6,0.0,4.0,37.0,2.0,2.0,-20.0,0.0
2018-11-22,taiwan,431.0,64.0,42.0,410.0,0.0,0.0,22.0,92.0,31.0,-13.5,3.0
2018-11-22,ukraine,1007.0,107.0,122.0,1238.1,1.0,4.0,52.0,162.0,73.0,-135.3,10.0
2018-11-22,venezuela,199.0,30.0,49.0,-173.0,0.0,0.0,21.0,30.0,13.0,-42.4,5.0
2018-11-22,yemen,839.0,116.0,164.0,-143.3,6.0,1.0,22.0,268.0,76.0,115.4,0.0
2018-11-23,drc,84.0,20.0,7.0,9.9,0.0,0.0,1.0,13.0,0.0,8.8,0.0
2018-11-23,europe_east,1107.0,87.0,83.0,2045.4,2.0,1.0,49.0,49.0,9.0,72.4,2.0
2018-11-23,iran,1455.0,264.0,264.0,283.1,5.0,5.0,152.0,288.0,138.0,-219.9,11.0
2018-11-23,israel,3070.0,466.0,733.0,-2355.2,35.0,8.0,275.0,659.0,300.0,-1291.5,42.0
2018-11-23,korea,1013.0,142.0,113.0,1148.9,0.0,0.0,49.0,111.0,33.0,56.5,8.0
2018-11-23,libya,338.0,29.0,79.0,126.4,1.0,0.0,39.0,0.0,0.0,0.0,0.0
2018-11-23,scs,2398.0,304.0,373.0,722.5,6.0,24.0,97.0,279.0,39.0,530.4,4.0
2018-11-23,southasia,12629.0,2031.0,2486.0,-6446.2,34.0,29.0,529.0,109.0,45.0,-129.5,2.0
2018-11-23,sudan,569.0,56.0,79.0,637.8,0.0,2.0,33.0,0.0,0.0,0.0,0.0
2018-11-23,taiwan,413.0,75.0,36.0,240.4,0.0,2.0,17.0,102.0,49.0,-24.9,2.0
2018-11-23,ukraine,956.0,101.0,120.0,1080.8,1.0,2.0,55.0,137.0,56.0,-49.3,10.0
2018-11-23,venezuela,194.0,31.0,28.0,72.9,0.0,0.0,22.0,34.0,7.0,39.8,1.0
2018-11-23,yemen,818.0,54.0,134.0,625.6,1.0,0.0,14.0,167.0,53.0,24.3,0.0
2018-11-24,drc,75.0,12.0,13.0,-53.7,1.0,0.0,5.0,1.0,0.0,5.0,0.0
2018-11-24,europe_east,772.0,82.0,79.0,1079.9,0.0,0.0,31.0,47.0,28.0,-67.5,7.0
2018-11-24,iran,1262.0,234.0,143.0,868.4,12.0,0.0,84.0,296.0,127.0,-79.4,12.0
2018-11-24,israel,2271.0,355.0,494.0,-1656.0,16.0,2.0,143.0,546.0,272.0,-1053.6,42.0
2018-11-24,korea,560.0,74.0,62.0,668.7,2.0,0.0,34.0,99.0,23.0,202.1,5.0
2018-11-24,libya,185.0,18.0,64.0,-353.8,1.0,0.0,10.0,1.0,0.0,-0.4,0.0
2018-11-24,scs,1852.0,179.0,269.0,1457.9,1.0,42.0,82.0,210.0,42.0,402.7,3.0
2018-11-24,southasia,9376.0,1516.0,1724.0,-3217.3,39.0,40.0,554.0,64.0,20.0,26.9,8.0
2018-11-24,sudan,205.0,21.0,18.0,400.0,0.0,0.0,10.0,0.0,0.0,0.0,0.0
2018-11-24,taiwan,499.0,71.0,43.0,435.8,1.0,2.0,26.0,76.0,34.0,-8.1,2.0
2018-11-24,ukraine,860.0,115.0,124.0,414.2,4.0,4.0,36.0,262.0,140.0,-518.7,12.0
2018-11-24,venezuela,125.0,31.0,12.0,49.1,0.0,0.0,1.0,13.0,0.0,26.7,0.0
2018-11-24,yemen,479.0,52.0,91.0,21.4,2.0,0.0,16.0,153.0,65.0,-151.3,2.0
2018-11-25,drc,51.0,10.0,2.0,5.3,0.0,0.0,1.0,0.0,0.0,0.0,0.0
2018-11-25,europe_east,688.0,70.0,55.0,957.3,0.0,0.0,21.0,51.0,17.0,91.1,0.0
2018-11-25,iran,1355.0,294.0,166.0,560.4,8.0,0.0,76.0,276.0,146.0,-85.7,7.0
2018-11-25,israel,2966.0,441.0,530.0,232.1,9.0,3.0,237.0,476.0,256.0,-785.4,54.0
2018-11-25,korea,641.0,60.0,45.0,1250.0,2.0,0.0,20.0,99.0,11.0,272.6,0.0
2018-11-25,libya,359.0,38.0,69.0,92.1,0.0,0.0,20.0,5.0,1.0,8.8,0.0
2018-11-25,scs,1252.0,121.0,179.0,1134.8,3.0,24.0,54.0,207.0,30.0,624.1,5.0
2018-11-25,southasia,8640.0,1333.0,1579.0,-2966.7,37.0,46.0,467.0,120.0,28.0,110.1,3.0
2018-11-25,sudan,466.0,48.0,65.0,481.5,0.0,0.0,34.0,7.0,0.0,37.0,0.0
2018-11-25,taiwan,545.0,117.0,57.0,168.4,1.0,0.0,38.0,105.0,39.0,41.7,3.0
2018-11-25,ukraine,1389.0,296.0,269.0,-893.7,9.0,11.0,93.0,1022.0,597.0,-2496.8,104.0
2018-11-25,venezuela,155.0,25.0,17.0,167.4,0.0,0.0,4.0,24.0,1.0,63.9,0.0
2018-11-25,yemen,483.0,44.0,117.0,-201.4,1.0,0.0,16.0,113.0,53.0,-248.1,2.0
2018-11-26,drc,77.0,9.0,7.0,69.1,1.0,0.0,2.0,2.0,0.0,4.7,0.0
2018-11-26,europe_east,1536.0,206.0,91.0,2555.2,1.0,6.0,41.0,192.0,89.0,-58.9,2.0
2018-11-26,iran,1542.0,268.0,261.0,249.3,11.0,0.0,134.0,214.0,97.0,9.1,9.0
2018-11-26,israel,4232.0,523.0,742.0,737.0,14.0,4.0,342.0,564.0,277.0,-1071.2,45.0
2018-11-26,korea,1058.0,139.0,77.0,1650.4,3.0,3.0,32.0,197.0,31.0,445.7,6.0
2018-11-26,libya,277.0,26.0,46.0,198.8,0.0,0.0,19.0,6.0,1.0,24.6,0.0
2018-11-26,scs,2237.0,300.0,310.0,1664.8,8.0,61.0,98.0,367.0,94.0,612.0,36.0
2018-11-26,southasia,12091.0,1940.0,2120.0,-2557.3,107.0,39.0,641.0,239.0,101.0,-322.4,20.0
2018-11-26,sudan,495.0,37.0,34.0,1148.2,0.0,2.0,15.0,0.0,0.0,0.0,0.0
2018-11-26,taiwan,593.0,123.0,57.0,337.5,2.0,0.0,42.0,158.0,54.0,169.3,0.0
2018-11-26,ukraine,5172.0,1087.0,860.0,-1091.0,21.0,63.0,370.0,2981.0,1878.0,-7419.5,352.0
2018-11-26,venezuela,204.0,28.0,28.0,124.4,0.0,2.0,12.0,35.0,10.0,23.0,1.0
2018-11-26,yemen,672.0,53.0,129.0,261.8,0.0,1.0,25.0,250.0,81.0,-40.0,0.0
2018-11-27,drc,94.0,21.0,22.0,-122.2,2.0,0.0,9.0,20.0,2.0,57.1,0.0
2018-11-27,europe_east,1548.0,199.0,124.0,2009.5,4.0,11.0,55.0,154.0,48.0,31.7,3.0
2018-11-27,iran,1600.0,264.0,227.0,736.6,9.0,0.0,101.0,288.0,132.0,-75.6,14.0
2018-11-27,israel,4290.0,618.0,740.0,-1.0,16.0,7.0,287.0,679.0,344.0,-1205.4,75.0
2018-11-27,korea,1103.0,109.0,132.0,1134.8,1.0,4.0,72.0,148.0,36.0,198.4,8.0
2018-11-27,libya,186.0,15.0,29.0,124.4,0.0,0.0,9.0,0.0,0.0,0.0,0.0
2018-11-27,scs,2608.0,339.0,321.0,2459.3,2.0,14.0,163.0,290.0,44.0,662.7,17.0
2018-11-27,southasia,11121.0,1707.0,1499.0,3756.7,41.0,12.0,586.0,112.0,55.0,-166.4,6.0
2018-11-27,sudan,401.0,26.0,54.0,590.8,0.0,0.0,15.0,1.0,1.0,-2.0,0.0
2018-11-27,taiwan,485.0,80.0,27.0,614.5,1.0,0.0,14.0,111.0,40.0,38.5,2.0
2018-11-27,ukraine,4822.0,904.0,918.0,-1156.8,19.0,57.0,477.0,2667.0,1645.0,-6124.7,344.0
2018-11-27,venezuela,432.0,66.0,60.0,478.3,2.0,0.0,35.0,47.0,17.0,43.5,8.0
2018-11-27,yemen,640.0,85.0,99.0,290.1,1.0,0.0,21.0,212.0,66.0,91.3,0.0
2018-11-28,drc,47.0,4.0,12.0,-25.5,0.0,1.0,3.0,7.0,0.0,20.4,0.0
2018-11-28,europe_east,1763.0,219.0,105.0,2588.9,2.0,0.0,42.0,224.0,64.0,23.0,2.0
2018-11-28,iran,2264.0,422.0,341.0,580.1,31.0,1.0,152.0,513.0,268.0,-612.1,54.0
2018-11-28,israel,4575.0,670.0,710.0,1211.1,38.0,5.0,316.0,665.0,356.0,-1301.4,57.0
2018-11-28,korea,1537.0,167.0,77.0,2673.9,8.0,10.0,30.0,245.0,49.0,409.5,8.0
2018-11-28,libya,202.0,16.0,19.0,250.4,0.0,1.0,7.0,0.0,0.0,0.0,0.0
2018-11-28,scs,2788.0,328.0,314.0,2633.1,10.0,32.0,92.0,219.0,45.0,379.2,16.0
2018-11-28,southasia,11411.0,1727.0,1629.0,1781.8,26.0,20.0,534.0,237.0,71.0,-174.8,8.0
2018-11-28,sudan,522.0,51.0,68.0,474.5,0.0,5.0,12.0,0.0,0.0,0.0,0.0
2018-11-28,taiwan,486.0,101.0,32.0,546.3,3.0,0.0,18.0,77.0,29.0,27.5,8.0
2018-11-28,ukraine,4059.0,808.0,784.0,-1749.1,33.0,37.0,440.0,2463.0,1512.0,-5903.5,285.0
2018-11-28,venezuela,334.0,41.0,40.0,391.9,0.0,2.0,34.0,30.0,26.0,-94.7,10.0
2018-11-28,yemen,1306.0,244.0,173.0,-122.4,5.0,1.0,32.0,443.0,155.0,6.3,1.0
2018-11-29,drc,113.0,12.0,26.0,12.1,0.0,0.0,12.0,7.0,5.0,-16.0,3.0
2018-11-29,europe_east,1662.0,194.0,146.0,2232.3,11.0,1.0,59.0,202.0,52.0,221.2,4.0
2018-11-29,iran,1961.0,320.0,319.0,635.2,11.0,7.0,157.0,350.0,176.0,-368.0,24.0
2018-11-29,israel,4597.0,687.0,801.0,605.3,19.0,14.0,379.0,725.0,386.0,-1626.1,73.0
2018-11-29,korea,1697.0,257.0,157.0,1463.9,13.0,2.0,101.0,216.0,31.0,364.6,8.0
2018-11-29,libya,222.0,18.0,37.0,161.6,0.0,0.0,16.0,0.0,0.0,0.0,0.0
2018-11-29,scs,2578.0,295.0,536.0,354.0,6.0,15.0,273.0,82.0,12.0,223.7,0.0
2018-11-29,southasia,11297.0,1739.0,1394.0,5334.3,14.0,33.0,535.0,156.0,40.0,54.8,8.0
2018-11-29,sudan,474.0,40.0,63.0,513.8,2.0,9.0,27.0,15.0,2.0,19.1,1.0
2018-11-29,taiwan,561.0,96.0,53.0,445.2,1.0,1.0,29.0,136.0,34.0,156.2,5.0
2018-11-29,ukraine,3897.0,627.0,731.0,-662.8,18.0,12.0,400.0,2058.0,1280.0,-5219.0,257.0
2018-11-29,venezuela,302.0,34.0,34.0,378.2,0.0,0.0,25.0,23.0,3.0,90.0,0.0
2018-11-29,yemen,1639.0,285.0,214.0,312.4,14.0,2.0,49.0,466.0,168.0,-324.4,13.0
2018-11-30,drc,43.0,5.0,9.0,0.8,0.0,0.0,5.0,14.0,8.0,-43.8,1.0
2018-11-30,europe_east,1819.0,159.0,131.0,3292.4,2.0,6.0,60.0,153.0,23.0,165.4,0.0
2018-11-30,iran,1629.0,253.0,282.0,564.7,10.0,23.0,124.0,246.0,116.0,-211.3,10.0
2018-11-30,israel,4048.0,633.0,752.0,-698.5,24.0,6.0,277.0,785.0,408.0,-1871.8,31.0
2018-11-30,korea,1634.0,157.0,133.0,2251.9,2.0,1.0,66.0,290.0,48.0,271.8,0.0
2018-11-30,libya,267.0,27.0,46.0,108.1,2.0,2.0,13.0,0.0,0.0,0.0,0.0
2018-11-30,scs,2232.0,241.0,366.0,1365.3,7.0,2.0,204.0,118.0,28.0,197.4,1.0
2018-11-30,southasia,10265.0,1625.0,1121.0,6587.8,19.0,29.0,501.0,108.0,29.0,97.0,9.0
2018-11-30,sudan,543.0,56.0,75.0,447.1,0.0,5.0,32.0,6.0,0.0,11.5,0.0
2018-11-30,taiwan,424.0,54.0,37.0,649.9,1.0,1.0,21.0,80.0,26.0,66.4,2.0
2018-11-30,ukraine,4072.0,640.0,920.0,-2231.8,24.0,27.0,578.0,2411.0,1446.0,-5560.5,399.0
2018-11-30,venezuela,262.0,49.0,35.0,58.3,6.0,0.0,25.0,30.0,18.0,-23.5,4.0
2018-11-30,yemen,1151.0,172.0,173.0,525.9,11.0,11.0,33.0,291.0,104.0,-126.9,18.0
2018-12-01,drc,45.0,5.0,11.0,-61.4,0.0,0.0,4.0,1.0,0.0,0.0,0.0
2018-12-01,europe_east,1044.0,82.0,94.0,1522.1,0.0,7.0,36.0,57.0,9.0,73.9,1.0
2018-12-01,iran,1352.0,212.0,234.0,456.5,7.0,20.0,98.0,283.0,80.0,350.3,4.0
2018-12-01,israel,2105.0,386.0,416.0,-809.8,19.0,9.0,150.0,369.0,198.0,-801.8,25.0
2018-12-01,korea,1082.0,142.0,66.0,1692.8,0.0,2.0,39.0,339.0,108.0,306.6,0.0
2018-12-01,libya,169.0,23.0,43.0,-170.0,3.0,0.0,8.0,0.0,0.0,0.0,0.0
2018-12-01,scs,1496.0,190.0,231.0,812.0,1.0,14.0,120.0,36.0,5.0,81.6,0.0
2018-12-01,southasia,8281.0,1228.0,901.0,6207.9,19.0,16.0,397.0,47.0,14.0,-1.9,1.0
2018-12-01,sudan,292.0,35.0,38.0,434.6,0.0,3.0,9.0,9.0,1.0,21.7,0.0
2018-12-01,taiwan,341.0,42.0,23.0,464.6,0.0,0.0,15.0,59.0,30.0,-14.2,2.0
2018-12-01,ukraine,2038.0,321.0,445.0,-1072.0,8.0,21.0,263.0,1224.0,784.0,-3303.4,215.0
2018-12-01,venezuela,245.0,37.0,14.0,472.9,1.0,0.0,10.0,24.0,10.0,27.9,4.0
2018-12-01,yemen,611.0,82.0,116.0,-183.4,0.0,3.0,22.0,191.0,72.0,-139.3,7.0
2018-12-02,drc,7.0,0.0,3.0,0.2,0.0,0.0,3.0,1.0,0.0,0.0,0.0
2018-12-02,europe_east,782.0,83.0,74.0,1029.5,1.0,3.0,33.0,59.0,15.0,105.9,0.0
2018-12-02,iran,1331.0,370.0,201.0,-458.0,6.0,0.0,101.0,246.0,115.0,-106.8,13.0
2018-12-02,israel,3237.0,539.0,602.0,-439.0,18.0,1.0,321.0,380.0,193.0,-426.0,43.0
2018-12-02,korea,1149.0,119.0,59.0,2200.6,1.0,1.0,38.0,313.0,39.0,848.8,8.0
2018-12-02,libya,187.0,4.0,31.0,186.9,0.0,0.0,13.0,0.0,0.0,0.0,0.0
2018-12-02,scs,1402.0,168.0,189.0,958.6,7.0,7.0,77.0,57.0,8.0,122.4,2.0
2018-12-02,southasia,6729.0,1070.0,774.0,3459.1,11.0,12.0,365.0,92.0,11.0,160.5,3.0
2018-12-02,sudan,358.0,44.0,47.0,246.5,0.0,0.0,11.0,0.0,0.0,0.0,0.0
2018-12-02,taiwan,168.0,20.0,7.0,280.3,0.0,0.0,6.0,13.0,7.0,-24.8,1.0
2018-12-02,ukraine,1308.0,217.0,285.0,-558.4,3.0,26.0,138.0,886.0,547.0,-1971.0,97.0
2018-12-02,venezuela,146.0,24.0,25.0,-31.8,2.0,2.0,14.0,2.0,0.0,9.0,0.0
2018-12-02,yemen,463.0,51.0,109.0,-339.8,0.0,2.0,21.0,123.0,42.0,-20.5,5.0
2018-12-03,drc,73.0,9.0,18.0,-11.9,0.0,1.0,4.0,6.0,4.0,-18.0,0.0
2018-12-03,europe_east,1907.0,234.0,100.0,2935.4,10.0,0.0,58.0,74.0,18.0,138.9,1.0
2018-12-03,iran,2147.0,527.0,307.0,25.9,7.0,6.0,159.0,423.0,177.0,-205.7,41.0
2018-12-03,israel,4529.0,671.0,725.0,1104.5,24.0,17.0,347.0,796.0,338.0,-830.9,80.0
2018-12-03,korea,1656.0,122.0,105.0,3046.0,1.0,7.0,53.0,391.0,41.0,938.0,4.0
2018-12-03,libya,226.0,21.0,39.0,188.3,1.0,0.0,15.0,3.0,1.0,5.0,0.0
2018-12-03,scs,2554.0,356.0,345.0,1898.0,10.0,7.0,160.0,59.0,19.0,81.8,7.0
2018-12-03,southasia,10256.0,1546.0,1402.0,4049.8,18.0,33.0,631.0,62.0,19.0,44.9,9.0
2018-12-03,sudan,590.0,82.0,77.0,222.7,2.0,1.0,31.0,1.0,0.0,7.0,0.0
2018-12-03,taiwan,323.0,46.0,24.0,528.0,0.0,1.0,15.0,71.0,24.0,72.6,2.0
2018-12-03,ukraine,1575.0,294.0,303.0,-434.6,4.0,15.0,133.0,1001.0,559.0,-1752.1,112.0
2018-12-03,venezuela,217.0,36.0,12.0,347.1,2.0,0.0,11.0,26.0,13.0,-14.9,13.0
2018-12-03,yemen,794.0,95.0,111.0,585.6,5.0,2.0,50.0,243.0,93.0,-112.4,1.0
2018-12-04,drc,93.0,13.0,25.0,-116.4,0.0,3.0,10.0,6.0,0.0,6.0,0.0
2018-12-04,europe_east,1890.0,220.0,114.0,3118.0,10.0,3.0,60.0,46.0,18.0,8.5,3.0
2018-12-04,iran,2658.0,542.0,332.0,1082.8,17.0,10.0,138.0,604.0,243.0,-212.4,48.0
2018-12-04,israel,5702.0,926.0,965.0,-1219.2,50.0,23.0,297.0,1367.0,674.0,-2962.8,98.0
2018-12-04,korea,1510.0,109.0,79.0,2964.6,0.0,4.0,41.0,229.0,32.0,455.5,2.0
2018-12-04,libya,166.0,14.0,25.0,26.6,1.0,0.0,7.0,0.0,0.0,0.0,0.0
2018-12-04,scs,2465.0,292.0,297.0,1884.8,5.0,7.0,130.0,103.0,17.0,138.7,3.0
2018-12-04,southasia,11570.0,1811.0,1586.0,4491.4,27.0,33.0,699.0,95.0,13.0,140.5,3.0
2018-12-04,sudan,547.0,58.0,95.0,177.2,0.0,2.0,24.0,3.0,2.0,-3.0,2.0
2018-12-04,taiwan,406.0,48.0,11.0,793.2,0.0,0.0,8.0,34.0,6.0,67.2,1.0
2018-12-04,ukraine,2097.0,310.0,340.0,537.2,5.0,21.0,151.0,975.0,490.0,-1339.6,85.0
2018-12-04,venezuela,512.0,45.0,45.0,681.7,3.0,0.0,34.0,56.0,13.0,56.9,9.0
2018-12-04,yemen,1186.0,133.0,169.0,732.5,1.0,11.0,54.0,188.0,71.0,-184.1,4.0
2018-12-05,drc,41.0,6.0,4.0,18.0,0.0,0.0,1.0,4.0,0.0,4.0,0.0
2018-12-05,europe_east,1913.0,190.0,116.0,3487.0,1.0,0.0,72.0,31.0,6.0,57.2,0.0
2018-12-05,iran,2209.0,428.0,311.0,1085.2,6.0,5.0,157.0,344.0,158.0,-319.7,22.0
2018-12-05,israel,5071.0,948.0,809.0,-519.1,36.0,11.0,346.0,962.0,511.0,-1830.4,107.0
2018-12-05,korea,1565.0,159.0,101.0,2519.7,4.0,1.0,65.0,302.0,53.0,526.2,2.0
2018-12-05,libya,318.0,51.0,36.0,116.2,0.0,0.0,8.0,0.0,0.0,0.0,0.0
2018-12-05,scs,2619.0,304.0,341.0,2434.6,8.0,5.0,171.0,67.0,15.0,82.4,11.0
2018-12-05,southasia,10746.0,1565.0,1429.0,4819.6,17.0,17.0,647.0,81.0,18.0,46.1,3.0
2018-12-05,sudan,531.0,69.0,93.0,201.7,0.0,1.0,28.0,2.0,0.0,2.0,0.0
2018-12-05,taiwan,418.0,49.0,44.0,411.4,5.0,0.0,22.0,65.0,11.0,105.1,1.0
2018-12-05,ukraine,1688.0,252.0,273.0,265.5,8.0,14.0,125.0,727.0,400.0,-1548.7,50.0
2018-12-05,venezuela,468.0,32.0,59.0,522.1,0.0,0.0,18.0,28.0,11.0,-8.4,2.0
2018-12-05,yemen,1019.0,101.0,146.0,749.2,2.0,1.0,46.0,194.0,57.0,96.9,6.0
2018-12-06,drc,26.0,0.0,0.0,61.1,0.0,0.0,0.0,13.0,1.0,26.0,0.0
2018-12-06,europe_east,1767.0,216.0,140.0,2244.0,9.0,8.0,52.0,105.0,33.0,56.0,5.0
2018-12-06,iran,2820.0,523.0,699.0,-2694.1,11.0,4.0,283.0,500.0,226.0,-311.0,50.0
2018-12-06,israel,4531.0,836.0,737.0,-226.9,16.0,14.0,328.0,904.0,444.0,-1518.7,96.0
2018-12-06,korea,1509.0,107.0,144.0,2656.1,8.0,6.0,87.0,322.0,68.0,574.8,16.0
2018-12-06,libya,270.0,31.0,44.0,107.2,0.0,0.0,21.0,1.0,1.0,-9.0,0.0
2018-12-06,scs,2970.0,499.0,398.0,1063.6,20.0,10.0,182.0,51.0,25.0,2.5,6.0
2018-12-06,southasia,11091.0,1686.0,1538.0,3856.6,23.0,57.0,626.0,60.0,21.0,-69.6,3.0
2018-12-06,sudan,462.0,43.0,42.0,599.6,0.0,1.0,10.0,2.0,0.0,2.0,0.0
2018-12-06,taiwan,365.0,74.0,34.0,220.8,0.0,0.0,21.0,85.0,27.0,65.5,4.0
2018-12-06,ukraine,1783.0,248.0,299.0,1014.5,9.0,16.0,166.0,830.0,463.0,-1615.0,99.0
2018-12-06,venezuela,334.0,35.0,39.0,439.6,0.0,0.0,26.0,38.0,7.0,38.8,1.0
2018-12-06,yemen,1434.0,144.0,188.0,1626.4,3.0,2.0,61.0,265.0,115.0,-207.3,13.0
2018-12-07,drc,79.0,9.0,14.0,38.2,0.0,0.0,5.0,11.0,0.0,28.0,0.0
2018-12-07,europe_east,1625.0,217.0,111.0,2463.4,1.0,7.0,57.0,116.0,21.0,210.5,0.0
2018-12-07,iran,2237.0,390.0,439.0,-253.5,12.0,2.0,210.0,457.0,185.0,177.9,31.0
2018-12-07,israel,4053.0,872.0,630.0,-778.1,24.0,3.0,260.0,692.0,393.0,-1576.8,60.0
2018-12-07,korea,1601.0,155.0,192.0,1810.4,8.0,2.0,90.0,380.0,56.0,864.1,2.0
2018-12-07,libya,327.0,19.0,43.0,326.7,0.0,0.0,12.0,0.0,0.0,0.0,0.0
2018-12-07,scs,2882.0,428.0,459.0,1186.1,7.0,15.0,247.0,52.0,15.0,0.3,0.0
2018-12-07,southasia,9246.0,1588.0,1116.0,3913.9,37.0,34.0,472.0,46.0,24.0,-123.3,4.0
2018-12-07,sudan,522.0,75.0,62.0,588.6,1.0,1.0,16.0,9.0,6.0,-14.5,0.0
2018-12-07,taiwan,291.0,30.0,34.0,397.2,0.0,0.0,24.0,41.0,12.0,50.4,5.0
2018-12-07,ukraine,1677.0,238.0,258.0,795.5,9.0,24.0,113.0,752.0,441.0,-1639.6,87.0
2018-12-07,venezuela,261.0,24.0,32.0,368.1,0.0,2.0,20.0,27.0,7.0,24.4,5.0
2018-12-07,yemen,1057.0,119.0,153.0,929.1,0.0,5.0,28.0,198.0,61.0,-36.5,5.0
2018-12-08,drc,15.0,0.0,10.0,-84.0,0.0,0.0,0.0,0.0,0.0,0.0,0.0
2018-12-08,europe_east,1011.0,116.0,65.0,1545.8,2.0,4.0,29.0,36.0,10.0,19.6,0.0
2018-12-08,iran,1627.0,284.0,232.0,550.4,10.0,7.0,114.0,269.0,105.0,225.8,12.0
2018-12-08,israel,2567.0,462.0,485.0,-1111.7,20.0,4.0,173.0,448.0,255.0,-1220.5,27.0
2018-12-08,korea,788.0,73.0,71.0,1075.0,0.0,0.0,26.0,181.0,31.0,445.6,4.0
2018-12-08,libya,72.0,13.0,11.0,47.0,0.0,0.0,5.0,0.0,0.0,0.0,0.0
2018-12-08,scs,1760.0,244.0,244.0,1294.3,1.0,10.0,120.0,28.0,4.0,78.7,0.0
2018-12-08,southasia,6995.0,1077.0,1068.0,537.0,42.0,14.0,400.0,65.0,24.0,-82.3,7.0
2018-12-08,sudan,218.0,26.0,36.0,130.1,0.0,2.0,3.0,0.0,0.0,0.0,0.0
2018-12-08,taiwan,198.0,17.0,18.0,388.7,0.0,0.0,9.0,42.0,12.0,63.7,3.0
2018-12-08,ukraine,881.0,137.0,153.0,176.6,2.0,6.0,90.0,475.0,228.0,-606.5,59.0
2018-12-08,venezuela,213.0,19.0,41.0,122.5,1.0,2.0,21.0,19.0,7.0,19.8,5.0
2018-12-08,yemen,621.0,92.0,108.0,244.6,1.0,5.0,39.0,122.0,70.0,-259.8,6.0
2018-12-09,drc,51.0,10.0,14.0,-136.6,0.0,0.0,1.0,4.0,0.0,4.0,0.0
2018-12-09,europe_east,638.0,67.0,64.0,738.0,1.0,4.0,22.0,36.0,6.0,60.3,0.0
2018-12-09,iran,1714.0,303.0,291.0,375.7,12.0,9.0,144.0,271.0,123.0,-106.2,12.0
2018-12-09,israel,2932.0,508.0,575.0,-1874.8,27.0,21.0,156.0,700.0,367.0,-1668.1,44.0
2018-12-09,korea,576.0,58.0,39.0,1005.8,2.0,0.0,20.0,131.0,22.0,284.1,4.0
2018-12-09,libya,164.0,23.0,19.0,165.3,0.0,0.0,13.0,0.0,0.0,0.0,0.0
2018-12-09,scs,1322.0,169.0,186.0,951.2,1.0,2.0,100.0,58.0,6.0,161.3,2.0
2018-12-09,southasia,6641.0,1031.0,995.0,529.9,18.0,15.0,375.0,15.0,8.0,-55.5,2.0
2018-12-09,sudan,422.0,48.0,54.0,513.4,0.0,3.0,10.0,0.0,0.0,0.0,0.0
2018-12-09,taiwan,127.0,12.0,16.0,141.2,0.0,0.0,8.0,34.0,4.0,44.1,1.0
2018-12-09,ukraine,573.0,90.0,117.0,-153.3,3.0,8.0,50.0,281.0,154.0,-574.5,47.0
2018-12-09,venezuela,109.0,18.0,15.0,27.2,0.0,0.0,12.0,6.0,0.0,24.2,0.0
2018-12-09,yemen,589.0,96.0,74.0,543.1,3.0,0.0,19.0,181.0,69.0,-35.7,7.0
2018-12-10,drc,69.0,14.0,18.0,-76.7,0.0,0.0,10.0,7.0,0.0,13.0,0.0
2018-12-10,europe_east,1350.0,178.0,102.0,3203.0,3.0,2.0,58.0,63.0,24.0,62.7,12.0
2018-12-10,iran,1765.0,337.0,326.0,-366.0,7.0,15.0,170.0,273.0,143.0,-207.1,16.0
2018-12-10,israel,4386.0,748.0,970.0,-3390.8,19.0,7.0,298.0,862.0,506.0,-2700.8,67.0
2018-12-10,korea,1228.0,132.0,152.0,1583.9,1.0,0.0,87.0,282.0,71.0,413.2,13.0
2018-12-10,libya,305.0,30.0,39.0,454.9,1.0,1.0,25.0,1.0,0.0,-0.4,0.0
2018-12-10,scs,2466.0,306.0,299.0,2396.7,7.0,11.0,138.0,77.0,12.0,262.7,2.0
2018-12-10,southasia,9335.0,1444.0,1248.0,4573.7,17.0,37.0,526.0,41.0,11.0,9.2,0.0
2018-12-10,sudan,606.0,61.0,67.0,691.2,1.0,1.0,9.0,2.0,0.0,16.0,0.0
2018-12-10,taiwan,417.0,35.0,62.0,404.5,0.0,0.0,40.0,92.0,19.0,115.5,0.0
2018-12-10,ukraine,1222.0,157.0,228.0,590.1,5.0,15.0,128.0,487.0,256.0,-928.6,79.0
2018-12-10,venezuela,354.0,55.0,54.0,226.5,2.0,4.0,27.0,45.0,23.0,-14.2,1.0
2018-12-10,yemen,864.0,137.0,124.0,303.8,3.0,2.0,27.0,235.0,81.0,-37.0,11.0
2018-12-11,drc,75.0,11.0,12.0,42.8,0.0,0.0,5.0,0.0,0.0,0.0,0.0
2018-12-11,europe_east,1298.0,146.0,109.0,2253.8,4.0,2.0,51.0,70.0,20.0,60.3,4.0
2018-12-11,iran,1992.0,297.0,389.0,279.0,6.0,0.0,215.0,323.0,145.0,-138.2,19.0
2018-12-11,israel,4475.0,707.0,899.0,-2419.7,33.0,10.0,262.0,915.0,536.0,-2901.5,81.0
2018-12-11,korea,1000.0,125.0,171.0,594.2,5.0,0.0,104.0,209.0,79.0,21.5,7.0
2018-12-11,libya,264.0,34.0,41.0,47.2,0.0,0.0,18.0,2.0,2.0,-19.0,0.0
2018-12-11,scs,2690.0,299.0,402.0,1995.7,7.0,4.0,169.0,48.0,10.0,109.7,0.0
2018-12-11,southasia,9171.0,1366.0,1152.0,4951.3,20.0,9.0,435.0,25.0,9.0,-35.3,5.0
2018-12-11,sudan,421.0,51.0,80.0,276.1,0.0,1.0,28.0,2.0,0.0,16.0,0.0
2018-12-11,taiwan,354.0,44.0,37.0,605.9,1.0,0.0,24.0,81.0,54.0,-151.1,35.0
2018-12-11,ukraine,1172.0,174.0,194.0,287.8,1.0,8.0,72.0,471.0,223.0,-474.3,47.0
2018-12-11,venezuela,605.0,81.0,79.0,817.5,0.0,10.0,30.0,62.0,20.0,42.7,1.0
2018-12-11,yemen,838.0,88.0,116.0,748.2,3.0,0.0,30.0,137.0,54.0,-172.6,8.0
2018-12-12,drc,115.0,22.0,30.0,-77.2,0.0,0.0,9.0,4.0,0.0,18.7,0.0
2018-12-12,europe_east,1259.0,115.0,123.0,1670.8,1.0,1.0,68.0,62.0,0.0,138.0,0.0
2018-12-12,iran,3082.0,463.0,449.0,2636.9,11.0,2.0,247.0,433.0,168.0,246.8,27.0
2018-12-12,israel,4280.0,690.0,866.0,-2496.1,9.0,6.0,289.0,802.0,472.0,-2683.3,55.0
2018-12-12,korea,1010.0,95.0,124.0,1249.0,5.0,0.0,86.0,191.0,31.0,342.1,2.0
2018-12-12,libya,200.0,25.0,26.0,149.3,1.0,0.0,8.0,2.0,0.0,4.7,0.0
2018-12-12,scs,3070.0,375.0,433.0,2042.5,12.0,0.0,186.0,67.0,10.0,127.1,2.0
2018-12-12,southasia,9211.0,1261.0,975.0,8823.2,22.0,19.0,469.0,30.0,7.0,4.9,4.0
2018-12-12,sudan,450.0,59.0,41.0,469.5,0.0,1.0,12.0,1.0,1.0,-2.0,0.0
2018-12-12,taiwan,334.0,32.0,37.0,365.6,1.0,0.0,21.0,63.0,42.0,-160.1,21.0
2018-12-12,ukraine,1211.0,186.0,157.0,1041.7,0.0,0.0,115.0,355.0,160.0,-297.4,41.0
2018-12-12,venezuela,562.0,84.0,57.0,799.4,1.0,5.0,21.0,114.0,57.0,-229.4,19.0
2018-12-12,yemen,1168.0,142.0,124.0,917.8,5.0,0.0,19.0,259.0,71.0,-15.4,6.0
2018-12-13,drc,218.0,35.0,55.0,-230.0,0.0,0.0,9.0,8.0,3.0,3.8,3.0
2018-12-13,europe_east,1309.0,126.0,129.0,1601.5,2.0,3.0,73.0,49.0,11.0,-1.6,3.0
2018-12-13,iran,2107.0,369.0,249.0,1704.1,8.0,3.0,164.0,328.0,143.0,-59.3,14.0
2018-12-13,israel,4384.0,827.0,1130.0,-6067.3,39.0,17.0,244.0,1240.0,785.0,-4351.2,97.0
2018-12-13,korea,1053.0,96.0,113.0,1367.2,0.0,0.0,36.0,188.0,23.0,412.2,1.0
2018-12-13,libya,131.0,6.0,14.0,193.6,1.0,0.0,7.0,0.0,0.0,0.0,0.0
2018-12-13,scs,2235.0,301.0,340.0,1175.7,8.0,6.0,158.0,60.0,14.0,141.7,3.0
2018-12-13,southasia,8945.0,1259.0,989.0,7161.8,16.0,5.0,439.0,26.0,10.0,-41.0,3.0
2018-12-13,sudan,455.0,48.0,32.0,949.4,3.0,2.0,13.0,4.0,0.0,10.0,0.0
2018-12-13,taiwan,295.0,42.0,40.0,183.7,1.0,1.0,26.0,36.0,16.0,12.4,2.0
2018-12-13,ukraine,1134.0,165.0,143.0,981.6,1.0,6.0,84.0,320.0,169.0,-613.0,21.0
2018-12-13,venezuela,767.0,123.0,93.0,1053.0,3.0,3.0,47.0,106.0,40.0,-30.4,8.0
2018-12-13,yemen,1704.0,231.0,168.0,1889.2,4.0,2.0,54.0,450.0,98.0,474.7,3.0
2018-12-14,drc,191.0,12.0,49.0,-129.9,0.0,0.0,6.0,8.0,6.0,-40.0,4.0
2018-12-14,europe_east,1252.0,118.0,135.0,1873.8,2.0,4.0,91.0,66.0,7.0,71.8,4.0
2018-12-14,iran,1567.0,281.0,249.0,550.4,8.0,6.0,142.0,270.0,103.0,40.2,16.0
2018-12-14,israel,3925.0,713.0,1159.0,-7039.2,42.0,9.0,325.0,1068.0,684.0,-4274.5,135.0
2018-12-14,korea,1128.0,133.0,94.0,1532.9,2.0,0.0,42.0,191.0,46.0,231.2,2.0
2018-12-14,libya,260.0,17.0,24.0,1011.7,0.0,2.0,15.0,0.0,0.0,0.0,0.0
2018-12-14,scs,2648.0,299.0,374.0,2002.1,9.0,7.0,195.0,122.0,26.0,173.7,17.0
2018-12-14,southasia,9053.0,1381.0,1047.0,6847.5,7.0,20.0,522.0,37.0,14.0,-8.6,3.0
2018-12-14,sudan,507.0,58.0,75.0,423.6,1.0,11.0,28.0,7.0,2.0,6.4,1.0
2018-12-14,taiwan,384.0,69.0,37.0,389.6,0.0,0.0,26.0,64.0,24.0,46.7,7.0
2018-12-14,ukraine,1287.0,188.0,167.0,873.1,3.0,4.0,76.0,332.0,162.0,-517.4,40.0
2018-12-14,venezuela,446.0,73.0,67.0,170.0,0.0,6.0,37.0,54.0,39.0,-177.3,4.0
2018-12-14,yemen,1430.0,270.0,191.0,731.7,10.0,1.0,42.0,420.0,153.0,-51.6,14.0
2018-12-15,drc,122.0,12.0,28.0,-199.9,0.0,0.0,5.0,2.0,2.0,-20.0,0.0
2018-12-15,europe_east,800.0,46.0,79.0,1487.6,0.0,2.0,39.0,37.0,3.0,59.7,0.0
2018-12-15,iran,1127.0,189.0,173.0,664.2,3.0,2.0,93.0,157.0,78.0,-87.0,3.0
2018-12-15,israel,2922.0,600.0,701.0,-3769.3,21.0,3.0,230.0,800.0,500.0,-2607.8,108.0
2018-12-15,korea,461.0,55.0,31.0,919.7,0.0,1.0,16.0,62.0,23.0,55.8,0.0
2018-12-15,libya,72.0,6.0,16.0,-21.4,0.0,0.0,7.0,0.0,0.0,0.0,0.0
2018-12-15,scs,1801.0,185.0,274.0,1290.3,4.0,10.0,120.0,38.0,8.0,48.2,3.0
2018-12-15,southasia,7699.0,1291.0,1204.0,585.9,30.0,11.0,476.0,29.0,11.0,-33.0,2.0
2018-12-15,sudan,234.0,23.0,21.0,346.0,0.0,0.0,9.0,0.0,0.0,0.0,0.0
2018-12-15,taiwan,199.0,16.0,9.0,544.3,0.0,0.0,4.0,58.0,16.0,66.7,2.0
2018-12-15,ukraine,670.0,87.0,137.0,67.3,4.0,2.0,69.0,286.0,158.0,-552.0,33.0
2018-12-15,venezuela,235.0,31.0,43.0,117.1,0.0,5.0,20.0,11.0,5.0,10.8,2.0
2018-12-15,yemen,795.0,101.0,83.0,912.3,3.0,6.0,15.0,165.0,78.0,-196.4,12.0
2018-12-16,drc,36.0,9.0,8.0,-47.6,0.0,0.0,2.0,3.0,3.0,-29.5,0.0
2018-12-16,europe_east,688.0,83.0,54.0,1187.4,5.0,6.0,27.0,24.0,5.0,34.6,1.0
2018-12-16,iran,1274.0,201.0,232.0,256.2,4.0,0.0,92.0,152.0,93.0,-241.6,15.0
2018-12-16,israel,3264.0,581.0,760.0,-3276.1,21.0,6.0,236.0,763.0,395.0,-1953.0,52.0
2018-12-16,korea,509.0,68.0,45.0,565.6,0.0,0.0,25.0,97.0,32.0,34.4,5.0
2018-12-16,libya,117.0,20.0,25.0,-93.5,0.0,4.0,4.0,1.0,0.0,-0.4,0.0
2018-12-16,scs,1419.0,153.0,195.0,1102.8,7.0,7.0,67.0,36.0,2.0,100.2,2.0
2018-12-16,southasia,7362.0,1195.0,1059.0,1582.7,19.0,9.0,363.0,44.0,13.0,6.4,2.0
2018-12-16,sudan,315.0,53.0,51.0,-1.0,5.0,2.0,23.0,6.0,0.0,16.0,0.0
2018-12-16,taiwan,102.0,13.0,4.0,175.8,0.0,0.0,1.0,27.0,1.0,100.0,0.0
2018-12-16,ukraine,800.0,115.0,116.0,515.6,6.0,5.0,55.0,338.0,129.0,-198.4,30.0
2018-12-16,venezuela,229.0,29.0,29.0,332.4,0.0,1.0,17.0,33.0,8.0,51.3,0.0
2018-12-16,yemen,619.0,61.0,129.0,101.1,2.0,7.0,27.0,108.0,46.0,-110.3,5.0
2018-12-17,drc,234.0,27.0,67.0,-477.7,0.0,0.0,31.0,2.0,0.0,14.0,0.0
2018-12-17,europe_east,1200.0,141.0,121.0,1649.8,2.0,6.0,56.0,40.0,14.0,59.2,4.0
2018-12-17,iran,1444.0,232.0,221.0,970.9,2.0,3.0,119.0,227.0,89.0,30.8,23.0
2018-12-17,israel,4419.0,772.0,961.0,-3093.4,21.0,23.0,365.0,956.0,522.0,-2442.2,111.0
2018-12-17,korea,990.0,131.0,106.0,978.7,3.0,1.0,60.0,156.0,56.0,40.6,0.0
2018-12-17,libya,180.0,15.0,31.0,172.9,0.0,0.0,17.0,0.0,0.0,0.0,0.0
2018-12-17,scs,2162.0,240.0,303.0,1909.1,12.0,6.0,142.0,115.0,14.0,316.0,5.0
2018-12-17,southasia,10065.0,1569.0,1654.0,1840.6,16.0,25.0,767.0,94.0,34.0,107.9,21.0
2018-12-17,sudan,535.0,33.0,68.0,685.6,1.0,1.0,34.0,4.0,4.0,-40.0,0.0
2018-12-17,taiwan,309.0,32.0,20.0,539.8,0.0,0.0,14.0,51.0,10.0,45.4,7.0
2018-12-17,ukraine,1129.0,165.0,193.0,161.0,6.0,9.0,93.0,509.0,274.0,-938.3,66.0
2018-12-17,venezuela,239.0,34.0,32.0,176.5,0.0,0.0,21.0,51.0,15.0,-4.5,3.0
2018-12-17,yemen,1026.0,176.0,200.0,-288.2,9.0,2.0,50.0,294.0,121.0,-226.4,21.0
2018-12-18,drc,226.0,10.0,39.0,-204.9,1.0,0.0,6.0,3.0,0.0,22.2,0.0
2018-12-18,europe_east,1227.0,182.0,113.0,1640.0,4.0,5.0,55.0,54.0,24.0,9.3,11.0
2018-12-18,iran,1672.0,258.0,233.0,1228.5,12.0,0.0,98.0,206.0,99.0,-199.4,21.0
2018-12-18,israel,4356.0,758.0,881.0,-2252.1,22.0,14.0,356.0,879.0,482.0,-2236.0,104.0
2018-12-18,korea,1039.0,155.0,92.0,1159.5,1.0,1.0,47.0,157.0,40.0,257.2,9.0
2018-12-18,libya,242.0,30.0,28.0,117.7,0.0,0.0,11.0,0.0,0.0,0.0,0.0
2018-12-18,scs,2215.0,225.0,306.0,2705.9,8.0,6.0,129.0,87.0,20.0,77.0,3.0
2018-12-18,southasia,11429.0,1780.0,1734.0,4511.6,15.0,20.0,877.0,236.0,78.0,261.4,42.0
2018-12-18,sudan,572.0,56.0,61.0,700.1,3.0,0.0,28.0,4.0,0.0,4.7,0.0
2018-12-18,taiwan,380.0,30.0,35.0,727.1,0.0,2.0,19.0,61.0,10.0,137.7,2.0
2018-12-18,ukraine,1504.0,254.0,181.0,1058.9,2.0,6.0,99.0,544.0,314.0,-851.2,51.0
2018-12-18,venezuela,346.0,66.0,51.0,88.5,0.0,0.0,29.0,53.0,23.0,7.9,0.0
2018-12-18,yemen,1058.0,133.0,194.0,106.4,6.0,0.0,78.0,308.0,91.0,-53.8,11.0
2018-12-19,drc,309.0,32.0,73.0,-202.4,0.0,0.0,38.0,10.0,0.0,72.3,0.0
2018-12-19,europe_east,1404.0,162.0,180.0,1453.3,0.0,2.0,92.0,116.0,57.0,-214.0,19.0
2018-12-19,iran,2005.0,334.0,341.0,797.1,9.0,2.0,180.0,273.0,134.0,-184.3,10.0
2018-12-19,israel,4956.0,877.0,859.0,-1143.3,36.0,15.0,368.0,1037.0,549.0,-1695.9,88.0
2018-12-19,korea,1206.0,129.0,113.0,1832.4,4.0,0.0,80.0,285.0,57.0,460.9,19.0
2018-12-19,libya,246.0,17.0,60.0,45.8,1.0,0.0,23.0,0.0,0.0,0.0,0.0
2018-12-19,scs,2742.0,298.0,452.0,1905.0,1.0,17.0,126.0,76.0,6.0,247.1,1.0
2018-12-19,southasia,9536.0,1554.0,1302.0,4691.1,22.0,16.0,710.0,54.0,21.0,5.3,15.0
2018-12-19,sudan,675.0,63.0,114.0,424.5,3.0,0.0,38.0,1.0,0.0,0.0,0.0
2018-12-19,taiwan,377.0,38.0,41.0,490.5,0.0,0.0,17.0,86.0,16.0,128.2,2.0
2018-12-19,ukraine,972.0,158.0,138.0,465.5,11.0,4.0,51.0,306.0,161.0,-516.6,30.0
2018-12-19,venezuela,348.0,50.0,80.0,-106.8,0.0,0.0,37.0,60.0,25.0,-61.9,9.0
2018-12-19,yemen,944.0,123.0,210.0,-282.9,4.0,4.0,63.0,307.0,134.0,-639.5,21.0
2018-12-20,drc,321.0,54.0,58.0,-220.9,0.0,0.0,26.0,17.0,2.0,23.9,0.0
2018-12-20,europe_east,1243.0,136.0,148.0,1465.6,0.0,0.0,93.0,115.0,44.0,-63.2,13.0
2018-12-20,iran,2505.0,439.0,385.0,1485.6,23.0,12.0,187.0,541.0,274.0,-672.8,23.0
2018-12-20,israel,4169.0,725.0,787.0,-1170.8,26.0,11.0,324.0,1036.0,565.0,-2122.9,91.0
2018-12-20,korea,1703.0,236.0,143.0,1847.1,6.0,5.0,69.0,590.0,132.0,683.2,21.0
2018-12-20,libya,307.0,48.0,62.0,-28.8,0.0,0.0,22.0,0.0,0.0,0.0,0.0
2018-12-20,scs,2581.0,294.0,349.0,1940.5,11.0,2.0,167.0,164.0,26.0,345.9,20.0
2018-12-20,southasia,9393.0,1527.0,1183.0,4966.2,11.0,16.0,624.0,91.0,17.0,125.3,3.0
2018-12-20,sudan,667.0,78.0,152.0,-87.8,0.0,4.0,61.0,5.0,4.0,-40.0,0.0
2018-12-20,taiwan,264.0,33.0,24.0,338.0,1.0,0.0,22.0,47.0,14.0,9.0,9.0
2018-12-20,ukraine,928.0,148.0,130.0,451.9,2.0,4.0,59.0,302.0,142.0,-348.5,18.0
2018-12-20,venezuela,308.0,35.0,51.0,310.7,1.0,0.0,29.0,27.0,6.0,45.3,2.0
2018-12-20,yemen,990.0,88.0,245.0,-62.6,2.0,0.0,94.0,355.0,142.0,-476.1,42.0
2018-12-21,drc,239.0,60.0,36.0,-154.6,0.0,0.0,17.0,6.0,2.0,-10.4,0.0
2018-12-21,europe_east,1442.0,135.0,155.0,2075.3,2.0,3.0,94.0,112.0,41.0,40.7,13.0
2018-12-21,iran,1987.0,325.0,303.0,1331.0,19.0,2.0,153.0,390.0,205.0,-686.1,25.0
2018-12-21,israel,3495.0,589.0,782.0,-2755.1,26.0,8.0,246.0,852.0,471.0,-2198.1,60.0
2018-12-21,korea,1749.0,212.0,139.0,2644.1,10.0,14.0,58.0,465.0,80.0,980.1,5.0
2018-12-21,libya,444.0,55.0,118.0,-220.1,2.0,0.0,60.0,0.0,0.0,0.0,0.0
2018-12-21,scs,2132.0,259.0,278.0,1635.3,8.0,4.0,149.0,101.0,23.0,167.0,13.0
2018-12-21,southasia,9957.0,1672.0,1375.0,3921.4,22.0,10.0,590.0,51.0,18.0,-16.3,3.0
2018-12-21,sudan,613.0,95.0,135.0,-612.5,1.0,0.0,47.0,3.0,0.0,3.4,0.0
2018-12-21,taiwan,317.0,61.0,25.0,193.7,3.0,0.0,20.0,49.0,21.0,-15.1,3.0
2018-12-21,ukraine,1220.0,168.0,184.0,793.9,2.0,6.0,91.0,380.0,165.0,-298.6,36.0
2018-12-21,venezuela,282.0,32.0,51.0,262.8,0.0,0.0,31.0,37.0,15.0,7.5,3.0
2018-12-21,yemen,704.0,72.0,110.0,583.5,1.0,1.0,20.0,178.0,71.0,-122.1,11.0
2018-12-22,drc,84.0,11.0,16.0,-23.9,0.0,0.0,6.0,6.0,0.0,14.1,0.0
2018-12-22,europe_east,646.0,57.0,69.0,1022.8,1.0,1.0,27.0,28.0,10.0,78.2,0.0
2018-12-22,iran,1037.0,176.0,163.0,467.7,4.0,4.0,87.0,201.0,68.0,39.6,11.0
2018-12-22,israel,2225.0,342.0,442.0,-727.8,8.0,7.0,123.0,607.0,299.0,-1039.3,38.0
2018-12-22,korea,724.0,70.0,89.0,733.7,0.0,6.0,41.0,201.0,40.0,304.0,2.0
2018-12-22,libya,254.0,32.0,43.0,197.9,0.0,0.0,23.0,0.0,0.0,0.0,0.0
2018-12-22,scs,1879.0,191.0,455.0,-507.5,9.0,11.0,143.0,64.0,9.0,176.7,5.0
2018-12-22,southasia,7825.0,1245.0,1068.0,3103.5,6.0,8.0,463.0,61.0,22.0,33.1,16.0
2018-12-22,sudan,376.0,72.0,95.0,-526.5,0.0,0.0,44.0,0.0,0.0,0.0,0.0
2018-12-22,taiwan,118.0,28.0,21.0,-89.8,2.0,0.0,11.0,16.0,5.0,-14.5,1.0
2018-12-22,ukraine,641.0,76.0,77.0,578.9,1.0,4.0,33.0,275.0,122.0,-270.1,32.0
2018-12-22,venezuela,151.0,19.0,47.0,-163.2,0.0,1.0,33.0,20.0,0.0,20.2,0.0
2018-12-22,yemen,591.0,41.0,52.0,1088.2,0.0,2.0,14.0,83.0,14.0,185.7,0.0
2018-12-23,drc,83.0,15.0,14.0,-37.8,2.0,0.0,7.0,6.0,1.0,2.8,0.0
2018-12-23,europe_east,516.0,57.0,70.0,459.3,1.0,2.0,15.0,20.0,12.0,-57.8,0.0
2018-12-23,iran,1102.0,173.0,151.0,903.5,7.0,4.0,67.0,255.0,113.0,-69.0,17.0
2018-12-23,israel,2776.0,566.0,494.0,-1125.8,10.0,6.0,178.0,700.0,316.0,-743.5,48.0
2018-12-23,korea,496.0,87.0,46.0,491.8,2.0,1.0,29.0,145.0,33.0,230.6,0.0
2018-12-23,libya,242.0,32.0,20.0,292.1,2.0,0.0,10.0,0.0,0.0,0.0,0.0
2018-12-23,scs,1732.0,215.0,374.0,-437.5,1.0,2.0,77.0,32.0,2.0,151.1,0.0
2018-12-23,southasia,6322.0,963.0,815.0,3339.9,19.0,11.0,363.0,75.0,33.0,-66.3,13.0
2018-12-23,sudan,455.0,71.0,100.0,-201.4,3.0,0.0,50.0,2.0,1.0,1.4,0.0
2018-12-23,taiwan,142.0,13.0,13.0,182.0,0.0,0.0,8.0,31.0,9.0,-15.8,1.0
2018-12-23,ukraine,628.0,95.0,87.0,537.5,3.0,3.0,48.0,240.0,103.0,-194.9,25.0
2018-12-23,venezuela,140.0,26.0,16.0,66.3,0.0,0.0,11.0,67.0,30.0,26.3,0.0
2018-12-23,yemen,609.0,45.0,95.0,426.4,2.0,7.0,22.0,99.0,64.0,-401.3,5.0
2018-12-24,drc,99.0,20.0,13.0,-16.4,1.0,0.0,4.0,6.0,0.0,24.2,0.0
2018-12-24,europe_east,552.0,54.0,74.0,695.4,1.0,7.0,26.0,68.0,27.0,-12.1,13.0
2018-12-24,iran,1658.0,201.0,201.0,2782.4,10.0,2.0,115.0,282.0,87.0,172.7,11.0
2018-12-24,israel,3566.0,572.0,627.0,-120.4,20.0,27.0,222.0,771.0,372.0,-1265.7,63.0
2018-12-24,korea,1218.0,211.0,141.0,864.9,5.0,4.0,66.0,332.0,88.0,195.1,15.0
2018-12-24,libya,221.0,25.0,32.0,129.2,1.0,0.0,12.0,0.0,0.0,0.0,0.0
2018-12-24,scs,1789.0,202.0,310.0,75.8,18.0,2.0,85.0,62.0,14.0,87.5,3.0
2018-12-24,southasia,8422.0,1290.0,1186.0,3615.9,11.0,17.0,628.0,40.0,19.0,-32.9,7.0
2018-12-24,sudan,482.0,95.0,87.0,-144.6,0.0,0.0,50.0,3.0,0.0,3.4,0.0
2018-12-24,taiwan,252.0,68.0,18.0,208.0,0.0,0.0,14.0,15.0,3.0,18.5,3.0
2018-12-24,ukraine,743.0,112.0,122.0,336.5,6.0,6.0,48.0,273.0,129.0,-507.4,28.0
2018-12-24,venezuela,224.0,53.0,26.0,1.1,0.0,0.0,12.0,97.0,46.0,11.5,5.0
2018-12-24,yemen,560.0,41.0,83.0,446.4,0.0,4.0,8.0,124.0,64.0,-384.8,9.0
2018-12-25,drc,84.0,17.0,22.0,-104.6,1.0,0.0,9.0,0.0,0.0,0.0,0.0
2018-12-25,europe_east,406.0,48.0,33.0,550.8,0.0,0.0,17.0,47.0,13.0,67.8,2.0
2018-12-25,iran,1534.0,139.0,210.0,1952.8,11.0,2.0,129.0,179.0,72.0,-121.3,9.0
2018-12-25,israel,2728.0,412.0,465.0,174.5,23.0,9.0,197.0,633.0,271.0,-825.9,39.0
2018-12-25,korea,1105.0,163.0,159.0,471.3,1.0,3.0,94.0,339.0,112.0,71.0,38.0
2018-12-25,libya,367.0,71.0,124.0,-967.1,4.0,0.0,15.0,0.0,0.0,0.0,0.0
2018-12-25,scs,1306.0,168.0,175.0,741.7,12.0,2.0,51.0,24.0,2.0,75.0,0.0
2018-12-25,southasia,6871.0,951.0,1027.0,2441.8,15.0,12.0,484.0,15.0,5.0,-6.5,4.0
2018-12-25,sudan,535.0,104.0,109.0,-260.5,1.0,10.0,56.0,2.0,2.0,-14.4,2.0
2018-12-25,taiwan,238.0,56.0,18.0,253.8,0.0,2.0,10.0,31.0,8.0,22.4,2.0
2018-12-25,ukraine,560.0,93.0,92.0,133.7,4.0,0.0,49.0,232.0,140.0,-467.6,17.0
2018-12-25,venezuela,116.0,17.0,14.0,73.7,0.0,0.0,7.0,51.0,23.0,-45.2,9.0
2018-12-25,yemen,479.0,37.0,77.0,301.2,2.0,6.0,10.0,65.0,22.0,-14.5,0.0
2018-12-26,drc,106.0,12.0,23.0,-83.0,0.0,0.0,7.0,0.0,0.0,0.0,0.0
2018-12-26,europe_east,378.0,40.0,57.0,301.5,0.0,0.0,25.0,33.0,9.0,-8.4,4.0
2018-12-26,iran,1482.0,208.0,181.0,1506.6,22.0,5.0,78.0,334.0,161.0,-483.9,29.0
2018-12-26,israel,3516.0,616.0,781.0,-2675.5,33.0,9.0,241.0,1146.0,629.0,-3232.6,74.0
2018-12-26,korea,1207.0,132.0,115.0,1404.0,0.0,2.0,56.0,307.0,55.0,291.4,13.0
2018-12-26,libya,488.0,88.0,154.0,-904.0,6.0,1.0,21.0,4.0,3.0,-13.0,1.0
2018-12-26,scs,1967.0,241.0,335.0,517.9,7.0,19.0,104.0,44.0,8.0,116.9,5.0
2018-12-26,southasia,8674.0,1155.0,1353.0,3023.0,50.0,18.0,586.0,70.0,19.0,28.9,7.0
2018-12-26,sudan,387.0,103.0,49.0,-190.6,0.0,1.0,18.0,1.0,1.0,-5.0,1.0
2018-12-26,taiwan,283.0,42.0,34.0,233.6,0.0,0.0,26.0,55.0,15.0,82.9,3.0
2018-12-26,ukraine,911.0,147.0,159.0,124.6,9.0,1.0,94.0,436.0,274.0,-1026.7,83.0
2018-12-26,venezuela,218.0,31.0,36.0,68.2,0.0,0.0,12.0,50.0,9.0,87.1,1.0
2018-12-26,yemen,532.0,53.0,78.0,326.7,2.0,0.0,6.0,90.0,21.0,24.4,0.0
2018-12-27,drc,298.0,60.0,84.0,-578.8,7.0,0.0,33.0,3.0,0.0,7.7,0.0
2018-12-27,europe_east,779.0,173.0,60.0,714.8,2.0,1.0,30.0,63.0,3.0,177.9,1.0
2018-12-27,iran,1738.0,246.0,219.0,1708.9,9.0,2.0,110.0,341.0,169.0,-376.0,39.0
2018-12-27,israel,4153.0,779.0,725.0,-948.8,37.0,1.0,264.0,941.0,511.0,-2174.0,61.0
2018-12-27,korea,1192.0,109.0,116.0,1668.0,7.0,2.0,66.0,246.0,56.0,280.6,19.0
2018-12-27,libya,400.0,63.0,108.0,-513.6,0.0,1.0,38.0,9.0,5.0,-25.6,0.0
2018-12-27,scs,2218.0,269.0,417.0,22.1,3.0,3.0,195.0,114.0,12.0,267.8,3.0
2018-12-27,southasia,8180.0,1351.0,1258.0,1603.6,34.0,19.0,555.0,59.0,17.0,-4.2,3.0
2018-12-27,sudan,678.0,134.0,96.0,-97.2,1.0,1.0,52.0,0.0,0.0,0.0,0.0
2018-12-27,taiwan,311.0,43.0,29.0,364.1,0.0,0.0,24.0,37.0,13.0,-16.1,1.0
2018-12-27,ukraine,711.0,96.0,145.0,4.3,4.0,5.0,68.0,291.0,143.0,-507.9,38.0
2018-12-27,venezuela,264.0,42.0,58.0,-44.3,0.0,3.0,24.0,55.0,28.0,-78.0,6.0
2018-12-27,yemen,434.0,46.0,93.0,-52.2,1.0,2.0,13.0,78.0,34.0,-117.0,3.0
2018-12-28,drc,340.0,83.0,57.0,-430.8,1.0,0.0,24.0,4.0,2.0,-4.0,0.0
2018-12-28,europe_east,817.0,202.0,111.0,53.4,2.0,1.0,56.0,42.0,10.0,2.3,3.0
2018-12-28,iran,1195.0,202.0,179.0,852.3,1.0,3.0,104.0,205.0,96.0,-140.2,32.0
2018-12-28,israel,3357.0,588.0,674.0,-1632.7,15.0,14.0,193.0,696.0,393.0,-1729.7,51.0
2018-12-28,korea,1146.0,190.0,127.0,1109.8,5.0,1.0,58.0,269.0,86.0,302.5,16.0
2018-12-28,libya,235.0,21.0,57.0,-50.7,1.0,0.0,18.0,3.0,2.0,-16.6,0.0
2018-12-28,scs,2134.0,274.0,424.0,637.1,2.0,11.0,136.0,45.0,9.0,112.1,6.0
2018-12-28,southasia,8737.0,1341.0,1285.0,3175.9,21.0,17.0,553.0,60.0,10.0,54.0,4.0
2018-12-28,sudan,516.0,123.0,93.0,-434.2,3.0,2.0,45.0,0.0,0.0,0.0,0.0
2018-12-28,taiwan,264.0,31.0,18.0,437.3,0.0,0.0,14.0,25.0,3.0,55.9,2.0
2018-12-28,ukraine,751.0,98.0,149.0,290.4,7.0,6.0,86.0,290.0,161.0,-418.1,41.0
2018-12-28,venezuela,195.0,24.0,27.0,76.0,0.0,0.0,14.0,41.0,17.0,-42.9,2.0
2018-12-28,yemen,239.0,26.0,39.0,5.1,0.0,0.0,6.0,40.0,12.0,-60.0,0.0
2018-12-29,drc,322.0,55.0,68.0,-359.1,0.0,0.0,29.0,9.0,3.0,-8.9,1.0
2018-12-29,europe_east,445.0,49.0,39.0,511.5,1.0,0.0,22.0,15.0,6.0,19.8,0.0
2018-12-29,iran,1056.0,146.0,150.0,877.0,2.0,3.0,100.0,159.0,48.0,4.1,4.0
2018-12-29,israel,2058.0,334.0,441.0,-1356.0,3.0,5.0,109.0,535.0,296.0,-1424.9,35.0
2018-12-29,korea,473.0,89.0,58.0,340.5,0.0,5.0,21.0,85.0,30.0,17.1,0.0
2018-12-29,libya,172.0,29.0,49.0,-267.9,0.0,0.0,8.0,1.0,1.0,-10.0,0.0
2018-12-29,scs,1630.0,175.0,348.0,27.4,4.0,5.0,115.0,18.0,0.0,92.8,0.0
2018-12-29,southasia,7158.0,1020.0,1105.0,2209.4,9.0,19.0,482.0,35.0,6.0,13.9,3.0
2018-12-29,sudan,637.0,129.0,171.0,-1101.9,1.0,0.0,65.0,6.0,6.0,-44.0,0.0
2018-12-29,taiwan,159.0,22.0,37.0,-91.7,0.0,4.0,15.0,21.0,14.0,-93.8,5.0
2018-12-29,ukraine,619.0,109.0,115.0,49.2,2.0,4.0,63.0,356.0,186.0,-387.4,40.0
2018-12-29,venezuela,146.0,21.0,31.0,-39.9,0.0,0.0,19.0,7.0,5.0,-16.2,0.0
2018-12-29,yemen,574.0,33.0,154.0,13.7,1.0,5.0,73.0,202.0,95.0,-220.1,57.0
2018-12-30,drc,413.0,86.0,72.0,-454.1,0.0,0.0,30.0,5.0,1.0,0.4,0.0
2018-12-30,europe_east,380.0,42.0,37.0,414.4,1.0,0.0,22.0,33.0,3.0,73.1,0.0
2018-12-30,iran,1106.0,174.0,153.0,655.0,9.0,1.0,96.0,165.0,70.0,-156.0,6.0
2018-12-30,israel,2932.0,459.0,506.0,-242.9,9.0,4.0,160.0,491.0,247.0,-1146.9,33.0
2018-12-30,korea,650.0,91.0,58.0,647.8,1.0,0.0,22.0,168.0,25.0,290.1,0.0
2018-12-30,libya,123.0,9.0,38.0,-94.5,1.0,0.0,13.0,0.0,0.0,0.0,0.0
2018-12-30,scs,1579.0,185.0,267.0,1382.0,13.0,8.0,71.0,27.0,6.0,79.5,5.0
2018-12-30,southasia,6394.0,927.0,987.0,1868.8,4.0,26.0,440.0,28.0,9.0,37.5,0.0
2018-12-30,sudan,561.0,114.0,120.0,-645.1,6.0,3.0,56.0,3.0,3.0,-13.6,0.0
2018-12-30,taiwan,158.0,18.0,12.0,190.1,0.0,2.0,3.0,16.0,0.0,81.6,0.0
2018-12-30,ukraine,393.0,75.0,78.0,-131.0,2.0,0.0,40.0,201.0,125.0,-542.8,19.0
2018-12-30,venezuela,234.0,78.0,70.0,-555.8,6.0,2.0,24.0,36.0,22.0,-11.2,1.0
2018-12-30,yemen,469.0,58.0,128.0,-441.8,3.0,2.0,39.0,142.0,62.0,-210.5,20.0
2018-12-31,drc,331.0,69.0,68.0,-530.7,3.0,1.0,12.0,5.0,1.0,4.4,0.0
2018-12-31,europe_east,510.0,81.0,50.0,392.0,7.0,1.0,19.0,34.0,18.0,-72.9,13.0
2018-12-31,iran,1546.0,259.0,201.0,845.2,16.0,10.0,112.0,172.0,66.0,56.1,5.0
2018-12-31,israel,3150.0,497.0,695.0,-1643.0,9.0,5.0,273.0,663.0,351.0,-1605.9,53.0
2018-12-31,korea,1144.0,134.0,76.0,1702.8,5.0,1.0,30.0,246.0,34.0,611.0,4.0
2018-12-31,libya,149.0,7.0,38.0,-43.3,0.0,0.0,10.0,0.0,0.0,0.0,0.0
2018-12-31,scs,1695.0,258.0,314.0,-377.2,6.0,3.0,87.0,23.0,10.0,20.3,4.0
2018-12-31,southasia,7913.0,1277.0,1234.0,1116.3,21.0,26.0,520.0,27.0,7.0,13.6,0.0
2018-12-31,sudan,630.0,129.0,174.0,-1273.7,3.0,3.0,74.0,6.0,4.0,-28.0,0.0
2018-12-31,taiwan,210.0,24.0,16.0,266.5,0.0,0.0,11.0,64.0,7.0,141.3,0.0
2018-12-31,ukraine,552.0,76.0,130.0,-358.3,4.0,3.0,57.0,208.0,117.0,-463.1,31.0
2018-12-31,venezuela,162.0,32.0,33.0,-121.4,3.0,0.0,15.0,18.0,4.0,23.5,0.0
2018-12-31,yemen,469.0,96.0,79.0,-161.4,3.0,5.0,25.0,51.0,11.0,29.3,2.0
