day,theatre,loc_all,loc_q3,loc_q4,loc_gold,loc_mil138,loc_mob,loc_coerce,dy_all,dy_q34,dy_gold,dy_force
2019-01-01,drc,94.0,18.0,21.0,-119.2,0.0,0.0,8.0,3.0,0.0,11.8,0.0
2019-01-01,europe_east,323.0,33.0,48.0,179.7,0.0,0.0,21.0,6.0,2.0,9.7,0.0
2019-01-01,iran,1255.0,230.0,133.0,832.7,3.0,7.0,55.0,250.0,84.0,-91.2,6.0
2019-01-01,israel,2543.0,376.0,426.0,747.6,15.0,4.0,188.0,565.0,214.0,-227.2,31.0
2019-01-01,korea,1276.0,145.0,124.0,1624.5,5.0,0.0,57.0,408.0,88.0,625.2,14.0
2019-01-01,libya,136.0,14.0,31.0,79.1,0.0,0.0,6.0,1.0,0.0,7.0,0.0
2019-01-01,scs,1549.0,212.0,256.0,96.7,2.0,4.0,69.0,44.0,7.0,81.4,5.0
2019-01-01,southasia,7156.0,1118.0,1284.0,-633.0,11.0,43.0,499.0,46.0,15.0,-0.1,3.0
2019-01-01,sudan,389.0,83.0,70.0,-189.0,2.0,4.0,35.0,0.0,0.0,0.0,0.0
2019-01-01,taiwan,348.0,58.0,27.0,377.8,0.0,2.0,18.0,131.0,37.0,135.6,0.0
2019-01-01,ukraine,296.0,46.0,70.0,-303.4,0.0,7.0,22.0,112.0,71.0,-336.9,17.0
2019-01-01,venezuela,121.0,21.0,30.0,-110.9,0.0,0.0,13.0,7.0,0.0,13.7,0.0
2019-01-01,yemen,369.0,70.0,67.0,-137.1,3.0,0.0,25.0,89.0,43.0,-150.4,10.0
2019-01-02,drc,130.0,28.0,17.0,-56.5,0.0,0.0,9.0,6.0,3.0,-0.3,0.0
2019-01-02,europe_east,606.0,72.0,89.0,302.2,4.0,2.0,34.0,24.0,4.0,54.8,1.0
2019-01-02,iran,1375.0,180.0,167.0,1404.1,2.0,1.0,81.0,298.0,127.0,-61.8,10.0
2019-01-02,israel,4018.0,625.0,674.0,1009.2,8.0,5.0,294.0,796.0,355.0,-811.0,43.0
2019-01-02,korea,1566.0,173.0,93.0,2690.1,5.0,0.0,37.0,404.0,58.0,791.4,5.0
2019-01-02,libya,185.0,21.0,46.0,-48.8,0.0,0.0,6.0,4.0,1.0,9.3,0.0
2019-01-02,scs,1927.0,234.0,242.0,2154.4,2.0,7.0,97.0,29.0,0.0,100.1,0.0
2019-01-02,southasia,8861.0,1416.0,1388.0,379.5,36.0,27.0,531.0,48.0,20.0,-131.9,2.0
2019-01-02,sudan,558.0,82.0,81.0,333.9,0.0,4.0,44.0,0.0,0.0,0.0,0.0
2019-01-02,taiwan,955.0,166.0,46.0,1328.3,3.0,1.0,22.0,635.0,166.0,637.1,12.0
2019-01-02,ukraine,579.0,79.0,145.0,-605.4,0.0,1.0,60.0,124.0,54.0,-232.7,18.0
2019-01-02,venezuela,239.0,30.0,28.0,350.8,1.0,0.0,17.0,17.0,11.0,-55.4,1.0
2019-01-02,yemen,497.0,92.0,84.0,85.7,2.0,0.0,24.0,118.0,54.0,-120.7,0.0
2019-01-03,drc,163.0,35.0,34.0,-144.5,0.0,0.0,16.0,8.0,2.0,24.8,2.0
2019-01-03,europe_east,870.0,86.0,133.0,545.5,0.0,16.0,39.0,50.0,15.0,10.2,6.0
2019-01-03,iran,1941.0,348.0,257.0,1982.5,9.0,3.0,153.0,374.0,168.0,-169.8,25.0
2019-01-03,israel,4001.0,590.0,773.0,-372.2,21.0,3.0,294.0,799.0,385.0,-1404.3,56.0
2019-01-03,korea,1852.0,305.0,153.0,1710.1,4.0,0.0,73.0,456.0,115.0,415.4,13.0
2019-01-03,libya,196.0,9.0,45.0,126.8,1.0,0.0,16.0,0.0,0.0,0.0,0.0
2019-01-03,scs,2256.0,286.0,355.0,848.2,13.0,0.0,124.0,67.0,18.0,27.5,3.0
2019-01-03,southasia,9338.0,1599.0,1521.0,100.2,25.0,33.0,573.0,31.0,14.0,-48.3,3.0
2019-01-03,sudan,553.0,102.0,84.0,62.7,0.0,6.0,42.0,1.0,0.0,3.4,0.0
2019-01-03,taiwan,747.0,122.0,55.0,734.9,4.0,5.0,31.0,371.0,91.0,286.7,4.0
2019-01-03,ukraine,616.0,74.0,123.0,155.3,3.0,5.0,58.0,165.0,81.0,-278.4,17.0
2019-01-03,venezuela,362.0,79.0,51.0,12.6,10.0,0.0,24.0,39.0,13.0,7.0,3.0
2019-01-03,yemen,374.0,67.0,85.0,-81.6,1.0,6.0,35.0,83.0,42.0,-161.0,16.0
2019-01-04,drc,187.0,55.0,28.0,-169.4,0.0,0.0,11.0,1.0,0.0,5.0,0.0
2019-01-04,europe_east,1019.0,124.0,122.0,997.9,0.0,4.0,60.0,34.0,8.0,-1.1,3.0
2019-01-04,iran,1780.0,321.0,239.0,1505.2,13.0,16.0,111.0,398.0,164.0,-136.2,29.0
2019-01-04,israel,3722.0,582.0,647.0,-262.5,32.0,7.0,208.0,743.0,323.0,-872.5,44.0
2019-01-04,korea,1298.0,242.0,115.0,958.4,5.0,0.0,62.0,391.0,105.0,326.3,13.0
2019-01-04,libya,141.0,8.0,26.0,137.8,1.0,0.0,11.0,2.0,0.0,10.0,0.0
2019-01-04,scs,2302.0,250.0,525.0,-870.2,30.0,14.0,164.0,56.0,13.0,64.8,3.0
2019-01-04,southasia,9061.0,1433.0,1166.0,4702.8,16.0,29.0,526.0,27.0,17.0,-63.5,5.0
2019-01-04,sudan,598.0,134.0,126.0,-687.6,2.0,2.0,70.0,0.0,0.0,0.0,0.0
2019-01-04,taiwan,507.0,102.0,61.0,186.3,2.0,2.0,40.0,197.0,41.0,241.0,4.0
2019-01-04,ukraine,708.0,65.0,111.0,524.9,1.0,3.0,57.0,169.0,62.0,-141.0,13.0
2019-01-04,venezuela,331.0,65.0,34.0,-19.5,1.0,0.0,17.0,65.0,31.0,-67.3,8.0
2019-01-04,yemen,566.0,75.0,193.0,-1122.0,6.0,4.0,50.0,237.0,87.0,-87.9,13.0
2019-01-05,drc,171.0,41.0,32.0,-154.5,0.0,6.0,9.0,0.0,0.0,0.0,0.0
2019-01-05,europe_east,496.0,76.0,83.0,61.4,0.0,0.0,43.0,23.0,13.0,-61.2,5.0
2019-01-05,iran,1211.0,152.0,143.0,1259.8,5.0,8.0,79.0,172.0,43.0,239.9,4.0
2019-01-05,israel,2222.0,347.0,444.0,-724.8,11.0,4.0,191.0,446.0,228.0,-845.4,47.0
2019-01-05,korea,662.0,131.0,44.0,478.1,5.0,0.0,17.0,112.0,47.0,18.1,2.0
2019-01-05,libya,131.0,16.0,23.0,93.3,0.0,0.0,5.0,0.0,0.0,0.0,0.0
2019-01-05,scs,1389.0,179.0,220.0,712.8,8.0,17.0,99.0,12.0,4.0,-1.0,0.0
2019-01-05,southasia,6900.0,1076.0,986.0,2158.9,18.0,25.0,446.0,18.0,10.0,-51.6,2.0
2019-01-05,sudan,241.0,90.0,46.0,-402.6,2.0,2.0,25.0,0.0,0.0,0.0,0.0
2019-01-05,taiwan,346.0,72.0,23.0,350.1,0.0,4.0,8.0,172.0,43.0,178.6,0.0
2019-01-05,ukraine,416.0,51.0,98.0,-79.0,2.0,4.0,43.0,137.0,73.0,-190.1,20.0
2019-01-05,venezuela,309.0,63.0,36.0,-27.4,0.0,0.0,13.0,31.0,12.0,-6.3,2.0
2019-01-05,yemen,549.0,63.0,148.0,-535.2,1.0,3.0,18.0,174.0,66.0,-119.8,1.0
2019-01-06,drc,154.0,32.0,27.0,-100.3,0.0,1.0,6.0,0.0,0.0,0.0,0.0
2019-01-06,europe_east,451.0,55.0,55.0,766.1,1.0,1.0,27.0,7.0,0.0,18.3,0.0
2019-01-06,iran,1235.0,157.0,159.0,1214.8,3.0,5.0,65.0,311.0,95.0,-39.4,9.0
2019-01-06,israel,3240.0,474.0,584.0,160.3,9.0,9.0,204.0,711.0,322.0,-974.0,40.0
2019-01-06,korea,518.0,67.0,41.0,772.2,2.0,0.0,15.0,146.0,19.0,343.0,3.0
2019-01-06,libya,164.0,17.0,25.0,226.5,0.0,0.0,11.0,1.0,0.0,0.0,0.0
2019-01-06,scs,1238.0,137.0,191.0,488.2,5.0,6.0,71.0,5.0,0.0,22.7,0.0
2019-01-06,southasia,6459.0,1061.0,752.0,3369.2,6.0,8.0,361.0,10.0,3.0,12.2,0.0
2019-01-06,sudan,435.0,118.0,88.0,-459.1,3.0,1.0,45.0,0.0,0.0,0.0,0.0
2019-01-06,taiwan,262.0,42.0,20.0,358.6,2.0,6.0,11.0,154.0,39.0,161.3,4.0
2019-01-06,ukraine,327.0,50.0,30.0,405.8,0.0,0.0,18.0,93.0,46.0,-50.8,11.0
2019-01-06,venezuela,380.0,90.0,41.0,174.6,3.0,0.0,19.0,69.0,32.0,-37.1,0.0
2019-01-06,yemen,672.0,91.0,218.0,-1184.8,0.0,0.0,41.0,170.0,91.0,-330.3,9.0
2019-01-07,drc,178.0,32.0,49.0,-290.0,0.0,7.0,17.0,0.0,0.0,0.0,0.0
2019-01-07,europe_east,941.0,110.0,82.0,1132.8,2.0,1.0,48.0,36.0,12.0,-23.9,3.0
2019-01-07,iran,1629.0,214.0,220.0,1737.9,2.0,5.0,114.0,251.0,100.0,-148.5,8.0
2019-01-07,israel,4139.0,558.0,767.0,298.1,12.0,20.0,288.0,824.0,338.0,-728.2,42.0
2019-01-07,korea,1075.0,108.0,90.0,1777.6,2.0,3.0,53.0,223.0,38.0,428.0,4.0
2019-01-07,libya,120.0,22.0,34.0,-168.1,1.0,2.0,8.0,1.0,1.0,-9.0,0.0
2019-01-07,scs,2121.0,269.0,289.0,1035.0,5.0,16.0,104.0,56.0,16.0,12.2,3.0
2019-01-07,southasia,8761.0,1672.0,904.0,4319.9,38.0,15.0,440.0,28.0,9.0,-7.7,2.0
2019-01-07,sudan,539.0,129.0,95.0,-320.0,3.0,9.0,57.0,1.0,0.0,8.3,0.0
2019-01-07,taiwan,436.0,66.0,53.0,428.1,0.0,4.0,31.0,138.0,40.0,73.3,12.0
2019-01-07,ukraine,547.0,72.0,101.0,77.5,0.0,1.0,47.0,144.0,62.0,6.4,7.0
2019-01-07,venezuela,364.0,87.0,35.0,175.6,0.0,0.0,21.0,97.0,45.0,-18.3,2.0
2019-01-07,yemen,683.0,84.0,241.0,-1378.6,5.0,0.0,60.0,164.0,87.0,-446.9,12.0
2019-01-08,drc,222.0,32.0,38.0,2.2,0.0,3.0,8.0,11.0,0.0,34.4,0.0
2019-01-08,europe_east,1028.0,105.0,111.0,1125.7,3.0,7.0,52.0,60.0,16.0,8.1,1.0
2019-01-08,iran,2591.0,316.0,420.0,1850.5,7.0,5.0,245.0,409.0,172.0,-122.9,74.0
2019-01-08,israel,4194.0,687.0,807.0,-1256.2,10.0,7.0,319.0,730.0,337.0,-1177.5,53.0
2019-01-08,korea,2053.0,162.0,107.0,4248.9,3.0,4.0,46.0,429.0,48.0,1257.5,3.0
2019-01-08,libya,158.0,26.0,16.0,112.9,0.0,0.0,6.0,0.0,0.0,0.0,0.0
2019-01-08,scs,2257.0,298.0,296.0,1428.1,1.0,9.0,115.0,57.0,7.0,95.4,2.0
2019-01-08,southasia,9787.0,1732.0,1262.0,2480.6,32.0,19.0,547.0,62.0,26.0,-76.6,0.0
2019-01-08,sudan,508.0,96.0,140.0,-770.5,1.0,2.0,94.0,0.0,0.0,0.0,0.0
2019-01-08,taiwan,459.0,69.0,50.0,626.9,0.0,2.0,33.0,128.0,45.0,31.4,15.0
2019-01-08,ukraine,752.0,101.0,128.0,325.6,0.0,2.0,43.0,198.0,71.0,28.5,11.0
2019-01-08,venezuela,478.0,103.0,75.0,269.9,5.0,0.0,48.0,84.0,39.0,-48.2,9.0
2019-01-08,yemen,514.0,66.0,115.0,-180.4,1.0,0.0,28.0,90.0,37.0,-53.1,0.0
2019-01-09,drc,228.0,61.0,37.0,-192.5,0.0,6.0,11.0,6.0,0.0,14.0,0.0
2019-01-09,europe_east,1196.0,121.0,111.0,1631.0,1.0,6.0,49.0,80.0,15.0,101.0,2.0
2019-01-09,iran,3025.0,381.0,580.0,1142.8,9.0,3.0,411.0,1003.0,366.0,-220.3,182.0
2019-01-09,israel,4006.0,649.0,769.0,-772.3,18.0,1.0,397.0,831.0,362.0,-1223.2,97.0
2019-01-09,korea,1396.0,135.0,108.0,2416.8,3.0,3.0,56.0,171.0,36.0,260.8,0.0
2019-01-09,libya,198.0,16.0,25.0,243.4,0.0,0.0,6.0,0.0,0.0,0.0,0.0
2019-01-09,scs,2107.0,306.0,245.0,1646.6,1.0,12.0,104.0,69.0,31.0,-83.3,8.0
2019-01-09,southasia,9199.0,1455.0,1132.0,5493.8,13.0,25.0,509.0,73.0,27.0,-101.2,15.0
2019-01-09,sudan,658.0,139.0,121.0,-407.8,4.0,2.0,70.0,1.0,0.0,3.4,0.0
2019-01-09,taiwan,384.0,53.0,27.0,655.0,1.0,1.0,14.0,167.0,36.0,298.1,7.0
2019-01-09,ukraine,795.0,92.0,111.0,749.2,0.0,2.0,53.0,240.0,63.0,245.0,13.0
2019-01-09,venezuela,403.0,91.0,66.0,-91.8,1.0,1.0,28.0,84.0,39.0,-8.9,5.0
2019-01-09,yemen,488.0,48.0,58.0,521.5,1.0,0.0,20.0,83.0,19.0,81.2,0.0
2019-01-10,drc,692.0,176.0,103.0,-427.9,0.0,7.0,29.0,1.0,0.0,0.0,0.0
2019-01-10,europe_east,1398.0,208.0,144.0,1247.9,4.0,2.0,47.0,83.0,27.0,82.8,3.0
2019-01-10,iran,2577.0,402.0,507.0,574.2,9.0,7.0,344.0,727.0,271.0,-54.2,124.0
2019-01-10,israel,3740.0,547.0,827.0,-1569.2,22.0,12.0,409.0,660.0,333.0,-1421.7,91.0
2019-01-10,korea,1604.0,137.0,107.0,3142.5,0.0,0.0,56.0,410.0,71.0,897.3,0.0
2019-01-10,libya,194.0,24.0,23.0,183.4,0.0,0.0,8.0,4.0,4.0,-16.0,0.0
2019-01-10,scs,2331.0,283.0,322.0,2053.9,6.0,14.0,152.0,87.0,13.0,194.9,10.0
2019-01-10,southasia,9480.0,1565.0,1007.0,7759.7,16.0,13.0,488.0,35.0,19.0,-38.5,4.0
2019-01-10,sudan,484.0,105.0,100.0,-482.2,0.0,0.0,33.0,1.0,0.0,7.0,0.0
2019-01-10,taiwan,443.0,88.0,26.0,469.6,0.0,0.0,15.0,83.0,15.0,141.0,3.0
2019-01-10,ukraine,980.0,132.0,129.0,768.4,2.0,0.0,64.0,302.0,124.0,-190.5,48.0
2019-01-10,venezuela,557.0,144.0,76.0,124.0,3.0,0.0,59.0,83.0,36.0,29.2,5.0
2019-01-10,yemen,584.0,61.0,143.0,-446.7,1.0,17.0,10.0,103.0,61.0,-410.1,0.0
2019-01-11,drc,494.0,102.0,83.0,-345.7,0.0,5.0,17.0,5.0,3.0,-22.0,0.0
2019-01-11,europe_east,1786.0,190.0,212.0,1347.9,2.0,2.0,137.0,57.0,19.0,16.6,9.0
2019-01-11,iran,2265.0,339.0,421.0,602.2,9.0,5.0,244.0,519.0,160.0,109.7,33.0
2019-01-11,israel,3513.0,487.0,795.0,-2173.2,28.0,11.0,261.0,643.0,345.0,-1720.5,60.0
2019-01-11,korea,1390.0,155.0,83.0,2375.2,0.0,0.0,45.0,335.0,71.0,607.9,2.0
2019-01-11,libya,357.0,34.0,54.0,303.1,0.0,1.0,22.0,0.0,0.0,0.0,0.0
2019-01-11,scs,2081.0,282.0,259.0,1802.3,12.0,7.0,137.0,67.0,25.0,6.9,6.0
2019-01-11,southasia,9388.0,1528.0,1147.0,5490.3,21.0,10.0,558.0,62.0,41.0,-94.7,3.0
2019-01-11,sudan,488.0,130.0,130.0,-1090.0,0.0,0.0,56.0,0.0,0.0,0.0,0.0
2019-01-11,taiwan,369.0,48.0,36.0,455.0,2.0,2.0,18.0,82.0,22.0,92.0,7.0
2019-01-11,ukraine,1131.0,146.0,169.0,573.9,5.0,0.0,89.0,293.0,97.0,81.5,44.0
2019-01-11,venezuela,615.0,163.0,86.0,31.4,1.0,0.0,67.0,99.0,52.0,-60.1,0.0
2019-01-11,yemen,453.0,84.0,86.0,-364.2,1.0,7.0,13.0,79.0,48.0,-297.0,2.0
2019-01-12,drc,277.0,84.0,40.0,-292.1,0.0,1.0,18.0,0.0,0.0,0.0,0.0
2019-01-12,europe_east,1088.0,95.0,163.0,321.3,3.0,4.0,112.0,78.0,12.0,117.0,0.0
2019-01-12,iran,1434.0,191.0,239.0,574.1,6.0,10.0,116.0,335.0,139.0,-129.8,43.0
2019-01-12,israel,2162.0,368.0,585.0,-3075.4,21.0,7.0,146.0,565.0,355.0,-2257.7,41.0
2019-01-12,korea,579.0,72.0,33.0,973.5,1.0,6.0,20.0,157.0,40.0,235.7,0.0
2019-01-12,libya,187.0,31.0,44.0,-141.7,0.0,0.0,9.0,1.0,0.0,7.0,0.0
2019-01-12,scs,1277.0,147.0,171.0,892.9,5.0,6.0,41.0,29.0,4.0,102.3,0.0
2019-01-12,southasia,8183.0,1375.0,931.0,4963.4,27.0,10.0,456.0,68.0,42.0,-184.7,12.0
2019-01-12,sudan,414.0,103.0,88.0,-292.6,1.0,3.0,38.0,1.0,0.0,7.0,0.0
2019-01-12,taiwan,212.0,23.0,25.0,276.3,0.0,0.0,12.0,46.0,22.0,-54.3,3.0
2019-01-12,ukraine,527.0,65.0,88.0,88.4,0.0,0.0,48.0,162.0,82.0,-228.0,17.0
2019-01-12,venezuela,482.0,98.0,37.0,444.3,3.0,0.0,26.0,106.0,42.0,9.8,2.0
2019-01-12,yemen,331.0,47.0,95.0,-495.0,0.0,7.0,6.0,56.0,33.0,-165.4,1.0
2019-01-13,drc,229.0,48.0,41.0,-201.5,0.0,1.0,17.0,9.0,5.0,-15.5,0.0
2019-01-13,europe_east,1124.0,153.0,153.0,234.1,5.0,0.0,94.0,78.0,6.0,64.6,0.0
2019-01-13,iran,1720.0,318.0,251.0,266.9,37.0,6.0,92.0,473.0,253.0,-872.8,54.0
2019-01-13,israel,3131.0,510.0,817.0,-4103.4,32.0,5.0,206.0,985.0,597.0,-3664.2,63.0
2019-01-13,korea,581.0,58.0,26.0,1236.9,1.0,1.0,10.0,125.0,17.0,344.2,0.0
2019-01-13,libya,145.0,8.0,16.0,210.6,0.0,0.0,6.0,4.0,0.0,11.7,0.0
2019-01-13,scs,1275.0,146.0,148.0,1047.3,7.0,2.0,44.0,26.0,6.0,41.8,0.0
2019-01-13,southasia,7010.0,1154.0,912.0,2884.3,48.0,26.0,446.0,56.0,34.0,-118.2,15.0
2019-01-13,sudan,650.0,152.0,184.0,-1340.3,1.0,0.0,98.0,0.0,0.0,0.0,0.0
2019-01-13,taiwan,208.0,30.0,21.0,222.2,0.0,3.0,12.0,66.0,19.0,76.9,2.0
2019-01-13,ukraine,360.0,32.0,46.0,333.2,1.0,3.0,21.0,122.0,41.0,-51.1,23.0
2019-01-13,venezuela,590.0,111.0,76.0,68.6,2.0,0.0,58.0,91.0,33.0,21.8,4.0
2019-01-13,yemen,397.0,59.0,88.0,-381.7,4.0,1.0,10.0,75.0,34.0,-80.0,4.0
2019-01-14,drc,199.0,41.0,28.0,-74.9,0.0,0.0,9.0,1.0,0.0,-0.4,0.0
2019-01-14,europe_east,2429.0,308.0,404.0,233.5,10.0,0.0,213.0,105.0,17.0,77.0,3.0
2019-01-14,iran,2755.0,468.0,424.0,-364.3,47.0,0.0,173.0,583.0,232.0,-457.2,33.0
2019-01-14,israel,3990.0,575.0,772.0,-1258.7,14.0,7.0,190.0,795.0,447.0,-2555.7,37.0
2019-01-14,korea,1012.0,126.0,57.0,1951.8,6.0,3.0,22.0,130.0,22.0,227.2,8.0
2019-01-14,libya,307.0,51.0,41.0,119.1,0.0,2.0,23.0,0.0,0.0,0.0,0.0
2019-01-14,scs,2266.0,296.0,293.0,1802.6,5.0,7.0,102.0,76.0,24.0,95.4,2.0
2019-01-14,southasia,8863.0,1496.0,1109.0,4195.6,29.0,19.0,598.0,83.0,33.0,-61.4,16.0
2019-01-14,sudan,737.0,155.0,187.0,-1132.8,5.0,3.0,122.0,10.0,0.0,32.0,0.0
2019-01-14,taiwan,347.0,56.0,23.0,418.8,4.0,5.0,9.0,89.0,17.0,172.7,2.0
2019-01-14,ukraine,686.0,74.0,67.0,885.6,3.0,0.0,33.0,191.0,78.0,-132.8,14.0
2019-01-14,venezuela,394.0,66.0,71.0,-10.4,1.0,1.0,50.0,53.0,15.0,72.6,3.0
2019-01-14,yemen,542.0,104.0,104.0,-472.2,13.0,1.0,11.0,231.0,95.0,-222.5,7.0
2019-01-15,drc,239.0,50.0,33.0,-62.7,0.0,1.0,7.0,4.0,0.0,10.2,0.0
2019-01-15,europe_east,1969.0,231.0,248.0,1105.9,7.0,4.0,127.0,130.0,13.0,241.6,3.0
2019-01-15,iran,2485.0,436.0,358.0,61.4,28.0,4.0,188.0,603.0,255.0,-710.2,36.0
2019-01-15,israel,3804.0,520.0,619.0,425.2,16.0,9.0,215.0,705.0,315.0,-1253.0,40.0
2019-01-15,korea,1603.0,138.0,134.0,2837.8,3.0,1.0,56.0,449.0,66.0,1076.2,15.0
2019-01-15,libya,321.0,41.0,52.0,143.4,1.0,3.0,27.0,0.0,0.0,0.0,0.0
2019-01-15,scs,2735.0,348.0,253.0,3319.1,0.0,1.0,131.0,88.0,17.0,132.9,2.0
2019-01-15,southasia,8984.0,1504.0,1064.0,5004.1,33.0,18.0,511.0,44.0,25.0,-90.1,6.0
2019-01-15,sudan,772.0,185.0,160.0,-875.9,0.0,8.0,90.0,14.0,0.0,32.0,0.0
2019-01-15,taiwan,388.0,50.0,52.0,129.5,4.0,0.0,21.0,129.0,49.0,-48.7,4.0
2019-01-15,ukraine,927.0,121.0,141.0,346.8,9.0,1.0,81.0,300.0,155.0,-515.1,49.0
2019-01-15,venezuela,650.0,156.0,76.0,93.7,0.0,1.0,46.0,117.0,22.0,105.6,3.0
2019-01-15,yemen,447.0,63.0,91.0,-169.6,12.0,7.0,11.0,115.0,47.0,-125.1,6.0
2019-01-16,drc,103.0,11.0,8.0,181.2,0.0,0.0,3.0,6.0,1.0,0.5,0.0
2019-01-16,europe_east,1347.0,187.0,171.0,1005.3,5.0,4.0,113.0,78.0,12.0,164.5,0.0
2019-01-16,iran,2730.0,433.0,444.0,434.9,17.0,7.0,277.0,607.0,291.0,-584.7,95.0
2019-01-16,israel,3988.0,654.0,607.0,398.8,16.0,14.0,236.0,686.0,347.0,-1065.1,58.0
2019-01-16,korea,1369.0,134.0,136.0,1709.4,8.0,4.0,72.0,376.0,54.0,821.9,17.0
2019-01-16,libya,342.0,44.0,61.0,18.4,1.0,1.0,21.0,1.0,0.0,3.0,0.0
2019-01-16,scs,2369.0,278.0,224.0,3216.9,1.0,6.0,107.0,148.0,42.0,225.8,19.0
2019-01-16,southasia,9765.0,1585.0,1168.0,7133.6,17.0,14.0,581.0,48.0,17.0,-9.1,7.0
2019-01-16,sudan,515.0,116.0,88.0,-274.4,2.0,4.0,56.0,18.0,0.0,67.0,0.0
2019-01-16,taiwan,457.0,57.0,59.0,305.2,1.0,0.0,37.0,152.0,42.0,21.3,0.0
2019-01-16,ukraine,1079.0,124.0,144.0,888.1,8.0,2.0,75.0,293.0,165.0,-469.2,45.0
2019-01-16,venezuela,561.0,124.0,46.0,355.1,5.0,0.0,40.0,116.0,22.0,136.8,2.0
2019-01-16,yemen,580.0,74.0,71.0,594.0,7.0,1.0,26.0,71.0,30.0,-112.1,8.0
2019-01-17,drc,116.0,25.0,8.0,33.4,0.0,0.0,0.0,8.0,2.0,6.5,0.0
2019-01-17,europe_east,1418.0,112.0,180.0,1492.5,1.0,1.0,113.0,59.0,8.0,109.8,3.0
2019-01-17,iran,2281.0,373.0,369.0,483.1,14.0,0.0,225.0,562.0,234.0,-239.1,89.0
2019-01-17,israel,4309.0,556.0,779.0,-36.8,18.0,9.0,290.0,700.0,341.0,-1277.0,50.0
2019-01-17,korea,1769.0,142.0,142.0,2790.6,10.0,5.0,69.0,554.0,48.0,1175.8,13.0
2019-01-17,libya,206.0,35.0,48.0,-186.1,0.0,0.0,10.0,0.0,0.0,0.0,0.0
2019-01-17,scs,2951.0,311.0,371.0,3499.6,8.0,10.0,168.0,202.0,43.0,261.1,16.0
2019-01-17,southasia,9946.0,1421.0,1244.0,7109.0,12.0,19.0,609.0,51.0,15.0,6.9,1.0
2019-01-17,sudan,803.0,143.0,146.0,-357.0,0.0,1.0,77.0,11.0,8.0,-41.7,0.0
2019-01-17,taiwan,478.0,69.0,95.0,-121.9,3.0,4.0,24.0,217.0,87.0,-223.3,22.0
2019-01-17,ukraine,1026.0,115.0,144.0,884.6,1.0,25.0,61.0,268.0,139.0,-541.6,29.0
2019-01-17,venezuela,519.0,93.0,52.0,324.5,2.0,0.0,39.0,77.0,34.0,-57.8,0.0
2019-01-17,yemen,597.0,76.0,135.0,-286.4,1.0,4.0,25.0,69.0,41.0,-189.3,0.0
2019-01-18,drc,158.0,41.0,8.0,31.9,0.0,0.0,4.0,17.0,5.0,32.0,0.0
2019-01-18,europe_east,1332.0,154.0,161.0,989.9,0.0,1.0,80.0,53.0,13.0,16.6,4.0
2019-01-18,iran,1739.0,305.0,324.0,-465.6,14.0,5.0,168.0,404.0,169.0,-42.6,45.0
2019-01-18,israel,3763.0,519.0,764.0,-907.3,9.0,6.0,323.0,565.0,321.0,-1525.6,68.0
2019-01-18,korea,2761.0,186.0,115.0,5765.9,11.0,4.0,51.0,1134.0,101.0,2599.5,19.0
2019-01-18,libya,271.0,39.0,65.0,-338.2,0.0,1.0,4.0,0.0,0.0,0.0,0.0
2019-01-18,scs,2775.0,313.0,367.0,2495.1,7.0,26.0,141.0,120.0,16.0,199.1,2.0
2019-01-18,southasia,9367.0,1431.0,1071.0,6582.8,17.0,14.0,460.0,45.0,20.0,-34.3,1.0
2019-01-18,sudan,748.0,131.0,223.0,-1337.1,3.0,10.0,103.0,5.0,5.0,-23.5,0.0
2019-01-18,taiwan,411.0,65.0,38.0,394.2,2.0,4.0,13.0,125.0,34.0,10.5,5.0
2019-01-18,ukraine,1258.0,159.0,126.0,1649.6,7.0,0.0,87.0,372.0,138.0,-96.7,24.0
2019-01-18,venezuela,596.0,93.0,58.0,202.9,6.0,0.0,25.0,57.0,22.0,2.1,4.0
2019-01-18,yemen,343.0,50.0,75.0,-282.4,2.0,0.0,17.0,70.0,32.0,-133.1,9.0
2019-01-19,drc,96.0,15.0,7.0,146.6,0.0,0.0,2.0,20.0,6.0,39.2,0.0
2019-01-19,europe_east,966.0,106.0,135.0,466.7,1.0,0.0,53.0,58.0,16.0,15.8,8.0
2019-01-19,iran,1472.0,240.0,294.0,-259.8,6.0,0.0,168.0,368.0,143.0,156.9,60.0
2019-01-19,israel,2613.0,391.0,498.0,-550.4,8.0,7.0,210.0,340.0,205.0,-987.5,47.0
2019-01-19,korea,1826.0,125.0,56.0,3940.2,4.0,2.0,16.0,855.0,65.0,2200.1,3.0
2019-01-19,libya,349.0,39.0,79.0,-173.7,0.0,1.0,21.0,3.0,1.0,-4.0,0.0
2019-01-19,scs,2154.0,218.0,208.0,2995.3,3.0,4.0,92.0,56.0,2.0,178.5,0.0
2019-01-19,southasia,8117.0,1270.0,916.0,5132.6,14.0,5.0,416.0,31.0,16.0,-67.7,1.0
2019-01-19,sudan,301.0,67.0,74.0,-513.2,3.0,2.0,28.0,5.0,4.0,-40.0,0.0
2019-01-19,taiwan,278.0,43.0,50.0,-49.2,3.0,0.0,16.0,71.0,29.0,-67.8,3.0
2019-01-19,ukraine,505.0,55.0,81.0,461.5,1.0,0.0,38.0,199.0,56.0,275.5,24.0
2019-01-19,venezuela,289.0,53.0,28.0,183.2,1.0,0.0,14.0,25.0,11.0,-6.4,2.0
2019-01-19,yemen,306.0,31.0,82.0,-320.5,1.0,1.0,12.0,113.0,70.0,-492.3,6.0
2019-01-20,drc,155.0,43.0,15.0,-40.2,0.0,0.0,3.0,1.0,0.0,-0.4,0.0
2019-01-20,europe_east,565.0,64.0,81.0,174.5,1.0,0.0,22.0,12.0,6.0,-13.4,2.0
2019-01-20,iran,1403.0,220.0,259.0,-511.9,2.0,5.0,106.0,397.0,154.0,-117.1,39.0
2019-01-20,israel,3459.0,448.0,801.0,-1844.5,12.0,4.0,287.0,714.0,422.0,-2379.9,46.0
2019-01-20,korea,1137.0,99.0,56.0,2411.6,2.0,2.0,25.0,444.0,51.0,1115.2,5.0
2019-01-20,libya,353.0,46.0,88.0,-310.7,0.0,0.0,16.0,3.0,0.0,10.3,0.0
2019-01-20,scs,1774.0,220.0,152.0,2405.5,4.0,8.0,47.0,66.0,3.0,172.2,0.0
2019-01-20,southasia,6467.0,1051.0,889.0,1150.6,14.0,19.0,343.0,16.0,11.0,-80.0,2.0
2019-01-20,sudan,483.0,88.0,112.0,-495.5,0.0,6.0,38.0,0.0,0.0,0.0,0.0
2019-01-20,taiwan,206.0,28.0,20.0,259.2,0.0,1.0,10.0,52.0,18.0,9.3,5.0
2019-01-20,ukraine,269.0,12.0,33.0,481.1,0.0,2.0,11.0,52.0,36.0,-145.3,9.0
2019-01-20,venezuela,218.0,44.0,21.0,132.0,0.0,0.0,13.0,25.0,6.0,41.4,2.0
2019-01-20,yemen,239.0,35.0,71.0,-317.2,1.0,0.0,12.0,124.0,95.0,-603.8,4.0
2019-01-21,drc,238.0,38.0,23.0,194.1,0.0,0.0,12.0,11.0,5.0,-8.0,0.0
2019-01-21,europe_east,1442.0,160.0,111.0,2129.5,1.0,1.0,58.0,67.0,21.0,25.7,1.0
2019-01-21,iran,2311.0,343.0,657.0,-3162.8,15.0,14.0,226.0,852.0,451.0,-2288.3,40.0
2019-01-21,israel,4638.0,688.0,1094.0,-3843.2,24.0,10.0,273.0,1765.0,1172.0,-7405.5,69.0
2019-01-21,korea,1910.0,129.0,107.0,4646.7,2.0,1.0,47.0,661.0,73.0,1631.4,9.0
2019-01-21,libya,392.0,26.0,84.0,98.0,0.0,1.0,15.0,0.0,0.0,0.0,0.0
2019-01-21,scs,2885.0,335.0,279.0,3548.8,2.0,21.0,86.0,96.0,7.0,253.4,0.0
2019-01-21,southasia,9753.0,1629.0,1179.0,4903.2,30.0,15.0,486.0,27.0,12.0,-30.1,6.0
2019-01-21,sudan,671.0,167.0,175.0,-1352.2,2.0,10.0,57.0,8.0,7.0,-59.5,0.0
2019-01-21,taiwan,325.0,36.0,43.0,256.9,0.0,0.0,14.0,72.0,30.0,-44.9,2.0
2019-01-21,ukraine,903.0,115.0,107.0,1006.9,1.0,4.0,56.0,261.0,96.0,75.1,22.0
2019-01-21,venezuela,458.0,79.0,127.0,-560.0,0.0,4.0,64.0,25.0,9.0,4.9,0.0
2019-01-21,yemen,287.0,20.0,52.0,263.8,0.0,3.0,5.0,55.0,26.0,-133.3,0.0
2019-01-22,drc,158.0,19.0,20.0,104.6,0.0,1.0,9.0,6.0,0.0,6.0,0.0
2019-01-22,europe_east,1360.0,147.0,123.0,1544.8,5.0,2.0,54.0,79.0,19.0,68.2,7.0
2019-01-22,iran,2192.0,333.0,505.0,-1902.1,21.0,3.0,210.0,679.0,362.0,-1747.3,71.0
2019-01-22,israel,4521.0,694.0,1075.0,-4047.3,26.0,22.0,302.0,1328.0,831.0,-5030.6,99.0
2019-01-22,korea,1300.0,129.0,97.0,2214.9,4.0,7.0,26.0,307.0,24.0,909.9,1.0
2019-01-22,libya,392.0,31.0,69.0,335.8,1.0,1.0,22.0,2.0,0.0,6.0,0.0
2019-01-22,scs,2696.0,320.0,287.0,2999.5,3.0,8.0,102.0,150.0,29.0,197.9,3.0
2019-01-22,southasia,9950.0,1542.0,1198.0,5915.4,28.0,21.0,530.0,33.0,10.0,-19.7,3.0
2019-01-22,sudan,793.0,160.0,182.0,-933.4,2.0,3.0,61.0,6.0,1.0,5.9,0.0
2019-01-22,taiwan,380.0,50.0,42.0,394.9,0.0,3.0,16.0,116.0,52.0,-63.6,0.0
2019-01-22,ukraine,947.0,107.0,173.0,571.0,1.0,2.0,89.0,272.0,146.0,-534.8,34.0
2019-01-22,venezuela,744.0,170.0,140.0,-384.3,1.0,0.0,82.0,97.0,24.0,139.0,2.0
2019-01-22,yemen,382.0,38.0,104.0,-308.4,1.0,1.0,14.0,50.0,16.0,5.6,0.0
2019-01-23,drc,132.0,15.0,8.0,174.0,0.0,1.0,2.0,13.0,0.0,40.6,0.0
2019-01-23,europe_east,1549.0,171.0,119.0,2217.6,3.0,7.0,54.0,49.0,11.0,79.3,1.0
2019-01-23,iran,2121.0,350.0,456.0,-1118.0,17.0,6.0,245.0,560.0,276.0,-851.0,42.0
2019-01-23,israel,4487.0,718.0,908.0,-1806.4,28.0,15.0,277.0,1137.0,693.0,-3880.6,83.0
2019-01-23,korea,1377.0,190.0,105.0,1858.1,13.0,0.0,62.0,298.0,58.0,568.5,10.0
2019-01-23,libya,410.0,44.0,92.0,-50.2,1.0,0.0,22.0,1.0,0.0,7.0,0.0
2019-01-23,scs,2798.0,383.0,425.0,1017.6,19.0,8.0,163.0,143.0,19.0,313.7,1.0
2019-01-23,southasia,9472.0,1437.0,1151.0,5672.7,12.0,31.0,497.0,38.0,14.0,-34.8,5.0
2019-01-23,sudan,720.0,132.0,118.0,302.0,0.0,8.0,56.0,9.0,9.0,-74.0,0.0
2019-01-23,taiwan,284.0,31.0,27.0,338.1,0.0,1.0,12.0,70.0,16.0,92.8,5.0
2019-01-23,ukraine,825.0,87.0,103.0,873.2,0.0,0.0,59.0,181.0,88.0,-314.2,25.0
2019-01-23,venezuela,1915.0,446.0,213.0,184.2,9.0,0.0,103.0,417.0,169.0,-206.0,9.0
2019-01-23,yemen,388.0,45.0,53.0,418.9,4.0,0.0,18.0,68.0,23.0,-10.4,6.0
2019-01-24,drc,303.0,22.0,13.0,554.3,0.0,0.0,5.0,8.0,1.0,12.1,1.0
2019-01-24,europe_east,1405.0,148.0,105.0,2181.8,4.0,0.0,64.0,60.0,24.0,-47.2,0.0
2019-01-24,iran,2121.0,363.0,468.0,-488.3,10.0,7.0,267.0,506.0,244.0,-559.9,59.0
2019-01-24,israel,4067.0,667.0,815.0,-926.1,22.0,21.0,297.0,954.0,569.0,-2881.5,92.0
2019-01-24,korea,1817.0,183.0,132.0,3013.3,10.0,0.0,83.0,487.0,55.0,1196.2,1.0
2019-01-24,libya,302.0,35.0,53.0,110.9,1.0,1.0,16.0,0.0,0.0,0.0,0.0
2019-01-24,scs,2195.0,259.0,289.0,1663.6,5.0,9.0,131.0,78.0,17.0,122.6,9.0
2019-01-24,southasia,9683.0,1510.0,1219.0,6168.3,41.0,24.0,510.0,53.0,17.0,-28.1,3.0
2019-01-24,sudan,912.0,158.0,139.0,393.3,3.0,3.0,45.0,3.0,2.0,-3.6,0.0
2019-01-24,taiwan,305.0,35.0,34.0,426.2,0.0,3.0,18.0,44.0,7.0,98.7,2.0
2019-01-24,ukraine,965.0,115.0,162.0,516.1,6.0,5.0,92.0,215.0,92.0,-147.3,40.0
2019-01-24,venezuela,4435.0,971.0,440.0,2193.6,22.0,3.0,269.0,1049.0,401.0,230.8,36.0
2019-01-24,yemen,404.0,58.0,50.0,244.5,1.0,1.0,16.0,106.0,20.0,112.6,2.0
2019-01-25,drc,131.0,7.0,6.0,217.7,0.0,0.0,3.0,7.0,1.0,26.5,1.0
2019-01-25,europe_east,1150.0,127.0,97.0,1660.3,0.0,0.0,53.0,40.0,5.0,46.0,2.0
2019-01-25,iran,1607.0,304.0,331.0,-170.0,5.0,11.0,205.0,477.0,218.0,-416.4,82.0
2019-01-25,israel,3383.0,545.0,751.0,-2168.4,19.0,21.0,244.0,718.0,422.0,-2242.8,66.0
2019-01-25,korea,893.0,108.0,63.0,1336.4,6.0,0.0,40.0,209.0,19.0,665.9,1.0
2019-01-25,libya,237.0,18.0,56.0,64.7,1.0,0.0,25.0,0.0,0.0,0.0,0.0
2019-01-25,scs,2460.0,320.0,402.0,744.6,6.0,5.0,152.0,47.0,8.0,95.9,0.0
2019-01-25,southasia,9211.0,1441.0,1262.0,3770.2,32.0,20.0,501.0,20.0,3.0,34.4,0.0
2019-01-25,sudan,576.0,130.0,120.0,-799.8,0.0,1.0,55.0,0.0,0.0,0.0,0.0
2019-01-25,taiwan,522.0,55.0,65.0,503.9,1.0,1.0,47.0,118.0,55.0,-110.4,10.0
2019-01-25,ukraine,1086.0,95.0,167.0,1190.1,2.0,4.0,98.0,257.0,97.0,-76.9,43.0
2019-01-25,venezuela,3909.0,787.0,457.0,2251.1,5.0,7.0,308.0,894.0,323.0,435.7,48.0
2019-01-25,yemen,267.0,37.0,56.0,-95.2,0.0,2.0,3.0,79.0,13.0,197.2,0.0
2019-01-26,drc,115.0,7.0,12.0,170.0,0.0,0.0,0.0,0.0,0.0,0.0,0.0
2019-01-26,europe_east,696.0,72.0,99.0,451.1,0.0,1.0,40.0,28.0,3.0,47.0,0.0
2019-01-26,iran,1098.0,231.0,223.0,-405.7,20.0,6.0,133.0,283.0,161.0,-481.0,53.0
2019-01-26,israel,2145.0,370.0,523.0,-2115.9,25.0,10.0,115.0,576.0,348.0,-1822.6,53.0
2019-01-26,korea,510.0,51.0,50.0,645.0,2.0,3.0,15.0,104.0,23.0,134.9,1.0
2019-01-26,libya,193.0,17.0,40.0,-21.2,2.0,0.0,11.0,1.0,1.0,-5.0,1.0
2019-01-26,scs,1567.0,176.0,239.0,951.2,1.0,5.0,92.0,30.0,15.0,-24.4,5.0
2019-01-26,southasia,6925.0,1021.0,904.0,3027.1,13.0,43.0,339.0,46.0,19.0,-103.1,1.0
2019-01-26,sudan,345.0,63.0,40.0,150.3,0.0,0.0,22.0,0.0,0.0,0.0,0.0
2019-01-26,taiwan,262.0,22.0,26.0,354.6,1.0,0.0,17.0,64.0,11.0,133.8,5.0
2019-01-26,ukraine,290.0,35.0,40.0,272.9,3.0,0.0,20.0,59.0,30.0,-120.2,8.0
2019-01-26,venezuela,3698.0,734.0,397.0,2780.2,18.0,8.0,299.0,705.0,298.0,-99.5,26.0
2019-01-26,yemen,172.0,35.0,46.0,-331.9,0.0,2.0,4.0,37.0,11.0,-11.3,2.0
2019-01-27,drc,81.0,2.0,16.0,-9.2,0.0,0.0,0.0,2.0,2.0,-8.8,0.0
2019-01-27,europe_east,802.0,108.0,142.0,-161.2,0.0,0.0,54.0,51.0,14.0,-48.8,2.0
2019-01-27,iran,1005.0,190.0,184.0,-4.6,12.0,5.0,85.0,187.0,106.0,-419.2,27.0
2019-01-27,israel,2996.0,510.0,698.0,-3184.4,57.0,10.0,158.0,661.0,410.0,-2383.0,57.0
2019-01-27,korea,531.0,50.0,47.0,690.3,1.0,5.0,26.0,116.0,20.0,176.6,9.0
2019-01-27,libya,231.0,22.0,31.0,256.1,0.0,0.0,5.0,0.0,0.0,0.0,0.0
2019-01-27,scs,2064.0,385.0,415.0,-725.0,17.0,21.0,90.0,25.0,4.0,29.5,1.0
2019-01-27,southasia,6252.0,934.0,735.0,4011.6,15.0,9.0,336.0,88.0,12.0,136.6,3.0
2019-01-27,sudan,588.0,99.0,88.0,150.2,0.0,2.0,31.0,1.0,0.0,0.0,0.0
2019-01-27,taiwan,201.0,25.0,18.0,280.7,0.0,0.0,12.0,43.0,2.0,100.0,0.0
2019-01-27,ukraine,325.0,44.0,60.0,52.5,0.0,0.0,30.0,107.0,44.0,-33.9,9.0
2019-01-27,venezuela,2794.0,685.0,271.0,1162.1,20.0,1.0,185.0,564.0,215.0,47.9,24.0
2019-01-27,yemen,324.0,36.0,97.0,-399.6,0.0,2.0,5.0,49.0,29.0,-154.3,3.0
2019-01-28,drc,84.0,6.0,13.0,43.4,0.0,0.0,1.0,1.0,1.0,-2.0,0.0
2019-01-28,europe_east,1227.0,141.0,177.0,785.9,1.0,5.0,89.0,75.0,19.0,31.7,4.0
2019-01-28,iran,1716.0,321.0,292.0,212.5,18.0,5.0,168.0,377.0,192.0,-618.5,44.0
2019-01-28,israel,3859.0,672.0,728.0,-1300.0,40.0,9.0,213.0,766.0,407.0,-1920.3,55.0
2019-01-28,korea,1034.0,114.0,89.0,1476.3,6.0,8.0,37.0,179.0,54.0,93.6,9.0
2019-01-28,libya,263.0,35.0,47.0,-26.1,0.0,0.0,13.0,0.0,0.0,0.0,0.0
2019-01-28,scs,3456.0,562.0,494.0,773.7,32.0,12.0,117.0,97.0,22.0,127.3,8.0
2019-01-28,southasia,8592.0,1258.0,948.0,7022.8,40.0,26.0,413.0,70.0,5.0,111.8,1.0
2019-01-28,sudan,816.0,166.0,187.0,-810.6,0.0,4.0,65.0,15.0,10.0,-93.2,0.0
2019-01-28,taiwan,221.0,24.0,24.0,255.3,0.0,0.0,17.0,72.0,15.0,77.8,2.0
2019-01-28,ukraine,682.0,70.0,77.0,745.5,1.0,3.0,34.0,117.0,39.0,-4.0,7.0
2019-01-28,venezuela,3454.0,777.0,368.0,1093.8,24.0,10.0,209.0,712.0,282.0,-2.5,28.0
2019-01-28,yemen,515.0,64.0,81.0,165.8,3.0,1.0,6.0,81.0,34.0,-168.8,3.0
2019-01-29,drc,136.0,13.0,16.0,169.6,0.0,0.0,4.0,8.0,4.0,-9.4,2.0
2019-01-29,europe_east,1317.0,155.0,138.0,1712.1,1.0,2.0,69.0,72.0,9.0,140.1,0.0
2019-01-29,iran,2379.0,401.0,430.0,191.4,22.0,4.0,266.0,463.0,207.0,-410.1,29.0
2019-01-29,israel,4967.0,815.0,852.0,-114.9,37.0,15.0,250.0,1121.0,566.0,-2077.4,88.0
2019-01-29,korea,1432.0,173.0,111.0,1630.0,14.0,1.0,49.0,256.0,59.0,309.7,13.0
2019-01-29,libya,308.0,25.0,57.0,137.1,0.0,1.0,21.0,0.0,0.0,0.0,0.0
2019-01-29,scs,3237.0,509.0,562.0,-426.1,35.0,21.0,115.0,68.0,6.0,150.5,4.0
2019-01-29,southasia,11449.0,1691.0,1416.0,7278.7,38.0,33.0,576.0,56.0,20.0,-100.7,1.0
2019-01-29,sudan,767.0,119.0,133.0,1.5,2.0,2.0,52.0,8.0,8.0,-77.0,1.0
2019-01-29,taiwan,371.0,42.0,48.0,395.0,1.0,0.0,40.0,84.0,19.0,103.9,4.0
2019-01-29,ukraine,942.0,113.0,102.0,826.6,0.0,6.0,41.0,224.0,94.0,-187.0,11.0
2019-01-29,venezuela,4246.0,794.0,668.0,1066.9,19.0,7.0,513.0,995.0,434.0,-563.0,31.0
2019-01-29,yemen,656.0,54.0,118.0,41.1,3.0,0.0,11.0,206.0,69.0,-192.1,0.0
2019-01-30,drc,110.0,13.0,17.0,13.3,0.0,4.0,3.0,26.0,6.0,36.8,4.0
2019-01-30,europe_east,1225.0,124.0,145.0,1399.1,3.0,3.0,80.0,33.0,10.0,45.8,4.0
2019-01-30,iran,2574.0,505.0,386.0,513.4,31.0,3.0,186.0,552.0,266.0,-468.8,44.0
2019-01-30,israel,4383.0,760.0,745.0,-858.6,35.0,10.0,251.0,907.0,529.0,-2611.1,57.0
2019-01-30,korea,1857.0,280.0,142.0,2179.5,19.0,3.0,79.0,311.0,72.0,360.4,20.0
2019-01-30,libya,294.0,29.0,43.0,419.1,1.0,0.0,21.0,0.0,0.0,0.0,0.0
2019-01-30,scs,3597.0,523.0,679.0,-239.4,22.0,9.0,193.0,126.0,23.0,238.6,3.0
2019-01-30,southasia,10612.0,1749.0,1256.0,6013.8,26.0,16.0,661.0,62.0,14.0,3.7,2.0
2019-01-30,sudan,851.0,166.0,132.0,213.8,0.0,3.0,76.0,7.0,4.0,-20.8,1.0
2019-01-30,taiwan,344.0,41.0,49.0,277.5,0.0,0.0,35.0,78.0,45.0,-118.5,24.0
2019-01-30,ukraine,1049.0,125.0,213.0,120.8,2.0,5.0,104.0,313.0,138.0,-347.0,47.0
2019-01-30,venezuela,3983.0,736.0,648.0,633.1,16.0,4.0,466.0,954.0,364.0,-195.2,72.0
2019-01-30,yemen,547.0,60.0,58.0,667.8,0.0,0.0,8.0,138.0,42.0,98.5,1.0
2019-01-31,drc,98.0,10.0,17.0,52.0,0.0,2.0,7.0,37.0,4.0,82.6,0.0
2019-01-31,europe_east,1487.0,170.0,144.0,1823.2,7.0,3.0,70.0,33.0,6.0,31.2,3.0
2019-01-31,iran,2260.0,421.0,325.0,774.1,16.0,6.0,154.0,422.0,210.0,-374.7,37.0
2019-01-31,israel,4259.0,649.0,674.0,1254.8,23.0,9.0,257.0,678.0,326.0,-1265.4,58.0
2019-01-31,korea,1752.0,222.0,135.0,2344.1,10.0,0.0,97.0,372.0,47.0,830.2,4.0
2019-01-31,libya,312.0,30.0,63.0,163.5,1.0,0.0,34.0,0.0,0.0,0.0,0.0
2019-01-31,scs,3049.0,409.0,596.0,-206.1,17.0,11.0,140.0,149.0,46.0,339.9,2.0
2019-01-31,southasia,9808.0,1758.0,1242.0,2792.5,8.0,18.0,619.0,103.0,41.0,-95.7,7.0
2019-01-31,sudan,814.0,152.0,130.0,72.9,0.0,7.0,78.0,10.0,6.0,-26.5,1.0
2019-01-31,taiwan,460.0,51.0,46.0,441.4,0.0,0.0,27.0,91.0,38.0,-70.6,14.0
2019-01-31,ukraine,736.0,96.0,83.0,634.8,5.0,4.0,35.0,218.0,100.0,-100.4,20.0
2019-01-31,venezuela,3757.0,746.0,500.0,1779.3,17.0,10.0,355.0,797.0,246.0,495.4,21.0
2019-01-31,yemen,515.0,95.0,89.0,-120.9,0.0,4.0,16.0,111.0,53.0,-260.1,0.0
2019-02-01,drc,110.0,12.0,6.0,123.3,0.0,0.0,1.0,9.0,1.0,28.2,0.0
2019-02-01,europe_east,1506.0,108.0,131.0,2452.4,3.0,2.0,52.0,68.0,20.0,-44.5,9.0
2019-02-01,iran,2166.0,343.0,311.0,1567.4,4.0,2.0,196.0,374.0,144.0,-28.1,26.0
2019-02-01,israel,4197.0,656.0,690.0,616.5,16.0,4.0,238.0,693.0,350.0,-1278.6,44.0
2019-02-01,korea,1696.0,225.0,116.0,2623.0,8.0,1.0,85.0,358.0,81.0,576.8,7.0
2019-02-01,libya,411.0,44.0,73.0,388.1,0.0,0.0,33.0,1.0,1.0,-5.0,1.0
2019-02-01,scs,2495.0,320.0,364.0,815.4,10.0,9.0,119.0,141.0,14.0,463.9,0.0
2019-02-01,southasia,8790.0,1343.0,1049.0,6010.6,20.0,11.0,543.0,49.0,16.0,-12.1,2.0
2019-02-01,sudan,572.0,117.0,101.0,-241.6,0.0,7.0,53.0,7.0,7.0,-28.8,0.0
2019-02-01,taiwan,351.0,35.0,45.0,245.2,2.0,0.0,25.0,67.0,20.0,27.2,8.0
2019-02-01,ukraine,1029.0,137.0,185.0,312.6,5.0,4.0,122.0,269.0,112.0,-61.2,29.0
2019-02-01,venezuela,3222.0,613.0,355.0,2151.2,27.0,1.0,249.0,654.0,231.0,101.5,23.0
2019-02-01,yemen,542.0,75.0,105.0,-261.7,1.0,3.0,31.0,87.0,40.0,-168.4,0.0
2019-02-02,drc,84.0,7.0,0.0,192.7,0.0,0.0,0.0,2.0,2.0,-9.5,0.0
2019-02-02,europe_east,888.0,84.0,92.0,1067.6,0.0,0.0,36.0,26.0,2.0,78.7,0.0
2019-02-02,iran,1518.0,220.0,284.0,2.7,10.0,5.0,119.0,204.0,83.0,24.7,16.0
2019-02-02,israel,1981.0,320.0,286.0,724.5,2.0,2.0,102.0,307.0,138.0,-388.4,14.0
2019-02-02,korea,782.0,98.0,71.0,749.1,5.0,0.0,31.0,142.0,31.0,176.2,5.0
2019-02-02,libya,208.0,24.0,35.0,214.7,3.0,0.0,14.0,1.0,1.0,-5.0,1.0
2019-02-02,scs,1478.0,195.0,286.0,-426.6,9.0,11.0,67.0,54.0,12.0,110.8,0.0
2019-02-02,southasia,7419.0,1241.0,1129.0,1946.7,15.0,13.0,654.0,54.0,21.0,-19.1,0.0
2019-02-02,sudan,347.0,61.0,48.0,134.3,0.0,1.0,26.0,6.0,4.0,-16.0,0.0
2019-02-02,taiwan,179.0,19.0,22.0,112.1,0.0,3.0,10.0,38.0,15.0,-4.5,0.0
2019-02-02,ukraine,499.0,56.0,97.0,62.3,0.0,8.0,43.0,127.0,59.0,-176.2,7.0
2019-02-02,venezuela,2291.0,476.0,177.0,1636.3,20.0,3.0,115.0,435.0,132.0,280.8,16.0
2019-02-02,yemen,434.0,42.0,89.0,9.4,1.0,1.0,14.0,70.0,29.0,-105.1,8.0
2019-02-03,drc,49.0,11.0,5.0,6.7,0.0,0.0,3.0,3.0,3.0,-11.5,0.0
2019-02-03,europe_east,647.0,58.0,56.0,752.6,0.0,1.0,24.0,33.0,12.0,-14.0,7.0
2019-02-03,iran,1550.0,233.0,220.0,1079.5,4.0,5.0,121.0,236.0,76.0,28.1,9.0
2019-02-03,israel,2896.0,391.0,591.0,-651.3,21.0,3.0,225.0,554.0,302.0,-1465.8,64.0
2019-02-03,korea,1051.0,81.0,66.0,2226.0,4.0,3.0,41.0,280.0,16.0,937.0,3.0
2019-02-03,libya,137.0,10.0,22.0,174.7,1.0,0.0,12.0,0.0,0.0,0.0,0.0
2019-02-03,scs,1665.0,180.0,297.0,231.2,4.0,11.0,84.0,87.0,22.0,143.7,0.0
2019-02-03,southasia,8141.0,1515.0,1006.0,1959.9,23.0,25.0,537.0,99.0,42.0,-100.9,0.0
2019-02-03,sudan,292.0,49.0,38.0,204.2,0.0,0.0,12.0,0.0,0.0,0.0,0.0
2019-02-03,taiwan,195.0,12.0,31.0,169.5,0.0,0.0,19.0,31.0,14.0,-27.4,9.0
2019-02-03,ukraine,215.0,37.0,19.0,218.0,3.0,0.0,9.0,105.0,42.0,-5.7,7.0
2019-02-03,venezuela,2219.0,438.0,189.0,1403.9,9.0,6.0,105.0,402.0,132.0,171.7,18.0
2019-02-03,yemen,668.0,66.0,83.0,728.3,3.0,2.0,10.0,183.0,60.0,-28.1,3.0
2019-02-04,drc,82.0,7.0,1.0,200.9,0.0,0.0,0.0,2.0,2.0,-9.5,0.0
2019-02-04,europe_east,1143.0,126.0,132.0,1231.2,2.0,4.0,78.0,34.0,12.0,-14.2,0.0
2019-02-04,iran,1965.0,301.0,291.0,1244.4,12.0,6.0,138.0,305.0,104.0,-2.7,7.0
2019-02-04,israel,3557.0,505.0,643.0,521.7,10.0,7.0,266.0,730.0,352.0,-1214.0,85.0
2019-02-04,korea,1408.0,110.0,77.0,3091.7,4.0,0.0,44.0,364.0,42.0,941.4,8.0
2019-02-04,libya,369.0,34.0,49.0,389.8,1.0,0.0,15.0,0.0,0.0,0.0,0.0
2019-02-04,scs,2508.0,321.0,380.0,887.9,6.0,12.0,95.0,174.0,48.0,328.8,5.0
2019-02-04,southasia,9949.0,1737.0,1356.0,2638.4,32.0,24.0,642.0,66.0,32.0,-70.4,12.0
2019-02-04,sudan,455.0,68.0,69.0,222.9,0.0,0.0,43.0,4.0,2.0,-13.0,0.0
2019-02-04,taiwan,266.0,33.0,21.0,484.6,1.0,0.0,6.0,64.0,11.0,135.5,1.0
2019-02-04,ukraine,817.0,97.0,93.0,933.7,1.0,7.0,35.0,141.0,60.0,-199.4,11.0
2019-02-04,venezuela,3583.0,727.0,282.0,2482.4,24.0,10.0,166.0,495.0,190.0,-89.1,25.0
2019-02-04,yemen,762.0,81.0,71.0,933.8,2.0,0.0,15.0,206.0,56.0,-17.3,6.0
2019-02-05,drc,67.0,4.0,12.0,1.2,0.0,0.0,1.0,4.0,0.0,11.5,0.0
2019-02-05,europe_east,1445.0,129.0,150.0,2461.5,1.0,2.0,59.0,49.0,4.0,50.2,1.0
2019-02-05,iran,2142.0,373.0,244.0,1860.7,14.0,5.0,139.0,310.0,149.0,-231.2,28.0
2019-02-05,israel,3609.0,596.0,588.0,296.9,20.0,12.0,235.0,619.0,345.0,-1367.8,61.0
2019-02-05,korea,1444.0,150.0,82.0,2888.4,3.0,1.0,38.0,397.0,53.0,868.2,10.0
2019-02-05,libya,271.0,29.0,38.0,165.8,9.0,2.0,12.0,1.0,1.0,-4.4,0.0
2019-02-05,scs,2384.0,259.0,399.0,669.4,13.0,21.0,156.0,107.0,23.0,231.6,0.0
2019-02-05,southasia,10749.0,1831.0,1321.0,4280.5,21.0,34.0,584.0,68.0,21.0,-20.1,2.0
2019-02-05,sudan,732.0,104.0,122.0,230.1,0.0,4.0,62.0,4.0,2.0,-20.0,0.0
2019-02-05,taiwan,220.0,22.0,33.0,177.4,0.0,1.0,16.0,69.0,27.0,-75.1,4.0
2019-02-05,ukraine,798.0,99.0,119.0,585.9,0.0,6.0,70.0,176.0,100.0,-411.6,26.0
2019-02-05,venezuela,3106.0,519.0,262.0,3281.7,15.0,6.0,160.0,437.0,140.0,155.0,17.0
2019-02-05,yemen,652.0,79.0,82.0,637.8,2.0,1.0,14.0,107.0,48.0,-191.0,4.0
2019-02-06,drc,95.0,17.0,12.0,19.1,0.0,0.0,2.0,0.0,0.0,0.0,0.0
2019-02-06,europe_east,1199.0,128.0,93.0,1928.2,3.0,2.0,38.0,53.0,14.0,49.6,0.0
2019-02-06,iran,2070.0,353.0,335.0,508.5,6.0,3.0,137.0,400.0,147.0,216.7,14.0
2019-02-06,israel,4126.0,708.0,691.0,223.8,12.0,8.0,290.0,803.0,420.0,-1444.3,74.0
2019-02-06,korea,2869.0,305.0,127.0,5458.6,5.0,1.0,69.0,889.0,131.0,1950.3,11.0
2019-02-06,libya,298.0,20.0,46.0,318.7,4.0,0.0,14.0,2.0,2.0,-20.0,0.0
2019-02-06,scs,3368.0,349.0,393.0,3310.5,6.0,17.0,143.0,120.0,33.0,100.3,3.0
2019-02-06,southasia,9555.0,1693.0,1231.0,3184.7,24.0,16.0,596.0,65.0,18.0,-21.8,2.0
2019-02-06,sudan,781.0,102.0,138.0,210.2,0.0,6.0,57.0,5.0,0.0,12.4,0.0
2019-02-06,taiwan,201.0,16.0,46.0,24.3,0.0,0.0,15.0,49.0,26.0,-132.7,9.0
2019-02-06,ukraine,862.0,83.0,144.0,623.0,6.0,4.0,73.0,180.0,66.0,-9.2,18.0
2019-02-06,venezuela,2410.0,507.0,236.0,1611.0,14.0,2.0,141.0,471.0,135.0,419.4,7.0
2019-02-06,yemen,519.0,64.0,73.0,216.1,2.0,0.0,14.0,96.0,25.0,12.6,3.0
2019-02-07,drc,114.0,13.0,20.0,-42.3,0.0,0.0,1.0,11.0,2.0,5.8,0.0
2019-02-07,europe_east,1406.0,109.0,114.0,1878.3,3.0,0.0,63.0,74.0,14.0,67.7,0.0
2019-02-07,iran,1890.0,280.0,314.0,483.5,7.0,5.0,138.0,315.0,103.0,-26.8,13.0
2019-02-07,israel,3881.0,581.0,590.0,1107.3,9.0,8.0,243.0,655.0,303.0,-847.3,41.0
2019-02-07,korea,1493.0,141.0,108.0,2444.9,2.0,1.0,57.0,356.0,44.0,689.2,6.0
2019-02-07,libya,429.0,45.0,79.0,203.1,6.0,1.0,23.0,2.0,2.0,-20.0,0.0
2019-02-07,scs,2712.0,329.0,351.0,2261.3,9.0,9.0,128.0,78.0,16.0,157.2,3.0
2019-02-07,southasia,9907.0,1715.0,1167.0,4479.3,27.0,24.0,556.0,43.0,5.0,44.0,0.0
2019-02-07,sudan,617.0,100.0,90.0,419.1,1.0,1.0,35.0,6.0,0.0,4.0,0.0
2019-02-07,taiwan,187.0,18.0,14.0,297.0,0.0,0.0,4.0,52.0,15.0,19.7,0.0
2019-02-07,ukraine,844.0,111.0,134.0,369.3,3.0,7.0,79.0,185.0,87.0,-233.5,35.0
2019-02-07,venezuela,2396.0,441.0,248.0,1824.0,19.0,5.0,151.0,518.0,170.0,329.4,13.0
2019-02-07,yemen,439.0,67.0,80.0,-27.9,1.0,0.0,14.0,100.0,41.0,-135.4,0.0
2019-02-08,drc,83.0,3.0,4.0,130.8,0.0,0.0,0.0,4.0,2.0,-12.2,0.0
2019-02-08,europe_east,1543.0,148.0,141.0,1977.5,0.0,2.0,68.0,33.0,14.0,-5.7,6.0
2019-02-08,iran,1818.0,285.0,250.0,910.1,18.0,1.0,124.0,362.0,124.0,44.6,32.0
2019-02-08,israel,3288.0,520.0,559.0,-403.0,12.0,5.0,185.0,527.0,296.0,-1125.4,37.0
2019-02-08,korea,1209.0,74.0,88.0,2373.8,2.0,2.0,38.0,310.0,35.0,617.2,4.0
2019-02-08,libya,358.0,46.0,79.0,-85.6,0.0,4.0,36.0,0.0,0.0,0.0,0.0
2019-02-08,scs,2494.0,317.0,314.0,1879.3,4.0,21.0,101.0,45.0,10.0,52.1,1.0
2019-02-08,southasia,9608.0,1591.0,1094.0,6078.7,25.0,12.0,563.0,53.0,7.0,118.0,3.0
2019-02-08,sudan,550.0,110.0,89.0,84.0,0.0,0.0,54.0,2.0,2.0,-20.0,0.0
2019-02-08,taiwan,337.0,46.0,47.0,307.3,4.0,0.0,23.0,115.0,47.0,-22.6,12.0
2019-02-08,ukraine,1140.0,155.0,178.0,641.5,0.0,0.0,104.0,309.0,148.0,-485.1,52.0
2019-02-08,venezuela,2256.0,363.0,268.0,2130.6,29.0,1.0,147.0,506.0,161.0,381.9,24.0
2019-02-08,yemen,409.0,62.0,113.0,-541.7,1.0,3.0,17.0,72.0,46.0,-312.4,3.0
2019-02-09,drc,76.0,5.0,16.0,-48.6,2.0,0.0,2.0,6.0,0.0,11.4,0.0
2019-02-09,europe_east,868.0,80.0,82.0,959.2,1.0,1.0,42.0,36.0,7.0,88.1,0.0
2019-02-09,iran,1065.0,208.0,149.0,333.5,2.0,5.0,84.0,217.0,87.0,-44.6,4.0
2019-02-09,israel,1940.0,351.0,437.0,-1597.2,6.0,6.0,152.0,390.0,251.0,-1267.4,53.0
2019-02-09,korea,1444.0,81.0,63.0,3044.9,0.0,1.0,43.0,447.0,37.0,1089.6,4.0
2019-02-09,libya,242.0,28.0,60.0,-46.4,3.0,0.0,25.0,4.0,2.0,-2.4,0.0
2019-02-09,scs,1903.0,206.0,222.0,1905.7,0.0,1.0,97.0,57.0,11.0,93.5,1.0
2019-02-09,southasia,8438.0,1423.0,1114.0,2572.8,8.0,45.0,553.0,31.0,9.0,-42.2,0.0
2019-02-09,sudan,398.0,71.0,84.0,-93.8,0.0,0.0,50.0,1.0,0.0,3.4,0.0
2019-02-09,taiwan,167.0,27.0,17.0,182.6,0.0,0.0,10.0,24.0,11.0,-44.6,0.0
2019-02-09,ukraine,529.0,67.0,92.0,34.5,5.0,0.0,41.0,140.0,84.0,-397.8,18.0
2019-02-09,venezuela,1312.0,255.0,113.0,1260.1,20.0,1.0,64.0,308.0,106.0,203.9,9.0
2019-02-09,yemen,244.0,30.0,64.0,-220.3,0.0,0.0,11.0,55.0,37.0,-195.9,4.0
2019-02-10,drc,73.0,7.0,5.0,49.3,1.0,0.0,2.0,0.0,0.0,0.0,0.0
2019-02-10,europe_east,793.0,82.0,92.0,757.6,0.0,2.0,46.0,35.0,15.0,-36.3,6.0
2019-02-10,iran,1571.0,204.0,208.0,1538.4,5.0,4.0,104.0,272.0,108.0,-79.8,22.0
2019-02-10,israel,3029.0,475.0,595.0,-819.2,19.0,4.0,199.0,560.0,322.0,-1546.9,75.0
2019-02-10,korea,1389.0,107.0,54.0,3493.4,2.0,3.0,15.0,399.0,32.0,1274.5,4.0
2019-02-10,libya,226.0,23.0,68.0,-269.5,0.0,0.0,16.0,1.0,0.0,3.4,0.0
2019-02-10,scs,1471.0,142.0,166.0,1505.5,0.0,4.0,78.0,58.0,18.0,4.0,2.0
2019-02-10,southasia,7816.0,1407.0,1023.0,1934.5,24.0,16.0,455.0,25.0,7.0,2.8,2.0
2019-02-10,sudan,582.0,102.0,97.0,22.7,1.0,1.0,53.0,1.0,0.0,3.4,0.0
2019-02-10,taiwan,131.0,20.0,9.0,147.2,0.0,0.0,5.0,40.0,12.0,52.1,0.0
2019-02-10,ukraine,416.0,45.0,114.0,-370.9,0.0,1.0,40.0,127.0,51.0,-183.7,8.0
2019-02-10,venezuela,1003.0,176.0,82.0,1208.7,15.0,0.0,52.0,223.0,71.0,191.0,11.0
2019-02-10,yemen,169.0,20.0,46.0,-172.3,0.0,0.0,5.0,37.0,18.0,-95.4,0.0
2019-02-11,drc,66.0,1.0,11.0,41.3,0.0,0.0,5.0,4.0,0.0,9.4,0.0
2019-02-11,europe_east,1698.0,188.0,163.0,2155.5,0.0,8.0,99.0,157.0,49.0,-55.2,15.0
2019-02-11,iran,2941.0,529.0,340.0,1001.7,33.0,5.0,144.0,587.0,264.0,-349.5,41.0
2019-02-11,israel,4707.0,907.0,724.0,-90.4,50.0,2.0,242.0,832.0,444.0,-1864.7,104.0
2019-02-11,korea,1440.0,110.0,93.0,3018.3,0.0,7.0,49.0,268.0,32.0,823.4,8.0
2019-02-11,libya,294.0,38.0,37.0,35.0,0.0,0.0,11.0,2.0,0.0,14.0,0.0
2019-02-11,scs,2211.0,284.0,267.0,1876.1,0.0,5.0,141.0,89.0,23.0,87.4,6.0
2019-02-11,southasia,10321.0,1715.0,1158.0,5995.0,25.0,6.0,549.0,59.0,32.0,-80.1,2.0
2019-02-11,sudan,690.0,103.0,101.0,533.9,2.0,2.0,39.0,6.0,2.0,29.6,0.0
2019-02-11,taiwan,245.0,25.0,43.0,145.5,1.0,0.0,19.0,67.0,20.0,43.6,2.0
2019-02-11,ukraine,1021.0,119.0,169.0,145.3,16.0,4.0,67.0,222.0,112.0,-371.3,33.0
2019-02-11,venezuela,1390.0,207.0,158.0,1130.8,3.0,5.0,78.0,292.0,83.0,340.8,26.0
2019-02-11,yemen,340.0,36.0,49.0,196.2,1.0,0.0,9.0,73.0,24.0,-2.8,4.0
2019-02-12,drc,93.0,6.0,13.0,94.9,0.0,0.0,5.0,20.0,9.0,-30.2,2.0
2019-02-12,europe_east,1643.0,146.0,126.0,2931.8,4.0,0.0,84.0,134.0,34.0,132.4,12.0
2019-02-12,iran,2609.0,489.0,363.0,204.6,40.0,17.0,173.0,542.0,227.0,-334.9,50.0
2019-02-12,israel,5082.0,807.0,726.0,1720.8,30.0,6.0,255.0,745.0,395.0,-1770.3,60.0
2019-02-12,korea,1724.0,162.0,99.0,3296.9,10.0,3.0,48.0,281.0,22.0,835.8,0.0
2019-02-12,libya,391.0,41.0,49.0,376.7,1.0,0.0,22.0,1.0,0.0,3.4,0.0
2019-02-12,scs,3080.0,349.0,384.0,2942.5,7.0,5.0,216.0,147.0,60.0,-38.8,30.0
2019-02-12,southasia,11302.0,1731.0,1569.0,3484.3,10.0,22.0,638.0,62.0,13.0,45.1,0.0
2019-02-12,sudan,629.0,114.0,97.0,207.5,0.0,1.0,70.0,3.0,3.0,-8.4,0.0
2019-02-12,taiwan,332.0,60.0,39.0,277.8,2.0,0.0,32.0,77.0,30.0,-22.2,3.0
2019-02-12,ukraine,861.0,149.0,134.0,221.3,2.0,0.0,54.0,129.0,72.0,-204.0,21.0
2019-02-12,venezuela,1777.0,315.0,163.0,1573.3,5.0,8.0,100.0,338.0,102.0,364.3,10.0
2019-02-12,yemen,286.0,51.0,42.0,30.5,3.0,0.0,7.0,89.0,37.0,-127.9,0.0
2019-02-13,drc,44.0,0.0,1.0,146.8,0.0,0.0,1.0,4.0,4.0,-20.0,4.0
2019-02-13,europe_east,2476.0,249.0,230.0,2960.6,17.0,7.0,130.0,192.0,55.0,126.9,14.0
2019-02-13,iran,3926.0,656.0,736.0,-739.5,26.0,3.0,314.0,1067.0,390.0,-32.4,43.0
2019-02-13,israel,5189.0,842.0,790.0,786.7,47.0,1.0,283.0,1073.0,522.0,-2086.2,69.0
2019-02-13,korea,1640.0,146.0,101.0,3431.2,1.0,5.0,33.0,215.0,33.0,417.0,2.0
2019-02-13,libya,337.0,47.0,71.0,-96.9,0.0,2.0,34.0,1.0,0.0,3.4,0.0
2019-02-13,scs,3337.0,535.0,515.0,1349.7,3.0,8.0,310.0,117.0,27.0,114.6,16.0
2019-02-13,southasia,10980.0,1677.0,1428.0,5723.3,34.0,10.0,596.0,23.0,10.0,-46.6,2.0
2019-02-13,sudan,633.0,118.0,120.0,16.2,0.0,1.0,66.0,2.0,0.0,0.0,0.0
2019-02-13,taiwan,371.0,49.0,38.0,406.9,0.0,0.0,20.0,81.0,12.0,144.0,0.0
2019-02-13,ukraine,1197.0,141.0,163.0,1041.3,0.0,1.0,80.0,349.0,119.0,127.9,19.0
2019-02-13,venezuela,1758.0,298.0,167.0,1539.1,6.0,8.0,73.0,411.0,122.0,343.1,12.0
2019-02-13,yemen,534.0,89.0,65.0,169.4,2.0,0.0,11.0,208.0,44.0,157.9,0.0
2019-02-14,drc,143.0,22.0,49.0,-326.2,0.0,0.0,14.0,3.0,2.0,0.0,2.0
2019-02-14,europe_east,2938.0,316.0,207.0,4552.6,5.0,8.0,120.0,168.0,39.0,246.4,6.0
2019-02-14,iran,4752.0,920.0,775.0,-136.0,23.0,13.0,282.0,1216.0,497.0,82.3,45.0
2019-02-14,israel,4948.0,769.0,741.0,1153.3,26.0,23.0,257.0,1043.0,466.0,-1066.6,69.0
2019-02-14,korea,1364.0,134.0,98.0,2572.7,7.0,1.0,42.0,221.0,42.0,384.9,6.0
2019-02-14,libya,377.0,22.0,76.0,45.8,3.0,1.0,27.0,0.0,0.0,0.0,0.0
2019-02-14,scs,3100.0,564.0,481.0,1114.3,2.0,6.0,280.0,57.0,10.0,119.9,6.0
2019-02-14,southasia,11941.0,1995.0,1983.0,-796.0,43.0,7.0,554.0,97.0,71.0,-392.5,0.0
2019-02-14,sudan,599.0,111.0,87.0,455.5,4.0,0.0,57.0,3.0,0.0,4.0,0.0
2019-02-14,taiwan,289.0,37.0,49.0,241.1,2.0,3.0,22.0,66.0,29.0,-53.6,6.0
2019-02-14,ukraine,1153.0,145.0,136.0,1028.7,4.0,3.0,68.0,203.0,61.0,201.3,10.0
2019-02-14,venezuela,1838.0,355.0,206.0,1013.9,14.0,4.0,88.0,448.0,140.0,287.3,31.0
2019-02-14,yemen,717.0,106.0,113.0,113.9,5.0,7.0,21.0,253.0,56.0,135.9,2.0
2019-02-15,drc,138.0,21.0,38.0,-205.9,0.0,0.0,9.0,5.0,0.0,34.2,0.0
2019-02-15,europe_east,2504.0,332.0,157.0,3122.9,16.0,7.0,75.0,80.0,10.0,131.0,4.0
2019-02-15,iran,3495.0,687.0,514.0,477.5,25.0,16.0,183.0,729.0,275.0,84.2,33.0
2019-02-15,israel,4341.0,702.0,721.0,57.4,11.0,15.0,233.0,914.0,423.0,-1355.4,85.0
2019-02-15,korea,1438.0,143.0,101.0,2645.4,4.0,0.0,44.0,385.0,85.0,414.9,11.0
2019-02-15,libya,324.0,23.0,43.0,276.8,0.0,1.0,9.0,3.0,0.0,8.1,0.0
2019-02-15,scs,2271.0,314.0,313.0,1714.5,7.0,0.0,157.0,61.0,19.0,38.8,9.0
2019-02-15,southasia,16701.0,3233.0,3232.0,-9932.4,128.0,43.0,725.0,493.0,238.0,-673.2,9.0
2019-02-15,sudan,532.0,111.0,79.0,-91.8,2.0,5.0,31.0,8.0,2.0,-9.6,0.0
2019-02-15,taiwan,312.0,25.0,50.0,259.3,0.0,6.0,22.0,54.0,14.0,40.0,2.0
2019-02-15,ukraine,1095.0,145.0,165.0,559.9,9.0,3.0,89.0,243.0,99.0,-144.9,20.0
2019-02-15,venezuela,1622.0,293.0,185.0,1222.2,15.0,6.0,112.0,357.0,99.0,413.2,13.0
2019-02-15,yemen,433.0,80.0,65.0,35.9,0.0,1.0,17.0,118.0,39.0,-92.6,0.0
2019-02-16,drc,37.0,0.0,1.0,120.2,0.0,0.0,1.0,2.0,2.0,-10.0,2.0
2019-02-16,europe_east,1339.0,172.0,79.0,1931.5,1.0,5.0,45.0,76.0,18.0,107.7,0.0
2019-02-16,iran,3023.0,552.0,395.0,1114.3,40.0,7.0,113.0,470.0,170.0,63.4,23.0
2019-02-16,israel,2400.0,332.0,318.0,1349.6,8.0,10.0,107.0,383.0,161.0,-358.4,16.0
2019-02-16,korea,904.0,93.0,68.0,1428.1,1.0,0.0,27.0,275.0,57.0,373.5,4.0
2019-02-16,libya,265.0,50.0,48.0,-17.5,1.0,0.0,17.0,0.0,0.0,0.0,0.0
2019-02-16,scs,1835.0,197.0,226.0,1735.1,2.0,1.0,97.0,54.0,13.0,48.2,1.0
2019-02-16,southasia,13780.0,2457.0,2577.0,-5836.5,113.0,63.0,773.0,370.0,176.0,-699.4,10.0
2019-02-16,sudan,271.0,70.0,36.0,-40.9,1.0,0.0,21.0,3.0,0.0,22.2,0.0
2019-02-16,taiwan,214.0,29.0,28.0,111.4,0.0,1.0,15.0,38.0,10.0,-25.4,3.0
2019-02-16,ukraine,700.0,70.0,102.0,499.0,2.0,2.0,68.0,198.0,62.0,53.8,11.0
2019-02-16,venezuela,1407.0,230.0,132.0,1500.1,9.0,16.0,64.0,334.0,89.0,488.3,11.0
2019-02-16,yemen,319.0,54.0,45.0,52.2,2.0,1.0,12.0,84.0,27.0,-2.6,0.0
2019-02-17,drc,48.0,1.0,13.0,-19.4,0.0,0.0,1.0,4.0,0.0,10.6,0.0
2019-02-17,europe_east,917.0,118.0,92.0,781.3,0.0,2.0,46.0,38.0,8.0,68.8,6.0
2019-02-17,iran,2389.0,484.0,321.0,801.2,26.0,2.0,82.0,434.0,173.0,-102.0,21.0
2019-02-17,israel,2838.0,445.0,464.0,334.3,10.0,6.0,184.0,586.0,287.0,-783.0,38.0
2019-02-17,korea,642.0,44.0,56.0,1328.6,2.0,1.0,34.0,203.0,23.0,457.8,4.0
2019-02-17,libya,301.0,48.0,48.0,82.8,2.0,0.0,7.0,4.0,2.0,-4.1,0.0
2019-02-17,scs,1366.0,143.0,176.0,1182.6,1.0,0.0,86.0,40.0,9.0,70.0,4.0
2019-02-17,southasia,11618.0,1980.0,2010.0,-1787.2,72.0,45.0,682.0,269.0,125.0,-356.0,15.0
2019-02-17,sudan,196.0,38.0,34.0,-136.3,1.0,0.0,17.0,0.0,0.0,0.0,0.0
2019-02-17,taiwan,141.0,11.0,12.0,244.3,0.0,1.0,9.0,25.0,10.0,-11.9,0.0
2019-02-17,ukraine,345.0,47.0,66.0,-50.7,1.0,1.0,26.0,120.0,62.0,-313.8,6.0
2019-02-17,venezuela,839.0,149.0,85.0,908.4,2.0,2.0,48.0,185.0,64.0,71.8,8.0
2019-02-17,yemen,264.0,41.0,46.0,71.1,0.0,0.0,7.0,70.0,24.0,-60.9,0.0
2019-02-18,drc,67.0,4.0,4.0,135.0,0.0,0.0,0.0,7.0,2.0,-7.6,0.0
2019-02-18,europe_east,2086.0,297.0,168.0,2714.4,3.0,3.0,105.0,54.0,16.0,-43.6,5.0
2019-02-18,iran,3044.0,560.0,472.0,1095.6,29.0,1.0,202.0,470.0,184.0,-123.3,21.0
2019-02-18,israel,4858.0,709.0,739.0,3225.1,11.0,4.0,335.0,661.0,349.0,-1307.6,47.0
2019-02-18,korea,1431.0,151.0,125.0,2125.7,9.0,0.0,67.0,336.0,74.0,267.6,8.0
2019-02-18,libya,257.0,40.0,43.0,148.5,0.0,0.0,18.0,2.0,0.0,4.7,0.0
2019-02-18,scs,2313.0,348.0,258.0,1834.9,4.0,4.0,112.0,65.0,13.0,106.4,1.0
2019-02-18,southasia,16265.0,2579.0,3134.0,-3958.9,68.0,55.0,1043.0,352.0,158.0,-530.5,37.0
2019-02-18,sudan,447.0,78.0,60.0,117.0,1.0,1.0,15.0,1.0,1.0,-2.0,0.0
2019-02-18,taiwan,279.0,44.0,31.0,263.7,0.0,1.0,17.0,48.0,18.0,23.3,3.0
2019-02-18,ukraine,1188.0,108.0,189.0,636.1,2.0,2.0,93.0,300.0,128.0,-376.7,26.0
2019-02-18,venezuela,1343.0,228.0,141.0,1265.0,2.0,4.0,78.0,327.0,84.0,320.3,10.0
2019-02-18,yemen,520.0,47.0,75.0,626.0,3.0,7.0,15.0,124.0,58.0,-180.2,9.0
2019-02-19,drc,61.0,2.0,4.0,89.5,0.0,0.0,1.0,4.0,1.0,11.8,1.0
2019-02-19,europe_east,1894.0,261.0,143.0,2847.8,0.0,5.0,70.0,68.0,20.0,-36.4,2.0
2019-02-19,iran,2539.0,451.0,395.0,950.5,28.0,1.0,160.0,327.0,142.0,-65.4,17.0
2019-02-19,israel,4863.0,699.0,655.0,3217.9,24.0,2.0,303.0,573.0,278.0,-922.9,46.0
2019-02-19,korea,1823.0,191.0,119.0,3373.9,4.0,8.0,57.0,451.0,90.0,601.4,15.0
2019-02-19,libya,283.0,31.0,40.0,217.5,0.0,1.0,22.0,3.0,2.0,-20.0,0.0
2019-02-19,scs,2831.0,297.0,369.0,2698.4,6.0,11.0,155.0,100.0,27.0,133.6,0.0
2019-02-19,southasia,17054.0,2995.0,2856.0,-1727.7,189.0,40.0,848.0,388.0,206.0,-601.6,21.0
2019-02-19,sudan,568.0,59.0,60.0,565.0,1.0,1.0,31.0,0.0,0.0,0.0,0.0
2019-02-19,taiwan,352.0,41.0,30.0,404.5,0.0,0.0,21.0,45.0,10.0,56.6,0.0
2019-02-19,ukraine,909.0,118.0,134.0,651.7,4.0,0.0,54.0,303.0,152.0,-500.9,25.0
2019-02-19,venezuela,1936.0,403.0,195.0,1479.8,12.0,3.0,131.0,518.0,165.0,296.5,19.0
2019-02-19,yemen,528.0,57.0,58.0,734.6,1.0,4.0,11.0,64.0,18.0,38.9,0.0
2019-02-20,drc,60.0,4.0,5.0,86.9,0.0,0.0,1.0,2.0,0.0,6.8,0.0
2019-02-20,europe_east,1912.0,301.0,178.0,1810.4,6.0,6.0,98.0,57.0,9.0,55.6,2.0
2019-02-20,iran,2358.0,416.0,404.0,-172.7,13.0,8.0,171.0,295.0,132.0,-142.2,14.0
2019-02-20,israel,4873.0,795.0,823.0,473.6,12.0,6.0,330.0,640.0,354.0,-1525.3,45.0
2019-02-20,korea,2271.0,213.0,175.0,3603.7,4.0,13.0,70.0,608.0,91.0,1193.9,11.0
2019-02-20,libya,316.0,45.0,36.0,101.6,1.0,0.0,7.0,0.0,0.0,0.0,0.0
2019-02-20,scs,3368.0,430.0,319.0,3859.7,11.0,7.0,141.0,146.0,34.0,245.5,3.0
2019-02-20,southasia,15928.0,2717.0,2558.0,531.2,171.0,17.0,759.0,470.0,292.0,-1420.2,50.0
2019-02-20,sudan,530.0,103.0,49.0,332.7,4.0,0.0,22.0,0.0,0.0,0.0,0.0
2019-02-20,taiwan,557.0,56.0,46.0,970.5,0.0,3.0,24.0,186.0,54.0,240.1,4.0
2019-02-20,ukraine,1006.0,170.0,154.0,372.7,5.0,3.0,80.0,371.0,161.0,-82.8,32.0
2019-02-20,venezuela,1516.0,287.0,163.0,1270.4,8.0,6.0,99.0,339.0,90.0,222.9,10.0
2019-02-20,yemen,541.0,59.0,67.0,656.6,1.0,0.0,15.0,132.0,55.0,-127.1,3.0
2019-02-21,drc,91.0,11.0,16.0,21.2,0.0,0.0,2.0,3.0,1.0,-5.6,1.0
2019-02-21,europe_east,1672.0,223.0,176.0,1675.2,1.0,2.0,93.0,51.0,19.0,11.2,5.0
2019-02-21,iran,1725.0,323.0,330.0,-730.1,11.0,9.0,138.0,279.0,126.0,-151.9,14.0
2019-02-21,israel,4398.0,773.0,670.0,929.1,28.0,9.0,284.0,640.0,316.0,-977.9,67.0
2019-02-21,korea,2324.0,228.0,160.0,4035.5,3.0,17.0,67.0,529.0,66.0,1051.7,3.0
2019-02-21,libya,279.0,41.0,44.0,-65.5,1.0,1.0,8.0,3.0,2.0,-11.6,0.0
2019-02-21,scs,3379.0,373.0,410.0,3327.5,8.0,9.0,172.0,109.0,24.0,167.1,0.0
2019-02-21,southasia,14126.0,2370.0,2322.0,1095.6,117.0,40.0,840.0,302.0,174.0,-769.4,31.0
2019-02-21,sudan,537.0,106.0,82.0,109.9,1.0,2.0,51.0,2.0,2.0,-8.5,0.0
2019-02-21,taiwan,518.0,51.0,40.0,934.0,1.0,4.0,24.0,100.0,22.0,73.4,5.0
2019-02-21,ukraine,1166.0,156.0,120.0,1451.7,5.0,0.0,42.0,279.0,96.0,274.4,10.0
2019-02-21,venezuela,1805.0,335.0,208.0,1500.8,10.0,8.0,120.0,397.0,112.0,511.4,9.0
2019-02-21,yemen,567.0,64.0,59.0,589.8,1.0,0.0,10.0,166.0,50.0,55.1,1.0
2019-02-22,drc,83.0,8.0,6.0,118.5,0.0,0.0,1.0,9.0,7.0,-41.8,4.0
2019-02-22,europe_east,1602.0,191.0,116.0,2577.9,2.0,0.0,69.0,32.0,9.0,28.8,0.0
2019-02-22,iran,1592.0,290.0,312.0,-588.9,26.0,1.0,149.0,271.0,116.0,-198.7,23.0
2019-02-22,israel,3727.0,591.0,727.0,-668.7,23.0,9.0,284.0,558.0,288.0,-1254.7,51.0
2019-02-22,korea,2554.0,276.0,220.0,3644.5,5.0,10.0,94.0,569.0,120.0,830.7,9.0
2019-02-22,libya,252.0,35.0,66.0,-207.5,2.0,9.0,10.0,5.0,1.0,14.5,0.0
2019-02-22,scs,3392.0,372.0,468.0,2810.9,7.0,4.0,215.0,76.0,13.0,134.0,5.0
2019-02-22,southasia,13401.0,2377.0,2426.0,-2683.9,127.0,63.0,909.0,299.0,172.0,-545.5,50.0
2019-02-22,sudan,667.0,137.0,117.0,-73.3,6.0,7.0,78.0,4.0,4.0,-8.0,0.0
2019-02-22,taiwan,359.0,47.0,46.0,433.6,1.0,1.0,34.0,92.0,35.0,106.4,8.0
2019-02-22,ukraine,1484.0,215.0,183.0,1356.5,2.0,1.0,104.0,273.0,106.0,5.0,17.0
2019-02-22,venezuela,2793.0,438.0,514.0,602.9,12.0,12.0,228.0,461.0,166.0,317.7,12.0
2019-02-22,yemen,467.0,73.0,61.0,298.4,0.0,4.0,17.0,116.0,28.0,88.3,0.0
2019-02-23,drc,52.0,0.0,5.0,113.2,0.0,0.0,0.0,1.0,1.0,-9.0,0.0
2019-02-23,europe_east,611.0,71.0,53.0,590.3,2.0,5.0,19.0,29.0,1.0,70.3,1.0
2019-02-23,iran,1193.0,227.0,202.0,-16.3,16.0,8.0,73.0,213.0,81.0,124.0,6.0
2019-02-23,israel,2204.0,351.0,419.0,-413.0,6.0,3.0,149.0,350.0,170.0,-636.8,31.0
2019-02-23,korea,1596.0,134.0,94.0,3058.0,4.0,4.0,44.0,458.0,70.0,890.2,4.0
2019-02-23,libya,182.0,24.0,42.0,-116.9,2.0,1.0,13.0,0.0,0.0,0.0,0.0
2019-02-23,scs,2556.0,251.0,445.0,998.4,6.0,0.0,164.0,116.0,19.0,163.5,7.0
2019-02-23,southasia,11186.0,2078.0,2200.0,-6097.8,110.0,100.0,766.0,218.0,121.0,-438.0,36.0
2019-02-23,sudan,539.0,128.0,155.0,-863.1,6.0,0.0,96.0,2.0,2.0,-4.0,0.0
2019-02-23,taiwan,256.0,38.0,18.0,407.0,0.0,1.0,14.0,65.0,25.0,-9.5,12.0
2019-02-23,ukraine,482.0,59.0,83.0,18.7,3.0,1.0,30.0,105.0,55.0,-185.9,6.0
2019-02-23,venezuela,3215.0,492.0,736.0,-1020.6,5.0,9.0,327.0,543.0,186.0,361.6,22.0
2019-02-23,yemen,343.0,48.0,62.0,-56.7,0.0,2.0,16.0,93.0,34.0,-120.5,3.0
2019-02-24,drc,42.0,1.0,2.0,148.6,0.0,0.0,1.0,0.0,0.0,0.0,0.0
2019-02-24,europe_east,820.0,113.0,104.0,434.3,2.0,2.0,20.0,77.0,30.0,-12.5,3.0
2019-02-24,iran,1157.0,170.0,210.0,301.5,14.0,5.0,68.0,239.0,78.0,43.4,14.0
2019-02-24,israel,2838.0,477.0,612.0,-1461.5,15.0,11.0,258.0,563.0,275.0,-967.9,73.0
2019-02-24,korea,2229.0,217.0,132.0,3838.3,7.0,4.0,43.0,491.0,98.0,702.5,20.0
2019-02-24,libya,196.0,34.0,42.0,-203.7,5.0,0.0,12.0,7.0,2.0,-4.2,2.0
2019-02-24,scs,2695.0,273.0,327.0,2985.7,7.0,9.0,127.0,201.0,29.0,336.2,8.0
2019-02-24,southasia,8951.0,1451.0,1529.0,-1327.3,71.0,59.0,523.0,138.0,74.0,-185.3,20.0
2019-02-24,sudan,507.0,127.0,114.0,-555.6,5.0,0.0,57.0,3.0,1.0,-1.6,0.0
2019-02-24,taiwan,196.0,24.0,23.0,169.4,0.0,0.0,9.0,18.0,10.0,-38.8,0.0
2019-02-24,ukraine,495.0,74.0,99.0,-175.2,1.0,1.0,32.0,58.0,24.0,-46.5,6.0
2019-02-24,venezuela,2937.0,525.0,646.0,-1708.4,19.0,6.0,247.0,438.0,177.0,-55.2,20.0
2019-02-24,yemen,413.0,47.0,62.0,163.9,1.0,0.0,3.0,108.0,41.0,-116.7,3.0
2019-02-25,drc,74.0,3.0,10.0,85.6,0.0,0.0,2.0,1.0,1.0,-5.0,1.0
2019-02-25,europe_east,1344.0,175.0,155.0,1289.8,0.0,3.0,70.0,35.0,7.0,14.4,0.0
2019-02-25,iran,2265.0,346.0,285.0,1668.2,18.0,7.0,130.0,409.0,184.0,-206.0,27.0
2019-02-25,israel,4206.0,646.0,686.0,1306.0,25.0,6.0,322.0,674.0,321.0,-1033.5,45.0
2019-02-25,korea,3591.0,340.0,198.0,6712.2,13.0,7.0,102.0,957.0,125.0,2192.7,13.0
2019-02-25,libya,291.0,55.0,67.0,-227.2,1.0,9.0,16.0,7.0,4.0,-14.7,2.0
2019-02-25,scs,4595.0,445.0,454.0,6188.1,19.0,16.0,211.0,247.0,46.0,304.9,19.0
2019-02-25,southasia,10702.0,1869.0,1561.0,1871.4,73.0,58.0,584.0,113.0,40.0,-15.8,12.0
2019-02-25,sudan,625.0,114.0,113.0,-209.0,4.0,7.0,45.0,4.0,3.0,-21.7,0.0
2019-02-25,taiwan,402.0,55.0,31.0,433.6,1.0,0.0,20.0,72.0,24.0,11.7,7.0
2019-02-25,ukraine,1224.0,164.0,158.0,1122.1,2.0,1.0,74.0,194.0,94.0,-139.1,26.0
2019-02-25,venezuela,3124.0,586.0,597.0,-1334.0,15.0,14.0,280.0,663.0,220.0,296.8,31.0
2019-02-25,yemen,679.0,41.0,143.0,361.7,4.0,0.0,18.0,304.0,93.0,1.0,2.0
2019-02-26,drc,120.0,23.0,20.0,28.3,1.0,0.0,11.0,24.0,4.0,124.7,4.0
2019-02-26,europe_east,1274.0,149.0,145.0,1554.7,0.0,0.0,67.0,48.0,5.0,108.4,3.0
2019-02-26,iran,3317.0,514.0,262.0,4163.1,11.0,3.0,152.0,519.0,186.0,-8.6,33.0
2019-02-26,israel,4054.0,633.0,746.0,509.9,8.0,9.0,413.0,668.0,308.0,-1061.6,67.0
2019-02-26,korea,5224.0,405.0,306.0,10702.4,15.0,7.0,168.0,1088.0,114.0,2797.9,23.0
2019-02-26,libya,303.0,46.0,62.0,-113.2,0.0,0.0,14.0,6.0,0.0,20.5,0.0
2019-02-26,scs,6142.0,517.0,492.0,10743.8,11.0,15.0,229.0,460.0,59.0,960.7,4.0
2019-02-26,southasia,18560.0,2973.0,4145.0,-17961.9,244.0,149.0,571.0,624.0,351.0,-1784.8,50.0
2019-02-26,sudan,617.0,116.0,132.0,-308.0,1.0,8.0,84.0,4.0,4.0,-28.0,0.0
2019-02-26,taiwan,360.0,60.0,29.0,424.6,2.0,0.0,16.0,123.0,38.0,78.8,8.0
2019-02-26,ukraine,1124.0,139.0,171.0,576.3,4.0,10.0,86.0,243.0,100.0,-38.9,24.0
2019-02-26,venezuela,2937.0,540.0,539.0,-815.2,18.0,7.0,322.0,695.0,231.0,146.4,49.0
2019-02-26,yemen,913.0,57.0,92.0,1863.0,2.0,0.0,19.0,332.0,80.0,257.5,4.0
2019-02-27,drc,72.0,11.0,13.0,18.7,0.0,0.0,9.0,9.0,4.0,14.2,0.0
2019-02-27,europe_east,1662.0,202.0,138.0,2502.1,1.0,0.0,62.0,68.0,17.0,32.3,3.0
2019-02-27,iran,2764.0,479.0,256.0,2630.6,9.0,6.0,139.0,396.0,154.0,73.7,44.0
2019-02-27,israel,4887.0,668.0,844.0,1200.8,20.0,2.0,415.0,823.0,365.0,-985.8,92.0
2019-02-27,korea,5737.0,474.0,337.0,11710.3,25.0,10.0,186.0,1439.0,228.0,3017.9,59.0
2019-02-27,libya,232.0,23.0,65.0,-244.7,0.0,1.0,16.0,3.0,1.0,0.0,0.0
2019-02-27,scs,7016.0,648.0,591.0,11408.3,26.0,15.0,248.0,296.0,57.0,468.6,10.0
2019-02-27,southasia,20689.0,3108.0,5532.0,-28007.5,220.0,107.0,1189.0,690.0,408.0,-2113.7,106.0
2019-02-27,sudan,438.0,71.0,68.0,84.5,2.0,1.0,41.0,0.0,0.0,0.0,0.0
2019-02-27,taiwan,338.0,42.0,26.0,463.6,1.0,0.0,18.0,93.0,26.0,108.4,5.0
2019-02-27,ukraine,1042.0,141.0,148.0,243.4,0.0,5.0,81.0,209.0,94.0,-158.5,11.0
2019-02-27,venezuela,2069.0,382.0,340.0,-352.5,32.0,7.0,180.0,361.0,115.0,72.7,30.0
2019-02-27,yemen,573.0,48.0,78.0,771.5,2.0,0.0,26.0,181.0,29.0,297.1,3.0
2019-02-28,drc,142.0,9.0,37.0,10.9,0.0,0.0,11.0,1.0,1.0,-5.0,1.0
2019-02-28,europe_east,1454.0,134.0,147.0,1567.4,0.0,1.0,68.0,52.0,14.0,62.0,5.0
2019-02-28,iran,1896.0,273.0,195.0,1906.0,15.0,2.0,133.0,349.0,121.0,30.7,34.0
2019-02-28,israel,5440.0,900.0,1015.0,-553.2,24.0,11.0,487.0,908.0,463.0,-1600.3,97.0
2019-02-28,korea,7063.0,778.0,634.0,10216.2,6.0,6.0,397.0,2317.0,588.0,2550.0,152.0
2019-02-28,libya,546.0,57.0,78.0,370.5,0.0,0.0,47.0,4.0,0.0,-6.1,0.0
2019-02-28,scs,6058.0,727.0,550.0,7851.4,11.0,7.0,290.0,247.0,59.0,300.8,17.0
2019-02-28,southasia,21634.0,2825.0,4761.0,-9002.2,133.0,119.0,1289.0,663.0,322.0,-1118.8,48.0
2019-02-28,sudan,608.0,129.0,90.0,-115.7,8.0,3.0,56.0,0.0,0.0,0.0,0.0
2019-02-28,taiwan,337.0,29.0,34.0,306.7,0.0,0.0,18.0,63.0,16.0,60.9,6.0
2019-02-28,ukraine,1116.0,152.0,154.0,652.4,4.0,4.0,77.0,235.0,100.0,-93.7,37.0
2019-02-28,venezuela,1843.0,293.0,261.0,476.1,14.0,9.0,128.0,289.0,68.0,200.9,7.0
2019-02-28,yemen,340.0,25.0,42.0,453.2,0.0,0.0,8.0,109.0,27.0,38.6,4.0
2019-03-01,drc,77.0,11.0,24.0,-69.6,0.0,0.0,5.0,0.0,0.0,0.0,0.0
2019-03-01,europe_east,1176.0,131.0,107.0,1427.7,3.0,2.0,50.0,93.0,7.0,263.8,0.0
2019-03-01,iran,1440.0,233.0,187.0,1116.2,15.0,6.0,111.0,207.0,90.0,-27.2,11.0
2019-03-01,israel,4149.0,768.0,818.0,-1710.8,20.0,2.0,373.0,517.0,277.0,-1197.3,63.0
2019-03-01,korea,5164.0,702.0,498.0,6355.1,3.0,5.0,314.0,1796.0,508.0,1746.7,131.0
2019-03-01,libya,329.0,34.0,46.0,370.4,0.0,0.0,20.0,0.0,0.0,0.0,0.0
2019-03-01,scs,4418.0,485.0,470.0,5047.1,24.0,9.0,261.0,327.0,90.0,300.5,26.0
2019-03-01,southasia,19830.0,2575.0,3861.0,-56.8,110.0,71.0,1061.0,627.0,226.0,-15.0,29.0
2019-03-01,sudan,437.0,109.0,84.0,-215.2,3.0,0.0,56.0,0.0,0.0,0.0,0.0
2019-03-01,taiwan,330.0,27.0,19.0,512.9,0.0,0.0,8.0,56.0,16.0,27.3,2.0
2019-03-01,ukraine,1151.0,119.0,149.0,1290.3,2.0,9.0,86.0,192.0,83.0,-104.3,30.0
2019-03-01,venezuela,1975.0,391.0,291.0,326.8,9.0,5.0,170.0,389.0,155.0,-143.7,11.0
2019-03-01,yemen,319.0,36.0,36.0,437.8,1.0,1.0,8.0,113.0,21.0,160.0,0.0
2019-03-02,drc,62.0,13.0,13.0,-4.5,0.0,0.0,1.0,8.0,1.0,30.5,0.0
2019-03-02,europe_east,633.0,85.0,47.0,675.0,1.0,0.0,24.0,40.0,9.0,60.6,1.0
2019-03-02,iran,988.0,138.0,154.0,600.1,2.0,0.0,89.0,140.0,70.0,-121.9,10.0
2019-03-02,israel,2371.0,423.0,488.0,-807.1,6.0,2.0,254.0,337.0,191.0,-858.8,43.0
2019-03-02,korea,3009.0,400.0,362.0,3064.9,2.0,3.0,179.0,927.0,271.0,667.4,87.0
2019-03-02,libya,177.0,16.0,32.0,132.4,2.0,0.0,8.0,0.0,0.0,0.0,0.0
2019-03-02,scs,2866.0,335.0,313.0,3076.6,9.0,10.0,138.0,206.0,35.0,406.2,7.0
2019-03-02,southasia,14732.0,1947.0,3218.0,-5750.0,86.0,66.0,787.0,434.0,205.0,-662.9,35.0
2019-03-02,sudan,410.0,100.0,89.0,-430.1,2.0,0.0,65.0,1.0,0.0,0.0,0.0
2019-03-02,taiwan,197.0,22.0,11.0,274.3,0.0,0.0,5.0,44.0,5.0,117.7,2.0
2019-03-02,ukraine,463.0,83.0,55.0,153.3,0.0,4.0,26.0,120.0,55.0,-118.8,5.0
2019-03-02,venezuela,1084.0,199.0,181.0,-73.2,0.0,0.0,104.0,189.0,72.0,-92.8,0.0
2019-03-02,yemen,253.0,33.0,33.0,282.2,1.0,3.0,5.0,55.0,22.0,-7.7,1.0
2019-03-03,drc,42.0,8.0,7.0,10.7,0.0,0.0,5.0,8.0,5.0,-20.5,1.0
2019-03-03,europe_east,539.0,56.0,47.0,879.4,1.0,3.0,18.0,57.0,13.0,75.8,5.0
2019-03-03,iran,1058.0,185.0,159.0,106.2,8.0,5.0,80.0,133.0,57.0,-199.8,5.0
2019-03-03,israel,2844.0,497.0,528.0,-793.4,4.0,5.0,274.0,434.0,205.0,-772.6,38.0
2019-03-03,korea,2526.0,379.0,342.0,1988.9,9.0,3.0,144.0,734.0,250.0,-62.7,85.0
2019-03-03,libya,141.0,16.0,30.0,43.1,0.0,0.0,17.0,0.0,0.0,0.0,0.0
2019-03-03,scs,2224.0,278.0,224.0,2227.3,11.0,5.0,82.0,137.0,44.0,-63.6,8.0
2019-03-03,southasia,11634.0,1673.0,2561.0,-7125.4,52.0,42.0,556.0,280.0,123.0,-559.1,15.0
2019-03-03,sudan,264.0,43.0,30.0,232.9,0.0,0.0,22.0,2.0,0.0,7.0,0.0
2019-03-03,taiwan,258.0,26.0,27.0,254.5,0.0,0.0,21.0,60.0,17.0,14.9,4.0
2019-03-03,ukraine,380.0,50.0,99.0,-196.9,0.0,0.0,59.0,87.0,51.0,-155.8,20.0
2019-03-03,venezuela,909.0,155.0,128.0,329.5,3.0,2.0,83.0,149.0,46.0,-6.3,4.0
2019-03-03,yemen,358.0,31.0,43.0,430.7,1.0,0.0,4.0,146.0,34.0,147.8,2.0
2019-03-04,drc,101.0,4.0,15.0,125.6,2.0,0.0,1.0,22.0,18.0,-140.5,7.0
2019-03-04,europe_east,1155.0,158.0,86.0,1104.8,1.0,2.0,35.0,86.0,13.0,220.7,9.0
2019-03-04,iran,1698.0,299.0,292.0,-66.5,6.0,11.0,158.0,210.0,100.0,-250.9,21.0
2019-03-04,israel,4575.0,716.0,935.0,-1316.0,31.0,30.0,393.0,750.0,373.0,-1496.3,39.0
2019-03-04,korea,2950.0,371.0,343.0,4414.1,4.0,3.0,183.0,938.0,235.0,1554.1,70.0
2019-03-04,libya,262.0,34.0,35.0,263.9,0.0,0.0,25.0,0.0,0.0,0.0,0.0
2019-03-04,scs,3340.0,394.0,389.0,3296.2,7.0,4.0,198.0,194.0,40.0,207.7,7.0
2019-03-04,southasia,14148.0,2212.0,2833.0,-5575.9,82.0,31.0,706.0,273.0,137.0,-785.0,25.0
2019-03-04,sudan,594.0,115.0,61.0,393.4,3.0,2.0,39.0,7.0,5.0,0.4,0.0
2019-03-04,taiwan,373.0,36.0,27.0,602.5,0.0,1.0,17.0,104.0,26.0,104.1,1.0
2019-03-04,ukraine,841.0,120.0,123.0,530.6,2.0,3.0,74.0,156.0,73.0,-161.4,11.0
2019-03-04,venezuela,2032.0,361.0,247.0,678.5,3.0,10.0,147.0,403.0,160.0,-180.3,17.0
2019-03-04,yemen,465.0,60.0,78.0,-3.1,2.0,0.0,12.0,210.0,64.0,72.1,2.0
2019-03-05,drc,36.0,1.0,7.0,48.8,0.0,0.0,3.0,6.0,0.0,14.1,0.0
2019-03-05,europe_east,1376.0,146.0,106.0,1638.4,1.0,0.0,62.0,123.0,18.0,150.6,2.0
2019-03-05,iran,1698.0,294.0,235.0,697.3,13.0,6.0,134.0,196.0,71.0,-29.3,21.0
2019-03-05,israel,4508.0,779.0,831.0,-665.2,20.0,33.0,366.0,604.0,295.0,-1120.9,57.0
2019-03-05,korea,2333.0,275.0,240.0,3051.9,5.0,5.0,114.0,580.0,129.0,828.0,34.0
2019-03-05,libya,323.0,35.0,75.0,89.0,1.0,0.0,52.0,0.0,0.0,0.0,0.0
2019-03-05,scs,3252.0,343.0,284.0,4412.7,7.0,3.0,147.0,150.0,34.0,111.3,8.0
2019-03-05,southasia,14980.0,2496.0,3180.0,-9060.1,136.0,43.0,947.0,339.0,159.0,-763.6,8.0
2019-03-05,sudan,650.0,116.0,97.0,31.4,2.0,4.0,59.0,6.0,1.0,2.8,0.0
2019-03-05,taiwan,379.0,41.0,21.0,589.0,0.0,2.0,18.0,94.0,14.0,177.9,0.0
2019-03-05,ukraine,1053.0,119.0,130.0,1404.4,2.0,4.0,78.0,157.0,57.0,47.9,17.0
2019-03-05,venezuela,1429.0,245.0,193.0,592.1,5.0,8.0,127.0,267.0,99.0,-87.9,17.0
2019-03-05,yemen,416.0,42.0,70.0,154.0,2.0,1.0,14.0,142.0,51.0,-62.2,6.0
2019-03-06,drc,53.0,6.0,5.0,91.5,0.0,0.0,3.0,0.0,0.0,0.0,0.0
2019-03-06,europe_east,1303.0,139.0,124.0,1602.9,4.0,6.0,70.0,31.0,14.0,16.2,4.0
2019-03-06,iran,1917.0,333.0,298.0,1267.5,8.0,4.0,163.0,248.0,113.0,-64.8,9.0
2019-03-06,israel,5009.0,897.0,841.0,-271.9,10.0,10.0,366.0,668.0,335.0,-1270.0,65.0
2019-03-06,korea,2718.0,296.0,279.0,3445.5,12.0,2.0,143.0,636.0,152.0,929.2,22.0
2019-03-06,libya,416.0,54.0,74.0,196.1,0.0,1.0,35.0,4.0,0.0,17.0,0.0
2019-03-06,scs,3072.0,408.0,354.0,2510.7,15.0,7.0,183.0,118.0,23.0,137.9,5.0
2019-03-06,southasia,13396.0,2164.0,2476.0,-3597.7,56.0,33.0,860.0,362.0,116.0,-188.2,27.0
2019-03-06,sudan,446.0,72.0,49.0,401.5,2.0,2.0,18.0,0.0,0.0,0.0,0.0
2019-03-06,taiwan,310.0,41.0,28.0,313.2,2.0,3.0,14.0,97.0,29.0,-13.0,5.0
2019-03-06,ukraine,1063.0,157.0,130.0,758.2,13.0,5.0,67.0,257.0,99.0,-51.9,20.0
2019-03-06,venezuela,1549.0,324.0,238.0,54.4,19.0,0.0,171.0,328.0,135.0,-107.5,43.0
2019-03-06,yemen,606.0,65.0,126.0,-65.9,6.0,6.0,17.0,290.0,67.0,229.5,5.0
2019-03-07,drc,98.0,10.0,19.0,23.1,0.0,0.0,3.0,3.0,1.0,-4.0,0.0
2019-03-07,europe_east,1375.0,164.0,125.0,1879.6,6.0,0.0,78.0,56.0,15.0,110.5,6.0
2019-03-07,iran,1996.0,300.0,322.0,553.6,8.0,3.0,204.0,335.0,124.0,-38.8,14.0
2019-03-07,israel,5258.0,918.0,937.0,-935.8,15.0,9.0,384.0,873.0,454.0,-1821.3,76.0
2019-03-07,korea,2602.0,388.0,253.0,3236.4,2.0,28.0,111.0,852.0,260.0,1000.2,62.0
2019-03-07,libya,405.0,62.0,54.0,120.5,0.0,0.0,20.0,0.0,0.0,0.0,0.0
2019-03-07,scs,2921.0,420.0,342.0,2355.4,6.0,3.0,171.0,110.0,32.0,-48.9,6.0
2019-03-07,southasia,13870.0,2263.0,2580.0,-3379.9,56.0,31.0,951.0,275.0,100.0,-263.8,13.0
2019-03-07,sudan,589.0,78.0,65.0,629.7,1.0,2.0,29.0,0.0,0.0,0.0,0.0
2019-03-07,taiwan,447.0,47.0,50.0,374.0,0.0,3.0,27.0,87.0,14.0,52.4,4.0
2019-03-07,ukraine,1031.0,148.0,159.0,406.0,9.0,1.0,94.0,262.0,102.0,-103.3,20.0
2019-03-07,venezuela,1878.0,350.0,305.0,29.4,11.0,8.0,205.0,424.0,158.0,-92.6,62.0
2019-03-07,yemen,602.0,57.0,111.0,181.6,4.0,1.0,8.0,166.0,41.0,159.4,7.0
2019-03-08,drc,61.0,7.0,12.0,-0.2,0.0,1.0,0.0,8.0,0.0,36.0,0.0
2019-03-08,europe_east,1351.0,140.0,191.0,1297.4,4.0,7.0,105.0,25.0,11.0,-42.9,4.0
2019-03-08,iran,1816.0,348.0,327.0,-481.1,6.0,0.0,206.0,302.0,106.0,24.2,27.0
2019-03-08,israel,4886.0,997.0,846.0,-1533.4,19.0,11.0,351.0,725.0,396.0,-1661.7,88.0
2019-03-08,korea,2113.0,312.0,207.0,2216.8,0.0,10.0,109.0,653.0,178.0,792.4,23.0
2019-03-08,libya,262.0,61.0,28.0,142.8,0.0,2.0,11.0,0.0,0.0,0.0,0.0
2019-03-08,scs,2931.0,369.0,380.0,1978.0,0.0,4.0,160.0,210.0,61.0,-6.3,12.0
2019-03-08,southasia,12219.0,2041.0,1967.0,667.9,53.0,25.0,699.0,210.0,92.0,-327.4,13.0
2019-03-08,sudan,513.0,80.0,86.0,243.6,1.0,6.0,46.0,0.0,0.0,0.0,0.0
2019-03-08,taiwan,414.0,44.0,46.0,481.2,0.0,0.0,30.0,83.0,19.0,55.6,2.0
2019-03-08,ukraine,1291.0,163.0,222.0,1029.3,2.0,0.0,172.0,215.0,112.0,-316.6,23.0
2019-03-08,venezuela,1672.0,370.0,201.0,405.2,9.0,10.0,123.0,362.0,145.0,-81.9,41.0
2019-03-08,yemen,341.0,43.0,110.0,-639.3,0.0,0.0,13.0,67.0,41.0,-200.4,3.0
2019-03-09,drc,70.0,5.0,20.0,-52.7,0.0,0.0,6.0,0.0,0.0,0.0,0.0
2019-03-09,europe_east,721.0,152.0,75.0,412.9,3.0,0.0,43.0,42.0,16.0,-28.2,6.0
2019-03-09,iran,1561.0,233.0,193.0,1254.5,8.0,6.0,94.0,231.0,73.0,112.8,9.0
2019-03-09,israel,2828.0,541.0,505.0,-961.9,13.0,3.0,199.0,463.0,258.0,-1359.5,45.0
2019-03-09,korea,1232.0,172.0,123.0,1274.5,2.0,3.0,73.0,352.0,131.0,109.8,13.0
2019-03-09,libya,226.0,40.0,43.0,-23.1,0.0,0.0,16.0,0.0,0.0,0.0,0.0
2019-03-09,scs,2069.0,263.0,310.0,999.2,3.0,7.0,144.0,128.0,47.0,-80.6,3.0
2019-03-09,southasia,10346.0,1832.0,1774.0,-2081.5,62.0,20.0,592.0,270.0,106.0,-366.4,11.0
2019-03-09,sudan,470.0,71.0,86.0,90.0,1.0,0.0,48.0,2.0,0.0,2.0,0.0
2019-03-09,taiwan,220.0,14.0,11.0,494.5,0.0,0.0,2.0,41.0,5.0,78.7,0.0
2019-03-09,ukraine,681.0,111.0,189.0,-924.8,0.0,0.0,94.0,158.0,75.0,-215.8,16.0
2019-03-09,venezuela,1167.0,275.0,154.0,176.9,1.0,8.0,108.0,239.0,93.0,6.1,18.0
2019-03-09,yemen,174.0,20.0,54.0,-294.4,0.0,0.0,2.0,35.0,9.0,5.6,0.0
2019-03-10,drc,62.0,0.0,12.0,47.1,0.0,0.0,2.0,17.0,3.0,8.2,0.0
2019-03-10,europe_east,584.0,47.0,50.0,682.7,0.0,2.0,23.0,15.0,4.0,-13.6,0.0
2019-03-10,iran,1449.0,233.0,184.0,462.9,8.0,2.0,82.0,167.0,66.0,-1.8,7.0
2019-03-10,israel,3413.0,537.0,617.0,-667.3,9.0,6.0,223.0,595.0,278.0,-1126.1,44.0
2019-03-10,korea,1109.0,163.0,109.0,1029.8,3.0,2.0,61.0,224.0,76.0,220.9,2.0
2019-03-10,libya,214.0,32.0,23.0,197.2,1.0,0.0,11.0,0.0,0.0,0.0,0.0
2019-03-10,scs,1845.0,241.0,279.0,521.8,2.0,3.0,98.0,63.0,25.0,-45.7,4.0
2019-03-10,southasia,8557.0,1378.0,1416.0,-649.3,40.0,29.0,353.0,170.0,75.0,-272.0,3.0
2019-03-10,sudan,451.0,85.0,99.0,-212.6,0.0,4.0,59.0,2.0,2.0,-20.0,0.0
2019-03-10,taiwan,306.0,62.0,14.0,288.9,0.0,0.0,5.0,94.0,21.0,114.6,1.0
2019-03-10,ukraine,511.0,85.0,168.0,-1025.2,1.0,2.0,52.0,69.0,27.0,-76.0,6.0
2019-03-10,venezuela,921.0,225.0,95.0,311.6,2.0,7.0,50.0,186.0,69.0,100.4,2.0
2019-03-10,yemen,255.0,29.0,76.0,-373.8,1.0,0.0,4.0,70.0,35.0,-234.7,0.0
2019-03-11,drc,100.0,4.0,17.0,87.6,0.0,2.0,2.0,8.0,5.0,-30.0,2.0
2019-03-11,europe_east,1087.0,106.0,79.0,1664.5,1.0,4.0,25.0,43.0,11.0,17.9,3.0
2019-03-11,iran,2117.0,247.0,285.0,1689.3,6.0,1.0,170.0,314.0,87.0,318.8,29.0
2019-03-11,israel,4282.0,724.0,656.0,676.4,14.0,8.0,295.0,737.0,297.0,-797.4,71.0
2019-03-11,korea,1952.0,269.0,207.0,2117.2,15.0,4.0,107.0,357.0,117.0,206.0,16.0
2019-03-11,libya,275.0,37.0,55.0,10.0,0.0,3.0,16.0,1.0,0.0,7.0,0.0
2019-03-11,scs,2934.0,427.0,407.0,1750.9,10.0,0.0,176.0,145.0,46.0,239.2,6.0
2019-03-11,southasia,11379.0,1717.0,1795.0,2273.7,41.0,37.0,593.0,194.0,75.0,-222.2,6.0
2019-03-11,sudan,628.0,129.0,129.0,-318.9,0.0,9.0,90.0,0.0,0.0,0.0,0.0
2019-03-11,taiwan,411.0,51.0,29.0,686.9,0.0,0.0,16.0,137.0,23.0,298.2,3.0
2019-03-11,ukraine,990.0,125.0,174.0,138.0,6.0,1.0,68.0,205.0,76.0,-30.6,12.0
2019-03-11,venezuela,1444.0,409.0,215.0,-694.6,10.0,5.0,113.0,345.0,168.0,-251.1,16.0
2019-03-11,yemen,384.0,49.0,114.0,-528.0,0.0,0.0,4.0,99.0,43.0,-36.8,2.0
2019-03-12,drc,73.0,5.0,24.0,-102.3,0.0,0.0,4.0,2.0,0.0,4.7,0.0
2019-03-12,europe_east,1240.0,142.0,119.0,1316.0,5.0,5.0,53.0,111.0,58.0,-167.3,21.0
2019-03-12,iran,1994.0,245.0,324.0,1212.9,6.0,2.0,237.0,259.0,96.0,-62.9,26.0
2019-03-12,israel,4566.0,719.0,910.0,-1101.3,17.0,4.0,332.0,735.0,416.0,-2258.9,71.0
2019-03-12,korea,1851.0,223.0,263.0,1569.4,5.0,1.0,177.0,350.0,83.0,292.0,3.0
2019-03-12,libya,338.0,40.0,63.0,23.0,0.0,0.0,21.0,0.0,0.0,0.0,0.0
2019-03-12,scs,3375.0,532.0,465.0,1388.4,16.0,3.0,181.0,105.0,28.0,7.6,7.0
2019-03-12,southasia,12380.0,1837.0,1811.0,3697.5,58.0,55.0,647.0,178.0,64.0,-140.8,14.0
2019-03-12,sudan,756.0,111.0,145.0,170.1,2.0,15.0,78.0,6.0,2.0,-0.6,0.0
2019-03-12,taiwan,644.0,74.0,52.0,987.9,0.0,0.0,44.0,184.0,52.0,173.9,15.0
2019-03-12,ukraine,994.0,143.0,142.0,567.2,5.0,2.0,64.0,180.0,61.0,47.6,9.0
2019-03-12,venezuela,1942.0,507.0,324.0,-419.1,10.0,12.0,242.0,576.0,267.0,66.3,39.0
2019-03-12,yemen,372.0,79.0,108.0,-791.6,14.0,0.0,10.0,71.0,31.0,-119.8,5.0
2019-03-13,drc,104.0,12.0,41.0,-285.1,0.0,0.0,9.0,2.0,0.0,1.0,0.0
2019-03-13,europe_east,1145.0,144.0,109.0,1333.4,7.0,9.0,50.0,35.0,10.0,20.5,2.0
2019-03-13,iran,1918.0,296.0,238.0,1581.8,7.0,2.0,135.0,303.0,138.0,-310.1,17.0
2019-03-13,israel,4371.0,786.0,850.0,-1686.7,16.0,8.0,328.0,770.0,359.0,-1158.8,55.0
2019-03-13,korea,1474.0,186.0,166.0,1231.0,5.0,0.0,88.0,316.0,71.0,554.8,1.0
2019-03-13,libya,204.0,26.0,25.0,183.4,0.0,0.0,11.0,0.0,0.0,0.0,0.0
2019-03-13,scs,2986.0,440.0,379.0,2207.7,10.0,8.0,143.0,82.0,25.0,-8.7,3.0
2019-03-13,southasia,12532.0,2081.0,1941.0,1800.4,77.0,40.0,802.0,169.0,69.0,-174.9,23.0
2019-03-13,sudan,681.0,129.0,154.0,-291.3,1.0,4.0,86.0,1.0,1.0,-2.0,0.0
2019-03-13,taiwan,321.0,49.0,13.0,462.7,0.0,0.0,9.0,101.0,40.0,-12.4,7.0
2019-03-13,ukraine,1280.0,183.0,181.0,877.3,1.0,2.0,113.0,369.0,140.0,46.0,40.0
2019-03-13,venezuela,1671.0,403.0,246.0,-24.7,6.0,14.0,177.0,473.0,244.0,-417.2,38.0
2019-03-13,yemen,456.0,98.0,83.0,-395.0,4.0,2.0,15.0,133.0,63.0,-193.3,0.0
2019-03-14,drc,159.0,15.0,46.0,-153.9,0.0,0.0,17.0,4.0,0.0,9.4,0.0
2019-03-14,europe_east,1549.0,169.0,89.0,1890.2,8.0,1.0,44.0,65.0,9.0,48.2,5.0
2019-03-14,iran,1743.0,241.0,287.0,661.3,6.0,0.0,178.0,271.0,103.0,-52.2,14.0
2019-03-14,israel,4505.0,769.0,914.0,-2271.8,23.0,7.0,348.0,841.0,466.0,-2368.5,79.0
2019-03-14,korea,1359.0,158.0,139.0,1882.3,10.0,3.0,92.0,208.0,44.0,276.6,7.0
2019-03-14,libya,219.0,27.0,14.0,407.8,2.0,0.0,10.0,0.0,0.0,0.0,0.0
2019-03-14,scs,3404.0,531.0,397.0,2195.2,12.0,2.0,146.0,121.0,24.0,140.4,11.0
2019-03-14,southasia,12765.0,2179.0,1855.0,5887.7,31.0,17.0,810.0,203.0,51.0,218.8,12.0
2019-03-14,sudan,472.0,97.0,90.0,-247.8,0.0,0.0,44.0,1.0,1.0,-2.0,0.0
2019-03-14,taiwan,351.0,54.0,24.0,678.3,1.0,0.0,16.0,79.0,22.0,45.0,4.0
2019-03-14,ukraine,1049.0,125.0,152.0,593.1,0.0,5.0,78.0,189.0,76.0,-107.9,17.0
2019-03-14,venezuela,1153.0,299.0,156.0,22.6,8.0,3.0,96.0,271.0,132.0,-125.0,21.0
2019-03-14,yemen,816.0,215.0,117.0,-301.3,2.0,1.0,31.0,241.0,116.0,-230.6,8.0
2019-03-15,drc,87.0,10.0,10.0,101.5,0.0,0.0,0.0,15.0,3.0,18.1,0.0
2019-03-15,europe_east,1537.0,198.0,102.0,2216.3,1.0,1.0,41.0,69.0,24.0,-14.2,2.0
2019-03-15,iran,1556.0,225.0,256.0,204.5,9.0,5.0,138.0,323.0,140.0,-451.1,42.0
2019-03-15,israel,4871.0,905.0,1052.0,-4662.9,23.0,9.0,223.0,1075.0,643.0,-3757.9,42.0
2019-03-15,korea,1764.0,261.0,202.0,1833.9,1.0,9.0,119.0,388.0,113.0,442.4,8.0
2019-03-15,libya,182.0,21.0,23.0,200.2,0.0,0.0,5.0,1.0,0.0,7.4,0.0
2019-03-15,scs,3184.0,456.0,554.0,305.2,9.0,5.0,265.0,54.0,16.0,28.0,2.0
2019-03-15,southasia,10465.0,2153.0,1474.0,215.1,29.0,18.0,572.0,75.0,31.0,-45.1,4.0
2019-03-15,sudan,419.0,97.0,65.0,-163.6,0.0,1.0,30.0,0.0,0.0,0.0,0.0
2019-03-15,taiwan,425.0,43.0,45.0,494.9,1.0,2.0,26.0,59.0,19.0,20.5,5.0
2019-03-15,ukraine,1242.0,198.0,218.0,282.4,1.0,1.0,164.0,311.0,143.0,-191.8,13.0
2019-03-15,venezuela,1259.0,265.0,213.0,-193.1,6.0,10.0,119.0,376.0,183.0,-264.5,15.0
2019-03-15,yemen,441.0,126.0,82.0,-443.2,1.0,6.0,11.0,82.0,35.0,-100.1,0.0
2019-03-16,drc,37.0,9.0,9.0,-91.6,0.0,0.0,1.0,8.0,0.0,18.8,0.0
2019-03-16,europe_east,598.0,81.0,87.0,237.8,0.0,8.0,43.0,22.0,11.0,7.5,0.0
2019-03-16,iran,1286.0,199.0,248.0,194.8,4.0,0.0,164.0,361.0,142.0,-226.8,74.0
2019-03-16,israel,2479.0,484.0,488.0,-1515.3,11.0,4.0,148.0,506.0,280.0,-1259.3,30.0
2019-03-16,korea,816.0,129.0,81.0,572.5,2.0,0.0,33.0,174.0,47.0,151.1,2.0
2019-03-16,libya,96.0,10.0,16.0,38.2,0.0,1.0,3.0,0.0,0.0,0.0,0.0
2019-03-16,scs,1849.0,251.0,355.0,-5.6,2.0,3.0,140.0,46.0,16.0,78.8,1.0
2019-03-16,southasia,8693.0,1734.0,1425.0,-1488.7,28.0,24.0,437.0,92.0,42.0,-111.7,0.0
2019-03-16,sudan,327.0,37.0,32.0,440.2,0.0,0.0,16.0,0.0,0.0,0.0,0.0
2019-03-16,taiwan,239.0,28.0,24.0,203.6,0.0,1.0,9.0,47.0,13.0,-10.0,2.0
2019-03-16,ukraine,508.0,110.0,127.0,-638.1,1.0,2.0,83.0,204.0,133.0,-603.0,17.0
2019-03-16,venezuela,733.0,137.0,86.0,502.0,5.0,0.0,64.0,177.0,81.0,-24.9,1.0
2019-03-16,yemen,217.0,47.0,55.0,-298.0,1.0,0.0,3.0,34.0,19.0,-83.4,1.0
2019-03-17,drc,41.0,10.0,8.0,-68.8,2.0,0.0,1.0,5.0,5.0,-37.5,0.0
2019-03-17,europe_east,490.0,69.0,49.0,411.7,0.0,1.0,17.0,23.0,11.0,-19.8,0.0
2019-03-17,iran,1379.0,183.0,300.0,67.5,1.0,3.0,227.0,397.0,187.0,-435.2,101.0
2019-03-17,israel,3308.0,609.0,975.0,-5689.8,18.0,5.0,309.0,749.0,459.0,-2771.5,46.0
2019-03-17,korea,642.0,81.0,71.0,569.4,0.0,0.0,32.0,82.0,29.0,100.3,4.0
2019-03-17,libya,121.0,14.0,32.0,-156.4,0.0,0.0,2.0,2.0,0.0,4.7,0.0
2019-03-17,scs,1692.0,232.0,277.0,262.1,5.0,2.0,102.0,20.0,2.0,40.8,0.0
2019-03-17,southasia,8923.0,1534.0,1488.0,-1679.0,41.0,26.0,404.0,61.0,30.0,-83.7,4.0
2019-03-17,sudan,461.0,68.0,56.0,484.6,1.0,0.0,34.0,5.0,2.0,-5.5,0.0
2019-03-17,taiwan,140.0,8.0,12.0,236.3,0.0,2.0,5.0,54.0,11.0,55.6,3.0
2019-03-17,ukraine,386.0,71.0,103.0,-316.9,0.0,0.0,58.0,146.0,85.0,-336.4,6.0
2019-03-17,venezuela,820.0,177.0,86.0,393.2,2.0,0.0,54.0,161.0,65.0,-16.6,1.0
2019-03-17,yemen,221.0,21.0,66.0,-223.4,2.0,0.0,4.0,50.0,35.0,-239.9,1.0
2019-03-18,drc,98.0,11.0,23.0,-38.9,0.0,1.0,11.0,10.0,3.0,-13.1,0.0
2019-03-18,europe_east,1225.0,122.0,131.0,1539.7,3.0,16.0,52.0,50.0,14.0,-3.9,7.0
2019-03-18,iran,2099.0,327.0,386.0,49.2,2.0,1.0,193.0,468.0,191.0,-156.2,62.0
2019-03-18,israel,5099.0,895.0,1199.0,-4772.4,33.0,6.0,414.0,1060.0,595.0,-2868.9,86.0
2019-03-18,korea,1546.0,154.0,163.0,2166.7,4.0,4.0,70.0,329.0,90.0,405.1,26.0
2019-03-18,libya,315.0,34.0,45.0,174.7,2.0,1.0,6.0,5.0,2.0,-3.7,0.0
2019-03-18,scs,2883.0,360.0,419.0,1647.4,5.0,3.0,168.0,135.0,21.0,303.6,4.0
2019-03-18,southasia,10549.0,1550.0,1698.0,1396.9,27.0,28.0,498.0,88.0,46.0,-164.4,6.0
2019-03-18,sudan,642.0,86.0,94.0,421.6,0.0,0.0,49.0,5.0,2.0,1.0,0.0
2019-03-18,taiwan,393.0,48.0,38.0,532.5,0.0,0.0,25.0,72.0,14.0,116.1,2.0
2019-03-18,ukraine,1495.0,212.0,176.0,899.1,1.0,5.0,72.0,446.0,183.0,-363.5,33.0
2019-03-18,venezuela,914.0,145.0,128.0,474.0,4.0,5.0,85.0,179.0,53.0,93.3,4.0
2019-03-18,yemen,372.0,59.0,56.0,1.5,4.0,0.0,10.0,100.0,55.0,-314.9,7.0
2019-03-19,drc,187.0,16.0,59.0,-317.3,2.0,2.0,7.0,9.0,7.0,-39.2,0.0
2019-03-19,europe_east,1461.0,194.0,135.0,2120.5,0.0,13.0,52.0,77.0,43.0,-184.7,3.0
2019-03-19,iran,2007.0,309.0,304.0,666.6,8.0,6.0,142.0,421.0,146.0,6.4,22.0
2019-03-19,israel,5433.0,883.0,989.0,-1433.3,12.0,13.0,350.0,972.0,424.0,-1296.8,58.0
2019-03-19,korea,1489.0,190.0,174.0,1399.9,9.0,1.0,87.0,311.0,93.0,206.8,11.0
2019-03-19,libya,304.0,34.0,35.0,263.9,0.0,1.0,18.0,3.0,1.0,-10.0,0.0
2019-03-19,scs,2945.0,391.0,399.0,1855.0,3.0,11.0,178.0,156.0,24.0,334.5,7.0
2019-03-19,southasia,10640.0,1647.0,1681.0,2237.1,25.0,35.0,658.0,90.0,39.0,-92.5,8.0
2019-03-19,sudan,524.0,97.0,64.0,377.2,0.0,2.0,30.0,1.0,1.0,-6.5,0.0
2019-03-19,taiwan,358.0,31.0,27.0,655.6,1.0,0.0,22.0,94.0,34.0,30.9,10.0
2019-03-19,ukraine,1251.0,205.0,197.0,40.5,1.0,8.0,70.0,361.0,149.0,-242.8,29.0
2019-03-19,venezuela,1329.0,220.0,167.0,958.0,3.0,0.0,93.0,341.0,155.0,-405.6,15.0
2019-03-19,yemen,504.0,84.0,124.0,-413.3,2.0,0.0,11.0,111.0,30.0,21.2,1.0
2019-03-20,drc,76.0,9.0,16.0,-43.7,2.0,1.0,2.0,4.0,4.0,-39.5,0.0
2019-03-20,europe_east,1388.0,143.0,118.0,2304.3,3.0,12.0,59.0,74.0,18.0,127.7,0.0
2019-03-20,iran,2041.0,292.0,317.0,661.9,8.0,4.0,149.0,454.0,145.0,165.4,18.0
2019-03-20,israel,5540.0,748.0,974.0,233.9,8.0,8.0,321.0,1092.0,508.0,-2123.6,54.0
2019-03-20,korea,1150.0,141.0,152.0,777.9,6.0,0.0,82.0,203.0,69.0,151.4,7.0
2019-03-20,libya,362.0,55.0,100.0,-542.7,1.0,1.0,19.0,9.0,1.0,5.4,0.0
2019-03-20,scs,2904.0,383.0,379.0,1977.8,7.0,5.0,168.0,239.0,46.0,504.9,6.0
2019-03-20,southasia,10814.0,1953.0,1650.0,978.8,35.0,33.0,651.0,92.0,39.0,-115.4,5.0
2019-03-20,sudan,610.0,120.0,50.0,632.8,0.0,0.0,26.0,3.0,0.0,0.8,0.0
2019-03-20,taiwan,373.0,34.0,20.0,664.0,1.0,0.0,16.0,57.0,8.0,111.0,0.0
2019-03-20,ukraine,1126.0,117.0,173.0,811.0,1.0,9.0,115.0,271.0,91.0,181.9,26.0
2019-03-20,venezuela,1125.0,173.0,162.0,887.4,9.0,1.0,85.0,222.0,104.0,-329.8,9.0
2019-03-20,yemen,520.0,74.0,89.0,231.1,4.0,5.0,16.0,98.0,27.0,84.6,2.0
2019-03-21,drc,41.0,3.0,8.0,19.7,0.0,0.0,0.0,16.0,5.0,36.9,1.0
2019-03-21,europe_east,1510.0,211.0,146.0,2295.6,0.0,0.0,86.0,176.0,59.0,90.9,6.0
2019-03-21,iran,1684.0,245.0,234.0,1139.6,6.0,0.0,98.0,424.0,143.0,173.7,7.0
2019-03-21,israel,5765.0,846.0,819.0,2205.4,15.0,6.0,315.0,1331.0,494.0,-855.1,48.0
2019-03-21,korea,1229.0,106.0,160.0,1339.3,0.0,1.0,94.0,150.0,32.0,247.1,1.0
2019-03-21,libya,332.0,33.0,87.0,-321.6,2.0,0.0,27.0,3.0,2.0,-22.0,0.0
2019-03-21,scs,3300.0,427.0,450.0,2023.8,17.0,2.0,172.0,199.0,83.0,-52.7,20.0
2019-03-21,southasia,8176.0,1426.0,1483.0,-1526.1,32.0,14.0,535.0,88.0,42.0,-199.2,4.0
2019-03-21,sudan,440.0,108.0,59.0,29.3,0.0,0.0,35.0,0.0,0.0,0.0,0.0
2019-03-21,taiwan,470.0,46.0,36.0,722.6,2.0,1.0,28.0,153.0,40.0,112.7,16.0
2019-03-21,ukraine,1079.0,133.0,199.0,222.2,1.0,4.0,123.0,263.0,117.0,-194.2,32.0
2019-03-21,venezuela,1231.0,234.0,263.0,-793.0,4.0,0.0,134.0,278.0,136.0,-226.0,12.0
2019-03-21,yemen,288.0,70.0,56.0,-190.0,0.0,0.0,11.0,92.0,29.0,95.5,4.0
2019-03-22,drc,39.0,9.0,6.0,6.2,0.0,0.0,4.0,4.0,2.0,-14.5,1.0
2019-03-22,europe_east,1079.0,139.0,111.0,1081.3,0.0,2.0,65.0,87.0,27.0,57.4,3.0
2019-03-22,iran,1999.0,383.0,299.0,612.7,13.0,5.0,170.0,570.0,234.0,-55.6,27.0
2019-03-22,israel,6667.0,1235.0,844.0,2154.4,9.0,8.0,347.0,1608.0,625.0,-465.3,52.0
2019-03-22,korea,2200.0,277.0,320.0,2668.8,12.0,1.0,251.0,619.0,208.0,612.9,23.0
2019-03-22,libya,301.0,31.0,69.0,-182.4,5.0,0.0,19.0,2.0,1.0,-12.0,0.0
2019-03-22,scs,2652.0,323.0,391.0,1546.7,2.0,2.0,184.0,167.0,87.0,-56.0,10.0
2019-03-22,southasia,10253.0,1778.0,1963.0,-2333.3,38.0,18.0,725.0,181.0,83.0,-311.8,24.0
2019-03-22,sudan,431.0,77.0,53.0,247.1,0.0,1.0,44.0,2.0,2.0,-13.0,0.0
2019-03-22,taiwan,562.0,56.0,54.0,1070.2,0.0,2.0,25.0,229.0,34.0,467.4,4.0
2019-03-22,ukraine,1221.0,171.0,182.0,259.8,3.0,4.0,112.0,312.0,129.0,-191.3,47.0
2019-03-22,venezuela,1307.0,299.0,261.0,-1032.7,21.0,5.0,145.0,306.0,149.0,-378.4,14.0
2019-03-22,yemen,277.0,57.0,41.0,-47.1,1.0,1.0,7.0,51.0,27.0,-110.0,3.0
2019-03-23,drc,27.0,1.0,4.0,51.2,0.0,0.0,0.0,0.0,0.0,0.0,0.0
2019-03-23,europe_east,566.0,60.0,77.0,365.4,1.0,4.0,37.0,39.0,11.0,-30.0,0.0
2019-03-23,iran,1152.0,190.0,174.0,438.9,7.0,2.0,95.0,320.0,152.0,-242.6,31.0
2019-03-23,israel,3435.0,602.0,514.0,189.6,8.0,2.0,205.0,826.0,361.0,-855.6,45.0
2019-03-23,korea,1008.0,135.0,185.0,604.4,0.0,1.0,164.0,301.0,110.0,-21.2,5.0
2019-03-23,libya,159.0,37.0,19.0,46.9,5.0,0.0,9.0,0.0,0.0,0.0,0.0
2019-03-23,scs,1591.0,173.0,232.0,1498.6,5.0,3.0,102.0,92.0,41.0,-18.9,1.0
2019-03-23,southasia,8718.0,1700.0,1586.0,-3273.9,30.0,22.0,600.0,160.0,81.0,-319.9,4.0
2019-03-23,sudan,274.0,34.0,51.0,-65.9,0.0,0.0,25.0,0.0,0.0,0.0,0.0
2019-03-23,taiwan,219.0,17.0,13.0,374.0,3.0,0.0,7.0,80.0,7.0,208.5,0.0
2019-03-23,ukraine,780.0,88.0,151.0,162.1,2.0,4.0,88.0,292.0,97.0,-57.1,45.0
2019-03-23,venezuela,963.0,202.0,194.0,-524.9,9.0,2.0,130.0,238.0,110.0,-281.1,8.0
2019-03-23,yemen,258.0,36.0,75.0,-351.7,0.0,6.0,7.0,79.0,32.0,-70.0,0.0
2019-03-24,drc,35.0,10.0,1.0,46.1,0.0,0.0,1.0,1.0,0.0,3.0,0.0
2019-03-24,europe_east,654.0,75.0,91.0,301.8,1.0,0.0,32.0,21.0,12.0,-57.9,5.0
2019-03-24,iran,952.0,147.0,166.0,292.1,1.0,5.0,78.0,195.0,77.0,69.7,15.0
2019-03-24,israel,3955.0,622.0,638.0,397.0,7.0,14.0,258.0,757.0,364.0,-1216.0,47.0
2019-03-24,korea,637.0,86.0,73.0,928.4,3.0,0.0,48.0,149.0,45.0,244.2,1.0
2019-03-24,libya,184.0,47.0,24.0,6.3,5.0,0.0,13.0,0.0,0.0,0.0,0.0
2019-03-24,scs,1470.0,199.0,192.0,991.7,2.0,7.0,67.0,100.0,25.0,170.2,3.0
2019-03-24,southasia,7469.0,1438.0,1227.0,-1561.0,9.0,20.0,427.0,90.0,54.0,-374.3,5.0
2019-03-24,sudan,377.0,38.0,35.0,462.3,0.0,0.0,12.0,0.0,0.0,0.0,0.0
2019-03-24,taiwan,223.0,29.0,6.0,300.8,0.0,0.0,3.0,99.0,9.0,173.3,1.0
2019-03-24,ukraine,429.0,61.0,88.0,-206.0,0.0,0.0,50.0,119.0,57.0,-202.4,13.0
2019-03-24,venezuela,653.0,139.0,134.0,-388.9,11.0,5.0,75.0,131.0,77.0,-225.5,17.0
2019-03-24,yemen,227.0,29.0,50.0,-198.0,0.0,1.0,3.0,95.0,29.0,-106.6,0.0
2019-03-25,drc,44.0,3.0,7.0,63.3,0.0,0.0,3.0,4.0,1.0,-2.0,0.0
2019-03-25,europe_east,1225.0,136.0,125.0,1268.9,5.0,4.0,61.0,90.0,28.0,32.5,19.0
2019-03-25,iran,1172.0,188.0,229.0,-55.2,18.0,8.0,115.0,285.0,129.0,-18.7,25.0
2019-03-25,israel,8391.0,1469.0,2024.0,-8383.3,48.0,53.0,520.0,2429.0,1385.0,-7057.7,189.0
2019-03-25,korea,1283.0,105.0,96.0,2381.4,3.0,5.0,64.0,354.0,53.0,742.2,0.0
2019-03-25,libya,368.0,41.0,90.0,-64.9,0.0,1.0,30.0,6.0,0.0,21.4,0.0
2019-03-25,scs,2613.0,330.0,450.0,670.7,18.0,11.0,187.0,171.0,66.0,40.3,15.0
2019-03-25,southasia,10506.0,1738.0,1616.0,2547.9,27.0,56.0,590.0,85.0,33.0,32.9,5.0
2019-03-25,sudan,583.0,114.0,82.0,200.7,1.0,1.0,34.0,2.0,2.0,-20.0,0.0
2019-03-25,taiwan,434.0,61.0,30.0,512.6,1.0,1.0,12.0,166.0,39.0,111.1,4.0
2019-03-25,ukraine,984.0,116.0,144.0,496.7,0.0,4.0,65.0,292.0,77.0,180.5,35.0
2019-03-25,venezuela,1183.0,201.0,130.0,885.3,6.0,12.0,58.0,175.0,70.0,-34.5,13.0
2019-03-25,yemen,448.0,66.0,123.0,-530.3,3.0,1.0,14.0,134.0,56.0,-189.2,0.0
2019-03-26,drc,51.0,4.0,9.0,36.5,0.0,0.0,1.0,9.0,4.0,-13.6,0.0
2019-03-26,europe_east,1290.0,129.0,111.0,1685.1,5.0,10.0,68.0,118.0,42.0,-92.2,19.0
2019-03-26,iran,1660.0,279.0,218.0,1695.8,9.0,7.0,95.0,314.0,143.0,-94.1,24.0
2019-03-26,israel,8719.0,1722.0,1791.0,-5823.3,39.0,39.0,497.0,2261.0,1250.0,-5993.6,147.0
2019-03-26,korea,1499.0,148.0,204.0,1682.7,10.0,0.0,116.0,326.0,85.0,298.6,13.0
2019-03-26,libya,247.0,32.0,25.0,336.8,3.0,2.0,9.0,0.0,0.0,0.0,0.0
2019-03-26,scs,2815.0,339.0,294.0,3042.2,2.0,7.0,115.0,226.0,80.0,87.0,14.0
2019-03-26,southasia,10711.0,1941.0,1417.0,2233.5,51.0,25.0,522.0,157.0,61.0,-222.4,23.0
2019-03-26,sudan,543.0,106.0,79.0,165.6,0.0,0.0,38.0,0.0,0.0,0.0,0.0
2019-03-26,taiwan,530.0,63.0,39.0,797.2,3.0,2.0,26.0,120.0,23.0,210.7,7.0
2019-03-26,ukraine,911.0,116.0,144.0,404.8,0.0,3.0,73.0,196.0,68.0,-62.3,9.0
2019-03-26,venezuela,1336.0,284.0,139.0,914.9,4.0,17.0,89.0,247.0,86.0,96.3,8.0
2019-03-26,yemen,508.0,79.0,114.0,-547.0,1.0,0.0,13.0,194.0,84.0,-304.3,1.0
2019-03-27,drc,58.0,2.0,6.0,163.7,0.0,0.0,4.0,4.0,2.0,-4.0,0.0
2019-03-27,europe_east,1254.0,156.0,142.0,1256.8,5.0,9.0,73.0,116.0,67.0,-175.2,34.0
2019-03-27,iran,1405.0,258.0,238.0,56.4,18.0,7.0,109.0,247.0,130.0,-324.4,23.0
2019-03-27,israel,6956.0,1253.0,1545.0,-6366.6,34.0,29.0,370.0,1815.0,1136.0,-6438.4,117.0
2019-03-27,korea,1638.0,197.0,250.0,759.7,15.0,2.0,109.0,239.0,68.0,185.0,5.0
2019-03-27,libya,418.0,32.0,39.0,536.6,3.0,1.0,14.0,3.0,0.0,8.1,0.0
2019-03-27,scs,2504.0,376.0,297.0,1698.9,6.0,1.0,118.0,194.0,39.0,270.4,18.0
2019-03-27,southasia,10373.0,1717.0,1568.0,1158.3,24.0,16.0,522.0,107.0,44.0,-132.0,11.0
2019-03-27,sudan,740.0,99.0,124.0,187.5,1.0,0.0,48.0,0.0,0.0,0.0,0.0
2019-03-27,taiwan,354.0,41.0,18.0,547.6,0.0,2.0,8.0,99.0,18.0,122.8,1.0
2019-03-27,ukraine,1157.0,168.0,197.0,29.4,3.0,2.0,95.0,263.0,112.0,-159.5,28.0
2019-03-27,venezuela,1520.0,250.0,117.0,1761.0,3.0,19.0,53.0,339.0,60.0,572.4,6.0
2019-03-27,yemen,536.0,59.0,142.0,-393.0,2.0,3.0,8.0,167.0,94.0,-474.7,2.0
2019-03-28,drc,83.0,5.0,1.0,248.9,0.0,0.0,1.0,0.0,0.0,0.0,0.0
2019-03-28,europe_east,1291.0,150.0,147.0,1335.8,1.0,4.0,91.0,127.0,63.0,-189.5,33.0
2019-03-28,iran,1257.0,217.0,235.0,-428.5,9.0,14.0,83.0,319.0,144.0,-308.8,14.0
2019-03-28,israel,5801.0,994.0,1211.0,-4447.7,32.0,34.0,343.0,1590.0,895.0,-4571.9,115.0
2019-03-28,korea,1137.0,126.0,135.0,1216.6,4.0,1.0,54.0,146.0,48.0,135.0,6.0
2019-03-28,libya,538.0,53.0,57.0,755.6,2.0,0.0,20.0,2.0,1.0,-0.6,0.0
2019-03-28,scs,2494.0,292.0,361.0,1552.3,10.0,6.0,136.0,150.0,29.0,195.9,8.0
2019-03-28,southasia,9929.0,1809.0,1572.0,306.5,18.0,16.0,666.0,88.0,47.0,-132.0,2.0
2019-03-28,sudan,433.0,74.0,69.0,-55.4,0.0,0.0,20.0,0.0,0.0,0.0,0.0
2019-03-28,taiwan,435.0,60.0,35.0,470.8,2.0,2.0,18.0,125.0,35.0,87.6,10.0
2019-03-28,ukraine,1224.0,147.0,156.0,1039.2,4.0,2.0,85.0,264.0,87.0,4.8,29.0
2019-03-28,venezuela,1558.0,268.0,172.0,1176.7,13.0,13.0,122.0,390.0,102.0,398.2,13.0
2019-03-28,yemen,355.0,40.0,94.0,-322.0,2.0,2.0,11.0,97.0,48.0,-127.8,0.0
2019-03-29,drc,68.0,3.0,14.0,-8.4,0.0,0.0,7.0,7.0,1.0,11.9,0.0
2019-03-29,europe_east,1427.0,143.0,115.0,2071.2,1.0,9.0,69.0,100.0,27.0,34.7,11.0
2019-03-29,iran,1153.0,195.0,171.0,245.3,2.0,7.0,84.0,241.0,115.0,-220.1,5.0
2019-03-29,israel,4782.0,838.0,857.0,-1690.6,22.0,25.0,253.0,1235.0,648.0,-2961.9,58.0
2019-03-29,korea,1988.0,121.0,147.0,3747.2,3.0,0.0,76.0,420.0,54.0,685.0,4.0
2019-03-29,libya,421.0,47.0,44.0,593.8,0.0,0.0,28.0,0.0,0.0,0.0,0.0
2019-03-29,scs,3335.0,432.0,450.0,2769.0,7.0,5.0,258.0,179.0,40.0,282.9,3.0
2019-03-29,southasia,10154.0,1757.0,1545.0,2033.1,16.0,16.0,626.0,138.0,42.0,158.7,0.0
2019-03-29,sudan,548.0,80.0,55.0,619.5,0.0,0.0,30.0,6.0,0.0,36.0,0.0
2019-03-29,taiwan,420.0,47.0,35.0,535.4,1.0,0.0,22.0,122.0,23.0,184.5,6.0
2019-03-29,ukraine,1460.0,175.0,180.0,1171.1,6.0,1.0,106.0,318.0,120.0,-157.4,44.0
2019-03-29,venezuela,1452.0,266.0,186.0,780.2,10.0,3.0,133.0,380.0,182.0,-323.3,18.0
2019-03-29,yemen,398.0,57.0,97.0,-289.9,3.0,1.0,25.0,121.0,53.0,-262.2,2.0
2019-03-30,drc,8.0,0.0,0.0,29.8,0.0,0.0,0.0,0.0,0.0,0.0,0.0
2019-03-30,europe_east,650.0,68.0,51.0,771.1,0.0,3.0,31.0,13.0,2.0,10.8,0.0
2019-03-30,iran,635.0,139.0,98.0,-117.4,10.0,1.0,45.0,84.0,37.0,-5.7,1.0
2019-03-30,israel,3491.0,616.0,728.0,-2582.8,13.0,26.0,204.0,943.0,509.0,-2316.3,69.0
2019-03-30,korea,897.0,88.0,89.0,1575.5,0.0,0.0,59.0,224.0,46.0,395.8,0.0
2019-03-30,libya,359.0,37.0,47.0,408.5,0.0,2.0,25.0,2.0,2.0,-20.0,0.0
2019-03-30,scs,2167.0,218.0,316.0,1639.4,2.0,14.0,111.0,73.0,11.0,154.4,0.0
2019-03-30,southasia,7723.0,1405.0,1113.0,774.7,34.0,18.0,394.0,72.0,30.0,-29.8,3.0
2019-03-30,sudan,228.0,36.0,24.0,88.9,0.0,1.0,4.0,5.0,1.0,3.6,0.0
2019-03-30,taiwan,203.0,33.0,13.0,313.6,0.0,0.0,4.0,28.0,8.0,8.9,0.0
2019-03-30,ukraine,688.0,105.0,116.0,98.3,3.0,1.0,60.0,136.0,63.0,-79.7,21.0
2019-03-30,venezuela,973.0,206.0,112.0,399.3,2.0,12.0,71.0,217.0,66.0,111.1,17.0
2019-03-30,yemen,252.0,27.0,55.0,10.4,1.0,0.0,14.0,58.0,35.0,-163.4,0.0
2019-03-31,drc,11.0,3.0,2.0,-7.7,0.0,0.0,0.0,13.0,0.0,28.2,0.0
2019-03-31,europe_east,632.0,66.0,93.0,717.8,1.0,7.0,53.0,33.0,15.0,-34.6,12.0
2019-03-31,iran,910.0,151.0,132.0,399.8,15.0,3.0,87.0,83.0,36.0,-79.8,2.0
2019-03-31,israel,4543.0,788.0,838.0,-1895.3,5.0,18.0,238.0,931.0,525.0,-2829.0,50.0
2019-03-31,korea,910.0,149.0,128.0,-25.4,3.0,0.0,47.0,127.0,27.0,158.2,0.0
2019-03-31,libya,280.0,21.0,26.0,379.2,1.0,1.0,17.0,4.0,0.0,12.7,0.0
2019-03-31,scs,1569.0,215.0,243.0,537.4,4.0,4.0,87.0,65.0,5.0,160.3,2.0
2019-03-31,southasia,7294.0,1536.0,920.0,854.2,26.0,11.0,336.0,50.0,9.0,74.7,0.0
2019-03-31,sudan,302.0,89.0,31.0,-129.2,0.0,3.0,21.0,0.0,0.0,0.0,0.0
2019-03-31,taiwan,190.0,38.0,25.0,83.9,0.0,0.0,18.0,60.0,40.0,-117.0,12.0
2019-03-31,ukraine,863.0,125.0,114.0,96.3,9.0,4.0,49.0,234.0,108.0,-342.1,22.0
2019-03-31,venezuela,750.0,145.0,81.0,674.3,3.0,4.0,60.0,138.0,55.0,-66.9,3.0
2019-03-31,yemen,211.0,19.0,39.0,30.4,3.0,0.0,10.0,28.0,7.0,-35.9,0.0
2019-04-01,drc,29.0,0.0,14.0,-37.2,0.0,0.0,8.0,27.0,3.0,64.2,0.0
2019-04-01,europe_east,1078.0,119.0,92.0,1222.9,3.0,2.0,48.0,66.0,20.0,3.4,1.0
2019-04-01,iran,1131.0,188.0,119.0,1223.6,10.0,10.0,48.0,152.0,75.0,-132.1,12.0
2019-04-01,israel,4842.0,740.0,778.0,-210.5,14.0,24.0,257.0,992.0,514.0,-2212.3,92.0
2019-04-01,korea,1542.0,203.0,188.0,1218.1,14.0,7.0,75.0,212.0,42.0,313.7,12.0
2019-04-01,libya,410.0,71.0,25.0,490.4,0.0,1.0,7.0,8.0,4.0,-22.5,0.0
2019-04-01,scs,2903.0,493.0,503.0,-257.0,14.0,6.0,178.0,314.0,112.0,66.7,13.0
2019-04-01,southasia,9334.0,1765.0,1516.0,-2042.3,25.0,28.0,556.0,84.0,56.0,-341.0,8.0
2019-04-01,sudan,561.0,100.0,79.0,169.2,0.0,4.0,54.0,1.0,0.0,0.4,0.0
2019-04-01,taiwan,463.0,91.0,28.0,529.0,5.0,2.0,15.0,189.0,105.0,-200.0,13.0
2019-04-01,ukraine,1343.0,177.0,144.0,1024.7,3.0,1.0,63.0,297.0,93.0,172.4,6.0
2019-04-01,venezuela,782.0,148.0,83.0,479.0,2.0,1.0,42.0,167.0,65.0,-62.8,3.0
2019-04-01,yemen,333.0,53.0,99.0,-576.5,0.0,0.0,14.0,78.0,45.0,-204.9,3.0
2019-04-02,drc,25.0,1.0,3.0,51.4,0.0,0.0,3.0,6.0,0.0,23.8,0.0
2019-04-02,europe_east,1117.0,93.0,111.0,1627.4,2.0,2.0,42.0,46.0,9.0,43.2,3.0
2019-04-02,iran,1378.0,237.0,179.0,1116.9,9.0,8.0,90.0,318.0,160.0,-228.9,14.0
2019-04-02,israel,4232.0,723.0,830.0,-2263.5,12.0,22.0,287.0,967.0,560.0,-2697.0,113.0
2019-04-02,korea,1307.0,130.0,157.0,1615.4,7.0,1.0,71.0,189.0,38.0,374.1,8.0
2019-04-02,libya,241.0,33.0,24.0,355.7,0.0,0.0,18.0,0.0,0.0,0.0,0.0
2019-04-02,scs,2729.0,471.0,377.0,1086.9,16.0,14.0,141.0,213.0,94.0,-121.4,8.0
2019-04-02,southasia,10605.0,1979.0,1686.0,67.4,19.0,21.0,586.0,112.0,62.0,-225.6,9.0
2019-04-02,sudan,467.0,78.0,42.0,512.2,0.0,2.0,25.0,0.0,0.0,0.0,0.0
2019-04-02,taiwan,335.0,57.0,36.0,251.5,0.0,0.0,22.0,119.0,40.0,39.2,6.0
2019-04-02,ukraine,1101.0,155.0,109.0,905.0,7.0,13.0,40.0,206.0,69.0,33.7,15.0
2019-04-02,venezuela,1108.0,191.0,159.0,619.3,3.0,6.0,110.0,296.0,115.0,-96.0,30.0
2019-04-02,yemen,265.0,38.0,75.0,-164.1,3.0,0.0,8.0,75.0,36.0,-132.9,0.0
2019-04-03,drc,51.0,5.0,1.0,103.8,0.0,0.0,1.0,36.0,12.0,30.8,12.0
2019-04-03,europe_east,1561.0,174.0,147.0,1959.7,2.0,9.0,81.0,148.0,33.0,78.9,11.0
2019-04-03,iran,1289.0,240.0,168.0,751.1,4.0,1.0,91.0,241.0,113.0,-244.6,7.0
2019-04-03,israel,5011.0,718.0,982.0,-1411.5,19.0,12.0,327.0,1012.0,576.0,-3152.0,84.0
2019-04-03,korea,1159.0,155.0,119.0,836.0,8.0,3.0,40.0,157.0,46.0,100.7,2.0
2019-04-03,libya,362.0,50.0,68.0,121.1,0.0,6.0,22.0,13.0,6.0,-32.2,3.0
2019-04-03,scs,2566.0,367.0,371.0,811.2,7.0,12.0,126.0,135.0,40.0,70.4,5.0
2019-04-03,southasia,10447.0,2041.0,1510.0,7.3,24.0,31.0,532.0,62.0,22.0,30.5,4.0
2019-04-03,sudan,572.0,88.0,80.0,197.5,0.0,5.0,40.0,7.0,7.0,-44.0,4.0
2019-04-03,taiwan,377.0,49.0,41.0,341.3,1.0,1.0,22.0,104.0,43.0,13.6,7.0
2019-04-03,ukraine,982.0,102.0,126.0,1081.3,1.0,2.0,61.0,262.0,81.0,95.3,18.0
2019-04-03,venezuela,1344.0,277.0,201.0,-34.5,6.0,6.0,123.0,183.0,76.0,9.2,11.0
2019-04-03,yemen,323.0,41.0,67.0,21.7,1.0,0.0,12.0,44.0,17.0,-4.9,0.0
2019-04-04,drc,59.0,5.0,13.0,-17.4,0.0,0.0,3.0,26.0,12.0,-52.3,5.0
2019-04-04,europe_east,1363.0,146.0,155.0,1367.2,0.0,6.0,86.0,104.0,31.0,12.9,11.0
2019-04-04,iran,1267.0,212.0,119.0,1494.6,5.0,1.0,65.0,190.0,74.0,-91.4,5.0
2019-04-04,israel,4772.0,653.0,830.0,-81.4,5.0,9.0,291.0,976.0,470.0,-1877.3,76.0
2019-04-04,korea,1300.0,127.0,126.0,1728.9,1.0,4.0,70.0,280.0,50.0,622.5,0.0
2019-04-04,libya,1072.0,74.0,218.0,-441.9,4.0,11.0,19.0,19.0,11.0,-77.4,4.0
2019-04-04,scs,2941.0,386.0,404.0,1705.8,10.0,14.0,132.0,274.0,106.0,-1.6,12.0
2019-04-04,southasia,9794.0,1872.0,1280.0,2310.5,23.0,16.0,548.0,90.0,32.0,-1.2,3.0
2019-04-04,sudan,601.0,84.0,59.0,679.8,0.0,6.0,27.0,1.0,1.0,-5.0,1.0
2019-04-04,taiwan,295.0,48.0,21.0,369.7,0.0,0.0,6.0,65.0,32.0,-84.9,4.0
2019-04-04,ukraine,1153.0,101.0,164.0,1203.2,2.0,2.0,91.0,309.0,144.0,-341.3,63.0
2019-04-04,venezuela,1188.0,182.0,140.0,1232.4,2.0,8.0,61.0,224.0,49.0,476.3,6.0
2019-04-04,yemen,553.0,129.0,82.0,-212.5,2.0,0.0,20.0,156.0,45.0,102.6,0.0
2019-04-05,drc,56.0,4.0,16.0,-9.8,0.0,0.0,5.0,15.0,2.0,43.2,2.0
2019-04-05,europe_east,1188.0,136.0,94.0,1600.3,1.0,4.0,49.0,79.0,23.0,12.0,6.0
2019-04-05,iran,1002.0,147.0,137.0,618.4,2.0,5.0,71.0,168.0,55.0,-36.3,9.0
2019-04-05,israel,3934.0,595.0,694.0,-376.8,14.0,1.0,285.0,785.0,321.0,-788.1,61.0
2019-04-05,korea,1344.0,120.0,170.0,1584.0,6.0,7.0,78.0,214.0,48.0,349.1,10.0
2019-04-05,libya,1551.0,142.0,328.0,-566.0,18.0,7.0,49.0,23.0,14.0,-84.7,6.0
2019-04-05,scs,2450.0,378.0,349.0,1000.9,29.0,11.0,134.0,316.0,142.0,-153.0,34.0
2019-04-05,southasia,9661.0,1767.0,1583.0,-1333.4,31.0,27.0,541.0,90.0,45.0,-175.7,0.0
2019-04-05,sudan,486.0,75.0,48.0,244.3,2.0,3.0,16.0,0.0,0.0,0.0,0.0
2019-04-05,taiwan,315.0,37.0,22.0,550.1,0.0,2.0,16.0,78.0,34.0,-66.3,6.0
2019-04-05,ukraine,955.0,109.0,120.0,911.8,1.0,2.0,55.0,210.0,98.0,-119.4,38.0
2019-04-05,venezuela,1005.0,162.0,90.0,1327.9,3.0,0.0,54.0,183.0,50.0,180.6,2.0
2019-04-05,yemen,490.0,92.0,82.0,-99.3,1.0,1.0,18.0,100.0,41.0,-50.1,7.0
2019-04-06,drc,23.0,0.0,0.0,67.1,0.0,0.0,0.0,8.0,3.0,11.0,3.0
2019-04-06,europe_east,803.0,73.0,79.0,873.4,2.0,0.0,41.0,21.0,10.0,-24.6,2.0
2019-04-06,iran,1334.0,193.0,224.0,444.7,9.0,4.0,124.0,203.0,80.0,24.6,13.0
2019-04-06,israel,3059.0,486.0,522.0,-185.2,21.0,3.0,221.0,666.0,307.0,-1138.0,39.0
2019-04-06,korea,637.0,54.0,63.0,981.9,3.0,5.0,28.0,111.0,7.0,379.7,1.0
2019-04-06,libya,1487.0,205.0,271.0,-371.7,29.0,8.0,35.0,23.0,12.0,-57.4,4.0
2019-04-06,scs,1627.0,184.0,330.0,-157.4,10.0,10.0,120.0,106.0,40.0,-14.0,11.0
2019-04-06,southasia,8056.0,1551.0,1380.0,-2676.4,19.0,27.0,471.0,93.0,58.0,-285.9,5.0
2019-04-06,sudan,402.0,103.0,33.0,-129.5,0.0,4.0,22.0,4.0,2.0,-7.0,0.0
2019-04-06,taiwan,321.0,42.0,26.0,396.0,0.0,1.0,4.0,115.0,34.0,96.6,3.0
2019-04-06,ukraine,472.0,41.0,46.0,515.0,1.0,0.0,14.0,91.0,27.0,54.8,10.0
2019-04-06,venezuela,785.0,172.0,103.0,71.0,2.0,2.0,72.0,181.0,83.0,-181.6,6.0
2019-04-06,yemen,250.0,47.0,35.0,66.8,0.0,0.0,6.0,89.0,19.0,190.4,3.0
2019-04-07,drc,15.0,0.0,3.0,12.8,0.0,0.0,0.0,12.0,1.0,19.0,0.0
2019-04-07,europe_east,550.0,44.0,71.0,387.9,0.0,2.0,37.0,16.0,8.0,-5.0,0.0
2019-04-07,iran,1528.0,295.0,170.0,1057.5,6.0,2.0,111.0,306.0,134.0,-104.3,7.0
2019-04-07,israel,4618.0,825.0,746.0,-610.0,10.0,4.0,297.0,1059.0,450.0,-1336.7,61.0
2019-04-07,korea,514.0,62.0,65.0,400.6,4.0,0.0,30.0,90.0,18.0,178.1,1.0
2019-04-07,libya,1328.0,181.0,329.0,-1066.3,18.0,13.0,72.0,26.0,11.0,-33.7,1.0
2019-04-07,scs,1686.0,238.0,252.0,577.4,12.0,5.0,90.0,95.0,26.0,115.1,10.0
2019-04-07,southasia,7690.0,1498.0,1249.0,-2790.2,104.0,35.0,401.0,121.0,69.0,-250.9,13.0
2019-04-07,sudan,671.0,173.0,120.0,-972.0,1.0,10.0,46.0,13.0,4.0,-16.6,0.0
2019-04-07,taiwan,210.0,43.0,21.0,91.9,2.0,0.0,9.0,66.0,33.0,-166.6,2.0
2019-04-07,ukraine,426.0,51.0,54.0,333.0,0.0,0.0,19.0,73.0,18.0,48.3,3.0
2019-04-07,venezuela,566.0,123.0,91.0,-199.6,8.0,1.0,59.0,157.0,69.0,-53.4,2.0
2019-04-07,yemen,286.0,33.0,67.0,-137.4,0.0,1.0,12.0,50.0,28.0,-89.4,0.0
2019-04-08,drc,43.0,6.0,2.0,90.2,0.0,0.0,0.0,23.0,6.0,9.2,2.0
2019-04-08,europe_east,1139.0,123.0,81.0,2039.5,2.0,1.0,53.0,77.0,19.0,81.3,3.0
2019-04-08,iran,2277.0,549.0,377.0,-695.6,43.0,22.0,192.0,686.0,316.0,-469.4,36.0
2019-04-08,israel,5868.0,1026.0,895.0,1131.1,16.0,4.0,424.0,1167.0,482.0,-774.7,81.0
2019-04-08,korea,1062.0,139.0,111.0,1480.1,2.0,18.0,51.0,99.0,17.0,169.1,1.0
2019-04-08,libya,1895.0,289.0,468.0,-1464.6,15.0,18.0,96.0,35.0,14.0,-48.7,1.0
2019-04-08,scs,2584.0,318.0,353.0,1952.5,8.0,12.0,138.0,159.0,49.0,-33.9,4.0
2019-04-08,southasia,9547.0,1787.0,1368.0,1251.6,99.0,28.0,517.0,107.0,60.0,-211.1,8.0
2019-04-08,sudan,1124.0,227.0,184.0,-740.7,5.0,4.0,81.0,16.0,8.0,-29.5,1.0
2019-04-08,taiwan,456.0,63.0,34.0,644.3,2.0,1.0,18.0,115.0,36.0,66.9,3.0
2019-04-08,ukraine,968.0,117.0,95.0,952.7,3.0,0.0,51.0,162.0,49.0,43.5,10.0
2019-04-08,venezuela,593.0,89.0,72.0,505.0,3.0,8.0,40.0,161.0,40.0,261.3,1.0
2019-04-08,yemen,627.0,115.0,97.0,-33.1,4.0,0.0,11.0,164.0,50.0,70.1,2.0
2019-04-09,drc,36.0,6.0,4.0,-6.1,0.0,0.0,0.0,16.0,2.0,39.4,2.0
2019-04-09,europe_east,1207.0,169.0,125.0,1277.1,1.0,1.0,87.0,67.0,18.0,-16.9,9.0
2019-04-09,iran,2528.0,570.0,398.0,541.8,26.0,13.0,251.0,830.0,379.0,-117.3,29.0
2019-04-09,israel,5741.0,984.0,831.0,720.0,11.0,5.0,403.0,934.0,369.0,-681.0,55.0
2019-04-09,korea,1186.0,139.0,122.0,1714.3,4.0,4.0,77.0,209.0,50.0,319.9,2.0
2019-04-09,libya,1607.0,236.0,345.0,-892.6,19.0,8.0,60.0,19.0,12.0,-44.4,3.0
2019-04-09,scs,2636.0,321.0,439.0,956.1,9.0,3.0,191.0,119.0,41.0,74.2,3.0
2019-04-09,southasia,10644.0,1962.0,1597.0,516.4,39.0,18.0,522.0,100.0,44.0,-84.6,9.0
2019-04-09,sudan,1201.0,242.0,231.0,-973.3,10.0,1.0,79.0,38.0,15.0,-5.5,1.0
2019-04-09,taiwan,409.0,36.0,37.0,562.0,5.0,3.0,18.0,99.0,30.0,45.0,5.0
2019-04-09,ukraine,926.0,111.0,99.0,1082.5,3.0,1.0,63.0,161.0,42.0,227.6,11.0
2019-04-09,venezuela,620.0,79.0,56.0,792.1,3.0,3.0,29.0,133.0,38.0,198.4,0.0
2019-04-09,yemen,433.0,68.0,72.0,-14.8,1.0,0.0,14.0,85.0,36.0,-28.1,1.0
2019-04-10,drc,38.0,4.0,2.0,54.4,0.0,0.0,0.0,22.0,8.0,-23.8,2.0
2019-04-10,europe_east,1406.0,124.0,118.0,1889.0,3.0,15.0,64.0,143.0,43.0,-64.7,26.0
2019-04-10,iran,2003.0,397.0,314.0,691.9,19.0,12.0,199.0,477.0,183.0,145.9,29.0
2019-04-10,israel,6475.0,1034.0,791.0,3955.2,23.0,5.0,418.0,992.0,376.0,-249.6,45.0
2019-04-10,korea,1216.0,149.0,83.0,2233.8,1.0,1.0,40.0,236.0,52.0,308.4,6.0
2019-04-10,libya,1502.0,224.0,319.0,-581.4,13.0,19.0,94.0,18.0,6.0,-4.2,0.0
2019-04-10,scs,2361.0,321.0,325.0,1125.0,11.0,5.0,146.0,101.0,41.0,-14.7,9.0
2019-04-10,southasia,9927.0,1944.0,1496.0,-428.1,43.0,59.0,648.0,82.0,30.0,12.7,5.0
2019-04-10,sudan,1069.0,212.0,180.0,-528.9,4.0,9.0,54.0,13.0,5.0,12.5,1.0
2019-04-10,taiwan,509.0,48.0,28.0,780.3,1.0,1.0,8.0,79.0,31.0,-13.7,1.0
2019-04-10,ukraine,946.0,112.0,118.0,840.8,1.0,15.0,55.0,143.0,55.0,-31.4,17.0
2019-04-10,venezuela,1178.0,234.0,101.0,753.3,7.0,2.0,53.0,245.0,66.0,293.9,2.0
2019-04-10,yemen,462.0,73.0,104.0,-395.6,0.0,2.0,25.0,112.0,53.0,-85.8,3.0
2019-04-11,drc,60.0,17.0,15.0,-145.5,0.0,1.0,2.0,6.0,0.0,11.7,0.0
2019-04-11,europe_east,1231.0,132.0,141.0,1693.5,0.0,0.0,78.0,94.0,30.0,-9.3,17.0
2019-04-11,iran,1446.0,258.0,216.0,736.6,9.0,12.0,133.0,256.0,100.0,84.6,7.0
2019-04-11,israel,4736.0,686.0,633.0,2401.7,7.0,6.0,305.0,668.0,287.0,-545.7,35.0
2019-04-11,korea,2359.0,196.0,172.0,4249.9,4.0,2.0,114.0,601.0,75.0,1602.5,6.0
2019-04-11,libya,1129.0,186.0,242.0,-763.6,13.0,11.0,48.0,2.0,2.0,-4.0,0.0
2019-04-11,scs,2519.0,368.0,337.0,1480.9,10.0,8.0,136.0,130.0,43.0,-1.8,7.0
2019-04-11,southasia,10320.0,1876.0,1479.0,-178.2,40.0,62.0,494.0,75.0,22.0,-10.9,1.0
2019-04-11,sudan,3465.0,706.0,688.0,-1671.5,17.0,36.0,399.0,94.0,52.0,-204.8,14.0
2019-04-11,taiwan,425.0,71.0,16.0,645.1,2.0,1.0,11.0,51.0,12.0,57.9,1.0
2019-04-11,ukraine,1102.0,136.0,238.0,175.7,5.0,3.0,175.0,168.0,58.0,-18.4,11.0
2019-04-11,venezuela,1086.0,160.0,64.0,1520.0,5.0,0.0,34.0,204.0,47.0,300.2,0.0
2019-04-11,yemen,351.0,43.0,84.0,-247.3,2.0,3.0,26.0,96.0,51.0,-104.4,10.0
2019-04-12,drc,30.0,1.0,8.0,11.5,0.0,0.0,3.0,3.0,0.0,4.7,0.0
2019-04-12,europe_east,1279.0,159.0,143.0,1191.5,1.0,2.0,96.0,159.0,67.0,-139.4,30.0
2019-04-12,iran,1125.0,227.0,175.0,150.7,4.0,10.0,113.0,230.0,91.0,113.6,6.0
2019-04-12,israel,4101.0,747.0,652.0,77.0,5.0,4.0,276.0,629.0,308.0,-948.5,43.0
2019-04-12,korea,2217.0,178.0,205.0,3321.4,2.0,0.0,115.0,500.0,65.0,1163.6,2.0
2019-04-12,libya,917.0,134.0,173.0,-57.6,3.0,8.0,33.0,3.0,2.0,-7.0,1.0
2019-04-12,scs,2436.0,349.0,412.0,372.1,4.0,5.0,168.0,124.0,43.0,-14.3,9.0
2019-04-12,southasia,10293.0,1881.0,1648.0,-1802.1,42.0,30.0,573.0,58.0,16.0,37.3,9.0
2019-04-12,sudan,3285.0,687.0,506.0,-156.3,12.0,26.0,328.0,85.0,43.0,-78.4,8.0
2019-04-12,taiwan,445.0,41.0,21.0,813.0,0.0,0.0,14.0,74.0,26.0,-10.5,7.0
2019-04-12,ukraine,1488.0,152.0,182.0,1811.5,2.0,2.0,138.0,198.0,62.0,-27.5,24.0
2019-04-12,venezuela,1101.0,171.0,120.0,815.2,4.0,3.0,65.0,134.0,37.0,151.2,1.0
2019-04-12,yemen,198.0,33.0,35.0,-19.9,0.0,2.0,12.0,45.0,11.0,80.4,2.0
2019-04-13,drc,28.0,1.0,7.0,-7.8,0.0,0.0,3.0,6.0,0.0,10.3,0.0
2019-04-13,europe_east,635.0,76.0,65.0,707.8,1.0,3.0,35.0,65.0,19.0,57.7,9.0
2019-04-13,iran,774.0,120.0,126.0,336.2,6.0,8.0,67.0,158.0,85.0,-259.7,5.0
2019-04-13,israel,2498.0,471.0,489.0,-1505.0,11.0,0.0,167.0,593.0,320.0,-1574.4,24.0
2019-04-13,korea,1322.0,129.0,102.0,2267.8,5.0,0.0,71.0,382.0,68.0,747.5,7.0
2019-04-13,libya,710.0,105.0,158.0,-470.9,8.0,6.0,31.0,9.0,6.0,-39.9,0.0
2019-04-13,scs,1536.0,200.0,218.0,936.5,3.0,3.0,136.0,86.0,27.0,56.4,2.0
2019-04-13,southasia,8966.0,1773.0,1294.0,-675.9,15.0,10.0,467.0,53.0,14.0,-16.9,2.0
2019-04-13,sudan,1977.0,372.0,274.0,465.8,15.0,12.0,171.0,53.0,25.0,9.5,2.0
2019-04-13,taiwan,232.0,25.0,12.0,437.2,0.0,0.0,10.0,40.0,11.0,39.2,4.0
2019-04-13,ukraine,585.0,65.0,153.0,-608.3,2.0,1.0,43.0,75.0,44.0,-229.2,6.0
2019-04-13,venezuela,799.0,145.0,105.0,172.0,8.0,0.0,76.0,116.0,44.0,-40.2,4.0
2019-04-13,yemen,324.0,24.0,39.0,290.6,0.0,1.0,14.0,75.0,32.0,-131.0,5.0
2019-04-14,drc,11.0,1.0,1.0,18.4,0.0,0.0,1.0,0.0,0.0,0.0,0.0
2019-04-14,europe_east,699.0,90.0,61.0,869.6,0.0,2.0,37.0,62.0,16.0,66.1,1.0
2019-04-14,iran,1246.0,215.0,201.0,255.8,7.0,14.0,118.0,244.0,104.0,-18.9,12.0
2019-04-14,israel,3030.0,480.0,583.0,-962.6,8.0,3.0,173.0,657.0,316.0,-1333.0,27.0
2019-04-14,korea,731.0,77.0,107.0,595.5,11.0,0.0,40.0,189.0,14.0,579.5,0.0
2019-04-14,libya,802.0,117.0,179.0,-609.3,7.0,4.0,22.0,6.0,1.0,8.7,0.0
2019-04-14,scs,1565.0,172.0,290.0,-61.9,2.0,2.0,90.0,67.0,26.0,-12.6,2.0
2019-04-14,southasia,7248.0,1366.0,1001.0,23.9,22.0,17.0,359.0,42.0,21.0,-110.2,4.0
2019-04-14,sudan,1500.0,249.0,171.0,1018.2,7.0,6.0,86.0,18.0,7.0,-21.5,0.0
2019-04-14,taiwan,196.0,19.0,5.0,441.8,0.0,0.0,3.0,25.0,10.0,-10.6,0.0
2019-04-14,ukraine,515.0,55.0,113.0,-162.3,0.0,0.0,48.0,99.0,46.0,-125.0,18.0
2019-04-14,venezuela,656.0,86.0,75.0,521.3,9.0,0.0,40.0,83.0,29.0,6.9,6.0
2019-04-14,yemen,531.0,38.0,99.0,-4.2,1.0,1.0,28.0,107.0,36.0,-14.6,6.0
2019-04-15,drc,23.0,1.0,2.0,73.1,0.0,0.0,2.0,4.0,0.0,24.0,0.0
2019-04-15,europe_east,1476.0,184.0,96.0,2315.8,0.0,11.0,41.0,56.0,24.0,-31.9,2.0
2019-04-15,iran,1666.0,274.0,232.0,1190.1,4.0,10.0,126.0,289.0,143.0,-387.7,10.0
2019-04-15,israel,3822.0,582.0,605.0,517.1,17.0,6.0,227.0,643.0,335.0,-1560.9,41.0
2019-04-15,korea,1212.0,117.0,106.0,2017.5,4.0,0.0,61.0,283.0,41.0,571.0,21.0
2019-04-15,libya,1169.0,172.0,249.0,-745.0,13.0,6.0,69.0,17.0,8.0,-46.4,0.0
2019-04-15,scs,2381.0,300.0,346.0,1181.4,8.0,19.0,116.0,139.0,44.0,103.2,9.0
2019-04-15,southasia,8785.0,1517.0,1114.0,3139.1,22.0,16.0,416.0,68.0,26.0,-54.0,3.0
2019-04-15,sudan,1740.0,315.0,236.0,594.2,3.0,10.0,123.0,20.0,9.0,-3.9,1.0
2019-04-15,taiwan,411.0,47.0,31.0,625.7,0.0,0.0,9.0,73.0,33.0,-27.7,5.0
2019-04-15,ukraine,1047.0,108.0,108.0,1288.2,0.0,4.0,65.0,207.0,66.0,78.8,28.0
2019-04-15,venezuela,1184.0,215.0,129.0,708.3,16.0,3.0,73.0,176.0,63.0,33.2,5.0
2019-04-15,yemen,652.0,90.0,133.0,-224.9,5.0,7.0,52.0,156.0,64.0,-51.5,9.0
2019-04-16,drc,26.0,5.0,3.0,-10.9,0.0,0.0,3.0,8.0,8.0,-28.0,4.0
2019-04-16,europe_east,1723.0,121.0,152.0,3215.9,2.0,6.0,70.0,67.0,24.0,15.1,11.0
2019-04-16,iran,1610.0,237.0,207.0,1493.3,17.0,8.0,122.0,256.0,116.0,-45.0,11.0
2019-04-16,israel,4324.0,723.0,568.0,1481.1,21.0,2.0,257.0,622.0,280.0,-683.2,40.0
2019-04-16,korea,1383.0,134.0,113.0,2198.3,8.0,3.0,58.0,250.0,39.0,454.5,5.0
2019-04-16,libya,1237.0,199.0,275.0,-941.6,18.0,7.0,66.0,5.0,2.0,2.5,0.0
2019-04-16,scs,2093.0,320.0,281.0,1258.6,4.0,16.0,109.0,177.0,67.0,1.4,10.0
2019-04-16,southasia,9988.0,1762.0,1441.0,1976.7,37.0,20.0,675.0,62.0,29.0,-31.4,3.0
2019-04-16,sudan,1435.0,272.0,152.0,1139.4,0.0,3.0,102.0,8.0,3.0,5.1,0.0
2019-04-16,taiwan,603.0,79.0,40.0,789.2,3.0,4.0,17.0,153.0,60.0,-28.5,8.0
2019-04-16,ukraine,1056.0,114.0,132.0,1023.8,4.0,1.0,55.0,173.0,90.0,-283.1,27.0
2019-04-16,venezuela,993.0,189.0,160.0,-71.0,26.0,3.0,99.0,180.0,44.0,203.7,5.0
2019-04-16,yemen,440.0,61.0,77.0,14.3,0.0,2.0,17.0,119.0,30.0,84.1,0.0
2019-04-17,drc,133.0,9.0,17.0,103.8,0.0,0.0,1.0,11.0,0.0,67.4,0.0
2019-04-17,europe_east,1549.0,167.0,132.0,2341.6,2.0,5.0,76.0,64.0,15.0,46.9,13.0
2019-04-17,iran,1733.0,244.0,220.0,1455.8,2.0,9.0,136.0,247.0,129.0,-268.1,16.0
2019-04-17,israel,4628.0,781.0,720.0,163.0,22.0,6.0,312.0,756.0,362.0,-1282.5,82.0
2019-04-17,korea,1616.0,140.0,136.0,2488.3,2.0,3.0,50.0,292.0,65.0,510.0,19.0
2019-04-17,libya,1277.0,235.0,349.0,-2176.1,11.0,5.0,59.0,16.0,7.0,-5.3,0.0
2019-04-17,scs,2671.0,362.0,304.0,2348.9,7.0,13.0,139.0,133.0,48.0,75.3,3.0
2019-04-17,southasia,10031.0,1905.0,1550.0,-307.8,43.0,57.0,614.0,59.0,19.0,40.0,4.0
2019-04-17,sudan,2065.0,330.0,347.0,801.5,10.0,13.0,220.0,31.0,12.0,-15.8,3.0
2019-04-17,taiwan,718.0,78.0,54.0,883.2,0.0,0.0,19.0,171.0,52.0,85.4,3.0
2019-04-17,ukraine,976.0,78.0,152.0,917.1,2.0,5.0,73.0,189.0,75.0,-116.4,39.0
2019-04-17,venezuela,1042.0,239.0,144.0,353.5,17.0,7.0,100.0,213.0,101.0,-175.0,12.0
2019-04-17,yemen,1151.0,396.0,137.0,-1134.3,4.0,5.0,29.0,459.0,245.0,-662.1,0.0
2019-04-18,drc,27.0,0.0,1.0,46.3,0.0,0.0,1.0,5.0,3.0,-10.4,0.0
2019-04-18,europe_east,1276.0,151.0,119.0,1784.7,1.0,2.0,54.0,214.0,10.0,644.2,6.0
2019-04-18,iran,1894.0,297.0,240.0,1459.8,15.0,7.0,127.0,238.0,123.0,-235.0,16.0
2019-04-18,israel,4059.0,617.0,577.0,1555.2,19.0,13.0,259.0,612.0,260.0,-694.9,40.0
2019-04-18,korea,2357.0,351.0,197.0,2650.1,5.0,10.0,86.0,578.0,140.0,1061.9,3.0
2019-04-18,libya,1022.0,129.0,275.0,-1018.5,10.0,2.0,78.0,6.0,6.0,-53.0,1.0
2019-04-18,scs,2026.0,288.0,263.0,1432.4,8.0,3.0,113.0,168.0,61.0,54.8,8.0
2019-04-18,southasia,10859.0,2098.0,1731.0,-1191.6,42.0,64.0,614.0,42.0,20.0,-70.2,0.0
2019-04-18,sudan,1417.0,212.0,201.0,768.2,6.0,7.0,123.0,20.0,6.0,-1.4,2.0
2019-04-18,taiwan,513.0,65.0,41.0,504.2,0.0,0.0,9.0,110.0,35.0,127.4,3.0
2019-04-18,ukraine,1118.0,125.0,192.0,463.8,6.0,2.0,102.0,274.0,117.0,-224.6,36.0
2019-04-18,venezuela,1042.0,203.0,136.0,1064.4,4.0,5.0,102.0,254.0,88.0,24.5,15.0
2019-04-18,yemen,721.0,187.0,97.0,-419.7,1.0,3.0,33.0,194.0,78.0,-164.4,5.0
2019-04-19,drc,53.0,4.0,9.0,49.7,1.0,0.0,5.0,3.0,0.0,0.0,0.0
2019-04-19,europe_east,1084.0,83.0,93.0,1886.7,3.0,10.0,40.0,124.0,14.0,249.8,7.0
2019-04-19,iran,1132.0,137.0,179.0,480.4,9.0,2.0,105.0,153.0,71.0,-106.6,16.0
2019-04-19,israel,2824.0,472.0,533.0,-1014.2,12.0,11.0,205.0,505.0,238.0,-668.9,57.0
2019-04-19,korea,1653.0,205.0,149.0,1641.7,8.0,12.0,53.0,402.0,100.0,452.2,14.0
2019-04-19,libya,1199.0,180.0,241.0,-612.5,16.0,10.0,68.0,6.0,4.0,-30.0,0.0
2019-04-19,scs,1576.0,145.0,180.0,2225.8,3.0,2.0,73.0,70.0,15.0,139.9,0.0
2019-04-19,southasia,9041.0,1814.0,1464.0,-1846.3,56.0,27.0,526.0,52.0,29.0,-62.7,4.0
2019-04-19,sudan,973.0,164.0,145.0,260.5,6.0,3.0,98.0,9.0,4.0,-6.6,0.0
2019-04-19,taiwan,341.0,31.0,25.0,506.5,1.0,0.0,10.0,60.0,16.0,56.6,1.0
2019-04-19,ukraine,1242.0,166.0,127.0,1069.8,8.0,3.0,62.0,255.0,80.0,-23.1,12.0
2019-04-19,venezuela,471.0,101.0,58.0,98.3,4.0,4.0,41.0,109.0,42.0,-42.2,7.0
2019-04-19,yemen,417.0,102.0,75.0,-343.2,1.0,2.0,12.0,107.0,50.0,-159.9,0.0
2019-04-20,drc,52.0,4.0,23.0,-133.6,0.0,0.0,6.0,2.0,2.0,-11.5,0.0
2019-04-20,europe_east,451.0,41.0,39.0,746.1,0.0,2.0,25.0,41.0,7.0,80.1,2.0
2019-04-20,iran,1451.0,230.0,174.0,902.0,6.0,1.0,81.0,99.0,44.0,-52.2,8.0
2019-04-20,israel,1649.0,241.0,312.0,-282.1,6.0,3.0,118.0,336.0,168.0,-576.2,47.0
2019-04-20,korea,1023.0,162.0,182.0,-204.5,0.0,3.0,71.0,300.0,123.0,-196.0,28.0
2019-04-20,libya,1010.0,161.0,162.0,-320.1,8.0,3.0,31.0,15.0,8.0,-19.1,0.0
2019-04-20,scs,1413.0,153.0,229.0,738.9,5.0,5.0,80.0,60.0,35.0,-219.8,1.0
2019-04-20,southasia,8293.0,1885.0,1237.0,-2266.9,28.0,12.0,420.0,82.0,50.0,-227.9,0.0
2019-04-20,sudan,793.0,144.0,118.0,143.0,3.0,9.0,69.0,14.0,7.0,-10.5,0.0
2019-04-20,taiwan,247.0,34.0,31.0,138.6,0.0,1.0,22.0,50.0,19.0,-10.5,0.0
2019-04-20,ukraine,572.0,97.0,88.0,158.0,1.0,3.0,30.0,171.0,81.0,-205.6,12.0
2019-04-20,venezuela,319.0,65.0,23.0,282.0,2.0,1.0,17.0,52.0,17.0,-22.2,3.0
2019-04-20,yemen,294.0,62.0,54.0,-75.5,1.0,1.0,16.0,69.0,24.0,18.5,0.0
2019-04-21,drc,101.0,6.0,42.0,-252.9,0.0,0.0,7.0,7.0,5.0,-25.2,2.0
2019-04-21,europe_east,379.0,66.0,25.0,550.4,0.0,3.0,13.0,4.0,3.0,-13.0,2.0
2019-04-21,iran,1351.0,236.0,135.0,1065.9,5.0,0.0,39.0,119.0,48.0,-33.4,1.0
2019-04-21,israel,1952.0,328.0,278.0,210.0,14.0,3.0,86.0,390.0,197.0,-818.3,25.0
2019-04-21,korea,678.0,98.0,111.0,75.7,5.0,0.0,43.0,89.0,30.0,-13.6,2.0
2019-04-21,libya,750.0,120.0,191.0,-1142.6,13.0,3.0,24.0,2.0,2.0,-12.0,0.0
2019-04-21,scs,1264.0,158.0,208.0,488.5,2.0,0.0,89.0,103.0,27.0,82.5,4.0
2019-04-21,southasia,7268.0,1474.0,1088.0,-609.5,27.0,21.0,363.0,90.0,33.0,-68.9,5.0
2019-04-21,sudan,959.0,150.0,142.0,311.3,5.0,3.0,102.0,9.0,2.0,18.4,1.0
2019-04-21,taiwan,197.0,23.0,30.0,41.6,0.0,0.0,13.0,50.0,16.0,27.9,3.0
2019-04-21,ukraine,777.0,135.0,88.0,396.8,1.0,3.0,29.0,209.0,88.0,-109.2,9.0
2019-04-21,venezuela,208.0,48.0,11.0,199.5,0.0,0.0,8.0,34.0,10.0,9.7,3.0
2019-04-21,yemen,242.0,33.0,65.0,-165.7,0.0,1.0,19.0,60.0,32.0,-133.3,0.0
2019-04-22,drc,24.0,4.0,6.0,-19.1,0.0,0.0,1.0,8.0,4.0,-15.0,2.0
2019-04-22,europe_east,591.0,78.0,55.0,811.8,0.0,1.0,32.0,26.0,1.0,86.8,0.0
2019-04-22,iran,3281.0,438.0,354.0,4549.8,19.0,2.0,227.0,697.0,232.0,758.6,8.0
2019-04-22,israel,2910.0,458.0,511.0,-311.1,34.0,19.0,232.0,513.0,242.0,-692.9,64.0
2019-04-22,korea,1267.0,117.0,149.0,1651.9,1.0,1.0,74.0,153.0,36.0,194.7,8.0
2019-04-22,libya,620.0,89.0,121.0,-187.9,5.0,3.0,20.0,2.0,1.0,-2.6,0.0
2019-04-22,scs,2180.0,308.0,311.0,1032.6,8.0,9.0,118.0,155.0,25.0,313.5,0.0
2019-04-22,southasia,9656.0,1954.0,1326.0,1457.0,30.0,33.0,505.0,64.0,29.0,-81.2,3.0
2019-04-22,sudan,1114.0,189.0,147.0,674.7,2.0,4.0,90.0,8.0,5.0,-24.1,0.0
2019-04-22,taiwan,355.0,29.0,30.0,656.3,2.0,0.0,19.0,67.0,17.0,107.1,1.0
2019-04-22,ukraine,1812.0,206.0,149.0,2394.0,15.0,0.0,51.0,559.0,161.0,310.4,12.0
2019-04-22,venezuela,333.0,62.0,60.0,-9.0,5.0,7.0,35.0,43.0,14.0,13.4,0.0
2019-04-22,yemen,317.0,66.0,64.0,-251.9,12.0,2.0,13.0,106.0,57.0,-326.6,17.0
2019-04-23,drc,78.0,4.0,22.0,-70.3,0.0,0.0,1.0,13.0,3.0,14.0,0.0
2019-04-23,europe_east,983.0,107.0,120.0,1179.6,2.0,13.0,62.0,69.0,14.0,144.6,2.0
2019-04-23,iran,2885.0,445.0,414.0,2440.0,16.0,5.0,270.0,741.0,302.0,241.5,28.0
2019-04-23,israel,3634.0,581.0,573.0,244.6,25.0,26.0,202.0,622.0,279.0,-730.3,41.0
2019-04-23,korea,1558.0,145.0,114.0,2748.1,3.0,0.0,67.0,212.0,49.0,269.4,3.0
2019-04-23,libya,951.0,138.0,188.0,-522.4,10.0,0.0,38.0,7.0,5.0,-37.0,1.0
2019-04-23,scs,2545.0,306.0,362.0,969.7,9.0,11.0,117.0,182.0,64.0,48.6,4.0
2019-04-23,southasia,10174.0,2259.0,1538.0,-1905.7,46.0,88.0,553.0,71.0,18.0,60.9,0.0
2019-04-23,sudan,1279.0,193.0,165.0,533.5,5.0,2.0,96.0,6.0,3.0,-8.0,0.0
2019-04-23,taiwan,391.0,27.0,40.0,561.3,0.0,1.0,23.0,36.0,15.0,-8.2,4.0
2019-04-23,ukraine,1392.0,187.0,135.0,1461.0,3.0,2.0,69.0,364.0,91.0,519.7,16.0
2019-04-23,venezuela,381.0,86.0,73.0,-252.3,0.0,0.0,30.0,51.0,18.0,-32.4,5.0
2019-04-23,yemen,319.0,50.0,56.0,58.5,6.0,1.0,12.0,70.0,43.0,-281.0,7.0
2019-04-24,drc,46.0,6.0,7.0,-16.3,3.0,0.0,0.0,10.0,0.0,72.0,0.0
2019-04-24,europe_east,1030.0,128.0,112.0,1214.1,4.0,0.0,59.0,68.0,6.0,134.5,0.0
2019-04-24,iran,2757.0,464.0,427.0,1714.1,16.0,10.0,280.0,707.0,292.0,42.2,61.0
2019-04-24,israel,3679.0,575.0,610.0,-51.8,22.0,12.0,257.0,683.0,319.0,-903.7,80.0
2019-04-24,korea,2134.0,206.0,158.0,4128.9,2.0,0.0,72.0,398.0,89.0,866.3,17.0
2019-04-24,libya,928.0,121.0,218.0,-648.1,6.0,4.0,48.0,9.0,9.0,-66.0,0.0
2019-04-24,scs,2612.0,337.0,311.0,1923.2,5.0,3.0,133.0,217.0,38.0,407.3,10.0
2019-04-24,southasia,9486.0,1807.0,1396.0,1125.4,39.0,29.0,629.0,65.0,28.0,-59.8,9.0
2019-04-24,sudan,1244.0,211.0,122.0,848.9,4.0,2.0,75.0,6.0,1.0,8.8,0.0
2019-04-24,taiwan,454.0,63.0,37.0,593.9,0.0,1.0,27.0,52.0,16.0,-20.2,4.0
2019-04-24,ukraine,1388.0,211.0,142.0,1472.1,2.0,1.0,91.0,393.0,145.0,-7.6,16.0
2019-04-24,venezuela,469.0,57.0,47.0,753.7,0.0,0.0,27.0,84.0,14.0,98.9,3.0
2019-04-24,yemen,414.0,73.0,88.0,-285.4,13.0,0.0,27.0,101.0,54.0,-270.8,4.0
2019-04-25,drc,31.0,9.0,8.0,-86.7,3.0,0.0,0.0,6.0,0.0,45.0,0.0
2019-04-25,europe_east,1196.0,159.0,100.0,1602.0,0.0,1.0,46.0,164.0,66.0,-63.1,30.0
2019-04-25,iran,2048.0,331.0,363.0,690.8,14.0,1.0,244.0,501.0,226.0,-54.5,50.0
2019-04-25,israel,2767.0,497.0,495.0,-642.8,16.0,1.0,250.0,448.0,260.0,-1119.1,49.0
2019-04-25,korea,3105.0,329.0,283.0,5343.3,3.0,0.0,192.0,710.0,192.0,1216.7,43.0
2019-04-25,libya,849.0,111.0,195.0,-555.2,4.0,2.0,42.0,8.0,4.0,-7.5,0.0
2019-04-25,scs,2704.0,312.0,322.0,2615.1,7.0,10.0,164.0,356.0,51.0,792.1,8.0
2019-04-25,southasia,9636.0,1809.0,1373.0,2360.2,44.0,11.0,631.0,50.0,32.0,-124.6,6.0
2019-04-25,sudan,919.0,188.0,81.0,592.8,5.0,7.0,47.0,12.0,6.0,-6.2,0.0
2019-04-25,taiwan,340.0,53.0,40.0,242.8,7.0,0.0,31.0,64.0,34.0,-87.2,9.0
2019-04-25,ukraine,1499.0,225.0,124.0,1826.2,3.0,0.0,54.0,441.0,188.0,-143.8,17.0
2019-04-25,venezuela,550.0,90.0,85.0,110.1,1.0,2.0,48.0,147.0,63.0,-147.4,5.0
2019-04-25,yemen,258.0,39.0,48.0,70.0,7.0,0.0,15.0,62.0,30.0,-47.7,3.0
2019-04-26,drc,59.0,8.0,27.0,-212.0,4.0,1.0,4.0,9.0,4.0,9.2,0.0
2019-04-26,europe_east,1077.0,118.0,84.0,1728.8,3.0,4.0,33.0,191.0,27.0,549.5,0.0
2019-04-26,iran,1514.0,242.0,232.0,892.0,7.0,1.0,135.0,318.0,120.0,-81.5,28.0
2019-04-26,israel,2318.0,379.0,469.0,-999.2,15.0,4.0,220.0,356.0,187.0,-770.1,40.0
2019-04-26,korea,2771.0,324.0,303.0,3677.2,3.0,3.0,203.0,859.0,242.0,882.6,50.0
2019-04-26,libya,617.0,78.0,170.0,-749.3,10.0,0.0,45.0,1.0,1.0,-10.0,0.0
2019-04-26,scs,2599.0,301.0,332.0,2216.2,7.0,4.0,175.0,305.0,47.0,722.9,5.0
2019-04-26,southasia,9423.0,1739.0,1326.0,1476.2,61.0,28.0,558.0,37.0,18.0,-53.8,8.0
2019-04-26,sudan,967.0,189.0,152.0,-146.4,3.0,1.0,47.0,12.0,2.0,11.1,0.0
2019-04-26,taiwan,340.0,44.0,31.0,374.4,2.0,1.0,14.0,48.0,12.0,64.4,5.0
2019-04-26,ukraine,1829.0,192.0,257.0,1462.3,6.0,0.0,61.0,442.0,128.0,447.7,27.0
2019-04-26,venezuela,805.0,118.0,176.0,31.6,2.0,1.0,137.0,267.0,115.0,-3.3,36.0
2019-04-26,yemen,315.0,21.0,65.0,120.9,0.0,0.0,29.0,122.0,39.0,45.5,2.0
2019-04-27,drc,18.0,4.0,2.0,4.3,0.0,0.0,1.0,6.0,2.0,-9.1,0.0
2019-04-27,europe_east,467.0,46.0,53.0,457.4,1.0,3.0,18.0,55.0,12.0,93.9,0.0
2019-04-27,iran,1132.0,187.0,186.0,762.0,10.0,1.0,116.0,276.0,115.0,107.6,21.0
2019-04-27,israel,1760.0,225.0,414.0,-922.7,5.0,3.0,136.0,464.0,215.0,-613.1,39.0
2019-04-27,korea,1185.0,117.0,90.0,1774.2,0.0,0.0,56.0,387.0,82.0,529.9,22.0
2019-04-27,libya,367.0,55.0,92.0,-305.5,2.0,0.0,25.0,2.0,1.0,-5.0,0.0
2019-04-27,scs,1789.0,173.0,208.0,2072.1,3.0,6.0,108.0,234.0,22.0,569.0,6.0
2019-04-27,southasia,7389.0,1487.0,964.0,1525.7,42.0,17.0,382.0,48.0,17.0,-5.2,7.0
2019-04-27,sudan,652.0,142.0,77.0,295.1,1.0,0.0,47.0,3.0,1.0,3.0,0.0
2019-04-27,taiwan,198.0,32.0,24.0,73.5,1.0,0.0,6.0,34.0,4.0,63.0,1.0
2019-04-27,ukraine,707.0,132.0,75.0,406.6,5.0,0.0,39.0,194.0,56.0,92.6,6.0
2019-04-27,venezuela,543.0,90.0,88.0,347.8,3.0,2.0,75.0,173.0,62.0,123.0,19.0
2019-04-27,yemen,266.0,23.0,83.0,-354.7,1.0,0.0,20.0,58.0,20.0,-53.4,0.0
2019-04-28,drc,11.0,1.0,2.0,11.0,0.0,0.0,2.0,6.0,0.0,17.4,0.0
2019-04-28,europe_east,470.0,44.0,45.0,573.0,0.0,0.0,16.0,68.0,13.0,126.3,2.0
2019-04-28,iran,1385.0,203.0,231.0,441.6,3.0,5.0,106.0,387.0,180.0,-222.5,17.0
2019-04-28,israel,2710.0,395.0,564.0,-1221.7,10.0,3.0,132.0,570.0,224.0,-421.4,26.0
2019-04-28,korea,1056.0,98.0,91.0,1848.5,3.0,1.0,54.0,256.0,49.0,604.8,19.0
2019-04-28,libya,493.0,73.0,108.0,-319.7,6.0,1.0,14.0,3.0,1.0,-6.2,0.0
2019-04-28,scs,1503.0,138.0,182.0,1452.5,4.0,7.0,47.0,177.0,32.0,299.2,3.0
2019-04-28,southasia,6798.0,1319.0,963.0,565.8,20.0,36.0,380.0,37.0,19.0,-26.8,3.0
2019-04-28,sudan,857.0,174.0,93.0,735.1,1.0,1.0,56.0,6.0,2.0,-0.3,0.0
2019-04-28,taiwan,212.0,39.0,21.0,109.3,0.0,0.0,5.0,40.0,11.0,47.5,0.0
2019-04-28,ukraine,527.0,79.0,39.0,682.9,0.0,1.0,10.0,223.0,69.0,48.5,7.0
2019-04-28,venezuela,231.0,46.0,24.0,141.4,0.0,1.0,20.0,53.0,14.0,76.0,0.0
2019-04-28,yemen,147.0,16.0,46.0,-222.9,0.0,0.0,10.0,33.0,18.0,-145.4,0.0
2019-04-29,drc,45.0,1.0,7.0,94.0,0.0,0.0,3.0,11.0,1.0,21.2,0.0
2019-04-29,europe_east,973.0,103.0,135.0,811.7,1.0,3.0,48.0,78.0,11.0,186.4,0.0
2019-04-29,iran,1695.0,273.0,259.0,671.1,9.0,4.0,145.0,342.0,136.0,148.1,16.0
2019-04-29,israel,3340.0,478.0,649.0,-1437.2,15.0,3.0,189.0,663.0,306.0,-1246.8,55.0
2019-04-29,korea,1433.0,132.0,93.0,2981.7,4.0,4.0,59.0,377.0,48.0,1081.7,23.0
2019-04-29,libya,633.0,109.0,153.0,-861.2,8.0,6.0,24.0,8.0,4.0,-22.2,0.0
2019-04-29,scs,2048.0,293.0,315.0,584.1,6.0,9.0,113.0,150.0,33.0,234.1,11.0
2019-04-29,southasia,9284.0,1671.0,1391.0,139.9,64.0,71.0,488.0,50.0,20.0,-68.9,5.0
2019-04-29,sudan,988.0,187.0,95.0,1011.9,2.0,4.0,46.0,15.0,7.0,-46.2,0.0
2019-04-29,taiwan,476.0,85.0,39.0,402.8,3.0,0.0,20.0,164.0,58.0,128.4,20.0
2019-04-29,ukraine,987.0,113.0,87.0,1190.9,5.0,0.0,30.0,295.0,94.0,33.7,11.0
2019-04-29,venezuela,402.0,63.0,40.0,439.8,0.0,0.0,23.0,110.0,27.0,188.9,8.0
2019-04-29,yemen,244.0,59.0,41.0,-38.4,0.0,0.0,10.0,74.0,34.0,-21.0,5.0
2019-04-30,drc,50.0,3.0,19.0,-67.0,0.0,2.0,6.0,10.0,4.0,-9.6,4.0
2019-04-30,europe_east,1113.0,113.0,109.0,1377.4,0.0,6.0,46.0,118.0,37.0,123.8,7.0
2019-04-30,iran,1644.0,265.0,247.0,1149.3,5.0,2.0,144.0,351.0,123.0,223.6,21.0
2019-04-30,israel,3491.0,572.0,539.0,120.4,19.0,5.0,192.0,568.0,245.0,-712.8,45.0
2019-04-30,korea,1150.0,190.0,89.0,1661.2,3.0,4.0,56.0,223.0,58.0,442.8,13.0
2019-04-30,libya,617.0,112.0,147.0,-775.4,4.0,1.0,21.0,3.0,3.0,-30.0,0.0
2019-04-30,scs,2168.0,233.0,357.0,1002.3,6.0,26.0,119.0,91.0,21.0,76.6,1.0
2019-04-30,southasia,9218.0,1658.0,1423.0,1088.6,40.0,25.0,636.0,42.0,17.0,-40.1,5.0
2019-04-30,sudan,842.0,151.0,87.0,583.2,3.0,8.0,32.0,6.0,0.0,18.7,0.0
2019-04-30,taiwan,448.0,65.0,15.0,760.5,1.0,2.0,4.0,120.0,33.0,185.3,6.0
2019-04-30,ukraine,882.0,90.0,96.0,863.1,0.0,0.0,53.0,229.0,74.0,-59.0,17.0
2019-04-30,venezuela,3675.0,781.0,440.0,814.5,47.0,21.0,185.0,571.0,165.0,373.3,21.0
2019-04-30,yemen,290.0,37.0,51.0,-45.7,0.0,1.0,11.0,67.0,27.0,-73.5,0.0
2019-05-01,drc,48.0,2.0,4.0,91.4,0.0,0.0,3.0,2.0,2.0,-10.0,2.0
2019-05-01,europe_east,1054.0,98.0,113.0,1318.3,0.0,6.0,43.0,62.0,14.0,45.8,4.0
2019-05-01,iran,1623.0,276.0,240.0,914.9,16.0,1.0,132.0,245.0,126.0,-257.7,10.0
2019-05-01,israel,3335.0,539.0,511.0,588.5,22.0,13.0,204.0,504.0,255.0,-906.2,50.0
2019-05-01,korea,1159.0,170.0,114.0,1412.0,6.0,0.0,75.0,205.0,46.0,310.1,11.0
2019-05-01,libya,538.0,70.0,135.0,-522.0,6.0,0.0,34.0,4.0,0.0,6.7,0.0
2019-05-01,scs,2175.0,363.0,265.0,1344.0,6.0,6.0,117.0,31.0,12.0,-4.2,2.0
2019-05-01,southasia,10488.0,1887.0,1970.0,-3195.9,47.0,34.0,852.0,62.0,28.0,-93.5,1.0
2019-05-01,sudan,839.0,145.0,99.0,410.8,0.0,1.0,49.0,6.0,2.0,1.5,0.0
2019-05-01,taiwan,352.0,57.0,32.0,269.8,0.0,1.0,16.0,79.0,31.0,47.4,4.0
2019-05-01,ukraine,723.0,118.0,92.0,64.2,3.0,0.0,27.0,191.0,90.0,-193.1,12.0
2019-05-01,venezuela,4758.0,1057.0,639.0,-583.2,91.0,22.0,271.0,774.0,234.0,493.9,23.0
2019-05-01,yemen,318.0,56.0,58.0,-41.7,6.0,0.0,24.0,62.0,33.0,-184.4,3.0
2019-05-02,drc,41.0,2.0,6.0,2.7,0.0,0.0,0.0,11.0,6.0,9.2,5.0
2019-05-02,europe_east,1358.0,142.0,152.0,1473.0,3.0,6.0,52.0,116.0,19.0,221.0,0.0
2019-05-02,iran,1540.0,277.0,264.0,61.9,7.0,2.0,152.0,281.0,117.0,27.0,31.0
2019-05-02,israel,3606.0,481.0,582.0,777.7,20.0,7.0,194.0,498.0,250.0,-1163.5,58.0
2019-05-02,korea,1344.0,134.0,89.0,2535.9,2.0,1.0,43.0,251.0,54.0,469.7,2.0
2019-05-02,libya,585.0,80.0,114.0,-11.2,2.0,2.0,34.0,0.0,0.0,0.0,0.0
2019-05-02,scs,2084.0,256.0,312.0,1043.1,3.0,11.0,127.0,78.0,19.0,110.7,4.0
2019-05-02,southasia,10559.0,1876.0,2003.0,-2675.6,40.0,60.0,932.0,104.0,59.0,-304.6,14.0
2019-05-02,sudan,1046.0,205.0,146.0,298.1,0.0,8.0,55.0,14.0,5.0,6.7,4.0
2019-05-02,taiwan,609.0,79.0,30.0,876.9,0.0,1.0,17.0,99.0,45.0,-103.0,8.0
2019-05-02,ukraine,1171.0,153.0,133.0,837.3,4.0,4.0,68.0,218.0,80.0,36.5,7.0
2019-05-02,venezuela,3311.0,762.0,486.0,-1052.5,63.0,11.0,231.0,557.0,164.0,306.4,14.0
2019-05-02,yemen,453.0,88.0,88.0,-199.5,3.0,1.0,17.0,105.0,57.0,-307.0,3.0
2019-05-03,drc,85.0,7.0,20.0,23.4,0.0,0.0,7.0,7.0,4.0,-32.0,0.0
2019-05-03,europe_east,1376.0,135.0,110.0,1981.2,2.0,8.0,63.0,161.0,8.0,398.4,2.0
2019-05-03,iran,1426.0,266.0,205.0,679.9,13.0,1.0,139.0,291.0,112.0,132.3,20.0
2019-05-03,israel,2932.0,474.0,606.0,-1736.9,8.0,6.0,227.0,562.0,276.0,-1236.3,59.0
2019-05-03,korea,1731.0,210.0,199.0,1711.4,29.0,6.0,86.0,407.0,114.0,109.8,35.0
2019-05-03,libya,521.0,94.0,116.0,-545.0,5.0,0.0,18.0,2.0,1.0,0.0,0.0
2019-05-03,scs,2464.0,373.0,376.0,543.5,15.0,3.0,151.0,61.0,11.0,123.4,5.0
2019-05-03,southasia,9376.0,1689.0,1554.0,-263.9,27.0,42.0,737.0,63.0,17.0,-41.9,2.0
2019-05-03,sudan,951.0,173.0,121.0,557.9,2.0,4.0,68.0,9.0,5.0,4.0,2.0
2019-05-03,taiwan,478.0,57.0,39.0,534.4,3.0,4.0,20.0,83.0,20.0,46.6,8.0
2019-05-03,ukraine,1305.0,156.0,160.0,782.6,2.0,4.0,63.0,307.0,121.0,-162.9,14.0
2019-05-03,venezuela,3168.0,555.0,392.0,1809.2,14.0,14.0,202.0,574.0,120.0,741.9,9.0
2019-05-03,yemen,349.0,78.0,47.0,-31.7,2.0,0.0,10.0,76.0,38.0,-111.0,2.0
2019-05-04,drc,38.0,2.0,6.0,-25.9,0.0,0.0,0.0,2.0,0.0,-0.8,0.0
2019-05-04,europe_east,589.0,54.0,55.0,737.9,0.0,4.0,15.0,41.0,3.0,131.5,0.0
2019-05-04,iran,1095.0,162.0,187.0,951.4,6.0,6.0,132.0,198.0,80.0,17.0,5.0
2019-05-04,israel,2948.0,504.0,1013.0,-7495.2,39.0,3.0,145.0,876.0,621.0,-4569.7,66.0
2019-05-04,korea,2216.0,164.0,529.0,-903.4,3.0,37.0,118.0,877.0,389.0,-1838.3,55.0
2019-05-04,libya,384.0,65.0,91.0,-285.0,2.0,5.0,12.0,14.0,4.0,24.2,0.0
2019-05-04,scs,1708.0,204.0,198.0,1530.1,10.0,2.0,105.0,31.0,11.0,-58.3,0.0
2019-05-04,southasia,7518.0,1271.0,1119.0,1194.8,29.0,22.0,481.0,83.0,16.0,114.7,0.0
2019-05-04,sudan,384.0,79.0,57.0,-45.8,2.0,0.0,16.0,4.0,0.0,28.0,0.0
2019-05-04,taiwan,246.0,32.0,23.0,296.3,2.0,1.0,14.0,57.0,28.0,-74.0,8.0
2019-05-04,ukraine,491.0,61.0,50.0,444.2,1.0,2.0,18.0,88.0,41.0,-110.2,3.0
2019-05-04,venezuela,1934.0,296.0,238.0,1140.3,16.0,5.0,100.0,317.0,82.0,167.9,11.0
2019-05-04,yemen,172.0,28.0,50.0,-331.2,0.0,0.0,5.0,29.0,14.0,-62.8,1.0
2019-05-05,drc,11.0,0.0,1.0,15.1,0.0,0.0,1.0,0.0,0.0,0.0,0.0
2019-05-05,europe_east,578.0,75.0,45.0,585.1,2.0,2.0,19.0,32.0,6.0,34.0,0.0
2019-05-05,iran,992.0,117.0,169.0,651.1,10.0,0.0,76.0,205.0,80.0,14.6,2.0
2019-05-05,israel,5616.0,909.0,2086.0,-15539.2,80.0,29.0,165.0,1706.0,1161.0,-8002.4,84.0
2019-05-05,korea,1527.0,177.0,244.0,273.7,6.0,3.0,72.0,573.0,208.0,-499.2,13.0
2019-05-05,libya,297.0,32.0,82.0,-337.5,2.0,2.0,5.0,9.0,4.0,-20.5,0.0
2019-05-05,scs,1425.0,179.0,224.0,456.2,0.0,7.0,82.0,28.0,23.0,-93.0,6.0
2019-05-05,southasia,6735.0,1200.0,1061.0,148.8,13.0,17.0,342.0,62.0,18.0,-14.4,4.0
2019-05-05,sudan,622.0,125.0,117.0,-290.1,0.0,6.0,51.0,1.0,1.0,-6.5,0.0
2019-05-05,taiwan,237.0,26.0,17.0,326.2,2.0,0.0,13.0,30.0,8.0,20.6,5.0
2019-05-05,ukraine,355.0,33.0,49.0,325.0,0.0,0.0,24.0,48.0,16.0,-6.9,5.0
2019-05-05,venezuela,1657.0,312.0,172.0,778.4,15.0,1.0,75.0,282.0,100.0,9.2,1.0
2019-05-05,yemen,218.0,24.0,36.0,151.2,0.0,2.0,8.0,62.0,20.0,-1.5,2.0
2019-05-06,drc,26.0,0.0,6.0,14.4,0.0,0.0,3.0,2.0,2.0,-10.0,2.0
2019-05-06,europe_east,1180.0,148.0,135.0,1189.9,8.0,7.0,55.0,193.0,52.0,104.6,3.0
2019-05-06,iran,2167.0,376.0,397.0,-95.6,32.0,37.0,123.0,711.0,324.0,-579.6,45.0
2019-05-06,israel,5950.0,988.0,1615.0,-8446.3,60.0,10.0,199.0,1646.0,943.0,-4972.3,83.0
2019-05-06,korea,1407.0,172.0,154.0,1429.7,4.0,1.0,53.0,388.0,105.0,228.5,13.0
2019-05-06,libya,512.0,82.0,120.0,-490.8,3.0,3.0,14.0,8.0,0.0,40.4,0.0
2019-05-06,scs,2220.0,316.0,302.0,1163.6,2.0,7.0,163.0,74.0,10.0,200.3,2.0
2019-05-06,southasia,8325.0,1473.0,1220.0,1084.6,19.0,24.0,476.0,29.0,27.0,-150.6,7.0
2019-05-06,sudan,650.0,108.0,119.0,43.1,1.0,1.0,66.0,0.0,0.0,0.0,0.0
2019-05-06,taiwan,405.0,46.0,15.0,644.2,0.0,0.0,13.0,78.0,28.0,17.4,2.0
2019-05-06,ukraine,1186.0,120.0,134.0,1097.6,3.0,3.0,45.0,240.0,102.0,-405.1,8.0
2019-05-06,venezuela,1431.0,274.0,141.0,699.1,24.0,4.0,48.0,227.0,73.0,180.5,19.0
2019-05-06,yemen,243.0,37.0,43.0,-14.3,0.0,1.0,9.0,62.0,29.0,-84.6,6.0
2019-05-07,drc,43.0,9.0,10.0,-55.2,0.0,0.0,3.0,11.0,11.0,-108.0,0.0
2019-05-07,europe_east,2057.0,218.0,182.0,2096.1,7.0,9.0,79.0,267.0,44.0,395.0,2.0
2019-05-07,iran,2576.0,464.0,365.0,992.6,41.0,25.0,146.0,614.0,303.0,-740.7,37.0
2019-05-07,israel,4727.0,704.0,1089.0,-3461.6,40.0,1.0,223.0,1034.0,539.0,-2486.7,58.0
2019-05-07,korea,1443.0,159.0,128.0,2077.1,10.0,0.0,44.0,413.0,80.0,678.4,5.0
2019-05-07,libya,748.0,86.0,176.0,-673.6,7.0,1.0,19.0,2.0,2.0,-20.0,0.0
2019-05-07,scs,2424.0,317.0,342.0,1145.8,2.0,23.0,135.0,105.0,11.0,307.5,2.0
2019-05-07,southasia,8931.0,1639.0,1131.0,2936.8,21.0,38.0,473.0,58.0,11.0,101.9,0.0
2019-05-07,sudan,533.0,72.0,78.0,365.3,0.0,0.0,39.0,2.0,2.0,-10.5,0.0
2019-05-07,taiwan,402.0,47.0,34.0,678.9,1.0,0.0,19.0,80.0,34.0,11.3,2.0
2019-05-07,ukraine,1354.0,147.0,123.0,1574.7,4.0,0.0,77.0,185.0,48.0,153.6,18.0
2019-05-07,venezuela,1768.0,321.0,212.0,888.5,21.0,9.0,117.0,309.0,88.0,238.9,11.0
2019-05-07,yemen,279.0,47.0,60.0,-127.2,2.0,3.0,9.0,50.0,9.0,127.6,5.0
2019-05-08,drc,66.0,9.0,21.0,-129.1,0.0,0.0,0.0,1.0,0.0,7.4,0.0
2019-05-08,europe_east,1817.0,236.0,196.0,1900.8,4.0,2.0,76.0,128.0,41.0,109.9,2.0
2019-05-08,iran,5141.0,818.0,442.0,9323.6,52.0,32.0,235.0,1038.0,416.0,216.6,52.0
2019-05-08,israel,4096.0,648.0,851.0,-1799.9,30.0,4.0,229.0,752.0,384.0,-1457.8,29.0
2019-05-08,korea,1420.0,119.0,127.0,2513.7,6.0,2.0,53.0,350.0,33.0,895.0,7.0
2019-05-08,libya,577.0,64.0,135.0,-510.8,7.0,2.0,23.0,6.0,3.0,-20.2,1.0
2019-05-08,scs,2629.0,359.0,316.0,1793.6,15.0,6.0,157.0,75.0,18.0,92.4,3.0
2019-05-08,southasia,10267.0,1779.0,1731.0,-1669.0,48.0,39.0,613.0,46.0,22.0,-89.3,9.0
2019-05-08,sudan,936.0,165.0,118.0,263.8,2.0,3.0,66.0,19.0,9.0,-22.5,3.0
2019-05-08,taiwan,415.0,36.0,24.0,857.0,2.0,0.0,19.0,97.0,33.0,55.8,11.0
2019-05-08,ukraine,926.0,113.0,117.0,671.3,4.0,0.0,64.0,204.0,76.0,-94.9,26.0
2019-05-08,venezuela,1877.0,316.0,243.0,1600.1,15.0,13.0,171.0,310.0,105.0,52.9,15.0
2019-05-08,yemen,271.0,24.0,67.0,-154.6,1.0,0.0,12.0,78.0,35.0,-119.8,3.0
2019-05-09,drc,39.0,1.0,21.0,-161.0,0.0,0.0,0.0,2.0,2.0,-20.0,0.0
2019-05-09,europe_east,1698.0,180.0,152.0,2164.3,1.0,4.0,74.0,75.0,13.0,156.7,7.0
2019-05-09,iran,4318.0,719.0,454.0,6563.8,43.0,32.0,259.0,994.0,357.0,474.5,36.0
2019-05-09,israel,3648.0,549.0,710.0,-319.6,20.0,4.0,240.0,635.0,260.0,-681.4,47.0
2019-05-09,korea,3045.0,384.0,496.0,880.4,4.0,3.0,142.0,1080.0,444.0,-950.6,23.0
2019-05-09,libya,711.0,78.0,155.0,-275.2,5.0,4.0,20.0,1.0,1.0,-6.5,0.0
2019-05-09,scs,2635.0,293.0,384.0,1614.1,5.0,13.0,116.0,90.0,22.0,192.4,6.0
2019-05-09,southasia,9401.0,1915.0,1313.0,99.5,20.0,35.0,506.0,113.0,39.0,-22.7,10.0
2019-05-09,sudan,650.0,80.0,65.0,635.9,6.0,2.0,25.0,4.0,3.0,-16.0,0.0
2019-05-09,taiwan,512.0,89.0,20.0,739.1,1.0,0.0,12.0,97.0,24.0,184.1,4.0
2019-05-09,ukraine,796.0,72.0,120.0,501.3,0.0,2.0,55.0,101.0,49.0,-176.0,9.0
2019-05-09,venezuela,1555.0,347.0,265.0,-18.5,15.0,2.0,190.0,265.0,103.0,16.4,9.0
2019-05-09,yemen,384.0,60.0,97.0,-431.1,1.0,0.0,26.0,110.0,37.0,43.6,0.0
2019-05-10,drc,34.0,0.0,4.0,32.7,0.0,0.0,0.0,5.0,3.0,-20.0,0.0
2019-05-10,europe_east,1506.0,159.0,129.0,2444.1,2.0,12.0,62.0,165.0,27.0,322.3,10.0
2019-05-10,iran,3099.0,669.0,373.0,2142.2,61.0,25.0,176.0,761.0,344.0,-372.3,37.0
2019-05-10,israel,3729.0,674.0,769.0,-2350.4,11.0,7.0,200.0,782.0,443.0,-2020.7,52.0
2019-05-10,korea,2680.0,358.0,465.0,490.9,3.0,7.0,166.0,803.0,349.0,-544.6,22.0
2019-05-10,libya,745.0,81.0,145.0,258.1,0.0,2.0,18.0,5.0,2.0,-13.4,0.0
2019-05-10,scs,2605.0,325.0,374.0,1831.6,10.0,12.0,194.0,74.0,11.0,118.1,2.0
2019-05-10,southasia,8776.0,1580.0,1273.0,645.7,9.0,19.0,484.0,84.0,21.0,-6.3,9.0
2019-05-10,sudan,775.0,167.0,114.0,-58.4,1.0,9.0,48.0,3.0,2.0,-11.0,0.0
2019-05-10,taiwan,385.0,61.0,16.0,585.3,1.0,0.0,11.0,57.0,25.0,-35.8,0.0
2019-05-10,ukraine,1393.0,156.0,168.0,1308.3,0.0,0.0,80.0,248.0,113.0,-436.5,24.0
2019-05-10,venezuela,1427.0,272.0,235.0,288.0,2.0,2.0,146.0,203.0,49.0,161.8,4.0
2019-05-10,yemen,269.0,37.0,48.0,117.2,0.0,2.0,12.0,78.0,36.0,-32.5,2.0
2019-05-11,drc,17.0,0.0,3.0,4.1,0.0,0.0,0.0,1.0,1.0,-7.0,1.0
2019-05-11,europe_east,771.0,116.0,89.0,550.9,5.0,7.0,43.0,69.0,16.0,146.4,2.0
2019-05-11,iran,1885.0,391.0,274.0,357.4,57.0,28.0,112.0,531.0,249.0,-634.6,37.0
2019-05-11,israel,1863.0,329.0,345.0,-439.9,8.0,0.0,95.0,402.0,186.0,-784.4,23.0
2019-05-11,korea,1223.0,162.0,146.0,1294.0,0.0,0.0,48.0,318.0,131.0,-56.3,13.0
2019-05-11,libya,270.0,38.0,47.0,-83.4,3.0,0.0,2.0,3.0,1.0,-8.0,0.0
2019-05-11,scs,1522.0,196.0,181.0,1279.8,2.0,7.0,100.0,13.0,3.0,34.0,2.0
2019-05-11,southasia,7276.0,1303.0,1352.0,-3430.0,14.0,39.0,397.0,30.0,8.0,20.0,3.0
2019-05-11,sudan,366.0,63.0,46.0,161.9,1.0,2.0,18.0,4.0,4.0,-37.0,0.0
2019-05-11,taiwan,263.0,29.0,24.0,312.3,0.0,0.0,13.0,63.0,25.0,-59.6,15.0
2019-05-11,ukraine,1124.0,100.0,117.0,1091.9,2.0,0.0,74.0,161.0,69.0,-246.4,14.0
2019-05-11,venezuela,1183.0,274.0,183.0,181.7,8.0,2.0,133.0,179.0,66.0,63.4,12.0
2019-05-11,yemen,445.0,72.0,51.0,518.2,1.0,0.0,6.0,63.0,17.0,54.6,0.0
2019-05-12,drc,4.0,0.0,3.0,-24.2,0.0,0.0,1.0,3.0,2.0,-2.6,1.0
2019-05-12,europe_east,746.0,121.0,84.0,492.9,2.0,9.0,40.0,52.0,14.0,42.7,4.0
2019-05-12,iran,1856.0,458.0,243.0,-47.6,69.0,18.0,77.0,524.0,223.0,-122.7,51.0
2019-05-12,israel,3048.0,570.0,615.0,-1604.0,48.0,5.0,200.0,613.0,306.0,-1121.7,72.0
2019-05-12,korea,792.0,89.0,87.0,947.0,1.0,0.0,40.0,173.0,52.0,62.9,11.0
2019-05-12,libya,306.0,32.0,40.0,192.1,3.0,0.0,5.0,0.0,0.0,0.0,0.0
2019-05-12,scs,1603.0,196.0,257.0,553.3,6.0,28.0,117.0,40.0,9.0,41.6,5.0
2019-05-12,southasia,6978.0,1389.0,1483.0,-6845.9,16.0,43.0,314.0,43.0,12.0,15.4,0.0
2019-05-12,sudan,327.0,40.0,36.0,532.5,0.0,2.0,11.0,2.0,1.0,-4.0,0.0
2019-05-12,taiwan,218.0,37.0,15.0,241.8,0.0,0.0,7.0,42.0,12.0,13.7,3.0
2019-05-12,ukraine,598.0,69.0,95.0,75.6,0.0,0.0,53.0,62.0,21.0,-43.8,7.0
2019-05-12,venezuela,823.0,186.0,82.0,623.0,3.0,0.0,54.0,146.0,36.0,160.2,4.0
2019-05-12,yemen,438.0,81.0,55.0,350.0,0.0,8.0,9.0,73.0,29.0,22.7,0.0
2019-05-13,drc,39.0,7.0,14.0,-101.1,1.0,0.0,3.0,7.0,3.0,9.4,0.0
2019-05-13,europe_east,1483.0,199.0,186.0,799.4,5.0,14.0,83.0,70.0,26.0,-47.5,14.0
2019-05-13,iran,3920.0,741.0,577.0,673.8,89.0,42.0,263.0,859.0,373.0,-263.2,56.0
2019-05-13,israel,4418.0,780.0,804.0,-1217.3,40.0,13.0,263.0,779.0,363.0,-1103.0,49.0
2019-05-13,korea,1222.0,114.0,149.0,1480.4,4.0,3.0,56.0,270.0,82.0,45.5,21.0
2019-05-13,libya,458.0,48.0,76.0,108.3,4.0,1.0,8.0,2.0,2.0,-12.0,0.0
2019-05-13,scs,3204.0,361.0,523.0,704.7,5.0,35.0,223.0,41.0,9.0,96.8,1.0
2019-05-13,southasia,8358.0,1577.0,1372.0,-2039.2,23.0,43.0,431.0,26.0,13.0,-35.2,3.0
2019-05-13,sudan,863.0,142.0,125.0,345.3,2.0,9.0,56.0,8.0,6.0,-26.3,0.0
2019-05-13,taiwan,384.0,53.0,35.0,417.5,1.0,1.0,11.0,71.0,27.0,29.4,10.0
2019-05-13,ukraine,1072.0,133.0,126.0,882.3,4.0,2.0,60.0,156.0,66.0,8.4,14.0
2019-05-13,venezuela,881.0,163.0,80.0,859.2,3.0,2.0,48.0,171.0,43.0,242.9,6.0
2019-05-13,yemen,485.0,100.0,54.0,353.0,0.0,3.0,14.0,69.0,23.0,-20.9,4.0
2019-05-14,drc,43.0,3.0,12.0,-30.0,0.0,0.0,2.0,2.0,0.0,4.7,0.0
2019-05-14,europe_east,1845.0,226.0,159.0,2011.0,0.0,13.0,84.0,156.0,21.0,171.1,4.0
2019-05-14,iran,5569.0,1021.0,698.0,3038.6,98.0,91.0,252.0,1322.0,620.0,-1071.4,113.0
2019-05-14,israel,4594.0,805.0,794.0,-898.6,37.0,10.0,279.0,864.0,409.0,-1250.9,61.0
2019-05-14,korea,1298.0,193.0,148.0,1234.4,7.0,6.0,68.0,268.0,130.0,-218.2,24.0
2019-05-14,libya,624.0,81.0,87.0,146.5,5.0,2.0,29.0,5.0,5.0,-39.5,0.0
2019-05-14,scs,2345.0,294.0,282.0,1815.2,0.0,8.0,155.0,49.0,18.0,47.9,4.0
2019-05-14,southasia,9725.0,1774.0,1574.0,-924.8,30.0,27.0,587.0,35.0,28.0,-141.1,5.0
2019-05-14,sudan,1302.0,248.0,299.0,-839.8,3.0,7.0,123.0,20.0,9.0,0.0,1.0
2019-05-14,taiwan,465.0,39.0,38.0,721.7,0.0,0.0,19.0,90.0,31.0,43.5,2.0
2019-05-14,ukraine,1232.0,171.0,113.0,1324.9,0.0,0.0,73.0,201.0,97.0,-71.7,29.0
2019-05-14,venezuela,1321.0,254.0,154.0,543.8,3.0,4.0,73.0,182.0,69.0,-67.6,6.0
2019-05-14,yemen,656.0,129.0,144.0,-594.2,1.0,2.0,14.0,148.0,99.0,-593.6,2.0
2019-05-15,drc,38.0,3.0,5.0,48.5,0.0,0.0,2.0,12.0,0.0,40.2,0.0
2019-05-15,europe_east,1810.0,241.0,213.0,1366.2,0.0,4.0,110.0,84.0,21.0,71.0,4.0
2019-05-15,iran,5492.0,1136.0,784.0,1169.3,119.0,69.0,340.0,1357.0,596.0,-481.8,82.0
2019-05-15,israel,4857.0,829.0,866.0,-1214.0,32.0,23.0,328.0,877.0,371.0,-1039.4,50.0
2019-05-15,korea,1131.0,126.0,133.0,1573.5,1.0,3.0,65.0,173.0,52.0,87.9,5.0
2019-05-15,libya,558.0,58.0,122.0,-120.6,1.0,3.0,25.0,5.0,2.0,-12.0,0.0
2019-05-15,scs,2295.0,318.0,256.0,1870.3,1.0,7.0,131.0,96.0,18.0,249.4,3.0
2019-05-15,southasia,8878.0,1812.0,1428.0,-1087.0,16.0,17.0,664.0,34.0,14.0,-55.3,5.0
2019-05-15,sudan,1176.0,189.0,170.0,831.8,4.0,8.0,71.0,7.0,4.0,2.5,0.0
2019-05-15,taiwan,310.0,32.0,12.0,565.1,0.0,0.0,6.0,47.0,10.0,46.5,0.0
2019-05-15,ukraine,1140.0,154.0,114.0,1343.7,2.0,2.0,67.0,236.0,104.0,-194.7,23.0
2019-05-15,venezuela,1092.0,203.0,174.0,131.9,7.0,3.0,115.0,205.0,87.0,-146.5,17.0
2019-05-15,yemen,673.0,130.0,122.0,-229.1,10.0,5.0,21.0,191.0,112.0,-580.7,1.0
2019-05-16,drc,30.0,6.0,4.0,-29.9,0.0,0.0,3.0,13.0,2.0,26.5,0.0
2019-05-16,europe_east,1696.0,173.0,185.0,1793.3,1.0,12.0,98.0,96.0,24.0,123.5,9.0
2019-05-16,iran,5046.0,1109.0,848.0,-1625.7,136.0,67.0,359.0,1344.0,587.0,-462.2,97.0
2019-05-16,israel,3593.0,557.0,573.0,104.7,24.0,4.0,213.0,662.0,272.0,-535.6,45.0
2019-05-16,korea,1416.0,132.0,163.0,1894.7,6.0,3.0,94.0,307.0,81.0,387.1,9.0
2019-05-16,libya,601.0,68.0,110.0,69.4,3.0,1.0,24.0,10.0,5.0,-21.2,0.0
2019-05-16,scs,1850.0,252.0,229.0,1430.9,8.0,11.0,133.0,46.0,16.0,67.7,2.0
2019-05-16,southasia,9330.0,1819.0,1729.0,-4666.3,23.0,21.0,656.0,57.0,33.0,-151.4,2.0
2019-05-16,sudan,1021.0,187.0,188.0,-143.5,1.0,7.0,103.0,17.0,7.0,5.7,3.0
2019-05-16,taiwan,377.0,38.0,17.0,774.9,1.0,0.0,13.0,49.0,2.0,144.1,1.0
2019-05-16,ukraine,968.0,124.0,123.0,898.2,0.0,0.0,59.0,142.0,53.0,-58.8,7.0
2019-05-16,venezuela,1512.0,276.0,232.0,497.3,12.0,6.0,163.0,244.0,113.0,-163.2,12.0
2019-05-16,yemen,746.0,115.0,210.0,-1252.4,20.0,1.0,22.0,302.0,217.0,-1654.2,48.0
2019-05-17,drc,21.0,4.0,2.0,1.0,0.0,0.0,0.0,3.0,2.0,-3.0,2.0
2019-05-17,europe_east,1561.0,155.0,159.0,1453.7,0.0,8.0,63.0,168.0,51.0,77.8,7.0
2019-05-17,iran,4513.0,933.0,712.0,-388.8,141.0,76.0,256.0,1204.0,433.0,429.5,73.0
2019-05-17,israel,3252.0,535.0,545.0,-197.3,21.0,7.0,235.0,595.0,309.0,-1238.5,57.0
2019-05-17,korea,1239.0,113.0,150.0,1794.5,8.0,11.0,63.0,222.0,48.0,394.9,7.0
2019-05-17,libya,472.0,47.0,93.0,171.0,5.0,0.0,24.0,9.0,2.0,28.3,0.0
2019-05-17,scs,2052.0,243.0,301.0,1293.8,4.0,0.0,152.0,45.0,18.0,44.7,10.0
2019-05-17,southasia,8820.0,1604.0,1504.0,-1818.6,32.0,31.0,576.0,71.0,25.0,-4.4,1.0
2019-05-17,sudan,635.0,111.0,114.0,132.7,0.0,5.0,51.0,0.0,0.0,0.0,0.0
2019-05-17,taiwan,660.0,102.0,44.0,717.1,0.0,0.0,17.0,56.0,16.0,61.2,1.0
2019-05-17,ukraine,1211.0,157.0,149.0,1043.0,0.0,1.0,63.0,152.0,42.0,36.0,9.0
2019-05-17,venezuela,1187.0,186.0,179.0,573.3,4.0,3.0,129.0,198.0,72.0,-30.6,2.0
2019-05-17,yemen,422.0,75.0,118.0,-740.5,9.0,7.0,13.0,146.0,109.0,-834.6,19.0
2019-05-18,drc,43.0,1.0,7.0,39.6,0.0,0.0,0.0,3.0,2.0,-3.0,2.0
2019-05-18,europe_east,599.0,67.0,77.0,417.0,0.0,6.0,39.0,60.0,26.0,-40.2,9.0
2019-05-18,iran,2963.0,630.0,439.0,213.5,62.0,30.0,158.0,769.0,352.0,-948.2,44.0
2019-05-18,israel,1875.0,304.0,412.0,-1176.7,26.0,0.0,157.0,462.0,255.0,-1147.6,23.0
2019-05-18,korea,659.0,76.0,85.0,587.3,4.0,0.0,37.0,148.0,40.0,146.4,0.0
2019-05-18,libya,311.0,47.0,81.0,-299.7,9.0,3.0,18.0,1.0,0.0,8.3,0.0
2019-05-18,scs,1364.0,152.0,216.0,716.3,2.0,1.0,87.0,34.0,2.0,85.6,1.0
2019-05-18,southasia,7198.0,1209.0,1040.0,1516.3,15.0,37.0,405.0,18.0,9.0,-33.0,3.0
2019-05-18,sudan,341.0,58.0,32.0,483.3,0.0,1.0,15.0,0.0,0.0,0.0,0.0
2019-05-18,taiwan,277.0,43.0,19.0,322.9,0.0,0.0,11.0,17.0,6.0,14.7,1.0
2019-05-18,ukraine,424.0,67.0,67.0,-15.4,1.0,0.0,25.0,81.0,37.0,-73.4,4.0
2019-05-18,venezuela,686.0,94.0,85.0,750.9,2.0,1.0,62.0,138.0,37.0,83.2,8.0
2019-05-18,yemen,272.0,41.0,100.0,-709.0,1.0,4.0,6.0,86.0,61.0,-384.1,9.0
2019-05-19,drc,17.0,0.0,3.0,20.5,0.0,0.0,1.0,8.0,4.0,0.0,0.0
2019-05-19,europe_east,377.0,38.0,44.0,269.8,0.0,4.0,15.0,27.0,3.0,17.8,1.0
2019-05-19,iran,2980.0,661.0,463.0,-560.6,64.0,31.0,148.0,759.0,342.0,-549.0,75.0
2019-05-19,israel,2374.0,424.0,431.0,-815.7,8.0,0.0,173.0,375.0,190.0,-698.8,17.0
2019-05-19,korea,551.0,60.0,68.0,686.0,2.0,2.0,36.0,114.0,34.0,85.2,8.0
2019-05-19,libya,259.0,48.0,56.0,-146.5,1.0,0.0,9.0,1.0,0.0,3.0,0.0
2019-05-19,scs,1345.0,138.0,168.0,998.1,1.0,4.0,65.0,13.0,1.0,24.5,1.0
2019-05-19,southasia,7051.0,1237.0,1177.0,-1565.8,6.0,62.0,318.0,21.0,11.0,-38.0,0.0
2019-05-19,sudan,577.0,118.0,82.0,146.8,0.0,3.0,40.0,2.0,0.0,4.4,0.0
2019-05-19,taiwan,243.0,30.0,18.0,324.1,1.0,0.0,9.0,32.0,6.0,60.2,1.0
2019-05-19,ukraine,489.0,57.0,60.0,417.8,4.0,0.0,31.0,67.0,18.0,105.9,0.0
2019-05-19,venezuela,382.0,77.0,56.0,126.7,3.0,0.0,36.0,76.0,45.0,-83.9,4.0
2019-05-19,yemen,249.0,49.0,73.0,-523.7,2.0,2.0,8.0,134.0,88.0,-560.5,12.0
2019-05-20,drc,205.0,8.0,34.0,216.6,0.0,0.0,15.0,9.0,2.0,13.7,0.0
2019-05-20,europe_east,1148.0,159.0,127.0,1093.9,1.0,1.0,78.0,81.0,24.0,33.9,6.0
2019-05-20,iran,4323.0,992.0,684.0,-991.3,127.0,36.0,216.0,1112.0,462.0,-152.3,75.0
2019-05-20,israel,3792.0,654.0,604.0,-86.0,21.0,5.0,276.0,779.0,328.0,-670.9,50.0
2019-05-20,korea,986.0,97.0,99.0,1862.0,4.0,0.0,51.0,193.0,55.0,233.0,11.0
2019-05-20,libya,479.0,82.0,97.0,-283.8,7.0,0.0,19.0,6.0,6.0,-44.0,0.0
2019-05-20,scs,2468.0,318.0,358.0,1240.3,11.0,11.0,135.0,95.0,34.0,33.5,3.0
2019-05-20,southasia,8590.0,1451.0,1259.0,1973.9,25.0,37.0,401.0,47.0,26.0,-60.7,3.0
2019-05-20,sudan,779.0,138.0,123.0,109.7,0.0,4.0,47.0,11.0,5.0,-10.0,0.0
2019-05-20,taiwan,383.0,67.0,33.0,413.9,1.0,0.0,21.0,87.0,23.0,173.6,0.0
2019-05-20,ukraine,1307.0,199.0,130.0,1594.9,3.0,4.0,83.0,232.0,67.0,86.7,7.0
2019-05-20,venezuela,642.0,124.0,105.0,45.5,6.0,1.0,77.0,95.0,38.0,-9.4,5.0
2019-05-20,yemen,526.0,109.0,118.0,-706.1,9.0,1.0,24.0,245.0,142.0,-1006.9,12.0
2019-05-21,drc,112.0,12.0,12.0,105.8,0.0,0.0,7.0,0.0,0.0,0.0,0.0
2019-05-21,europe_east,1428.0,180.0,138.0,1755.3,0.0,4.0,72.0,64.0,28.0,-86.0,9.0
2019-05-21,iran,4352.0,1000.0,602.0,302.3,123.0,29.0,216.0,1108.0,451.0,-259.0,62.0
2019-05-21,israel,3577.0,556.0,495.0,1439.2,14.0,5.0,224.0,675.0,286.0,-481.0,30.0
2019-05-21,korea,1093.0,131.0,103.0,1986.7,4.0,0.0,57.0,206.0,56.0,332.7,8.0
2019-05-21,libya,591.0,67.0,120.0,-164.7,8.0,4.0,37.0,3.0,2.0,-4.6,0.0
2019-05-21,scs,2524.0,333.0,305.0,1974.0,3.0,5.0,126.0,156.0,66.0,79.1,9.0
2019-05-21,southasia,8971.0,1292.0,1363.0,1840.4,14.0,45.0,484.0,37.0,16.0,-58.6,5.0
2019-05-21,sudan,703.0,111.0,95.0,303.0,1.0,3.0,50.0,3.0,2.0,-12.6,0.0
2019-05-21,taiwan,419.0,65.0,30.0,524.5,0.0,1.0,19.0,113.0,29.0,181.5,4.0
2019-05-21,ukraine,1397.0,203.0,98.0,2061.6,1.0,1.0,62.0,272.0,72.0,271.6,4.0
2019-05-21,venezuela,824.0,196.0,112.0,11.7,3.0,5.0,67.0,104.0,44.0,-103.5,5.0
2019-05-21,yemen,570.0,118.0,139.0,-753.4,6.0,6.0,22.0,338.0,226.0,-1284.1,22.0
2019-05-22,drc,53.0,1.0,10.0,27.3,0.0,0.0,2.0,0.0,0.0,0.0,0.0
2019-05-22,europe_east,1377.0,198.0,134.0,1764.4,8.0,9.0,75.0,88.0,18.0,173.2,5.0
2019-05-22,iran,3767.0,775.0,553.0,497.2,86.0,29.0,187.0,1072.0,427.0,-114.4,60.0
2019-05-22,israel,4249.0,778.0,614.0,468.4,27.0,9.0,235.0,718.0,347.0,-898.8,39.0
2019-05-22,korea,1336.0,219.0,142.0,1301.0,4.0,6.0,76.0,248.0,93.0,105.6,9.0
2019-05-22,libya,469.0,72.0,90.0,-231.2,11.0,1.0,17.0,9.0,2.0,1.8,0.0
2019-05-22,scs,2706.0,325.0,417.0,1569.0,8.0,7.0,226.0,152.0,68.0,44.7,16.0
2019-05-22,southasia,8705.0,1343.0,1291.0,1981.6,17.0,55.0,455.0,25.0,19.0,-127.0,2.0
2019-05-22,sudan,723.0,101.0,116.0,421.4,2.0,40.0,51.0,3.0,1.0,-3.0,0.0
2019-05-22,taiwan,431.0,41.0,57.0,565.4,0.0,0.0,32.0,89.0,16.0,146.3,0.0
2019-05-22,ukraine,1295.0,206.0,117.0,1388.9,3.0,0.0,58.0,218.0,64.0,127.4,15.0
2019-05-22,venezuela,750.0,177.0,53.0,710.6,4.0,3.0,32.0,126.0,25.0,153.4,4.0
2019-05-22,yemen,382.0,60.0,108.0,-495.3,4.0,1.0,32.0,191.0,128.0,-622.1,18.0
2019-05-23,drc,62.0,5.0,6.0,93.6,0.0,0.0,2.0,7.0,2.0,4.5,0.0
2019-05-23,europe_east,1301.0,135.0,124.0,1827.4,2.0,2.0,57.0,115.0,36.0,54.4,10.0
2019-05-23,iran,3458.0,621.0,513.0,1015.7,74.0,59.0,148.0,985.0,344.0,443.4,68.0
2019-05-23,israel,4174.0,671.0,614.0,1167.1,16.0,5.0,259.0,749.0,317.0,-553.3,45.0
2019-05-23,korea,1363.0,148.0,92.0,2293.6,0.0,2.0,50.0,125.0,37.0,143.2,4.0
2019-05-23,libya,509.0,71.0,76.0,-10.8,10.0,1.0,16.0,9.0,6.0,-51.2,0.0
2019-05-23,scs,2791.0,320.0,370.0,2169.8,11.0,6.0,151.0,73.0,17.0,111.4,6.0
2019-05-23,southasia,10756.0,1849.0,1318.0,5221.7,14.0,31.0,343.0,45.0,12.0,10.0,2.0
2019-05-23,sudan,425.0,56.0,58.0,278.2,1.0,0.0,25.0,0.0,0.0,0.0,0.0
2019-05-23,taiwan,534.0,57.0,78.0,425.5,0.0,3.0,26.0,138.0,38.0,50.3,4.0
2019-05-23,ukraine,1054.0,145.0,102.0,1080.6,0.0,3.0,43.0,184.0,44.0,187.2,3.0
2019-05-23,venezuela,884.0,139.0,100.0,590.2,2.0,6.0,56.0,158.0,40.0,55.5,8.0
2019-05-23,yemen,434.0,85.0,79.0,-304.1,5.0,0.0,17.0,189.0,98.0,-311.0,8.0
2019-05-24,drc,99.0,20.0,11.0,-3.1,0.0,0.0,0.0,8.0,5.0,-24.6,0.0
2019-05-24,europe_east,1071.0,149.0,111.0,917.0,5.0,0.0,44.0,140.0,14.0,304.0,2.0
2019-05-24,iran,3747.0,607.0,463.0,3792.2,53.0,73.0,132.0,1012.0,321.0,1247.2,56.0
2019-05-24,israel,3618.0,522.0,572.0,768.4,13.0,16.0,209.0,494.0,233.0,-703.8,41.0
2019-05-24,korea,1384.0,164.0,121.0,1985.0,4.0,1.0,47.0,213.0,36.0,415.9,1.0
2019-05-24,libya,380.0,54.0,83.0,-57.8,3.0,2.0,14.0,3.0,3.0,-27.0,0.0
2019-05-24,scs,2302.0,325.0,264.0,2032.1,10.0,4.0,126.0,116.0,30.0,96.3,7.0
2019-05-24,southasia,10368.0,1566.0,1326.0,6269.0,25.0,18.0,482.0,36.0,14.0,-1.3,2.0
2019-05-24,sudan,539.0,110.0,69.0,155.6,4.0,4.0,36.0,2.0,2.0,-13.0,0.0
2019-05-24,taiwan,530.0,62.0,36.0,734.5,0.0,1.0,19.0,74.0,15.0,53.8,0.0
2019-05-24,ukraine,949.0,115.0,88.0,1360.4,0.0,0.0,53.0,114.0,35.0,95.9,6.0
2019-05-24,venezuela,571.0,66.0,113.0,160.4,5.0,4.0,66.0,69.0,39.0,-154.1,4.0
2019-05-24,yemen,505.0,143.0,94.0,-498.1,11.0,12.0,16.0,209.0,91.0,-256.8,4.0
2019-05-25,drc,29.0,3.0,2.0,64.6,2.0,0.0,2.0,1.0,1.0,-9.5,0.0
2019-05-25,europe_east,628.0,71.0,57.0,813.1,0.0,0.0,34.0,38.0,1.0,89.9,0.0
2019-05-25,iran,2885.0,561.0,428.0,1354.8,50.0,101.0,130.0,806.0,333.0,341.2,78.0
2019-05-25,israel,1831.0,326.0,290.0,-169.8,14.0,5.0,130.0,297.0,115.0,-205.4,14.0
2019-05-25,korea,709.0,112.0,74.0,624.9,0.0,0.0,28.0,225.0,33.0,371.8,2.0
2019-05-25,libya,247.0,24.0,67.0,-131.5,1.0,3.0,9.0,4.0,2.0,-11.0,0.0
2019-05-25,scs,1662.0,184.0,232.0,1437.7,3.0,13.0,101.0,42.0,12.0,64.4,0.0
2019-05-25,southasia,7171.0,1003.0,1010.0,3389.0,12.0,23.0,412.0,25.0,16.0,-38.7,7.0
2019-05-25,sudan,528.0,85.0,47.0,653.6,4.0,9.0,23.0,4.0,1.0,7.0,0.0
2019-05-25,taiwan,378.0,38.0,31.0,396.9,0.0,0.0,8.0,42.0,11.0,53.7,2.0
2019-05-25,ukraine,609.0,89.0,53.0,561.2,0.0,3.0,25.0,235.0,91.0,-37.2,14.0
2019-05-25,venezuela,547.0,71.0,149.0,-573.8,1.0,2.0,53.0,63.0,26.0,-74.5,7.0
2019-05-25,yemen,370.0,64.0,91.0,-361.1,7.0,8.0,21.0,122.0,48.0,-173.9,5.0
2019-05-26,drc,25.0,2.0,4.0,25.2,0.0,0.0,4.0,0.0,0.0,0.0,0.0
2019-05-26,europe_east,691.0,77.0,59.0,684.2,1.0,0.0,19.0,12.0,4.0,12.4,0.0
2019-05-26,iran,2378.0,422.0,312.0,1336.5,40.0,43.0,96.0,585.0,232.0,303.8,42.0
2019-05-26,israel,2626.0,427.0,523.0,-1108.0,27.0,4.0,223.0,456.0,177.0,-287.8,36.0
2019-05-26,korea,953.0,192.0,63.0,697.3,0.0,1.0,17.0,342.0,81.0,273.9,4.0
2019-05-26,libya,326.0,45.0,59.0,32.8,2.0,3.0,8.0,6.0,2.0,-7.0,0.0
2019-05-26,scs,1770.0,149.0,281.0,1123.6,5.0,4.0,94.0,54.0,18.0,40.3,13.0
2019-05-26,southasia,7604.0,932.0,1172.0,2243.0,19.0,17.0,361.0,40.0,19.0,-90.8,3.0
2019-05-26,sudan,553.0,90.0,59.0,450.3,3.0,3.0,28.0,10.0,2.0,28.5,2.0
2019-05-26,taiwan,193.0,23.0,24.0,176.4,0.0,0.0,15.0,29.0,4.0,37.5,0.0
2019-05-26,ukraine,380.0,58.0,41.0,278.2,5.0,0.0,23.0,187.0,53.0,124.0,13.0
2019-05-26,venezuela,465.0,67.0,47.0,632.4,11.0,0.0,25.0,46.0,18.0,-8.5,3.0
2019-05-26,yemen,279.0,48.0,64.0,-246.9,8.0,5.0,4.0,128.0,75.0,-535.1,6.0
2019-05-27,drc,50.0,3.0,8.0,43.9,0.0,0.0,5.0,4.0,4.0,-30.5,0.0
2019-05-27,europe_east,1405.0,181.0,195.0,1209.5,1.0,22.0,113.0,106.0,7.0,425.5,3.0
2019-05-27,iran,2458.0,465.0,310.0,1561.4,44.0,46.0,92.0,624.0,207.0,755.3,29.0
2019-05-27,israel,3790.0,595.0,747.0,-1634.0,21.0,2.0,244.0,787.0,407.0,-1669.4,72.0
2019-05-27,korea,1841.0,389.0,246.0,198.1,9.0,4.0,78.0,731.0,221.0,-74.1,11.0
2019-05-27,libya,353.0,52.0,73.0,-156.7,1.0,0.0,17.0,1.0,1.0,-4.0,0.0
2019-05-27,scs,2632.0,277.0,362.0,1480.5,8.0,5.0,111.0,53.0,6.0,171.6,4.0
2019-05-27,southasia,9243.0,1221.0,1410.0,2614.8,25.0,24.0,517.0,56.0,14.0,55.1,3.0
2019-05-27,sudan,832.0,146.0,104.0,386.6,5.0,6.0,51.0,14.0,2.0,27.8,2.0
2019-05-27,taiwan,475.0,35.0,61.0,868.9,0.0,0.0,34.0,100.0,35.0,121.0,2.0
2019-05-27,ukraine,974.0,116.0,112.0,1045.7,5.0,2.0,71.0,271.0,95.0,54.6,34.0
2019-05-27,venezuela,548.0,53.0,31.0,1155.1,6.0,2.0,15.0,45.0,13.0,10.2,2.0
2019-05-27,yemen,368.0,55.0,96.0,-421.2,7.0,0.0,14.0,117.0,54.0,-235.6,4.0
2019-05-28,drc,48.0,7.0,13.0,14.7,0.0,0.0,12.0,0.0,0.0,0.0,0.0
2019-05-28,europe_east,1452.0,173.0,134.0,2145.5,4.0,5.0,74.0,80.0,25.0,-1.3,9.0
2019-05-28,iran,2722.0,469.0,376.0,2422.9,27.0,44.0,127.0,662.0,213.0,711.4,23.0
2019-05-28,israel,4226.0,582.0,620.0,1532.0,33.0,5.0,246.0,759.0,361.0,-1391.3,66.0
2019-05-28,korea,1465.0,268.0,157.0,826.8,5.0,4.0,54.0,516.0,125.0,263.4,9.0
2019-05-28,libya,186.0,29.0,41.0,-64.5,0.0,0.0,13.0,0.0,0.0,0.0,0.0
2019-05-28,scs,2701.0,250.0,313.0,3038.8,9.0,11.0,137.0,76.0,14.0,164.1,1.0
2019-05-28,southasia,10821.0,1513.0,1439.0,5532.0,32.0,14.0,597.0,101.0,30.0,28.5,5.0
2019-05-28,sudan,612.0,112.0,96.0,65.3,2.0,1.0,42.0,5.0,3.0,-14.7,2.0
2019-05-28,taiwan,497.0,46.0,59.0,761.6,3.0,0.0,33.0,122.0,51.0,35.1,13.0
2019-05-28,ukraine,1079.0,137.0,121.0,1019.6,1.0,0.0,72.0,192.0,63.0,97.8,10.0
2019-05-28,venezuela,661.0,88.0,68.0,602.7,5.0,20.0,30.0,80.0,39.0,-51.6,2.0
2019-05-28,yemen,267.0,41.0,65.0,-261.3,5.0,0.0,7.0,109.0,61.0,-341.8,13.0
2019-05-29,drc,55.0,9.0,11.0,19.6,1.0,0.0,8.0,4.0,0.0,9.4,0.0
2019-05-29,europe_east,1298.0,137.0,106.0,1887.2,0.0,3.0,52.0,75.0,5.0,154.9,2.0
2019-05-29,iran,3269.0,618.0,447.0,1812.5,27.0,39.0,146.0,773.0,286.0,496.8,48.0
2019-05-29,israel,4672.0,710.0,656.0,2326.2,27.0,1.0,327.0,626.0,283.0,-780.9,56.0
2019-05-29,korea,1214.0,197.0,119.0,976.9,5.0,1.0,46.0,245.0,44.0,367.5,7.0
2019-05-29,libya,373.0,40.0,70.0,112.9,1.0,0.0,34.0,4.0,0.0,0.0,0.0
2019-05-29,scs,2557.0,275.0,283.0,2783.1,6.0,6.0,146.0,115.0,35.0,61.2,4.0
2019-05-29,southasia,10268.0,1359.0,1331.0,6495.3,25.0,25.0,589.0,39.0,17.0,-50.5,6.0
2019-05-29,sudan,645.0,114.0,93.0,183.8,1.0,0.0,30.0,5.0,5.0,-33.0,1.0
2019-05-29,taiwan,417.0,37.0,39.0,529.1,2.0,1.0,25.0,122.0,38.0,80.5,18.0
2019-05-29,ukraine,895.0,117.0,52.0,1348.0,0.0,1.0,20.0,79.0,8.0,152.8,1.0
2019-05-29,venezuela,507.0,78.0,62.0,179.6,2.0,1.0,39.0,57.0,24.0,-37.4,7.0
2019-05-29,yemen,368.0,50.0,80.0,-163.6,0.0,0.0,26.0,157.0,93.0,-541.0,8.0
2019-05-30,drc,107.0,6.0,8.0,203.5,0.0,1.0,1.0,10.0,2.0,15.4,2.0
2019-05-30,europe_east,1244.0,101.0,86.0,2140.1,0.0,5.0,36.0,64.0,13.0,132.7,6.0
2019-05-30,iran,2832.0,569.0,330.0,1651.2,38.0,34.0,98.0,674.0,229.0,485.0,38.0
2019-05-30,israel,4592.0,714.0,580.0,2731.7,33.0,7.0,258.0,623.0,276.0,-647.9,32.0
2019-05-30,korea,1500.0,145.0,156.0,1955.3,0.0,2.0,69.0,162.0,48.0,206.0,0.0
2019-05-30,libya,412.0,47.0,99.0,-134.3,6.0,2.0,38.0,4.0,0.0,11.5,0.0
2019-05-30,scs,2871.0,323.0,435.0,1248.1,4.0,3.0,208.0,153.0,39.0,157.5,9.0
2019-05-30,southasia,10626.0,1280.0,1394.0,7691.2,21.0,63.0,641.0,44.0,11.0,-34.2,2.0
2019-05-30,sudan,641.0,134.0,106.0,-367.3,1.0,7.0,37.0,7.0,6.0,-38.6,2.0
2019-05-30,taiwan,494.0,48.0,52.0,710.0,1.0,1.0,15.0,121.0,36.0,117.6,11.0
2019-05-30,ukraine,1127.0,139.0,105.0,1508.2,1.0,0.0,61.0,151.0,52.0,98.4,8.0
2019-05-30,venezuela,622.0,168.0,66.0,243.9,1.0,1.0,52.0,102.0,43.0,34.6,1.0
2019-05-30,yemen,323.0,37.0,66.0,-226.1,5.0,0.0,8.0,103.0,45.0,-210.3,2.0
2019-05-31,drc,167.0,5.0,8.0,371.0,0.0,0.0,2.0,31.0,2.0,95.8,1.0
2019-05-31,europe_east,1456.0,113.0,80.0,2451.9,4.0,0.0,34.0,47.0,5.0,129.4,0.0
2019-05-31,iran,2547.0,584.0,266.0,737.2,27.0,25.0,85.0,555.0,249.0,-264.0,31.0
2019-05-31,israel,4563.0,745.0,710.0,-202.1,24.0,23.0,211.0,865.0,436.0,-1614.0,56.0
2019-05-31,korea,2487.0,259.0,426.0,1032.3,12.0,4.0,167.0,577.0,204.0,-367.1,27.0
2019-05-31,libya,264.0,33.0,40.0,205.7,3.0,0.0,16.0,0.0,0.0,0.0,0.0
2019-05-31,scs,2739.0,327.0,597.0,-995.2,18.0,6.0,171.0,132.0,36.0,145.8,6.0
2019-05-31,southasia,9120.0,1238.0,1118.0,7264.3,8.0,6.0,548.0,27.0,8.0,18.7,3.0
2019-05-31,sudan,886.0,188.0,106.0,361.2,0.0,4.0,51.0,7.0,2.0,6.0,0.0
2019-05-31,taiwan,426.0,55.0,39.0,614.5,0.0,0.0,29.0,111.0,27.0,101.1,6.0
2019-05-31,ukraine,1060.0,126.0,154.0,598.4,0.0,2.0,83.0,176.0,74.0,-133.1,11.0
2019-05-31,venezuela,520.0,101.0,45.0,430.1,4.0,0.0,29.0,72.0,20.0,18.4,3.0
2019-05-31,yemen,318.0,52.0,39.0,144.6,3.0,2.0,9.0,60.0,21.0,17.7,3.0
2019-06-01,drc,84.0,3.0,20.0,15.7,0.0,0.0,7.0,4.0,4.0,-27.0,1.0
2019-06-01,europe_east,879.0,64.0,58.0,1620.5,0.0,1.0,38.0,18.0,1.0,80.4,0.0
2019-06-01,iran,1914.0,432.0,289.0,245.4,47.0,28.0,105.0,449.0,247.0,-580.1,28.0
2019-06-01,israel,2668.0,546.0,378.0,-493.8,30.0,6.0,148.0,553.0,276.0,-1194.2,20.0
2019-06-01,korea,1389.0,161.0,201.0,439.6,8.0,3.0,84.0,245.0,73.0,-40.6,4.0
2019-06-01,libya,230.0,28.0,61.0,-219.4,3.0,4.0,9.0,0.0,0.0,0.0,0.0
2019-06-01,scs,1699.0,169.0,255.0,1065.2,11.0,0.0,97.0,62.0,26.0,12.2,9.0
2019-06-01,southasia,7185.0,990.0,983.0,3679.0,25.0,16.0,453.0,41.0,15.0,18.6,1.0
2019-06-01,sudan,390.0,85.0,63.0,-41.7,1.0,1.0,30.0,3.0,2.0,-9.2,0.0
2019-06-01,taiwan,312.0,41.0,33.0,272.8,0.0,0.0,27.0,112.0,38.0,-8.0,0.0
2019-06-01,ukraine,427.0,43.0,79.0,154.7,0.0,0.0,42.0,135.0,43.0,80.4,14.0
2019-06-01,venezuela,299.0,79.0,36.0,-52.2,4.0,0.0,27.0,42.0,14.0,11.7,3.0
2019-06-01,yemen,267.0,25.0,48.0,180.4,1.0,0.0,7.0,40.0,19.0,-99.8,3.0
2019-06-02,drc,49.0,4.0,5.0,38.4,1.0,0.0,0.0,1.0,0.0,3.4,0.0
2019-06-02,europe_east,955.0,62.0,78.0,1236.0,1.0,2.0,48.0,20.0,0.0,135.4,0.0
2019-06-02,iran,1966.0,309.0,288.0,1732.7,22.0,22.0,82.0,531.0,225.0,132.1,21.0
2019-06-02,israel,3194.0,606.0,706.0,-3328.4,11.0,13.0,202.0,951.0,624.0,-4147.3,77.0
2019-06-02,korea,1106.0,117.0,111.0,1064.1,5.0,0.0,47.0,236.0,66.0,11.7,5.0
2019-06-02,libya,147.0,15.0,42.0,-95.8,0.0,1.0,9.0,5.0,5.0,-44.0,0.0
2019-06-02,scs,1306.0,142.0,212.0,370.4,8.0,4.0,88.0,33.0,7.0,43.6,0.0
2019-06-02,southasia,6225.0,852.0,770.0,3287.7,21.0,23.0,305.0,107.0,20.0,107.1,3.0
2019-06-02,sudan,438.0,86.0,68.0,-111.0,2.0,2.0,32.0,3.0,2.0,-9.0,0.0
2019-06-02,taiwan,408.0,67.0,27.0,404.4,5.0,1.0,16.0,133.0,57.0,-64.1,11.0
2019-06-02,ukraine,311.0,28.0,54.0,57.7,1.0,0.0,21.0,110.0,47.0,-189.1,6.0
2019-06-02,venezuela,198.0,39.0,20.0,138.1,0.0,0.0,9.0,20.0,4.0,57.0,0.0
2019-06-02,yemen,133.0,11.0,19.0,231.1,1.0,0.0,4.0,34.0,14.0,-40.4,2.0
2019-06-03,drc,49.0,2.0,6.0,69.5,0.0,0.0,3.0,1.0,1.0,-2.0,0.0
2019-06-03,europe_east,1547.0,89.0,115.0,3178.1,0.0,1.0,46.0,72.0,8.0,159.9,0.0
2019-06-03,iran,2158.0,436.0,311.0,804.2,24.0,25.0,141.0,616.0,276.0,-214.4,75.0
2019-06-03,israel,3927.0,623.0,725.0,-929.0,16.0,7.0,243.0,868.0,567.0,-3338.7,57.0
2019-06-03,korea,1938.0,229.0,217.0,1977.5,17.0,3.0,91.0,367.0,117.0,174.2,22.0
2019-06-03,libya,226.0,28.0,65.0,-224.7,1.0,1.0,14.0,0.0,0.0,0.0,0.0
2019-06-03,scs,2091.0,231.0,234.0,2223.6,2.0,6.0,111.0,75.0,18.0,101.3,0.0
2019-06-03,southasia,8239.0,1141.0,981.0,5536.3,13.0,28.0,399.0,79.0,8.0,134.4,0.0
2019-06-03,sudan,1390.0,329.0,351.0,-2164.5,12.0,21.0,104.0,31.0,23.0,-121.8,5.0
2019-06-03,taiwan,523.0,88.0,60.0,179.1,8.0,0.0,45.0,172.0,56.0,45.8,21.0
2019-06-03,ukraine,1058.0,105.0,109.0,1359.6,0.0,0.0,49.0,219.0,92.0,-89.3,16.0
2019-06-03,venezuela,464.0,94.0,62.0,266.3,2.0,0.0,45.0,49.0,29.0,-81.5,6.0
2019-06-03,yemen,158.0,24.0,37.0,-131.4,4.0,0.0,4.0,65.0,39.0,-247.6,1.0
2019-06-04,drc,39.0,4.0,7.0,35.9,0.0,0.0,3.0,0.0,0.0,0.0,0.0
2019-06-04,europe_east,1309.0,127.0,89.0,2101.2,1.0,6.0,40.0,52.0,6.0,162.7,3.0
2019-06-04,iran,2372.0,476.0,309.0,1173.4,22.0,20.0,143.0,507.0,214.0,-209.3,39.0
2019-06-04,israel,3742.0,601.0,635.0,-329.2,27.0,33.0,193.0,628.0,306.0,-962.8,42.0
2019-06-04,korea,1653.0,227.0,189.0,1399.2,5.0,4.0,81.0,281.0,82.0,189.9,1.0
2019-06-04,libya,435.0,34.0,125.0,-463.6,2.0,0.0,16.0,10.0,6.0,-50.6,0.0
2019-06-04,scs,2185.0,265.0,257.0,2134.8,4.0,6.0,127.0,89.0,23.0,111.2,3.0
2019-06-04,southasia,8508.0,1195.0,1058.0,5780.2,30.0,26.0,464.0,41.0,10.0,24.8,2.0
2019-06-04,sudan,1936.0,454.0,424.0,-1992.0,10.0,24.0,175.0,34.0,21.0,-91.5,4.0
2019-06-04,taiwan,506.0,82.0,40.0,461.7,7.0,0.0,31.0,156.0,57.0,72.7,21.0
2019-06-04,ukraine,1172.0,147.0,136.0,1041.8,0.0,3.0,45.0,242.0,86.0,-12.0,4.0
2019-06-04,venezuela,629.0,104.0,65.0,734.3,0.0,3.0,38.0,73.0,25.0,47.4,1.0
2019-06-04,yemen,320.0,41.0,38.0,215.2,1.0,2.0,17.0,66.0,32.0,-128.5,3.0
2019-06-05,drc,73.0,11.0,10.0,44.3,0.0,0.0,4.0,0.0,0.0,0.0,0.0
2019-06-05,europe_east,1354.0,123.0,73.0,2199.5,1.0,1.0,31.0,124.0,27.0,185.3,1.0
2019-06-05,iran,2327.0,380.0,308.0,1893.6,19.0,24.0,155.0,565.0,243.0,-96.2,30.0
2019-06-05,israel,4114.0,566.0,716.0,-87.1,14.0,32.0,257.0,553.0,254.0,-864.8,21.0
2019-06-05,korea,1263.0,168.0,127.0,1607.9,3.0,0.0,67.0,277.0,65.0,449.3,12.0
2019-06-05,libya,340.0,34.0,75.0,-102.6,1.0,1.0,15.0,13.0,8.0,-52.6,0.0
2019-06-05,scs,2451.0,277.0,294.0,2175.0,7.0,5.0,100.0,69.0,18.0,65.6,1.0
2019-06-05,southasia,6773.0,835.0,858.0,4716.5,20.0,35.0,348.0,59.0,15.0,4.2,8.0
2019-06-05,sudan,1930.0,384.0,516.0,-2307.7,9.0,13.0,205.0,57.0,38.0,-150.1,11.0
2019-06-05,taiwan,407.0,52.0,37.0,486.1,2.0,0.0,17.0,132.0,31.0,254.0,13.0
2019-06-05,ukraine,1104.0,119.0,102.0,1285.6,3.0,3.0,32.0,282.0,97.0,63.7,13.0
2019-06-05,venezuela,621.0,88.0,63.0,675.4,5.0,0.0,39.0,82.0,11.0,224.3,4.0
2019-06-05,yemen,290.0,52.0,56.0,-127.1,2.0,2.0,15.0,72.0,50.0,-269.4,5.0
2019-06-06,drc,42.0,2.0,4.0,87.1,0.0,0.0,1.0,13.0,4.0,31.0,2.0
2019-06-06,europe_east,1362.0,125.0,110.0,2144.7,2.0,3.0,48.0,63.0,21.0,105.1,5.0
2019-06-06,iran,2291.0,342.0,250.0,2404.7,30.0,18.0,97.0,475.0,174.0,220.5,38.0
2019-06-06,israel,3710.0,556.0,600.0,405.7,13.0,13.0,221.0,635.0,248.0,-578.5,31.0
2019-06-06,korea,915.0,121.0,75.0,1416.1,1.0,2.0,29.0,161.0,46.0,104.2,7.0
2019-06-06,libya,187.0,20.0,47.0,-156.1,1.0,1.0,8.0,2.0,2.0,-18.0,0.0
2019-06-06,scs,2327.0,276.0,278.0,2245.4,5.0,8.0,150.0,72.0,16.0,109.3,4.0
2019-06-06,southasia,7377.0,1110.0,928.0,3468.6,24.0,23.0,373.0,65.0,6.0,86.8,0.0
2019-06-06,sudan,1764.0,340.0,422.0,-1502.9,5.0,7.0,176.0,35.0,16.0,-48.2,4.0
2019-06-06,taiwan,506.0,75.0,36.0,832.1,4.0,1.0,13.0,159.0,43.0,359.5,2.0
2019-06-06,ukraine,1186.0,157.0,133.0,900.5,3.0,1.0,66.0,222.0,81.0,-26.9,23.0
2019-06-06,venezuela,779.0,100.0,96.0,654.0,0.0,5.0,56.0,85.0,28.0,66.9,6.0
2019-06-06,yemen,221.0,35.0,47.0,-175.0,2.0,0.0,14.0,51.0,38.0,-193.4,0.0
2019-06-07,drc,48.0,12.0,4.0,13.0,0.0,0.0,2.0,14.0,6.0,-5.4,0.0
2019-06-07,europe_east,1337.0,188.0,125.0,1833.7,3.0,10.0,78.0,135.0,34.0,266.0,16.0
2019-06-07,iran,2084.0,365.0,223.0,2494.7,16.0,7.0,86.0,438.0,176.0,118.7,14.0
2019-06-07,israel,2605.0,417.0,396.0,601.7,6.0,4.0,189.0,393.0,169.0,-503.6,20.0
2019-06-07,korea,734.0,88.0,69.0,981.9,3.0,3.0,36.0,111.0,38.0,81.0,9.0
2019-06-07,libya,362.0,42.0,80.0,-240.9,0.0,1.0,16.0,8.0,4.0,-12.5,0.0
2019-06-07,scs,2294.0,265.0,297.0,2250.0,5.0,9.0,146.0,103.0,26.0,102.5,6.0
2019-06-07,southasia,7663.0,1076.0,1057.0,4088.2,2.0,26.0,387.0,52.0,9.0,76.5,4.0
2019-06-07,sudan,1503.0,218.0,274.0,309.0,2.0,7.0,120.0,16.0,7.0,-5.9,2.0
2019-06-07,taiwan,497.0,73.0,55.0,672.4,1.0,0.0,34.0,175.0,43.0,247.4,3.0
2019-06-07,ukraine,1443.0,155.0,196.0,1105.0,5.0,0.0,76.0,340.0,105.0,348.5,15.0
2019-06-07,venezuela,705.0,95.0,44.0,1099.8,6.0,4.0,26.0,88.0,20.0,48.4,3.0
2019-06-07,yemen,215.0,30.0,68.0,-347.3,0.0,1.0,20.0,66.0,37.0,-122.0,2.0
2019-06-08,drc,17.0,0.0,2.0,19.2,0.0,0.0,0.0,1.0,0.0,7.0,0.0
2019-06-08,europe_east,679.0,82.0,98.0,367.4,2.0,0.0,48.0,48.0,28.0,-79.3,15.0
2019-06-08,iran,1655.0,283.0,160.0,2492.5,16.0,15.0,79.0,337.0,103.0,603.3,18.0
2019-06-08,israel,1703.0,256.0,281.0,-316.7,6.0,5.0,106.0,315.0,115.0,-137.7,17.0
2019-06-08,korea,355.0,37.0,48.0,415.9,1.0,1.0,25.0,48.0,8.0,99.1,2.0
2019-06-08,libya,276.0,35.0,38.0,45.7,2.0,0.0,6.0,7.0,1.0,14.8,0.0
2019-06-08,scs,1602.0,222.0,225.0,584.5,2.0,4.0,102.0,48.0,2.0,173.3,0.0
2019-06-08,southasia,7226.0,944.0,983.0,3011.3,9.0,21.0,380.0,52.0,4.0,150.1,0.0
2019-06-08,sudan,861.0,121.0,193.0,-58.1,0.0,3.0,95.0,6.0,2.0,-3.6,0.0
2019-06-08,taiwan,270.0,35.0,29.0,316.4,0.0,4.0,15.0,62.0,14.0,93.1,3.0
2019-06-08,ukraine,580.0,70.0,73.0,474.0,0.0,1.0,33.0,153.0,61.0,-0.4,9.0
2019-06-08,venezuela,640.0,59.0,88.0,892.3,1.0,1.0,62.0,73.0,22.0,19.9,2.0
2019-06-08,yemen,158.0,24.0,43.0,-155.8,1.0,0.0,3.0,34.0,26.0,-207.2,2.0
2019-06-09,drc,4.0,0.0,0.0,8.9,0.0,0.0,0.0,12.0,6.0,-3.9,2.0
2019-06-09,europe_east,667.0,95.0,55.0,740.9,0.0,1.0,32.0,24.0,12.0,-31.7,4.0
2019-06-09,iran,1410.0,209.0,183.0,1558.1,8.0,12.0,89.0,298.0,100.0,255.1,28.0
2019-06-09,israel,1971.0,333.0,318.0,-191.9,2.0,4.0,137.0,360.0,148.0,-293.2,25.0
2019-06-09,korea,527.0,65.0,66.0,562.7,3.0,0.0,26.0,82.0,3.0,323.2,0.0
2019-06-09,libya,162.0,24.0,27.0,-18.5,0.0,1.0,4.0,0.0,0.0,0.0,0.0
2019-06-09,scs,1370.0,184.0,206.0,690.8,6.0,1.0,83.0,59.0,8.0,168.4,1.0
2019-06-09,southasia,7074.0,1029.0,1017.0,1607.3,13.0,12.0,401.0,36.0,11.0,50.6,3.0
2019-06-09,sudan,1092.0,220.0,292.0,-1637.6,3.0,18.0,131.0,8.0,3.0,-11.0,2.0
2019-06-09,taiwan,283.0,52.0,24.0,152.2,0.0,0.0,12.0,61.0,24.0,-4.9,7.0
2019-06-09,ukraine,677.0,87.0,130.0,23.9,0.0,6.0,34.0,141.0,73.0,-233.4,12.0
2019-06-09,venezuela,489.0,47.0,72.0,470.3,3.0,0.0,40.0,25.0,9.0,-8.0,0.0
2019-06-09,yemen,242.0,18.0,69.0,-321.9,2.0,0.0,5.0,58.0,32.0,-203.7,2.0
2019-06-10,drc,10.0,1.0,0.0,24.0,0.0,0.0,0.0,7.0,1.0,4.1,0.0
2019-06-10,europe_east,1080.0,120.0,91.0,1513.1,2.0,6.0,36.0,99.0,18.0,137.7,8.0
2019-06-10,iran,2685.0,442.0,290.0,3127.6,27.0,21.0,146.0,479.0,190.0,289.4,51.0
2019-06-10,israel,3132.0,578.0,522.0,-737.4,14.0,10.0,196.0,579.0,276.0,-791.1,53.0
2019-06-10,korea,1096.0,107.0,107.0,1784.5,3.0,0.0,53.0,131.0,52.0,0.9,8.0
2019-06-10,libya,221.0,19.0,39.0,80.8,1.0,0.0,11.0,3.0,1.0,1.0,0.0
2019-06-10,scs,2688.0,329.0,383.0,1946.5,5.0,3.0,228.0,118.0,41.0,139.8,11.0
2019-06-10,southasia,9491.0,1537.0,1657.0,-942.1,20.0,22.0,710.0,29.0,14.0,-34.0,3.0
2019-06-10,sudan,1274.0,235.0,339.0,-1146.8,3.0,13.0,181.0,25.0,6.0,57.1,5.0
2019-06-10,taiwan,393.0,66.0,25.0,630.2,4.0,0.0,17.0,110.0,37.0,15.3,8.0
2019-06-10,ukraine,1373.0,156.0,95.0,1869.9,3.0,1.0,39.0,167.0,63.0,-74.1,6.0
2019-06-10,venezuela,461.0,72.0,70.0,220.0,2.0,0.0,46.0,31.0,8.0,30.3,1.0
2019-06-10,yemen,273.0,52.0,52.0,-18.6,2.0,0.0,23.0,91.0,33.0,7.8,6.0
2019-06-11,drc,23.0,0.0,0.0,77.7,0.0,0.0,0.0,26.0,5.0,-27.1,1.0
2019-06-11,europe_east,1305.0,140.0,92.0,2064.9,0.0,9.0,44.0,39.0,12.0,45.8,6.0
2019-06-11,iran,3073.0,406.0,409.0,3731.9,24.0,8.0,259.0,647.0,203.0,663.0,50.0
2019-06-11,israel,4035.0,597.0,664.0,689.3,7.0,3.0,296.0,637.0,339.0,-1412.3,53.0
2019-06-11,korea,1821.0,246.0,209.0,1005.3,53.0,3.0,84.0,447.0,149.0,-139.1,45.0
2019-06-11,libya,234.0,26.0,52.0,-75.2,0.0,0.0,12.0,0.0,0.0,0.0,0.0
2019-06-11,scs,2673.0,416.0,328.0,1663.6,12.0,7.0,184.0,142.0,37.0,237.8,3.0
2019-06-11,southasia,9329.0,1502.0,1704.0,-213.4,27.0,54.0,893.0,27.0,19.0,-140.2,4.0
2019-06-11,sudan,1690.0,313.0,401.0,-1235.1,14.0,11.0,195.0,32.0,7.0,62.8,2.0
2019-06-11,taiwan,512.0,76.0,32.0,755.7,3.0,1.0,20.0,141.0,33.0,200.1,15.0
2019-06-11,ukraine,997.0,169.0,92.0,747.7,0.0,3.0,36.0,217.0,77.0,-99.3,3.0
2019-06-11,venezuela,510.0,78.0,80.0,213.3,1.0,2.0,56.0,57.0,19.0,-14.7,1.0
2019-06-11,yemen,400.0,82.0,77.0,-213.3,1.0,6.0,21.0,88.0,47.0,-178.9,9.0
2019-06-12,drc,32.0,2.0,3.0,27.9,2.0,0.0,3.0,75.0,17.0,-71.0,0.0
2019-06-12,europe_east,1754.0,125.0,160.0,2991.6,5.0,36.0,42.0,126.0,34.0,125.6,20.0
2019-06-12,iran,3712.0,506.0,481.0,2793.9,19.0,18.0,197.0,721.0,241.0,365.4,42.0
2019-06-12,israel,4530.0,701.0,751.0,115.6,20.0,6.0,298.0,877.0,422.0,-1700.0,38.0
2019-06-12,korea,2199.0,238.0,187.0,2649.3,12.0,0.0,69.0,571.0,133.0,391.8,8.0
2019-06-12,libya,259.0,25.0,43.0,220.3,1.0,3.0,14.0,4.0,0.0,28.0,0.0
2019-06-12,scs,2759.0,384.0,329.0,1891.7,2.0,4.0,185.0,233.0,115.0,-16.5,3.0
2019-06-12,southasia,9485.0,1358.0,1537.0,2093.1,27.0,65.0,715.0,73.0,19.0,96.9,3.0
2019-06-12,sudan,1519.0,280.0,340.0,-776.0,10.0,7.0,157.0,22.0,13.0,-56.4,2.0
2019-06-12,taiwan,467.0,61.0,39.0,624.2,1.0,1.0,18.0,62.0,28.0,-103.5,7.0
2019-06-12,ukraine,1074.0,151.0,118.0,1393.2,0.0,0.0,62.0,176.0,77.0,-112.6,2.0
2019-06-12,venezuela,517.0,76.0,54.0,325.3,3.0,0.0,27.0,86.0,34.0,-41.8,3.0
2019-06-12,yemen,724.0,141.0,195.0,-1135.8,4.0,0.0,31.0,251.0,168.0,-1062.9,26.0
2019-06-13,drc,71.0,3.0,16.0,-7.9,0.0,0.0,5.0,95.0,28.0,-102.2,6.0
2019-06-13,europe_east,1973.0,172.0,213.0,2890.3,3.0,77.0,57.0,139.0,45.0,62.7,27.0
2019-06-13,iran,5756.0,1136.0,884.0,98.1,73.0,19.0,232.0,941.0,408.0,-74.6,39.0
2019-06-13,israel,4059.0,619.0,742.0,-799.4,6.0,7.0,238.0,620.0,360.0,-1846.0,30.0
2019-06-13,korea,1451.0,179.0,137.0,1758.4,3.0,0.0,60.0,316.0,71.0,361.0,4.0
2019-06-13,libya,367.0,45.0,87.0,-38.3,2.0,2.0,36.0,7.0,3.0,13.0,3.0
2019-06-13,scs,2718.0,428.0,318.0,1698.0,3.0,7.0,156.0,447.0,184.0,-104.3,18.0
2019-06-13,southasia,9439.0,1394.0,1338.0,4360.8,26.0,69.0,547.0,53.0,25.0,-15.2,13.0
2019-06-13,sudan,1594.0,277.0,321.0,-631.9,9.0,6.0,144.0,25.0,11.0,-51.4,2.0
2019-06-13,taiwan,487.0,69.0,46.0,350.1,1.0,0.0,14.0,112.0,40.0,-2.6,12.0
2019-06-13,ukraine,1244.0,161.0,129.0,1349.8,3.0,0.0,55.0,247.0,63.0,188.0,3.0
2019-06-13,venezuela,479.0,64.0,44.0,656.4,1.0,5.0,21.0,62.0,10.0,105.3,4.0
2019-06-13,yemen,472.0,83.0,155.0,-1055.4,12.0,0.0,24.0,222.0,152.0,-1119.2,22.0
2019-06-14,drc,30.0,2.0,3.0,12.8,0.0,0.0,0.0,28.0,8.0,-3.9,0.0
2019-06-14,europe_east,1349.0,118.0,97.0,2570.8,3.0,20.0,46.0,85.0,22.0,50.1,11.0
2019-06-14,iran,6725.0,1549.0,934.0,-880.2,96.0,22.0,189.0,1308.0,588.0,14.8,29.0
2019-06-14,israel,2983.0,540.0,585.0,-1525.3,10.0,3.0,222.0,606.0,309.0,-1268.5,41.0
2019-06-14,korea,987.0,106.0,100.0,1240.6,4.0,0.0,42.0,155.0,25.0,252.0,4.0
2019-06-14,libya,348.0,39.0,56.0,165.0,1.0,3.0,17.0,1.0,1.0,-7.0,1.0
2019-06-14,scs,2177.0,374.0,338.0,632.6,5.0,5.0,144.0,383.0,156.0,124.4,0.0
2019-06-14,southasia,10539.0,1920.0,1385.0,3006.5,44.0,20.0,548.0,64.0,14.0,74.5,2.0
2019-06-14,sudan,1687.0,291.0,304.0,-302.9,3.0,6.0,141.0,36.0,8.0,11.5,2.0
2019-06-14,taiwan,385.0,67.0,34.0,196.4,1.0,0.0,20.0,52.0,22.0,-49.3,7.0
2019-06-14,ukraine,1244.0,151.0,178.0,868.7,2.0,0.0,105.0,213.0,72.0,131.4,17.0
2019-06-14,venezuela,553.0,49.0,48.0,753.0,3.0,3.0,17.0,43.0,5.0,79.0,1.0
2019-06-14,yemen,312.0,47.0,127.0,-934.4,0.0,9.0,22.0,151.0,105.0,-791.2,12.0
2019-06-15,drc,22.0,1.0,3.0,0.8,0.0,0.0,0.0,27.0,12.0,-30.6,5.0
2019-06-15,europe_east,577.0,41.0,69.0,736.5,0.0,4.0,38.0,32.0,12.0,-43.2,6.0
2019-06-15,iran,4638.0,1168.0,595.0,-382.6,49.0,18.0,137.0,962.0,459.0,-72.9,15.0
2019-06-15,israel,1666.0,259.0,250.0,449.6,8.0,2.0,82.0,295.0,154.0,-600.5,15.0
2019-06-15,korea,509.0,55.0,33.0,1062.0,0.0,0.0,21.0,74.0,5.0,240.4,0.0
2019-06-15,libya,177.0,25.0,25.0,134.1,1.0,0.0,4.0,1.0,1.0,-6.5,0.0
2019-06-15,scs,1738.0,264.0,205.0,1269.7,4.0,2.0,87.0,271.0,127.0,-27.2,7.0
2019-06-15,southasia,7811.0,1232.0,887.0,4895.1,37.0,12.0,363.0,50.0,13.0,85.8,1.0
2019-06-15,sudan,937.0,168.0,199.0,-421.6,3.0,2.0,107.0,14.0,6.0,-12.9,3.0
2019-06-15,taiwan,233.0,39.0,36.0,-34.1,0.0,0.0,9.0,68.0,18.0,78.8,1.0
2019-06-15,ukraine,731.0,81.0,88.0,616.6,2.0,2.0,43.0,120.0,44.0,-99.1,7.0
2019-06-15,venezuela,355.0,44.0,35.0,464.7,1.0,7.0,20.0,33.0,11.0,-27.3,0.0
2019-06-15,yemen,256.0,35.0,90.0,-540.8,1.0,0.0,9.0,142.0,81.0,-530.9,3.0
2019-06-16,drc,23.0,5.0,3.0,-26.1,0.0,0.0,0.0,9.0,5.0,-10.1,0.0
2019-06-16,europe_east,417.0,28.0,55.0,423.3,0.0,3.0,17.0,12.0,4.0,12.0,3.0
2019-06-16,iran,4370.0,1235.0,537.0,-1239.5,55.0,21.0,141.0,877.0,381.0,86.6,19.0
2019-06-16,israel,2843.0,432.0,420.0,627.8,12.0,3.0,196.0,507.0,218.0,-599.4,35.0
2019-06-16,korea,583.0,42.0,59.0,824.6,0.0,3.0,28.0,86.0,11.0,136.8,0.0
2019-06-16,libya,258.0,28.0,40.0,144.0,4.0,0.0,11.0,0.0,0.0,0.0,0.0
2019-06-16,scs,1563.0,186.0,146.0,1447.8,3.0,3.0,55.0,209.0,85.0,84.4,8.0
2019-06-16,southasia,6415.0,886.0,801.0,4224.9,31.0,21.0,330.0,21.0,16.0,-84.7,8.0
2019-06-16,sudan,792.0,179.0,161.0,-658.6,0.0,4.0,90.0,9.0,4.0,-17.1,3.0
2019-06-16,taiwan,357.0,65.0,33.0,157.5,0.0,0.0,14.0,55.0,17.0,34.9,8.0
2019-06-16,ukraine,501.0,71.0,58.0,306.2,0.0,0.0,20.0,103.0,34.0,-24.7,0.0
2019-06-16,venezuela,285.0,51.0,26.0,241.2,1.0,2.0,20.0,18.0,11.0,-23.9,1.0
2019-06-16,yemen,318.0,50.0,104.0,-654.3,1.0,6.0,11.0,160.0,85.0,-445.2,9.0
2019-06-17,drc,46.0,0.0,9.0,20.5,0.0,1.0,2.0,42.0,1.0,120.6,0.0
2019-06-17,europe_east,1032.0,101.0,104.0,1572.5,0.0,14.0,38.0,78.0,30.0,44.7,9.0
2019-06-17,iran,5406.0,1340.0,715.0,-187.5,91.0,27.0,218.0,1200.0,586.0,-266.7,30.0
2019-06-17,israel,3833.0,625.0,592.0,1032.7,19.0,0.0,281.0,707.0,340.0,-901.1,44.0
2019-06-17,korea,1640.0,108.0,127.0,2987.0,6.0,4.0,70.0,279.0,30.0,589.1,2.0
2019-06-17,libya,346.0,42.0,49.0,146.8,2.0,2.0,12.0,7.0,3.0,-3.2,0.0
2019-06-17,scs,2835.0,340.0,408.0,1636.4,3.0,6.0,178.0,294.0,115.0,93.7,5.0
2019-06-17,southasia,8835.0,1399.0,1287.0,1638.8,31.0,18.0,459.0,25.0,10.0,-59.2,0.0
2019-06-17,sudan,838.0,149.0,163.0,-392.9,5.0,6.0,77.0,5.0,1.0,11.7,0.0
2019-06-17,taiwan,415.0,75.0,58.0,141.9,4.0,2.0,31.0,98.0,28.0,63.9,10.0
2019-06-17,ukraine,914.0,89.0,129.0,714.5,1.0,1.0,51.0,138.0,64.0,-218.2,10.0
2019-06-17,venezuela,424.0,78.0,59.0,-22.7,0.0,3.0,26.0,39.0,18.0,-40.4,1.0
2019-06-17,yemen,362.0,51.0,99.0,-479.7,3.0,3.0,12.0,120.0,69.0,-427.2,2.0
2019-06-18,drc,46.0,2.0,7.0,15.2,0.0,0.0,0.0,22.0,3.0,15.1,0.0
2019-06-18,europe_east,1131.0,112.0,110.0,1679.3,0.0,9.0,61.0,54.0,21.0,-38.4,8.0
2019-06-18,iran,6181.0,1506.0,775.0,955.0,107.0,114.0,214.0,1619.0,744.0,-91.7,71.0
2019-06-18,israel,3645.0,537.0,501.0,2259.5,16.0,5.0,252.0,692.0,297.0,-587.1,59.0
2019-06-18,korea,1611.0,136.0,136.0,2755.8,5.0,10.0,89.0,402.0,47.0,909.8,14.0
2019-06-18,libya,210.0,13.0,32.0,222.0,2.0,0.0,15.0,0.0,0.0,0.0,0.0
2019-06-18,scs,2981.0,428.0,331.0,2439.6,12.0,13.0,140.0,445.0,132.0,432.0,16.0
2019-06-18,southasia,9496.0,1400.0,1435.0,1870.4,16.0,34.0,468.0,21.0,8.0,-23.0,2.0
2019-06-18,sudan,818.0,123.0,165.0,13.0,0.0,10.0,69.0,13.0,5.0,0.5,1.0
2019-06-18,taiwan,429.0,61.0,36.0,557.2,0.0,0.0,24.0,129.0,21.0,282.1,4.0
2019-06-18,ukraine,1154.0,141.0,111.0,1354.3,2.0,0.0,39.0,237.0,70.0,126.5,7.0
2019-06-18,venezuela,544.0,91.0,69.0,665.7,0.0,7.0,52.0,96.0,33.0,61.0,2.0
2019-06-18,yemen,447.0,56.0,106.0,-416.0,0.0,2.0,7.0,85.0,45.0,-282.1,0.0
2019-06-19,drc,69.0,3.0,17.0,6.7,0.0,1.0,3.0,78.0,4.0,240.6,3.0
2019-06-19,europe_east,1059.0,110.0,124.0,1178.0,1.0,4.0,50.0,82.0,18.0,183.4,5.0
2019-06-19,iran,4768.0,1131.0,657.0,-556.9,76.0,43.0,187.0,1063.0,481.0,-607.0,61.0
2019-06-19,israel,4009.0,552.0,542.0,1981.2,22.0,1.0,203.0,573.0,251.0,-750.2,27.0
2019-06-19,korea,1815.0,153.0,109.0,4094.5,2.0,2.0,62.0,417.0,55.0,1166.6,4.0
2019-06-19,libya,275.0,21.0,72.0,-210.8,0.0,0.0,20.0,1.0,0.0,0.0,0.0
2019-06-19,scs,3005.0,348.0,320.0,3083.6,9.0,9.0,133.0,265.0,100.0,-29.7,13.0
2019-06-19,southasia,9014.0,1382.0,1307.0,2291.9,23.0,21.0,537.0,14.0,7.0,-37.9,1.0
2019-06-19,sudan,1238.0,223.0,211.0,0.0,2.0,7.0,83.0,2.0,0.0,4.7,0.0
2019-06-19,taiwan,379.0,37.0,24.0,715.7,2.0,1.0,18.0,121.0,24.0,197.2,10.0
2019-06-19,ukraine,2333.0,272.0,552.0,-1412.6,10.0,3.0,174.0,643.0,299.0,-1111.7,50.0
2019-06-19,venezuela,774.0,100.0,74.0,1117.2,3.0,3.0,42.0,79.0,25.0,117.9,0.0
2019-06-19,yemen,435.0,68.0,100.0,-414.8,2.0,2.0,5.0,116.0,38.0,-48.6,3.0
2019-06-20,drc,83.0,5.0,11.0,132.4,0.0,0.0,9.0,9.0,4.0,-22.4,2.0
2019-06-20,europe_east,1157.0,112.0,130.0,1270.0,3.0,3.0,61.0,54.0,19.0,-22.4,12.0
2019-06-20,iran,7547.0,1639.0,1725.0,-9740.3,105.0,66.0,225.0,2223.0,1211.0,-5225.1,96.0
2019-06-20,israel,3707.0,609.0,514.0,1174.8,24.0,14.0,180.0,732.0,325.0,-638.2,42.0
2019-06-20,korea,2355.0,195.0,182.0,4531.8,5.0,3.0,82.0,523.0,78.0,1144.4,5.0
2019-06-20,libya,261.0,40.0,44.0,53.0,6.0,0.0,21.0,4.0,2.0,0.7,0.0
2019-06-20,scs,2497.0,319.0,276.0,2471.6,1.0,3.0,119.0,357.0,118.0,154.6,24.0
2019-06-20,southasia,9512.0,1418.0,1260.0,4066.8,30.0,29.0,511.0,32.0,8.0,-12.5,0.0
2019-06-20,sudan,1395.0,278.0,221.0,26.0,1.0,7.0,97.0,4.0,1.0,2.8,0.0
2019-06-20,taiwan,330.0,42.0,31.0,402.9,0.0,2.0,23.0,90.0,17.0,171.6,2.0
2019-06-20,ukraine,1858.0,242.0,452.0,-1598.8,2.0,1.0,184.0,449.0,256.0,-1183.7,44.0
2019-06-20,venezuela,945.0,102.0,105.0,1044.3,2.0,5.0,61.0,120.0,18.0,173.0,2.0
2019-06-20,yemen,715.0,105.0,238.0,-1347.5,3.0,6.0,40.0,262.0,159.0,-904.1,9.0
2019-06-21,drc,82.0,4.0,3.0,131.9,0.0,0.0,0.0,9.0,3.0,-12.1,1.0
2019-06-21,europe_east,1208.0,141.0,125.0,2148.0,0.0,9.0,49.0,89.0,16.0,289.6,4.0
2019-06-21,iran,8737.0,1720.0,2013.0,-8783.7,175.0,60.0,414.0,2611.0,1361.0,-5093.6,169.0
2019-06-21,israel,3183.0,527.0,490.0,477.5,17.0,8.0,172.0,638.0,312.0,-1071.7,60.0
2019-06-21,korea,1867.0,143.0,162.0,3376.4,2.0,4.0,68.0,369.0,60.0,821.9,9.0
2019-06-21,libya,294.0,27.0,55.0,265.9,0.0,0.0,20.0,2.0,2.0,-12.0,0.0
2019-06-21,scs,2502.0,321.0,268.0,2412.2,1.0,4.0,105.0,371.0,128.0,215.9,4.0
2019-06-21,southasia,9178.0,1308.0,1139.0,5444.7,29.0,17.0,520.0,46.0,13.0,25.3,4.0
2019-06-21,sudan,643.0,113.0,117.0,-98.4,0.0,0.0,63.0,4.0,1.0,6.2,0.0
2019-06-21,taiwan,374.0,53.0,36.0,500.1,1.0,4.0,20.0,92.0,33.0,38.3,5.0
2019-06-21,ukraine,1419.0,153.0,224.0,884.5,2.0,2.0,111.0,254.0,126.0,-396.8,36.0
2019-06-21,venezuela,445.0,69.0,43.0,291.9,7.0,3.0,16.0,50.0,8.0,77.8,0.0
2019-06-21,yemen,494.0,87.0,141.0,-790.3,1.0,1.0,32.0,192.0,103.0,-505.5,5.0
2019-06-22,drc,44.0,0.0,1.0,124.3,0.0,0.0,0.0,3.0,1.0,-2.0,0.0
2019-06-22,europe_east,560.0,56.0,48.0,682.5,1.0,2.0,21.0,20.0,14.0,-57.2,3.0
2019-06-22,iran,5873.0,1088.0,1290.0,-5549.1,98.0,14.0,356.0,1718.0,843.0,-2676.6,86.0
2019-06-22,israel,2304.0,403.0,328.0,743.6,12.0,0.0,155.0,518.0,198.0,-108.4,20.0
2019-06-22,korea,811.0,55.0,68.0,1406.3,3.0,1.0,37.0,140.0,24.0,261.3,0.0
2019-06-22,libya,263.0,32.0,40.0,247.6,0.0,0.0,15.0,4.0,4.0,-12.5,0.0
2019-06-22,scs,1884.0,270.0,268.0,1124.6,2.0,3.0,117.0,280.0,106.0,21.1,8.0
2019-06-22,southasia,7654.0,1065.0,1040.0,3956.0,10.0,12.0,413.0,22.0,5.0,29.9,1.0
2019-06-22,sudan,679.0,131.0,115.0,-127.4,2.0,2.0,66.0,4.0,0.0,10.7,0.0
2019-06-22,taiwan,165.0,26.0,13.0,201.6,0.0,0.0,7.0,34.0,14.0,21.6,0.0
2019-06-22,ukraine,586.0,73.0,107.0,152.4,2.0,1.0,40.0,80.0,40.0,-192.9,12.0
2019-06-22,venezuela,429.0,56.0,49.0,329.1,5.0,2.0,31.0,37.0,7.0,27.6,2.0
2019-06-22,yemen,273.0,33.0,95.0,-549.0,0.0,0.0,23.0,89.0,62.0,-459.1,2.0
2019-06-23,drc,34.0,7.0,4.0,5.4,0.0,0.0,0.0,4.0,0.0,11.6,0.0
2019-06-23,europe_east,400.0,35.0,44.0,642.8,0.0,1.0,11.0,16.0,14.0,-106.6,0.0
2019-06-23,iran,5377.0,1146.0,1033.0,-2539.9,89.0,27.0,307.0,1681.0,884.0,-2910.3,88.0
2019-06-23,israel,3556.0,693.0,423.0,1519.7,20.0,1.0,213.0,887.0,354.0,-234.0,40.0
2019-06-23,korea,1366.0,94.0,72.0,2466.7,3.0,0.0,38.0,517.0,80.0,879.4,0.0
2019-06-23,libya,170.0,18.0,18.0,175.4,1.0,2.0,5.0,5.0,2.0,-3.3,0.0
2019-06-23,scs,1683.0,231.0,163.0,1337.9,0.0,6.0,59.0,165.0,75.0,-42.0,5.0
2019-06-23,southasia,6619.0,967.0,980.0,1604.8,17.0,22.0,368.0,19.0,5.0,12.1,0.0
2019-06-23,sudan,608.0,84.0,85.0,181.1,0.0,2.0,46.0,6.0,1.0,16.5,1.0
2019-06-23,taiwan,205.0,31.0,32.0,75.8,2.0,4.0,13.0,84.0,42.0,-33.9,5.0
2019-06-23,ukraine,406.0,56.0,101.0,-223.6,2.0,1.0,35.0,100.0,57.0,-254.7,16.0
2019-06-23,venezuela,272.0,58.0,54.0,-218.9,2.0,0.0,30.0,22.0,4.0,20.0,0.0
2019-06-23,yemen,299.0,43.0,97.0,-587.5,3.0,0.0,9.0,91.0,73.0,-618.4,2.0
2019-06-24,drc,63.0,2.0,3.0,183.7,0.0,0.0,0.0,3.0,0.0,8.7,0.0
2019-06-24,europe_east,719.0,97.0,69.0,746.3,0.0,0.0,36.0,47.0,13.0,6.4,0.0
2019-06-24,iran,7176.0,1469.0,1307.0,-2425.1,100.0,27.0,395.0,2166.0,1118.0,-3552.4,73.0
2019-06-24,israel,4429.0,860.0,531.0,1268.6,9.0,3.0,257.0,1056.0,445.0,-672.0,51.0
2019-06-24,korea,1748.0,109.0,161.0,2885.6,7.0,5.0,91.0,527.0,54.0,1210.4,4.0
2019-06-24,libya,220.0,31.0,70.0,-289.9,1.0,0.0,17.0,1.0,1.0,-10.0,0.0
2019-06-24,scs,2401.0,302.0,278.0,2495.5,8.0,8.0,155.0,171.0,58.0,37.7,7.0
2019-06-24,southasia,9049.0,1418.0,1326.0,2867.4,19.0,15.0,562.0,18.0,11.0,-59.6,1.0
2019-06-24,sudan,1120.0,188.0,178.0,87.7,0.0,7.0,101.0,13.0,9.0,-31.3,2.0
2019-06-24,taiwan,329.0,55.0,35.0,185.9,4.0,1.0,19.0,63.0,34.0,-96.1,9.0
2019-06-24,ukraine,894.0,98.0,144.0,528.6,1.0,0.0,46.0,181.0,68.0,4.2,2.0
2019-06-24,venezuela,418.0,84.0,74.0,1.1,1.0,0.0,41.0,23.0,9.0,-8.4,0.0
2019-06-24,yemen,467.0,71.0,156.0,-990.9,1.0,1.0,19.0,191.0,102.0,-645.7,8.0
2019-06-25,drc,99.0,6.0,20.0,-14.6,0.0,0.0,0.0,35.0,4.0,88.7,0.0
2019-06-25,europe_east,904.0,109.0,87.0,1323.4,0.0,7.0,54.0,83.0,37.0,-94.1,13.0
2019-06-25,iran,6996.0,1397.0,1298.0,-2282.1,103.0,35.0,568.0,2220.0,1116.0,-3036.5,116.0
2019-06-25,israel,5489.0,997.0,661.0,2263.0,28.0,8.0,280.0,1351.0,565.0,-798.5,65.0
2019-06-25,korea,1705.0,188.0,130.0,2573.9,6.0,3.0,58.0,367.0,61.0,549.5,6.0
2019-06-25,libya,210.0,35.0,40.0,-5.1,1.0,0.0,8.0,1.0,0.0,3.4,0.0
2019-06-25,scs,2704.0,335.0,319.0,2826.5,4.0,5.0,180.0,201.0,37.0,383.6,5.0
2019-06-25,southasia,9995.0,1481.0,1424.0,5809.6,17.0,22.0,706.0,29.0,23.0,-126.2,3.0
2019-06-25,sudan,886.0,144.0,121.0,418.2,3.0,4.0,67.0,2.0,2.0,-13.0,0.0
2019-06-25,taiwan,397.0,45.0,27.0,613.0,3.0,0.0,15.0,100.0,20.0,172.4,0.0
2019-06-25,ukraine,1077.0,149.0,144.0,739.4,3.0,1.0,87.0,320.0,99.0,22.6,16.0
2019-06-25,venezuela,494.0,68.0,31.0,670.0,0.0,1.0,22.0,85.0,17.0,58.0,3.0
2019-06-25,yemen,421.0,57.0,147.0,-836.0,4.0,0.0,34.0,142.0,83.0,-308.3,26.0
2019-06-26,drc,37.0,6.0,10.0,-47.6,0.0,0.0,1.0,31.0,14.0,-73.8,0.0
2019-06-26,europe_east,1185.0,123.0,125.0,1514.9,2.0,5.0,68.0,97.0,32.0,-42.7,14.0
2019-06-26,iran,4984.0,963.0,836.0,30.2,60.0,23.0,315.0,1582.0,774.0,-1800.7,73.0
2019-06-26,israel,4945.0,849.0,531.0,3628.1,16.0,4.0,255.0,1069.0,430.0,-559.1,38.0
2019-06-26,korea,2227.0,277.0,141.0,3954.2,4.0,2.0,71.0,543.0,127.0,673.4,8.0
2019-06-26,libya,337.0,40.0,81.0,-157.8,3.0,3.0,12.0,4.0,3.0,-29.5,0.0
2019-06-26,scs,2690.0,355.0,241.0,3059.8,2.0,1.0,115.0,239.0,75.0,220.0,3.0
2019-06-26,southasia,10105.0,1464.0,1425.0,4655.5,23.0,19.0,576.0,46.0,13.0,68.4,4.0
2019-06-26,sudan,680.0,132.0,104.0,-39.1,0.0,6.0,55.0,5.0,1.0,5.0,1.0
2019-06-26,taiwan,365.0,55.0,28.0,426.2,0.0,2.0,15.0,110.0,16.0,165.3,2.0
2019-06-26,ukraine,1247.0,91.0,153.0,1673.8,1.0,2.0,85.0,286.0,116.0,-94.7,32.0
2019-06-26,venezuela,661.0,68.0,95.0,615.4,1.0,3.0,53.0,111.0,31.0,88.0,4.0
2019-06-26,yemen,447.0,79.0,107.0,-462.7,2.0,0.0,20.0,184.0,108.0,-555.2,16.0
2019-06-27,drc,48.0,5.0,11.0,-0.5,0.0,1.0,1.0,13.0,1.0,26.2,0.0
2019-06-27,europe_east,1284.0,135.0,118.0,2111.9,0.0,4.0,65.0,113.0,33.0,54.2,14.0
2019-06-27,iran,4175.0,842.0,655.0,-375.8,66.0,19.0,219.0,1155.0,566.0,-1438.0,53.0
2019-06-27,israel,4097.0,683.0,562.0,1684.7,11.0,10.0,250.0,806.0,356.0,-827.6,49.0
2019-06-27,korea,2855.0,294.0,252.0,5233.2,7.0,0.0,193.0,713.0,146.0,1336.8,49.0
2019-06-27,libya,467.0,63.0,67.0,212.9,3.0,1.0,10.0,5.0,5.0,-49.5,0.0
2019-06-27,scs,2905.0,389.0,395.0,2220.2,12.0,6.0,224.0,300.0,90.0,292.0,25.0
2019-06-27,southasia,9915.0,1403.0,1298.0,5719.8,23.0,18.0,492.0,34.0,9.0,21.9,4.0
2019-06-27,sudan,693.0,126.0,101.0,156.6,1.0,1.0,61.0,10.0,5.0,-9.6,1.0
2019-06-27,taiwan,367.0,61.0,34.0,353.0,1.0,0.0,30.0,62.0,25.0,-47.4,7.0
2019-06-27,ukraine,1207.0,143.0,143.0,1334.3,1.0,1.0,62.0,207.0,65.0,82.5,21.0
2019-06-27,venezuela,618.0,99.0,151.0,-430.4,3.0,5.0,86.0,109.0,38.0,-24.2,7.0
2019-06-27,yemen,266.0,39.0,56.0,-74.3,1.0,0.0,6.0,82.0,38.0,-145.1,5.0
2019-06-28,drc,137.0,17.0,3.0,281.9,1.0,0.0,1.0,4.0,0.0,10.4,0.0
2019-06-28,europe_east,1359.0,136.0,106.0,1897.7,1.0,4.0,43.0,109.0,25.0,205.5,4.0
2019-06-28,iran,4498.0,799.0,603.0,1016.2,62.0,19.0,181.0,1033.0,421.0,-427.4,33.0
2019-06-28,israel,3493.0,581.0,551.0,25.9,18.0,1.0,195.0,713.0,269.0,-424.2,23.0
2019-06-28,korea,2371.0,214.0,149.0,4885.3,5.0,0.0,117.0,572.0,93.0,1308.1,34.0
2019-06-28,libya,357.0,42.0,81.0,-165.9,2.0,0.0,17.0,5.0,5.0,-27.0,3.0
2019-06-28,scs,2485.0,431.0,300.0,1196.3,12.0,10.0,125.0,243.0,107.0,-17.5,31.0
2019-06-28,southasia,9340.0,1400.0,1118.0,5409.6,20.0,8.0,389.0,20.0,5.0,16.6,3.0
2019-06-28,sudan,925.0,166.0,150.0,106.0,1.0,4.0,72.0,21.0,10.0,-23.5,0.0
2019-06-28,taiwan,332.0,40.0,24.0,421.9,2.0,0.0,18.0,81.0,26.0,-16.8,9.0
2019-06-28,ukraine,1196.0,120.0,121.0,1819.0,0.0,0.0,64.0,300.0,91.0,104.3,24.0
2019-06-28,venezuela,782.0,127.0,156.0,-125.4,1.0,2.0,112.0,239.0,137.0,-507.7,15.0
2019-06-28,yemen,392.0,48.0,77.0,16.9,1.0,1.0,20.0,94.0,58.0,-375.4,6.0
2019-06-29,drc,40.0,10.0,2.0,32.2,0.0,0.0,1.0,0.0,0.0,0.0,0.0
2019-06-29,europe_east,482.0,68.0,47.0,260.1,2.0,4.0,20.0,79.0,23.0,-49.7,3.0
2019-06-29,iran,2511.0,495.0,386.0,74.4,31.0,20.0,134.0,734.0,326.0,-959.8,83.0
2019-06-29,israel,1854.0,261.0,416.0,-1271.3,5.0,1.0,158.0,369.0,170.0,-747.8,37.0
2019-06-29,korea,2788.0,131.0,129.0,5948.7,6.0,0.0,69.0,797.0,62.0,1905.9,18.0
2019-06-29,libya,449.0,85.0,145.0,-731.2,17.0,3.0,44.0,7.0,7.0,-38.0,3.0
2019-06-29,scs,1736.0,227.0,227.0,1138.6,11.0,4.0,74.0,114.0,33.0,164.0,7.0
2019-06-29,southasia,6723.0,1025.0,986.0,1977.4,6.0,17.0,397.0,18.0,6.0,-7.6,3.0
2019-06-29,sudan,453.0,104.0,85.0,-243.9,2.0,10.0,49.0,5.0,4.0,-17.0,0.0
2019-06-29,taiwan,203.0,34.0,7.0,324.1,2.0,0.0,4.0,49.0,20.0,10.3,4.0
2019-06-29,ukraine,594.0,55.0,80.0,893.8,4.0,0.0,52.0,158.0,57.0,43.5,20.0
2019-06-29,venezuela,523.0,94.0,87.0,136.6,0.0,1.0,74.0,154.0,95.0,-340.3,7.0
2019-06-29,yemen,253.0,35.0,58.0,-204.4,0.0,1.0,4.0,54.0,33.0,-253.3,0.0
2019-06-30,drc,67.0,17.0,30.0,-230.2,4.0,0.0,15.0,0.0,0.0,0.0,0.0
2019-06-30,europe_east,406.0,48.0,30.0,407.2,0.0,3.0,21.0,11.0,2.0,7.9,0.0
2019-06-30,iran,1746.0,323.0,322.0,-791.7,21.0,25.0,102.0,358.0,166.0,-419.3,21.0
2019-06-30,israel,3349.0,484.0,641.0,-708.3,20.0,2.0,297.0,576.0,268.0,-723.5,46.0
2019-06-30,korea,6294.0,419.0,396.0,11434.8,5.0,2.0,161.0,2129.0,247.0,4323.7,21.0
2019-06-30,libya,637.0,143.0,182.0,-1026.0,19.0,0.0,60.0,10.0,9.0,-27.5,1.0
2019-06-30,scs,1942.0,189.0,211.0,2360.3,10.0,3.0,103.0,75.0,28.0,-17.6,7.0
2019-06-30,southasia,5852.0,797.0,835.0,2127.1,9.0,30.0,348.0,52.0,6.0,100.0,1.0
2019-06-30,sudan,1069.0,227.0,276.0,-1711.0,5.0,17.0,137.0,12.0,10.0,-59.0,0.0
2019-06-30,taiwan,142.0,34.0,10.0,20.4,2.0,0.0,6.0,63.0,17.0,10.2,4.0
2019-06-30,ukraine,235.0,21.0,27.0,362.3,0.0,0.0,11.0,57.0,22.0,52.6,3.0
2019-06-30,venezuela,396.0,67.0,56.0,221.5,0.0,2.0,36.0,48.0,24.0,-36.0,0.0
2019-06-30,yemen,178.0,17.0,49.0,-67.9,0.0,0.0,4.0,79.0,34.0,-101.0,2.0
2019-07-01,drc,109.0,12.0,24.0,-83.4,3.0,0.0,14.0,3.0,1.0,0.8,0.0
2019-07-01,europe_east,797.0,126.0,68.0,818.5,2.0,0.0,47.0,38.0,14.0,-8.1,3.0
2019-07-01,iran,3679.0,824.0,527.0,-187.6,26.0,16.0,206.0,984.0,494.0,-722.1,39.0
2019-07-01,israel,4299.0,657.0,905.0,-2197.7,24.0,12.0,275.0,927.0,541.0,-2738.6,42.0
2019-07-01,korea,5171.0,525.0,310.0,8379.7,10.0,3.0,125.0,1647.0,245.0,2775.0,9.0
2019-07-01,libya,890.0,183.0,207.0,-738.0,21.0,2.0,82.0,18.0,10.0,4.6,2.0
2019-07-01,scs,2356.0,292.0,317.0,1309.4,14.0,1.0,118.0,129.0,47.0,65.9,3.0
2019-07-01,southasia,8486.0,1328.0,1213.0,3141.7,28.0,31.0,596.0,64.0,13.0,86.6,2.0
2019-07-01,sudan,1303.0,284.0,305.0,-1588.0,0.0,16.0,116.0,12.0,10.0,-59.0,0.0
2019-07-01,taiwan,379.0,43.0,31.0,449.6,1.0,3.0,13.0,115.0,31.0,92.5,3.0
2019-07-01,ukraine,785.0,73.0,110.0,697.6,0.0,1.0,38.0,158.0,58.0,-115.9,11.0
2019-07-01,venezuela,611.0,100.0,89.0,296.2,0.0,1.0,57.0,69.0,35.0,-52.3,9.0
2019-07-01,yemen,323.0,20.0,63.0,168.9,0.0,1.0,15.0,109.0,50.0,-235.3,4.0
2019-07-02,drc,88.0,13.0,29.0,-160.0,3.0,0.0,12.0,14.0,0.0,78.2,0.0
2019-07-02,europe_east,1103.0,125.0,81.0,1487.9,0.0,6.0,50.0,35.0,15.0,-22.4,8.0
2019-07-02,iran,3899.0,864.0,573.0,-388.4,53.0,12.0,211.0,1105.0,532.0,-990.2,51.0
2019-07-02,israel,4309.0,749.0,829.0,-2314.8,34.0,4.0,301.0,759.0,371.0,-1279.1,58.0
2019-07-02,korea,3473.0,392.0,230.0,5492.0,8.0,12.0,98.0,921.0,144.0,1570.6,15.0
2019-07-02,libya,530.0,89.0,115.0,-140.0,8.0,0.0,54.0,2.0,1.0,-5.0,1.0
2019-07-02,scs,2985.0,321.0,428.0,2163.1,12.0,8.0,213.0,187.0,78.0,-87.1,16.0
2019-07-02,southasia,8649.0,1425.0,1246.0,2819.2,36.0,25.0,562.0,43.0,13.0,56.7,6.0
2019-07-02,sudan,1198.0,232.0,194.0,-229.1,5.0,10.0,63.0,0.0,0.0,0.0,0.0
2019-07-02,taiwan,344.0,40.0,32.0,574.1,0.0,0.0,17.0,84.0,34.0,10.6,2.0
2019-07-02,ukraine,1277.0,156.0,143.0,1336.9,0.0,6.0,52.0,265.0,88.0,39.4,15.0
2019-07-02,venezuela,628.0,106.0,108.0,154.6,0.0,1.0,62.0,109.0,39.0,19.5,2.0
2019-07-02,yemen,324.0,53.0,112.0,-720.0,5.0,0.0,12.0,107.0,73.0,-523.5,0.0
2019-07-03,drc,28.0,1.0,6.0,-12.1,0.0,0.0,1.0,22.0,8.0,26.9,1.0
2019-07-03,europe_east,987.0,125.0,112.0,933.8,1.0,6.0,38.0,31.0,15.0,-49.8,0.0
2019-07-03,iran,3335.0,694.0,505.0,61.4,33.0,10.0,169.0,858.0,383.0,-440.5,53.0
2019-07-03,israel,4400.0,800.0,803.0,-2024.2,40.0,7.0,262.0,834.0,374.0,-1129.7,41.0
2019-07-03,korea,1981.0,274.0,149.0,2911.9,9.0,4.0,66.0,463.0,115.0,613.6,12.0
2019-07-03,libya,1358.0,319.0,336.0,-2206.5,12.0,3.0,65.0,15.0,7.0,-5.2,2.0
2019-07-03,scs,2593.0,368.0,236.0,2639.3,9.0,3.0,105.0,264.0,93.0,253.9,5.0
2019-07-03,southasia,10159.0,1623.0,1494.0,2666.5,21.0,27.0,686.0,64.0,28.0,-16.1,5.0
2019-07-03,sudan,1122.0,176.0,187.0,207.6,2.0,10.0,84.0,24.0,8.0,29.9,6.0
2019-07-03,taiwan,361.0,82.0,28.0,316.1,0.0,2.0,11.0,64.0,25.0,1.2,5.0
2019-07-03,ukraine,1191.0,141.0,96.0,1694.8,2.0,1.0,35.0,172.0,55.0,-19.8,9.0
2019-07-03,venezuela,666.0,93.0,81.0,563.5,0.0,1.0,43.0,66.0,30.0,-11.7,0.0
2019-07-03,yemen,280.0,50.0,70.0,-271.9,0.0,0.0,6.0,95.0,41.0,-31.3,1.0
2019-07-04,drc,121.0,22.0,30.0,-155.1,0.0,5.0,9.0,22.0,13.0,-92.0,0.0
2019-07-04,europe_east,1090.0,104.0,96.0,1606.5,0.0,2.0,48.0,47.0,21.0,-50.9,5.0
2019-07-04,iran,2455.0,478.0,402.0,41.1,22.0,11.0,184.0,499.0,237.0,-326.6,33.0
2019-07-04,israel,3191.0,587.0,567.0,-938.4,13.0,7.0,226.0,567.0,253.0,-475.7,50.0
2019-07-04,korea,2581.0,267.0,237.0,3943.9,13.0,4.0,165.0,510.0,124.0,636.0,41.0
2019-07-04,libya,1370.0,311.0,311.0,-1627.7,9.0,6.0,85.0,28.0,18.0,-101.2,2.0
2019-07-04,scs,2339.0,345.0,352.0,935.2,7.0,2.0,155.0,105.0,27.0,119.2,0.0
2019-07-04,southasia,9597.0,1387.0,1336.0,4617.9,24.0,29.0,687.0,46.0,18.0,-22.6,1.0
2019-07-04,sudan,963.0,172.0,126.0,663.5,1.0,11.0,56.0,21.0,8.0,10.4,5.0
2019-07-04,taiwan,294.0,38.0,56.0,12.8,1.0,1.0,27.0,82.0,19.0,81.4,4.0
2019-07-04,ukraine,1210.0,118.0,139.0,1217.2,7.0,2.0,60.0,264.0,91.0,5.1,17.0
2019-07-04,venezuela,473.0,74.0,50.0,459.0,0.0,0.0,22.0,72.0,24.0,76.4,2.0
2019-07-04,yemen,170.0,20.0,43.0,-99.2,0.0,0.0,4.0,44.0,12.0,74.5,0.0
2019-07-05,drc,42.0,4.0,7.0,28.4,0.0,2.0,2.0,2.0,0.0,6.8,0.0
2019-07-05,europe_east,999.0,127.0,134.0,709.0,0.0,3.0,80.0,65.0,10.0,52.0,4.0
2019-07-05,iran,2808.0,604.0,446.0,-831.8,44.0,4.0,190.0,564.0,298.0,-935.0,23.0
2019-07-05,israel,2692.0,400.0,505.0,-390.2,11.0,6.0,177.0,454.0,202.0,-742.9,34.0
2019-07-05,korea,1851.0,197.0,175.0,2582.7,9.0,12.0,105.0,353.0,78.0,578.3,28.0
2019-07-05,libya,1074.0,208.0,255.0,-966.8,11.0,0.0,62.0,16.0,6.0,-18.4,0.0
2019-07-05,scs,2468.0,367.0,324.0,1179.6,16.0,5.0,107.0,68.0,13.0,142.8,3.0
2019-07-05,southasia,7821.0,1148.0,1033.0,4036.1,9.0,25.0,552.0,21.0,12.0,-31.9,0.0
2019-07-05,sudan,1036.0,162.0,174.0,206.8,1.0,4.0,90.0,13.0,10.0,-22.0,0.0
2019-07-05,taiwan,286.0,45.0,25.0,310.5,0.0,0.0,11.0,96.0,41.0,-74.0,11.0
2019-07-05,ukraine,924.0,90.0,102.0,1045.4,2.0,8.0,38.0,210.0,66.0,-10.9,20.0
2019-07-05,venezuela,637.0,97.0,111.0,116.9,1.0,0.0,40.0,44.0,17.0,-29.8,3.0
2019-07-05,yemen,183.0,19.0,51.0,-167.6,0.0,0.0,9.0,59.0,20.0,-3.0,0.0
2019-07-06,drc,25.0,2.0,4.0,6.0,0.0,0.0,2.0,0.0,0.0,0.0,0.0
2019-07-06,europe_east,430.0,36.0,58.0,390.3,1.0,0.0,29.0,17.0,1.0,-0.7,0.0
2019-07-06,iran,1935.0,401.0,243.0,629.2,30.0,6.0,107.0,416.0,224.0,-618.7,23.0
2019-07-06,israel,1402.0,221.0,210.0,215.2,12.0,0.0,68.0,222.0,101.0,-355.0,12.0
2019-07-06,korea,1205.0,125.0,114.0,1673.4,3.0,2.0,85.0,345.0,75.0,382.5,35.0
2019-07-06,libya,858.0,164.0,192.0,-632.5,5.0,2.0,40.0,8.0,3.0,-4.2,0.0
2019-07-06,scs,1549.0,179.0,147.0,2154.7,12.0,4.0,49.0,44.0,17.0,10.7,1.0
2019-07-06,southasia,6900.0,992.0,1002.0,2810.3,23.0,13.0,499.0,25.0,10.0,-50.8,0.0
2019-07-06,sudan,622.0,88.0,74.0,469.8,2.0,1.0,40.0,8.0,8.0,-24.0,2.0
2019-07-06,taiwan,182.0,38.0,22.0,75.3,0.0,0.0,11.0,70.0,11.0,76.5,3.0
2019-07-06,ukraine,450.0,46.0,52.0,548.1,4.0,7.0,15.0,142.0,49.0,-80.6,11.0
2019-07-06,venezuela,562.0,94.0,84.0,219.2,1.0,0.0,42.0,63.0,21.0,-29.4,3.0
2019-07-06,yemen,209.0,13.0,65.0,-368.1,2.0,1.0,5.0,58.0,23.0,-88.7,4.0
2019-07-07,drc,15.0,0.0,0.0,43.5,0.0,0.0,0.0,0.0,0.0,0.0,0.0
2019-07-07,europe_east,457.0,47.0,33.0,562.9,0.0,0.0,18.0,31.0,4.0,29.9,0.0
2019-07-07,iran,3316.0,614.0,310.0,3629.7,31.0,5.0,129.0,649.0,301.0,-714.2,24.0
2019-07-07,israel,2187.0,348.0,368.0,-107.8,8.0,2.0,148.0,462.0,225.0,-918.7,24.0
2019-07-07,korea,1087.0,104.0,90.0,1921.2,1.0,3.0,61.0,240.0,54.0,283.6,19.0
2019-07-07,libya,515.0,85.0,103.0,12.4,5.0,2.0,24.0,9.0,1.0,4.3,0.0
2019-07-07,scs,1298.0,130.0,229.0,470.0,6.0,0.0,84.0,64.0,21.0,46.5,6.0
2019-07-07,southasia,6309.0,841.0,960.0,3074.6,7.0,17.0,531.0,10.0,1.0,4.4,0.0
2019-07-07,sudan,416.0,58.0,66.0,203.7,0.0,8.0,23.0,7.0,2.0,1.8,0.0
2019-07-07,taiwan,165.0,20.0,15.0,269.7,2.0,0.0,8.0,39.0,8.0,41.4,2.0
2019-07-07,ukraine,355.0,30.0,62.0,188.0,0.0,1.0,15.0,99.0,39.0,-43.2,6.0
2019-07-07,venezuela,273.0,36.0,36.0,322.1,1.0,0.0,22.0,12.0,5.0,-25.0,0.0
2019-07-07,yemen,200.0,30.0,47.0,-192.5,0.0,0.0,2.0,48.0,35.0,-258.4,0.0
2019-07-08,drc,110.0,20.0,26.0,-22.9,0.0,0.0,19.0,26.0,18.0,-43.7,12.0
2019-07-08,europe_east,860.0,97.0,83.0,1121.7,1.0,9.0,35.0,40.0,5.0,57.5,1.0
2019-07-08,iran,3796.0,841.0,468.0,995.5,58.0,5.0,208.0,775.0,373.0,-899.1,50.0
2019-07-08,israel,3457.0,577.0,511.0,48.0,13.0,1.0,172.0,660.0,295.0,-973.5,34.0
2019-07-08,korea,1771.0,231.0,128.0,2738.5,3.0,3.0,77.0,441.0,83.0,736.1,5.0
2019-07-08,libya,591.0,114.0,105.0,-172.6,3.0,0.0,30.0,8.0,4.0,-26.0,0.0
2019-07-08,scs,2519.0,271.0,416.0,707.1,15.0,7.0,107.0,127.0,22.0,319.0,3.0
2019-07-08,southasia,9338.0,1524.0,1201.0,4529.0,16.0,19.0,550.0,46.0,22.0,-100.2,1.0
2019-07-08,sudan,721.0,100.0,86.0,581.4,0.0,0.0,25.0,12.0,2.0,4.0,0.0
2019-07-08,taiwan,375.0,36.0,26.0,759.3,0.0,0.0,16.0,65.0,8.0,143.8,0.0
2019-07-08,ukraine,1182.0,77.0,117.0,2228.2,0.0,2.0,64.0,305.0,64.0,427.0,12.0
2019-07-08,venezuela,524.0,82.0,52.0,626.9,0.0,0.0,30.0,39.0,19.0,-25.0,7.0
2019-07-08,yemen,269.0,41.0,50.0,120.2,3.0,0.0,10.0,81.0,24.0,34.6,0.0
2019-07-09,drc,88.0,12.0,46.0,-335.2,0.0,0.0,16.0,8.0,7.0,-66.5,0.0
2019-07-09,europe_east,1062.0,74.0,101.0,1684.4,1.0,2.0,57.0,43.0,6.0,124.0,0.0
2019-07-09,iran,3904.0,808.0,503.0,1095.2,76.0,7.0,225.0,824.0,375.0,-522.3,78.0
2019-07-09,israel,3447.0,595.0,571.0,-29.4,25.0,1.0,214.0,567.0,277.0,-794.7,45.0
2019-07-09,korea,1826.0,238.0,167.0,2123.1,2.0,1.0,107.0,360.0,96.0,346.7,12.0
2019-07-09,libya,638.0,89.0,124.0,5.5,3.0,3.0,29.0,0.0,0.0,0.0,0.0
2019-07-09,scs,2854.0,357.0,389.0,1260.7,7.0,6.0,151.0,137.0,44.0,30.0,10.0
2019-07-09,southasia,9010.0,1530.0,1127.0,4049.5,10.0,17.0,545.0,17.0,8.0,-21.0,0.0
2019-07-09,sudan,838.0,107.0,100.0,799.2,0.0,4.0,45.0,0.0,0.0,0.0,0.0
2019-07-09,taiwan,642.0,66.0,44.0,1126.2,9.0,0.0,26.0,169.0,35.0,258.4,4.0
2019-07-09,ukraine,1211.0,89.0,142.0,1710.4,0.0,4.0,82.0,253.0,67.0,263.3,27.0
2019-07-09,venezuela,569.0,65.0,62.0,627.9,0.0,0.0,23.0,69.0,19.0,64.4,2.0
2019-07-09,yemen,434.0,53.0,91.0,-24.7,1.0,0.0,36.0,119.0,36.0,-66.7,4.0
2019-07-10,drc,43.0,8.0,12.0,-39.8,0.0,0.0,6.0,7.0,6.0,-13.0,2.0
2019-07-10,europe_east,1198.0,121.0,105.0,1487.7,0.0,2.0,60.0,108.0,14.0,191.6,1.0
2019-07-10,iran,4544.0,769.0,516.0,4053.8,41.0,3.0,207.0,980.0,414.0,36.4,31.0
2019-07-10,israel,3890.0,628.0,674.0,-47.8,11.0,2.0,297.0,634.0,322.0,-889.2,52.0
2019-07-10,korea,1457.0,196.0,182.0,1438.4,7.0,6.0,96.0,214.0,57.0,239.8,7.0
2019-07-10,libya,487.0,62.0,142.0,-461.0,1.0,13.0,12.0,5.0,3.0,-18.9,2.0
2019-07-10,scs,2511.0,318.0,339.0,1647.9,5.0,11.0,123.0,86.0,30.0,24.8,0.0
2019-07-10,southasia,9816.0,1569.0,1385.0,4168.6,31.0,46.0,688.0,42.0,8.0,87.1,0.0
2019-07-10,sudan,854.0,102.0,123.0,750.4,0.0,2.0,52.0,5.0,1.0,8.0,0.0
2019-07-10,taiwan,499.0,66.0,48.0,607.7,0.0,2.0,24.0,123.0,47.0,75.1,0.0
2019-07-10,ukraine,1033.0,126.0,120.0,1018.0,0.0,8.0,63.0,236.0,69.0,180.4,25.0
2019-07-10,venezuela,551.0,78.0,54.0,625.9,0.0,2.0,32.0,54.0,15.0,50.0,2.0
2019-07-10,yemen,382.0,65.0,81.0,-77.7,0.0,1.0,31.0,82.0,27.0,58.4,2.0
2019-07-11,drc,23.0,1.0,6.0,-13.6,0.0,0.0,3.0,4.0,2.0,-4.0,2.0
2019-07-11,europe_east,1157.0,115.0,137.0,1022.7,0.0,0.0,61.0,137.0,32.0,133.9,13.0
2019-07-11,iran,4449.0,967.0,590.0,-244.7,61.0,20.0,248.0,979.0,421.0,-328.6,46.0
2019-07-11,israel,3968.0,638.0,743.0,-990.8,20.0,4.0,275.0,689.0,359.0,-1476.5,57.0
2019-07-11,korea,1479.0,223.0,136.0,1693.5,1.0,0.0,89.0,234.0,69.0,148.2,6.0
2019-07-11,libya,585.0,85.0,139.0,-607.7,1.0,2.0,19.0,6.0,2.0,2.4,0.0
2019-07-11,scs,2707.0,382.0,344.0,1412.4,9.0,16.0,102.0,91.0,35.0,37.0,5.0
2019-07-11,southasia,9888.0,1538.0,1363.0,4771.5,15.0,14.0,673.0,69.0,16.0,170.6,6.0
2019-07-11,sudan,615.0,90.0,112.0,75.3,0.0,5.0,55.0,8.0,6.0,-28.3,0.0
2019-07-11,taiwan,376.0,27.0,19.0,699.6,0.0,0.0,11.0,82.0,23.0,90.5,0.0
2019-07-11,ukraine,1388.0,124.0,187.0,1699.7,0.0,1.0,93.0,360.0,113.0,110.3,20.0
2019-07-11,venezuela,485.0,95.0,84.0,-28.5,2.0,2.0,56.0,66.0,34.0,-46.1,7.0
2019-07-11,yemen,337.0,53.0,62.0,110.8,6.0,4.0,9.0,108.0,41.0,-3.6,9.0
2019-07-12,drc,27.0,2.0,4.0,-6.7,0.0,0.0,0.0,48.0,0.0,156.6,0.0
2019-07-12,europe_east,896.0,68.0,96.0,1337.9,0.0,6.0,33.0,40.0,9.0,101.5,0.0
2019-07-12,iran,3389.0,783.0,496.0,-686.2,53.0,26.0,190.0,775.0,339.0,-446.5,41.0
2019-07-12,israel,2876.0,399.0,553.0,-708.6,19.0,6.0,197.0,575.0,294.0,-1268.3,66.0
2019-07-12,korea,1302.0,152.0,87.0,2006.4,4.0,3.0,56.0,174.0,44.0,157.6,4.0
2019-07-12,libya,465.0,57.0,93.0,-146.8,2.0,1.0,24.0,2.0,0.0,3.4,0.0
2019-07-12,scs,2491.0,390.0,296.0,1667.2,6.0,8.0,112.0,249.0,57.0,305.2,12.0
2019-07-12,southasia,8943.0,1349.0,1106.0,5256.3,17.0,12.0,570.0,38.0,13.0,-55.5,0.0
2019-07-12,sudan,969.0,144.0,173.0,38.6,1.0,6.0,101.0,4.0,2.0,-5.3,2.0
2019-07-12,taiwan,674.0,91.0,72.0,956.7,0.0,2.0,59.0,200.0,83.0,87.4,4.0
2019-07-12,ukraine,1382.0,137.0,145.0,1851.3,1.0,0.0,71.0,396.0,96.0,400.4,21.0
2019-07-12,venezuela,599.0,103.0,85.0,367.2,1.0,0.0,51.0,87.0,43.0,-89.8,3.0
2019-07-12,yemen,309.0,67.0,75.0,-250.7,3.0,2.0,35.0,115.0,53.0,-111.0,5.0
2019-07-13,drc,18.0,0.0,0.0,74.2,0.0,0.0,0.0,3.0,0.0,10.2,0.0
2019-07-13,europe_east,369.0,25.0,18.0,667.0,0.0,2.0,6.0,11.0,1.0,5.1,0.0
2019-07-13,iran,2358.0,537.0,401.0,-632.6,24.0,17.0,165.0,535.0,251.0,-542.6,45.0
2019-07-13,israel,1846.0,282.0,320.0,-552.4,18.0,2.0,93.0,353.0,180.0,-722.1,43.0
2019-07-13,korea,880.0,97.0,79.0,1292.3,4.0,3.0,36.0,150.0,47.0,150.4,1.0
2019-07-13,libya,227.0,22.0,36.0,193.9,0.0,2.0,11.0,3.0,3.0,-24.0,0.0
2019-07-13,scs,1751.0,197.0,213.0,1298.1,1.0,4.0,56.0,167.0,15.0,436.9,3.0
2019-07-13,southasia,7023.0,1034.0,956.0,3544.7,24.0,9.0,443.0,75.0,15.0,104.1,4.0
2019-07-13,sudan,455.0,113.0,69.0,-218.1,0.0,1.0,28.0,0.0,0.0,0.0,0.0
2019-07-13,taiwan,385.0,60.0,30.0,549.7,1.0,0.0,24.0,117.0,59.0,-52.2,0.0
2019-07-13,ukraine,632.0,58.0,99.0,514.3,4.0,3.0,39.0,182.0,58.0,106.2,16.0
2019-07-13,venezuela,364.0,43.0,38.0,517.7,1.0,1.0,24.0,50.0,16.0,-1.9,0.0
2019-07-13,yemen,251.0,51.0,86.0,-636.6,0.0,6.0,17.0,69.0,48.0,-276.5,4.0
2019-07-14,drc,11.0,0.0,0.0,31.1,0.0,0.0,0.0,0.0,0.0,0.0,0.0
2019-07-14,europe_east,307.0,25.0,24.0,534.8,0.0,4.0,9.0,22.0,7.0,-25.1,3.0
2019-07-14,iran,2507.0,467.0,351.0,1582.0,30.0,10.0,205.0,601.0,215.0,471.0,40.0
2019-07-14,israel,2549.0,493.0,464.0,-1256.6,74.0,2.0,166.0,419.0,250.0,-1120.5,75.0
2019-07-14,korea,644.0,68.0,50.0,1333.7,1.0,0.0,30.0,82.0,22.0,103.7,3.0
2019-07-14,libya,212.0,30.0,41.0,13.3,2.0,0.0,8.0,1.0,0.0,2.5,0.0
2019-07-14,scs,1219.0,137.0,162.0,896.2,3.0,0.0,64.0,69.0,6.0,173.8,1.0
2019-07-14,southasia,6451.0,874.0,794.0,5094.3,6.0,4.0,347.0,60.0,7.0,166.9,0.0
2019-07-14,sudan,487.0,102.0,97.0,-440.7,0.0,2.0,29.0,4.0,2.0,-11.6,0.0
2019-07-14,taiwan,436.0,37.0,40.0,766.8,2.0,0.0,36.0,109.0,39.0,26.4,12.0
2019-07-14,ukraine,384.0,67.0,88.0,-226.4,6.0,1.0,35.0,98.0,35.0,-2.2,7.0
2019-07-14,venezuela,272.0,38.0,22.0,480.4,0.0,1.0,14.0,38.0,14.0,0.1,4.0
2019-07-14,yemen,273.0,47.0,62.0,-212.7,0.0,0.0,11.0,37.0,17.0,-57.1,4.0
2019-07-15,drc,102.0,4.0,18.0,12.3,0.0,0.0,3.0,38.0,5.0,56.0,3.0
2019-07-15,europe_east,794.0,113.0,66.0,861.5,2.0,2.0,25.0,44.0,5.0,55.7,2.0
2019-07-15,iran,2968.0,464.0,399.0,2974.1,16.0,6.0,245.0,576.0,196.0,330.2,27.0
2019-07-15,israel,3387.0,685.0,418.0,996.4,26.0,3.0,182.0,496.0,255.0,-731.4,53.0
2019-07-15,korea,1142.0,161.0,77.0,2078.7,3.0,0.0,38.0,86.0,30.0,31.8,3.0
2019-07-15,libya,312.0,37.0,45.0,275.4,3.0,0.0,10.0,0.0,0.0,0.0,0.0
2019-07-15,scs,2029.0,258.0,271.0,1634.6,12.0,9.0,128.0,132.0,20.0,284.1,4.0
2019-07-15,southasia,8400.0,1358.0,1133.0,3489.1,10.0,14.0,511.0,45.0,17.0,-18.1,4.0
2019-07-15,sudan,839.0,176.0,177.0,-485.9,0.0,5.0,81.0,0.0,0.0,0.0,0.0
2019-07-15,taiwan,679.0,81.0,104.0,607.7,0.0,0.0,52.0,302.0,104.0,300.8,8.0
2019-07-15,ukraine,1106.0,121.0,170.0,826.8,6.0,1.0,97.0,380.0,112.0,115.3,45.0
2019-07-15,venezuela,443.0,72.0,37.0,650.9,2.0,0.0,24.0,34.0,18.0,-26.8,4.0
2019-07-15,yemen,344.0,34.0,55.0,336.1,2.0,0.0,17.0,80.0,22.0,104.8,9.0
2019-07-16,drc,67.0,1.0,9.0,119.9,0.0,0.0,6.0,19.0,2.0,26.6,2.0
2019-07-16,europe_east,1169.0,118.0,74.0,1983.4,2.0,6.0,26.0,40.0,7.0,-0.3,0.0
2019-07-16,iran,3565.0,681.0,496.0,1112.9,73.0,23.0,277.0,715.0,279.0,61.3,24.0
2019-07-16,israel,3755.0,741.0,566.0,49.9,25.0,3.0,238.0,572.0,283.0,-941.7,51.0
2019-07-16,korea,1566.0,248.0,161.0,1730.4,9.0,4.0,60.0,244.0,84.0,85.8,32.0
2019-07-16,libya,431.0,50.0,64.0,389.5,0.0,1.0,9.0,0.0,0.0,0.0,0.0
2019-07-16,scs,2526.0,395.0,388.0,643.2,14.0,7.0,151.0,79.0,17.0,91.1,2.0
2019-07-16,southasia,9518.0,1508.0,1563.0,2007.5,10.0,22.0,819.0,66.0,23.0,8.5,7.0
2019-07-16,sudan,591.0,103.0,104.0,-19.9,1.0,2.0,31.0,6.0,0.0,20.0,0.0
2019-07-16,taiwan,630.0,73.0,60.0,895.8,3.0,1.0,28.0,238.0,65.0,429.1,13.0
2019-07-16,ukraine,1357.0,169.0,234.0,426.8,3.0,7.0,110.0,413.0,173.0,-326.8,33.0
2019-07-16,venezuela,498.0,93.0,52.0,275.4,0.0,1.0,32.0,75.0,24.0,64.6,2.0
2019-07-16,yemen,490.0,68.0,114.0,-306.3,3.0,6.0,26.0,142.0,47.0,-3.4,9.0
2019-07-17,drc,79.0,7.0,4.0,110.1,0.0,0.0,1.0,23.0,7.0,-25.9,0.0
2019-07-17,europe_east,1071.0,114.0,82.0,1542.6,0.0,12.0,31.0,59.0,24.0,-43.7,13.0
2019-07-17,iran,3367.0,585.0,542.0,744.3,36.0,5.0,294.0,732.0,299.0,-173.4,42.0
2019-07-17,israel,3558.0,648.0,596.0,-240.2,20.0,3.0,285.0,522.0,260.0,-752.4,59.0
2019-07-17,korea,1742.0,221.0,127.0,2425.6,3.0,9.0,47.0,276.0,75.0,301.5,20.0
2019-07-17,libya,772.0,78.0,226.0,-482.6,5.0,0.0,104.0,2.0,2.0,-4.0,0.0
2019-07-17,scs,2446.0,330.0,293.0,1892.1,7.0,17.0,141.0,204.0,60.0,131.2,14.0
2019-07-17,southasia,12428.0,2021.0,2378.0,-189.3,16.0,18.0,1452.0,249.0,149.0,-516.5,62.0
2019-07-17,sudan,1135.0,178.0,191.0,599.4,0.0,3.0,85.0,1.0,1.0,-2.0,0.0
2019-07-17,taiwan,402.0,37.0,25.0,694.6,1.0,2.0,13.0,109.0,23.0,305.2,8.0
2019-07-17,ukraine,1409.0,149.0,251.0,603.4,2.0,3.0,100.0,454.0,226.0,-744.5,66.0
2019-07-17,venezuela,450.0,80.0,56.0,507.4,0.0,2.0,31.0,83.0,25.0,46.6,2.0
2019-07-17,yemen,277.0,40.0,69.0,-259.6,1.0,3.0,13.0,94.0,46.0,-177.1,3.0
2019-07-18,drc,92.0,9.0,9.0,80.5,0.0,0.0,2.0,47.0,17.0,-86.2,3.0
2019-07-18,europe_east,1085.0,111.0,92.0,1338.4,1.0,15.0,19.0,33.0,8.0,25.2,1.0
2019-07-18,iran,4008.0,715.0,791.0,-71.4,30.0,27.0,315.0,922.0,433.0,-625.2,31.0
2019-07-18,israel,3658.0,653.0,664.0,-836.5,16.0,5.0,311.0,536.0,239.0,-430.1,55.0
2019-07-18,korea,1280.0,161.0,159.0,1254.1,4.0,0.0,45.0,160.0,45.0,148.7,14.0
2019-07-18,libya,504.0,59.0,151.0,-541.8,1.0,1.0,64.0,1.0,0.0,4.0,0.0
2019-07-18,scs,2443.0,395.0,315.0,1070.0,4.0,11.0,143.0,115.0,23.0,114.8,7.0
2019-07-18,southasia,10759.0,1808.0,1529.0,5025.0,13.0,20.0,963.0,165.0,78.0,-78.8,34.0
2019-07-18,sudan,646.0,112.0,87.0,406.7,1.0,5.0,29.0,3.0,2.0,-14.0,0.0
2019-07-18,taiwan,525.0,60.0,68.0,397.9,0.0,0.0,30.0,85.0,27.0,68.5,3.0
2019-07-18,ukraine,1213.0,107.0,170.0,1210.8,1.0,1.0,82.0,358.0,127.0,100.5,57.0
2019-07-18,venezuela,427.0,94.0,51.0,229.2,0.0,0.0,27.0,62.0,17.0,66.3,1.0
2019-07-18,yemen,347.0,40.0,68.0,-50.3,0.0,1.0,13.0,113.0,41.0,-21.4,0.0
2019-07-19,drc,35.0,4.0,4.0,58.5,0.0,0.0,0.0,33.0,11.0,-14.2,4.0
2019-07-19,europe_east,1128.0,141.0,107.0,1135.0,2.0,3.0,50.0,68.0,24.0,-50.8,10.0
2019-07-19,iran,5087.0,1017.0,1015.0,-2591.7,49.0,25.0,409.0,1454.0,736.0,-2309.2,38.0
2019-07-19,israel,2954.0,500.0,514.0,-712.6,8.0,9.0,223.0,454.0,213.0,-937.7,33.0
2019-07-19,korea,1253.0,215.0,119.0,1146.2,2.0,2.0,59.0,162.0,29.0,377.5,3.0
2019-07-19,libya,307.0,41.0,58.0,-22.8,1.0,1.0,18.0,0.0,0.0,0.0,0.0
2019-07-19,scs,2271.0,300.0,259.0,1818.7,9.0,8.0,118.0,166.0,59.0,91.2,15.0
2019-07-19,southasia,9652.0,1699.0,1386.0,2877.9,19.0,18.0,765.0,39.0,19.0,17.1,11.0
2019-07-19,sudan,662.0,105.0,120.0,161.4,2.0,6.0,45.0,1.0,0.0,4.0,0.0
2019-07-19,taiwan,516.0,59.0,52.0,529.3,0.0,3.0,30.0,75.0,30.0,4.7,5.0
2019-07-19,ukraine,1447.0,189.0,207.0,1303.4,4.0,3.0,112.0,521.0,197.0,201.3,68.0
2019-07-19,venezuela,415.0,77.0,48.0,233.7,1.0,1.0,22.0,76.0,21.0,19.4,1.0
2019-07-19,yemen,277.0,58.0,51.0,-121.7,0.0,1.0,14.0,123.0,39.0,85.5,3.0
2019-07-20,drc,38.0,1.0,6.0,18.0,0.0,0.0,0.0,6.0,0.0,14.1,0.0
2019-07-20,europe_east,436.0,55.0,57.0,214.7,3.0,1.0,29.0,15.0,6.0,-40.0,0.0
2019-07-20,iran,5139.0,1069.0,855.0,-822.1,59.0,43.0,396.0,974.0,514.0,-1705.7,28.0
2019-07-20,israel,1732.0,278.0,284.0,-136.8,5.0,3.0,140.0,318.0,146.0,-472.1,34.0
2019-07-20,korea,754.0,99.0,86.0,876.3,0.0,2.0,22.0,145.0,43.0,262.7,2.0
2019-07-20,libya,280.0,21.0,70.0,24.8,4.0,0.0,28.0,0.0,0.0,0.0,0.0
2019-07-20,scs,1571.0,197.0,174.0,1797.2,6.0,1.0,58.0,80.0,28.0,48.1,2.0
2019-07-20,southasia,8307.0,1304.0,1062.0,3997.8,12.0,18.0,442.0,45.0,17.0,-82.2,1.0
2019-07-20,sudan,414.0,71.0,64.0,263.9,2.0,1.0,36.0,4.0,0.0,16.0,0.0
2019-07-20,taiwan,259.0,19.0,20.0,442.2,0.0,0.0,11.0,59.0,26.0,-30.8,2.0
2019-07-20,ukraine,446.0,64.0,80.0,-114.6,0.0,2.0,25.0,143.0,35.0,263.3,15.0
2019-07-20,venezuela,311.0,48.0,50.0,186.5,0.0,0.0,35.0,56.0,24.0,-33.4,0.0
2019-07-20,yemen,241.0,42.0,66.0,-314.3,2.0,1.0,3.0,81.0,33.0,-148.7,0.0
2019-07-21,drc,12.0,2.0,3.0,-5.4,0.0,0.0,0.0,2.0,0.0,14.0,0.0
2019-07-21,europe_east,432.0,31.0,49.0,535.7,2.0,0.0,18.0,12.0,0.0,18.0,0.0
2019-07-21,iran,4467.0,902.0,661.0,903.1,45.0,22.0,296.0,738.0,351.0,-774.4,23.0
2019-07-21,israel,2326.0,355.0,462.0,-750.9,26.0,16.0,197.0,450.0,246.0,-1183.8,62.0
2019-07-21,korea,733.0,110.0,63.0,1011.5,3.0,6.0,22.0,160.0,57.0,165.6,9.0
2019-07-21,libya,270.0,33.0,85.0,-309.0,4.0,1.0,34.0,3.0,3.0,-12.0,2.0
2019-07-21,scs,1593.0,201.0,205.0,929.4,7.0,5.0,53.0,82.0,26.0,11.9,3.0
2019-07-21,southasia,7246.0,988.0,1060.0,2534.1,13.0,18.0,390.0,29.0,6.0,21.1,0.0
2019-07-21,sudan,301.0,57.0,37.0,151.2,0.0,1.0,16.0,3.0,1.0,-2.0,0.0
2019-07-21,taiwan,225.0,17.0,11.0,416.0,0.0,0.0,9.0,32.0,5.0,49.1,3.0
2019-07-21,ukraine,612.0,57.0,88.0,251.1,3.0,0.0,45.0,112.0,42.0,-88.9,15.0
2019-07-21,venezuela,465.0,98.0,47.0,304.4,0.0,1.0,30.0,139.0,57.0,21.8,2.0
2019-07-21,yemen,176.0,17.0,47.0,-165.2,1.0,0.0,5.0,66.0,31.0,-192.7,5.0
2019-07-22,drc,75.0,9.0,15.0,33.1,0.0,0.0,14.0,10.0,6.0,-20.6,6.0
2019-07-22,europe_east,786.0,80.0,95.0,672.8,1.0,3.0,46.0,50.0,27.0,-153.6,7.0
2019-07-22,iran,5507.0,1053.0,923.0,-372.4,56.0,19.0,500.0,1038.0,507.0,-1275.3,81.0
2019-07-22,israel,3770.0,660.0,774.0,-2201.8,20.0,6.0,343.0,654.0,354.0,-1554.7,82.0
2019-07-22,korea,1202.0,143.0,150.0,970.0,3.0,3.0,76.0,138.0,39.0,77.8,12.0
2019-07-22,libya,437.0,42.0,86.0,-42.9,2.0,2.0,30.0,5.0,1.0,7.4,0.0
2019-07-22,scs,2809.0,456.0,294.0,1834.7,10.0,13.0,132.0,259.0,87.0,110.5,4.0
2019-07-22,southasia,10774.0,1438.0,1299.0,8116.4,15.0,7.0,565.0,76.0,43.0,-199.3,6.0
2019-07-22,sudan,369.0,54.0,41.0,199.8,0.0,2.0,22.0,2.0,2.0,-16.2,1.0
2019-07-22,taiwan,356.0,46.0,25.0,418.1,0.0,0.0,15.0,80.0,19.0,55.5,2.0
2019-07-22,ukraine,1338.0,168.0,136.0,1466.0,1.0,0.0,51.0,275.0,87.0,6.7,23.0
2019-07-22,venezuela,502.0,116.0,44.0,250.9,2.0,2.0,18.0,139.0,75.0,-108.8,5.0
2019-07-22,yemen,331.0,29.0,92.0,-89.6,2.0,2.0,16.0,79.0,27.0,17.2,6.0
2019-07-23,drc,83.0,11.0,7.0,51.6,0.0,0.0,4.0,10.0,4.0,-10.4,3.0
2019-07-23,europe_east,1009.0,100.0,127.0,1170.3,0.0,3.0,72.0,33.0,6.0,97.1,3.0
2019-07-23,iran,4294.0,767.0,737.0,-182.6,30.0,10.0,429.0,831.0,350.0,-591.0,58.0
2019-07-23,israel,4424.0,758.0,777.0,-998.5,10.0,8.0,318.0,773.0,370.0,-1330.1,64.0
2019-07-23,korea,2279.0,562.0,339.0,-1405.8,97.0,3.0,98.0,280.0,59.0,358.2,10.0
2019-07-23,libya,301.0,35.0,56.0,-86.8,3.0,0.0,14.0,1.0,1.0,-10.0,0.0
2019-07-23,scs,2651.0,369.0,334.0,1638.9,14.0,2.0,117.0,155.0,56.0,119.7,1.0
2019-07-23,southasia,12913.0,1615.0,1459.0,11076.9,17.0,10.0,663.0,123.0,27.0,108.6,5.0
2019-07-23,sudan,505.0,65.0,90.0,232.4,0.0,3.0,50.0,6.0,0.0,20.2,0.0
2019-07-23,taiwan,410.0,28.0,31.0,542.6,0.0,0.0,23.0,83.0,20.0,50.4,4.0
2019-07-23,ukraine,966.0,84.0,141.0,485.3,0.0,0.0,62.0,178.0,74.0,-295.1,18.0
2019-07-23,venezuela,612.0,145.0,71.0,150.7,1.0,5.0,31.0,90.0,47.0,-123.4,0.0
2019-07-23,yemen,301.0,44.0,59.0,-95.5,7.0,3.0,3.0,62.0,27.0,-125.4,2.0
2019-07-24,drc,51.0,4.0,2.0,92.8,0.0,0.0,1.0,7.0,0.0,17.4,0.0
2019-07-24,europe_east,974.0,102.0,112.0,1185.0,0.0,3.0,68.0,71.0,5.0,147.6,0.0
2019-07-24,iran,3716.0,615.0,585.0,1486.0,9.0,16.0,314.0,680.0,288.0,-380.2,18.0
2019-07-24,israel,4301.0,776.0,735.0,-572.1,7.0,7.0,341.0,802.0,386.0,-1432.0,53.0
2019-07-24,korea,2097.0,414.0,357.0,-802.1,48.0,1.0,139.0,286.0,130.0,-466.7,30.0
2019-07-24,libya,292.0,41.0,65.0,-216.1,5.0,1.0,16.0,6.0,3.0,-20.5,0.0
2019-07-24,scs,2491.0,315.0,327.0,2072.1,9.0,4.0,123.0,157.0,51.0,142.3,7.0
2019-07-24,southasia,10606.0,1578.0,1058.0,8372.4,18.0,28.0,472.0,66.0,22.0,-10.3,5.0
2019-07-24,sudan,576.0,85.0,137.0,-269.5,0.0,6.0,70.0,6.0,4.0,-22.0,2.0
2019-07-24,taiwan,468.0,83.0,38.0,514.8,8.0,5.0,22.0,182.0,86.0,-56.5,27.0
2019-07-24,ukraine,939.0,104.0,127.0,455.4,3.0,2.0,46.0,228.0,101.0,-329.0,32.0
2019-07-24,venezuela,441.0,85.0,55.0,210.0,1.0,3.0,32.0,73.0,31.0,0.4,1.0
2019-07-24,yemen,311.0,58.0,57.0,-42.4,2.0,4.0,5.0,62.0,41.0,-228.3,5.0
2019-07-25,drc,50.0,11.0,8.0,7.0,0.0,0.0,3.0,11.0,2.0,16.0,2.0
2019-07-25,europe_east,933.0,115.0,85.0,890.8,6.0,4.0,36.0,66.0,12.0,71.7,2.0
2019-07-25,iran,3001.0,538.0,478.0,827.4,21.0,29.0,238.0,591.0,228.0,-54.4,26.0
2019-07-25,israel,3489.0,576.0,660.0,-919.4,11.0,3.0,300.0,525.0,292.0,-1306.0,57.0
2019-07-25,korea,2903.0,419.0,566.0,-906.3,32.0,3.0,141.0,861.0,413.0,-2097.6,66.0
2019-07-25,libya,384.0,40.0,69.0,152.5,2.0,0.0,28.0,0.0,0.0,0.0,0.0
2019-07-25,scs,2568.0,418.0,363.0,737.4,8.0,1.0,148.0,142.0,43.0,103.9,2.0
2019-07-25,southasia,10226.0,1544.0,1317.0,5869.8,17.0,23.0,632.0,81.0,22.0,77.7,4.0
2019-07-25,sudan,638.0,84.0,134.0,171.0,1.0,3.0,78.0,5.0,4.0,-14.0,2.0
2019-07-25,taiwan,468.0,76.0,21.0,624.1,3.0,0.0,11.0,209.0,74.0,99.7,11.0
2019-07-25,ukraine,1101.0,106.0,202.0,404.5,0.0,0.0,82.0,433.0,179.0,-315.9,66.0
2019-07-25,venezuela,419.0,45.0,58.0,316.6,1.0,0.0,39.0,108.0,49.0,-74.0,1.0
2019-07-25,yemen,324.0,91.0,38.0,-68.2,2.0,0.0,12.0,107.0,44.0,-113.8,0.0
2019-07-26,drc,83.0,9.0,9.0,168.4,0.0,0.0,4.0,8.0,0.0,34.5,0.0
2019-07-26,europe_east,719.0,81.0,85.0,699.4,0.0,3.0,41.0,83.0,18.0,117.8,4.0
2019-07-26,iran,2327.0,344.0,443.0,484.5,15.0,19.0,195.0,475.0,197.0,-359.3,50.0
2019-07-26,israel,2839.0,431.0,579.0,-720.3,6.0,5.0,281.0,513.0,233.0,-827.4,46.0
2019-07-26,korea,2088.0,343.0,332.0,103.4,48.0,2.0,75.0,676.0,313.0,-988.2,68.0
2019-07-26,libya,444.0,41.0,64.0,343.2,1.0,0.0,15.0,2.0,0.0,4.7,0.0
2019-07-26,scs,2340.0,357.0,324.0,1044.1,5.0,3.0,129.0,214.0,58.0,362.3,3.0
2019-07-26,southasia,8973.0,1228.0,1153.0,5359.9,29.0,22.0,424.0,62.0,21.0,24.4,6.0
2019-07-26,sudan,501.0,66.0,84.0,279.8,0.0,0.0,37.0,2.0,2.0,-19.5,0.0
2019-07-26,taiwan,370.0,52.0,20.0,597.3,6.0,1.0,11.0,126.0,32.0,78.3,7.0
2019-07-26,ukraine,1039.0,102.0,141.0,981.7,0.0,0.0,86.0,258.0,103.0,-113.5,41.0
2019-07-26,venezuela,371.0,48.0,55.0,274.5,0.0,0.0,40.0,78.0,35.0,-100.2,3.0
2019-07-26,yemen,204.0,30.0,35.0,-23.5,1.0,0.0,8.0,67.0,25.0,-23.2,0.0
2019-07-27,drc,7.0,0.0,0.0,7.5,0.0,0.0,0.0,1.0,0.0,7.4,0.0
2019-07-27,europe_east,526.0,80.0,72.0,-23.6,0.0,2.0,28.0,15.0,7.0,-53.1,4.0
2019-07-27,iran,1878.0,286.0,314.0,1283.5,9.0,5.0,175.0,289.0,158.0,-369.6,17.0
2019-07-27,israel,1553.0,258.0,331.0,-1123.8,7.0,5.0,135.0,279.0,157.0,-669.7,28.0
2019-07-27,korea,793.0,112.0,136.0,27.3,9.0,3.0,30.0,164.0,74.0,-261.8,10.0
2019-07-27,libya,263.0,31.0,75.0,-333.3,0.0,2.0,10.0,0.0,0.0,0.0,0.0
2019-07-27,scs,1902.0,245.0,376.0,-705.5,9.0,2.0,112.0,78.0,5.0,268.2,2.0
2019-07-27,southasia,7640.0,1054.0,1381.0,395.5,8.0,63.0,449.0,76.0,43.0,-261.9,6.0
2019-07-27,sudan,508.0,67.0,72.0,475.4,1.0,2.0,38.0,11.0,6.0,-37.3,1.0
2019-07-27,taiwan,208.0,17.0,17.0,277.0,1.0,0.0,6.0,54.0,17.0,82.3,2.0
2019-07-27,ukraine,570.0,74.0,90.0,177.0,0.0,0.0,38.0,193.0,71.0,-102.6,25.0
2019-07-27,venezuela,251.0,41.0,37.0,154.1,1.0,0.0,29.0,48.0,13.0,52.3,5.0
2019-07-27,yemen,135.0,20.0,32.0,-132.9,0.0,0.0,6.0,30.0,20.0,-128.7,2.0
2019-07-28,drc,15.0,0.0,1.0,21.1,0.0,0.0,0.0,4.0,0.0,29.6,0.0
2019-07-28,europe_east,521.0,58.0,101.0,-121.8,0.0,4.0,27.0,11.0,4.0,-11.4,0.0
2019-07-28,iran,3246.0,461.0,387.0,4814.2,16.0,14.0,209.0,590.0,297.0,-930.6,22.0
2019-07-28,israel,2435.0,380.0,477.0,-688.3,7.0,4.0,199.0,410.0,196.0,-730.6,22.0
2019-07-28,korea,933.0,101.0,139.0,573.2,11.0,1.0,51.0,246.0,88.0,-175.7,32.0
2019-07-28,libya,297.0,37.0,79.0,-340.1,2.0,1.0,4.0,1.0,1.0,-9.5,0.0
2019-07-28,scs,1472.0,255.0,232.0,40.0,1.0,5.0,95.0,87.0,22.0,150.6,0.0
2019-07-28,southasia,7449.0,996.0,1049.0,3736.1,17.0,64.0,386.0,75.0,32.0,-70.1,13.0
2019-07-28,sudan,664.0,84.0,84.0,812.6,0.0,2.0,35.0,9.0,3.0,-4.3,0.0
2019-07-28,taiwan,204.0,20.0,23.0,290.9,0.0,0.0,13.0,55.0,31.0,-114.1,0.0
2019-07-28,ukraine,195.0,30.0,36.0,59.6,0.0,0.0,10.0,26.0,15.0,-47.7,1.0
2019-07-28,venezuela,223.0,39.0,21.0,209.1,0.0,5.0,7.0,60.0,22.0,-25.6,3.0
2019-07-28,yemen,115.0,10.0,27.0,-58.3,0.0,0.0,6.0,36.0,17.0,-104.0,0.0
2019-07-29,drc,105.0,6.0,24.0,38.7,0.0,0.0,17.0,1.0,0.0,7.4,0.0
2019-07-29,europe_east,995.0,106.0,135.0,547.2,0.0,10.0,53.0,72.0,18.0,75.0,3.0
2019-07-29,iran,3411.0,584.0,368.0,3948.5,31.0,10.0,185.0,600.0,274.0,-676.9,28.0
2019-07-29,israel,2987.0,475.0,570.0,-133.5,10.0,4.0,252.0,439.0,232.0,-752.6,34.0
2019-07-29,korea,1424.0,172.0,192.0,1403.0,9.0,2.0,100.0,259.0,72.0,45.6,15.0
2019-07-29,libya,388.0,67.0,107.0,-607.2,5.0,1.0,12.0,10.0,9.0,-68.0,0.0
2019-07-29,scs,2423.0,423.0,333.0,806.2,2.0,23.0,154.0,181.0,66.0,77.2,13.0
2019-07-29,southasia,9402.0,1470.0,1575.0,386.9,22.0,37.0,536.0,57.0,20.0,1.0,0.0
2019-07-29,sudan,998.0,176.0,237.0,-807.2,0.0,4.0,94.0,10.0,2.0,15.3,0.0
2019-07-29,taiwan,373.0,54.0,45.0,259.1,1.0,0.0,6.0,105.0,47.0,-62.4,20.0
2019-07-29,ukraine,895.0,116.0,101.0,642.6,2.0,0.0,54.0,167.0,70.0,-115.0,6.0
2019-07-29,venezuela,422.0,78.0,89.0,-217.0,0.0,0.0,54.0,77.0,31.0,-31.9,1.0
2019-07-29,yemen,329.0,42.0,149.0,-1137.1,2.0,2.0,10.0,82.0,57.0,-432.0,6.0
2019-07-30,drc,48.0,2.0,21.0,-134.6,0.0,0.0,3.0,8.0,1.0,20.7,1.0
2019-07-30,europe_east,1122.0,100.0,101.0,1607.6,0.0,4.0,44.0,60.0,7.0,141.9,2.0
2019-07-30,iran,2506.0,478.0,400.0,95.4,11.0,5.0,172.0,448.0,203.0,-353.4,26.0
2019-07-30,israel,3665.0,563.0,705.0,-1031.9,11.0,1.0,275.0,532.0,260.0,-1088.4,37.0
2019-07-30,korea,1294.0,181.0,244.0,-134.9,9.0,7.0,100.0,275.0,111.0,-396.2,18.0
2019-07-30,libya,351.0,54.0,93.0,-336.0,6.0,0.0,23.0,10.0,6.0,8.7,0.0
2019-07-30,scs,2688.0,425.0,423.0,473.0,8.0,9.0,171.0,284.0,88.0,160.4,6.0
2019-07-30,southasia,10163.0,1421.0,1688.0,1105.9,18.0,46.0,468.0,41.0,17.0,-66.1,2.0
2019-07-30,sudan,1129.0,288.0,226.0,-957.0,0.0,4.0,94.0,20.0,12.0,-65.2,4.0
2019-07-30,taiwan,354.0,50.0,59.0,25.7,6.0,0.0,14.0,115.0,55.0,-144.1,19.0
2019-07-30,ukraine,871.0,100.0,137.0,506.1,2.0,2.0,66.0,205.0,116.0,-443.4,37.0
2019-07-30,venezuela,377.0,53.0,60.0,173.6,0.0,6.0,27.0,83.0,17.0,97.7,2.0
2019-07-30,yemen,368.0,57.0,104.0,-550.2,2.0,2.0,13.0,130.0,72.0,-423.5,1.0
2019-07-31,drc,68.0,6.0,9.0,43.8,1.0,0.0,6.0,21.0,6.0,0.5,6.0
2019-07-31,europe_east,1137.0,108.0,149.0,849.1,3.0,2.0,57.0,47.0,12.0,-14.2,0.0
2019-07-31,iran,3005.0,498.0,465.0,1751.2,12.0,6.0,269.0,771.0,339.0,-528.7,36.0
2019-07-31,israel,3967.0,575.0,635.0,1044.1,20.0,5.0,314.0,660.0,288.0,-854.6,54.0
2019-07-31,korea,2628.0,310.0,472.0,226.8,10.0,7.0,118.0,630.0,284.0,-1259.9,31.0
2019-07-31,libya,238.0,27.0,60.0,-200.5,0.0,0.0,13.0,2.0,2.0,-12.0,0.0
2019-07-31,scs,2361.0,343.0,275.0,2380.7,7.0,8.0,144.0,229.0,106.0,-63.2,6.0
2019-07-31,southasia,9512.0,1528.0,1520.0,369.2,13.0,21.0,589.0,47.0,29.0,-180.9,5.0
2019-07-31,sudan,799.0,211.0,170.0,-1028.5,0.0,3.0,67.0,7.0,5.0,-15.5,0.0
2019-07-31,taiwan,534.0,78.0,65.0,338.9,4.0,1.0,32.0,268.0,106.0,-93.3,36.0
2019-07-31,ukraine,975.0,81.0,117.0,1208.3,3.0,2.0,57.0,235.0,84.0,-129.0,24.0
2019-07-31,venezuela,329.0,58.0,46.0,113.3,1.0,1.0,38.0,57.0,11.0,61.7,0.0
2019-07-31,yemen,269.0,34.0,52.0,-31.9,1.0,0.0,14.0,42.0,25.0,-138.8,1.0
2019-08-01,drc,117.0,13.0,33.0,-191.9,0.0,0.0,8.0,70.0,35.0,-92.9,15.0
2019-08-01,europe_east,1125.0,114.0,123.0,855.5,4.0,6.0,37.0,45.0,18.0,3.4,12.0
2019-08-01,iran,3445.0,669.0,626.0,-27.2,23.0,6.0,352.0,1008.0,463.0,-806.6,38.0
2019-08-01,israel,3722.0,474.0,677.0,55.6,16.0,9.0,207.0,778.0,419.0,-2009.8,51.0
2019-08-01,korea,2653.0,352.0,477.0,353.8,11.0,8.0,127.0,640.0,261.0,-572.3,44.0
2019-08-01,libya,277.0,45.0,46.0,1.5,0.0,0.0,12.0,5.0,2.0,4.8,0.0
2019-08-01,scs,2655.0,331.0,361.0,2388.4,4.0,8.0,169.0,168.0,66.0,-39.3,2.0
2019-08-01,southasia,10187.0,1745.0,1708.0,-13.9,21.0,34.0,731.0,104.0,25.0,128.5,20.0
2019-08-01,sudan,876.0,236.0,201.0,-1332.4,0.0,11.0,59.0,6.0,2.0,5.4,0.0
2019-08-01,taiwan,576.0,76.0,58.0,606.3,2.0,1.0,30.0,259.0,89.0,65.1,41.0
2019-08-01,ukraine,669.0,67.0,83.0,760.7,4.0,1.0,40.0,116.0,45.0,-29.2,4.0
2019-08-01,venezuela,428.0,76.0,54.0,143.5,2.0,0.0,26.0,66.0,15.0,58.7,0.0
2019-08-01,yemen,564.0,87.0,208.0,-1607.3,2.0,1.0,4.0,112.0,54.0,-194.4,0.0
2019-08-02,drc,111.0,10.0,22.0,-26.1,0.0,0.0,6.0,45.0,21.0,-19.1,7.0
2019-08-02,europe_east,969.0,111.0,99.0,918.8,0.0,1.0,44.0,55.0,26.0,-60.5,6.0
2019-08-02,iran,2295.0,401.0,403.0,311.5,14.0,13.0,203.0,518.0,223.0,-302.3,14.0
2019-08-02,israel,2832.0,474.0,510.0,-838.7,3.0,5.0,181.0,396.0,226.0,-1216.9,35.0
2019-08-02,korea,3259.0,465.0,439.0,2173.7,24.0,4.0,178.0,586.0,239.0,-569.5,43.0
2019-08-02,libya,348.0,64.0,50.0,197.3,6.0,0.0,14.0,2.0,1.0,8.0,0.0
2019-08-02,scs,2264.0,300.0,365.0,544.1,10.0,3.0,138.0,83.0,38.0,-15.4,1.0
2019-08-02,southasia,10691.0,1686.0,1505.0,3799.8,25.0,157.0,581.0,123.0,29.0,82.4,10.0
2019-08-02,sudan,651.0,187.0,154.0,-1201.7,1.0,1.0,53.0,3.0,1.0,-8.0,0.0
2019-08-02,taiwan,412.0,56.0,38.0,406.6,2.0,0.0,18.0,163.0,56.0,58.1,25.0
2019-08-02,ukraine,786.0,68.0,92.0,990.4,4.0,0.0,44.0,111.0,24.0,180.0,11.0
2019-08-02,venezuela,509.0,84.0,48.0,388.0,5.0,5.0,19.0,69.0,17.0,78.9,0.0
2019-08-02,yemen,496.0,75.0,187.0,-1379.9,1.0,2.0,7.0,106.0,42.0,-182.2,1.0
2019-08-03,drc,15.0,3.0,1.0,8.0,0.0,0.0,1.0,7.0,2.0,-5.5,1.0
2019-08-03,europe_east,514.0,58.0,70.0,333.3,0.0,3.0,23.0,23.0,8.0,-8.1,0.0
2019-08-03,iran,1408.0,231.0,223.0,618.4,15.0,3.0,135.0,374.0,158.0,-246.4,11.0
2019-08-03,israel,1393.0,213.0,243.0,-224.1,0.0,2.0,75.0,194.0,109.0,-582.3,8.0
2019-08-03,korea,1202.0,223.0,141.0,676.2,18.0,0.0,47.0,207.0,104.0,-344.9,10.0
2019-08-03,libya,235.0,37.0,50.0,-90.7,1.0,0.0,16.0,3.0,1.0,6.4,0.0
2019-08-03,scs,1380.0,221.0,202.0,168.8,2.0,3.0,79.0,60.0,28.0,-17.2,8.0
2019-08-03,southasia,8873.0,1407.0,1332.0,1969.7,31.0,98.0,539.0,61.0,25.0,-103.5,9.0
2019-08-03,sudan,553.0,98.0,106.0,-18.3,0.0,3.0,48.0,6.0,6.0,-47.5,1.0
2019-08-03,taiwan,161.0,27.0,15.0,182.1,0.0,0.0,10.0,43.0,15.0,35.3,5.0
2019-08-03,ukraine,218.0,29.0,36.0,-51.1,0.0,3.0,5.0,51.0,19.0,25.8,3.0
2019-08-03,venezuela,348.0,65.0,32.0,253.5,1.0,0.0,24.0,78.0,18.0,94.2,0.0
2019-08-03,yemen,307.0,41.0,100.0,-638.6,1.0,2.0,3.0,86.0,35.0,-56.1,0.0
2019-08-04,drc,15.0,2.0,7.0,-53.9,0.0,0.0,1.0,13.0,0.0,94.6,0.0
2019-08-04,europe_east,389.0,44.0,28.0,519.2,0.0,0.0,18.0,27.0,7.0,10.4,1.0
2019-08-04,iran,1731.0,341.0,283.0,395.9,3.0,3.0,202.0,449.0,235.0,-399.9,3.0
2019-08-04,israel,1785.0,248.0,285.0,-60.7,8.0,3.0,96.0,269.0,117.0,-345.1,15.0
2019-08-04,korea,717.0,118.0,54.0,909.0,10.0,2.0,24.0,88.0,17.0,126.5,0.0
2019-08-04,libya,252.0,21.0,46.0,139.2,1.0,1.0,17.0,1.0,1.0,-2.0,0.0
2019-08-04,scs,1339.0,133.0,199.0,712.1,3.0,3.0,76.0,41.0,12.0,21.4,1.0
2019-08-04,southasia,8446.0,1203.0,1287.0,2810.8,29.0,149.0,502.0,105.0,33.0,44.1,11.0
2019-08-04,sudan,624.0,106.0,39.0,997.5,0.0,1.0,16.0,7.0,7.0,-49.5,1.0
2019-08-04,taiwan,178.0,21.0,14.0,271.9,0.0,0.0,12.0,44.0,10.0,25.7,3.0
2019-08-04,ukraine,326.0,36.0,64.0,-76.5,0.0,1.0,13.0,66.0,16.0,75.6,0.0
2019-08-04,venezuela,220.0,51.0,37.0,-165.2,5.0,1.0,19.0,39.0,17.0,-21.4,2.0
2019-08-04,yemen,198.0,26.0,48.0,-137.5,0.0,2.0,10.0,32.0,8.0,-16.8,0.0
2019-08-05,drc,20.0,2.0,3.0,21.5,0.0,0.0,1.0,8.0,3.0,-1.7,0.0
2019-08-05,europe_east,762.0,98.0,89.0,511.2,3.0,0.0,42.0,79.0,24.0,-28.4,3.0
2019-08-05,iran,2030.0,426.0,315.0,125.1,13.0,10.0,188.0,534.0,204.0,49.2,11.0
2019-08-05,israel,2758.0,404.0,467.0,15.5,4.0,7.0,217.0,381.0,142.0,-89.7,24.0
2019-08-05,korea,1451.0,242.0,175.0,1100.1,6.0,6.0,78.0,288.0,104.0,88.1,27.0
2019-08-05,libya,443.0,72.0,106.0,-522.1,7.0,3.0,13.0,1.0,1.0,-10.0,0.0
2019-08-05,scs,2313.0,293.0,345.0,986.5,6.0,8.0,169.0,153.0,47.0,146.9,6.0
2019-08-05,southasia,14117.0,2474.0,2112.0,2162.9,44.0,250.0,778.0,150.0,70.0,-93.9,14.0
2019-08-05,sudan,754.0,133.0,78.0,678.1,3.0,2.0,29.0,8.0,3.0,-0.6,0.0
2019-08-05,taiwan,470.0,36.0,27.0,822.6,1.0,0.0,21.0,85.0,29.0,-39.1,8.0
2019-08-05,ukraine,621.0,67.0,78.0,570.2,0.0,0.0,27.0,118.0,35.0,127.8,1.0
2019-08-05,venezuela,313.0,53.0,41.0,149.1,1.0,0.0,19.0,63.0,20.0,-29.6,0.0
2019-08-05,yemen,277.0,48.0,64.0,-260.6,0.0,2.0,8.0,52.0,33.0,-200.2,1.0
2019-08-06,drc,39.0,3.0,8.0,12.9,0.0,0.0,2.0,7.0,3.0,-2.1,1.0
2019-08-06,europe_east,988.0,123.0,102.0,768.8,1.0,0.0,34.0,76.0,22.0,77.6,4.0
2019-08-06,iran,2621.0,570.0,365.0,573.0,45.0,14.0,212.0,643.0,242.0,239.5,12.0
2019-08-06,israel,2995.0,460.0,593.0,-1325.2,33.0,4.0,246.0,457.0,195.0,-453.8,60.0
2019-08-06,korea,1964.0,371.0,352.0,-182.8,20.0,4.0,62.0,490.0,282.0,-1214.8,41.0
2019-08-06,libya,405.0,75.0,116.0,-685.2,2.0,0.0,25.0,0.0,0.0,0.0,0.0
2019-08-06,scs,2722.0,464.0,362.0,1166.8,6.0,15.0,152.0,272.0,88.0,317.2,5.0
2019-08-06,southasia,15586.0,2909.0,1822.0,5239.0,81.0,120.0,743.0,217.0,59.0,63.2,14.0
2019-08-06,sudan,523.0,80.0,71.0,291.7,2.0,2.0,30.0,15.0,3.0,30.4,0.0
2019-08-06,taiwan,343.0,45.0,22.0,483.0,1.0,0.0,14.0,50.0,11.0,63.0,0.0
2019-08-06,ukraine,689.0,85.0,98.0,693.5,2.0,0.0,27.0,84.0,41.0,-85.6,4.0
2019-08-06,venezuela,1051.0,207.0,232.0,-357.0,4.0,0.0,174.0,290.0,181.0,-641.7,12.0
2019-08-06,yemen,365.0,82.0,96.0,-676.5,2.0,3.0,6.0,82.0,59.0,-261.2,2.0
2019-08-07,drc,63.0,0.0,4.0,154.9,0.0,2.0,0.0,43.0,9.0,27.4,2.0
2019-08-07,europe_east,920.0,122.0,93.0,675.7,2.0,1.0,36.0,40.0,16.0,8.3,0.0
2019-08-07,iran,1963.0,365.0,362.0,-107.2,32.0,8.0,144.0,365.0,135.0,-8.7,15.0
2019-08-07,israel,3360.0,550.0,660.0,-1285.9,22.0,2.0,252.0,511.0,210.0,-607.1,50.0
2019-08-07,korea,1878.0,380.0,279.0,721.3,5.0,5.0,101.0,456.0,233.0,-339.5,36.0
2019-08-07,libya,222.0,39.0,45.0,-154.6,3.0,0.0,7.0,0.0,0.0,0.0,0.0
2019-08-07,scs,2493.0,388.0,270.0,1877.3,4.0,3.0,121.0,204.0,59.0,248.6,10.0
2019-08-07,southasia,13996.0,2402.0,1681.0,5942.5,96.0,79.0,813.0,298.0,145.0,-274.6,14.0
2019-08-07,sudan,545.0,87.0,57.0,200.9,6.0,1.0,32.0,5.0,3.0,-9.0,0.0
2019-08-07,taiwan,367.0,43.0,36.0,485.1,1.0,0.0,20.0,107.0,49.0,-92.4,12.0
2019-08-07,ukraine,928.0,95.0,132.0,977.5,0.0,0.0,48.0,242.0,95.0,-34.9,20.0
2019-08-07,venezuela,870.0,191.0,140.0,61.4,10.0,0.0,118.0,246.0,115.0,-222.7,6.0
2019-08-07,yemen,440.0,70.0,175.0,-1217.8,1.0,4.0,10.0,85.0,36.0,6.0,3.0
2019-08-08,drc,86.0,12.0,10.0,40.3,2.0,0.0,3.0,8.0,1.0,6.4,0.0
2019-08-08,europe_east,1032.0,136.0,153.0,409.5,3.0,5.0,66.0,128.0,29.0,181.3,3.0
2019-08-08,iran,1740.0,309.0,263.0,329.8,11.0,3.0,110.0,359.0,153.0,-58.0,15.0
2019-08-08,israel,3783.0,560.0,744.0,-1524.3,24.0,11.0,218.0,614.0,288.0,-1277.3,27.0
2019-08-08,korea,1260.0,170.0,160.0,1519.1,5.0,7.0,58.0,202.0,99.0,-93.6,22.0
2019-08-08,libya,185.0,32.0,41.0,-168.0,3.0,0.0,9.0,0.0,0.0,0.0,0.0
2019-08-08,scs,2378.0,309.0,296.0,1658.8,3.0,14.0,116.0,264.0,92.0,8.2,16.0
2019-08-08,southasia,13905.0,2210.0,2016.0,2778.2,75.0,122.0,925.0,393.0,157.0,-210.6,23.0
2019-08-08,sudan,391.0,45.0,55.0,266.9,0.0,0.0,24.0,2.0,1.0,-4.0,0.0
2019-08-08,taiwan,279.0,47.0,20.0,394.6,2.0,2.0,10.0,71.0,20.0,37.6,5.0
2019-08-08,ukraine,873.0,77.0,125.0,865.6,1.0,0.0,60.0,176.0,81.0,-60.3,23.0
2019-08-08,venezuela,894.0,211.0,151.0,27.3,3.0,0.0,117.0,187.0,102.0,-299.4,4.0
2019-08-08,yemen,510.0,60.0,167.0,-968.8,1.0,7.0,13.0,180.0,74.0,-189.6,11.0
2019-08-09,drc,48.0,7.0,16.0,-90.6,2.0,0.0,5.0,5.0,1.0,5.3,1.0
2019-08-09,europe_east,908.0,113.0,102.0,825.5,5.0,5.0,38.0,74.0,23.0,-21.9,6.0
2019-08-09,iran,2067.0,355.0,239.0,2031.4,18.0,16.0,139.0,388.0,168.0,-153.2,16.0
2019-08-09,israel,2986.0,408.0,617.0,-1076.3,14.0,12.0,195.0,506.0,245.0,-1047.6,27.0
2019-08-09,korea,1860.0,263.0,226.0,1496.6,2.0,5.0,72.0,354.0,160.0,-173.6,20.0
2019-08-09,libya,297.0,38.0,41.0,112.5,0.0,1.0,5.0,3.0,1.0,-10.0,0.0
2019-08-09,scs,2497.0,270.0,311.0,1957.8,6.0,4.0,115.0,271.0,67.0,277.6,9.0
2019-08-09,southasia,12722.0,2087.0,1742.0,5573.4,72.0,103.0,860.0,309.0,143.0,-302.2,20.0
2019-08-09,sudan,332.0,42.0,30.0,452.6,0.0,1.0,15.0,6.0,0.0,24.0,0.0
2019-08-09,taiwan,276.0,26.0,38.0,333.0,3.0,0.0,25.0,44.0,7.0,60.1,4.0
2019-08-09,ukraine,1070.0,115.0,116.0,1412.0,3.0,3.0,52.0,189.0,86.0,-183.8,17.0
2019-08-09,venezuela,468.0,107.0,83.0,-68.7,1.0,0.0,56.0,157.0,101.0,-319.8,2.0
2019-08-09,yemen,583.0,77.0,184.0,-1007.8,2.0,0.0,27.0,185.0,76.0,-262.9,7.0
2019-08-10,drc,11.0,0.0,0.0,88.0,0.0,0.0,0.0,4.0,0.0,12.4,0.0
2019-08-10,europe_east,412.0,58.0,30.0,477.8,4.0,0.0,11.0,5.0,0.0,28.4,0.0
2019-08-10,iran,1447.0,272.0,223.0,120.6,13.0,13.0,87.0,322.0,175.0,-553.4,5.0
2019-08-10,israel,2003.0,288.0,510.0,-1993.2,8.0,5.0,157.0,476.0,291.0,-1498.2,53.0
2019-08-10,korea,1682.0,267.0,350.0,-633.1,8.0,5.0,31.0,574.0,257.0,-579.5,59.0
2019-08-10,libya,416.0,49.0,92.0,-130.8,2.0,0.0,5.0,5.0,2.0,1.0,0.0
2019-08-10,scs,1336.0,149.0,192.0,705.1,8.0,5.0,70.0,91.0,19.0,71.6,4.0
2019-08-10,southasia,9293.0,1584.0,1090.0,5489.6,43.0,54.0,525.0,274.0,127.0,-199.7,16.0
2019-08-10,sudan,237.0,21.0,45.0,85.8,0.0,2.0,17.0,3.0,0.0,18.0,0.0
2019-08-10,taiwan,218.0,31.0,30.0,101.4,0.0,0.0,21.0,45.0,13.0,12.8,1.0
2019-08-10,ukraine,282.0,17.0,63.0,16.7,0.0,1.0,12.0,46.0,16.0,-46.8,4.0
2019-08-10,venezuela,248.0,65.0,43.0,-89.3,0.0,0.0,32.0,53.0,33.0,-96.3,0.0
2019-08-10,yemen,566.0,61.0,214.0,-1286.0,2.0,0.0,29.0,168.0,66.0,-183.7,4.0
2019-08-11,drc,11.0,2.0,3.0,-19.4,0.0,2.0,0.0,5.0,0.0,17.0,0.0
2019-08-11,europe_east,442.0,70.0,36.0,364.4,4.0,0.0,15.0,12.0,2.0,15.2,0.0
2019-08-11,iran,1001.0,138.0,167.0,319.8,8.0,12.0,88.0,204.0,91.0,-187.9,10.0
2019-08-11,israel,2556.0,429.0,647.0,-2739.1,8.0,5.0,217.0,503.0,277.0,-1180.7,53.0
2019-08-11,korea,1157.0,179.0,232.0,163.3,3.0,0.0,31.0,362.0,129.0,-92.9,43.0
2019-08-11,libya,498.0,78.0,132.0,-720.6,3.0,0.0,5.0,0.0,0.0,0.0,0.0
2019-08-11,scs,1119.0,103.0,151.0,736.0,1.0,1.0,57.0,96.0,18.0,179.6,3.0
2019-08-11,southasia,7921.0,1216.0,987.0,4678.0,33.0,66.0,452.0,196.0,55.0,158.4,3.0
2019-08-11,sudan,130.0,20.0,15.0,50.5,0.0,0.0,4.0,0.0,0.0,0.0,0.0
2019-08-11,taiwan,188.0,31.0,19.0,215.1,1.0,2.0,11.0,39.0,7.0,109.1,3.0
2019-08-11,ukraine,292.0,35.0,48.0,-20.7,0.0,0.0,12.0,118.0,29.0,-34.1,4.0
2019-08-11,venezuela,197.0,46.0,31.0,-42.1,1.0,0.0,15.0,37.0,23.0,-80.8,0.0
2019-08-11,yemen,730.0,88.0,203.0,-939.1,1.0,2.0,16.0,249.0,99.0,-271.0,12.0
2019-08-12,drc,11.0,1.0,2.0,-9.6,0.0,2.0,0.0,5.0,1.0,19.8,1.0
2019-08-12,europe_east,732.0,90.0,60.0,945.9,4.0,2.0,21.0,42.0,14.0,-21.9,0.0
2019-08-12,iran,1795.0,309.0,274.0,703.7,23.0,6.0,177.0,389.0,198.0,-524.1,38.0
2019-08-12,israel,2976.0,494.0,644.0,-1564.0,17.0,4.0,272.0,515.0,281.0,-1079.2,73.0
2019-08-12,korea,1167.0,207.0,143.0,907.6,5.0,3.0,31.0,218.0,87.0,-144.1,24.0
2019-08-12,libya,371.0,40.0,65.0,-57.6,1.0,0.0,6.0,1.0,1.0,-10.0,0.0
2019-08-12,scs,1710.0,204.0,183.0,1482.4,6.0,15.0,64.0,199.0,33.0,190.0,5.0
2019-08-12,southasia,9851.0,1430.0,1176.0,5167.8,54.0,86.0,452.0,148.0,61.0,-92.0,9.0
2019-08-12,sudan,270.0,29.0,26.0,360.1,0.0,0.0,9.0,15.0,0.0,24.5,0.0
2019-08-12,taiwan,279.0,40.0,24.0,317.3,1.0,0.0,15.0,68.0,16.0,94.0,9.0
2019-08-12,ukraine,614.0,67.0,75.0,840.1,0.0,0.0,41.0,126.0,42.0,-70.3,8.0
2019-08-12,venezuela,267.0,40.0,56.0,43.7,0.0,0.0,37.0,22.0,14.0,-38.6,0.0
2019-08-12,yemen,637.0,71.0,148.0,-447.0,4.0,3.0,14.0,265.0,80.0,-13.4,2.0
2019-08-13,drc,44.0,5.0,4.0,57.6,0.0,0.0,4.0,6.0,2.0,16.2,2.0
2019-08-13,europe_east,791.0,93.0,64.0,812.3,4.0,4.0,24.0,79.0,9.0,199.8,2.0
2019-08-13,iran,1900.0,320.0,239.0,1725.8,24.0,6.0,97.0,344.0,179.0,-392.4,27.0
2019-08-13,israel,2816.0,445.0,548.0,-1389.3,26.0,6.0,195.0,474.0,241.0,-1026.7,38.0
2019-08-13,korea,1123.0,187.0,143.0,732.9,4.0,5.0,31.0,204.0,84.0,-45.8,17.0
2019-08-13,libya,244.0,36.0,43.0,-87.0,0.0,1.0,7.0,2.0,2.0,-20.0,0.0
2019-08-13,scs,1998.0,296.0,285.0,1075.4,4.0,7.0,158.0,191.0,54.0,160.8,5.0
2019-08-13,southasia,10508.0,1675.0,1308.0,5483.3,34.0,89.0,535.0,167.0,71.0,-116.7,4.0
2019-08-13,sudan,420.0,55.0,30.0,619.4,1.0,3.0,18.0,9.0,2.0,-0.3,0.0
2019-08-13,taiwan,408.0,51.0,25.0,557.7,2.0,0.0,20.0,95.0,35.0,-66.2,21.0
2019-08-13,ukraine,713.0,135.0,70.0,403.9,2.0,0.0,42.0,167.0,75.0,-68.0,5.0
2019-08-13,venezuela,511.0,80.0,80.0,91.1,0.0,0.0,38.0,71.0,30.0,-37.4,0.0
2019-08-13,yemen,498.0,67.0,112.0,-466.4,4.0,3.0,12.0,152.0,74.0,-348.5,0.0
2019-08-14,drc,53.0,5.0,5.0,102.2,0.0,0.0,3.0,4.0,0.0,24.7,0.0
2019-08-14,europe_east,1041.0,82.0,103.0,1218.8,1.0,2.0,50.0,119.0,16.0,215.7,6.0
2019-08-14,iran,1707.0,273.0,308.0,389.7,12.0,9.0,165.0,215.0,109.0,-247.9,9.0
2019-08-14,israel,3006.0,490.0,533.0,-602.0,13.0,14.0,192.0,462.0,227.0,-837.2,36.0
2019-08-14,korea,999.0,145.0,65.0,1418.6,6.0,9.0,23.0,129.0,37.0,177.2,11.0
2019-08-14,libya,375.0,52.0,54.0,199.7,1.0,0.0,24.0,2.0,0.0,14.0,0.0
2019-08-14,scs,2141.0,300.0,247.0,1965.2,2.0,5.0,123.0,127.0,42.0,8.2,7.0
2019-08-14,southasia,12376.0,2020.0,1659.0,3906.5,54.0,87.0,575.0,172.0,83.0,-198.0,6.0
2019-08-14,sudan,398.0,78.0,43.0,170.2,1.0,2.0,19.0,13.0,8.0,-23.0,0.0
2019-08-14,taiwan,351.0,52.0,14.0,474.6,2.0,0.0,10.0,101.0,36.0,9.1,16.0
2019-08-14,ukraine,662.0,77.0,67.0,994.0,0.0,1.0,43.0,133.0,70.0,-175.6,17.0
2019-08-14,venezuela,484.0,136.0,92.0,-318.7,1.0,2.0,58.0,71.0,38.0,-123.3,2.0
2019-08-14,yemen,438.0,47.0,106.0,-257.3,2.0,1.0,25.0,121.0,52.0,-170.3,6.0
2019-08-15,drc,30.0,2.0,5.0,36.1,0.0,0.0,2.0,1.0,0.0,10.0,0.0
2019-08-15,europe_east,1107.0,95.0,73.0,1794.5,0.0,3.0,32.0,61.0,14.0,12.2,5.0
2019-08-15,iran,2385.0,403.0,372.0,1857.6,13.0,8.0,229.0,380.0,172.0,78.3,17.0
2019-08-15,israel,5838.0,817.0,1142.0,363.0,15.0,2.0,701.0,912.0,345.0,-242.6,96.0
2019-08-15,korea,990.0,167.0,89.0,940.6,2.0,1.0,25.0,130.0,29.0,133.7,1.0
2019-08-15,libya,263.0,43.0,70.0,-165.0,0.0,0.0,33.0,0.0,0.0,0.0,0.0
2019-08-15,scs,2102.0,267.0,253.0,1970.6,4.0,5.0,105.0,174.0,45.0,47.4,3.0
2019-08-15,southasia,10343.0,1516.0,1241.0,3820.4,57.0,69.0,382.0,152.0,56.0,-23.0,8.0
2019-08-15,sudan,524.0,91.0,59.0,394.7,2.0,0.0,24.0,10.0,7.0,-20.6,2.0
2019-08-15,taiwan,358.0,47.0,30.0,370.3,2.0,1.0,18.0,99.0,34.0,-43.5,11.0
2019-08-15,ukraine,697.0,83.0,80.0,581.2,0.0,0.0,31.0,205.0,61.0,106.0,9.0
2019-08-15,venezuela,382.0,67.0,68.0,49.4,0.0,0.0,41.0,72.0,41.0,-146.2,0.0
2019-08-15,yemen,480.0,72.0,106.0,-100.0,1.0,2.0,18.0,179.0,44.0,120.5,0.0
2019-08-16,drc,68.0,3.0,17.0,-52.4,0.0,0.0,0.0,5.0,0.0,10.0,0.0
2019-08-16,europe_east,1020.0,90.0,71.0,1836.7,2.0,1.0,37.0,52.0,10.0,80.0,2.0
2019-08-16,iran,2303.0,388.0,311.0,1974.6,7.0,6.0,196.0,500.0,243.0,-158.4,31.0
2019-08-16,israel,6110.0,1010.0,1204.0,-1195.0,28.0,11.0,692.0,1247.0,510.0,-853.1,118.0
2019-08-16,korea,1683.0,311.0,210.0,695.2,15.0,2.0,48.0,450.0,158.0,-24.8,27.0
2019-08-16,libya,383.0,75.0,108.0,-508.4,1.0,2.0,15.0,4.0,4.0,-38.0,0.0
2019-08-16,scs,1794.0,231.0,240.0,1561.8,7.0,4.0,117.0,122.0,38.0,122.4,7.0
2019-08-16,southasia,12251.0,1897.0,1519.0,5263.9,38.0,45.0,594.0,201.0,78.0,-54.3,11.0
2019-08-16,sudan,570.0,75.0,55.0,910.2,2.0,0.0,41.0,11.0,5.0,-25.0,2.0
2019-08-16,taiwan,481.0,74.0,34.0,871.6,1.0,4.0,20.0,135.0,46.0,19.2,16.0
2019-08-16,ukraine,858.0,93.0,119.0,675.0,5.0,1.0,61.0,151.0,61.0,-34.8,19.0
2019-08-16,venezuela,401.0,84.0,58.0,34.2,0.0,1.0,35.0,87.0,58.0,-282.6,8.0
2019-08-16,yemen,348.0,50.0,91.0,-385.8,2.0,1.0,15.0,162.0,66.0,-266.9,0.0
2019-08-17,drc,16.0,0.0,9.0,-74.4,0.0,0.0,0.0,5.0,0.0,26.6,0.0
2019-08-17,europe_east,801.0,61.0,30.0,1566.0,1.0,8.0,15.0,33.0,4.0,48.1,0.0
2019-08-17,iran,1643.0,351.0,227.0,748.7,8.0,15.0,116.0,360.0,198.0,-343.3,12.0
2019-08-17,israel,3602.0,603.0,804.0,-2253.9,31.0,20.0,402.0,784.0,350.0,-1140.6,57.0
2019-08-17,korea,827.0,132.0,106.0,630.9,5.0,2.0,17.0,240.0,93.0,-90.4,29.0
2019-08-17,libya,253.0,39.0,50.0,29.3,1.0,0.0,13.0,0.0,0.0,0.0,0.0
2019-08-17,scs,1257.0,144.0,220.0,15.1,4.0,0.0,85.0,72.0,12.0,108.8,4.0
2019-08-17,southasia,9521.0,1445.0,1240.0,3772.8,24.0,33.0,433.0,178.0,65.0,122.0,2.0
2019-08-17,sudan,875.0,86.0,74.0,1618.0,3.0,9.0,33.0,8.0,2.0,19.8,2.0
2019-08-17,taiwan,361.0,45.0,20.0,773.6,1.0,0.0,10.0,64.0,30.0,-1.4,4.0
2019-08-17,ukraine,287.0,35.0,80.0,-328.3,0.0,0.0,21.0,54.0,26.0,-140.0,1.0
2019-08-17,venezuela,205.0,45.0,37.0,-120.4,0.0,0.0,18.0,15.0,10.0,-57.4,0.0
2019-08-17,yemen,335.0,55.0,65.0,-24.3,0.0,0.0,9.0,224.0,91.0,-204.6,2.0
2019-08-18,drc,14.0,3.0,0.0,12.6,0.0,0.0,0.0,3.0,3.0,-15.0,3.0
2019-08-18,europe_east,621.0,43.0,40.0,952.4,1.0,0.0,14.0,13.0,7.0,-44.1,0.0
2019-08-18,iran,1799.0,335.0,210.0,1152.9,14.0,5.0,124.0,298.0,171.0,-306.3,4.0
2019-08-18,israel,3354.0,484.0,738.0,-1492.0,12.0,10.0,281.0,693.0,354.0,-1421.6,37.0
2019-08-18,korea,689.0,125.0,103.0,189.5,10.0,0.0,16.0,183.0,92.0,-223.5,23.0
2019-08-18,libya,166.0,34.0,31.0,-18.7,3.0,0.0,7.0,0.0,0.0,0.0,0.0
2019-08-18,scs,1098.0,133.0,121.0,857.3,5.0,0.0,42.0,95.0,23.0,39.2,4.0
2019-08-18,southasia,8121.0,1204.0,1170.0,1876.6,18.0,40.0,433.0,125.0,41.0,82.3,1.0
2019-08-18,sudan,698.0,80.0,48.0,1295.8,0.0,4.0,24.0,7.0,0.0,25.9,0.0
2019-08-18,taiwan,269.0,37.0,31.0,215.6,1.0,0.0,5.0,95.0,43.0,-89.9,7.0
2019-08-18,ukraine,471.0,35.0,65.0,536.6,2.0,0.0,33.0,51.0,15.0,-14.0,0.0
2019-08-18,venezuela,140.0,28.0,25.0,50.9,0.0,0.0,14.0,19.0,1.0,47.2,0.0
2019-08-18,yemen,261.0,51.0,64.0,-314.8,0.0,1.0,6.0,136.0,71.0,-408.7,0.0
2019-08-19,drc,36.0,4.0,5.0,-3.0,0.0,0.0,0.0,9.0,7.0,-27.0,3.0
2019-08-19,europe_east,1140.0,120.0,70.0,1515.9,1.0,0.0,17.0,49.0,10.0,77.6,0.0
2019-08-19,iran,2518.0,506.0,300.0,1075.2,10.0,6.0,158.0,392.0,207.0,-459.5,11.0
2019-08-19,israel,4481.0,673.0,797.0,-8.0,25.0,2.0,380.0,880.0,350.0,-766.1,78.0
2019-08-19,korea,1190.0,155.0,87.0,1821.2,10.0,6.0,29.0,192.0,46.0,246.0,7.0
2019-08-19,libya,272.0,35.0,48.0,144.1,0.0,2.0,14.0,0.0,0.0,0.0,0.0
2019-08-19,scs,2066.0,255.0,286.0,1125.1,2.0,1.0,138.0,176.0,57.0,-23.5,2.0
2019-08-19,southasia,11196.0,1750.0,1624.0,3448.3,7.0,60.0,638.0,169.0,66.0,-65.3,3.0
2019-08-19,sudan,1275.0,162.0,168.0,1316.4,0.0,5.0,114.0,9.0,3.0,2.2,0.0
2019-08-19,taiwan,454.0,60.0,21.0,870.6,0.0,1.0,9.0,147.0,58.0,67.2,1.0
2019-08-19,ukraine,1331.0,92.0,130.0,2105.5,1.0,0.0,43.0,272.0,74.0,159.9,14.0
2019-08-19,venezuela,397.0,50.0,45.0,391.2,0.0,0.0,32.0,92.0,27.0,32.8,0.0
2019-08-19,yemen,311.0,45.0,93.0,-526.8,0.0,0.0,7.0,121.0,53.0,-154.6,0.0
2019-08-20,drc,41.0,3.0,3.0,33.1,0.0,0.0,1.0,5.0,2.0,0.2,2.0
2019-08-20,europe_east,1378.0,131.0,81.0,2232.8,2.0,9.0,31.0,70.0,15.0,175.3,1.0
2019-08-20,iran,2140.0,377.0,283.0,1257.7,11.0,8.0,133.0,383.0,164.0,-112.4,6.0
2019-08-20,israel,4481.0,706.0,812.0,-129.7,19.0,1.0,396.0,724.0,314.0,-857.0,61.0
2019-08-20,korea,1113.0,105.0,98.0,2115.6,5.0,0.0,47.0,174.0,37.0,220.7,12.0
2019-08-20,libya,183.0,25.0,35.0,35.7,0.0,0.0,11.0,0.0,0.0,0.0,0.0
2019-08-20,scs,2370.0,352.0,316.0,939.9,26.0,9.0,125.0,283.0,91.0,-16.3,21.0
2019-08-20,southasia,12112.0,1884.0,1604.0,4878.3,29.0,41.0,786.0,162.0,51.0,73.5,4.0
2019-08-20,sudan,775.0,109.0,116.0,472.1,0.0,2.0,83.0,6.0,0.0,30.0,0.0
2019-08-20,taiwan,489.0,70.0,27.0,874.0,5.0,0.0,20.0,136.0,52.0,83.0,4.0
2019-08-20,ukraine,982.0,79.0,98.0,1472.8,1.0,0.0,55.0,187.0,56.0,-46.0,15.0
2019-08-20,venezuela,422.0,48.0,60.0,295.2,1.0,0.0,38.0,88.0,28.0,-15.0,3.0
2019-08-20,yemen,537.0,85.0,164.0,-1083.6,7.0,11.0,6.0,120.0,55.0,-203.0,0.0
2019-08-21,drc,50.0,5.0,2.0,113.0,0.0,0.0,0.0,11.0,11.0,-94.5,2.0
2019-08-21,europe_east,1586.0,133.0,143.0,2654.0,3.0,10.0,84.0,225.0,26.0,496.7,5.0
2019-08-21,iran,2617.0,434.0,419.0,1091.6,13.0,15.0,172.0,522.0,288.0,-611.4,22.0
2019-08-21,israel,4438.0,721.0,715.0,304.9,9.0,11.0,320.0,720.0,301.0,-579.5,63.0
2019-08-21,korea,1635.0,192.0,150.0,2435.4,7.0,16.0,63.0,290.0,62.0,326.8,8.0
2019-08-21,libya,185.0,19.0,37.0,62.2,1.0,0.0,13.0,0.0,0.0,0.0,0.0
2019-08-21,scs,2672.0,304.0,446.0,1392.1,10.0,6.0,175.0,233.0,92.0,-97.1,21.0
2019-08-21,southasia,11739.0,1741.0,1546.0,4717.0,31.0,56.0,655.0,71.0,44.0,-124.1,8.0
2019-08-21,sudan,754.0,101.0,125.0,269.8,0.0,2.0,61.0,5.0,0.0,16.5,0.0
2019-08-21,taiwan,652.0,96.0,87.0,464.4,7.0,2.0,13.0,111.0,31.0,83.5,8.0
2019-08-21,ukraine,1093.0,98.0,123.0,1175.5,0.0,2.0,49.0,231.0,80.0,-94.7,29.0
2019-08-21,venezuela,671.0,86.0,79.0,867.9,0.0,2.0,56.0,183.0,39.0,312.7,2.0
2019-08-21,yemen,792.0,113.0,230.0,-1288.5,0.0,10.0,23.0,259.0,118.0,-612.6,5.0
2019-08-22,drc,34.0,5.0,3.0,3.2,0.0,0.0,1.0,18.0,14.0,-93.7,9.0
2019-08-22,europe_east,1291.0,159.0,98.0,1761.1,1.0,5.0,40.0,176.0,22.0,427.0,4.0
2019-08-22,iran,2157.0,298.0,295.0,1583.8,12.0,4.0,128.0,484.0,220.0,-184.3,20.0
2019-08-22,israel,4077.0,694.0,720.0,-499.9,22.0,5.0,295.0,636.0,330.0,-1372.8,37.0
2019-08-22,korea,2059.0,366.0,182.0,2152.4,14.0,14.0,82.0,335.0,85.0,241.7,17.0
2019-08-22,libya,199.0,26.0,45.0,-67.1,0.0,0.0,8.0,0.0,0.0,0.0,0.0
2019-08-22,scs,2978.0,356.0,497.0,1811.0,2.0,3.0,242.0,253.0,84.0,35.4,30.0
2019-08-22,southasia,11461.0,1916.0,1575.0,4133.0,37.0,47.0,810.0,101.0,35.0,117.5,11.0
2019-08-22,sudan,703.0,113.0,66.0,655.3,0.0,0.0,31.0,10.0,0.0,34.6,0.0
2019-08-22,taiwan,456.0,81.0,30.0,581.1,2.0,1.0,21.0,105.0,28.0,113.1,3.0
2019-08-22,ukraine,1084.0,127.0,89.0,1322.3,1.0,0.0,39.0,267.0,98.0,5.2,42.0
2019-08-22,venezuela,455.0,75.0,35.0,700.0,8.0,0.0,21.0,110.0,34.0,105.8,9.0
2019-08-22,yemen,425.0,82.0,129.0,-856.2,1.0,2.0,18.0,147.0,102.0,-557.1,12.0
2019-08-23,drc,55.0,6.0,4.0,75.9,0.0,0.0,1.0,0.0,0.0,0.0,0.0
2019-08-23,europe_east,1401.0,138.0,74.0,2647.4,0.0,2.0,30.0,196.0,26.0,395.5,4.0
2019-08-23,iran,2140.0,362.0,277.0,1002.2,13.0,8.0,121.0,478.0,272.0,-768.2,17.0
2019-08-23,israel,3845.0,643.0,874.0,-3316.4,10.0,34.0,231.0,869.0,539.0,-2958.9,58.0
2019-08-23,korea,1884.0,336.0,143.0,2131.3,13.0,0.0,60.0,360.0,113.0,80.3,14.0
2019-08-23,libya,216.0,29.0,23.0,343.7,0.0,0.0,4.0,1.0,0.0,7.4,0.0
2019-08-23,scs,2350.0,319.0,312.0,1495.7,5.0,8.0,153.0,262.0,71.0,261.3,6.0
2019-08-23,southasia,10779.0,1668.0,1532.0,3875.1,40.0,55.0,730.0,119.0,50.0,-20.3,15.0
2019-08-23,sudan,592.0,76.0,64.0,437.6,3.0,0.0,22.0,6.0,2.0,21.0,0.0
2019-08-23,taiwan,412.0,42.0,21.0,757.3,4.0,1.0,9.0,119.0,28.0,158.6,7.0
2019-08-23,ukraine,1294.0,138.0,118.0,1801.8,1.0,2.0,65.0,372.0,133.0,-133.8,37.0
2019-08-23,venezuela,316.0,48.0,36.0,341.9,0.0,0.0,26.0,52.0,18.0,53.0,1.0
2019-08-23,yemen,354.0,41.0,110.0,-556.0,2.0,1.0,14.0,150.0,67.0,-178.6,4.0
2019-08-24,drc,18.0,0.0,1.0,64.0,0.0,1.0,0.0,0.0,0.0,0.0,0.0
2019-08-24,europe_east,538.0,68.0,42.0,631.2,0.0,5.0,11.0,51.0,9.0,60.8,0.0
2019-08-24,iran,1783.0,296.0,314.0,36.8,15.0,9.0,110.0,430.0,238.0,-768.7,22.0
2019-08-24,israel,2272.0,399.0,563.0,-2489.9,20.0,18.0,162.0,637.0,401.0,-2154.2,58.0
2019-08-24,korea,1592.0,211.0,259.0,483.6,3.0,2.0,36.0,519.0,194.0,-543.0,27.0
2019-08-24,libya,98.0,14.0,28.0,-112.9,0.0,0.0,4.0,1.0,0.0,7.4,0.0
2019-08-24,scs,1523.0,147.0,200.0,1147.4,0.0,6.0,89.0,104.0,21.0,230.6,8.0
2019-08-24,southasia,8565.0,1170.0,1086.0,5286.0,18.0,25.0,541.0,76.0,37.0,-148.9,7.0
2019-08-24,sudan,376.0,55.0,49.0,207.5,0.0,0.0,29.0,0.0,0.0,0.0,0.0
2019-08-24,taiwan,238.0,37.0,28.0,261.2,5.0,0.0,19.0,70.0,17.0,89.0,8.0
2019-08-24,ukraine,551.0,58.0,75.0,232.8,0.0,0.0,33.0,125.0,41.0,-81.5,12.0
2019-08-24,venezuela,159.0,26.0,14.0,169.9,0.0,0.0,3.0,24.0,5.0,86.8,0.0
2019-08-24,yemen,323.0,48.0,103.0,-644.3,3.0,0.0,6.0,77.0,40.0,-190.3,0.0
2019-08-25,drc,6.0,0.0,2.0,1.3,0.0,0.0,1.0,5.0,3.0,-13.7,0.0
2019-08-25,europe_east,545.0,37.0,60.0,643.5,0.0,4.0,8.0,64.0,20.0,-49.7,0.0
2019-08-25,iran,2918.0,467.0,452.0,966.3,22.0,12.0,102.0,891.0,453.0,-1801.4,25.0
2019-08-25,israel,3998.0,791.0,1010.0,-6144.8,45.0,19.0,208.0,1509.0,881.0,-4730.1,78.0
2019-08-25,korea,1256.0,233.0,189.0,80.1,1.0,0.0,35.0,322.0,125.0,-195.4,12.0
2019-08-25,libya,117.0,15.0,35.0,-160.3,0.0,0.0,12.0,3.0,3.0,-18.0,0.0
2019-08-25,scs,1273.0,113.0,184.0,1007.0,0.0,3.0,83.0,79.0,17.0,29.1,7.0
2019-08-25,southasia,6731.0,929.0,859.0,3754.5,20.0,24.0,434.0,62.0,13.0,36.4,2.0
2019-08-25,sudan,283.0,50.0,58.0,-194.0,1.0,0.0,9.0,4.0,2.0,-5.3,2.0
2019-08-25,taiwan,196.0,28.0,23.0,296.6,0.0,1.0,15.0,34.0,16.0,9.8,2.0
2019-08-25,ukraine,264.0,22.0,43.0,151.2,0.0,5.0,7.0,64.0,40.0,-212.1,10.0
2019-08-25,venezuela,203.0,33.0,29.0,143.4,0.0,0.0,16.0,38.0,14.0,17.7,4.0
2019-08-25,yemen,262.0,37.0,118.0,-960.3,3.0,0.0,2.0,63.0,44.0,-354.6,3.0
2019-08-26,drc,75.0,6.0,4.0,108.9,0.0,0.0,3.0,5.0,0.0,37.0,0.0
2019-08-26,europe_east,885.0,70.0,83.0,1316.6,0.0,1.0,44.0,66.0,16.0,22.4,3.0
2019-08-26,iran,4123.0,570.0,493.0,3624.7,27.0,14.0,175.0,1193.0,460.0,-408.9,47.0
2019-08-26,israel,5687.0,1136.0,1482.0,-9080.3,100.0,30.0,279.0,1831.0,1124.0,-6377.2,136.0
2019-08-26,korea,1508.0,224.0,163.0,1682.6,1.0,3.0,43.0,265.0,80.0,82.2,12.0
2019-08-26,libya,204.0,18.0,30.0,101.4,0.0,0.0,3.0,1.0,0.0,7.4,0.0
2019-08-26,scs,1992.0,219.0,239.0,1932.6,9.0,0.0,114.0,94.0,44.0,-23.5,15.0
2019-08-26,southasia,10440.0,1473.0,1228.0,7662.0,44.0,32.0,617.0,142.0,61.0,-100.6,6.0
2019-08-26,sudan,626.0,101.0,99.0,48.2,0.0,0.0,27.0,2.0,1.0,-4.0,0.0
2019-08-26,taiwan,274.0,26.0,17.0,609.5,1.0,0.0,9.0,37.0,13.0,53.3,3.0
2019-08-26,ukraine,586.0,54.0,59.0,790.5,5.0,0.0,23.0,125.0,31.0,120.1,10.0
2019-08-26,venezuela,193.0,23.0,27.0,172.0,1.0,1.0,7.0,34.0,6.0,66.0,0.0
2019-08-26,yemen,408.0,68.0,120.0,-601.7,5.0,1.0,3.0,196.0,88.0,-361.6,1.0
2019-08-27,drc,55.0,7.0,4.0,82.8,0.0,0.0,1.0,22.0,0.0,96.0,0.0
2019-08-27,europe_east,1160.0,105.0,95.0,2092.3,3.0,1.0,46.0,62.0,12.0,50.3,0.0
2019-08-27,iran,4184.0,662.0,616.0,2213.3,33.0,5.0,309.0,1150.0,477.0,-590.4,52.0
2019-08-27,israel,5463.0,1119.0,1302.0,-7320.4,93.0,23.0,321.0,1698.0,1031.0,-5455.4,157.0
2019-08-27,korea,1448.0,211.0,152.0,1836.3,1.0,2.0,43.0,227.0,78.0,-22.0,7.0
2019-08-27,libya,331.0,34.0,55.0,280.7,3.0,2.0,16.0,5.0,1.0,-2.2,0.0
2019-08-27,scs,2708.0,300.0,337.0,2781.5,9.0,5.0,186.0,211.0,69.0,250.7,12.0
2019-08-27,southasia,10477.0,1486.0,1312.0,6720.3,32.0,22.0,619.0,156.0,57.0,-11.9,25.0
2019-08-27,sudan,857.0,108.0,130.0,635.6,0.0,9.0,24.0,11.0,1.0,4.0,1.0
2019-08-27,taiwan,257.0,30.0,35.0,259.8,0.0,0.0,16.0,45.0,26.0,-65.8,12.0
2019-08-27,ukraine,1103.0,81.0,94.0,2008.9,3.0,0.0,45.0,229.0,59.0,287.7,19.0
2019-08-27,venezuela,224.0,39.0,29.0,84.7,2.0,0.0,17.0,42.0,15.0,24.0,1.0
2019-08-27,yemen,404.0,58.0,109.0,-469.4,2.0,2.0,4.0,125.0,71.0,-393.1,0.0
2019-08-28,drc,40.0,2.0,3.0,66.2,0.0,0.0,1.0,6.0,0.0,30.0,0.0
2019-08-28,europe_east,1177.0,101.0,79.0,1969.5,3.0,2.0,38.0,52.0,14.0,11.2,0.0
2019-08-28,iran,2751.0,429.0,406.0,1397.6,33.0,7.0,175.0,768.0,278.0,44.6,23.0
2019-08-28,israel,4567.0,835.0,1071.0,-4876.2,51.0,12.0,270.0,1262.0,793.0,-4380.6,96.0
2019-08-28,korea,1370.0,259.0,119.0,1131.0,6.0,0.0,66.0,269.0,83.0,80.6,7.0
2019-08-28,libya,259.0,24.0,38.0,388.8,0.0,0.0,12.0,2.0,0.0,6.8,0.0
2019-08-28,scs,3014.0,318.0,389.0,3379.7,6.0,8.0,180.0,368.0,63.0,777.2,5.0
2019-08-28,southasia,11393.0,1843.0,1442.0,4620.8,54.0,44.0,748.0,218.0,94.0,-66.5,24.0
2019-08-28,sudan,567.0,81.0,104.0,-69.2,0.0,6.0,32.0,3.0,3.0,-27.2,1.0
2019-08-28,taiwan,339.0,47.0,26.0,460.7,5.0,0.0,14.0,57.0,26.0,-34.8,6.0
2019-08-28,ukraine,1425.0,130.0,175.0,2020.1,2.0,0.0,105.0,391.0,137.0,191.3,41.0
2019-08-28,venezuela,396.0,53.0,29.0,668.1,3.0,0.0,24.0,64.0,23.0,57.5,5.0
2019-08-28,yemen,459.0,44.0,119.0,-209.1,0.0,2.0,12.0,115.0,29.0,61.9,0.0
2019-08-29,drc,21.0,1.0,2.0,41.8,0.0,0.0,2.0,20.0,6.0,-23.5,0.0
2019-08-29,europe_east,1484.0,133.0,141.0,1949.3,3.0,5.0,81.0,73.0,8.0,122.8,2.0
2019-08-29,iran,2574.0,431.0,450.0,242.5,27.0,18.0,168.0,642.0,319.0,-1055.5,39.0
2019-08-29,israel,4657.0,838.0,880.0,-1910.2,64.0,15.0,234.0,1093.0,634.0,-2908.0,76.0
2019-08-29,korea,1425.0,221.0,178.0,1153.0,1.0,1.0,86.0,174.0,66.0,-47.5,13.0
2019-08-29,libya,295.0,33.0,22.0,495.9,2.0,0.0,7.0,2.0,0.0,4.7,0.0
2019-08-29,scs,2504.0,321.0,330.0,1782.4,7.0,4.0,166.0,559.0,119.0,913.6,30.0
2019-08-29,southasia,10775.0,1814.0,1519.0,2479.0,53.0,45.0,686.0,204.0,116.0,-337.4,21.0
2019-08-29,sudan,329.0,53.0,57.0,12.8,0.0,0.0,11.0,4.0,4.0,-40.0,0.0
2019-08-29,taiwan,332.0,38.0,36.0,475.6,3.0,3.0,20.0,54.0,28.0,-100.8,8.0
2019-08-29,ukraine,1854.0,198.0,187.0,2527.3,32.0,0.0,113.0,400.0,124.0,437.9,50.0
2019-08-29,venezuela,497.0,56.0,54.0,612.8,6.0,0.0,38.0,69.0,19.0,107.5,0.0
2019-08-29,yemen,720.0,101.0,237.0,-1380.5,1.0,2.0,19.0,180.0,84.0,-185.6,3.0
2019-08-30,drc,42.0,1.0,12.0,-22.6,0.0,0.0,6.0,66.0,21.0,-34.9,8.0
2019-08-30,europe_east,1977.0,170.0,164.0,3612.8,7.0,10.0,89.0,76.0,22.0,131.4,9.0
2019-08-30,iran,2480.0,384.0,363.0,1464.0,26.0,24.0,134.0,682.0,336.0,-727.9,28.0
2019-08-30,israel,3465.0,630.0,705.0,-2153.3,36.0,25.0,248.0,922.0,523.0,-2274.4,71.0
2019-08-30,korea,1380.0,168.0,137.0,1781.5,1.0,5.0,64.0,159.0,48.0,82.5,7.0
2019-08-30,libya,186.0,37.0,27.0,79.7,1.0,0.0,10.0,0.0,0.0,0.0,0.0
2019-08-30,scs,2174.0,217.0,315.0,1856.8,1.0,9.0,152.0,527.0,108.0,673.8,14.0
2019-08-30,southasia,11259.0,1942.0,1453.0,4117.8,84.0,33.0,665.0,152.0,62.0,13.8,10.0
2019-08-30,sudan,374.0,43.0,55.0,162.1,0.0,0.0,21.0,3.0,0.0,13.4,0.0
2019-08-30,taiwan,369.0,30.0,31.0,596.7,0.0,0.0,18.0,87.0,43.0,-95.7,8.0
2019-08-30,ukraine,1627.0,158.0,171.0,2368.6,10.0,2.0,86.0,507.0,163.0,337.8,58.0
2019-08-30,venezuela,359.0,70.0,47.0,214.6,7.0,1.0,33.0,41.0,17.0,31.9,0.0
2019-08-30,yemen,714.0,102.0,239.0,-1406.0,4.0,3.0,20.0,140.0,55.0,-119.6,8.0
2019-08-31,drc,38.0,3.0,1.0,78.8,0.0,0.0,0.0,21.0,7.0,-34.5,0.0
2019-08-31,europe_east,1065.0,99.0,90.0,1764.8,1.0,3.0,47.0,97.0,32.0,49.9,0.0
2019-08-31,iran,2268.0,322.0,329.0,1618.6,14.0,17.0,185.0,687.0,311.0,-340.5,17.0
2019-08-31,israel,2226.0,388.0,509.0,-1857.3,31.0,17.0,166.0,587.0,336.0,-1471.8,67.0
2019-08-31,korea,966.0,145.0,94.0,1360.0,0.0,7.0,34.0,197.0,63.0,126.0,8.0
2019-08-31,libya,131.0,20.0,23.0,59.1,0.0,2.0,3.0,0.0,0.0,0.0,0.0
2019-08-31,scs,1603.0,166.0,215.0,1259.7,5.0,0.0,83.0,240.0,51.0,398.4,5.0
2019-08-31,southasia,9079.0,1487.0,1241.0,2366.3,62.0,38.0,521.0,117.0,43.0,-10.2,7.0
2019-08-31,sudan,316.0,34.0,59.0,245.7,0.0,0.0,46.0,2.0,1.0,-0.6,0.0
2019-08-31,taiwan,206.0,15.0,23.0,272.1,0.0,0.0,12.0,41.0,10.0,30.6,0.0
2019-08-31,ukraine,717.0,81.0,59.0,1103.8,1.0,0.0,39.0,125.0,48.0,-46.0,15.0
2019-08-31,venezuela,277.0,52.0,39.0,35.4,4.0,0.0,22.0,30.0,9.0,53.3,1.0
2019-08-31,yemen,289.0,41.0,144.0,-1099.9,0.0,3.0,30.0,58.0,29.0,-25.4,10.0
2019-09-01,drc,41.0,3.0,0.0,91.2,0.0,0.0,0.0,12.0,1.0,19.2,0.0
2019-09-01,europe_east,1753.0,157.0,303.0,705.9,3.0,5.0,81.0,156.0,36.0,93.3,0.0
2019-09-01,iran,1637.0,252.0,269.0,592.9,21.0,0.0,112.0,421.0,222.0,-381.0,11.0
2019-09-01,israel,3978.0,711.0,1110.0,-6798.7,70.0,26.0,260.0,1107.0,716.0,-4046.7,95.0
2019-09-01,korea,840.0,158.0,64.0,982.4,6.0,2.0,30.0,112.0,42.0,56.5,3.0
2019-09-01,libya,213.0,30.0,39.0,-42.6,0.0,0.0,13.0,0.0,0.0,0.0,0.0
2019-09-01,scs,1165.0,96.0,138.0,1411.5,0.0,1.0,68.0,131.0,18.0,224.9,1.0
2019-09-01,southasia,7600.0,1251.0,1045.0,1145.4,31.0,24.0,470.0,108.0,45.0,-122.7,7.0
2019-09-01,sudan,313.0,36.0,42.0,433.8,0.0,0.0,35.0,0.0,0.0,0.0,0.0
2019-09-01,taiwan,152.0,9.0,14.0,251.6,0.0,0.0,6.0,10.0,3.0,28.2,0.0
2019-09-01,ukraine,436.0,40.0,29.0,758.3,2.0,0.0,16.0,76.0,25.0,58.5,9.0
2019-09-01,venezuela,164.0,27.0,22.0,130.7,5.0,0.0,11.0,28.0,7.0,41.2,0.0
2019-09-01,yemen,505.0,65.0,165.0,-1028.6,3.0,2.0,26.0,97.0,50.0,-313.8,2.0
2019-09-02,drc,60.0,5.0,3.0,129.3,0.0,0.0,1.0,2.0,2.0,-19.0,0.0
2019-09-02,europe_east,1831.0,147.0,224.0,2420.9,1.0,11.0,98.0,182.0,48.0,201.8,0.0
2019-09-02,iran,2312.0,326.0,321.0,1875.3,19.0,10.0,131.0,536.0,251.0,-497.2,23.0
2019-09-02,israel,4245.0,749.0,1173.0,-6648.5,62.0,15.0,292.0,1144.0,704.0,-3739.9,109.0
2019-09-02,korea,959.0,109.0,54.0,2001.2,0.0,4.0,27.0,125.0,29.0,273.2,4.0
2019-09-02,libya,185.0,16.0,33.0,80.0,0.0,0.0,5.0,1.0,0.0,7.0,0.0
2019-09-02,scs,2332.0,340.0,357.0,1336.3,2.0,0.0,136.0,195.0,39.0,299.8,7.0
2019-09-02,southasia,10233.0,1557.0,1531.0,2784.0,55.0,35.0,712.0,178.0,70.0,-70.3,17.0
2019-09-02,sudan,361.0,42.0,56.0,417.5,1.0,1.0,35.0,0.0,0.0,0.0,0.0
2019-09-02,taiwan,309.0,25.0,18.0,579.1,0.0,0.0,12.0,65.0,16.0,124.4,0.0
2019-09-02,ukraine,995.0,70.0,98.0,1467.0,0.0,0.0,38.0,166.0,43.0,87.8,8.0
2019-09-02,venezuela,188.0,22.0,5.0,597.5,0.0,0.0,0.0,20.0,9.0,-40.1,0.0
2019-09-02,yemen,529.0,42.0,182.0,-1035.2,0.0,3.0,29.0,122.0,45.0,-172.5,3.0
2019-09-03,drc,48.0,4.0,8.0,34.5,0.0,0.0,4.0,2.0,0.0,4.7,0.0
2019-09-03,europe_east,1637.0,157.0,209.0,1905.1,2.0,14.0,82.0,161.0,51.0,48.7,7.0
2019-09-03,iran,2514.0,327.0,343.0,2392.3,16.0,22.0,151.0,683.0,274.0,-214.5,19.0
2019-09-03,israel,3675.0,608.0,798.0,-2711.1,52.0,8.0,274.0,720.0,430.0,-2134.8,73.0
2019-09-03,korea,1159.0,118.0,98.0,1965.9,1.0,0.0,60.0,137.0,36.0,133.9,8.0
2019-09-03,libya,144.0,14.0,25.0,64.4,1.0,0.0,5.0,0.0,0.0,0.0,0.0
2019-09-03,scs,2080.0,283.0,339.0,926.3,5.0,4.0,169.0,89.0,27.0,113.0,10.0
2019-09-03,southasia,10762.0,1652.0,1378.0,5361.7,46.0,19.0,671.0,133.0,44.0,99.2,7.0
2019-09-03,sudan,715.0,69.0,76.0,1300.3,0.0,0.0,43.0,2.0,2.0,-8.0,0.0
2019-09-03,taiwan,434.0,50.0,19.0,758.6,0.0,0.0,16.0,85.0,29.0,89.3,4.0
2019-09-03,ukraine,956.0,80.0,139.0,831.0,0.0,4.0,55.0,127.0,53.0,-146.5,15.0
2019-09-03,venezuela,331.0,66.0,41.0,194.0,0.0,0.0,22.0,35.0,12.0,26.5,0.0
2019-09-03,yemen,602.0,78.0,115.0,-173.3,0.0,0.0,16.0,161.0,50.0,13.3,3.0
2019-09-04,drc,59.0,5.0,7.0,73.2,0.0,0.0,3.0,12.0,11.0,-99.6,0.0
2019-09-04,europe_east,1136.0,100.0,125.0,1672.7,2.0,5.0,56.0,101.0,28.0,60.4,10.0
2019-09-04,iran,3663.0,504.0,513.0,3993.6,12.0,20.0,271.0,750.0,323.0,-710.6,25.0
2019-09-04,israel,3810.0,657.0,635.0,-754.2,50.0,15.0,185.0,713.0,360.0,-1507.6,35.0
2019-09-04,korea,1132.0,117.0,101.0,1796.9,0.0,6.0,57.0,117.0,35.0,165.1,3.0
2019-09-04,libya,243.0,52.0,32.0,61.4,3.0,1.0,10.0,1.0,0.0,0.0,0.0
2019-09-04,scs,2833.0,354.0,369.0,2764.4,3.0,7.0,178.0,186.0,61.0,101.6,11.0
2019-09-04,southasia,11478.0,1807.0,1467.0,6094.7,48.0,16.0,705.0,168.0,53.0,60.6,10.0
2019-09-04,sudan,516.0,73.0,44.0,655.2,0.0,0.0,21.0,3.0,0.0,7.0,0.0
2019-09-04,taiwan,400.0,58.0,17.0,644.3,1.0,0.0,15.0,98.0,30.0,84.9,5.0
2019-09-04,ukraine,1167.0,112.0,173.0,1201.4,0.0,0.0,120.0,190.0,56.0,152.8,22.0
2019-09-04,venezuela,442.0,62.0,64.0,388.1,7.0,3.0,28.0,62.0,24.0,75.1,0.0
2019-09-04,yemen,563.0,90.0,100.0,-44.2,2.0,1.0,15.0,171.0,57.0,-3.4,3.0
2019-09-05,drc,71.0,17.0,17.0,-85.6,0.0,1.0,14.0,16.0,9.0,-25.0,0.0
2019-09-05,europe_east,1332.0,131.0,173.0,1152.2,0.0,5.0,64.0,46.0,14.0,44.5,4.0
2019-09-05,iran,2884.0,388.0,404.0,2753.7,25.0,8.0,273.0,827.0,328.0,8.0,32.0
2019-09-05,israel,4622.0,690.0,604.0,2112.6,44.0,12.0,183.0,1047.0,406.0,-499.8,37.0
2019-09-05,korea,1229.0,118.0,119.0,1856.2,0.0,2.0,52.0,148.0,50.0,-5.6,7.0
2019-09-05,libya,202.0,37.0,27.0,53.4,3.0,0.0,9.0,2.0,0.0,0.0,0.0
2019-09-05,scs,2779.0,351.0,372.0,2648.7,1.0,2.0,218.0,180.0,64.0,59.9,13.0
2019-09-05,southasia,10168.0,1466.0,1308.0,5693.8,48.0,38.0,635.0,94.0,23.0,26.7,7.0
2019-09-05,sudan,446.0,53.0,29.0,1043.1,0.0,0.0,9.0,2.0,0.0,8.0,0.0
2019-09-05,taiwan,398.0,26.0,31.0,758.9,2.0,0.0,17.0,83.0,26.0,-59.4,4.0
2019-09-05,ukraine,1363.0,144.0,192.0,1638.2,4.0,1.0,111.0,384.0,148.0,106.7,42.0
2019-09-05,venezuela,255.0,35.0,43.0,181.4,1.0,6.0,12.0,57.0,8.0,179.0,0.0
2019-09-05,yemen,328.0,42.0,48.0,194.5,2.0,0.0,11.0,170.0,57.0,-62.6,7.0
2019-09-06,drc,52.0,7.0,6.0,12.6,0.0,0.0,4.0,5.0,2.0,11.0,0.0
2019-09-06,europe_east,1022.0,117.0,112.0,698.0,2.0,1.0,21.0,43.0,21.0,-90.5,3.0
2019-09-06,iran,2275.0,339.0,284.0,1969.7,13.0,5.0,137.0,572.0,223.0,62.0,21.0
2019-09-06,israel,3343.0,506.0,554.0,-310.0,36.0,4.0,152.0,674.0,303.0,-1086.7,37.0
2019-09-06,korea,1107.0,148.0,94.0,1666.7,2.0,0.0,58.0,124.0,20.0,323.4,3.0
2019-09-06,libya,154.0,20.0,34.0,-77.7,0.0,0.0,7.0,0.0,0.0,0.0,0.0
2019-09-06,scs,2210.0,255.0,316.0,1850.3,5.0,1.0,172.0,115.0,43.0,136.7,4.0
2019-09-06,southasia,9680.0,1492.0,1211.0,5348.5,43.0,29.0,509.0,49.0,17.0,52.4,1.0
2019-09-06,sudan,666.0,85.0,60.0,824.1,0.0,0.0,17.0,2.0,0.0,8.0,0.0
2019-09-06,taiwan,445.0,64.0,42.0,475.7,0.0,0.0,22.0,101.0,34.0,-37.1,8.0
2019-09-06,ukraine,1165.0,142.0,142.0,1649.0,6.0,0.0,82.0,298.0,124.0,-69.3,30.0
2019-09-06,venezuela,297.0,49.0,41.0,196.7,3.0,10.0,14.0,60.0,16.0,40.9,2.0
2019-09-06,yemen,421.0,64.0,89.0,-193.7,3.0,0.0,16.0,166.0,63.0,-83.4,4.0
2019-09-07,drc,17.0,0.0,6.0,-24.6,0.0,0.0,5.0,3.0,3.0,-28.5,0.0
2019-09-07,europe_east,458.0,47.0,81.0,123.2,1.0,1.0,30.0,20.0,1.0,78.5,0.0
2019-09-07,iran,1869.0,266.0,227.0,1655.6,4.0,4.0,127.0,356.0,126.0,217.6,4.0
2019-09-07,israel,1962.0,311.0,479.0,-2404.0,16.0,7.0,123.0,461.0,245.0,-1338.1,19.0
2019-09-07,korea,632.0,69.0,79.0,709.1,2.0,4.0,32.0,95.0,17.0,177.9,5.0
2019-09-07,libya,69.0,21.0,17.0,-98.0,0.0,0.0,6.0,0.0,0.0,0.0,0.0
2019-09-07,scs,1771.0,190.0,272.0,1673.2,1.0,2.0,117.0,75.0,36.0,-43.2,6.0
2019-09-07,southasia,7751.0,1177.0,1041.0,2984.7,22.0,17.0,467.0,113.0,59.0,-149.2,22.0
2019-09-07,sudan,342.0,29.0,24.0,591.1,0.0,0.0,11.0,8.0,0.0,17.0,0.0
2019-09-07,taiwan,266.0,45.0,13.0,436.9,0.0,0.0,7.0,44.0,11.0,73.1,0.0
2019-09-07,ukraine,1629.0,142.0,244.0,2521.3,8.0,1.0,164.0,959.0,296.0,1156.0,121.0
2019-09-07,venezuela,284.0,80.0,43.0,8.1,2.0,8.0,21.0,78.0,31.0,-22.1,2.0
2019-09-07,yemen,318.0,66.0,61.0,-267.7,6.0,1.0,3.0,127.0,57.0,-180.6,3.0
2019-09-08,drc,16.0,0.0,1.0,37.2,0.0,0.0,1.0,4.0,0.0,9.4,0.0
2019-09-08,europe_east,547.0,53.0,90.0,149.8,0.0,1.0,22.0,35.0,11.0,-16.0,0.0
2019-09-08,iran,1910.0,262.0,202.0,2032.3,11.0,5.0,106.0,394.0,118.0,286.9,3.0
2019-09-08,israel,2517.0,387.0,536.0,-1763.0,10.0,13.0,106.0,519.0,304.0,-1577.1,41.0
2019-09-08,korea,531.0,66.0,68.0,445.5,6.0,2.0,12.0,82.0,31.0,84.6,10.0
2019-09-08,libya,122.0,18.0,24.0,-8.0,1.0,0.0,2.0,1.0,1.0,-4.4,0.0
2019-09-08,scs,1663.0,198.0,248.0,1208.4,1.0,3.0,112.0,23.0,5.0,42.3,0.0
2019-09-08,southasia,7095.0,987.0,974.0,2406.7,21.0,29.0,387.0,107.0,31.0,49.4,9.0
2019-09-08,sudan,396.0,51.0,44.0,419.8,0.0,0.0,15.0,10.0,0.0,16.0,0.0
2019-09-08,taiwan,177.0,25.0,13.0,282.1,1.0,0.0,6.0,53.0,11.0,51.6,0.0
2019-09-08,ukraine,888.0,74.0,129.0,1233.7,3.0,1.0,77.0,527.0,142.0,1019.4,76.0
2019-09-08,venezuela,165.0,40.0,16.0,64.3,0.0,1.0,11.0,25.0,5.0,20.9,2.0
2019-09-08,yemen,231.0,35.0,48.0,-20.5,0.0,4.0,8.0,99.0,45.0,-119.1,0.0
2019-09-09,drc,27.0,1.0,2.0,68.8,0.0,0.0,2.0,6.0,0.0,48.6,0.0
2019-09-09,europe_east,1090.0,119.0,73.0,1733.4,0.0,2.0,30.0,61.0,23.0,-55.6,5.0
2019-09-09,iran,2726.0,422.0,415.0,729.2,8.0,14.0,181.0,608.0,336.0,-1097.6,20.0
2019-09-09,israel,4076.0,693.0,934.0,-3312.9,36.0,11.0,234.0,1110.0,660.0,-3252.4,90.0
2019-09-09,korea,1503.0,189.0,99.0,2542.8,7.0,4.0,35.0,303.0,65.0,481.2,18.0
2019-09-09,libya,230.0,22.0,31.0,198.2,0.0,0.0,5.0,0.0,0.0,0.0,0.0
2019-09-09,scs,2497.0,268.0,406.0,1237.8,6.0,7.0,154.0,82.0,38.0,-127.7,8.0
2019-09-09,southasia,8997.0,1275.0,1257.0,4520.6,44.0,68.0,585.0,102.0,38.0,17.1,7.0
2019-09-09,sudan,1015.0,104.0,96.0,1728.6,0.0,2.0,40.0,30.0,2.0,55.5,0.0
2019-09-09,taiwan,391.0,45.0,21.0,643.0,3.0,0.0,12.0,64.0,29.0,-88.5,1.0
2019-09-09,ukraine,1347.0,144.0,167.0,1767.7,4.0,0.0,99.0,444.0,132.0,627.8,60.0
2019-09-09,venezuela,306.0,47.0,27.0,341.9,3.0,0.0,9.0,42.0,6.0,74.3,1.0
2019-09-09,yemen,257.0,34.0,55.0,-54.8,0.0,3.0,12.0,88.0,33.0,1.3,3.0
2019-09-10,drc,20.0,2.0,7.0,-8.8,0.0,0.0,3.0,2.0,0.0,6.8,0.0
2019-09-10,europe_east,1114.0,120.0,108.0,1428.4,0.0,0.0,58.0,59.0,9.0,124.5,0.0
2019-09-10,iran,3139.0,576.0,490.0,351.4,25.0,5.0,230.0,718.0,311.0,-403.1,23.0
2019-09-10,israel,4533.0,800.0,887.0,-2665.0,40.0,6.0,211.0,1155.0,618.0,-2406.0,76.0
2019-09-10,korea,2011.0,237.0,201.0,2784.0,9.0,0.0,51.0,424.0,117.0,167.2,9.0
2019-09-10,libya,301.0,30.0,56.0,432.8,1.0,0.0,17.0,0.0,0.0,0.0,0.0
2019-09-10,scs,2653.0,295.0,393.0,1867.2,8.0,10.0,193.0,59.0,22.0,-53.1,5.0
2019-09-10,southasia,10555.0,1569.0,1507.0,2876.4,25.0,62.0,719.0,216.0,56.0,235.5,5.0
2019-09-10,sudan,805.0,83.0,91.0,1088.3,10.0,0.0,44.0,27.0,2.0,103.2,2.0
2019-09-10,taiwan,403.0,29.0,21.0,712.0,0.0,0.0,8.0,60.0,25.0,-75.6,4.0
2019-09-10,ukraine,1250.0,109.0,140.0,1793.4,9.0,1.0,80.0,399.0,112.0,449.0,56.0
2019-09-10,venezuela,651.0,134.0,90.0,255.7,8.0,3.0,24.0,86.0,25.0,30.6,2.0
2019-09-10,yemen,222.0,37.0,61.0,-297.4,0.0,0.0,15.0,75.0,29.0,-56.3,4.0
2019-09-11,drc,14.0,0.0,1.0,46.4,0.0,0.0,0.0,3.0,0.0,13.8,0.0
2019-09-11,europe_east,1062.0,172.0,128.0,690.7,8.0,1.0,63.0,85.0,33.0,-113.3,19.0
2019-09-11,iran,3733.0,540.0,578.0,2224.3,21.0,4.0,349.0,971.0,271.0,1002.3,17.0
2019-09-11,israel,5831.0,1137.0,912.0,-861.8,47.0,9.0,248.0,1301.0,673.0,-2258.4,55.0
2019-09-11,korea,1799.0,218.0,189.0,1934.6,4.0,2.0,55.0,324.0,78.0,409.2,10.0
2019-09-11,libya,424.0,44.0,83.0,154.8,2.0,2.0,27.0,5.0,3.0,-5.0,0.0
2019-09-11,scs,2641.0,286.0,391.0,1411.4,5.0,6.0,153.0,203.0,51.0,145.9,21.0
2019-09-11,southasia,9306.0,1438.0,1489.0,736.7,53.0,50.0,548.0,121.0,41.0,16.6,7.0
2019-09-11,sudan,696.0,49.0,37.0,1530.2,0.0,0.0,21.0,31.0,1.0,75.0,0.0
2019-09-11,taiwan,536.0,81.0,49.0,419.8,1.0,2.0,31.0,192.0,90.0,-235.9,24.0
2019-09-11,ukraine,1043.0,118.0,139.0,1078.6,0.0,1.0,71.0,394.0,124.0,496.3,41.0
2019-09-11,venezuela,744.0,146.0,108.0,-30.9,7.0,14.0,33.0,122.0,48.0,-59.4,0.0
2019-09-11,yemen,322.0,50.0,72.0,-380.3,4.0,0.0,11.0,77.0,34.0,-80.4,0.0
2019-09-12,drc,46.0,2.0,7.0,31.6,0.0,0.0,2.0,5.0,1.0,6.7,0.0
2019-09-12,europe_east,1200.0,129.0,105.0,1558.8,0.0,2.0,54.0,71.0,15.0,87.1,10.0
2019-09-12,iran,3256.0,419.0,518.0,2860.1,8.0,0.0,377.0,719.0,180.0,967.5,14.0
2019-09-12,israel,4646.0,861.0,855.0,-2484.4,22.0,2.0,259.0,1007.0,518.0,-2302.0,53.0
2019-09-12,korea,1137.0,140.0,153.0,853.1,1.0,7.0,56.0,194.0,51.0,64.0,14.0
2019-09-12,libya,391.0,51.0,68.0,16.3,0.0,3.0,24.0,2.0,1.0,1.0,0.0
2019-09-12,scs,2520.0,314.0,406.0,1171.8,13.0,5.0,175.0,231.0,81.0,110.4,37.0
2019-09-12,southasia,10289.0,1692.0,1327.0,4933.9,35.0,57.0,650.0,137.0,57.0,17.7,4.0
2019-09-12,sudan,857.0,86.0,53.0,1836.2,2.0,0.0,30.0,9.0,0.0,23.0,0.0
2019-09-12,taiwan,578.0,82.0,64.0,492.0,2.0,0.0,47.0,142.0,62.0,-132.5,20.0
2019-09-12,ukraine,1536.0,98.0,180.0,2430.4,0.0,3.0,103.0,352.0,96.0,400.7,28.0
2019-09-12,venezuela,680.0,131.0,99.0,45.4,5.0,8.0,43.0,139.0,49.0,40.4,0.0
2019-09-12,yemen,238.0,39.0,62.0,-235.0,2.0,7.0,10.0,88.0,41.0,-112.8,2.0
2019-09-13,drc,31.0,0.0,7.0,8.1,0.0,0.0,2.0,0.0,0.0,0.0,0.0
2019-09-13,europe_east,1090.0,82.0,95.0,1765.4,0.0,0.0,51.0,62.0,21.0,5.1,5.0
2019-09-13,iran,2504.0,298.0,356.0,2401.0,5.0,1.0,181.0,497.0,130.0,714.9,10.0
2019-09-13,israel,3342.0,569.0,555.0,-497.9,12.0,3.0,213.0,644.0,300.0,-853.3,15.0
2019-09-13,korea,905.0,119.0,84.0,968.9,3.0,1.0,43.0,202.0,36.0,452.2,2.0
2019-09-13,libya,285.0,20.0,54.0,197.0,2.0,0.0,29.0,3.0,0.0,6.0,0.0
2019-09-13,scs,1988.0,226.0,291.0,1269.3,0.0,6.0,115.0,176.0,109.0,-340.6,27.0
2019-09-13,southasia,9903.0,1557.0,1180.0,6427.7,42.0,36.0,608.0,80.0,34.0,-21.2,3.0
2019-09-13,sudan,598.0,63.0,61.0,890.2,1.0,0.0,17.0,12.0,0.0,52.0,0.0
2019-09-13,taiwan,353.0,48.0,41.0,344.3,0.0,0.0,28.0,76.0,28.0,16.2,10.0
2019-09-13,ukraine,1769.0,151.0,187.0,2573.3,6.0,2.0,83.0,510.0,172.0,113.8,55.0
2019-09-13,venezuela,707.0,128.0,113.0,-116.9,0.0,6.0,48.0,158.0,44.0,70.8,1.0
2019-09-13,yemen,199.0,18.0,38.0,39.3,0.0,1.0,11.0,50.0,19.0,-31.5,1.0
2019-09-14,drc,27.0,2.0,4.0,12.0,0.0,0.0,2.0,3.0,0.0,22.2,0.0
2019-09-14,europe_east,503.0,37.0,35.0,783.7,1.0,1.0,8.0,24.0,6.0,-5.9,0.0
2019-09-14,iran,2473.0,445.0,411.0,1133.0,17.0,12.0,214.0,411.0,177.0,-132.2,7.0
2019-09-14,israel,1990.0,295.0,321.0,408.5,11.0,8.0,115.0,320.0,181.0,-910.4,23.0
2019-09-14,korea,550.0,41.0,47.0,1067.9,2.0,0.0,31.0,138.0,29.0,254.5,9.0
2019-09-14,libya,222.0,22.0,57.0,-111.0,1.0,0.0,4.0,2.0,1.0,-6.6,0.0
2019-09-14,scs,1300.0,117.0,183.0,970.4,3.0,0.0,89.0,78.0,29.0,41.9,10.0
2019-09-14,southasia,8086.0,1425.0,1241.0,629.2,36.0,30.0,443.0,78.0,42.0,-97.5,5.0
2019-09-14,sudan,282.0,30.0,38.0,316.1,0.0,0.0,8.0,2.0,0.0,4.7,0.0
2019-09-14,taiwan,142.0,21.0,25.0,36.0,0.0,0.0,20.0,40.0,18.0,-16.8,10.0
2019-09-14,ukraine,641.0,78.0,47.0,1192.2,2.0,0.0,21.0,198.0,63.0,147.5,13.0
2019-09-14,venezuela,386.0,56.0,32.0,465.3,5.0,5.0,14.0,66.0,18.0,57.2,8.0
2019-09-14,yemen,493.0,114.0,153.0,-1212.2,7.0,2.0,19.0,226.0,133.0,-811.1,11.0
2019-09-15,drc,25.0,3.0,4.0,18.5,0.0,0.0,2.0,0.0,0.0,0.0,0.0
2019-09-15,europe_east,412.0,61.0,53.0,273.0,0.0,1.0,27.0,23.0,3.0,42.6,3.0
2019-09-15,iran,2734.0,663.0,433.0,-680.3,48.0,15.0,138.0,625.0,266.0,-194.3,18.0
2019-09-15,israel,3259.0,545.0,458.0,678.3,16.0,4.0,148.0,582.0,256.0,-838.4,28.0
2019-09-15,korea,615.0,79.0,67.0,796.8,1.0,2.0,38.0,135.0,49.0,73.4,16.0
2019-09-15,libya,187.0,15.0,56.0,-193.2,1.0,0.0,8.0,1.0,1.0,-10.0,0.0
2019-09-15,scs,1208.0,117.0,172.0,997.0,0.0,6.0,96.0,58.0,18.0,50.8,2.0
2019-09-15,southasia,7372.0,1262.0,1079.0,484.7,42.0,35.0,402.0,99.0,31.0,-4.2,3.0
2019-09-15,sudan,231.0,23.0,19.0,453.6,0.0,0.0,6.0,7.0,1.0,15.0,0.0
2019-09-15,taiwan,195.0,23.0,28.0,229.5,1.0,2.0,14.0,22.0,11.0,-35.3,6.0
2019-09-15,ukraine,449.0,34.0,41.0,1043.0,0.0,0.0,26.0,160.0,20.0,496.7,8.0
2019-09-15,venezuela,226.0,52.0,31.0,64.6,0.0,5.0,6.0,34.0,10.0,-4.0,0.0
2019-09-15,yemen,683.0,155.0,166.0,-1258.2,5.0,2.0,20.0,336.0,195.0,-1081.3,10.0
2019-09-16,drc,33.0,3.0,0.0,69.9,0.0,0.0,0.0,24.0,9.0,-13.6,4.0
2019-09-16,europe_east,993.0,98.0,76.0,1631.2,0.0,11.0,41.0,89.0,31.0,-33.5,17.0
2019-09-16,iran,6086.0,1412.0,791.0,-986.3,107.0,24.0,186.0,1452.0,620.0,-672.1,31.0
2019-09-16,israel,4372.0,724.0,643.0,1273.1,24.0,4.0,283.0,747.0,314.0,-640.9,34.0
2019-09-16,korea,1532.0,172.0,79.0,2799.6,5.0,0.0,48.0,371.0,80.0,562.4,16.0
2019-09-16,libya,317.0,39.0,94.0,-360.2,3.0,0.0,17.0,6.0,1.0,11.6,0.0
2019-09-16,scs,2065.0,199.0,244.0,2705.0,13.0,3.0,135.0,140.0,30.0,269.1,15.0
2019-09-16,southasia,10894.0,1829.0,1374.0,5460.7,26.0,26.0,646.0,83.0,31.0,-12.0,2.0
2019-09-16,sudan,668.0,94.0,46.0,900.7,6.0,0.0,19.0,3.0,0.0,20.0,0.0
2019-09-16,taiwan,431.0,91.0,53.0,415.1,5.0,1.0,37.0,160.0,54.0,217.6,5.0
2019-09-16,ukraine,1080.0,104.0,122.0,1571.6,2.0,0.0,46.0,230.0,45.0,276.7,12.0
2019-09-16,venezuela,590.0,75.0,57.0,649.0,2.0,2.0,37.0,84.0,11.0,181.5,3.0
2019-09-16,yemen,1277.0,279.0,268.0,-2094.6,27.0,6.0,17.0,549.0,293.0,-1718.0,36.0
2019-09-17,drc,54.0,2.0,2.0,121.4,0.0,0.0,2.0,2.0,1.0,-6.1,0.0
2019-09-17,europe_east,936.0,84.0,99.0,1236.6,1.0,0.0,35.0,69.0,33.0,-79.5,12.0
2019-09-17,iran,5364.0,1105.0,776.0,-273.4,56.0,17.0,201.0,1409.0,547.0,199.5,36.0
2019-09-17,israel,4359.0,750.0,601.0,983.3,22.0,6.0,268.0,631.0,277.0,-469.7,48.0
2019-09-17,korea,1381.0,162.0,156.0,1322.8,4.0,0.0,62.0,319.0,83.0,283.3,14.0
2019-09-17,libya,219.0,27.0,47.0,-10.6,0.0,0.0,11.0,0.0,0.0,0.0,0.0
2019-09-17,scs,2428.0,314.0,335.0,2188.6,7.0,7.0,163.0,212.0,67.0,199.0,34.0
2019-09-17,southasia,10851.0,1680.0,1310.0,5615.1,45.0,22.0,608.0,83.0,23.0,38.8,2.0
2019-09-17,sudan,682.0,93.0,31.0,1140.8,20.0,0.0,24.0,0.0,0.0,0.0,0.0
2019-09-17,taiwan,543.0,90.0,75.0,709.7,0.0,2.0,57.0,204.0,66.0,265.2,3.0
2019-09-17,ukraine,1328.0,127.0,153.0,1538.1,4.0,0.0,68.0,219.0,69.0,170.2,23.0
2019-09-17,venezuela,645.0,80.0,79.0,1281.6,9.0,0.0,35.0,102.0,36.0,144.7,5.0
2019-09-17,yemen,887.0,191.0,166.0,-996.1,26.0,4.0,13.0,330.0,167.0,-988.6,9.0
2019-09-18,drc,79.0,7.0,10.0,72.6,0.0,0.0,2.0,34.0,25.0,-237.8,0.0
2019-09-18,europe_east,1271.0,96.0,78.0,2347.0,5.0,7.0,33.0,44.0,7.0,79.0,3.0
2019-09-18,iran,5240.0,1159.0,793.0,-1798.8,122.0,8.0,272.0,1313.0,568.0,-458.7,40.0
2019-09-18,israel,4621.0,692.0,560.0,2568.9,13.0,3.0,229.0,569.0,249.0,-571.6,26.0
2019-09-18,korea,1208.0,164.0,153.0,1250.3,5.0,3.0,64.0,203.0,60.0,103.9,19.0
2019-09-18,libya,243.0,23.0,38.0,281.0,2.0,0.0,13.0,0.0,0.0,0.0,0.0
2019-09-18,scs,3008.0,332.0,503.0,1915.9,8.0,3.0,256.0,163.0,73.0,-88.0,53.0
2019-09-18,southasia,11734.0,2001.0,1475.0,4861.9,62.0,32.0,704.0,182.0,66.0,-61.9,8.0
2019-09-18,sudan,638.0,61.0,31.0,1166.1,5.0,2.0,17.0,3.0,1.0,9.0,0.0
2019-09-18,taiwan,627.0,63.0,91.0,645.2,0.0,1.0,68.0,129.0,57.0,43.9,9.0
2019-09-18,ukraine,1193.0,132.0,122.0,1667.3,6.0,1.0,66.0,146.0,35.0,179.6,5.0
2019-09-18,venezuela,643.0,79.0,90.0,844.0,5.0,2.0,53.0,100.0,35.0,77.6,5.0
2019-09-18,yemen,912.0,172.0,212.0,-1494.1,18.0,0.0,25.0,385.0,217.0,-1381.0,27.0
2019-09-19,drc,28.0,5.0,4.0,-5.1,0.0,0.0,1.0,19.0,17.0,-163.3,0.0
2019-09-19,europe_east,1424.0,157.0,84.0,2566.8,1.0,2.0,33.0,84.0,15.0,70.0,2.0
2019-09-19,iran,4677.0,1052.0,605.0,-844.5,141.0,7.0,208.0,1090.0,485.0,-443.5,54.0
2019-09-19,israel,4463.0,665.0,661.0,1532.9,21.0,10.0,275.0,539.0,257.0,-796.7,28.0
2019-09-19,korea,1353.0,141.0,178.0,1255.1,7.0,4.0,68.0,239.0,53.0,277.6,5.0
2019-09-19,libya,164.0,28.0,35.0,-58.2,4.0,0.0,15.0,1.0,1.0,-10.0,0.0
2019-09-19,scs,2300.0,275.0,311.0,2008.9,14.0,2.0,166.0,169.0,46.0,67.8,20.0
2019-09-19,southasia,11454.0,1877.0,1329.0,6612.7,49.0,20.0,712.0,176.0,45.0,138.5,9.0
2019-09-19,sudan,698.0,76.0,56.0,1325.2,14.0,6.0,21.0,6.0,4.0,-24.0,0.0
2019-09-19,taiwan,571.0,41.0,69.0,806.3,0.0,2.0,38.0,111.0,43.0,-36.0,13.0
2019-09-19,ukraine,1199.0,96.0,112.0,1959.3,1.0,0.0,47.0,265.0,66.0,388.4,8.0
2019-09-19,venezuela,461.0,59.0,77.0,230.1,1.0,0.0,45.0,97.0,29.0,48.1,4.0
2019-09-19,yemen,820.0,162.0,197.0,-1252.8,21.0,3.0,34.0,292.0,142.0,-704.7,11.0
2019-09-20,drc,69.0,10.0,34.0,-269.2,0.0,2.0,12.0,5.0,5.0,-40.5,0.0
2019-09-20,europe_east,1438.0,166.0,117.0,2127.6,0.0,8.0,70.0,48.0,8.0,64.2,2.0
2019-09-20,iran,4012.0,825.0,681.0,-1448.3,127.0,24.0,280.0,1079.0,571.0,-1238.4,52.0
2019-09-20,israel,3408.0,509.0,555.0,460.1,32.0,5.0,181.0,473.0,217.0,-846.0,26.0
2019-09-20,korea,1270.0,119.0,170.0,1069.5,11.0,5.0,60.0,277.0,61.0,225.0,5.0
2019-09-20,libya,317.0,38.0,80.0,-92.0,1.0,1.0,19.0,4.0,0.0,9.4,0.0
2019-09-20,scs,2154.0,273.0,288.0,1617.6,3.0,4.0,147.0,67.0,12.0,134.1,1.0
2019-09-20,southasia,10599.0,1581.0,1352.0,5971.2,35.0,36.0,606.0,91.0,26.0,26.6,1.0
2019-09-20,sudan,529.0,64.0,62.0,629.2,1.0,1.0,11.0,6.0,4.0,-32.0,0.0
2019-09-20,taiwan,476.0,66.0,61.0,633.1,0.0,0.0,50.0,168.0,86.0,-99.6,8.0
2019-09-20,ukraine,2646.0,373.0,189.0,3309.6,10.0,3.0,84.0,314.0,45.0,704.3,2.0
2019-09-20,venezuela,438.0,68.0,41.0,585.2,3.0,0.0,30.0,74.0,25.0,38.7,7.0
2019-09-20,yemen,679.0,125.0,162.0,-842.0,18.0,3.0,32.0,364.0,170.0,-553.0,9.0
2019-09-21,drc,38.0,3.0,7.0,15.9,0.0,2.0,5.0,6.0,5.0,-10.5,0.0
2019-09-21,europe_east,565.0,68.0,30.0,995.3,1.0,1.0,14.0,8.0,2.0,10.1,0.0
2019-09-21,iran,3228.0,660.0,583.0,-563.8,74.0,38.0,226.0,743.0,371.0,-622.3,34.0
2019-09-21,israel,1639.0,254.0,315.0,-361.4,7.0,5.0,114.0,259.0,135.0,-596.9,13.0
2019-09-21,korea,557.0,38.0,57.0,916.0,2.0,1.0,22.0,130.0,22.0,204.8,3.0
2019-09-21,libya,148.0,20.0,36.0,-73.2,0.0,0.0,20.0,0.0,0.0,0.0,0.0
2019-09-21,scs,1440.0,202.0,162.0,1289.2,2.0,5.0,56.0,45.0,11.0,65.5,5.0
2019-09-21,southasia,8740.0,1457.0,1071.0,4353.5,39.0,46.0,501.0,58.0,15.0,39.1,1.0
2019-09-21,sudan,187.0,10.0,4.0,501.4,0.0,0.0,3.0,2.0,0.0,10.0,0.0
2019-09-21,taiwan,383.0,58.0,55.0,361.5,0.0,0.0,48.0,121.0,47.0,75.5,4.0
2019-09-21,ukraine,2469.0,411.0,155.0,2810.2,1.0,1.0,63.0,140.0,45.0,-37.8,7.0
2019-09-21,venezuela,286.0,46.0,31.0,306.1,4.0,0.0,22.0,41.0,8.0,45.8,2.0
2019-09-21,yemen,521.0,88.0,123.0,-588.9,13.0,4.0,12.0,274.0,133.0,-488.1,10.0
2019-09-22,drc,12.0,2.0,0.0,22.9,0.0,0.0,0.0,8.0,8.0,-47.0,0.0
2019-09-22,europe_east,464.0,35.0,40.0,647.2,0.0,0.0,11.0,19.0,5.0,3.8,1.0
2019-09-22,iran,4020.0,742.0,604.0,873.8,72.0,38.0,240.0,891.0,418.0,-562.8,46.0
2019-09-22,israel,2255.0,305.0,411.0,317.5,4.0,1.0,166.0,277.0,152.0,-650.7,10.0
2019-09-22,korea,639.0,69.0,58.0,1023.7,0.0,1.0,30.0,81.0,18.0,129.8,0.0
2019-09-22,libya,118.0,20.0,27.0,-56.9,0.0,0.0,10.0,0.0,0.0,0.0,0.0
2019-09-22,scs,1202.0,161.0,160.0,732.9,0.0,2.0,75.0,80.0,10.0,156.3,2.0
2019-09-22,southasia,7777.0,1148.0,883.0,4824.2,26.0,14.0,372.0,51.0,20.0,-29.2,2.0
2019-09-22,sudan,327.0,61.0,44.0,-71.0,0.0,0.0,23.0,5.0,3.0,-9.6,0.0
2019-09-22,taiwan,298.0,50.0,32.0,373.2,3.0,0.0,27.0,97.0,29.0,106.2,3.0
2019-09-22,ukraine,2565.0,437.0,147.0,2436.7,4.0,0.0,65.0,109.0,33.0,25.9,5.0
2019-09-22,venezuela,202.0,47.0,26.0,3.6,0.0,3.0,16.0,30.0,3.0,56.5,0.0
2019-09-22,yemen,442.0,82.0,84.0,-313.2,11.0,5.0,13.0,190.0,89.0,-420.2,4.0
2019-09-23,drc,30.0,7.0,3.0,40.1,0.0,0.0,3.0,4.0,3.0,-25.5,0.0
2019-09-23,europe_east,1360.0,100.0,114.0,2173.3,1.0,8.0,46.0,57.0,7.0,137.0,6.0
2019-09-23,iran,5379.0,1065.0,722.0,2240.3,72.0,33.0,281.0,1279.0,530.0,-364.1,51.0
2019-09-23,israel,3460.0,515.0,508.0,1035.6,7.0,2.0,190.0,418.0,210.0,-809.3,27.0
2019-09-23,korea,1376.0,136.0,123.0,1750.9,13.0,2.0,70.0,294.0,43.0,506.5,7.0
2019-09-23,libya,142.0,14.0,19.0,62.1,0.0,0.0,4.0,2.0,0.0,4.7,0.0
2019-09-23,scs,2355.0,307.0,261.0,1877.0,0.0,1.0,94.0,86.0,11.0,181.9,2.0
2019-09-23,southasia,10701.0,1600.0,1316.0,5767.3,29.0,20.0,631.0,62.0,19.0,45.7,4.0
2019-09-23,sudan,513.0,70.0,57.0,405.6,1.0,0.0,19.0,2.0,0.0,8.0,0.0
2019-09-23,taiwan,486.0,53.0,55.0,705.6,1.0,0.0,30.0,81.0,25.0,31.6,11.0
2019-09-23,ukraine,4144.0,720.0,303.0,3985.3,5.0,1.0,144.0,183.0,67.0,-106.2,17.0
2019-09-23,venezuela,518.0,108.0,62.0,221.7,2.0,0.0,37.0,71.0,17.0,86.3,0.0
2019-09-23,yemen,684.0,104.0,106.0,520.1,2.0,5.0,23.0,219.0,81.0,-274.1,1.0
2019-09-24,drc,25.0,1.0,5.0,17.8,0.0,0.0,1.0,2.0,1.0,-5.5,0.0
2019-09-24,europe_east,1377.0,120.0,130.0,1935.5,1.0,4.0,69.0,86.0,20.0,25.5,13.0
2019-09-24,iran,5353.0,1100.0,546.0,3398.8,52.0,24.0,235.0,1230.0,457.0,453.7,35.0
2019-09-24,israel,3568.0,627.0,531.0,844.2,10.0,5.0,250.0,497.0,206.0,-439.1,29.0
2019-09-24,korea,1981.0,197.0,134.0,3228.3,25.0,1.0,71.0,478.0,60.0,894.4,12.0
2019-09-24,libya,184.0,18.0,24.0,127.4,0.0,0.0,11.0,1.0,1.0,-9.0,0.0
2019-09-24,scs,2508.0,288.0,309.0,2050.8,8.0,1.0,132.0,72.0,12.0,145.8,7.0
2019-09-24,southasia,11512.0,1686.0,1246.0,8539.5,43.0,25.0,573.0,72.0,21.0,46.6,0.0
2019-09-24,sudan,395.0,70.0,43.0,124.2,0.0,0.0,15.0,6.0,0.0,12.0,0.0
2019-09-24,taiwan,442.0,39.0,30.0,826.0,0.0,1.0,19.0,79.0,21.0,74.5,6.0
2019-09-24,ukraine,5644.0,940.0,417.0,5995.3,15.0,8.0,243.0,265.0,73.0,226.4,20.0
2019-09-24,venezuela,898.0,157.0,88.0,917.4,8.0,0.0,68.0,190.0,84.0,-134.1,18.0
2019-09-24,yemen,542.0,93.0,103.0,-373.0,7.0,1.0,18.0,203.0,116.0,-568.0,14.0
2019-09-25,drc,61.0,8.0,16.0,-61.5,0.0,0.0,4.0,5.0,3.0,-25.3,0.0
2019-09-25,europe_east,1256.0,130.0,101.0,1623.4,2.0,3.0,35.0,85.0,10.0,173.2,3.0
2019-09-25,iran,4915.0,989.0,553.0,2856.0,40.0,22.0,308.0,1163.0,440.0,533.4,89.0
2019-09-25,israel,3618.0,603.0,480.0,1647.8,3.0,2.0,219.0,424.0,185.0,-414.3,43.0
2019-09-25,korea,1307.0,111.0,128.0,1892.5,5.0,9.0,51.0,300.0,40.0,834.5,0.0
2019-09-25,libya,321.0,40.0,73.0,-273.1,2.0,1.0,15.0,0.0,0.0,0.0,0.0
2019-09-25,scs,2339.0,262.0,271.0,2199.8,0.0,5.0,124.0,86.0,34.0,-125.8,11.0
2019-09-25,southasia,10965.0,1722.0,1334.0,5302.5,56.0,43.0,612.0,76.0,30.0,-11.3,2.0
2019-09-25,sudan,431.0,64.0,42.0,373.2,0.0,1.0,8.0,0.0,0.0,0.0,0.0
2019-09-25,taiwan,481.0,42.0,32.0,934.3,0.0,0.0,19.0,146.0,50.0,-101.2,9.0
2019-09-25,ukraine,7599.0,1268.0,536.0,8870.9,19.0,9.0,313.0,462.0,139.0,279.5,9.0
2019-09-25,venezuela,993.0,107.0,127.0,1118.2,5.0,7.0,75.0,168.0,58.0,112.9,26.0
2019-09-25,yemen,440.0,59.0,78.0,101.7,2.0,2.0,16.0,144.0,54.0,-158.9,3.0
2019-09-26,drc,53.0,6.0,10.0,10.5,0.0,0.0,2.0,1.0,0.0,0.0,0.0
2019-09-26,europe_east,1321.0,107.0,84.0,2371.5,0.0,2.0,41.0,169.0,14.0,426.5,0.0
2019-09-26,iran,3838.0,864.0,476.0,1334.3,31.0,18.0,278.0,1032.0,371.0,749.5,64.0
2019-09-26,israel,3725.0,632.0,583.0,222.9,20.0,6.0,260.0,515.0,251.0,-713.2,43.0
2019-09-26,korea,1090.0,126.0,88.0,1645.1,9.0,7.0,31.0,169.0,35.0,229.0,1.0
2019-09-26,libya,403.0,59.0,69.0,42.3,1.0,0.0,25.0,0.0,0.0,0.0,0.0
2019-09-26,scs,1948.0,245.0,214.0,2218.7,11.0,4.0,117.0,102.0,39.0,-13.5,7.0
2019-09-26,southasia,10413.0,1657.0,1249.0,6091.6,31.0,16.0,630.0,81.0,21.0,102.4,0.0
2019-09-26,sudan,504.0,61.0,75.0,532.8,0.0,2.0,36.0,6.0,0.0,16.5,0.0
2019-09-26,taiwan,497.0,52.0,38.0,861.7,3.0,0.0,26.0,120.0,40.0,-9.2,13.0
2019-09-26,ukraine,7958.0,1250.0,605.0,8639.2,12.0,7.0,349.0,617.0,206.0,-127.3,30.0
2019-09-26,venezuela,858.0,110.0,94.0,1055.3,3.0,0.0,70.0,127.0,34.0,170.4,13.0
2019-09-26,yemen,358.0,46.0,88.0,-366.0,0.0,2.0,12.0,135.0,60.0,-239.1,1.0
2019-09-27,drc,17.0,2.0,0.0,58.4,0.0,0.0,0.0,0.0,0.0,0.0,0.0
2019-09-27,europe_east,1206.0,145.0,97.0,1613.1,0.0,10.0,48.0,101.0,14.0,193.0,9.0
2019-09-27,iran,4236.0,799.0,527.0,2540.0,28.0,33.0,275.0,957.0,399.0,104.0,42.0
2019-09-27,israel,2835.0,447.0,475.0,-282.0,11.0,6.0,181.0,533.0,282.0,-1011.7,47.0
2019-09-27,korea,1261.0,149.0,113.0,1617.5,6.0,0.0,51.0,237.0,74.0,-13.0,4.0
2019-09-27,libya,381.0,41.0,111.0,-331.2,1.0,0.0,24.0,1.0,1.0,-2.0,0.0
2019-09-27,scs,2117.0,210.0,275.0,2209.7,2.0,8.0,133.0,66.0,18.0,-48.1,0.0
2019-09-27,southasia,11613.0,1916.0,1484.0,4726.1,61.0,20.0,807.0,75.0,25.0,-11.2,6.0
2019-09-27,sudan,483.0,74.0,71.0,349.9,0.0,3.0,43.0,5.0,4.0,-17.6,0.0
2019-09-27,taiwan,522.0,60.0,52.0,714.5,0.0,1.0,34.0,85.0,28.0,-21.4,3.0
2019-09-27,ukraine,5903.0,910.0,515.0,5084.1,11.0,4.0,282.0,401.0,93.0,512.3,6.0
2019-09-27,venezuela,682.0,140.0,99.0,272.1,0.0,2.0,60.0,153.0,49.0,73.8,7.0
2019-09-27,yemen,370.0,58.0,37.0,312.1,2.0,3.0,6.0,155.0,49.0,16.2,8.0
2019-09-28,drc,4.0,1.0,0.0,-1.7,0.0,0.0,0.0,0.0,0.0,0.0,0.0
2019-09-28,europe_east,565.0,51.0,41.0,785.6,0.0,3.0,22.0,50.0,3.0,118.5,0.0
2019-09-28,iran,1893.0,331.0,255.0,1247.0,9.0,5.0,127.0,500.0,181.0,381.9,32.0
2019-09-28,israel,1459.0,251.0,263.0,-580.4,12.0,4.0,89.0,312.0,170.0,-687.0,24.0
2019-09-28,korea,530.0,57.0,69.0,558.2,4.0,5.0,21.0,98.0,21.0,171.8,0.0
2019-09-28,libya,140.0,13.0,45.0,-158.6,0.0,0.0,9.0,0.0,0.0,0.0,0.0
2019-09-28,scs,1322.0,127.0,175.0,1638.8,5.0,5.0,98.0,49.0,7.0,85.9,4.0
2019-09-28,southasia,9190.0,1602.0,1282.0,1303.0,61.0,38.0,595.0,81.0,40.0,-83.3,6.0
2019-09-28,sudan,179.0,19.0,12.0,323.5,0.0,0.0,3.0,0.0,0.0,0.0,0.0
2019-09-28,taiwan,326.0,25.0,40.0,447.6,0.0,0.0,29.0,89.0,26.0,94.6,0.0
2019-09-28,ukraine,3437.0,508.0,282.0,3086.3,5.0,2.0,148.0,223.0,64.0,20.1,5.0
2019-09-28,venezuela,342.0,81.0,38.0,170.1,0.0,2.0,26.0,70.0,28.0,18.8,4.0
2019-09-28,yemen,296.0,34.0,48.0,122.4,1.0,0.0,13.0,120.0,37.0,30.4,4.0
2019-09-29,drc,19.0,0.0,10.0,-79.6,0.0,0.0,0.0,0.0,0.0,0.0,0.0
2019-09-29,europe_east,496.0,46.0,47.0,598.5,0.0,0.0,14.0,39.0,4.0,89.7,0.0
2019-09-29,iran,1428.0,279.0,199.0,264.9,15.0,5.0,68.0,323.0,140.0,-97.3,12.0
2019-09-29,israel,1822.0,312.0,348.0,-961.5,12.0,0.0,135.0,299.0,187.0,-939.5,41.0
2019-09-29,korea,495.0,44.0,65.0,437.3,0.0,1.0,22.0,87.0,15.0,165.6,0.0
2019-09-29,libya,142.0,10.0,39.0,-75.1,4.0,0.0,15.0,0.0,0.0,0.0,0.0
2019-09-29,scs,1221.0,107.0,153.0,1170.3,7.0,2.0,55.0,43.0,2.0,113.7,2.0
2019-09-29,southasia,7599.0,1209.0,1053.0,1879.5,25.0,24.0,476.0,31.0,14.0,-39.1,0.0
2019-09-29,sudan,201.0,38.0,21.0,110.7,0.0,0.0,16.0,1.0,0.0,3.4,0.0
2019-09-29,taiwan,227.0,28.0,22.0,216.4,0.0,1.0,8.0,61.0,16.0,5.1,1.0
2019-09-29,ukraine,3186.0,516.0,258.0,2650.7,3.0,6.0,144.0,259.0,69.0,186.6,14.0
2019-09-29,venezuela,184.0,38.0,24.0,67.5,1.0,0.0,8.0,43.0,12.0,33.0,0.0
2019-09-29,yemen,377.0,72.0,94.0,-496.5,1.0,1.0,22.0,156.0,88.0,-509.5,13.0
2019-09-30,drc,37.0,2.0,12.0,-8.8,0.0,0.0,4.0,2.0,0.0,4.7,0.0
2019-09-30,europe_east,1021.0,135.0,94.0,924.2,2.0,6.0,41.0,62.0,21.0,-52.0,4.0
2019-09-30,iran,2142.0,455.0,308.0,-26.5,19.0,6.0,80.0,483.0,219.0,-112.5,16.0
2019-09-30,israel,2035.0,306.0,325.0,419.8,4.0,5.0,119.0,343.0,184.0,-671.0,25.0
2019-09-30,korea,1231.0,258.0,99.0,972.2,9.0,3.0,51.0,252.0,107.0,71.5,7.0
2019-09-30,libya,208.0,20.0,35.0,100.5,2.0,0.0,10.0,0.0,0.0,0.0,0.0
2019-09-30,scs,2161.0,258.0,212.0,2475.7,0.0,3.0,97.0,126.0,18.0,245.7,3.0
2019-09-30,southasia,10423.0,1732.0,1300.0,5079.6,35.0,30.0,622.0,177.0,38.0,291.3,2.0
2019-09-30,sudan,451.0,70.0,42.0,493.6,0.0,0.0,20.0,17.0,7.0,13.0,0.0
2019-09-30,taiwan,384.0,59.0,53.0,59.8,1.0,1.0,18.0,114.0,37.0,-12.6,5.0
2019-09-30,ukraine,4595.0,761.0,359.0,4394.2,24.0,4.0,194.0,286.0,83.0,191.8,17.0
2019-09-30,venezuela,352.0,71.0,47.0,136.0,2.0,0.0,22.0,68.0,33.0,-40.6,5.0
2019-09-30,yemen,671.0,98.0,115.0,280.5,10.0,2.0,18.0,269.0,142.0,-585.9,19.0
2019-10-01,drc,45.0,0.0,1.0,159.0,0.0,0.0,0.0,16.0,0.0,86.0,0.0
2019-10-01,europe_east,1346.0,161.0,196.0,548.6,2.0,1.0,92.0,50.0,9.0,99.9,0.0
2019-10-01,iran,2411.0,374.0,360.0,707.5,19.0,4.0,213.0,501.0,167.0,274.5,33.0
2019-10-01,israel,1958.0,342.0,314.0,-112.2,13.0,6.0,123.0,312.0,146.0,-494.4,29.0
2019-10-01,korea,1455.0,172.0,108.0,2222.6,4.0,0.0,49.0,367.0,70.0,783.2,11.0
2019-10-01,libya,288.0,34.0,46.0,219.1,0.0,0.0,14.0,0.0,0.0,0.0,0.0
2019-10-01,scs,2429.0,234.0,281.0,2886.8,3.0,3.0,132.0,76.0,21.0,76.1,3.0
2019-10-01,southasia,10624.0,1715.0,1206.0,7232.6,37.0,33.0,612.0,91.0,31.0,6.0,3.0
2019-10-01,sudan,395.0,34.0,47.0,404.6,0.0,1.0,16.0,16.0,0.0,40.0,0.0
2019-10-01,taiwan,609.0,57.0,47.0,848.2,1.0,2.0,22.0,163.0,44.0,56.1,7.0
2019-10-01,ukraine,4772.0,781.0,353.0,5069.1,20.0,0.0,208.0,442.0,118.0,335.2,24.0
2019-10-01,venezuela,286.0,44.0,56.0,-61.0,2.0,0.0,26.0,74.0,27.0,-42.6,4.0
2019-10-01,yemen,549.0,61.0,104.0,131.6,4.0,3.0,25.0,175.0,65.0,-70.5,13.0
2019-10-02,drc,31.0,1.0,13.0,-72.6,0.0,1.0,3.0,12.0,4.0,13.0,0.0
2019-10-02,europe_east,1515.0,204.0,152.0,1293.7,2.0,3.0,52.0,68.0,13.0,111.6,2.0
2019-10-02,iran,2803.0,497.0,400.0,1108.1,25.0,12.0,226.0,454.0,171.0,-3.7,23.0
2019-10-02,israel,3178.0,533.0,536.0,-194.1,11.0,7.0,236.0,339.0,158.0,-518.0,23.0
2019-10-02,korea,2334.0,268.0,355.0,1552.0,14.0,2.0,91.0,776.0,304.0,-294.7,19.0
2019-10-02,libya,229.0,29.0,47.0,47.8,1.0,0.0,21.0,0.0,0.0,0.0,0.0
2019-10-02,scs,2323.0,245.0,236.0,2379.0,4.0,3.0,103.0,100.0,47.0,-89.2,4.0
2019-10-02,southasia,10656.0,1382.0,1252.0,7609.4,37.0,57.0,578.0,66.0,21.0,17.1,1.0
2019-10-02,sudan,461.0,47.0,33.0,611.4,0.0,3.0,10.0,23.0,0.0,80.0,0.0
2019-10-02,taiwan,358.0,45.0,40.0,209.4,2.0,2.0,11.0,104.0,47.0,-12.6,0.0
2019-10-02,ukraine,5105.0,854.0,394.0,5294.7,15.0,2.0,197.0,516.0,144.0,677.0,8.0
2019-10-02,venezuela,301.0,51.0,39.0,98.4,0.0,0.0,8.0,75.0,18.0,36.9,2.0
2019-10-02,yemen,531.0,64.0,77.0,363.3,4.0,3.0,6.0,169.0,65.0,-191.9,1.0
2019-10-03,drc,37.0,8.0,7.0,-43.0,0.0,0.0,2.0,7.0,4.0,-24.5,0.0
2019-10-03,europe_east,1661.0,247.0,119.0,1906.3,9.0,2.0,45.0,100.0,34.0,49.1,3.0
2019-10-03,iran,1886.0,402.0,331.0,-689.2,40.0,3.0,166.0,411.0,166.0,-74.2,17.0
2019-10-03,israel,2816.0,423.0,488.0,-318.1,31.0,3.0,188.0,386.0,199.0,-988.5,45.0
2019-10-03,korea,1777.0,214.0,232.0,1034.5,11.0,6.0,48.0,553.0,167.0,269.7,20.0
2019-10-03,libya,341.0,38.0,76.0,27.7,1.0,5.0,17.0,7.0,6.0,-24.2,3.0
2019-10-03,scs,2115.0,231.0,203.0,2441.9,11.0,1.0,100.0,92.0,28.0,48.2,6.0
2019-10-03,southasia,11750.0,1604.0,1259.0,10600.4,42.0,42.0,628.0,137.0,24.0,220.1,13.0
2019-10-03,sudan,455.0,61.0,46.0,610.1,0.0,0.0,31.0,0.0,0.0,0.0,0.0
2019-10-03,taiwan,357.0,50.0,56.0,40.4,2.0,0.0,26.0,59.0,37.0,-167.0,15.0
2019-10-03,ukraine,5736.0,1002.0,389.0,6208.7,8.0,6.0,209.0,609.0,121.0,1177.4,19.0
2019-10-03,venezuela,344.0,62.0,40.0,210.5,0.0,0.0,22.0,62.0,19.0,36.9,5.0
2019-10-03,yemen,350.0,52.0,51.0,68.1,6.0,1.0,9.0,108.0,42.0,-52.6,3.0
2019-10-04,drc,29.0,0.0,5.0,39.4,0.0,0.0,2.0,12.0,5.0,-8.1,0.0
2019-10-04,europe_east,1131.0,115.0,112.0,2072.1,2.0,5.0,62.0,59.0,13.0,91.0,5.0
2019-10-04,iran,2022.0,402.0,377.0,-725.1,20.0,8.0,212.0,376.0,165.0,-118.1,16.0
2019-10-04,israel,2214.0,377.0,426.0,-1119.3,15.0,2.0,147.0,387.0,213.0,-1033.1,27.0
2019-10-04,korea,1422.0,158.0,195.0,1077.6,6.0,0.0,65.0,365.0,95.0,286.8,9.0
2019-10-04,libya,175.0,28.0,29.0,63.8,1.0,0.0,2.0,3.0,2.0,-0.6,0.0
2019-10-04,scs,1961.0,240.0,202.0,2162.7,3.0,13.0,98.0,81.0,41.0,-148.6,5.0
2019-10-04,southasia,10829.0,1839.0,1450.0,3274.6,40.0,27.0,641.0,104.0,41.0,1.4,5.0
2019-10-04,sudan,450.0,70.0,41.0,632.2,0.0,0.0,19.0,6.0,0.0,28.0,0.0
2019-10-04,taiwan,341.0,51.0,34.0,317.8,0.0,0.0,22.0,66.0,21.0,6.1,8.0
2019-10-04,ukraine,6385.0,1027.0,436.0,7010.8,19.0,3.0,228.0,814.0,156.0,1387.2,25.0
2019-10-04,venezuela,272.0,38.0,32.0,352.4,1.0,0.0,27.0,76.0,24.0,-33.9,9.0
2019-10-04,yemen,262.0,35.0,56.0,-186.7,1.0,0.0,2.0,83.0,38.0,-95.3,2.0
2019-10-05,drc,15.0,0.0,1.0,44.8,0.0,0.0,1.0,7.0,3.0,-20.6,0.0
2019-10-05,europe_east,564.0,33.0,72.0,712.2,0.0,0.0,40.0,10.0,5.0,-12.8,3.0
2019-10-05,iran,1746.0,303.0,331.0,142.5,21.0,9.0,216.0,320.0,118.0,359.6,12.0
2019-10-05,israel,1395.0,254.0,333.0,-1694.7,5.0,6.0,82.0,292.0,185.0,-898.6,24.0
2019-10-05,korea,1167.0,121.0,116.0,1904.4,2.0,0.0,68.0,363.0,70.0,903.3,10.0
2019-10-05,libya,163.0,20.0,40.0,-111.5,2.0,0.0,23.0,0.0,0.0,0.0,0.0
2019-10-05,scs,1506.0,120.0,273.0,383.9,1.0,5.0,87.0,29.0,22.0,-100.3,3.0
2019-10-05,southasia,8686.0,1502.0,1193.0,2021.7,44.0,25.0,614.0,60.0,11.0,68.1,5.0
2019-10-05,sudan,247.0,22.0,27.0,329.3,0.0,0.0,11.0,0.0,0.0,0.0,0.0
2019-10-05,taiwan,197.0,25.0,31.0,28.1,1.0,0.0,11.0,42.0,14.0,-66.7,0.0
2019-10-05,ukraine,3303.0,559.0,241.0,3165.2,7.0,0.0,136.0,265.0,78.0,318.5,14.0
2019-10-05,venezuela,146.0,17.0,12.0,232.8,0.0,0.0,11.0,29.0,5.0,60.5,2.0
2019-10-05,yemen,189.0,46.0,38.0,-167.0,1.0,3.0,1.0,78.0,24.0,72.4,3.0
2019-10-06,drc,7.0,0.0,1.0,3.5,0.0,0.0,0.0,5.0,0.0,7.5,0.0
2019-10-06,europe_east,555.0,80.0,61.0,533.9,1.0,0.0,24.0,31.0,19.0,-42.8,3.0
2019-10-06,iran,1376.0,236.0,219.0,259.0,11.0,5.0,113.0,224.0,89.0,-70.5,11.0
2019-10-06,israel,2002.0,325.0,397.0,-959.1,16.0,2.0,154.0,304.0,175.0,-732.0,21.0
2019-10-06,korea,1178.0,118.0,134.0,1652.7,3.0,4.0,79.0,387.0,74.0,869.2,5.0
2019-10-06,libya,147.0,23.0,25.0,23.9,2.0,0.0,8.0,4.0,2.0,-11.2,0.0
2019-10-06,scs,1410.0,111.0,143.0,2044.8,2.0,6.0,64.0,84.0,9.0,249.4,0.0
2019-10-06,southasia,7501.0,1136.0,1106.0,2888.4,8.0,25.0,539.0,55.0,18.0,-30.7,6.0
2019-10-06,sudan,331.0,37.0,41.0,361.7,0.0,1.0,18.0,2.0,0.0,8.3,0.0
2019-10-06,taiwan,184.0,11.0,30.0,102.9,0.0,0.0,12.0,33.0,6.0,23.1,0.0
2019-10-06,ukraine,2761.0,525.0,190.0,2413.2,6.0,0.0,109.0,209.0,62.0,267.2,8.0
2019-10-06,venezuela,192.0,18.0,19.0,260.6,0.0,0.0,15.0,24.0,11.0,-7.2,0.0
2019-10-06,yemen,108.0,15.0,21.0,-86.8,0.0,4.0,1.0,55.0,19.0,-0.5,2.0
2019-10-07,drc,34.0,0.0,8.0,45.3,0.0,0.0,6.0,14.0,0.0,36.6,0.0
2019-10-07,europe_east,1243.0,115.0,110.0,1858.3,2.0,7.0,38.0,67.0,25.0,-19.4,4.0
2019-10-07,iran,2260.0,442.0,364.0,-84.2,16.0,6.0,199.0,381.0,166.0,-264.0,32.0
2019-10-07,israel,2671.0,341.0,416.0,920.8,6.0,6.0,160.0,408.0,209.0,-698.1,33.0
2019-10-07,korea,1446.0,185.0,142.0,2002.6,10.0,1.0,69.0,490.0,141.0,545.1,20.0
2019-10-07,libya,291.0,51.0,56.0,-26.3,3.0,1.0,22.0,1.0,1.0,-2.0,0.0
2019-10-07,scs,2224.0,208.0,239.0,2858.8,3.0,5.0,107.0,96.0,34.0,90.4,7.0
2019-10-07,southasia,8885.0,1362.0,1113.0,5017.3,14.0,32.0,576.0,49.0,19.0,-23.6,2.0
2019-10-07,sudan,434.0,62.0,59.0,126.3,0.0,0.0,24.0,0.0,0.0,0.0,0.0
2019-10-07,taiwan,316.0,48.0,27.0,335.4,2.0,0.0,13.0,63.0,28.0,-53.4,4.0
2019-10-07,ukraine,3839.0,585.0,313.0,3819.1,12.0,2.0,167.0,404.0,87.0,806.2,9.0
2019-10-07,venezuela,293.0,30.0,34.0,320.1,0.0,0.0,22.0,38.0,19.0,-9.8,2.0
2019-10-07,yemen,198.0,19.0,46.0,-100.7,0.0,0.0,4.0,56.0,21.0,-0.7,0.0
2019-10-08,drc,32.0,1.0,0.0,127.5,0.0,0.0,0.0,7.0,0.0,25.6,0.0
2019-10-08,europe_east,1154.0,117.0,77.0,2056.7,1.0,2.0,29.0,52.0,13.0,56.4,4.0
2019-10-08,iran,1704.0,420.0,236.0,34.5,18.0,8.0,77.0,353.0,150.0,-92.3,16.0
2019-10-08,israel,2228.0,338.0,374.0,114.2,11.0,13.0,131.0,362.0,173.0,-496.8,21.0
2019-10-08,korea,1112.0,159.0,102.0,1631.0,3.0,0.0,57.0,229.0,74.0,194.6,8.0
2019-10-08,libya,180.0,26.0,43.0,-107.6,0.0,0.0,11.0,0.0,0.0,0.0,0.0
2019-10-08,scs,2188.0,323.0,282.0,1339.1,1.0,0.0,157.0,89.0,35.0,-37.4,16.0
2019-10-08,southasia,8452.0,1151.0,1069.0,5264.4,26.0,29.0,445.0,79.0,28.0,-37.0,6.0
2019-10-08,sudan,541.0,81.0,77.0,592.3,1.0,2.0,47.0,1.0,0.0,-2.0,0.0
2019-10-08,taiwan,330.0,31.0,26.0,415.5,0.0,1.0,16.0,73.0,15.0,78.6,1.0
2019-10-08,ukraine,3992.0,616.0,313.0,4600.3,8.0,1.0,197.0,282.0,62.0,392.2,3.0
2019-10-08,venezuela,365.0,80.0,58.0,-10.3,0.0,0.0,37.0,46.0,8.0,94.5,2.0
2019-10-08,yemen,230.0,39.0,63.0,-295.0,1.0,0.0,9.0,67.0,22.0,-11.6,4.0
2019-10-09,drc,50.0,3.0,0.0,99.6,0.0,0.0,0.0,16.0,7.0,-38.0,0.0
2019-10-09,europe_east,1100.0,121.0,110.0,1619.9,0.0,2.0,55.0,19.0,11.0,-12.0,2.0
2019-10-09,iran,1585.0,292.0,236.0,315.6,12.0,13.0,83.0,295.0,97.0,135.3,3.0
2019-10-09,israel,1771.0,251.0,333.0,-275.8,11.0,4.0,127.0,261.0,114.0,-265.5,36.0
2019-10-09,korea,1000.0,121.0,107.0,1514.2,6.0,2.0,72.0,197.0,39.0,411.1,8.0
2019-10-09,libya,179.0,32.0,24.0,189.3,1.0,1.0,3.0,2.0,0.0,6.8,0.0
2019-10-09,scs,2327.0,286.0,306.0,2122.3,4.0,4.0,180.0,88.0,25.0,96.7,11.0
2019-10-09,southasia,10170.0,1482.0,1047.0,8268.0,8.0,21.0,444.0,78.0,30.0,22.9,2.0
2019-10-09,sudan,493.0,64.0,46.0,667.0,0.0,0.0,27.0,12.0,0.0,36.0,0.0
2019-10-09,taiwan,409.0,34.0,51.0,370.6,0.0,0.0,35.0,69.0,25.0,-0.9,4.0
2019-10-09,ukraine,3402.0,542.0,330.0,3079.1,8.0,8.0,201.0,363.0,85.0,448.1,10.0
2019-10-09,venezuela,428.0,84.0,81.0,-61.1,6.0,1.0,55.0,57.0,27.0,-10.7,5.0
2019-10-09,yemen,227.0,24.0,44.0,-64.2,1.0,1.0,7.0,56.0,20.0,-32.3,1.0
2019-10-10,drc,49.0,0.0,1.0,102.7,0.0,0.0,0.0,2.0,2.0,-20.0,0.0
2019-10-10,europe_east,1858.0,291.0,135.0,2586.2,1.0,2.0,56.0,21.0,13.0,-11.4,0.0
2019-10-10,iran,1777.0,306.0,264.0,782.3,10.0,10.0,106.0,327.0,151.0,-218.5,9.0
2019-10-10,israel,2651.0,468.0,419.0,-2.9,17.0,3.0,153.0,375.0,139.0,-183.6,23.0
2019-10-10,korea,1340.0,160.0,129.0,2261.1,1.0,1.0,71.0,174.0,32.0,392.7,4.0
2019-10-10,libya,235.0,27.0,53.0,-36.1,2.0,0.0,9.0,2.0,2.0,-20.0,0.0
2019-10-10,scs,2070.0,271.0,287.0,1005.8,6.0,1.0,121.0,141.0,47.0,132.5,14.0
2019-10-10,southasia,10037.0,1455.0,1268.0,5709.5,19.0,27.0,587.0,72.0,19.0,2.8,2.0
2019-10-10,sudan,434.0,35.0,35.0,798.6,0.0,1.0,27.0,0.0,0.0,0.0,0.0
2019-10-10,taiwan,442.0,68.0,60.0,94.3,2.0,0.0,45.0,154.0,48.0,-7.5,3.0
2019-10-10,ukraine,3987.0,633.0,428.0,3094.9,4.0,1.0,288.0,330.0,104.0,144.4,16.0
2019-10-10,venezuela,348.0,48.0,55.0,162.9,0.0,0.0,44.0,100.0,29.0,64.4,6.0
2019-10-10,yemen,246.0,29.0,54.0,-74.4,1.0,2.0,15.0,83.0,41.0,-210.9,5.0
2019-10-11,drc,42.0,6.0,0.0,84.0,0.0,0.0,0.0,11.0,0.0,43.6,0.0
2019-10-11,europe_east,1383.0,149.0,104.0,1832.9,0.0,3.0,44.0,34.0,19.0,-61.8,9.0
2019-10-11,iran,3166.0,609.0,576.0,-1007.7,26.0,53.0,168.0,490.0,246.0,-387.9,12.0
2019-10-11,israel,2368.0,356.0,409.0,141.7,13.0,4.0,173.0,352.0,148.0,-297.7,30.0
2019-10-11,korea,763.0,122.0,69.0,796.4,5.0,0.0,37.0,122.0,30.0,262.5,2.0
2019-10-11,libya,232.0,24.0,47.0,-10.4,3.0,0.0,13.0,0.0,0.0,0.0,0.0
2019-10-11,scs,1729.0,255.0,234.0,878.2,4.0,1.0,121.0,56.0,24.0,-59.5,9.0
2019-10-11,southasia,11592.0,1494.0,1322.0,9377.8,8.0,36.0,642.0,72.0,33.0,-61.0,8.0
2019-10-11,sudan,480.0,56.0,46.0,632.6,0.0,2.0,27.0,11.0,0.0,17.8,0.0
2019-10-11,taiwan,313.0,40.0,30.0,329.6,0.0,2.0,17.0,74.0,22.0,6.4,1.0
2019-10-11,ukraine,4371.0,643.0,513.0,3614.2,2.0,6.0,329.0,344.0,112.0,180.4,24.0
2019-10-11,venezuela,227.0,47.0,42.0,-95.8,0.0,1.0,21.0,19.0,8.0,8.8,0.0
2019-10-11,yemen,312.0,46.0,91.0,-571.4,1.0,4.0,11.0,90.0,64.0,-463.1,1.0
2019-10-12,drc,18.0,0.0,2.0,34.7,0.0,0.0,2.0,0.0,0.0,0.0,0.0
2019-10-12,europe_east,600.0,92.0,39.0,1071.7,5.0,4.0,20.0,12.0,5.0,-2.0,5.0
2019-10-12,iran,1611.0,375.0,283.0,-807.5,19.0,35.0,60.0,226.0,145.0,-490.8,7.0
2019-10-12,israel,1356.0,220.0,277.0,-853.0,7.0,1.0,87.0,235.0,131.0,-741.6,19.0
2019-10-12,korea,443.0,71.0,56.0,180.1,3.0,0.0,21.0,94.0,34.0,74.1,6.0
2019-10-12,libya,120.0,13.0,35.0,-82.8,0.0,0.0,12.0,0.0,0.0,0.0,0.0
2019-10-12,scs,1280.0,109.0,174.0,1194.9,0.0,5.0,78.0,49.0,10.0,51.4,8.0
2019-10-12,southasia,8412.0,1129.0,1050.0,5540.4,14.0,23.0,522.0,62.0,26.0,-45.7,8.0
2019-10-12,sudan,428.0,50.0,65.0,221.6,0.0,0.0,39.0,16.0,0.0,71.2,0.0
2019-10-12,taiwan,244.0,19.0,17.0,418.6,0.0,0.0,14.0,46.0,15.0,-3.9,1.0
2019-10-12,ukraine,2263.0,361.0,264.0,993.0,3.0,1.0,162.0,145.0,54.0,-28.5,8.0
2019-10-12,venezuela,174.0,31.0,41.0,-161.1,0.0,0.0,28.0,29.0,9.0,-18.5,0.0
2019-10-12,yemen,146.0,18.0,45.0,-298.1,1.0,0.0,3.0,54.0,29.0,-189.1,0.0
2019-10-13,drc,25.0,0.0,1.0,52.6,0.0,0.0,0.0,7.0,0.0,34.0,0.0
2019-10-13,europe_east,619.0,88.0,57.0,630.9,4.0,1.0,17.0,20.0,5.0,-20.3,2.0
2019-10-13,iran,1958.0,250.0,215.0,2096.7,13.0,17.0,59.0,206.0,88.0,-29.5,5.0
2019-10-13,israel,1551.0,222.0,318.0,-270.1,0.0,2.0,124.0,241.0,126.0,-477.5,23.0
2019-10-13,korea,503.0,77.0,76.0,227.7,0.0,2.0,37.0,86.0,42.0,57.9,4.0
2019-10-13,libya,146.0,27.0,24.0,-22.6,2.0,0.0,14.0,0.0,0.0,0.0,0.0
2019-10-13,scs,1024.0,107.0,91.0,1276.2,1.0,1.0,54.0,38.0,7.0,58.0,0.0
2019-10-13,southasia,7305.0,1064.0,771.0,5543.1,8.0,20.0,409.0,82.0,27.0,-22.3,12.0
2019-10-13,sudan,467.0,50.0,29.0,1059.2,0.0,0.0,15.0,37.0,14.0,-16.8,0.0
2019-10-13,taiwan,198.0,29.0,21.0,176.2,0.0,0.0,15.0,44.0,16.0,26.8,0.0
2019-10-13,ukraine,1834.0,309.0,172.0,1472.7,3.0,2.0,103.0,114.0,47.0,-119.6,7.0
2019-10-13,venezuela,108.0,15.0,16.0,83.5,0.0,1.0,10.0,20.0,6.0,-0.1,0.0
2019-10-13,yemen,180.0,26.0,44.0,-183.7,0.0,4.0,9.0,60.0,34.0,-190.3,0.0
2019-10-14,drc,48.0,8.0,9.0,-34.8,0.0,0.0,0.0,11.0,0.0,45.4,0.0
2019-10-14,europe_east,1065.0,119.0,101.0,1338.8,4.0,0.0,45.0,62.0,12.0,73.8,0.0
2019-10-14,iran,1840.0,327.0,266.0,594.5,18.0,17.0,102.0,237.0,139.0,-285.2,26.0
2019-10-14,israel,1707.0,260.0,312.0,-210.4,17.0,7.0,150.0,279.0,128.0,-434.4,42.0
2019-10-14,korea,893.0,114.0,77.0,1351.6,2.0,4.0,33.0,44.0,16.0,-5.5,3.0
2019-10-14,libya,285.0,57.0,57.0,-214.2,2.0,0.0,12.0,2.0,2.0,-4.0,0.0
2019-10-14,scs,1971.0,259.0,230.0,1557.6,11.0,2.0,124.0,85.0,29.0,75.9,6.0
2019-10-14,southasia,9140.0,1291.0,1049.0,6462.5,25.0,13.0,487.0,74.0,19.0,-1.3,2.0
2019-10-14,sudan,700.0,82.0,92.0,1033.5,0.0,0.0,41.0,33.0,14.0,-13.3,0.0
2019-10-14,taiwan,320.0,24.0,34.0,453.1,0.0,0.0,29.0,78.0,20.0,27.5,3.0
2019-10-14,ukraine,2565.0,444.0,222.0,2252.1,0.0,3.0,152.0,350.0,90.0,392.8,3.0
2019-10-14,venezuela,221.0,38.0,40.0,-35.1,0.0,0.0,30.0,27.0,10.0,-17.2,1.0
2019-10-14,yemen,248.0,24.0,66.0,-244.0,0.0,6.0,13.0,93.0,45.0,-182.6,2.0
2019-10-15,drc,27.0,0.0,0.0,76.2,0.0,0.0,0.0,6.0,0.0,14.1,0.0
2019-10-15,europe_east,1179.0,135.0,96.0,1984.6,4.0,6.0,45.0,29.0,4.0,27.4,0.0
2019-10-15,iran,1617.0,301.0,249.0,755.3,14.0,4.0,121.0,275.0,148.0,-220.7,12.0
2019-10-15,israel,2381.0,332.0,440.0,-416.0,10.0,1.0,163.0,290.0,108.0,-139.3,16.0
2019-10-15,korea,906.0,116.0,126.0,798.9,5.0,5.0,50.0,82.0,31.0,57.3,8.0
2019-10-15,libya,237.0,47.0,42.0,-10.9,0.0,0.0,11.0,0.0,0.0,0.0,0.0
2019-10-15,scs,2133.0,312.0,227.0,2156.3,3.0,3.0,129.0,81.0,38.0,-54.4,12.0
2019-10-15,southasia,10709.0,1536.0,1329.0,6860.6,22.0,33.0,676.0,72.0,25.0,-48.1,0.0
2019-10-15,sudan,636.0,81.0,83.0,539.5,0.0,0.0,13.0,4.0,1.0,15.4,0.0
2019-10-15,taiwan,492.0,41.0,41.0,719.5,0.0,0.0,35.0,59.0,26.0,18.9,2.0
2019-10-15,ukraine,3793.0,596.0,346.0,2735.9,3.0,4.0,220.0,371.0,82.0,352.3,18.0
2019-10-15,venezuela,371.0,58.0,44.0,186.5,3.0,0.0,36.0,31.0,6.0,16.5,0.0
2019-10-15,yemen,240.0,33.0,49.0,-114.9,1.0,3.0,9.0,53.0,21.0,-42.0,0.0
2019-10-16,drc,21.0,1.0,0.0,66.4,0.0,0.0,0.0,7.0,0.0,21.1,0.0
2019-10-16,europe_east,1332.0,124.0,103.0,2133.8,2.0,4.0,57.0,75.0,27.0,6.5,17.0
2019-10-16,iran,2040.0,361.0,406.0,14.5,26.0,7.0,178.0,306.0,162.0,-526.5,32.0
2019-10-16,israel,2482.0,386.0,399.0,458.4,21.0,1.0,163.0,343.0,153.0,-459.7,24.0
2019-10-16,korea,1164.0,128.0,150.0,1309.5,9.0,2.0,96.0,158.0,46.0,-32.2,4.0
2019-10-16,libya,217.0,25.0,25.0,249.6,2.0,0.0,8.0,1.0,0.0,0.4,0.0
2019-10-16,scs,2125.0,284.0,243.0,1582.4,4.0,3.0,129.0,113.0,56.0,-139.8,19.0
2019-10-16,southasia,10277.0,1652.0,1524.0,2598.1,38.0,25.0,596.0,81.0,35.0,-21.5,3.0
2019-10-16,sudan,537.0,68.0,43.0,1041.8,0.0,0.0,24.0,8.0,6.0,-49.0,0.0
2019-10-16,taiwan,509.0,51.0,31.0,745.9,0.0,0.0,13.0,83.0,24.0,7.0,4.0
2019-10-16,ukraine,3686.0,666.0,339.0,2515.1,3.0,4.0,186.0,227.0,58.0,311.7,10.0
2019-10-16,venezuela,356.0,36.0,67.0,68.1,2.0,6.0,30.0,61.0,27.0,-58.1,5.0
2019-10-16,yemen,230.0,26.0,56.0,-115.6,1.0,0.0,4.0,77.0,35.0,-48.3,1.0
2019-10-17,drc,40.0,0.0,2.0,55.2,0.0,0.0,1.0,3.0,0.0,15.0,0.0
2019-10-17,europe_east,1284.0,123.0,142.0,1508.3,0.0,2.0,82.0,89.0,32.0,17.4,27.0
2019-10-17,iran,1524.0,263.0,284.0,-247.8,13.0,10.0,117.0,262.0,121.0,-224.0,9.0
2019-10-17,israel,2675.0,377.0,387.0,1334.2,5.0,7.0,161.0,356.0,165.0,-437.2,36.0
2019-10-17,korea,1111.0,107.0,135.0,1429.2,4.0,2.0,87.0,68.0,5.0,157.7,2.0
2019-10-17,libya,284.0,39.0,41.0,216.5,2.0,0.0,17.0,1.0,1.0,-2.0,0.0
2019-10-17,scs,2511.0,277.0,363.0,1866.7,1.0,14.0,132.0,82.0,31.0,13.2,8.0
2019-10-17,southasia,9890.0,1571.0,1285.0,4583.1,28.0,41.0,536.0,89.0,32.0,-14.9,10.0
2019-10-17,sudan,683.0,81.0,80.0,1053.7,0.0,0.0,49.0,6.0,4.0,12.0,0.0
2019-10-17,taiwan,326.0,48.0,28.0,454.0,1.0,1.0,18.0,85.0,37.0,40.0,0.0
2019-10-17,ukraine,3522.0,518.0,296.0,3394.5,4.0,3.0,183.0,243.0,68.0,274.1,13.0
2019-10-17,venezuela,489.0,83.0,54.0,217.5,0.0,0.0,26.0,72.0,25.0,11.2,0.0
2019-10-17,yemen,172.0,31.0,33.0,-62.7,0.0,2.0,7.0,67.0,30.0,8.7,3.0
2019-10-18,drc,29.0,5.0,0.0,54.0,0.0,0.0,0.0,4.0,3.0,-29.0,0.0
2019-10-18,europe_east,1198.0,116.0,128.0,1311.5,2.0,1.0,44.0,37.0,12.0,-9.3,6.0
2019-10-18,iran,1195.0,217.0,185.0,415.3,10.0,4.0,82.0,251.0,85.0,45.4,5.0
2019-10-18,israel,3115.0,545.0,509.0,-736.9,2.0,9.0,187.0,466.0,168.0,-296.7,14.0
2019-10-18,korea,934.0,74.0,113.0,1268.3,1.0,3.0,62.0,54.0,11.0,94.8,0.0
2019-10-18,libya,297.0,54.0,75.0,-278.0,0.0,1.0,20.0,0.0,0.0,0.0,0.0
2019-10-18,scs,2754.0,354.0,386.0,1719.3,7.0,6.0,129.0,54.0,23.0,32.3,2.0
2019-10-18,southasia,9484.0,1567.0,1300.0,3072.7,15.0,29.0,598.0,50.0,15.0,40.1,2.0
2019-10-18,sudan,848.0,91.0,130.0,902.0,2.0,0.0,49.0,19.0,5.0,-9.9,0.0
2019-10-18,taiwan,377.0,53.0,37.0,470.5,1.0,0.0,28.0,96.0,43.0,18.2,5.0
2019-10-18,ukraine,3297.0,474.0,269.0,2773.9,1.0,2.0,143.0,186.0,72.0,91.2,14.0
2019-10-18,venezuela,435.0,89.0,40.0,372.6,0.0,0.0,22.0,58.0,19.0,44.2,0.0
2019-10-18,yemen,176.0,23.0,33.0,-59.9,1.0,0.0,3.0,37.0,15.0,-26.4,2.0
2019-10-19,drc,13.0,0.0,0.0,44.0,0.0,0.0,0.0,2.0,2.0,-19.0,0.0
2019-10-19,europe_east,421.0,50.0,75.0,92.3,0.0,7.0,35.0,12.0,10.0,-32.6,3.0
2019-10-19,iran,778.0,136.0,125.0,237.7,4.0,1.0,55.0,123.0,41.0,7.1,3.0
2019-10-19,israel,1940.0,364.0,350.0,-933.2,8.0,3.0,140.0,221.0,95.0,-268.7,16.0
2019-10-19,korea,620.0,84.0,99.0,286.7,6.0,3.0,57.0,48.0,22.0,-10.0,8.0
2019-10-19,libya,225.0,51.0,43.0,-186.0,0.0,0.0,15.0,1.0,1.0,-2.0,0.0
2019-10-19,scs,1266.0,145.0,138.0,1490.6,8.0,1.0,62.0,39.0,12.0,38.3,0.0
2019-10-19,southasia,8490.0,1504.0,1309.0,521.7,17.0,47.0,608.0,93.0,31.0,-10.9,4.0
2019-10-19,sudan,441.0,56.0,47.0,609.4,2.0,0.0,16.0,17.0,6.0,-0.4,0.0
2019-10-19,taiwan,236.0,23.0,40.0,59.4,0.0,1.0,22.0,31.0,8.0,29.0,1.0
2019-10-19,ukraine,1422.0,210.0,136.0,1036.1,0.0,2.0,88.0,60.0,23.0,-23.3,14.0
2019-10-19,venezuela,179.0,41.0,25.0,-45.1,0.0,0.0,11.0,53.0,7.0,84.5,0.0
2019-10-19,yemen,116.0,16.0,25.0,-11.9,0.0,1.0,7.0,27.0,12.0,-24.0,0.0
2019-10-20,drc,36.0,1.0,8.0,-40.4,0.0,0.0,2.0,2.0,2.0,-19.5,0.0
2019-10-20,europe_east,378.0,40.0,51.0,322.0,0.0,2.0,19.0,14.0,6.0,-7.3,0.0
2019-10-20,iran,872.0,133.0,209.0,-412.4,6.0,2.0,127.0,196.0,76.0,-250.0,13.0
2019-10-20,israel,2175.0,422.0,390.0,-693.7,3.0,5.0,164.0,258.0,93.0,-88.6,13.0
2019-10-20,korea,509.0,46.0,84.0,427.7,1.0,1.0,48.0,49.0,15.0,-21.5,0.0
2019-10-20,libya,153.0,32.0,44.0,-303.6,3.0,0.0,10.0,1.0,1.0,-10.0,0.0
2019-10-20,scs,1759.0,166.0,265.0,962.9,9.0,1.0,121.0,71.0,21.0,65.6,2.0
2019-10-20,southasia,7847.0,1235.0,1448.0,-1946.6,15.0,50.0,398.0,129.0,57.0,-209.5,7.0
2019-10-20,sudan,558.0,72.0,52.0,620.2,7.0,0.0,21.0,23.0,10.0,-33.8,0.0
2019-10-20,taiwan,214.0,16.0,17.0,351.4,0.0,0.0,14.0,27.0,10.0,-5.0,3.0
2019-10-20,ukraine,1151.0,166.0,85.0,1414.1,2.0,1.0,43.0,100.0,33.0,59.2,2.0
2019-10-20,venezuela,154.0,19.0,10.0,202.0,0.0,0.0,4.0,32.0,9.0,17.2,1.0
2019-10-20,yemen,179.0,43.0,34.0,-217.7,1.0,0.0,8.0,22.0,5.0,19.3,0.0
2019-10-21,drc,56.0,1.0,5.0,23.2,0.0,0.0,0.0,1.0,1.0,-9.5,0.0
2019-10-21,europe_east,980.0,133.0,94.0,870.1,0.0,3.0,37.0,60.0,11.0,86.0,5.0
2019-10-21,iran,1623.0,268.0,302.0,73.5,10.0,8.0,179.0,272.0,138.0,-256.9,37.0
2019-10-21,israel,3071.0,555.0,506.0,306.3,8.0,2.0,259.0,399.0,191.0,-386.5,47.0
2019-10-21,korea,992.0,176.0,111.0,1047.7,1.0,2.0,56.0,139.0,44.0,175.3,3.0
2019-10-21,libya,257.0,51.0,37.0,28.1,2.0,0.0,14.0,2.0,2.0,-4.0,0.0
2019-10-21,scs,2355.0,272.0,309.0,1779.6,1.0,1.0,132.0,68.0,12.0,155.2,3.0
2019-10-21,southasia,9770.0,1626.0,1512.0,957.6,30.0,99.0,507.0,129.0,48.0,-28.8,9.0
2019-10-21,sudan,857.0,162.0,115.0,233.3,14.0,0.0,51.0,28.0,9.0,13.9,0.0
2019-10-21,taiwan,412.0,57.0,25.0,579.7,2.0,0.0,10.0,178.0,48.0,127.7,1.0
2019-10-21,ukraine,2139.0,308.0,177.0,2533.7,2.0,2.0,98.0,151.0,61.0,-84.6,20.0
2019-10-21,venezuela,224.0,27.0,31.0,235.0,1.0,0.0,23.0,42.0,14.0,19.3,2.0
2019-10-21,yemen,189.0,26.0,49.0,-115.0,0.0,0.0,19.0,36.0,18.0,-32.5,3.0
2019-10-22,drc,42.0,3.0,2.0,61.4,0.0,0.0,0.0,1.0,0.0,0.0,0.0
2019-10-22,europe_east,1079.0,97.0,76.0,1914.3,1.0,1.0,33.0,51.0,19.0,-9.1,4.0
2019-10-22,iran,1571.0,242.0,229.0,748.7,9.0,8.0,100.0,193.0,89.0,-95.3,23.0
2019-10-22,israel,3692.0,721.0,533.0,263.9,12.0,10.0,234.0,373.0,148.0,-256.0,30.0
2019-10-22,korea,1047.0,137.0,144.0,811.4,0.0,3.0,62.0,97.0,37.0,-45.8,5.0
2019-10-22,libya,319.0,57.0,106.0,-638.8,2.0,0.0,33.0,2.0,2.0,-10.0,0.0
2019-10-22,scs,2464.0,289.0,268.0,2463.4,7.0,9.0,104.0,99.0,29.0,59.4,3.0
2019-10-22,southasia,9616.0,1654.0,1436.0,1451.6,36.0,22.0,672.0,98.0,29.0,62.1,0.0
2019-10-22,sudan,638.0,63.0,54.0,1235.1,0.0,1.0,37.0,3.0,0.0,15.0,0.0
2019-10-22,taiwan,415.0,61.0,33.0,592.1,1.0,0.0,15.0,66.0,18.0,45.7,0.0
2019-10-22,ukraine,2855.0,419.0,264.0,2841.2,2.0,6.0,182.0,331.0,85.0,256.7,30.0
2019-10-22,venezuela,283.0,41.0,31.0,350.9,0.0,1.0,19.0,28.0,13.0,-30.4,0.0
2019-10-22,yemen,219.0,20.0,51.0,24.1,0.0,0.0,8.0,32.0,10.0,42.5,1.0
2019-10-23,drc,25.0,0.0,0.0,70.7,0.0,0.0,0.0,5.0,2.0,-9.3,1.0
2019-10-23,europe_east,929.0,73.0,100.0,1158.3,0.0,15.0,46.0,50.0,16.0,15.8,7.0
2019-10-23,iran,1330.0,253.0,226.0,82.5,13.0,7.0,86.0,185.0,86.0,-15.6,12.0
2019-10-23,israel,3960.0,658.0,704.0,-770.0,10.0,8.0,264.0,421.0,190.0,-478.6,30.0
2019-10-23,korea,1294.0,165.0,155.0,1196.3,3.0,0.0,83.0,221.0,66.0,192.8,2.0
2019-10-23,libya,248.0,33.0,53.0,-34.4,0.0,0.0,13.0,2.0,2.0,-4.0,0.0
2019-10-23,scs,2583.0,267.0,287.0,2727.6,2.0,9.0,154.0,87.0,29.0,-0.1,5.0
2019-10-23,southasia,10133.0,1653.0,1610.0,1284.9,41.0,35.0,697.0,71.0,30.0,-130.2,2.0
2019-10-23,sudan,681.0,53.0,59.0,1770.0,2.0,2.0,24.0,8.0,1.0,34.5,0.0
2019-10-23,taiwan,585.0,92.0,95.0,426.9,0.0,0.0,45.0,90.0,41.0,-37.2,7.0
2019-10-23,ukraine,3842.0,488.0,376.0,3524.1,2.0,4.0,226.0,293.0,94.0,-12.7,11.0
2019-10-23,venezuela,351.0,69.0,44.0,176.0,6.0,1.0,23.0,22.0,6.0,17.4,0.0
2019-10-23,yemen,266.0,36.0,62.0,-154.7,3.0,2.0,9.0,62.0,34.0,-197.7,2.0
2019-10-24,drc,51.0,7.0,15.0,-35.8,0.0,0.0,2.0,4.0,3.0,-22.5,0.0
2019-10-24,europe_east,1030.0,99.0,108.0,1327.6,3.0,1.0,57.0,45.0,16.0,40.3,4.0
2019-10-24,iran,1524.0,275.0,239.0,239.6,21.0,6.0,96.0,324.0,129.0,-164.0,19.0
2019-10-24,israel,3861.0,687.0,703.0,-995.9,17.0,14.0,296.0,462.0,222.0,-698.2,55.0
2019-10-24,korea,1327.0,146.0,117.0,1859.0,0.0,2.0,65.0,291.0,68.0,367.6,3.0
2019-10-24,libya,336.0,43.0,68.0,16.7,2.0,0.0,21.0,2.0,2.0,-10.0,0.0
2019-10-24,scs,2269.0,214.0,249.0,2445.0,3.0,2.0,129.0,112.0,19.0,207.2,11.0
2019-10-24,southasia,9978.0,1488.0,1058.0,10355.3,23.0,31.0,542.0,65.0,17.0,130.7,4.0
2019-10-24,sudan,639.0,28.0,54.0,1171.4,0.0,3.0,16.0,2.0,0.0,16.0,0.0
2019-10-24,taiwan,417.0,52.0,56.0,351.6,0.0,0.0,31.0,69.0,27.0,-4.3,1.0
2019-10-24,ukraine,2925.0,400.0,291.0,2633.3,3.0,2.0,171.0,244.0,83.0,-39.1,13.0
2019-10-24,venezuela,322.0,73.0,42.0,27.4,3.0,0.0,26.0,20.0,7.0,-5.2,1.0
2019-10-24,yemen,246.0,33.0,34.0,205.0,1.0,2.0,7.0,89.0,35.0,-32.2,6.0
2019-10-25,drc,43.0,4.0,12.0,-42.1,0.0,0.0,4.0,11.0,5.0,-33.4,0.0
2019-10-25,europe_east,1142.0,120.0,149.0,1201.4,2.0,2.0,84.0,48.0,7.0,86.5,4.0
2019-10-25,iran,1219.0,212.0,231.0,-306.9,13.0,13.0,117.0,175.0,82.0,-287.1,18.0
2019-10-25,israel,2871.0,496.0,541.0,-949.8,31.0,14.0,189.0,370.0,176.0,-554.5,29.0
2019-10-25,korea,1139.0,156.0,91.0,1508.9,4.0,1.0,42.0,194.0,44.0,258.6,5.0
2019-10-25,libya,238.0,38.0,59.0,-133.9,0.0,2.0,23.0,0.0,0.0,0.0,0.0
2019-10-25,scs,2406.0,278.0,390.0,682.8,7.0,15.0,131.0,173.0,21.0,588.4,2.0
2019-10-25,southasia,9733.0,1501.0,984.0,9609.7,22.0,24.0,477.0,53.0,32.0,-105.2,2.0
2019-10-25,sudan,394.0,25.0,24.0,810.5,0.0,1.0,12.0,9.0,0.0,28.5,0.0
2019-10-25,taiwan,443.0,43.0,50.0,558.7,1.0,4.0,26.0,76.0,24.0,44.4,5.0
2019-10-25,ukraine,2618.0,331.0,251.0,2847.8,3.0,1.0,150.0,193.0,55.0,114.0,5.0
2019-10-25,venezuela,278.0,53.0,43.0,2.7,0.0,1.0,14.0,29.0,7.0,17.3,2.0
2019-10-25,yemen,200.0,27.0,23.0,124.0,0.0,4.0,4.0,70.0,19.0,51.2,4.0
2019-10-26,drc,41.0,2.0,1.0,148.4,0.0,0.0,0.0,11.0,1.0,29.4,0.0
2019-10-26,europe_east,675.0,65.0,82.0,551.4,3.0,0.0,49.0,26.0,11.0,-33.5,6.0
2019-10-26,iran,829.0,151.0,157.0,-321.1,6.0,0.0,61.0,106.0,53.0,-87.3,10.0
2019-10-26,israel,1881.0,368.0,314.0,-668.5,20.0,7.0,105.0,194.0,88.0,-289.6,16.0
2019-10-26,korea,535.0,62.0,51.0,865.7,1.0,0.0,22.0,80.0,18.0,182.4,0.0
2019-10-26,libya,146.0,15.0,31.0,11.6,1.0,0.0,8.0,2.0,2.0,-20.0,0.0
2019-10-26,scs,1935.0,154.0,286.0,733.2,2.0,0.0,120.0,63.0,16.0,-30.3,3.0
2019-10-26,southasia,7574.0,1126.0,881.0,6323.2,31.0,16.0,370.0,47.0,17.0,-36.4,2.0
2019-10-26,sudan,208.0,38.0,9.0,219.3,2.0,1.0,5.0,2.0,0.0,4.7,0.0
2019-10-26,taiwan,218.0,36.0,22.0,149.1,3.0,0.0,6.0,21.0,6.0,-6.6,4.0
2019-10-26,ukraine,1613.0,261.0,133.0,1378.1,4.0,3.0,80.0,169.0,47.0,144.5,2.0
2019-10-26,venezuela,143.0,26.0,24.0,-20.9,0.0,0.0,10.0,10.0,7.0,-42.9,1.0
2019-10-26,yemen,169.0,30.0,24.0,57.9,1.0,0.0,5.0,72.0,20.0,44.4,2.0
2019-10-27,drc,40.0,0.0,1.0,142.5,0.0,0.0,0.0,13.0,0.0,62.9,0.0
2019-10-27,europe_east,409.0,36.0,58.0,446.1,3.0,0.0,31.0,22.0,12.0,-49.0,2.0
2019-10-27,iran,874.0,172.0,261.0,-1576.8,10.0,5.0,81.0,173.0,84.0,-250.7,7.0
2019-10-27,israel,2570.0,428.0,507.0,-1089.6,10.0,10.0,181.0,340.0,166.0,-715.2,26.0
2019-10-27,korea,715.0,107.0,79.0,463.3,0.0,0.0,48.0,170.0,62.0,41.7,2.0
2019-10-27,libya,274.0,47.0,62.0,-263.5,6.0,0.0,10.0,0.0,0.0,0.0,0.0
2019-10-27,scs,1707.0,183.0,242.0,721.5,2.0,5.0,103.0,97.0,7.0,286.4,0.0
2019-10-27,southasia,6017.0,893.0,741.0,3721.2,14.0,29.0,332.0,60.0,22.0,10.6,3.0
2019-10-27,sudan,299.0,29.0,25.0,494.6,0.0,0.0,10.0,3.0,0.0,8.2,0.0
2019-10-27,taiwan,210.0,19.0,28.0,137.5,0.0,0.0,13.0,32.0,14.0,15.4,9.0
2019-10-27,ukraine,1314.0,211.0,127.0,933.8,0.0,0.0,58.0,88.0,29.0,2.4,1.0
2019-10-27,venezuela,137.0,27.0,9.0,175.8,1.0,0.0,1.0,30.0,8.0,-4.2,3.0
2019-10-27,yemen,155.0,18.0,19.0,243.5,2.0,2.0,4.0,50.0,12.0,19.1,0.0
2019-10-28,drc,27.0,4.0,2.0,42.3,0.0,0.0,0.0,0.0,0.0,0.0,0.0
2019-10-28,europe_east,750.0,78.0,105.0,932.5,1.0,5.0,65.0,65.0,15.0,66.8,11.0
2019-10-28,iran,1169.0,232.0,202.0,-279.6,11.0,4.0,82.0,240.0,101.0,-289.2,6.0
2019-10-28,israel,3354.0,543.0,591.0,-409.6,16.0,11.0,223.0,520.0,250.0,-968.2,34.0
2019-10-28,korea,997.0,114.0,128.0,600.5,4.0,0.0,57.0,157.0,50.0,60.9,4.0
2019-10-28,libya,295.0,50.0,57.0,-164.3,0.0,2.0,17.0,0.0,0.0,0.0,0.0
2019-10-28,scs,2904.0,352.0,430.0,841.4,20.0,12.0,148.0,180.0,35.0,253.1,8.0
2019-10-28,southasia,8595.0,1225.0,972.0,6679.8,16.0,18.0,427.0,86.0,47.0,-108.2,4.0
2019-10-28,sudan,449.0,48.0,35.0,579.0,2.0,0.0,10.0,3.0,0.0,8.2,0.0
2019-10-28,taiwan,362.0,29.0,35.0,698.1,1.0,0.0,30.0,58.0,20.0,2.0,7.0
2019-10-28,ukraine,2392.0,337.0,197.0,2209.1,7.0,9.0,118.0,170.0,62.0,-0.6,5.0
2019-10-28,venezuela,195.0,59.0,11.0,136.5,0.0,0.0,5.0,29.0,9.0,52.0,0.0
2019-10-28,yemen,240.0,24.0,44.0,174.0,4.0,6.0,17.0,75.0,29.0,-35.8,0.0
2019-10-29,drc,39.0,5.0,3.0,65.0,0.0,0.0,0.0,13.0,5.0,-9.2,0.0
2019-10-29,europe_east,973.0,112.0,89.0,1337.9,1.0,7.0,50.0,72.0,22.0,29.3,17.0
2019-10-29,iran,1213.0,199.0,237.0,-589.7,10.0,8.0,91.0,245.0,124.0,-351.1,25.0
2019-10-29,israel,4197.0,758.0,800.0,-1728.1,20.0,23.0,278.0,565.0,268.0,-867.5,49.0
2019-10-29,korea,1031.0,122.0,108.0,1185.9,2.0,0.0,49.0,154.0,32.0,222.4,0.0
2019-10-29,libya,276.0,36.0,21.0,377.4,1.0,0.0,3.0,0.0,0.0,0.0,0.0
2019-10-29,scs,2929.0,336.0,362.0,1860.2,10.0,6.0,138.0,231.0,27.0,650.1,15.0
2019-10-29,southasia,9899.0,1256.0,1210.0,7433.2,25.0,23.0,458.0,75.0,28.0,5.7,5.0
2019-10-29,sudan,384.0,35.0,40.0,428.3,0.0,2.0,21.0,2.0,2.0,-18.0,0.0
2019-10-29,taiwan,392.0,48.0,47.0,333.5,0.0,2.0,28.0,53.0,26.0,-103.9,12.0
2019-10-29,ukraine,3362.0,471.0,251.0,3576.8,15.0,11.0,96.0,360.0,84.0,278.3,12.0
2019-10-29,venezuela,485.0,40.0,35.0,781.9,2.0,1.0,26.0,51.0,21.0,-14.8,2.0
2019-10-29,yemen,204.0,22.0,35.0,219.1,2.0,2.0,12.0,57.0,24.0,-24.1,1.0
2019-10-30,drc,27.0,1.0,2.0,79.1,0.0,0.0,0.0,5.0,0.0,14.4,0.0
2019-10-30,europe_east,901.0,79.0,114.0,656.4,0.0,2.0,32.0,43.0,9.0,45.6,2.0
2019-10-30,iran,1658.0,323.0,240.0,333.8,10.0,8.0,109.0,312.0,150.0,-206.2,10.0
2019-10-30,israel,3995.0,761.0,739.0,-2015.2,13.0,15.0,300.0,514.0,228.0,-480.6,27.0
2019-10-30,korea,1022.0,130.0,128.0,981.0,4.0,0.0,57.0,103.0,34.0,-1.4,6.0
2019-10-30,libya,247.0,30.0,38.0,154.7,0.0,2.0,11.0,0.0,0.0,0.0,0.0
2019-10-30,scs,2353.0,266.0,286.0,2084.0,9.0,19.0,109.0,151.0,18.0,455.4,1.0
2019-10-30,southasia,9967.0,1569.0,1314.0,4130.8,13.0,24.0,478.0,63.0,39.0,-144.0,6.0
2019-10-30,sudan,679.0,83.0,103.0,351.4,0.0,5.0,19.0,10.0,4.0,-16.0,0.0
2019-10-30,taiwan,473.0,93.0,20.0,536.5,0.0,0.0,15.0,76.0,21.0,162.5,9.0
2019-10-30,ukraine,3604.0,581.0,264.0,3074.4,6.0,4.0,137.0,450.0,137.0,403.1,14.0
2019-10-30,venezuela,239.0,33.0,42.0,-13.2,0.0,0.0,16.0,33.0,13.0,-3.9,2.0
2019-10-30,yemen,381.0,32.0,102.0,-199.8,0.0,9.0,27.0,101.0,39.0,-74.5,10.0
2019-10-31,drc,35.0,0.0,4.0,39.2,0.0,0.0,0.0,7.0,0.0,28.0,0.0
2019-10-31,europe_east,935.0,110.0,100.0,885.0,0.0,5.0,41.0,51.0,4.0,116.1,0.0
2019-10-31,iran,1735.0,293.0,286.0,134.6,13.0,8.0,107.0,286.0,132.0,-323.4,11.0
2019-10-31,israel,3891.0,606.0,783.0,-1757.6,13.0,12.0,351.0,590.0,290.0,-1294.1,70.0
2019-10-31,korea,1520.0,185.0,234.0,430.3,2.0,2.0,75.0,420.0,168.0,-376.2,15.0
2019-10-31,libya,328.0,58.0,65.0,-95.3,0.0,0.0,30.0,1.0,0.0,0.0,0.0
2019-10-31,scs,2510.0,296.0,325.0,1359.5,6.0,12.0,112.0,104.0,24.0,209.4,2.0
2019-10-31,southasia,10393.0,1535.0,1122.0,6962.0,8.0,34.0,472.0,99.0,46.0,-87.0,15.0
2019-10-31,sudan,615.0,82.0,93.0,396.6,4.0,2.0,31.0,15.0,7.0,-20.2,1.0
2019-10-31,taiwan,413.0,50.0,39.0,539.5,0.0,0.0,27.0,76.0,20.0,164.3,4.0
2019-10-31,ukraine,3918.0,562.0,319.0,3797.9,9.0,16.0,171.0,404.0,110.0,286.0,12.0
2019-10-31,venezuela,277.0,38.0,41.0,195.6,0.0,0.0,20.0,68.0,23.0,44.5,3.0
2019-10-31,yemen,312.0,38.0,66.0,70.2,3.0,2.0,14.0,102.0,23.0,175.9,8.0
2019-11-01,drc,15.0,1.0,0.0,40.1,0.0,0.0,0.0,8.0,0.0,32.0,0.0
2019-11-01,europe_east,690.0,87.0,53.0,1011.5,1.0,2.0,25.0,31.0,9.0,41.7,0.0
2019-11-01,iran,1384.0,206.0,212.0,369.7,15.0,9.0,90.0,302.0,112.0,0.6,15.0
2019-11-01,israel,3194.0,549.0,631.0,-1409.0,20.0,6.0,280.0,498.0,243.0,-954.3,52.0
2019-11-01,korea,1348.0,134.0,158.0,1178.8,2.0,7.0,52.0,386.0,104.0,269.3,7.0
2019-11-01,libya,286.0,37.0,47.0,88.1,5.0,0.0,20.0,1.0,1.0,-10.0,0.0
2019-11-01,scs,2112.0,202.0,329.0,1518.6,4.0,8.0,164.0,96.0,17.0,218.5,4.0
2019-11-01,southasia,9574.0,1320.0,928.0,9315.5,28.0,22.0,423.0,53.0,15.0,70.1,3.0
2019-11-01,sudan,380.0,41.0,59.0,316.7,0.0,2.0,18.0,3.0,3.0,-22.0,0.0
2019-11-01,taiwan,300.0,44.0,36.0,328.0,0.0,0.0,30.0,52.0,19.0,-43.9,8.0
2019-11-01,ukraine,2974.0,465.0,244.0,2630.9,5.0,5.0,130.0,248.0,43.0,330.9,5.0
2019-11-01,venezuela,250.0,33.0,20.0,320.2,0.0,1.0,16.0,54.0,21.0,-4.3,1.0
2019-11-01,yemen,178.0,25.0,41.0,-131.3,0.0,2.0,6.0,62.0,34.0,-218.5,3.0
2019-11-02,drc,19.0,1.0,2.0,25.7,0.0,0.0,0.0,2.0,0.0,10.0,0.0
2019-11-02,europe_east,397.0,27.0,30.0,568.5,1.0,0.0,12.0,24.0,13.0,-58.8,9.0
2019-11-02,iran,1092.0,156.0,141.0,898.2,11.0,1.0,84.0,224.0,95.0,-198.0,9.0
2019-11-02,israel,2102.0,413.0,575.0,-3584.5,9.0,0.0,137.0,410.0,280.0,-1876.7,17.0
2019-11-02,korea,588.0,58.0,57.0,731.1,3.0,0.0,16.0,142.0,48.0,124.5,4.0
2019-11-02,libya,147.0,16.0,21.0,41.1,0.0,0.0,6.0,0.0,0.0,0.0,0.0
2019-11-02,scs,1849.0,174.0,317.0,776.0,3.0,7.0,150.0,70.0,18.0,-2.8,1.0
2019-11-02,southasia,7746.0,1208.0,874.0,4244.8,28.0,18.0,349.0,40.0,12.0,62.0,2.0
2019-11-02,sudan,192.0,14.0,21.0,283.6,0.0,4.0,5.0,4.0,0.0,9.4,0.0
2019-11-02,taiwan,174.0,18.0,15.0,271.9,0.0,0.0,11.0,24.0,4.0,25.0,1.0
2019-11-02,ukraine,1757.0,260.0,131.0,1677.0,2.0,0.0,72.0,211.0,58.0,23.3,3.0
2019-11-02,venezuela,174.0,25.0,21.0,147.2,0.0,0.0,10.0,15.0,9.0,-19.5,0.0
2019-11-02,yemen,227.0,14.0,60.0,-20.5,0.0,4.0,22.0,49.0,17.0,30.6,5.0
2019-11-03,drc,31.0,1.0,19.0,-140.2,0.0,0.0,5.0,4.0,1.0,9.1,1.0
2019-11-03,europe_east,328.0,60.0,20.0,268.8,0.0,0.0,9.0,2.0,2.0,-14.4,0.0
2019-11-03,iran,1157.0,195.0,188.0,40.5,13.0,1.0,85.0,352.0,163.0,-352.3,24.0
2019-11-03,israel,2674.0,492.0,555.0,-2164.3,20.0,8.0,176.0,451.0,256.0,-1441.3,28.0
2019-11-03,korea,565.0,43.0,50.0,843.9,3.0,1.0,26.0,96.0,19.0,123.8,4.0
2019-11-03,libya,170.0,20.0,29.0,98.9,0.0,0.0,15.0,2.0,2.0,-20.0,0.0
2019-11-03,scs,1628.0,167.0,206.0,1294.9,7.0,7.0,125.0,101.0,7.0,310.9,2.0
2019-11-03,southasia,7311.0,1093.0,751.0,5308.8,21.0,19.0,307.0,34.0,10.0,30.0,0.0
2019-11-03,sudan,343.0,68.0,44.0,217.8,0.0,4.0,12.0,12.0,5.0,7.8,0.0
2019-11-03,taiwan,178.0,18.0,7.0,338.7,1.0,0.0,6.0,23.0,0.0,80.6,0.0
2019-11-03,ukraine,1213.0,237.0,113.0,564.3,3.0,0.0,58.0,96.0,24.0,100.7,6.0
2019-11-03,venezuela,225.0,61.0,68.0,-367.1,0.0,0.0,55.0,14.0,4.0,25.8,2.0
2019-11-03,yemen,157.0,28.0,31.0,-14.6,0.0,3.0,9.0,42.0,30.0,-122.9,9.0
2019-11-04,drc,91.0,4.0,25.0,-7.9,0.0,0.0,0.0,27.0,4.0,63.8,1.0
2019-11-04,europe_east,1089.0,162.0,90.0,1458.2,2.0,3.0,44.0,52.0,14.0,71.1,4.0
2019-11-04,iran,2845.0,538.0,520.0,-1185.0,8.0,11.0,219.0,850.0,371.0,-641.4,39.0
2019-11-04,israel,3342.0,624.0,539.0,-390.5,24.0,15.0,206.0,422.0,229.0,-1075.2,36.0
2019-11-04,korea,1274.0,99.0,107.0,2390.9,0.0,0.0,57.0,225.0,51.0,437.6,7.0
2019-11-04,libya,197.0,22.0,44.0,-73.8,0.0,0.0,8.0,1.0,0.0,0.0,0.0
2019-11-04,scs,2863.0,309.0,489.0,1391.5,10.0,0.0,290.0,188.0,43.0,138.3,5.0
2019-11-04,southasia,9753.0,1587.0,1074.0,6928.0,15.0,25.0,464.0,48.0,24.0,-44.3,7.0
2019-11-04,sudan,764.0,86.0,94.0,923.5,1.0,4.0,34.0,5.0,0.0,8.4,0.0
2019-11-04,taiwan,332.0,35.0,35.0,356.0,1.0,0.0,13.0,65.0,18.0,61.5,3.0
2019-11-04,ukraine,2705.0,433.0,270.0,1598.7,1.0,0.0,146.0,179.0,46.0,20.2,3.0
2019-11-04,venezuela,341.0,77.0,44.0,108.4,0.0,0.0,35.0,45.0,8.0,76.4,0.0
2019-11-04,yemen,269.0,24.0,45.0,-34.3,0.0,1.0,6.0,86.0,29.0,-34.9,6.0
2019-11-05,drc,21.0,1.0,3.0,13.2,0.0,0.0,1.0,2.0,2.0,-10.0,2.0
2019-11-05,europe_east,971.0,120.0,76.0,1451.6,1.0,2.0,40.0,76.0,18.0,56.8,6.0
2019-11-05,iran,2674.0,488.0,439.0,-48.0,12.0,10.0,191.0,632.0,236.0,36.2,32.0
2019-11-05,israel,3279.0,678.0,651.0,-1875.1,20.0,15.0,288.0,469.0,247.0,-877.9,54.0
2019-11-05,korea,1313.0,147.0,121.0,2049.2,8.0,1.0,67.0,247.0,85.0,255.2,5.0
2019-11-05,libya,184.0,27.0,47.0,-236.8,0.0,0.0,11.0,2.0,1.0,-7.0,0.0
2019-11-05,scs,2861.0,371.0,531.0,144.0,11.0,4.0,247.0,162.0,32.0,270.6,11.0
2019-11-05,southasia,9936.0,1708.0,1142.0,5309.8,16.0,30.0,491.0,48.0,16.0,-41.2,2.0
2019-11-05,sudan,641.0,68.0,62.0,931.4,1.0,2.0,29.0,2.0,2.0,-6.0,0.0
2019-11-05,taiwan,403.0,42.0,36.0,531.6,0.0,0.0,18.0,55.0,18.0,30.7,3.0
2019-11-05,ukraine,3331.0,535.0,279.0,2842.2,2.0,0.0,162.0,263.0,79.0,31.2,10.0
2019-11-05,venezuela,287.0,45.0,65.0,-100.4,1.0,0.0,45.0,54.0,25.0,-58.9,5.0
2019-11-05,yemen,433.0,30.0,72.0,531.3,1.0,4.0,15.0,186.0,42.0,279.6,7.0
2019-11-06,drc,71.0,13.0,27.0,-214.6,0.0,0.0,6.0,3.0,0.0,21.0,0.0
2019-11-06,europe_east,1027.0,132.0,80.0,1177.4,0.0,2.0,48.0,64.0,14.0,45.5,6.0
2019-11-06,iran,2059.0,336.0,302.0,409.2,7.0,8.0,117.0,445.0,152.0,-88.9,26.0
2019-11-06,israel,3556.0,607.0,541.0,716.4,13.0,10.0,266.0,496.0,176.0,-97.3,34.0
2019-11-06,korea,954.0,120.0,86.0,1276.2,5.0,6.0,29.0,147.0,46.0,178.5,6.0
2019-11-06,libya,263.0,48.0,53.0,-104.5,0.0,0.0,5.0,1.0,1.0,-5.0,0.0
2019-11-06,scs,3009.0,399.0,462.0,1121.2,19.0,8.0,165.0,90.0,37.0,-83.4,4.0
2019-11-06,southasia,9999.0,1653.0,1146.0,5577.2,27.0,42.0,468.0,98.0,14.0,156.4,3.0
2019-11-06,sudan,645.0,106.0,51.0,862.5,1.0,0.0,26.0,0.0,0.0,0.0,0.0
2019-11-06,taiwan,392.0,51.0,32.0,552.7,2.0,0.0,25.0,64.0,16.0,86.0,9.0
2019-11-06,ukraine,3194.0,403.0,288.0,3031.5,8.0,3.0,143.0,204.0,67.0,199.7,10.0
2019-11-06,venezuela,186.0,29.0,36.0,50.3,2.0,0.0,26.0,34.0,22.0,-106.2,4.0
2019-11-06,yemen,501.0,49.0,84.0,246.8,0.0,5.0,14.0,185.0,34.0,199.6,4.0
2019-11-07,drc,84.0,14.0,44.0,-279.3,0.0,0.0,23.0,31.0,17.0,-56.0,7.0
2019-11-07,europe_east,1081.0,92.0,97.0,1601.9,7.0,3.0,61.0,143.0,37.0,-15.5,27.0
2019-11-07,iran,1904.0,305.0,305.0,447.0,7.0,12.0,122.0,320.0,119.0,-106.3,14.0
2019-11-07,israel,3516.0,616.0,544.0,364.4,19.0,11.0,250.0,445.0,186.0,-404.2,29.0
2019-11-07,korea,1243.0,196.0,189.0,561.9,12.0,7.0,65.0,256.0,112.0,-83.7,16.0
2019-11-07,libya,309.0,37.0,46.0,218.4,0.0,2.0,11.0,3.0,0.0,4.7,0.0
2019-11-07,scs,3169.0,347.0,567.0,1099.3,10.0,1.0,250.0,73.0,13.0,131.1,0.0
2019-11-07,southasia,9857.0,1489.0,1017.0,8529.4,24.0,55.0,430.0,97.0,16.0,154.1,10.0
2019-11-07,sudan,964.0,152.0,58.0,1454.7,0.0,3.0,24.0,6.0,0.0,6.0,0.0
2019-11-07,taiwan,437.0,54.0,42.0,470.3,10.0,0.0,34.0,82.0,44.0,-170.7,26.0
2019-11-07,ukraine,3398.0,474.0,269.0,3703.2,4.0,6.0,141.0,287.0,65.0,485.7,7.0
2019-11-07,venezuela,225.0,25.0,31.0,237.8,0.0,0.0,15.0,14.0,0.0,64.4,0.0
2019-11-07,yemen,453.0,60.0,107.0,-140.7,1.0,3.0,20.0,155.0,45.0,244.9,7.0
2019-11-08,drc,47.0,5.0,7.0,20.5,0.0,0.0,6.0,5.0,5.0,-42.0,4.0
2019-11-08,europe_east,1157.0,112.0,123.0,1562.4,14.0,2.0,69.0,46.0,15.0,5.5,6.0
2019-11-08,iran,1785.0,301.0,307.0,-565.9,11.0,3.0,74.0,260.0,135.0,-350.5,12.0
2019-11-08,israel,2858.0,495.0,487.0,-249.1,10.0,8.0,223.0,305.0,121.0,-197.4,18.0
2019-11-08,korea,1491.0,222.0,128.0,1776.5,10.0,3.0,54.0,291.0,92.0,161.8,10.0
2019-11-08,libya,210.0,32.0,58.0,-214.6,0.0,3.0,8.0,2.0,1.0,5.4,0.0
2019-11-08,scs,2768.0,270.0,491.0,946.3,7.0,11.0,246.0,117.0,25.0,198.9,8.0
2019-11-08,southasia,10289.0,1602.0,1152.0,8506.7,9.0,87.0,497.0,80.0,22.0,-12.3,3.0
2019-11-08,sudan,623.0,79.0,37.0,1122.6,0.0,2.0,21.0,0.0,0.0,0.0,0.0
2019-11-08,taiwan,369.0,30.0,29.0,512.4,0.0,0.0,17.0,70.0,12.0,100.3,8.0
2019-11-08,ukraine,3419.0,610.0,247.0,3345.3,7.0,5.0,124.0,433.0,169.0,85.5,14.0
2019-11-08,venezuela,227.0,35.0,36.0,37.4,0.0,0.0,11.0,38.0,8.0,62.1,0.0
2019-11-08,yemen,254.0,35.0,58.0,-35.3,1.0,1.0,13.0,61.0,16.0,77.8,2.0
2019-11-09,drc,9.0,0.0,0.0,12.9,0.0,0.0,0.0,2.0,0.0,4.7,0.0
2019-11-09,europe_east,730.0,71.0,66.0,1057.2,0.0,2.0,33.0,33.0,12.0,-42.2,3.0
2019-11-09,iran,1283.0,197.0,170.0,472.5,8.0,2.0,51.0,224.0,95.0,-53.4,7.0
2019-11-09,israel,1496.0,231.0,237.0,337.7,8.0,6.0,128.0,131.0,53.0,-135.8,15.0
2019-11-09,korea,387.0,41.0,47.0,367.8,7.0,0.0,20.0,52.0,15.0,13.7,2.0
2019-11-09,libya,124.0,16.0,18.0,46.8,0.0,2.0,3.0,0.0,0.0,0.0,0.0
2019-11-09,scs,1880.0,188.0,290.0,1367.6,7.0,6.0,116.0,61.0,18.0,30.2,3.0
2019-11-09,southasia,10410.0,1423.0,1098.0,8759.1,14.0,162.0,415.0,103.0,21.0,71.7,0.0
2019-11-09,sudan,190.0,28.0,31.0,72.8,1.0,1.0,7.0,0.0,0.0,0.0,0.0
2019-11-09,taiwan,173.0,19.0,16.0,200.9,1.0,0.0,9.0,28.0,10.0,-7.6,5.0
2019-11-09,ukraine,1968.0,307.0,152.0,1662.1,3.0,0.0,71.0,214.0,65.0,90.9,10.0
2019-11-09,venezuela,124.0,8.0,22.0,79.9,1.0,0.0,15.0,16.0,4.0,39.0,0.0
2019-11-09,yemen,142.0,19.0,20.0,185.2,0.0,0.0,6.0,55.0,23.0,-26.4,0.0
2019-11-10,drc,20.0,1.0,16.0,-158.5,0.0,0.0,0.0,15.0,8.0,-48.5,0.0
2019-11-10,europe_east,649.0,61.0,81.0,493.6,0.0,1.0,39.0,40.0,13.0,-4.6,10.0
2019-11-10,iran,1310.0,217.0,206.0,19.4,6.0,1.0,92.0,243.0,114.0,-139.2,7.0
2019-11-10,israel,2289.0,399.0,409.0,-347.2,9.0,6.0,144.0,262.0,130.0,-531.7,23.0
2019-11-10,korea,646.0,39.0,32.0,1385.1,4.0,0.0,14.0,120.0,21.0,242.4,0.0
2019-11-10,libya,121.0,26.0,14.0,45.5,4.0,0.0,5.0,2.0,0.0,4.7,0.0
2019-11-10,scs,1721.0,156.0,249.0,1562.9,0.0,4.0,102.0,55.0,11.0,124.0,5.0
2019-11-10,southasia,6281.0,825.0,707.0,5063.3,10.0,36.0,285.0,49.0,11.0,45.0,5.0
2019-11-10,sudan,350.0,58.0,24.0,498.2,0.0,0.0,9.0,2.0,0.0,-1.6,0.0
2019-11-10,taiwan,163.0,26.0,17.0,69.4,0.0,0.0,2.0,31.0,8.0,-24.1,0.0
2019-11-10,ukraine,1629.0,302.0,113.0,1687.7,3.0,0.0,55.0,164.0,62.0,-51.0,2.0
2019-11-10,venezuela,114.0,35.0,9.0,-3.8,0.0,0.0,6.0,3.0,1.0,1.4,0.0
2019-11-10,yemen,187.0,31.0,35.0,-23.2,0.0,0.0,5.0,88.0,44.0,-109.1,0.0
2019-11-11,drc,38.0,7.0,11.0,-58.3,0.0,0.0,2.0,24.0,9.0,14.0,4.0
2019-11-11,europe_east,1256.0,107.0,180.0,1139.2,1.0,8.0,81.0,79.0,18.0,67.2,11.0
2019-11-11,iran,1723.0,289.0,210.0,1096.7,10.0,4.0,95.0,328.0,103.0,334.9,12.0
2019-11-11,israel,3381.0,614.0,590.0,-743.4,15.0,5.0,197.0,532.0,278.0,-1185.3,27.0
2019-11-11,korea,1025.0,141.0,71.0,1570.3,1.0,0.0,43.0,152.0,47.0,237.3,0.0
2019-11-11,libya,233.0,36.0,33.0,181.5,2.0,1.0,9.0,1.0,1.0,-10.0,0.0
2019-11-11,scs,3409.0,367.0,538.0,1866.0,6.0,11.0,201.0,61.0,20.0,73.8,1.0
2019-11-11,southasia,8558.0,1151.0,872.0,8340.7,13.0,32.0,400.0,23.0,8.0,22.1,1.0
2019-11-11,sudan,614.0,60.0,49.0,908.6,3.0,1.0,27.0,6.0,0.0,3.7,0.0
2019-11-11,taiwan,226.0,28.0,26.0,203.5,1.0,0.0,19.0,55.0,31.0,-80.2,3.0
2019-11-11,ukraine,2535.0,377.0,194.0,2723.5,7.0,4.0,113.0,221.0,83.0,-246.4,8.0
2019-11-11,venezuela,408.0,127.0,34.0,42.0,1.0,0.0,19.0,64.0,25.0,91.2,4.0
2019-11-11,yemen,203.0,27.0,31.0,-2.9,0.0,0.0,4.0,40.0,18.0,-76.2,0.0
2019-11-12,drc,30.0,0.0,1.0,67.9,0.0,0.0,0.0,7.0,3.0,9.0,3.0
2019-11-12,europe_east,1039.0,128.0,145.0,557.6,1.0,7.0,67.0,34.0,18.0,-26.2,8.0
2019-11-12,iran,2005.0,319.0,292.0,177.9,13.0,7.0,97.0,450.0,160.0,-224.6,10.0
2019-11-12,israel,5594.0,1071.0,1750.0,-12638.9,82.0,19.0,266.0,1563.0,944.0,-6126.2,42.0
2019-11-12,korea,969.0,109.0,79.0,1292.9,4.0,1.0,13.0,97.0,47.0,-29.4,5.0
2019-11-12,libya,159.0,37.0,15.0,35.6,0.0,0.0,6.0,0.0,0.0,0.0,0.0
2019-11-12,scs,3038.0,300.0,436.0,2146.8,4.0,8.0,132.0,65.0,12.0,156.8,3.0
2019-11-12,southasia,9114.0,1253.0,938.0,8490.5,21.0,27.0,397.0,39.0,17.0,-19.4,1.0
2019-11-12,sudan,531.0,51.0,50.0,760.1,0.0,14.0,25.0,12.0,0.0,11.4,0.0
2019-11-12,taiwan,314.0,43.0,26.0,409.9,1.0,0.0,15.0,61.0,32.0,-116.1,6.0
2019-11-12,ukraine,3803.0,503.0,309.0,4960.4,3.0,8.0,194.0,489.0,122.0,657.0,21.0
2019-11-12,venezuela,354.0,76.0,35.0,146.0,0.0,0.0,23.0,17.0,10.0,-33.8,0.0
2019-11-12,yemen,173.0,19.0,29.0,62.1,2.0,0.0,9.0,73.0,27.0,-44.6,11.0
2019-11-13,drc,25.0,1.0,5.0,4.1,0.0,0.0,3.0,4.0,3.0,-15.0,3.0
2019-11-13,europe_east,840.0,89.0,78.0,934.1,6.0,3.0,32.0,68.0,14.0,79.6,8.0
2019-11-13,iran,1253.0,222.0,240.0,-405.7,9.0,0.0,81.0,282.0,132.0,-541.7,5.0
2019-11-13,israel,5778.0,1001.0,1767.0,-11389.5,59.0,17.0,286.0,1270.0,795.0,-5130.4,57.0
2019-11-13,korea,1291.0,162.0,150.0,1337.3,1.0,4.0,55.0,205.0,108.0,-228.7,12.0
2019-11-13,libya,221.0,45.0,29.0,90.4,1.0,3.0,9.0,4.0,1.0,2.6,0.0
2019-11-13,scs,2452.0,287.0,303.0,1725.9,12.0,2.0,103.0,83.0,33.0,51.7,7.0
2019-11-13,southasia,8967.0,1426.0,1080.0,5207.7,7.0,32.0,525.0,47.0,19.0,-104.4,0.0
2019-11-13,sudan,627.0,60.0,85.0,845.0,0.0,1.0,64.0,10.0,3.0,-4.0,2.0
2019-11-13,taiwan,468.0,57.0,52.0,542.1,0.0,0.0,28.0,113.0,48.0,-110.8,12.0
2019-11-13,ukraine,5677.0,771.0,508.0,5357.9,8.0,3.0,309.0,481.0,131.0,333.1,10.0
2019-11-13,venezuela,539.0,113.0,46.0,324.6,4.0,1.0,30.0,77.0,34.0,-37.6,2.0
2019-11-13,yemen,273.0,38.0,72.0,-151.5,3.0,0.0,8.0,70.0,23.0,68.0,8.0
2019-11-14,drc,20.0,0.0,1.0,51.3,0.0,0.0,0.0,2.0,2.0,-20.0,0.0
2019-11-14,europe_east,1096.0,148.0,117.0,1062.2,3.0,6.0,57.0,74.0,14.0,196.8,0.0
2019-11-14,iran,1300.0,229.0,231.0,-348.5,9.0,1.0,96.0,249.0,140.0,-451.6,16.0
2019-11-14,israel,4680.0,802.0,1307.0,-7503.4,32.0,6.0,231.0,1015.0,615.0,-3576.9,48.0
2019-11-14,korea,1591.0,242.0,182.0,967.0,6.0,3.0,81.0,285.0,132.0,-205.7,19.0
2019-11-14,libya,243.0,25.0,41.0,108.4,0.0,1.0,13.0,6.0,3.0,-11.4,1.0
2019-11-14,scs,2360.0,274.0,269.0,2335.9,3.0,2.0,140.0,119.0,46.0,-49.8,14.0
2019-11-14,southasia,8818.0,1402.0,947.0,5849.2,8.0,25.0,458.0,28.0,17.0,-58.4,3.0
2019-11-14,sudan,529.0,55.0,42.0,902.3,1.0,1.0,29.0,0.0,0.0,0.0,0.0
2019-11-14,taiwan,401.0,65.0,72.0,-60.2,2.0,0.0,29.0,55.0,18.0,20.4,2.0
2019-11-14,ukraine,5133.0,707.0,454.0,4892.8,3.0,2.0,281.0,563.0,189.0,171.5,15.0
2019-11-14,venezuela,528.0,92.0,84.0,-1.7,1.0,2.0,36.0,70.0,23.0,-11.8,4.0
2019-11-14,yemen,287.0,39.0,54.0,-11.6,6.0,0.0,6.0,81.0,14.0,158.1,4.0
2019-11-15,drc,25.0,1.0,7.0,-5.1,0.0,0.0,3.0,8.0,0.0,18.8,0.0
2019-11-15,europe_east,1105.0,118.0,142.0,980.3,0.0,4.0,94.0,328.0,69.0,495.2,51.0
2019-11-15,iran,1096.0,204.0,159.0,204.8,10.0,6.0,58.0,220.0,84.0,-44.8,14.0
2019-11-15,israel,3891.0,780.0,903.0,-5074.9,20.0,6.0,210.0,675.0,409.0,-2238.8,42.0
2019-11-15,korea,1695.0,301.0,98.0,2294.8,6.0,2.0,54.0,253.0,74.0,165.4,6.0
2019-11-15,libya,371.0,65.0,44.0,212.0,0.0,0.0,12.0,3.0,2.0,-16.6,0.0
2019-11-15,scs,2362.0,231.0,362.0,1939.5,5.0,6.0,196.0,53.0,22.0,20.7,3.0
2019-11-15,southasia,9276.0,1698.0,1075.0,3907.5,15.0,15.0,472.0,23.0,8.0,10.3,0.0
2019-11-15,sudan,393.0,47.0,33.0,481.1,1.0,1.0,14.0,0.0,0.0,0.0,0.0
2019-11-15,taiwan,314.0,52.0,48.0,122.3,0.0,0.0,34.0,65.0,27.0,-67.0,13.0
2019-11-15,ukraine,5345.0,820.0,550.0,3898.4,10.0,2.0,317.0,603.0,157.0,583.1,26.0
2019-11-15,venezuela,382.0,73.0,48.0,266.9,0.0,0.0,27.0,28.0,5.0,36.5,1.0
2019-11-15,yemen,218.0,33.0,27.0,365.8,3.0,1.0,10.0,52.0,18.0,30.2,5.0
2019-11-16,drc,9.0,0.0,7.0,-54.8,0.0,0.0,3.0,3.0,3.0,-28.5,0.0
2019-11-16,europe_east,526.0,40.0,42.0,797.0,0.0,0.0,21.0,110.0,17.0,290.0,11.0
2019-11-16,iran,990.0,215.0,246.0,-1381.1,7.0,5.0,60.0,98.0,49.0,-66.9,7.0
2019-11-16,israel,2334.0,474.0,579.0,-3174.8,27.0,6.0,139.0,440.0,281.0,-1567.8,31.0
2019-11-16,korea,815.0,128.0,71.0,793.3,5.0,2.0,27.0,78.0,25.0,87.5,2.0
2019-11-16,libya,190.0,38.0,37.0,-121.4,0.0,0.0,11.0,0.0,0.0,0.0,0.0
2019-11-16,scs,1421.0,136.0,225.0,905.7,1.0,2.0,111.0,50.0,21.0,28.9,4.0
2019-11-16,southasia,6726.0,1150.0,808.0,3700.8,5.0,16.0,399.0,20.0,6.0,30.5,2.0
2019-11-16,sudan,355.0,65.0,36.0,545.3,1.0,4.0,16.0,6.0,0.0,11.7,0.0
2019-11-16,taiwan,163.0,25.0,15.0,128.5,1.0,0.0,9.0,37.0,14.0,-25.3,2.0
2019-11-16,ukraine,3509.0,516.0,381.0,2543.2,7.0,0.0,234.0,373.0,78.0,450.2,13.0
2019-11-16,venezuela,383.0,62.0,42.0,330.2,0.0,3.0,21.0,34.0,18.0,-31.6,0.0
2019-11-16,yemen,96.0,14.0,33.0,-191.1,0.0,2.0,2.0,30.0,19.0,-89.2,5.0
2019-11-17,drc,15.0,0.0,6.0,-9.8,0.0,0.0,4.0,0.0,0.0,0.0,0.0
2019-11-17,europe_east,428.0,40.0,28.0,542.5,0.0,0.0,14.0,59.0,10.0,121.9,6.0
2019-11-17,iran,1149.0,316.0,315.0,-2858.2,13.0,5.0,89.0,119.0,61.0,-177.3,6.0
2019-11-17,israel,2641.0,407.0,576.0,-2128.0,13.0,2.0,129.0,424.0,259.0,-1476.4,34.0
2019-11-17,korea,1291.0,153.0,145.0,1673.8,4.0,1.0,30.0,371.0,138.0,363.9,34.0
2019-11-17,libya,152.0,9.0,37.0,-105.8,0.0,0.0,13.0,4.0,2.0,-16.9,0.0
2019-11-17,scs,1172.0,111.0,121.0,1248.7,1.0,1.0,61.0,21.0,5.0,31.1,0.0
2019-11-17,southasia,6705.0,1037.0,751.0,4235.8,9.0,19.0,307.0,19.0,11.0,-37.3,2.0
2019-11-17,sudan,248.0,57.0,41.0,59.5,0.0,2.0,11.0,2.0,2.0,-13.0,0.0
2019-11-17,taiwan,230.0,35.0,11.0,249.4,2.0,0.0,6.0,116.0,38.0,-2.9,12.0
2019-11-17,ukraine,2669.0,390.0,217.0,2587.5,6.0,2.0,123.0,414.0,82.0,434.2,10.0
2019-11-17,venezuela,198.0,47.0,40.0,-172.8,0.0,0.0,30.0,17.0,10.0,-20.2,0.0
2019-11-17,yemen,135.0,20.0,55.0,-398.8,0.0,2.0,0.0,31.0,14.0,-25.2,1.0
2019-11-18,drc,31.0,1.0,1.0,66.3,0.0,0.0,0.0,10.0,1.0,30.6,0.0
2019-11-18,europe_east,869.0,84.0,40.0,1569.4,5.0,4.0,20.0,98.0,16.0,303.3,6.0
2019-11-18,iran,2409.0,489.0,498.0,-2126.6,7.0,4.0,175.0,410.0,152.0,350.8,9.0
2019-11-18,israel,3984.0,840.0,703.0,-1873.5,17.0,11.0,300.0,627.0,319.0,-1266.8,54.0
2019-11-18,korea,1955.0,237.0,235.0,2307.9,3.0,7.0,85.0,541.0,141.0,686.0,24.0
2019-11-18,libya,428.0,95.0,102.0,-499.2,2.0,0.0,31.0,2.0,2.0,-20.0,0.0
2019-11-18,scs,1982.0,266.0,208.0,1835.2,3.0,4.0,86.0,51.0,13.0,39.9,0.0
2019-11-18,southasia,8429.0,1388.0,955.0,5524.4,9.0,38.0,479.0,36.0,22.0,-42.4,5.0
2019-11-18,sudan,426.0,73.0,79.0,11.6,0.0,1.0,32.0,1.0,1.0,-2.0,0.0
2019-11-18,taiwan,432.0,83.0,31.0,423.4,4.0,4.0,12.0,145.0,87.0,-269.4,12.0
2019-11-18,ukraine,3975.0,495.0,307.0,4797.2,10.0,4.0,195.0,676.0,135.0,994.3,23.0
2019-11-18,venezuela,335.0,72.0,47.0,-73.2,2.0,1.0,33.0,42.0,9.0,52.0,3.0
2019-11-18,yemen,311.0,50.0,45.0,179.2,0.0,0.0,2.0,76.0,29.0,-70.1,0.0
2019-11-19,drc,35.0,5.0,1.0,43.1,0.0,0.0,0.0,3.0,3.0,-29.0,0.0
2019-11-19,europe_east,1057.0,123.0,64.0,1587.0,1.0,2.0,42.0,123.0,35.0,114.4,25.0
2019-11-19,iran,2399.0,498.0,509.0,-2288.9,10.0,11.0,177.0,406.0,186.0,-246.8,17.0
2019-11-19,israel,5340.0,1211.0,820.0,-1727.9,11.0,12.0,283.0,952.0,516.0,-2241.6,55.0
2019-11-19,korea,1627.0,171.0,154.0,2779.1,4.0,12.0,73.0,290.0,62.0,523.0,13.0
2019-11-19,libya,316.0,68.0,65.0,-204.1,1.0,0.0,25.0,4.0,4.0,-24.0,0.0
2019-11-19,scs,1996.0,202.0,200.0,2679.6,4.0,3.0,109.0,59.0,19.0,27.2,9.0
2019-11-19,southasia,9194.0,1539.0,1075.0,4999.1,13.0,23.0,574.0,80.0,38.0,-61.3,25.0
2019-11-19,sudan,479.0,79.0,64.0,350.1,0.0,1.0,26.0,0.0,0.0,0.0,0.0
2019-11-19,taiwan,306.0,43.0,32.0,310.1,0.0,0.0,7.0,47.0,22.0,-31.8,2.0
2019-11-19,ukraine,5547.0,781.0,418.0,5133.5,14.0,5.0,232.0,601.0,145.0,486.9,22.0
2019-11-19,venezuela,377.0,75.0,49.0,66.8,6.0,5.0,28.0,48.0,22.0,26.1,9.0
2019-11-19,yemen,149.0,15.0,27.0,66.1,0.0,0.0,9.0,15.0,5.0,3.9,0.0
2019-11-20,drc,44.0,4.0,17.0,-119.7,0.0,0.0,3.0,11.0,5.0,-2.8,3.0
2019-11-20,europe_east,1378.0,149.0,71.0,2219.2,3.0,1.0,42.0,127.0,18.0,251.6,6.0
2019-11-20,iran,2726.0,677.0,617.0,-4043.1,19.0,15.0,135.0,579.0,374.0,-1717.5,11.0
2019-11-20,israel,5252.0,1159.0,943.0,-4047.5,22.0,8.0,229.0,1260.0,803.0,-5010.5,34.0
2019-11-20,korea,1646.0,230.0,113.0,2787.9,0.0,1.0,56.0,209.0,52.0,263.5,4.0
2019-11-20,libya,269.0,38.0,41.0,0.5,3.0,4.0,8.0,0.0,0.0,0.0,0.0
2019-11-20,scs,2711.0,362.0,324.0,1722.6,4.0,2.0,203.0,106.0,24.0,224.0,4.0
2019-11-20,southasia,9517.0,1533.0,998.0,6087.3,20.0,12.0,486.0,43.0,13.0,-4.0,0.0
2019-11-20,sudan,428.0,51.0,46.0,596.4,0.0,0.0,22.0,0.0,0.0,0.0,0.0
2019-11-20,taiwan,285.0,33.0,18.0,489.2,1.0,1.0,15.0,55.0,11.0,47.0,2.0
2019-11-20,ukraine,6942.0,1045.0,525.0,5469.6,5.0,1.0,257.0,538.0,172.0,100.2,27.0
2019-11-20,venezuela,253.0,43.0,20.0,321.4,3.0,0.0,7.0,33.0,11.0,35.6,1.0
2019-11-20,yemen,201.0,34.0,38.0,13.7,2.0,0.0,3.0,82.0,36.0,-104.5,0.0
2019-11-21,drc,21.0,2.0,1.0,26.4,0.0,0.0,0.0,0.0,0.0,0.0,0.0
2019-11-21,europe_east,1046.0,117.0,79.0,1350.7,2.0,4.0,45.0,74.0,7.0,172.8,2.0
2019-11-21,iran,2043.0,457.0,423.0,-1919.8,11.0,7.0,147.0,436.0,245.0,-931.8,18.0
2019-11-21,israel,5130.0,995.0,1030.0,-3413.6,29.0,6.0,330.0,909.0,530.0,-3164.6,61.0
2019-11-21,korea,1769.0,285.0,100.0,2865.2,8.0,4.0,48.0,353.0,122.0,394.4,4.0
2019-11-21,libya,215.0,31.0,40.0,-24.9,0.0,2.0,5.0,2.0,2.0,-20.0,0.0
2019-11-21,scs,2689.0,364.0,344.0,2204.6,2.0,1.0,210.0,137.0,34.0,109.0,1.0
2019-11-21,southasia,9041.0,1464.0,971.0,5982.3,9.0,3.0,499.0,44.0,11.0,56.7,4.0
2019-11-21,sudan,503.0,57.0,64.0,729.4,0.0,0.0,44.0,4.0,0.0,28.8,0.0
2019-11-21,taiwan,385.0,49.0,35.0,387.3,1.0,0.0,21.0,67.0,27.0,-15.9,2.0
2019-11-21,ukraine,6593.0,913.0,502.0,6668.6,3.0,1.0,310.0,918.0,266.0,427.3,30.0
2019-11-21,venezuela,275.0,49.0,42.0,-12.2,1.0,0.0,22.0,23.0,15.0,-49.7,2.0
2019-11-21,yemen,206.0,40.0,53.0,-302.3,7.0,0.0,8.0,69.0,42.0,-275.4,2.0
2019-11-22,drc,58.0,5.0,19.0,-79.0,0.0,0.0,2.0,3.0,2.0,-1.0,0.0
2019-11-22,europe_east,1042.0,100.0,97.0,1468.5,0.0,2.0,61.0,61.0,12.0,21.2,2.0
2019-11-22,iran,1649.0,390.0,337.0,-1838.5,9.0,5.0,153.0,241.0,108.0,-299.6,7.0
2019-11-22,israel,3983.0,771.0,728.0,-1517.6,18.0,7.0,345.0,542.0,276.0,-1104.5,46.0
2019-11-22,korea,1910.0,255.0,167.0,2535.8,5.0,4.0,89.0,235.0,107.0,-217.2,15.0
2019-11-22,libya,190.0,18.0,29.0,77.7,0.0,2.0,3.0,2.0,2.0,-19.5,0.0
2019-11-22,scs,2272.0,292.0,309.0,1702.7,2.0,8.0,153.0,65.0,4.0,217.3,1.0
2019-11-22,southasia,8294.0,1230.0,904.0,5776.2,10.0,20.0,425.0,36.0,10.0,-14.5,1.0
2019-11-22,sudan,382.0,40.0,42.0,535.0,0.0,0.0,28.0,5.0,4.0,-16.6,0.0
2019-11-22,taiwan,439.0,84.0,32.0,455.8,0.0,0.0,25.0,116.0,51.0,-30.9,1.0
2019-11-22,ukraine,4717.0,725.0,404.0,3962.4,8.0,7.0,227.0,599.0,185.0,177.4,29.0
2019-11-22,venezuela,274.0,47.0,43.0,24.0,1.0,0.0,16.0,52.0,8.0,76.3,0.0
2019-11-22,yemen,217.0,15.0,38.0,188.1,0.0,0.0,3.0,60.0,23.0,-34.4,1.0
2019-11-23,drc,15.0,4.0,3.0,-9.5,0.0,0.0,2.0,4.0,4.0,-8.0,0.0
2019-11-23,europe_east,434.0,42.0,28.0,597.6,0.0,1.0,10.0,24.0,3.0,55.9,1.0
2019-11-23,iran,1573.0,362.0,393.0,-1999.5,9.0,4.0,180.0,365.0,189.0,-487.6,38.0
2019-11-23,israel,2260.0,449.0,503.0,-2249.8,13.0,7.0,215.0,353.0,206.0,-1083.9,32.0
2019-11-23,korea,869.0,92.0,68.0,1348.9,0.0,2.0,30.0,95.0,44.0,-148.1,14.0
2019-11-23,libya,178.0,34.0,34.0,-73.7,0.0,0.0,3.0,0.0,0.0,0.0,0.0
2019-11-23,scs,1484.0,181.0,251.0,240.8,9.0,6.0,103.0,43.0,19.0,-19.7,2.0
2019-11-23,southasia,6678.0,1116.0,710.0,3534.3,16.0,8.0,298.0,16.0,7.0,-34.4,2.0
2019-11-23,sudan,216.0,11.0,51.0,148.2,0.0,2.0,24.0,0.0,0.0,0.0,0.0
2019-11-23,taiwan,296.0,24.0,12.0,471.9,0.0,0.0,9.0,102.0,26.0,77.2,2.0
2019-11-23,ukraine,2883.0,498.0,205.0,2546.9,4.0,2.0,129.0,268.0,87.0,144.9,8.0
2019-11-23,venezuela,143.0,19.0,23.0,38.8,1.0,2.0,10.0,2.0,2.0,-12.5,0.0
2019-11-23,yemen,227.0,20.0,49.0,40.1,0.0,0.0,6.0,57.0,19.0,-44.8,1.0
2019-11-24,drc,61.0,4.0,20.0,-58.7,0.0,0.0,12.0,8.0,7.0,-31.0,6.0
2019-11-24,europe_east,437.0,47.0,39.0,426.9,1.0,0.0,20.0,13.0,8.0,-45.7,3.0
2019-11-24,iran,1271.0,370.0,308.0,-2350.1,13.0,5.0,144.0,219.0,143.0,-441.8,14.0
2019-11-24,israel,2907.0,556.0,539.0,-1163.4,11.0,7.0,256.0,373.0,223.0,-1036.1,48.0
2019-11-24,korea,950.0,96.0,53.0,1591.9,9.0,0.0,21.0,59.0,30.0,-85.7,3.0
2019-11-24,libya,207.0,33.0,56.0,-265.7,3.0,0.0,13.0,4.0,2.0,-4.0,2.0
2019-11-24,scs,1604.0,201.0,258.0,482.8,7.0,3.0,110.0,44.0,1.0,129.4,1.0
2019-11-24,southasia,6119.0,929.0,650.0,4417.4,15.0,13.0,301.0,24.0,5.0,12.3,0.0
2019-11-24,sudan,203.0,23.0,23.0,299.7,0.0,3.0,12.0,0.0,0.0,0.0,0.0
2019-11-24,taiwan,253.0,18.0,22.0,291.6,0.0,0.0,17.0,63.0,19.0,19.1,3.0
2019-11-24,ukraine,2188.0,363.0,168.0,1879.1,1.0,0.0,105.0,176.0,68.0,-30.1,5.0
2019-11-24,venezuela,183.0,38.0,31.0,-83.0,0.0,0.0,12.0,27.0,10.0,24.8,0.0
2019-11-24,yemen,114.0,24.0,19.0,3.5,0.0,0.0,4.0,10.0,7.0,-52.0,0.0
2019-11-25,drc,161.0,22.0,17.0,77.4,0.0,0.0,4.0,4.0,2.0,-8.7,0.0
2019-11-25,europe_east,1114.0,125.0,86.0,1628.1,1.0,0.0,48.0,103.0,10.0,188.5,3.0
2019-11-25,iran,1650.0,423.0,363.0,-2039.7,17.0,6.0,168.0,423.0,238.0,-595.5,46.0
2019-11-25,israel,4344.0,849.0,824.0,-1948.1,20.0,13.0,375.0,646.0,353.0,-1386.0,61.0
2019-11-25,korea,1576.0,163.0,110.0,2583.9,2.0,2.0,46.0,154.0,57.0,78.2,2.0
2019-11-25,libya,375.0,40.0,96.0,-157.6,1.0,3.0,30.0,0.0,0.0,0.0,0.0
2019-11-25,scs,2735.0,319.0,513.0,525.2,10.0,9.0,143.0,64.0,19.0,133.0,7.0
2019-11-25,southasia,7665.0,1133.0,905.0,5251.8,20.0,29.0,448.0,22.0,11.0,-22.2,0.0
2019-11-25,sudan,582.0,72.0,66.0,513.8,0.0,2.0,23.0,1.0,0.0,0.0,0.0
2019-11-25,taiwan,352.0,35.0,31.0,567.6,0.0,0.0,20.0,112.0,32.0,54.8,9.0
2019-11-25,ukraine,3199.0,461.0,272.0,2746.1,2.0,1.0,144.0,312.0,74.0,352.8,10.0
2019-11-25,venezuela,233.0,30.0,38.0,111.3,0.0,0.0,33.0,9.0,3.0,5.4,3.0
2019-11-25,yemen,275.0,31.0,78.0,-303.5,0.0,3.0,15.0,79.0,30.0,-130.1,3.0
2019-11-26,drc,145.0,9.0,36.0,-40.5,0.0,0.0,8.0,7.0,5.0,-16.7,4.0
2019-11-26,europe_east,1198.0,156.0,85.0,1759.9,14.0,0.0,41.0,76.0,20.0,23.0,3.0
2019-11-26,iran,1680.0,364.0,350.0,-1420.2,17.0,1.0,137.0,414.0,201.0,-307.8,22.0
2019-11-26,israel,4625.0,863.0,895.0,-1783.7,24.0,9.0,370.0,697.0,382.0,-1507.5,61.0
2019-11-26,korea,1349.0,137.0,98.0,2680.3,1.0,2.0,42.0,144.0,40.0,96.2,2.0
2019-11-26,libya,280.0,21.0,55.0,15.8,0.0,2.0,8.0,7.0,1.0,15.0,1.0
2019-11-26,scs,2560.0,279.0,376.0,2046.9,8.0,5.0,171.0,92.0,40.0,18.2,11.0
2019-11-26,southasia,9565.0,1497.0,1247.0,4020.9,46.0,30.0,531.0,94.0,53.0,-269.2,10.0
2019-11-26,sudan,544.0,105.0,70.0,293.1,0.0,0.0,30.0,7.0,0.0,23.0,0.0
2019-11-26,taiwan,443.0,54.0,46.0,543.9,0.0,0.0,45.0,124.0,32.0,45.8,8.0
2019-11-26,ukraine,3230.0,450.0,270.0,3377.7,10.0,3.0,149.0,476.0,175.0,41.2,57.0
2019-11-26,venezuela,318.0,56.0,50.0,-5.7,0.0,0.0,41.0,34.0,11.0,21.2,0.0
2019-11-26,yemen,281.0,23.0,49.0,164.8,4.0,0.0,9.0,98.0,31.0,-25.7,3.0
2019-11-27,drc,142.0,31.0,33.0,-231.4,1.0,0.0,7.0,4.0,2.0,4.8,2.0
2019-11-27,europe_east,1276.0,143.0,103.0,1688.0,24.0,0.0,54.0,37.0,14.0,-13.1,1.0
2019-11-27,iran,1824.0,324.0,368.0,-681.1,8.0,6.0,187.0,286.0,132.0,-190.4,11.0
2019-11-27,israel,4229.0,732.0,870.0,-2576.0,27.0,8.0,289.0,660.0,383.0,-2011.5,45.0
2019-11-27,korea,1339.0,177.0,163.0,1130.8,23.0,0.0,75.0,145.0,76.0,-349.7,25.0
2019-11-27,libya,311.0,30.0,105.0,-402.0,3.0,1.0,39.0,0.0,0.0,0.0,0.0
2019-11-27,scs,2702.0,229.0,304.0,3401.2,9.0,7.0,131.0,79.0,21.0,113.0,6.0
2019-11-27,southasia,8788.0,1340.0,1120.0,5475.5,26.0,61.0,489.0,22.0,2.0,34.3,1.0
2019-11-27,sudan,617.0,140.0,79.0,56.4,0.0,1.0,27.0,5.0,3.0,-9.0,0.0
2019-11-27,taiwan,338.0,40.0,21.0,412.7,0.0,0.0,14.0,108.0,27.0,5.1,6.0
2019-11-27,ukraine,3171.0,494.0,238.0,3702.5,5.0,0.0,143.0,268.0,93.0,-3.3,20.0
2019-11-27,venezuela,358.0,54.0,41.0,222.0,0.0,0.0,22.0,44.0,8.0,60.6,2.0
2019-11-27,yemen,319.0,45.0,46.0,224.4,0.0,3.0,9.0,152.0,43.0,125.5,3.0
2019-11-28,drc,75.0,7.0,13.0,-24.7,0.0,0.0,0.0,11.0,1.0,19.7,0.0
2019-11-28,europe_east,1150.0,115.0,108.0,1358.8,10.0,2.0,49.0,54.0,27.0,-61.8,12.0
2019-11-28,iran,2147.0,499.0,542.0,-3078.9,4.0,11.0,233.0,232.0,136.0,-363.2,5.0
2019-11-28,israel,3510.0,632.0,737.0,-1964.4,9.0,9.0,312.0,616.0,330.0,-1524.9,48.0
2019-11-28,korea,1683.0,206.0,219.0,1511.1,9.0,3.0,88.0,290.0,115.0,-230.0,9.0
2019-11-28,libya,336.0,33.0,99.0,-200.0,1.0,3.0,29.0,2.0,2.0,-15.0,1.0
2019-11-28,scs,2217.0,222.0,338.0,1442.0,10.0,2.0,149.0,85.0,30.0,39.9,19.0
2019-11-28,southasia,8960.0,1551.0,1011.0,5179.3,24.0,21.0,489.0,17.0,6.0,-28.2,2.0
2019-11-28,sudan,513.0,62.0,63.0,539.0,2.0,0.0,36.0,4.0,2.0,-12.0,0.0
2019-11-28,taiwan,277.0,32.0,18.0,347.5,0.0,0.0,10.0,70.0,21.0,4.6,3.0
2019-11-28,ukraine,2313.0,390.0,162.0,2355.2,10.0,1.0,102.0,250.0,72.0,311.4,10.0
2019-11-28,venezuela,196.0,47.0,31.0,13.0,5.0,1.0,20.0,20.0,8.0,5.6,1.0
2019-11-28,yemen,272.0,19.0,36.0,257.2,2.0,2.0,7.0,108.0,20.0,138.5,0.0
2019-11-29,drc,26.0,3.0,6.0,-42.9,0.0,0.0,2.0,3.0,0.0,16.6,0.0
2019-11-29,europe_east,1219.0,130.0,102.0,2158.4,6.0,2.0,52.0,101.0,9.0,219.4,0.0
2019-11-29,iran,1591.0,377.0,420.0,-2439.7,5.0,11.0,178.0,160.0,78.0,-98.1,5.0
2019-11-29,israel,2701.0,461.0,597.0,-2133.4,12.0,7.0,188.0,431.0,211.0,-931.0,27.0
2019-11-29,korea,1200.0,136.0,190.0,662.0,2.0,0.0,84.0,258.0,98.0,-193.7,21.0
2019-11-29,libya,216.0,31.0,31.0,163.6,0.0,0.0,11.0,4.0,4.0,-40.0,0.0
2019-11-29,scs,1949.0,216.0,235.0,2259.7,5.0,5.0,121.0,148.0,41.0,239.6,22.0
2019-11-29,southasia,8635.0,1339.0,1079.0,4586.9,11.0,12.0,435.0,37.0,2.0,54.2,0.0
2019-11-29,sudan,530.0,83.0,103.0,53.4,1.0,0.0,60.0,2.0,0.0,-4.0,0.0
2019-11-29,taiwan,307.0,40.0,22.0,397.0,1.0,2.0,9.0,47.0,9.0,67.9,4.0
2019-11-29,ukraine,1687.0,221.0,114.0,2028.8,6.0,0.0,69.0,268.0,75.0,61.8,17.0
2019-11-29,venezuela,194.0,26.0,15.0,305.8,2.0,0.0,8.0,16.0,2.0,30.2,0.0
2019-11-29,yemen,233.0,6.0,33.0,297.4,0.0,0.0,10.0,80.0,38.0,-267.6,6.0
2019-11-30,drc,56.0,14.0,14.0,-111.0,0.0,0.0,0.0,0.0,0.0,0.0,0.0
2019-11-30,europe_east,584.0,59.0,100.0,168.9,1.0,0.0,35.0,58.0,26.0,-59.7,5.0
2019-11-30,iran,1335.0,279.0,313.0,-1228.8,3.0,5.0,121.0,119.0,74.0,-138.5,1.0
2019-11-30,israel,1814.0,251.0,425.0,-1377.8,5.0,3.0,123.0,351.0,220.0,-1425.6,23.0
2019-11-30,korea,964.0,135.0,125.0,1014.1,5.0,2.0,64.0,275.0,146.0,-435.8,17.0
2019-11-30,libya,214.0,39.0,23.0,280.8,1.0,1.0,6.0,3.0,3.0,-6.0,0.0
2019-11-30,scs,1588.0,257.0,193.0,931.0,9.0,4.0,104.0,44.0,18.0,-45.9,10.0
2019-11-30,southasia,6971.0,1069.0,1077.0,949.9,8.0,25.0,360.0,31.0,10.0,-14.4,0.0
2019-11-30,sudan,320.0,44.0,53.0,142.6,1.0,0.0,33.0,0.0,0.0,0.0,0.0
2019-11-30,taiwan,172.0,18.0,16.0,189.7,0.0,0.0,12.0,61.0,18.0,5.6,7.0
2019-11-30,ukraine,947.0,114.0,47.0,1451.6,2.0,0.0,30.0,161.0,29.0,264.1,5.0
2019-11-30,venezuela,94.0,5.0,11.0,152.1,0.0,0.0,10.0,9.0,3.0,2.2,2.0
2019-11-30,yemen,152.0,12.0,20.0,165.4,0.0,0.0,1.0,48.0,27.0,-122.5,0.0
2019-12-01,drc,8.0,0.0,4.0,-36.0,0.0,0.0,0.0,4.0,0.0,14.0,0.0
2019-12-01,europe_east,683.0,81.0,56.0,585.4,6.0,0.0,21.0,18.0,4.0,4.3,0.0
2019-12-01,iran,1266.0,248.0,312.0,-1204.3,3.0,7.0,142.0,163.0,71.0,-106.2,18.0
2019-12-01,israel,2516.0,446.0,482.0,-913.6,14.0,13.0,181.0,416.0,188.0,-669.0,37.0
2019-12-01,korea,477.0,79.0,82.0,-5.6,5.0,2.0,46.0,135.0,69.0,-153.7,13.0
2019-12-01,libya,217.0,42.0,37.0,50.2,1.0,0.0,8.0,3.0,1.0,0.3,0.0
2019-12-01,scs,1222.0,152.0,137.0,1491.6,4.0,1.0,66.0,23.0,6.0,28.1,0.0
2019-12-01,southasia,6611.0,1104.0,1085.0,-829.8,14.0,17.0,316.0,43.0,23.0,-67.6,0.0
2019-12-01,sudan,339.0,39.0,37.0,448.7,0.0,0.0,24.0,3.0,0.0,18.0,0.0
2019-12-01,taiwan,224.0,34.0,19.0,152.7,0.0,2.0,16.0,65.0,19.0,11.1,3.0
2019-12-01,ukraine,1096.0,175.0,113.0,716.3,2.0,0.0,54.0,143.0,44.0,31.6,0.0
2019-12-01,venezuela,158.0,36.0,12.0,83.3,3.0,0.0,10.0,17.0,11.0,-10.4,0.0
2019-12-01,yemen,161.0,11.0,55.0,-157.7,1.0,0.0,26.0,53.0,26.0,-126.1,0.0
2019-12-02,drc,56.0,5.0,13.0,-8.4,0.0,0.0,6.0,14.0,0.0,18.8,0.0
2019-12-02,europe_east,1472.0,146.0,154.0,1291.3,17.0,5.0,67.0,72.0,19.0,31.0,13.0
2019-12-02,iran,2036.0,346.0,370.0,-475.3,10.0,8.0,143.0,372.0,119.0,304.7,23.0
2019-12-02,israel,3641.0,595.0,543.0,1110.6,14.0,9.0,277.0,555.0,205.0,-95.3,38.0
2019-12-02,korea,967.0,141.0,123.0,817.9,6.0,4.0,72.0,224.0,94.0,-185.1,18.0
2019-12-02,libya,370.0,76.0,59.0,-18.6,2.0,3.0,6.0,1.0,1.0,-4.4,0.0
2019-12-02,scs,1661.0,151.0,197.0,1886.8,7.0,2.0,104.0,88.0,13.0,192.3,5.0
2019-12-02,southasia,8792.0,1448.0,1462.0,-127.2,20.0,9.0,418.0,19.0,6.0,6.4,1.0
2019-12-02,sudan,577.0,61.0,97.0,335.4,1.0,0.0,48.0,5.0,1.0,8.7,0.0
2019-12-02,taiwan,376.0,81.0,27.0,209.8,3.0,0.0,19.0,100.0,30.0,82.5,7.0
2019-12-02,ukraine,2477.0,349.0,260.0,2039.5,4.0,0.0,128.0,368.0,86.0,482.9,3.0
2019-12-02,venezuela,205.0,31.0,38.0,19.7,0.0,0.0,14.0,32.0,24.0,-179.4,0.0
2019-12-02,yemen,183.0,22.0,29.0,161.2,0.0,0.0,5.0,64.0,18.0,21.6,1.0
2019-12-03,drc,54.0,8.0,11.0,-30.6,0.0,0.0,5.0,13.0,10.0,-57.1,3.0
2019-12-03,europe_east,1697.0,155.0,142.0,2714.6,2.0,2.0,58.0,50.0,20.0,21.3,3.0
2019-12-03,iran,2254.0,471.0,420.0,-996.8,12.0,7.0,177.0,308.0,118.0,119.3,5.0
2019-12-03,israel,3544.0,622.0,534.0,237.4,25.0,15.0,237.0,438.0,189.0,-445.1,34.0
2019-12-03,korea,1430.0,195.0,171.0,1372.4,1.0,5.0,109.0,318.0,99.0,285.3,11.0
2019-12-03,libya,368.0,77.0,61.0,-108.2,2.0,0.0,9.0,2.0,0.0,4.7,0.0
2019-12-03,scs,1728.0,151.0,257.0,1452.6,2.0,0.0,139.0,92.0,16.0,153.5,2.0
2019-12-03,southasia,8550.0,1343.0,1256.0,2669.5,9.0,10.0,466.0,45.0,15.0,-24.9,1.0
2019-12-03,sudan,663.0,64.0,99.0,692.7,0.0,14.0,23.0,3.0,1.0,-2.0,0.0
2019-12-03,taiwan,376.0,48.0,27.0,555.6,0.0,2.0,17.0,63.0,25.0,-29.4,9.0
2019-12-03,ukraine,3245.0,604.0,302.0,2622.2,5.0,7.0,183.0,418.0,123.0,164.2,6.0
2019-12-03,venezuela,331.0,47.0,44.0,339.7,0.0,1.0,30.0,37.0,9.0,72.7,4.0
2019-12-03,yemen,196.0,20.0,27.0,28.6,1.0,0.0,7.0,43.0,13.0,1.8,2.0
2019-12-04,drc,128.0,11.0,8.0,191.8,0.0,0.0,0.0,7.0,4.0,-19.5,2.0
2019-12-04,europe_east,1338.0,148.0,110.0,1694.8,5.0,3.0,56.0,76.0,26.0,53.7,9.0
2019-12-04,iran,2371.0,473.0,335.0,373.9,16.0,10.0,129.0,550.0,186.0,302.3,21.0
2019-12-04,israel,4143.0,655.0,518.0,2365.9,28.0,13.0,225.0,581.0,223.0,-274.6,49.0
2019-12-04,korea,1682.0,237.0,206.0,1413.9,9.0,5.0,81.0,287.0,81.0,194.9,9.0
2019-12-04,libya,387.0,70.0,36.0,303.7,5.0,2.0,7.0,0.0,0.0,0.0,0.0
2019-12-04,scs,1947.0,229.0,199.0,2133.3,6.0,1.0,98.0,66.0,9.0,94.1,1.0
2019-12-04,southasia,9775.0,1629.0,1427.0,2505.5,23.0,12.0,570.0,30.0,8.0,1.9,2.0
2019-12-04,sudan,811.0,69.0,123.0,727.9,0.0,2.0,40.0,2.0,2.0,-20.0,0.0
2019-12-04,taiwan,358.0,38.0,31.0,598.5,0.0,0.0,26.0,82.0,39.0,-72.1,11.0
2019-12-04,ukraine,3762.0,606.0,318.0,2642.4,9.0,0.0,172.0,359.0,90.0,357.9,10.0
2019-12-04,venezuela,375.0,55.0,56.0,297.0,0.0,0.0,38.0,49.0,5.0,107.8,3.0
2019-12-04,yemen,311.0,46.0,85.0,-435.8,0.0,1.0,21.0,100.0,47.0,-261.9,2.0
2019-12-05,drc,96.0,8.0,24.0,-59.2,0.0,0.0,9.0,2.0,1.0,-10.0,0.0
2019-12-05,europe_east,1247.0,109.0,109.0,1907.6,0.0,2.0,55.0,69.0,30.0,-56.2,17.0
2019-12-05,iran,3037.0,633.0,582.0,-2099.6,26.0,44.0,202.0,591.0,282.0,-530.2,50.0
2019-12-05,israel,3460.0,586.0,554.0,247.9,19.0,6.0,270.0,534.0,241.0,-760.6,44.0
2019-12-05,korea,1610.0,250.0,177.0,1386.6,12.0,1.0,79.0,272.0,91.0,157.1,19.0
2019-12-05,libya,424.0,59.0,64.0,304.6,1.0,0.0,14.0,1.0,1.0,-10.0,0.0
2019-12-05,scs,1917.0,241.0,230.0,1800.0,9.0,5.0,97.0,81.0,5.0,122.9,3.0
2019-12-05,southasia,9437.0,1502.0,1370.0,2139.1,15.0,18.0,481.0,21.0,12.0,-20.3,6.0
2019-12-05,sudan,689.0,63.0,101.0,808.3,0.0,0.0,40.0,2.0,0.0,14.8,0.0
2019-12-05,taiwan,278.0,37.0,29.0,256.5,0.0,0.0,22.0,48.0,10.0,26.8,1.0
2019-12-05,ukraine,3924.0,670.0,330.0,3282.6,11.0,9.0,191.0,460.0,122.0,474.9,22.0
2019-12-05,venezuela,197.0,26.0,30.0,84.9,2.0,2.0,16.0,16.0,5.0,-17.7,0.0
2019-12-05,yemen,275.0,35.0,61.0,-269.2,0.0,0.0,8.0,73.0,48.0,-355.1,2.0
2019-12-06,drc,43.0,5.0,8.0,-2.2,0.0,0.0,1.0,10.0,4.0,6.8,0.0
2019-12-06,europe_east,1458.0,140.0,147.0,1553.6,1.0,0.0,49.0,57.0,32.0,-71.3,6.0
2019-12-06,iran,2331.0,493.0,396.0,-858.7,9.0,23.0,162.0,504.0,227.0,-313.9,25.0
2019-12-06,israel,3101.0,540.0,504.0,223.2,10.0,11.0,237.0,538.0,238.0,-666.9,42.0
2019-12-06,korea,1111.0,207.0,122.0,706.7,14.0,4.0,45.0,150.0,70.0,-143.0,17.0
2019-12-06,libya,509.0,88.0,68.0,508.9,2.0,0.0,32.0,3.0,3.0,-27.0,0.0
2019-12-06,scs,1900.0,214.0,234.0,1949.5,7.0,4.0,104.0,82.0,19.0,95.0,2.0
2019-12-06,southasia,9773.0,1625.0,1863.0,-3637.1,13.0,22.0,507.0,29.0,8.0,39.8,1.0
2019-12-06,sudan,547.0,51.0,65.0,799.0,0.0,0.0,34.0,3.0,0.0,22.2,0.0
2019-12-06,taiwan,324.0,34.0,20.0,532.1,0.0,0.0,10.0,89.0,17.0,126.0,3.0
2019-12-06,ukraine,3411.0,515.0,303.0,3172.8,8.0,3.0,159.0,517.0,128.0,618.1,8.0
2019-12-06,venezuela,189.0,28.0,34.0,129.8,0.0,0.0,20.0,17.0,0.0,48.9,0.0
2019-12-06,yemen,266.0,31.0,46.0,25.7,2.0,2.0,6.0,88.0,34.0,-104.0,5.0
2019-12-07,drc,19.0,1.0,11.0,-52.6,0.0,0.0,4.0,1.0,1.0,-10.0,0.0
2019-12-07,europe_east,517.0,42.0,39.0,774.1,0.0,1.0,11.0,8.0,5.0,-50.0,0.0
2019-12-07,iran,2839.0,418.0,540.0,796.5,8.0,17.0,349.0,924.0,353.0,499.2,156.0
2019-12-07,israel,2056.0,420.0,314.0,40.0,12.0,2.0,142.0,401.0,217.0,-676.3,45.0
2019-12-07,korea,898.0,123.0,58.0,1933.4,11.0,1.0,27.0,289.0,61.0,663.9,5.0
2019-12-07,libya,242.0,37.0,50.0,19.7,3.0,0.0,15.0,0.0,0.0,0.0,0.0
2019-12-07,scs,1263.0,121.0,172.0,1084.2,6.0,5.0,58.0,74.0,15.0,118.1,3.0
2019-12-07,southasia,8126.0,1434.0,1664.0,-5062.7,12.0,32.0,416.0,11.0,3.0,23.9,0.0
2019-12-07,sudan,138.0,12.0,24.0,109.8,0.0,0.0,12.0,5.0,4.0,-28.8,4.0
2019-12-07,taiwan,224.0,29.0,23.0,171.9,1.0,0.0,16.0,29.0,12.0,2.5,3.0
2019-12-07,ukraine,1831.0,290.0,139.0,2219.8,5.0,4.0,94.0,268.0,63.0,439.1,7.0
2019-12-07,venezuela,169.0,24.0,18.0,249.1,0.0,3.0,13.0,33.0,9.0,36.2,3.0
2019-12-07,yemen,155.0,22.0,49.0,-215.4,0.0,0.0,6.0,57.0,19.0,59.5,4.0
2019-12-08,drc,3.0,1.0,0.0,2.7,0.0,0.0,0.0,2.0,1.0,-5.0,0.0
2019-12-08,europe_east,325.0,31.0,24.0,589.9,2.0,0.0,14.0,15.0,0.0,39.8,0.0
2019-12-08,iran,1911.0,293.0,397.0,-271.8,5.0,17.0,205.0,595.0,250.0,-91.0,99.0
2019-12-08,israel,2788.0,476.0,501.0,-857.4,9.0,4.0,155.0,578.0,296.0,-1076.7,32.0
2019-12-08,korea,1190.0,168.0,100.0,1751.6,8.0,1.0,40.0,398.0,94.0,443.5,12.0
2019-12-08,libya,210.0,27.0,42.0,76.4,1.0,1.0,7.0,3.0,2.0,-8.0,0.0
2019-12-08,scs,1435.0,111.0,206.0,1326.9,4.0,3.0,84.0,26.0,4.0,43.4,0.0
2019-12-08,southasia,6600.0,1190.0,1117.0,-1904.4,6.0,18.0,286.0,26.0,8.0,-15.2,2.0
2019-12-08,sudan,358.0,48.0,44.0,483.1,0.0,0.0,26.0,11.0,5.0,-11.4,4.0
2019-12-08,taiwan,215.0,37.0,25.0,136.6,3.0,0.0,20.0,36.0,12.0,-33.0,5.0
2019-12-08,ukraine,2160.0,341.0,184.0,2259.2,2.0,0.0,99.0,410.0,107.0,502.1,5.0
2019-12-08,venezuela,119.0,13.0,16.0,103.3,0.0,0.0,13.0,20.0,7.0,-12.8,0.0
2019-12-08,yemen,166.0,17.0,41.0,-87.6,4.0,0.0,3.0,79.0,20.0,0.8,3.0
2019-12-09,drc,44.0,4.0,0.0,104.4,0.0,0.0,0.0,2.0,0.0,6.4,0.0
2019-12-09,europe_east,1230.0,127.0,111.0,2310.5,3.0,4.0,66.0,20.0,10.0,-42.5,2.0
2019-12-09,iran,1991.0,311.0,353.0,281.1,14.0,13.0,164.0,537.0,184.0,414.7,65.0
2019-12-09,israel,3377.0,655.0,482.0,333.8,13.0,8.0,180.0,513.0,241.0,-617.1,34.0
2019-12-09,korea,1771.0,248.0,137.0,2672.1,5.0,2.0,81.0,535.0,116.0,642.1,10.0
2019-12-09,libya,367.0,59.0,46.0,265.7,1.0,1.0,10.0,8.0,1.0,27.7,0.0
2019-12-09,scs,2350.0,257.0,246.0,3217.5,4.0,11.0,99.0,15.0,6.0,-30.0,0.0
2019-12-09,southasia,9825.0,1768.0,1328.0,2369.9,11.0,26.0,496.0,36.0,6.0,37.1,3.0
2019-12-09,sudan,645.0,56.0,61.0,1153.6,1.0,2.0,32.0,14.0,0.0,39.5,0.0
2019-12-09,taiwan,293.0,40.0,45.0,69.7,3.0,0.0,25.0,66.0,18.0,-3.6,3.0
2019-12-09,ukraine,3996.0,584.0,334.0,4883.5,2.0,3.0,186.0,922.0,185.0,1699.5,17.0
2019-12-09,venezuela,162.0,22.0,26.0,69.8,0.0,0.0,17.0,48.0,9.0,123.6,2.0
2019-12-09,yemen,210.0,24.0,37.0,148.0,1.0,3.0,3.0,39.0,10.0,44.4,2.0
2019-12-10,drc,38.0,4.0,6.0,33.3,0.0,0.0,2.0,10.0,10.0,-79.0,4.0
2019-12-10,europe_east,1456.0,159.0,131.0,2662.4,5.0,5.0,76.0,35.0,16.0,4.9,2.0
2019-12-10,iran,1765.0,289.0,311.0,245.6,24.0,12.0,138.0,488.0,171.0,222.2,62.0
2019-12-10,israel,3288.0,575.0,419.0,1420.9,7.0,11.0,171.0,385.0,176.0,-547.5,30.0
2019-12-10,korea,1449.0,195.0,117.0,1919.1,3.0,0.0,84.0,440.0,97.0,563.8,6.0
2019-12-10,libya,529.0,74.0,53.0,771.8,1.0,3.0,22.0,1.0,0.0,3.4,0.0
2019-12-10,scs,2663.0,308.0,284.0,2728.4,9.0,9.0,127.0,88.0,35.0,-106.6,8.0
2019-12-10,southasia,10823.0,2144.0,1459.0,870.0,13.0,31.0,627.0,87.0,26.0,-0.1,2.0
2019-12-10,sudan,702.0,90.0,85.0,510.1,0.0,2.0,25.0,15.0,0.0,53.1,0.0
2019-12-10,taiwan,364.0,56.0,32.0,543.6,0.0,3.0,20.0,57.0,21.0,14.8,3.0
2019-12-10,ukraine,4243.0,608.0,383.0,4928.5,4.0,5.0,211.0,1158.0,182.0,3004.3,12.0
2019-12-10,venezuela,325.0,20.0,45.0,458.7,0.0,0.0,38.0,39.0,16.0,-5.7,7.0
2019-12-10,yemen,257.0,35.0,46.0,-82.2,2.0,0.0,7.0,59.0,19.0,4.5,2.0
2019-12-11,drc,35.0,7.0,4.0,80.5,0.0,0.0,4.0,1.0,1.0,-5.0,1.0
2019-12-11,europe_east,1159.0,100.0,100.0,2083.9,2.0,3.0,61.0,63.0,22.0,-14.1,10.0
2019-12-11,iran,1796.0,379.0,316.0,167.5,11.0,10.0,195.0,388.0,194.0,-316.8,44.0
2019-12-11,israel,3645.0,722.0,490.0,517.0,13.0,6.0,208.0,306.0,140.0,-291.1,21.0
2019-12-11,korea,1303.0,195.0,100.0,1735.9,13.0,1.0,49.0,294.0,78.0,327.4,10.0
2019-12-11,libya,528.0,90.0,95.0,215.9,3.0,8.0,35.0,0.0,0.0,0.0,0.0
2019-12-11,scs,2012.0,263.0,223.0,2307.3,7.0,4.0,96.0,49.0,20.0,-72.9,7.0
2019-12-11,southasia,11188.0,2203.0,1779.0,-1520.6,40.0,54.0,776.0,135.0,66.0,-178.0,29.0
2019-12-11,sudan,705.0,75.0,104.0,617.0,0.0,2.0,54.0,10.0,3.0,10.5,1.0
2019-12-11,taiwan,248.0,29.0,27.0,249.4,1.0,3.0,5.0,63.0,29.0,-124.3,9.0
2019-12-11,ukraine,2633.0,369.0,279.0,2372.9,4.0,2.0,186.0,522.0,117.0,644.1,20.0
2019-12-11,venezuela,207.0,21.0,27.0,247.2,0.0,0.0,23.0,41.0,13.0,-32.4,3.0
2019-12-11,yemen,248.0,30.0,47.0,-57.5,0.0,3.0,10.0,45.0,15.0,-79.6,0.0
2019-12-12,drc,29.0,4.0,5.0,20.7,0.0,0.0,0.0,6.0,1.0,15.0,0.0
2019-12-12,europe_east,1016.0,111.0,92.0,1572.5,0.0,3.0,48.0,33.0,11.0,4.3,4.0
2019-12-12,iran,1587.0,346.0,344.0,-1188.4,20.0,6.0,170.0,360.0,172.0,-224.4,46.0
2019-12-12,israel,3814.0,728.0,567.0,483.7,15.0,0.0,276.0,420.0,201.0,-561.1,58.0
2019-12-12,korea,1272.0,224.0,136.0,1010.4,17.0,4.0,59.0,260.0,104.0,-29.9,14.0
2019-12-12,libya,508.0,72.0,52.0,600.2,4.0,3.0,12.0,5.0,1.0,5.0,1.0
2019-12-12,scs,1972.0,224.0,211.0,2559.1,5.0,8.0,96.0,40.0,11.0,7.4,8.0
2019-12-12,southasia,11279.0,2118.0,1803.0,-1490.2,26.0,59.0,853.0,84.0,34.0,-47.9,6.0
2019-12-12,sudan,647.0,73.0,83.0,736.3,3.0,2.0,29.0,15.0,1.0,33.0,1.0
2019-12-12,taiwan,386.0,45.0,46.0,491.3,0.0,5.0,29.0,101.0,33.0,-4.8,0.0
2019-12-12,ukraine,2720.0,356.0,337.0,1935.9,6.0,0.0,153.0,483.0,115.0,499.0,6.0
2019-12-12,venezuela,263.0,27.0,32.0,246.7,0.0,0.0,25.0,47.0,12.0,48.9,0.0
2019-12-12,yemen,255.0,50.0,35.0,17.3,0.0,0.0,8.0,30.0,15.0,-14.0,0.0
2019-12-13,drc,32.0,6.0,11.0,-68.5,0.0,0.0,6.0,7.0,0.0,4.0,0.0
2019-12-13,europe_east,1204.0,109.0,94.0,1941.1,0.0,2.0,53.0,28.0,8.0,-14.3,0.0
2019-12-13,iran,1143.0,251.0,221.0,-772.3,8.0,3.0,110.0,193.0,95.0,-248.6,15.0
2019-12-13,israel,3232.0,643.0,586.0,-941.7,18.0,2.0,277.0,451.0,224.0,-702.0,55.0
2019-12-13,korea,1127.0,163.0,147.0,976.2,4.0,13.0,70.0,204.0,68.0,86.5,14.0
2019-12-13,libya,334.0,43.0,80.0,-198.4,9.0,9.0,8.0,7.0,4.0,-25.0,2.0
2019-12-13,scs,1982.0,272.0,225.0,1854.7,0.0,0.0,100.0,51.0,25.0,-28.6,12.0
2019-12-13,southasia,11279.0,2208.0,1918.0,-2623.5,36.0,32.0,885.0,75.0,32.0,-34.4,2.0
2019-12-13,sudan,522.0,80.0,87.0,172.1,3.0,0.0,48.0,1.0,1.0,-2.0,0.0
2019-12-13,taiwan,345.0,40.0,47.0,328.2,1.0,3.0,31.0,102.0,41.0,-26.9,1.0
2019-12-13,ukraine,2961.0,404.0,345.0,2650.5,1.0,5.0,178.0,410.0,105.0,555.8,11.0
2019-12-13,venezuela,311.0,21.0,22.0,479.6,1.0,0.0,10.0,92.0,10.0,251.7,2.0
2019-12-13,yemen,207.0,43.0,24.0,69.5,1.0,0.0,1.0,38.0,20.0,-98.8,0.0
2019-12-14,drc,24.0,3.0,1.0,62.5,0.0,0.0,1.0,8.0,6.0,-50.2,0.0
2019-12-14,europe_east,594.0,75.0,50.0,1005.0,1.0,1.0,27.0,4.0,0.0,7.0,0.0
2019-12-14,iran,811.0,177.0,170.0,-796.4,12.0,9.0,62.0,217.0,90.0,2.5,13.0
2019-12-14,israel,1652.0,347.0,283.0,-345.6,8.0,4.0,132.0,217.0,96.0,-212.4,29.0
2019-12-14,korea,1054.0,134.0,91.0,1446.4,1.0,1.0,50.0,305.0,81.0,348.9,1.0
2019-12-14,libya,294.0,49.0,64.0,-62.0,5.0,5.0,15.0,0.0,0.0,0.0,0.0
2019-12-14,scs,1328.0,212.0,184.0,661.3,5.0,17.0,60.0,53.0,21.0,-114.5,0.0
2019-12-14,southasia,8915.0,1846.0,1546.0,-4254.7,44.0,34.0,656.0,64.0,21.0,11.5,1.0
2019-12-14,sudan,763.0,158.0,217.0,-923.0,0.0,5.0,160.0,11.0,8.0,-37.3,5.0
2019-12-14,taiwan,244.0,16.0,46.0,148.3,0.0,2.0,23.0,53.0,4.0,163.7,1.0
2019-12-14,ukraine,1526.0,238.0,142.0,1443.4,2.0,1.0,86.0,188.0,56.0,83.3,16.0
2019-12-14,venezuela,289.0,22.0,19.0,447.1,0.0,0.0,5.0,69.0,4.0,136.3,0.0
2019-12-14,yemen,122.0,31.0,18.0,-9.4,0.0,0.0,1.0,48.0,33.0,-156.8,0.0
2019-12-15,drc,1.0,0.0,0.0,0.0,0.0,0.0,0.0,5.0,3.0,-1.3,0.0
2019-12-15,europe_east,353.0,52.0,36.0,391.6,0.0,0.0,20.0,12.0,5.0,-20.6,1.0
2019-12-15,iran,808.0,174.0,133.0,-309.2,6.0,0.0,70.0,189.0,85.0,-197.6,10.0
2019-12-15,israel,2207.0,390.0,423.0,-748.1,5.0,9.0,198.0,262.0,112.0,-167.5,25.0
2019-12-15,korea,920.0,91.0,70.0,1379.6,4.0,3.0,19.0,216.0,33.0,298.2,0.0
2019-12-15,libya,595.0,123.0,126.0,-156.3,5.0,3.0,32.0,2.0,2.0,-16.0,1.0
2019-12-15,scs,1508.0,147.0,204.0,1371.7,6.0,2.0,83.0,14.0,1.0,16.8,0.0
2019-12-15,southasia,8088.0,1872.0,1419.0,-6575.9,30.0,24.0,536.0,40.0,12.0,4.0,1.0
2019-12-15,sudan,413.0,76.0,115.0,-297.7,1.0,2.0,89.0,6.0,4.0,-6.7,3.0
2019-12-15,taiwan,234.0,19.0,18.0,232.7,0.0,0.0,5.0,19.0,4.0,32.8,1.0
2019-12-15,ukraine,1169.0,133.0,104.0,1417.2,0.0,0.0,54.0,126.0,29.0,224.6,2.0
2019-12-15,venezuela,126.0,16.0,8.0,199.8,0.0,1.0,4.0,16.0,1.0,55.4,0.0
2019-12-15,yemen,131.0,20.0,17.0,58.4,0.0,0.0,4.0,35.0,15.0,-0.9,0.0
2019-12-16,drc,85.0,12.0,19.0,-67.2,1.0,0.0,0.0,9.0,7.0,-31.2,0.0
2019-12-16,europe_east,1122.0,154.0,110.0,1287.7,2.0,0.0,53.0,36.0,20.0,-78.1,8.0
2019-12-16,iran,1373.0,271.0,303.0,-1263.2,16.0,6.0,116.0,259.0,128.0,-201.3,32.0
2019-12-16,israel,3291.0,623.0,541.0,-193.8,15.0,9.0,244.0,376.0,188.0,-627.2,35.0
2019-12-16,korea,1604.0,189.0,116.0,2385.3,6.0,3.0,62.0,453.0,81.0,748.0,8.0
2019-12-16,libya,607.0,97.0,132.0,-39.2,4.0,6.0,38.0,6.0,3.0,-24.8,0.0
2019-12-16,scs,2195.0,233.0,276.0,1946.7,0.0,11.0,124.0,84.0,35.0,-58.1,5.0
2019-12-16,southasia,12860.0,3577.0,2384.0,-16159.9,20.0,31.0,1044.0,52.0,14.0,11.7,2.0
2019-12-16,sudan,733.0,160.0,150.0,-203.4,0.0,1.0,90.0,9.0,4.0,-1.8,1.0
2019-12-16,taiwan,198.0,34.0,21.0,252.3,0.0,2.0,8.0,37.0,18.0,-63.2,1.0
2019-12-16,ukraine,2285.0,318.0,275.0,1870.3,2.0,0.0,158.0,229.0,47.0,268.2,14.0
2019-12-16,venezuela,224.0,33.0,17.0,273.2,0.0,0.0,12.0,24.0,5.0,39.5,0.0
2019-12-16,yemen,204.0,27.0,35.0,21.5,5.0,1.0,3.0,16.0,6.0,-10.6,0.0
2019-12-17,drc,16.0,1.0,5.0,-36.0,0.0,0.0,0.0,7.0,0.0,-5.3,0.0
2019-12-17,europe_east,1513.0,219.0,142.0,2062.6,5.0,2.0,77.0,34.0,8.0,70.1,3.0
2019-12-17,iran,1365.0,253.0,230.0,-277.3,12.0,3.0,96.0,233.0,93.0,-10.6,23.0
2019-12-17,israel,3634.0,602.0,676.0,76.4,7.0,1.0,276.0,472.0,221.0,-674.8,45.0
2019-12-17,korea,1790.0,216.0,184.0,2049.9,9.0,6.0,123.0,427.0,87.0,468.1,7.0
2019-12-17,libya,526.0,65.0,83.0,287.6,3.0,8.0,28.0,2.0,2.0,-20.0,0.0
2019-12-17,scs,2137.0,207.0,314.0,1512.9,2.0,5.0,96.0,51.0,8.0,88.8,4.0
2019-12-17,southasia,13766.0,3528.0,2464.0,-13374.6,21.0,33.0,1225.0,72.0,38.0,-122.2,2.0
2019-12-17,sudan,616.0,88.0,107.0,451.2,0.0,1.0,55.0,12.0,0.0,51.4,0.0
2019-12-17,taiwan,354.0,35.0,37.0,450.5,0.0,0.0,24.0,81.0,30.0,-39.2,14.0
2019-12-17,ukraine,2893.0,414.0,327.0,2208.9,2.0,0.0,228.0,286.0,69.0,270.5,17.0
2019-12-17,venezuela,323.0,40.0,60.0,-15.4,0.0,1.0,36.0,39.0,13.0,-10.3,1.0
2019-12-17,yemen,197.0,31.0,29.0,67.2,0.0,0.0,7.0,26.0,8.0,-16.2,1.0
2019-12-18,drc,37.0,1.0,5.0,34.8,0.0,0.0,0.0,17.0,3.0,-3.2,0.0
2019-12-18,europe_east,1292.0,156.0,112.0,1817.3,0.0,5.0,67.0,42.0,14.0,97.7,5.0
2019-12-18,iran,1215.0,180.0,252.0,-350.1,8.0,4.0,112.0,204.0,98.0,-140.0,29.0
2019-12-18,israel,3750.0,652.0,717.0,-1336.3,32.0,5.0,276.0,538.0,259.0,-952.5,52.0
2019-12-18,korea,1972.0,273.0,281.0,1621.3,9.0,12.0,143.0,447.0,109.0,657.3,24.0
2019-12-18,libya,592.0,69.0,89.0,589.4,4.0,9.0,25.0,1.0,1.0,-10.0,0.0
2019-12-18,scs,2238.0,235.0,329.0,1446.6,7.0,4.0,98.0,78.0,13.0,238.4,0.0
2019-12-18,southasia,12265.0,3032.0,2071.0,-10067.6,16.0,31.0,972.0,52.0,21.0,-28.2,1.0
2019-12-18,sudan,652.0,97.0,95.0,597.5,0.0,0.0,50.0,14.0,3.0,26.4,0.0
2019-12-18,taiwan,328.0,36.0,37.0,247.1,0.0,2.0,9.0,64.0,16.0,8.0,0.0
2019-12-18,ukraine,3360.0,583.0,380.0,2193.5,3.0,4.0,265.0,300.0,54.0,464.5,11.0
2019-12-18,venezuela,286.0,48.0,43.0,87.2,0.0,0.0,28.0,56.0,23.0,-34.3,0.0
2019-12-18,yemen,193.0,31.0,25.0,73.5,0.0,0.0,3.0,33.0,16.0,-56.7,0.0
2019-12-19,drc,205.0,11.0,66.0,-384.7,2.0,3.0,20.0,4.0,0.0,9.9,0.0
2019-12-19,europe_east,1255.0,190.0,146.0,987.9,6.0,2.0,82.0,56.0,19.0,16.8,4.0
2019-12-19,iran,1715.0,292.0,224.0,872.8,12.0,1.0,141.0,339.0,140.0,89.6,22.0
2019-12-19,israel,4256.0,717.0,719.0,-15.5,24.0,7.0,316.0,503.0,269.0,-1183.7,36.0
2019-12-19,korea,1250.0,185.0,135.0,1403.6,6.0,3.0,73.0,219.0,48.0,364.0,14.0
2019-12-19,libya,620.0,76.0,95.0,725.6,0.0,4.0,40.0,1.0,1.0,-4.4,0.0
2019-12-19,scs,2695.0,306.0,637.0,-742.0,4.0,9.0,257.0,86.0,26.0,187.9,10.0
2019-12-19,southasia,12741.0,3617.0,2395.0,-17770.6,38.0,56.0,1400.0,55.0,27.0,-79.3,3.0
2019-12-19,sudan,732.0,101.0,110.0,263.5,0.0,3.0,60.0,6.0,4.0,-33.0,0.0
2019-12-19,taiwan,369.0,50.0,26.0,395.5,0.0,0.0,10.0,56.0,17.0,-2.8,0.0
2019-12-19,ukraine,3619.0,619.0,418.0,2613.1,2.0,1.0,298.0,453.0,92.0,795.4,17.0
2019-12-19,venezuela,173.0,30.0,17.0,260.7,4.0,0.0,16.0,17.0,4.0,10.5,2.0
2019-12-19,yemen,168.0,30.0,17.0,230.3,5.0,0.0,8.0,22.0,10.0,-43.0,0.0
2019-12-20,drc,60.0,11.0,5.0,80.0,0.0,1.0,0.0,1.0,1.0,-10.0,0.0
2019-12-20,europe_east,1125.0,171.0,153.0,607.1,2.0,3.0,62.0,29.0,7.0,74.0,1.0
2019-12-20,iran,2074.0,314.0,349.0,906.6,12.0,8.0,181.0,311.0,102.0,466.1,12.0
2019-12-20,israel,3685.0,611.0,576.0,-193.8,14.0,0.0,235.0,486.0,191.0,-666.6,18.0
2019-12-20,korea,1424.0,169.0,122.0,1863.9,6.0,1.0,44.0,297.0,81.0,253.1,1.0
2019-12-20,libya,638.0,70.0,104.0,435.5,4.0,8.0,32.0,12.0,7.0,-40.0,0.0
2019-12-20,scs,2228.0,206.0,391.0,1303.7,6.0,9.0,173.0,108.0,53.0,-82.5,32.0
2019-12-20,southasia,13301.0,3507.0,2665.0,-17351.4,29.0,99.0,1309.0,56.0,26.0,-68.2,7.0
2019-12-20,sudan,403.0,60.0,46.0,343.1,2.0,0.0,31.0,1.0,0.0,3.4,0.0
2019-12-20,taiwan,259.0,33.0,38.0,208.2,0.0,3.0,22.0,61.0,17.0,99.8,1.0
2019-12-20,ukraine,2905.0,463.0,303.0,2690.8,9.0,5.0,180.0,610.0,120.0,1230.4,20.0
2019-12-20,venezuela,175.0,38.0,15.0,168.8,0.0,0.0,11.0,33.0,5.0,72.9,0.0
2019-12-20,yemen,151.0,12.0,18.0,236.6,1.0,0.0,12.0,28.0,6.0,71.6,0.0
2019-12-21,drc,36.0,1.0,5.0,75.2,0.0,0.0,0.0,7.0,0.0,31.2,0.0
2019-12-21,europe_east,768.0,82.0,179.0,-385.3,1.0,0.0,21.0,57.0,40.0,-313.9,0.0
2019-12-21,iran,1348.0,184.0,194.0,622.0,0.0,0.0,99.0,190.0,77.0,158.2,0.0
2019-12-21,israel,1937.0,302.0,289.0,-516.0,7.0,2.0,82.0,328.0,139.0,-505.4,14.0
2019-12-21,korea,997.0,162.0,86.0,1048.3,5.0,0.0,34.0,217.0,70.0,77.8,5.0
2019-12-21,libya,536.0,53.0,50.0,787.7,5.0,5.0,22.0,10.0,10.0,-85.0,3.0
2019-12-21,scs,1547.0,172.0,232.0,1211.8,4.0,6.0,109.0,52.0,23.0,-69.8,12.0
2019-12-21,southasia,10892.0,2782.0,2181.0,-13996.4,31.0,35.0,1040.0,67.0,30.0,-57.4,6.0
2019-12-21,sudan,221.0,23.0,26.0,323.7,0.0,0.0,22.0,2.0,0.0,8.0,0.0
2019-12-21,taiwan,370.0,39.0,31.0,490.7,0.0,0.0,19.0,110.0,25.0,84.4,0.0
2019-12-21,ukraine,1260.0,215.0,112.0,1623.4,2.0,3.0,74.0,220.0,23.0,849.1,2.0
2019-12-21,venezuela,143.0,24.0,12.0,167.2,0.0,0.0,6.0,14.0,4.0,26.2,0.0
2019-12-21,yemen,79.0,5.0,13.0,43.7,0.0,0.0,0.0,3.0,0.0,19.8,0.0
2019-12-22,drc,2.0,2.0,0.0,-8.8,0.0,0.0,0.0,12.0,8.0,-14.0,8.0
2019-12-22,europe_east,455.0,62.0,62.0,265.1,0.0,0.0,18.0,32.0,13.0,-15.5,0.0
2019-12-22,iran,1146.0,170.0,182.0,648.0,0.0,0.0,95.0,156.0,74.0,39.1,1.0
2019-12-22,israel,2772.0,439.0,513.0,-941.7,8.0,0.0,145.0,527.0,243.0,-924.9,37.0
2019-12-22,korea,1187.0,141.0,132.0,1276.4,8.0,3.0,42.0,263.0,65.0,298.1,4.0
2019-12-22,libya,741.0,76.0,80.0,1269.2,5.0,4.0,20.0,3.0,2.0,0.0,2.0
2019-12-22,scs,1626.0,149.0,267.0,1542.8,1.0,7.0,94.0,22.0,3.0,63.4,0.0
2019-12-22,southasia,8655.0,2274.0,1462.0,-8611.7,11.0,50.0,663.0,47.0,25.0,-76.0,3.0
2019-12-22,sudan,536.0,102.0,90.0,243.4,3.0,3.0,68.0,10.0,2.0,20.5,0.0
2019-12-22,taiwan,261.0,30.0,27.0,274.1,0.0,2.0,14.0,56.0,13.0,17.4,3.0
2019-12-22,ukraine,1156.0,192.0,120.0,1123.9,0.0,0.0,83.0,168.0,31.0,417.5,1.0
2019-12-22,venezuela,54.0,10.0,8.0,-0.9,0.0,0.0,1.0,4.0,2.0,-9.2,0.0
2019-12-22,yemen,67.0,9.0,30.0,-238.4,0.0,5.0,1.0,14.0,3.0,8.5,1.0
2019-12-23,drc,14.0,1.0,3.0,-13.2,0.0,0.0,1.0,5.0,1.0,19.0,1.0
2019-12-23,europe_east,730.0,84.0,85.0,817.0,3.0,2.0,37.0,41.0,11.0,47.2,4.0
2019-12-23,iran,1372.0,234.0,190.0,1120.4,9.0,0.0,83.0,242.0,87.0,-14.2,3.0
2019-12-23,israel,3374.0,521.0,597.0,-216.9,11.0,1.0,209.0,762.0,415.0,-2085.9,69.0
2019-12-23,korea,1695.0,228.0,171.0,1902.2,6.0,4.0,76.0,398.0,140.0,226.7,4.0
2019-12-23,libya,543.0,65.0,71.0,575.4,2.0,10.0,18.0,5.0,5.0,-47.0,0.0
2019-12-23,scs,2043.0,213.0,310.0,1604.3,5.0,6.0,136.0,31.0,5.0,89.0,0.0
2019-12-23,southasia,10168.0,2505.0,1367.0,-3481.6,9.0,33.0,703.0,37.0,17.0,-26.7,5.0
2019-12-23,sudan,507.0,97.0,52.0,213.5,10.0,2.0,31.0,9.0,3.0,-5.8,2.0
2019-12-23,taiwan,262.0,28.0,37.0,170.5,0.0,2.0,20.0,31.0,7.0,-8.2,4.0
2019-12-23,ukraine,2014.0,264.0,201.0,2354.5,1.0,0.0,153.0,325.0,67.0,713.7,3.0
2019-12-23,venezuela,234.0,52.0,51.0,-247.2,0.0,1.0,10.0,30.0,1.0,78.3,0.0
2019-12-23,yemen,183.0,24.0,34.0,63.1,0.0,0.0,12.0,37.0,20.0,-86.7,5.0
2019-12-24,drc,13.0,0.0,5.0,-21.2,0.0,0.0,0.0,13.0,11.0,-77.6,11.0
2019-12-24,europe_east,647.0,75.0,62.0,799.1,1.0,3.0,22.0,54.0,25.0,-21.6,2.0
2019-12-24,iran,1282.0,254.0,267.0,-954.7,13.0,0.0,107.0,179.0,98.0,-271.8,19.0
2019-12-24,israel,3445.0,491.0,565.0,-3.5,7.0,4.0,206.0,695.0,325.0,-1252.0,80.0
2019-12-24,korea,1662.0,246.0,174.0,1815.7,11.0,3.0,84.0,339.0,125.0,135.0,7.0
2019-12-24,libya,458.0,43.0,55.0,579.6,2.0,10.0,8.0,1.0,1.0,-7.0,1.0
2019-12-24,scs,1635.0,155.0,252.0,1050.0,2.0,2.0,100.0,66.0,19.0,2.5,14.0
2019-12-24,southasia,9649.0,2074.0,1188.0,241.2,22.0,24.0,578.0,50.0,20.0,5.3,0.0
2019-12-24,sudan,505.0,68.0,76.0,365.5,0.0,3.0,44.0,9.0,0.0,44.0,0.0
2019-12-24,taiwan,250.0,32.0,22.0,308.6,1.0,3.0,8.0,54.0,15.0,17.9,1.0
2019-12-24,ukraine,1509.0,208.0,152.0,1978.0,8.0,0.0,107.0,308.0,48.0,809.2,6.0
2019-12-24,venezuela,190.0,36.0,32.0,6.6,0.0,0.0,16.0,21.0,3.0,99.9,0.0
2019-12-24,yemen,183.0,30.0,45.0,-157.6,0.0,5.0,16.0,43.0,16.0,-15.8,3.0
2019-12-25,drc,34.0,10.0,3.0,-7.2,0.0,0.0,1.0,0.0,0.0,0.0,0.0
2019-12-25,europe_east,324.0,53.0,53.0,-3.1,1.0,2.0,21.0,59.0,32.0,-28.3,0.0
2019-12-25,iran,1118.0,184.0,236.0,-151.0,5.0,8.0,95.0,131.0,75.0,-237.6,8.0
2019-12-25,israel,2859.0,436.0,484.0,-508.0,11.0,4.0,157.0,570.0,249.0,-921.0,25.0
2019-12-25,korea,844.0,105.0,57.0,1375.8,3.0,1.0,27.0,210.0,55.0,264.8,5.0
2019-12-25,libya,670.0,66.0,74.0,1056.2,5.0,6.0,10.0,3.0,3.0,-27.0,1.0
2019-12-25,scs,1299.0,111.0,160.0,1379.9,1.0,1.0,60.0,38.0,16.0,-16.9,11.0
2019-12-25,southasia,7788.0,1608.0,1037.0,-1500.3,30.0,17.0,506.0,39.0,17.0,-58.2,1.0
2019-12-25,sudan,330.0,38.0,36.0,315.0,0.0,0.0,20.0,0.0,0.0,0.0,0.0
2019-12-25,taiwan,249.0,22.0,27.0,300.9,0.0,0.0,16.0,66.0,17.0,42.7,0.0
2019-12-25,ukraine,783.0,129.0,109.0,495.3,3.0,0.0,52.0,94.0,17.0,177.4,1.0
2019-12-25,venezuela,142.0,13.0,14.0,113.9,0.0,0.0,9.0,11.0,3.0,9.2,0.0
2019-12-25,yemen,106.0,15.0,25.0,-102.5,0.0,2.0,7.0,20.0,10.0,-11.7,2.0
2019-12-26,drc,14.0,2.0,2.0,17.4,0.0,0.0,0.0,9.0,6.0,-54.3,0.0
2019-12-26,europe_east,334.0,48.0,53.0,2.4,0.0,1.0,9.0,56.0,23.0,12.3,0.0
2019-12-26,iran,1688.0,304.0,408.0,-1136.7,8.0,17.0,133.0,185.0,98.0,-174.6,5.0
2019-12-26,israel,3367.0,585.0,711.0,-2592.2,30.0,6.0,191.0,596.0,362.0,-2046.6,31.0
2019-12-26,korea,920.0,157.0,88.0,934.1,9.0,5.0,30.0,223.0,66.0,152.8,5.0
2019-12-26,libya,1062.0,86.0,102.0,2250.5,4.0,9.0,13.0,2.0,2.0,-20.0,0.0
2019-12-26,scs,1857.0,224.0,331.0,637.1,12.0,4.0,126.0,40.0,9.0,23.0,2.0
2019-12-26,southasia,8878.0,2226.0,1232.0,-4389.7,30.0,29.0,604.0,21.0,14.0,-71.7,4.0
2019-12-26,sudan,296.0,35.0,53.0,97.4,0.0,0.0,36.0,3.0,0.0,9.0,0.0
2019-12-26,taiwan,277.0,34.0,30.0,230.4,1.0,0.0,10.0,87.0,31.0,-7.4,11.0
2019-12-26,ukraine,1130.0,187.0,141.0,920.3,4.0,3.0,61.0,219.0,49.0,364.4,12.0
2019-12-26,venezuela,107.0,20.0,16.0,47.2,4.0,0.0,7.0,9.0,6.0,-39.9,0.0
2019-12-26,yemen,157.0,15.0,58.0,-311.0,0.0,1.0,7.0,61.0,25.0,-83.8,3.0
2019-12-27,drc,13.0,1.0,0.0,47.9,0.0,0.0,0.0,8.0,6.0,-34.0,2.0
2019-12-27,europe_east,437.0,41.0,39.0,729.5,0.0,1.0,20.0,39.0,21.0,-67.6,3.0
2019-12-27,iran,1887.0,359.0,395.0,-264.3,4.0,5.0,155.0,281.0,132.0,-25.2,3.0
2019-12-27,israel,2895.0,559.0,547.0,-1748.3,22.0,5.0,201.0,402.0,208.0,-1032.4,29.0
2019-12-27,korea,849.0,131.0,126.0,407.6,8.0,7.0,40.0,214.0,72.0,86.3,14.0
2019-12-27,libya,749.0,98.0,74.0,1332.3,5.0,11.0,12.0,0.0,0.0,0.0,0.0
2019-12-27,scs,1792.0,189.0,256.0,1609.7,1.0,4.0,127.0,58.0,13.0,110.5,11.0
2019-12-27,southasia,9473.0,2252.0,1531.0,-6001.6,25.0,93.0,662.0,67.0,30.0,-104.4,3.0
2019-12-27,sudan,279.0,48.0,29.0,200.8,0.0,0.0,13.0,9.0,0.0,30.9,0.0
2019-12-27,taiwan,288.0,30.0,27.0,371.6,0.0,0.0,20.0,61.0,25.0,14.0,0.0
2019-12-27,ukraine,1130.0,175.0,152.0,1002.5,8.0,4.0,67.0,177.0,40.0,460.0,4.0
2019-12-27,venezuela,150.0,30.0,18.0,105.6,0.0,2.0,5.0,18.0,6.0,17.3,0.0
2019-12-27,yemen,99.0,16.0,31.0,-144.7,0.0,2.0,6.0,43.0,25.0,-92.6,3.0
2019-12-28,drc,37.0,8.0,4.0,37.8,0.0,0.0,2.0,2.0,0.0,6.0,0.0
2019-12-28,europe_east,305.0,34.0,42.0,235.2,0.0,0.0,27.0,83.0,24.0,-16.3,4.0
2019-12-28,iran,1312.0,312.0,267.0,-685.0,8.0,9.0,90.0,257.0,134.0,-151.1,9.0
2019-12-28,israel,1564.0,233.0,319.0,-314.7,0.0,0.0,131.0,245.0,117.0,-379.1,20.0
2019-12-28,korea,763.0,100.0,77.0,954.7,5.0,4.0,25.0,140.0,56.0,-38.2,1.0
2019-12-28,libya,484.0,46.0,56.0,925.3,4.0,12.0,7.0,0.0,0.0,0.0,0.0
2019-12-28,scs,1212.0,147.0,174.0,1013.6,0.0,3.0,98.0,43.0,3.0,122.5,1.0
2019-12-28,southasia,7321.0,1766.0,1078.0,-3856.4,15.0,24.0,489.0,31.0,21.0,-85.3,2.0
2019-12-28,sudan,258.0,40.0,44.0,220.2,1.0,0.0,23.0,2.0,1.0,-5.0,0.0
2019-12-28,taiwan,184.0,29.0,24.0,142.4,0.0,0.0,20.0,60.0,25.0,5.6,4.0
2019-12-28,ukraine,960.0,154.0,89.0,1308.3,3.0,0.0,48.0,213.0,36.0,620.0,5.0
2019-12-28,venezuela,127.0,19.0,50.0,-318.3,0.0,1.0,16.0,25.0,8.0,-3.2,4.0
2019-12-28,yemen,61.0,10.0,16.0,-52.4,0.0,1.0,10.0,44.0,31.0,-126.6,2.0
2019-12-29,drc,3.0,0.0,0.0,1.9,0.0,0.0,0.0,0.0,0.0,0.0,0.0
2019-12-29,europe_east,361.0,51.0,31.0,446.3,0.0,1.0,4.0,23.0,8.0,-19.3,0.0
2019-12-29,iran,1471.0,266.0,351.0,-875.0,2.0,18.0,112.0,244.0,113.0,6.4,11.0
2019-12-29,israel,1810.0,373.0,293.0,-535.8,3.0,4.0,109.0,317.0,150.0,-512.7,28.0
2019-12-29,korea,1006.0,108.0,97.0,1644.1,5.0,4.0,56.0,261.0,92.0,56.0,8.0
2019-12-29,libya,653.0,78.0,84.0,777.1,5.0,8.0,10.0,0.0,0.0,0.0,0.0
2019-12-29,scs,1184.0,103.0,163.0,1362.7,0.0,4.0,93.0,37.0,4.0,89.2,0.0
2019-12-29,southasia,6995.0,1578.0,966.0,-1511.0,14.0,20.0,516.0,31.0,17.0,-18.2,2.0
2019-12-29,sudan,234.0,45.0,37.0,82.0,0.0,1.0,17.0,0.0,0.0,0.0,0.0
2019-12-29,taiwan,215.0,42.0,16.0,137.2,0.0,0.0,11.0,66.0,16.0,67.5,0.0
2019-12-29,ukraine,1445.0,166.0,137.0,2522.3,1.0,1.0,61.0,369.0,72.0,1066.8,11.0
2019-12-29,venezuela,152.0,23.0,33.0,-126.4,0.0,0.0,8.0,8.0,0.0,21.4,0.0
2019-12-29,yemen,135.0,23.0,48.0,-275.2,0.0,0.0,6.0,33.0,25.0,-140.9,10.0
2019-12-30,drc,24.0,2.0,11.0,-86.5,0.0,1.0,1.0,2.0,2.0,-10.0,2.0
2019-12-30,europe_east,721.0,108.0,131.0,-13.5,0.0,1.0,52.0,146.0,47.0,238.0,4.0
2019-12-30,iran,2543.0,547.0,468.0,-307.7,27.0,21.0,105.0,550.0,222.0,-60.3,4.0
2019-12-30,israel,3145.0,632.0,628.0,-1849.7,14.0,5.0,271.0,424.0,186.0,-434.7,37.0
2019-12-30,korea,1415.0,154.0,132.0,2176.9,8.0,3.0,72.0,340.0,103.0,122.4,8.0
2019-12-30,libya,707.0,93.0,105.0,749.0,6.0,15.0,21.0,1.0,0.0,3.0,0.0
2019-12-30,scs,1946.0,200.0,234.0,1910.9,3.0,6.0,131.0,91.0,10.0,195.5,3.0
2019-12-30,southasia,7988.0,1670.0,1070.0,-189.6,16.0,29.0,554.0,61.0,28.0,-53.9,4.0
2019-12-30,sudan,605.0,129.0,132.0,-214.9,0.0,3.0,94.0,6.0,1.0,19.0,0.0
2019-12-30,taiwan,330.0,48.0,21.0,363.8,0.0,1.0,12.0,83.0,32.0,-25.7,0.0
2019-12-30,ukraine,2716.0,293.0,209.0,4336.5,1.0,1.0,125.0,512.0,96.0,1005.0,16.0
2019-12-30,venezuela,346.0,44.0,20.0,419.9,0.0,0.0,8.0,116.0,15.0,269.2,2.0
2019-12-30,yemen,131.0,22.0,38.0,-280.7,2.0,0.0,2.0,32.0,24.0,-132.0,4.0
2019-12-31,drc,43.0,1.0,19.0,-119.4,0.0,0.0,2.0,0.0,0.0,0.0,0.0
2019-12-31,europe_east,622.0,69.0,107.0,411.4,0.0,6.0,41.0,107.0,43.0,16.1,12.0
2019-12-31,iran,3022.0,912.0,703.0,-4523.4,54.0,22.0,172.0,724.0,443.0,-1511.3,29.0
2019-12-31,israel,3875.0,655.0,716.0,-883.7,12.0,1.0,344.0,329.0,154.0,-473.0,31.0
2019-12-31,korea,1316.0,163.0,149.0,1539.7,3.0,10.0,87.0,252.0,73.0,174.7,8.0
2019-12-31,libya,678.0,75.0,70.0,1253.8,4.0,11.0,2.0,1.0,0.0,1.0,0.0
2019-12-31,scs,1405.0,188.0,194.0,1046.9,3.0,3.0,99.0,19.0,0.0,107.4,0.0
2019-12-31,southasia,7945.0,1575.0,1217.0,-1238.2,18.0,40.0,611.0,34.0,10.0,5.0,7.0
2019-12-31,sudan,674.0,121.0,178.0,-668.7,0.0,14.0,79.0,8.0,2.0,0.2,0.0
2019-12-31,taiwan,260.0,35.0,30.0,183.5,0.0,0.0,16.0,97.0,38.0,-59.3,2.0
2019-12-31,ukraine,2385.0,253.0,205.0,4173.9,3.0,0.0,115.0,464.0,58.0,1229.4,2.0
2019-12-31,venezuela,254.0,35.0,9.0,368.5,0.0,1.0,4.0,64.0,0.0,182.6,0.0
2019-12-31,yemen,112.0,15.0,29.0,-143.4,0.0,0.0,8.0,24.0,5.0,-1.6,2.0
