day,theatre,loc_all,loc_q3,loc_q4,loc_gold,loc_mil138,loc_mob,loc_coerce,dy_all,dy_q34,dy_gold,dy_force
2020-01-01,drc,11.0,0.0,1.0,10.9,0.0,1.0,0.0,0.0,0.0,0.0,0.0
2020-01-01,europe_east,346.0,45.0,43.0,263.6,0.0,0.0,12.0,26.0,13.0,-20.4,0.0
2020-01-01,iran,3079.0,862.0,806.0,-5261.7,43.0,78.0,157.0,877.0,523.0,-1516.2,27.0
2020-01-01,israel,2657.0,446.0,481.0,-138.0,5.0,2.0,232.0,279.0,146.0,-599.4,14.0
2020-01-01,korea,1340.0,187.0,122.0,1694.5,2.0,4.0,73.0,371.0,109.0,298.7,10.0
2020-01-01,libya,470.0,60.0,76.0,417.8,1.0,5.0,13.0,0.0,0.0,0.0,0.0
2020-01-01,scs,1140.0,102.0,199.0,654.9,0.0,2.0,116.0,49.0,16.0,21.2,10.0
2020-01-01,southasia,6896.0,1257.0,948.0,895.3,9.0,34.0,427.0,33.0,11.0,-21.6,3.0
2020-01-01,sudan,396.0,53.0,88.0,-249.3,6.0,0.0,38.0,7.0,1.0,12.1,0.0
2020-01-01,taiwan,300.0,59.0,40.0,-9.4,1.0,1.0,18.0,107.0,54.0,-88.7,1.0
2020-01-01,ukraine,1257.0,107.0,149.0,1366.1,1.0,2.0,108.0,160.0,33.0,282.9,0.0
2020-01-01,venezuela,124.0,12.0,41.0,-123.1,0.0,2.0,14.0,14.0,2.0,3.9,0.0
2020-01-01,yemen,197.0,17.0,56.0,-107.3,2.0,4.0,12.0,102.0,18.0,238.0,2.0
2020-01-02,drc,18.0,0.0,1.0,42.5,0.0,0.0,0.0,5.0,0.0,15.0,0.0
2020-01-02,europe_east,724.0,94.0,113.0,447.0,1.0,8.0,51.0,40.0,12.0,61.0,0.0
2020-01-02,iran,2600.0,750.0,604.0,-3830.2,56.0,35.0,110.0,747.0,493.0,-1985.7,35.0
2020-01-02,israel,4069.0,567.0,733.0,629.4,15.0,5.0,362.0,418.0,211.0,-842.1,34.0
2020-01-02,korea,1175.0,184.0,140.0,1003.3,2.0,2.0,56.0,204.0,62.0,182.4,8.0
2020-01-02,libya,1016.0,144.0,137.0,1568.7,9.0,18.0,25.0,1.0,0.0,4.0,0.0
2020-01-02,scs,1647.0,183.0,287.0,904.5,4.0,0.0,169.0,47.0,15.0,36.6,2.0
2020-01-02,southasia,9174.0,1741.0,1064.0,3626.4,19.0,27.0,569.0,73.0,23.0,45.8,0.0
2020-01-02,sudan,453.0,40.0,130.0,-283.9,4.0,5.0,52.0,3.0,3.0,-17.0,0.0
2020-01-02,taiwan,766.0,76.0,89.0,434.7,5.0,4.0,17.0,139.0,45.0,46.7,3.0
2020-01-02,ukraine,1694.0,129.0,243.0,1878.8,3.0,2.0,183.0,183.0,37.0,359.2,7.0
2020-01-02,venezuela,151.0,21.0,20.0,89.2,0.0,2.0,2.0,17.0,5.0,14.5,0.0
2020-01-02,yemen,155.0,25.0,37.0,-61.9,0.0,5.0,8.0,59.0,20.0,-39.0,2.0
2020-01-03,drc,39.0,8.0,0.0,29.6,0.0,0.0,0.0,8.0,4.0,-7.3,2.0
2020-01-03,europe_east,652.0,73.0,86.0,715.7,0.0,13.0,38.0,61.0,5.0,250.4,3.0
2020-01-03,iran,14649.0,3568.0,3702.0,-28262.9,460.0,134.0,439.0,5320.0,3030.0,-14554.4,311.0
2020-01-03,israel,5048.0,849.0,1176.0,-4809.8,71.0,43.0,332.0,1078.0,562.0,-2381.0,76.0
2020-01-03,korea,825.0,135.0,108.0,375.6,5.0,6.0,45.0,132.0,37.0,70.7,9.0
2020-01-03,libya,952.0,150.0,133.0,1254.1,7.0,34.0,21.0,0.0,0.0,0.0,0.0
2020-01-03,scs,1935.0,188.0,350.0,1212.4,11.0,8.0,177.0,82.0,24.0,46.9,13.0
2020-01-03,southasia,9766.0,2096.0,1202.0,304.9,36.0,14.0,517.0,131.0,53.0,-146.5,13.0
2020-01-03,sudan,561.0,83.0,161.0,-502.3,0.0,3.0,55.0,2.0,1.0,-10.0,0.0
2020-01-03,taiwan,542.0,47.0,32.0,722.4,3.0,3.0,4.0,84.0,17.0,143.3,3.0
2020-01-03,ukraine,1492.0,219.0,144.0,1439.7,4.0,1.0,90.0,135.0,20.0,318.9,3.0
2020-01-03,venezuela,236.0,21.0,57.0,-8.2,0.0,0.0,37.0,37.0,15.0,-4.8,3.0
2020-01-03,yemen,245.0,41.0,60.0,-302.0,4.0,1.0,1.0,114.0,65.0,-305.7,3.0
2020-01-04,drc,31.0,4.0,2.0,33.3,0.0,0.0,0.0,5.0,0.0,13.7,0.0
2020-01-04,europe_east,320.0,43.0,47.0,165.1,0.0,7.0,18.0,64.0,12.0,160.6,1.0
2020-01-04,iran,12370.0,2796.0,2872.0,-19930.7,355.0,102.0,349.0,4300.0,2421.0,-11208.2,273.0
2020-01-04,israel,3040.0,521.0,596.0,-2295.3,71.0,20.0,131.0,599.0,306.0,-1522.2,29.0
2020-01-04,korea,401.0,69.0,77.0,-34.8,2.0,1.0,18.0,57.0,18.0,49.7,1.0
2020-01-04,libya,507.0,86.0,104.0,247.6,1.0,13.0,20.0,0.0,0.0,0.0,0.0
2020-01-04,scs,1426.0,159.0,205.0,1492.7,9.0,7.0,107.0,28.0,3.0,24.4,0.0
2020-01-04,southasia,8421.0,1983.0,1203.0,-3661.3,29.0,23.0,504.0,166.0,91.0,-311.0,27.0
2020-01-04,sudan,301.0,51.0,92.0,-438.4,0.0,6.0,32.0,3.0,1.0,-10.0,0.0
2020-01-04,taiwan,259.0,31.0,32.0,185.2,0.0,0.0,22.0,46.0,20.0,-23.3,6.0
2020-01-04,ukraine,1049.0,174.0,125.0,842.6,2.0,1.0,76.0,219.0,41.0,488.5,2.0
2020-01-04,venezuela,142.0,20.0,29.0,11.4,0.0,0.0,9.0,14.0,5.0,2.3,2.0
2020-01-04,yemen,162.0,43.0,37.0,-203.4,3.0,0.0,7.0,45.0,10.0,66.4,2.0
2020-01-05,drc,0.0,0.0,0.0,0.0,0.0,0.0,0.0,0.0,0.0,0.0,0.0
2020-01-05,europe_east,280.0,56.0,33.0,99.6,1.0,0.0,12.0,44.0,14.0,67.5,1.0
2020-01-05,iran,14178.0,3422.0,3000.0,-21621.2,539.0,77.0,375.0,4646.0,2664.0,-12143.9,279.0
2020-01-05,israel,3399.0,606.0,648.0,-2565.0,53.0,17.0,169.0,604.0,310.0,-1384.6,41.0
2020-01-05,korea,444.0,86.0,53.0,216.8,10.0,0.0,19.0,60.0,10.0,74.9,2.0
2020-01-05,libya,734.0,137.0,167.0,-574.4,8.0,8.0,10.0,3.0,3.0,-30.0,0.0
2020-01-05,scs,1148.0,143.0,152.0,929.4,6.0,4.0,73.0,40.0,15.0,12.8,0.0
2020-01-05,southasia,8328.0,1892.0,1132.0,-2625.3,21.0,30.0,384.0,64.0,36.0,-182.0,3.0
2020-01-05,sudan,262.0,20.0,70.0,7.3,0.0,3.0,27.0,4.0,3.0,-11.0,0.0
2020-01-05,taiwan,210.0,18.0,34.0,164.9,0.0,0.0,11.0,38.0,12.0,22.3,0.0
2020-01-05,ukraine,468.0,79.0,50.0,294.8,1.0,0.0,20.0,63.0,18.0,15.1,0.0
2020-01-05,venezuela,306.0,59.0,43.0,20.4,0.0,0.0,23.0,24.0,12.0,8.3,0.0
2020-01-05,yemen,132.0,21.0,34.0,-231.4,1.0,0.0,4.0,29.0,9.0,-17.7,0.0
2020-01-06,drc,10.0,0.0,2.0,16.2,0.0,0.0,0.0,6.0,3.0,15.0,0.0
2020-01-06,europe_east,586.0,56.0,63.0,701.2,0.0,4.0,32.0,43.0,19.0,-72.2,0.0
2020-01-06,iran,15271.0,3334.0,2938.0,-13566.0,445.0,83.0,538.0,4528.0,2390.0,-9783.2,331.0
2020-01-06,israel,4132.0,772.0,859.0,-3046.3,52.0,79.0,264.0,883.0,435.0,-2073.4,79.0
2020-01-06,korea,871.0,117.0,98.0,588.2,17.0,6.0,28.0,100.0,38.0,-33.6,3.0
2020-01-06,libya,1055.0,159.0,204.0,127.8,6.0,19.0,17.0,7.0,5.0,-34.5,0.0
2020-01-06,scs,2133.0,236.0,380.0,881.0,10.0,31.0,194.0,53.0,21.0,-29.6,6.0
2020-01-06,southasia,10341.0,2879.0,1440.0,-7021.9,49.0,40.0,535.0,72.0,35.0,-116.0,20.0
2020-01-06,sudan,446.0,37.0,82.0,168.2,4.0,3.0,28.0,1.0,0.0,3.0,0.0
2020-01-06,taiwan,566.0,55.0,43.0,624.2,0.0,5.0,18.0,106.0,32.0,82.4,3.0
2020-01-06,ukraine,930.0,142.0,104.0,713.6,6.0,0.0,54.0,90.0,24.0,46.6,7.0
2020-01-06,venezuela,619.0,92.0,100.0,522.4,4.0,0.0,65.0,45.0,14.0,22.0,4.0
2020-01-06,yemen,208.0,34.0,48.0,-227.0,5.0,1.0,7.0,83.0,33.0,-97.0,2.0
2020-01-07,drc,20.0,1.0,2.0,53.6,0.0,0.0,2.0,15.0,2.0,63.4,1.0
2020-01-07,europe_east,1119.0,116.0,111.0,1181.1,1.0,1.0,40.0,145.0,17.0,392.2,2.0
2020-01-07,iran,14604.0,3084.0,2932.0,-14424.2,458.0,92.0,581.0,4622.0,2499.0,-10449.2,363.0
2020-01-07,israel,4714.0,836.0,865.0,-1926.6,39.0,18.0,267.0,720.0,351.0,-1368.4,42.0
2020-01-07,korea,908.0,115.0,110.0,624.6,13.0,0.0,43.0,163.0,57.0,49.3,4.0
2020-01-07,libya,1142.0,161.0,193.0,587.1,7.0,26.0,23.0,8.0,3.0,24.9,0.0
2020-01-07,scs,2345.0,348.0,323.0,1110.2,9.0,14.0,164.0,77.0,14.0,141.4,7.0
2020-01-07,southasia,10196.0,2520.0,1533.0,-5809.7,54.0,22.0,550.0,54.0,31.0,-108.7,9.0
2020-01-07,sudan,360.0,33.0,74.0,39.2,1.0,6.0,16.0,1.0,0.0,3.4,0.0
2020-01-07,taiwan,487.0,45.0,50.0,704.2,0.0,0.0,32.0,102.0,29.0,111.2,3.0
2020-01-07,ukraine,1315.0,177.0,158.0,1134.3,5.0,3.0,95.0,116.0,31.0,99.3,4.0
2020-01-07,venezuela,681.0,131.0,112.0,201.0,3.0,4.0,73.0,48.0,21.0,1.3,4.0
2020-01-07,yemen,295.0,51.0,85.0,-512.6,5.0,0.0,7.0,92.0,44.0,-209.8,2.0
2020-01-08,drc,49.0,6.0,10.0,23.4,0.0,0.0,4.0,2.0,2.0,-10.0,2.0
2020-01-08,europe_east,1292.0,133.0,151.0,1429.1,5.0,2.0,67.0,114.0,27.0,223.4,2.0
2020-01-08,iran,21626.0,3959.0,5723.0,-37233.0,637.0,123.0,883.0,6489.0,3593.0,-16935.1,455.0
2020-01-08,israel,4530.0,847.0,803.0,-2343.8,71.0,15.0,246.0,821.0,434.0,-2059.4,126.0
2020-01-08,korea,810.0,109.0,91.0,684.1,9.0,2.0,23.0,121.0,26.0,227.4,6.0
2020-01-08,libya,1267.0,124.0,143.0,1955.6,11.0,25.0,24.0,2.0,2.0,-20.0,0.0
2020-01-08,scs,2316.0,295.0,372.0,2181.2,3.0,18.0,249.0,36.0,9.0,71.5,9.0
2020-01-08,southasia,9155.0,2024.0,1519.0,-4801.3,58.0,35.0,602.0,43.0,16.0,-3.2,8.0
2020-01-08,sudan,685.0,112.0,114.0,63.8,1.0,4.0,56.0,0.0,0.0,0.0,0.0
2020-01-08,taiwan,405.0,40.0,39.0,530.1,0.0,0.0,21.0,115.0,28.0,126.4,3.0
2020-01-08,ukraine,2459.0,238.0,409.0,457.0,10.0,2.0,148.0,113.0,21.0,261.5,4.0
2020-01-08,venezuela,448.0,103.0,66.0,-53.3,1.0,0.0,42.0,40.0,20.0,-42.8,1.0
2020-01-08,yemen,251.0,27.0,72.0,-218.9,2.0,0.0,9.0,44.0,19.0,-56.8,3.0
2020-01-09,drc,54.0,8.0,9.0,32.5,0.0,0.0,1.0,19.0,13.0,-18.0,2.0
2020-01-09,europe_east,1016.0,134.0,116.0,901.0,5.0,9.0,44.0,78.0,25.0,119.7,1.0
2020-01-09,iran,16681.0,2887.0,4057.0,-21810.2,351.0,60.0,627.0,4881.0,2542.0,-10629.0,234.0
2020-01-09,israel,3760.0,593.0,732.0,-976.5,22.0,14.0,334.0,562.0,272.0,-1066.5,62.0
2020-01-09,korea,867.0,87.0,103.0,970.7,6.0,9.0,42.0,114.0,20.0,258.5,8.0
2020-01-09,libya,1314.0,136.0,162.0,1867.0,3.0,17.0,39.0,5.0,0.0,13.4,0.0
2020-01-09,scs,2516.0,214.0,424.0,1508.1,9.0,15.0,205.0,38.0,17.0,-34.4,6.0
2020-01-09,southasia,10182.0,1905.0,1407.0,1149.3,34.0,23.0,723.0,51.0,21.0,-4.6,12.0
2020-01-09,sudan,641.0,90.0,121.0,207.0,8.0,3.0,75.0,0.0,0.0,0.0,0.0
2020-01-09,taiwan,600.0,83.0,49.0,604.0,2.0,0.0,24.0,236.0,71.0,87.0,9.0
2020-01-09,ukraine,3294.0,297.0,597.0,-788.3,16.0,1.0,130.0,254.0,79.0,-121.0,10.0
2020-01-09,venezuela,283.0,43.0,39.0,173.5,1.0,0.0,33.0,38.0,8.0,36.4,2.0
2020-01-09,yemen,274.0,48.0,66.0,-342.9,3.0,0.0,6.0,73.0,23.0,13.6,0.0
2020-01-10,drc,43.0,8.0,14.0,-35.9,0.0,2.0,7.0,8.0,2.0,36.0,0.0
2020-01-10,europe_east,946.0,123.0,87.0,1099.5,3.0,0.0,41.0,26.0,14.0,15.4,2.0
2020-01-10,iran,13933.0,2530.0,3433.0,-20047.5,296.0,46.0,574.0,3810.0,2008.0,-9154.3,202.0
2020-01-10,israel,3326.0,490.0,762.0,-2128.0,50.0,15.0,307.0,738.0,330.0,-1064.9,79.0
2020-01-10,korea,1070.0,103.0,87.0,1215.5,7.0,1.0,55.0,186.0,37.0,226.4,15.0
2020-01-10,libya,671.0,113.0,104.0,40.8,7.0,9.0,21.0,4.0,4.0,-16.0,0.0
2020-01-10,scs,1862.0,197.0,306.0,606.1,4.0,8.0,148.0,74.0,15.0,113.5,0.0
2020-01-10,southasia,9759.0,1823.0,1539.0,-1122.4,36.0,24.0,675.0,69.0,32.0,-96.5,6.0
2020-01-10,sudan,632.0,59.0,82.0,737.4,9.0,0.0,27.0,3.0,0.0,6.6,0.0
2020-01-10,taiwan,531.0,97.0,45.0,268.0,0.0,0.0,30.0,222.0,71.0,82.0,11.0
2020-01-10,ukraine,3043.0,348.0,601.0,-1740.7,23.0,0.0,118.0,274.0,109.0,-390.8,14.0
2020-01-10,venezuela,426.0,73.0,48.0,325.5,0.0,0.0,33.0,51.0,17.0,90.3,2.0
2020-01-10,yemen,260.0,43.0,52.0,-15.6,3.0,2.0,2.0,76.0,42.0,-216.6,8.0
2020-01-11,drc,27.0,3.0,6.0,-12.3,0.0,0.0,4.0,3.0,2.0,-5.0,2.0
2020-01-11,europe_east,453.0,65.0,58.0,327.3,0.0,17.0,18.0,21.0,6.0,28.8,3.0
2020-01-11,iran,9756.0,1859.0,2524.0,-15898.4,179.0,43.0,442.0,2242.0,1208.0,-5569.2,103.0
2020-01-11,israel,1894.0,289.0,306.0,48.6,15.0,7.0,69.0,281.0,127.0,-501.1,7.0
2020-01-11,korea,759.0,95.0,94.0,537.1,6.0,0.0,38.0,229.0,50.0,236.9,9.0
2020-01-11,libya,632.0,77.0,86.0,597.1,11.0,5.0,17.0,6.0,0.0,42.0,0.0
2020-01-11,scs,1476.0,152.0,254.0,685.9,2.0,5.0,132.0,37.0,7.0,63.8,4.0
2020-01-11,southasia,8222.0,1607.0,1265.0,-2166.0,17.0,47.0,531.0,26.0,7.0,-11.2,1.0
2020-01-11,sudan,317.0,12.0,35.0,552.1,1.0,3.0,20.0,2.0,2.0,-20.0,0.0
2020-01-11,taiwan,783.0,145.0,41.0,733.9,1.0,1.0,17.0,383.0,115.0,311.8,2.0
2020-01-11,ukraine,2628.0,420.0,701.0,-4388.6,19.0,3.0,115.0,91.0,40.0,-157.2,0.0
2020-01-11,venezuela,230.0,22.0,38.0,215.1,0.0,0.0,30.0,38.0,22.0,-17.7,1.0
2020-01-11,yemen,323.0,40.0,53.0,190.0,3.0,0.0,8.0,90.0,36.0,-70.0,2.0
2020-01-12,drc,2.0,0.0,1.0,-9.1,0.0,0.0,0.0,0.0,0.0,0.0,0.0
2020-01-12,europe_east,420.0,75.0,48.0,318.1,0.0,15.0,10.0,18.0,12.0,-17.8,0.0
2020-01-12,iran,8993.0,1832.0,2056.0,-12786.6,121.0,55.0,442.0,2020.0,1037.0,-4521.6,98.0
2020-01-12,israel,2053.0,398.0,322.0,-592.7,27.0,8.0,115.0,406.0,229.0,-1035.1,30.0
2020-01-12,korea,537.0,84.0,58.0,276.2,3.0,1.0,20.0,121.0,31.0,81.0,3.0
2020-01-12,libya,957.0,110.0,119.0,1065.4,7.0,7.0,17.0,6.0,2.0,8.5,0.0
2020-01-12,scs,1411.0,132.0,204.0,1096.5,4.0,18.0,113.0,32.0,1.0,76.6,0.0
2020-01-12,southasia,7736.0,1382.0,1131.0,-546.4,27.0,14.0,543.0,69.0,21.0,-28.7,4.0
2020-01-12,sudan,277.0,7.0,15.0,794.0,0.0,0.0,11.0,0.0,0.0,0.0,0.0
2020-01-12,taiwan,679.0,101.0,23.0,955.4,1.0,1.0,9.0,280.0,93.0,61.6,12.0
2020-01-12,ukraine,1907.0,360.0,486.0,-3025.9,0.0,5.0,106.0,100.0,35.0,10.1,1.0
2020-01-12,venezuela,102.0,16.0,18.0,117.5,0.0,0.0,13.0,3.0,0.0,13.2,0.0
2020-01-12,yemen,155.0,15.0,20.0,222.9,0.0,0.0,4.0,29.0,14.0,-76.4,0.0
2020-01-13,drc,24.0,1.0,10.0,-53.0,0.0,0.0,3.0,3.0,2.0,-8.0,0.0
2020-01-13,europe_east,845.0,134.0,82.0,804.2,3.0,16.0,33.0,57.0,30.0,-35.1,10.0
2020-01-13,iran,9559.0,2107.0,2138.0,-13027.5,145.0,38.0,425.0,2187.0,1077.0,-4300.8,121.0
2020-01-13,israel,3072.0,534.0,632.0,-1519.9,10.0,9.0,277.0,481.0,238.0,-859.2,37.0
2020-01-13,korea,1021.0,137.0,96.0,1340.1,9.0,2.0,46.0,186.0,51.0,137.1,7.0
2020-01-13,libya,1622.0,165.0,180.0,2924.5,15.0,20.0,27.0,7.0,2.0,-0.8,0.0
2020-01-13,scs,2431.0,216.0,344.0,2342.5,7.0,18.0,212.0,100.0,33.0,16.6,9.0
2020-01-13,southasia,10563.0,2016.0,1534.0,-285.7,18.0,22.0,806.0,61.0,15.0,-13.2,1.0
2020-01-13,sudan,493.0,49.0,31.0,1009.9,0.0,0.0,13.0,0.0,0.0,0.0,0.0
2020-01-13,taiwan,661.0,97.0,39.0,1085.1,0.0,0.0,24.0,247.0,97.0,-39.8,9.0
2020-01-13,ukraine,2233.0,343.0,486.0,-1843.5,11.0,12.0,90.0,105.0,37.0,19.3,4.0
2020-01-13,venezuela,284.0,50.0,55.0,-53.3,0.0,2.0,33.0,45.0,20.0,-53.3,0.0
2020-01-13,yemen,216.0,17.0,38.0,231.8,0.0,0.0,6.0,52.0,5.0,120.6,0.0
2020-01-14,drc,43.0,2.0,8.0,48.9,0.0,0.0,2.0,13.0,4.0,17.4,0.0
2020-01-14,europe_east,1042.0,120.0,102.0,1679.7,2.0,0.0,59.0,70.0,29.0,18.3,6.0
2020-01-14,iran,8552.0,1910.0,1836.0,-9262.5,138.0,27.0,523.0,1706.0,858.0,-3144.0,95.0
2020-01-14,israel,3231.0,536.0,596.0,-1129.0,18.0,4.0,236.0,397.0,218.0,-1055.6,23.0
2020-01-14,korea,1070.0,116.0,121.0,1476.8,3.0,5.0,75.0,228.0,55.0,320.1,7.0
2020-01-14,libya,1415.0,131.0,206.0,1985.1,25.0,11.0,24.0,6.0,0.0,8.6,0.0
2020-01-14,scs,2197.0,228.0,282.0,2241.8,1.0,24.0,137.0,145.0,10.0,275.0,4.0
2020-01-14,southasia,10342.0,1972.0,1497.0,337.2,25.0,31.0,700.0,64.0,30.0,-78.2,6.0
2020-01-14,sudan,615.0,77.0,67.0,637.3,1.0,3.0,22.0,11.0,2.0,-15.3,0.0
2020-01-14,taiwan,586.0,92.0,42.0,932.5,1.0,0.0,24.0,185.0,63.0,54.9,14.0
2020-01-14,ukraine,2238.0,369.0,469.0,-1773.3,4.0,1.0,139.0,165.0,73.0,-258.9,6.0
2020-01-14,venezuela,244.0,37.0,42.0,79.0,0.0,0.0,27.0,33.0,14.0,-9.8,1.0
2020-01-14,yemen,186.0,14.0,57.0,-235.0,0.0,1.0,7.0,71.0,19.0,22.0,2.0
2020-01-15,drc,23.0,1.0,4.0,-4.7,0.0,0.0,1.0,4.0,1.0,13.2,0.0
2020-01-15,europe_east,951.0,82.0,113.0,1121.3,2.0,1.0,48.0,88.0,26.0,55.8,4.0
2020-01-15,iran,7473.0,1765.0,1577.0,-8554.2,111.0,28.0,420.0,1857.0,894.0,-3208.2,102.0
2020-01-15,israel,3200.0,562.0,645.0,-2025.2,20.0,5.0,181.0,585.0,334.0,-1603.0,26.0
2020-01-15,korea,1202.0,151.0,123.0,1421.4,7.0,2.0,75.0,258.0,67.0,197.5,6.0
2020-01-15,libya,979.0,83.0,182.0,1028.1,2.0,12.0,31.0,0.0,0.0,0.0,0.0
2020-01-15,scs,2499.0,249.0,313.0,2815.6,2.0,14.0,187.0,175.0,14.0,436.5,3.0
2020-01-15,southasia,9534.0,1613.0,1255.0,3247.4,22.0,27.0,617.0,58.0,23.0,14.3,3.0
2020-01-15,sudan,734.0,116.0,123.0,15.3,3.0,2.0,47.0,7.0,1.0,0.1,0.0
2020-01-15,taiwan,392.0,60.0,28.0,485.5,2.0,5.0,12.0,167.0,42.0,193.2,10.0
2020-01-15,ukraine,3019.0,522.0,415.0,690.6,5.0,2.0,185.0,133.0,43.0,-34.1,4.0
2020-01-15,venezuela,292.0,63.0,67.0,-226.1,1.0,1.0,44.0,33.0,19.0,-65.0,6.0
2020-01-15,yemen,282.0,102.0,49.0,-309.8,4.0,1.0,5.0,38.0,23.0,-145.0,2.0
2020-01-16,drc,24.0,1.0,8.0,-25.0,0.0,0.0,1.0,5.0,0.0,0.0,0.0
2020-01-16,europe_east,1243.0,186.0,124.0,1055.6,1.0,2.0,61.0,152.0,31.0,235.1,5.0
2020-01-16,iran,6027.0,1224.0,1143.0,-3285.2,66.0,27.0,303.0,1178.0,568.0,-2172.0,71.0
2020-01-16,israel,3500.0,572.0,704.0,-807.6,10.0,9.0,298.0,450.0,253.0,-1282.0,27.0
2020-01-16,korea,866.0,119.0,97.0,1098.2,7.0,2.0,62.0,156.0,54.0,66.7,7.0
2020-01-16,libya,1316.0,108.0,100.0,3073.9,10.0,16.0,21.0,4.0,0.0,24.0,0.0
2020-01-16,scs,2527.0,305.0,341.0,2388.6,4.0,4.0,187.0,152.0,15.0,325.1,5.0
2020-01-16,southasia,10874.0,1959.0,1404.0,3797.6,35.0,26.0,678.0,98.0,17.0,92.1,5.0
2020-01-16,sudan,771.0,87.0,103.0,741.9,0.0,1.0,31.0,5.0,4.0,-16.0,0.0
2020-01-16,taiwan,505.0,87.0,45.0,514.9,3.0,1.0,22.0,133.0,49.0,102.9,2.0
2020-01-16,ukraine,4123.0,686.0,503.0,1076.0,5.0,4.0,292.0,237.0,74.0,14.2,4.0
2020-01-16,venezuela,277.0,43.0,44.0,117.2,0.0,0.0,26.0,36.0,19.0,-17.1,7.0
2020-01-16,yemen,330.0,27.0,52.0,230.6,0.0,0.0,9.0,81.0,20.0,69.2,2.0
2020-01-17,drc,62.0,2.0,9.0,42.5,0.0,0.0,4.0,21.0,2.0,31.4,0.0
2020-01-17,europe_east,1028.0,122.0,100.0,1169.3,4.0,1.0,48.0,123.0,34.0,87.1,10.0
2020-01-17,iran,6000.0,1143.0,1318.0,-4484.2,63.0,36.0,249.0,1256.0,665.0,-2681.7,65.0
2020-01-17,israel,2635.0,408.0,472.0,-27.4,22.0,8.0,196.0,372.0,179.0,-550.0,25.0
2020-01-17,korea,817.0,154.0,80.0,649.6,0.0,4.0,44.0,98.0,25.0,73.6,1.0
2020-01-17,libya,1427.0,118.0,140.0,3300.8,5.0,30.0,26.0,9.0,1.0,17.8,0.0
2020-01-17,scs,2160.0,237.0,291.0,2050.2,2.0,8.0,173.0,127.0,15.0,281.2,1.0
2020-01-17,southasia,10780.0,2071.0,1390.0,3129.9,32.0,23.0,693.0,47.0,17.0,-3.5,4.0
2020-01-17,sudan,565.0,60.0,55.0,687.1,0.0,0.0,25.0,4.0,0.0,17.4,0.0
2020-01-17,taiwan,412.0,78.0,22.0,542.2,0.0,2.0,12.0,113.0,47.0,-0.4,9.0
2020-01-17,ukraine,3193.0,541.0,397.0,702.8,13.0,2.0,199.0,224.0,66.0,25.6,8.0
2020-01-17,venezuela,300.0,39.0,45.0,262.5,0.0,0.0,28.0,36.0,11.0,-1.0,2.0
2020-01-17,yemen,192.0,18.0,29.0,140.0,0.0,1.0,8.0,48.0,13.0,47.8,0.0
2020-01-18,drc,20.0,1.0,7.0,-10.2,0.0,0.0,2.0,0.0,0.0,0.0,0.0
2020-01-18,europe_east,559.0,77.0,61.0,548.0,3.0,0.0,22.0,86.0,22.0,77.1,5.0
2020-01-18,iran,3699.0,613.0,752.0,-1691.8,30.0,16.0,146.0,834.0,404.0,-1673.2,33.0
2020-01-18,israel,1565.0,283.0,398.0,-1924.8,7.0,5.0,130.0,233.0,136.0,-675.0,12.0
2020-01-18,korea,476.0,56.0,30.0,755.6,0.0,2.0,20.0,79.0,18.0,73.0,0.0
2020-01-18,libya,1129.0,153.0,124.0,1611.7,7.0,15.0,25.0,5.0,3.0,-10.0,0.0
2020-01-18,scs,1485.0,151.0,240.0,1085.7,0.0,9.0,125.0,83.0,9.0,105.9,1.0
2020-01-18,southasia,8593.0,1533.0,1243.0,-52.7,17.0,11.0,591.0,64.0,22.0,16.8,6.0
2020-01-18,sudan,116.0,6.0,3.0,396.1,0.0,1.0,1.0,0.0,0.0,0.0,0.0
2020-01-18,taiwan,223.0,24.0,21.0,212.0,0.0,1.0,16.0,53.0,14.0,-17.0,4.0
2020-01-18,ukraine,1590.0,236.0,207.0,440.4,1.0,0.0,83.0,140.0,47.0,-63.4,12.0
2020-01-18,venezuela,212.0,19.0,41.0,163.6,0.0,0.0,22.0,18.0,3.0,11.1,0.0
2020-01-18,yemen,169.0,13.0,66.0,-450.4,0.0,1.0,5.0,35.0,14.0,-14.4,0.0
2020-01-19,drc,5.0,0.0,0.0,25.0,0.0,0.0,0.0,0.0,0.0,0.0,0.0
2020-01-19,europe_east,406.0,41.0,43.0,312.4,0.0,0.0,24.0,86.0,29.0,11.6,5.0
2020-01-19,iran,2424.0,425.0,529.0,-1984.0,27.0,7.0,123.0,501.0,224.0,-899.6,22.0
2020-01-19,israel,2270.0,377.0,518.0,-1587.5,23.0,15.0,212.0,264.0,137.0,-657.5,30.0
2020-01-19,korea,552.0,54.0,40.0,961.4,4.0,0.0,19.0,98.0,23.0,91.0,4.0
2020-01-19,libya,1712.0,172.0,172.0,2649.5,8.0,18.0,34.0,10.0,2.0,7.4,0.0
2020-01-19,scs,1296.0,109.0,112.0,2096.0,2.0,6.0,38.0,56.0,0.0,131.3,0.0
2020-01-19,southasia,7175.0,1292.0,819.0,2797.4,9.0,8.0,397.0,60.0,8.0,96.1,0.0
2020-01-19,sudan,335.0,41.0,19.0,695.5,0.0,0.0,7.0,11.0,0.0,13.2,0.0
2020-01-19,taiwan,213.0,40.0,9.0,280.6,0.0,0.0,5.0,56.0,12.0,62.1,0.0
2020-01-19,ukraine,1474.0,254.0,224.0,-227.9,3.0,0.0,94.0,74.0,28.0,11.7,7.0
2020-01-19,venezuela,363.0,38.0,35.0,522.4,0.0,0.0,27.0,51.0,11.0,41.9,4.0
2020-01-19,yemen,444.0,85.0,191.0,-1641.7,2.0,9.0,13.0,47.0,27.0,-185.7,0.0
2020-01-20,drc,57.0,0.0,1.0,153.0,0.0,0.0,0.0,14.0,7.0,-55.0,2.0
2020-01-20,europe_east,797.0,114.0,95.0,557.6,2.0,9.0,40.0,77.0,28.0,-6.1,8.0
2020-01-20,iran,3310.0,558.0,665.0,-839.8,31.0,7.0,175.0,539.0,247.0,-663.1,24.0
2020-01-20,israel,3162.0,452.0,552.0,391.1,13.0,23.0,240.0,365.0,161.0,-510.2,31.0
2020-01-20,korea,993.0,126.0,98.0,1345.6,1.0,4.0,59.0,134.0,41.0,122.6,6.0
2020-01-20,libya,1437.0,142.0,119.0,2614.9,2.0,9.0,36.0,12.0,1.0,6.4,0.0
2020-01-20,scs,2123.0,196.0,214.0,3342.6,1.0,3.0,96.0,72.0,23.0,16.1,13.0
2020-01-20,southasia,9298.0,1693.0,1130.0,2755.4,22.0,37.0,547.0,59.0,21.0,18.3,5.0
2020-01-20,sudan,460.0,48.0,76.0,366.2,0.0,1.0,20.0,12.0,0.0,13.2,0.0
2020-01-20,taiwan,310.0,45.0,14.0,450.2,0.0,0.0,7.0,76.0,21.0,163.6,0.0
2020-01-20,ukraine,2017.0,327.0,253.0,752.6,3.0,1.0,107.0,133.0,31.0,104.3,2.0
2020-01-20,venezuela,472.0,68.0,57.0,346.8,0.0,0.0,43.0,58.0,23.0,-19.0,7.0
2020-01-20,yemen,371.0,66.0,157.0,-1332.5,3.0,1.0,7.0,74.0,30.0,-81.9,1.0
2020-01-21,drc,34.0,12.0,6.0,-66.6,0.0,0.0,0.0,2.0,0.0,14.0,0.0
2020-01-21,europe_east,1252.0,155.0,153.0,979.4,2.0,3.0,58.0,96.0,36.0,-10.7,3.0
2020-01-21,iran,3860.0,732.0,805.0,-2594.9,44.0,15.0,271.0,867.0,429.0,-1524.9,53.0
2020-01-21,israel,3894.0,578.0,506.0,1566.0,9.0,11.0,209.0,406.0,156.0,-518.5,19.0
2020-01-21,korea,1097.0,155.0,148.0,1071.2,5.0,5.0,80.0,137.0,50.0,98.4,2.0
2020-01-21,libya,1021.0,117.0,121.0,1220.2,3.0,12.0,37.0,4.0,0.0,13.5,0.0
2020-01-21,scs,2053.0,155.0,220.0,2770.7,3.0,9.0,115.0,88.0,11.0,49.6,2.0
2020-01-21,southasia,9755.0,1661.0,1146.0,4239.2,10.0,15.0,564.0,44.0,13.0,19.3,4.0
2020-01-21,sudan,426.0,36.0,63.0,509.4,0.0,2.0,18.0,4.0,3.0,-30.0,0.0
2020-01-21,taiwan,373.0,48.0,32.0,381.3,1.0,2.0,21.0,155.0,19.0,233.6,0.0
2020-01-21,ukraine,2680.0,452.0,359.0,1051.1,7.0,0.0,177.0,131.0,48.0,73.6,19.0
2020-01-21,venezuela,659.0,76.0,71.0,652.6,1.0,0.0,46.0,93.0,37.0,4.3,4.0
2020-01-21,yemen,228.0,31.0,87.0,-602.2,1.0,1.0,11.0,50.0,18.0,-56.8,0.0
2020-01-22,drc,82.0,4.0,2.0,120.1,0.0,0.0,1.0,0.0,0.0,0.0,0.0
2020-01-22,europe_east,1374.0,178.0,160.0,1161.2,7.0,2.0,99.0,176.0,76.0,5.6,3.0
2020-01-22,iran,3600.0,570.0,884.0,-3537.6,29.0,8.0,245.0,747.0,378.0,-1504.9,43.0
2020-01-22,israel,4505.0,696.0,529.0,2485.2,14.0,11.0,216.0,467.0,211.0,-682.0,19.0
2020-01-22,korea,1126.0,117.0,198.0,581.9,3.0,5.0,134.0,106.0,48.0,-170.0,1.0
2020-01-22,libya,841.0,101.0,93.0,1377.3,8.0,4.0,30.0,3.0,2.0,-11.0,0.0
2020-01-22,scs,2258.0,226.0,290.0,2672.9,3.0,7.0,128.0,136.0,14.0,304.2,6.0
2020-01-22,southasia,9720.0,1547.0,1041.0,5965.7,15.0,11.0,443.0,30.0,11.0,-3.4,5.0
2020-01-22,sudan,639.0,46.0,136.0,443.0,0.0,3.0,59.0,10.0,6.0,-33.3,2.0
2020-01-22,taiwan,518.0,53.0,29.0,819.1,0.0,2.0,20.0,232.0,32.0,413.8,8.0
2020-01-22,ukraine,2959.0,451.0,337.0,2527.5,10.0,0.0,221.0,205.0,68.0,88.9,25.0
2020-01-22,venezuela,698.0,88.0,115.0,326.6,0.0,3.0,72.0,140.0,29.0,136.8,5.0
2020-01-22,yemen,322.0,31.0,92.0,-258.2,2.0,2.0,33.0,65.0,29.0,-52.7,2.0
2020-01-23,drc,92.0,3.0,17.0,-14.5,0.0,0.0,1.0,66.0,18.0,30.6,5.0
2020-01-23,europe_east,1780.0,278.0,181.0,1169.9,6.0,1.0,85.0,236.0,99.0,30.3,0.0
2020-01-23,iran,3138.0,596.0,704.0,-3392.6,42.0,10.0,167.0,798.0,415.0,-1440.6,37.0
2020-01-23,israel,5797.0,722.0,593.0,5311.4,23.0,10.0,270.0,549.0,207.0,-138.2,20.0
2020-01-23,korea,970.0,108.0,144.0,937.2,9.0,3.0,87.0,94.0,23.0,100.5,4.0
2020-01-23,libya,1011.0,117.0,144.0,979.9,8.0,9.0,42.0,3.0,2.0,-20.0,0.0
2020-01-23,scs,2018.0,228.0,267.0,1848.7,1.0,4.0,154.0,177.0,27.0,232.2,10.0
2020-01-23,southasia,9614.0,1574.0,1065.0,5404.6,17.0,8.0,487.0,41.0,20.0,-31.6,3.0
2020-01-23,sudan,553.0,75.0,116.0,19.2,3.0,3.0,19.0,1.0,1.0,-9.0,0.0
2020-01-23,taiwan,408.0,33.0,52.0,581.3,0.0,1.0,40.0,164.0,43.0,126.6,22.0
2020-01-23,ukraine,2696.0,365.0,292.0,2350.2,11.0,0.0,163.0,172.0,49.0,122.7,12.0
2020-01-23,venezuela,608.0,78.0,72.0,447.3,1.0,2.0,54.0,134.0,9.0,304.1,2.0
2020-01-23,yemen,220.0,28.0,81.0,-420.3,0.0,2.0,17.0,44.0,8.0,91.0,2.0
2020-01-24,drc,59.0,2.0,2.0,92.5,0.0,0.0,1.0,45.0,7.0,85.1,6.0
2020-01-24,europe_east,1408.0,193.0,155.0,1257.4,1.0,2.0,61.0,145.0,42.0,106.9,2.0
2020-01-24,iran,2540.0,470.0,561.0,-2440.1,34.0,7.0,165.0,603.0,291.0,-938.1,26.0
2020-01-24,israel,4921.0,667.0,578.0,2914.9,10.0,19.0,254.0,623.0,243.0,-351.0,24.0
2020-01-24,korea,906.0,74.0,84.0,1598.4,3.0,0.0,52.0,155.0,16.0,574.0,7.0
2020-01-24,libya,858.0,97.0,155.0,580.9,12.0,7.0,74.0,8.0,7.0,-45.0,5.0
2020-01-24,scs,1993.0,231.0,271.0,1862.0,2.0,2.0,155.0,192.0,43.0,213.1,7.0
2020-01-24,southasia,9438.0,1766.0,1093.0,2990.4,27.0,14.0,477.0,86.0,41.0,-39.5,3.0
2020-01-24,sudan,481.0,57.0,61.0,729.2,0.0,6.0,19.0,2.0,1.0,1.4,0.0
2020-01-24,taiwan,259.0,31.0,12.0,428.8,0.0,0.0,9.0,147.0,46.0,27.7,15.0
2020-01-24,ukraine,3069.0,430.0,361.0,2052.6,7.0,0.0,193.0,220.0,66.0,110.9,4.0
2020-01-24,venezuela,443.0,62.0,37.0,455.9,0.0,0.0,25.0,36.0,5.0,101.4,3.0
2020-01-24,yemen,278.0,36.0,83.0,-379.9,3.0,0.0,9.0,68.0,31.0,-107.3,0.0
2020-01-25,drc,13.0,4.0,5.0,-43.2,0.0,0.0,1.0,3.0,0.0,10.2,0.0
2020-01-25,europe_east,637.0,79.0,66.0,583.5,0.0,1.0,21.0,67.0,32.0,-56.3,0.0
2020-01-25,iran,2050.0,356.0,499.0,-2192.3,10.0,8.0,109.0,510.0,225.0,-627.1,16.0
2020-01-25,israel,2204.0,319.0,284.0,763.5,7.0,1.0,102.0,221.0,80.0,-113.8,13.0
2020-01-25,korea,349.0,49.0,36.0,417.0,3.0,0.0,24.0,40.0,20.0,-59.6,7.0
2020-01-25,libya,329.0,47.0,43.0,209.4,2.0,6.0,17.0,4.0,2.0,-2.0,2.0
2020-01-25,scs,1366.0,130.0,245.0,924.2,5.0,11.0,114.0,200.0,33.0,241.0,17.0
2020-01-25,southasia,8283.0,1463.0,1209.0,995.1,22.0,45.0,500.0,75.0,40.0,-164.9,3.0
2020-01-25,sudan,441.0,84.0,50.0,566.1,2.0,4.0,15.0,2.0,1.0,1.4,0.0
2020-01-25,taiwan,216.0,27.0,14.0,299.4,0.0,0.0,13.0,100.0,34.0,-1.9,6.0
2020-01-25,ukraine,2866.0,528.0,280.0,1751.4,5.0,2.0,163.0,203.0,46.0,311.9,1.0
2020-01-25,venezuela,223.0,18.0,17.0,389.0,0.0,0.0,13.0,35.0,4.0,120.0,0.0
2020-01-25,yemen,181.0,27.0,46.0,-305.6,3.0,1.0,1.0,29.0,9.0,-33.5,0.0
2020-01-26,drc,7.0,0.0,2.0,-2.1,0.0,0.0,2.0,0.0,0.0,0.0,0.0
2020-01-26,europe_east,932.0,105.0,119.0,770.5,0.0,0.0,42.0,36.0,13.0,26.1,0.0
2020-01-26,iran,1826.0,309.0,426.0,-1806.4,28.0,5.0,96.0,414.0,170.0,-279.0,18.0
2020-01-26,israel,3187.0,512.0,301.0,2363.2,9.0,0.0,135.0,414.0,167.0,-275.7,8.0
2020-01-26,korea,433.0,29.0,31.0,493.5,0.0,2.0,11.0,56.0,6.0,10.0,0.0
2020-01-26,libya,619.0,87.0,102.0,412.7,0.0,0.0,24.0,1.0,0.0,7.4,0.0
2020-01-26,scs,1249.0,149.0,161.0,1241.1,3.0,1.0,97.0,92.0,18.0,134.2,3.0
2020-01-26,southasia,6125.0,1002.0,736.0,2102.4,28.0,33.0,317.0,21.0,3.0,22.3,0.0
2020-01-26,sudan,231.0,9.0,36.0,337.7,0.0,1.0,14.0,1.0,1.0,-9.0,0.0
2020-01-26,taiwan,187.0,9.0,14.0,264.1,0.0,0.0,13.0,115.0,36.0,37.2,18.0
2020-01-26,ukraine,1776.0,324.0,222.0,802.5,1.0,0.0,143.0,127.0,37.0,-13.5,4.0
2020-01-26,venezuela,202.0,35.0,16.0,229.5,0.0,0.0,12.0,1.0,0.0,-2.0,0.0
2020-01-26,yemen,158.0,29.0,49.0,-384.8,5.0,0.0,4.0,14.0,4.0,20.7,0.0
2020-01-27,drc,10.0,1.0,2.0,18.0,0.0,0.0,2.0,3.0,0.0,10.2,0.0
2020-01-27,europe_east,2183.0,200.0,333.0,400.2,5.0,2.0,114.0,207.0,75.0,-104.4,0.0
2020-01-27,iran,2639.0,513.0,597.0,-2686.8,38.0,3.0,165.0,588.0,280.0,-696.3,30.0
2020-01-27,israel,5312.0,929.0,590.0,2954.1,20.0,14.0,284.0,894.0,390.0,-537.7,30.0
2020-01-27,korea,610.0,70.0,42.0,617.7,2.0,0.0,16.0,76.0,14.0,39.6,1.0
2020-01-27,libya,653.0,97.0,146.0,-117.2,7.0,6.0,40.0,2.0,1.0,2.0,0.0
2020-01-27,scs,1802.0,210.0,212.0,1804.0,4.0,6.0,115.0,213.0,25.0,326.2,7.0
2020-01-27,southasia,9331.0,1697.0,1279.0,2150.5,11.0,28.0,638.0,28.0,7.0,22.9,0.0
2020-01-27,sudan,523.0,33.0,46.0,780.0,0.0,4.0,18.0,10.0,1.0,22.4,1.0
2020-01-27,taiwan,245.0,17.0,31.0,267.4,2.0,0.0,22.0,100.0,30.0,31.2,14.0
2020-01-27,ukraine,2761.0,441.0,367.0,670.5,7.0,0.0,199.0,205.0,58.0,155.0,6.0
2020-01-27,venezuela,274.0,44.0,25.0,380.7,0.0,0.0,22.0,56.0,11.0,131.9,3.0
2020-01-27,yemen,220.0,34.0,56.0,-215.2,0.0,0.0,6.0,45.0,10.0,69.5,0.0
2020-01-28,drc,39.0,3.0,8.0,-3.7,0.0,0.0,2.0,6.0,0.0,45.0,0.0
2020-01-28,europe_east,1622.0,147.0,189.0,1276.5,4.0,0.0,77.0,134.0,45.0,-142.2,6.0
2020-01-28,iran,2111.0,381.0,526.0,-2554.1,20.0,7.0,166.0,578.0,252.0,-674.5,39.0
2020-01-28,israel,8545.0,1594.0,919.0,4733.1,30.0,42.0,449.0,1968.0,781.0,-793.3,79.0
2020-01-28,korea,703.0,73.0,103.0,725.8,0.0,7.0,68.0,60.0,27.0,-11.2,4.0
2020-01-28,libya,597.0,68.0,130.0,-128.1,3.0,9.0,25.0,4.0,3.0,-11.8,1.0
2020-01-28,scs,1888.0,163.0,302.0,1116.5,2.0,4.0,138.0,324.0,57.0,398.0,10.0
2020-01-28,southasia,10705.0,1894.0,1668.0,1177.5,10.0,31.0,859.0,65.0,29.0,-95.7,3.0
2020-01-28,sudan,481.0,35.0,55.0,714.0,0.0,0.0,11.0,5.0,1.0,21.5,0.0
2020-01-28,taiwan,204.0,30.0,17.0,208.2,2.0,0.0,9.0,96.0,18.0,158.0,4.0
2020-01-28,ukraine,3303.0,578.0,378.0,1505.7,5.0,0.0,228.0,154.0,57.0,-25.8,10.0
2020-01-28,venezuela,324.0,34.0,41.0,416.9,0.0,0.0,28.0,35.0,11.0,17.8,7.0
2020-01-28,yemen,372.0,67.0,79.0,-358.0,1.0,0.0,4.0,33.0,13.0,-47.9,5.0
2020-01-29,drc,91.0,1.0,8.0,133.9,0.0,0.0,5.0,0.0,0.0,0.0,0.0
2020-01-29,europe_east,1260.0,188.0,187.0,549.2,2.0,1.0,101.0,84.0,25.0,46.0,3.0
2020-01-29,iran,1777.0,293.0,389.0,-1379.2,11.0,3.0,87.0,492.0,205.0,-469.2,19.0
2020-01-29,israel,9248.0,1796.0,970.0,4704.4,18.0,24.0,486.0,2213.0,861.0,-634.4,78.0
2020-01-29,korea,861.0,70.0,159.0,1042.4,2.0,4.0,126.0,42.0,17.0,-43.8,0.0
2020-01-29,libya,588.0,59.0,89.0,406.5,1.0,2.0,13.0,2.0,1.0,-3.8,1.0
2020-01-29,scs,1771.0,203.0,265.0,1286.2,9.0,3.0,141.0,286.0,62.0,256.4,20.0
2020-01-29,southasia,9191.0,1683.0,1543.0,-252.7,36.0,19.0,836.0,29.0,15.0,-69.8,0.0
2020-01-29,sudan,400.0,55.0,55.0,379.9,0.0,0.0,13.0,6.0,0.0,42.0,0.0
2020-01-29,taiwan,326.0,23.0,45.0,268.3,2.0,7.0,24.0,113.0,22.0,94.9,4.0
2020-01-29,ukraine,3123.0,491.0,287.0,2501.4,3.0,0.0,194.0,243.0,81.0,149.3,9.0
2020-01-29,venezuela,310.0,27.0,41.0,353.3,0.0,0.0,28.0,56.0,3.0,109.5,0.0
2020-01-29,yemen,268.0,44.0,79.0,-572.9,0.0,2.0,5.0,63.0,24.0,-97.3,0.0
2020-01-30,drc,28.0,1.0,8.0,-32.3,0.0,0.0,0.0,2.0,2.0,-20.0,0.0
2020-01-30,europe_east,1035.0,130.0,100.0,1078.2,0.0,8.0,47.0,24.0,15.0,-62.9,1.0
2020-01-30,iran,2202.0,372.0,457.0,-1284.8,17.0,13.0,114.0,513.0,270.0,-1197.4,30.0
2020-01-30,israel,6903.0,1227.0,802.0,3690.4,20.0,18.0,416.0,1403.0,570.0,-638.2,69.0
2020-01-30,korea,856.0,78.0,166.0,687.0,4.0,0.0,132.0,80.0,28.0,16.1,14.0
2020-01-30,libya,553.0,78.0,77.0,462.6,2.0,0.0,26.0,0.0,0.0,0.0,0.0
2020-01-30,scs,2149.0,217.0,469.0,285.2,12.0,10.0,281.0,459.0,118.0,235.9,41.0
2020-01-30,southasia,9955.0,1823.0,1788.0,-2689.9,20.0,21.0,897.0,29.0,11.0,-40.1,3.0
2020-01-30,sudan,516.0,43.0,46.0,996.6,0.0,0.0,25.0,8.0,0.0,56.0,0.0
2020-01-30,taiwan,344.0,51.0,40.0,237.5,0.0,0.0,30.0,108.0,35.0,53.3,6.0
2020-01-30,ukraine,2978.0,477.0,252.0,2773.6,4.0,1.0,158.0,263.0,71.0,190.7,9.0
2020-01-30,venezuela,313.0,37.0,29.0,666.2,1.0,0.0,22.0,29.0,4.0,95.6,1.0
2020-01-30,yemen,205.0,23.0,77.0,-475.9,0.0,2.0,13.0,52.0,22.0,-58.4,0.0
2020-01-31,drc,51.0,0.0,15.0,-49.7,0.0,0.0,0.0,2.0,2.0,-4.0,0.0
2020-01-31,europe_east,1067.0,111.0,102.0,1490.0,1.0,0.0,57.0,55.0,29.0,-30.3,5.0
2020-01-31,iran,2044.0,379.0,472.0,-1646.1,16.0,12.0,176.0,392.0,201.0,-803.7,23.0
2020-01-31,israel,5111.0,825.0,730.0,1722.9,22.0,16.0,315.0,1055.0,449.0,-985.9,53.0
2020-01-31,korea,1162.0,100.0,159.0,1329.7,1.0,3.0,128.0,124.0,37.0,77.9,17.0
2020-01-31,libya,488.0,60.0,71.0,622.9,3.0,9.0,29.0,3.0,1.0,3.0,1.0
2020-01-31,scs,1828.0,129.0,300.0,1564.4,2.0,1.0,192.0,517.0,134.0,304.5,62.0
2020-01-31,southasia,9809.0,1650.0,1731.0,-2439.3,24.0,13.0,688.0,48.0,23.0,-71.6,1.0
2020-01-31,sudan,483.0,28.0,46.0,1046.2,0.0,2.0,27.0,0.0,0.0,0.0,0.0
2020-01-31,taiwan,319.0,22.0,49.0,321.8,0.0,0.0,32.0,94.0,29.0,10.8,2.0
2020-01-31,ukraine,3624.0,509.0,287.0,4059.6,9.0,0.0,181.0,367.0,79.0,413.8,15.0
2020-01-31,venezuela,369.0,59.0,43.0,384.3,0.0,0.0,28.0,97.0,18.0,183.2,2.0
2020-01-31,yemen,253.0,46.0,54.0,-194.7,2.0,1.0,13.0,56.0,28.0,-109.8,4.0
2020-02-01,drc,10.0,0.0,6.0,-37.0,0.0,0.0,0.0,0.0,0.0,0.0,0.0
2020-02-01,europe_east,482.0,60.0,72.0,447.9,0.0,0.0,51.0,20.0,13.0,-59.8,3.0
2020-02-01,iran,1407.0,269.0,416.0,-2577.1,11.0,13.0,101.0,240.0,124.0,-503.5,19.0
2020-02-01,israel,3428.0,688.0,390.0,1359.0,10.0,9.0,165.0,733.0,278.0,-334.8,23.0
2020-02-01,korea,583.0,30.0,115.0,657.4,0.0,2.0,91.0,54.0,11.0,106.4,4.0
2020-02-01,libya,264.0,37.0,54.0,119.4,1.0,1.0,30.0,0.0,0.0,0.0,0.0
2020-02-01,scs,1558.0,91.0,322.0,578.7,3.0,0.0,178.0,498.0,174.0,131.1,34.0
2020-02-01,southasia,6743.0,1123.0,1016.0,964.4,22.0,15.0,437.0,27.0,7.0,-17.7,0.0
2020-02-01,sudan,352.0,32.0,38.0,657.7,0.0,0.0,25.0,0.0,0.0,0.0,0.0
2020-02-01,taiwan,175.0,17.0,34.0,121.8,0.0,1.0,33.0,70.0,27.0,-8.3,10.0
2020-02-01,ukraine,2067.0,325.0,217.0,1781.2,6.0,5.0,127.0,127.0,34.0,61.4,0.0
2020-02-01,venezuela,219.0,22.0,36.0,284.3,1.0,2.0,25.0,59.0,8.0,157.0,0.0
2020-02-01,yemen,239.0,23.0,103.0,-773.3,0.0,2.0,20.0,90.0,50.0,-280.2,6.0
2020-02-02,drc,20.0,0.0,9.0,-54.7,0.0,0.0,0.0,4.0,0.0,4.0,0.0
2020-02-02,europe_east,594.0,55.0,56.0,1039.9,0.0,0.0,40.0,73.0,20.0,192.3,0.0
2020-02-02,iran,1498.0,262.0,223.0,460.9,10.0,8.0,67.0,255.0,93.0,-134.8,12.0
2020-02-02,israel,3922.0,789.0,600.0,192.1,5.0,8.0,323.0,801.0,345.0,-557.3,40.0
2020-02-02,korea,599.0,46.0,133.0,428.2,0.0,0.0,113.0,15.0,6.0,-13.6,0.0
2020-02-02,libya,266.0,33.0,42.0,124.2,4.0,3.0,7.0,0.0,0.0,0.0,0.0
2020-02-02,scs,1456.0,104.0,339.0,558.1,2.0,7.0,280.0,634.0,220.0,-127.9,90.0
2020-02-02,southasia,6218.0,1014.0,1119.0,-1276.2,25.0,25.0,521.0,47.0,21.0,-56.3,2.0
2020-02-02,sudan,338.0,23.0,39.0,419.4,0.0,2.0,23.0,1.0,0.0,7.4,0.0
2020-02-02,taiwan,210.0,18.0,38.0,91.0,2.0,2.0,33.0,92.0,34.0,-5.5,25.0
2020-02-02,ukraine,1187.0,184.0,131.0,903.9,3.0,1.0,76.0,72.0,12.0,59.8,0.0
2020-02-02,venezuela,200.0,22.0,17.0,350.0,0.0,0.0,9.0,58.0,8.0,74.3,0.0
2020-02-02,yemen,156.0,13.0,56.0,-428.2,2.0,0.0,7.0,35.0,20.0,-141.7,0.0
2020-02-03,drc,69.0,6.0,18.0,-112.5,0.0,2.0,0.0,13.0,0.0,25.0,0.0
2020-02-03,europe_east,1368.0,97.0,121.0,2132.0,2.0,8.0,68.0,154.0,46.0,38.2,13.0
2020-02-03,iran,2606.0,440.0,572.0,-1854.7,25.0,8.0,146.0,448.0,197.0,-507.2,7.0
2020-02-03,israel,4964.0,855.0,615.0,3060.7,9.0,9.0,345.0,829.0,300.0,-61.9,33.0
2020-02-03,korea,757.0,70.0,143.0,613.0,0.0,1.0,110.0,50.0,17.0,-59.5,0.0
2020-02-03,libya,447.0,48.0,31.0,950.0,2.0,0.0,10.0,0.0,0.0,0.0,0.0
2020-02-03,scs,2331.0,177.0,405.0,1986.3,2.0,6.0,308.0,777.0,210.0,458.4,104.0
2020-02-03,southasia,8525.0,1511.0,1380.0,-493.1,26.0,17.0,682.0,48.0,16.0,-14.6,2.0
2020-02-03,sudan,739.0,74.0,75.0,1186.7,1.0,0.0,62.0,3.0,3.0,-11.0,1.0
2020-02-03,taiwan,422.0,37.0,63.0,523.6,0.0,0.0,59.0,168.0,49.0,129.3,16.0
2020-02-03,ukraine,2611.0,349.0,350.0,1465.9,4.0,1.0,180.0,137.0,64.0,-101.5,12.0
2020-02-03,venezuela,231.0,24.0,30.0,254.3,2.0,1.0,21.0,38.0,5.0,111.2,0.0
2020-02-03,yemen,463.0,33.0,96.0,-81.8,5.0,2.0,24.0,87.0,50.0,-247.9,5.0
2020-02-04,drc,42.0,2.0,11.0,-54.2,0.0,0.0,0.0,0.0,0.0,0.0,0.0
2020-02-04,europe_east,1435.0,148.0,131.0,1811.1,3.0,3.0,80.0,208.0,66.0,80.4,3.0
2020-02-04,iran,2287.0,397.0,510.0,-1975.3,36.0,6.0,182.0,486.0,272.0,-1172.9,78.0
2020-02-04,israel,5379.0,966.0,627.0,3355.7,19.0,1.0,340.0,829.0,293.0,17.8,52.0
2020-02-04,korea,796.0,69.0,126.0,574.8,0.0,0.0,90.0,63.0,28.0,-68.2,8.0
2020-02-04,libya,514.0,61.0,67.0,602.2,1.0,3.0,20.0,1.0,0.0,3.0,0.0
2020-02-04,scs,2062.0,148.0,359.0,1597.9,0.0,2.0,270.0,545.0,148.0,322.9,76.0
2020-02-04,southasia,8856.0,1527.0,1207.0,2559.2,27.0,12.0,613.0,94.0,39.0,-82.9,6.0
2020-02-04,sudan,1258.0,153.0,79.0,2054.7,0.0,2.0,57.0,0.0,0.0,0.0,0.0
2020-02-04,taiwan,461.0,59.0,76.0,239.3,1.0,0.0,64.0,141.0,41.0,90.6,10.0
2020-02-04,ukraine,2505.0,321.0,316.0,1948.2,7.0,1.0,190.0,233.0,78.0,128.1,10.0
2020-02-04,venezuela,410.0,55.0,86.0,122.4,1.0,0.0,51.0,61.0,13.0,127.5,6.0
2020-02-04,yemen,386.0,26.0,77.0,108.5,2.0,3.0,20.0,85.0,42.0,-145.8,0.0
2020-02-05,drc,27.0,1.0,2.0,57.5,0.0,0.0,2.0,1.0,0.0,6.4,0.0
2020-02-05,europe_east,1312.0,125.0,96.0,2257.2,1.0,2.0,57.0,165.0,33.0,283.5,8.0
2020-02-05,iran,2283.0,394.0,421.0,-592.0,24.0,10.0,140.0,478.0,201.0,-216.8,39.0
2020-02-05,israel,5184.0,970.0,719.0,1344.7,10.0,11.0,263.0,946.0,382.0,-480.6,36.0
2020-02-05,korea,882.0,85.0,98.0,1188.0,4.0,1.0,66.0,77.0,19.0,114.3,3.0
2020-02-05,libya,533.0,76.0,95.0,-54.5,0.0,5.0,29.0,2.0,2.0,-20.0,0.0
2020-02-05,scs,2285.0,222.0,277.0,2500.0,5.0,5.0,155.0,448.0,89.0,610.8,36.0
2020-02-05,southasia,10219.0,1814.0,1374.0,2213.6,24.0,23.0,592.0,37.0,8.0,19.5,1.0
2020-02-05,sudan,1048.0,97.0,89.0,1589.8,4.0,2.0,51.0,7.0,2.0,7.0,1.0
2020-02-05,taiwan,327.0,33.0,62.0,121.7,0.0,0.0,47.0,129.0,41.0,12.4,20.0
2020-02-05,ukraine,2904.0,407.0,381.0,2174.1,5.0,3.0,263.0,197.0,69.0,-173.7,2.0
2020-02-05,venezuela,992.0,109.0,123.0,1019.9,4.0,0.0,77.0,436.0,59.0,844.9,29.0
2020-02-05,yemen,353.0,34.0,71.0,103.5,0.0,1.0,11.0,66.0,22.0,11.6,0.0
2020-02-06,drc,18.0,3.0,4.0,-9.0,0.0,0.0,1.0,9.0,1.0,-2.0,0.0
2020-02-06,europe_east,1220.0,146.0,153.0,1115.3,0.0,3.0,82.0,42.0,17.0,35.2,2.0
2020-02-06,iran,1816.0,292.0,483.0,-2155.3,18.0,9.0,164.0,374.0,206.0,-938.6,17.0
2020-02-06,israel,5101.0,861.0,1070.0,-3568.2,28.0,19.0,255.0,1404.0,845.0,-4746.1,98.0
2020-02-06,korea,793.0,67.0,82.0,1272.9,0.0,0.0,49.0,51.0,14.0,8.8,0.0
2020-02-06,libya,471.0,73.0,92.0,-113.7,5.0,5.0,18.0,6.0,3.0,-12.4,1.0
2020-02-06,scs,2231.0,226.0,378.0,1285.0,8.0,4.0,202.0,428.0,72.0,716.3,32.0
2020-02-06,southasia,10113.0,1753.0,1482.0,1266.2,17.0,40.0,654.0,78.0,23.0,-34.0,3.0
2020-02-06,sudan,675.0,56.0,59.0,977.4,1.0,0.0,32.0,11.0,0.0,29.4,0.0
2020-02-06,taiwan,683.0,88.0,83.0,474.8,1.0,0.0,61.0,280.0,114.0,-143.0,32.0
2020-02-06,ukraine,2930.0,466.0,395.0,1945.9,5.0,2.0,289.0,144.0,43.0,83.8,5.0
2020-02-06,venezuela,738.0,96.0,94.0,580.0,0.0,0.0,81.0,301.0,53.0,414.9,19.0
2020-02-06,yemen,325.0,41.0,96.0,-428.2,0.0,3.0,20.0,51.0,24.0,-34.5,3.0
2020-02-07,drc,16.0,1.0,2.0,17.7,0.0,0.0,0.0,12.0,1.0,6.4,0.0
2020-02-07,europe_east,1038.0,103.0,102.0,1377.2,1.0,0.0,38.0,94.0,22.0,67.0,6.0
2020-02-07,iran,1762.0,231.0,445.0,-1564.2,15.0,5.0,105.0,407.0,155.0,-177.7,11.0
2020-02-07,israel,3963.0,727.0,830.0,-2957.6,19.0,23.0,176.0,1010.0,604.0,-3412.5,51.0
2020-02-07,korea,800.0,98.0,107.0,1052.0,5.0,1.0,70.0,57.0,14.0,61.2,2.0
2020-02-07,libya,453.0,48.0,80.0,97.6,1.0,0.0,21.0,2.0,2.0,-12.0,0.0
2020-02-07,scs,2134.0,226.0,281.0,2294.8,7.0,5.0,170.0,327.0,54.0,487.5,26.0
2020-02-07,southasia,9470.0,1680.0,1489.0,1046.1,32.0,19.0,762.0,44.0,12.0,25.3,1.0
2020-02-07,sudan,481.0,44.0,46.0,697.5,0.0,0.0,25.0,4.0,0.0,16.0,0.0
2020-02-07,taiwan,608.0,78.0,70.0,554.8,1.0,0.0,53.0,196.0,82.0,-47.9,5.0
2020-02-07,ukraine,2092.0,252.0,212.0,2190.2,5.0,1.0,118.0,202.0,58.0,171.2,6.0
2020-02-07,venezuela,747.0,118.0,111.0,264.0,3.0,0.0,68.0,259.0,101.0,-222.9,24.0
2020-02-07,yemen,483.0,32.0,201.0,-1307.7,1.0,0.0,21.0,150.0,98.0,-739.4,9.0
2020-02-08,drc,17.0,1.0,4.0,-8.0,0.0,0.0,0.0,0.0,0.0,0.0,0.0
2020-02-08,europe_east,436.0,43.0,61.0,387.6,0.0,4.0,28.0,25.0,7.0,45.4,0.0
2020-02-08,iran,1199.0,205.0,313.0,-1286.9,8.0,4.0,112.0,262.0,119.0,-318.2,11.0
2020-02-08,israel,2225.0,413.0,469.0,-1364.9,6.0,12.0,143.0,550.0,317.0,-1573.2,35.0
2020-02-08,korea,430.0,33.0,52.0,744.9,0.0,0.0,41.0,52.0,3.0,281.5,0.0
2020-02-08,libya,263.0,38.0,33.0,279.9,4.0,4.0,8.0,3.0,2.0,-4.6,0.0
2020-02-08,scs,1365.0,128.0,167.0,1681.5,1.0,1.0,94.0,213.0,37.0,391.6,19.0
2020-02-08,southasia,7029.0,1204.0,992.0,795.3,24.0,37.0,382.0,37.0,14.0,9.0,1.0
2020-02-08,sudan,274.0,30.0,30.0,477.6,0.0,5.0,13.0,4.0,2.0,-13.0,0.0
2020-02-08,taiwan,248.0,30.0,30.0,237.6,0.0,0.0,26.0,113.0,46.0,29.6,5.0
2020-02-08,ukraine,1756.0,256.0,197.0,942.0,2.0,0.0,102.0,73.0,26.0,-82.0,3.0
2020-02-08,venezuela,352.0,45.0,30.0,400.0,0.0,0.0,15.0,91.0,17.0,70.1,1.0
2020-02-08,yemen,188.0,16.0,65.0,-247.8,1.0,1.0,15.0,46.0,26.0,-183.2,1.0
2020-02-09,drc,4.0,2.0,0.0,-1.8,0.0,0.0,0.0,1.0,0.0,0.0,0.0
2020-02-09,europe_east,352.0,37.0,48.0,391.5,1.0,2.0,35.0,14.0,7.0,-36.5,0.0
2020-02-09,iran,1213.0,226.0,318.0,-1570.9,16.0,5.0,110.0,261.0,154.0,-684.9,12.0
2020-02-09,israel,2985.0,581.0,468.0,-560.7,16.0,8.0,184.0,543.0,225.0,-622.4,31.0
2020-02-09,korea,372.0,42.0,54.0,357.9,1.0,0.0,28.0,39.0,12.0,33.6,0.0
2020-02-09,libya,308.0,40.0,41.0,274.1,0.0,0.0,11.0,1.0,1.0,-10.0,0.0
2020-02-09,scs,1163.0,87.0,154.0,1163.0,1.0,3.0,76.0,230.0,52.0,209.8,13.0
2020-02-09,southasia,5672.0,916.0,851.0,1122.2,12.0,39.0,411.0,56.0,26.0,-78.3,5.0
2020-02-09,sudan,374.0,50.0,17.0,628.8,0.0,3.0,7.0,1.0,0.0,4.0,0.0
2020-02-09,taiwan,239.0,20.0,29.0,212.9,0.0,0.0,19.0,100.0,28.0,66.6,5.0
2020-02-09,ukraine,1002.0,150.0,97.0,795.4,3.0,1.0,65.0,93.0,32.0,-58.1,3.0
2020-02-09,venezuela,199.0,43.0,12.0,183.0,0.0,0.0,6.0,65.0,15.0,47.5,0.0
2020-02-09,yemen,160.0,9.0,33.0,-11.1,0.0,0.0,8.0,51.0,16.0,-48.6,1.0
2020-02-10,drc,19.0,1.0,2.0,52.4,0.0,0.0,0.0,8.0,0.0,17.6,0.0
2020-02-10,europe_east,764.0,90.0,54.0,1306.9,0.0,2.0,33.0,99.0,13.0,140.3,0.0
2020-02-10,iran,1599.0,273.0,423.0,-1893.8,12.0,16.0,117.0,353.0,184.0,-649.0,16.0
2020-02-10,israel,4161.0,758.0,749.0,-1355.4,17.0,6.0,321.0,800.0,381.0,-1414.0,45.0
2020-02-10,korea,1122.0,126.0,102.0,1233.0,0.0,0.0,52.0,150.0,46.0,27.1,6.0
2020-02-10,libya,386.0,45.0,50.0,265.0,0.0,0.0,14.0,6.0,0.0,17.1,0.0
2020-02-10,scs,2212.0,291.0,260.0,1821.8,2.0,3.0,153.0,300.0,52.0,515.8,21.0
2020-02-10,southasia,8230.0,1546.0,1233.0,-647.6,12.0,35.0,539.0,56.0,27.0,-71.5,16.0
2020-02-10,sudan,588.0,57.0,27.0,1150.7,3.0,0.0,18.0,0.0,0.0,0.0,0.0
2020-02-10,taiwan,459.0,67.0,81.0,59.6,0.0,2.0,49.0,214.0,89.0,-141.9,21.0
2020-02-10,ukraine,1805.0,245.0,174.0,2021.3,2.0,0.0,99.0,213.0,53.0,167.8,8.0
2020-02-10,venezuela,265.0,34.0,35.0,216.4,0.0,0.0,30.0,35.0,9.0,60.3,0.0
2020-02-10,yemen,145.0,16.0,38.0,-148.0,0.0,0.0,6.0,45.0,15.0,6.0,1.0
2020-02-11,drc,41.0,8.0,2.0,-6.0,0.0,0.0,0.0,1.0,0.0,6.4,0.0
2020-02-11,europe_east,851.0,85.0,76.0,1179.1,0.0,2.0,48.0,99.0,4.0,326.2,0.0
2020-02-11,iran,2029.0,362.0,461.0,-2249.4,16.0,2.0,137.0,448.0,216.0,-939.6,15.0
2020-02-11,israel,4373.0,894.0,643.0,-825.2,15.0,8.0,257.0,777.0,313.0,-594.6,32.0
2020-02-11,korea,1044.0,138.0,92.0,1284.5,0.0,0.0,43.0,142.0,37.0,102.0,0.0
2020-02-11,libya,333.0,44.0,86.0,-108.9,0.0,2.0,37.0,3.0,3.0,-23.0,1.0
2020-02-11,scs,2627.0,392.0,445.0,1465.4,7.0,3.0,268.0,247.0,50.0,453.5,17.0
2020-02-11,southasia,8557.0,1415.0,1107.0,3156.4,18.0,20.0,465.0,29.0,7.0,-8.5,0.0
2020-02-11,sudan,991.0,154.0,166.0,523.8,2.0,4.0,90.0,27.0,5.0,95.4,2.0
2020-02-11,taiwan,516.0,64.0,130.0,-49.4,0.0,0.0,107.0,181.0,94.0,-293.2,26.0
2020-02-11,ukraine,1763.0,243.0,165.0,2038.3,1.0,2.0,86.0,175.0,37.0,325.3,4.0
2020-02-11,venezuela,433.0,74.0,84.0,57.1,0.0,0.0,60.0,115.0,35.0,14.5,8.0
2020-02-11,yemen,226.0,30.0,49.0,-76.5,0.0,1.0,9.0,40.0,18.0,-31.3,1.0
2020-02-12,drc,32.0,1.0,2.0,62.8,0.0,0.0,1.0,1.0,0.0,0.0,0.0
2020-02-12,europe_east,1119.0,100.0,96.0,2461.8,2.0,4.0,56.0,96.0,31.0,58.5,12.0
2020-02-12,iran,1711.0,333.0,351.0,-1592.4,27.0,3.0,105.0,456.0,229.0,-1118.8,31.0
2020-02-12,israel,4223.0,906.0,539.0,607.6,23.0,4.0,242.0,675.0,281.0,-713.0,23.0
2020-02-12,korea,787.0,92.0,80.0,1097.7,1.0,0.0,40.0,61.0,21.0,4.6,0.0
2020-02-12,libya,511.0,89.0,100.0,-16.1,1.0,2.0,35.0,7.0,1.0,11.3,1.0
2020-02-12,scs,2762.0,393.0,418.0,1518.6,12.0,6.0,229.0,306.0,57.0,470.1,23.0
2020-02-12,southasia,9283.0,1585.0,1443.0,1230.4,11.0,26.0,835.0,93.0,47.0,-66.5,29.0
2020-02-12,sudan,833.0,121.0,129.0,721.4,0.0,2.0,77.0,25.0,3.0,83.5,0.0
2020-02-12,taiwan,522.0,66.0,91.0,217.2,0.0,1.0,80.0,162.0,51.0,-22.4,12.0
2020-02-12,ukraine,1615.0,215.0,187.0,1435.6,4.0,3.0,107.0,206.0,56.0,300.3,16.0
2020-02-12,venezuela,622.0,79.0,94.0,198.5,0.0,0.0,56.0,154.0,48.0,46.6,15.0
2020-02-12,yemen,186.0,23.0,56.0,-295.6,0.0,1.0,8.0,63.0,19.0,-34.1,1.0
2020-02-13,drc,46.0,1.0,2.0,190.8,0.0,0.0,2.0,5.0,0.0,16.7,0.0
2020-02-13,europe_east,1231.0,112.0,84.0,2329.4,0.0,2.0,36.0,135.0,49.0,-52.4,8.0
2020-02-13,iran,2142.0,477.0,443.0,-2399.1,42.0,7.0,154.0,553.0,287.0,-1030.4,55.0
2020-02-13,israel,4268.0,838.0,607.0,931.6,27.0,3.0,279.0,606.0,293.0,-823.0,42.0
2020-02-13,korea,848.0,117.0,122.0,405.2,2.0,1.0,56.0,137.0,36.0,16.7,2.0
2020-02-13,libya,594.0,96.0,100.0,181.8,1.0,2.0,38.0,8.0,2.0,9.4,0.0
2020-02-13,scs,2580.0,315.0,403.0,1271.6,6.0,18.0,191.0,195.0,41.0,237.5,24.0
2020-02-13,southasia,9600.0,1514.0,1373.0,3274.6,12.0,21.0,706.0,48.0,33.0,-57.1,16.0
2020-02-13,sudan,1137.0,150.0,159.0,1052.4,6.0,0.0,88.0,6.0,2.0,-5.0,1.0
2020-02-13,taiwan,547.0,48.0,78.0,506.5,0.0,1.0,66.0,103.0,33.0,68.2,5.0
2020-02-13,ukraine,1877.0,276.0,173.0,1585.8,3.0,2.0,90.0,176.0,48.0,25.8,17.0
2020-02-13,venezuela,473.0,71.0,48.0,435.4,0.0,0.0,34.0,86.0,28.0,6.1,11.0
2020-02-13,yemen,293.0,46.0,87.0,-435.5,2.0,0.0,27.0,56.0,22.0,-79.3,2.0
2020-02-14,drc,17.0,3.0,5.0,-31.1,0.0,0.0,0.0,8.0,0.0,20.1,0.0
2020-02-14,europe_east,1036.0,93.0,84.0,1477.2,2.0,1.0,52.0,119.0,41.0,-59.2,9.0
2020-02-14,iran,2340.0,479.0,467.0,-1399.7,41.0,10.0,158.0,575.0,300.0,-1094.1,40.0
2020-02-14,israel,3026.0,502.0,509.0,-180.6,12.0,6.0,171.0,552.0,251.0,-868.1,20.0
2020-02-14,korea,837.0,92.0,159.0,239.2,0.0,2.0,84.0,128.0,51.0,-155.0,7.0
2020-02-14,libya,294.0,28.0,80.0,-198.7,1.0,3.0,25.0,8.0,8.0,-40.0,8.0
2020-02-14,scs,2130.0,221.0,385.0,760.4,2.0,1.0,229.0,215.0,40.0,162.7,20.0
2020-02-14,southasia,10150.0,1653.0,1569.0,686.0,14.0,10.0,660.0,77.0,30.0,-147.9,4.0
2020-02-14,sudan,718.0,100.0,85.0,736.3,4.0,1.0,51.0,3.0,0.0,10.4,0.0
2020-02-14,taiwan,496.0,77.0,92.0,124.7,0.0,0.0,83.0,99.0,54.0,-139.0,14.0
2020-02-14,ukraine,1837.0,239.0,173.0,1809.1,1.0,1.0,101.0,190.0,54.0,150.2,19.0
2020-02-14,venezuela,352.0,55.0,52.0,142.5,0.0,0.0,39.0,80.0,30.0,29.7,2.0
2020-02-14,yemen,333.0,35.0,82.0,-208.0,1.0,0.0,34.0,81.0,22.0,-17.3,2.0
2020-02-15,drc,23.0,0.0,0.0,81.1,0.0,0.0,0.0,6.0,0.0,14.1,0.0
2020-02-15,europe_east,573.0,61.0,63.0,938.9,1.0,3.0,32.0,46.0,23.0,-22.2,8.0
2020-02-15,iran,1605.0,296.0,284.0,171.8,12.0,1.0,74.0,386.0,217.0,-797.8,30.0
2020-02-15,israel,1623.0,325.0,305.0,-913.7,9.0,3.0,109.0,336.0,162.0,-679.4,15.0
2020-02-15,korea,472.0,48.0,71.0,481.0,1.0,0.0,42.0,58.0,17.0,57.4,1.0
2020-02-15,libya,246.0,17.0,68.0,-167.0,0.0,3.0,22.0,2.0,2.0,-14.5,1.0
2020-02-15,scs,1515.0,178.0,239.0,874.1,4.0,7.0,123.0,137.0,51.0,-62.8,38.0
2020-02-15,southasia,8083.0,1506.0,1151.0,-49.4,11.0,17.0,542.0,54.0,27.0,-37.3,17.0
2020-02-15,sudan,540.0,74.0,42.0,660.3,0.0,2.0,19.0,0.0,0.0,0.0,0.0
2020-02-15,taiwan,386.0,38.0,73.0,383.8,0.0,0.0,67.0,63.0,12.0,142.8,4.0
2020-02-15,ukraine,943.0,117.0,91.0,835.5,4.0,4.0,51.0,114.0,31.0,102.9,13.0
2020-02-15,venezuela,303.0,65.0,48.0,-78.0,1.0,0.0,23.0,66.0,20.0,90.2,0.0
2020-02-15,yemen,353.0,40.0,141.0,-924.1,2.0,0.0,15.0,104.0,41.0,-222.6,3.0
2020-02-16,drc,9.0,2.0,1.0,-2.6,0.0,0.0,0.0,0.0,0.0,0.0,0.0
2020-02-16,europe_east,384.0,36.0,44.0,382.2,0.0,1.0,20.0,44.0,21.0,-49.8,9.0
2020-02-16,iran,1493.0,252.0,292.0,-586.7,10.0,3.0,74.0,353.0,174.0,-535.1,16.0
2020-02-16,israel,2562.0,429.0,404.0,-15.5,11.0,4.0,160.0,457.0,216.0,-747.4,21.0
2020-02-16,korea,441.0,43.0,70.0,326.5,0.0,1.0,44.0,37.0,3.0,60.7,0.0
2020-02-16,libya,312.0,31.0,61.0,-23.2,1.0,1.0,16.0,0.0,0.0,0.0,0.0
2020-02-16,scs,1253.0,182.0,165.0,851.6,4.0,4.0,94.0,84.0,15.0,106.5,3.0
2020-02-16,southasia,7152.0,1136.0,863.0,3427.5,10.0,28.0,419.0,34.0,17.0,-28.9,7.0
2020-02-16,sudan,697.0,140.0,79.0,321.6,1.0,0.0,51.0,11.0,8.0,-34.0,0.0
2020-02-16,taiwan,218.0,39.0,14.0,225.5,0.0,0.0,12.0,58.0,19.0,-1.8,6.0
2020-02-16,ukraine,614.0,58.0,74.0,566.9,2.0,2.0,36.0,82.0,32.0,7.1,18.0
2020-02-16,venezuela,163.0,38.0,24.0,37.6,2.0,0.0,16.0,47.0,17.0,80.8,0.0
2020-02-16,yemen,389.0,56.0,139.0,-848.3,3.0,0.0,9.0,94.0,45.0,-236.4,0.0
2020-02-17,drc,34.0,1.0,11.0,-32.0,0.0,0.0,1.0,3.0,0.0,7.5,0.0
2020-02-17,europe_east,913.0,91.0,71.0,1264.8,5.0,0.0,34.0,82.0,28.0,49.8,9.0
2020-02-17,iran,1684.0,302.0,302.0,-6.8,17.0,1.0,103.0,312.0,132.0,-253.4,18.0
2020-02-17,israel,3099.0,458.0,416.0,1457.8,11.0,6.0,189.0,457.0,219.0,-802.6,22.0
2020-02-17,korea,661.0,73.0,88.0,581.5,0.0,3.0,30.0,77.0,25.0,-29.9,4.0
2020-02-17,libya,451.0,59.0,78.0,8.5,7.0,7.0,18.0,3.0,0.0,10.5,0.0
2020-02-17,scs,1998.0,237.0,238.0,1562.2,9.0,5.0,77.0,158.0,36.0,202.3,13.0
2020-02-17,southasia,10207.0,1733.0,1514.0,1062.2,12.0,36.0,696.0,73.0,34.0,-86.7,21.0
2020-02-17,sudan,760.0,122.0,78.0,809.2,0.0,2.0,51.0,9.0,2.0,22.1,0.0
2020-02-17,taiwan,323.0,37.0,45.0,281.9,2.0,1.0,34.0,134.0,41.0,36.1,6.0
2020-02-17,ukraine,1078.0,135.0,136.0,752.6,2.0,0.0,59.0,141.0,60.0,-64.1,19.0
2020-02-17,venezuela,162.0,24.0,34.0,50.2,1.0,1.0,20.0,31.0,13.0,-2.6,2.0
2020-02-17,yemen,310.0,43.0,79.0,-335.5,2.0,0.0,9.0,70.0,39.0,-252.8,0.0
2020-02-18,drc,41.0,2.0,3.0,87.2,0.0,0.0,1.0,3.0,0.0,7.5,0.0
2020-02-18,europe_east,915.0,93.0,69.0,1635.2,0.0,2.0,40.0,30.0,8.0,8.8,1.0
2020-02-18,iran,2123.0,318.0,414.0,-555.9,13.0,4.0,173.0,518.0,227.0,-722.9,46.0
2020-02-18,israel,3832.0,609.0,506.0,1755.9,9.0,13.0,244.0,537.0,232.0,-555.9,26.0
2020-02-18,korea,923.0,96.0,116.0,1227.7,2.0,2.0,71.0,92.0,23.0,85.0,3.0
2020-02-18,libya,711.0,89.0,119.0,202.7,8.0,9.0,34.0,8.0,0.0,13.4,0.0
2020-02-18,scs,2383.0,299.0,378.0,1066.1,5.0,5.0,166.0,190.0,51.0,101.1,24.0
2020-02-18,southasia,9887.0,1599.0,1281.0,3079.8,16.0,14.0,642.0,85.0,48.0,-165.4,25.0
2020-02-18,sudan,580.0,65.0,86.0,370.4,0.0,2.0,29.0,2.0,0.0,14.0,0.0
2020-02-18,taiwan,372.0,30.0,61.0,394.3,0.0,0.0,53.0,69.0,13.0,103.0,0.0
2020-02-18,ukraine,1637.0,215.0,200.0,1144.4,5.0,3.0,69.0,250.0,106.0,-178.0,13.0
2020-02-18,venezuela,597.0,90.0,116.0,305.7,0.0,0.0,84.0,130.0,48.0,1.3,24.0
2020-02-18,yemen,242.0,36.0,45.0,-73.0,0.0,1.0,8.0,75.0,30.0,-115.8,0.0
2020-02-19,drc,29.0,1.0,2.0,76.1,0.0,0.0,2.0,8.0,0.0,30.0,0.0
2020-02-19,europe_east,1023.0,77.0,70.0,2089.5,0.0,1.0,46.0,80.0,25.0,145.9,0.0
2020-02-19,iran,2144.0,370.0,350.0,-596.2,15.0,1.0,131.0,476.0,151.0,-59.2,16.0
2020-02-19,israel,3486.0,506.0,588.0,520.8,4.0,8.0,259.0,561.0,257.0,-921.5,39.0
2020-02-19,korea,1039.0,107.0,137.0,1217.9,0.0,3.0,84.0,104.0,28.0,67.7,3.0
2020-02-19,libya,726.0,89.0,181.0,-527.0,5.0,3.0,44.0,9.0,7.0,-38.0,0.0
2020-02-19,scs,2553.0,304.0,344.0,1655.2,17.0,4.0,171.0,202.0,59.0,72.5,19.0
2020-02-19,southasia,9638.0,1454.0,1191.0,5969.9,13.0,22.0,558.0,80.0,34.0,-72.2,8.0
2020-02-19,sudan,721.0,89.0,74.0,719.5,1.0,3.0,21.0,14.0,0.0,72.8,0.0
2020-02-19,taiwan,397.0,34.0,88.0,206.0,1.0,0.0,73.0,103.0,42.0,-16.2,11.0
2020-02-19,ukraine,1791.0,247.0,260.0,1236.7,2.0,1.0,124.0,314.0,132.0,-172.8,14.0
2020-02-19,venezuela,537.0,69.0,111.0,163.4,1.0,0.0,82.0,140.0,44.0,29.9,19.0
2020-02-19,yemen,403.0,49.0,82.0,-137.4,1.0,1.0,17.0,103.0,26.0,61.9,1.0
2020-02-20,drc,13.0,0.0,5.0,-8.9,0.0,0.0,1.0,26.0,0.0,102.0,0.0
2020-02-20,europe_east,1168.0,162.0,82.0,1742.4,3.0,2.0,46.0,89.0,49.0,-108.6,4.0
2020-02-20,iran,1869.0,288.0,338.0,-72.0,10.0,3.0,150.0,305.0,112.0,-99.6,9.0
2020-02-20,israel,3798.0,524.0,485.0,2521.6,13.0,4.0,229.0,553.0,206.0,-115.8,24.0
2020-02-20,korea,950.0,95.0,111.0,767.9,1.0,1.0,46.0,59.0,18.0,-7.8,4.0
2020-02-20,libya,526.0,63.0,129.0,-211.7,5.0,5.0,37.0,6.0,3.0,-24.0,0.0
2020-02-20,scs,2377.0,248.0,369.0,1331.3,16.0,2.0,188.0,241.0,42.0,355.8,8.0
2020-02-20,southasia,10220.0,1670.0,1326.0,3569.8,25.0,13.0,646.0,43.0,23.0,-91.9,8.0
2020-02-20,sudan,895.0,113.0,119.0,861.8,1.0,5.0,46.0,16.0,4.0,54.0,1.0
2020-02-20,taiwan,341.0,39.0,49.0,347.2,0.0,0.0,41.0,79.0,29.0,-20.5,0.0
2020-02-20,ukraine,1662.0,239.0,264.0,688.1,0.0,8.0,137.0,167.0,71.0,-167.9,13.0
2020-02-20,venezuela,527.0,86.0,124.0,-310.4,0.0,2.0,85.0,86.0,34.0,-107.3,4.0
2020-02-20,yemen,403.0,40.0,135.0,-663.9,2.0,1.0,22.0,100.0,39.0,-201.6,7.0
2020-02-21,drc,18.0,0.0,4.0,16.3,0.0,0.0,1.0,22.0,2.0,50.4,0.0
2020-02-21,europe_east,1008.0,89.0,98.0,1374.2,1.0,2.0,37.0,81.0,17.0,148.9,0.0
2020-02-21,iran,2209.0,347.0,450.0,-1307.3,20.0,4.0,246.0,308.0,138.0,-328.2,14.0
2020-02-21,israel,3192.0,415.0,426.0,1856.8,10.0,2.0,196.0,309.0,127.0,-135.6,17.0
2020-02-21,korea,1230.0,171.0,120.0,1175.5,1.0,2.0,67.0,55.0,14.0,60.0,0.0
2020-02-21,libya,477.0,65.0,96.0,53.3,1.0,2.0,33.0,1.0,1.0,-10.0,0.0
2020-02-21,scs,2281.0,338.0,246.0,2097.1,2.0,5.0,122.0,149.0,22.0,259.0,6.0
2020-02-21,southasia,9243.0,1449.0,1082.0,5615.9,5.0,19.0,594.0,87.0,39.0,-67.2,17.0
2020-02-21,sudan,817.0,133.0,94.0,630.5,0.0,0.0,55.0,7.0,0.0,28.7,0.0
2020-02-21,taiwan,256.0,19.0,24.0,404.0,0.0,0.0,24.0,75.0,14.0,153.6,4.0
2020-02-21,ukraine,2114.0,287.0,406.0,31.9,3.0,11.0,187.0,265.0,99.0,-6.8,24.0
2020-02-21,venezuela,333.0,66.0,62.0,-88.0,0.0,2.0,42.0,63.0,19.0,9.3,0.0
2020-02-21,yemen,195.0,30.0,69.0,-451.9,0.0,0.0,8.0,60.0,39.0,-274.5,2.0
2020-02-22,drc,14.0,0.0,4.0,8.0,0.0,0.0,2.0,7.0,1.0,30.7,0.0
2020-02-22,europe_east,374.0,42.0,53.0,197.3,0.0,2.0,18.0,18.0,4.0,12.1,0.0
2020-02-22,iran,1711.0,210.0,366.0,-468.6,26.0,0.0,210.0,222.0,100.0,-214.8,6.0
2020-02-22,israel,1790.0,202.0,272.0,553.1,6.0,0.0,125.0,242.0,106.0,-334.5,6.0
2020-02-22,korea,730.0,88.0,80.0,686.3,0.0,4.0,49.0,29.0,8.0,64.6,3.0
2020-02-22,libya,272.0,30.0,46.0,73.8,1.0,1.0,7.0,0.0,0.0,0.0,0.0
2020-02-22,scs,1291.0,133.0,146.0,1064.1,2.0,3.0,70.0,100.0,10.0,195.2,0.0
2020-02-22,southasia,8411.0,1107.0,903.0,7806.6,9.0,14.0,415.0,46.0,6.0,82.1,1.0
2020-02-22,sudan,705.0,79.0,107.0,365.3,1.0,2.0,47.0,1.0,1.0,-5.0,0.0
2020-02-22,taiwan,179.0,17.0,17.0,285.4,0.0,0.0,15.0,73.0,12.0,143.0,3.0
2020-02-22,ukraine,871.0,146.0,198.0,-628.3,3.0,1.0,91.0,83.0,34.0,-59.4,8.0
2020-02-22,venezuela,202.0,12.0,31.0,144.8,1.0,0.0,21.0,37.0,12.0,13.2,1.0
2020-02-22,yemen,132.0,5.0,40.0,-118.2,0.0,0.0,6.0,46.0,16.0,-65.9,1.0
2020-02-23,drc,12.0,1.0,2.0,18.0,0.0,0.0,2.0,6.0,0.0,16.2,0.0
2020-02-23,europe_east,381.0,40.0,58.0,184.8,0.0,1.0,24.0,31.0,10.0,3.0,0.0
2020-02-23,iran,1661.0,158.0,388.0,-154.4,3.0,4.0,253.0,130.0,56.0,-37.9,1.0
2020-02-23,israel,3121.0,451.0,577.0,-866.5,5.0,9.0,184.0,419.0,235.0,-1228.9,16.0
2020-02-23,korea,1030.0,84.0,139.0,1061.8,4.0,18.0,84.0,21.0,3.0,9.9,0.0
2020-02-23,libya,297.0,31.0,72.0,-4.9,0.0,2.0,12.0,0.0,0.0,0.0,0.0
2020-02-23,scs,1296.0,130.0,172.0,1054.6,5.0,1.0,78.0,138.0,27.0,157.5,11.0
2020-02-23,southasia,7651.0,1050.0,951.0,3940.4,12.0,38.0,379.0,36.0,10.0,16.2,0.0
2020-02-23,sudan,487.0,43.0,57.0,881.8,0.0,2.0,20.0,3.0,0.0,24.0,0.0
2020-02-23,taiwan,140.0,14.0,23.0,58.3,0.0,1.0,16.0,30.0,16.0,-28.7,4.0
2020-02-23,ukraine,418.0,52.0,76.0,45.2,1.0,0.0,37.0,43.0,30.0,-179.6,4.0
2020-02-23,venezuela,104.0,23.0,14.0,-3.3,0.0,0.0,9.0,31.0,7.0,45.3,0.0
2020-02-23,yemen,180.0,18.0,38.0,-45.9,0.0,1.0,3.0,46.0,20.0,-34.1,2.0
2020-02-24,drc,4.0,0.0,0.0,12.3,0.0,0.0,0.0,3.0,0.0,19.2,0.0
2020-02-24,europe_east,1040.0,110.0,79.0,2169.8,5.0,3.0,47.0,77.0,33.0,-30.7,17.0
2020-02-24,iran,2310.0,277.0,505.0,-720.8,7.0,8.0,296.0,142.0,65.0,-127.5,9.0
2020-02-24,israel,4469.0,711.0,1094.0,-5210.6,46.0,5.0,259.0,858.0,502.0,-3032.7,30.0
2020-02-24,korea,1386.0,164.0,237.0,505.8,12.0,14.0,174.0,80.0,21.0,83.1,0.0
2020-02-24,libya,552.0,75.0,85.0,452.4,0.0,0.0,20.0,4.0,4.0,-34.0,0.0
2020-02-24,scs,2057.0,225.0,263.0,1873.0,5.0,9.0,118.0,82.0,40.0,-21.3,15.0
2020-02-24,southasia,11151.0,1344.0,1509.0,5796.1,9.0,50.0,583.0,80.0,13.0,78.3,2.0
2020-02-24,sudan,746.0,117.0,76.0,802.3,3.0,5.0,24.0,9.0,3.0,18.0,1.0
2020-02-24,taiwan,282.0,46.0,20.0,269.3,13.0,4.0,11.0,84.0,31.0,3.5,10.0
2020-02-24,ukraine,911.0,110.0,148.0,528.3,3.0,3.0,52.0,137.0,56.0,-48.3,6.0
2020-02-24,venezuela,188.0,28.0,21.0,106.5,0.0,0.0,14.0,75.0,23.0,-18.7,0.0
2020-02-24,yemen,256.0,40.0,55.0,-158.7,2.0,0.0,12.0,47.0,21.0,-71.8,2.0
2020-02-25,drc,40.0,0.0,8.0,15.4,0.0,0.0,0.0,0.0,0.0,0.0,0.0
2020-02-25,europe_east,826.0,83.0,70.0,1168.8,1.0,1.0,42.0,95.0,29.0,92.3,15.0
2020-02-25,iran,2873.0,406.0,617.0,-1551.4,23.0,0.0,357.0,247.0,138.0,-500.8,1.0
2020-02-25,israel,4137.0,653.0,730.0,-658.7,29.0,8.0,242.0,640.0,322.0,-1312.7,30.0
2020-02-25,korea,1690.0,162.0,253.0,1209.5,7.0,10.0,143.0,42.0,27.0,-101.6,6.0
2020-02-25,libya,519.0,66.0,109.0,15.9,7.0,0.0,15.0,1.0,0.0,5.0,0.0
2020-02-25,scs,2104.0,253.0,324.0,1057.6,6.0,5.0,138.0,57.0,20.0,5.1,2.0
2020-02-25,southasia,12720.0,1671.0,1952.0,3957.2,20.0,107.0,731.0,105.0,37.0,-40.5,3.0
2020-02-25,sudan,572.0,66.0,67.0,846.0,0.0,1.0,24.0,11.0,1.0,71.0,1.0
2020-02-25,taiwan,307.0,31.0,23.0,494.4,0.0,0.0,15.0,52.0,14.0,104.4,2.0
2020-02-25,ukraine,987.0,126.0,141.0,650.8,1.0,7.0,70.0,140.0,38.0,216.5,5.0
2020-02-25,venezuela,225.0,46.0,45.0,-278.3,0.0,0.0,28.0,60.0,22.0,-69.9,0.0
2020-02-25,yemen,151.0,20.0,48.0,-247.0,0.0,0.0,15.0,23.0,9.0,-13.8,0.0
2020-02-26,drc,30.0,3.0,12.0,-84.7,0.0,0.0,0.0,2.0,0.0,4.7,0.0
2020-02-26,europe_east,913.0,101.0,63.0,1499.0,7.0,2.0,42.0,65.0,14.0,91.6,7.0
2020-02-26,iran,2838.0,305.0,501.0,474.3,13.0,0.0,290.0,209.0,90.0,-221.1,3.0
2020-02-26,israel,4242.0,670.0,676.0,224.4,24.0,7.0,245.0,547.0,248.0,-715.6,37.0
2020-02-26,korea,1656.0,166.0,301.0,462.9,9.0,1.0,177.0,62.0,18.0,31.8,5.0
2020-02-26,libya,403.0,47.0,54.0,413.9,1.0,3.0,8.0,1.0,1.0,-10.0,0.0
2020-02-26,scs,2510.0,308.0,383.0,1160.2,4.0,12.0,203.0,147.0,43.0,157.9,7.0
2020-02-26,southasia,12822.0,2133.0,2034.0,-1367.1,36.0,78.0,722.0,88.0,45.0,-160.5,4.0
2020-02-26,sudan,475.0,53.0,67.0,795.8,0.0,0.0,37.0,6.0,5.0,-24.6,5.0
2020-02-26,taiwan,327.0,37.0,35.0,332.0,1.0,0.0,25.0,50.0,14.0,48.6,2.0
2020-02-26,ukraine,1180.0,153.0,107.0,1383.6,5.0,1.0,51.0,247.0,65.0,273.5,10.0
2020-02-26,venezuela,236.0,40.0,50.0,-190.1,1.0,0.0,30.0,87.0,40.0,-171.0,6.0
2020-02-26,yemen,126.0,33.0,31.0,-212.6,0.0,0.0,7.0,14.0,9.0,-58.1,0.0
2020-02-27,drc,33.0,0.0,14.0,-76.5,0.0,0.0,0.0,8.0,0.0,24.6,0.0
2020-02-27,europe_east,1232.0,108.0,91.0,1666.4,2.0,2.0,44.0,70.0,10.0,92.7,2.0
2020-02-27,iran,2649.0,282.0,469.0,294.3,10.0,2.0,280.0,256.0,118.0,-350.0,7.0
2020-02-27,israel,3666.0,607.0,568.0,-186.8,25.0,5.0,260.0,416.0,205.0,-939.8,30.0
2020-02-27,korea,1940.0,181.0,320.0,1271.1,6.0,2.0,197.0,68.0,18.0,8.4,2.0
2020-02-27,libya,293.0,27.0,51.0,98.6,0.0,1.0,14.0,0.0,0.0,0.0,0.0
2020-02-27,scs,2373.0,229.0,329.0,1881.7,7.0,5.0,191.0,120.0,36.0,73.6,9.0
2020-02-27,southasia,10930.0,1787.0,1675.0,654.8,22.0,67.0,652.0,55.0,30.0,-117.8,11.0
2020-02-27,sudan,583.0,50.0,62.0,988.5,0.0,0.0,13.0,0.0,0.0,0.0,0.0
2020-02-27,taiwan,345.0,31.0,48.0,423.8,0.0,0.0,33.0,46.0,30.0,-35.5,5.0
2020-02-27,ukraine,1140.0,165.0,145.0,875.0,1.0,2.0,90.0,165.0,56.0,101.6,18.0
2020-02-27,venezuela,242.0,21.0,42.0,150.2,0.0,0.0,24.0,48.0,17.0,13.5,0.0
2020-02-27,yemen,136.0,13.0,34.0,-94.6,0.0,0.0,11.0,39.0,17.0,-64.4,0.0
2020-02-28,drc,25.0,2.0,1.0,46.6,0.0,0.0,1.0,15.0,0.0,58.5,0.0
2020-02-28,europe_east,1164.0,91.0,106.0,1632.5,1.0,1.0,53.0,29.0,6.0,67.9,0.0
2020-02-28,iran,2725.0,303.0,482.0,-223.6,18.0,10.0,215.0,343.0,131.0,-205.6,15.0
2020-02-28,israel,3140.0,473.0,512.0,369.6,11.0,1.0,215.0,450.0,216.0,-850.9,22.0
2020-02-28,korea,1595.0,131.0,256.0,1523.5,2.0,1.0,186.0,98.0,26.0,101.5,7.0
2020-02-28,libya,317.0,48.0,64.0,17.5,3.0,0.0,13.0,1.0,1.0,-10.0,0.0
2020-02-28,scs,2129.0,218.0,300.0,1485.5,6.0,0.0,182.0,153.0,42.0,135.2,14.0
2020-02-28,southasia,10436.0,1736.0,1445.0,1833.9,34.0,47.0,569.0,65.0,23.0,-66.0,1.0
2020-02-28,sudan,386.0,50.0,40.0,499.3,0.0,0.0,12.0,2.0,0.0,4.7,0.0
2020-02-28,taiwan,268.0,26.0,38.0,176.5,0.0,0.0,30.0,40.0,15.0,-4.1,3.0
2020-02-28,ukraine,1046.0,104.0,125.0,1025.1,2.0,6.0,61.0,128.0,37.0,132.5,3.0
2020-02-28,venezuela,192.0,26.0,16.0,224.7,0.0,0.0,7.0,33.0,14.0,19.6,0.0
2020-02-28,yemen,171.0,38.0,30.0,-89.1,2.0,2.0,5.0,54.0,31.0,-128.8,3.0
2020-02-29,drc,14.0,2.0,4.0,21.6,0.0,0.0,4.0,2.0,0.0,2.0,0.0
2020-02-29,europe_east,442.0,57.0,54.0,278.8,1.0,2.0,24.0,36.0,13.0,-11.4,3.0
2020-02-29,iran,2200.0,249.0,280.0,1747.6,16.0,2.0,155.0,190.0,48.0,160.6,19.0
2020-02-29,israel,1600.0,251.0,258.0,80.5,9.0,0.0,114.0,147.0,72.0,-297.2,17.0
2020-02-29,korea,1175.0,115.0,195.0,457.0,12.0,0.0,122.0,54.0,22.0,-38.7,9.0
2020-02-29,libya,119.0,10.0,30.0,-36.5,0.0,0.0,12.0,0.0,0.0,0.0,0.0
2020-02-29,scs,1408.0,147.0,213.0,1071.1,2.0,3.0,101.0,81.0,14.0,145.4,5.0
2020-02-29,southasia,8088.0,1210.0,1224.0,2161.4,10.0,33.0,535.0,23.0,8.0,-25.1,2.0
2020-02-29,sudan,323.0,21.0,19.0,832.2,0.0,0.0,11.0,0.0,0.0,0.0,0.0
2020-02-29,taiwan,196.0,24.0,30.0,124.9,1.0,2.0,16.0,46.0,15.0,16.4,5.0
2020-02-29,ukraine,576.0,68.0,75.0,401.8,0.0,1.0,31.0,44.0,24.0,-93.1,3.0
2020-02-29,venezuela,93.0,14.0,18.0,-20.2,0.0,0.0,9.0,14.0,5.0,-5.8,0.0
2020-02-29,yemen,65.0,11.0,9.0,55.7,0.0,0.0,3.0,33.0,8.0,71.8,0.0
2020-03-01,drc,30.0,1.0,10.0,14.7,0.0,0.0,4.0,10.0,0.0,13.2,0.0
2020-03-01,europe_east,439.0,59.0,59.0,207.6,0.0,2.0,32.0,48.0,20.0,-68.1,4.0
2020-03-01,iran,2437.0,227.0,385.0,1578.9,5.0,0.0,244.0,301.0,116.0,-51.1,34.0
2020-03-01,israel,2819.0,547.0,329.0,1148.3,9.0,5.0,168.0,268.0,125.0,-212.3,18.0
2020-03-01,korea,1080.0,78.0,161.0,885.0,4.0,1.0,104.0,39.0,10.0,69.4,2.0
2020-03-01,libya,118.0,10.0,15.0,115.0,2.0,0.0,6.0,0.0,0.0,0.0,0.0
2020-03-01,scs,1475.0,166.0,227.0,862.9,2.0,5.0,104.0,71.0,29.0,-52.4,6.0
2020-03-01,southasia,6719.0,1175.0,946.0,642.8,25.0,22.0,423.0,17.0,8.0,-45.8,1.0
2020-03-01,sudan,326.0,30.0,24.0,802.7,1.0,0.0,15.0,9.0,3.0,0.5,0.0
2020-03-01,taiwan,119.0,14.0,13.0,142.2,0.0,0.0,12.0,39.0,9.0,21.6,4.0
2020-03-01,ukraine,346.0,41.0,33.0,405.1,0.0,3.0,13.0,108.0,12.0,317.5,0.0
2020-03-01,venezuela,170.0,33.0,26.0,-19.4,0.0,0.0,8.0,19.0,6.0,25.2,0.0
2020-03-01,yemen,131.0,16.0,45.0,-267.6,0.0,0.0,12.0,24.0,5.0,22.8,0.0
2020-03-02,drc,33.0,0.0,12.0,-15.2,0.0,0.0,12.0,17.0,0.0,47.3,0.0
2020-03-02,europe_east,860.0,96.0,102.0,1041.0,0.0,3.0,48.0,47.0,16.0,-57.4,0.0
2020-03-02,iran,3110.0,323.0,484.0,2054.6,13.0,9.0,297.0,486.0,153.0,124.5,9.0
2020-03-02,israel,3942.0,593.0,526.0,1433.2,9.0,1.0,237.0,487.0,212.0,-671.0,21.0
2020-03-02,korea,1906.0,127.0,375.0,511.0,12.0,6.0,167.0,218.0,104.0,-548.5,22.0
2020-03-02,libya,380.0,31.0,85.0,70.7,3.0,10.0,19.0,4.0,0.0,20.0,0.0
2020-03-02,scs,2671.0,260.0,431.0,1681.3,5.0,14.0,180.0,122.0,27.0,132.2,6.0
2020-03-02,southasia,8880.0,1733.0,1199.0,622.2,27.0,27.0,588.0,18.0,14.0,-59.1,5.0
2020-03-02,sudan,351.0,39.0,22.0,847.4,1.0,0.0,14.0,0.0,0.0,0.0,0.0
2020-03-02,taiwan,210.0,23.0,27.0,147.9,1.0,0.0,10.0,41.0,25.0,-10.9,3.0
2020-03-02,ukraine,964.0,106.0,107.0,1093.1,2.0,1.0,43.0,57.0,16.0,68.0,0.0
2020-03-02,venezuela,219.0,47.0,27.0,30.3,0.0,0.0,21.0,29.0,11.0,19.2,2.0
2020-03-02,yemen,250.0,31.0,66.0,-265.0,0.0,0.0,9.0,68.0,7.0,129.1,1.0
2020-03-03,drc,52.0,1.0,11.0,109.3,0.0,0.0,9.0,8.0,2.0,7.8,0.0
2020-03-03,europe_east,1048.0,99.0,115.0,1353.8,0.0,3.0,60.0,124.0,24.0,102.3,12.0
2020-03-03,iran,3425.0,465.0,434.0,2304.4,10.0,15.0,230.0,482.0,118.0,396.8,23.0
2020-03-03,israel,4056.0,554.0,569.0,1812.4,13.0,4.0,266.0,532.0,217.0,-539.0,32.0
2020-03-03,korea,1947.0,206.0,253.0,1385.0,3.0,3.0,154.0,152.0,45.0,59.9,9.0
2020-03-03,libya,365.0,46.0,78.0,88.4,3.0,4.0,24.0,0.0,0.0,0.0,0.0
2020-03-03,scs,2547.0,285.0,371.0,1692.6,2.0,6.0,170.0,125.0,18.0,277.7,11.0
2020-03-03,southasia,9846.0,1575.0,1410.0,2910.1,16.0,27.0,694.0,45.0,19.0,-45.8,2.0
2020-03-03,sudan,473.0,32.0,48.0,714.1,1.0,0.0,21.0,2.0,0.0,4.7,0.0
2020-03-03,taiwan,323.0,21.0,33.0,553.5,1.0,0.0,26.0,107.0,25.0,105.4,7.0
2020-03-03,ukraine,1189.0,138.0,152.0,843.4,3.0,4.0,66.0,96.0,43.0,-156.4,8.0
2020-03-03,venezuela,220.0,41.0,47.0,-111.1,0.0,0.0,30.0,44.0,12.0,11.4,1.0
2020-03-03,yemen,165.0,21.0,27.0,1.3,2.0,0.0,7.0,43.0,15.0,9.9,3.0
2020-03-04,drc,51.0,2.0,13.0,51.4,0.0,0.0,8.0,11.0,7.0,-11.0,5.0
2020-03-04,europe_east,1137.0,93.0,84.0,2062.1,1.0,6.0,48.0,44.0,8.0,56.9,5.0
2020-03-04,iran,3368.0,399.0,409.0,2936.6,12.0,10.0,212.0,393.0,110.0,191.2,12.0
2020-03-04,israel,3349.0,498.0,471.0,1300.7,7.0,3.0,251.0,369.0,157.0,-462.7,17.0
2020-03-04,korea,1848.0,185.0,244.0,1585.3,1.0,3.0,145.0,103.0,44.0,-52.0,6.0
2020-03-04,libya,278.0,28.0,76.0,-8.2,1.0,4.0,31.0,4.0,4.0,-36.0,0.0
2020-03-04,scs,2032.0,231.0,306.0,1262.8,7.0,10.0,138.0,164.0,53.0,-23.9,18.0
2020-03-04,southasia,9131.0,1411.0,1119.0,4190.4,6.0,17.0,529.0,38.0,14.0,4.3,6.0
2020-03-04,sudan,426.0,47.0,42.0,614.7,0.0,0.0,16.0,0.0,0.0,0.0,0.0
2020-03-04,taiwan,413.0,30.0,46.0,502.5,2.0,0.0,32.0,68.0,26.0,-27.1,6.0
2020-03-04,ukraine,1236.0,167.0,127.0,1272.8,0.0,0.0,56.0,83.0,20.0,115.5,10.0
2020-03-04,venezuela,208.0,25.0,28.0,128.8,0.0,0.0,14.0,37.0,15.0,-41.6,5.0
2020-03-04,yemen,303.0,32.0,61.0,151.8,0.0,4.0,23.0,92.0,14.0,286.4,0.0
2020-03-05,drc,18.0,3.0,0.0,46.2,0.0,0.0,0.0,7.0,0.0,36.2,0.0
2020-03-05,europe_east,1263.0,136.0,112.0,2117.2,2.0,5.0,64.0,81.0,19.0,81.8,0.0
2020-03-05,iran,2882.0,376.0,400.0,1384.8,12.0,12.0,216.0,440.0,122.0,153.2,26.0
2020-03-05,israel,3916.0,478.0,710.0,409.1,13.0,6.0,345.0,638.0,303.0,-1247.3,51.0
2020-03-05,korea,1933.0,180.0,347.0,1042.6,2.0,5.0,216.0,199.0,49.0,198.4,15.0
2020-03-05,libya,287.0,49.0,62.0,-151.6,0.0,0.0,17.0,0.0,0.0,0.0,0.0
2020-03-05,scs,2210.0,203.0,281.0,1950.4,2.0,9.0,120.0,157.0,51.0,-82.4,18.0
2020-03-05,southasia,9190.0,1468.0,1183.0,3108.9,9.0,16.0,519.0,80.0,18.0,35.3,0.0
2020-03-05,sudan,511.0,53.0,89.0,167.8,0.0,1.0,44.0,0.0,0.0,0.0,0.0
2020-03-05,taiwan,355.0,33.0,59.0,157.2,0.0,0.0,43.0,103.0,38.0,-70.9,18.0
2020-03-05,ukraine,1456.0,199.0,202.0,798.1,1.0,4.0,107.0,139.0,49.0,-50.0,14.0
2020-03-05,venezuela,212.0,30.0,39.0,13.5,0.0,0.0,23.0,29.0,12.0,-10.9,6.0
2020-03-05,yemen,203.0,14.0,47.0,-41.2,0.0,0.0,19.0,64.0,10.0,88.5,2.0
2020-03-06,drc,35.0,12.0,3.0,4.4,0.0,0.0,0.0,8.0,1.0,31.5,0.0
2020-03-06,europe_east,1078.0,92.0,110.0,1552.1,0.0,7.0,57.0,48.0,17.0,-21.1,5.0
2020-03-06,iran,2343.0,256.0,367.0,877.3,5.0,3.0,190.0,337.0,84.0,223.6,7.0
2020-03-06,israel,2956.0,423.0,527.0,236.0,14.0,1.0,291.0,413.0,190.0,-651.4,61.0
2020-03-06,korea,1432.0,155.0,184.0,1164.4,2.0,1.0,105.0,112.0,42.0,-152.9,14.0
2020-03-06,libya,204.0,23.0,61.0,-168.4,1.0,2.0,17.0,0.0,0.0,0.0,0.0
2020-03-06,scs,2071.0,202.0,234.0,2012.3,5.0,1.0,96.0,110.0,28.0,66.3,8.0
2020-03-06,southasia,9009.0,1448.0,1162.0,4128.5,17.0,15.0,556.0,32.0,14.0,-37.0,8.0
2020-03-06,sudan,450.0,41.0,80.0,251.7,0.0,4.0,41.0,2.0,0.0,8.0,0.0
2020-03-06,taiwan,347.0,25.0,20.0,583.2,0.0,0.0,16.0,48.0,32.0,-114.7,19.0
2020-03-06,ukraine,1386.0,183.0,181.0,785.6,2.0,0.0,96.0,151.0,53.0,-63.5,14.0
2020-03-06,venezuela,232.0,43.0,38.0,49.0,1.0,0.0,27.0,28.0,10.0,11.5,1.0
2020-03-06,yemen,201.0,11.0,44.0,64.7,0.0,0.0,13.0,40.0,11.0,8.1,6.0
2020-03-07,drc,21.0,3.0,4.0,-26.2,0.0,0.0,3.0,1.0,1.0,-10.0,0.0
2020-03-07,europe_east,413.0,62.0,42.0,344.3,2.0,0.0,26.0,27.0,6.0,5.2,0.0
2020-03-07,iran,1311.0,109.0,200.0,690.0,2.0,0.0,81.0,160.0,42.0,67.0,5.0
2020-03-07,israel,1636.0,205.0,267.0,849.5,3.0,0.0,136.0,172.0,82.0,-201.7,17.0
2020-03-07,korea,758.0,76.0,98.0,667.3,1.0,1.0,71.0,41.0,6.0,46.0,0.0
2020-03-07,libya,153.0,14.0,36.0,-13.5,1.0,0.0,5.0,0.0,0.0,0.0,0.0
2020-03-07,scs,1415.0,97.0,166.0,1333.9,0.0,5.0,67.0,51.0,9.0,40.7,8.0
2020-03-07,southasia,7422.0,1144.0,1022.0,2611.4,22.0,17.0,519.0,17.0,3.0,4.9,0.0
2020-03-07,sudan,192.0,23.0,23.0,204.6,0.0,0.0,8.0,0.0,0.0,0.0,0.0
2020-03-07,taiwan,303.0,21.0,24.0,512.9,3.0,0.0,16.0,26.0,7.0,46.8,3.0
2020-03-07,ukraine,702.0,100.0,110.0,99.0,0.0,1.0,55.0,150.0,47.0,20.2,11.0
2020-03-07,venezuela,122.0,23.0,26.0,-86.6,0.0,0.0,11.0,35.0,17.0,-45.5,0.0
2020-03-07,yemen,276.0,30.0,67.0,-264.6,2.0,0.0,25.0,16.0,7.0,-12.9,1.0
2020-03-08,drc,31.0,3.0,12.0,-82.4,0.0,0.0,1.0,4.0,0.0,16.0,0.0
2020-03-08,europe_east,364.0,54.0,41.0,364.8,0.0,0.0,15.0,8.0,8.0,-56.0,0.0
2020-03-08,iran,1245.0,129.0,163.0,988.7,3.0,1.0,88.0,110.0,26.0,127.6,2.0
2020-03-08,israel,2174.0,289.0,308.0,1294.0,0.0,1.0,157.0,226.0,99.0,-355.0,21.0
2020-03-08,korea,612.0,59.0,78.0,544.3,6.0,2.0,51.0,24.0,5.0,3.2,2.0
2020-03-08,libya,119.0,9.0,34.0,-85.4,0.0,0.0,8.0,0.0,0.0,0.0,0.0
2020-03-08,scs,1473.0,109.0,167.0,1819.5,5.0,2.0,82.0,36.0,7.0,88.3,7.0
2020-03-08,southasia,6142.0,1027.0,897.0,280.2,5.0,41.0,408.0,35.0,21.0,-130.3,12.0
2020-03-08,sudan,214.0,24.0,17.0,445.6,0.0,0.0,9.0,1.0,0.0,0.0,0.0
2020-03-08,taiwan,198.0,8.0,15.0,402.1,0.0,4.0,9.0,42.0,4.0,146.1,2.0
2020-03-08,ukraine,443.0,76.0,113.0,-465.0,0.0,3.0,51.0,69.0,42.0,-188.6,13.0
2020-03-08,venezuela,151.0,30.0,27.0,-81.6,1.0,1.0,13.0,37.0,21.0,-77.6,0.0
2020-03-08,yemen,169.0,21.0,35.0,-113.7,2.0,1.0,15.0,38.0,3.0,54.1,0.0
2020-03-09,drc,50.0,6.0,11.0,-22.7,0.0,0.0,1.0,5.0,2.0,5.2,1.0
2020-03-09,europe_east,810.0,71.0,89.0,1192.6,3.0,1.0,58.0,46.0,12.0,43.0,9.0
2020-03-09,iran,2254.0,215.0,310.0,2405.7,9.0,2.0,198.0,249.0,70.0,175.8,9.0
2020-03-09,israel,2743.0,333.0,397.0,1616.8,1.0,3.0,258.0,299.0,116.0,-200.2,27.0
2020-03-09,korea,1515.0,164.0,231.0,566.9,4.0,1.0,104.0,187.0,74.0,-299.3,6.0
2020-03-09,libya,324.0,41.0,61.0,152.2,0.0,2.0,24.0,4.0,3.0,-26.4,0.0
2020-03-09,scs,2225.0,205.0,268.0,2043.9,1.0,2.0,147.0,60.0,15.0,59.1,5.0
2020-03-09,southasia,8057.0,1236.0,1132.0,1927.4,9.0,36.0,505.0,29.0,15.0,-55.2,4.0
2020-03-09,sudan,839.0,124.0,137.0,142.8,2.0,0.0,37.0,12.0,6.0,-21.9,0.0
2020-03-09,taiwan,343.0,35.0,18.0,611.1,1.0,0.0,15.0,46.0,15.0,13.6,0.0
2020-03-09,ukraine,885.0,124.0,181.0,-339.5,0.0,0.0,62.0,161.0,83.0,-360.0,26.0
2020-03-09,venezuela,182.0,27.0,34.0,-60.6,0.0,1.0,16.0,25.0,3.0,28.4,0.0
2020-03-09,yemen,182.0,26.0,37.0,-165.9,1.0,0.0,3.0,53.0,15.0,19.8,0.0
2020-03-10,drc,43.0,3.0,22.0,-168.4,0.0,0.0,2.0,5.0,0.0,21.0,0.0
2020-03-10,europe_east,888.0,57.0,125.0,1165.0,1.0,2.0,91.0,59.0,13.0,84.2,0.0
2020-03-10,iran,2209.0,231.0,293.0,2530.7,10.0,3.0,173.0,308.0,96.0,161.0,11.0
2020-03-10,israel,3089.0,421.0,522.0,877.7,5.0,5.0,310.0,381.0,148.0,-281.2,43.0
2020-03-10,korea,1266.0,135.0,208.0,509.4,0.0,4.0,102.0,97.0,53.0,-267.4,6.0
2020-03-10,libya,330.0,32.0,65.0,54.9,0.0,2.0,23.0,2.0,0.0,4.7,0.0
2020-03-10,scs,2468.0,250.0,266.0,2666.4,1.0,6.0,116.0,92.0,20.0,124.4,3.0
2020-03-10,southasia,6614.0,788.0,819.0,5513.9,9.0,11.0,493.0,25.0,12.0,-9.5,5.0
2020-03-10,sudan,569.0,85.0,83.0,236.6,0.0,3.0,18.0,2.0,0.0,2.0,0.0
2020-03-10,taiwan,279.0,28.0,31.0,374.0,0.0,0.0,25.0,81.0,29.0,49.8,3.0
2020-03-10,ukraine,887.0,134.0,166.0,-248.9,0.0,1.0,56.0,126.0,61.0,-303.9,10.0
2020-03-10,venezuela,340.0,73.0,48.0,-30.8,1.0,3.0,27.0,47.0,7.0,87.4,0.0
2020-03-10,yemen,214.0,16.0,45.0,-14.9,0.0,0.0,7.0,31.0,11.0,-11.4,0.0
2020-03-11,drc,34.0,2.0,2.0,53.4,0.0,0.0,0.0,5.0,1.0,4.4,1.0
2020-03-11,europe_east,939.0,47.0,96.0,1417.8,0.0,3.0,53.0,67.0,34.0,-138.3,12.0
2020-03-11,iran,2419.0,309.0,480.0,-265.8,10.0,3.0,181.0,397.0,166.0,-283.7,26.0
2020-03-11,israel,2952.0,381.0,578.0,54.3,17.0,1.0,281.0,424.0,253.0,-1397.4,38.0
2020-03-11,korea,1212.0,126.0,182.0,754.6,4.0,0.0,108.0,50.0,28.0,-128.5,1.0
2020-03-11,libya,304.0,20.0,96.0,-233.6,0.0,2.0,45.0,0.0,0.0,0.0,0.0
2020-03-11,scs,2453.0,237.0,268.0,2687.3,4.0,18.0,134.0,81.0,20.0,69.7,4.0
2020-03-11,southasia,8169.0,1213.0,1101.0,4027.6,8.0,15.0,596.0,13.0,4.0,22.7,1.0
2020-03-11,sudan,531.0,77.0,93.0,236.7,3.0,1.0,30.0,3.0,1.0,-3.2,0.0
2020-03-11,taiwan,523.0,53.0,68.0,484.2,0.0,5.0,47.0,126.0,31.0,129.7,5.0
2020-03-11,ukraine,965.0,138.0,162.0,23.0,0.0,3.0,74.0,148.0,62.0,-110.6,14.0
2020-03-11,venezuela,345.0,60.0,61.0,-14.8,2.0,2.0,44.0,67.0,36.0,-117.8,6.0
2020-03-11,yemen,133.0,17.0,35.0,-139.1,2.0,0.0,10.0,14.0,4.0,-8.2,1.0
2020-03-12,drc,19.0,0.0,0.0,61.6,0.0,0.0,0.0,0.0,0.0,0.0,0.0
2020-03-12,europe_east,945.0,73.0,124.0,824.1,3.0,0.0,96.0,24.0,7.0,21.2,5.0
2020-03-12,iran,2849.0,411.0,622.0,-1475.9,16.0,6.0,196.0,545.0,286.0,-1162.8,30.0
2020-03-12,israel,2945.0,359.0,478.0,1018.7,6.0,0.0,230.0,388.0,205.0,-1006.2,20.0
2020-03-12,korea,1094.0,99.0,143.0,739.3,7.0,2.0,93.0,36.0,12.0,-17.5,1.0
2020-03-12,libya,380.0,28.0,85.0,196.1,1.0,3.0,42.0,8.0,4.0,-22.4,0.0
2020-03-12,scs,2237.0,175.0,239.0,2660.2,6.0,8.0,163.0,87.0,16.0,85.1,7.0
2020-03-12,southasia,8262.0,1138.0,1209.0,3703.7,10.0,11.0,747.0,3.0,1.0,-0.3,1.0
2020-03-12,sudan,347.0,45.0,70.0,32.0,1.0,1.0,24.0,2.0,0.0,0.0,0.0
2020-03-12,taiwan,390.0,48.0,32.0,446.9,0.0,0.0,26.0,119.0,43.0,-11.5,6.0
2020-03-12,ukraine,802.0,84.0,126.0,597.3,0.0,4.0,50.0,98.0,31.0,108.5,12.0
2020-03-12,venezuela,273.0,52.0,43.0,134.2,3.0,0.0,37.0,52.0,14.0,52.0,7.0
2020-03-12,yemen,212.0,16.0,52.0,-88.9,1.0,1.0,10.0,51.0,12.0,25.4,5.0
2020-03-13,drc,30.0,4.0,8.0,-13.9,0.0,0.0,6.0,0.0,0.0,0.0,0.0
2020-03-13,europe_east,902.0,65.0,131.0,886.0,3.0,1.0,96.0,62.0,18.0,1.9,2.0
2020-03-13,iran,2464.0,380.0,659.0,-3072.7,28.0,5.0,189.0,496.0,288.0,-1574.4,31.0
2020-03-13,israel,2106.0,287.0,326.0,928.9,1.0,2.0,165.0,281.0,104.0,-90.5,12.0
2020-03-13,korea,1099.0,109.0,156.0,652.3,5.0,5.0,89.0,75.0,26.0,-77.4,2.0
2020-03-13,libya,259.0,36.0,55.0,60.0,0.0,2.0,21.0,2.0,2.0,-20.0,0.0
2020-03-13,scs,2105.0,164.0,252.0,2091.7,1.0,6.0,149.0,72.0,13.0,57.5,6.0
2020-03-13,southasia,8493.0,1078.0,1344.0,4426.8,19.0,16.0,846.0,32.0,7.0,45.6,0.0
2020-03-13,sudan,426.0,51.0,66.0,369.6,3.0,0.0,40.0,0.0,0.0,0.0,0.0
2020-03-13,taiwan,255.0,27.0,18.0,321.3,0.0,0.0,15.0,66.0,19.0,18.6,2.0
2020-03-13,ukraine,975.0,98.0,168.0,458.7,4.0,0.0,109.0,181.0,52.0,24.9,9.0
2020-03-13,venezuela,226.0,28.0,41.0,83.0,0.0,0.0,34.0,45.0,6.0,115.9,2.0
2020-03-13,yemen,177.0,16.0,47.0,-243.7,1.0,0.0,5.0,24.0,7.0,-0.2,0.0
2020-03-14,drc,25.0,0.0,0.0,88.3,0.0,0.0,0.0,0.0,0.0,0.0,0.0
2020-03-14,europe_east,637.0,57.0,141.0,176.3,2.0,0.0,116.0,61.0,29.0,-44.3,14.0
2020-03-14,iran,1480.0,225.0,327.0,-963.1,14.0,4.0,106.0,243.0,129.0,-461.3,17.0
2020-03-14,israel,1090.0,114.0,182.0,555.0,3.0,0.0,112.0,140.0,54.0,-100.1,8.0
2020-03-14,korea,568.0,54.0,89.0,295.6,2.0,1.0,49.0,21.0,8.0,-21.6,0.0
2020-03-14,libya,136.0,10.0,23.0,125.6,0.0,0.0,13.0,2.0,1.0,-2.6,0.0
2020-03-14,scs,1463.0,97.0,226.0,1550.1,2.0,7.0,164.0,39.0,3.0,99.7,3.0
2020-03-14,southasia,6557.0,865.0,976.0,2990.6,17.0,23.0,582.0,14.0,4.0,-10.4,0.0
2020-03-14,sudan,246.0,24.0,38.0,207.8,0.0,0.0,12.0,3.0,1.0,3.0,0.0
2020-03-14,taiwan,169.0,9.0,27.0,57.4,2.0,0.0,18.0,20.0,7.0,-0.1,1.0
2020-03-14,ukraine,287.0,35.0,60.0,79.0,0.0,1.0,40.0,37.0,9.0,32.7,2.0
2020-03-14,venezuela,149.0,16.0,44.0,-80.7,0.0,0.0,39.0,43.0,26.0,-108.8,12.0
2020-03-14,yemen,75.0,14.0,27.0,-145.7,0.0,0.0,2.0,20.0,11.0,-53.2,5.0
2020-03-15,drc,0.0,0.0,0.0,0.0,0.0,0.0,0.0,5.0,1.0,5.0,0.0
2020-03-15,europe_east,526.0,42.0,140.0,-3.3,1.0,0.0,106.0,27.0,15.0,-44.9,7.0
2020-03-15,iran,1335.0,131.0,250.0,391.7,5.0,8.0,112.0,135.0,46.0,65.5,7.0
2020-03-15,israel,2255.0,296.0,363.0,372.6,9.0,10.0,159.0,206.0,89.0,-396.5,8.0
2020-03-15,korea,487.0,39.0,68.0,381.7,0.0,0.0,35.0,24.0,8.0,5.2,0.0
2020-03-15,libya,85.0,9.0,17.0,-12.6,4.0,0.0,10.0,1.0,0.0,7.4,0.0
2020-03-15,scs,1509.0,101.0,203.0,1360.1,2.0,3.0,139.0,46.0,9.0,49.2,3.0
2020-03-15,southasia,6318.0,743.0,809.0,3887.1,26.0,6.0,468.0,14.0,3.0,-4.8,0.0
2020-03-15,sudan,178.0,19.0,13.0,496.6,0.0,0.0,12.0,4.0,2.0,-2.0,0.0
2020-03-15,taiwan,235.0,18.0,30.0,154.0,0.0,0.0,14.0,21.0,5.0,30.4,0.0
2020-03-15,ukraine,175.0,30.0,40.0,-78.6,0.0,0.0,29.0,23.0,16.0,-97.4,0.0
2020-03-15,venezuela,140.0,16.0,32.0,10.4,0.0,0.0,17.0,18.0,13.0,-64.2,0.0
2020-03-15,yemen,88.0,17.0,42.0,-298.8,1.0,2.0,14.0,17.0,13.0,-83.3,1.0
2020-03-16,drc,47.0,5.0,16.0,-23.1,0.0,0.0,6.0,2.0,2.0,-20.0,0.0
2020-03-16,europe_east,900.0,64.0,146.0,765.6,2.0,3.0,105.0,80.0,31.0,7.0,21.0
2020-03-16,iran,1650.0,196.0,297.0,679.2,7.0,8.0,144.0,252.0,103.0,-120.7,24.0
2020-03-16,israel,2842.0,327.0,495.0,476.4,5.0,6.0,211.0,312.0,141.0,-424.3,21.0
2020-03-16,korea,830.0,70.0,133.0,722.6,2.0,3.0,89.0,41.0,13.0,17.8,7.0
2020-03-16,libya,200.0,32.0,32.0,-23.2,0.0,2.0,8.0,3.0,0.0,8.7,0.0
2020-03-16,scs,1751.0,150.0,265.0,1454.8,2.0,4.0,190.0,90.0,18.0,183.3,2.0
2020-03-16,southasia,7950.0,1052.0,1072.0,3992.4,19.0,6.0,623.0,35.0,13.0,0.7,4.0
2020-03-16,sudan,254.0,27.0,49.0,132.9,2.0,0.0,26.0,1.0,1.0,-10.0,0.0
2020-03-16,taiwan,244.0,29.0,37.0,139.9,0.0,0.0,25.0,39.0,16.0,-26.8,5.0
2020-03-16,ukraine,630.0,42.0,116.0,605.2,0.0,0.0,84.0,90.0,19.0,159.0,2.0
2020-03-16,venezuela,214.0,22.0,33.0,173.9,2.0,1.0,26.0,25.0,8.0,-1.7,0.0
2020-03-16,yemen,82.0,6.0,14.0,18.4,2.0,1.0,5.0,23.0,5.0,16.5,0.0
2020-03-17,drc,74.0,6.0,19.0,27.9,0.0,0.0,9.0,6.0,0.0,24.0,0.0
2020-03-17,europe_east,1257.0,128.0,344.0,-159.2,1.0,1.0,296.0,56.0,20.0,-15.0,7.0
2020-03-17,iran,2166.0,302.0,432.0,19.7,15.0,7.0,193.0,355.0,186.0,-559.5,12.0
2020-03-17,israel,2678.0,444.0,454.0,251.8,9.0,7.0,256.0,289.0,134.0,-269.7,22.0
2020-03-17,korea,913.0,76.0,119.0,1084.2,3.0,6.0,78.0,36.0,16.0,-68.8,3.0
2020-03-17,libya,429.0,52.0,113.0,-296.5,0.0,0.0,51.0,4.0,2.0,0.7,0.0
2020-03-17,scs,1993.0,157.0,294.0,1870.9,1.0,9.0,198.0,52.0,3.0,163.3,3.0
2020-03-17,southasia,8742.0,1135.0,1088.0,6015.8,12.0,8.0,697.0,20.0,6.0,20.0,0.0
2020-03-17,sudan,373.0,88.0,48.0,192.0,1.0,1.0,17.0,0.0,0.0,0.0,0.0
2020-03-17,taiwan,319.0,38.0,55.0,155.3,0.0,0.0,44.0,98.0,55.0,-104.8,11.0
2020-03-17,ukraine,820.0,80.0,161.0,75.4,1.0,0.0,81.0,107.0,45.0,-98.1,5.0
2020-03-17,venezuela,215.0,33.0,41.0,-8.8,1.0,1.0,32.0,14.0,5.0,-17.2,1.0
2020-03-17,yemen,166.0,18.0,46.0,-144.5,2.0,0.0,22.0,29.0,8.0,-8.5,5.0
2020-03-18,drc,22.0,1.0,4.0,6.6,0.0,0.0,0.0,0.0,0.0,0.0,0.0
2020-03-18,europe_east,1321.0,111.0,347.0,92.4,1.0,2.0,281.0,32.0,9.0,20.3,0.0
2020-03-18,iran,2124.0,299.0,371.0,454.6,12.0,1.0,212.0,255.0,112.0,-132.4,12.0
2020-03-18,israel,2715.0,430.0,444.0,239.1,17.0,1.0,250.0,344.0,162.0,-418.2,39.0
2020-03-18,korea,1013.0,99.0,143.0,587.1,3.0,1.0,94.0,80.0,34.0,-112.3,9.0
2020-03-18,libya,318.0,22.0,116.0,-470.7,1.0,3.0,49.0,0.0,0.0,0.0,0.0
2020-03-18,scs,2272.0,158.0,348.0,2438.8,5.0,4.0,250.0,81.0,8.0,194.8,0.0
2020-03-18,southasia,8954.0,1227.0,1196.0,4991.9,9.0,13.0,730.0,12.0,4.0,-2.6,2.0
2020-03-18,sudan,392.0,82.0,68.0,-25.2,4.0,1.0,27.0,14.0,4.0,32.0,1.0
2020-03-18,taiwan,554.0,51.0,97.0,182.9,2.0,0.0,63.0,97.0,37.0,-40.3,10.0
2020-03-18,ukraine,700.0,65.0,116.0,479.7,0.0,2.0,63.0,132.0,44.0,-3.2,14.0
2020-03-18,venezuela,277.0,46.0,41.0,62.4,0.0,0.0,30.0,59.0,14.0,70.6,1.0
2020-03-18,yemen,157.0,38.0,54.0,-395.7,1.0,0.0,18.0,18.0,12.0,-61.3,3.0
2020-03-19,drc,10.0,0.0,3.0,5.1,0.0,0.0,3.0,0.0,0.0,0.0,0.0
2020-03-19,europe_east,921.0,72.0,213.0,382.9,2.0,2.0,191.0,42.0,4.0,71.0,0.0
2020-03-19,iran,2468.0,288.0,483.0,1507.5,4.0,0.0,283.0,490.0,214.0,-50.8,87.0
2020-03-19,israel,3322.0,485.0,600.0,314.4,9.0,4.0,313.0,362.0,189.0,-640.1,55.0
2020-03-19,korea,880.0,59.0,129.0,808.3,2.0,1.0,75.0,48.0,14.0,28.9,2.0
2020-03-19,libya,173.0,23.0,57.0,-348.2,0.0,2.0,12.0,0.0,0.0,0.0,0.0
2020-03-19,scs,2062.0,147.0,277.0,2560.1,4.0,1.0,202.0,47.0,11.0,70.3,6.0
2020-03-19,southasia,8453.0,1202.0,1104.0,4478.7,15.0,11.0,609.0,22.0,13.0,-47.7,0.0
2020-03-19,sudan,327.0,44.0,54.0,118.3,1.0,2.0,31.0,1.0,1.0,-7.0,1.0
2020-03-19,taiwan,529.0,48.0,53.0,653.6,0.0,0.0,38.0,44.0,13.0,1.7,4.0
2020-03-19,ukraine,768.0,58.0,92.0,948.8,0.0,0.0,61.0,114.0,42.0,-1.9,7.0
2020-03-19,venezuela,280.0,31.0,50.0,141.7,1.0,1.0,34.0,66.0,23.0,23.1,7.0
2020-03-19,yemen,134.0,21.0,44.0,-212.0,0.0,1.0,17.0,20.0,13.0,-35.9,5.0
2020-03-20,drc,27.0,1.0,2.0,126.8,0.0,0.0,1.0,1.0,1.0,-5.0,1.0
2020-03-20,europe_east,1001.0,87.0,96.0,1175.5,2.0,0.0,69.0,56.0,4.0,166.7,0.0
2020-03-20,iran,2148.0,294.0,410.0,635.0,19.0,0.0,234.0,478.0,192.0,18.0,49.0
2020-03-20,israel,2318.0,315.0,424.0,159.5,2.0,1.0,215.0,276.0,125.0,-218.9,36.0
2020-03-20,korea,977.0,101.0,125.0,893.2,3.0,4.0,47.0,64.0,28.0,-114.5,0.0
2020-03-20,libya,218.0,25.0,65.0,-173.4,0.0,3.0,21.0,0.0,0.0,0.0,0.0
2020-03-20,scs,1931.0,191.0,221.0,2225.9,4.0,10.0,125.0,31.0,12.0,-7.5,3.0
2020-03-20,southasia,8205.0,971.0,1337.0,2518.6,17.0,23.0,651.0,14.0,2.0,17.8,1.0
2020-03-20,sudan,301.0,49.0,31.0,399.5,3.0,0.0,11.0,0.0,0.0,0.0,0.0
2020-03-20,taiwan,445.0,45.0,36.0,520.9,1.0,2.0,23.0,55.0,19.0,32.4,2.0
2020-03-20,ukraine,851.0,54.0,70.0,1214.7,0.0,0.0,34.0,101.0,17.0,213.5,0.0
2020-03-20,venezuela,224.0,44.0,48.0,-165.0,1.0,1.0,31.0,53.0,13.0,-6.6,6.0
2020-03-20,yemen,203.0,25.0,73.0,-397.8,0.0,1.0,15.0,58.0,22.0,-40.2,0.0
2020-03-21,drc,22.0,3.0,0.0,67.2,0.0,0.0,0.0,4.0,4.0,-40.0,0.0
2020-03-21,europe_east,377.0,35.0,41.0,417.9,1.0,0.0,31.0,16.0,2.0,15.5,0.0
2020-03-21,iran,1697.0,248.0,294.0,1115.7,11.0,0.0,157.0,286.0,124.0,-155.7,15.0
2020-03-21,israel,1253.0,169.0,198.0,518.6,4.0,0.0,116.0,167.0,73.0,-241.1,24.0
2020-03-21,korea,1024.0,65.0,247.0,-640.2,5.0,0.0,35.0,205.0,132.0,-1043.6,12.0
2020-03-21,libya,166.0,27.0,38.0,-72.0,3.0,1.0,22.0,0.0,0.0,0.0,0.0
2020-03-21,scs,1342.0,123.0,191.0,1507.5,2.0,4.0,119.0,98.0,9.0,322.1,0.0
2020-03-21,southasia,6087.0,701.0,932.0,3227.9,7.0,11.0,552.0,15.0,5.0,18.6,1.0
2020-03-21,sudan,122.0,9.0,29.0,-76.3,0.0,0.0,9.0,0.0,0.0,0.0,0.0
2020-03-21,taiwan,216.0,22.0,33.0,93.5,1.0,0.0,16.0,44.0,29.0,-130.2,5.0
2020-03-21,ukraine,247.0,14.0,32.0,333.7,0.0,2.0,13.0,31.0,9.0,-3.9,1.0
2020-03-21,venezuela,174.0,26.0,26.0,80.6,0.0,0.0,20.0,48.0,13.0,27.7,2.0
2020-03-21,yemen,139.0,22.0,37.0,-208.2,0.0,0.0,4.0,36.0,22.0,-201.7,0.0
2020-03-22,drc,5.0,0.0,3.0,-19.0,0.0,0.0,2.0,0.0,0.0,0.0,0.0
2020-03-22,europe_east,348.0,23.0,60.0,267.9,0.0,0.0,44.0,6.0,6.0,-39.4,3.0
2020-03-22,iran,1789.0,219.0,269.0,1438.9,11.0,2.0,107.0,390.0,128.0,269.1,18.0
2020-03-22,israel,2147.0,276.0,385.0,-118.7,3.0,8.0,151.0,319.0,122.0,-348.2,25.0
2020-03-22,korea,958.0,109.0,149.0,368.1,7.0,0.0,42.0,194.0,51.0,-54.7,6.0
2020-03-22,libya,150.0,17.0,30.0,-5.1,0.0,1.0,11.0,0.0,0.0,0.0,0.0
2020-03-22,scs,1240.0,81.0,136.0,1872.6,2.0,0.0,85.0,52.0,7.0,124.4,4.0
2020-03-22,southasia,5805.0,508.0,851.0,4717.1,16.0,22.0,476.0,15.0,7.0,-14.3,1.0
2020-03-22,sudan,128.0,9.0,12.0,229.5,0.0,2.0,3.0,2.0,0.0,16.0,0.0
2020-03-22,taiwan,143.0,12.0,24.0,48.8,1.0,0.0,19.0,18.0,13.0,-71.3,4.0
2020-03-22,ukraine,134.0,7.0,29.0,61.7,0.0,4.0,4.0,20.0,10.0,-45.9,2.0
2020-03-22,venezuela,180.0,6.0,31.0,232.3,0.0,1.0,9.0,51.0,14.0,55.7,8.0
2020-03-22,yemen,146.0,16.0,55.0,-356.1,0.0,0.0,15.0,45.0,23.0,-119.0,10.0
2020-03-23,drc,52.0,10.0,3.0,0.3,0.0,1.0,2.0,6.0,0.0,18.1,0.0
2020-03-23,europe_east,697.0,60.0,98.0,705.6,2.0,2.0,58.0,32.0,4.0,30.7,0.0
2020-03-23,iran,1709.0,260.0,283.0,911.3,9.0,7.0,142.0,389.0,139.0,141.4,11.0
2020-03-23,israel,2649.0,358.0,487.0,318.8,7.0,10.0,214.0,401.0,172.0,-568.7,25.0
2020-03-23,korea,874.0,88.0,106.0,890.3,2.0,0.0,42.0,138.0,17.0,257.2,4.0
2020-03-23,libya,252.0,18.0,67.0,-70.1,0.0,0.0,33.0,0.0,0.0,0.0,0.0
2020-03-23,scs,2094.0,176.0,184.0,3336.6,4.0,10.0,117.0,50.0,14.0,108.5,1.0
2020-03-23,southasia,7185.0,726.0,969.0,6081.7,7.0,28.0,569.0,9.0,1.0,21.8,1.0
2020-03-23,sudan,233.0,33.0,42.0,161.1,3.0,2.0,19.0,2.0,0.0,16.0,0.0
2020-03-23,taiwan,251.0,25.0,51.0,94.1,0.0,0.0,45.0,31.0,11.0,4.6,2.0
2020-03-23,ukraine,704.0,56.0,111.0,588.6,0.0,1.0,58.0,77.0,39.0,-176.6,8.0
2020-03-23,venezuela,239.0,37.0,16.0,265.0,2.0,0.0,11.0,33.0,4.0,47.2,0.0
2020-03-23,yemen,258.0,100.0,54.0,-281.5,0.0,12.0,21.0,42.0,19.0,-70.9,4.0
2020-03-24,drc,65.0,6.0,12.0,29.3,0.0,2.0,8.0,8.0,0.0,18.8,0.0
2020-03-24,europe_east,780.0,52.0,207.0,234.1,1.0,0.0,175.0,31.0,12.0,3.6,7.0
2020-03-24,iran,1397.0,241.0,207.0,698.6,9.0,3.0,103.0,238.0,97.0,-27.5,12.0
2020-03-24,israel,2593.0,368.0,471.0,137.6,7.0,4.0,252.0,357.0,159.0,-518.0,35.0
2020-03-24,korea,742.0,91.0,91.0,762.5,1.0,2.0,46.0,42.0,8.0,75.7,2.0
2020-03-24,libya,223.0,22.0,83.0,-357.1,1.0,0.0,27.0,1.0,1.0,-5.0,1.0
2020-03-24,scs,2073.0,189.0,197.0,3171.4,11.0,6.0,110.0,47.0,9.0,122.8,0.0
2020-03-24,southasia,7486.0,849.0,989.0,5841.1,15.0,20.0,604.0,19.0,3.0,15.8,1.0
2020-03-24,sudan,276.0,28.0,39.0,161.1,3.0,5.0,22.0,1.0,1.0,-2.0,0.0
2020-03-24,taiwan,425.0,40.0,57.0,445.2,0.0,0.0,34.0,110.0,50.0,-65.7,17.0
2020-03-24,ukraine,685.0,40.0,79.0,1153.1,0.0,0.0,45.0,162.0,46.0,190.6,6.0
2020-03-24,venezuela,257.0,58.0,45.0,-19.6,1.0,0.0,38.0,33.0,14.0,1.8,3.0
2020-03-24,yemen,184.0,26.0,55.0,-291.0,2.0,0.0,17.0,45.0,26.0,-134.1,3.0
2020-03-25,drc,94.0,9.0,31.0,-85.6,7.0,0.0,26.0,11.0,5.0,-18.6,4.0
2020-03-25,europe_east,883.0,74.0,150.0,650.4,0.0,20.0,90.0,33.0,14.0,-8.0,12.0
2020-03-25,iran,1499.0,184.0,278.0,576.6,12.0,0.0,157.0,239.0,95.0,-22.6,18.0
2020-03-25,israel,2529.0,403.0,411.0,127.3,11.0,9.0,179.0,444.0,195.0,-644.9,47.0
2020-03-25,korea,770.0,119.0,58.0,1105.6,5.0,1.0,25.0,55.0,20.0,-35.5,3.0
2020-03-25,libya,256.0,21.0,135.0,-892.7,4.0,0.0,53.0,7.0,7.0,-45.0,5.0
2020-03-25,scs,2015.0,196.0,248.0,2251.5,1.0,3.0,118.0,74.0,17.0,91.4,3.0
2020-03-25,southasia,7772.0,798.0,1027.0,7144.2,10.0,27.0,548.0,15.0,6.0,24.4,0.0
2020-03-25,sudan,449.0,50.0,61.0,469.9,0.0,1.0,47.0,3.0,1.0,12.0,0.0
2020-03-25,taiwan,347.0,38.0,40.0,250.7,0.0,3.0,18.0,113.0,56.0,-64.2,12.0
2020-03-25,ukraine,742.0,45.0,146.0,525.6,1.0,2.0,97.0,104.0,52.0,-162.0,12.0
2020-03-25,venezuela,233.0,34.0,28.0,192.0,8.0,2.0,19.0,29.0,10.0,17.1,0.0
2020-03-25,yemen,311.0,48.0,88.0,-482.6,2.0,2.0,10.0,76.0,36.0,-142.5,0.0
2020-03-26,drc,27.0,2.0,6.0,24.2,0.0,0.0,5.0,2.0,0.0,4.7,0.0
2020-03-26,europe_east,787.0,80.0,129.0,758.2,2.0,12.0,77.0,29.0,4.0,55.2,0.0
2020-03-26,iran,1967.0,289.0,332.0,669.9,4.0,3.0,186.0,510.0,164.0,384.7,24.0
2020-03-26,israel,2857.0,399.0,415.0,1368.7,17.0,8.0,215.0,323.0,137.0,-356.2,34.0
2020-03-26,korea,1106.0,123.0,107.0,1209.0,1.0,7.0,60.0,54.0,21.0,-29.9,0.0
2020-03-26,libya,196.0,12.0,87.0,-515.8,3.0,2.0,22.0,3.0,3.0,-24.4,2.0
2020-03-26,scs,2456.0,208.0,229.0,3847.0,1.0,3.0,136.0,56.0,8.0,156.0,1.0
2020-03-26,southasia,7670.0,775.0,841.0,9762.2,9.0,16.0,434.0,16.0,3.0,8.6,0.0
2020-03-26,sudan,239.0,46.0,37.0,-55.2,5.0,0.0,18.0,1.0,1.0,-2.0,0.0
2020-03-26,taiwan,451.0,52.0,74.0,88.5,0.0,5.0,31.0,124.0,47.0,5.8,6.0
2020-03-26,ukraine,690.0,92.0,86.0,493.6,0.0,5.0,46.0,122.0,64.0,-199.1,18.0
2020-03-26,venezuela,687.0,147.0,126.0,-45.4,2.0,1.0,100.0,206.0,121.0,-313.7,45.0
2020-03-26,yemen,402.0,32.0,95.0,-74.2,0.0,1.0,28.0,85.0,25.0,29.7,0.0
2020-03-27,drc,74.0,5.0,10.0,84.0,0.0,0.0,10.0,7.0,0.0,21.3,0.0
2020-03-27,europe_east,624.0,63.0,61.0,643.6,4.0,1.0,23.0,18.0,6.0,37.0,4.0
2020-03-27,iran,1492.0,258.0,286.0,-6.7,5.0,1.0,147.0,340.0,157.0,-167.7,15.0
2020-03-27,israel,2334.0,326.0,373.0,429.7,16.0,10.0,164.0,265.0,115.0,-442.5,26.0
2020-03-27,korea,851.0,88.0,108.0,760.2,3.0,6.0,44.0,44.0,16.0,-6.2,0.0
2020-03-27,libya,207.0,20.0,50.0,-92.6,0.0,1.0,14.0,0.0,0.0,0.0,0.0
2020-03-27,scs,2171.0,209.0,244.0,2388.1,4.0,18.0,129.0,78.0,13.0,85.2,1.0
2020-03-27,southasia,7873.0,690.0,855.0,10495.5,10.0,28.0,451.0,11.0,3.0,7.1,0.0
2020-03-27,sudan,326.0,47.0,38.0,265.2,0.0,0.0,27.0,8.0,4.0,-20.8,0.0
2020-03-27,taiwan,515.0,56.0,50.0,507.6,0.0,0.0,30.0,106.0,24.0,100.2,4.0
2020-03-27,ukraine,855.0,89.0,98.0,1083.0,2.0,0.0,55.0,143.0,30.0,282.0,7.0
2020-03-27,venezuela,632.0,177.0,109.0,-421.5,6.0,0.0,81.0,213.0,134.0,-288.5,49.0
2020-03-27,yemen,395.0,41.0,77.0,-30.8,2.0,0.0,19.0,79.0,30.0,-13.8,0.0
2020-03-28,drc,28.0,3.0,3.0,31.8,0.0,0.0,3.0,2.0,2.0,-20.0,0.0
2020-03-28,europe_east,306.0,51.0,66.0,-180.6,0.0,2.0,27.0,1.0,0.0,0.0,0.0
2020-03-28,iran,1138.0,199.0,226.0,-519.4,8.0,3.0,80.0,147.0,71.0,-189.7,5.0
2020-03-28,israel,1502.0,194.0,249.0,54.1,1.0,2.0,96.0,218.0,93.0,-339.1,17.0
2020-03-28,korea,491.0,64.0,76.0,164.0,1.0,2.0,28.0,24.0,12.0,-55.2,1.0
2020-03-28,libya,86.0,10.0,19.0,-58.2,0.0,0.0,3.0,0.0,0.0,0.0,0.0
2020-03-28,scs,1556.0,136.0,176.0,1669.5,2.0,0.0,116.0,42.0,20.0,-29.1,7.0
2020-03-28,southasia,6630.0,620.0,685.0,8851.1,12.0,14.0,358.0,9.0,9.0,-24.0,2.0
2020-03-28,sudan,145.0,14.0,18.0,135.0,0.0,0.0,13.0,0.0,0.0,0.0,0.0
2020-03-28,taiwan,248.0,38.0,33.0,126.5,1.0,0.0,25.0,62.0,31.0,-48.4,14.0
2020-03-28,ukraine,244.0,46.0,29.0,241.7,0.0,1.0,12.0,35.0,11.0,36.1,2.0
2020-03-28,venezuela,442.0,82.0,80.0,68.6,3.0,0.0,55.0,109.0,54.0,-156.4,26.0
2020-03-28,yemen,230.0,22.0,48.0,-58.3,0.0,1.0,18.0,55.0,29.0,-174.5,0.0
2020-03-29,drc,29.0,1.0,11.0,-96.4,0.0,0.0,0.0,0.0,0.0,0.0,0.0
2020-03-29,europe_east,436.0,58.0,66.0,77.4,0.0,4.0,27.0,21.0,15.0,-58.2,4.0
2020-03-29,iran,1118.0,140.0,243.0,-232.5,7.0,6.0,98.0,118.0,72.0,-321.1,10.0
2020-03-29,israel,1834.0,235.0,220.0,1094.6,2.0,0.0,107.0,252.0,83.0,-114.9,15.0
2020-03-29,korea,933.0,85.0,256.0,-909.8,1.0,1.0,23.0,237.0,128.0,-788.5,8.0
2020-03-29,libya,109.0,9.0,38.0,-227.0,1.0,0.0,7.0,0.0,0.0,0.0,0.0
2020-03-29,scs,1476.0,142.0,215.0,813.6,5.0,13.0,75.0,44.0,1.0,203.6,1.0
2020-03-29,southasia,6334.0,585.0,590.0,9171.7,7.0,44.0,265.0,3.0,2.0,-10.5,0.0
2020-03-29,sudan,221.0,29.0,14.0,211.9,0.0,0.0,3.0,0.0,0.0,0.0,0.0
2020-03-29,taiwan,317.0,23.0,31.0,407.0,0.0,4.0,17.0,76.0,15.0,123.3,3.0
2020-03-29,ukraine,294.0,24.0,43.0,360.5,1.0,0.0,26.0,80.0,12.0,211.9,2.0
2020-03-29,venezuela,299.0,66.0,61.0,-61.1,0.0,0.0,28.0,66.0,47.0,-168.5,9.0
2020-03-29,yemen,232.0,38.0,50.0,-179.9,0.0,2.0,8.0,97.0,59.0,-358.8,1.0
2020-03-30,drc,27.0,0.0,18.0,-134.8,0.0,0.0,3.0,3.0,0.0,15.0,0.0
2020-03-30,europe_east,762.0,75.0,114.0,482.8,0.0,11.0,60.0,33.0,7.0,79.2,0.0
2020-03-30,iran,1295.0,198.0,216.0,382.7,4.0,9.0,95.0,139.0,86.0,-333.0,4.0
2020-03-30,israel,2731.0,358.0,378.0,1652.0,11.0,1.0,194.0,338.0,143.0,-350.3,38.0
2020-03-30,korea,1112.0,142.0,165.0,561.0,2.0,2.0,48.0,185.0,76.0,-154.0,1.0
2020-03-30,libya,143.0,12.0,30.0,67.5,0.0,0.0,5.0,2.0,2.0,-20.0,0.0
2020-03-30,scs,1986.0,164.0,220.0,2661.0,7.0,5.0,97.0,99.0,25.0,102.3,2.0
2020-03-30,southasia,8196.0,847.0,865.0,10675.7,16.0,46.0,401.0,6.0,3.0,-5.9,0.0
2020-03-30,sudan,326.0,17.0,19.0,522.9,0.0,3.0,5.0,0.0,0.0,0.0,0.0
2020-03-30,taiwan,356.0,31.0,32.0,501.1,0.0,0.0,22.0,97.0,30.0,40.7,2.0
2020-03-30,ukraine,758.0,95.0,82.0,835.0,2.0,2.0,27.0,65.0,16.0,-1.5,2.0
2020-03-30,venezuela,382.0,58.0,81.0,24.1,2.0,0.0,42.0,55.0,34.0,-94.9,8.0
2020-03-30,yemen,366.0,58.0,98.0,-561.4,1.0,0.0,15.0,115.0,58.0,-265.0,0.0
2020-03-31,drc,84.0,4.0,10.0,197.9,0.0,0.0,9.0,4.0,0.0,25.6,0.0
2020-03-31,europe_east,561.0,64.0,50.0,904.5,5.0,0.0,40.0,35.0,0.0,143.0,0.0
2020-03-31,iran,1691.0,231.0,231.0,2077.2,10.0,7.0,97.0,259.0,123.0,-209.3,10.0
2020-03-31,israel,2905.0,323.0,527.0,826.0,5.0,11.0,229.0,396.0,216.0,-1263.7,40.0
2020-03-31,korea,1171.0,146.0,143.0,1103.6,4.0,5.0,47.0,114.0,30.0,170.2,0.0
2020-03-31,libya,161.0,32.0,33.0,-90.9,2.0,0.0,21.0,4.0,0.0,29.6,0.0
2020-03-31,scs,2284.0,188.0,247.0,3320.6,9.0,3.0,146.0,48.0,7.0,144.8,5.0
2020-03-31,southasia,9175.0,884.0,794.0,12148.8,8.0,19.0,371.0,10.0,5.0,-7.6,0.0
2020-03-31,sudan,432.0,42.0,20.0,527.7,0.0,0.0,9.0,0.0,0.0,0.0,0.0
2020-03-31,taiwan,543.0,65.0,82.0,250.1,3.0,2.0,55.0,132.0,63.0,-138.5,17.0
2020-03-31,ukraine,700.0,51.0,67.0,1150.3,3.0,2.0,32.0,65.0,23.0,-23.7,8.0
2020-03-31,venezuela,713.0,111.0,112.0,283.4,0.0,0.0,68.0,157.0,52.0,74.6,14.0
2020-03-31,yemen,306.0,55.0,57.0,-170.8,0.0,1.0,10.0,67.0,33.0,-172.6,0.0
2020-04-01,drc,57.0,4.0,15.0,-6.2,0.0,0.0,7.0,1.0,1.0,-10.0,0.0
2020-04-01,europe_east,698.0,90.0,82.0,595.6,2.0,0.0,44.0,36.0,4.0,56.8,0.0
2020-04-01,iran,1809.0,314.0,306.0,-182.4,48.0,10.0,107.0,445.0,194.0,-260.3,16.0
2020-04-01,israel,2567.0,354.0,418.0,422.2,2.0,10.0,192.0,356.0,175.0,-616.3,32.0
2020-04-01,korea,986.0,132.0,119.0,881.8,3.0,1.0,60.0,68.0,32.0,-129.6,4.0
2020-04-01,libya,145.0,4.0,44.0,-119.8,0.0,0.0,18.0,0.0,0.0,0.0,0.0
2020-04-01,scs,2327.0,262.0,255.0,2166.0,8.0,0.0,142.0,66.0,8.0,178.9,0.0
2020-04-01,southasia,9715.0,919.0,775.0,13329.8,13.0,20.0,369.0,12.0,0.0,46.5,0.0
2020-04-01,sudan,373.0,53.0,53.0,132.6,0.0,5.0,23.0,0.0,0.0,0.0,0.0
2020-04-01,taiwan,501.0,29.0,85.0,512.6,0.0,2.0,54.0,103.0,45.0,8.0,11.0
2020-04-01,ukraine,629.0,68.0,97.0,466.3,0.0,2.0,45.0,74.0,34.0,-95.9,9.0
2020-04-01,venezuela,559.0,104.0,90.0,119.8,0.0,1.0,51.0,110.0,38.0,95.5,8.0
2020-04-01,yemen,223.0,29.0,39.0,-61.0,0.0,0.0,9.0,64.0,27.0,-97.9,0.0
2020-04-02,drc,54.0,3.0,9.0,-1.2,0.0,2.0,2.0,1.0,1.0,-10.0,0.0
2020-04-02,europe_east,735.0,87.0,83.0,635.9,2.0,4.0,49.0,56.0,8.0,78.8,3.0
2020-04-02,iran,1728.0,343.0,327.0,-901.2,50.0,5.0,89.0,472.0,244.0,-646.6,21.0
2020-04-02,israel,3408.0,425.0,510.0,1796.1,6.0,7.0,238.0,500.0,217.0,-613.3,47.0
2020-04-02,korea,895.0,91.0,94.0,1207.2,0.0,3.0,47.0,42.0,11.0,78.6,2.0
2020-04-02,libya,280.0,31.0,75.0,-224.7,6.0,1.0,14.0,6.0,5.0,-37.6,3.0
2020-04-02,scs,2526.0,285.0,376.0,1353.9,14.0,3.0,206.0,62.0,14.0,98.6,5.0
2020-04-02,southasia,10053.0,1115.0,1310.0,7830.0,12.0,27.0,556.0,50.0,15.0,1.9,0.0
2020-04-02,sudan,309.0,19.0,39.0,383.0,0.0,2.0,10.0,0.0,0.0,0.0,0.0
2020-04-02,taiwan,486.0,43.0,55.0,621.9,0.0,1.0,28.0,85.0,21.0,98.3,3.0
2020-04-02,ukraine,760.0,76.0,80.0,1115.2,0.0,1.0,37.0,53.0,27.0,-79.1,2.0
2020-04-02,venezuela,468.0,105.0,70.0,11.7,5.0,1.0,31.0,75.0,25.0,99.8,6.0
2020-04-02,yemen,193.0,20.0,26.0,224.1,0.0,1.0,1.0,68.0,25.0,-54.9,1.0
2020-04-03,drc,27.0,4.0,4.0,-9.9,0.0,0.0,1.0,2.0,1.0,-4.8,0.0
2020-04-03,europe_east,785.0,77.0,96.0,756.6,2.0,6.0,61.0,81.0,11.0,145.4,5.0
2020-04-03,iran,1128.0,223.0,164.0,2.9,31.0,5.0,57.0,280.0,99.0,78.1,11.0
2020-04-03,israel,2738.0,336.0,477.0,390.2,2.0,9.0,209.0,419.0,192.0,-528.9,46.0
2020-04-03,korea,790.0,111.0,97.0,614.8,3.0,2.0,54.0,37.0,12.0,-19.5,4.0
2020-04-03,libya,248.0,35.0,77.0,-332.8,5.0,0.0,23.0,0.0,0.0,0.0,0.0
2020-04-03,scs,1827.0,194.0,207.0,1815.7,5.0,8.0,96.0,33.0,8.0,59.5,2.0
2020-04-03,southasia,9137.0,1087.0,1221.0,7371.3,29.0,37.0,615.0,11.0,1.0,3.6,0.0
2020-04-03,sudan,133.0,17.0,27.0,46.9,0.0,0.0,16.0,0.0,0.0,0.0,0.0
2020-04-03,taiwan,500.0,53.0,49.0,640.1,0.0,0.0,25.0,109.0,49.0,-92.6,6.0
2020-04-03,ukraine,904.0,88.0,79.0,1441.2,0.0,4.0,40.0,118.0,36.0,50.5,4.0
2020-04-03,venezuela,422.0,115.0,84.0,-334.6,1.0,0.0,39.0,78.0,26.0,-25.1,4.0
2020-04-03,yemen,257.0,18.0,42.0,123.7,0.0,0.0,17.0,29.0,16.0,-114.8,1.0
2020-04-04,drc,26.0,3.0,8.0,-16.6,0.0,0.0,4.0,0.0,0.0,0.0,0.0
2020-04-04,europe_east,331.0,33.0,44.0,337.9,0.0,0.0,28.0,18.0,0.0,45.5,0.0
2020-04-04,iran,794.0,154.0,131.0,-5.7,13.0,1.0,64.0,107.0,53.0,-164.9,4.0
2020-04-04,israel,1339.0,149.0,214.0,872.4,2.0,0.0,100.0,206.0,58.0,44.8,9.0
2020-04-04,korea,476.0,31.0,56.0,422.0,0.0,2.0,27.0,6.0,5.0,-39.6,0.0
2020-04-04,libya,158.0,10.0,51.0,-248.8,4.0,0.0,10.0,2.0,2.0,-18.0,0.0
2020-04-04,scs,1558.0,169.0,170.0,1746.8,0.0,0.0,80.0,94.0,54.0,-0.4,2.0
2020-04-04,southasia,7371.0,784.0,987.0,5611.8,15.0,15.0,399.0,27.0,4.0,96.2,0.0
2020-04-04,sudan,156.0,8.0,41.0,-143.4,0.0,0.0,10.0,0.0,0.0,0.0,0.0
2020-04-04,taiwan,217.0,18.0,26.0,216.9,0.0,1.0,14.0,27.0,9.0,9.7,2.0
2020-04-04,ukraine,632.0,147.0,73.0,203.1,1.0,2.0,40.0,57.0,25.0,-33.8,0.0
2020-04-04,venezuela,277.0,52.0,17.0,320.1,1.0,0.0,12.0,35.0,15.0,-42.5,4.0
2020-04-04,yemen,274.0,13.0,42.0,-113.1,1.0,0.0,10.0,28.0,11.0,4.0,1.0
2020-04-05,drc,27.0,2.0,9.0,8.9,0.0,5.0,2.0,0.0,0.0,0.0,0.0
2020-04-05,europe_east,263.0,22.0,35.0,259.9,0.0,0.0,11.0,15.0,10.0,-46.2,4.0
2020-04-05,iran,821.0,143.0,149.0,-211.9,17.0,4.0,41.0,161.0,78.0,-202.1,6.0
2020-04-05,israel,2532.0,333.0,423.0,909.4,4.0,2.0,210.0,291.0,97.0,126.9,27.0
2020-04-05,korea,426.0,21.0,47.0,565.9,0.0,1.0,16.0,22.0,9.0,-24.8,2.0
2020-04-05,libya,119.0,8.0,34.0,-71.0,0.0,0.0,10.0,0.0,0.0,0.0,0.0
2020-04-05,scs,1530.0,141.0,118.0,2528.4,1.0,4.0,60.0,121.0,18.0,328.1,1.0
2020-04-05,southasia,6739.0,600.0,778.0,6280.2,17.0,33.0,320.0,23.0,5.0,12.6,0.0
2020-04-05,sudan,231.0,24.0,50.0,-20.9,0.0,2.0,26.0,1.0,0.0,4.0,0.0
2020-04-05,taiwan,251.0,20.0,22.0,376.4,0.0,0.0,13.0,26.0,11.0,-24.1,0.0
2020-04-05,ukraine,435.0,92.0,59.0,-12.9,1.0,1.0,33.0,25.0,15.0,-70.0,0.0
2020-04-05,venezuela,202.0,36.0,26.0,150.8,0.0,2.0,13.0,33.0,10.0,52.1,2.0
2020-04-05,yemen,208.0,32.0,55.0,-352.5,6.0,0.0,4.0,40.0,29.0,-231.9,0.0
2020-04-06,drc,15.0,0.0,2.0,19.6,0.0,0.0,2.0,3.0,1.0,-3.5,0.0
2020-04-06,europe_east,624.0,59.0,76.0,715.5,2.0,0.0,46.0,17.0,10.0,-73.7,4.0
2020-04-06,iran,1203.0,182.0,179.0,569.3,7.0,2.0,84.0,226.0,89.0,30.1,3.0
2020-04-06,israel,2898.0,394.0,430.0,1321.5,7.0,3.0,188.0,392.0,135.0,-78.2,32.0
2020-04-06,korea,665.0,85.0,53.0,865.1,7.0,0.0,19.0,37.0,5.0,115.2,2.0
2020-04-06,libya,242.0,44.0,59.0,-207.3,2.0,0.0,8.0,1.0,1.0,-4.0,0.0
2020-04-06,scs,2112.0,275.0,267.0,1892.7,1.0,9.0,113.0,126.0,71.0,-24.6,3.0
2020-04-06,southasia,7886.0,928.0,771.0,8775.3,18.0,35.0,313.0,8.0,2.0,21.4,0.0
2020-04-06,sudan,405.0,65.0,78.0,-48.3,2.0,1.0,32.0,5.0,3.0,-16.0,0.0
2020-04-06,taiwan,255.0,37.0,20.0,352.7,1.0,0.0,9.0,41.0,15.0,-26.7,12.0
2020-04-06,ukraine,859.0,113.0,144.0,135.7,1.0,3.0,48.0,111.0,46.0,-46.0,9.0
2020-04-06,venezuela,270.0,41.0,50.0,-39.7,1.0,0.0,19.0,45.0,10.0,13.6,5.0
2020-04-06,yemen,246.0,55.0,65.0,-534.1,0.0,0.0,9.0,37.0,25.0,-144.9,3.0
2020-04-07,drc,63.0,8.0,9.0,11.9,0.0,0.0,4.0,2.0,0.0,6.0,0.0
2020-04-07,europe_east,840.0,74.0,102.0,856.9,11.0,4.0,50.0,17.0,9.0,-35.9,2.0
2020-04-07,iran,1499.0,192.0,224.0,872.5,10.0,0.0,90.0,268.0,127.0,-285.3,23.0
2020-04-07,israel,2537.0,301.0,377.0,1607.0,7.0,5.0,178.0,366.0,168.0,-586.2,42.0
2020-04-07,korea,736.0,71.0,77.0,919.9,3.0,0.0,26.0,39.0,5.0,55.6,0.0
2020-04-07,libya,268.0,43.0,76.0,-402.2,0.0,0.0,17.0,6.0,2.0,-5.3,0.0
2020-04-07,scs,2171.0,231.0,268.0,2386.2,2.0,10.0,109.0,127.0,64.0,-2.7,2.0
2020-04-07,southasia,8541.0,1105.0,1013.0,6422.7,18.0,21.0,450.0,15.0,7.0,-36.9,0.0
2020-04-07,sudan,208.0,16.0,21.0,294.6,0.0,0.0,9.0,8.0,4.0,-30.1,0.0
2020-04-07,taiwan,400.0,41.0,63.0,302.4,3.0,0.0,37.0,81.0,26.0,-33.4,9.0
2020-04-07,ukraine,661.0,89.0,119.0,52.3,0.0,3.0,34.0,63.0,31.0,-12.3,6.0
2020-04-07,venezuela,242.0,51.0,26.0,222.1,4.0,0.0,19.0,32.0,12.0,19.7,5.0
2020-04-07,yemen,183.0,39.0,58.0,-388.3,2.0,0.0,7.0,20.0,19.0,-154.7,1.0
2020-04-08,drc,59.0,1.0,14.0,58.3,0.0,0.0,13.0,0.0,0.0,0.0,0.0
2020-04-08,europe_east,821.0,91.0,73.0,1106.7,1.0,0.0,51.0,17.0,5.0,31.5,2.0
2020-04-08,iran,1107.0,169.0,148.0,483.4,1.0,0.0,61.0,210.0,100.0,-180.6,16.0
2020-04-08,israel,2198.0,241.0,334.0,1374.0,0.0,5.0,154.0,375.0,149.0,-318.3,33.0
2020-04-08,korea,752.0,61.0,73.0,977.2,0.0,4.0,23.0,56.0,8.0,67.2,3.0
2020-04-08,libya,228.0,52.0,64.0,-365.5,2.0,0.0,21.0,4.0,1.0,0.2,0.0
2020-04-08,scs,2143.0,196.0,215.0,3379.4,3.0,7.0,95.0,102.0,28.0,187.7,1.0
2020-04-08,southasia,7833.0,938.0,869.0,7153.0,12.0,21.0,358.0,7.0,4.0,-21.7,1.0
2020-04-08,sudan,215.0,21.0,47.0,7.6,0.0,11.0,17.0,13.0,5.0,-30.7,0.0
2020-04-08,taiwan,409.0,41.0,50.0,544.1,1.0,0.0,30.0,68.0,39.0,-148.4,11.0
2020-04-08,ukraine,693.0,94.0,89.0,386.7,0.0,2.0,32.0,49.0,17.0,1.4,3.0
2020-04-08,venezuela,194.0,32.0,32.0,145.1,2.0,0.0,21.0,35.0,13.0,4.4,5.0
2020-04-08,yemen,235.0,37.0,61.0,-261.4,0.0,0.0,9.0,73.0,33.0,-75.3,1.0
2020-04-09,drc,65.0,3.0,9.0,116.4,0.0,0.0,5.0,3.0,0.0,4.7,0.0
2020-04-09,europe_east,752.0,58.0,64.0,1147.8,1.0,0.0,37.0,10.0,2.0,21.8,1.0
2020-04-09,iran,1203.0,205.0,239.0,-492.6,9.0,6.0,86.0,180.0,74.0,-140.5,11.0
2020-04-09,israel,2051.0,208.0,296.0,1559.1,4.0,2.0,125.0,347.0,124.0,-62.4,31.0
2020-04-09,korea,762.0,100.0,74.0,743.4,1.0,2.0,52.0,48.0,4.0,53.4,2.0
2020-04-09,libya,159.0,38.0,34.0,-125.9,0.0,0.0,17.0,0.0,0.0,0.0,0.0
2020-04-09,scs,1939.0,192.0,222.0,2264.9,2.0,2.0,77.0,80.0,25.0,118.2,0.0
2020-04-09,southasia,7925.0,925.0,961.0,6830.0,16.0,19.0,419.0,30.0,18.0,-18.6,0.0
2020-04-09,sudan,348.0,44.0,67.0,143.0,0.0,0.0,37.0,2.0,0.0,16.0,0.0
2020-04-09,taiwan,685.0,165.0,70.0,364.5,0.0,2.0,51.0,175.0,64.0,4.0,16.0
2020-04-09,ukraine,793.0,88.0,81.0,876.9,0.0,2.0,38.0,106.0,36.0,-15.4,7.0
2020-04-09,venezuela,216.0,45.0,31.0,84.4,3.0,0.0,23.0,42.0,27.0,-75.9,9.0
2020-04-09,yemen,572.0,55.0,113.0,290.7,0.0,0.0,9.0,218.0,61.0,241.2,4.0
2020-04-10,drc,38.0,3.0,16.0,-104.8,0.0,0.0,4.0,12.0,7.0,-56.0,2.0
2020-04-10,europe_east,568.0,47.0,52.0,788.4,3.0,0.0,25.0,67.0,20.0,-1.1,2.0
2020-04-10,iran,938.0,162.0,150.0,387.8,7.0,6.0,71.0,139.0,71.0,-168.3,8.0
2020-04-10,israel,1839.0,187.0,316.0,787.4,4.0,3.0,139.0,214.0,96.0,-303.5,27.0
2020-04-10,korea,781.0,127.0,87.0,611.8,0.0,1.0,48.0,33.0,16.0,-95.5,4.0
2020-04-10,libya,140.0,18.0,21.0,116.0,2.0,0.0,9.0,3.0,1.0,-0.3,1.0
2020-04-10,scs,1594.0,161.0,167.0,2087.5,2.0,2.0,92.0,112.0,53.0,35.5,2.0
2020-04-10,southasia,7567.0,894.0,910.0,6023.1,15.0,19.0,338.0,23.0,6.0,8.4,0.0
2020-04-10,sudan,333.0,51.0,87.0,-465.1,0.0,0.0,41.0,0.0,0.0,0.0,0.0
2020-04-10,taiwan,636.0,169.0,54.0,217.7,5.0,1.0,28.0,200.0,83.0,-61.1,4.0
2020-04-10,ukraine,668.0,89.0,102.0,290.9,1.0,2.0,35.0,77.0,39.0,-148.3,8.0
2020-04-10,venezuela,224.0,34.0,23.0,245.5,0.0,0.0,16.0,11.0,2.0,14.9,0.0
2020-04-10,yemen,476.0,53.0,87.0,8.4,6.0,3.0,28.0,109.0,25.0,158.1,6.0
2020-04-11,drc,59.0,8.0,13.0,4.9,0.0,0.0,11.0,6.0,6.0,-26.4,0.0
2020-04-11,europe_east,331.0,31.0,59.0,152.9,1.0,0.0,33.0,27.0,10.0,6.4,5.0
2020-04-11,iran,729.0,123.0,155.0,-368.0,6.0,4.0,50.0,146.0,74.0,-227.1,2.0
2020-04-11,israel,1367.0,165.0,204.0,1010.5,1.0,3.0,91.0,202.0,100.0,-315.7,17.0
2020-04-11,korea,468.0,49.0,33.0,588.1,0.0,0.0,13.0,31.0,6.0,40.6,1.0
2020-04-11,libya,170.0,10.0,40.0,27.6,0.0,0.0,12.0,4.0,4.0,-35.0,1.0
2020-04-11,scs,1338.0,160.0,160.0,1638.1,7.0,5.0,95.0,28.0,12.0,13.3,1.0
2020-04-11,southasia,6771.0,770.0,862.0,4389.3,12.0,21.0,386.0,6.0,3.0,-2.7,1.0
2020-04-11,sudan,179.0,13.0,31.0,67.2,0.0,7.0,17.0,2.0,2.0,-14.4,2.0
2020-04-11,taiwan,396.0,51.0,37.0,438.7,0.0,2.0,9.0,106.0,36.0,9.6,1.0
2020-04-11,ukraine,281.0,32.0,36.0,248.8,0.0,1.0,12.0,47.0,24.0,-54.3,4.0
2020-04-11,venezuela,162.0,20.0,18.0,157.1,0.0,0.0,5.0,12.0,6.0,-4.4,0.0
2020-04-11,yemen,310.0,32.0,64.0,-162.8,2.0,3.0,25.0,55.0,25.0,-68.7,7.0
2020-04-12,drc,51.0,6.0,10.0,6.7,0.0,0.0,9.0,0.0,0.0,0.0,0.0
2020-04-12,europe_east,278.0,25.0,26.0,408.4,0.0,2.0,9.0,8.0,0.0,14.1,0.0
2020-04-12,iran,781.0,116.0,136.0,30.1,5.0,0.0,43.0,111.0,44.0,13.7,2.0
2020-04-12,israel,1988.0,276.0,293.0,766.1,2.0,3.0,148.0,223.0,98.0,-182.9,19.0
2020-04-12,korea,628.0,79.0,38.0,750.4,2.0,0.0,14.0,42.0,9.0,89.1,0.0
2020-04-12,libya,123.0,11.0,33.0,-54.2,0.0,1.0,6.0,2.0,1.0,-1.6,1.0
2020-04-12,scs,1412.0,120.0,165.0,1814.2,1.0,1.0,74.0,42.0,24.0,-71.7,5.0
2020-04-12,southasia,5928.0,708.0,906.0,1718.1,4.0,26.0,314.0,23.0,16.0,-115.6,2.0
2020-04-12,sudan,137.0,16.0,28.0,11.5,0.0,4.0,12.0,7.0,1.0,7.6,0.0
2020-04-12,taiwan,262.0,49.0,13.0,343.2,0.0,1.0,9.0,67.0,37.0,-68.1,1.0
2020-04-12,ukraine,243.0,23.0,34.0,74.6,0.0,2.0,7.0,20.0,7.0,-7.1,0.0
2020-04-12,venezuela,142.0,19.0,20.0,89.9,0.0,1.0,10.0,12.0,3.0,34.2,0.0
2020-04-12,yemen,203.0,37.0,53.0,-275.4,7.0,0.0,13.0,41.0,23.0,-88.4,2.0
2020-04-13,drc,85.0,5.0,16.0,16.5,0.0,0.0,6.0,2.0,0.0,4.7,0.0
2020-04-13,europe_east,419.0,44.0,62.0,402.1,1.0,0.0,35.0,21.0,2.0,65.3,0.0
2020-04-13,iran,902.0,116.0,144.0,583.7,2.0,0.0,58.0,128.0,68.0,-286.0,7.0
2020-04-13,israel,2716.0,359.0,492.0,182.5,2.0,8.0,219.0,440.0,216.0,-860.1,44.0
2020-04-13,korea,907.0,94.0,78.0,1277.4,2.0,1.0,38.0,61.0,16.0,53.9,0.0
2020-04-13,libya,285.0,21.0,106.0,-478.2,1.0,0.0,15.0,3.0,2.0,-11.7,0.0
2020-04-13,scs,2101.0,175.0,139.0,3958.9,0.0,4.0,56.0,59.0,13.0,133.0,3.0
2020-04-13,southasia,7490.0,903.0,959.0,5081.1,5.0,23.0,362.0,29.0,20.0,-75.6,0.0
2020-04-13,sudan,319.0,39.0,59.0,100.7,7.0,0.0,42.0,7.0,1.0,7.6,0.0
2020-04-13,taiwan,421.0,50.0,45.0,273.3,0.0,1.0,20.0,74.0,35.0,-113.6,4.0
2020-04-13,ukraine,696.0,74.0,94.0,357.7,0.0,0.0,16.0,47.0,16.0,-32.4,0.0
2020-04-13,venezuela,200.0,29.0,23.0,192.6,0.0,0.0,14.0,29.0,6.0,46.5,2.0
2020-04-13,yemen,242.0,26.0,61.0,-104.8,4.0,0.0,17.0,52.0,21.0,13.6,2.0
2020-04-14,drc,50.0,2.0,11.0,33.8,0.0,0.0,0.0,5.0,0.0,25.7,0.0
2020-04-14,europe_east,685.0,86.0,80.0,537.9,2.0,0.0,39.0,35.0,8.0,41.1,1.0
2020-04-14,iran,1008.0,123.0,117.0,1114.0,5.0,1.0,52.0,120.0,47.0,-44.0,0.0
2020-04-14,israel,2184.0,331.0,373.0,589.4,3.0,9.0,175.0,358.0,164.0,-490.1,37.0
2020-04-14,korea,1373.0,100.0,323.0,-664.8,1.0,1.0,44.0,227.0,135.0,-1008.5,6.0
2020-04-14,libya,355.0,39.0,82.0,-39.0,2.0,2.0,17.0,3.0,3.0,-20.0,2.0
2020-04-14,scs,2405.0,220.0,219.0,3809.6,6.0,7.0,102.0,186.0,51.0,172.2,0.0
2020-04-14,southasia,8370.0,1146.0,1055.0,5039.4,17.0,33.0,453.0,32.0,17.0,-71.7,0.0
2020-04-14,sudan,324.0,54.0,53.0,21.7,3.0,2.0,19.0,7.0,0.0,13.0,0.0
2020-04-14,taiwan,449.0,61.0,47.0,421.3,0.0,2.0,28.0,92.0,47.0,-79.0,6.0
2020-04-14,ukraine,833.0,99.0,128.0,187.7,2.0,1.0,39.0,80.0,35.0,-118.1,12.0
2020-04-14,venezuela,207.0,34.0,35.0,98.5,0.0,0.0,23.0,24.0,10.0,-21.6,3.0
2020-04-14,yemen,168.0,15.0,26.0,114.5,1.0,0.0,8.0,46.0,9.0,124.8,0.0
2020-04-15,drc,27.0,3.0,5.0,-1.1,0.0,0.0,2.0,0.0,0.0,0.0,0.0
2020-04-15,europe_east,879.0,105.0,62.0,1184.8,0.0,3.0,37.0,15.0,4.0,-0.4,1.0
2020-04-15,iran,851.0,140.0,140.0,134.5,8.0,3.0,43.0,163.0,75.0,-160.4,0.0
2020-04-15,israel,1742.0,253.0,285.0,502.8,1.0,4.0,139.0,270.0,156.0,-718.4,25.0
2020-04-15,korea,1070.0,110.0,166.0,333.4,1.0,2.0,39.0,66.0,35.0,-192.3,5.0
2020-04-15,libya,315.0,55.0,84.0,-404.2,5.0,0.0,16.0,5.0,3.0,-20.0,2.0
2020-04-15,scs,1980.0,199.0,211.0,2618.7,3.0,2.0,93.0,165.0,35.0,196.0,1.0
2020-04-15,southasia,7779.0,1059.0,938.0,5792.3,15.0,25.0,460.0,11.0,9.0,-59.0,3.0
2020-04-15,sudan,245.0,14.0,32.0,417.7,0.0,3.0,18.0,3.0,0.0,5.0,0.0
2020-04-15,taiwan,644.0,90.0,77.0,529.4,3.0,0.0,40.0,116.0,47.0,-81.3,7.0
2020-04-15,ukraine,799.0,86.0,137.0,596.2,4.0,1.0,76.0,76.0,44.0,-230.2,17.0
2020-04-15,venezuela,183.0,35.0,26.0,-8.1,0.0,0.0,15.0,43.0,10.0,50.4,0.0
2020-04-15,yemen,222.0,28.0,46.0,54.7,0.0,0.0,10.0,58.0,30.0,-126.0,0.0
2020-04-16,drc,47.0,4.0,6.0,88.4,0.0,0.0,4.0,0.0,0.0,0.0,0.0
2020-04-16,europe_east,870.0,106.0,89.0,914.2,0.0,4.0,38.0,31.0,18.0,-93.1,6.0
2020-04-16,iran,966.0,156.0,140.0,398.5,10.0,3.0,38.0,132.0,71.0,-166.9,8.0
2020-04-16,israel,2458.0,355.0,374.0,921.1,4.0,6.0,157.0,400.0,181.0,-404.6,34.0
2020-04-16,korea,1182.0,169.0,97.0,1263.2,2.0,0.0,17.0,150.0,28.0,276.6,4.0
2020-04-16,libya,311.0,32.0,67.0,12.4,6.0,1.0,26.0,2.0,2.0,-15.0,1.0
2020-04-16,scs,2288.0,235.0,248.0,2881.2,6.0,7.0,121.0,124.0,37.0,18.5,4.0
2020-04-16,southasia,7743.0,954.0,833.0,7618.1,11.0,17.0,367.0,27.0,10.0,7.4,0.0
2020-04-16,sudan,280.0,33.0,53.0,75.1,0.0,2.0,40.0,5.0,0.0,7.0,0.0
2020-04-16,taiwan,511.0,65.0,53.0,665.8,4.0,5.0,29.0,102.0,56.0,-116.7,18.0
2020-04-16,ukraine,868.0,75.0,139.0,955.2,1.0,1.0,81.0,147.0,39.0,168.0,18.0
2020-04-16,venezuela,251.0,19.0,23.0,360.4,0.0,1.0,12.0,20.0,7.0,-12.6,0.0
2020-04-16,yemen,374.0,54.0,59.0,115.9,2.0,1.0,11.0,57.0,19.0,17.6,1.0
2020-04-17,drc,41.0,4.0,5.0,57.2,0.0,0.0,2.0,9.0,3.0,3.4,0.0
2020-04-17,europe_east,918.0,82.0,84.0,1297.2,2.0,4.0,41.0,23.0,15.0,-90.6,5.0
2020-04-17,iran,1054.0,199.0,165.0,-35.0,8.0,3.0,69.0,109.0,55.0,-111.8,9.0
2020-04-17,israel,2304.0,355.0,413.0,306.3,4.0,8.0,165.0,391.0,188.0,-660.6,33.0
2020-04-17,korea,898.0,93.0,82.0,1133.0,0.0,0.0,24.0,98.0,23.0,118.8,2.0
2020-04-17,libya,306.0,36.0,74.0,-119.2,3.0,0.0,14.0,4.0,0.0,6.6,0.0
2020-04-17,scs,2243.0,232.0,294.0,2014.6,1.0,6.0,121.0,59.0,26.0,-0.8,6.0
2020-04-17,southasia,7243.0,925.0,832.0,6239.6,7.0,16.0,336.0,29.0,12.0,-22.0,0.0
2020-04-17,sudan,298.0,33.0,31.0,335.2,0.0,0.0,15.0,5.0,1.0,-1.0,0.0
2020-04-17,taiwan,470.0,56.0,30.0,681.0,0.0,1.0,15.0,67.0,23.0,-4.5,2.0
2020-04-17,ukraine,932.0,90.0,98.0,1090.6,0.0,0.0,39.0,167.0,56.0,35.2,13.0
2020-04-17,venezuela,343.0,41.0,29.0,367.5,1.0,0.0,17.0,24.0,9.0,4.0,0.0
2020-04-17,yemen,332.0,30.0,59.0,120.0,1.0,0.0,6.0,61.0,22.0,-11.3,2.0
2020-04-18,drc,19.0,0.0,1.0,49.1,0.0,0.0,0.0,0.0,0.0,0.0,0.0
2020-04-18,europe_east,467.0,31.0,30.0,1005.3,0.0,0.0,14.0,7.0,3.0,0.0,0.0
2020-04-18,iran,828.0,125.0,149.0,-99.2,4.0,4.0,61.0,98.0,35.0,21.9,4.0
2020-04-18,israel,1401.0,209.0,312.0,-822.3,3.0,5.0,113.0,283.0,148.0,-515.4,36.0
2020-04-18,korea,498.0,66.0,52.0,411.7,0.0,0.0,17.0,19.0,3.0,5.6,0.0
2020-04-18,libya,164.0,21.0,62.0,-279.6,0.0,0.0,18.0,1.0,1.0,-5.0,1.0
2020-04-18,scs,1733.0,165.0,249.0,1335.8,8.0,3.0,88.0,85.0,22.0,142.0,0.0
2020-04-18,southasia,6735.0,818.0,816.0,5537.2,17.0,17.0,346.0,16.0,3.0,23.9,0.0
2020-04-18,sudan,177.0,15.0,35.0,92.3,0.0,0.0,14.0,0.0,0.0,0.0,0.0
2020-04-18,taiwan,359.0,48.0,38.0,524.5,2.0,0.0,26.0,66.0,30.0,-28.7,9.0
2020-04-18,ukraine,330.0,31.0,55.0,337.8,0.0,0.0,27.0,47.0,13.0,60.3,3.0
2020-04-18,venezuela,164.0,17.0,12.0,274.9,0.0,0.0,7.0,16.0,5.0,5.0,0.0
2020-04-18,yemen,227.0,30.0,66.0,-283.0,0.0,3.0,8.0,25.0,9.0,-14.8,0.0
2020-04-19,drc,6.0,0.0,0.0,8.9,0.0,0.0,0.0,2.0,1.0,-1.0,0.0
2020-04-19,europe_east,522.0,48.0,29.0,940.8,0.0,0.0,12.0,7.0,3.0,10.8,0.0
2020-04-19,iran,883.0,151.0,149.0,-221.1,3.0,2.0,63.0,175.0,73.0,-32.8,6.0
2020-04-19,israel,1869.0,422.0,253.0,225.0,1.0,4.0,110.0,309.0,165.0,-308.6,29.0
2020-04-19,korea,732.0,107.0,58.0,644.0,1.0,2.0,26.0,92.0,23.0,-7.0,4.0
2020-04-19,libya,186.0,19.0,71.0,-391.1,0.0,2.0,8.0,5.0,2.0,-2.6,2.0
2020-04-19,scs,1583.0,182.0,291.0,238.9,5.0,14.0,92.0,50.0,21.0,16.4,0.0
2020-04-19,southasia,6063.0,790.0,719.0,4295.0,7.0,15.0,293.0,9.0,3.0,19.4,2.0
2020-04-19,sudan,139.0,14.0,22.0,138.0,0.0,0.0,12.0,5.0,0.0,17.0,0.0
2020-04-19,taiwan,261.0,32.0,17.0,352.2,0.0,1.0,9.0,28.0,10.0,-7.1,0.0
2020-04-19,ukraine,250.0,40.0,28.0,130.9,0.0,1.0,14.0,18.0,4.0,-23.4,1.0
2020-04-19,venezuela,145.0,39.0,20.0,-14.0,0.0,1.0,12.0,24.0,15.0,-66.3,2.0
2020-04-19,yemen,197.0,36.0,43.0,-79.1,4.0,0.0,11.0,28.0,9.0,22.5,1.0
2020-04-20,drc,26.0,2.0,5.0,-14.4,0.0,0.0,0.0,2.0,0.0,0.4,0.0
2020-04-20,europe_east,844.0,61.0,109.0,1119.4,1.0,3.0,48.0,16.0,5.0,-30.0,0.0
2020-04-20,iran,1190.0,195.0,132.0,637.7,7.0,4.0,36.0,187.0,73.0,93.2,5.0
2020-04-20,israel,2674.0,484.0,421.0,699.1,4.0,4.0,146.0,411.0,213.0,-705.3,23.0
2020-04-20,korea,1043.0,117.0,82.0,1151.3,4.0,0.0,27.0,144.0,20.0,162.5,0.0
2020-04-20,libya,261.0,35.0,74.0,-263.1,1.0,1.0,27.0,3.0,0.0,21.0,0.0
2020-04-20,scs,2002.0,239.0,263.0,1687.0,4.0,20.0,89.0,94.0,57.0,-81.5,1.0
2020-04-20,southasia,7951.0,1121.0,894.0,5827.6,19.0,16.0,379.0,15.0,7.0,7.6,0.0
2020-04-20,sudan,226.0,23.0,53.0,13.5,0.0,5.0,24.0,1.0,1.0,-5.0,1.0
2020-04-20,taiwan,409.0,59.0,24.0,675.4,0.0,1.0,12.0,85.0,38.0,29.7,6.0
2020-04-20,ukraine,572.0,62.0,72.0,336.9,2.0,0.0,28.0,70.0,28.0,-97.3,6.0
2020-04-20,venezuela,141.0,17.0,19.0,182.2,0.0,0.0,8.0,17.0,9.0,-33.8,2.0
2020-04-20,yemen,219.0,30.0,53.0,-49.9,7.0,1.0,21.0,43.0,19.0,-69.5,3.0
2020-04-21,drc,55.0,8.0,2.0,62.1,0.0,0.0,0.0,0.0,0.0,0.0,0.0
2020-04-21,europe_east,736.0,103.0,81.0,422.6,4.0,0.0,41.0,20.0,7.0,-19.0,0.0
2020-04-21,iran,1301.0,208.0,204.0,544.7,10.0,10.0,77.0,200.0,90.0,-134.6,12.0
2020-04-21,israel,3007.0,539.0,489.0,67.1,7.0,1.0,177.0,484.0,260.0,-1111.2,34.0
2020-04-21,korea,1749.0,185.0,114.0,1276.0,7.0,1.0,41.0,249.0,40.0,-38.0,4.0
2020-04-21,libya,206.0,27.0,44.0,-40.7,4.0,0.0,10.0,0.0,0.0,0.0,0.0
2020-04-21,scs,2337.0,266.0,340.0,1773.1,3.0,25.0,179.0,128.0,62.0,-86.3,4.0
2020-04-21,southasia,8390.0,1156.0,878.0,6679.4,17.0,18.0,381.0,19.0,8.0,-32.5,3.0
2020-04-21,sudan,264.0,22.0,53.0,185.9,0.0,0.0,35.0,1.0,1.0,-2.0,0.0
2020-04-21,taiwan,439.0,51.0,39.0,550.8,1.0,4.0,22.0,92.0,29.0,17.4,3.0
2020-04-21,ukraine,675.0,57.0,77.0,951.1,2.0,1.0,28.0,70.0,28.0,-117.0,4.0
2020-04-21,venezuela,202.0,20.0,15.0,257.0,0.0,0.0,9.0,13.0,7.0,-22.9,2.0
2020-04-21,yemen,249.0,24.0,54.0,-7.7,3.0,0.0,12.0,21.0,12.0,-0.8,0.0
2020-04-22,drc,47.0,3.0,8.0,27.3,0.0,2.0,2.0,10.0,3.0,0.8,0.0
2020-04-22,europe_east,822.0,111.0,77.0,773.3,3.0,2.0,46.0,25.0,12.0,-37.1,0.0
2020-04-22,iran,1808.0,418.0,356.0,-1455.6,30.0,9.0,135.0,403.0,255.0,-955.0,26.0
2020-04-22,israel,3168.0,471.0,591.0,-290.2,22.0,12.0,196.0,445.0,208.0,-901.8,30.0
2020-04-22,korea,1538.0,165.0,115.0,1016.6,6.0,4.0,34.0,202.0,34.0,62.4,0.0
2020-04-22,libya,244.0,26.0,54.0,-103.2,5.0,0.0,18.0,2.0,0.0,14.0,0.0
2020-04-22,scs,2176.0,314.0,238.0,1939.8,0.0,14.0,124.0,206.0,131.0,-343.5,3.0
2020-04-22,southasia,8022.0,1004.0,910.0,7005.8,30.0,21.0,391.0,39.0,13.0,-36.5,4.0
2020-04-22,sudan,282.0,31.0,30.0,398.7,0.0,0.0,11.0,4.0,0.0,21.4,0.0
2020-04-22,taiwan,439.0,42.0,47.0,674.3,0.0,6.0,19.0,90.0,29.0,5.0,10.0
2020-04-22,ukraine,718.0,65.0,82.0,904.3,2.0,2.0,40.0,84.0,26.0,-9.4,7.0
2020-04-22,venezuela,195.0,33.0,18.0,296.8,0.0,0.0,14.0,40.0,14.0,25.6,1.0
2020-04-22,yemen,238.0,34.0,61.0,-225.7,6.0,0.0,20.0,23.0,14.0,-67.4,3.0
2020-04-23,drc,51.0,1.0,15.0,5.7,0.0,2.0,3.0,19.0,8.0,14.0,0.0
2020-04-23,europe_east,828.0,93.0,90.0,974.3,1.0,0.0,56.0,34.0,3.0,80.4,0.0
2020-04-23,iran,1788.0,478.0,350.0,-2264.3,64.0,4.0,130.0,480.0,271.0,-1003.1,40.0
2020-04-23,israel,3204.0,503.0,448.0,1324.3,11.0,0.0,212.0,416.0,178.0,-311.7,25.0
2020-04-23,korea,1156.0,102.0,97.0,1136.4,0.0,2.0,51.0,111.0,15.0,12.3,2.0
2020-04-23,libya,267.0,38.0,56.0,-51.8,3.0,0.0,21.0,9.0,5.0,13.0,1.0
2020-04-23,scs,2304.0,347.0,330.0,632.0,7.0,8.0,100.0,268.0,151.0,-315.8,1.0
2020-04-23,southasia,7689.0,1090.0,959.0,4603.1,13.0,21.0,372.0,24.0,10.0,-35.3,2.0
2020-04-23,sudan,401.0,32.0,53.0,434.8,0.0,5.0,15.0,0.0,0.0,0.0,0.0
2020-04-23,taiwan,336.0,43.0,33.0,427.5,0.0,0.0,17.0,58.0,25.0,-1.1,7.0
2020-04-23,ukraine,816.0,81.0,95.0,903.3,1.0,0.0,33.0,90.0,26.0,-5.2,0.0
2020-04-23,venezuela,182.0,33.0,28.0,24.6,2.0,0.0,19.0,29.0,13.0,6.0,2.0
2020-04-23,yemen,239.0,32.0,54.0,-120.1,2.0,1.0,23.0,44.0,18.0,14.2,7.0
2020-04-24,drc,69.0,11.0,21.0,-109.1,0.0,0.0,8.0,7.0,3.0,2.0,0.0
2020-04-24,europe_east,884.0,81.0,86.0,1206.9,0.0,3.0,40.0,49.0,19.0,5.9,4.0
2020-04-24,iran,1209.0,277.0,199.0,-789.7,45.0,6.0,68.0,233.0,105.0,-330.4,27.0
2020-04-24,israel,2591.0,431.0,352.0,1112.0,9.0,6.0,156.0,370.0,137.0,-101.0,22.0
2020-04-24,korea,934.0,114.0,92.0,728.7,1.0,5.0,30.0,110.0,26.0,33.8,7.0
2020-04-24,libya,260.0,28.0,52.0,62.3,1.0,0.0,16.0,1.0,1.0,-2.0,0.0
2020-04-24,scs,2343.0,256.0,320.0,2015.2,16.0,8.0,82.0,85.0,48.0,-86.9,0.0
2020-04-24,southasia,7491.0,993.0,895.0,5164.2,13.0,22.0,366.0,11.0,4.0,-7.3,1.0
2020-04-24,sudan,275.0,11.0,40.0,344.7,0.0,3.0,11.0,9.0,0.0,59.4,0.0
2020-04-24,taiwan,378.0,37.0,50.0,333.6,2.0,3.0,22.0,99.0,36.0,-1.1,7.0
2020-04-24,ukraine,962.0,101.0,94.0,1377.6,0.0,2.0,33.0,124.0,44.0,75.1,10.0
2020-04-24,venezuela,285.0,52.0,55.0,-89.5,1.0,1.0,29.0,51.0,16.0,41.6,0.0
2020-04-24,yemen,167.0,26.0,42.0,-126.9,2.0,1.0,12.0,31.0,8.0,60.0,0.0
2020-04-25,drc,83.0,17.0,46.0,-404.3,0.0,0.0,8.0,0.0,0.0,0.0,0.0
2020-04-25,europe_east,380.0,42.0,40.0,526.6,0.0,3.0,24.0,10.0,3.0,8.4,2.0
2020-04-25,iran,839.0,204.0,116.0,-399.5,16.0,2.0,43.0,130.0,82.0,-310.3,5.0
2020-04-25,israel,1113.0,174.0,140.0,550.9,3.0,1.0,65.0,145.0,62.0,-181.8,15.0
2020-04-25,korea,1041.0,85.0,64.0,1220.9,2.0,4.0,15.0,175.0,19.0,191.5,4.0
2020-04-25,libya,192.0,21.0,53.0,-110.1,0.0,0.0,12.0,1.0,1.0,-2.0,0.0
2020-04-25,scs,1246.0,81.0,165.0,1460.9,8.0,3.0,66.0,73.0,41.0,-125.3,6.0
2020-04-25,southasia,6497.0,882.0,724.0,5213.9,4.0,30.0,269.0,23.0,7.0,28.4,2.0
2020-04-25,sudan,101.0,11.0,11.0,170.2,0.0,0.0,6.0,5.0,0.0,16.8,0.0
2020-04-25,taiwan,263.0,31.0,38.0,168.4,0.0,0.0,23.0,54.0,19.0,6.8,6.0
2020-04-25,ukraine,404.0,55.0,50.0,418.9,0.0,0.0,24.0,25.0,15.0,-64.5,1.0
2020-04-25,venezuela,159.0,21.0,34.0,-8.8,0.0,1.0,17.0,10.0,5.0,-3.6,0.0
2020-04-25,yemen,126.0,22.0,30.0,-90.5,1.0,4.0,5.0,36.0,20.0,-40.7,4.0
2020-04-26,drc,33.0,7.0,20.0,-190.8,0.0,0.0,1.0,5.0,0.0,15.2,0.0
2020-04-26,europe_east,310.0,39.0,31.0,343.8,0.0,0.0,19.0,3.0,0.0,20.0,0.0
2020-04-26,iran,601.0,120.0,130.0,-579.7,12.0,0.0,51.0,111.0,65.0,-267.6,5.0
2020-04-26,israel,2077.0,317.0,264.0,1024.2,2.0,3.0,118.0,255.0,100.0,-109.8,22.0
2020-04-26,korea,1715.0,171.0,131.0,1466.5,0.0,0.0,59.0,329.0,54.0,237.8,10.0
2020-04-26,libya,213.0,15.0,58.0,-92.6,0.0,2.0,13.0,0.0,0.0,0.0,0.0
2020-04-26,scs,1380.0,128.0,175.0,1524.8,0.0,0.0,59.0,99.0,74.0,-261.3,2.0
2020-04-26,southasia,5779.0,705.0,746.0,3222.1,7.0,13.0,295.0,10.0,7.0,-44.0,0.0
2020-04-26,sudan,164.0,20.0,20.0,140.6,0.0,0.0,10.0,3.0,2.0,-10.9,0.0
2020-04-26,taiwan,224.0,20.0,24.0,341.3,0.0,1.0,13.0,34.0,7.0,61.6,3.0
2020-04-26,ukraine,313.0,30.0,30.0,388.4,0.0,0.0,13.0,50.0,12.0,13.3,0.0
2020-04-26,venezuela,57.0,12.0,3.0,28.6,0.0,0.0,0.0,5.0,2.0,0.8,0.0
2020-04-26,yemen,264.0,77.0,60.0,-349.0,3.0,11.0,16.0,58.0,26.0,-26.3,3.0
2020-04-27,drc,83.0,4.0,22.0,-89.2,0.0,0.0,0.0,2.0,2.0,-4.0,0.0
2020-04-27,europe_east,656.0,64.0,85.0,856.9,1.0,16.0,41.0,24.0,7.0,62.6,0.0
2020-04-27,iran,947.0,188.0,168.0,-256.6,14.0,0.0,64.0,191.0,92.0,-211.8,10.0
2020-04-27,israel,2984.0,445.0,539.0,-329.6,5.0,4.0,158.0,565.0,279.0,-923.6,39.0
2020-04-27,korea,2003.0,203.0,166.0,1698.9,3.0,3.0,68.0,340.0,61.0,150.7,5.0
2020-04-27,libya,257.0,46.0,47.0,-180.9,1.0,0.0,14.0,3.0,0.0,18.3,0.0
2020-04-27,scs,1965.0,261.0,217.0,2165.4,6.0,5.0,105.0,88.0,56.0,-140.7,0.0
2020-04-27,southasia,7608.0,938.0,784.0,6931.3,8.0,18.0,343.0,33.0,21.0,-117.3,1.0
2020-04-27,sudan,200.0,22.0,27.0,188.5,0.0,2.0,9.0,8.0,0.0,20.8,0.0
2020-04-27,taiwan,311.0,40.0,19.0,467.8,1.0,0.0,7.0,34.0,13.0,-16.0,3.0
2020-04-27,ukraine,530.0,69.0,77.0,312.6,0.0,0.0,25.0,44.0,18.0,-45.6,2.0
2020-04-27,venezuela,184.0,9.0,26.0,233.2,0.0,1.0,16.0,15.0,9.0,-43.1,5.0
2020-04-27,yemen,405.0,99.0,65.0,-53.8,3.0,0.0,24.0,149.0,44.0,155.0,5.0
2020-04-28,drc,20.0,2.0,3.0,10.9,0.0,0.0,1.0,6.0,4.0,-5.7,0.0
2020-04-28,europe_east,678.0,65.0,61.0,1095.7,0.0,13.0,18.0,21.0,15.0,-104.0,2.0
2020-04-28,iran,1106.0,230.0,171.0,-76.3,12.0,0.0,69.0,227.0,98.0,-167.4,13.0
2020-04-28,israel,2715.0,356.0,591.0,-1534.3,20.0,3.0,139.0,454.0,220.0,-957.5,27.0
2020-04-28,korea,1592.0,155.0,134.0,1486.5,1.0,7.0,49.0,289.0,69.0,138.3,5.0
2020-04-28,libya,438.0,107.0,87.0,-555.9,4.0,0.0,15.0,6.0,2.0,-16.9,0.0
2020-04-28,scs,2034.0,270.0,221.0,2069.0,2.0,12.0,110.0,106.0,55.0,-63.9,3.0
2020-04-28,southasia,7953.0,1104.0,891.0,5352.9,11.0,25.0,344.0,16.0,4.0,17.6,0.0
2020-04-28,sudan,279.0,36.0,12.0,489.4,0.0,1.0,8.0,0.0,0.0,0.0,0.0
2020-04-28,taiwan,458.0,60.0,46.0,511.2,0.0,0.0,23.0,63.0,27.0,-50.5,9.0
2020-04-28,ukraine,534.0,68.0,49.0,632.2,1.0,0.0,23.0,86.0,25.0,-10.5,5.0
2020-04-28,venezuela,234.0,30.0,51.0,55.7,1.0,0.0,34.0,40.0,19.0,-17.1,7.0
2020-04-28,yemen,280.0,62.0,60.0,-236.9,4.0,1.0,21.0,79.0,22.0,41.1,3.0
2020-04-29,drc,41.0,9.0,16.0,-133.4,0.0,0.0,4.0,0.0,0.0,0.0,0.0
2020-04-29,europe_east,870.0,111.0,52.0,1524.3,0.0,4.0,26.0,18.0,9.0,-22.9,2.0
2020-04-29,iran,1098.0,175.0,190.0,106.1,11.0,1.0,104.0,178.0,74.0,-104.0,14.0
2020-04-29,israel,2417.0,396.0,350.0,563.3,13.0,1.0,127.0,299.0,119.0,-76.3,16.0
2020-04-29,korea,1436.0,160.0,164.0,895.9,3.0,2.0,44.0,191.0,31.0,229.4,0.0
2020-04-29,libya,389.0,81.0,95.0,-620.5,4.0,0.0,11.0,1.0,0.0,3.5,0.0
2020-04-29,scs,2128.0,277.0,266.0,1675.7,1.0,4.0,148.0,92.0,40.0,-63.1,4.0
2020-04-29,southasia,8027.0,1209.0,878.0,4541.8,24.0,13.0,327.0,12.0,11.0,-58.4,2.0
2020-04-29,sudan,313.0,38.0,27.0,409.5,0.0,3.0,10.0,0.0,0.0,0.0,0.0
2020-04-29,taiwan,350.0,51.0,30.0,466.3,1.0,6.0,18.0,81.0,28.0,52.7,2.0
2020-04-29,ukraine,713.0,76.0,100.0,543.1,0.0,0.0,39.0,76.0,17.0,58.6,4.0
2020-04-29,venezuela,153.0,15.0,23.0,126.1,1.0,1.0,16.0,21.0,5.0,51.4,0.0
2020-04-29,yemen,336.0,66.0,74.0,-300.8,0.0,0.0,25.0,92.0,28.0,19.1,3.0
2020-04-30,drc,47.0,9.0,13.0,-35.3,0.0,0.0,10.0,5.0,0.0,17.0,0.0
2020-04-30,europe_east,925.0,77.0,91.0,1412.6,0.0,13.0,46.0,16.0,7.0,-8.3,5.0
2020-04-30,iran,1141.0,219.0,242.0,-661.9,10.0,4.0,110.0,235.0,127.0,-451.2,14.0
2020-04-30,israel,2948.0,522.0,473.0,33.9,16.0,2.0,208.0,414.0,216.0,-881.9,31.0
2020-04-30,korea,1136.0,110.0,110.0,1211.8,1.0,4.0,46.0,138.0,25.0,76.1,0.0
2020-04-30,libya,609.0,122.0,115.0,-265.1,6.0,6.0,22.0,6.0,3.0,-8.5,0.0
2020-04-30,scs,2238.0,303.0,292.0,1474.2,5.0,8.0,107.0,128.0,64.0,-137.3,12.0
2020-04-30,southasia,8269.0,1109.0,959.0,5068.6,14.0,23.0,270.0,35.0,24.0,-132.1,3.0
2020-04-30,sudan,445.0,47.0,79.0,182.1,3.0,0.0,33.0,0.0,0.0,0.0,0.0
2020-04-30,taiwan,495.0,70.0,57.0,488.6,0.0,0.0,31.0,95.0,33.0,2.5,2.0
2020-04-30,ukraine,815.0,93.0,90.0,710.3,0.0,2.0,29.0,145.0,34.0,81.5,4.0
2020-04-30,venezuela,238.0,32.0,29.0,261.1,0.0,1.0,20.0,45.0,14.0,41.0,2.0
2020-04-30,yemen,211.0,19.0,37.0,38.3,4.0,2.0,15.0,42.0,22.0,-95.0,3.0
2020-05-01,drc,47.0,5.0,5.0,55.5,1.0,0.0,5.0,0.0,0.0,0.0,0.0
2020-05-01,europe_east,586.0,50.0,45.0,1066.1,0.0,1.0,17.0,3.0,1.0,-3.2,0.0
2020-05-01,iran,1093.0,175.0,207.0,465.0,5.0,6.0,105.0,255.0,134.0,-426.9,15.0
2020-05-01,israel,2403.0,366.0,434.0,-94.7,6.0,2.0,153.0,516.0,284.0,-1228.3,36.0
2020-05-01,korea,1221.0,99.0,116.0,947.5,3.0,0.0,56.0,135.0,19.0,-11.7,5.0
2020-05-01,libya,322.0,68.0,57.0,-121.9,5.0,1.0,11.0,0.0,0.0,0.0,0.0
2020-05-01,scs,2074.0,277.0,319.0,813.9,5.0,6.0,177.0,73.0,41.0,-63.7,5.0
2020-05-01,southasia,7143.0,838.0,892.0,4517.9,21.0,33.0,300.0,49.0,23.0,-74.0,2.0
2020-05-01,sudan,365.0,60.0,81.0,-200.2,1.0,3.0,45.0,0.0,0.0,0.0,0.0
2020-05-01,taiwan,432.0,43.0,46.0,617.1,0.0,1.0,27.0,77.0,37.0,-82.4,9.0
2020-05-01,ukraine,579.0,52.0,67.0,613.7,1.0,3.0,23.0,107.0,35.0,-112.5,8.0
2020-05-01,venezuela,280.0,58.0,39.0,75.0,0.0,0.0,24.0,50.0,23.0,-12.4,4.0
2020-05-01,yemen,228.0,52.0,40.0,-0.5,1.0,2.0,24.0,31.0,10.0,36.0,1.0
2020-05-02,drc,23.0,6.0,4.0,-21.1,0.0,0.0,3.0,2.0,0.0,16.0,0.0
2020-05-02,europe_east,611.0,45.0,45.0,972.4,0.0,0.0,27.0,14.0,7.0,-50.2,1.0
2020-05-02,iran,700.0,139.0,172.0,-377.0,7.0,1.0,112.0,172.0,88.0,-268.5,16.0
2020-05-02,israel,1332.0,239.0,226.0,-264.4,3.0,0.0,108.0,265.0,134.0,-620.0,30.0
2020-05-02,korea,1340.0,68.0,86.0,1477.8,5.0,1.0,26.0,275.0,33.0,288.8,4.0
2020-05-02,libya,172.0,24.0,18.0,259.5,0.0,3.0,5.0,2.0,0.0,6.8,0.0
2020-05-02,scs,1513.0,198.0,222.0,734.1,4.0,2.0,115.0,82.0,37.0,-102.3,6.0
2020-05-02,southasia,6490.0,834.0,892.0,3159.8,14.0,18.0,332.0,44.0,16.0,-36.9,0.0
2020-05-02,sudan,199.0,20.0,28.0,320.8,0.0,1.0,16.0,3.0,0.0,9.0,0.0
2020-05-02,taiwan,282.0,44.0,28.0,238.3,1.0,2.0,20.0,77.0,37.0,-49.7,10.0
2020-05-02,ukraine,350.0,61.0,49.0,49.8,0.0,0.0,8.0,55.0,18.0,21.9,0.0
2020-05-02,venezuela,365.0,64.0,82.0,-351.7,0.0,2.0,30.0,59.0,25.0,39.0,5.0
2020-05-02,yemen,133.0,28.0,44.0,-189.5,1.0,0.0,22.0,36.0,17.0,-9.5,3.0
2020-05-03,drc,12.0,2.0,0.0,29.3,0.0,0.0,0.0,0.0,0.0,0.0,0.0
2020-05-03,europe_east,380.0,43.0,34.0,672.9,1.0,0.0,16.0,0.0,0.0,0.0,0.0
2020-05-03,iran,798.0,138.0,183.0,-361.7,0.0,0.0,84.0,121.0,58.0,-14.0,5.0
2020-05-03,israel,2127.0,332.0,396.0,-525.1,2.0,1.0,204.0,356.0,165.0,-475.4,37.0
2020-05-03,korea,1316.0,115.0,199.0,152.0,3.0,2.0,15.0,293.0,91.0,-233.4,4.0
2020-05-03,libya,221.0,29.0,42.0,2.0,0.0,0.0,21.0,4.0,2.0,-11.6,2.0
2020-05-03,scs,1422.0,143.0,230.0,950.8,1.0,5.0,136.0,15.0,10.0,-35.2,3.0
2020-05-03,southasia,7392.0,782.0,1280.0,951.7,24.0,43.0,320.0,36.0,12.0,-56.5,0.0
2020-05-03,sudan,175.0,16.0,42.0,31.0,0.0,2.0,27.0,0.0,0.0,0.0,0.0
2020-05-03,taiwan,235.0,24.0,23.0,278.1,0.0,0.0,8.0,45.0,16.0,-16.6,1.0
2020-05-03,ukraine,225.0,24.0,27.0,161.7,0.0,0.0,10.0,42.0,13.0,2.0,1.0
2020-05-03,venezuela,394.0,67.0,106.0,-609.5,0.0,1.0,48.0,28.0,16.0,-22.6,8.0
2020-05-03,yemen,124.0,22.0,25.0,-125.2,3.0,0.0,11.0,13.0,3.0,8.4,1.0
2020-05-04,drc,14.0,1.0,0.0,43.9,0.0,0.0,0.0,4.0,2.0,-4.0,0.0
2020-05-04,europe_east,659.0,64.0,81.0,750.6,1.0,0.0,42.0,38.0,4.0,109.5,0.0
2020-05-04,iran,1004.0,166.0,198.0,-111.1,7.0,2.0,99.0,165.0,80.0,-57.6,12.0
2020-05-04,israel,2643.0,425.0,451.0,130.0,5.0,0.0,205.0,423.0,224.0,-835.1,36.0
2020-05-04,korea,1176.0,138.0,150.0,791.7,6.0,0.0,28.0,207.0,74.0,-250.8,4.0
2020-05-04,libya,251.0,34.0,61.0,-17.3,0.0,1.0,22.0,2.0,2.0,-8.0,0.0
2020-05-04,scs,2301.0,255.0,265.0,2110.3,8.0,10.0,80.0,63.0,34.0,25.0,7.0
2020-05-04,southasia,8549.0,1226.0,1300.0,1963.3,15.0,47.0,403.0,32.0,12.0,10.7,1.0
2020-05-04,sudan,295.0,48.0,31.0,232.6,0.0,1.0,17.0,2.0,0.0,6.0,0.0
2020-05-04,taiwan,380.0,41.0,26.0,441.9,1.0,2.0,9.0,93.0,39.0,-1.8,9.0
2020-05-04,ukraine,605.0,57.0,73.0,559.4,3.0,2.0,16.0,51.0,15.0,8.1,2.0
2020-05-04,venezuela,716.0,153.0,157.0,-606.3,1.0,8.0,67.0,103.0,54.0,-77.8,4.0
2020-05-04,yemen,85.0,12.0,20.0,-81.0,0.0,0.0,6.0,9.0,5.0,-35.0,0.0
2020-05-05,drc,41.0,2.0,3.0,86.2,0.0,0.0,1.0,10.0,5.0,-18.0,0.0
2020-05-05,europe_east,762.0,83.0,85.0,954.8,0.0,3.0,42.0,50.0,15.0,16.8,0.0
2020-05-05,iran,1273.0,227.0,253.0,-87.7,10.0,2.0,79.0,300.0,155.0,-222.7,9.0
2020-05-05,israel,2473.0,340.0,502.0,-581.3,3.0,2.0,217.0,490.0,273.0,-1115.1,42.0
2020-05-05,korea,821.0,103.0,59.0,1002.7,10.0,0.0,16.0,80.0,23.0,23.1,0.0
2020-05-05,libya,348.0,59.0,82.0,-305.3,5.0,1.0,19.0,4.0,4.0,-28.0,0.0
2020-05-05,scs,2362.0,305.0,309.0,1452.2,8.0,0.0,149.0,58.0,31.0,-22.6,9.0
2020-05-05,southasia,8444.0,1084.0,1168.0,3968.8,9.0,33.0,408.0,27.0,12.0,-32.3,1.0
2020-05-05,sudan,376.0,34.0,48.0,349.4,0.0,1.0,18.0,1.0,1.0,-6.5,0.0
2020-05-05,taiwan,449.0,62.0,22.0,777.9,1.0,3.0,8.0,104.0,43.0,42.0,3.0
2020-05-05,ukraine,568.0,87.0,71.0,195.7,4.0,0.0,29.0,111.0,28.0,104.5,9.0
2020-05-05,venezuela,1134.0,192.0,293.0,-920.1,1.0,13.0,167.0,344.0,171.0,-397.5,73.0
2020-05-05,yemen,228.0,23.0,73.0,-202.1,2.0,0.0,28.0,60.0,28.0,-13.7,5.0
2020-05-06,drc,72.0,9.0,6.0,79.4,0.0,0.0,0.0,9.0,2.0,8.6,0.0
2020-05-06,europe_east,958.0,114.0,73.0,1613.8,0.0,0.0,35.0,33.0,13.0,-6.2,6.0
2020-05-06,iran,1632.0,265.0,304.0,494.1,11.0,2.0,112.0,437.0,184.0,-46.2,29.0
2020-05-06,israel,3161.0,487.0,498.0,806.0,12.0,2.0,198.0,636.0,311.0,-975.5,17.0
2020-05-06,korea,980.0,124.0,104.0,1047.7,0.0,0.0,41.0,114.0,35.0,10.7,3.0
2020-05-06,libya,375.0,72.0,85.0,-285.6,5.0,3.0,25.0,8.0,4.0,-30.6,0.0
2020-05-06,scs,2312.0,346.0,303.0,946.6,6.0,10.0,137.0,54.0,17.0,11.5,5.0
2020-05-06,southasia,8816.0,1046.0,1247.0,4764.0,5.0,52.0,405.0,35.0,16.0,-18.6,0.0
2020-05-06,sudan,308.0,43.0,58.0,77.0,1.0,3.0,27.0,1.0,0.0,3.0,0.0
2020-05-06,taiwan,513.0,61.0,37.0,701.1,0.0,0.0,10.0,126.0,43.0,83.3,1.0
2020-05-06,ukraine,731.0,98.0,62.0,741.6,0.0,0.0,38.0,74.0,15.0,71.7,0.0
2020-05-06,venezuela,1049.0,191.0,259.0,-667.6,2.0,9.0,139.0,315.0,129.0,-284.7,68.0
2020-05-06,yemen,177.0,27.0,61.0,-309.9,4.0,0.0,25.0,40.0,13.0,15.0,3.0
2020-05-07,drc,16.0,2.0,3.0,-8.6,0.0,0.0,0.0,0.0,0.0,0.0,0.0
2020-05-07,europe_east,948.0,96.0,87.0,1196.3,1.0,1.0,44.0,73.0,24.0,34.6,2.0
2020-05-07,iran,1540.0,367.0,298.0,-995.7,12.0,5.0,114.0,408.0,211.0,-590.0,28.0
2020-05-07,israel,2966.0,481.0,418.0,1445.3,6.0,5.0,190.0,576.0,244.0,-282.1,24.0
2020-05-07,korea,810.0,91.0,74.0,805.3,2.0,1.0,43.0,38.0,7.0,-6.6,2.0
2020-05-07,libya,320.0,49.0,87.0,-351.7,1.0,11.0,25.0,3.0,1.0,4.8,0.0
2020-05-07,scs,1905.0,239.0,262.0,1357.5,1.0,6.0,129.0,70.0,22.0,27.5,6.0
2020-05-07,southasia,9160.0,1159.0,1074.0,5887.9,12.0,46.0,411.0,65.0,21.0,-54.2,3.0
2020-05-07,sudan,300.0,40.0,70.0,-121.5,0.0,2.0,19.0,2.0,0.0,6.4,0.0
2020-05-07,taiwan,397.0,70.0,32.0,469.2,5.0,0.0,15.0,96.0,30.0,83.5,8.0
2020-05-07,ukraine,647.0,64.0,81.0,574.5,2.0,0.0,45.0,85.0,14.0,148.8,4.0
2020-05-07,venezuela,908.0,138.0,175.0,-17.9,3.0,1.0,106.0,297.0,119.0,-63.4,61.0
2020-05-07,yemen,239.0,47.0,87.0,-667.0,2.0,1.0,8.0,42.0,14.0,-3.7,0.0
2020-05-08,drc,67.0,7.0,9.0,113.6,0.0,0.0,2.0,14.0,5.0,29.5,0.0
2020-05-08,europe_east,1256.0,109.0,97.0,2609.8,2.0,0.0,50.0,105.0,69.0,-210.2,6.0
2020-05-08,iran,1324.0,244.0,282.0,-919.6,8.0,4.0,114.0,259.0,118.0,-266.1,17.0
2020-05-08,israel,2574.0,379.0,393.0,775.2,4.0,2.0,175.0,386.0,163.0,-243.8,21.0
2020-05-08,korea,907.0,165.0,116.0,205.8,8.0,2.0,35.0,141.0,94.0,-365.3,6.0
2020-05-08,libya,522.0,72.0,153.0,-638.2,2.0,12.0,29.0,3.0,1.0,0.0,0.0
2020-05-08,scs,1841.0,258.0,214.0,1253.6,6.0,1.0,88.0,97.0,56.0,-157.4,15.0
2020-05-08,southasia,9368.0,1116.0,1085.0,7068.6,12.0,44.0,457.0,39.0,14.0,-31.4,2.0
2020-05-08,sudan,305.0,36.0,56.0,109.7,0.0,3.0,37.0,3.0,3.0,-30.0,0.0
2020-05-08,taiwan,366.0,23.0,35.0,533.7,0.0,2.0,16.0,101.0,35.0,3.2,3.0
2020-05-08,ukraine,1026.0,111.0,117.0,985.8,2.0,0.0,77.0,105.0,34.0,-28.9,8.0
2020-05-08,venezuela,1088.0,182.0,216.0,-297.0,15.0,0.0,115.0,286.0,109.0,59.4,33.0
2020-05-08,yemen,374.0,43.0,150.0,-949.5,0.0,0.0,19.0,66.0,21.0,65.3,0.0
2020-05-09,drc,11.0,3.0,1.0,2.9,0.0,0.0,1.0,0.0,0.0,0.0,0.0
2020-05-09,europe_east,532.0,50.0,38.0,979.9,4.0,2.0,9.0,37.0,18.0,-12.9,0.0
2020-05-09,iran,891.0,144.0,156.0,-148.6,7.0,5.0,49.0,139.0,86.0,-359.1,13.0
2020-05-09,israel,1322.0,219.0,152.0,821.8,8.0,0.0,91.0,189.0,68.0,43.1,13.0
2020-05-09,korea,534.0,100.0,66.0,64.0,13.0,6.0,25.0,64.0,33.0,-52.6,3.0
2020-05-09,libya,364.0,76.0,143.0,-1160.7,3.0,0.0,34.0,4.0,4.0,-35.0,1.0
2020-05-09,scs,1299.0,115.0,173.0,1272.1,1.0,1.0,98.0,60.0,26.0,-17.5,7.0
2020-05-09,southasia,8627.0,1123.0,1310.0,2853.8,7.0,25.0,602.0,47.0,31.0,-158.0,14.0
2020-05-09,sudan,108.0,20.0,28.0,-42.9,0.0,1.0,12.0,0.0,0.0,0.0,0.0
2020-05-09,taiwan,270.0,32.0,24.0,347.3,4.0,0.0,9.0,69.0,19.0,25.6,0.0
2020-05-09,ukraine,460.0,69.0,76.0,-29.6,0.0,1.0,29.0,64.0,32.0,-86.4,0.0
2020-05-09,venezuela,593.0,104.0,117.0,-164.5,9.0,0.0,71.0,142.0,59.0,-105.3,18.0
2020-05-09,yemen,150.0,12.0,45.0,-209.4,1.0,2.0,1.0,33.0,7.0,58.5,0.0
2020-05-10,drc,10.0,0.0,0.0,31.6,0.0,0.0,0.0,2.0,1.0,-2.1,0.0
2020-05-10,europe_east,306.0,44.0,35.0,258.6,0.0,0.0,16.0,15.0,8.0,-9.6,0.0
2020-05-10,iran,1044.0,174.0,231.0,-330.7,1.0,4.0,103.0,332.0,152.0,-161.1,54.0
2020-05-10,israel,2128.0,334.0,277.0,920.6,11.0,1.0,143.0,315.0,126.0,-159.1,13.0
2020-05-10,korea,376.0,42.0,40.0,357.5,3.0,0.0,28.0,17.0,0.0,37.0,0.0
2020-05-10,libya,377.0,55.0,174.0,-1307.4,2.0,4.0,15.0,7.0,7.0,-67.2,1.0
2020-05-10,scs,1216.0,130.0,136.0,1442.5,0.0,11.0,65.0,51.0,11.0,138.5,3.0
2020-05-10,southasia,7253.0,863.0,866.0,5843.4,10.0,25.0,368.0,53.0,15.0,76.9,5.0
2020-05-10,sudan,159.0,18.0,53.0,-289.8,0.0,3.0,16.0,4.0,2.0,2.0,0.0
2020-05-10,taiwan,199.0,15.0,16.0,345.0,3.0,1.0,7.0,35.0,2.0,124.6,1.0
2020-05-10,ukraine,192.0,23.0,32.0,33.7,0.0,0.0,15.0,22.0,13.0,-66.3,1.0
2020-05-10,venezuela,355.0,54.0,83.0,-217.0,5.0,0.0,55.0,58.0,20.0,19.7,4.0
2020-05-10,yemen,199.0,35.0,54.0,-236.6,1.0,0.0,10.0,64.0,11.0,118.4,0.0
2020-05-11,drc,29.0,3.0,5.0,30.2,0.0,0.0,4.0,0.0,0.0,0.0,0.0
2020-05-11,europe_east,871.0,80.0,67.0,1141.3,1.0,0.0,27.0,48.0,19.0,-106.6,0.0
2020-05-11,iran,1588.0,222.0,440.0,-1897.7,9.0,6.0,83.0,266.0,140.0,-398.9,36.0
2020-05-11,israel,2883.0,448.0,578.0,-1059.7,14.0,8.0,255.0,418.0,205.0,-589.8,38.0
2020-05-11,korea,861.0,97.0,90.0,678.4,6.0,1.0,50.0,77.0,19.0,65.6,6.0
2020-05-11,libya,337.0,41.0,134.0,-861.0,1.0,0.0,19.0,6.0,5.0,-40.2,1.0
2020-05-11,scs,2006.0,217.0,234.0,2307.6,2.0,4.0,111.0,91.0,38.0,16.4,4.0
2020-05-11,southasia,7688.0,954.0,901.0,5652.9,12.0,22.0,349.0,28.0,1.0,74.0,0.0
2020-05-11,sudan,341.0,28.0,124.0,-585.8,3.0,7.0,32.0,6.0,2.0,-3.6,0.0
2020-05-11,taiwan,490.0,62.0,19.0,733.0,0.0,0.0,7.0,145.0,31.0,192.1,0.0
2020-05-11,ukraine,430.0,36.0,82.0,187.0,0.0,8.0,34.0,41.0,8.0,4.2,0.0
2020-05-11,venezuela,555.0,78.0,105.0,172.6,4.0,0.0,59.0,61.0,16.0,-7.3,2.0
2020-05-11,yemen,212.0,40.0,41.0,-63.4,2.0,0.0,18.0,79.0,15.0,164.1,2.0
2020-05-12,drc,47.0,5.0,14.0,-4.2,0.0,0.0,11.0,8.0,6.0,-35.5,3.0
2020-05-12,europe_east,686.0,68.0,55.0,1000.0,0.0,0.0,36.0,56.0,10.0,111.0,3.0
2020-05-12,iran,1302.0,150.0,247.0,222.0,5.0,4.0,66.0,272.0,102.0,8.6,24.0
2020-05-12,israel,3270.0,476.0,626.0,-349.4,24.0,4.0,282.0,583.0,293.0,-985.1,56.0
2020-05-12,korea,780.0,101.0,96.0,539.0,1.0,3.0,50.0,45.0,20.0,4.4,2.0
2020-05-12,libya,321.0,46.0,75.0,-151.4,0.0,4.0,12.0,0.0,0.0,0.0,0.0
2020-05-12,scs,2012.0,213.0,233.0,2570.5,4.0,5.0,116.0,77.0,38.0,-77.1,10.0
2020-05-12,southasia,8278.0,1060.0,829.0,7965.2,11.0,9.0,343.0,15.0,7.0,-2.3,0.0
2020-05-12,sudan,329.0,31.0,63.0,41.8,1.0,0.0,16.0,0.0,0.0,0.0,0.0
2020-05-12,taiwan,583.0,79.0,30.0,884.1,0.0,3.0,18.0,147.0,43.0,213.9,5.0
2020-05-12,ukraine,577.0,52.0,67.0,672.6,1.0,0.0,24.0,72.0,24.0,-31.8,6.0
2020-05-12,venezuela,420.0,58.0,70.0,100.2,2.0,0.0,31.0,74.0,28.0,-33.2,8.0
2020-05-12,yemen,299.0,46.0,77.0,-275.5,1.0,1.0,18.0,54.0,20.0,-23.0,0.0
2020-05-13,drc,37.0,2.0,11.0,-67.9,0.0,0.0,0.0,2.0,0.0,4.7,0.0
2020-05-13,europe_east,808.0,74.0,59.0,1516.7,1.0,2.0,30.0,40.0,9.0,60.9,3.0
2020-05-13,iran,1341.0,189.0,208.0,179.7,0.0,4.0,60.0,322.0,89.0,195.7,2.0
2020-05-13,israel,4593.0,668.0,868.0,-824.0,18.0,3.0,261.0,1147.0,500.0,-1673.6,46.0
2020-05-13,korea,835.0,94.0,103.0,676.6,7.0,3.0,34.0,27.0,16.0,-74.4,1.0
2020-05-13,libya,306.0,27.0,93.0,-400.9,2.0,2.0,11.0,4.0,4.0,-40.0,0.0
2020-05-13,scs,1805.0,233.0,242.0,1348.4,6.0,4.0,133.0,141.0,58.0,-16.1,13.0
2020-05-13,southasia,7832.0,1029.0,804.0,7310.0,17.0,41.0,302.0,16.0,7.0,-18.8,1.0
2020-05-13,sudan,364.0,38.0,110.0,-292.3,2.0,1.0,36.0,0.0,0.0,0.0,0.0
2020-05-13,taiwan,609.0,95.0,40.0,831.4,1.0,0.0,16.0,137.0,51.0,-9.2,14.0
2020-05-13,ukraine,769.0,101.0,97.0,674.1,1.0,0.0,65.0,65.0,23.0,91.0,2.0
2020-05-13,venezuela,327.0,34.0,58.0,148.9,1.0,1.0,30.0,59.0,32.0,-94.9,15.0
2020-05-13,yemen,173.0,40.0,44.0,-316.3,2.0,0.0,5.0,36.0,21.0,-81.1,1.0
2020-05-14,drc,6.0,0.0,2.0,-16.1,0.0,0.0,1.0,0.0,0.0,0.0,0.0
2020-05-14,europe_east,937.0,99.0,74.0,1515.2,0.0,3.0,38.0,42.0,17.0,-20.7,3.0
2020-05-14,iran,1098.0,204.0,176.0,-0.5,9.0,0.0,73.0,287.0,103.0,-0.4,5.0
2020-05-14,israel,4341.0,658.0,694.0,1244.8,20.0,7.0,260.0,910.0,394.0,-1129.4,47.0
2020-05-14,korea,709.0,98.0,62.0,708.6,5.0,1.0,35.0,30.0,1.0,66.2,0.0
2020-05-14,libya,263.0,40.0,73.0,-256.1,5.0,1.0,8.0,4.0,4.0,-39.0,0.0
2020-05-14,scs,1908.0,219.0,215.0,1975.5,7.0,1.0,114.0,116.0,24.0,210.2,1.0
2020-05-14,southasia,8152.0,1088.0,898.0,7211.7,16.0,30.0,362.0,11.0,3.0,-5.2,0.0
2020-05-14,sudan,476.0,61.0,129.0,-591.3,0.0,1.0,26.0,4.0,4.0,-20.0,0.0
2020-05-14,taiwan,536.0,78.0,49.0,487.1,0.0,1.0,27.0,182.0,67.0,-19.4,11.0
2020-05-14,ukraine,767.0,84.0,115.0,745.2,0.0,0.0,71.0,88.0,38.0,-40.7,15.0
2020-05-14,venezuela,422.0,51.0,62.0,338.5,0.0,0.0,40.0,94.0,41.0,-31.9,24.0
2020-05-14,yemen,389.0,63.0,62.0,281.3,2.0,1.0,8.0,47.0,20.0,-62.0,5.0
2020-05-15,drc,32.0,4.0,8.0,-15.6,0.0,0.0,8.0,0.0,0.0,0.0,0.0
2020-05-15,europe_east,1137.0,74.0,68.0,2567.1,2.0,1.0,23.0,36.0,14.0,-69.9,4.0
2020-05-15,iran,860.0,143.0,168.0,-314.4,4.0,5.0,73.0,175.0,88.0,-308.6,11.0
2020-05-15,israel,2889.0,375.0,518.0,75.4,4.0,9.0,171.0,568.0,247.0,-877.1,40.0
2020-05-15,korea,623.0,65.0,65.0,601.3,6.0,3.0,33.0,32.0,13.0,-22.5,2.0
2020-05-15,libya,282.0,35.0,41.0,210.7,0.0,2.0,9.0,2.0,2.0,-10.0,0.0
2020-05-15,scs,1987.0,209.0,275.0,1554.2,0.0,4.0,144.0,127.0,57.0,-81.6,10.0
2020-05-15,southasia,7442.0,952.0,793.0,7169.9,13.0,7.0,356.0,14.0,1.0,40.8,0.0
2020-05-15,sudan,296.0,35.0,78.0,-164.2,0.0,0.0,23.0,2.0,0.0,4.7,0.0
2020-05-15,taiwan,771.0,102.0,56.0,1138.6,0.0,1.0,36.0,201.0,86.0,-18.4,6.0
2020-05-15,ukraine,871.0,88.0,104.0,841.4,0.0,0.0,51.0,86.0,33.0,6.1,9.0
2020-05-15,venezuela,385.0,48.0,64.0,95.2,3.0,0.0,36.0,94.0,15.0,140.1,6.0
2020-05-15,yemen,302.0,40.0,84.0,-363.2,3.0,1.0,9.0,57.0,29.0,-87.4,2.0
2020-05-16,drc,8.0,0.0,1.0,20.3,0.0,0.0,1.0,8.0,0.0,0.0,0.0
2020-05-16,europe_east,637.0,68.0,54.0,1031.6,1.0,2.0,22.0,24.0,0.0,77.9,0.0
2020-05-16,iran,870.0,151.0,160.0,-33.0,4.0,2.0,99.0,135.0,55.0,-107.7,10.0
2020-05-16,israel,1595.0,263.0,244.0,-253.1,10.0,4.0,96.0,334.0,111.0,-136.0,19.0
2020-05-16,korea,342.0,31.0,51.0,297.8,1.0,2.0,16.0,28.0,19.0,-70.3,1.0
2020-05-16,libya,154.0,6.0,43.0,-123.7,2.0,5.0,5.0,0.0,0.0,0.0,0.0
2020-05-16,scs,1274.0,136.0,160.0,1311.9,3.0,1.0,82.0,33.0,12.0,7.5,0.0
2020-05-16,southasia,6600.0,768.0,789.0,6255.2,20.0,46.0,326.0,21.0,1.0,38.9,0.0
2020-05-16,sudan,176.0,21.0,36.0,-18.0,0.0,0.0,6.0,0.0,0.0,0.0,0.0
2020-05-16,taiwan,419.0,52.0,22.0,735.9,2.0,0.0,11.0,130.0,52.0,-33.3,8.0
2020-05-16,ukraine,463.0,59.0,40.0,393.9,0.0,0.0,21.0,62.0,20.0,-15.3,1.0
2020-05-16,venezuela,256.0,42.0,48.0,-84.0,3.0,0.0,18.0,20.0,5.0,28.1,2.0
2020-05-16,yemen,110.0,14.0,30.0,-101.3,0.0,0.0,8.0,14.0,6.0,3.3,3.0
2020-05-17,drc,38.0,5.0,11.0,-34.3,0.0,0.0,3.0,9.0,6.0,-60.0,0.0
2020-05-17,europe_east,543.0,60.0,34.0,954.1,0.0,0.0,21.0,9.0,0.0,49.6,0.0
2020-05-17,iran,922.0,169.0,160.0,-216.1,4.0,0.0,68.0,177.0,86.0,-269.4,7.0
2020-05-17,israel,2426.0,393.0,418.0,-778.2,10.0,10.0,106.0,360.0,195.0,-928.2,17.0
2020-05-17,korea,402.0,41.0,52.0,273.5,1.0,3.0,9.0,43.0,11.0,3.6,0.0
2020-05-17,libya,276.0,20.0,103.0,-524.1,2.0,7.0,16.0,8.0,8.0,-80.0,0.0
2020-05-17,scs,1232.0,140.0,90.0,1591.8,3.0,0.0,34.0,62.0,37.0,-45.8,1.0
2020-05-17,southasia,5806.0,787.0,734.0,3631.8,21.0,29.0,306.0,12.0,10.0,-76.8,0.0
2020-05-17,sudan,204.0,17.0,70.0,-363.6,0.0,3.0,10.0,0.0,0.0,0.0,0.0
2020-05-17,taiwan,449.0,63.0,25.0,562.2,0.0,0.0,17.0,122.0,23.0,192.1,0.0
2020-05-17,ukraine,341.0,68.0,49.0,-4.6,0.0,0.0,16.0,26.0,21.0,-120.4,2.0
2020-05-17,venezuela,267.0,34.0,30.0,184.4,0.0,1.0,20.0,39.0,21.0,-109.8,0.0
2020-05-17,yemen,226.0,23.0,79.0,-502.0,1.0,1.0,9.0,27.0,15.0,-100.3,3.0
2020-05-18,drc,58.0,13.0,19.0,-118.8,0.0,0.0,3.0,0.0,0.0,0.0,0.0
2020-05-18,europe_east,1007.0,82.0,61.0,1929.0,0.0,0.0,39.0,47.0,33.0,-74.9,10.0
2020-05-18,iran,1477.0,320.0,222.0,-170.5,9.0,4.0,89.0,293.0,149.0,-204.7,17.0
2020-05-18,israel,3334.0,498.0,683.0,-1581.3,20.0,8.0,221.0,590.0,324.0,-1540.0,55.0
2020-05-18,korea,642.0,77.0,66.0,703.1,1.0,0.0,15.0,56.0,19.0,-52.3,1.0
2020-05-18,libya,360.0,31.0,124.0,-447.7,1.0,2.0,24.0,8.0,7.0,-69.6,0.0
2020-05-18,scs,1798.0,180.0,171.0,2385.9,2.0,5.0,91.0,67.0,13.0,121.6,1.0
2020-05-18,southasia,7388.0,989.0,761.0,6876.0,14.0,34.0,332.0,34.0,13.0,-9.1,2.0
2020-05-18,sudan,340.0,34.0,71.0,5.7,2.0,3.0,23.0,7.0,2.0,-8.7,0.0
2020-05-18,taiwan,810.0,160.0,45.0,919.4,0.0,1.0,25.0,224.0,79.0,122.1,9.0
2020-05-18,ukraine,675.0,97.0,88.0,487.2,0.0,0.0,43.0,64.0,41.0,-183.4,6.0
2020-05-18,venezuela,314.0,69.0,40.0,26.3,1.0,0.0,22.0,47.0,25.0,-122.5,2.0
2020-05-18,yemen,274.0,41.0,92.0,-725.6,5.0,1.0,8.0,74.0,47.0,-324.6,3.0
2020-05-19,drc,43.0,5.0,22.0,-159.3,0.0,1.0,14.0,1.0,0.0,7.0,0.0
2020-05-19,europe_east,773.0,69.0,47.0,1525.3,1.0,1.0,21.0,34.0,17.0,18.2,0.0
2020-05-19,iran,1268.0,252.0,256.0,-1015.0,22.0,1.0,106.0,305.0,187.0,-671.7,10.0
2020-05-19,israel,3143.0,461.0,536.0,169.1,14.0,8.0,178.0,657.0,304.0,-826.9,56.0
2020-05-19,korea,714.0,126.0,47.0,853.2,0.0,0.0,26.0,21.0,3.0,-3.3,0.0
2020-05-19,libya,438.0,64.0,136.0,-643.9,2.0,3.0,35.0,6.0,4.0,-43.5,0.0
2020-05-19,scs,2062.0,218.0,186.0,2799.1,1.0,2.0,112.0,57.0,17.0,7.6,0.0
2020-05-19,southasia,8463.0,1229.0,1095.0,4104.0,15.0,67.0,343.0,27.0,18.0,-97.8,2.0
2020-05-19,sudan,492.0,57.0,93.0,-2.6,2.0,0.0,29.0,3.0,1.0,-5.3,0.0
2020-05-19,taiwan,723.0,152.0,37.0,821.3,2.0,2.0,26.0,168.0,75.0,-39.3,5.0
2020-05-19,ukraine,772.0,127.0,86.0,659.7,1.0,0.0,51.0,123.0,47.0,-21.5,9.0
2020-05-19,venezuela,411.0,69.0,68.0,151.2,1.0,1.0,46.0,53.0,21.0,-37.4,10.0
2020-05-19,yemen,237.0,41.0,45.0,-151.5,7.0,0.0,11.0,78.0,27.0,-67.2,2.0
2020-05-20,drc,46.0,8.0,17.0,-162.2,0.0,0.0,6.0,9.0,3.0,4.4,3.0
2020-05-20,europe_east,813.0,70.0,88.0,1057.1,5.0,2.0,56.0,21.0,13.0,-55.0,2.0
2020-05-20,iran,1652.0,341.0,303.0,-171.4,37.0,4.0,152.0,405.0,223.0,-723.5,22.0
2020-05-20,israel,3717.0,661.0,525.0,542.6,13.0,6.0,193.0,690.0,273.0,-338.7,27.0
2020-05-20,korea,831.0,93.0,62.0,1367.4,1.0,2.0,40.0,53.0,3.0,160.8,0.0
2020-05-20,libya,343.0,50.0,87.0,-358.2,3.0,2.0,21.0,1.0,0.0,10.0,0.0
2020-05-20,scs,2092.0,179.0,225.0,2548.8,1.0,2.0,124.0,69.0,29.0,18.7,18.0
2020-05-20,southasia,8282.0,1212.0,906.0,5657.7,15.0,61.0,335.0,28.0,14.0,-35.4,3.0
2020-05-20,sudan,366.0,51.0,86.0,-296.7,0.0,1.0,24.0,0.0,0.0,0.0,0.0
2020-05-20,taiwan,908.0,207.0,28.0,1127.8,1.0,0.0,14.0,368.0,161.0,164.7,6.0
2020-05-20,ukraine,1132.0,153.0,115.0,1396.3,2.0,2.0,42.0,140.0,59.0,-129.9,6.0
2020-05-20,venezuela,465.0,86.0,63.0,137.8,1.0,1.0,42.0,73.0,28.0,-18.4,4.0
2020-05-20,yemen,189.0,26.0,45.0,-205.4,0.0,0.0,15.0,59.0,13.0,55.4,3.0
2020-05-21,drc,50.0,5.0,11.0,-12.4,0.0,0.0,3.0,5.0,3.0,-19.0,0.0
2020-05-21,europe_east,880.0,98.0,86.0,1199.3,0.0,6.0,48.0,126.0,34.0,94.6,7.0
2020-05-21,iran,1734.0,310.0,289.0,259.3,24.0,0.0,149.0,418.0,254.0,-1028.0,23.0
2020-05-21,israel,3891.0,668.0,591.0,576.4,22.0,17.0,195.0,831.0,347.0,-567.5,38.0
2020-05-21,korea,948.0,64.0,109.0,1327.2,1.0,2.0,56.0,71.0,21.0,29.7,3.0
2020-05-21,libya,637.0,72.0,158.0,-231.3,6.0,6.0,21.0,15.0,13.0,-114.7,2.0
2020-05-21,scs,1909.0,243.0,185.0,2117.6,1.0,2.0,71.0,116.0,52.0,-92.7,17.0
2020-05-21,southasia,8291.0,1147.0,1018.0,4859.7,12.0,30.0,405.0,27.0,14.0,-73.7,0.0
2020-05-21,sudan,480.0,57.0,118.0,-19.2,3.0,1.0,21.0,2.0,0.0,7.4,0.0
2020-05-21,taiwan,628.0,129.0,24.0,766.0,4.0,0.0,12.0,219.0,114.0,-29.3,5.0
2020-05-21,ukraine,4464.0,489.0,588.0,4512.3,7.0,13.0,262.0,867.0,261.0,597.6,93.0
2020-05-21,venezuela,687.0,118.0,87.0,320.2,4.0,0.0,62.0,104.0,47.0,-167.4,2.0
2020-05-21,yemen,201.0,24.0,38.0,-63.4,2.0,1.0,14.0,42.0,14.0,3.9,2.0
2020-05-22,drc,24.0,5.0,4.0,-24.7,0.0,0.0,1.0,0.0,0.0,0.0,0.0
2020-05-22,europe_east,655.0,51.0,53.0,956.7,0.0,2.0,27.0,28.0,5.0,44.8,0.0
2020-05-22,iran,1099.0,262.0,191.0,-444.0,5.0,5.0,97.0,336.0,171.0,-361.6,11.0
2020-05-22,israel,3192.0,619.0,456.0,341.1,12.0,20.0,169.0,725.0,285.0,-127.7,37.0
2020-05-22,korea,592.0,80.0,66.0,477.3,0.0,0.0,30.0,26.0,2.0,51.6,1.0
2020-05-22,libya,346.0,36.0,90.0,-69.9,1.0,2.0,23.0,5.0,2.0,-5.4,0.0
2020-05-22,scs,1785.0,200.0,169.0,2224.6,6.0,5.0,73.0,59.0,25.0,-8.2,6.0
2020-05-22,southasia,8248.0,1052.0,915.0,6632.5,23.0,30.0,304.0,37.0,12.0,30.9,2.0
2020-05-22,sudan,452.0,57.0,90.0,170.4,2.0,2.0,19.0,5.0,0.0,20.5,0.0
2020-05-22,taiwan,562.0,114.0,32.0,614.2,0.0,1.0,15.0,251.0,90.0,109.7,5.0
2020-05-22,ukraine,710.0,91.0,93.0,467.5,2.0,2.0,34.0,90.0,42.0,-90.5,2.0
2020-05-22,venezuela,358.0,51.0,57.0,132.8,2.0,0.0,39.0,42.0,15.0,-8.5,4.0
2020-05-22,yemen,308.0,39.0,73.0,-183.8,4.0,3.0,21.0,67.0,21.0,-7.8,1.0
2020-05-23,drc,12.0,2.0,0.0,-7.7,0.0,0.0,0.0,2.0,0.0,4.7,0.0
2020-05-23,europe_east,451.0,55.0,55.0,259.9,5.0,1.0,20.0,26.0,18.0,-73.4,0.0
2020-05-23,iran,692.0,123.0,118.0,-100.5,7.0,1.0,51.0,181.0,102.0,-372.7,2.0
2020-05-23,israel,1638.0,287.0,240.0,767.9,6.0,1.0,114.0,302.0,128.0,-90.3,15.0
2020-05-23,korea,408.0,28.0,39.0,581.2,0.0,7.0,16.0,17.0,5.0,5.2,1.0
2020-05-23,libya,284.0,40.0,63.0,-74.1,0.0,1.0,11.0,4.0,1.0,12.7,0.0
2020-05-23,scs,1296.0,146.0,158.0,798.6,0.0,0.0,59.0,45.0,16.0,22.0,3.0
2020-05-23,southasia,6658.0,910.0,612.0,5756.8,18.0,21.0,262.0,21.0,11.0,-38.1,0.0
2020-05-23,sudan,212.0,53.0,42.0,-167.6,0.0,1.0,11.0,9.0,1.0,47.7,0.0
2020-05-23,taiwan,310.0,51.0,25.0,261.9,0.0,0.0,13.0,74.0,19.0,33.8,6.0
2020-05-23,ukraine,354.0,56.0,71.0,-194.2,0.0,0.0,28.0,24.0,11.0,-28.9,0.0
2020-05-23,venezuela,235.0,40.0,35.0,82.6,1.0,2.0,18.0,35.0,11.0,19.2,3.0
2020-05-23,yemen,186.0,14.0,66.0,-340.3,0.0,0.0,10.0,42.0,14.0,-11.8,1.0
2020-05-24,drc,14.0,5.0,0.0,-1.7,0.0,0.0,0.0,0.0,0.0,0.0,0.0
2020-05-24,europe_east,312.0,29.0,26.0,291.7,0.0,0.0,9.0,18.0,10.0,-27.3,0.0
2020-05-24,iran,875.0,178.0,140.0,-206.1,12.0,8.0,60.0,225.0,116.0,-393.8,2.0
2020-05-24,israel,2672.0,533.0,420.0,383.9,20.0,7.0,208.0,305.0,101.0,161.8,17.0
2020-05-24,korea,595.0,44.0,62.0,927.0,1.0,15.0,22.0,59.0,12.0,30.6,1.0
2020-05-24,libya,300.0,26.0,63.0,49.9,0.0,2.0,15.0,2.0,1.0,-2.0,0.0
2020-05-24,scs,1235.0,104.0,98.0,1826.4,1.0,0.0,35.0,28.0,2.0,75.2,2.0
2020-05-24,southasia,6151.0,774.0,610.0,5856.0,27.0,22.0,245.0,31.0,10.0,19.1,2.0
2020-05-24,sudan,224.0,26.0,25.0,171.3,0.0,0.0,14.0,0.0,0.0,0.0,0.0
2020-05-24,taiwan,177.0,22.0,20.0,187.0,0.0,1.0,15.0,45.0,16.0,-17.7,7.0
2020-05-24,ukraine,230.0,45.0,70.0,-472.1,0.0,0.0,35.0,19.0,13.0,-84.5,0.0
2020-05-24,venezuela,368.0,65.0,56.0,106.0,5.0,6.0,37.0,68.0,46.0,-221.2,0.0
2020-05-24,yemen,92.0,9.0,11.0,74.8,0.0,0.0,6.0,17.0,9.0,-37.6,0.0
2020-05-25,drc,24.0,2.0,2.0,50.8,0.0,0.0,1.0,0.0,0.0,0.0,0.0
2020-05-25,europe_east,577.0,59.0,46.0,1042.0,0.0,1.0,25.0,21.0,6.0,74.3,0.0
2020-05-25,iran,782.0,160.0,122.0,-148.2,8.0,2.0,54.0,151.0,73.0,-234.4,2.0
2020-05-25,israel,2746.0,474.0,520.0,-578.0,14.0,0.0,224.0,489.0,208.0,-383.2,24.0
2020-05-25,korea,565.0,41.0,46.0,1052.6,1.0,2.0,18.0,59.0,7.0,78.8,2.0
2020-05-25,libya,393.0,48.0,67.0,240.8,0.0,2.0,18.0,10.0,2.0,15.5,0.0
2020-05-25,scs,1880.0,208.0,216.0,1570.9,7.0,0.0,58.0,118.0,57.0,-78.0,10.0
2020-05-25,southasia,6768.0,831.0,729.0,5138.8,26.0,36.0,251.0,43.0,15.0,-74.8,4.0
2020-05-25,sudan,408.0,78.0,72.0,-146.8,0.0,1.0,20.0,2.0,1.0,-1.7,0.0
2020-05-25,taiwan,359.0,69.0,36.0,237.9,7.0,1.0,26.0,193.0,67.0,143.9,12.0
2020-05-25,ukraine,522.0,72.0,79.0,286.2,2.0,0.0,33.0,55.0,25.0,-67.0,1.0
2020-05-25,venezuela,388.0,42.0,40.0,394.0,4.0,0.0,31.0,87.0,23.0,-25.4,0.0
2020-05-25,yemen,77.0,16.0,19.0,-100.1,1.0,0.0,5.0,18.0,10.0,-11.4,0.0
2020-05-26,drc,14.0,2.0,3.0,18.0,0.0,0.0,3.0,0.0,0.0,0.0,0.0
2020-05-26,europe_east,917.0,73.0,82.0,1644.9,0.0,1.0,54.0,18.0,3.0,40.5,0.0
2020-05-26,iran,858.0,156.0,131.0,52.2,13.0,3.0,70.0,170.0,65.0,-45.6,13.0
2020-05-26,israel,2616.0,451.0,434.0,-135.1,8.0,8.0,199.0,420.0,171.0,-305.5,45.0
2020-05-26,korea,673.0,71.0,75.0,472.4,3.0,1.0,27.0,58.0,14.0,47.7,0.0
2020-05-26,libya,617.0,67.0,118.0,45.2,0.0,15.0,15.0,15.0,5.0,-0.6,0.0
2020-05-26,scs,1966.0,206.0,175.0,2478.5,2.0,0.0,72.0,33.0,18.0,-47.7,3.0
2020-05-26,southasia,7699.0,1140.0,817.0,5287.5,8.0,48.0,385.0,38.0,17.0,-70.3,1.0
2020-05-26,sudan,373.0,49.0,63.0,26.1,3.0,1.0,29.0,6.0,1.0,28.9,0.0
2020-05-26,taiwan,380.0,49.0,31.0,503.3,3.0,0.0,10.0,86.0,29.0,-42.2,13.0
2020-05-26,ukraine,516.0,50.0,73.0,641.6,0.0,1.0,38.0,69.0,21.0,6.3,1.0
2020-05-26,venezuela,536.0,80.0,57.0,423.4,3.0,2.0,31.0,77.0,25.0,-26.2,1.0
2020-05-26,yemen,194.0,11.0,49.0,-27.6,3.0,0.0,8.0,20.0,6.0,6.2,2.0
2020-05-27,drc,55.0,16.0,15.0,-138.3,1.0,0.0,3.0,4.0,4.0,-39.5,0.0
2020-05-27,europe_east,773.0,102.0,51.0,1314.9,0.0,1.0,30.0,14.0,0.0,91.0,0.0
2020-05-27,iran,1523.0,294.0,215.0,640.4,11.0,3.0,126.0,280.0,115.0,4.0,25.0
2020-05-27,israel,3239.0,545.0,420.0,1540.8,8.0,14.0,227.0,442.0,176.0,-244.2,40.0
2020-05-27,korea,672.0,81.0,94.0,318.3,2.0,1.0,39.0,40.0,11.0,57.0,0.0
2020-05-27,libya,493.0,40.0,130.0,-247.7,1.0,19.0,18.0,9.0,2.0,19.9,0.0
2020-05-27,scs,2220.0,229.0,259.0,1946.9,6.0,3.0,88.0,75.0,36.0,-72.5,14.0
2020-05-27,southasia,8292.0,1313.0,970.0,3867.6,28.0,54.0,334.0,70.0,35.0,-116.4,4.0
2020-05-27,sudan,279.0,54.0,32.0,65.4,0.0,2.0,10.0,8.0,2.0,21.0,0.0
2020-05-27,taiwan,402.0,81.0,51.0,185.8,3.0,5.0,18.0,176.0,91.0,-313.6,13.0
2020-05-27,ukraine,601.0,79.0,99.0,360.4,2.0,0.0,65.0,44.0,13.0,27.1,3.0
2020-05-27,venezuela,661.0,102.0,94.0,511.1,1.0,0.0,70.0,126.0,42.0,19.5,29.0
2020-05-27,yemen,221.0,33.0,81.0,-497.5,6.0,0.0,21.0,52.0,23.0,-55.8,4.0
2020-05-28,drc,43.0,12.0,23.0,-254.0,3.0,0.0,2.0,7.0,7.0,-44.5,5.0
2020-05-28,europe_east,1009.0,127.0,68.0,1637.3,0.0,4.0,24.0,33.0,7.0,46.9,0.0
2020-05-28,iran,1409.0,273.0,248.0,137.9,5.0,1.0,113.0,218.0,97.0,3.7,7.0
2020-05-28,israel,2383.0,381.0,326.0,794.6,12.0,3.0,158.0,439.0,179.0,-182.6,40.0
2020-05-28,korea,830.0,76.0,143.0,658.3,0.0,2.0,91.0,55.0,22.0,40.2,8.0
2020-05-28,libya,640.0,50.0,147.0,-2.2,2.0,5.0,25.0,6.0,0.0,23.5,0.0
2020-05-28,scs,2265.0,235.0,280.0,2087.3,11.0,4.0,138.0,106.0,52.0,-83.2,16.0
2020-05-28,southasia,8148.0,1143.0,971.0,4119.5,37.0,37.0,340.0,63.0,36.0,-122.4,2.0
2020-05-28,sudan,441.0,32.0,96.0,213.9,0.0,4.0,38.0,12.0,3.0,30.3,0.0
2020-05-28,taiwan,410.0,74.0,37.0,306.5,2.0,1.0,17.0,178.0,74.0,-97.4,19.0
2020-05-28,ukraine,542.0,61.0,48.0,909.9,1.0,0.0,27.0,78.0,17.0,129.8,1.0
2020-05-28,venezuela,468.0,70.0,73.0,51.3,5.0,3.0,48.0,79.0,29.0,-62.5,7.0
2020-05-28,yemen,241.0,33.0,51.0,-160.2,4.0,0.0,10.0,42.0,13.0,-22.6,2.0
2020-05-29,drc,27.0,3.0,9.0,-67.4,0.0,0.0,1.0,10.0,4.0,-5.9,4.0
2020-05-29,europe_east,757.0,62.0,52.0,1372.2,0.0,3.0,19.0,22.0,7.0,12.3,0.0
2020-05-29,iran,1189.0,187.0,210.0,244.6,2.0,2.0,89.0,147.0,71.0,-181.4,6.0
2020-05-29,israel,1908.0,289.0,293.0,386.4,17.0,17.0,98.0,319.0,153.0,-430.9,35.0
2020-05-29,korea,769.0,131.0,100.0,417.1,8.0,0.0,64.0,71.0,40.0,-94.9,9.0
2020-05-29,libya,592.0,58.0,158.0,-553.4,1.0,7.0,14.0,3.0,3.0,-23.0,0.0
2020-05-29,scs,1823.0,162.0,206.0,2082.9,8.0,0.0,95.0,124.0,46.0,-101.5,6.0
2020-05-29,southasia,8822.0,1158.0,1171.0,4644.2,24.0,38.0,484.0,59.0,37.0,-174.0,2.0
2020-05-29,sudan,422.0,39.0,76.0,309.0,0.0,4.0,19.0,8.0,0.0,38.3,0.0
2020-05-29,taiwan,493.0,94.0,58.0,260.9,21.0,0.0,36.0,183.0,90.0,-119.5,33.0
2020-05-29,ukraine,634.0,82.0,86.0,253.2,1.0,0.0,30.0,77.0,34.0,-103.5,2.0
2020-05-29,venezuela,385.0,72.0,64.0,-46.3,1.0,1.0,47.0,51.0,14.0,33.5,1.0
2020-05-29,yemen,236.0,24.0,41.0,17.7,4.0,0.0,11.0,77.0,13.0,72.2,0.0
2020-05-30,drc,11.0,2.0,1.0,0.7,0.0,0.0,0.0,8.0,0.0,18.8,0.0
2020-05-30,europe_east,352.0,55.0,33.0,385.6,0.0,0.0,22.0,10.0,7.0,-31.0,1.0
2020-05-30,iran,923.0,169.0,143.0,710.8,1.0,4.0,70.0,97.0,57.0,-198.5,3.0
2020-05-30,israel,1493.0,278.0,307.0,-991.8,9.0,7.0,94.0,292.0,175.0,-807.8,18.0
2020-05-30,korea,374.0,70.0,47.0,269.7,3.0,1.0,28.0,11.0,11.0,-31.0,1.0
2020-05-30,libya,365.0,45.0,78.0,-228.9,0.0,5.0,15.0,1.0,0.0,3.0,0.0
2020-05-30,scs,1223.0,134.0,132.0,1299.8,2.0,0.0,73.0,58.0,25.0,-26.4,6.0
2020-05-30,southasia,6661.0,869.0,874.0,3406.2,17.0,16.0,342.0,39.0,13.0,-9.9,4.0
2020-05-30,sudan,273.0,40.0,60.0,-55.3,0.0,4.0,24.0,5.0,1.0,26.3,0.0
2020-05-30,taiwan,363.0,54.0,34.0,348.9,8.0,0.0,20.0,76.0,30.0,-44.7,10.0
2020-05-30,ukraine,218.0,25.0,28.0,125.1,0.0,0.0,7.0,13.0,11.0,-78.5,0.0
2020-05-30,venezuela,286.0,55.0,47.0,-116.3,2.0,0.0,23.0,42.0,10.0,21.0,2.0
2020-05-30,yemen,135.0,10.0,15.0,237.4,0.0,0.0,5.0,43.0,4.0,89.7,0.0
2020-05-31,drc,6.0,1.0,0.0,2.0,0.0,0.0,0.0,0.0,0.0,0.0,0.0
2020-05-31,europe_east,323.0,36.0,34.0,490.0,2.0,0.0,23.0,28.0,11.0,-43.5,0.0
2020-05-31,iran,802.0,140.0,174.0,-529.1,2.0,1.0,48.0,142.0,65.0,-10.6,5.0
2020-05-31,israel,2094.0,433.0,398.0,-1624.7,2.0,3.0,141.0,271.0,177.0,-830.5,29.0
2020-05-31,korea,458.0,56.0,58.0,566.9,2.0,0.0,35.0,22.0,12.0,-63.4,3.0
2020-05-31,libya,371.0,54.0,86.0,-186.3,1.0,2.0,17.0,0.0,0.0,0.0,0.0
2020-05-31,scs,1232.0,116.0,144.0,1534.7,0.0,2.0,68.0,34.0,12.0,23.8,8.0
2020-05-31,southasia,6068.0,881.0,830.0,2482.8,16.0,33.0,422.0,101.0,49.0,-209.7,24.0
2020-05-31,sudan,266.0,32.0,53.0,36.9,0.0,3.0,22.0,4.0,3.0,-13.7,0.0
2020-05-31,taiwan,188.0,21.0,23.0,137.9,2.0,0.0,8.0,36.0,13.0,-21.6,0.0
2020-05-31,ukraine,296.0,35.0,65.0,27.4,0.0,0.0,41.0,44.0,24.0,-36.9,19.0
2020-05-31,venezuela,156.0,32.0,26.0,-38.4,0.0,0.0,18.0,17.0,10.0,-21.6,1.0
2020-05-31,yemen,87.0,7.0,12.0,130.8,0.0,0.0,5.0,18.0,5.0,-1.6,0.0
2020-06-01,drc,52.0,0.0,22.0,-117.8,0.0,0.0,12.0,0.0,0.0,0.0,0.0
2020-06-01,europe_east,604.0,52.0,51.0,1322.5,2.0,2.0,28.0,20.0,0.0,49.6,0.0
2020-06-01,iran,1077.0,235.0,223.0,-1051.4,11.0,2.0,74.0,334.0,168.0,-578.4,23.0
2020-06-01,israel,2952.0,559.0,485.0,-516.3,6.0,1.0,174.0,530.0,250.0,-642.2,43.0
2020-06-01,korea,632.0,95.0,51.0,748.6,6.0,5.0,18.0,27.0,14.0,-59.8,1.0
2020-06-01,libya,453.0,45.0,169.0,-1027.2,2.0,9.0,25.0,0.0,0.0,0.0,0.0
2020-06-01,scs,1865.0,253.0,170.0,2061.6,1.0,1.0,80.0,43.0,30.0,-151.4,4.0
2020-06-01,southasia,7447.0,1145.0,1009.0,2947.1,26.0,40.0,425.0,105.0,52.0,-193.2,23.0
2020-06-01,sudan,303.0,30.0,40.0,403.5,0.0,2.0,21.0,5.0,0.0,28.0,0.0
2020-06-01,taiwan,283.0,28.0,23.0,446.7,3.0,0.0,14.0,71.0,25.0,1.0,3.0
2020-06-01,ukraine,622.0,61.0,88.0,792.9,2.0,0.0,63.0,116.0,54.0,-99.0,19.0
2020-06-01,venezuela,255.0,40.0,31.0,85.9,4.0,0.0,17.0,44.0,25.0,-110.3,8.0
2020-06-01,yemen,212.0,29.0,48.0,-32.1,1.0,0.0,26.0,90.0,40.0,-72.7,12.0
2020-06-02,drc,99.0,0.0,8.0,98.1,0.0,0.0,4.0,16.0,0.0,49.4,0.0
2020-06-02,europe_east,895.0,88.0,92.0,1112.5,2.0,1.0,30.0,24.0,9.0,11.5,2.0
2020-06-02,iran,1164.0,200.0,260.0,-358.1,4.0,1.0,129.0,349.0,138.0,-104.4,43.0
2020-06-02,israel,2756.0,512.0,417.0,-301.4,13.0,13.0,167.0,377.0,207.0,-873.6,50.0
2020-06-02,korea,610.0,91.0,66.0,661.2,6.0,1.0,27.0,34.0,15.0,-31.4,1.0
2020-06-02,libya,474.0,34.0,79.0,460.2,2.0,11.0,12.0,1.0,1.0,-9.5,0.0
2020-06-02,scs,1773.0,233.0,179.0,1760.4,3.0,8.0,94.0,43.0,12.0,12.2,2.0
2020-06-02,southasia,8127.0,1101.0,1035.0,4578.0,21.0,50.0,407.0,48.0,31.0,-131.5,7.0
2020-06-02,sudan,466.0,67.0,110.0,-221.0,1.0,3.0,37.0,15.0,7.0,-12.6,0.0
2020-06-02,taiwan,346.0,35.0,26.0,505.0,2.0,2.0,15.0,70.0,24.0,-5.4,4.0
2020-06-02,ukraine,582.0,58.0,100.0,262.6,1.0,2.0,30.0,146.0,70.0,-159.2,23.0
2020-06-02,venezuela,260.0,42.0,47.0,24.8,1.0,1.0,30.0,49.0,27.0,-107.8,8.0
2020-06-02,yemen,374.0,32.0,44.0,596.7,1.0,0.0,11.0,191.0,29.0,521.0,1.0
2020-06-03,drc,55.0,6.0,16.0,-44.0,0.0,0.0,0.0,14.0,4.0,8.0,0.0
2020-06-03,europe_east,763.0,83.0,51.0,1258.7,5.0,1.0,31.0,52.0,11.0,100.6,1.0
2020-06-03,iran,1086.0,181.0,211.0,-67.5,5.0,7.0,80.0,250.0,84.0,17.4,11.0
2020-06-03,israel,3090.0,547.0,448.0,475.4,9.0,6.0,169.0,426.0,207.0,-697.9,35.0
2020-06-03,korea,572.0,66.0,47.0,1037.0,1.0,1.0,31.0,22.0,3.0,28.5,3.0
2020-06-03,libya,535.0,45.0,134.0,18.0,4.0,10.0,29.0,9.0,9.0,-80.5,0.0
2020-06-03,scs,2266.0,301.0,328.0,1084.1,13.0,5.0,121.0,63.0,13.0,27.4,2.0
2020-06-03,southasia,7763.0,1051.0,1068.0,2834.7,20.0,47.0,374.0,34.0,17.0,-87.3,6.0
2020-06-03,sudan,557.0,96.0,157.0,-1001.2,1.0,6.0,37.0,17.0,13.0,-61.5,0.0
2020-06-03,taiwan,327.0,55.0,29.0,235.8,7.0,0.0,20.0,141.0,59.0,86.1,16.0
2020-06-03,ukraine,719.0,108.0,91.0,511.1,2.0,2.0,27.0,139.0,67.0,-171.1,9.0
2020-06-03,venezuela,229.0,29.0,50.0,44.7,0.0,0.0,23.0,39.0,31.0,-139.2,0.0
2020-06-03,yemen,412.0,53.0,58.0,250.6,8.0,3.0,15.0,113.0,19.0,237.8,3.0
2020-06-04,drc,36.0,3.0,16.0,-100.8,0.0,0.0,5.0,3.0,3.0,-6.0,0.0
2020-06-04,europe_east,661.0,88.0,51.0,924.1,1.0,2.0,24.0,47.0,8.0,79.3,2.0
2020-06-04,iran,1759.0,320.0,340.0,512.4,9.0,0.0,223.0,728.0,271.0,482.4,145.0
2020-06-04,israel,3178.0,622.0,568.0,-1183.4,9.0,4.0,214.0,587.0,275.0,-742.4,43.0
2020-06-04,korea,1023.0,181.0,170.0,356.7,5.0,2.0,125.0,126.0,69.0,-70.0,20.0
2020-06-04,libya,645.0,52.0,178.0,-324.7,4.0,13.0,36.0,12.0,8.0,-55.7,0.0
2020-06-04,scs,2154.0,331.0,229.0,1763.6,0.0,2.0,130.0,89.0,18.0,133.8,3.0
2020-06-04,southasia,8028.0,1137.0,1011.0,4962.7,11.0,36.0,425.0,38.0,26.0,-155.0,8.0
2020-06-04,sudan,619.0,97.0,146.0,-688.3,0.0,2.0,31.0,16.0,10.0,-41.9,0.0
2020-06-04,taiwan,440.0,71.0,35.0,342.1,1.0,1.0,17.0,229.0,68.0,198.9,11.0
2020-06-04,ukraine,660.0,75.0,91.0,609.0,0.0,4.0,48.0,94.0,31.0,92.0,10.0
2020-06-04,venezuela,321.0,44.0,48.0,192.6,0.0,0.0,36.0,52.0,23.0,-5.0,5.0
2020-06-04,yemen,126.0,16.0,5.0,292.5,0.0,0.0,0.0,38.0,4.0,80.2,0.0
2020-06-05,drc,40.0,3.0,21.0,-159.2,1.0,0.0,4.0,7.0,0.0,24.0,0.0
2020-06-05,europe_east,749.0,74.0,42.0,1623.4,1.0,1.0,19.0,32.0,6.0,86.7,0.0
2020-06-05,iran,2408.0,307.0,376.0,4309.7,11.0,3.0,259.0,762.0,240.0,1065.5,114.0
2020-06-05,israel,2460.0,422.0,445.0,-1160.3,6.0,7.0,159.0,494.0,254.0,-1145.6,38.0
2020-06-05,korea,866.0,159.0,83.0,685.3,2.0,1.0,53.0,137.0,72.0,-185.0,9.0
2020-06-05,libya,761.0,84.0,186.0,-159.7,6.0,10.0,35.0,26.0,16.0,-96.3,3.0
2020-06-05,scs,2073.0,342.0,262.0,1179.2,7.0,1.0,149.0,48.0,13.0,105.8,8.0
2020-06-05,southasia,7207.0,1121.0,864.0,4299.7,10.0,25.0,331.0,44.0,21.0,-72.7,1.0
2020-06-05,sudan,345.0,40.0,56.0,184.2,4.0,7.0,11.0,4.0,2.0,-8.3,0.0
2020-06-05,taiwan,454.0,48.0,32.0,727.4,2.0,0.0,15.0,166.0,37.0,142.6,11.0
2020-06-05,ukraine,909.0,119.0,115.0,734.1,0.0,5.0,47.0,95.0,24.0,194.9,3.0
2020-06-05,venezuela,374.0,78.0,62.0,-138.8,1.0,0.0,47.0,84.0,31.0,7.1,1.0
2020-06-05,yemen,166.0,16.0,35.0,42.4,0.0,1.0,12.0,59.0,9.0,121.0,0.0
2020-06-06,drc,50.0,10.0,21.0,-211.0,1.0,0.0,3.0,0.0,0.0,0.0,0.0
2020-06-06,europe_east,544.0,76.0,53.0,424.9,0.0,4.0,18.0,18.0,6.0,11.5,2.0
2020-06-06,iran,1485.0,196.0,235.0,2403.4,6.0,1.0,161.0,315.0,124.0,219.1,34.0
2020-06-06,israel,1505.0,320.0,237.0,-806.7,3.0,7.0,87.0,335.0,148.0,-341.2,16.0
2020-06-06,korea,530.0,85.0,78.0,-5.1,1.0,1.0,38.0,107.0,55.0,-285.3,2.0
2020-06-06,libya,625.0,56.0,133.0,182.5,9.0,1.0,21.0,13.0,7.0,-6.2,1.0
2020-06-06,scs,1408.0,188.0,254.0,330.2,4.0,6.0,142.0,28.0,6.0,39.9,2.0
2020-06-06,southasia,6189.0,951.0,810.0,2571.9,11.0,25.0,324.0,29.0,15.0,-56.9,6.0
2020-06-06,sudan,142.0,12.0,23.0,119.3,0.0,0.0,8.0,2.0,0.0,0.0,0.0
2020-06-06,taiwan,283.0,44.0,20.0,359.0,0.0,0.0,11.0,77.0,23.0,17.5,5.0
2020-06-06,ukraine,290.0,49.0,46.0,29.5,0.0,0.0,24.0,41.0,8.0,82.5,0.0
2020-06-06,venezuela,179.0,38.0,20.0,-41.2,1.0,1.0,15.0,27.0,16.0,-87.5,3.0
2020-06-06,yemen,101.0,26.0,31.0,-247.2,0.0,0.0,4.0,16.0,15.0,-141.5,1.0
2020-06-07,drc,44.0,10.0,6.0,70.8,0.0,0.0,0.0,9.0,0.0,63.0,0.0
2020-06-07,europe_east,476.0,58.0,55.0,407.4,1.0,0.0,17.0,41.0,15.0,-25.1,0.0
2020-06-07,iran,924.0,152.0,214.0,-287.3,6.0,1.0,87.0,244.0,98.0,102.7,5.0
2020-06-07,israel,2362.0,422.0,461.0,-1432.2,9.0,4.0,149.0,415.0,240.0,-1108.3,30.0
2020-06-07,korea,375.0,62.0,29.0,292.6,0.0,0.0,9.0,41.0,15.0,-69.7,0.0
2020-06-07,libya,778.0,60.0,140.0,596.3,6.0,4.0,27.0,10.0,7.0,-35.6,3.0
2020-06-07,scs,1209.0,187.0,150.0,656.4,3.0,5.0,86.0,41.0,13.0,24.0,2.0
2020-06-07,southasia,5629.0,917.0,784.0,742.2,8.0,19.0,340.0,19.0,6.0,7.1,2.0
2020-06-07,sudan,256.0,22.0,53.0,85.5,0.0,0.0,12.0,3.0,3.0,-30.0,0.0
2020-06-07,taiwan,174.0,22.0,5.0,343.9,1.0,1.0,3.0,36.0,17.0,17.9,0.0
2020-06-07,ukraine,209.0,28.0,50.0,-27.1,0.0,1.0,25.0,35.0,17.0,-86.1,0.0
2020-06-07,venezuela,96.0,21.0,13.0,55.2,0.0,0.0,13.0,11.0,8.0,-34.3,0.0
2020-06-07,yemen,80.0,9.0,33.0,-259.0,0.0,0.0,5.0,11.0,3.0,14.6,0.0
2020-06-08,drc,35.0,6.0,10.0,-17.6,0.0,0.0,6.0,2.0,2.0,-4.0,0.0
2020-06-08,europe_east,659.0,63.0,65.0,1065.4,1.0,2.0,21.0,40.0,6.0,87.3,2.0
2020-06-08,iran,1365.0,250.0,239.0,535.5,7.0,3.0,130.0,482.0,208.0,194.9,49.0
2020-06-08,israel,2788.0,474.0,443.0,424.0,11.0,7.0,179.0,404.0,205.0,-648.7,45.0
2020-06-08,korea,952.0,191.0,81.0,654.8,0.0,1.0,50.0,132.0,52.0,-51.7,5.0
2020-06-08,libya,766.0,95.0,158.0,-144.3,7.0,7.0,38.0,5.0,0.0,18.2,0.0
2020-06-08,scs,2196.0,363.0,244.0,1227.9,3.0,4.0,145.0,67.0,21.0,15.4,7.0
2020-06-08,southasia,7924.0,1246.0,1081.0,1736.2,20.0,32.0,412.0,94.0,43.0,-163.2,21.0
2020-06-08,sudan,332.0,30.0,45.0,272.6,3.0,2.0,8.0,8.0,6.0,-41.6,3.0
2020-06-08,taiwan,286.0,30.0,19.0,542.0,0.0,0.0,10.0,80.0,30.0,60.6,0.0
2020-06-08,ukraine,552.0,61.0,77.0,471.0,1.0,6.0,39.0,93.0,38.0,-47.1,18.0
2020-06-08,venezuela,158.0,37.0,12.0,58.7,0.0,0.0,6.0,32.0,23.0,-77.7,3.0
2020-06-08,yemen,127.0,20.0,31.0,-167.3,1.0,2.0,7.0,32.0,16.0,-55.5,3.0
2020-06-09,drc,67.0,12.0,8.0,64.0,0.0,0.0,4.0,0.0,0.0,0.0,0.0
2020-06-09,europe_east,694.0,48.0,60.0,1194.6,1.0,6.0,20.0,15.0,0.0,59.8,0.0
2020-06-09,iran,1385.0,207.0,355.0,-960.0,12.0,0.0,190.0,389.0,207.0,-495.7,48.0
2020-06-09,israel,3047.0,527.0,404.0,631.8,8.0,4.0,166.0,580.0,237.0,-451.5,50.0
2020-06-09,korea,1320.0,281.0,175.0,-62.1,2.0,0.0,118.0,395.0,159.0,-251.9,17.0
2020-06-09,libya,648.0,86.0,95.0,366.3,0.0,5.0,14.0,12.0,4.0,-1.5,0.0
2020-06-09,scs,2041.0,325.0,234.0,1258.4,3.0,4.0,107.0,223.0,85.0,184.0,5.0
2020-06-09,southasia,8514.0,1356.0,1035.0,3256.3,15.0,24.0,370.0,59.0,34.0,-147.9,10.0
2020-06-09,sudan,806.0,86.0,131.0,812.3,2.0,0.0,61.0,6.0,2.0,-4.6,2.0
2020-06-09,taiwan,393.0,49.0,20.0,640.4,4.0,1.0,10.0,106.0,45.0,-65.1,10.0
2020-06-09,ukraine,752.0,74.0,89.0,918.9,0.0,2.0,46.0,78.0,24.0,64.4,6.0
2020-06-09,venezuela,223.0,24.0,31.0,225.4,4.0,0.0,16.0,33.0,8.0,20.2,0.0
2020-06-09,yemen,108.0,9.0,24.0,-34.0,0.0,0.0,8.0,39.0,22.0,-93.9,1.0
2020-06-10,drc,34.0,2.0,9.0,-2.5,0.0,0.0,1.0,0.0,0.0,0.0,0.0
2020-06-10,europe_east,820.0,86.0,48.0,1686.5,0.0,5.0,28.0,31.0,12.0,49.7,0.0
2020-06-10,iran,1156.0,189.0,246.0,-293.5,3.0,3.0,119.0,243.0,109.0,-99.9,16.0
2020-06-10,israel,3588.0,620.0,423.0,1667.5,5.0,2.0,200.0,689.0,263.0,-386.1,43.0
2020-06-10,korea,1050.0,145.0,169.0,388.0,5.0,0.0,95.0,180.0,71.0,-159.3,11.0
2020-06-10,libya,690.0,61.0,84.0,788.6,0.0,5.0,12.0,3.0,3.0,-29.0,0.0
2020-06-10,scs,2593.0,361.0,258.0,2310.0,7.0,5.0,137.0,227.0,36.0,386.1,2.0
2020-06-10,southasia,7997.0,1234.0,1124.0,1805.3,19.0,34.0,374.0,49.0,28.0,-134.4,5.0
2020-06-10,sudan,795.0,84.0,140.0,643.9,1.0,0.0,58.0,2.0,1.0,-2.0,1.0
2020-06-10,taiwan,390.0,43.0,43.0,457.2,2.0,1.0,27.0,68.0,25.0,-4.3,9.0
2020-06-10,ukraine,607.0,77.0,63.0,709.9,0.0,0.0,35.0,72.0,31.0,-144.2,7.0
2020-06-10,venezuela,187.0,26.0,25.0,158.0,0.0,0.0,20.0,44.0,21.0,-63.9,3.0
2020-06-10,yemen,137.0,17.0,30.0,-12.3,0.0,0.0,8.0,26.0,6.0,15.8,1.0
2020-06-11,drc,52.0,15.0,7.0,11.3,7.0,0.0,2.0,0.0,0.0,0.0,0.0
2020-06-11,europe_east,1009.0,98.0,93.0,1476.0,2.0,6.0,30.0,47.0,23.0,-124.2,3.0
2020-06-11,iran,1276.0,185.0,229.0,58.7,7.0,0.0,129.0,292.0,128.0,-135.8,16.0
2020-06-11,israel,3474.0,664.0,537.0,-286.5,17.0,6.0,217.0,537.0,222.0,-425.5,25.0
2020-06-11,korea,944.0,208.0,101.0,387.6,2.0,11.0,61.0,248.0,118.0,-236.3,11.0
2020-06-11,libya,760.0,98.0,107.0,453.8,1.0,4.0,17.0,4.0,2.0,-14.3,0.0
2020-06-11,scs,2286.0,291.0,253.0,2082.6,4.0,5.0,117.0,154.0,49.0,44.8,6.0
2020-06-11,southasia,7670.0,1217.0,1011.0,2134.4,5.0,26.0,375.0,24.0,19.0,-70.0,4.0
2020-06-11,sudan,765.0,84.0,91.0,1198.5,0.0,0.0,33.0,5.0,0.0,21.4,0.0
2020-06-11,taiwan,359.0,53.0,19.0,547.7,0.0,0.0,13.0,72.0,23.0,89.3,5.0
2020-06-11,ukraine,760.0,75.0,86.0,694.0,3.0,1.0,36.0,79.0,12.0,182.1,3.0
2020-06-11,venezuela,182.0,27.0,16.0,211.7,0.0,0.0,8.0,47.0,13.0,60.9,0.0
2020-06-11,yemen,112.0,21.0,28.0,-157.1,0.0,1.0,2.0,32.0,15.0,-19.3,0.0
2020-06-12,drc,63.0,11.0,5.0,71.8,3.0,0.0,3.0,0.0,0.0,0.0,0.0
2020-06-12,europe_east,858.0,90.0,64.0,1553.0,1.0,5.0,27.0,42.0,7.0,61.6,0.0
2020-06-12,iran,956.0,192.0,157.0,-245.2,2.0,4.0,81.0,152.0,59.0,-3.2,9.0
2020-06-12,israel,2600.0,540.0,365.0,-365.0,19.0,6.0,141.0,407.0,149.0,-292.8,21.0
2020-06-12,korea,1022.0,201.0,75.0,910.1,5.0,14.0,32.0,221.0,82.0,-44.3,13.0
2020-06-12,libya,573.0,80.0,120.0,-208.8,2.0,1.0,32.0,8.0,3.0,-13.4,0.0
2020-06-12,scs,2598.0,394.0,304.0,1693.6,5.0,4.0,147.0,175.0,42.0,178.9,7.0
2020-06-12,southasia,7640.0,1173.0,1220.0,446.8,17.0,37.0,491.0,61.0,27.0,-121.2,2.0
2020-06-12,sudan,454.0,53.0,64.0,447.7,0.0,1.0,23.0,14.0,5.0,1.1,1.0
2020-06-12,taiwan,431.0,73.0,47.0,335.8,3.0,0.0,26.0,119.0,64.0,-202.3,17.0
2020-06-12,ukraine,967.0,128.0,117.0,856.8,0.0,0.0,44.0,128.0,43.0,58.0,9.0
2020-06-12,venezuela,324.0,41.0,35.0,356.1,0.0,0.0,30.0,78.0,39.0,-180.2,3.0
2020-06-12,yemen,126.0,14.0,26.0,-32.6,0.0,0.0,5.0,22.0,9.0,-32.8,2.0
2020-06-13,drc,42.0,9.0,2.0,111.9,0.0,0.0,1.0,9.0,0.0,63.0,0.0
2020-06-13,europe_east,487.0,48.0,49.0,550.8,0.0,2.0,32.0,26.0,5.0,33.5,4.0
2020-06-13,iran,789.0,141.0,149.0,204.9,5.0,1.0,69.0,104.0,52.0,-83.4,3.0
2020-06-13,israel,1372.0,236.0,214.0,-300.4,10.0,5.0,67.0,211.0,89.0,-279.2,7.0
2020-06-13,korea,737.0,187.0,88.0,-169.6,5.0,4.0,58.0,197.0,70.0,-28.3,7.0
2020-06-13,libya,550.0,52.0,111.0,3.4,3.0,3.0,19.0,2.0,2.0,-20.0,0.0
2020-06-13,scs,1465.0,204.0,163.0,993.7,3.0,3.0,90.0,90.0,24.0,93.9,9.0
2020-06-13,southasia,6321.0,909.0,830.0,2615.6,9.0,33.0,336.0,24.0,14.0,-112.2,0.0
2020-06-13,sudan,318.0,45.0,54.0,355.2,0.0,2.0,12.0,3.0,0.0,13.4,0.0
2020-06-13,taiwan,212.0,43.0,22.0,80.3,3.0,0.0,13.0,50.0,29.0,-101.2,17.0
2020-06-13,ukraine,326.0,57.0,34.0,228.1,0.0,0.0,9.0,37.0,9.0,7.2,0.0
2020-06-13,venezuela,266.0,43.0,54.0,-80.6,2.0,0.0,48.0,50.0,20.0,-61.0,8.0
2020-06-13,yemen,85.0,16.0,19.0,-96.9,0.0,0.0,4.0,11.0,6.0,-20.5,0.0
2020-06-14,drc,33.0,4.0,0.0,128.0,0.0,0.0,0.0,9.0,0.0,63.0,0.0
2020-06-14,europe_east,460.0,46.0,74.0,131.4,5.0,3.0,28.0,12.0,1.0,33.4,1.0
2020-06-14,iran,815.0,109.0,168.0,19.0,7.0,2.0,56.0,105.0,51.0,-142.7,0.0
2020-06-14,israel,1901.0,330.0,326.0,-391.5,11.0,1.0,120.0,261.0,127.0,-425.8,16.0
2020-06-14,korea,824.0,185.0,74.0,349.3,6.0,1.0,51.0,223.0,60.0,145.9,5.0
2020-06-14,libya,517.0,66.0,96.0,-70.5,6.0,1.0,25.0,1.0,1.0,-9.5,0.0
2020-06-14,scs,1444.0,195.0,153.0,1193.2,4.0,5.0,61.0,59.0,24.0,-6.4,4.0
2020-06-14,southasia,5821.0,793.0,759.0,2619.9,19.0,12.0,255.0,52.0,31.0,-200.5,4.0
2020-06-14,sudan,271.0,27.0,43.0,288.6,0.0,1.0,18.0,1.0,0.0,5.0,0.0
2020-06-14,taiwan,204.0,28.0,31.0,106.4,0.0,0.0,24.0,34.0,14.0,-6.2,5.0
2020-06-14,ukraine,192.0,47.0,17.0,34.2,0.0,0.0,9.0,28.0,11.0,-27.2,1.0
2020-06-14,venezuela,235.0,42.0,51.0,-78.6,0.0,0.0,44.0,48.0,26.0,-94.8,9.0
2020-06-14,yemen,72.0,9.0,28.0,-163.7,2.0,0.0,5.0,27.0,16.0,-75.5,0.0
2020-06-15,drc,14.0,0.0,2.0,15.2,0.0,0.0,1.0,5.0,0.0,13.8,0.0
2020-06-15,europe_east,1067.0,135.0,145.0,715.4,0.0,15.0,75.0,81.0,26.0,31.8,10.0
2020-06-15,iran,982.0,196.0,169.0,-74.9,0.0,1.0,101.0,174.0,98.0,-364.2,13.0
2020-06-15,israel,2994.0,549.0,432.0,319.7,12.0,1.0,196.0,448.0,175.0,-297.6,27.0
2020-06-15,korea,1314.0,244.0,142.0,780.3,12.0,6.0,75.0,273.0,70.0,208.3,14.0
2020-06-15,libya,600.0,63.0,128.0,132.1,2.0,12.0,34.0,11.0,11.0,-107.0,0.0
2020-06-15,scs,2565.0,475.0,358.0,1328.1,7.0,5.0,254.0,50.0,20.0,-18.7,2.0
2020-06-15,southasia,7188.0,1120.0,939.0,2841.3,16.0,27.0,380.0,98.0,60.0,-233.1,13.0
2020-06-15,sudan,527.0,75.0,137.0,-283.4,0.0,1.0,66.0,6.0,3.0,-8.0,0.0
2020-06-15,taiwan,327.0,25.0,39.0,432.0,0.0,0.0,14.0,53.0,6.0,116.1,0.0
2020-06-15,ukraine,867.0,146.0,113.0,747.0,3.0,1.0,71.0,113.0,46.0,-9.7,9.0
2020-06-15,venezuela,289.0,42.0,29.0,378.5,0.0,0.0,21.0,54.0,16.0,63.2,0.0
2020-06-15,yemen,167.0,31.0,51.0,-262.3,0.0,0.0,8.0,41.0,25.0,-93.2,2.0
2020-06-16,drc,46.0,6.0,13.0,-8.8,0.0,1.0,7.0,3.0,0.0,4.7,0.0
2020-06-16,europe_east,880.0,113.0,69.0,1382.1,0.0,6.0,28.0,51.0,24.0,-36.7,6.0
2020-06-16,iran,1340.0,247.0,212.0,334.3,1.0,2.0,109.0,211.0,107.0,-231.1,16.0
2020-06-16,israel,3102.0,561.0,470.0,58.8,16.0,11.0,176.0,575.0,261.0,-653.0,36.0
2020-06-16,korea,2264.0,387.0,314.0,980.4,26.0,17.0,164.0,698.0,271.0,-192.2,73.0
2020-06-16,libya,531.0,77.0,106.0,-193.5,0.0,3.0,14.0,0.0,0.0,0.0,0.0
2020-06-16,scs,2571.0,349.0,375.0,1865.2,3.0,5.0,199.0,83.0,25.0,52.6,1.0
2020-06-16,southasia,8755.0,1247.0,1369.0,1429.9,20.0,47.0,372.0,85.0,44.0,-138.7,3.0
2020-06-16,sudan,469.0,61.0,86.0,309.1,4.0,0.0,41.0,2.0,2.0,-20.0,0.0
2020-06-16,taiwan,346.0,52.0,25.0,473.8,1.0,0.0,8.0,76.0,27.0,19.4,3.0
2020-06-16,ukraine,785.0,100.0,110.0,580.5,4.0,3.0,65.0,55.0,31.0,-94.2,12.0
2020-06-16,venezuela,286.0,42.0,37.0,284.9,0.0,0.0,34.0,71.0,40.0,-46.3,3.0
2020-06-16,yemen,215.0,27.0,75.0,-412.5,1.0,0.0,10.0,53.0,37.0,-220.1,0.0
2020-06-17,drc,71.0,11.0,18.0,-78.2,0.0,0.0,5.0,3.0,1.0,-4.8,0.0
2020-06-17,europe_east,989.0,83.0,93.0,1994.8,3.0,4.0,44.0,45.0,10.0,78.8,5.0
2020-06-17,iran,1242.0,206.0,205.0,789.0,2.0,0.0,99.0,173.0,70.0,29.2,21.0
2020-06-17,israel,2865.0,491.0,434.0,621.0,9.0,8.0,203.0,457.0,195.0,-480.8,38.0
2020-06-17,korea,2248.0,507.0,338.0,54.4,33.0,57.0,113.0,603.0,262.0,-121.1,56.0
2020-06-17,libya,512.0,57.0,78.0,219.3,1.0,9.0,10.0,1.0,0.0,3.4,0.0
2020-06-17,scs,2261.0,308.0,287.0,1158.2,3.0,2.0,131.0,49.0,12.0,52.2,4.0
2020-06-17,southasia,9260.0,1339.0,1281.0,2600.3,18.0,48.0,322.0,46.0,29.0,-163.1,0.0
2020-06-17,sudan,435.0,55.0,74.0,343.1,2.0,0.0,38.0,6.0,1.0,13.0,0.0
2020-06-17,taiwan,360.0,44.0,25.0,492.0,1.0,0.0,12.0,63.0,34.0,-32.7,5.0
2020-06-17,ukraine,903.0,115.0,119.0,582.0,0.0,4.0,61.0,62.0,19.0,-17.5,1.0
2020-06-17,venezuela,378.0,72.0,51.0,175.3,1.0,0.0,42.0,64.0,31.0,-49.7,6.0
2020-06-17,yemen,177.0,31.0,46.0,-178.7,0.0,0.0,18.0,36.0,21.0,-97.7,0.0
2020-06-18,drc,45.0,1.0,11.0,-30.7,0.0,0.0,8.0,0.0,0.0,0.0,0.0
2020-06-18,europe_east,1194.0,126.0,81.0,2301.3,3.0,4.0,42.0,126.0,39.0,17.3,6.0
2020-06-18,iran,1114.0,198.0,257.0,-899.8,9.0,5.0,69.0,109.0,48.0,-59.1,2.0
2020-06-18,israel,2658.0,463.0,350.0,986.3,17.0,5.0,146.0,510.0,171.0,36.7,11.0
2020-06-18,korea,1497.0,288.0,209.0,366.9,20.0,14.0,99.0,345.0,140.0,-140.3,26.0
2020-06-18,libya,654.0,65.0,112.0,336.5,2.0,9.0,30.0,2.0,2.0,-20.0,0.0
2020-06-18,scs,2175.0,267.0,329.0,1010.4,4.0,6.0,123.0,41.0,11.0,0.6,2.0
2020-06-18,southasia,9253.0,1430.0,1328.0,1993.8,21.0,50.0,389.0,23.0,15.0,-106.9,0.0
2020-06-18,sudan,417.0,65.0,67.0,194.9,0.0,0.0,32.0,2.0,1.0,-9.6,0.0
2020-06-18,taiwan,384.0,55.0,47.0,267.2,7.0,1.0,22.0,87.0,31.0,-19.8,5.0
2020-06-18,ukraine,1067.0,184.0,123.0,391.3,0.0,0.0,71.0,88.0,23.0,35.1,2.0
2020-06-18,venezuela,457.0,34.0,74.0,344.9,0.0,0.0,61.0,77.0,19.0,12.4,5.0
2020-06-18,yemen,132.0,17.0,22.0,45.8,1.0,0.0,9.0,36.0,11.0,-21.2,2.0
2020-06-19,drc,71.0,7.0,13.0,-25.9,0.0,0.0,1.0,7.0,3.0,-15.3,2.0
2020-06-19,europe_east,881.0,151.0,108.0,633.3,3.0,9.0,63.0,134.0,42.0,99.8,5.0
2020-06-19,iran,1310.0,243.0,179.0,1157.5,4.0,1.0,98.0,148.0,66.0,27.6,15.0
2020-06-19,israel,2483.0,401.0,324.0,984.1,4.0,3.0,136.0,383.0,153.0,-191.1,16.0
2020-06-19,korea,1243.0,248.0,119.0,805.4,13.0,18.0,44.0,238.0,82.0,149.0,3.0
2020-06-19,libya,706.0,58.0,113.0,768.0,2.0,8.0,27.0,4.0,2.0,-13.2,0.0
2020-06-19,scs,1895.0,235.0,235.0,1593.0,3.0,3.0,127.0,39.0,9.0,110.9,1.0
2020-06-19,southasia,10041.0,1558.0,1481.0,1626.1,27.0,44.0,461.0,26.0,13.0,-63.6,2.0
2020-06-19,sudan,448.0,77.0,77.0,-72.3,1.0,5.0,16.0,3.0,0.0,5.1,0.0
2020-06-19,taiwan,299.0,59.0,34.0,123.5,0.0,0.0,20.0,88.0,37.0,-49.2,5.0
2020-06-19,ukraine,942.0,162.0,124.0,381.1,7.0,1.0,84.0,85.0,48.0,-197.2,9.0
2020-06-19,venezuela,439.0,52.0,98.0,123.4,0.0,2.0,51.0,87.0,36.0,-22.6,8.0
2020-06-19,yemen,158.0,10.0,36.0,18.5,0.0,4.0,5.0,47.0,15.0,-31.4,0.0
2020-06-20,drc,61.0,11.0,16.0,-57.8,0.0,0.0,10.0,5.0,0.0,9.7,0.0
2020-06-20,europe_east,565.0,79.0,96.0,272.7,6.0,5.0,46.0,53.0,6.0,145.4,0.0
2020-06-20,iran,1038.0,205.0,179.0,73.7,2.0,2.0,72.0,134.0,49.0,16.4,7.0
2020-06-20,israel,1297.0,214.0,175.0,385.8,3.0,0.0,77.0,210.0,86.0,-78.1,16.0
2020-06-20,korea,514.0,126.0,54.0,175.8,2.0,3.0,25.0,139.0,56.0,38.5,0.0
2020-06-20,libya,607.0,96.0,114.0,-62.0,0.0,5.0,27.0,2.0,0.0,4.7,0.0
2020-06-20,scs,1471.0,169.0,161.0,1165.9,13.0,2.0,53.0,46.0,30.0,-94.6,6.0
2020-06-20,southasia,7530.0,1221.0,1283.0,-961.5,35.0,20.0,443.0,75.0,53.0,-337.4,14.0
2020-06-20,sudan,260.0,60.0,24.0,315.4,0.0,1.0,9.0,0.0,0.0,0.0,0.0
2020-06-20,taiwan,237.0,56.0,19.0,193.6,0.0,0.0,5.0,71.0,36.0,-16.9,5.0
2020-06-20,ukraine,602.0,87.0,103.0,5.8,0.0,1.0,57.0,45.0,28.0,-160.4,3.0
2020-06-20,venezuela,195.0,33.0,27.0,13.2,0.0,2.0,10.0,51.0,19.0,-43.5,1.0
2020-06-20,yemen,116.0,22.0,39.0,-255.2,0.0,2.0,2.0,15.0,5.0,-7.4,0.0
2020-06-21,drc,49.0,9.0,14.0,-47.8,0.0,0.0,11.0,12.0,0.0,33.8,0.0
2020-06-21,europe_east,283.0,31.0,39.0,153.0,0.0,4.0,14.0,14.0,4.0,5.7,0.0
2020-06-21,iran,804.0,150.0,127.0,-116.7,2.0,0.0,47.0,164.0,60.0,74.6,0.0
2020-06-21,israel,1728.0,318.0,236.0,510.2,3.0,6.0,105.0,325.0,140.0,-133.2,24.0
2020-06-21,korea,665.0,128.0,85.0,299.5,6.0,6.0,41.0,137.0,66.0,-137.9,10.0
2020-06-21,libya,627.0,119.0,128.0,-389.9,11.0,1.0,35.0,2.0,0.0,0.0,0.0
2020-06-21,scs,1157.0,145.0,130.0,917.0,1.0,3.0,55.0,24.0,6.0,44.2,2.0
2020-06-21,southasia,6000.0,814.0,1068.0,-827.2,23.0,30.0,287.0,42.0,22.0,-124.8,3.0
2020-06-21,sudan,252.0,37.0,34.0,335.7,3.0,3.0,9.0,5.0,2.0,7.0,2.0
2020-06-21,taiwan,220.0,26.0,10.0,442.7,1.0,0.0,3.0,38.0,11.0,48.1,2.0
2020-06-21,ukraine,428.0,58.0,70.0,94.6,0.0,0.0,41.0,44.0,18.0,-41.1,7.0
2020-06-21,venezuela,153.0,17.0,29.0,84.1,2.0,1.0,19.0,29.0,7.0,22.6,0.0
2020-06-21,yemen,226.0,53.0,56.0,-264.1,0.0,3.0,11.0,26.0,10.0,13.8,0.0
2020-06-22,drc,27.0,2.0,9.0,-24.5,0.0,0.0,1.0,13.0,5.0,-7.0,2.0
2020-06-22,europe_east,679.0,66.0,47.0,1277.6,0.0,2.0,27.0,32.0,2.0,54.9,1.0
2020-06-22,iran,1137.0,151.0,176.0,555.2,2.0,4.0,73.0,192.0,76.0,-78.1,4.0
2020-06-22,israel,3073.0,541.0,503.0,17.2,13.0,12.0,214.0,571.0,266.0,-728.0,43.0
2020-06-22,korea,1387.0,241.0,198.0,432.1,3.0,8.0,88.0,330.0,130.0,-114.7,16.0
2020-06-22,libya,957.0,192.0,187.0,-517.5,19.0,6.0,46.0,2.0,1.0,-5.0,1.0
2020-06-22,scs,1879.0,266.0,236.0,1211.8,4.0,2.0,88.0,119.0,44.0,69.8,8.0
2020-06-22,southasia,8716.0,1240.0,1351.0,2782.0,29.0,52.0,459.0,79.0,48.0,-286.6,7.0
2020-06-22,sudan,516.0,69.0,91.0,329.7,2.0,0.0,31.0,2.0,2.0,-14.0,2.0
2020-06-22,taiwan,312.0,49.0,31.0,264.6,0.0,3.0,12.0,75.0,30.0,-26.7,10.0
2020-06-22,ukraine,739.0,111.0,117.0,99.8,1.0,3.0,52.0,69.0,39.0,-203.8,7.0
2020-06-22,venezuela,646.0,81.0,65.0,740.8,3.0,0.0,38.0,201.0,34.0,353.1,5.0
2020-06-22,yemen,286.0,63.0,46.0,18.9,0.0,4.0,9.0,72.0,27.0,93.2,1.0
2020-06-23,drc,61.0,10.0,11.0,4.7,2.0,0.0,11.0,13.0,2.0,23.1,0.0
2020-06-23,europe_east,893.0,105.0,75.0,1283.3,1.0,7.0,39.0,49.0,35.0,-172.1,5.0
2020-06-23,iran,1077.0,185.0,168.0,554.9,2.0,1.0,82.0,227.0,85.0,35.8,2.0
2020-06-23,israel,3117.0,602.0,473.0,-215.3,7.0,2.0,142.0,659.0,290.0,-716.3,21.0
2020-06-23,korea,1348.0,231.0,151.0,1042.5,26.0,13.0,73.0,249.0,102.0,-146.4,24.0
2020-06-23,libya,1034.0,190.0,154.0,95.0,10.0,9.0,37.0,9.0,5.0,-19.1,1.0
2020-06-23,scs,2260.0,254.0,244.0,2255.1,2.0,4.0,110.0,78.0,20.0,55.3,2.0
2020-06-23,southasia,8734.0,1322.0,1241.0,3221.3,24.0,28.0,515.0,105.0,49.0,-201.1,15.0
2020-06-23,sudan,432.0,49.0,69.0,457.3,0.0,1.0,25.0,2.0,1.0,-2.6,0.0
2020-06-23,taiwan,403.0,60.0,39.0,318.7,0.0,8.0,10.0,103.0,55.0,-166.1,19.0
2020-06-23,ukraine,849.0,124.0,156.0,49.6,0.0,0.0,86.0,107.0,40.0,22.8,2.0
2020-06-23,venezuela,463.0,65.0,41.0,597.3,0.0,1.0,25.0,104.0,16.0,191.5,2.0
2020-06-23,yemen,452.0,101.0,146.0,-904.7,0.0,4.0,24.0,108.0,57.0,-275.3,3.0
2020-06-24,drc,23.0,2.0,10.0,-45.6,0.0,0.0,8.0,19.0,4.0,16.8,2.0
2020-06-24,europe_east,1170.0,112.0,109.0,1580.8,0.0,9.0,52.0,34.0,12.0,30.8,0.0
2020-06-24,iran,1434.0,252.0,225.0,270.9,11.0,1.0,94.0,345.0,150.0,-221.9,10.0
2020-06-24,israel,3711.0,704.0,578.0,-612.9,37.0,3.0,205.0,726.0,337.0,-1029.0,45.0
2020-06-24,korea,1575.0,272.0,285.0,-73.4,62.0,27.0,107.0,328.0,144.0,-259.7,42.0
2020-06-24,libya,806.0,122.0,96.0,700.0,15.0,4.0,22.0,3.0,0.0,6.5,0.0
2020-06-24,scs,1969.0,241.0,199.0,1792.3,6.0,6.0,103.0,51.0,22.0,63.2,0.0
2020-06-24,southasia,8416.0,1388.0,1069.0,4121.4,21.0,30.0,425.0,81.0,37.0,-117.9,11.0
2020-06-24,sudan,524.0,64.0,63.0,460.6,0.0,0.0,17.0,5.0,3.0,-22.6,0.0
2020-06-24,taiwan,461.0,53.0,41.0,521.2,2.0,6.0,13.0,139.0,53.0,-110.8,16.0
2020-06-24,ukraine,717.0,68.0,72.0,1044.9,0.0,0.0,43.0,64.0,16.0,78.9,2.0
2020-06-24,venezuela,406.0,85.0,60.0,-19.0,3.0,0.0,41.0,89.0,48.0,-71.1,1.0
2020-06-24,yemen,284.0,49.0,103.0,-672.6,2.0,1.0,15.0,79.0,39.0,-144.9,5.0
2020-06-25,drc,79.0,14.0,22.0,-122.2,0.0,0.0,7.0,3.0,1.0,-2.0,0.0
2020-06-25,europe_east,1303.0,159.0,84.0,2160.9,0.0,7.0,40.0,83.0,29.0,97.2,2.0
2020-06-25,iran,1324.0,196.0,201.0,1551.0,6.0,1.0,123.0,216.0,122.0,-365.2,5.0
2020-06-25,israel,3911.0,748.0,569.0,2.7,45.0,7.0,211.0,697.0,314.0,-564.5,41.0
2020-06-25,korea,1624.0,208.0,294.0,138.7,47.0,18.0,87.0,385.0,134.0,-222.6,32.0
2020-06-25,libya,535.0,99.0,94.0,-37.7,6.0,14.0,27.0,1.0,1.0,-9.5,0.0
2020-06-25,scs,2141.0,231.0,257.0,1860.1,1.0,14.0,117.0,46.0,19.0,71.4,2.0
2020-06-25,southasia,8224.0,1384.0,1184.0,1478.4,18.0,39.0,480.0,55.0,33.0,-161.8,0.0
2020-06-25,sudan,570.0,63.0,74.0,533.1,0.0,0.0,29.0,0.0,0.0,0.0,0.0
2020-06-25,taiwan,417.0,42.0,51.0,504.3,0.0,6.0,24.0,107.0,31.0,7.5,15.0
2020-06-25,ukraine,658.0,84.0,81.0,711.9,0.0,1.0,49.0,70.0,23.0,-7.2,4.0
2020-06-25,venezuela,314.0,61.0,39.0,57.9,3.0,0.0,28.0,81.0,52.0,-131.6,1.0
2020-06-25,yemen,216.0,44.0,41.0,-17.1,1.0,1.0,13.0,57.0,21.0,-43.2,2.0
2020-06-26,drc,58.0,15.0,13.0,-103.2,1.0,1.0,4.0,2.0,0.0,10.0,0.0
2020-06-26,europe_east,979.0,99.0,60.0,1924.6,3.0,3.0,27.0,62.0,23.0,-22.8,2.0
2020-06-26,iran,1366.0,209.0,253.0,276.2,6.0,7.0,136.0,247.0,115.0,-210.0,11.0
2020-06-26,israel,3195.0,605.0,421.0,439.8,25.0,5.0,171.0,546.0,255.0,-781.8,34.0
2020-06-26,korea,1147.0,142.0,201.0,75.8,13.0,3.0,56.0,199.0,71.0,-78.5,9.0
2020-06-26,libya,476.0,96.0,86.0,-90.1,6.0,7.0,10.0,3.0,0.0,2.7,0.0
2020-06-26,scs,2535.0,308.0,332.0,1317.7,3.0,10.0,129.0,118.0,53.0,-1.5,3.0
2020-06-26,southasia,7791.0,1338.0,1089.0,1324.2,18.0,29.0,405.0,42.0,28.0,-92.6,4.0
2020-06-26,sudan,589.0,74.0,78.0,439.1,1.0,2.0,26.0,7.0,1.0,9.5,0.0
2020-06-26,taiwan,346.0,52.0,29.0,360.7,0.0,0.0,20.0,81.0,37.0,-70.2,6.0
2020-06-26,ukraine,737.0,89.0,85.0,519.6,4.0,0.0,31.0,98.0,32.0,56.1,1.0
2020-06-26,venezuela,322.0,57.0,52.0,-70.4,0.0,1.0,28.0,47.0,30.0,-88.3,1.0
2020-06-26,yemen,249.0,36.0,43.0,84.9,1.0,1.0,8.0,46.0,20.0,-72.4,0.0
2020-06-27,drc,43.0,4.0,15.0,-62.0,0.0,0.0,1.0,2.0,0.0,17.3,0.0
2020-06-27,europe_east,488.0,67.0,45.0,502.5,0.0,3.0,31.0,16.0,6.0,8.3,0.0
2020-06-27,iran,641.0,116.0,133.0,-311.2,1.0,1.0,52.0,85.0,41.0,-61.5,4.0
2020-06-27,israel,1651.0,330.0,289.0,-696.1,17.0,0.0,113.0,348.0,193.0,-956.4,28.0
2020-06-27,korea,413.0,64.0,65.0,-48.5,1.0,0.0,19.0,74.0,24.0,-0.0,0.0
2020-06-27,libya,291.0,42.0,96.0,-489.2,0.0,2.0,28.0,4.0,0.0,9.4,0.0
2020-06-27,scs,1574.0,190.0,169.0,1786.6,1.0,6.0,78.0,58.0,42.0,-96.3,4.0
2020-06-27,southasia,6319.0,1038.0,893.0,1174.8,16.0,48.0,331.0,51.0,28.0,-92.6,6.0
2020-06-27,sudan,465.0,30.0,37.0,875.2,1.0,0.0,12.0,1.0,0.0,3.0,0.0
2020-06-27,taiwan,189.0,23.0,12.0,265.4,0.0,0.0,2.0,40.0,18.0,-42.0,5.0
2020-06-27,ukraine,232.0,31.0,45.0,-28.8,0.0,3.0,11.0,36.0,14.0,-69.0,4.0
2020-06-27,venezuela,120.0,20.0,17.0,37.0,0.0,0.0,7.0,9.0,0.0,37.2,0.0
2020-06-27,yemen,178.0,21.0,53.0,-123.5,0.0,0.0,17.0,37.0,15.0,-60.7,0.0
2020-06-28,drc,65.0,5.0,16.0,-43.8,0.0,0.0,5.0,0.0,0.0,0.0,0.0
2020-06-28,europe_east,520.0,76.0,77.0,160.5,0.0,2.0,34.0,11.0,7.0,-38.8,3.0
2020-06-28,iran,949.0,193.0,202.0,-622.1,6.0,0.0,92.0,177.0,106.0,-401.6,7.0
2020-06-28,israel,2598.0,477.0,454.0,-979.4,26.0,2.0,187.0,434.0,244.0,-1116.3,40.0
2020-06-28,korea,443.0,53.0,67.0,157.1,3.0,0.0,27.0,55.0,21.0,-76.3,4.0
2020-06-28,libya,363.0,45.0,80.0,-202.5,4.0,1.0,23.0,1.0,1.0,-9.5,0.0
2020-06-28,scs,1254.0,129.0,128.0,1428.9,0.0,5.0,48.0,66.0,14.0,179.7,0.0
2020-06-28,southasia,5820.0,976.0,840.0,-75.3,8.0,19.0,297.0,32.0,14.0,-31.0,3.0
2020-06-28,sudan,297.0,31.0,68.0,-67.7,2.0,0.0,26.0,0.0,0.0,0.0,0.0
2020-06-28,taiwan,235.0,12.0,19.0,360.5,0.0,0.0,6.0,52.0,16.0,-10.5,8.0
2020-06-28,ukraine,221.0,22.0,31.0,211.7,0.0,2.0,9.0,26.0,11.0,-24.2,7.0
2020-06-28,venezuela,155.0,33.0,22.0,29.8,0.0,0.0,15.0,29.0,12.0,17.9,0.0
2020-06-28,yemen,150.0,19.0,25.0,47.9,1.0,1.0,5.0,65.0,5.0,168.9,0.0
2020-06-29,drc,48.0,3.0,15.0,-31.1,0.0,0.0,8.0,0.0,0.0,0.0,0.0
2020-06-29,europe_east,1023.0,144.0,100.0,900.1,0.0,1.0,42.0,60.0,34.0,-187.4,2.0
2020-06-29,iran,1613.0,361.0,381.0,-1807.3,15.0,3.0,149.0,398.0,261.0,-1234.8,29.0
2020-06-29,israel,3466.0,696.0,474.0,-363.0,26.0,2.0,172.0,589.0,289.0,-884.5,46.0
2020-06-29,korea,750.0,97.0,79.0,678.8,4.0,5.0,24.0,119.0,45.0,2.7,4.0
2020-06-29,libya,356.0,54.0,91.0,-292.4,2.0,10.0,41.0,1.0,0.0,7.4,0.0
2020-06-29,scs,2031.0,254.0,265.0,956.6,2.0,16.0,116.0,88.0,27.0,124.5,0.0
2020-06-29,southasia,8715.0,1486.0,1489.0,-1868.7,24.0,49.0,599.0,51.0,29.0,-85.3,5.0
2020-06-29,sudan,442.0,75.0,121.0,-574.3,3.0,8.0,45.0,2.0,2.0,-14.0,0.0
2020-06-29,taiwan,353.0,55.0,41.0,266.2,2.0,3.0,17.0,54.0,15.0,6.8,3.0
2020-06-29,ukraine,531.0,79.0,74.0,358.0,0.0,0.0,58.0,25.0,10.0,-5.3,0.0
2020-06-29,venezuela,132.0,36.0,23.0,-11.2,0.0,0.0,20.0,17.0,8.0,-28.1,0.0
2020-06-29,yemen,202.0,35.0,26.0,-14.7,4.0,0.0,6.0,27.0,9.0,-18.0,0.0
2020-06-30,drc,152.0,10.0,27.0,70.9,0.0,0.0,14.0,0.0,0.0,0.0,0.0
2020-06-30,europe_east,799.0,112.0,75.0,983.9,0.0,0.0,38.0,87.0,45.0,-128.2,10.0
2020-06-30,iran,1950.0,381.0,451.0,-1528.8,7.0,6.0,244.0,377.0,176.0,-461.5,11.0
2020-06-30,israel,3907.0,717.0,391.0,2693.4,14.0,6.0,178.0,760.0,305.0,-443.2,23.0
2020-06-30,korea,815.0,88.0,100.0,867.0,2.0,5.0,42.0,68.0,11.0,107.1,2.0
2020-06-30,libya,495.0,83.0,114.0,-427.0,1.0,5.0,17.0,3.0,1.0,5.3,0.0
2020-06-30,scs,2360.0,346.0,301.0,1006.5,4.0,4.0,120.0,102.0,19.0,231.1,1.0
2020-06-30,southasia,8930.0,1540.0,1432.0,47.2,66.0,65.0,682.0,99.0,76.0,-377.6,24.0
2020-06-30,sudan,535.0,74.0,125.0,-331.5,0.0,5.0,54.0,0.0,0.0,0.0,0.0
2020-06-30,taiwan,376.0,71.0,28.0,382.6,1.0,0.0,21.0,98.0,34.0,46.7,4.0
2020-06-30,ukraine,860.0,118.0,86.0,882.2,1.0,3.0,57.0,97.0,40.0,-86.5,7.0
2020-06-30,venezuela,371.0,102.0,53.0,-166.5,0.0,1.0,43.0,55.0,11.0,61.3,0.0
2020-06-30,yemen,207.0,35.0,63.0,-340.6,1.0,0.0,17.0,41.0,27.0,-147.2,0.0
2020-07-01,drc,90.0,14.0,20.0,-71.3,0.0,0.0,7.0,20.0,2.0,51.6,0.0
2020-07-01,europe_east,1099.0,96.0,111.0,1672.3,0.0,0.0,50.0,82.0,49.0,-83.2,14.0
2020-07-01,iran,1599.0,277.0,266.0,173.6,7.0,1.0,165.0,250.0,106.0,-226.7,3.0
2020-07-01,israel,3807.0,747.0,432.0,782.1,15.0,4.0,164.0,853.0,354.0,-693.0,31.0
2020-07-01,korea,834.0,94.0,108.0,692.8,6.0,4.0,34.0,133.0,51.0,-51.1,4.0
2020-07-01,libya,454.0,48.0,103.0,-75.1,2.0,6.0,21.0,3.0,0.0,10.2,0.0
2020-07-01,scs,2026.0,258.0,252.0,1469.5,0.0,0.0,91.0,65.0,19.0,112.6,5.0
2020-07-01,southasia,8077.0,1189.0,1299.0,1515.5,10.0,46.0,582.0,60.0,30.0,-90.7,8.0
2020-07-01,sudan,457.0,109.0,76.0,-274.7,0.0,5.0,28.0,3.0,0.0,27.0,0.0
2020-07-01,taiwan,424.0,81.0,54.0,360.9,0.0,3.0,25.0,116.0,50.0,-1.7,11.0
2020-07-01,ukraine,767.0,93.0,97.0,732.1,0.0,0.0,59.0,119.0,47.0,-42.8,9.0
2020-07-01,venezuela,361.0,78.0,66.0,-70.5,0.0,0.0,29.0,45.0,12.0,44.2,4.0
2020-07-01,yemen,169.0,27.0,46.0,-243.5,2.0,2.0,19.0,65.0,36.0,-186.9,5.0
2020-07-02,drc,45.0,4.0,8.0,-7.9,0.0,0.0,2.0,20.0,10.0,-50.0,0.0
2020-07-02,europe_east,820.0,92.0,77.0,1000.2,2.0,3.0,49.0,57.0,29.0,-42.7,15.0
2020-07-02,iran,1499.0,260.0,212.0,498.5,25.0,2.0,104.0,211.0,68.0,62.2,3.0
2020-07-02,israel,3338.0,594.0,424.0,483.5,12.0,10.0,160.0,629.0,239.0,-452.0,29.0
2020-07-02,korea,702.0,74.0,70.0,983.4,0.0,1.0,35.0,93.0,26.0,112.1,3.0
2020-07-02,libya,482.0,77.0,84.0,141.3,2.0,1.0,26.0,0.0,0.0,0.0,0.0
2020-07-02,scs,2297.0,269.0,274.0,1880.2,0.0,0.0,100.0,182.0,89.0,-30.6,6.0
2020-07-02,southasia,8824.0,1432.0,1405.0,722.6,27.0,83.0,610.0,32.0,13.0,-29.4,0.0
2020-07-02,sudan,309.0,53.0,44.0,58.7,2.0,0.0,13.0,4.0,2.0,-18.5,0.0
2020-07-02,taiwan,407.0,70.0,74.0,-4.8,0.0,0.0,42.0,113.0,61.0,-65.8,8.0
2020-07-02,ukraine,677.0,93.0,79.0,649.1,1.0,0.0,41.0,56.0,30.0,-125.7,6.0
2020-07-02,venezuela,685.0,158.0,99.0,93.5,1.0,0.0,62.0,43.0,10.0,83.6,0.0
2020-07-02,yemen,373.0,49.0,68.0,255.2,1.0,0.0,17.0,77.0,20.0,93.0,0.0
2020-07-03,drc,23.0,1.0,4.0,-9.1,0.0,0.0,1.0,0.0,0.0,0.0,0.0
2020-07-03,europe_east,709.0,70.0,54.0,1508.1,0.0,0.0,32.0,84.0,43.0,-90.6,5.0
2020-07-03,iran,1043.0,221.0,145.0,-170.4,21.0,0.0,51.0,133.0,45.0,-119.5,4.0
2020-07-03,israel,2187.0,407.0,306.0,139.0,11.0,1.0,147.0,385.0,180.0,-565.0,27.0
2020-07-03,korea,833.0,105.0,109.0,575.1,8.0,0.0,64.0,129.0,17.0,220.9,5.0
2020-07-03,libya,463.0,73.0,71.0,220.9,1.0,1.0,16.0,3.0,1.0,0.0,0.0
2020-07-03,scs,2260.0,337.0,320.0,1000.4,3.0,5.0,112.0,174.0,111.0,-297.6,18.0
2020-07-03,southasia,9149.0,1319.0,1441.0,1055.1,24.0,45.0,452.0,30.0,6.0,86.0,0.0
2020-07-03,sudan,351.0,57.0,27.0,502.1,4.0,0.0,9.0,3.0,0.0,10.8,0.0
2020-07-03,taiwan,354.0,33.0,48.0,345.0,0.0,4.0,23.0,81.0,18.0,163.7,5.0
2020-07-03,ukraine,702.0,73.0,88.0,539.6,3.0,1.0,24.0,79.0,21.0,36.3,4.0
2020-07-03,venezuela,411.0,99.0,68.0,-105.5,1.0,0.0,43.0,34.0,12.0,-15.8,0.0
2020-07-03,yemen,178.0,34.0,32.0,-32.5,0.0,1.0,6.0,79.0,13.0,139.0,2.0
2020-07-04,drc,12.0,1.0,3.0,-20.9,1.0,3.0,0.0,0.0,0.0,0.0,0.0
2020-07-04,europe_east,365.0,45.0,26.0,426.2,0.0,0.0,14.0,15.0,4.0,1.3,0.0
2020-07-04,iran,806.0,141.0,120.0,409.3,8.0,2.0,30.0,105.0,48.0,-120.3,2.0
2020-07-04,israel,1368.0,260.0,230.0,-445.8,9.0,1.0,98.0,264.0,128.0,-328.8,12.0
2020-07-04,korea,549.0,68.0,34.0,865.6,1.0,1.0,21.0,125.0,46.0,123.9,4.0
2020-07-04,libya,324.0,33.0,57.0,200.3,0.0,2.0,2.0,0.0,0.0,0.0,0.0
2020-07-04,scs,1559.0,248.0,236.0,233.8,2.0,2.0,82.0,95.0,67.0,-255.2,19.0
2020-07-04,southasia,7181.0,1041.0,1119.0,73.2,11.0,33.0,440.0,27.0,7.0,40.2,1.0
2020-07-04,sudan,142.0,19.0,18.0,191.7,0.0,2.0,6.0,1.0,0.0,-0.4,0.0
2020-07-04,taiwan,244.0,35.0,41.0,-9.5,0.0,0.0,12.0,41.0,17.0,-31.2,0.0
2020-07-04,ukraine,240.0,23.0,27.0,245.0,0.0,0.0,7.0,50.0,10.0,33.6,1.0
2020-07-04,venezuela,203.0,37.0,37.0,11.0,1.0,1.0,29.0,10.0,3.0,-1.7,0.0
2020-07-04,yemen,109.0,29.0,25.0,-119.1,0.0,0.0,8.0,26.0,11.0,-42.6,1.0
2020-07-05,drc,22.0,7.0,2.0,-18.5,0.0,0.0,0.0,0.0,0.0,0.0,0.0
2020-07-05,europe_east,264.0,30.0,31.0,313.3,0.0,0.0,11.0,20.0,6.0,-25.2,4.0
2020-07-05,iran,942.0,142.0,154.0,343.8,3.0,0.0,35.0,204.0,99.0,-242.4,1.0
2020-07-05,israel,1839.0,319.0,317.0,-457.8,16.0,1.0,105.0,403.0,195.0,-693.8,20.0
2020-07-05,korea,393.0,41.0,36.0,521.8,0.0,0.0,17.0,67.0,12.0,138.3,3.0
2020-07-05,libya,384.0,47.0,61.0,135.7,6.0,3.0,11.0,4.0,4.0,-40.0,0.0
2020-07-05,scs,1237.0,140.0,171.0,967.0,0.0,0.0,104.0,67.0,22.0,55.5,6.0
2020-07-05,southasia,6208.0,917.0,1058.0,-733.6,16.0,31.0,395.0,44.0,11.0,88.1,0.0
2020-07-05,sudan,207.0,36.0,40.0,-24.4,0.0,0.0,17.0,0.0,0.0,0.0,0.0
2020-07-05,taiwan,238.0,32.0,26.0,263.5,0.0,0.0,7.0,47.0,20.0,-33.8,5.0
2020-07-05,ukraine,174.0,26.0,39.0,-102.4,0.0,0.0,16.0,45.0,20.0,-73.6,0.0
2020-07-05,venezuela,110.0,6.0,11.0,201.3,0.0,0.0,6.0,24.0,0.0,87.0,0.0
2020-07-05,yemen,105.0,12.0,19.0,48.9,0.0,0.0,8.0,14.0,5.0,-8.1,0.0
2020-07-06,drc,37.0,8.0,7.0,-32.3,0.0,0.0,2.0,0.0,0.0,0.0,0.0
2020-07-06,europe_east,723.0,93.0,63.0,910.3,0.0,0.0,26.0,30.0,7.0,6.2,1.0
2020-07-06,iran,1409.0,248.0,257.0,-85.0,15.0,0.0,79.0,297.0,128.0,-214.9,16.0
2020-07-06,israel,2819.0,511.0,440.0,-121.1,29.0,4.0,182.0,599.0,279.0,-804.3,50.0
2020-07-06,korea,902.0,129.0,111.0,980.4,6.0,2.0,80.0,125.0,35.0,163.1,5.0
2020-07-06,libya,465.0,64.0,83.0,35.1,2.0,3.0,22.0,2.0,1.0,-9.6,0.0
2020-07-06,scs,2084.0,302.0,274.0,1042.7,2.0,2.0,123.0,64.0,30.0,-12.6,6.0
2020-07-06,southasia,7952.0,1137.0,1194.0,2269.8,21.0,48.0,479.0,42.0,10.0,71.4,8.0
2020-07-06,sudan,284.0,52.0,46.0,174.1,0.0,0.0,17.0,2.0,0.0,4.0,0.0
2020-07-06,taiwan,430.0,69.0,68.0,176.5,0.0,4.0,30.0,109.0,52.0,-62.4,7.0
2020-07-06,ukraine,490.0,75.0,63.0,239.5,2.0,0.0,27.0,51.0,13.0,75.4,0.0
2020-07-06,venezuela,136.0,17.0,17.0,137.7,0.0,0.0,8.0,14.0,3.0,18.2,0.0
2020-07-06,yemen,113.0,13.0,23.0,-4.7,1.0,2.0,11.0,21.0,4.0,23.8,3.0
2020-07-07,drc,56.0,10.0,15.0,-71.0,0.0,0.0,4.0,10.0,2.0,29.6,0.0
2020-07-07,europe_east,1057.0,124.0,76.0,1615.4,1.0,6.0,25.0,16.0,4.0,9.6,2.0
2020-07-07,iran,1379.0,283.0,213.0,-549.4,21.0,0.0,49.0,284.0,144.0,-544.8,8.0
2020-07-07,israel,2881.0,532.0,433.0,-110.9,13.0,0.0,196.0,523.0,232.0,-898.0,44.0
2020-07-07,korea,1441.0,219.0,109.0,2027.4,9.0,3.0,65.0,321.0,70.0,619.0,5.0
2020-07-07,libya,415.0,53.0,41.0,557.8,3.0,1.0,6.0,3.0,2.0,-19.6,0.0
2020-07-07,scs,2137.0,273.0,282.0,1718.8,3.0,3.0,149.0,64.0,32.0,7.9,6.0
2020-07-07,southasia,8838.0,1365.0,1376.0,1205.3,21.0,35.0,562.0,30.0,10.0,-14.3,1.0
2020-07-07,sudan,506.0,78.0,64.0,578.5,5.0,1.0,24.0,7.0,2.0,21.0,0.0
2020-07-07,taiwan,345.0,75.0,24.0,328.7,1.0,0.0,18.0,97.0,49.0,-86.9,3.0
2020-07-07,ukraine,560.0,72.0,86.0,262.4,0.0,0.0,47.0,59.0,31.0,-128.2,11.0
2020-07-07,venezuela,235.0,33.0,32.0,213.5,0.0,0.0,27.0,47.0,5.0,129.3,0.0
2020-07-07,yemen,202.0,24.0,34.0,107.6,5.0,1.0,12.0,61.0,23.0,13.5,6.0
2020-07-08,drc,64.0,7.0,14.0,-4.7,0.0,0.0,12.0,14.0,1.0,56.9,0.0
2020-07-08,europe_east,1127.0,142.0,96.0,1358.3,0.0,3.0,65.0,133.0,50.0,-4.8,30.0
2020-07-08,iran,1232.0,230.0,239.0,-415.0,22.0,7.0,80.0,241.0,129.0,-484.6,17.0
2020-07-08,israel,3182.0,579.0,448.0,734.0,5.0,4.0,202.0,538.0,268.0,-878.3,37.0
2020-07-08,korea,1468.0,182.0,119.0,1896.4,4.0,2.0,69.0,333.0,79.0,415.1,9.0
2020-07-08,libya,539.0,78.0,68.0,366.6,3.0,1.0,17.0,2.0,2.0,-20.0,0.0
2020-07-08,scs,2349.0,349.0,359.0,1184.3,6.0,4.0,205.0,103.0,42.0,-3.6,4.0
2020-07-08,southasia,9346.0,1332.0,1762.0,-1127.2,16.0,42.0,770.0,68.0,31.0,-130.8,1.0
2020-07-08,sudan,385.0,41.0,61.0,406.6,2.0,0.0,15.0,14.0,2.0,14.6,0.0
2020-07-08,taiwan,358.0,67.0,35.0,435.0,0.0,3.0,21.0,103.0,49.0,-17.4,5.0
2020-07-08,ukraine,760.0,100.0,118.0,325.3,3.0,5.0,46.0,111.0,44.0,14.9,7.0
2020-07-08,venezuela,180.0,32.0,25.0,96.7,0.0,0.0,17.0,52.0,15.0,25.1,5.0
2020-07-08,yemen,218.0,46.0,24.0,66.6,1.0,0.0,8.0,31.0,17.0,-0.7,0.0
2020-07-09,drc,74.0,18.0,24.0,-119.7,1.0,1.0,15.0,3.0,1.0,5.3,0.0
2020-07-09,europe_east,807.0,129.0,70.0,902.0,1.0,0.0,38.0,53.0,22.0,-38.1,15.0
2020-07-09,iran,1151.0,228.0,167.0,583.6,18.0,1.0,61.0,210.0,128.0,-547.2,24.0
2020-07-09,israel,2639.0,492.0,448.0,-230.0,13.0,2.0,233.0,505.0,274.0,-1098.0,77.0
2020-07-09,korea,1444.0,125.0,185.0,1175.9,4.0,9.0,77.0,247.0,50.0,524.7,9.0
2020-07-09,libya,640.0,96.0,90.0,251.9,3.0,2.0,18.0,1.0,0.0,3.4,0.0
2020-07-09,scs,1762.0,204.0,209.0,1443.8,2.0,6.0,115.0,59.0,27.0,30.7,0.0
2020-07-09,southasia,10077.0,1439.0,2018.0,-3130.2,19.0,36.0,837.0,45.0,31.0,-111.8,1.0
2020-07-09,sudan,433.0,62.0,37.0,697.4,0.0,0.0,16.0,4.0,0.0,6.7,0.0
2020-07-09,taiwan,455.0,64.0,47.0,543.9,2.0,1.0,26.0,111.0,29.0,29.5,5.0
2020-07-09,ukraine,716.0,108.0,88.0,582.0,2.0,3.0,53.0,137.0,55.0,-6.0,10.0
2020-07-09,venezuela,190.0,28.0,18.0,276.1,0.0,0.0,11.0,34.0,13.0,9.3,0.0
2020-07-09,yemen,236.0,32.0,53.0,-236.9,3.0,0.0,32.0,36.0,18.0,-85.6,10.0
2020-07-10,drc,73.0,13.0,15.0,-42.4,0.0,0.0,1.0,0.0,0.0,0.0,0.0
2020-07-10,europe_east,798.0,125.0,84.0,759.0,3.0,1.0,32.0,89.0,24.0,127.4,13.0
2020-07-10,iran,1162.0,263.0,210.0,-1182.7,24.0,0.0,46.0,273.0,178.0,-908.2,10.0
2020-07-10,israel,2591.0,448.0,550.0,-1946.4,3.0,0.0,198.0,516.0,306.0,-1529.7,48.0
2020-07-10,korea,1365.0,146.0,194.0,992.2,1.0,1.0,96.0,295.0,58.0,469.6,11.0
2020-07-10,libya,378.0,63.0,53.0,49.1,3.0,4.0,13.0,5.0,1.0,12.0,0.0
2020-07-10,scs,1796.0,289.0,209.0,1012.4,6.0,0.0,72.0,42.0,26.0,-128.1,1.0
2020-07-10,southasia,9292.0,1409.0,1963.0,-5323.5,14.0,26.0,725.0,49.0,30.0,-143.9,6.0
2020-07-10,sudan,426.0,65.0,24.0,764.0,0.0,0.0,9.0,8.0,0.0,27.7,0.0
2020-07-10,taiwan,314.0,43.0,36.0,350.0,2.0,1.0,20.0,98.0,31.0,-53.8,11.0
2020-07-10,ukraine,658.0,102.0,81.0,433.9,4.0,1.0,36.0,135.0,36.0,38.6,9.0
2020-07-10,venezuela,456.0,53.0,37.0,617.7,1.0,2.0,29.0,164.0,48.0,162.5,6.0
2020-07-10,yemen,186.0,42.0,16.0,128.5,0.0,0.0,11.0,8.0,3.0,7.9,2.0
2020-07-11,drc,40.0,2.0,5.0,33.5,0.0,0.0,2.0,0.0,0.0,0.0,0.0
2020-07-11,europe_east,492.0,79.0,57.0,221.4,0.0,0.0,22.0,15.0,2.0,14.1,0.0
2020-07-11,iran,657.0,143.0,141.0,-586.3,18.0,0.0,63.0,150.0,92.0,-452.0,7.0
2020-07-11,israel,1307.0,222.0,237.0,-324.3,2.0,2.0,91.0,217.0,119.0,-487.2,23.0
2020-07-11,korea,515.0,62.0,85.0,277.9,1.0,3.0,42.0,90.0,33.0,-75.8,7.0
2020-07-11,libya,157.0,17.0,28.0,91.8,0.0,1.0,7.0,0.0,0.0,0.0,0.0
2020-07-11,scs,1335.0,145.0,121.0,1554.5,1.0,0.0,63.0,53.0,19.0,61.4,2.0
2020-07-11,southasia,7224.0,1039.0,1272.0,-1421.9,10.0,27.0,476.0,25.0,10.0,-10.0,4.0
2020-07-11,sudan,175.0,25.0,26.0,79.9,0.0,0.0,3.0,6.0,3.0,-18.0,0.0
2020-07-11,taiwan,182.0,11.0,29.0,194.2,0.0,0.0,11.0,44.0,9.0,65.1,2.0
2020-07-11,ukraine,377.0,47.0,63.0,83.0,0.0,1.0,29.0,60.0,32.0,-104.8,12.0
2020-07-11,venezuela,225.0,26.0,19.0,272.4,2.0,0.0,12.0,104.0,22.0,169.3,3.0
2020-07-11,yemen,98.0,17.0,14.0,8.3,0.0,0.0,2.0,8.0,6.0,-40.6,2.0
2020-07-12,drc,6.0,0.0,2.0,-8.0,0.0,0.0,0.0,3.0,3.0,-27.0,0.0
2020-07-12,europe_east,495.0,92.0,42.0,349.6,2.0,2.0,16.0,14.0,3.0,0.4,0.0
2020-07-12,iran,802.0,164.0,158.0,-422.4,7.0,0.0,55.0,121.0,79.0,-379.7,8.0
2020-07-12,israel,1867.0,346.0,267.0,321.2,2.0,1.0,116.0,220.0,114.0,-284.6,24.0
2020-07-12,korea,420.0,56.0,51.0,306.3,0.0,2.0,18.0,48.0,12.0,58.8,2.0
2020-07-12,libya,240.0,52.0,27.0,294.4,0.0,0.0,3.0,4.0,2.0,1.4,0.0
2020-07-12,scs,1217.0,134.0,154.0,890.4,1.0,0.0,57.0,72.0,27.0,-2.2,4.0
2020-07-12,southasia,7083.0,1035.0,1250.0,-1034.3,17.0,23.0,501.0,14.0,8.0,-46.5,1.0
2020-07-12,sudan,177.0,27.0,33.0,71.0,0.0,0.0,28.0,0.0,0.0,0.0,0.0
2020-07-12,taiwan,222.0,24.0,30.0,164.9,0.0,0.0,10.0,67.0,23.0,-6.3,5.0
2020-07-12,ukraine,257.0,36.0,46.0,100.6,0.0,0.0,10.0,33.0,9.0,66.0,2.0
2020-07-12,venezuela,99.0,12.0,24.0,-44.0,0.0,0.0,11.0,6.0,6.0,-38.0,2.0
2020-07-12,yemen,130.0,20.0,13.0,171.7,0.0,0.0,2.0,17.0,8.0,19.2,1.0
2020-07-13,drc,72.0,31.0,19.0,-256.2,0.0,0.0,9.0,10.0,2.0,4.3,1.0
2020-07-13,europe_east,1260.0,158.0,135.0,1486.2,0.0,5.0,77.0,37.0,10.0,33.7,8.0
2020-07-13,iran,1075.0,158.0,196.0,-214.4,13.0,3.0,65.0,202.0,72.0,-52.9,15.0
2020-07-13,israel,2495.0,490.0,383.0,-643.9,9.0,2.0,167.0,329.0,148.0,-493.9,26.0
2020-07-13,korea,944.0,136.0,122.0,496.4,3.0,1.0,47.0,75.0,19.0,68.9,3.0
2020-07-13,libya,541.0,73.0,88.0,495.1,2.0,1.0,12.0,4.0,2.0,-5.1,0.0
2020-07-13,scs,1704.0,216.0,169.0,1521.0,0.0,10.0,86.0,91.0,37.0,-61.8,0.0
2020-07-13,southasia,8753.0,1316.0,1364.0,1377.3,22.0,18.0,552.0,47.0,20.0,-31.4,3.0
2020-07-13,sudan,463.0,74.0,86.0,-16.1,1.0,0.0,31.0,7.0,5.0,-43.0,0.0
2020-07-13,taiwan,304.0,73.0,42.0,-9.9,5.0,0.0,16.0,65.0,23.0,-10.9,7.0
2020-07-13,ukraine,548.0,58.0,79.0,366.7,2.0,2.0,21.0,60.0,28.0,-76.2,6.0
2020-07-13,venezuela,296.0,30.0,54.0,291.6,0.0,0.0,47.0,86.0,9.0,296.4,4.0
2020-07-13,yemen,234.0,34.0,71.0,-462.2,0.0,0.0,15.0,44.0,34.0,-276.8,1.0
2020-07-14,drc,45.0,9.0,23.0,-180.8,0.0,0.0,13.0,3.0,3.0,-28.5,0.0
2020-07-14,europe_east,1000.0,161.0,99.0,1002.9,6.0,0.0,75.0,25.0,6.0,17.3,0.0
2020-07-14,iran,1599.0,262.0,322.0,-289.9,6.0,0.0,137.0,286.0,131.0,-267.5,20.0
2020-07-14,israel,2607.0,473.0,364.0,465.5,16.0,3.0,178.0,418.0,201.0,-612.1,38.0
2020-07-14,korea,751.0,101.0,100.0,335.8,6.0,2.0,50.0,62.0,38.0,-209.6,15.0
2020-07-14,libya,719.0,119.0,110.0,70.7,9.0,5.0,19.0,5.0,3.0,-14.0,0.0
2020-07-14,scs,2126.0,316.0,208.0,1900.4,6.0,5.0,99.0,304.0,123.0,12.9,11.0
2020-07-14,southasia,8336.0,1459.0,1144.0,2344.6,21.0,18.0,493.0,20.0,9.0,-6.0,0.0
2020-07-14,sudan,632.0,75.0,104.0,462.3,2.0,0.0,43.0,4.0,0.0,8.0,0.0
2020-07-14,taiwan,380.0,55.0,61.0,135.7,1.0,2.0,38.0,97.0,32.0,97.9,6.0
2020-07-14,ukraine,816.0,117.0,136.0,231.0,2.0,0.0,62.0,75.0,16.0,50.1,0.0
2020-07-14,venezuela,340.0,28.0,62.0,162.4,0.0,0.0,35.0,59.0,9.0,172.0,1.0
2020-07-14,yemen,235.0,31.0,69.0,-361.9,0.0,0.0,17.0,53.0,23.0,-108.8,0.0
2020-07-15,drc,88.0,12.0,29.0,-194.1,0.0,0.0,1.0,3.0,0.0,24.0,0.0
2020-07-15,europe_east,720.0,124.0,78.0,586.8,0.0,7.0,35.0,8.0,6.0,-28.0,0.0
2020-07-15,iran,1415.0,218.0,253.0,661.1,6.0,5.0,114.0,217.0,109.0,-248.5,12.0
2020-07-15,israel,2688.0,532.0,386.0,123.8,12.0,1.0,163.0,330.0,181.0,-549.4,22.0
2020-07-15,korea,752.0,99.0,98.0,619.2,4.0,0.0,45.0,85.0,30.0,15.2,5.0
2020-07-15,libya,526.0,78.0,91.0,193.3,14.0,8.0,19.0,2.0,0.0,4.7,0.0
2020-07-15,scs,2023.0,269.0,187.0,1990.6,2.0,12.0,99.0,180.0,44.0,230.4,0.0
2020-07-15,southasia,8256.0,1392.0,1138.0,2827.7,18.0,19.0,476.0,26.0,16.0,-58.2,6.0
2020-07-15,sudan,700.0,113.0,105.0,424.0,4.0,2.0,52.0,6.0,0.0,15.0,0.0
2020-07-15,taiwan,442.0,84.0,75.0,56.3,0.0,1.0,45.0,148.0,64.0,-88.1,26.0
2020-07-15,ukraine,936.0,204.0,169.0,-518.9,1.0,3.0,114.0,74.0,29.0,-44.7,1.0
2020-07-15,venezuela,263.0,40.0,47.0,-28.1,1.0,0.0,27.0,33.0,12.0,-36.7,3.0
2020-07-15,yemen,460.0,84.0,103.0,-466.1,3.0,0.0,21.0,89.0,32.0,-58.3,1.0
2020-07-16,drc,70.0,24.0,16.0,-166.4,0.0,0.0,3.0,4.0,2.0,-3.0,0.0
2020-07-16,europe_east,769.0,105.0,64.0,970.4,3.0,1.0,33.0,25.0,4.0,26.2,1.0
2020-07-16,iran,1448.0,230.0,302.0,-359.9,12.0,2.0,122.0,204.0,108.0,-407.4,13.0
2020-07-16,israel,2593.0,462.0,368.0,463.8,2.0,3.0,173.0,305.0,128.0,-194.9,16.0
2020-07-16,korea,805.0,128.0,113.0,170.9,2.0,3.0,69.0,174.0,59.0,-107.7,17.0
2020-07-16,libya,563.0,108.0,72.0,302.3,18.0,5.0,8.0,4.0,0.0,9.4,0.0
2020-07-16,scs,1986.0,295.0,184.0,1869.1,4.0,4.0,108.0,112.0,57.0,-25.3,0.0
2020-07-16,southasia,8493.0,1445.0,1148.0,3450.2,1.0,19.0,622.0,61.0,26.0,-0.8,4.0
2020-07-16,sudan,615.0,88.0,68.0,715.5,0.0,1.0,49.0,1.0,0.0,4.0,0.0
2020-07-16,taiwan,490.0,51.0,124.0,-328.8,1.0,0.0,29.0,179.0,97.0,-278.6,22.0
2020-07-16,ukraine,617.0,104.0,81.0,359.3,0.0,0.0,44.0,46.0,18.0,60.2,1.0
2020-07-16,venezuela,252.0,38.0,30.0,149.5,0.0,4.0,6.0,71.0,22.0,122.2,5.0
2020-07-16,yemen,440.0,118.0,71.0,-652.5,8.0,0.0,17.0,47.0,19.0,-88.1,1.0
2020-07-17,drc,35.0,0.0,8.0,9.7,0.0,0.0,0.0,19.0,14.0,-78.0,5.0
2020-07-17,europe_east,784.0,104.0,55.0,1160.7,3.0,1.0,27.0,33.0,10.0,21.9,1.0
2020-07-17,iran,1522.0,293.0,289.0,-712.9,15.0,10.0,135.0,260.0,120.0,-212.9,8.0
2020-07-17,israel,2384.0,429.0,419.0,-729.0,8.0,7.0,148.0,389.0,212.0,-972.0,28.0
2020-07-17,korea,743.0,105.0,98.0,612.1,6.0,4.0,58.0,68.0,21.0,-33.2,3.0
2020-07-17,libya,387.0,67.0,72.0,-126.2,2.0,2.0,14.0,0.0,0.0,0.0,0.0
2020-07-17,scs,1750.0,254.0,175.0,1895.1,1.0,6.0,88.0,84.0,39.0,43.4,2.0
2020-07-17,southasia,8514.0,1313.0,1354.0,983.2,22.0,26.0,597.0,33.0,16.0,-93.9,2.0
2020-07-17,sudan,434.0,52.0,39.0,584.0,2.0,4.0,12.0,2.0,1.0,-7.0,0.0
2020-07-17,taiwan,365.0,92.0,43.0,23.5,3.0,0.0,14.0,132.0,64.0,3.9,10.0
2020-07-17,ukraine,942.0,126.0,161.0,156.1,0.0,2.0,64.0,62.0,36.0,-158.3,11.0
2020-07-17,venezuela,293.0,56.0,40.0,172.0,1.0,0.0,32.0,84.0,38.0,-8.2,16.0
2020-07-17,yemen,241.0,92.0,48.0,-614.1,2.0,0.0,12.0,45.0,32.0,-262.3,3.0
2020-07-18,drc,13.0,0.0,1.0,40.6,0.0,0.0,0.0,10.0,5.0,4.0,3.0
2020-07-18,europe_east,322.0,55.0,35.0,149.9,4.0,1.0,15.0,14.0,3.0,11.1,0.0
2020-07-18,iran,1110.0,177.0,229.0,-472.1,11.0,3.0,71.0,151.0,85.0,-319.6,7.0
2020-07-18,israel,1235.0,258.0,194.0,-495.0,1.0,2.0,85.0,226.0,93.0,-213.9,10.0
2020-07-18,korea,370.0,49.0,54.0,319.1,2.0,0.0,22.0,22.0,5.0,48.9,2.0
2020-07-18,libya,363.0,58.0,77.0,-238.0,1.0,10.0,9.0,1.0,0.0,7.0,0.0
2020-07-18,scs,1192.0,188.0,116.0,1089.8,1.0,0.0,66.0,78.0,26.0,127.4,1.0
2020-07-18,southasia,7054.0,1161.0,1145.0,-648.1,23.0,23.0,473.0,66.0,31.0,-83.4,5.0
2020-07-18,sudan,228.0,45.0,35.0,-60.7,0.0,0.0,9.0,0.0,0.0,0.0,0.0
2020-07-18,taiwan,249.0,41.0,29.0,192.8,0.0,4.0,10.0,73.0,36.0,-52.4,9.0
2020-07-18,ukraine,372.0,27.0,83.0,-64.5,0.0,1.0,16.0,14.0,9.0,-48.4,3.0
2020-07-18,venezuela,159.0,23.0,25.0,40.5,0.0,2.0,18.0,45.0,23.0,-32.5,9.0
2020-07-18,yemen,74.0,12.0,18.0,-93.5,2.0,5.0,4.0,12.0,5.0,-28.6,0.0
2020-07-19,drc,8.0,0.0,4.0,-18.8,0.0,0.0,0.0,0.0,0.0,0.0,0.0
2020-07-19,europe_east,273.0,44.0,22.0,266.4,2.0,0.0,10.0,6.0,2.0,8.0,0.0
2020-07-19,iran,1139.0,169.0,192.0,-107.9,3.0,1.0,79.0,112.0,51.0,-92.9,0.0
2020-07-19,israel,1837.0,411.0,293.0,-785.8,11.0,2.0,171.0,203.0,93.0,-224.0,20.0
2020-07-19,korea,528.0,56.0,36.0,1139.4,5.0,1.0,17.0,102.0,23.0,276.4,6.0
2020-07-19,libya,340.0,72.0,73.0,-354.0,5.0,9.0,13.0,20.0,8.0,-41.6,0.0
2020-07-19,scs,878.0,130.0,122.0,495.3,0.0,0.0,66.0,47.0,17.0,-5.6,1.0
2020-07-19,southasia,5901.0,898.0,786.0,2300.0,18.0,24.0,306.0,25.0,8.0,30.0,1.0
2020-07-19,sudan,293.0,45.0,63.0,-92.4,0.0,2.0,22.0,0.0,0.0,0.0,0.0
2020-07-19,taiwan,208.0,32.0,25.0,159.7,1.0,1.0,7.0,67.0,42.0,-152.3,13.0
2020-07-19,ukraine,245.0,25.0,47.0,-14.8,0.0,0.0,23.0,21.0,10.0,-75.5,1.0
2020-07-19,venezuela,100.0,23.0,13.0,30.8,0.0,0.0,13.0,20.0,8.0,27.4,0.0
2020-07-19,yemen,82.0,14.0,22.0,-128.4,4.0,0.0,1.0,7.0,1.0,0.0,0.0
2020-07-20,drc,15.0,6.0,0.0,-9.9,0.0,0.0,0.0,0.0,0.0,0.0,0.0
2020-07-20,europe_east,746.0,107.0,81.0,727.6,1.0,1.0,52.0,31.0,20.0,-100.5,10.0
2020-07-20,iran,1608.0,240.0,357.0,-593.1,7.0,6.0,132.0,346.0,195.0,-952.4,45.0
2020-07-20,israel,3007.0,509.0,469.0,263.5,11.0,4.0,207.0,517.0,247.0,-822.4,47.0
2020-07-20,korea,705.0,93.0,73.0,847.2,5.0,3.0,42.0,50.0,9.0,113.0,3.0
2020-07-20,libya,641.0,61.0,131.0,113.9,4.0,22.0,9.0,3.0,1.0,-2.1,0.0
2020-07-20,scs,1782.0,257.0,189.0,1006.5,8.0,0.0,96.0,66.0,23.0,7.7,6.0
2020-07-20,southasia,7310.0,1121.0,949.0,3298.2,8.0,27.0,366.0,28.0,8.0,20.1,4.0
2020-07-20,sudan,401.0,61.0,92.0,-206.0,0.0,2.0,44.0,3.0,1.0,-5.3,0.0
2020-07-20,taiwan,295.0,42.0,35.0,170.6,0.0,3.0,9.0,79.0,21.0,114.8,5.0
2020-07-20,ukraine,879.0,138.0,144.0,-56.3,2.0,0.0,49.0,96.0,45.0,-112.1,6.0
2020-07-20,venezuela,120.0,26.0,10.0,51.6,0.0,0.0,6.0,12.0,0.0,20.0,0.0
2020-07-20,yemen,180.0,23.0,64.0,-331.1,0.0,0.0,20.0,12.0,6.0,-4.4,0.0
2020-07-21,drc,38.0,4.0,6.0,-8.1,0.0,0.0,1.0,2.0,2.0,-20.0,0.0
2020-07-21,europe_east,758.0,91.0,114.0,596.2,0.0,0.0,61.0,18.0,10.0,-29.6,1.0
2020-07-21,iran,1682.0,216.0,330.0,724.3,15.0,9.0,114.0,254.0,151.0,-551.4,27.0
2020-07-21,israel,2860.0,518.0,540.0,-983.2,15.0,7.0,226.0,435.0,251.0,-1093.3,55.0
2020-07-21,korea,867.0,128.0,99.0,927.3,17.0,1.0,40.0,47.0,12.0,47.6,3.0
2020-07-21,libya,764.0,70.0,139.0,372.8,8.0,28.0,23.0,3.0,1.0,-2.5,1.0
2020-07-21,scs,1962.0,272.0,240.0,1620.5,6.0,1.0,130.0,93.0,27.0,106.6,3.0
2020-07-21,southasia,7747.0,1210.0,1020.0,3091.6,7.0,35.0,446.0,12.0,7.0,-10.3,2.0
2020-07-21,sudan,655.0,102.0,152.0,-153.7,0.0,6.0,97.0,0.0,0.0,0.0,0.0
2020-07-21,taiwan,407.0,52.0,35.0,477.5,0.0,1.0,14.0,114.0,16.0,201.3,0.0
2020-07-21,ukraine,1381.0,118.0,251.0,342.0,1.0,1.0,66.0,125.0,43.0,46.7,8.0
2020-07-21,venezuela,152.0,19.0,35.0,-51.8,0.0,0.0,18.0,40.0,17.0,-39.9,4.0
2020-07-21,yemen,160.0,21.0,44.0,-195.8,0.0,0.0,22.0,43.0,21.0,-27.8,3.0
2020-07-22,drc,15.0,1.0,2.0,13.0,0.0,0.0,0.0,2.0,2.0,-14.2,2.0
2020-07-22,europe_east,663.0,95.0,94.0,435.4,0.0,2.0,44.0,31.0,14.0,-58.0,5.0
2020-07-22,iran,1381.0,175.0,252.0,389.7,12.0,7.0,111.0,210.0,83.0,-225.3,10.0
2020-07-22,israel,2645.0,475.0,489.0,-975.0,20.0,1.0,188.0,417.0,210.0,-969.8,41.0
2020-07-22,korea,875.0,102.0,80.0,1301.9,7.0,2.0,52.0,53.0,11.0,72.4,1.0
2020-07-22,libya,574.0,59.0,96.0,458.3,8.0,9.0,23.0,2.0,2.0,-20.0,0.0
2020-07-22,scs,2105.0,282.0,253.0,1584.7,3.0,1.0,144.0,153.0,27.0,410.2,1.0
2020-07-22,southasia,8290.0,1349.0,1269.0,387.8,11.0,43.0,467.0,14.0,4.0,-15.9,0.0
2020-07-22,sudan,565.0,81.0,87.0,501.9,0.0,0.0,55.0,2.0,1.0,1.0,0.0
2020-07-22,taiwan,407.0,69.0,51.0,195.0,4.0,2.0,18.0,111.0,54.0,-107.5,13.0
2020-07-22,ukraine,1113.0,111.0,161.0,851.4,6.0,2.0,72.0,87.0,27.0,2.2,6.0
2020-07-22,venezuela,252.0,40.0,52.0,-74.1,0.0,0.0,38.0,77.0,25.0,-28.4,9.0
2020-07-22,yemen,177.0,36.0,36.0,-159.2,6.0,0.0,6.0,18.0,6.0,0.8,1.0
2020-07-23,drc,33.0,12.0,5.0,-70.9,0.0,0.0,1.0,13.0,5.0,3.4,2.0
2020-07-23,europe_east,977.0,123.0,120.0,845.8,2.0,3.0,75.0,85.0,38.0,-11.9,6.0
2020-07-23,iran,1238.0,195.0,241.0,-92.7,21.0,17.0,95.0,192.0,102.0,-326.3,18.0
2020-07-23,israel,2838.0,494.0,505.0,-641.1,24.0,13.0,192.0,445.0,208.0,-643.7,52.0
2020-07-23,korea,818.0,122.0,104.0,555.5,3.0,2.0,58.0,103.0,26.0,39.4,6.0
2020-07-23,libya,424.0,63.0,82.0,28.4,4.0,7.0,23.0,0.0,0.0,0.0,0.0
2020-07-23,scs,1680.0,216.0,163.0,1797.4,1.0,0.0,102.0,68.0,17.0,129.5,1.0
2020-07-23,southasia,8277.0,1209.0,1193.0,3425.5,10.0,26.0,522.0,24.0,16.0,-90.8,4.0
2020-07-23,sudan,360.0,44.0,47.0,132.8,2.0,0.0,6.0,8.0,2.0,2.6,0.0
2020-07-23,taiwan,353.0,29.0,23.0,684.8,0.0,0.0,17.0,68.0,25.0,37.0,12.0
2020-07-23,ukraine,1158.0,160.0,162.0,834.9,3.0,3.0,74.0,140.0,68.0,-109.9,4.0
2020-07-23,venezuela,208.0,26.0,31.0,126.1,0.0,0.0,19.0,65.0,28.0,-62.8,7.0
2020-07-23,yemen,159.0,31.0,25.0,-10.7,4.0,0.0,8.0,25.0,18.0,-108.5,6.0
2020-07-24,drc,25.0,6.0,1.0,25.8,0.0,0.0,1.0,3.0,3.0,-21.5,0.0
2020-07-24,europe_east,797.0,92.0,105.0,932.4,0.0,6.0,43.0,82.0,14.0,118.5,4.0
2020-07-24,iran,1291.0,253.0,199.0,-356.0,8.0,2.0,58.0,255.0,124.0,-418.7,8.0
2020-07-24,israel,2312.0,404.0,438.0,-1093.6,20.0,11.0,155.0,313.0,155.0,-756.1,18.0
2020-07-24,korea,684.0,120.0,104.0,232.4,4.0,2.0,45.0,64.0,18.0,-12.4,1.0
2020-07-24,libya,440.0,75.0,62.0,309.0,2.0,9.0,12.0,0.0,0.0,0.0,0.0
2020-07-24,scs,1749.0,183.0,155.0,2701.6,0.0,2.0,70.0,71.0,22.0,90.6,6.0
2020-07-24,southasia,7714.0,1154.0,1119.0,2705.1,12.0,30.0,467.0,37.0,17.0,-57.2,2.0
2020-07-24,sudan,449.0,80.0,83.0,-165.9,2.0,1.0,39.0,1.0,0.0,0.0,0.0
2020-07-24,taiwan,362.0,33.0,30.0,567.3,0.0,0.0,19.0,63.0,21.0,48.4,2.0
2020-07-24,ukraine,1093.0,185.0,167.0,300.7,3.0,3.0,56.0,83.0,33.0,-26.1,3.0
2020-07-24,venezuela,219.0,23.0,27.0,238.2,0.0,0.0,18.0,47.0,17.0,-20.7,7.0
2020-07-24,yemen,114.0,15.0,14.0,8.1,1.0,0.0,1.0,18.0,4.0,11.3,1.0
2020-07-25,drc,4.0,0.0,0.0,18.4,0.0,0.0,0.0,0.0,0.0,0.0,0.0
2020-07-25,europe_east,321.0,37.0,46.0,206.1,0.0,2.0,19.0,31.0,3.0,60.0,0.0
2020-07-25,iran,786.0,193.0,106.0,-243.6,11.0,0.0,36.0,172.0,83.0,-99.0,10.0
2020-07-25,israel,1281.0,319.0,224.0,-1101.7,19.0,3.0,77.0,235.0,140.0,-676.4,12.0
2020-07-25,korea,432.0,59.0,49.0,505.0,1.0,0.0,34.0,10.0,6.0,-33.0,0.0
2020-07-25,libya,453.0,51.0,65.0,736.2,1.0,3.0,13.0,1.0,0.0,7.4,0.0
2020-07-25,scs,1182.0,155.0,144.0,901.7,2.0,1.0,86.0,50.0,18.0,66.7,2.0
2020-07-25,southasia,6281.0,977.0,908.0,1146.6,22.0,26.0,348.0,25.0,17.0,-60.7,6.0
2020-07-25,sudan,272.0,36.0,81.0,-389.8,0.0,0.0,22.0,0.0,0.0,0.0,0.0
2020-07-25,taiwan,192.0,22.0,31.0,182.3,0.0,0.0,17.0,35.0,15.0,1.2,0.0
2020-07-25,ukraine,458.0,77.0,88.0,-272.6,2.0,0.0,25.0,102.0,37.0,-49.3,6.0
2020-07-25,venezuela,173.0,25.0,39.0,23.5,0.0,0.0,34.0,26.0,11.0,-15.6,0.0
2020-07-25,yemen,100.0,10.0,27.0,-76.0,1.0,0.0,9.0,22.0,11.0,-33.8,0.0
2020-07-26,drc,1.0,0.0,1.0,-4.0,0.0,0.0,1.0,0.0,0.0,0.0,0.0
2020-07-26,europe_east,429.0,58.0,46.0,448.0,0.0,2.0,23.0,5.0,4.0,-25.0,0.0
2020-07-26,iran,802.0,151.0,137.0,-92.1,10.0,1.0,44.0,167.0,84.0,-330.5,18.0
2020-07-26,israel,2161.0,485.0,471.0,-2812.9,65.0,38.0,143.0,530.0,352.0,-1917.7,129.0
2020-07-26,korea,684.0,100.0,83.0,598.2,0.0,0.0,38.0,130.0,41.0,96.7,6.0
2020-07-26,libya,194.0,16.0,36.0,102.1,0.0,4.0,9.0,3.0,2.0,-12.6,0.0
2020-07-26,scs,1304.0,175.0,144.0,1182.2,0.0,2.0,61.0,46.0,30.0,-46.5,4.0
2020-07-26,southasia,6063.0,896.0,935.0,518.3,20.0,20.0,328.0,68.0,23.0,-119.4,6.0
2020-07-26,sudan,289.0,53.0,70.0,-91.9,0.0,4.0,14.0,1.0,0.0,4.0,0.0
2020-07-26,taiwan,212.0,34.0,16.0,238.8,0.0,1.0,7.0,34.0,19.0,-4.1,0.0
2020-07-26,ukraine,383.0,55.0,26.0,884.8,0.0,0.0,9.0,113.0,20.0,265.0,1.0
2020-07-26,venezuela,98.0,19.0,14.0,21.7,2.0,0.0,8.0,5.0,3.0,-29.2,0.0
2020-07-26,yemen,103.0,21.0,21.0,-94.0,1.0,0.0,7.0,12.0,0.0,41.2,0.0
2020-07-27,drc,25.0,2.0,12.0,-66.3,0.0,0.0,2.0,6.0,1.0,15.0,0.0
2020-07-27,europe_east,656.0,80.0,79.0,555.2,0.0,5.0,37.0,38.0,12.0,2.0,5.0
2020-07-27,iran,1076.0,177.0,183.0,233.1,4.0,8.0,52.0,225.0,127.0,-422.8,15.0
2020-07-27,israel,3722.0,721.0,920.0,-5271.8,35.0,34.0,210.0,958.0,615.0,-3711.4,87.0
2020-07-27,korea,1395.0,162.0,164.0,1203.1,1.0,3.0,65.0,258.0,85.0,78.9,8.0
2020-07-27,libya,403.0,35.0,76.0,315.5,2.0,5.0,12.0,2.0,0.0,20.0,0.0
2020-07-27,scs,2583.0,434.0,279.0,1565.6,11.0,4.0,163.0,120.0,69.0,-187.3,15.0
2020-07-27,southasia,7825.0,1304.0,948.0,3301.2,10.0,28.0,444.0,38.0,27.0,-138.4,2.0
2020-07-27,sudan,547.0,80.0,141.0,-208.7,1.0,19.0,29.0,8.0,2.0,29.9,2.0
2020-07-27,taiwan,291.0,28.0,15.0,541.8,0.0,2.0,6.0,59.0,16.0,45.4,5.0
2020-07-27,ukraine,929.0,118.0,65.0,1735.7,1.0,0.0,19.0,214.0,61.0,384.0,1.0
2020-07-27,venezuela,166.0,25.0,18.0,217.5,0.0,0.0,13.0,17.0,7.0,-8.6,0.0
2020-07-27,yemen,276.0,52.0,56.0,-168.4,2.0,1.0,14.0,51.0,17.0,0.8,6.0
2020-07-28,drc,14.0,0.0,1.0,65.8,0.0,0.0,1.0,4.0,1.0,5.0,0.0
2020-07-28,europe_east,760.0,78.0,57.0,1155.9,4.0,0.0,32.0,45.0,26.0,-83.6,11.0
2020-07-28,iran,1262.0,219.0,301.0,-1004.6,6.0,7.0,107.0,246.0,124.0,-455.3,7.0
2020-07-28,israel,3246.0,713.0,542.0,-1844.7,46.0,28.0,169.0,741.0,441.0,-1928.8,72.0
2020-07-28,korea,1313.0,186.0,122.0,1212.1,7.0,4.0,66.0,199.0,52.0,140.0,5.0
2020-07-28,libya,495.0,43.0,84.0,273.9,0.0,4.0,8.0,0.0,0.0,0.0,0.0
2020-07-28,scs,2002.0,258.0,210.0,2016.4,18.0,1.0,98.0,105.0,43.0,-23.0,19.0
2020-07-28,southasia,8415.0,1445.0,1114.0,2099.2,34.0,19.0,494.0,45.0,24.0,-55.7,2.0
2020-07-28,sudan,515.0,71.0,105.0,174.7,5.0,8.0,24.0,0.0,0.0,0.0,0.0
2020-07-28,taiwan,448.0,68.0,34.0,509.9,0.0,0.0,20.0,87.0,20.0,112.7,5.0
2020-07-28,ukraine,814.0,127.0,113.0,435.7,2.0,0.0,43.0,138.0,52.0,104.6,5.0
2020-07-28,venezuela,303.0,42.0,43.0,182.5,0.0,3.0,27.0,29.0,15.0,-57.8,4.0
2020-07-28,yemen,382.0,37.0,31.0,1284.0,1.0,0.0,16.0,32.0,18.0,-39.7,11.0
2020-07-29,drc,16.0,2.0,5.0,-21.6,0.0,0.0,0.0,2.0,0.0,10.0,0.0
2020-07-29,europe_east,888.0,69.0,80.0,1516.9,0.0,13.0,47.0,30.0,15.0,-42.6,12.0
2020-07-29,iran,1155.0,174.0,327.0,-1457.5,11.0,19.0,59.0,245.0,101.0,-132.2,8.0
2020-07-29,israel,2701.0,554.0,429.0,-653.7,26.0,27.0,140.0,409.0,208.0,-679.2,46.0
2020-07-29,korea,837.0,103.0,95.0,668.2,2.0,7.0,47.0,101.0,38.0,-67.7,10.0
2020-07-29,libya,393.0,46.0,95.0,-76.3,9.0,8.0,23.0,2.0,2.0,-19.0,0.0
2020-07-29,scs,2159.0,238.0,303.0,1541.7,4.0,8.0,144.0,54.0,19.0,16.4,9.0
2020-07-29,southasia,9112.0,1442.0,1112.0,4621.3,29.0,40.0,472.0,31.0,12.0,-21.9,6.0
2020-07-29,sudan,388.0,70.0,60.0,2.6,0.0,3.0,18.0,0.0,0.0,0.0,0.0
2020-07-29,taiwan,276.0,28.0,22.0,473.6,1.0,1.0,9.0,49.0,7.0,76.1,4.0
2020-07-29,ukraine,774.0,93.0,93.0,777.3,0.0,8.0,55.0,108.0,36.0,99.7,9.0
2020-07-29,venezuela,184.0,42.0,32.0,-66.3,0.0,0.0,26.0,39.0,13.0,-4.6,2.0
2020-07-29,yemen,401.0,42.0,62.0,461.9,1.0,2.0,29.0,97.0,25.0,128.0,5.0
2020-07-30,drc,20.0,2.0,6.0,-10.3,0.0,0.0,0.0,7.0,5.0,-30.5,2.0
2020-07-30,europe_east,794.0,124.0,141.0,-49.1,0.0,4.0,42.0,43.0,20.0,-49.6,4.0
2020-07-30,iran,1065.0,190.0,225.0,-608.9,7.0,7.0,85.0,210.0,79.0,-86.0,9.0
2020-07-30,israel,2193.0,431.0,388.0,-825.0,6.0,9.0,155.0,303.0,123.0,-219.6,29.0
2020-07-30,korea,791.0,108.0,112.0,239.9,0.0,3.0,66.0,51.0,13.0,-12.6,0.0
2020-07-30,libya,423.0,59.0,94.0,-163.1,11.0,6.0,24.0,8.0,4.0,-30.6,0.0
2020-07-30,scs,2341.0,220.0,329.0,1972.3,0.0,2.0,169.0,111.0,29.0,158.2,17.0
2020-07-30,southasia,8167.0,1302.0,1069.0,2729.3,23.0,22.0,458.0,24.0,7.0,1.9,2.0
2020-07-30,sudan,246.0,29.0,47.0,-10.2,0.0,1.0,14.0,0.0,0.0,0.0,0.0
2020-07-30,taiwan,513.0,43.0,52.0,825.7,6.0,0.0,40.0,96.0,28.0,131.7,11.0
2020-07-30,ukraine,1283.0,201.0,224.0,-230.2,2.0,26.0,148.0,232.0,79.0,-36.2,43.0
2020-07-30,venezuela,162.0,32.0,13.0,103.9,4.0,0.0,5.0,11.0,3.0,28.6,1.0
2020-07-30,yemen,266.0,38.0,56.0,43.1,0.0,0.0,27.0,52.0,27.0,-2.9,4.0
2020-07-31,drc,29.0,5.0,9.0,-36.1,0.0,0.0,0.0,5.0,5.0,-47.5,0.0
2020-07-31,europe_east,834.0,110.0,97.0,815.1,1.0,6.0,55.0,14.0,2.0,41.8,1.0
2020-07-31,iran,1095.0,184.0,201.0,154.6,5.0,8.0,67.0,260.0,97.0,7.6,3.0
2020-07-31,israel,1795.0,274.0,438.0,-1684.4,17.0,21.0,132.0,311.0,187.0,-991.1,43.0
2020-07-31,korea,762.0,111.0,92.0,435.3,2.0,4.0,48.0,91.0,20.0,23.6,2.0
2020-07-31,libya,241.0,34.0,64.0,-179.0,2.0,1.0,22.0,0.0,0.0,0.0,0.0
2020-07-31,scs,1719.0,183.0,217.0,1431.5,2.0,2.0,80.0,106.0,21.0,175.7,14.0
2020-07-31,southasia,8473.0,1373.0,1235.0,1185.6,28.0,22.0,522.0,45.0,4.0,108.3,1.0
2020-07-31,sudan,260.0,31.0,67.0,-235.5,0.0,1.0,23.0,1.0,0.0,3.0,0.0
2020-07-31,taiwan,477.0,30.0,46.0,763.7,1.0,0.0,23.0,99.0,32.0,66.4,8.0
2020-07-31,ukraine,1356.0,166.0,162.0,1089.7,9.0,8.0,100.0,201.0,57.0,184.4,17.0
2020-07-31,venezuela,317.0,54.0,36.0,133.9,0.0,0.0,30.0,35.0,15.0,-19.2,14.0
2020-07-31,yemen,179.0,8.0,23.0,258.9,1.0,0.0,16.0,28.0,8.0,23.5,2.0
2020-08-01,drc,16.0,6.0,0.0,17.2,0.0,0.0,0.0,0.0,0.0,0.0,0.0
2020-08-01,europe_east,419.0,38.0,68.0,293.2,0.0,3.0,28.0,8.0,2.0,-4.4,0.0
2020-08-01,iran,724.0,125.0,202.0,-796.7,11.0,4.0,107.0,124.0,51.0,-42.8,10.0
2020-08-01,israel,1061.0,218.0,195.0,-789.0,11.0,7.0,83.0,125.0,65.0,-312.9,16.0
2020-08-01,korea,383.0,74.0,68.0,-187.2,3.0,2.0,25.0,49.0,28.0,-159.2,3.0
2020-08-01,libya,233.0,31.0,43.0,-22.4,0.0,3.0,8.0,4.0,3.0,-22.6,0.0
2020-08-01,scs,1257.0,133.0,152.0,1166.9,0.0,5.0,64.0,66.0,5.0,173.6,0.0
2020-08-01,southasia,6976.0,1118.0,946.0,943.3,17.0,39.0,371.0,59.0,11.0,91.5,1.0
2020-08-01,sudan,183.0,14.0,70.0,-403.3,0.0,2.0,15.0,1.0,0.0,0.0,0.0
2020-08-01,taiwan,326.0,21.0,25.0,552.0,0.0,2.0,15.0,42.0,18.0,8.6,0.0
2020-08-01,ukraine,605.0,81.0,99.0,166.3,0.0,10.0,61.0,55.0,20.0,47.6,5.0
2020-08-01,venezuela,118.0,15.0,16.0,89.0,0.0,0.0,8.0,11.0,2.0,16.7,2.0
2020-08-01,yemen,73.0,8.0,7.0,122.0,0.0,0.0,4.0,10.0,9.0,-58.6,4.0
2020-08-02,drc,0.0,0.0,0.0,0.0,0.0,0.0,0.0,0.0,0.0,0.0,0.0
2020-08-02,europe_east,241.0,20.0,38.0,205.7,0.0,4.0,17.0,27.0,7.0,11.4,3.0
2020-08-02,iran,809.0,102.0,178.0,-357.7,5.0,3.0,99.0,125.0,52.0,-68.1,8.0
2020-08-02,israel,1811.0,402.0,359.0,-1808.2,11.0,11.0,128.0,273.0,147.0,-840.8,27.0
2020-08-02,korea,339.0,44.0,29.0,353.9,0.0,4.0,12.0,24.0,13.0,-54.2,6.0
2020-08-02,libya,111.0,17.0,18.0,-20.3,0.0,0.0,3.0,2.0,2.0,-20.0,0.0
2020-08-02,scs,1410.0,133.0,129.0,1796.3,1.0,0.0,47.0,55.0,18.0,20.8,2.0
2020-08-02,southasia,5702.0,894.0,833.0,1297.9,14.0,22.0,404.0,21.0,7.0,-24.1,6.0
2020-08-02,sudan,214.0,34.0,45.0,-189.7,1.0,4.0,13.0,1.0,1.0,-2.0,0.0
2020-08-02,taiwan,200.0,22.0,16.0,325.6,0.0,0.0,14.0,58.0,21.0,-28.7,7.0
2020-08-02,ukraine,366.0,51.0,83.0,-184.5,1.0,5.0,54.0,46.0,16.0,-3.1,1.0
2020-08-02,venezuela,81.0,24.0,5.0,10.1,0.0,0.0,5.0,0.0,0.0,0.0,0.0
2020-08-02,yemen,110.0,14.0,19.0,38.1,5.0,0.0,7.0,33.0,17.0,-80.0,0.0
2020-08-03,drc,6.0,0.0,1.0,10.6,0.0,0.0,0.0,3.0,0.0,-2.0,0.0
2020-08-03,europe_east,757.0,116.0,70.0,992.7,7.0,2.0,37.0,58.0,6.0,224.2,2.0
2020-08-03,iran,1082.0,181.0,170.0,-126.3,7.0,0.0,65.0,154.0,56.0,-1.5,5.0
2020-08-03,israel,2632.0,465.0,540.0,-1495.7,21.0,23.0,132.0,515.0,338.0,-2177.3,32.0
2020-08-03,korea,637.0,86.0,60.0,919.7,3.0,4.0,21.0,77.0,39.0,-174.0,5.0
2020-08-03,libya,241.0,51.0,44.0,-46.7,3.0,3.0,6.0,3.0,2.0,-12.6,0.0
2020-08-03,scs,1877.0,246.0,208.0,1631.5,7.0,7.0,112.0,59.0,12.0,135.8,2.0
2020-08-03,southasia,8285.0,1318.0,973.0,3272.4,18.0,21.0,458.0,56.0,13.0,53.1,5.0
2020-08-03,sudan,298.0,34.0,65.0,8.3,0.0,0.0,33.0,0.0,0.0,0.0,0.0
2020-08-03,taiwan,295.0,40.0,30.0,285.4,2.0,0.0,10.0,32.0,9.0,18.4,1.0
2020-08-03,ukraine,1061.0,161.0,188.0,136.1,20.0,3.0,122.0,132.0,37.0,75.3,7.0
2020-08-03,venezuela,164.0,29.0,28.0,21.4,2.0,0.0,20.0,45.0,8.0,45.2,0.0
2020-08-03,yemen,172.0,26.0,50.0,-219.8,0.0,0.0,8.0,32.0,29.0,-192.4,0.0
2020-08-04,drc,9.0,0.0,2.0,15.2,0.0,0.0,2.0,2.0,0.0,4.7,0.0
2020-08-04,europe_east,642.0,82.0,47.0,1114.6,3.0,3.0,22.0,35.0,7.0,45.0,2.0
2020-08-04,iran,1105.0,130.0,251.0,-315.5,3.0,1.0,121.0,160.0,74.0,-182.8,4.0
2020-08-04,israel,3655.0,505.0,745.0,-1914.2,27.0,16.0,144.0,567.0,295.0,-1400.1,35.0
2020-08-04,korea,801.0,136.0,85.0,716.2,2.0,12.0,35.0,75.0,26.0,-15.8,5.0
2020-08-04,libya,402.0,62.0,71.0,114.4,2.0,3.0,13.0,6.0,6.0,-58.0,0.0
2020-08-04,scs,1814.0,194.0,171.0,2133.4,2.0,1.0,87.0,122.0,37.0,19.9,19.0
2020-08-04,southasia,10139.0,1520.0,1256.0,5054.7,12.0,42.0,624.0,104.0,49.0,-93.4,23.0
2020-08-04,sudan,368.0,42.0,67.0,174.0,0.0,0.0,23.0,0.0,0.0,0.0,0.0
2020-08-04,taiwan,388.0,68.0,40.0,356.0,0.0,1.0,25.0,46.0,11.0,112.4,0.0
2020-08-04,ukraine,949.0,137.0,173.0,-95.1,8.0,8.0,97.0,106.0,36.0,13.0,3.0
2020-08-04,venezuela,217.0,34.0,23.0,108.1,0.0,0.0,16.0,50.0,12.0,50.1,5.0
2020-08-04,yemen,122.0,24.0,25.0,-165.5,1.0,1.0,7.0,26.0,11.0,-35.1,6.0
2020-08-05,drc,15.0,5.0,4.0,-37.5,1.0,0.0,0.0,2.0,0.0,4.7,0.0
2020-08-05,europe_east,680.0,47.0,55.0,1141.4,2.0,5.0,26.0,53.0,10.0,96.4,5.0
2020-08-05,iran,1210.0,159.0,210.0,669.9,3.0,3.0,77.0,152.0,88.0,-371.8,3.0
2020-08-05,israel,7071.0,869.0,1093.0,3545.9,50.0,15.0,313.0,648.0,260.0,-278.7,27.0
2020-08-05,korea,854.0,117.0,79.0,801.1,13.0,3.0,31.0,67.0,23.0,-55.0,2.0
2020-08-05,libya,302.0,36.0,45.0,53.1,2.0,9.0,9.0,3.0,3.0,-21.6,3.0
2020-08-05,scs,1566.0,188.0,218.0,1246.5,3.0,3.0,92.0,108.0,31.0,128.8,12.0
2020-08-05,southasia,11050.0,1916.0,1460.0,1667.0,20.0,60.0,679.0,90.0,46.0,-133.6,6.0
2020-08-05,sudan,274.0,26.0,43.0,388.9,0.0,0.0,28.0,0.0,0.0,0.0,0.0
2020-08-05,taiwan,773.0,97.0,41.0,1253.4,1.0,1.0,12.0,260.0,71.0,295.9,1.0
2020-08-05,ukraine,1071.0,126.0,164.0,872.7,2.0,19.0,95.0,220.0,34.0,414.5,17.0
2020-08-05,venezuela,205.0,30.0,21.0,215.1,1.0,0.0,16.0,65.0,8.0,122.1,4.0
2020-08-05,yemen,137.0,14.0,15.0,99.2,0.0,0.0,5.0,37.0,18.0,-75.7,2.0
2020-08-06,drc,6.0,0.0,1.0,5.1,0.0,0.0,0.0,0.0,0.0,0.0,0.0
2020-08-06,europe_east,836.0,81.0,64.0,1497.8,0.0,5.0,33.0,52.0,8.0,112.1,7.0
2020-08-06,iran,945.0,135.0,139.0,548.6,6.0,0.0,88.0,269.0,99.0,5.0,21.0
2020-08-06,israel,6541.0,806.0,826.0,5804.5,52.0,7.0,313.0,718.0,256.0,-85.1,48.0
2020-08-06,korea,868.0,104.0,96.0,872.4,7.0,7.0,41.0,166.0,34.0,246.3,9.0
2020-08-06,libya,446.0,57.0,64.0,228.6,1.0,0.0,28.0,3.0,0.0,14.2,0.0
2020-08-06,scs,1764.0,202.0,191.0,1950.4,1.0,3.0,97.0,82.0,20.0,54.8,4.0
2020-08-06,southasia,9523.0,1581.0,1204.0,3237.9,14.0,39.0,501.0,123.0,46.0,-18.8,5.0
2020-08-06,sudan,331.0,43.0,55.0,110.1,0.0,0.0,22.0,2.0,0.0,4.0,0.0
2020-08-06,taiwan,706.0,82.0,42.0,1111.3,0.0,0.0,22.0,252.0,75.0,66.1,5.0
2020-08-06,ukraine,1224.0,174.0,171.0,756.4,3.0,11.0,125.0,166.0,45.0,38.7,11.0
2020-08-06,venezuela,344.0,42.0,23.0,477.8,1.0,0.0,10.0,48.0,10.0,66.3,0.0
2020-08-06,yemen,142.0,19.0,33.0,-103.7,1.0,0.0,5.0,7.0,4.0,-26.3,0.0
2020-08-07,drc,9.0,0.0,0.0,21.9,0.0,0.0,0.0,0.0,0.0,0.0,0.0
2020-08-07,europe_east,701.0,78.0,102.0,416.6,1.0,0.0,34.0,38.0,17.0,-71.8,9.0
2020-08-07,iran,1017.0,188.0,176.0,150.8,3.0,4.0,79.0,193.0,81.0,-160.5,7.0
2020-08-07,israel,4884.0,713.0,721.0,1561.6,38.0,16.0,228.0,491.0,291.0,-1556.8,40.0
2020-08-07,korea,595.0,73.0,85.0,309.7,3.0,0.0,45.0,102.0,30.0,-23.8,3.0
2020-08-07,libya,420.0,57.0,59.0,221.2,0.0,1.0,29.0,0.0,0.0,0.0,0.0
2020-08-07,scs,1509.0,147.0,162.0,1989.4,1.0,0.0,93.0,75.0,18.0,79.3,9.0
2020-08-07,southasia,9286.0,1305.0,1252.0,3856.0,12.0,50.0,548.0,62.0,37.0,-153.0,2.0
2020-08-07,sudan,358.0,47.0,45.0,179.0,0.0,0.0,14.0,0.0,0.0,0.0,0.0
2020-08-07,taiwan,427.0,42.0,34.0,678.4,1.0,0.0,25.0,175.0,46.0,180.9,2.0
2020-08-07,ukraine,1315.0,206.0,196.0,227.8,2.0,8.0,121.0,185.0,67.0,93.9,28.0
2020-08-07,venezuela,404.0,52.0,29.0,644.7,0.0,0.0,24.0,52.0,12.0,48.7,1.0
2020-08-07,yemen,162.0,24.0,37.0,-79.0,1.0,0.0,11.0,35.0,19.0,-95.2,3.0
2020-08-08,drc,9.0,1.0,0.0,13.5,0.0,0.0,0.0,0.0,0.0,0.0,0.0
2020-08-08,europe_east,630.0,85.0,111.0,154.5,0.0,1.0,60.0,47.0,30.0,-159.4,9.0
2020-08-08,iran,661.0,138.0,95.0,-75.2,2.0,0.0,52.0,116.0,51.0,-37.5,3.0
2020-08-08,israel,3428.0,627.0,591.0,-1603.6,16.0,12.0,187.0,220.0,139.0,-909.6,18.0
2020-08-08,korea,344.0,31.0,32.0,379.2,0.0,1.0,9.0,17.0,8.0,-34.6,0.0
2020-08-08,libya,173.0,22.0,31.0,109.1,0.0,2.0,14.0,3.0,0.0,11.8,0.0
2020-08-08,scs,1024.0,90.0,104.0,1140.6,2.0,2.0,27.0,44.0,15.0,4.1,3.0
2020-08-08,southasia,7749.0,1079.0,886.0,5070.8,5.0,16.0,363.0,45.0,14.0,-16.5,5.0
2020-08-08,sudan,206.0,29.0,25.0,158.6,0.0,0.0,2.0,1.0,1.0,-2.0,0.0
2020-08-08,taiwan,301.0,19.0,33.0,385.2,0.0,7.0,14.0,101.0,26.0,98.9,7.0
2020-08-08,ukraine,728.0,121.0,98.0,339.7,1.0,10.0,72.0,88.0,31.0,101.1,5.0
2020-08-08,venezuela,383.0,46.0,96.0,-159.3,5.0,0.0,62.0,95.0,39.0,-60.4,22.0
2020-08-08,yemen,124.0,15.0,22.0,-75.6,0.0,0.0,3.0,21.0,4.0,43.1,0.0
2020-08-09,drc,6.0,0.0,3.0,-12.1,0.0,0.0,1.0,10.0,8.0,-50.0,2.0
2020-08-09,europe_east,542.0,56.0,79.0,484.8,0.0,4.0,53.0,28.0,11.0,-19.4,7.0
2020-08-09,iran,475.0,104.0,102.0,-530.7,1.0,0.0,45.0,64.0,43.0,-215.5,0.0
2020-08-09,israel,3681.0,653.0,601.0,-258.3,16.0,6.0,184.0,232.0,144.0,-671.6,20.0
2020-08-09,korea,371.0,48.0,37.0,505.3,0.0,0.0,16.0,40.0,5.0,96.7,0.0
2020-08-09,libya,148.0,17.0,23.0,90.2,1.0,0.0,10.0,1.0,1.0,-5.0,1.0
2020-08-09,scs,1212.0,132.0,147.0,996.1,5.0,0.0,73.0,24.0,0.0,121.2,0.0
2020-08-09,southasia,5892.0,899.0,810.0,1712.0,9.0,13.0,244.0,57.0,28.0,-113.8,4.0
2020-08-09,sudan,174.0,30.0,45.0,-80.1,0.0,0.0,20.0,1.0,1.0,-2.0,0.0
2020-08-09,taiwan,653.0,47.0,23.0,1418.4,0.0,3.0,7.0,155.0,46.0,126.5,4.0
2020-08-09,ukraine,905.0,204.0,147.0,-535.8,2.0,6.0,115.0,71.0,29.0,-4.7,3.0
2020-08-09,venezuela,213.0,14.0,51.0,8.6,0.0,0.0,37.0,37.0,22.0,-79.3,20.0
2020-08-09,yemen,111.0,14.0,19.0,-14.8,0.0,0.0,4.0,20.0,7.0,-25.6,0.0
2020-08-10,drc,40.0,5.0,17.0,-139.5,0.0,0.0,1.0,0.0,0.0,0.0,0.0
2020-08-10,europe_east,860.0,108.0,80.0,1314.9,0.0,2.0,49.0,144.0,19.0,282.4,2.0
2020-08-10,iran,946.0,168.0,120.0,340.8,4.0,0.0,62.0,132.0,69.0,-214.7,7.0
2020-08-10,israel,4705.0,762.0,651.0,982.3,21.0,8.0,252.0,445.0,232.0,-1118.3,35.0
2020-08-10,korea,572.0,84.0,49.0,975.9,0.0,4.0,24.0,30.0,11.0,16.3,0.0
2020-08-10,libya,283.0,25.0,36.0,346.8,4.0,0.0,7.0,1.0,0.0,3.4,0.0
2020-08-10,scs,1737.0,185.0,184.0,2165.0,3.0,2.0,92.0,78.0,32.0,-76.0,7.0
2020-08-10,southasia,7917.0,1223.0,919.0,4693.4,20.0,26.0,384.0,38.0,19.0,-125.4,0.0
2020-08-10,sudan,316.0,66.0,25.0,235.5,2.0,0.0,6.0,0.0,0.0,0.0,0.0
2020-08-10,taiwan,1105.0,130.0,123.0,1087.4,1.0,12.0,59.0,400.0,136.0,189.9,4.0
2020-08-10,ukraine,2180.0,532.0,350.0,-1645.1,4.0,8.0,204.0,72.0,26.0,-12.3,2.0
2020-08-10,venezuela,267.0,38.0,52.0,-40.5,0.0,2.0,23.0,47.0,25.0,-63.6,8.0
2020-08-10,yemen,155.0,29.0,20.0,40.1,2.0,1.0,6.0,33.0,5.0,78.2,0.0
2020-08-11,drc,54.0,5.0,24.0,-169.6,0.0,0.0,4.0,3.0,0.0,15.0,0.0
2020-08-11,europe_east,1533.0,223.0,147.0,1611.3,0.0,10.0,71.0,431.0,122.0,303.4,22.0
2020-08-11,iran,1602.0,238.0,388.0,-1121.2,18.0,4.0,217.0,344.0,169.0,-703.7,51.0
2020-08-11,israel,4533.0,703.0,609.0,1061.1,29.0,13.0,243.0,579.0,284.0,-1067.3,67.0
2020-08-11,korea,654.0,86.0,76.0,789.5,4.0,4.0,28.0,50.0,12.0,-10.2,8.0
2020-08-11,libya,356.0,34.0,38.0,635.3,3.0,0.0,7.0,4.0,4.0,-38.0,0.0
2020-08-11,scs,1815.0,217.0,209.0,1837.2,1.0,2.0,94.0,81.0,25.0,74.3,5.0
2020-08-11,southasia,8601.0,1303.0,1027.0,3662.5,14.0,20.0,379.0,28.0,13.0,-48.9,0.0
2020-08-11,sudan,425.0,48.0,117.0,-304.3,0.0,6.0,33.0,0.0,0.0,0.0,0.0
2020-08-11,taiwan,964.0,137.0,94.0,912.0,3.0,4.0,56.0,361.0,145.0,-71.1,27.0
2020-08-11,ukraine,2204.0,506.0,345.0,-1004.4,7.0,6.0,194.0,113.0,39.0,-57.7,10.0
2020-08-11,venezuela,195.0,27.0,28.0,184.5,3.0,0.0,15.0,26.0,11.0,5.8,4.0
2020-08-11,yemen,160.0,24.0,22.0,100.5,0.0,0.0,4.0,54.0,18.0,-15.4,2.0
2020-08-12,drc,65.0,8.0,10.0,41.8,0.0,0.0,0.0,0.0,0.0,0.0,0.0
2020-08-12,europe_east,1182.0,149.0,111.0,1486.4,1.0,1.0,61.0,337.0,63.0,540.7,12.0
2020-08-12,iran,1299.0,217.0,219.0,347.8,9.0,2.0,122.0,252.0,105.0,-233.4,19.0
2020-08-12,israel,4647.0,708.0,673.0,1338.9,24.0,9.0,260.0,515.0,247.0,-947.4,63.0
2020-08-12,korea,645.0,80.0,89.0,429.8,2.0,9.0,32.0,45.0,8.0,34.4,2.0
2020-08-12,libya,230.0,21.0,44.0,142.3,0.0,7.0,11.0,1.0,1.0,-10.0,0.0
2020-08-12,scs,1927.0,168.0,213.0,2659.1,2.0,2.0,71.0,72.0,19.0,102.8,7.0
2020-08-12,southasia,7934.0,1293.0,1093.0,1460.0,40.0,45.0,405.0,53.0,17.0,-10.2,4.0
2020-08-12,sudan,442.0,49.0,119.0,-295.2,0.0,4.0,24.0,7.0,6.0,-59.6,0.0
2020-08-12,taiwan,900.0,118.0,72.0,1121.4,3.0,0.0,31.0,278.0,92.0,201.1,4.0
2020-08-12,ukraine,1903.0,364.0,336.0,-446.4,4.0,2.0,214.0,113.0,36.0,38.6,19.0
2020-08-12,venezuela,151.0,22.0,27.0,-39.9,2.0,0.0,12.0,20.0,5.0,-0.9,0.0
2020-08-12,yemen,118.0,14.0,13.0,181.2,0.0,0.0,8.0,49.0,16.0,32.1,0.0
2020-08-13,drc,46.0,4.0,5.0,68.5,0.0,2.0,0.0,6.0,0.0,21.4,0.0
2020-08-13,europe_east,1286.0,177.0,127.0,1283.1,0.0,0.0,88.0,200.0,27.0,346.8,1.0
2020-08-13,iran,1272.0,194.0,219.0,69.7,7.0,7.0,101.0,311.0,111.0,-106.8,13.0
2020-08-13,israel,6794.0,907.0,858.0,6419.4,25.0,8.0,398.0,1034.0,421.0,-722.8,43.0
2020-08-13,korea,703.0,86.0,72.0,604.1,2.0,1.0,37.0,85.0,12.0,107.8,4.0
2020-08-13,libya,197.0,29.0,17.0,417.3,2.0,4.0,1.0,0.0,0.0,0.0,0.0
2020-08-13,scs,1925.0,191.0,222.0,2211.9,4.0,3.0,96.0,94.0,24.0,144.8,3.0
2020-08-13,southasia,8707.0,1458.0,1066.0,3086.6,37.0,50.0,411.0,50.0,20.0,-60.9,6.0
2020-08-13,sudan,355.0,36.0,96.0,-300.7,0.0,3.0,26.0,0.0,0.0,0.0,0.0
2020-08-13,taiwan,603.0,72.0,82.0,594.2,1.0,9.0,24.0,241.0,88.0,-43.8,18.0
2020-08-13,ukraine,1933.0,396.0,296.0,-647.7,2.0,6.0,212.0,207.0,61.0,12.6,35.0
2020-08-13,venezuela,231.0,39.0,32.0,69.5,0.0,0.0,16.0,19.0,5.0,15.2,3.0
2020-08-13,yemen,231.0,18.0,47.0,-69.4,0.0,0.0,8.0,52.0,6.0,51.3,2.0
2020-08-14,drc,18.0,3.0,2.0,1.4,0.0,0.0,1.0,2.0,2.0,-4.0,0.0
2020-08-14,europe_east,1484.0,192.0,157.0,1314.3,1.0,3.0,83.0,322.0,73.0,557.1,11.0
2020-08-14,iran,1881.0,409.0,216.0,721.5,5.0,4.0,103.0,562.0,253.0,-20.6,6.0
2020-08-14,israel,7694.0,1133.0,768.0,9783.3,11.0,7.0,414.0,1248.0,585.0,-577.3,28.0
2020-08-14,korea,781.0,109.0,70.0,897.4,2.0,2.0,39.0,65.0,12.0,100.8,0.0
2020-08-14,libya,252.0,28.0,34.0,288.9,1.0,2.0,7.0,2.0,0.0,10.8,0.0
2020-08-14,scs,1951.0,168.0,256.0,2590.4,3.0,3.0,146.0,133.0,22.0,296.1,3.0
2020-08-14,southasia,8075.0,1240.0,968.0,4267.1,19.0,29.0,399.0,45.0,12.0,-29.3,2.0
2020-08-14,sudan,357.0,27.0,59.0,323.8,0.0,0.0,9.0,5.0,2.0,-17.0,0.0
2020-08-14,taiwan,420.0,45.0,85.0,-22.6,5.0,9.0,21.0,88.0,58.0,-262.2,9.0
2020-08-14,ukraine,2346.0,487.0,346.0,128.0,1.0,4.0,212.0,145.0,41.0,5.6,13.0
2020-08-14,venezuela,466.0,84.0,63.0,-18.1,1.0,0.0,39.0,77.0,29.0,-75.2,5.0
2020-08-14,yemen,191.0,12.0,40.0,-42.8,1.0,0.0,9.0,52.0,12.0,19.1,0.0
2020-08-15,drc,18.0,0.0,1.0,25.4,0.0,0.0,0.0,0.0,0.0,0.0,0.0
2020-08-15,europe_east,1171.0,116.0,106.0,2392.8,1.0,24.0,40.0,267.0,40.0,481.2,6.0
2020-08-15,iran,1670.0,383.0,216.0,894.7,2.0,1.0,121.0,474.0,222.0,-102.7,15.0
2020-08-15,israel,3524.0,558.0,339.0,3601.2,10.0,0.0,166.0,628.0,296.0,-431.3,16.0
2020-08-15,korea,564.0,83.0,49.0,736.5,1.0,4.0,27.0,48.0,20.0,-9.2,4.0
2020-08-15,libya,129.0,24.0,21.0,59.0,0.0,1.0,6.0,0.0,0.0,0.0,0.0
2020-08-15,scs,1227.0,89.0,149.0,1456.1,2.0,1.0,71.0,26.0,4.0,66.4,0.0
2020-08-15,southasia,7186.0,1002.0,804.0,4881.2,21.0,23.0,286.0,46.0,19.0,-45.5,0.0
2020-08-15,sudan,357.0,15.0,18.0,841.8,0.0,0.0,7.0,0.0,0.0,0.0,0.0
2020-08-15,taiwan,320.0,33.0,36.0,382.6,2.0,2.0,16.0,90.0,27.0,90.8,8.0
2020-08-15,ukraine,1752.0,366.0,235.0,89.4,0.0,7.0,144.0,93.0,21.0,175.1,8.0
2020-08-15,venezuela,239.0,29.0,34.0,172.7,0.0,0.0,28.0,49.0,22.0,-20.6,3.0
2020-08-15,yemen,108.0,7.0,23.0,-73.9,0.0,2.0,2.0,25.0,9.0,-19.5,0.0
2020-08-16,drc,29.0,3.0,4.0,8.4,0.0,0.0,2.0,5.0,1.0,-13.0,0.0
2020-08-16,europe_east,856.0,89.0,78.0,1361.0,0.0,8.0,46.0,194.0,28.0,275.9,15.0
2020-08-16,iran,1165.0,293.0,168.0,-307.5,5.0,6.0,89.0,319.0,148.0,-69.2,3.0
2020-08-16,israel,4207.0,649.0,630.0,2173.9,6.0,5.0,228.0,839.0,422.0,-1287.3,38.0
2020-08-16,korea,451.0,88.0,52.0,317.0,0.0,1.0,27.0,45.0,19.0,-13.0,0.0
2020-08-16,libya,85.0,10.0,20.0,-38.6,0.0,0.0,1.0,0.0,0.0,0.0,0.0
2020-08-16,scs,1227.0,119.0,138.0,1183.4,0.0,1.0,69.0,38.0,27.0,-125.1,6.0
2020-08-16,southasia,5063.0,751.0,570.0,2937.4,9.0,13.0,240.0,21.0,9.0,-44.0,2.0
2020-08-16,sudan,437.0,29.0,35.0,919.6,0.0,1.0,15.0,1.0,1.0,-5.0,1.0
2020-08-16,taiwan,294.0,44.0,29.0,305.9,2.0,0.0,12.0,36.0,15.0,-16.7,2.0
2020-08-16,ukraine,1461.0,345.0,169.0,-175.2,0.0,9.0,94.0,59.0,23.0,51.0,4.0
2020-08-16,venezuela,145.0,29.0,21.0,18.9,0.0,0.0,17.0,30.0,11.0,-3.9,6.0
2020-08-16,yemen,136.0,23.0,33.0,-170.6,0.0,0.0,5.0,29.0,8.0,16.7,0.0
2020-08-17,drc,14.0,1.0,0.0,51.0,0.0,0.0,0.0,0.0,0.0,0.0,0.0
2020-08-17,europe_east,1332.0,247.0,143.0,807.2,2.0,14.0,73.0,375.0,111.0,-49.9,31.0
2020-08-17,iran,1205.0,307.0,189.0,-474.9,15.0,2.0,82.0,280.0,132.0,-217.2,16.0
2020-08-17,israel,5448.0,766.0,700.0,4345.0,10.0,3.0,274.0,859.0,387.0,-926.6,39.0
2020-08-17,korea,739.0,123.0,88.0,542.5,5.0,2.0,28.0,62.0,26.0,-26.7,8.0
2020-08-17,libya,556.0,43.0,75.0,669.6,2.0,2.0,16.0,0.0,0.0,0.0,0.0
2020-08-17,scs,1929.0,189.0,234.0,1935.3,4.0,3.0,90.0,58.0,13.0,131.0,5.0
2020-08-17,southasia,7682.0,1264.0,931.0,3523.4,18.0,20.0,369.0,23.0,5.0,37.5,0.0
2020-08-17,sudan,596.0,37.0,99.0,401.5,1.0,0.0,22.0,7.0,0.0,24.4,0.0
2020-08-17,taiwan,477.0,63.0,48.0,535.3,3.0,4.0,12.0,122.0,43.0,-23.8,6.0
2020-08-17,ukraine,2752.0,657.0,287.0,264.2,9.0,18.0,163.0,164.0,52.0,121.6,2.0
2020-08-17,venezuela,175.0,30.0,31.0,-53.2,0.0,0.0,13.0,20.0,13.0,-49.7,2.0
2020-08-17,yemen,295.0,20.0,127.0,-889.7,3.0,0.0,8.0,36.0,10.0,-21.4,0.0
2020-08-18,drc,39.0,4.0,7.0,16.9,0.0,0.0,4.0,2.0,2.0,-4.0,0.0
2020-08-18,europe_east,1086.0,169.0,80.0,1297.1,1.0,6.0,57.0,227.0,77.0,27.0,10.0
2020-08-18,iran,1429.0,260.0,214.0,288.8,6.0,2.0,77.0,353.0,151.0,-257.9,7.0
2020-08-18,israel,5748.0,864.0,785.0,3485.0,13.0,10.0,300.0,839.0,376.0,-854.5,49.0
2020-08-18,korea,862.0,110.0,110.0,876.9,1.0,1.0,72.0,83.0,31.0,19.9,12.0
2020-08-18,libya,495.0,55.0,47.0,772.1,5.0,7.0,5.0,12.0,4.0,39.2,0.0
2020-08-18,scs,2153.0,263.0,345.0,480.8,0.0,4.0,132.0,77.0,28.0,-14.6,3.0
2020-08-18,southasia,8911.0,1365.0,1144.0,4581.6,9.0,25.0,525.0,33.0,7.0,26.0,0.0
2020-08-18,sudan,742.0,83.0,59.0,1041.9,0.0,0.0,36.0,8.0,2.0,19.4,0.0
2020-08-18,taiwan,459.0,85.0,33.0,413.3,1.0,0.0,11.0,130.0,47.0,-14.6,3.0
2020-08-18,ukraine,2633.0,585.0,307.0,279.0,7.0,17.0,197.0,220.0,51.0,337.1,4.0
2020-08-18,venezuela,312.0,31.0,36.0,232.9,2.0,0.0,19.0,32.0,7.0,14.0,4.0
2020-08-18,yemen,148.0,20.0,36.0,-78.1,0.0,0.0,8.0,26.0,7.0,55.3,2.0
2020-08-19,drc,17.0,1.0,0.0,66.6,0.0,0.0,0.0,3.0,1.0,10.8,0.0
2020-08-19,europe_east,1203.0,153.0,115.0,1590.4,0.0,7.0,79.0,252.0,52.0,245.5,20.0
2020-08-19,iran,1511.0,256.0,209.0,777.2,15.0,0.0,109.0,399.0,154.0,24.0,6.0
2020-08-19,israel,4953.0,723.0,709.0,2853.2,22.0,6.0,269.0,745.0,335.0,-725.8,25.0
2020-08-19,korea,670.0,78.0,87.0,680.5,4.0,0.0,54.0,35.0,16.0,-45.1,3.0
2020-08-19,libya,474.0,68.0,80.0,62.3,10.0,1.0,20.0,7.0,0.0,30.7,0.0
2020-08-19,scs,2272.0,285.0,336.0,884.1,3.0,3.0,123.0,53.0,23.0,-84.2,4.0
2020-08-19,southasia,9244.0,1364.0,1033.0,6252.4,16.0,36.0,478.0,26.0,10.0,-16.4,4.0
2020-08-19,sudan,719.0,70.0,83.0,866.3,2.0,2.0,28.0,0.0,0.0,0.0,0.0
2020-08-19,taiwan,506.0,87.0,30.0,606.5,1.0,0.0,16.0,130.0,49.0,85.1,2.0
2020-08-19,ukraine,2395.0,499.0,249.0,890.1,3.0,15.0,156.0,114.0,38.0,-11.5,3.0
2020-08-19,venezuela,329.0,27.0,50.0,206.0,1.0,2.0,32.0,93.0,11.0,178.2,3.0
2020-08-19,yemen,194.0,38.0,32.0,-65.5,0.0,0.0,7.0,34.0,15.0,-31.5,3.0
2020-08-20,drc,5.0,0.0,1.0,-12.0,0.0,0.0,0.0,9.0,0.0,52.8,0.0
2020-08-20,europe_east,1086.0,123.0,94.0,1623.6,0.0,2.0,60.0,189.0,45.0,183.5,11.0
2020-08-20,iran,2565.0,453.0,286.0,2717.2,10.0,3.0,118.0,629.0,203.0,470.9,8.0
2020-08-20,israel,4026.0,673.0,553.0,1317.3,9.0,6.0,205.0,580.0,288.0,-929.4,25.0
2020-08-20,korea,874.0,111.0,79.0,970.7,6.0,1.0,39.0,116.0,37.0,80.1,5.0
2020-08-20,libya,531.0,62.0,103.0,-128.5,3.0,2.0,32.0,0.0,0.0,0.0,0.0
2020-08-20,scs,1727.0,220.0,203.0,1556.0,3.0,5.0,115.0,114.0,56.0,-8.5,4.0
2020-08-20,southasia,9130.0,1335.0,1162.0,5101.8,24.0,28.0,527.0,38.0,20.0,-31.8,1.0
2020-08-20,sudan,527.0,41.0,77.0,605.5,2.0,0.0,22.0,3.0,0.0,17.0,0.0
2020-08-20,taiwan,343.0,49.0,41.0,291.2,1.0,3.0,21.0,106.0,56.0,-164.5,18.0
2020-08-20,ukraine,2082.0,455.0,265.0,-207.9,5.0,6.0,151.0,121.0,48.0,-58.7,2.0
2020-08-20,venezuela,195.0,37.0,36.0,-106.3,1.0,0.0,20.0,56.0,19.0,-61.1,5.0
2020-08-20,yemen,202.0,28.0,47.0,-144.1,0.0,1.0,24.0,45.0,23.0,-58.0,0.0
2020-08-21,drc,13.0,3.0,1.0,11.6,0.0,0.0,0.0,0.0,0.0,0.0,0.0
2020-08-21,europe_east,954.0,132.0,91.0,1011.2,2.0,2.0,52.0,178.0,47.0,74.4,0.0
2020-08-21,iran,1918.0,426.0,264.0,523.8,14.0,2.0,113.0,465.0,181.0,135.2,12.0
2020-08-21,israel,3303.0,529.0,553.0,328.1,11.0,4.0,184.0,519.0,279.0,-1199.3,20.0
2020-08-21,korea,822.0,103.0,85.0,983.3,4.0,3.0,32.0,86.0,18.0,152.8,5.0
2020-08-21,libya,679.0,76.0,104.0,636.6,2.0,4.0,29.0,5.0,2.0,-7.0,0.0
2020-08-21,scs,1790.0,264.0,242.0,807.2,1.0,1.0,87.0,207.0,115.0,-302.5,2.0
2020-08-21,southasia,8147.0,1223.0,979.0,4489.5,9.0,13.0,406.0,41.0,23.0,-53.2,1.0
2020-08-21,sudan,392.0,38.0,62.0,321.7,0.0,0.0,19.0,1.0,0.0,0.4,0.0
2020-08-21,taiwan,269.0,26.0,29.0,367.5,1.0,0.0,15.0,62.0,40.0,-109.7,6.0
2020-08-21,ukraine,1888.0,394.0,229.0,168.3,5.0,8.0,131.0,108.0,48.0,-73.9,7.0
2020-08-21,venezuela,293.0,34.0,42.0,35.7,0.0,0.0,20.0,52.0,17.0,-83.6,3.0
2020-08-21,yemen,148.0,20.0,23.0,88.3,0.0,3.0,7.0,40.0,17.0,-10.5,3.0
2020-08-22,drc,35.0,0.0,5.0,40.0,0.0,0.0,0.0,1.0,1.0,-9.0,0.0
2020-08-22,europe_east,594.0,77.0,65.0,574.5,0.0,6.0,37.0,211.0,36.0,232.6,14.0
2020-08-22,iran,1025.0,229.0,120.0,275.8,2.0,0.0,62.0,203.0,84.0,32.1,0.0
2020-08-22,israel,2079.0,345.0,388.0,-212.1,3.0,1.0,118.0,349.0,197.0,-800.4,15.0
2020-08-22,korea,477.0,39.0,43.0,765.1,0.0,0.0,25.0,26.0,2.0,54.7,1.0
2020-08-22,libya,484.0,46.0,53.0,723.4,1.0,5.0,11.0,3.0,2.0,-17.0,0.0
2020-08-22,scs,1252.0,139.0,171.0,956.6,5.0,6.0,73.0,54.0,27.0,-90.8,0.0
2020-08-22,southasia,6476.0,942.0,1086.0,-125.9,62.0,34.0,504.0,65.0,51.0,-286.3,3.0
2020-08-22,sudan,408.0,44.0,48.0,444.0,0.0,0.0,29.0,0.0,0.0,0.0,0.0
2020-08-22,taiwan,266.0,27.0,26.0,348.6,0.0,0.0,10.0,105.0,27.0,159.7,5.0
2020-08-22,ukraine,1130.0,229.0,152.0,-121.9,3.0,15.0,79.0,40.0,13.0,19.9,4.0
2020-08-22,venezuela,113.0,16.0,12.0,126.7,0.0,0.0,8.0,17.0,7.0,-9.9,0.0
2020-08-22,yemen,49.0,7.0,6.0,44.2,0.0,0.0,1.0,27.0,10.0,-6.1,0.0
2020-08-23,drc,22.0,1.0,0.0,51.9,0.0,0.0,0.0,4.0,0.0,9.4,0.0
2020-08-23,europe_east,706.0,128.0,47.0,847.1,0.0,4.0,27.0,242.0,39.0,598.2,5.0
2020-08-23,iran,1211.0,178.0,199.0,394.9,6.0,4.0,56.0,247.0,92.0,-26.3,3.0
2020-08-23,israel,2805.0,449.0,382.0,1351.3,6.0,3.0,138.0,344.0,164.0,-452.3,18.0
2020-08-23,korea,472.0,49.0,46.0,484.7,0.0,1.0,17.0,56.0,12.0,68.4,2.0
2020-08-23,libya,405.0,67.0,40.0,322.3,2.0,1.0,5.0,3.0,3.0,-6.0,0.0
2020-08-23,scs,1097.0,162.0,99.0,1006.7,1.0,2.0,36.0,77.0,30.0,-46.4,5.0
2020-08-23,southasia,5227.0,697.0,770.0,1808.9,32.0,32.0,390.0,35.0,19.0,-139.9,3.0
2020-08-23,sudan,320.0,29.0,15.0,732.9,0.0,0.0,6.0,0.0,0.0,0.0,0.0
2020-08-23,taiwan,471.0,41.0,73.0,104.2,0.0,1.0,15.0,157.0,71.0,-350.4,11.0
2020-08-23,ukraine,1255.0,315.0,149.0,-521.0,5.0,8.0,50.0,62.0,37.0,-52.7,2.0
2020-08-23,venezuela,115.0,22.0,8.0,103.8,1.0,0.0,5.0,21.0,2.0,43.3,0.0
2020-08-23,yemen,106.0,17.0,20.0,-59.3,0.0,0.0,5.0,19.0,12.0,-45.4,0.0
2020-08-24,drc,23.0,2.0,1.0,62.6,0.0,0.0,1.0,14.0,5.0,-0.7,5.0
2020-08-24,europe_east,1063.0,179.0,118.0,861.1,0.0,11.0,63.0,357.0,88.0,457.7,14.0
2020-08-24,iran,1562.0,266.0,220.0,498.9,8.0,1.0,86.0,303.0,115.0,-127.7,7.0
2020-08-24,israel,4487.0,657.0,443.0,4734.4,17.0,4.0,178.0,544.0,210.0,-298.6,18.0
2020-08-24,korea,1227.0,100.0,132.0,1176.9,7.0,1.0,47.0,174.0,37.0,191.4,3.0
2020-08-24,libya,448.0,75.0,57.0,123.6,7.0,0.0,11.0,5.0,4.0,-10.0,0.0
2020-08-24,scs,2383.0,335.0,310.0,1286.4,3.0,14.0,90.0,295.0,101.0,302.9,11.0
2020-08-24,southasia,7434.0,1087.0,899.0,4797.4,16.0,21.0,391.0,34.0,16.0,-78.6,1.0
2020-08-24,sudan,837.0,74.0,53.0,1290.3,8.0,3.0,11.0,5.0,2.0,-4.5,0.0
2020-08-24,taiwan,523.0,77.0,46.0,302.3,2.0,2.0,16.0,199.0,72.0,-49.5,8.0
2020-08-24,ukraine,1664.0,370.0,203.0,-40.2,5.0,18.0,91.0,112.0,39.0,85.8,2.0
2020-08-24,venezuela,165.0,25.0,24.0,21.6,4.0,0.0,8.0,21.0,8.0,-31.0,3.0
2020-08-24,yemen,213.0,51.0,50.0,-238.3,0.0,0.0,17.0,42.0,19.0,-51.3,2.0
2020-08-25,drc,18.0,1.0,0.0,25.4,0.0,0.0,0.0,1.0,0.0,5.0,0.0
2020-08-25,europe_east,802.0,92.0,95.0,742.3,0.0,0.0,73.0,164.0,37.0,277.4,16.0
2020-08-25,iran,1687.0,270.0,228.0,1112.7,7.0,1.0,113.0,360.0,111.0,119.5,26.0
2020-08-25,israel,5274.0,560.0,567.0,5703.0,27.0,1.0,256.0,689.0,248.0,-333.2,28.0
2020-08-25,korea,915.0,100.0,87.0,800.0,2.0,0.0,38.0,89.0,15.0,88.0,0.0
2020-08-25,libya,390.0,72.0,50.0,167.1,1.0,1.0,13.0,0.0,0.0,0.0,0.0
2020-08-25,scs,2852.0,415.0,531.0,-75.5,11.0,20.0,144.0,189.0,43.0,317.8,7.0
2020-08-25,southasia,7922.0,1193.0,1084.0,3718.7,27.0,37.0,444.0,49.0,30.0,-213.2,7.0
2020-08-25,sudan,1326.0,67.0,74.0,2704.5,0.0,1.0,35.0,7.0,0.0,31.4,0.0
2020-08-25,taiwan,469.0,44.0,37.0,648.1,5.0,1.0,24.0,107.0,39.0,33.6,10.0
2020-08-25,ukraine,1422.0,306.0,151.0,389.6,2.0,2.0,85.0,63.0,17.0,66.9,3.0
2020-08-25,venezuela,157.0,31.0,27.0,-12.2,0.0,0.0,16.0,69.0,24.0,-68.1,9.0
2020-08-25,yemen,150.0,35.0,32.0,-163.8,0.0,0.0,11.0,27.0,12.0,-53.0,2.0
2020-08-26,drc,17.0,3.0,3.0,-11.6,0.0,0.0,3.0,1.0,1.0,-9.5,0.0
2020-08-26,europe_east,847.0,105.0,91.0,842.3,0.0,1.0,57.0,210.0,49.0,231.9,17.0
2020-08-26,iran,1353.0,261.0,143.0,935.5,9.0,5.0,59.0,261.0,114.0,-130.2,6.0
2020-08-26,israel,5159.0,788.0,859.0,-124.3,37.0,8.0,241.0,793.0,416.0,-1777.0,50.0
2020-08-26,korea,955.0,139.0,112.0,880.1,4.0,1.0,56.0,90.0,27.0,33.3,2.0
2020-08-26,libya,432.0,69.0,62.0,229.0,1.0,0.0,10.0,1.0,1.0,-5.0,1.0
2020-08-26,scs,2589.0,325.0,382.0,783.2,13.0,16.0,106.0,212.0,102.0,-139.2,8.0
2020-08-26,southasia,7687.0,1172.0,947.0,4950.0,23.0,18.0,440.0,33.0,14.0,-5.8,0.0
2020-08-26,sudan,843.0,63.0,83.0,1238.2,0.0,6.0,47.0,0.0,0.0,0.0,0.0
2020-08-26,taiwan,307.0,64.0,39.0,126.7,4.0,2.0,13.0,73.0,41.0,-122.0,3.0
2020-08-26,ukraine,1914.0,343.0,243.0,358.5,2.0,2.0,159.0,112.0,39.0,16.0,2.0
2020-08-26,venezuela,163.0,10.0,14.0,216.0,0.0,0.0,8.0,34.0,4.0,46.2,0.0
2020-08-26,yemen,248.0,26.0,65.0,-89.8,0.0,1.0,23.0,67.0,33.0,-49.0,7.0
2020-08-27,drc,30.0,3.0,8.0,-35.3,0.0,0.0,2.0,4.0,1.0,9.7,0.0
2020-08-27,europe_east,1163.0,161.0,88.0,1712.8,0.0,8.0,55.0,229.0,49.0,240.7,9.0
2020-08-27,iran,1148.0,172.0,155.0,1320.1,4.0,0.0,73.0,146.0,62.0,73.4,2.0
2020-08-27,israel,4067.0,609.0,617.0,1186.4,15.0,6.0,195.0,454.0,243.0,-975.5,44.0
2020-08-27,korea,876.0,115.0,98.0,1014.0,1.0,2.0,38.0,73.0,25.0,40.2,0.0
2020-08-27,libya,400.0,69.0,72.0,20.8,7.0,1.0,8.0,3.0,2.0,-4.6,0.0
2020-08-27,scs,2281.0,252.0,368.0,1408.1,2.0,9.0,131.0,163.0,93.0,-218.1,22.0
2020-08-27,southasia,7704.0,1269.0,1004.0,3504.5,28.0,19.0,493.0,52.0,20.0,-0.0,0.0
2020-08-27,sudan,493.0,37.0,67.0,490.6,0.0,2.0,21.0,5.0,1.0,11.0,1.0
2020-08-27,taiwan,533.0,81.0,89.0,261.3,1.0,6.0,32.0,127.0,66.0,-183.0,31.0
2020-08-27,ukraine,1821.0,366.0,223.0,490.9,2.0,10.0,139.0,138.0,46.0,-51.5,7.0
2020-08-27,venezuela,219.0,26.0,33.0,95.6,0.0,1.0,13.0,39.0,7.0,68.3,0.0
2020-08-27,yemen,192.0,17.0,46.0,-102.6,0.0,1.0,10.0,38.0,14.0,-52.9,2.0
2020-08-28,drc,28.0,3.0,0.0,46.2,0.0,0.0,0.0,3.0,3.0,-13.2,0.0
2020-08-28,europe_east,844.0,91.0,101.0,948.7,4.0,4.0,54.0,194.0,83.0,-275.2,16.0
2020-08-28,iran,854.0,168.0,104.0,485.8,7.0,4.0,54.0,172.0,80.0,-170.0,4.0
2020-08-28,israel,2799.0,389.0,427.0,1136.4,12.0,13.0,140.0,303.0,162.0,-751.2,17.0
2020-08-28,korea,700.0,82.0,77.0,759.4,6.0,1.0,35.0,87.0,24.0,-28.1,0.0
2020-08-28,libya,405.0,46.0,60.0,472.4,0.0,0.0,17.0,1.0,0.0,-2.0,0.0
2020-08-28,scs,2114.0,238.0,263.0,1706.1,3.0,2.0,106.0,171.0,76.0,-62.5,6.0
2020-08-28,southasia,7342.0,1286.0,998.0,1422.9,18.0,15.0,524.0,36.0,22.0,-129.0,6.0
2020-08-28,sudan,404.0,43.0,91.0,-239.3,0.0,2.0,24.0,2.0,0.0,14.0,0.0
2020-08-28,taiwan,520.0,58.0,60.0,705.7,0.0,2.0,36.0,115.0,50.0,11.5,11.0
2020-08-28,ukraine,1776.0,390.0,240.0,-340.5,18.0,14.0,157.0,176.0,85.0,-197.9,16.0
2020-08-28,venezuela,229.0,50.0,43.0,-10.1,0.0,0.0,33.0,61.0,18.0,70.8,0.0
2020-08-28,yemen,186.0,17.0,43.0,-106.8,0.0,0.0,9.0,45.0,25.0,-194.9,3.0
2020-08-29,drc,44.0,6.0,12.0,-92.3,0.0,0.0,0.0,0.0,0.0,0.0,0.0
2020-08-29,europe_east,427.0,58.0,53.0,131.4,4.0,1.0,29.0,71.0,24.0,-111.1,7.0
2020-08-29,iran,688.0,102.0,113.0,193.2,4.0,2.0,45.0,119.0,30.0,157.1,2.0
2020-08-29,israel,1818.0,289.0,248.0,1385.7,3.0,5.0,118.0,312.0,152.0,-477.7,13.0
2020-08-29,korea,353.0,37.0,45.0,129.2,0.0,1.0,15.0,32.0,5.0,14.0,0.0
2020-08-29,libya,304.0,36.0,47.0,216.8,0.0,0.0,10.0,0.0,0.0,0.0,0.0
2020-08-29,scs,1417.0,134.0,201.0,1132.1,2.0,5.0,63.0,70.0,21.0,74.5,0.0
2020-08-29,southasia,5465.0,854.0,894.0,279.8,17.0,24.0,354.0,28.0,21.0,-121.3,6.0
2020-08-29,sudan,254.0,25.0,23.0,446.7,0.0,1.0,11.0,1.0,0.0,3.4,0.0
2020-08-29,taiwan,265.0,25.0,27.0,357.0,0.0,0.0,12.0,52.0,11.0,94.7,8.0
2020-08-29,ukraine,954.0,244.0,137.0,-445.2,7.0,7.0,95.0,32.0,18.0,-85.3,0.0
2020-08-29,venezuela,127.0,20.0,14.0,135.6,0.0,0.0,10.0,28.0,15.0,-14.2,0.0
2020-08-29,yemen,126.0,12.0,26.0,-4.3,0.0,0.0,6.0,27.0,15.0,-62.0,0.0
2020-08-30,drc,4.0,0.0,0.0,9.4,0.0,0.0,0.0,0.0,0.0,0.0,0.0
2020-08-30,europe_east,358.0,38.0,53.0,179.2,0.0,1.0,24.0,56.0,25.0,-82.1,21.0
2020-08-30,iran,693.0,121.0,109.0,87.7,10.0,2.0,51.0,117.0,36.0,36.2,0.0
2020-08-30,israel,2917.0,443.0,386.0,1679.4,15.0,9.0,159.0,403.0,215.0,-1044.5,21.0
2020-08-30,korea,390.0,68.0,56.0,0.5,9.0,0.0,15.0,51.0,20.0,-46.9,6.0
2020-08-30,libya,229.0,18.0,29.0,247.6,1.0,0.0,6.0,2.0,1.0,2.0,1.0
2020-08-30,scs,1461.0,146.0,234.0,594.3,6.0,6.0,62.0,58.0,15.0,94.6,0.0
2020-08-30,southasia,5364.0,743.0,947.0,-134.2,16.0,25.0,376.0,54.0,29.0,-93.5,9.0
2020-08-30,sudan,398.0,38.0,55.0,359.8,0.0,0.0,25.0,11.0,2.0,41.7,1.0
2020-08-30,taiwan,467.0,59.0,17.0,862.6,2.0,1.0,2.0,125.0,16.0,225.8,3.0
2020-08-30,ukraine,927.0,182.0,182.0,-524.3,0.0,2.0,114.0,30.0,5.0,59.4,1.0
2020-08-30,venezuela,74.0,19.0,6.0,44.2,1.0,0.0,3.0,10.0,1.0,25.6,0.0
2020-08-30,yemen,174.0,27.0,37.0,48.6,0.0,0.0,12.0,21.0,14.0,-68.6,0.0
2020-08-31,drc,12.0,2.0,0.0,8.1,0.0,0.0,0.0,0.0,0.0,0.0,0.0
2020-08-31,europe_east,929.0,122.0,145.0,681.5,2.0,2.0,108.0,284.0,169.0,-596.9,63.0
2020-08-31,iran,740.0,121.0,97.0,466.7,2.0,0.0,35.0,126.0,44.0,14.8,2.0
2020-08-31,israel,5029.0,590.0,515.0,6603.0,16.0,11.0,203.0,585.0,240.0,-382.7,26.0
2020-08-31,korea,678.0,67.0,98.0,564.3,2.0,4.0,23.0,45.0,16.0,-56.3,2.0
2020-08-31,libya,234.0,29.0,38.0,179.4,1.0,1.0,9.0,2.0,0.0,10.4,0.0
2020-08-31,scs,1936.0,201.0,270.0,1175.5,9.0,6.0,68.0,47.0,15.0,21.3,5.0
2020-08-31,southasia,6951.0,1078.0,966.0,2786.0,17.0,57.0,399.0,46.0,23.0,-93.4,9.0
2020-08-31,sudan,1006.0,85.0,137.0,1612.4,0.0,5.0,80.0,47.0,4.0,181.4,0.0
2020-08-31,taiwan,733.0,92.0,65.0,946.5,5.0,2.0,24.0,254.0,68.0,182.1,2.0
2020-08-31,ukraine,1455.0,345.0,247.0,-696.5,11.0,7.0,150.0,76.0,34.0,-71.2,5.0
2020-08-31,venezuela,237.0,47.0,29.0,134.2,0.0,0.0,21.0,19.0,5.0,13.1,0.0
2020-08-31,yemen,151.0,22.0,24.0,47.4,1.0,0.0,4.0,29.0,10.0,-38.6,1.0
2020-09-01,drc,21.0,2.0,5.0,-23.4,0.0,0.0,0.0,3.0,3.0,-19.0,2.0
2020-09-01,europe_east,1075.0,148.0,196.0,428.4,2.0,1.0,147.0,261.0,131.0,-367.0,63.0
2020-09-01,iran,1245.0,225.0,141.0,737.2,3.0,2.0,69.0,247.0,119.0,-161.3,3.0
2020-09-01,israel,4937.0,645.0,618.0,3969.4,14.0,2.0,222.0,632.0,294.0,-821.7,18.0
2020-09-01,korea,821.0,100.0,159.0,418.1,4.0,0.0,98.0,66.0,30.0,-102.0,11.0
2020-09-01,libya,248.0,32.0,45.0,88.9,2.0,2.0,9.0,3.0,1.0,-5.3,0.0
2020-09-01,scs,2062.0,234.0,240.0,2014.8,5.0,0.0,113.0,123.0,58.0,-28.2,11.0
2020-09-01,southasia,8308.0,1243.0,1075.0,4840.3,16.0,52.0,465.0,24.0,10.0,-40.9,1.0
2020-09-01,sudan,864.0,85.0,74.0,1865.7,0.0,9.0,38.0,47.0,6.0,251.9,0.0
2020-09-01,taiwan,868.0,117.0,60.0,1487.9,1.0,1.0,29.0,304.0,77.0,383.0,10.0
2020-09-01,ukraine,1723.0,392.0,280.0,-648.0,13.0,3.0,217.0,44.0,15.0,-24.3,0.0
2020-09-01,venezuela,268.0,49.0,33.0,303.0,4.0,1.0,27.0,24.0,3.0,67.4,1.0
2020-09-01,yemen,338.0,53.0,72.0,-183.9,0.0,0.0,28.0,81.0,16.0,112.8,0.0
2020-09-02,drc,16.0,1.0,4.0,12.2,0.0,0.0,4.0,0.0,0.0,0.0,0.0
2020-09-02,europe_east,928.0,116.0,147.0,564.8,1.0,5.0,107.0,218.0,68.0,10.9,16.0
2020-09-02,iran,1284.0,301.0,214.0,-212.7,2.0,1.0,114.0,245.0,88.0,173.0,3.0
2020-09-02,israel,4334.0,505.0,540.0,3892.6,15.0,5.0,222.0,599.0,243.0,-557.2,26.0
2020-09-02,korea,1046.0,149.0,111.0,985.2,9.0,2.0,55.0,150.0,54.0,59.7,11.0
2020-09-02,libya,438.0,48.0,84.0,168.7,1.0,3.0,18.0,4.0,3.0,-15.5,0.0
2020-09-02,scs,2265.0,268.0,332.0,1738.4,2.0,1.0,175.0,198.0,30.0,490.1,0.0
2020-09-02,southasia,8016.0,1273.0,1103.0,3968.3,14.0,55.0,535.0,22.0,14.0,-55.0,0.0
2020-09-02,sudan,513.0,32.0,87.0,654.6,0.0,5.0,34.0,5.0,0.0,37.2,0.0
2020-09-02,taiwan,652.0,91.0,39.0,820.6,4.0,1.0,9.0,169.0,51.0,19.9,6.0
2020-09-02,ukraine,1651.0,343.0,202.0,99.3,3.0,5.0,134.0,89.0,32.0,109.5,0.0
2020-09-02,venezuela,286.0,60.0,29.0,171.8,2.0,0.0,17.0,51.0,20.0,39.9,2.0
2020-09-02,yemen,291.0,39.0,76.0,-251.0,1.0,2.0,14.0,86.0,29.0,-2.2,1.0
2020-09-03,drc,30.0,7.0,1.0,51.3,0.0,0.0,1.0,0.0,0.0,0.0,0.0
2020-09-03,europe_east,1071.0,138.0,152.0,923.3,0.0,8.0,113.0,208.0,85.0,-32.2,19.0
2020-09-03,iran,902.0,191.0,158.0,-229.0,4.0,1.0,92.0,134.0,77.0,-192.0,3.0
2020-09-03,israel,3535.0,506.0,414.0,2721.7,13.0,13.0,200.0,571.0,263.0,-778.7,35.0
2020-09-03,korea,1006.0,88.0,83.0,2474.2,2.0,2.0,50.0,99.0,20.0,218.8,2.0
2020-09-03,libya,487.0,79.0,79.0,5.8,1.0,5.0,11.0,7.0,3.0,-15.5,0.0
2020-09-03,scs,2354.0,255.0,335.0,2344.7,0.0,6.0,177.0,126.0,21.0,341.3,3.0
2020-09-03,southasia,8709.0,1533.0,1238.0,2189.0,18.0,34.0,631.0,24.0,10.0,-16.3,0.0
2020-09-03,sudan,547.0,34.0,80.0,838.4,1.0,3.0,20.0,28.0,1.0,138.9,0.0
2020-09-03,taiwan,711.0,103.0,36.0,1071.4,2.0,0.0,16.0,144.0,46.0,-42.5,5.0
2020-09-03,ukraine,1514.0,271.0,235.0,65.4,2.0,12.0,142.0,133.0,53.0,33.0,6.0
2020-09-03,venezuela,363.0,70.0,70.0,-28.0,0.0,0.0,47.0,90.0,46.0,-156.1,26.0
2020-09-03,yemen,94.0,15.0,13.0,60.5,1.0,0.0,3.0,8.0,4.0,-1.7,0.0
2020-09-04,drc,123.0,24.0,23.0,-82.5,0.0,3.0,3.0,13.0,4.0,-10.1,0.0
2020-09-04,europe_east,820.0,88.0,128.0,525.1,0.0,10.0,69.0,117.0,43.0,-46.2,15.0
2020-09-04,iran,785.0,139.0,122.0,461.6,4.0,1.0,59.0,107.0,46.0,-114.0,8.0
2020-09-04,israel,3441.0,446.0,371.0,3398.2,19.0,8.0,143.0,471.0,194.0,-429.5,23.0
2020-09-04,korea,736.0,80.0,62.0,1308.6,2.0,0.0,39.0,80.0,24.0,63.6,2.0
2020-09-04,libya,340.0,48.0,55.0,82.7,1.0,4.0,10.0,2.0,2.0,-11.0,0.0
2020-09-04,scs,2524.0,340.0,446.0,704.1,14.0,5.0,185.0,49.0,15.0,47.5,6.0
2020-09-04,southasia,7867.0,1403.0,1058.0,2122.1,12.0,36.0,505.0,68.0,26.0,23.0,2.0
2020-09-04,sudan,544.0,72.0,87.0,769.3,4.0,7.0,40.0,8.0,1.0,37.2,0.0
2020-09-04,taiwan,520.0,73.0,123.0,-464.4,3.0,0.0,18.0,209.0,111.0,-669.5,1.0
2020-09-04,ukraine,1279.0,215.0,191.0,80.6,3.0,10.0,111.0,93.0,41.0,-82.5,5.0
2020-09-04,venezuela,377.0,44.0,54.0,382.4,0.0,0.0,40.0,70.0,38.0,-132.1,27.0
2020-09-04,yemen,122.0,20.0,22.0,66.8,1.0,0.0,6.0,33.0,11.0,24.2,2.0
2020-09-05,drc,12.0,1.0,4.0,-16.2,0.0,0.0,2.0,7.0,4.0,-33.5,0.0
2020-09-05,europe_east,398.0,50.0,48.0,369.4,0.0,1.0,22.0,127.0,34.0,111.8,16.0
2020-09-05,iran,676.0,60.0,95.0,863.5,1.0,2.0,38.0,101.0,49.0,-93.9,1.0
2020-09-05,israel,1713.0,295.0,225.0,1125.3,2.0,3.0,110.0,227.0,123.0,-479.5,21.0
2020-09-05,korea,303.0,37.0,17.0,433.2,0.0,4.0,11.0,34.0,1.0,85.4,0.0
2020-09-05,libya,151.0,18.0,35.0,-57.6,0.0,2.0,7.0,0.0,0.0,0.0,0.0
2020-09-05,scs,1368.0,189.0,205.0,426.5,4.0,4.0,72.0,40.0,13.0,-22.7,0.0
2020-09-05,southasia,6508.0,955.0,1055.0,444.8,7.0,24.0,377.0,31.0,18.0,-130.2,0.0
2020-09-05,sudan,381.0,47.0,47.0,569.7,4.0,0.0,29.0,14.0,1.0,19.4,0.0
2020-09-05,taiwan,263.0,36.0,39.0,154.7,1.0,0.0,21.0,81.0,24.0,4.0,7.0
2020-09-05,ukraine,816.0,162.0,159.0,-516.1,6.0,4.0,81.0,75.0,29.0,-96.6,8.0
2020-09-05,venezuela,176.0,32.0,10.0,242.2,0.0,0.0,7.0,30.0,12.0,5.1,4.0
2020-09-05,yemen,99.0,23.0,17.0,-58.6,3.0,0.0,3.0,17.0,11.0,-46.7,0.0
2020-09-06,drc,4.0,0.0,1.0,8.0,0.0,0.0,1.0,0.0,0.0,0.0,0.0
2020-09-06,europe_east,527.0,70.0,49.0,694.9,0.0,3.0,31.0,190.0,42.0,263.2,8.0
2020-09-06,iran,863.0,111.0,117.0,803.8,1.0,6.0,45.0,144.0,58.0,33.6,0.0
2020-09-06,israel,2494.0,367.0,320.0,1917.1,1.0,4.0,165.0,361.0,136.0,2.8,15.0
2020-09-06,korea,447.0,53.0,32.0,661.4,0.0,1.0,15.0,65.0,21.0,15.7,3.0
2020-09-06,libya,232.0,13.0,41.0,337.4,0.0,0.0,2.0,0.0,0.0,0.0,0.0
2020-09-06,scs,1257.0,119.0,131.0,1376.2,7.0,1.0,50.0,20.0,3.0,71.5,0.0
2020-09-06,southasia,5708.0,863.0,951.0,-166.9,25.0,29.0,330.0,49.0,17.0,9.4,2.0
2020-09-06,sudan,319.0,39.0,34.0,562.4,0.0,0.0,22.0,4.0,2.0,-6.2,0.0
2020-09-06,taiwan,246.0,31.0,26.0,248.8,2.0,1.0,17.0,60.0,21.0,23.1,0.0
2020-09-06,ukraine,804.0,203.0,171.0,-975.4,4.0,6.0,105.0,67.0,33.0,-112.0,9.0
2020-09-06,venezuela,153.0,32.0,14.0,75.0,0.0,0.0,9.0,30.0,13.0,-21.0,7.0
2020-09-06,yemen,48.0,10.0,4.0,66.5,1.0,0.0,1.0,9.0,3.0,-3.9,1.0
2020-09-07,drc,61.0,3.0,2.0,221.6,0.0,0.0,2.0,10.0,0.0,40.0,0.0
2020-09-07,europe_east,907.0,133.0,82.0,1053.9,0.0,1.0,53.0,268.0,58.0,490.2,5.0
2020-09-07,iran,839.0,136.0,76.0,969.6,6.0,1.0,33.0,141.0,46.0,105.7,2.0
2020-09-07,israel,3198.0,447.0,353.0,3032.3,12.0,3.0,171.0,429.0,125.0,298.0,16.0
2020-09-07,korea,493.0,62.0,67.0,403.6,4.0,3.0,30.0,31.0,8.0,80.1,2.0
2020-09-07,libya,363.0,43.0,65.0,297.5,0.0,0.0,27.0,4.0,1.0,8.7,0.0
2020-09-07,scs,2537.0,303.0,357.0,2129.1,11.0,1.0,156.0,58.0,22.0,43.8,0.0
2020-09-07,southasia,7676.0,1253.0,1091.0,2425.3,24.0,29.0,400.0,42.0,13.0,53.1,0.0
2020-09-07,sudan,456.0,29.0,44.0,1009.4,0.0,0.0,25.0,15.0,2.0,33.0,0.0
2020-09-07,taiwan,330.0,41.0,27.0,511.8,0.0,0.0,21.0,58.0,20.0,66.6,3.0
2020-09-07,ukraine,1413.0,279.0,284.0,-1024.7,1.0,9.0,183.0,91.0,41.0,-114.7,14.0
2020-09-07,venezuela,95.0,15.0,4.0,145.9,0.0,0.0,3.0,6.0,0.0,1.8,0.0
2020-09-07,yemen,172.0,16.0,60.0,-349.1,0.0,0.0,12.0,29.0,22.0,-186.2,1.0
2020-09-08,drc,24.0,1.0,7.0,6.3,0.0,0.0,1.0,0.0,0.0,0.0,0.0
2020-09-08,europe_east,1010.0,119.0,110.0,1134.7,0.0,7.0,65.0,150.0,30.0,283.7,4.0
2020-09-08,iran,1356.0,211.0,183.0,1019.3,4.0,0.0,101.0,148.0,67.0,-0.0,3.0
2020-09-08,israel,3284.0,477.0,442.0,2233.4,7.0,11.0,222.0,422.0,181.0,-173.9,47.0
2020-09-08,korea,526.0,72.0,48.0,742.2,0.0,2.0,21.0,31.0,13.0,-16.9,2.0
2020-09-08,libya,303.0,37.0,44.0,205.3,2.0,1.0,8.0,1.0,1.0,-2.0,0.0
2020-09-08,scs,2690.0,372.0,381.0,2323.2,2.0,5.0,202.0,78.0,29.0,100.7,0.0
2020-09-08,southasia,8789.0,1588.0,1308.0,441.1,33.0,24.0,537.0,13.0,9.0,-16.4,2.0
2020-09-08,sudan,461.0,16.0,45.0,1176.2,0.0,0.0,19.0,12.0,4.0,44.0,0.0
2020-09-08,taiwan,426.0,54.0,32.0,635.3,2.0,0.0,23.0,126.0,17.0,220.8,4.0
2020-09-08,ukraine,2162.0,358.0,367.0,-99.0,2.0,2.0,231.0,301.0,113.0,-126.5,42.0
2020-09-08,venezuela,108.0,15.0,6.0,153.0,0.0,0.0,3.0,10.0,0.0,24.8,0.0
2020-09-08,yemen,191.0,31.0,65.0,-389.8,0.0,5.0,18.0,36.0,19.0,-105.4,2.0
2020-09-09,drc,31.0,5.0,3.0,31.9,0.0,0.0,1.0,0.0,0.0,0.0,0.0
2020-09-09,europe_east,1068.0,123.0,99.0,1303.8,0.0,4.0,72.0,249.0,72.0,112.0,16.0
2020-09-09,iran,1212.0,200.0,178.0,557.1,11.0,2.0,78.0,138.0,72.0,-219.9,10.0
2020-09-09,israel,4131.0,624.0,448.0,4479.6,13.0,10.0,228.0,540.0,209.0,-78.3,43.0
2020-09-09,korea,1035.0,125.0,80.0,1543.2,1.0,0.0,36.0,156.0,43.0,90.3,7.0
2020-09-09,libya,325.0,46.0,92.0,-256.6,0.0,9.0,19.0,4.0,4.0,-24.0,0.0
2020-09-09,scs,2458.0,324.0,328.0,2279.9,1.0,0.0,173.0,45.0,19.0,-2.9,0.0
2020-09-09,southasia,8625.0,1501.0,1264.0,1409.2,23.0,17.0,626.0,57.0,23.0,-48.7,0.0
2020-09-09,sudan,449.0,62.0,58.0,463.0,0.0,0.0,22.0,17.0,6.0,53.0,0.0
2020-09-09,taiwan,461.0,75.0,25.0,681.0,2.0,2.0,9.0,175.0,64.0,114.6,7.0
2020-09-09,ukraine,2019.0,366.0,372.0,-439.8,6.0,8.0,245.0,163.0,76.0,-227.7,26.0
2020-09-09,venezuela,183.0,27.0,14.0,265.8,1.0,0.0,9.0,15.0,1.0,37.0,0.0
2020-09-09,yemen,168.0,17.0,29.0,247.7,0.0,0.0,10.0,27.0,13.0,-71.0,0.0
2020-09-10,drc,97.0,15.0,34.0,-241.8,0.0,2.0,2.0,4.0,0.0,12.4,0.0
2020-09-10,europe_east,921.0,122.0,101.0,922.0,5.0,3.0,42.0,162.0,25.0,287.4,14.0
2020-09-10,iran,1182.0,207.0,173.0,716.9,9.0,2.0,61.0,215.0,96.0,-241.9,14.0
2020-09-10,israel,3214.0,471.0,503.0,1153.7,15.0,4.0,199.0,370.0,177.0,-562.1,23.0
2020-09-10,korea,967.0,112.0,94.0,1012.2,2.0,0.0,52.0,174.0,47.0,14.6,0.0
2020-09-10,libya,416.0,81.0,70.0,146.9,1.0,0.0,24.0,3.0,3.0,-17.0,1.0
2020-09-10,scs,2370.0,299.0,316.0,2124.0,8.0,3.0,132.0,116.0,50.0,-52.2,2.0
2020-09-10,southasia,9005.0,1359.0,1393.0,3133.2,27.0,29.0,641.0,52.0,16.0,12.4,0.0
2020-09-10,sudan,328.0,31.0,25.0,538.8,0.0,0.0,15.0,0.0,0.0,0.0,0.0
2020-09-10,taiwan,500.0,106.0,38.0,480.1,4.0,0.0,10.0,191.0,92.0,-83.2,14.0
2020-09-10,ukraine,1719.0,329.0,212.0,129.5,4.0,8.0,141.0,202.0,59.0,6.8,3.0
2020-09-10,venezuela,178.0,19.0,22.0,211.4,0.0,0.0,13.0,15.0,4.0,4.1,0.0
2020-09-10,yemen,238.0,41.0,47.0,-140.1,0.0,0.0,1.0,66.0,35.0,-196.7,3.0
2020-09-11,drc,33.0,8.0,1.0,19.6,0.0,0.0,0.0,5.0,1.0,0.0,0.0
2020-09-11,europe_east,960.0,109.0,83.0,1324.9,8.0,2.0,37.0,200.0,41.0,305.6,14.0
2020-09-11,iran,1112.0,201.0,210.0,-253.3,13.0,3.0,86.0,208.0,92.0,-283.9,7.0
2020-09-11,israel,3899.0,462.0,416.0,5128.0,6.0,1.0,174.0,470.0,199.0,-440.3,18.0
2020-09-11,korea,854.0,96.0,90.0,782.1,0.0,2.0,47.0,105.0,29.0,17.0,5.0
2020-09-11,libya,355.0,41.0,47.0,513.8,2.0,2.0,9.0,3.0,2.0,-6.6,2.0
2020-09-11,scs,2175.0,203.0,222.0,3152.7,6.0,2.0,104.0,183.0,38.0,216.3,2.0
2020-09-11,southasia,8240.0,1422.0,1256.0,1196.3,21.0,37.0,625.0,53.0,25.0,-131.7,2.0
2020-09-11,sudan,377.0,57.0,35.0,514.4,0.0,0.0,22.0,1.0,0.0,4.0,0.0
2020-09-11,taiwan,483.0,81.0,33.0,565.7,4.0,0.0,15.0,201.0,82.0,-46.0,10.0
2020-09-11,ukraine,1836.0,296.0,203.0,737.3,5.0,0.0,124.0,267.0,61.0,55.0,8.0
2020-09-11,venezuela,106.0,16.0,20.0,-35.7,0.0,0.0,8.0,17.0,4.0,22.3,2.0
2020-09-11,yemen,121.0,19.0,19.0,23.3,0.0,0.0,2.0,30.0,18.0,-69.4,2.0
2020-09-12,drc,37.0,3.0,2.0,78.0,0.0,0.0,0.0,2.0,2.0,-20.0,0.0
2020-09-12,europe_east,442.0,66.0,82.0,-50.2,6.0,5.0,41.0,31.0,8.0,28.2,0.0
2020-09-12,iran,1041.0,252.0,147.0,-62.7,9.0,2.0,76.0,242.0,95.0,18.5,2.0
2020-09-12,israel,3219.0,426.0,296.0,4753.2,4.0,0.0,122.0,502.0,175.0,237.4,8.0
2020-09-12,korea,543.0,48.0,45.0,666.4,1.0,0.0,13.0,89.0,13.0,126.8,0.0
2020-09-12,libya,354.0,48.0,58.0,31.7,2.0,4.0,11.0,13.0,0.0,108.0,0.0
2020-09-12,scs,1417.0,145.0,151.0,1724.3,1.0,2.0,63.0,133.0,17.0,141.8,0.0
2020-09-12,southasia,7231.0,1187.0,1185.0,419.0,28.0,39.0,502.0,17.0,9.0,-31.0,0.0
2020-09-12,sudan,282.0,19.0,31.0,607.1,0.0,1.0,21.0,0.0,0.0,0.0,0.0
2020-09-12,taiwan,243.0,36.0,27.0,160.7,2.0,0.0,17.0,94.0,42.0,4.8,13.0
2020-09-12,ukraine,752.0,144.0,108.0,-213.7,2.0,1.0,87.0,86.0,41.0,-223.0,11.0
2020-09-12,venezuela,217.0,31.0,36.0,-90.5,1.0,0.0,28.0,57.0,21.0,-143.2,16.0
2020-09-12,yemen,140.0,18.0,46.0,-262.9,3.0,0.0,4.0,32.0,23.0,-170.6,0.0
2020-09-13,drc,5.0,0.0,1.0,-2.6,0.0,0.0,0.0,0.0,0.0,0.0,0.0
2020-09-13,europe_east,364.0,51.0,59.0,-25.8,1.0,1.0,30.0,63.0,16.0,23.3,5.0
2020-09-13,iran,993.0,244.0,142.0,-74.5,4.0,3.0,79.0,148.0,61.0,-22.3,5.0
2020-09-13,israel,2977.0,474.0,316.0,3033.7,9.0,1.0,177.0,345.0,121.0,216.4,16.0
2020-09-13,korea,365.0,34.0,28.0,589.7,0.0,0.0,9.0,65.0,8.0,158.2,0.0
2020-09-13,libya,369.0,51.0,56.0,257.2,2.0,1.0,12.0,5.0,0.0,45.0,0.0
2020-09-13,scs,1582.0,145.0,245.0,1590.5,1.0,1.0,125.0,79.0,6.0,159.1,0.0
2020-09-13,southasia,6352.0,1084.0,1104.0,-1316.0,23.0,26.0,426.0,24.0,10.0,-68.5,0.0
2020-09-13,sudan,336.0,32.0,56.0,316.0,0.0,1.0,20.0,0.0,0.0,0.0,0.0
2020-09-13,taiwan,224.0,32.0,17.0,323.4,0.0,0.0,10.0,88.0,28.0,88.8,14.0
2020-09-13,ukraine,846.0,183.0,138.0,-293.6,3.0,2.0,94.0,41.0,19.0,-13.4,11.0
2020-09-13,venezuela,110.0,17.0,9.0,92.9,0.0,0.0,7.0,31.0,10.0,-30.6,7.0
2020-09-13,yemen,150.0,20.0,38.0,-72.0,0.0,0.0,5.0,46.0,12.0,33.7,0.0
2020-09-14,drc,19.0,0.0,0.0,78.8,0.0,0.0,0.0,9.0,4.0,-27.8,0.0
2020-09-14,europe_east,797.0,90.0,76.0,852.5,6.0,3.0,35.0,126.0,39.0,-0.9,11.0
2020-09-14,iran,1460.0,250.0,296.0,-655.5,5.0,2.0,63.0,346.0,181.0,-841.8,6.0
2020-09-14,israel,4102.0,572.0,576.0,2938.3,8.0,3.0,249.0,447.0,225.0,-940.3,24.0
2020-09-14,korea,694.0,50.0,96.0,732.0,0.0,0.0,56.0,76.0,18.0,78.6,0.0
2020-09-14,libya,557.0,58.0,70.0,592.2,7.0,2.0,14.0,10.0,0.0,53.4,0.0
2020-09-14,scs,2011.0,265.0,262.0,1573.7,1.0,3.0,99.0,120.0,19.0,258.2,0.0
2020-09-14,southasia,8268.0,1399.0,1348.0,-434.2,20.0,22.0,560.0,48.0,24.0,-70.7,7.0
2020-09-14,sudan,459.0,41.0,75.0,462.6,0.0,2.0,27.0,2.0,0.0,6.8,0.0
2020-09-14,taiwan,381.0,55.0,44.0,282.3,1.0,1.0,32.0,165.0,64.0,48.6,7.0
2020-09-14,ukraine,1513.0,303.0,194.0,416.4,0.0,9.0,124.0,115.0,43.0,-24.2,10.0
2020-09-14,venezuela,356.0,45.0,75.0,-53.4,2.0,0.0,64.0,78.0,31.0,-76.5,20.0
2020-09-14,yemen,249.0,50.0,36.0,-19.0,2.0,2.0,11.0,84.0,32.0,-53.3,0.0
2020-09-15,drc,23.0,3.0,0.0,50.6,0.0,0.0,0.0,8.0,0.0,59.5,0.0
2020-09-15,europe_east,799.0,79.0,69.0,1123.2,0.0,1.0,38.0,88.0,25.0,64.1,4.0
2020-09-15,iran,1693.0,346.0,319.0,-784.8,47.0,1.0,51.0,494.0,191.0,-560.0,24.0
2020-09-15,israel,6450.0,731.0,581.0,11386.1,6.0,6.0,223.0,792.0,354.0,-710.7,16.0
2020-09-15,korea,692.0,76.0,61.0,1136.7,4.0,0.0,37.0,70.0,9.0,97.3,6.0
2020-09-15,libya,438.0,41.0,67.0,359.0,2.0,0.0,17.0,4.0,0.0,9.4,0.0
2020-09-15,scs,2000.0,275.0,307.0,1504.4,4.0,2.0,151.0,76.0,24.0,58.7,6.0
2020-09-15,southasia,8671.0,1413.0,1322.0,977.2,24.0,17.0,583.0,38.0,16.0,-54.8,4.0
2020-09-15,sudan,521.0,43.0,65.0,876.1,0.0,2.0,20.0,5.0,0.0,32.4,0.0
2020-09-15,taiwan,440.0,60.0,52.0,377.0,0.0,0.0,36.0,146.0,43.0,93.0,16.0
2020-09-15,ukraine,1412.0,225.0,172.0,930.3,2.0,9.0,86.0,84.0,36.0,-34.5,7.0
2020-09-15,venezuela,439.0,56.0,71.0,89.2,3.0,0.0,63.0,112.0,21.0,198.9,4.0
2020-09-15,yemen,383.0,57.0,65.0,7.3,2.0,4.0,23.0,74.0,19.0,13.4,2.0
2020-09-16,drc,14.0,0.0,8.0,-66.9,0.0,0.0,1.0,2.0,0.0,3.8,0.0
2020-09-16,europe_east,1019.0,119.0,92.0,1539.0,6.0,1.0,50.0,123.0,30.0,100.5,8.0
2020-09-16,iran,1400.0,272.0,204.0,345.3,32.0,7.0,62.0,336.0,107.0,154.1,20.0
2020-09-16,israel,5852.0,734.0,779.0,7276.9,10.0,10.0,220.0,990.0,479.0,-1676.1,43.0
2020-09-16,korea,833.0,82.0,62.0,1588.8,10.0,2.0,26.0,131.0,25.0,258.1,10.0
2020-09-16,libya,360.0,22.0,46.0,717.2,0.0,2.0,11.0,4.0,1.0,8.7,0.0
2020-09-16,scs,2076.0,211.0,278.0,2015.7,0.0,1.0,126.0,86.0,27.0,80.0,1.0
2020-09-16,southasia,8740.0,1439.0,1203.0,3092.2,24.0,42.0,564.0,44.0,14.0,-11.7,7.0
2020-09-16,sudan,422.0,54.0,45.0,573.1,1.0,0.0,11.0,0.0,0.0,0.0,0.0
2020-09-16,taiwan,401.0,47.0,37.0,590.9,1.0,0.0,17.0,117.0,38.0,49.7,5.0
2020-09-16,ukraine,2063.0,355.0,274.0,872.9,1.0,16.0,172.0,219.0,100.0,-157.9,13.0
2020-09-16,venezuela,443.0,77.0,69.0,-21.8,1.0,0.0,28.0,86.0,20.0,108.4,0.0
2020-09-16,yemen,253.0,43.0,57.0,-229.5,2.0,6.0,6.0,37.0,12.0,-20.8,3.0
2020-09-17,drc,23.0,8.0,0.0,-9.2,0.0,0.0,0.0,9.0,0.0,18.3,0.0
2020-09-17,europe_east,1217.0,126.0,136.0,1639.2,1.0,11.0,87.0,195.0,65.0,94.9,25.0
2020-09-17,iran,1128.0,243.0,175.0,-316.3,19.0,6.0,95.0,259.0,131.0,-408.3,14.0
2020-09-17,israel,4222.0,552.0,539.0,4661.5,9.0,1.0,229.0,497.0,266.0,-1100.8,35.0
2020-09-17,korea,754.0,64.0,60.0,1515.9,2.0,1.0,23.0,69.0,19.0,41.3,0.0
2020-09-17,libya,370.0,34.0,45.0,627.0,2.0,1.0,8.0,5.0,0.0,8.7,0.0
2020-09-17,scs,1961.0,211.0,190.0,2570.2,3.0,4.0,78.0,77.0,20.0,51.1,3.0
2020-09-17,southasia,8433.0,1389.0,1351.0,636.0,23.0,23.0,608.0,71.0,35.0,-207.5,8.0
2020-09-17,sudan,496.0,41.0,33.0,963.7,0.0,0.0,16.0,10.0,0.0,42.7,0.0
2020-09-17,taiwan,937.0,96.0,58.0,1580.5,2.0,5.0,34.0,309.0,80.0,309.3,11.0
2020-09-17,ukraine,1856.0,260.0,298.0,698.2,2.0,9.0,172.0,184.0,63.0,-36.9,25.0
2020-09-17,venezuela,330.0,72.0,57.0,-63.0,0.0,0.0,21.0,32.0,7.0,81.4,0.0
2020-09-17,yemen,371.0,41.0,41.0,304.4,1.0,0.0,12.0,59.0,18.0,48.8,0.0
2020-09-18,drc,38.0,2.0,4.0,91.5,0.0,0.0,3.0,0.0,0.0,0.0,0.0
2020-09-18,europe_east,1286.0,174.0,185.0,1185.7,9.0,33.0,110.0,288.0,152.0,-381.6,67.0
2020-09-18,iran,899.0,148.0,156.0,115.8,8.0,0.0,76.0,194.0,89.0,-178.1,14.0
2020-09-18,israel,2943.0,401.0,357.0,3136.4,13.0,8.0,148.0,330.0,152.0,-355.7,11.0
2020-09-18,korea,777.0,97.0,98.0,686.4,3.0,4.0,49.0,87.0,19.0,112.8,2.0
2020-09-18,libya,356.0,26.0,49.0,578.6,0.0,0.0,19.0,7.0,0.0,18.4,0.0
2020-09-18,scs,1820.0,234.0,194.0,2004.8,4.0,5.0,77.0,100.0,39.0,35.4,5.0
2020-09-18,southasia,7591.0,1269.0,1112.0,1749.5,21.0,20.0,567.0,53.0,20.0,-76.7,7.0
2020-09-18,sudan,443.0,46.0,42.0,759.1,0.0,0.0,11.0,13.0,1.0,41.0,0.0
2020-09-18,taiwan,1187.0,120.0,93.0,1837.4,0.0,2.0,17.0,483.0,174.0,2.3,48.0
2020-09-18,ukraine,1818.0,346.0,306.0,-556.0,13.0,39.0,195.0,150.0,71.0,-227.7,18.0
2020-09-18,venezuela,376.0,64.0,33.0,295.8,0.0,0.0,18.0,132.0,17.0,282.3,3.0
2020-09-18,yemen,310.0,32.0,55.0,217.8,0.0,1.0,4.0,43.0,8.0,97.3,0.0
2020-09-19,drc,22.0,4.0,1.0,35.5,0.0,0.0,0.0,8.0,0.0,17.9,0.0
2020-09-19,europe_east,459.0,56.0,64.0,265.5,1.0,5.0,29.0,84.0,25.0,49.8,4.0
2020-09-19,iran,1139.0,189.0,174.0,821.6,24.0,2.0,75.0,246.0,90.0,85.6,16.0
2020-09-19,israel,1456.0,172.0,142.0,2394.4,4.0,0.0,66.0,177.0,55.0,87.5,5.0
2020-09-19,korea,421.0,61.0,24.0,482.2,2.0,0.0,14.0,79.0,16.0,49.5,6.0
2020-09-19,libya,220.0,33.0,31.0,166.0,0.0,0.0,4.0,2.0,2.0,-8.0,0.0
2020-09-19,scs,1347.0,116.0,162.0,1487.9,4.0,6.0,67.0,22.0,12.0,-17.5,2.0
2020-09-19,southasia,6868.0,1017.0,1263.0,-194.7,30.0,27.0,690.0,50.0,34.0,-119.1,10.0
2020-09-19,sudan,124.0,14.0,10.0,220.8,0.0,0.0,9.0,0.0,0.0,0.0,0.0
2020-09-19,taiwan,783.0,61.0,84.0,765.1,1.0,15.0,11.0,269.0,104.0,-152.1,26.0
2020-09-19,ukraine,939.0,205.0,143.0,-212.4,0.0,16.0,95.0,76.0,27.0,60.1,2.0
2020-09-19,venezuela,338.0,48.0,19.0,484.2,0.0,0.0,13.0,133.0,22.0,203.7,6.0
2020-09-19,yemen,148.0,14.0,6.0,255.2,0.0,1.0,0.0,35.0,14.0,-2.8,1.0
2020-09-20,drc,10.0,0.0,2.0,10.3,0.0,0.0,0.0,8.0,0.0,48.8,0.0
2020-09-20,europe_east,459.0,50.0,74.0,188.5,5.0,1.0,35.0,61.0,15.0,52.5,2.0
2020-09-20,iran,1399.0,311.0,242.0,-216.2,24.0,1.0,126.0,338.0,156.0,-221.0,13.0
2020-09-20,israel,1373.0,217.0,150.0,1682.3,4.0,1.0,78.0,131.0,58.0,-130.0,5.0
2020-09-20,korea,389.0,47.0,64.0,174.2,2.0,0.0,35.0,61.0,7.0,107.7,3.0
2020-09-20,libya,253.0,26.0,122.0,-915.7,0.0,0.0,4.0,0.0,0.0,0.0,0.0
2020-09-20,scs,1180.0,128.0,123.0,1252.6,3.0,7.0,47.0,15.0,3.0,27.6,1.0
2020-09-20,southasia,6251.0,1092.0,936.0,248.7,22.0,31.0,428.0,48.0,19.0,-17.8,4.0
2020-09-20,sudan,254.0,24.0,20.0,491.2,0.0,0.0,15.0,4.0,0.0,14.0,0.0
2020-09-20,taiwan,486.0,85.0,47.0,319.4,3.0,2.0,25.0,188.0,70.0,10.4,22.0
2020-09-20,ukraine,715.0,230.0,139.0,-1279.2,1.0,5.0,77.0,33.0,21.0,-97.1,2.0
2020-09-20,venezuela,101.0,20.0,17.0,26.9,1.0,1.0,15.0,27.0,12.0,1.6,0.0
2020-09-20,yemen,114.0,21.0,28.0,-155.5,3.0,0.0,1.0,16.0,11.0,-85.5,0.0
2020-09-21,drc,23.0,2.0,0.0,36.2,0.0,0.0,0.0,6.0,0.0,42.0,0.0
2020-09-21,europe_east,922.0,106.0,62.0,1377.9,0.0,2.0,41.0,151.0,45.0,111.9,18.0
2020-09-21,iran,1820.0,372.0,333.0,-429.1,16.0,20.0,207.0,444.0,217.0,-569.9,19.0
2020-09-21,israel,3333.0,563.0,436.0,2390.2,8.0,8.0,249.0,356.0,175.0,-520.7,47.0
2020-09-21,korea,712.0,81.0,63.0,989.7,3.0,1.0,25.0,42.0,11.0,71.8,1.0
2020-09-21,libya,311.0,45.0,45.0,168.6,0.0,0.0,23.0,0.0,0.0,0.0,0.0
2020-09-21,scs,1970.0,206.0,236.0,2021.4,2.0,4.0,113.0,96.0,23.0,108.0,2.0
2020-09-21,southasia,7797.0,1514.0,1000.0,2130.4,29.0,12.0,473.0,33.0,17.0,-75.0,1.0
2020-09-21,sudan,575.0,48.0,60.0,847.0,2.0,1.0,24.0,14.0,1.0,44.0,0.0
2020-09-21,taiwan,676.0,83.0,104.0,277.6,7.0,10.0,24.0,322.0,127.0,-152.2,40.0
2020-09-21,ukraine,1372.0,239.0,192.0,584.9,0.0,4.0,131.0,89.0,38.0,-80.5,8.0
2020-09-21,venezuela,298.0,28.0,66.0,24.8,0.0,0.0,55.0,57.0,26.0,-98.8,6.0
2020-09-21,yemen,137.0,23.0,26.0,74.6,0.0,1.0,8.0,22.0,9.0,-30.8,3.0
2020-09-22,drc,13.0,2.0,0.0,28.2,0.0,0.0,0.0,8.0,0.0,48.8,0.0
2020-09-22,europe_east,825.0,91.0,96.0,914.3,0.0,13.0,56.0,96.0,34.0,-20.6,16.0
2020-09-22,iran,1682.0,317.0,290.0,-125.4,6.0,10.0,160.0,411.0,186.0,-274.9,20.0
2020-09-22,israel,3799.0,542.0,366.0,5178.2,5.0,5.0,183.0,395.0,135.0,206.9,29.0
2020-09-22,korea,740.0,64.0,87.0,1135.8,12.0,1.0,30.0,92.0,31.0,-56.1,4.0
2020-09-22,libya,368.0,45.0,50.0,330.8,0.0,0.0,31.0,0.0,0.0,0.0,0.0
2020-09-22,scs,2130.0,249.0,237.0,2283.8,5.0,1.0,132.0,106.0,24.0,96.8,5.0
2020-09-22,southasia,8195.0,1454.0,1108.0,2412.9,27.0,15.0,609.0,48.0,19.0,-56.6,5.0
2020-09-22,sudan,431.0,40.0,48.0,617.2,0.0,0.0,24.0,4.0,0.0,16.0,0.0
2020-09-22,taiwan,749.0,93.0,83.0,769.6,8.0,5.0,18.0,332.0,143.0,-295.2,47.0
2020-09-22,ukraine,1198.0,178.0,148.0,613.2,2.0,5.0,71.0,111.0,39.0,35.5,6.0
2020-09-22,venezuela,304.0,39.0,53.0,241.5,2.0,0.0,38.0,63.0,19.0,14.7,5.0
2020-09-22,yemen,254.0,33.0,29.0,139.5,3.0,0.0,1.0,35.0,13.0,8.4,2.0
2020-09-23,drc,52.0,7.0,12.0,-18.7,0.0,0.0,4.0,2.0,0.0,12.8,0.0
2020-09-23,europe_east,1104.0,172.0,69.0,1530.4,0.0,4.0,46.0,101.0,26.0,131.2,11.0
2020-09-23,iran,1595.0,316.0,245.0,95.5,14.0,4.0,105.0,305.0,136.0,-346.6,10.0
2020-09-23,israel,3917.0,529.0,425.0,4845.1,12.0,97.0,145.0,352.0,136.0,-96.9,19.0
2020-09-23,korea,728.0,93.0,85.0,672.2,4.0,1.0,33.0,86.0,29.0,33.8,2.0
2020-09-23,libya,305.0,30.0,46.0,353.2,0.0,0.0,25.0,0.0,0.0,0.0,0.0
2020-09-23,scs,2160.0,241.0,304.0,1420.1,11.0,4.0,136.0,124.0,24.0,137.3,5.0
2020-09-23,southasia,8099.0,1367.0,1040.0,2876.9,19.0,12.0,506.0,24.0,13.0,-62.3,5.0
2020-09-23,sudan,571.0,59.0,53.0,1001.2,0.0,2.0,33.0,7.0,0.0,25.0,0.0
2020-09-23,taiwan,591.0,56.0,55.0,701.3,6.0,4.0,16.0,181.0,83.0,-212.9,22.0
2020-09-23,ukraine,1640.0,296.0,178.0,171.1,4.0,7.0,94.0,144.0,55.0,-96.1,10.0
2020-09-23,venezuela,404.0,77.0,73.0,-122.4,3.0,0.0,47.0,103.0,29.0,24.7,3.0
2020-09-23,yemen,190.0,26.0,62.0,-308.0,1.0,4.0,12.0,47.0,22.0,-17.3,7.0
2020-09-24,drc,32.0,0.0,13.0,-52.9,0.0,0.0,1.0,8.0,2.0,-14.0,0.0
2020-09-24,europe_east,1029.0,114.0,133.0,764.7,0.0,2.0,74.0,115.0,28.0,91.6,10.0
2020-09-24,iran,1326.0,243.0,220.0,555.4,1.0,0.0,132.0,273.0,109.0,-26.6,6.0
2020-09-24,israel,3553.0,495.0,318.0,5382.2,6.0,1.0,154.0,413.0,138.0,-35.7,14.0
2020-09-24,korea,1559.0,278.0,405.0,-2068.4,2.0,11.0,55.0,360.0,250.0,-1676.0,7.0
2020-09-24,libya,358.0,61.0,73.0,-88.5,3.0,4.0,23.0,3.0,3.0,-21.0,3.0
2020-09-24,scs,2143.0,229.0,220.0,2493.3,0.0,0.0,110.0,106.0,33.0,-64.9,3.0
2020-09-24,southasia,7871.0,1372.0,1106.0,839.0,16.0,19.0,500.0,29.0,16.0,-95.1,0.0
2020-09-24,sudan,701.0,101.0,68.0,1130.0,0.0,0.0,29.0,7.0,0.0,17.5,0.0
2020-09-24,taiwan,545.0,92.0,49.0,500.5,7.0,4.0,16.0,195.0,67.0,46.2,23.0
2020-09-24,ukraine,1801.0,406.0,201.0,214.8,0.0,5.0,131.0,131.0,48.0,-1.8,7.0
2020-09-24,venezuela,413.0,72.0,55.0,250.1,0.0,0.0,35.0,93.0,35.0,25.6,7.0
2020-09-24,yemen,289.0,55.0,45.0,57.3,1.0,0.0,13.0,45.0,2.0,169.1,0.0
2020-09-25,drc,17.0,0.0,0.0,41.7,0.0,0.0,0.0,8.0,2.0,38.0,2.0
2020-09-25,europe_east,899.0,129.0,113.0,599.3,0.0,1.0,77.0,109.0,36.0,1.7,3.0
2020-09-25,iran,1195.0,231.0,174.0,263.5,9.0,1.0,104.0,272.0,117.0,-223.6,13.0
2020-09-25,israel,2909.0,436.0,323.0,2865.5,2.0,0.0,155.0,444.0,164.0,-273.6,30.0
2020-09-25,korea,1295.0,259.0,266.0,-748.5,4.0,2.0,47.0,349.0,182.0,-608.3,8.0
2020-09-25,libya,324.0,54.0,77.0,-342.9,2.0,3.0,8.0,2.0,2.0,-14.0,2.0
2020-09-25,scs,1695.0,209.0,222.0,1100.6,0.0,1.0,123.0,48.0,13.0,83.4,0.0
2020-09-25,southasia,7922.0,1658.0,1245.0,-3341.2,22.0,66.0,467.0,48.0,33.0,-202.6,0.0
2020-09-25,sudan,546.0,82.0,55.0,890.4,0.0,0.0,29.0,4.0,0.0,24.0,0.0
2020-09-25,taiwan,408.0,71.0,30.0,532.7,2.0,1.0,15.0,126.0,55.0,-35.1,8.0
2020-09-25,ukraine,1462.0,264.0,219.0,484.6,3.0,6.0,139.0,126.0,33.0,67.6,11.0
2020-09-25,venezuela,286.0,57.0,26.0,213.2,0.0,0.0,16.0,78.0,14.0,125.6,0.0
2020-09-25,yemen,222.0,37.0,35.0,115.8,1.0,2.0,5.0,41.0,17.0,34.9,0.0
2020-09-26,drc,26.0,4.0,7.0,-13.1,0.0,0.0,3.0,2.0,2.0,-4.0,0.0
2020-09-26,europe_east,410.0,36.0,81.0,191.4,0.0,0.0,50.0,40.0,3.0,58.0,1.0
2020-09-26,iran,659.0,109.0,102.0,48.0,2.0,9.0,39.0,162.0,88.0,-336.4,6.0
2020-09-26,israel,1763.0,309.0,236.0,1100.4,4.0,6.0,77.0,240.0,102.0,-243.9,4.0
2020-09-26,korea,527.0,96.0,116.0,-512.0,2.0,5.0,22.0,164.0,79.0,-375.6,0.0
2020-09-26,libya,180.0,23.0,33.0,10.0,0.0,0.0,8.0,4.0,2.0,-12.8,0.0
2020-09-26,scs,942.0,128.0,103.0,897.8,2.0,2.0,51.0,57.0,14.0,46.2,2.0
2020-09-26,southasia,5565.0,1130.0,781.0,-752.9,19.0,19.0,319.0,39.0,23.0,-87.4,0.0
2020-09-26,sudan,309.0,32.0,35.0,591.6,0.0,0.0,16.0,6.0,0.0,40.0,0.0
2020-09-26,taiwan,243.0,27.0,23.0,383.2,0.0,0.0,14.0,78.0,25.0,34.6,4.0
2020-09-26,ukraine,762.0,121.0,126.0,-59.7,2.0,1.0,66.0,40.0,23.0,-143.8,19.0
2020-09-26,venezuela,99.0,18.0,16.0,62.9,0.0,0.0,7.0,41.0,13.0,11.4,1.0
2020-09-26,yemen,180.0,32.0,30.0,88.5,0.0,3.0,2.0,42.0,13.0,67.9,2.0
2020-09-27,drc,13.0,0.0,2.0,32.5,0.0,0.0,0.0,0.0,0.0,0.0,0.0
2020-09-27,europe_east,619.0,61.0,68.0,683.4,0.0,2.0,37.0,72.0,4.0,101.7,0.0
2020-09-27,iran,960.0,183.0,135.0,573.6,9.0,1.0,70.0,216.0,107.0,-218.8,4.0
2020-09-27,israel,2462.0,389.0,442.0,303.5,13.0,2.0,166.0,323.0,131.0,-100.5,22.0
2020-09-27,korea,713.0,136.0,159.0,-915.9,0.0,2.0,13.0,240.0,134.0,-632.8,8.0
2020-09-27,libya,174.0,18.0,29.0,87.3,0.0,1.0,4.0,0.0,0.0,0.0,0.0
2020-09-27,scs,1213.0,151.0,121.0,1459.4,7.0,2.0,54.0,44.0,10.0,117.2,0.0
2020-09-27,southasia,6135.0,987.0,863.0,1467.4,26.0,30.0,376.0,21.0,9.0,-8.9,2.0
2020-09-27,sudan,299.0,21.0,22.0,717.7,0.0,0.0,18.0,4.0,0.0,24.0,0.0
2020-09-27,taiwan,296.0,39.0,31.0,174.2,4.0,3.0,9.0,72.0,28.0,-11.7,4.0
2020-09-27,ukraine,1167.0,316.0,183.0,-965.4,3.0,2.0,118.0,38.0,26.0,-131.4,1.0
2020-09-27,venezuela,102.0,17.0,12.0,56.5,0.0,0.0,1.0,26.0,7.0,-20.0,0.0
2020-09-27,yemen,378.0,27.0,27.0,1011.9,0.0,2.0,6.0,63.0,18.0,57.4,2.0
2020-09-28,drc,19.0,5.0,0.0,36.0,0.0,0.0,0.0,4.0,3.0,-20.3,0.0
2020-09-28,europe_east,1141.0,133.0,100.0,1309.3,1.0,2.0,59.0,111.0,22.0,114.7,15.0
2020-09-28,iran,922.0,136.0,204.0,-296.1,6.0,1.0,111.0,137.0,69.0,-172.7,16.0
2020-09-28,israel,1963.0,305.0,267.0,1438.2,16.0,2.0,99.0,207.0,119.0,-563.3,16.0
2020-09-28,korea,842.0,107.0,89.0,925.8,0.0,3.0,19.0,144.0,69.0,-194.7,0.0
2020-09-28,libya,270.0,24.0,33.0,573.4,0.0,0.0,7.0,3.0,1.0,9.6,1.0
2020-09-28,scs,1663.0,204.0,218.0,1268.4,4.0,0.0,74.0,100.0,30.0,118.6,4.0
2020-09-28,southasia,8055.0,1594.0,1276.0,-1962.7,22.0,30.0,581.0,32.0,17.0,-65.5,1.0
2020-09-28,sudan,462.0,49.0,67.0,482.4,0.0,0.0,33.0,8.0,8.0,-64.0,0.0
2020-09-28,taiwan,390.0,50.0,41.0,489.6,1.0,1.0,15.0,99.0,38.0,-77.8,9.0
2020-09-28,ukraine,1290.0,255.0,179.0,147.0,0.0,2.0,104.0,48.0,18.0,-1.9,3.0
2020-09-28,venezuela,269.0,27.0,25.0,793.3,2.0,0.0,23.0,13.0,4.0,-13.4,0.0
2020-09-28,yemen,257.0,15.0,28.0,574.4,0.0,0.0,3.0,29.0,4.0,46.0,1.0
2020-09-29,drc,26.0,4.0,0.0,71.4,0.0,0.0,0.0,0.0,0.0,0.0,0.0
2020-09-29,europe_east,1202.0,133.0,121.0,1257.8,3.0,3.0,86.0,237.0,60.0,14.0,15.0
2020-09-29,iran,1253.0,218.0,275.0,-699.4,8.0,0.0,138.0,271.0,121.0,-212.7,11.0
2020-09-29,israel,2882.0,468.0,366.0,1885.7,26.0,2.0,153.0,370.0,170.0,-484.5,29.0
2020-09-29,korea,892.0,160.0,128.0,38.2,4.0,0.0,26.0,165.0,99.0,-515.0,1.0
2020-09-29,libya,422.0,49.0,79.0,177.5,2.0,1.0,11.0,5.0,1.0,-4.0,0.0
2020-09-29,scs,1675.0,186.0,174.0,2014.3,1.0,3.0,72.0,66.0,17.0,133.4,0.0
2020-09-29,southasia,9055.0,1660.0,1546.0,-1961.2,20.0,21.0,636.0,28.0,11.0,-21.1,0.0
2020-09-29,sudan,292.0,39.0,21.0,393.1,0.0,0.0,7.0,9.0,6.0,-23.3,0.0
2020-09-29,taiwan,258.0,29.0,34.0,272.9,2.0,6.0,7.0,107.0,43.0,62.5,13.0
2020-09-29,ukraine,1786.0,237.0,247.0,723.7,3.0,1.0,168.0,61.0,18.0,26.3,9.0
2020-09-29,venezuela,170.0,18.0,24.0,60.0,0.0,0.0,17.0,32.0,8.0,-12.6,0.0
2020-09-29,yemen,214.0,26.0,18.0,226.0,1.0,0.0,3.0,41.0,23.0,-118.2,0.0
2020-09-30,drc,38.0,6.0,9.0,-49.9,0.0,0.0,3.0,4.0,1.0,14.2,0.0
2020-09-30,europe_east,1041.0,134.0,106.0,1019.1,1.0,2.0,70.0,98.0,43.0,-129.7,10.0
2020-09-30,iran,972.0,164.0,205.0,-313.7,10.0,2.0,91.0,170.0,73.0,35.3,5.0
2020-09-30,israel,2446.0,444.0,285.0,1454.9,23.0,6.0,106.0,375.0,166.0,-253.3,22.0
2020-09-30,korea,784.0,110.0,99.0,505.0,6.0,0.0,30.0,168.0,59.0,-159.8,0.0
2020-09-30,libya,326.0,22.0,60.0,93.8,0.0,1.0,6.0,0.0,0.0,0.0,0.0
2020-09-30,scs,1549.0,170.0,177.0,1443.7,2.0,2.0,49.0,86.0,25.0,137.0,2.0
2020-09-30,southasia,8212.0,1548.0,1487.0,-3142.1,19.0,11.0,663.0,26.0,17.0,-70.4,3.0
2020-09-30,sudan,348.0,47.0,55.0,269.6,0.0,0.0,14.0,10.0,7.0,-41.5,1.0
2020-09-30,taiwan,388.0,34.0,26.0,752.7,0.0,0.0,12.0,113.0,33.0,26.8,13.0
2020-09-30,ukraine,1296.0,226.0,171.0,141.8,0.0,1.0,95.0,46.0,27.0,-111.3,0.0
2020-09-30,venezuela,254.0,40.0,29.0,182.0,2.0,0.0,21.0,44.0,9.0,23.3,3.0
2020-09-30,yemen,156.0,18.0,32.0,34.4,0.0,0.0,6.0,24.0,5.0,60.9,0.0
2020-10-01,drc,32.0,3.0,2.0,25.7,0.0,0.0,0.0,1.0,0.0,3.5,0.0
2020-10-01,europe_east,980.0,117.0,82.0,1255.8,1.0,3.0,45.0,137.0,24.0,178.3,3.0
2020-10-01,iran,1014.0,198.0,199.0,-436.8,7.0,3.0,96.0,210.0,97.0,-241.2,7.0
2020-10-01,israel,3117.0,452.0,395.0,2859.1,5.0,2.0,155.0,577.0,245.0,-125.1,28.0
2020-10-01,korea,537.0,55.0,64.0,374.5,1.0,0.0,29.0,79.0,15.0,98.5,0.0
2020-10-01,libya,346.0,21.0,62.0,485.9,2.0,3.0,25.0,0.0,0.0,0.0,0.0
2020-10-01,scs,1758.0,148.0,184.0,2159.3,0.0,4.0,77.0,39.0,16.0,-12.1,5.0
2020-10-01,southasia,8926.0,1615.0,1796.0,-5077.3,16.0,19.0,650.0,79.0,41.0,-148.7,3.0
2020-10-01,sudan,371.0,62.0,54.0,205.4,0.0,1.0,19.0,2.0,2.0,-14.0,0.0
2020-10-01,taiwan,353.0,36.0,34.0,522.8,1.0,0.0,16.0,82.0,21.0,62.3,3.0
2020-10-01,ukraine,1285.0,227.0,171.0,226.3,0.0,1.0,84.0,105.0,49.0,-155.3,2.0
2020-10-01,venezuela,240.0,36.0,21.0,279.0,0.0,0.0,18.0,10.0,5.0,8.0,0.0
2020-10-01,yemen,161.0,26.0,33.0,-71.5,0.0,0.0,8.0,28.0,11.0,-41.6,0.0
2020-10-02,drc,12.0,0.0,3.0,17.8,0.0,0.0,0.0,0.0,0.0,0.0,0.0
2020-10-02,europe_east,808.0,102.0,79.0,1093.5,0.0,1.0,53.0,130.0,49.0,-8.1,12.0
2020-10-02,iran,770.0,120.0,118.0,-70.7,4.0,1.0,44.0,104.0,54.0,-99.7,6.0
2020-10-02,israel,2664.0,388.0,344.0,1685.9,8.0,4.0,114.0,430.0,168.0,-125.0,24.0
2020-10-02,korea,554.0,59.0,46.0,714.3,1.0,1.0,19.0,86.0,15.0,164.1,0.0
2020-10-02,libya,394.0,34.0,56.0,584.6,0.0,0.0,16.0,1.0,1.0,-9.2,1.0
2020-10-02,scs,1374.0,138.0,143.0,1764.8,2.0,4.0,66.0,41.0,9.0,116.5,1.0
2020-10-02,southasia,7936.0,1474.0,1478.0,-4315.0,2.0,17.0,455.0,33.0,11.0,15.1,0.0
2020-10-02,sudan,453.0,71.0,63.0,485.4,0.0,2.0,36.0,8.0,2.0,14.8,0.0
2020-10-02,taiwan,337.0,37.0,23.0,487.9,1.0,1.0,8.0,72.0,25.0,21.3,10.0
2020-10-02,ukraine,1209.0,171.0,176.0,725.3,2.0,0.0,119.0,51.0,17.0,96.9,2.0
2020-10-02,venezuela,192.0,41.0,37.0,-50.9,0.0,0.0,25.0,22.0,19.0,-102.0,3.0
2020-10-02,yemen,160.0,26.0,46.0,-241.1,3.0,0.0,2.0,7.0,7.0,-59.0,3.0
2020-10-03,drc,16.0,2.0,8.0,-66.4,0.0,0.0,1.0,0.0,0.0,0.0,0.0
2020-10-03,europe_east,352.0,36.0,46.0,325.1,1.0,0.0,29.0,48.0,23.0,-86.9,0.0
2020-10-03,iran,550.0,103.0,119.0,-202.7,0.0,0.0,57.0,79.0,39.0,-10.3,1.0
2020-10-03,israel,1048.0,215.0,154.0,181.5,8.0,1.0,72.0,175.0,97.0,-203.9,20.0
2020-10-03,korea,418.0,32.0,50.0,138.6,0.0,0.0,23.0,101.0,7.0,199.8,4.0
2020-10-03,libya,147.0,0.0,26.0,185.7,0.0,1.0,11.0,1.0,1.0,-9.2,1.0
2020-10-03,scs,760.0,63.0,90.0,787.8,2.0,3.0,44.0,12.0,0.0,62.4,0.0
2020-10-03,southasia,6006.0,1045.0,1035.0,-2045.7,7.0,24.0,325.0,30.0,11.0,-8.2,1.0
2020-10-03,sudan,547.0,38.0,36.0,1614.7,0.0,5.0,10.0,31.0,1.0,131.0,0.0
2020-10-03,taiwan,224.0,26.0,25.0,224.6,4.0,1.0,5.0,27.0,15.0,-56.8,9.0
2020-10-03,ukraine,480.0,85.0,79.0,-3.9,1.0,0.0,56.0,32.0,17.0,-65.2,2.0
2020-10-03,venezuela,86.0,17.0,4.0,80.0,0.0,0.0,0.0,8.0,7.0,-34.6,0.0
2020-10-03,yemen,86.0,6.0,28.0,-137.3,0.0,0.0,8.0,5.0,3.0,-14.5,0.0
2020-10-04,drc,10.0,0.0,9.0,-83.0,0.0,0.0,0.0,5.0,1.0,0.6,0.0
2020-10-04,europe_east,299.0,20.0,32.0,697.6,0.0,3.0,24.0,80.0,9.0,325.8,2.0
2020-10-04,iran,591.0,63.0,100.0,342.6,4.0,0.0,50.0,128.0,30.0,135.6,2.0
2020-10-04,israel,1455.0,257.0,263.0,-142.1,5.0,5.0,100.0,178.0,73.0,-60.9,17.0
2020-10-04,korea,365.0,31.0,57.0,120.4,0.0,3.0,16.0,28.0,10.0,-42.4,0.0
2020-10-04,libya,143.0,10.0,15.0,307.8,0.0,0.0,3.0,0.0,0.0,0.0,0.0
2020-10-04,scs,797.0,114.0,83.0,806.0,3.0,1.0,50.0,3.0,0.0,2.4,0.0
2020-10-04,southasia,4886.0,849.0,821.0,-692.9,10.0,18.0,259.0,19.0,9.0,-54.0,1.0
2020-10-04,sudan,448.0,41.0,28.0,1336.5,0.0,0.0,6.0,26.0,3.0,118.0,0.0
2020-10-04,taiwan,132.0,12.0,15.0,247.1,0.0,1.0,5.0,19.0,5.0,15.2,1.0
2020-10-04,ukraine,517.0,130.0,112.0,-688.6,0.0,2.0,67.0,41.0,7.0,91.0,0.0
2020-10-04,venezuela,77.0,5.0,12.0,64.0,0.0,0.0,3.0,12.0,5.0,-40.3,4.0
2020-10-04,yemen,101.0,11.0,17.0,96.2,0.0,0.0,6.0,21.0,1.0,24.0,0.0
2020-10-05,drc,8.0,0.0,0.0,13.4,0.0,0.0,0.0,4.0,4.0,-35.0,1.0
2020-10-05,europe_east,691.0,71.0,61.0,1081.6,1.0,2.0,43.0,111.0,12.0,273.3,3.0
2020-10-05,iran,1124.0,175.0,214.0,28.7,14.0,7.0,100.0,168.0,74.0,-188.7,15.0
2020-10-05,israel,2412.0,386.0,402.0,241.9,5.0,3.0,151.0,271.0,116.0,-245.5,20.0
2020-10-05,korea,665.0,71.0,57.0,692.4,2.0,5.0,22.0,56.0,18.0,-20.8,0.0
2020-10-05,libya,271.0,19.0,23.0,521.1,0.0,1.0,7.0,4.0,4.0,-24.0,0.0
2020-10-05,scs,1334.0,165.0,124.0,1528.1,1.0,7.0,61.0,16.0,2.0,52.2,0.0
2020-10-05,southasia,7042.0,1255.0,1105.0,-258.7,28.0,45.0,361.0,19.0,7.0,-11.7,2.0
2020-10-05,sudan,751.0,85.0,72.0,1555.0,0.0,6.0,24.0,20.0,4.0,117.0,0.0
2020-10-05,taiwan,281.0,33.0,29.0,401.7,2.0,2.0,12.0,69.0,17.0,101.6,2.0
2020-10-05,ukraine,856.0,189.0,126.0,-136.4,0.0,0.0,90.0,76.0,33.0,-46.8,2.0
2020-10-05,venezuela,313.0,59.0,30.0,158.3,0.0,0.0,12.0,38.0,6.0,45.9,3.0
2020-10-05,yemen,171.0,18.0,32.0,8.7,1.0,1.0,7.0,43.0,16.0,-67.8,7.0
2020-10-06,drc,36.0,4.0,2.0,12.3,0.0,0.0,0.0,7.0,3.0,-9.0,0.0
2020-10-06,europe_east,824.0,86.0,92.0,1018.0,1.0,0.0,74.0,149.0,40.0,35.6,8.0
2020-10-06,iran,1011.0,182.0,187.0,-356.7,9.0,2.0,85.0,206.0,105.0,-379.0,15.0
2020-10-06,israel,2535.0,385.0,347.0,1303.3,6.0,7.0,122.0,368.0,159.0,-390.5,24.0
2020-10-06,korea,733.0,82.0,76.0,620.4,0.0,1.0,21.0,93.0,33.0,-98.7,0.0
2020-10-06,libya,323.0,36.0,29.0,321.6,1.0,0.0,2.0,0.0,0.0,0.0,0.0
2020-10-06,scs,1355.0,174.0,127.0,1699.2,2.0,4.0,58.0,7.0,6.0,-19.2,0.0
2020-10-06,southasia,7275.0,1202.0,1221.0,-965.4,10.0,15.0,465.0,6.0,6.0,-45.0,0.0
2020-10-06,sudan,539.0,92.0,66.0,551.4,8.0,10.0,44.0,11.0,0.0,64.7,0.0
2020-10-06,taiwan,327.0,44.0,31.0,316.0,0.0,3.0,10.0,93.0,21.0,140.7,3.0
2020-10-06,ukraine,926.0,124.0,116.0,582.7,0.0,2.0,85.0,116.0,34.0,109.0,10.0
2020-10-06,venezuela,371.0,46.0,14.0,265.5,0.0,0.0,11.0,37.0,12.0,8.8,0.0
2020-10-06,yemen,170.0,38.0,15.0,63.2,6.0,1.0,6.0,51.0,13.0,102.9,3.0
2020-10-07,drc,13.0,1.0,1.0,7.9,0.0,0.0,0.0,8.0,6.0,-4.0,0.0
2020-10-07,europe_east,897.0,108.0,108.0,906.3,0.0,0.0,82.0,122.0,39.0,42.5,12.0
2020-10-07,iran,846.0,200.0,118.0,-342.5,36.0,5.0,30.0,117.0,50.0,-80.2,5.0
2020-10-07,israel,2163.0,312.0,313.0,1015.2,5.0,4.0,135.0,221.0,95.0,-203.1,21.0
2020-10-07,korea,716.0,118.0,83.0,434.3,1.0,2.0,44.0,64.0,30.0,-61.5,3.0
2020-10-07,libya,235.0,21.0,61.0,-85.3,1.0,1.0,9.0,1.0,1.0,-7.0,1.0
2020-10-07,scs,1431.0,170.0,174.0,1317.9,0.0,1.0,96.0,13.0,3.0,18.2,0.0
2020-10-07,southasia,6740.0,1103.0,981.0,1772.7,20.0,11.0,403.0,12.0,7.0,-59.4,1.0
2020-10-07,sudan,370.0,59.0,47.0,385.7,2.0,5.0,13.0,6.0,0.0,39.6,0.0
2020-10-07,taiwan,306.0,40.0,34.0,249.6,0.0,1.0,22.0,126.0,38.0,56.7,15.0
2020-10-07,ukraine,889.0,105.0,76.0,1191.3,0.0,4.0,45.0,35.0,18.0,-66.2,3.0
2020-10-07,venezuela,139.0,22.0,0.0,306.6,0.0,0.0,0.0,12.0,2.0,13.6,0.0
2020-10-07,yemen,175.0,12.0,54.0,-234.4,0.0,0.0,9.0,22.0,8.0,-41.1,0.0
2020-10-08,drc,25.0,0.0,4.0,31.7,0.0,0.0,0.0,29.0,3.0,73.2,0.0
2020-10-08,europe_east,806.0,83.0,96.0,1027.8,1.0,0.0,63.0,166.0,47.0,180.7,7.0
2020-10-08,iran,1252.0,192.0,202.0,776.6,8.0,3.0,123.0,246.0,103.0,1.6,3.0
2020-10-08,israel,2150.0,363.0,299.0,1284.3,6.0,0.0,159.0,276.0,115.0,-80.3,23.0
2020-10-08,korea,849.0,106.0,95.0,964.8,0.0,2.0,50.0,80.0,29.0,-47.3,2.0
2020-10-08,libya,349.0,45.0,63.0,199.1,0.0,0.0,21.0,0.0,0.0,0.0,0.0
2020-10-08,scs,1648.0,218.0,180.0,1993.0,0.0,1.0,79.0,29.0,8.0,53.8,0.0
2020-10-08,southasia,6877.0,1150.0,1064.0,1168.9,15.0,35.0,460.0,9.0,4.0,-16.1,2.0
2020-10-08,sudan,396.0,55.0,56.0,300.1,1.0,0.0,16.0,7.0,0.0,51.0,0.0
2020-10-08,taiwan,444.0,87.0,35.0,344.6,1.0,3.0,8.0,135.0,49.0,28.7,7.0
2020-10-08,ukraine,1124.0,133.0,100.0,1664.3,0.0,0.0,51.0,61.0,19.0,65.4,0.0
2020-10-08,venezuela,257.0,49.0,14.0,450.1,0.0,0.0,11.0,28.0,8.0,65.5,5.0
2020-10-08,yemen,161.0,16.0,35.0,-136.8,2.0,0.0,9.0,3.0,0.0,-2.0,0.0
2020-10-09,drc,17.0,2.0,4.0,-1.1,0.0,0.0,2.0,1.0,0.0,6.4,0.0
2020-10-09,europe_east,533.0,42.0,100.0,384.7,0.0,0.0,82.0,59.0,31.0,-76.6,3.0
2020-10-09,iran,874.0,161.0,167.0,311.0,7.0,3.0,97.0,173.0,85.0,-96.3,3.0
2020-10-09,israel,1515.0,244.0,202.0,826.1,7.0,5.0,76.0,171.0,74.0,-55.3,9.0
2020-10-09,korea,405.0,34.0,67.0,135.8,1.0,0.0,39.0,53.0,16.0,-30.6,4.0
2020-10-09,libya,173.0,13.0,34.0,97.5,0.0,0.0,13.0,0.0,0.0,0.0,0.0
2020-10-09,scs,817.0,91.0,96.0,719.0,2.0,0.0,42.0,30.0,5.0,41.0,0.0
2020-10-09,southasia,4379.0,717.0,685.0,289.3,4.0,2.0,324.0,22.0,15.0,-92.2,4.0
2020-10-09,sudan,127.0,13.0,19.0,206.2,0.0,0.0,6.0,2.0,0.0,8.0,0.0
2020-10-09,taiwan,290.0,33.0,31.0,292.9,1.0,0.0,17.0,96.0,37.0,-39.3,11.0
2020-10-09,ukraine,636.0,93.0,89.0,643.4,0.0,4.0,56.0,46.0,15.0,-1.0,3.0
2020-10-09,venezuela,180.0,22.0,33.0,62.8,0.0,0.0,30.0,18.0,6.0,22.5,4.0
2020-10-09,yemen,133.0,15.0,18.0,97.3,0.0,0.0,4.0,10.0,3.0,-6.6,2.0
2020-10-10,drc,6.0,0.0,2.0,6.8,0.0,0.0,0.0,0.0,0.0,0.0,0.0
2020-10-10,europe_east,600.0,56.0,128.0,495.5,1.0,4.0,105.0,124.0,64.0,-124.7,25.0
2020-10-10,iran,800.0,154.0,150.0,-218.2,5.0,3.0,66.0,118.0,66.0,-137.8,3.0
2020-10-10,israel,1285.0,185.0,210.0,415.0,5.0,3.0,91.0,219.0,74.0,239.6,17.0
2020-10-10,korea,718.0,65.0,77.0,412.2,1.0,0.0,41.0,188.0,66.0,-41.2,9.0
2020-10-10,libya,204.0,32.0,41.0,-25.6,0.0,0.0,6.0,0.0,0.0,0.0,0.0
2020-10-10,scs,1108.0,137.0,207.0,231.7,13.0,4.0,97.0,18.0,3.0,93.0,0.0
2020-10-10,southasia,6654.0,1078.0,1112.0,-373.7,8.0,35.0,400.0,21.0,17.0,-121.5,5.0
2020-10-10,sudan,251.0,36.0,41.0,123.3,0.0,0.0,11.0,5.0,0.0,27.0,0.0
2020-10-10,taiwan,510.0,71.0,56.0,449.9,4.0,6.0,20.0,280.0,81.0,275.0,13.0
2020-10-10,ukraine,677.0,113.0,123.0,106.8,0.0,2.0,93.0,18.0,12.0,-60.5,1.0
2020-10-10,venezuela,129.0,17.0,17.0,93.1,0.0,0.0,16.0,24.0,0.0,101.3,0.0
2020-10-10,yemen,150.0,19.0,24.0,-10.3,0.0,0.0,1.0,31.0,9.0,33.0,2.0
2020-10-11,drc,0.0,0.0,0.0,0.0,0.0,0.0,0.0,0.0,0.0,0.0,0.0
2020-10-11,europe_east,387.0,56.0,67.0,178.1,0.0,0.0,52.0,72.0,46.0,-200.3,14.0
2020-10-11,iran,755.0,132.0,104.0,423.9,8.0,0.0,47.0,117.0,38.0,76.7,1.0
2020-10-11,israel,1575.0,255.0,233.0,526.6,10.0,10.0,102.0,169.0,89.0,-261.6,20.0
2020-10-11,korea,740.0,88.0,58.0,630.9,8.0,0.0,29.0,147.0,30.0,104.7,3.0
2020-10-11,libya,192.0,20.0,28.0,217.6,0.0,0.0,3.0,0.0,0.0,0.0,0.0
2020-10-11,scs,1067.0,127.0,132.0,955.9,5.0,3.0,57.0,42.0,14.0,77.1,0.0
2020-10-11,southasia,5529.0,888.0,950.0,-752.2,4.0,20.0,329.0,4.0,4.0,-26.4,0.0
2020-10-11,sudan,219.0,24.0,15.0,424.2,0.0,0.0,7.0,2.0,2.0,-8.0,0.0
2020-10-11,taiwan,260.0,49.0,13.0,305.7,1.0,1.0,3.0,137.0,59.0,-53.5,7.0
2020-10-11,ukraine,580.0,140.0,123.0,-547.4,1.0,1.0,92.0,30.0,21.0,-105.1,2.0
2020-10-11,venezuela,99.0,11.0,9.0,100.7,0.0,0.0,7.0,28.0,13.0,-12.9,0.0
2020-10-11,yemen,132.0,8.0,28.0,-62.2,0.0,2.0,4.0,10.0,5.0,-29.0,0.0
2020-10-12,drc,35.0,1.0,2.0,80.5,0.0,0.0,2.0,0.0,0.0,0.0,0.0
2020-10-12,europe_east,813.0,67.0,71.0,1376.2,0.0,0.0,51.0,75.0,43.0,-129.6,10.0
2020-10-12,iran,732.0,133.0,131.0,-135.1,6.0,5.0,55.0,121.0,52.0,11.1,2.0
2020-10-12,israel,2995.0,390.0,310.0,3592.4,4.0,12.0,127.0,437.0,125.0,584.7,20.0
2020-10-12,korea,642.0,95.0,61.0,429.5,6.0,3.0,26.0,128.0,45.0,-138.5,6.0
2020-10-12,libya,359.0,32.0,56.0,388.2,0.0,0.0,18.0,0.0,0.0,0.0,0.0
2020-10-12,scs,1270.0,133.0,154.0,1636.1,1.0,2.0,90.0,12.0,2.0,12.0,0.0
2020-10-12,southasia,5850.0,972.0,951.0,386.5,5.0,15.0,345.0,25.0,8.0,-31.5,0.0
2020-10-12,sudan,363.0,53.0,22.0,613.0,1.0,0.0,11.0,2.0,0.0,14.0,0.0
2020-10-12,taiwan,367.0,51.0,31.0,390.6,4.0,3.0,11.0,161.0,86.0,-307.0,30.0
2020-10-12,ukraine,1161.0,195.0,175.0,278.2,4.0,1.0,124.0,122.0,53.0,-36.0,14.0
2020-10-12,venezuela,126.0,7.0,18.0,106.7,0.0,0.0,12.0,19.0,7.0,15.6,1.0
2020-10-12,yemen,100.0,13.0,24.0,-40.5,3.0,0.0,11.0,21.0,5.0,27.0,4.0
2020-10-13,drc,22.0,2.0,2.0,13.6,0.0,0.0,2.0,0.0,0.0,0.0,0.0
2020-10-13,europe_east,650.0,61.0,84.0,637.3,0.0,1.0,50.0,73.0,20.0,18.6,7.0
2020-10-13,iran,650.0,82.0,140.0,44.7,3.0,0.0,75.0,128.0,61.0,-105.5,7.0
2020-10-13,israel,2370.0,353.0,256.0,2761.1,5.0,2.0,118.0,366.0,144.0,162.3,18.0
2020-10-13,korea,722.0,103.0,81.0,552.9,4.0,0.0,37.0,113.0,32.0,-24.7,6.0
2020-10-13,libya,196.0,18.0,54.0,-131.8,1.0,2.0,11.0,0.0,0.0,0.0,0.0
2020-10-13,scs,1234.0,127.0,108.0,1679.3,6.0,2.0,44.0,35.0,16.0,-106.7,0.0
2020-10-13,southasia,5839.0,1005.0,893.0,1146.1,5.0,18.0,340.0,14.0,9.0,-38.0,3.0
2020-10-13,sudan,412.0,80.0,73.0,-124.8,0.0,0.0,26.0,12.0,4.0,-20.6,0.0
2020-10-13,taiwan,501.0,80.0,34.0,653.4,0.0,2.0,13.0,170.0,59.0,86.8,16.0
2020-10-13,ukraine,760.0,118.0,136.0,-135.9,6.0,1.0,95.0,38.0,23.0,-101.8,13.0
2020-10-13,venezuela,180.0,29.0,32.0,109.9,0.0,0.0,11.0,23.0,7.0,23.3,2.0
2020-10-13,yemen,121.0,18.0,36.0,-230.6,4.0,0.0,1.0,11.0,4.0,11.8,0.0
2020-10-14,drc,1.0,0.0,0.0,-2.0,0.0,0.0,0.0,8.0,0.0,18.8,0.0
2020-10-14,europe_east,727.0,86.0,79.0,685.2,8.0,1.0,43.0,52.0,4.0,121.4,0.0
2020-10-14,iran,731.0,136.0,136.0,39.5,5.0,1.0,66.0,80.0,28.0,50.1,0.0
2020-10-14,israel,3021.0,449.0,302.0,3768.3,10.0,5.0,157.0,649.0,208.0,838.1,31.0
2020-10-14,korea,596.0,88.0,67.0,400.1,0.0,2.0,33.0,63.0,30.0,-29.6,1.0
2020-10-14,libya,157.0,11.0,24.0,185.0,0.0,0.0,9.0,0.0,0.0,0.0,0.0
2020-10-14,scs,1465.0,143.0,145.0,1770.9,2.0,11.0,70.0,31.0,5.0,100.0,0.0
2020-10-14,southasia,6737.0,1171.0,1039.0,1780.3,21.0,19.0,474.0,28.0,11.0,-17.5,0.0
2020-10-14,sudan,365.0,45.0,91.0,-148.5,0.0,0.0,31.0,2.0,2.0,-20.0,0.0
2020-10-14,taiwan,399.0,49.0,41.0,542.8,0.0,4.0,16.0,125.0,59.0,-175.7,16.0
2020-10-14,ukraine,1010.0,170.0,95.0,640.6,3.0,0.0,58.0,84.0,25.0,103.1,6.0
2020-10-14,venezuela,135.0,16.0,20.0,82.7,0.0,0.0,14.0,20.0,12.0,-25.6,0.0
2020-10-14,yemen,364.0,33.0,34.0,649.0,1.0,0.0,4.0,141.0,20.0,341.9,5.0
2020-10-15,drc,20.0,2.0,1.0,36.5,0.0,0.0,1.0,1.0,0.0,5.2,0.0
2020-10-15,europe_east,859.0,74.0,60.0,1652.5,0.0,1.0,35.0,34.0,9.0,32.8,0.0
2020-10-15,iran,674.0,101.0,121.0,143.9,6.0,0.0,55.0,136.0,60.0,-50.6,2.0
2020-10-15,israel,2336.0,389.0,295.0,1730.4,3.0,3.0,140.0,411.0,139.0,338.6,22.0
2020-10-15,korea,670.0,89.0,68.0,624.0,0.0,5.0,29.0,57.0,18.0,20.6,0.0
2020-10-15,libya,280.0,48.0,59.0,-181.5,1.0,1.0,26.0,0.0,0.0,0.0,0.0
2020-10-15,scs,1491.0,162.0,155.0,1947.0,7.0,2.0,96.0,64.0,33.0,-72.9,5.0
2020-10-15,southasia,6191.0,974.0,956.0,1343.0,19.0,42.0,334.0,24.0,8.0,8.1,0.0
2020-10-15,sudan,510.0,81.0,86.0,-9.8,1.0,0.0,42.0,4.0,0.0,3.9,0.0
2020-10-15,taiwan,413.0,64.0,29.0,428.3,0.0,7.0,10.0,95.0,50.0,-65.0,11.0
2020-10-15,ukraine,1118.0,203.0,126.0,364.6,2.0,0.0,89.0,77.0,30.0,-82.2,7.0
2020-10-15,venezuela,127.0,21.0,16.0,65.1,0.0,0.0,11.0,8.0,5.0,5.0,0.0
2020-10-15,yemen,501.0,19.0,45.0,1235.2,0.0,3.0,9.0,173.0,27.0,396.1,6.0
2020-10-16,drc,9.0,4.0,0.0,-10.0,0.0,0.0,0.0,1.0,0.0,5.0,0.0
2020-10-16,europe_east,427.0,44.0,50.0,505.6,0.0,0.0,35.0,64.0,19.0,9.3,0.0
2020-10-16,iran,379.0,68.0,88.0,-128.6,10.0,1.0,36.0,55.0,41.0,-198.3,3.0
2020-10-16,israel,1129.0,178.0,92.0,1616.3,0.0,0.0,62.0,111.0,52.0,-105.3,8.0
2020-10-16,korea,431.0,64.0,27.0,725.9,0.0,0.0,16.0,47.0,11.0,26.2,4.0
2020-10-16,libya,162.0,14.0,31.0,152.0,0.0,0.0,18.0,6.0,0.0,14.1,0.0
2020-10-16,scs,798.0,96.0,53.0,1362.4,0.0,0.0,44.0,49.0,13.0,62.8,1.0
2020-10-16,southasia,3264.0,519.0,618.0,-991.0,4.0,17.0,236.0,19.0,4.0,32.7,0.0
2020-10-16,sudan,171.0,27.0,25.0,54.4,0.0,0.0,8.0,0.0,0.0,0.0,0.0
2020-10-16,taiwan,113.0,10.0,14.0,129.3,1.0,0.0,6.0,20.0,8.0,3.6,3.0
2020-10-16,ukraine,760.0,119.0,81.0,405.1,1.0,0.0,37.0,65.0,18.0,-19.7,1.0
2020-10-16,venezuela,24.0,7.0,6.0,-13.6,0.0,1.0,4.0,1.0,0.0,3.0,0.0
2020-10-16,yemen,141.0,6.0,10.0,273.9,1.0,2.0,0.0,25.0,7.0,37.8,0.0
2020-10-17,drc,5.0,1.0,0.0,6.5,0.0,0.0,0.0,0.0,0.0,0.0,0.0
2020-10-17,europe_east,676.0,64.0,52.0,1532.9,2.0,2.0,26.0,44.0,8.0,75.4,2.0
2020-10-17,iran,498.0,94.0,124.0,-413.4,2.0,1.0,55.0,108.0,64.0,-173.6,0.0
2020-10-17,israel,1363.0,233.0,157.0,1132.3,2.0,5.0,75.0,200.0,82.0,-76.1,20.0
2020-10-17,korea,282.0,30.0,36.0,247.4,2.0,0.0,16.0,24.0,8.0,-21.2,2.0
2020-10-17,libya,149.0,11.0,30.0,117.3,0.0,0.0,16.0,4.0,0.0,22.7,0.0
2020-10-17,scs,871.0,89.0,77.0,1153.7,2.0,2.0,32.0,55.0,15.0,42.4,1.0
2020-10-17,southasia,4556.0,875.0,693.0,-159.9,12.0,20.0,217.0,24.0,9.0,-39.4,0.0
2020-10-17,sudan,443.0,90.0,37.0,405.3,0.0,2.0,25.0,16.0,5.0,35.8,3.0
2020-10-17,taiwan,205.0,34.0,26.0,73.6,0.0,1.0,11.0,61.0,31.0,-64.7,6.0
2020-10-17,ukraine,861.0,134.0,91.0,476.0,8.0,3.0,40.0,72.0,20.0,-73.5,6.0
2020-10-17,venezuela,146.0,38.0,17.0,117.6,0.0,0.0,15.0,54.0,22.0,44.2,3.0
2020-10-17,yemen,167.0,7.0,12.0,386.6,0.0,1.0,0.0,54.0,4.0,176.2,0.0
2020-10-18,drc,14.0,1.0,4.0,-15.0,0.0,0.0,0.0,0.0,0.0,0.0,0.0
2020-10-18,europe_east,451.0,64.0,54.0,202.8,4.0,0.0,27.0,63.0,23.0,46.8,7.0
2020-10-18,iran,863.0,133.0,165.0,49.9,6.0,0.0,86.0,135.0,50.0,-16.6,3.0
2020-10-18,israel,2013.0,263.0,213.0,3024.2,5.0,0.0,114.0,236.0,116.0,-152.6,23.0
2020-10-18,korea,308.0,32.0,28.0,404.4,0.0,1.0,3.0,63.0,18.0,0.1,0.0
2020-10-18,libya,120.0,21.0,15.0,83.9,0.0,1.0,10.0,0.0,0.0,0.0,0.0
2020-10-18,scs,974.0,97.0,89.0,1450.8,2.0,8.0,46.0,29.0,12.0,-18.4,0.0
2020-10-18,southasia,4599.0,826.0,814.0,-1022.1,15.0,32.0,348.0,24.0,15.0,-103.1,2.0
2020-10-18,sudan,334.0,34.0,43.0,381.8,0.0,0.0,28.0,4.0,4.0,-31.0,2.0
2020-10-18,taiwan,182.0,14.0,30.0,25.9,2.0,3.0,9.0,48.0,13.0,-33.6,3.0
2020-10-18,ukraine,678.0,148.0,82.0,-70.6,2.0,3.0,42.0,28.0,3.0,29.4,2.0
2020-10-18,venezuela,139.0,20.0,17.0,175.8,0.0,0.0,14.0,31.0,8.0,28.6,2.0
2020-10-18,yemen,127.0,9.0,16.0,172.6,0.0,1.0,4.0,24.0,8.0,-15.3,2.0
2020-10-19,drc,8.0,0.0,0.0,26.6,0.0,0.0,0.0,0.0,0.0,0.0,0.0
2020-10-19,europe_east,732.0,58.0,68.0,1096.6,2.0,1.0,49.0,40.0,16.0,19.4,3.0
2020-10-19,iran,929.0,154.0,157.0,261.6,3.0,1.0,71.0,156.0,79.0,-256.5,10.0
2020-10-19,israel,2421.0,280.0,198.0,4131.0,1.0,1.0,103.0,299.0,109.0,63.7,17.0
2020-10-19,korea,595.0,72.0,81.0,514.7,3.0,0.0,16.0,35.0,12.0,-21.1,2.0
2020-10-19,libya,102.0,9.0,11.0,120.7,0.0,0.0,6.0,0.0,0.0,0.0,0.0
2020-10-19,scs,1582.0,139.0,155.0,2577.4,4.0,4.0,69.0,73.0,10.0,150.2,0.0
2020-10-19,southasia,5816.0,949.0,792.0,2927.4,4.0,17.0,380.0,6.0,1.0,11.2,0.0
2020-10-19,sudan,772.0,99.0,113.0,587.8,0.0,3.0,66.0,12.0,0.0,52.7,0.0
2020-10-19,taiwan,585.0,109.0,92.0,-132.4,2.0,3.0,17.0,240.0,145.0,-737.4,12.0
2020-10-19,ukraine,1081.0,200.0,107.0,564.9,5.0,1.0,73.0,101.0,28.0,-3.6,5.0
2020-10-19,venezuela,87.0,16.0,7.0,78.4,0.0,0.0,4.0,36.0,4.0,64.2,0.0
2020-10-19,yemen,111.0,10.0,25.0,71.3,0.0,1.0,10.0,3.0,1.0,-3.0,1.0
2020-10-20,drc,32.0,10.0,6.0,-79.6,0.0,0.0,1.0,3.0,0.0,0.4,0.0
2020-10-20,europe_east,842.0,112.0,122.0,752.0,0.0,4.0,76.0,48.0,9.0,56.1,0.0
2020-10-20,iran,823.0,132.0,165.0,119.5,3.0,0.0,89.0,125.0,57.0,-167.0,2.0
2020-10-20,israel,2938.0,328.0,257.0,4803.1,4.0,6.0,99.0,340.0,120.0,-13.2,12.0
2020-10-20,korea,644.0,76.0,78.0,577.1,1.0,0.0,18.0,65.0,18.0,83.4,2.0
2020-10-20,libya,144.0,7.0,24.0,220.9,1.0,0.0,4.0,0.0,0.0,0.0,0.0
2020-10-20,scs,1505.0,170.0,159.0,1788.6,2.0,5.0,44.0,49.0,7.0,126.5,0.0
2020-10-20,southasia,5446.0,952.0,738.0,2236.2,21.0,5.0,336.0,12.0,3.0,16.6,0.0
2020-10-20,sudan,731.0,117.0,114.0,419.4,0.0,2.0,61.0,6.0,4.0,-35.3,0.0
2020-10-20,taiwan,444.0,64.0,60.0,373.2,2.0,1.0,26.0,139.0,38.0,137.1,1.0
2020-10-20,ukraine,983.0,155.0,85.0,697.6,3.0,2.0,50.0,57.0,20.0,41.0,8.0
2020-10-20,venezuela,170.0,19.0,37.0,-47.5,0.0,1.0,28.0,29.0,10.0,10.3,0.0
2020-10-20,yemen,144.0,14.0,18.0,145.7,0.0,2.0,6.0,23.0,12.0,-54.2,0.0
2020-10-21,drc,17.0,4.0,4.0,-22.8,0.0,0.0,2.0,11.0,2.0,19.9,2.0
2020-10-21,europe_east,669.0,90.0,58.0,686.7,0.0,4.0,35.0,40.0,7.0,52.9,0.0
2020-10-21,iran,689.0,110.0,136.0,-81.8,6.0,2.0,73.0,157.0,72.0,-88.6,4.0
2020-10-21,israel,2391.0,306.0,347.0,1443.4,7.0,3.0,136.0,383.0,176.0,-489.9,26.0
2020-10-21,korea,673.0,86.0,87.0,367.5,3.0,0.0,26.0,85.0,30.0,21.3,3.0
2020-10-21,libya,211.0,20.0,24.0,193.7,0.0,0.0,9.0,4.0,0.0,-4.0,0.0
2020-10-21,scs,1240.0,121.0,114.0,1919.5,1.0,4.0,57.0,73.0,16.0,150.2,2.0
2020-10-21,southasia,6141.0,952.0,849.0,2632.0,23.0,10.0,374.0,27.0,13.0,-15.8,2.0
2020-10-21,sudan,501.0,73.0,62.0,449.5,2.0,0.0,43.0,0.0,0.0,0.0,0.0
2020-10-21,taiwan,383.0,59.0,44.0,449.9,3.0,0.0,21.0,170.0,64.0,-36.3,15.0
2020-10-21,ukraine,925.0,139.0,89.0,728.7,4.0,2.0,58.0,89.0,30.0,36.0,2.0
2020-10-21,venezuela,263.0,34.0,37.0,64.3,0.0,0.0,19.0,63.0,15.0,16.7,5.0
2020-10-21,yemen,106.0,9.0,15.0,25.8,0.0,1.0,1.0,29.0,5.0,28.7,0.0
2020-10-22,drc,20.0,2.0,1.0,13.5,2.0,0.0,0.0,7.0,0.0,23.2,0.0
2020-10-22,europe_east,647.0,95.0,60.0,660.7,1.0,0.0,30.0,31.0,3.0,73.8,0.0
2020-10-22,iran,1039.0,250.0,120.0,-234.1,7.0,0.0,45.0,229.0,100.0,-258.7,9.0
2020-10-22,israel,2264.0,356.0,253.0,1782.7,7.0,0.0,123.0,200.0,111.0,-443.7,26.0
2020-10-22,korea,695.0,85.0,89.0,317.7,5.0,5.0,32.0,63.0,23.0,25.6,2.0
2020-10-22,libya,198.0,35.0,20.0,260.1,0.0,0.0,8.0,0.0,0.0,0.0,0.0
2020-10-22,scs,1412.0,152.0,100.0,2257.7,5.0,1.0,60.0,78.0,26.0,36.6,5.0
2020-10-22,southasia,5410.0,952.0,729.0,1949.5,14.0,3.0,335.0,41.0,26.0,-153.4,3.0
2020-10-22,sudan,442.0,59.0,38.0,577.1,0.0,0.0,19.0,2.0,0.0,0.0,0.0
2020-10-22,taiwan,460.0,61.0,40.0,505.0,10.0,1.0,16.0,194.0,98.0,-285.1,27.0
2020-10-22,ukraine,882.0,144.0,53.0,778.3,3.0,0.0,34.0,42.0,13.0,41.3,1.0
2020-10-22,venezuela,186.0,22.0,8.0,316.9,0.0,0.0,6.0,60.0,5.0,227.7,3.0
2020-10-22,yemen,75.0,4.0,25.0,-53.1,0.0,0.0,10.0,4.0,3.0,-13.6,0.0
2020-10-23,drc,7.0,0.0,0.0,20.6,0.0,0.0,0.0,0.0,0.0,0.0,0.0
2020-10-23,europe_east,571.0,92.0,80.0,334.0,0.0,4.0,46.0,14.0,1.0,15.8,0.0
2020-10-23,iran,689.0,115.0,126.0,-114.7,5.0,4.0,67.0,129.0,69.0,-178.9,2.0
2020-10-23,israel,1838.0,253.0,172.0,2713.0,4.0,1.0,74.0,221.0,102.0,-225.6,23.0
2020-10-23,korea,724.0,116.0,105.0,118.4,8.0,0.0,45.0,126.0,43.0,-102.8,1.0
2020-10-23,libya,311.0,21.0,36.0,836.2,0.0,0.0,11.0,6.0,0.0,14.7,0.0
2020-10-23,scs,1002.0,127.0,165.0,250.3,7.0,3.0,80.0,17.0,6.0,5.4,0.0
2020-10-23,southasia,3759.0,676.0,522.0,976.9,7.0,10.0,220.0,10.0,8.0,-61.5,0.0
2020-10-23,sudan,997.0,122.0,107.0,1549.7,0.0,5.0,59.0,0.0,0.0,0.0,0.0
2020-10-23,taiwan,337.0,47.0,29.0,401.8,5.0,0.0,8.0,119.0,62.0,-109.0,22.0
2020-10-23,ukraine,748.0,146.0,44.0,629.7,0.0,0.0,20.0,59.0,13.0,58.1,0.0
2020-10-23,venezuela,170.0,34.0,11.0,113.2,0.0,0.0,9.0,18.0,0.0,68.0,0.0
2020-10-23,yemen,60.0,9.0,13.0,3.9,0.0,0.0,6.0,3.0,1.0,10.0,0.0
2020-10-24,drc,9.0,0.0,0.0,34.4,0.0,0.0,0.0,0.0,0.0,0.0,0.0
2020-10-24,europe_east,375.0,51.0,37.0,416.6,1.0,0.0,26.0,10.0,1.0,23.4,0.0
2020-10-24,iran,424.0,59.0,81.0,32.1,3.0,2.0,31.0,98.0,49.0,-56.6,7.0
2020-10-24,israel,1309.0,196.0,101.0,2368.5,1.0,6.0,44.0,182.0,76.0,-22.4,9.0
2020-10-24,korea,297.0,28.0,28.0,307.0,1.0,0.0,7.0,48.0,16.0,-7.3,3.0
2020-10-24,libya,223.0,13.0,20.0,629.4,0.0,0.0,10.0,2.0,0.0,4.7,0.0
2020-10-24,scs,634.0,71.0,48.0,1169.6,0.0,6.0,21.0,26.0,16.0,-38.2,5.0
2020-10-24,southasia,3375.0,582.0,508.0,259.3,9.0,8.0,192.0,18.0,11.0,-72.2,4.0
2020-10-24,sudan,783.0,88.0,50.0,1970.4,1.0,13.0,25.0,2.0,0.0,6.8,0.0
2020-10-24,taiwan,119.0,19.0,11.0,109.4,5.0,1.0,5.0,52.0,34.0,-79.2,10.0
2020-10-24,ukraine,346.0,78.0,32.0,-10.2,1.0,0.0,12.0,6.0,1.0,-2.0,0.0
2020-10-24,venezuela,122.0,13.0,15.0,148.2,0.0,0.0,7.0,7.0,5.0,-22.6,0.0
2020-10-24,yemen,84.0,12.0,16.0,-0.9,0.0,0.0,0.0,21.0,5.0,-0.4,0.0
2020-10-25,drc,35.0,3.0,8.0,45.3,0.0,0.0,7.0,0.0,0.0,0.0,0.0
2020-10-25,europe_east,366.0,54.0,43.0,91.0,1.0,0.0,16.0,20.0,5.0,-10.9,5.0
2020-10-25,iran,544.0,95.0,153.0,-563.4,3.0,19.0,75.0,90.0,33.0,30.7,11.0
2020-10-25,israel,2021.0,283.0,236.0,2252.6,8.0,5.0,96.0,191.0,83.0,-56.6,23.0
2020-10-25,korea,443.0,53.0,73.0,278.3,0.0,0.0,41.0,42.0,7.0,51.5,0.0
2020-10-25,libya,216.0,16.0,21.0,446.1,0.0,0.0,7.0,0.0,0.0,0.0,0.0
2020-10-25,scs,823.0,82.0,63.0,1067.1,1.0,5.0,34.0,22.0,0.0,76.9,0.0
2020-10-25,southasia,3862.0,705.0,527.0,712.8,11.0,17.0,245.0,17.0,10.0,-19.2,3.0
2020-10-25,sudan,611.0,85.0,43.0,1051.5,2.0,3.0,28.0,0.0,0.0,0.0,0.0
2020-10-25,taiwan,259.0,43.0,22.0,255.1,2.0,2.0,13.0,136.0,48.0,-4.7,12.0
2020-10-25,ukraine,513.0,107.0,78.0,-197.9,5.0,1.0,46.0,87.0,33.0,-51.5,0.0
2020-10-25,venezuela,241.0,30.0,16.0,343.8,1.0,0.0,11.0,8.0,5.0,2.2,0.0
2020-10-25,yemen,116.0,18.0,27.0,-78.4,0.0,0.0,11.0,24.0,20.0,-106.0,0.0
2020-10-26,drc,6.0,1.0,1.0,-2.6,0.0,0.0,0.0,0.0,0.0,0.0,0.0
2020-10-26,europe_east,931.0,151.0,91.0,881.9,4.0,3.0,69.0,18.0,1.0,42.7,0.0
2020-10-26,iran,664.0,144.0,107.0,170.1,4.0,6.0,60.0,101.0,46.0,-65.5,3.0
2020-10-26,israel,2095.0,350.0,204.0,2060.3,9.0,4.0,102.0,254.0,103.0,88.1,20.0
2020-10-26,korea,596.0,98.0,92.0,146.2,0.0,3.0,43.0,24.0,10.0,-13.7,1.0
2020-10-26,libya,280.0,38.0,44.0,290.8,0.0,0.0,13.0,4.0,0.0,20.7,0.0
2020-10-26,scs,1227.0,142.0,150.0,1228.8,3.0,6.0,65.0,36.0,8.0,50.2,6.0
2020-10-26,southasia,5402.0,917.0,621.0,3973.2,15.0,5.0,338.0,18.0,11.0,-60.0,1.0
2020-10-26,sudan,727.0,70.0,68.0,1360.1,4.0,8.0,31.0,2.0,1.0,-2.0,1.0
2020-10-26,taiwan,371.0,46.0,49.0,289.2,2.0,1.0,26.0,150.0,70.0,-119.6,11.0
2020-10-26,ukraine,813.0,172.0,101.0,13.3,4.0,1.0,68.0,42.0,19.0,-48.8,0.0
2020-10-26,venezuela,141.0,22.0,24.0,3.9,0.0,5.0,13.0,0.0,0.0,0.0,0.0
2020-10-26,yemen,73.0,2.0,14.0,31.1,0.0,1.0,1.0,15.0,8.0,-37.6,2.0
2020-10-27,drc,7.0,0.0,3.0,1.8,0.0,0.0,3.0,5.0,5.0,-42.0,0.0
2020-10-27,europe_east,738.0,115.0,87.0,397.9,1.0,1.0,37.0,44.0,4.0,69.5,0.0
2020-10-27,iran,707.0,137.0,134.0,-115.5,3.0,3.0,73.0,138.0,76.0,-314.8,2.0
2020-10-27,israel,1601.0,230.0,200.0,1611.5,5.0,1.0,104.0,266.0,110.0,-77.5,21.0
2020-10-27,korea,520.0,69.0,85.0,80.6,1.0,0.0,23.0,22.0,2.0,36.0,0.0
2020-10-27,libya,203.0,37.0,20.0,355.8,0.0,1.0,2.0,4.0,0.0,9.4,0.0
2020-10-27,scs,1332.0,148.0,146.0,1426.2,4.0,1.0,85.0,62.0,28.0,-33.4,6.0
2020-10-27,southasia,6257.0,1034.0,787.0,2397.8,26.0,14.0,246.0,48.0,26.0,-97.4,6.0
2020-10-27,sudan,536.0,53.0,47.0,1100.4,1.0,1.0,36.0,1.0,0.0,6.0,0.0
2020-10-27,taiwan,363.0,38.0,40.0,468.3,3.0,0.0,16.0,103.0,45.0,67.3,3.0
2020-10-27,ukraine,745.0,125.0,80.0,466.1,5.0,2.0,49.0,64.0,11.0,92.6,0.0
2020-10-27,venezuela,162.0,37.0,17.0,92.5,0.0,0.0,15.0,34.0,20.0,-7.0,5.0
2020-10-27,yemen,119.0,14.0,28.0,-21.2,0.0,0.0,4.0,27.0,15.0,-70.4,1.0
2020-10-28,drc,4.0,1.0,0.0,-0.6,0.0,0.0,0.0,0.0,0.0,0.0,0.0
2020-10-28,europe_east,809.0,134.0,108.0,442.7,0.0,1.0,56.0,37.0,11.0,49.3,2.0
2020-10-28,iran,1192.0,233.0,138.0,550.7,4.0,10.0,67.0,149.0,54.0,60.4,1.0
2020-10-28,israel,2635.0,404.0,301.0,2950.4,2.0,3.0,123.0,423.0,148.0,326.4,28.0
2020-10-28,korea,539.0,72.0,53.0,641.9,0.0,3.0,16.0,44.0,20.0,-76.7,0.0
2020-10-28,libya,180.0,22.0,44.0,-66.1,0.0,0.0,10.0,1.0,0.0,0.0,0.0
2020-10-28,scs,1345.0,142.0,137.0,1750.9,1.0,2.0,75.0,75.0,12.0,159.9,1.0
2020-10-28,southasia,5996.0,1024.0,749.0,2589.9,11.0,11.0,266.0,18.0,6.0,-7.6,0.0
2020-10-28,sudan,411.0,31.0,39.0,866.3,0.0,0.0,13.0,0.0,0.0,0.0,0.0
2020-10-28,taiwan,346.0,29.0,40.0,515.2,1.0,0.0,17.0,130.0,34.0,130.8,0.0
2020-10-28,ukraine,827.0,153.0,75.0,544.4,2.0,0.0,45.0,52.0,20.0,-31.0,2.0
2020-10-28,venezuela,255.0,42.0,43.0,-29.4,2.0,0.0,27.0,14.0,8.0,-27.2,2.0
2020-10-28,yemen,152.0,37.0,31.0,-215.7,7.0,0.0,7.0,37.0,23.0,-120.0,4.0
2020-10-29,drc,6.0,0.0,0.0,30.3,0.0,0.0,0.0,0.0,0.0,0.0,0.0
2020-10-29,europe_east,552.0,91.0,46.0,559.2,1.0,2.0,30.0,42.0,21.0,-63.0,13.0
2020-10-29,iran,612.0,87.0,85.0,534.3,0.0,12.0,39.0,130.0,24.0,212.4,3.0
2020-10-29,israel,1756.0,267.0,187.0,2115.4,0.0,0.0,92.0,300.0,83.0,418.9,18.0
2020-10-29,korea,621.0,105.0,72.0,296.2,1.0,1.0,43.0,42.0,17.0,-25.3,1.0
2020-10-29,libya,112.0,18.0,15.0,141.0,1.0,1.0,6.0,0.0,0.0,0.0,0.0
2020-10-29,scs,1165.0,136.0,149.0,1179.4,0.0,6.0,58.0,41.0,10.0,19.7,0.0
2020-10-29,southasia,5153.0,946.0,679.0,884.8,13.0,9.0,238.0,37.0,6.0,88.3,0.0
2020-10-29,sudan,306.0,31.0,27.0,482.7,0.0,0.0,14.0,4.0,0.0,19.4,0.0
2020-10-29,taiwan,264.0,33.0,26.0,299.4,1.0,1.0,10.0,71.0,22.0,-12.4,5.0
2020-10-29,ukraine,616.0,81.0,67.0,506.4,4.0,0.0,43.0,37.0,1.0,97.6,0.0
2020-10-29,venezuela,200.0,86.0,10.0,1.4,0.0,0.0,7.0,18.0,5.0,-0.2,2.0
2020-10-29,yemen,81.0,15.0,11.0,50.3,2.0,0.0,3.0,14.0,7.0,-18.9,2.0
2020-10-30,drc,16.0,0.0,4.0,15.8,0.0,0.0,0.0,0.0,0.0,0.0,0.0
2020-10-30,europe_east,334.0,67.0,40.0,258.8,0.0,0.0,35.0,41.0,24.0,-100.6,6.0
2020-10-30,iran,488.0,80.0,62.0,325.1,5.0,2.0,36.0,62.0,27.0,35.4,2.0
2020-10-30,israel,1235.0,202.0,148.0,931.6,10.0,5.0,68.0,154.0,68.0,-73.5,10.0
2020-10-30,korea,340.0,52.0,41.0,175.3,2.0,2.0,18.0,55.0,18.0,12.9,0.0
2020-10-30,libya,90.0,13.0,7.0,182.3,0.0,0.0,1.0,0.0,0.0,0.0,0.0
2020-10-30,scs,813.0,75.0,78.0,1096.2,0.0,11.0,25.0,67.0,14.0,64.7,3.0
2020-10-30,southasia,3390.0,618.0,566.0,-793.6,7.0,10.0,221.0,12.0,4.0,9.5,1.0
2020-10-30,sudan,236.0,18.0,24.0,412.1,0.0,0.0,2.0,4.0,3.0,-32.0,0.0
2020-10-30,taiwan,219.0,23.0,32.0,128.2,0.0,1.0,15.0,51.0,21.0,-88.0,1.0
2020-10-30,ukraine,549.0,95.0,99.0,-92.9,4.0,2.0,65.0,32.0,17.0,-29.0,4.0
2020-10-30,venezuela,104.0,18.0,7.0,93.7,1.0,0.0,5.0,21.0,3.0,23.0,0.0
2020-10-30,yemen,25.0,1.0,10.0,-56.7,0.0,0.0,0.0,19.0,16.0,-112.0,0.0
2020-10-31,drc,24.0,0.0,2.0,68.1,0.0,0.0,0.0,8.0,0.0,18.8,0.0
2020-10-31,europe_east,189.0,30.0,20.0,156.2,0.0,0.0,10.0,17.0,10.0,-18.2,0.0
2020-10-31,iran,270.0,42.0,51.0,55.2,0.0,2.0,25.0,32.0,11.0,-5.8,2.0
2020-10-31,israel,652.0,143.0,68.0,481.6,2.0,0.0,42.0,65.0,34.0,-99.1,14.0
2020-10-31,korea,158.0,26.0,34.0,-29.5,0.0,0.0,19.0,14.0,4.0,21.4,0.0
2020-10-31,libya,76.0,3.0,8.0,176.0,0.0,0.0,3.0,0.0,0.0,0.0,0.0
2020-10-31,scs,434.0,44.0,72.0,352.5,0.0,0.0,47.0,46.0,5.0,136.5,1.0
2020-10-31,southasia,1909.0,332.0,257.0,137.6,4.0,2.0,100.0,1.0,1.0,-2.0,0.0
2020-10-31,sudan,192.0,23.0,19.0,311.3,0.0,0.0,1.0,2.0,0.0,14.0,0.0
2020-10-31,taiwan,72.0,7.0,23.0,-68.7,0.0,0.0,13.0,7.0,3.0,4.8,0.0
2020-10-31,ukraine,195.0,30.0,41.0,-10.3,0.0,1.0,28.0,23.0,8.0,53.8,0.0
2020-10-31,venezuela,163.0,74.0,16.0,-53.6,1.0,0.0,10.0,35.0,10.0,65.1,1.0
2020-10-31,yemen,47.0,8.0,6.0,11.0,0.0,0.0,1.0,12.0,0.0,73.8,0.0
2020-11-01,drc,4.0,1.0,1.0,-8.8,0.0,0.0,0.0,1.0,1.0,-10.0,0.0
2020-11-01,europe_east,263.0,30.0,28.0,229.7,0.0,0.0,21.0,22.0,8.0,8.6,0.0
2020-11-01,iran,390.0,42.0,66.0,139.3,1.0,0.0,36.0,61.0,18.0,50.9,1.0
2020-11-01,israel,1021.0,187.0,126.0,241.0,4.0,0.0,46.0,90.0,41.0,-120.2,12.0
2020-11-01,korea,354.0,38.0,50.0,487.3,0.0,0.0,34.0,12.0,4.0,12.0,1.0
2020-11-01,libya,83.0,4.0,15.0,33.4,0.0,0.0,1.0,0.0,0.0,0.0,0.0
2020-11-01,scs,672.0,50.0,92.0,335.3,0.0,4.0,34.0,14.0,4.0,16.2,4.0
2020-11-01,southasia,3330.0,664.0,534.0,-1217.8,3.0,7.0,179.0,16.0,11.0,-65.4,0.0
2020-11-01,sudan,368.0,53.0,32.0,567.4,0.0,0.0,10.0,10.0,3.0,19.3,0.0
2020-11-01,taiwan,180.0,23.0,36.0,32.9,1.0,0.0,17.0,23.0,13.0,-75.5,1.0
2020-11-01,ukraine,257.0,57.0,27.0,-24.8,7.0,1.0,24.0,8.0,4.0,-18.5,0.0
2020-11-01,venezuela,113.0,13.0,16.0,113.1,1.0,3.0,8.0,24.0,7.0,61.0,0.0
2020-11-01,yemen,65.0,6.0,20.0,-50.9,0.0,0.0,8.0,6.0,0.0,34.0,0.0
2020-11-02,drc,11.0,3.0,1.0,8.9,0.0,0.0,1.0,0.0,0.0,0.0,0.0
2020-11-02,europe_east,533.0,69.0,53.0,627.4,0.0,1.0,37.0,58.0,12.0,58.1,9.0
2020-11-02,iran,893.0,160.0,140.0,28.2,3.0,3.0,79.0,130.0,43.0,134.7,3.0
2020-11-02,israel,1943.0,284.0,248.0,1352.7,2.0,1.0,105.0,215.0,102.0,-258.2,25.0
2020-11-02,korea,684.0,82.0,77.0,876.1,2.0,0.0,43.0,42.0,29.0,-160.4,4.0
2020-11-02,libya,171.0,12.0,22.0,187.8,1.0,0.0,4.0,2.0,0.0,4.7,0.0
2020-11-02,scs,1500.0,148.0,138.0,1699.1,0.0,7.0,58.0,42.0,14.0,48.9,0.0
2020-11-02,southasia,4779.0,884.0,665.0,598.7,8.0,16.0,256.0,20.0,10.0,-45.1,1.0
2020-11-02,sudan,588.0,60.0,65.0,887.2,0.0,1.0,14.0,1.0,1.0,-10.0,0.0
2020-11-02,taiwan,249.0,26.0,35.0,98.4,0.0,1.0,12.0,36.0,8.0,-14.5,0.0
2020-11-02,ukraine,546.0,113.0,90.0,-254.5,2.0,0.0,62.0,28.0,10.0,-1.6,2.0
2020-11-02,venezuela,122.0,24.0,16.0,61.6,0.0,1.0,8.0,23.0,6.0,36.6,0.0
2020-11-02,yemen,102.0,10.0,21.0,23.3,0.0,0.0,3.0,17.0,1.0,62.1,0.0
2020-11-03,drc,35.0,0.0,6.0,69.1,0.0,0.0,5.0,0.0,0.0,0.0,0.0
2020-11-03,europe_east,380.0,40.0,58.0,340.2,0.0,9.0,30.0,40.0,27.0,-127.4,17.0
2020-11-03,iran,551.0,121.0,88.0,-173.4,1.0,1.0,47.0,120.0,39.0,18.3,0.0
2020-11-03,israel,1390.0,208.0,197.0,1017.1,0.0,0.0,90.0,178.0,65.0,-6.6,12.0
2020-11-03,korea,491.0,46.0,62.0,340.9,0.0,2.0,26.0,61.0,24.0,-51.7,4.0
2020-11-03,libya,132.0,11.0,24.0,121.9,0.0,2.0,7.0,0.0,0.0,0.0,0.0
2020-11-03,scs,1024.0,103.0,87.0,1484.2,1.0,0.0,42.0,11.0,5.0,-2.2,0.0
2020-11-03,southasia,3736.0,543.0,497.0,1842.8,1.0,19.0,181.0,6.0,2.0,-22.0,0.0
2020-11-03,sudan,280.0,39.0,19.0,578.0,0.0,0.0,9.0,0.0,0.0,0.0,0.0
2020-11-03,taiwan,159.0,18.0,15.0,201.9,0.0,2.0,6.0,15.0,7.0,-6.6,2.0
2020-11-03,ukraine,335.0,57.0,42.0,-6.1,0.0,0.0,17.0,13.0,7.0,-49.1,0.0
2020-11-03,venezuela,111.0,14.0,8.0,165.4,0.0,0.0,5.0,8.0,0.0,17.4,0.0
2020-11-03,yemen,82.0,13.0,13.0,44.5,0.0,0.0,5.0,13.0,0.0,80.5,0.0
2020-11-04,drc,18.0,7.0,4.0,-39.5,0.0,0.0,3.0,0.0,0.0,0.0,0.0
2020-11-04,europe_east,669.0,78.0,64.0,870.2,1.0,3.0,35.0,25.0,6.0,29.8,0.0
2020-11-04,iran,508.0,76.0,107.0,-134.7,2.0,0.0,56.0,107.0,58.0,-179.2,5.0
2020-11-04,israel,1814.0,240.0,330.0,459.4,6.0,0.0,146.0,216.0,121.0,-650.7,25.0
2020-11-04,korea,454.0,65.0,83.0,-70.5,2.0,0.0,27.0,80.0,52.0,-279.8,9.0
2020-11-04,libya,325.0,27.0,32.0,596.1,0.0,7.0,1.0,0.0,0.0,0.0,0.0
2020-11-04,scs,1041.0,102.0,107.0,1221.2,0.0,5.0,38.0,58.0,11.0,84.0,4.0
2020-11-04,southasia,4975.0,891.0,764.0,906.8,7.0,13.0,343.0,7.0,5.0,-26.2,0.0
2020-11-04,sudan,424.0,55.0,71.0,348.2,0.0,2.0,27.0,0.0,0.0,0.0,0.0
2020-11-04,taiwan,241.0,28.0,30.0,267.8,3.0,1.0,8.0,80.0,24.0,31.8,3.0
2020-11-04,ukraine,475.0,96.0,37.0,282.9,2.0,1.0,14.0,23.0,8.0,2.9,0.0
2020-11-04,venezuela,199.0,32.0,10.0,338.4,0.0,0.0,4.0,59.0,23.0,39.2,9.0
2020-11-04,yemen,38.0,10.0,5.0,-14.9,0.0,0.0,4.0,16.0,3.0,49.7,0.0
2020-11-05,drc,13.0,1.0,3.0,12.7,0.0,0.0,2.0,2.0,0.0,10.0,0.0
2020-11-05,europe_east,331.0,52.0,23.0,373.0,2.0,0.0,18.0,20.0,9.0,-21.8,0.0
2020-11-05,iran,376.0,62.0,66.0,-74.6,1.0,1.0,25.0,64.0,27.0,-26.4,0.0
2020-11-05,israel,1377.0,214.0,220.0,338.1,2.0,0.0,131.0,191.0,102.0,-430.1,37.0
2020-11-05,korea,493.0,46.0,75.0,416.4,0.0,5.0,41.0,33.0,19.0,-93.1,5.0
2020-11-05,libya,157.0,6.0,13.0,308.7,0.0,0.0,3.0,0.0,0.0,0.0,0.0
2020-11-05,scs,994.0,94.0,126.0,1055.5,0.0,0.0,71.0,61.0,27.0,20.7,17.0
2020-11-05,southasia,4219.0,671.0,619.0,1157.5,6.0,13.0,261.0,16.0,6.0,16.0,0.0
2020-11-05,sudan,289.0,37.0,26.0,472.5,0.0,0.0,14.0,5.0,3.0,-7.0,3.0
2020-11-05,taiwan,161.0,14.0,19.0,101.5,0.0,2.0,7.0,25.0,13.0,-12.3,4.0
2020-11-05,ukraine,405.0,55.0,61.0,165.0,0.0,0.0,40.0,20.0,9.0,-41.2,0.0
2020-11-05,venezuela,135.0,14.0,3.0,304.5,0.0,0.0,0.0,31.0,8.0,41.2,1.0
2020-11-05,yemen,58.0,15.0,7.0,-29.0,0.0,1.0,1.0,15.0,1.0,40.8,0.0
2020-11-06,drc,3.0,0.0,0.0,0.4,0.0,0.0,0.0,0.0,0.0,0.0,0.0
2020-11-06,europe_east,267.0,26.0,37.0,281.7,1.0,4.0,16.0,23.0,5.0,20.4,0.0
2020-11-06,iran,157.0,33.0,26.0,-15.9,3.0,2.0,13.0,54.0,24.0,-23.3,6.0
2020-11-06,israel,674.0,103.0,108.0,333.5,3.0,2.0,64.0,57.0,37.0,-132.9,13.0
2020-11-06,korea,159.0,6.0,14.0,407.5,0.0,0.0,8.0,27.0,0.0,155.4,0.0
2020-11-06,libya,104.0,6.0,20.0,128.7,0.0,0.0,6.0,2.0,0.0,4.7,0.0
2020-11-06,scs,530.0,60.0,49.0,570.3,0.0,0.0,17.0,9.0,4.0,-4.2,1.0
2020-11-06,southasia,2118.0,287.0,316.0,766.8,1.0,7.0,166.0,3.0,2.0,-0.6,0.0
2020-11-06,sudan,123.0,12.0,30.0,32.5,0.0,3.0,14.0,0.0,0.0,0.0,0.0
2020-11-06,taiwan,106.0,12.0,7.0,136.5,0.0,2.0,2.0,12.0,4.0,11.4,0.0
2020-11-06,ukraine,325.0,40.0,29.0,467.4,1.0,0.0,10.0,21.0,5.0,26.0,0.0
2020-11-06,venezuela,78.0,12.0,1.0,96.3,4.0,0.0,1.0,21.0,3.0,47.6,0.0
2020-11-06,yemen,20.0,4.0,2.0,1.5,0.0,0.0,1.0,0.0,0.0,0.0,0.0
2020-11-07,drc,1.0,0.0,0.0,0.0,0.0,0.0,0.0,0.0,0.0,0.0,0.0
2020-11-07,europe_east,89.0,12.0,14.0,56.7,0.0,0.0,7.0,3.0,3.0,-6.0,0.0
2020-11-07,iran,128.0,22.0,19.0,16.6,0.0,0.0,2.0,25.0,10.0,-19.2,0.0
2020-11-07,israel,422.0,91.0,58.0,-33.3,0.0,1.0,44.0,58.0,35.0,-105.4,12.0
2020-11-07,korea,43.0,6.0,3.0,43.6,0.0,0.0,1.0,0.0,0.0,0.0,0.0
2020-11-07,libya,15.0,1.0,4.0,-13.0,0.0,0.0,2.0,0.0,0.0,0.0,0.0
2020-11-07,scs,199.0,24.0,22.0,289.5,0.0,1.0,11.0,10.0,7.0,5.2,0.0
2020-11-07,southasia,1193.0,216.0,172.0,-32.2,5.0,2.0,91.0,7.0,2.0,3.1,0.0
2020-11-07,sudan,51.0,9.0,8.0,34.3,0.0,3.0,5.0,0.0,0.0,0.0,0.0
2020-11-07,taiwan,36.0,10.0,3.0,-3.8,1.0,0.0,2.0,21.0,12.0,-29.7,1.0
2020-11-07,ukraine,96.0,16.0,27.0,-89.1,0.0,0.0,13.0,4.0,4.0,-24.0,0.0
2020-11-07,venezuela,66.0,11.0,5.0,95.6,0.0,0.0,5.0,21.0,9.0,19.8,0.0
2020-11-07,yemen,36.0,11.0,9.0,-59.9,0.0,0.0,3.0,8.0,4.0,-12.0,0.0
2020-11-08,drc,2.0,0.0,0.0,0.0,0.0,0.0,0.0,0.0,0.0,0.0,0.0
2020-11-08,europe_east,161.0,18.0,22.0,180.5,0.0,1.0,13.0,10.0,2.0,12.2,2.0
2020-11-08,iran,420.0,82.0,48.0,362.7,1.0,0.0,33.0,161.0,43.0,243.0,2.0
2020-11-08,israel,1042.0,202.0,132.0,368.8,2.0,0.0,63.0,175.0,90.0,-248.7,23.0
2020-11-08,korea,215.0,41.0,18.0,68.6,0.0,0.0,4.0,46.0,18.0,-34.1,2.0
2020-11-08,libya,84.0,4.0,20.0,3.0,0.0,0.0,2.0,1.0,0.0,7.0,0.0
2020-11-08,scs,324.0,34.0,37.0,304.6,0.0,0.0,20.0,21.0,3.0,25.4,0.0
2020-11-08,southasia,2187.0,289.0,321.0,973.8,0.0,5.0,176.0,6.0,2.0,-4.0,0.0
2020-11-08,sudan,125.0,20.0,18.0,158.2,0.0,5.0,11.0,0.0,0.0,0.0,0.0
2020-11-08,taiwan,147.0,13.0,11.0,187.7,1.0,1.0,2.0,40.0,19.0,-86.3,2.0
2020-11-08,ukraine,195.0,27.0,23.0,211.1,0.0,0.0,14.0,12.0,2.0,32.8,0.0
2020-11-08,venezuela,58.0,3.0,1.0,91.4,0.0,0.0,0.0,5.0,1.0,9.8,0.0
2020-11-08,yemen,21.0,3.0,1.0,28.1,0.0,0.0,0.0,6.0,4.0,-32.2,0.0
2020-11-09,drc,4.0,0.0,0.0,7.3,0.0,0.0,0.0,0.0,0.0,0.0,0.0
2020-11-09,europe_east,723.0,76.0,41.0,1435.0,0.0,1.0,30.0,41.0,13.0,28.2,0.0
2020-11-09,iran,876.0,140.0,74.0,1057.7,7.0,0.0,45.0,234.0,50.0,486.6,0.0
2020-11-09,israel,1706.0,269.0,181.0,1783.9,4.0,0.0,108.0,180.0,54.0,232.3,11.0
2020-11-09,korea,551.0,61.0,32.0,892.3,1.0,0.0,19.0,39.0,6.0,53.6,1.0
2020-11-09,libya,293.0,24.0,35.0,481.9,0.0,0.0,10.0,0.0,0.0,0.0,0.0
2020-11-09,scs,1097.0,142.0,124.0,923.5,0.0,3.0,72.0,25.0,2.0,40.6,0.0
2020-11-09,southasia,4535.0,634.0,605.0,3009.3,11.0,12.0,277.0,12.0,2.0,20.1,0.0
2020-11-09,sudan,266.0,25.0,43.0,265.8,0.0,8.0,13.0,3.0,0.0,19.4,0.0
2020-11-09,taiwan,331.0,52.0,18.0,517.5,0.0,0.0,8.0,98.0,46.0,-23.5,0.0
2020-11-09,ukraine,470.0,87.0,87.0,-23.5,0.0,5.0,45.0,26.0,16.0,-92.4,0.0
2020-11-09,venezuela,248.0,18.0,36.0,247.5,0.0,0.0,18.0,86.0,23.0,123.1,0.0
2020-11-09,yemen,62.0,5.0,15.0,-34.3,1.0,0.0,3.0,21.0,4.0,7.4,0.0
2020-11-10,drc,5.0,0.0,0.0,9.5,0.0,0.0,0.0,0.0,0.0,0.0,0.0
2020-11-10,europe_east,737.0,101.0,83.0,782.9,1.0,2.0,63.0,40.0,9.0,91.2,0.0
2020-11-10,iran,757.0,124.0,113.0,341.9,5.0,6.0,67.0,188.0,54.0,138.9,1.0
2020-11-10,israel,2609.0,353.0,271.0,2854.2,13.0,5.0,144.0,518.0,122.0,430.6,18.0
2020-11-10,korea,423.0,50.0,20.0,649.8,1.0,1.0,3.0,42.0,14.0,-4.3,2.0
2020-11-10,libya,260.0,32.0,41.0,124.8,0.0,0.0,4.0,0.0,0.0,0.0,0.0
2020-11-10,scs,1143.0,117.0,235.0,30.8,5.0,1.0,92.0,19.0,4.0,0.2,0.0
2020-11-10,southasia,3418.0,526.0,389.0,2577.9,4.0,7.0,221.0,9.0,4.0,-19.3,2.0
2020-11-10,sudan,273.0,22.0,33.0,417.9,0.0,5.0,13.0,3.0,1.0,-0.4,1.0
2020-11-10,taiwan,283.0,31.0,20.0,468.0,0.0,0.0,10.0,63.0,33.0,-50.9,1.0
2020-11-10,ukraine,467.0,90.0,69.0,61.0,0.0,2.0,49.0,19.0,14.0,-95.0,5.0
2020-11-10,venezuela,194.0,10.0,18.0,259.9,0.0,0.0,7.0,12.0,3.0,16.5,0.0
2020-11-10,yemen,48.0,2.0,3.0,48.0,0.0,0.0,0.0,12.0,0.0,30.4,0.0
2020-11-11,drc,4.0,2.0,0.0,4.0,0.0,0.0,0.0,6.0,0.0,30.0,0.0
2020-11-11,europe_east,580.0,72.0,54.0,502.2,4.0,0.0,35.0,29.0,0.0,81.2,0.0
2020-11-11,iran,727.0,97.0,85.0,1054.9,7.0,2.0,40.0,105.0,30.0,68.7,1.0
2020-11-11,israel,2008.0,257.0,222.0,2127.4,11.0,14.0,93.0,328.0,105.0,36.7,16.0
2020-11-11,korea,388.0,32.0,36.0,655.3,1.0,1.0,16.0,28.0,9.0,16.4,0.0
2020-11-11,libya,226.0,39.0,40.0,22.8,0.0,0.0,9.0,2.0,1.0,0.0,0.0
2020-11-11,scs,1178.0,131.0,193.0,301.5,1.0,4.0,33.0,32.0,7.0,52.5,1.0
2020-11-11,southasia,3771.0,606.0,451.0,2052.2,6.0,4.0,211.0,9.0,2.0,4.5,0.0
2020-11-11,sudan,290.0,24.0,34.0,486.5,0.0,0.0,8.0,20.0,1.0,85.7,1.0
2020-11-11,taiwan,334.0,45.0,11.0,681.4,0.0,0.0,4.0,62.0,25.0,16.5,4.0
2020-11-11,ukraine,386.0,56.0,52.0,304.2,0.0,2.0,34.0,26.0,4.0,51.8,0.0
2020-11-11,venezuela,56.0,0.0,11.0,56.5,0.0,0.0,7.0,2.0,2.0,-4.0,0.0
2020-11-11,yemen,101.0,8.0,21.0,-27.8,1.0,0.0,4.0,21.0,3.0,49.0,0.0
2020-11-12,drc,13.0,1.0,0.0,53.2,0.0,0.0,0.0,4.0,4.0,-24.4,4.0
2020-11-12,europe_east,395.0,70.0,52.0,101.7,2.0,1.0,22.0,13.0,11.0,-31.6,2.0
2020-11-12,iran,679.0,119.0,65.0,522.3,6.0,1.0,38.0,135.0,42.0,101.4,2.0
2020-11-12,israel,1433.0,185.0,186.0,1134.3,5.0,6.0,94.0,170.0,62.0,-98.7,16.0
2020-11-12,korea,580.0,81.0,75.0,451.0,0.0,0.0,30.0,78.0,30.0,-92.7,1.0
2020-11-12,libya,190.0,27.0,30.0,32.9,1.0,2.0,7.0,0.0,0.0,0.0,0.0
2020-11-12,scs,1091.0,110.0,101.0,1856.9,4.0,10.0,33.0,12.0,2.0,24.7,0.0
2020-11-12,southasia,3396.0,604.0,456.0,951.2,8.0,4.0,190.0,6.0,0.0,17.0,0.0
2020-11-12,sudan,304.0,42.0,42.0,150.9,1.0,0.0,18.0,5.0,0.0,38.0,0.0
2020-11-12,taiwan,293.0,31.0,22.0,471.8,1.0,0.0,15.0,64.0,30.0,26.7,4.0
2020-11-12,ukraine,472.0,62.0,65.0,94.3,0.0,0.0,45.0,17.0,9.0,-51.2,2.0
2020-11-12,venezuela,135.0,17.0,9.0,217.0,0.0,0.0,9.0,33.0,10.0,31.8,2.0
2020-11-12,yemen,113.0,12.0,17.0,31.3,1.0,0.0,9.0,11.0,7.0,-21.2,0.0
2020-11-13,drc,11.0,5.0,1.0,-11.8,0.0,0.0,1.0,0.0,0.0,0.0,0.0
2020-11-13,europe_east,158.0,27.0,14.0,168.1,1.0,0.0,12.0,8.0,3.0,0.4,0.0
2020-11-13,iran,96.0,12.0,11.0,110.4,1.0,0.0,8.0,25.0,0.0,113.2,0.0
2020-11-13,israel,297.0,30.0,26.0,593.6,0.0,2.0,10.0,34.0,2.0,111.4,0.0
2020-11-13,korea,191.0,28.0,10.0,342.7,0.0,0.0,6.0,14.0,4.0,-22.0,0.0
2020-11-13,libya,66.0,9.0,6.0,43.4,1.0,0.0,2.0,0.0,0.0,0.0,0.0
2020-11-13,scs,315.0,39.0,45.0,161.8,0.0,4.0,13.0,17.0,7.0,22.8,0.0
2020-11-13,southasia,1267.0,167.0,131.0,929.0,6.0,5.0,51.0,3.0,3.0,-26.5,0.0
2020-11-13,sudan,68.0,2.0,17.0,4.1,0.0,0.0,0.0,0.0,0.0,0.0,0.0
2020-11-13,taiwan,42.0,2.0,1.0,133.9,0.0,0.0,0.0,10.0,5.0,12.8,1.0
2020-11-13,ukraine,143.0,25.0,30.0,-58.6,0.0,0.0,23.0,2.0,2.0,-10.0,0.0
2020-11-13,venezuela,17.0,1.0,2.0,12.1,0.0,0.0,1.0,4.0,0.0,0.0,0.0
2020-11-13,yemen,30.0,3.0,3.0,29.9,1.0,0.0,1.0,5.0,1.0,2.0,0.0
2020-11-14,drc,0.0,0.0,0.0,0.0,0.0,0.0,0.0,2.0,2.0,-10.0,2.0
2020-11-14,europe_east,136.0,16.0,3.0,211.2,0.0,0.0,3.0,5.0,1.0,16.8,0.0
2020-11-14,iran,231.0,39.0,99.0,-901.9,2.0,0.0,24.0,83.0,57.0,-450.3,10.0
2020-11-14,israel,318.0,30.0,28.0,343.2,1.0,0.0,10.0,43.0,21.0,-121.2,0.0
2020-11-14,korea,108.0,16.0,27.0,-142.9,0.0,1.0,0.0,5.0,1.0,2.7,0.0
2020-11-14,libya,75.0,12.0,13.0,84.4,1.0,0.0,4.0,2.0,1.0,1.4,0.0
2020-11-14,scs,306.0,14.0,20.0,729.2,2.0,10.0,6.0,12.0,5.0,13.3,0.0
2020-11-14,southasia,1005.0,112.0,183.0,-51.8,6.0,2.0,59.0,6.0,2.0,-4.6,0.0
2020-11-14,sudan,44.0,10.0,12.0,-57.9,0.0,0.0,3.0,0.0,0.0,0.0,0.0
2020-11-14,taiwan,67.0,21.0,5.0,39.1,0.0,0.0,2.0,20.0,6.0,49.4,0.0
2020-11-14,ukraine,71.0,17.0,15.0,-83.7,0.0,0.0,12.0,3.0,3.0,-21.0,0.0
2020-11-14,venezuela,40.0,5.0,5.0,32.5,0.0,0.0,5.0,7.0,4.0,8.2,2.0
2020-11-14,yemen,4.0,1.0,0.0,-0.1,0.0,0.0,0.0,0.0,0.0,0.0,0.0
2020-11-15,drc,0.0,0.0,0.0,0.0,0.0,0.0,0.0,0.0,0.0,0.0,0.0
2020-11-15,europe_east,97.0,3.0,17.0,6.1,0.0,0.0,4.0,3.0,0.0,19.2,0.0
2020-11-15,iran,199.0,26.0,74.0,-532.7,2.0,0.0,18.0,60.0,34.0,-113.2,3.0
2020-11-15,israel,704.0,105.0,138.0,-14.2,5.0,0.0,27.0,154.0,85.0,-323.4,5.0
2020-11-15,korea,207.0,15.0,16.0,432.9,0.0,0.0,2.0,11.0,7.0,-27.2,0.0
2020-11-15,libya,65.0,2.0,0.0,216.0,0.0,0.0,0.0,0.0,0.0,0.0,0.0
2020-11-15,scs,428.0,24.0,24.0,1031.8,1.0,0.0,11.0,21.0,6.0,29.5,0.0
2020-11-15,southasia,1761.0,223.0,245.0,823.6,7.0,11.0,67.0,18.0,2.0,12.3,1.0
2020-11-15,sudan,157.0,5.0,41.0,-89.5,0.0,0.0,8.0,0.0,0.0,0.0,0.0
2020-11-15,taiwan,102.0,9.0,8.0,134.6,0.0,0.0,8.0,17.0,2.0,55.8,1.0
2020-11-15,ukraine,62.0,15.0,6.0,-33.9,0.0,0.0,5.0,2.0,0.0,14.0,0.0
2020-11-15,venezuela,18.0,3.0,1.0,22.5,0.0,0.0,0.0,4.0,3.0,-17.0,0.0
2020-11-15,yemen,30.0,4.0,4.0,-28.7,0.0,0.0,1.0,6.0,1.0,-7.6,1.0
2020-11-16,drc,21.0,2.0,7.0,-43.2,1.0,0.0,4.0,0.0,0.0,0.0,0.0
2020-11-16,europe_east,413.0,50.0,37.0,398.9,1.0,0.0,19.0,31.0,13.0,-8.7,3.0
2020-11-16,iran,541.0,83.0,119.0,-380.0,3.0,1.0,41.0,140.0,51.0,-22.6,10.0
2020-11-16,israel,1785.0,289.0,227.0,992.4,17.0,4.0,77.0,301.0,119.0,-151.2,26.0
2020-11-16,korea,456.0,42.0,21.0,1094.2,1.0,0.0,9.0,49.0,7.0,61.9,0.0
2020-11-16,libya,225.0,12.0,30.0,361.2,0.0,2.0,2.0,0.0,0.0,0.0,0.0
2020-11-16,scs,1058.0,138.0,45.0,2748.0,3.0,0.0,18.0,22.0,7.0,26.0,0.0
2020-11-16,southasia,3684.0,497.0,429.0,2831.0,6.0,10.0,183.0,16.0,8.0,-31.9,2.0
2020-11-16,sudan,504.0,38.0,78.0,457.7,2.0,0.0,12.0,15.0,1.0,59.0,0.0
2020-11-16,taiwan,174.0,30.0,17.0,223.3,0.0,0.0,7.0,47.0,20.0,-19.0,1.0
2020-11-16,ukraine,655.0,119.0,109.0,-246.0,4.0,2.0,71.0,29.0,14.0,-105.6,0.0
2020-11-16,venezuela,84.0,7.0,13.0,65.7,0.0,0.0,10.0,8.0,2.0,-7.5,0.0
2020-11-16,yemen,65.0,2.0,8.0,56.7,0.0,0.0,3.0,2.0,0.0,0.8,0.0
2020-11-17,drc,3.0,1.0,0.0,3.3,0.0,0.0,0.0,0.0,0.0,0.0,0.0
2020-11-17,europe_east,461.0,52.0,29.0,731.1,0.0,0.0,12.0,14.0,8.0,-23.8,4.0
2020-11-17,iran,881.0,101.0,120.0,879.1,15.0,5.0,41.0,241.0,74.0,13.4,1.0
2020-11-17,israel,1525.0,196.0,178.0,1752.5,7.0,3.0,82.0,236.0,110.0,-196.8,22.0
2020-11-17,korea,460.0,41.0,26.0,1259.3,1.0,0.0,12.0,58.0,11.0,48.8,0.0
2020-11-17,libya,134.0,11.0,10.0,236.1,0.0,0.0,4.0,0.0,0.0,0.0,0.0
2020-11-17,scs,750.0,73.0,59.0,1247.7,0.0,1.0,12.0,6.0,4.0,-8.2,0.0
2020-11-17,southasia,3745.0,704.0,491.0,1081.9,7.0,3.0,240.0,22.0,10.0,15.1,3.0
2020-11-17,sudan,325.0,19.0,28.0,833.9,5.0,1.0,4.0,3.0,0.0,17.9,0.0
2020-11-17,taiwan,307.0,32.0,27.0,434.5,0.0,0.0,9.0,25.0,14.0,-86.4,0.0
2020-11-17,ukraine,366.0,70.0,52.0,135.2,0.0,0.0,27.0,17.0,10.0,-71.3,0.0
2020-11-17,venezuela,110.0,14.0,7.0,142.9,0.0,0.0,6.0,33.0,9.0,-15.8,3.0
2020-11-17,yemen,66.0,2.0,11.0,120.3,0.0,0.0,4.0,15.0,4.0,-10.1,2.0
2020-11-18,drc,39.0,2.0,2.0,127.9,0.0,0.0,0.0,5.0,0.0,17.0,0.0
2020-11-18,europe_east,1345.0,169.0,88.0,1167.9,1.0,2.0,33.0,29.0,3.0,49.4,2.0
2020-11-18,iran,2150.0,400.0,473.0,-1818.4,44.0,7.0,143.0,637.0,306.0,-936.3,27.0
2020-11-18,israel,4521.0,644.0,661.0,1884.9,11.0,8.0,219.0,1056.0,601.0,-2814.1,55.0
2020-11-18,korea,904.0,101.0,100.0,1207.1,5.0,5.0,37.0,89.0,40.0,-204.9,6.0
2020-11-18,libya,138.0,20.0,26.0,-30.9,0.0,0.0,4.0,1.0,1.0,-10.0,0.0
2020-11-18,scs,2057.0,224.0,149.0,3733.2,2.0,5.0,67.0,47.0,7.0,75.3,4.0
2020-11-18,southasia,7853.0,1216.0,923.0,5138.3,16.0,26.0,396.0,25.0,9.0,-12.8,2.0
2020-11-18,sudan,694.0,51.0,76.0,1156.0,2.0,0.0,23.0,5.0,0.0,17.5,0.0
2020-11-18,taiwan,568.0,69.0,59.0,657.2,0.0,0.0,32.0,136.0,51.0,50.4,8.0
2020-11-18,ukraine,770.0,120.0,76.0,656.0,3.0,0.0,34.0,55.0,26.0,-109.7,0.0
2020-11-18,venezuela,224.0,33.0,29.0,74.1,0.0,0.0,16.0,47.0,18.0,24.9,2.0
2020-11-18,yemen,338.0,50.0,51.0,97.8,0.0,0.0,5.0,64.0,27.0,-100.4,0.0
2020-11-19,drc,19.0,0.0,2.0,39.2,0.0,0.0,1.0,1.0,0.0,0.4,0.0
2020-11-19,europe_east,1359.0,201.0,202.0,339.6,2.0,4.0,37.0,41.0,19.0,-52.9,3.0
2020-11-19,iran,1699.0,302.0,255.0,698.2,19.0,5.0,102.0,450.0,182.0,-125.7,9.0
2020-11-19,israel,4973.0,759.0,588.0,3630.7,13.0,1.0,255.0,1180.0,376.0,75.0,35.0
2020-11-19,korea,873.0,87.0,108.0,1130.6,0.0,1.0,45.0,95.0,29.0,-20.6,2.0
2020-11-19,libya,316.0,32.0,49.0,249.6,3.0,0.0,24.0,0.0,0.0,0.0,0.0
2020-11-19,scs,1560.0,135.0,138.0,2369.1,3.0,2.0,70.0,61.0,2.0,196.9,1.0
2020-11-19,southasia,7982.0,1191.0,1118.0,3949.9,23.0,28.0,518.0,59.0,34.0,-77.3,9.0
2020-11-19,sudan,521.0,48.0,50.0,877.3,0.0,2.0,13.0,14.0,1.0,66.4,0.0
2020-11-19,taiwan,523.0,63.0,39.0,744.8,3.0,0.0,20.0,124.0,49.0,14.9,10.0
2020-11-19,ukraine,827.0,115.0,108.0,553.7,3.0,5.0,70.0,48.0,23.0,-49.3,0.0
2020-11-19,venezuela,366.0,77.0,56.0,7.2,1.0,0.0,42.0,61.0,29.0,-34.3,2.0
2020-11-19,yemen,158.0,18.0,43.0,-86.0,1.0,1.0,15.0,32.0,14.0,-64.1,0.0
2020-11-20,drc,7.0,1.0,1.0,8.2,0.0,0.0,1.0,0.0,0.0,0.0,0.0
2020-11-20,europe_east,1269.0,129.0,254.0,-548.1,0.0,2.0,52.0,39.0,15.0,-8.0,9.0
2020-11-20,iran,1256.0,215.0,248.0,-299.4,23.0,2.0,82.0,323.0,122.0,-117.8,3.0
2020-11-20,israel,2789.0,398.0,278.0,3277.9,3.0,0.0,145.0,599.0,232.0,-297.9,27.0
2020-11-20,korea,885.0,83.0,72.0,1670.0,1.0,0.0,28.0,85.0,30.0,-93.8,4.0
2020-11-20,libya,313.0,29.0,37.0,483.6,1.0,0.0,12.0,0.0,0.0,0.0,0.0
2020-11-20,scs,1729.0,182.0,172.0,3057.8,0.0,4.0,97.0,52.0,7.0,178.8,5.0
2020-11-20,southasia,7386.0,1164.0,1256.0,-157.9,56.0,26.0,640.0,44.0,18.0,-50.8,3.0
2020-11-20,sudan,577.0,57.0,69.0,904.8,1.0,0.0,16.0,2.0,0.0,16.0,0.0
2020-11-20,taiwan,401.0,54.0,14.0,686.4,0.0,0.0,6.0,90.0,34.0,-40.5,10.0
2020-11-20,ukraine,1033.0,167.0,138.0,403.4,5.0,0.0,88.0,98.0,40.0,-72.5,16.0
2020-11-20,venezuela,354.0,68.0,54.0,28.7,0.0,0.0,31.0,80.0,24.0,7.9,1.0
2020-11-20,yemen,351.0,59.0,50.0,293.0,2.0,0.0,7.0,70.0,29.0,13.1,4.0
2020-11-21,drc,22.0,1.0,1.0,59.9,1.0,0.0,1.0,0.0,0.0,0.0,0.0
2020-11-21,europe_east,603.0,37.0,53.0,661.4,0.0,0.0,15.0,12.0,0.0,31.8,0.0
2020-11-21,iran,650.0,106.0,111.0,-22.0,18.0,0.0,51.0,179.0,49.0,79.2,4.0
2020-11-21,israel,1823.0,245.0,297.0,900.0,6.0,5.0,168.0,264.0,95.0,-161.1,22.0
2020-11-21,korea,338.0,32.0,38.0,713.2,0.0,0.0,18.0,33.0,8.0,10.5,0.0
2020-11-21,libya,104.0,10.0,26.0,-37.1,0.0,0.0,12.0,1.0,1.0,-10.0,0.0
2020-11-21,scs,1123.0,94.0,140.0,1337.7,0.0,0.0,60.0,27.0,3.0,37.9,0.0
2020-11-21,southasia,6380.0,1016.0,983.0,564.7,51.0,10.0,445.0,58.0,28.0,-98.3,10.0
2020-11-21,sudan,505.0,56.0,76.0,594.1,4.0,2.0,24.0,4.0,0.0,18.2,0.0
2020-11-21,taiwan,478.0,34.0,30.0,1278.8,2.0,1.0,16.0,97.0,31.0,131.3,8.0
2020-11-21,ukraine,310.0,60.0,21.0,202.1,3.0,0.0,10.0,41.0,15.0,-75.4,4.0
2020-11-21,venezuela,206.0,29.0,28.0,60.2,0.0,0.0,14.0,43.0,7.0,75.0,1.0
2020-11-21,yemen,123.0,27.0,16.0,-22.3,0.0,0.0,7.0,40.0,16.0,12.1,0.0
2020-11-22,drc,15.0,1.0,6.0,-26.6,1.0,0.0,3.0,12.0,0.0,16.4,0.0
2020-11-22,europe_east,382.0,38.0,27.0,575.0,0.0,0.0,9.0,13.0,5.0,-7.2,0.0
2020-11-22,iran,913.0,170.0,145.0,25.8,18.0,1.0,45.0,222.0,90.0,-115.0,10.0
2020-11-22,israel,2164.0,284.0,388.0,131.2,10.0,6.0,135.0,440.0,227.0,-1296.4,18.0
2020-11-22,korea,507.0,31.0,49.0,863.5,1.0,0.0,14.0,46.0,18.0,-94.7,1.0
2020-11-22,libya,115.0,17.0,20.0,33.9,2.0,0.0,4.0,1.0,1.0,-10.0,0.0
2020-11-22,scs,1160.0,74.0,119.0,2586.2,0.0,0.0,46.0,18.0,4.0,14.9,0.0
2020-11-22,southasia,5429.0,917.0,854.0,-64.4,18.0,7.0,333.0,44.0,18.0,24.3,2.0
2020-11-22,sudan,388.0,68.0,69.0,186.7,1.0,2.0,19.0,2.0,0.0,8.0,0.0
2020-11-22,taiwan,378.0,35.0,15.0,845.3,0.0,2.0,12.0,75.0,12.0,164.0,1.0
2020-11-22,ukraine,268.0,61.0,49.0,-169.5,0.0,0.0,39.0,42.0,8.0,78.0,2.0
2020-11-22,venezuela,114.0,20.0,8.0,62.0,0.0,0.0,3.0,27.0,10.0,6.3,0.0
2020-11-22,yemen,122.0,22.0,22.0,-63.6,0.0,0.0,9.0,23.0,8.0,-4.5,2.0
2020-11-23,drc,26.0,2.0,8.0,-36.8,0.0,0.0,0.0,2.0,0.0,0.0,0.0
2020-11-23,europe_east,713.0,94.0,83.0,756.3,1.0,2.0,46.0,36.0,13.0,22.0,2.0
2020-11-23,iran,1243.0,208.0,200.0,5.2,19.0,4.0,68.0,314.0,126.0,-247.8,11.0
2020-11-23,israel,4364.0,546.0,399.0,5265.4,21.0,6.0,176.0,553.0,230.0,-349.3,28.0
2020-11-23,korea,761.0,81.0,88.0,912.2,3.0,1.0,22.0,91.0,22.0,146.7,2.0
2020-11-23,libya,423.0,49.0,91.0,-73.0,4.0,3.0,41.0,1.0,1.0,-10.0,0.0
2020-11-23,scs,1958.0,190.0,258.0,2506.4,5.0,11.0,98.0,56.0,12.0,44.6,2.0
2020-11-23,southasia,6448.0,1010.0,834.0,2804.4,12.0,16.0,351.0,63.0,19.0,15.7,5.0
2020-11-23,sudan,638.0,74.0,104.0,378.9,2.0,2.0,20.0,11.0,2.0,7.6,0.0
2020-11-23,taiwan,538.0,55.0,55.0,650.4,0.0,1.0,26.0,112.0,23.0,178.5,2.0
2020-11-23,ukraine,496.0,88.0,80.0,100.8,0.0,2.0,54.0,26.0,15.0,-58.4,0.0
2020-11-23,venezuela,212.0,41.0,29.0,66.2,0.0,0.0,14.0,46.0,22.0,-4.2,2.0
2020-11-23,yemen,208.0,29.0,41.0,-96.5,0.0,0.0,9.0,84.0,38.0,-198.6,0.0
2020-11-24,drc,47.0,2.0,17.0,-46.9,0.0,0.0,12.0,1.0,0.0,3.4,0.0
2020-11-24,europe_east,901.0,88.0,61.0,1498.4,0.0,0.0,40.0,22.0,6.0,10.4,0.0
2020-11-24,iran,1308.0,228.0,204.0,301.4,29.0,2.0,95.0,361.0,127.0,70.8,28.0
2020-11-24,israel,4011.0,506.0,463.0,3527.6,18.0,3.0,202.0,437.0,201.0,-726.7,33.0
2020-11-24,korea,684.0,71.0,76.0,950.1,1.0,4.0,20.0,43.0,16.0,-29.7,3.0
2020-11-24,libya,473.0,50.0,114.0,-126.2,0.0,1.0,57.0,3.0,1.0,-5.3,0.0
2020-11-24,scs,2082.0,344.0,152.0,2620.8,17.0,2.0,82.0,106.0,30.0,163.9,4.0
2020-11-24,southasia,7819.0,1188.0,1095.0,2934.9,26.0,13.0,441.0,46.0,16.0,-29.7,2.0
2020-11-24,sudan,591.0,42.0,47.0,1095.2,6.0,0.0,11.0,3.0,0.0,0.4,0.0
2020-11-24,taiwan,647.0,61.0,51.0,1066.1,0.0,3.0,20.0,103.0,46.0,-68.6,7.0
2020-11-24,ukraine,641.0,83.0,74.0,463.0,1.0,3.0,29.0,68.0,24.0,-48.2,2.0
2020-11-24,venezuela,363.0,42.0,78.0,-5.8,2.0,0.0,52.0,56.0,29.0,-41.8,3.0
2020-11-24,yemen,251.0,36.0,44.0,-27.2,2.0,0.0,4.0,59.0,44.0,-319.6,0.0
2020-11-25,drc,62.0,12.0,18.0,-110.2,0.0,0.0,11.0,6.0,4.0,-15.3,2.0
2020-11-25,europe_east,867.0,124.0,69.0,1091.8,0.0,0.0,32.0,15.0,2.0,46.8,2.0
2020-11-25,iran,1453.0,273.0,323.0,-698.6,16.0,6.0,199.0,291.0,112.0,-39.9,19.0
2020-11-25,israel,3188.0,477.0,496.0,890.3,20.0,3.0,207.0,503.0,256.0,-987.0,39.0
2020-11-25,korea,788.0,70.0,72.0,1159.2,1.0,3.0,21.0,72.0,20.0,48.7,2.0
2020-11-25,libya,322.0,40.0,90.0,-329.6,1.0,0.0,39.0,3.0,1.0,-5.3,0.0
2020-11-25,scs,1667.0,165.0,149.0,2127.8,1.0,3.0,80.0,128.0,31.0,153.3,1.0
2020-11-25,southasia,7439.0,1181.0,1178.0,1647.3,25.0,42.0,585.0,38.0,17.0,-39.2,3.0
2020-11-25,sudan,538.0,53.0,55.0,967.4,4.0,0.0,13.0,2.0,2.0,-15.0,1.0
2020-11-25,taiwan,605.0,68.0,79.0,518.9,0.0,4.0,59.0,175.0,75.0,-76.7,32.0
2020-11-25,ukraine,651.0,97.0,67.0,681.6,0.0,2.0,32.0,92.0,35.0,-87.4,6.0
2020-11-25,venezuela,432.0,60.0,49.0,424.3,1.0,0.0,36.0,47.0,12.0,101.8,3.0
2020-11-25,yemen,274.0,45.0,47.0,-174.8,5.0,0.0,9.0,84.0,43.0,-216.8,1.0
2020-11-26,drc,40.0,2.0,0.0,108.9,0.0,0.0,0.0,0.0,0.0,0.0,0.0
2020-11-26,europe_east,957.0,117.0,112.0,960.0,2.0,2.0,44.0,33.0,4.0,73.7,1.0
2020-11-26,iran,1887.0,268.0,392.0,442.4,18.0,5.0,293.0,307.0,105.0,-129.5,27.0
2020-11-26,israel,2854.0,399.0,495.0,543.9,18.0,2.0,245.0,521.0,225.0,-567.8,43.0
2020-11-26,korea,902.0,76.0,69.0,1612.1,5.0,2.0,35.0,55.0,7.0,90.2,0.0
2020-11-26,libya,232.0,20.0,75.0,-281.8,0.0,0.0,32.0,1.0,1.0,-10.0,0.0
2020-11-26,scs,1813.0,175.0,129.0,3653.7,1.0,1.0,80.0,72.0,10.0,153.8,2.0
2020-11-26,southasia,9070.0,1682.0,1710.0,-4592.1,44.0,76.0,653.0,101.0,46.0,-258.5,15.0
2020-11-26,sudan,588.0,73.0,83.0,301.8,4.0,1.0,29.0,5.0,2.0,-14.0,2.0
2020-11-26,taiwan,366.0,36.0,40.0,418.6,3.0,2.0,17.0,99.0,30.0,77.1,12.0
2020-11-26,ukraine,850.0,125.0,101.0,688.8,1.0,0.0,56.0,82.0,24.0,52.5,5.0
2020-11-26,venezuela,351.0,62.0,42.0,208.2,0.0,0.0,29.0,51.0,20.0,-5.1,8.0
2020-11-26,yemen,166.0,40.0,29.0,-82.8,4.0,0.0,11.0,41.0,19.0,-103.0,1.0
2020-11-27,drc,33.0,3.0,0.0,69.3,1.0,0.0,0.0,0.0,0.0,0.0,0.0
2020-11-27,europe_east,919.0,138.0,91.0,765.2,1.0,0.0,30.0,54.0,9.0,46.3,1.0
2020-11-27,iran,2734.0,519.0,818.0,-4809.3,50.0,4.0,251.0,656.0,349.0,-1363.4,32.0
2020-11-27,israel,2611.0,381.0,560.0,-639.3,20.0,4.0,253.0,639.0,335.0,-1231.8,53.0
2020-11-27,korea,847.0,73.0,79.0,1111.2,0.0,0.0,35.0,90.0,25.0,-22.0,5.0
2020-11-27,libya,286.0,22.0,64.0,82.4,2.0,3.0,28.0,7.0,4.0,-23.5,2.0
2020-11-27,scs,1814.0,141.0,165.0,3540.8,7.0,0.0,89.0,42.0,8.0,36.4,5.0
2020-11-27,southasia,8734.0,1486.0,1364.0,318.1,22.0,71.0,586.0,44.0,22.0,-142.9,4.0
2020-11-27,sudan,496.0,46.0,63.0,491.6,2.0,0.0,18.0,0.0,0.0,0.0,0.0
2020-11-27,taiwan,344.0,48.0,44.0,197.7,0.0,0.0,22.0,69.0,30.0,-64.5,11.0
2020-11-27,ukraine,726.0,85.0,52.0,1134.9,0.0,0.0,27.0,29.0,10.0,-17.4,0.0
2020-11-27,venezuela,540.0,61.0,102.0,277.8,0.0,0.0,80.0,154.0,74.0,-183.0,43.0
2020-11-27,yemen,134.0,17.0,27.0,38.2,0.0,0.0,8.0,48.0,25.0,-110.5,5.0
2020-11-28,drc,12.0,1.0,1.0,37.8,0.0,0.0,1.0,0.0,0.0,0.0,0.0
2020-11-28,europe_east,353.0,50.0,57.0,154.4,0.0,0.0,27.0,17.0,4.0,6.6,4.0
2020-11-28,iran,2994.0,734.0,836.0,-6383.2,78.0,8.0,168.0,1020.0,612.0,-2350.7,24.0
2020-11-28,israel,2247.0,472.0,439.0,-1714.1,30.0,8.0,84.0,815.0,490.0,-1720.8,30.0
2020-11-28,korea,324.0,40.0,55.0,35.1,1.0,1.0,23.0,21.0,7.0,-25.6,3.0
2020-11-28,libya,142.0,9.0,23.0,81.0,0.0,0.0,8.0,3.0,3.0,-15.0,3.0
2020-11-28,scs,935.0,73.0,91.0,1361.2,0.0,4.0,38.0,68.0,13.0,33.5,2.0
2020-11-28,southasia,7575.0,1192.0,994.0,3418.2,24.0,50.0,459.0,27.0,9.0,-28.7,0.0
2020-11-28,sudan,501.0,47.0,75.0,325.5,4.0,0.0,16.0,5.0,3.0,-17.6,2.0
2020-11-28,taiwan,218.0,32.0,20.0,221.3,2.0,0.0,19.0,47.0,15.0,21.4,4.0
2020-11-28,ukraine,354.0,50.0,44.0,206.4,1.0,1.0,29.0,20.0,10.0,-39.4,1.0
2020-11-28,venezuela,315.0,47.0,51.0,61.0,0.0,1.0,31.0,94.0,27.0,9.6,8.0
2020-11-28,yemen,141.0,20.0,43.0,-274.9,1.0,3.0,4.0,35.0,12.0,-26.8,1.0
2020-11-29,drc,0.0,0.0,0.0,0.0,0.0,0.0,0.0,0.0,0.0,0.0,0.0
2020-11-29,europe_east,340.0,58.0,45.0,127.6,0.0,0.0,28.0,17.0,1.0,73.6,1.0
2020-11-29,iran,2230.0,466.0,560.0,-3301.0,47.0,6.0,105.0,769.0,434.0,-1539.7,30.0
2020-11-29,israel,2518.0,500.0,384.0,69.1,21.0,4.0,122.0,707.0,423.0,-1531.0,42.0
2020-11-29,korea,406.0,47.0,77.0,85.0,1.0,0.0,30.0,14.0,5.0,-12.1,0.0
2020-11-29,libya,101.0,9.0,19.0,76.1,0.0,0.0,5.0,0.0,0.0,0.0,0.0
2020-11-29,scs,998.0,91.0,150.0,677.2,1.0,1.0,42.0,30.0,9.0,2.0,0.0
2020-11-29,southasia,6758.0,1160.0,798.0,2690.8,17.0,15.0,370.0,32.0,7.0,19.8,1.0
2020-11-29,sudan,250.0,28.0,41.0,205.4,6.0,0.0,15.0,1.0,1.0,-9.5,0.0
2020-11-29,taiwan,126.0,19.0,9.0,148.9,0.0,1.0,4.0,14.0,5.0,10.8,0.0
2020-11-29,ukraine,279.0,66.0,64.0,-488.1,0.0,4.0,32.0,9.0,9.0,-69.5,2.0
2020-11-29,venezuela,210.0,21.0,24.0,243.5,0.0,0.0,19.0,50.0,5.0,96.4,2.0
2020-11-29,yemen,174.0,13.0,68.0,-392.6,0.0,0.0,15.0,17.0,5.0,-12.0,0.0
2020-11-30,drc,14.0,0.0,1.0,38.0,0.0,0.0,0.0,2.0,0.0,10.0,0.0
2020-11-30,europe_east,719.0,126.0,51.0,1014.5,2.0,2.0,30.0,72.0,16.0,104.0,2.0
2020-11-30,iran,2591.0,502.0,636.0,-3228.2,41.0,6.0,94.0,864.0,486.0,-1858.1,37.0
2020-11-30,israel,3491.0,569.0,554.0,718.0,17.0,3.0,158.0,989.0,529.0,-1779.0,49.0
2020-11-30,korea,887.0,105.0,99.0,1158.7,6.0,1.0,64.0,56.0,14.0,72.6,3.0
2020-11-30,libya,155.0,19.0,20.0,122.5,5.0,0.0,8.0,0.0,0.0,0.0,0.0
2020-11-30,scs,1583.0,198.0,214.0,1252.9,5.0,3.0,90.0,60.0,11.0,69.3,3.0
2020-11-30,southasia,7899.0,1344.0,1014.0,2673.9,7.0,32.0,426.0,39.0,16.0,-60.2,5.0
2020-11-30,sudan,598.0,67.0,88.0,494.6,3.0,0.0,34.0,0.0,0.0,0.0,0.0
2020-11-30,taiwan,355.0,56.0,43.0,237.6,3.0,0.0,30.0,45.0,18.0,-47.7,4.0
2020-11-30,ukraine,724.0,110.0,93.0,449.9,2.0,3.0,53.0,51.0,18.0,5.7,5.0
2020-11-30,venezuela,339.0,45.0,55.0,235.7,0.0,0.0,45.0,68.0,17.0,63.7,9.0
2020-11-30,yemen,139.0,17.0,59.0,-442.3,0.0,0.0,9.0,39.0,18.0,-98.6,1.0
2020-12-01,drc,60.0,4.0,21.0,-95.4,0.0,0.0,1.0,2.0,2.0,-10.0,2.0
2020-12-01,europe_east,890.0,121.0,60.0,1254.6,0.0,1.0,33.0,44.0,1.0,144.5,0.0
2020-12-01,iran,2203.0,448.0,554.0,-2777.7,19.0,4.0,127.0,604.0,359.0,-1551.8,6.0
2020-12-01,israel,3229.0,467.0,448.0,2133.4,15.0,2.0,171.0,672.0,354.0,-1152.1,30.0
2020-12-01,korea,611.0,87.0,59.0,1039.4,0.0,0.0,25.0,57.0,23.0,-2.5,5.0
2020-12-01,libya,239.0,16.0,31.0,305.6,1.0,0.0,10.0,0.0,0.0,0.0,0.0
2020-12-01,scs,1805.0,223.0,238.0,2245.3,0.0,3.0,145.0,37.0,5.0,63.5,3.0
2020-12-01,southasia,8411.0,1421.0,1058.0,4242.1,8.0,45.0,453.0,34.0,18.0,-62.4,2.0
2020-12-01,sudan,601.0,59.0,74.0,563.2,1.0,1.0,22.0,0.0,0.0,0.0,0.0
2020-12-01,taiwan,332.0,44.0,26.0,344.6,0.0,1.0,5.0,51.0,31.0,-176.8,1.0
2020-12-01,ukraine,948.0,103.0,131.0,473.8,2.0,8.0,68.0,74.0,19.0,93.1,2.0
2020-12-01,venezuela,322.0,61.0,61.0,89.2,0.0,0.0,50.0,75.0,35.0,-27.3,15.0
2020-12-01,yemen,202.0,27.0,40.0,-126.5,0.0,2.0,5.0,35.0,14.0,-69.3,3.0
2020-12-02,drc,55.0,2.0,10.0,51.5,0.0,0.0,2.0,5.0,5.0,-50.0,0.0
2020-12-02,europe_east,843.0,101.0,63.0,1204.8,0.0,1.0,38.0,50.0,14.0,80.4,5.0
2020-12-02,iran,2186.0,404.0,431.0,-1010.1,25.0,1.0,119.0,550.0,316.0,-1245.9,18.0
2020-12-02,israel,3435.0,465.0,429.0,2831.5,16.0,3.0,118.0,708.0,347.0,-779.7,26.0
2020-12-02,korea,741.0,87.0,73.0,772.4,6.0,2.0,40.0,76.0,11.0,130.8,7.0
2020-12-02,libya,202.0,21.0,39.0,110.7,0.0,1.0,15.0,1.0,0.0,3.4,0.0
2020-12-02,scs,1937.0,229.0,262.0,1620.8,2.0,1.0,120.0,35.0,6.0,35.3,1.0
2020-12-02,southasia,8171.0,1276.0,1024.0,4337.5,20.0,33.0,495.0,24.0,9.0,-24.1,3.0
2020-12-02,sudan,498.0,37.0,53.0,799.4,0.0,0.0,9.0,0.0,0.0,0.0,0.0
2020-12-02,taiwan,325.0,34.0,19.0,506.8,0.0,2.0,6.0,57.0,17.0,-37.9,4.0
2020-12-02,ukraine,718.0,104.0,71.0,492.3,2.0,2.0,46.0,97.0,20.0,130.9,7.0
2020-12-02,venezuela,363.0,76.0,75.0,-219.3,6.0,0.0,60.0,72.0,24.0,-89.5,5.0
2020-12-02,yemen,294.0,20.0,51.0,238.2,1.0,2.0,21.0,60.0,7.0,112.2,2.0
2020-12-03,drc,12.0,1.0,1.0,7.1,0.0,0.0,0.0,5.0,0.0,15.6,0.0
2020-12-03,europe_east,790.0,108.0,74.0,774.7,1.0,2.0,46.0,56.0,6.0,189.1,0.0
2020-12-03,iran,1991.0,363.0,415.0,-534.1,44.0,1.0,129.0,578.0,331.0,-1117.8,27.0
2020-12-03,israel,3206.0,502.0,472.0,1000.1,20.0,1.0,154.0,633.0,369.0,-1259.9,58.0
2020-12-03,korea,714.0,95.0,83.0,684.8,8.0,10.0,39.0,58.0,13.0,73.6,1.0
2020-12-03,libya,255.0,36.0,33.0,210.0,1.0,0.0,15.0,0.0,0.0,0.0,0.0
2020-12-03,scs,1972.0,266.0,271.0,1248.3,14.0,1.0,114.0,46.0,13.0,107.5,3.0
2020-12-03,southasia,7913.0,1311.0,1056.0,3175.6,37.0,24.0,505.0,43.0,18.0,-41.0,7.0
2020-12-03,sudan,440.0,35.0,64.0,447.6,1.0,0.0,25.0,4.0,1.0,-8.3,0.0
2020-12-03,taiwan,282.0,37.0,21.0,475.9,1.0,0.0,17.0,21.0,6.0,21.7,0.0
2020-12-03,ukraine,674.0,76.0,81.0,486.6,0.0,2.0,28.0,73.0,19.0,69.7,3.0
2020-12-03,venezuela,257.0,56.0,37.0,-71.9,0.0,0.0,24.0,28.0,6.0,13.4,1.0
2020-12-03,yemen,216.0,39.0,34.0,28.9,3.0,0.0,14.0,49.0,20.0,-5.2,7.0
2020-12-04,drc,14.0,0.0,1.0,28.0,0.0,0.0,0.0,4.0,1.0,-9.2,0.0
2020-12-04,europe_east,782.0,111.0,56.0,926.5,1.0,1.0,38.0,30.0,11.0,4.1,2.0
2020-12-04,iran,1571.0,335.0,270.0,-357.5,51.0,3.0,97.0,567.0,333.0,-1101.4,48.0
2020-12-04,israel,2578.0,390.0,420.0,536.2,18.0,3.0,130.0,551.0,335.0,-1427.0,53.0
2020-12-04,korea,613.0,101.0,82.0,222.5,5.0,4.0,31.0,61.0,29.0,-15.5,7.0
2020-12-04,libya,235.0,21.0,44.0,273.9,1.0,1.0,24.0,0.0,0.0,0.0,0.0
2020-12-04,scs,1596.0,214.0,286.0,484.2,7.0,2.0,90.0,27.0,12.0,42.3,2.0
2020-12-04,southasia,7503.0,1270.0,929.0,3283.9,23.0,25.0,411.0,24.0,8.0,8.2,0.0
2020-12-04,sudan,471.0,37.0,47.0,896.9,2.0,1.0,16.0,5.0,2.0,-18.8,0.0
2020-12-04,taiwan,333.0,52.0,50.0,152.8,2.0,0.0,24.0,74.0,43.0,-126.4,18.0
2020-12-04,ukraine,642.0,130.0,70.0,280.1,2.0,2.0,32.0,55.0,22.0,-26.4,3.0
2020-12-04,venezuela,339.0,74.0,43.0,87.6,0.0,0.0,34.0,58.0,29.0,-58.0,11.0
2020-12-04,yemen,189.0,24.0,41.0,-43.3,0.0,0.0,5.0,17.0,12.0,-103.1,0.0
2020-12-05,drc,20.0,0.0,5.0,-10.2,0.0,0.0,0.0,0.0,0.0,0.0,0.0
2020-12-05,europe_east,467.0,48.0,24.0,759.5,0.0,1.0,9.0,20.0,6.0,-21.0,0.0
2020-12-05,iran,833.0,146.0,176.0,-723.8,17.0,1.0,40.0,265.0,144.0,-541.9,13.0
2020-12-05,israel,1656.0,285.0,362.0,-1116.0,10.0,2.0,127.0,379.0,217.0,-1034.4,33.0
2020-12-05,korea,445.0,65.0,63.0,310.3,2.0,2.0,28.0,26.0,16.0,-44.3,1.0
2020-12-05,libya,101.0,18.0,22.0,0.6,2.0,0.0,11.0,0.0,0.0,0.0,0.0
2020-12-05,scs,1079.0,128.0,143.0,1145.8,5.0,1.0,82.0,35.0,13.0,-29.2,4.0
2020-12-05,southasia,6443.0,1153.0,889.0,955.6,24.0,11.0,395.0,26.0,10.0,-33.9,3.0
2020-12-05,sudan,186.0,25.0,9.0,536.5,1.0,0.0,2.0,2.0,1.0,-9.5,0.0
2020-12-05,taiwan,223.0,21.0,18.0,415.0,0.0,0.0,18.0,46.0,16.0,29.6,5.0
2020-12-05,ukraine,399.0,68.0,68.0,-51.5,1.0,0.0,23.0,58.0,26.0,-51.8,4.0
2020-12-05,venezuela,143.0,28.0,13.0,182.2,0.0,0.0,11.0,11.0,5.0,-5.0,0.0
2020-12-05,yemen,178.0,32.0,52.0,-314.1,0.0,0.0,6.0,21.0,14.0,-87.7,0.0
2020-12-06,drc,25.0,0.0,4.0,38.2,0.0,0.0,4.0,1.0,1.0,-10.0,0.0
2020-12-06,europe_east,451.0,72.0,24.0,522.7,0.0,1.0,15.0,34.0,9.0,20.3,0.0
2020-12-06,iran,921.0,172.0,181.0,-472.5,9.0,1.0,47.0,204.0,95.0,-270.5,8.0
2020-12-06,israel,2021.0,351.0,299.0,715.0,10.0,5.0,119.0,278.0,134.0,-444.6,29.0
2020-12-06,korea,364.0,30.0,43.0,371.4,3.0,2.0,22.0,41.0,8.0,21.6,3.0
2020-12-06,libya,189.0,25.0,25.0,193.1,3.0,0.0,9.0,0.0,0.0,0.0,0.0
2020-12-06,scs,963.0,131.0,126.0,699.6,3.0,2.0,61.0,26.0,7.0,37.1,2.0
2020-12-06,southasia,5665.0,1017.0,778.0,763.5,10.0,17.0,364.0,20.0,14.0,-95.4,4.0
2020-12-06,sudan,200.0,34.0,27.0,97.4,0.0,3.0,7.0,4.0,3.0,-24.0,1.0
2020-12-06,taiwan,176.0,12.0,17.0,195.5,0.0,0.0,6.0,42.0,4.0,46.8,0.0
2020-12-06,ukraine,384.0,76.0,82.0,-393.4,0.0,0.0,55.0,7.0,7.0,-47.0,0.0
2020-12-06,venezuela,361.0,82.0,58.0,-274.7,0.0,0.0,21.0,49.0,12.0,-9.6,5.0
2020-12-06,yemen,106.0,21.0,21.0,-79.6,0.0,0.0,1.0,44.0,15.0,-48.5,3.0
2020-12-07,drc,61.0,9.0,3.0,98.8,0.0,0.0,2.0,6.0,6.0,-35.0,5.0
2020-12-07,europe_east,905.0,146.0,87.0,880.6,2.0,1.0,54.0,79.0,30.0,-30.0,12.0
2020-12-07,iran,1382.0,260.0,298.0,-1459.4,13.0,1.0,44.0,297.0,138.0,-334.5,9.0
2020-12-07,israel,2845.0,421.0,396.0,2074.0,10.0,6.0,122.0,430.0,217.0,-648.9,26.0
2020-12-07,korea,585.0,68.0,65.0,522.6,14.0,4.0,26.0,34.0,7.0,21.8,0.0
2020-12-07,libya,277.0,48.0,48.0,-30.5,5.0,0.0,12.0,0.0,0.0,0.0,0.0
2020-12-07,scs,1771.0,223.0,176.0,2029.2,6.0,5.0,101.0,47.0,12.0,-2.7,2.0
2020-12-07,southasia,8183.0,1443.0,1086.0,2334.3,34.0,27.0,543.0,38.0,16.0,-47.9,6.0
2020-12-07,sudan,441.0,54.0,60.0,561.0,0.0,1.0,14.0,8.0,4.0,4.0,1.0
2020-12-07,taiwan,353.0,47.0,60.0,176.2,2.0,3.0,38.0,75.0,33.0,-107.1,12.0
2020-12-07,ukraine,704.0,124.0,131.0,-145.7,1.0,1.0,83.0,33.0,16.0,-70.3,5.0
2020-12-07,venezuela,435.0,104.0,63.0,-112.7,2.0,2.0,41.0,42.0,19.0,-17.1,3.0
2020-12-07,yemen,214.0,14.0,62.0,-158.9,2.0,0.0,22.0,40.0,15.0,-57.5,6.0
2020-12-08,drc,78.0,12.0,8.0,100.2,0.0,0.0,6.0,1.0,0.0,3.4,0.0
2020-12-08,europe_east,973.0,171.0,90.0,945.3,1.0,5.0,54.0,52.0,20.0,-55.4,3.0
2020-12-08,iran,1415.0,259.0,287.0,-754.1,7.0,0.0,120.0,299.0,166.0,-591.2,3.0
2020-12-08,israel,2798.0,345.0,422.0,1889.2,6.0,7.0,155.0,489.0,259.0,-833.1,44.0
2020-12-08,korea,890.0,80.0,89.0,1092.1,6.0,1.0,49.0,87.0,33.0,39.6,1.0
2020-12-08,libya,312.0,41.0,50.0,120.2,0.0,0.0,18.0,1.0,0.0,3.4,0.0
2020-12-08,scs,1789.0,213.0,167.0,2198.1,9.0,0.0,60.0,58.0,10.0,108.6,0.0
2020-12-08,southasia,8989.0,1721.0,1146.0,1452.8,23.0,67.0,506.0,31.0,9.0,25.4,6.0
2020-12-08,sudan,544.0,37.0,75.0,729.8,0.0,1.0,13.0,14.0,5.0,25.0,0.0
2020-12-08,taiwan,517.0,48.0,70.0,520.5,2.0,0.0,40.0,98.0,32.0,61.0,7.0
2020-12-08,ukraine,614.0,110.0,81.0,215.4,0.0,1.0,43.0,62.0,23.0,17.7,4.0
2020-12-08,venezuela,317.0,77.0,42.0,-18.1,2.0,0.0,33.0,29.0,10.0,19.2,0.0
2020-12-08,yemen,238.0,23.0,58.0,-111.9,1.0,0.0,14.0,44.0,20.0,-112.2,0.0
2020-12-09,drc,30.0,8.0,8.0,-53.2,0.0,2.0,1.0,4.0,2.0,-6.7,0.0
2020-12-09,europe_east,1055.0,157.0,70.0,1817.1,0.0,0.0,33.0,41.0,16.0,-36.8,7.0
2020-12-09,iran,1367.0,216.0,245.0,263.6,11.0,0.0,110.0,281.0,142.0,-421.1,9.0
2020-12-09,israel,2605.0,356.0,338.0,2007.0,11.0,1.0,135.0,436.0,186.0,-348.4,33.0
2020-12-09,korea,1056.0,104.0,90.0,1699.0,9.0,6.0,32.0,131.0,50.0,19.4,0.0
2020-12-09,libya,196.0,44.0,15.0,72.5,0.0,0.0,9.0,0.0,0.0,0.0,0.0
2020-12-09,scs,1551.0,193.0,176.0,1428.7,2.0,1.0,78.0,18.0,3.0,15.8,0.0
2020-12-09,southasia,8177.0,1404.0,902.0,5111.8,21.0,16.0,437.0,4.0,1.0,3.5,0.0
2020-12-09,sudan,523.0,59.0,68.0,464.3,2.0,11.0,12.0,10.0,2.0,30.3,0.0
2020-12-09,taiwan,332.0,38.0,25.0,490.9,0.0,0.0,14.0,66.0,26.0,-43.9,7.0
2020-12-09,ukraine,759.0,137.0,68.0,695.9,0.0,1.0,53.0,56.0,23.0,-58.0,1.0
2020-12-09,venezuela,245.0,45.0,35.0,218.3,3.0,0.0,19.0,27.0,11.0,15.4,3.0
2020-12-09,yemen,173.0,23.0,37.0,-52.9,1.0,1.0,13.0,37.0,8.0,49.1,0.0
2020-12-10,drc,27.0,7.0,1.0,29.7,0.0,0.0,1.0,3.0,0.0,6.6,0.0
2020-12-10,europe_east,1147.0,174.0,90.0,1385.4,4.0,4.0,51.0,57.0,14.0,54.9,2.0
2020-12-10,iran,1210.0,189.0,204.0,210.2,5.0,1.0,76.0,268.0,124.0,-241.8,13.0
2020-12-10,israel,3525.0,428.0,388.0,4611.5,17.0,1.0,203.0,410.0,171.0,-90.9,36.0
2020-12-10,korea,909.0,83.0,101.0,1246.3,1.0,2.0,40.0,98.0,11.0,251.3,0.0
2020-12-10,libya,280.0,29.0,39.0,399.2,3.0,1.0,18.0,0.0,0.0,0.0,0.0
2020-12-10,scs,1777.0,263.0,243.0,1095.0,7.0,0.0,144.0,51.0,11.0,83.5,0.0
2020-12-10,southasia,7066.0,1335.0,937.0,1062.3,12.0,29.0,344.0,26.0,12.0,-35.1,0.0
2020-12-10,sudan,593.0,90.0,62.0,686.0,0.0,5.0,19.0,14.0,2.0,62.3,1.0
2020-12-10,taiwan,304.0,35.0,34.0,352.9,2.0,1.0,15.0,38.0,14.0,-27.5,2.0
2020-12-10,ukraine,820.0,130.0,82.0,527.3,1.0,7.0,44.0,63.0,25.0,-28.9,6.0
2020-12-10,venezuela,312.0,38.0,41.0,354.6,0.0,0.0,28.0,50.0,11.0,52.0,0.0
2020-12-10,yemen,293.0,23.0,44.0,473.0,0.0,0.0,13.0,74.0,25.0,33.1,0.0
2020-12-11,drc,38.0,5.0,1.0,87.0,0.0,1.0,0.0,0.0,0.0,0.0,0.0
2020-12-11,europe_east,856.0,93.0,58.0,1373.5,0.0,0.0,29.0,12.0,2.0,-8.0,0.0
2020-12-11,iran,852.0,166.0,159.0,-452.0,18.0,1.0,47.0,188.0,110.0,-335.6,13.0
2020-12-11,israel,3062.0,408.0,380.0,3415.3,10.0,4.0,195.0,321.0,130.0,-55.4,18.0
2020-12-11,korea,877.0,83.0,84.0,1385.6,6.0,2.0,55.0,47.0,9.0,108.9,5.0
2020-12-11,libya,194.0,40.0,19.0,226.5,0.0,1.0,10.0,0.0,0.0,0.0,0.0
2020-12-11,scs,1598.0,198.0,178.0,1773.8,10.0,6.0,90.0,56.0,17.0,97.9,4.0
2020-12-11,southasia,7781.0,1388.0,945.0,3116.7,33.0,32.0,444.0,30.0,12.0,-25.6,1.0
2020-12-11,sudan,543.0,67.0,32.0,1032.1,1.0,2.0,15.0,8.0,2.0,21.2,1.0
2020-12-11,taiwan,354.0,63.0,40.0,110.8,2.0,1.0,23.0,51.0,33.0,-140.1,8.0
2020-12-11,ukraine,747.0,90.0,65.0,1040.9,3.0,0.0,39.0,85.0,24.0,10.5,1.0
2020-12-11,venezuela,188.0,28.0,17.0,288.5,3.0,0.0,16.0,18.0,3.0,32.5,0.0
2020-12-11,yemen,174.0,23.0,26.0,166.1,1.0,0.0,11.0,28.0,5.0,8.5,1.0
2020-12-12,drc,2.0,0.0,0.0,6.0,0.0,0.0,0.0,0.0,0.0,0.0,0.0
2020-12-12,europe_east,386.0,52.0,38.0,465.2,0.0,0.0,19.0,22.0,1.0,45.4,1.0
2020-12-12,iran,1245.0,284.0,292.0,-1216.3,6.0,0.0,150.0,174.0,98.0,-343.7,8.0
2020-12-12,israel,1673.0,272.0,205.0,1570.7,2.0,0.0,82.0,194.0,107.0,-363.6,16.0
2020-12-12,korea,434.0,65.0,63.0,278.3,5.0,4.0,33.0,49.0,10.0,122.2,0.0
2020-12-12,libya,96.0,21.0,22.0,-154.1,2.0,0.0,10.0,0.0,0.0,0.0,0.0
2020-12-12,scs,912.0,102.0,122.0,865.1,0.0,5.0,69.0,28.0,14.0,-88.3,0.0
2020-12-12,southasia,6139.0,1109.0,759.0,1838.9,19.0,47.0,340.0,16.0,9.0,-47.5,6.0
2020-12-12,sudan,243.0,22.0,28.0,328.6,2.0,0.0,9.0,0.0,0.0,0.0,0.0
2020-12-12,taiwan,182.0,23.0,11.0,226.1,0.0,0.0,7.0,41.0,23.0,-68.8,6.0
2020-12-12,ukraine,378.0,42.0,41.0,299.2,1.0,0.0,21.0,38.0,12.0,12.5,0.0
2020-12-12,venezuela,119.0,15.0,21.0,14.1,2.0,0.0,12.0,15.0,1.0,25.7,1.0
2020-12-12,yemen,118.0,25.0,19.0,-22.4,0.0,1.0,3.0,26.0,12.0,-23.7,0.0
2020-12-13,drc,15.0,4.0,1.0,14.8,0.0,1.0,0.0,0.0,0.0,0.0,0.0
2020-12-13,europe_east,289.0,38.0,39.0,255.2,0.0,0.0,27.0,15.0,0.0,29.5,0.0
2020-12-13,iran,1145.0,251.0,256.0,-721.3,6.0,2.0,137.0,140.0,103.0,-416.5,9.0
2020-12-13,israel,1971.0,229.0,248.0,2084.1,4.0,1.0,102.0,242.0,115.0,-289.2,23.0
2020-12-13,korea,325.0,39.0,54.0,239.7,0.0,6.0,26.0,29.0,3.0,16.1,3.0
2020-12-13,libya,98.0,14.0,15.0,39.1,0.0,0.0,5.0,0.0,0.0,0.0,0.0
2020-12-13,scs,836.0,114.0,102.0,653.7,5.0,2.0,59.0,40.0,3.0,137.9,0.0
2020-12-13,southasia,6031.0,1173.0,801.0,444.0,18.0,44.0,330.0,25.0,12.0,-65.5,2.0
2020-12-13,sudan,377.0,29.0,27.0,675.2,3.0,1.0,6.0,0.0,0.0,0.0,0.0
2020-12-13,taiwan,143.0,12.0,17.0,94.3,1.0,0.0,10.0,17.0,10.0,-23.8,6.0
2020-12-13,ukraine,343.0,49.0,53.0,-174.9,0.0,0.0,42.0,22.0,4.0,0.5,1.0
2020-12-13,venezuela,178.0,30.0,27.0,-67.5,0.0,0.0,19.0,15.0,4.0,8.9,1.0
2020-12-13,yemen,112.0,12.0,8.0,175.4,1.0,1.0,4.0,19.0,9.0,-11.6,3.0
2020-12-14,drc,37.0,5.0,6.0,-24.3,0.0,0.0,1.0,2.0,1.0,-3.6,0.0
2020-12-14,europe_east,766.0,74.0,78.0,1013.7,1.0,0.0,44.0,72.0,17.0,51.5,10.0
2020-12-14,iran,1740.0,351.0,412.0,-1141.1,9.0,1.0,229.0,437.0,208.0,-462.1,14.0
2020-12-14,israel,2955.0,378.0,371.0,2920.5,8.0,8.0,163.0,381.0,157.0,-292.0,16.0
2020-12-14,korea,598.0,107.0,49.0,682.9,4.0,3.0,30.0,59.0,38.0,-154.2,8.0
2020-12-14,libya,160.0,19.0,26.0,17.2,0.0,0.0,2.0,1.0,0.0,3.0,0.0
2020-12-14,scs,1445.0,188.0,187.0,1299.8,1.0,4.0,91.0,64.0,13.0,130.4,0.0
2020-12-14,southasia,7921.0,1492.0,980.0,2339.8,15.0,60.0,371.0,48.0,21.0,-92.7,6.0
2020-12-14,sudan,767.0,90.0,100.0,1016.0,4.0,0.0,63.0,4.0,4.0,-16.0,0.0
2020-12-14,taiwan,355.0,67.0,34.0,223.1,1.0,0.0,17.0,38.0,13.0,-16.3,2.0
2020-12-14,ukraine,685.0,110.0,74.0,304.3,0.0,0.0,51.0,48.0,21.0,-60.3,0.0
2020-12-14,venezuela,459.0,90.0,75.0,-144.5,1.0,2.0,52.0,50.0,38.0,-125.4,8.0
2020-12-14,yemen,203.0,34.0,55.0,-326.7,1.0,1.0,12.0,40.0,20.0,-59.8,2.0
2020-12-15,drc,34.0,4.0,2.0,37.2,2.0,0.0,0.0,7.0,4.0,-5.8,0.0
2020-12-15,europe_east,900.0,93.0,81.0,1460.4,1.0,10.0,48.0,72.0,24.0,4.6,10.0
2020-12-15,iran,1367.0,251.0,298.0,-410.0,7.0,1.0,142.0,380.0,192.0,-474.0,11.0
2020-12-15,israel,3133.0,484.0,359.0,2848.9,4.0,4.0,141.0,373.0,201.0,-709.8,30.0
2020-12-15,korea,721.0,141.0,100.0,345.9,1.0,1.0,65.0,93.0,55.0,-145.5,8.0
2020-12-15,libya,275.0,30.0,42.0,186.2,0.0,0.0,7.0,1.0,1.0,-10.0,0.0
2020-12-15,scs,1578.0,179.0,173.0,1710.6,2.0,0.0,89.0,35.0,6.0,82.9,0.0
2020-12-15,southasia,8176.0,1364.0,918.0,4651.3,13.0,28.0,427.0,13.0,3.0,-11.7,0.0
2020-12-15,sudan,507.0,55.0,72.0,566.9,0.0,0.0,37.0,0.0,0.0,0.0,0.0
2020-12-15,taiwan,316.0,31.0,36.0,385.1,0.0,1.0,24.0,37.0,11.0,5.3,3.0
2020-12-15,ukraine,983.0,118.0,104.0,930.8,1.0,0.0,57.0,73.0,27.0,4.6,3.0
2020-12-15,venezuela,541.0,100.0,101.0,-128.2,2.0,4.0,50.0,36.0,23.0,-58.4,4.0
2020-12-15,yemen,189.0,34.0,37.0,-123.3,0.0,0.0,2.0,44.0,16.0,-23.0,0.0
2020-12-16,drc,97.0,3.0,29.0,-116.7,0.0,0.0,7.0,8.0,0.0,18.8,0.0
2020-12-16,europe_east,771.0,95.0,98.0,736.1,0.0,4.0,52.0,35.0,12.0,1.1,3.0
2020-12-16,iran,1279.0,250.0,263.0,-375.9,12.0,2.0,115.0,236.0,109.0,-99.8,13.0
2020-12-16,israel,2611.0,364.0,348.0,1750.3,6.0,4.0,167.0,253.0,130.0,-454.9,26.0
2020-12-16,korea,539.0,75.0,43.0,810.5,3.0,1.0,18.0,41.0,10.0,71.4,3.0
2020-12-16,libya,382.0,33.0,90.0,183.8,0.0,0.0,53.0,7.0,5.0,-38.0,0.0
2020-12-16,scs,1864.0,253.0,306.0,478.7,5.0,4.0,126.0,42.0,13.0,70.4,3.0
2020-12-16,southasia,8598.0,1268.0,1109.0,4794.9,7.0,29.0,437.0,63.0,8.0,54.2,1.0
2020-12-16,sudan,630.0,65.0,64.0,1214.0,3.0,4.0,17.0,8.0,0.0,64.0,0.0
2020-12-16,taiwan,383.0,38.0,37.0,529.9,0.0,1.0,19.0,85.0,29.0,9.6,10.0
2020-12-16,ukraine,867.0,145.0,138.0,2.5,4.0,0.0,83.0,30.0,11.0,-31.1,5.0
2020-12-16,venezuela,254.0,39.0,27.0,156.6,0.0,1.0,19.0,29.0,4.0,47.4,0.0
2020-12-16,yemen,130.0,24.0,12.0,190.6,1.0,1.0,5.0,15.0,2.0,25.1,0.0
2020-12-17,drc,29.0,1.0,6.0,12.7,0.0,0.0,3.0,6.0,6.0,-60.0,0.0
2020-12-17,europe_east,725.0,104.0,70.0,850.9,0.0,1.0,44.0,56.0,9.0,38.1,2.0
2020-12-17,iran,1070.0,205.0,197.0,40.6,8.0,0.0,103.0,205.0,83.0,-19.4,1.0
2020-12-17,israel,2679.0,335.0,325.0,2893.9,14.0,4.0,135.0,313.0,154.0,-276.4,33.0
2020-12-17,korea,622.0,77.0,89.0,359.1,3.0,4.0,37.0,86.0,24.0,79.1,8.0
2020-12-17,libya,461.0,50.0,156.0,-354.1,0.0,0.0,117.0,0.0,0.0,0.0,0.0
2020-12-17,scs,1620.0,208.0,205.0,1271.1,5.0,3.0,98.0,41.0,3.0,152.3,0.0
2020-12-17,southasia,8493.0,1247.0,961.0,6021.3,25.0,20.0,466.0,18.0,8.0,-36.2,2.0
2020-12-17,sudan,563.0,56.0,127.0,123.6,0.0,8.0,30.0,17.0,11.0,-75.0,1.0
2020-12-17,taiwan,403.0,69.0,47.0,97.3,1.0,2.0,24.0,94.0,43.0,-57.3,4.0
2020-12-17,ukraine,882.0,113.0,129.0,331.7,0.0,2.0,66.0,71.0,33.0,-104.6,8.0
2020-12-17,venezuela,201.0,35.0,29.0,-23.4,0.0,0.0,12.0,15.0,4.0,7.0,2.0
2020-12-17,yemen,185.0,14.0,48.0,-80.8,1.0,3.0,8.0,55.0,22.0,-61.2,2.0
2020-12-18,drc,50.0,0.0,23.0,-104.7,0.0,0.0,1.0,0.0,0.0,0.0,0.0
2020-12-18,europe_east,755.0,79.0,81.0,1001.7,0.0,1.0,46.0,35.0,14.0,13.3,7.0
2020-12-18,iran,747.0,109.0,192.0,-512.8,9.0,11.0,81.0,141.0,61.0,-89.1,10.0
2020-12-18,israel,2004.0,254.0,205.0,2174.8,6.0,2.0,80.0,260.0,114.0,-219.1,16.0
2020-12-18,korea,607.0,83.0,67.0,355.3,5.0,0.0,22.0,52.0,22.0,-65.8,6.0
2020-12-18,libya,255.0,21.0,70.0,55.6,0.0,0.0,38.0,0.0,0.0,0.0,0.0
2020-12-18,scs,1645.0,194.0,220.0,1471.3,0.0,0.0,91.0,26.0,5.0,57.2,5.0
2020-12-18,southasia,8346.0,1334.0,1077.0,3926.7,18.0,19.0,501.0,28.0,16.0,-84.8,1.0
2020-12-18,sudan,350.0,29.0,64.0,291.8,1.0,3.0,9.0,11.0,7.0,-48.6,0.0
2020-12-18,taiwan,367.0,35.0,38.0,549.0,2.0,1.0,20.0,45.0,34.0,-148.1,3.0
2020-12-18,ukraine,1042.0,139.0,105.0,1213.7,1.0,0.0,57.0,96.0,31.0,74.4,2.0
2020-12-18,venezuela,288.0,41.0,45.0,95.4,0.0,0.0,30.0,37.0,10.0,69.7,0.0
2020-12-18,yemen,115.0,13.0,15.0,129.8,0.0,0.0,4.0,29.0,7.0,44.0,0.0
2020-12-19,drc,30.0,0.0,1.0,79.7,0.0,0.0,1.0,0.0,0.0,0.0,0.0
2020-12-19,europe_east,251.0,31.0,25.0,154.4,0.0,0.0,15.0,9.0,2.0,17.5,2.0
2020-12-19,iran,527.0,94.0,113.0,-404.0,7.0,0.0,47.0,108.0,32.0,71.9,3.0
2020-12-19,israel,1401.0,194.0,182.0,733.9,7.0,0.0,67.0,197.0,80.0,-25.1,10.0
2020-12-19,korea,316.0,39.0,42.0,386.3,4.0,0.0,24.0,29.0,4.0,26.6,3.0
2020-12-19,libya,178.0,26.0,33.0,108.3,0.0,0.0,20.0,0.0,0.0,0.0,0.0
2020-12-19,scs,921.0,77.0,58.0,1636.3,4.0,0.0,30.0,30.0,2.0,106.1,0.0
2020-12-19,southasia,6881.0,1113.0,780.0,3714.1,9.0,13.0,351.0,58.0,39.0,-163.3,14.0
2020-12-19,sudan,319.0,40.0,35.0,398.1,1.0,0.0,9.0,4.0,0.0,20.0,0.0
2020-12-19,taiwan,194.0,43.0,27.0,-55.7,0.0,0.0,8.0,46.0,26.0,-57.4,2.0
2020-12-19,ukraine,363.0,45.0,54.0,91.4,0.0,3.0,21.0,22.0,9.0,-11.6,2.0
2020-12-19,venezuela,234.0,60.0,41.0,-140.5,0.0,0.0,29.0,41.0,8.0,97.3,1.0
2020-12-19,yemen,128.0,6.0,12.0,296.2,0.0,0.0,4.0,52.0,5.0,132.9,3.0
2020-12-20,drc,9.0,0.0,0.0,28.2,0.0,0.0,0.0,0.0,0.0,0.0,0.0
2020-12-20,europe_east,402.0,38.0,64.0,164.0,0.0,8.0,28.0,12.0,0.0,19.4,0.0
2020-12-20,iran,452.0,62.0,99.0,-242.1,4.0,8.0,27.0,80.0,37.0,-74.6,3.0
2020-12-20,israel,1658.0,189.0,269.0,675.2,0.0,2.0,122.0,121.0,63.0,-244.7,5.0
2020-12-20,korea,378.0,40.0,58.0,332.0,1.0,0.0,44.0,29.0,8.0,-4.4,2.0
2020-12-20,libya,209.0,10.0,41.0,23.5,0.0,3.0,18.0,0.0,0.0,0.0,0.0
2020-12-20,scs,857.0,125.0,79.0,863.6,2.0,6.0,38.0,21.0,4.0,39.4,0.0
2020-12-20,southasia,5246.0,941.0,617.0,1537.4,10.0,9.0,245.0,18.0,14.0,-105.0,6.0
2020-12-20,sudan,342.0,34.0,62.0,217.6,1.0,13.0,19.0,4.0,0.0,14.7,0.0
2020-12-20,taiwan,236.0,25.0,38.0,176.0,0.0,13.0,16.0,48.0,16.0,94.0,2.0
2020-12-20,ukraine,322.0,61.0,62.0,-166.1,0.0,11.0,33.0,34.0,12.0,-30.4,3.0
2020-12-20,venezuela,144.0,41.0,12.0,-1.4,3.0,0.0,11.0,37.0,7.0,72.3,5.0
2020-12-20,yemen,140.0,1.0,17.0,209.4,0.0,0.0,3.0,46.0,3.0,72.7,0.0
2020-12-21,drc,13.0,2.0,0.0,24.6,0.0,0.0,0.0,0.0,0.0,0.0,0.0
2020-12-21,europe_east,1129.0,79.0,339.0,652.6,1.0,2.0,318.0,13.0,8.0,4.6,1.0
2020-12-21,iran,1178.0,188.0,245.0,-736.4,13.0,0.0,99.0,291.0,147.0,-514.6,10.0
2020-12-21,israel,2635.0,355.0,486.0,87.4,6.0,2.0,216.0,325.0,189.0,-891.4,27.0
2020-12-21,korea,566.0,72.0,93.0,278.7,0.0,0.0,58.0,53.0,14.0,99.0,2.0
2020-12-21,libya,724.0,131.0,201.0,-577.8,3.0,0.0,134.0,0.0,0.0,0.0,0.0
2020-12-21,scs,1918.0,253.0,353.0,94.8,2.0,5.0,114.0,58.0,8.0,119.8,2.0
2020-12-21,southasia,7407.0,1148.0,1003.0,3563.9,19.0,11.0,516.0,22.0,5.0,38.6,0.0
2020-12-21,sudan,519.0,38.0,115.0,97.2,0.0,20.0,35.0,10.0,10.0,-98.0,0.0
2020-12-21,taiwan,355.0,43.0,45.0,173.7,1.0,6.0,28.0,54.0,14.0,39.7,3.0
2020-12-21,ukraine,601.0,86.0,84.0,430.5,2.0,3.0,47.0,59.0,29.0,-144.3,4.0
2020-12-21,venezuela,247.0,41.0,21.0,233.8,3.0,0.0,17.0,53.0,27.0,-45.4,1.0
2020-12-21,yemen,106.0,13.0,16.0,64.5,0.0,0.0,9.0,28.0,11.0,-11.8,0.0
2020-12-22,drc,48.0,8.0,12.0,-22.6,0.0,0.0,12.0,4.0,0.0,32.0,0.0
2020-12-22,europe_east,681.0,74.0,115.0,665.2,0.0,1.0,99.0,56.0,5.0,245.7,0.0
2020-12-22,iran,927.0,157.0,190.0,-280.8,16.0,1.0,74.0,278.0,128.0,-322.2,16.0
2020-12-22,israel,3078.0,388.0,381.0,3719.8,10.0,1.0,166.0,383.0,175.0,-128.2,26.0
2020-12-22,korea,552.0,61.0,75.0,432.6,9.0,2.0,40.0,66.0,16.0,81.4,8.0
2020-12-22,libya,492.0,75.0,123.0,-159.6,4.0,2.0,74.0,0.0,0.0,0.0,0.0
2020-12-22,scs,1731.0,207.0,336.0,-132.6,3.0,1.0,113.0,31.0,2.0,57.2,0.0
2020-12-22,southasia,8090.0,1253.0,1221.0,1720.9,7.0,25.0,527.0,11.0,7.0,-29.2,1.0
2020-12-22,sudan,678.0,86.0,118.0,377.8,1.0,4.0,35.0,12.0,9.0,-52.0,3.0
2020-12-22,taiwan,437.0,58.0,37.0,555.7,2.0,1.0,28.0,51.0,15.0,63.0,8.0
2020-12-22,ukraine,776.0,110.0,101.0,596.0,4.0,1.0,54.0,79.0,28.0,-28.0,4.0
2020-12-22,venezuela,217.0,23.0,27.0,192.0,0.0,1.0,16.0,25.0,7.0,39.6,4.0
2020-12-22,yemen,73.0,7.0,19.0,-64.6,0.0,0.0,5.0,18.0,8.0,-15.2,0.0
2020-12-23,drc,25.0,5.0,8.0,-29.9,0.0,0.0,8.0,0.0,0.0,0.0,0.0
2020-12-23,europe_east,690.0,67.0,99.0,712.3,0.0,3.0,76.0,37.0,9.0,33.0,0.0
2020-12-23,iran,1173.0,185.0,216.0,-401.1,17.0,1.0,65.0,293.0,134.0,-377.6,19.0
2020-12-23,israel,3607.0,510.0,378.0,4119.0,42.0,1.0,136.0,383.0,189.0,-569.0,33.0
2020-12-23,korea,584.0,69.0,95.0,366.9,5.0,2.0,56.0,30.0,6.0,31.0,0.0
2020-12-23,libya,372.0,77.0,69.0,-147.2,5.0,13.0,14.0,1.0,1.0,-10.0,0.0
2020-12-23,scs,1708.0,171.0,336.0,1010.4,1.0,7.0,166.0,32.0,6.0,49.0,2.0
2020-12-23,southasia,8077.0,1375.0,1166.0,2087.8,13.0,19.0,559.0,35.0,16.0,-22.9,2.0
2020-12-23,sudan,669.0,78.0,83.0,675.3,1.0,6.0,30.0,4.0,1.0,0.9,1.0
2020-12-23,taiwan,427.0,55.0,32.0,594.1,1.0,0.0,24.0,55.0,7.0,80.4,2.0
2020-12-23,ukraine,892.0,104.0,146.0,481.7,1.0,1.0,91.0,60.0,20.0,40.3,7.0
2020-12-23,venezuela,287.0,60.0,27.0,161.3,0.0,0.0,21.0,51.0,24.0,-17.6,3.0
2020-12-23,yemen,56.0,11.0,3.0,53.3,0.0,0.0,0.0,21.0,2.0,43.2,0.0
2020-12-24,drc,26.0,7.0,5.0,-27.9,1.0,0.0,2.0,11.0,2.0,1.6,0.0
2020-12-24,europe_east,439.0,23.0,38.0,881.4,0.0,0.0,23.0,25.0,6.0,13.2,3.0
2020-12-24,iran,1170.0,339.0,267.0,-2169.4,49.0,4.0,48.0,373.0,244.0,-1133.8,29.0
2020-12-24,israel,2919.0,389.0,448.0,1695.9,22.0,0.0,184.0,478.0,240.0,-887.3,49.0
2020-12-24,korea,460.0,48.0,52.0,776.1,3.0,0.0,22.0,17.0,10.0,-59.0,0.0
2020-12-24,libya,344.0,33.0,38.0,421.4,0.0,4.0,7.0,4.0,2.0,-19.5,0.0
2020-12-24,scs,1031.0,140.0,143.0,600.3,0.0,0.0,40.0,14.0,4.0,7.0,0.0
2020-12-24,southasia,7731.0,1287.0,1140.0,1486.2,9.0,5.0,530.0,27.0,16.0,-17.4,0.0
2020-12-24,sudan,407.0,36.0,35.0,746.5,1.0,0.0,10.0,7.0,5.0,-44.0,0.0
2020-12-24,taiwan,339.0,39.0,36.0,445.1,1.0,0.0,27.0,46.0,24.0,-124.0,8.0
2020-12-24,ukraine,679.0,65.0,88.0,598.1,0.0,2.0,43.0,41.0,25.0,-160.0,10.0
2020-12-24,venezuela,141.0,29.0,8.0,123.0,0.0,0.0,7.0,40.0,5.0,30.9,0.0
2020-12-24,yemen,98.0,16.0,14.0,32.0,0.0,0.0,8.0,12.0,2.0,-1.6,0.0
2020-12-25,drc,20.0,7.0,2.0,2.3,0.0,0.0,2.0,2.0,0.0,0.0,0.0
2020-12-25,europe_east,237.0,16.0,25.0,360.3,1.0,0.0,15.0,18.0,4.0,6.2,2.0
2020-12-25,iran,468.0,85.0,73.0,93.4,11.0,0.0,20.0,114.0,61.0,-262.5,2.0
2020-12-25,israel,1885.0,243.0,417.0,-705.8,18.0,0.0,111.0,421.0,249.0,-1557.3,40.0
2020-12-25,korea,170.0,13.0,12.0,305.2,0.0,0.0,8.0,19.0,1.0,27.6,1.0
2020-12-25,libya,206.0,21.0,22.0,276.8,2.0,3.0,6.0,1.0,1.0,-7.0,1.0
2020-12-25,scs,747.0,80.0,108.0,358.7,2.0,0.0,25.0,14.0,0.0,53.7,0.0
2020-12-25,southasia,6624.0,1086.0,925.0,1922.8,2.0,18.0,392.0,8.0,6.0,-22.0,0.0
2020-12-25,sudan,295.0,27.0,25.0,564.2,0.0,0.0,5.0,2.0,0.0,6.0,0.0
2020-12-25,taiwan,227.0,24.0,37.0,109.7,2.0,4.0,21.0,37.0,14.0,-70.3,0.0
2020-12-25,ukraine,408.0,41.0,43.0,595.6,0.0,0.0,27.0,34.0,10.0,47.6,0.0
2020-12-25,venezuela,131.0,19.0,15.0,41.4,0.0,0.0,10.0,22.0,3.0,20.8,0.0
2020-12-25,yemen,54.0,4.0,7.0,31.1,0.0,0.0,1.0,5.0,4.0,-27.0,1.0
2020-12-26,drc,18.0,3.0,0.0,4.1,0.0,0.0,0.0,7.0,1.0,3.4,0.0
2020-12-26,europe_east,343.0,41.0,47.0,140.4,3.0,3.0,15.0,10.0,0.0,-14.0,0.0
2020-12-26,iran,477.0,103.0,85.0,-152.5,17.0,1.0,43.0,112.0,72.0,-310.1,4.0
2020-12-26,israel,1459.0,191.0,304.0,-369.5,9.0,0.0,91.0,256.0,167.0,-1062.9,19.0
2020-12-26,korea,353.0,23.0,43.0,737.4,0.0,1.0,20.0,19.0,7.0,16.3,2.0
2020-12-26,libya,267.0,8.0,21.0,634.3,0.0,1.0,13.0,2.0,0.0,4.7,0.0
2020-12-26,scs,843.0,85.0,149.0,486.5,0.0,0.0,45.0,26.0,5.0,-1.5,2.0
2020-12-26,southasia,6246.0,1046.0,789.0,2664.7,13.0,16.0,384.0,35.0,12.0,-9.3,0.0
2020-12-26,sudan,232.0,27.0,50.0,-57.4,1.0,7.0,17.0,0.0,0.0,0.0,0.0
2020-12-26,taiwan,153.0,13.0,16.0,262.9,0.0,1.0,8.0,26.0,5.0,10.9,0.0
2020-12-26,ukraine,259.0,69.0,33.0,-161.3,1.0,0.0,21.0,27.0,6.0,47.5,0.0
2020-12-26,venezuela,101.0,6.0,8.0,176.0,0.0,0.0,6.0,6.0,2.0,5.4,0.0
2020-12-26,yemen,62.0,5.0,8.0,20.0,0.0,0.0,0.0,7.0,4.0,-29.2,0.0
2020-12-27,drc,7.0,1.0,0.0,6.2,1.0,0.0,0.0,4.0,0.0,9.4,0.0
2020-12-27,europe_east,267.0,30.0,32.0,134.8,0.0,0.0,7.0,19.0,4.0,24.3,0.0
2020-12-27,iran,446.0,72.0,128.0,-664.4,6.0,6.0,37.0,128.0,75.0,-362.7,8.0
2020-12-27,israel,1800.0,263.0,362.0,-557.9,16.0,8.0,103.0,225.0,119.0,-566.2,19.0
2020-12-27,korea,234.0,19.0,32.0,402.4,0.0,0.0,21.0,23.0,2.0,96.6,2.0
2020-12-27,libya,288.0,10.0,12.0,761.1,2.0,1.0,1.0,0.0,0.0,0.0,0.0
2020-12-27,scs,892.0,87.0,165.0,619.0,0.0,6.0,90.0,18.0,4.0,7.0,4.0
2020-12-27,southasia,6235.0,1089.0,877.0,292.8,20.0,13.0,357.0,17.0,6.0,-13.7,2.0
2020-12-27,sudan,246.0,39.0,39.0,-49.2,0.0,6.0,6.0,5.0,5.0,-27.2,5.0
2020-12-27,taiwan,135.0,20.0,15.0,130.8,0.0,3.0,7.0,36.0,13.0,31.8,0.0
2020-12-27,ukraine,248.0,65.0,26.0,-53.1,0.0,0.0,19.0,25.0,10.0,6.1,0.0
2020-12-27,venezuela,73.0,11.0,4.0,88.4,0.0,0.0,1.0,12.0,6.0,-3.0,0.0
2020-12-27,yemen,76.0,15.0,11.0,-29.8,0.0,0.0,3.0,25.0,8.0,-23.8,0.0
2020-12-28,drc,22.0,2.0,1.0,57.2,0.0,0.0,0.0,0.0,0.0,0.0,0.0
2020-12-28,europe_east,429.0,39.0,55.0,507.2,1.0,0.0,39.0,29.0,7.0,15.1,4.0
2020-12-28,iran,746.0,153.0,152.0,-723.0,11.0,5.0,30.0,195.0,112.0,-425.6,11.0
2020-12-28,israel,2215.0,348.0,372.0,183.7,27.0,7.0,127.0,325.0,189.0,-727.3,41.0
2020-12-28,korea,615.0,58.0,37.0,1230.4,1.0,1.0,28.0,29.0,6.0,-3.5,2.0
2020-12-28,libya,274.0,17.0,24.0,576.6,2.0,1.0,7.0,0.0,0.0,0.0,0.0
2020-12-28,scs,1546.0,169.0,223.0,1296.9,3.0,4.0,104.0,45.0,7.0,89.6,4.0
2020-12-28,southasia,7307.0,1249.0,923.0,3456.6,10.0,15.0,443.0,15.0,8.0,-39.6,3.0
2020-12-28,sudan,438.0,68.0,113.0,-369.9,2.0,17.0,17.0,11.0,6.0,-16.0,0.0
2020-12-28,taiwan,268.0,36.0,30.0,344.5,0.0,1.0,24.0,95.0,33.0,67.0,7.0
2020-12-28,ukraine,612.0,74.0,69.0,567.7,2.0,0.0,32.0,38.0,11.0,20.6,2.0
2020-12-28,venezuela,117.0,12.0,8.0,171.7,0.0,0.0,5.0,25.0,6.0,4.6,0.0
2020-12-28,yemen,102.0,26.0,10.0,16.9,0.0,1.0,2.0,15.0,2.0,24.7,0.0
2020-12-29,drc,10.0,2.0,0.0,3.3,0.0,0.0,0.0,2.0,0.0,0.0,0.0
2020-12-29,europe_east,565.0,53.0,75.0,582.4,0.0,5.0,37.0,69.0,11.0,92.0,2.0
2020-12-29,iran,874.0,157.0,190.0,-484.9,7.0,1.0,84.0,218.0,111.0,-349.4,11.0
2020-12-29,israel,2545.0,341.0,412.0,976.2,18.0,9.0,150.0,360.0,163.0,-598.1,45.0
2020-12-29,korea,663.0,71.0,87.0,743.5,1.0,3.0,50.0,44.0,17.0,-37.9,0.0
2020-12-29,libya,216.0,20.0,29.0,345.2,2.0,0.0,7.0,9.0,6.0,-34.5,0.0
2020-12-29,scs,1478.0,188.0,162.0,1870.2,0.0,0.0,109.0,17.0,2.0,41.6,1.0
2020-12-29,southasia,6964.0,1085.0,935.0,3359.9,21.0,24.0,419.0,25.0,11.0,-29.9,5.0
2020-12-29,sudan,399.0,79.0,90.0,-426.2,0.0,3.0,10.0,8.0,7.0,-69.0,0.0
2020-12-29,taiwan,327.0,34.0,34.0,523.0,0.0,0.0,25.0,104.0,25.0,119.1,10.0
2020-12-29,ukraine,812.0,73.0,76.0,1146.4,3.0,0.0,30.0,70.0,18.0,28.1,4.0
2020-12-29,venezuela,187.0,39.0,16.0,60.2,0.0,0.0,12.0,42.0,12.0,4.6,0.0
2020-12-29,yemen,99.0,39.0,13.0,-84.6,0.0,0.0,6.0,10.0,3.0,-3.5,0.0
2020-12-30,drc,30.0,0.0,5.0,7.3,0.0,0.0,2.0,0.0,0.0,0.0,0.0
2020-12-30,europe_east,576.0,45.0,52.0,951.3,0.0,1.0,29.0,16.0,6.0,-22.4,1.0
2020-12-30,iran,1075.0,191.0,249.0,-1302.5,18.0,7.0,45.0,294.0,178.0,-746.3,11.0
2020-12-30,israel,2940.0,338.0,488.0,792.6,5.0,5.0,218.0,401.0,227.0,-1241.7,19.0
2020-12-30,korea,569.0,85.0,72.0,489.6,0.0,4.0,31.0,58.0,28.0,-61.6,2.0
2020-12-30,libya,230.0,12.0,53.0,123.2,2.0,5.0,29.0,6.0,0.0,33.0,0.0
2020-12-30,scs,1482.0,141.0,239.0,1271.3,1.0,5.0,120.0,20.0,6.0,11.7,2.0
2020-12-30,southasia,7151.0,1021.0,1124.0,1683.3,14.0,14.0,488.0,26.0,12.0,-33.9,0.0
2020-12-30,sudan,379.0,74.0,75.0,-21.4,0.0,2.0,23.0,8.0,8.0,-74.0,0.0
2020-12-30,taiwan,338.0,32.0,49.0,350.5,0.0,0.0,32.0,105.0,42.0,0.2,24.0
2020-12-30,ukraine,629.0,87.0,90.0,218.4,1.0,0.0,37.0,24.0,7.0,-19.2,2.0
2020-12-30,venezuela,219.0,31.0,54.0,-14.9,0.0,0.0,48.0,51.0,30.0,-159.3,4.0
2020-12-30,yemen,660.0,159.0,123.0,-700.5,5.0,1.0,2.0,127.0,27.0,108.1,0.0
2020-12-31,drc,17.0,5.0,4.0,-34.2,0.0,0.0,1.0,2.0,2.0,-19.0,0.0
2020-12-31,europe_east,371.0,53.0,36.0,437.1,0.0,0.0,26.0,14.0,2.0,43.6,0.0
2020-12-31,iran,1449.0,357.0,377.0,-2798.5,37.0,14.0,60.0,434.0,253.0,-1034.0,27.0
2020-12-31,israel,2201.0,334.0,331.0,834.4,13.0,2.0,140.0,287.0,156.0,-761.1,21.0
2020-12-31,korea,578.0,64.0,62.0,774.9,4.0,1.0,35.0,75.0,16.0,103.3,3.0
2020-12-31,libya,229.0,14.0,20.0,416.7,0.0,0.0,11.0,0.0,0.0,0.0,0.0
2020-12-31,scs,1299.0,145.0,187.0,887.5,7.0,2.0,77.0,25.0,2.0,63.4,0.0
2020-12-31,southasia,6638.0,970.0,1160.0,35.5,8.0,29.0,516.0,36.0,12.0,-30.1,6.0
2020-12-31,sudan,580.0,93.0,110.0,-39.4,0.0,8.0,26.0,2.0,0.0,16.0,0.0
2020-12-31,taiwan,399.0,69.0,82.0,84.9,3.0,10.0,48.0,152.0,82.0,-158.4,40.0
2020-12-31,ukraine,486.0,57.0,69.0,530.1,0.0,0.0,34.0,27.0,12.0,-29.0,3.0
2020-12-31,venezuela,195.0,20.0,42.0,122.4,0.0,0.0,34.0,21.0,9.0,-27.2,3.0
2020-12-31,yemen,614.0,154.0,153.0,-1167.1,2.0,1.0,4.0,150.0,58.0,-116.5,3.0
