day,theatre,loc_all,loc_q3,loc_q4,loc_gold,loc_mil138,loc_mob,loc_coerce,dy_all,dy_q34,dy_gold,dy_force
2021-01-01,drc,34.0,10.0,10.0,-86.2,0.0,0.0,1.0,1.0,1.0,-2.0,0.0
2021-01-01,europe_east,333.0,26.0,77.0,107.4,0.0,3.0,59.0,10.0,0.0,22.6,0.0
2021-01-01,iran,1151.0,268.0,261.0,-1750.8,33.0,7.0,40.0,342.0,197.0,-928.4,25.0
2021-01-01,israel,1343.0,220.0,264.0,-465.9,8.0,4.0,96.0,194.0,108.0,-527.4,20.0
2021-01-01,korea,378.0,39.0,41.0,357.7,0.0,2.0,8.0,53.0,11.0,25.4,2.0
2021-01-01,libya,87.0,4.0,16.0,99.5,1.0,1.0,3.0,1.0,0.0,7.4,0.0
2021-01-01,scs,1000.0,124.0,184.0,84.5,2.0,1.0,86.0,16.0,2.0,34.6,0.0
2021-01-01,southasia,5654.0,896.0,808.0,2270.5,2.0,18.0,402.0,56.0,35.0,-148.7,7.0
2021-01-01,sudan,244.0,39.0,50.0,-37.1,0.0,4.0,6.0,0.0,0.0,0.0,0.0
2021-01-01,taiwan,326.0,20.0,35.0,547.0,0.0,10.0,19.0,88.0,29.0,70.4,13.0
2021-01-01,ukraine,183.0,30.0,32.0,-36.8,0.0,0.0,17.0,32.0,16.0,-33.9,4.0
2021-01-01,venezuela,113.0,10.0,12.0,111.6,0.0,0.0,6.0,13.0,4.0,9.3,0.0
2021-01-01,yemen,283.0,55.0,50.0,-209.8,1.0,1.0,0.0,68.0,30.0,-50.0,3.0
2021-01-02,drc,23.0,4.0,3.0,5.3,0.0,0.0,0.0,1.0,1.0,-10.0,0.0
2021-01-02,europe_east,163.0,22.0,17.0,83.7,0.0,0.0,7.0,11.0,3.0,38.8,0.0
2021-01-02,iran,1139.0,274.0,278.0,-2061.1,46.0,14.0,37.0,311.0,188.0,-1015.8,33.0
2021-01-02,israel,1211.0,216.0,257.0,-938.1,7.0,8.0,68.0,288.0,168.0,-987.4,23.0
2021-01-02,korea,267.0,42.0,17.0,360.9,0.0,1.0,8.0,27.0,11.0,5.3,0.0
2021-01-02,libya,98.0,6.0,45.0,-270.9,0.0,0.0,3.0,0.0,0.0,0.0,0.0
2021-01-02,scs,857.0,85.0,135.0,457.8,0.0,0.0,56.0,8.0,6.0,-32.6,0.0
2021-01-02,southasia,5192.0,870.0,767.0,1309.9,18.0,21.0,392.0,80.0,56.0,-270.0,29.0
2021-01-02,sudan,203.0,28.0,40.0,-59.9,0.0,0.0,3.0,1.0,0.0,3.0,0.0
2021-01-02,taiwan,236.0,33.0,20.0,300.3,0.0,1.0,10.0,86.0,31.0,54.3,6.0
2021-01-02,ukraine,199.0,25.0,28.0,182.3,0.0,0.0,10.0,13.0,8.0,-36.6,0.0
2021-01-02,venezuela,95.0,8.0,8.0,130.2,0.0,0.0,6.0,34.0,6.0,44.9,0.0
2021-01-02,yemen,198.0,48.0,61.0,-490.0,0.0,1.0,6.0,34.0,16.0,-62.6,0.0
2021-01-03,drc,13.0,3.0,2.0,0.2,0.0,0.0,1.0,4.0,0.0,9.4,0.0
2021-01-03,europe_east,205.0,22.0,18.0,441.4,0.0,0.0,11.0,36.0,4.0,127.8,2.0
2021-01-03,iran,1229.0,262.0,271.0,-1677.3,39.0,13.0,30.0,479.0,238.0,-931.9,37.0
2021-01-03,israel,1673.0,274.0,280.0,-306.4,10.0,0.0,101.0,382.0,195.0,-816.7,52.0
2021-01-03,korea,273.0,17.0,25.0,465.6,0.0,1.0,15.0,20.0,0.0,82.0,0.0
2021-01-03,libya,126.0,12.0,12.0,197.0,0.0,1.0,2.0,0.0,0.0,0.0,0.0
2021-01-03,scs,871.0,108.0,117.0,444.5,1.0,1.0,45.0,17.0,3.0,64.6,1.0
2021-01-03,southasia,5490.0,988.0,1028.0,-2704.5,16.0,12.0,323.0,42.0,39.0,-202.5,20.0
2021-01-03,sudan,284.0,34.0,21.0,586.3,1.0,0.0,8.0,0.0,0.0,0.0,0.0
2021-01-03,taiwan,180.0,23.0,7.0,341.6,0.0,0.0,6.0,44.0,14.0,27.7,0.0
2021-01-03,ukraine,265.0,29.0,42.0,77.7,0.0,0.0,18.0,40.0,9.0,40.1,0.0
2021-01-03,venezuela,125.0,24.0,16.0,55.0,1.0,0.0,8.0,29.0,5.0,27.6,0.0
2021-01-03,yemen,218.0,45.0,72.0,-580.3,3.0,5.0,1.0,39.0,8.0,62.2,0.0
2021-01-04,drc,14.0,6.0,1.0,-34.1,0.0,0.0,1.0,8.0,0.0,28.0,0.0
2021-01-04,europe_east,476.0,68.0,78.0,10.6,0.0,2.0,25.0,39.0,11.0,63.9,0.0
2021-01-04,iran,2014.0,440.0,458.0,-2554.2,41.0,7.0,165.0,578.0,357.0,-1529.8,37.0
2021-01-04,israel,2421.0,326.0,439.0,331.7,25.0,3.0,159.0,512.0,308.0,-1320.5,48.0
2021-01-04,korea,790.0,90.0,108.0,800.3,4.0,1.0,68.0,21.0,9.0,-9.4,2.0
2021-01-04,libya,169.0,18.0,32.0,103.5,0.0,0.0,8.0,2.0,2.0,-19.0,0.0
2021-01-04,scs,1605.0,177.0,178.0,1994.2,2.0,0.0,88.0,42.0,4.0,83.4,0.0
2021-01-04,southasia,7229.0,1191.0,1213.0,-302.4,6.0,22.0,419.0,46.0,12.0,-6.0,4.0
2021-01-04,sudan,309.0,45.0,39.0,302.3,1.0,2.0,19.0,5.0,3.0,-21.5,0.0
2021-01-04,taiwan,272.0,40.0,18.0,337.5,0.0,3.0,11.0,49.0,13.0,73.0,4.0
2021-01-04,ukraine,706.0,99.0,79.0,514.2,3.0,0.0,24.0,40.0,11.0,7.7,1.0
2021-01-04,venezuela,145.0,24.0,19.0,186.3,1.0,0.0,15.0,17.0,1.0,47.0,0.0
2021-01-04,yemen,206.0,33.0,36.0,-129.7,0.0,4.0,1.0,45.0,8.0,18.8,0.0
2021-01-05,drc,39.0,5.0,4.0,13.7,0.0,0.0,2.0,8.0,0.0,31.0,0.0
2021-01-05,europe_east,564.0,58.0,89.0,371.0,0.0,29.0,25.0,40.0,15.0,-22.1,8.0
2021-01-05,iran,2399.0,421.0,438.0,-426.0,37.0,4.0,178.0,514.0,262.0,-664.0,23.0
2021-01-05,israel,2389.0,331.0,352.0,1600.4,10.0,6.0,128.0,431.0,241.0,-947.6,25.0
2021-01-05,korea,1225.0,114.0,162.0,1267.3,4.0,5.0,84.0,60.0,15.0,87.0,6.0
2021-01-05,libya,207.0,16.0,26.0,213.8,0.0,0.0,10.0,3.0,1.0,-2.0,0.0
2021-01-05,scs,1779.0,215.0,288.0,709.3,4.0,8.0,140.0,72.0,19.0,52.9,7.0
2021-01-05,southasia,7487.0,1154.0,1085.0,2522.7,14.0,28.0,495.0,25.0,16.0,-50.0,5.0
2021-01-05,sudan,338.0,43.0,64.0,2.1,0.0,1.0,24.0,0.0,0.0,0.0,0.0
2021-01-05,taiwan,289.0,31.0,34.0,257.6,0.0,2.0,16.0,115.0,43.0,-57.7,2.0
2021-01-05,ukraine,646.0,55.0,101.0,399.0,0.0,0.0,25.0,57.0,26.0,-102.1,0.0
2021-01-05,venezuela,373.0,71.0,69.0,-101.6,2.0,0.0,41.0,43.0,19.0,-28.2,3.0
2021-01-05,yemen,219.0,31.0,54.0,-250.1,7.0,4.0,15.0,45.0,19.0,-89.0,0.0
2021-01-06,drc,30.0,5.0,4.0,45.7,0.0,0.0,1.0,5.0,5.0,-40.0,0.0
2021-01-06,europe_east,545.0,47.0,60.0,529.7,0.0,10.0,19.0,13.0,0.0,29.8,0.0
2021-01-06,iran,1819.0,325.0,388.0,-1170.5,29.0,4.0,126.0,408.0,236.0,-933.5,20.0
2021-01-06,israel,2684.0,333.0,437.0,1350.4,6.0,2.0,169.0,416.0,218.0,-834.9,43.0
2021-01-06,korea,1094.0,102.0,136.0,972.3,1.0,5.0,78.0,103.0,33.0,-82.8,3.0
2021-01-06,libya,205.0,16.0,23.0,304.2,0.0,0.0,7.0,0.0,0.0,0.0,0.0
2021-01-06,scs,1636.0,172.0,244.0,1181.9,1.0,0.0,123.0,38.0,4.0,94.5,2.0
2021-01-06,southasia,7941.0,1327.0,1138.0,2365.6,27.0,11.0,468.0,16.0,14.0,-101.6,2.0
2021-01-06,sudan,770.0,73.0,66.0,1838.1,1.0,4.0,12.0,0.0,0.0,0.0,0.0
2021-01-06,taiwan,321.0,59.0,49.0,141.4,0.0,1.0,32.0,76.0,26.0,16.8,5.0
2021-01-06,ukraine,591.0,72.0,96.0,199.0,1.0,0.0,43.0,49.0,22.0,-58.8,0.0
2021-01-06,venezuela,278.0,58.0,38.0,105.7,1.0,0.0,21.0,43.0,17.0,-36.0,2.0
2021-01-06,yemen,173.0,29.0,34.0,-98.3,3.0,0.0,2.0,34.0,11.0,-30.2,0.0
2021-01-07,drc,96.0,3.0,11.0,189.1,0.0,1.0,2.0,5.0,4.0,-20.0,4.0
2021-01-07,europe_east,612.0,65.0,65.0,563.2,1.0,2.0,22.0,56.0,6.0,122.8,0.0
2021-01-07,iran,1435.0,295.0,257.0,-744.5,26.0,5.0,90.0,303.0,142.0,-318.3,12.0
2021-01-07,israel,2771.0,406.0,446.0,839.4,9.0,10.0,149.0,384.0,194.0,-765.5,34.0
2021-01-07,korea,823.0,91.0,83.0,1082.7,0.0,1.0,49.0,56.0,8.0,26.6,1.0
2021-01-07,libya,340.0,24.0,55.0,367.4,0.0,8.0,12.0,2.0,0.0,4.7,0.0
2021-01-07,scs,1767.0,176.0,269.0,1340.5,2.0,12.0,116.0,23.0,9.0,-30.2,3.0
2021-01-07,southasia,7890.0,1325.0,1155.0,1192.8,20.0,42.0,477.0,12.0,7.0,-29.8,1.0
2021-01-07,sudan,357.0,24.0,57.0,570.6,0.0,0.0,6.0,0.0,0.0,0.0,0.0
2021-01-07,taiwan,499.0,62.0,45.0,628.1,4.0,0.0,27.0,121.0,34.0,109.8,6.0
2021-01-07,ukraine,732.0,118.0,84.0,555.1,0.0,5.0,41.0,51.0,16.0,19.0,2.0
2021-01-07,venezuela,247.0,76.0,39.0,-188.5,0.0,1.0,14.0,50.0,17.0,-13.3,2.0
2021-01-07,yemen,211.0,15.0,34.0,8.9,0.0,0.0,5.0,50.0,13.0,-5.4,1.0
2021-01-08,drc,159.0,10.0,51.0,-123.7,1.0,0.0,20.0,0.0,0.0,0.0,0.0
2021-01-08,europe_east,577.0,64.0,61.0,715.3,0.0,0.0,39.0,62.0,15.0,120.8,4.0
2021-01-08,iran,1712.0,328.0,429.0,-1767.2,12.0,4.0,169.0,376.0,190.0,-482.2,13.0
2021-01-08,israel,1969.0,294.0,301.0,1080.0,11.0,2.0,118.0,254.0,121.0,-353.3,27.0
2021-01-08,korea,773.0,115.0,66.0,959.7,6.0,0.0,43.0,68.0,13.0,57.9,2.0
2021-01-08,libya,219.0,28.0,44.0,57.4,0.0,1.0,20.0,0.0,0.0,0.0,0.0
2021-01-08,scs,1483.0,130.0,211.0,1193.2,1.0,6.0,99.0,26.0,3.0,52.4,0.0
2021-01-08,southasia,8312.0,1357.0,1365.0,1204.8,7.0,16.0,728.0,107.0,84.0,-339.4,44.0
2021-01-08,sudan,412.0,39.0,50.0,520.7,0.0,1.0,15.0,0.0,0.0,0.0,0.0
2021-01-08,taiwan,537.0,59.0,31.0,983.1,1.0,3.0,23.0,106.0,35.0,101.2,0.0
2021-01-08,ukraine,728.0,99.0,132.0,-143.2,4.0,0.0,34.0,36.0,9.0,-32.6,3.0
2021-01-08,venezuela,234.0,71.0,35.0,-204.7,0.0,0.0,23.0,48.0,24.0,-59.6,8.0
2021-01-08,yemen,130.0,14.0,18.0,88.1,0.0,0.0,6.0,28.0,7.0,-17.1,0.0
2021-01-09,drc,53.0,2.0,9.0,8.0,0.0,0.0,0.0,1.0,0.0,-2.0,0.0
2021-01-09,europe_east,161.0,22.0,24.0,94.2,0.0,0.0,20.0,7.0,3.0,1.0,0.0
2021-01-09,iran,1035.0,193.0,233.0,-877.8,15.0,2.0,119.0,251.0,137.0,-469.3,24.0
2021-01-09,israel,1013.0,156.0,182.0,44.1,6.0,1.0,76.0,143.0,87.0,-472.1,25.0
2021-01-09,korea,741.0,114.0,60.0,741.3,1.0,2.0,33.0,163.0,41.0,187.1,1.0
2021-01-09,libya,101.0,14.0,27.0,-66.7,1.0,0.0,5.0,0.0,0.0,0.0,0.0
2021-01-09,scs,1018.0,125.0,124.0,894.9,0.0,5.0,61.0,30.0,8.0,10.4,0.0
2021-01-09,southasia,6361.0,1082.0,956.0,879.8,10.0,6.0,462.0,39.0,22.0,-65.6,13.0
2021-01-09,sudan,211.0,31.0,11.0,415.2,0.0,0.0,2.0,9.0,0.0,12.7,0.0
2021-01-09,taiwan,250.0,21.0,15.0,546.6,0.0,0.0,8.0,35.0,11.0,24.6,1.0
2021-01-09,ukraine,379.0,40.0,71.0,17.2,1.0,0.0,28.0,15.0,11.0,-89.9,0.0
2021-01-09,venezuela,136.0,35.0,16.0,8.8,0.0,0.0,7.0,14.0,9.0,-37.4,2.0
2021-01-09,yemen,81.0,8.0,16.0,-28.6,4.0,0.0,1.0,19.0,15.0,-113.9,0.0
2021-01-10,drc,11.0,1.0,8.0,-84.0,0.0,0.0,0.0,0.0,0.0,0.0,0.0
2021-01-10,europe_east,230.0,25.0,37.0,193.5,0.0,0.0,20.0,11.0,6.0,-23.3,0.0
2021-01-10,iran,761.0,125.0,158.0,-274.8,7.0,2.0,77.0,177.0,96.0,-394.2,17.0
2021-01-10,israel,1796.0,317.0,253.0,740.2,6.0,0.0,124.0,234.0,125.0,-264.7,38.0
2021-01-10,korea,442.0,54.0,32.0,679.9,3.0,1.0,18.0,71.0,19.0,61.8,5.0
2021-01-10,libya,70.0,8.0,15.0,-31.6,2.0,0.0,4.0,0.0,0.0,0.0,0.0
2021-01-10,scs,1156.0,106.0,155.0,1122.9,0.0,19.0,51.0,38.0,4.0,95.4,0.0
2021-01-10,southasia,5381.0,908.0,799.0,765.8,14.0,14.0,359.0,38.0,14.0,37.4,7.0
2021-01-10,sudan,263.0,37.0,19.0,546.8,0.0,0.0,9.0,0.0,0.0,0.0,0.0
2021-01-10,taiwan,554.0,80.0,34.0,1093.4,0.0,2.0,22.0,174.0,61.0,216.4,0.0
2021-01-10,ukraine,270.0,54.0,39.0,13.9,0.0,0.0,22.0,31.0,9.0,49.4,1.0
2021-01-10,venezuela,111.0,28.0,16.0,-93.4,1.0,0.0,11.0,7.0,0.0,-4.0,0.0
2021-01-10,yemen,94.0,17.0,18.0,-4.1,3.0,0.0,5.0,6.0,3.0,15.0,0.0
2021-01-11,drc,24.0,5.0,6.0,-51.9,0.0,0.0,0.0,3.0,0.0,-6.0,0.0
2021-01-11,europe_east,526.0,50.0,84.0,321.5,2.0,7.0,34.0,54.0,16.0,83.6,3.0
2021-01-11,iran,1282.0,223.0,176.0,597.4,11.0,0.0,89.0,285.0,96.0,81.3,17.0
2021-01-11,israel,2776.0,376.0,453.0,966.0,15.0,10.0,188.0,349.0,174.0,-473.4,39.0
2021-01-11,korea,938.0,73.0,108.0,1457.2,5.0,26.0,61.0,125.0,46.0,-28.2,33.0
2021-01-11,libya,229.0,31.0,24.0,198.2,3.0,1.0,7.0,0.0,0.0,0.0,0.0
2021-01-11,scs,1633.0,201.0,156.0,2575.4,0.0,0.0,67.0,48.0,2.0,171.0,0.0
2021-01-11,southasia,7071.0,1087.0,1068.0,1850.2,14.0,21.0,545.0,67.0,34.0,-101.7,15.0
2021-01-11,sudan,469.0,71.0,57.0,674.8,1.0,1.0,20.0,0.0,0.0,0.0,0.0
2021-01-11,taiwan,653.0,81.0,45.0,1236.2,6.0,3.0,21.0,147.0,59.0,111.7,9.0
2021-01-11,ukraine,825.0,123.0,168.0,-52.0,1.0,0.0,104.0,77.0,26.0,77.0,0.0
2021-01-11,venezuela,245.0,52.0,32.0,88.2,0.0,0.0,19.0,55.0,17.0,103.0,4.0
2021-01-11,yemen,571.0,124.0,108.0,-292.2,2.0,0.0,16.0,149.0,79.0,-323.7,1.0
2021-01-12,drc,14.0,1.0,1.0,15.6,0.0,0.0,0.0,0.0,0.0,0.0,0.0
2021-01-12,europe_east,589.0,68.0,71.0,591.6,0.0,2.0,34.0,57.0,24.0,-39.7,10.0
2021-01-12,iran,1432.0,234.0,268.0,-106.7,16.0,7.0,81.0,381.0,160.0,-226.3,13.0
2021-01-12,israel,3406.0,561.0,552.0,778.2,20.0,5.0,206.0,472.0,237.0,-697.3,33.0
2021-01-12,korea,866.0,76.0,76.0,1422.1,0.0,10.0,33.0,102.0,39.0,-56.4,7.0
2021-01-12,libya,142.0,17.0,40.0,-134.1,1.0,1.0,8.0,1.0,1.0,-9.0,0.0
2021-01-12,scs,1795.0,209.0,213.0,2358.6,4.0,7.0,100.0,62.0,14.0,135.4,12.0
2021-01-12,southasia,7624.0,1133.0,1045.0,3555.7,11.0,36.0,478.0,39.0,20.0,-29.3,5.0
2021-01-12,sudan,405.0,79.0,75.0,-26.5,0.0,6.0,14.0,6.0,2.0,-19.6,0.0
2021-01-12,taiwan,724.0,98.0,74.0,927.1,1.0,0.0,56.0,137.0,56.0,35.8,2.0
2021-01-12,ukraine,886.0,135.0,111.0,424.0,1.0,0.0,74.0,83.0,40.0,-118.4,2.0
2021-01-12,venezuela,222.0,45.0,28.0,129.2,0.0,0.0,17.0,74.0,29.0,104.7,5.0
2021-01-12,yemen,340.0,70.0,54.0,-121.2,3.0,3.0,14.0,95.0,36.0,-115.0,2.0
2021-01-13,drc,73.0,10.0,14.0,39.6,0.0,0.0,9.0,0.0,0.0,0.0,0.0
2021-01-13,europe_east,925.0,86.0,177.0,593.6,0.0,0.0,144.0,147.0,67.0,-48.9,46.0
2021-01-13,iran,1383.0,216.0,308.0,-446.7,20.0,4.0,116.0,337.0,161.0,-484.2,9.0
2021-01-13,israel,3265.0,503.0,647.0,-882.8,18.0,2.0,210.0,594.0,356.0,-2288.6,44.0
2021-01-13,korea,1009.0,141.0,103.0,1219.8,6.0,3.0,64.0,176.0,44.0,129.3,9.0
2021-01-13,libya,184.0,29.0,40.0,-6.7,1.0,0.0,10.0,0.0,0.0,0.0,0.0
2021-01-13,scs,1700.0,223.0,184.0,2349.3,5.0,2.0,77.0,73.0,18.0,166.0,5.0
2021-01-13,southasia,7158.0,1003.0,902.0,4771.6,5.0,27.0,409.0,17.0,12.0,-88.6,2.0
2021-01-13,sudan,692.0,160.0,151.0,-480.4,0.0,7.0,30.0,16.0,10.0,-54.6,2.0
2021-01-13,taiwan,674.0,77.0,81.0,744.3,2.0,1.0,47.0,173.0,52.0,-4.0,2.0
2021-01-13,ukraine,962.0,115.0,141.0,814.9,1.0,3.0,109.0,51.0,27.0,-60.5,8.0
2021-01-13,venezuela,248.0,64.0,20.0,136.1,0.0,0.0,15.0,37.0,12.0,29.9,2.0
2021-01-13,yemen,269.0,60.0,40.0,-117.2,4.0,3.0,6.0,69.0,28.0,-79.8,2.0
2021-01-14,drc,48.0,10.0,7.0,-19.4,1.0,0.0,1.0,5.0,0.0,12.8,0.0
2021-01-14,europe_east,671.0,86.0,98.0,424.5,5.0,1.0,49.0,45.0,19.0,-37.1,6.0
2021-01-14,iran,1075.0,225.0,241.0,-972.0,16.0,0.0,81.0,294.0,172.0,-643.5,18.0
2021-01-14,israel,2811.0,453.0,444.0,334.3,16.0,3.0,160.0,524.0,281.0,-1283.5,41.0
2021-01-14,korea,964.0,125.0,113.0,1145.7,1.0,6.0,74.0,118.0,22.0,231.7,4.0
2021-01-14,libya,166.0,11.0,22.0,103.3,3.0,0.0,7.0,0.0,0.0,0.0,0.0
2021-01-14,scs,1736.0,175.0,178.0,2472.6,5.0,1.0,78.0,50.0,9.0,162.3,0.0
2021-01-14,southasia,6638.0,903.0,791.0,4785.7,6.0,8.0,343.0,18.0,17.0,-151.1,3.0
2021-01-14,sudan,456.0,105.0,72.0,-180.2,0.0,4.0,24.0,4.0,1.0,8.0,0.0
2021-01-14,taiwan,622.0,51.0,62.0,860.3,2.0,0.0,36.0,185.0,41.0,182.8,2.0
2021-01-14,ukraine,991.0,194.0,164.0,253.5,2.0,3.0,122.0,100.0,33.0,26.3,2.0
2021-01-14,venezuela,335.0,50.0,62.0,44.7,1.0,0.0,12.0,59.0,20.0,25.6,4.0
2021-01-14,yemen,400.0,74.0,83.0,-328.3,0.0,1.0,10.0,76.0,20.0,13.7,2.0
2021-01-15,drc,74.0,14.0,3.0,99.3,0.0,0.0,1.0,2.0,2.0,-20.0,0.0
2021-01-15,europe_east,790.0,116.0,81.0,1128.2,0.0,0.0,53.0,52.0,23.0,-54.4,4.0
2021-01-15,iran,1120.0,210.0,223.0,-437.3,19.0,2.0,78.0,273.0,127.0,-318.5,6.0
2021-01-15,israel,2516.0,375.0,330.0,2246.5,12.0,5.0,118.0,500.0,258.0,-898.4,29.0
2021-01-15,korea,830.0,110.0,110.0,453.6,1.0,6.0,65.0,78.0,24.0,8.7,2.0
2021-01-15,libya,384.0,38.0,110.0,-195.9,1.0,0.0,63.0,3.0,0.0,5.0,0.0
2021-01-15,scs,1748.0,193.0,248.0,1547.8,1.0,0.0,120.0,63.0,9.0,154.2,6.0
2021-01-15,southasia,6917.0,921.0,795.0,5720.9,3.0,9.0,339.0,30.0,19.0,-157.4,0.0
2021-01-15,sudan,417.0,62.0,57.0,319.7,2.0,1.0,22.0,16.0,0.0,58.9,0.0
2021-01-15,taiwan,404.0,42.0,31.0,802.2,1.0,0.0,25.0,101.0,13.0,266.0,0.0
2021-01-15,ukraine,895.0,111.0,145.0,566.6,4.0,4.0,92.0,142.0,58.0,-111.0,7.0
2021-01-15,venezuela,237.0,40.0,38.0,75.3,0.0,1.0,24.0,23.0,5.0,51.8,3.0
2021-01-15,yemen,229.0,48.0,31.0,-12.4,0.0,0.0,10.0,62.0,11.0,34.0,0.0
2021-01-16,drc,30.0,3.0,5.0,37.0,0.0,0.0,1.0,0.0,0.0,0.0,0.0
2021-01-16,europe_east,460.0,89.0,74.0,-83.1,2.0,0.0,43.0,30.0,10.0,11.9,4.0
2021-01-16,iran,780.0,168.0,176.0,-709.8,10.0,2.0,74.0,176.0,73.0,1.5,12.0
2021-01-16,israel,1163.0,188.0,120.0,1118.6,0.0,1.0,52.0,201.0,92.0,-141.7,18.0
2021-01-16,korea,316.0,35.0,37.0,337.8,0.0,0.0,30.0,63.0,18.0,14.8,0.0
2021-01-16,libya,127.0,13.0,31.0,58.1,0.0,0.0,21.0,0.0,0.0,0.0,0.0
2021-01-16,scs,1195.0,101.0,144.0,1685.8,1.0,2.0,86.0,200.0,13.0,749.4,2.0
2021-01-16,southasia,5728.0,834.0,813.0,1403.5,6.0,8.0,230.0,15.0,7.0,-25.6,0.0
2021-01-16,sudan,131.0,25.0,22.0,21.4,0.0,0.0,8.0,0.0,0.0,0.0,0.0
2021-01-16,taiwan,284.0,18.0,38.0,455.0,0.0,0.0,26.0,65.0,10.0,157.2,4.0
2021-01-16,ukraine,382.0,55.0,50.0,302.5,1.0,1.0,31.0,5.0,1.0,-7.0,0.0
2021-01-16,venezuela,178.0,31.0,30.0,112.9,0.0,3.0,17.0,33.0,5.0,71.4,0.0
2021-01-16,yemen,164.0,29.0,15.0,159.0,0.0,0.0,3.0,26.0,4.0,62.8,0.0
2021-01-17,drc,8.0,0.0,2.0,4.6,0.0,0.0,0.0,0.0,0.0,0.0,0.0
2021-01-17,europe_east,270.0,49.0,28.0,160.2,0.0,0.0,22.0,69.0,28.0,1.9,5.0
2021-01-17,iran,978.0,181.0,124.0,556.2,10.0,3.0,58.0,224.0,85.0,100.0,6.0
2021-01-17,israel,1627.0,301.0,221.0,438.3,4.0,6.0,81.0,213.0,94.0,-106.0,20.0
2021-01-17,korea,482.0,62.0,61.0,370.3,3.0,1.0,28.0,29.0,16.0,-66.4,0.0
2021-01-17,libya,114.0,6.0,26.0,59.3,0.0,0.0,11.0,0.0,0.0,0.0,0.0
2021-01-17,scs,1133.0,120.0,118.0,1442.6,2.0,1.0,75.0,199.0,12.0,727.6,0.0
2021-01-17,southasia,4951.0,802.0,661.0,1167.7,5.0,6.0,242.0,7.0,4.0,-26.0,0.0
2021-01-17,sudan,511.0,79.0,143.0,-684.7,0.0,11.0,26.0,1.0,0.0,3.4,0.0
2021-01-17,taiwan,255.0,27.0,28.0,333.4,0.0,0.0,19.0,57.0,18.0,58.1,5.0
2021-01-17,ukraine,253.0,26.0,57.0,-74.8,0.0,3.0,36.0,11.0,2.0,10.4,0.0
2021-01-17,venezuela,104.0,21.0,14.0,59.7,0.0,0.0,9.0,7.0,2.0,-14.2,0.0
2021-01-17,yemen,99.0,18.0,31.0,-189.9,0.0,0.0,7.0,35.0,13.0,-67.3,0.0
2021-01-18,drc,9.0,2.0,2.0,-12.8,0.0,0.0,0.0,0.0,0.0,0.0,0.0
2021-01-18,europe_east,847.0,112.0,68.0,1077.0,1.0,1.0,46.0,173.0,55.0,61.9,8.0
2021-01-18,iran,1181.0,143.0,186.0,1017.1,7.0,9.0,77.0,316.0,109.0,29.4,24.0
2021-01-18,israel,2852.0,485.0,448.0,959.1,11.0,4.0,124.0,527.0,291.0,-1251.6,38.0
2021-01-18,korea,855.0,103.0,134.0,1045.1,2.0,3.0,111.0,88.0,11.0,184.1,0.0
2021-01-18,libya,128.0,11.0,21.0,156.8,0.0,2.0,10.0,0.0,0.0,0.0,0.0
2021-01-18,scs,1663.0,247.0,162.0,1717.2,6.0,2.0,86.0,139.0,12.0,420.3,0.0
2021-01-18,southasia,6920.0,1283.0,887.0,1847.5,10.0,15.0,278.0,12.0,4.0,-0.9,0.0
2021-01-18,sudan,634.0,71.0,175.0,-548.7,1.0,20.0,32.0,4.0,0.0,32.0,0.0
2021-01-18,taiwan,276.0,38.0,34.0,205.9,3.0,0.0,23.0,78.0,34.0,-64.5,4.0
2021-01-18,ukraine,569.0,78.0,65.0,541.5,4.0,0.0,32.0,28.0,12.0,-30.0,0.0
2021-01-18,venezuela,146.0,23.0,27.0,93.4,0.0,0.0,22.0,12.0,2.0,26.2,0.0
2021-01-18,yemen,142.0,25.0,41.0,-275.5,0.0,1.0,3.0,17.0,8.0,-13.3,4.0
2021-01-19,drc,32.0,3.0,4.0,54.4,0.0,0.0,0.0,4.0,0.0,0.1,0.0
2021-01-19,europe_east,607.0,83.0,50.0,701.9,2.0,7.0,16.0,69.0,19.0,20.2,6.0
2021-01-19,iran,1613.0,268.0,290.0,447.8,9.0,10.0,134.0,478.0,181.0,120.8,50.0
2021-01-19,israel,2672.0,378.0,338.0,1664.8,10.0,2.0,106.0,469.0,202.0,-584.4,25.0
2021-01-19,korea,841.0,101.0,99.0,1002.0,0.0,3.0,76.0,76.0,13.0,160.9,2.0
2021-01-19,libya,262.0,30.0,56.0,116.2,2.0,0.0,47.0,1.0,1.0,-2.0,0.0
2021-01-19,scs,1994.0,280.0,249.0,1123.8,2.0,2.0,102.0,99.0,22.0,152.4,1.0
2021-01-19,southasia,7513.0,1181.0,932.0,4975.1,14.0,23.0,354.0,19.0,7.0,-47.4,0.0
2021-01-19,sudan,429.0,69.0,112.0,-389.7,0.0,8.0,19.0,2.0,0.0,16.0,0.0
2021-01-19,taiwan,383.0,29.0,37.0,594.8,1.0,1.0,16.0,74.0,21.0,77.0,3.0
2021-01-19,ukraine,678.0,81.0,74.0,667.0,3.0,0.0,42.0,63.0,17.0,85.4,5.0
2021-01-19,venezuela,309.0,50.0,51.0,273.3,0.0,1.0,33.0,82.0,29.0,124.4,6.0
2021-01-19,yemen,289.0,45.0,81.0,-377.1,0.0,0.0,37.0,57.0,26.0,-34.6,17.0
2021-01-20,drc,45.0,2.0,0.0,157.4,1.0,0.0,0.0,7.0,0.0,14.7,0.0
2021-01-20,europe_east,605.0,72.0,68.0,584.9,0.0,3.0,37.0,39.0,11.0,56.0,2.0
2021-01-20,iran,1898.0,262.0,304.0,1001.9,18.0,0.0,159.0,685.0,196.0,371.7,30.0
2021-01-20,israel,3086.0,438.0,413.0,1985.7,11.0,2.0,162.0,525.0,226.0,-496.9,36.0
2021-01-20,korea,854.0,93.0,93.0,1011.1,2.0,2.0,62.0,134.0,33.0,191.9,8.0
2021-01-20,libya,235.0,22.0,30.0,327.4,0.0,0.0,9.0,5.0,0.0,10.4,0.0
2021-01-20,scs,2007.0,279.0,227.0,1673.4,4.0,2.0,100.0,32.0,2.0,137.3,0.0
2021-01-20,southasia,6707.0,958.0,651.0,7207.5,11.0,8.0,287.0,17.0,4.0,-2.8,0.0
2021-01-20,sudan,464.0,55.0,108.0,-53.5,0.0,7.0,33.0,0.0,0.0,0.0,0.0
2021-01-20,taiwan,370.0,44.0,35.0,311.0,1.0,0.0,27.0,111.0,28.0,83.3,4.0
2021-01-20,ukraine,760.0,94.0,84.0,888.8,1.0,2.0,56.0,81.0,14.0,172.0,5.0
2021-01-20,venezuela,394.0,70.0,39.0,353.8,0.0,0.0,26.0,89.0,35.0,46.1,5.0
2021-01-20,yemen,314.0,74.0,62.0,-424.5,1.0,0.0,10.0,63.0,26.0,-4.8,9.0
2021-01-21,drc,26.0,6.0,2.0,22.3,0.0,0.0,2.0,2.0,0.0,2.0,0.0
2021-01-21,europe_east,655.0,74.0,68.0,874.5,0.0,1.0,35.0,64.0,14.0,76.3,12.0
2021-01-21,iran,1367.0,160.0,195.0,1129.0,12.0,1.0,81.0,381.0,96.0,417.7,16.0
2021-01-21,israel,2548.0,329.0,328.0,2215.3,2.0,2.0,177.0,345.0,150.0,-251.1,33.0
2021-01-21,korea,657.0,70.0,83.0,642.6,2.0,1.0,31.0,88.0,29.0,-37.8,3.0
2021-01-21,libya,263.0,21.0,40.0,229.6,0.0,0.0,4.0,0.0,0.0,0.0,0.0
2021-01-21,scs,1879.0,193.0,176.0,2472.1,4.0,8.0,70.0,27.0,1.0,50.2,0.0
2021-01-21,southasia,7962.0,1202.0,923.0,5577.2,16.0,15.0,361.0,35.0,15.0,-90.9,0.0
2021-01-21,sudan,516.0,60.0,96.0,232.6,1.0,17.0,25.0,7.0,0.0,23.0,0.0
2021-01-21,taiwan,433.0,45.0,37.0,661.5,1.0,6.0,18.0,132.0,39.0,162.0,5.0
2021-01-21,ukraine,767.0,97.0,114.0,164.7,0.0,0.0,51.0,59.0,18.0,21.9,3.0
2021-01-21,venezuela,236.0,36.0,28.0,224.5,1.0,0.0,21.0,91.0,42.0,-41.5,15.0
2021-01-21,yemen,206.0,40.0,54.0,-207.4,2.0,1.0,27.0,42.0,15.0,28.1,11.0
2021-01-22,drc,47.0,8.0,15.0,-64.3,0.0,0.0,6.0,3.0,0.0,8.4,0.0
2021-01-22,europe_east,733.0,78.0,99.0,597.7,2.0,1.0,62.0,94.0,30.0,-78.8,9.0
2021-01-22,iran,1282.0,173.0,193.0,1035.9,13.0,2.0,92.0,345.0,114.0,43.4,22.0
2021-01-22,israel,2571.0,368.0,513.0,-60.6,7.0,3.0,166.0,536.0,321.0,-1874.6,50.0
2021-01-22,korea,623.0,55.0,66.0,764.1,4.0,2.0,32.0,84.0,27.0,7.6,0.0
2021-01-22,libya,233.0,27.0,22.0,217.3,7.0,0.0,4.0,2.0,0.0,4.7,0.0
2021-01-22,scs,1873.0,156.0,199.0,2620.6,2.0,8.0,111.0,35.0,11.0,49.7,3.0
2021-01-22,southasia,7334.0,1086.0,984.0,3926.1,10.0,15.0,397.0,12.0,3.0,1.5,0.0
2021-01-22,sudan,445.0,59.0,110.0,-198.9,3.0,8.0,23.0,1.0,1.0,-2.0,0.0
2021-01-22,taiwan,351.0,41.0,24.0,732.7,0.0,4.0,11.0,54.0,14.0,127.8,0.0
2021-01-22,ukraine,923.0,104.0,138.0,596.8,2.0,0.0,65.0,79.0,18.0,128.5,3.0
2021-01-22,venezuela,272.0,42.0,58.0,33.4,0.0,0.0,49.0,61.0,41.0,-91.1,21.0
2021-01-22,yemen,209.0,33.0,56.0,-308.9,4.0,1.0,9.0,56.0,26.0,-71.2,0.0
2021-01-23,drc,27.0,0.0,11.0,-47.0,0.0,0.0,0.0,0.0,0.0,0.0,0.0
2021-01-23,europe_east,461.0,50.0,59.0,437.2,4.0,0.0,34.0,67.0,9.0,148.2,3.0
2021-01-23,iran,795.0,93.0,93.0,1083.3,4.0,0.0,53.0,157.0,42.0,163.8,4.0
2021-01-23,israel,1360.0,164.0,230.0,236.7,0.0,0.0,84.0,186.0,108.0,-614.8,14.0
2021-01-23,korea,396.0,48.0,41.0,369.2,1.0,1.0,16.0,38.0,12.0,-18.4,4.0
2021-01-23,libya,151.0,9.0,19.0,235.3,0.0,0.0,6.0,7.0,0.0,26.6,0.0
2021-01-23,scs,1149.0,108.0,238.0,-92.1,2.0,9.0,66.0,22.0,2.0,84.8,0.0
2021-01-23,southasia,5847.0,845.0,637.0,4876.7,21.0,15.0,305.0,13.0,7.0,-51.2,4.0
2021-01-23,sudan,243.0,35.0,61.0,-92.2,0.0,4.0,7.0,1.0,1.0,-6.5,0.0
2021-01-23,taiwan,212.0,29.0,30.0,53.9,2.0,4.0,6.0,57.0,30.0,-99.4,3.0
2021-01-23,ukraine,469.0,70.0,76.0,87.3,3.0,0.0,28.0,34.0,7.0,51.4,0.0
2021-01-23,venezuela,129.0,18.0,10.0,200.2,0.0,0.0,10.0,16.0,8.0,10.4,3.0
2021-01-23,yemen,195.0,36.0,47.0,-267.7,3.0,0.0,10.0,55.0,21.0,-38.4,1.0
2021-01-24,drc,0.0,0.0,0.0,0.0,0.0,0.0,0.0,0.0,0.0,0.0,0.0
2021-01-24,europe_east,330.0,32.0,21.0,567.2,1.0,0.0,16.0,30.0,6.0,46.0,1.0
2021-01-24,iran,815.0,125.0,143.0,209.3,1.0,6.0,47.0,266.0,92.0,6.4,12.0
2021-01-24,israel,2220.0,306.0,417.0,106.7,4.0,2.0,152.0,248.0,116.0,-381.1,19.0
2021-01-24,korea,254.0,23.0,9.0,475.2,0.0,0.0,3.0,16.0,3.0,55.9,0.0
2021-01-24,libya,142.0,10.0,14.0,301.7,0.0,0.0,7.0,0.0,0.0,0.0,0.0
2021-01-24,scs,1092.0,82.0,141.0,1452.4,0.0,5.0,58.0,27.0,5.0,57.5,4.0
2021-01-24,southasia,5273.0,860.0,637.0,2365.3,15.0,8.0,253.0,13.0,6.0,-16.6,2.0
2021-01-24,sudan,289.0,32.0,50.0,141.2,3.0,2.0,8.0,1.0,0.0,0.0,0.0
2021-01-24,taiwan,355.0,37.0,49.0,237.0,1.0,6.0,18.0,159.0,66.0,-153.0,17.0
2021-01-24,ukraine,239.0,36.0,50.0,-80.1,0.0,0.0,35.0,15.0,10.0,-41.5,4.0
2021-01-24,venezuela,145.0,25.0,19.0,87.1,0.0,0.0,17.0,74.0,31.0,-23.2,13.0
2021-01-24,yemen,230.0,41.0,23.0,109.2,0.0,0.0,3.0,32.0,4.0,36.4,1.0
2021-01-25,drc,15.0,3.0,0.0,25.0,0.0,0.0,0.0,0.0,0.0,0.0,0.0
2021-01-25,europe_east,671.0,80.0,68.0,901.4,0.0,2.0,43.0,129.0,35.0,184.9,8.0
2021-01-25,iran,822.0,133.0,110.0,750.1,4.0,2.0,69.0,214.0,80.0,106.4,18.0
2021-01-25,israel,3117.0,454.0,520.0,864.4,6.0,8.0,219.0,274.0,108.0,-247.6,20.0
2021-01-25,korea,912.0,154.0,90.0,915.1,4.0,3.0,58.0,96.0,57.0,-86.7,7.0
2021-01-25,libya,201.0,26.0,34.0,119.7,0.0,1.0,10.0,0.0,0.0,0.0,0.0
2021-01-25,scs,1983.0,228.0,243.0,2087.7,3.0,4.0,79.0,73.0,28.0,-51.9,0.0
2021-01-25,southasia,7178.0,1261.0,954.0,1305.9,10.0,37.0,311.0,30.0,13.0,-61.4,0.0
2021-01-25,sudan,360.0,44.0,61.0,430.1,3.0,10.0,9.0,4.0,2.0,-12.2,2.0
2021-01-25,taiwan,468.0,63.0,52.0,350.8,0.0,3.0,18.0,195.0,61.0,67.9,14.0
2021-01-25,ukraine,613.0,82.0,88.0,481.5,1.0,7.0,45.0,77.0,25.0,85.2,4.0
2021-01-25,venezuela,244.0,57.0,28.0,82.1,1.0,0.0,22.0,75.0,33.0,-29.5,9.0
2021-01-25,yemen,223.0,53.0,43.0,-171.6,1.0,0.0,20.0,47.0,31.0,-101.0,4.0
2021-01-26,drc,16.0,0.0,1.0,27.1,0.0,0.0,0.0,0.0,0.0,0.0,0.0
2021-01-26,europe_east,976.0,127.0,121.0,862.3,0.0,11.0,63.0,91.0,34.0,97.4,15.0
2021-01-26,iran,1607.0,206.0,186.0,1512.3,8.0,1.0,97.0,418.0,157.0,122.8,26.0
2021-01-26,israel,3466.0,494.0,549.0,1415.2,14.0,12.0,224.0,524.0,203.0,-436.8,35.0
2021-01-26,korea,676.0,123.0,65.0,368.9,3.0,3.0,33.0,103.0,60.0,-132.9,4.0
2021-01-26,libya,162.0,18.0,17.0,162.5,0.0,2.0,4.0,0.0,0.0,0.0,0.0
2021-01-26,scs,1693.0,197.0,186.0,1960.4,0.0,6.0,75.0,71.0,24.0,15.5,6.0
2021-01-26,southasia,7573.0,1559.0,1182.0,-3221.8,10.0,81.0,435.0,14.0,6.0,-12.2,2.0
2021-01-26,sudan,716.0,48.0,73.0,1381.4,1.0,5.0,18.0,5.0,4.0,-39.6,0.0
2021-01-26,taiwan,405.0,44.0,59.0,220.0,1.0,5.0,18.0,169.0,57.0,-19.4,14.0
2021-01-26,ukraine,637.0,117.0,100.0,248.8,1.0,2.0,64.0,53.0,18.0,-0.6,3.0
2021-01-26,venezuela,270.0,37.0,51.0,65.8,0.0,1.0,33.0,66.0,21.0,71.8,5.0
2021-01-26,yemen,294.0,51.0,65.0,-257.2,2.0,4.0,30.0,68.0,29.0,-26.2,1.0
2021-01-27,drc,30.0,10.0,2.0,-10.7,1.0,0.0,0.0,6.0,1.0,26.0,1.0
2021-01-27,europe_east,1161.0,135.0,164.0,397.5,12.0,1.0,53.0,62.0,15.0,52.0,2.0
2021-01-27,iran,1653.0,257.0,176.0,2190.5,22.0,7.0,82.0,535.0,195.0,84.2,38.0
2021-01-27,israel,3484.0,582.0,600.0,-126.0,36.0,3.0,228.0,553.0,250.0,-529.1,54.0
2021-01-27,korea,694.0,108.0,56.0,914.0,0.0,1.0,26.0,38.0,15.0,-19.0,2.0
2021-01-27,libya,304.0,37.0,71.0,-44.3,0.0,0.0,17.0,3.0,1.0,9.5,0.0
2021-01-27,scs,1873.0,226.0,277.0,977.6,5.0,7.0,96.0,153.0,76.0,-66.4,8.0
2021-01-27,southasia,7782.0,1499.0,1216.0,-394.3,5.0,67.0,490.0,26.0,3.0,66.5,0.0
2021-01-27,sudan,517.0,39.0,65.0,947.3,0.0,3.0,12.0,6.0,4.0,-30.0,0.0
2021-01-27,taiwan,404.0,54.0,50.0,294.9,1.0,1.0,27.0,129.0,67.0,-202.7,20.0
2021-01-27,ukraine,939.0,156.0,157.0,-250.3,2.0,1.0,85.0,76.0,31.0,-15.4,6.0
2021-01-27,venezuela,251.0,34.0,44.0,133.9,0.0,0.0,35.0,69.0,34.0,-39.5,11.0
2021-01-27,yemen,229.0,38.0,71.0,-492.0,2.0,2.0,9.0,56.0,27.0,-92.6,0.0
2021-01-28,drc,16.0,9.0,0.0,1.3,0.0,0.0,0.0,6.0,2.0,13.4,0.0
2021-01-28,europe_east,976.0,141.0,114.0,734.2,3.0,2.0,61.0,48.0,20.0,-64.5,2.0
2021-01-28,iran,1285.0,213.0,138.0,1296.2,15.0,1.0,67.0,449.0,149.0,156.0,40.0
2021-01-28,israel,3077.0,537.0,507.0,-361.6,24.0,6.0,218.0,503.0,233.0,-664.2,54.0
2021-01-28,korea,636.0,103.0,68.0,660.3,0.0,1.0,43.0,66.0,29.0,-20.3,0.0
2021-01-28,libya,340.0,51.0,73.0,-403.0,0.0,6.0,15.0,1.0,0.0,0.0,0.0
2021-01-28,scs,1753.0,209.0,174.0,1989.7,2.0,3.0,81.0,114.0,37.0,144.7,0.0
2021-01-28,southasia,8612.0,1663.0,1385.0,-201.0,19.0,42.0,619.0,33.0,7.0,47.3,1.0
2021-01-28,sudan,539.0,48.0,94.0,409.7,0.0,1.0,29.0,13.0,1.0,17.1,0.0
2021-01-28,taiwan,425.0,88.0,68.0,-131.3,6.0,1.0,27.0,149.0,89.0,-278.7,19.0
2021-01-28,ukraine,784.0,118.0,108.0,563.9,1.0,2.0,56.0,99.0,26.0,237.9,5.0
2021-01-28,venezuela,261.0,46.0,27.0,266.9,0.0,0.0,16.0,64.0,21.0,81.4,4.0
2021-01-28,yemen,297.0,35.0,74.0,-285.3,0.0,2.0,27.0,58.0,24.0,-46.9,8.0
2021-01-29,drc,123.0,11.0,5.0,243.4,0.0,0.0,2.0,25.0,2.0,59.3,0.0
2021-01-29,europe_east,919.0,131.0,142.0,138.6,5.0,2.0,53.0,69.0,22.0,25.2,13.0
2021-01-29,iran,1450.0,244.0,190.0,931.2,14.0,6.0,79.0,462.0,139.0,450.6,31.0
2021-01-29,israel,2584.0,464.0,430.0,-275.5,12.0,14.0,158.0,385.0,184.0,-237.0,29.0
2021-01-29,korea,560.0,90.0,71.0,278.1,7.0,3.0,25.0,76.0,38.0,-167.0,9.0
2021-01-29,libya,381.0,57.0,74.0,-201.1,0.0,3.0,19.0,0.0,0.0,0.0,0.0
2021-01-29,scs,1650.0,188.0,195.0,1495.1,0.0,5.0,92.0,60.0,21.0,-8.8,4.0
2021-01-29,southasia,9348.0,1587.0,1612.0,-1365.3,8.0,81.0,662.0,19.0,6.0,-4.4,1.0
2021-01-29,sudan,407.0,63.0,52.0,186.9,1.0,0.0,13.0,5.0,0.0,9.7,0.0
2021-01-29,taiwan,557.0,105.0,59.0,154.1,15.0,0.0,29.0,207.0,101.0,-263.0,36.0
2021-01-29,ukraine,848.0,91.0,111.0,890.6,0.0,3.0,67.0,141.0,66.0,-109.1,18.0
2021-01-29,venezuela,163.0,18.0,30.0,32.5,0.0,0.0,17.0,32.0,8.0,-7.6,4.0
2021-01-29,yemen,161.0,20.0,45.0,-270.8,1.0,0.0,7.0,25.0,8.0,-13.4,2.0
2021-01-30,drc,15.0,0.0,6.0,-11.6,0.0,0.0,3.0,0.0,0.0,0.0,0.0
2021-01-30,europe_east,465.0,86.0,70.0,-31.2,0.0,0.0,37.0,35.0,20.0,-54.6,11.0
2021-01-30,iran,991.0,173.0,201.0,-162.2,10.0,2.0,88.0,257.0,118.0,-162.9,11.0
2021-01-30,israel,1482.0,235.0,239.0,-56.6,4.0,14.0,82.0,203.0,111.0,-317.2,19.0
2021-01-30,korea,324.0,64.0,36.0,207.7,0.0,2.0,13.0,40.0,10.0,49.0,0.0
2021-01-30,libya,155.0,29.0,34.0,-183.2,2.0,2.0,6.0,0.0,0.0,0.0,0.0
2021-01-30,scs,1076.0,115.0,141.0,866.9,0.0,7.0,53.0,17.0,7.0,4.5,2.0
2021-01-30,southasia,7098.0,1249.0,1184.0,-1310.3,7.0,56.0,502.0,18.0,9.0,-49.0,2.0
2021-01-30,sudan,181.0,25.0,20.0,130.5,1.0,2.0,2.0,1.0,0.0,0.0,0.0
2021-01-30,taiwan,299.0,44.0,54.0,-70.0,4.0,2.0,15.0,95.0,64.0,-341.2,29.0
2021-01-30,ukraine,374.0,27.0,48.0,525.4,0.0,0.0,23.0,48.0,26.0,-83.2,3.0
2021-01-30,venezuela,124.0,15.0,21.0,121.5,0.0,0.0,17.0,21.0,10.0,-34.9,7.0
2021-01-30,yemen,113.0,15.0,17.0,-15.1,1.0,0.0,6.0,18.0,3.0,12.8,0.0
2021-01-31,drc,7.0,0.0,2.0,-7.8,0.0,0.0,0.0,0.0,0.0,0.0,0.0
2021-01-31,europe_east,411.0,49.0,63.0,205.8,0.0,1.0,36.0,12.0,2.0,15.6,0.0
2021-01-31,iran,1009.0,166.0,126.0,664.3,8.0,3.0,48.0,246.0,99.0,-60.7,13.0
2021-01-31,israel,1861.0,279.0,277.0,514.0,6.0,7.0,69.0,342.0,136.0,-252.0,6.0
2021-01-31,korea,330.0,27.0,31.0,422.3,0.0,0.0,13.0,30.0,14.0,-37.4,0.0
2021-01-31,libya,174.0,23.0,32.0,17.7,0.0,0.0,10.0,0.0,0.0,0.0,0.0
2021-01-31,scs,1042.0,123.0,117.0,1008.8,4.0,2.0,65.0,65.0,28.0,-51.7,4.0
2021-01-31,southasia,5645.0,964.0,851.0,387.8,10.0,41.0,380.0,19.0,10.0,-34.1,7.0
2021-01-31,sudan,261.0,34.0,51.0,88.6,0.0,4.0,13.0,3.0,3.0,-15.0,0.0
2021-01-31,taiwan,208.0,45.0,23.0,10.2,2.0,0.0,8.0,80.0,46.0,-132.1,15.0
2021-01-31,ukraine,365.0,54.0,98.0,-231.0,2.0,4.0,59.0,74.0,42.0,-195.0,11.0
2021-01-31,venezuela,55.0,7.0,2.0,66.8,0.0,0.0,2.0,3.0,1.0,1.0,0.0
2021-01-31,yemen,82.0,13.0,7.0,65.1,2.0,0.0,2.0,19.0,7.0,2.1,0.0
2021-02-01,drc,53.0,2.0,7.0,114.2,0.0,0.0,3.0,2.0,0.0,12.8,0.0
2021-02-01,europe_east,766.0,85.0,106.0,746.1,4.0,14.0,47.0,20.0,4.0,28.0,1.0
2021-02-01,iran,1153.0,211.0,149.0,698.4,12.0,2.0,67.0,329.0,137.0,-180.9,24.0
2021-02-01,israel,2974.0,475.0,430.0,1346.9,24.0,6.0,161.0,473.0,190.0,-224.9,30.0
2021-02-01,korea,568.0,63.0,59.0,824.8,0.0,0.0,29.0,23.0,5.0,26.7,0.0
2021-02-01,libya,246.0,60.0,25.0,-57.8,0.0,0.0,5.0,0.0,0.0,0.0,0.0
2021-02-01,scs,1934.0,188.0,230.0,2278.5,2.0,6.0,111.0,70.0,29.0,29.7,1.0
2021-02-01,southasia,6707.0,1074.0,929.0,2331.4,18.0,19.0,377.0,13.0,6.0,-48.5,2.0
2021-02-01,sudan,396.0,74.0,53.0,297.7,1.0,3.0,22.0,0.0,0.0,0.0,0.0
2021-02-01,taiwan,301.0,39.0,44.0,163.1,3.0,6.0,7.0,81.0,44.0,-162.6,14.0
2021-02-01,ukraine,628.0,69.0,100.0,318.0,0.0,4.0,57.0,94.0,28.0,91.6,8.0
2021-02-01,venezuela,194.0,26.0,27.0,194.5,1.0,0.0,23.0,24.0,10.0,-28.0,6.0
2021-02-01,yemen,124.0,33.0,19.0,-114.2,0.0,0.0,10.0,40.0,15.0,-24.0,0.0
2021-02-02,drc,62.0,9.0,13.0,-8.4,0.0,0.0,2.0,0.0,0.0,0.0,0.0
2021-02-02,europe_east,765.0,101.0,91.0,775.2,1.0,5.0,57.0,127.0,40.0,224.1,13.0
2021-02-02,iran,1493.0,166.0,135.0,3040.8,12.0,1.0,70.0,341.0,96.0,292.9,15.0
2021-02-02,israel,2708.0,347.0,332.0,2634.0,9.0,1.0,161.0,389.0,160.0,-303.1,44.0
2021-02-02,korea,689.0,64.0,79.0,842.9,0.0,0.0,42.0,59.0,16.0,14.1,5.0
2021-02-02,libya,246.0,23.0,51.0,114.3,1.0,0.0,15.0,1.0,1.0,-4.4,0.0
2021-02-02,scs,1742.0,173.0,186.0,2027.9,6.0,7.0,79.0,73.0,8.0,207.1,3.0
2021-02-02,southasia,7112.0,1278.0,1204.0,-317.4,3.0,15.0,531.0,21.0,9.0,-53.9,0.0
2021-02-02,sudan,327.0,37.0,31.0,405.2,0.0,3.0,5.0,1.0,0.0,5.0,0.0
2021-02-02,taiwan,336.0,61.0,44.0,145.9,9.0,0.0,16.0,81.0,40.0,-106.3,6.0
2021-02-02,ukraine,755.0,112.0,109.0,297.9,1.0,3.0,69.0,67.0,20.0,65.8,7.0
2021-02-02,venezuela,148.0,22.0,12.0,259.8,2.0,0.0,9.0,33.0,10.0,-7.2,4.0
2021-02-02,yemen,66.0,8.0,20.0,-97.2,0.0,0.0,7.0,16.0,5.0,-4.8,0.0
2021-02-03,drc,39.0,2.0,7.0,-17.2,1.0,0.0,0.0,0.0,0.0,0.0,0.0
2021-02-03,europe_east,750.0,76.0,100.0,817.0,1.0,3.0,61.0,72.0,23.0,-24.1,12.0
2021-02-03,iran,1524.0,211.0,207.0,1516.2,8.0,1.0,115.0,391.0,113.0,308.0,11.0
2021-02-03,israel,2889.0,409.0,540.0,-401.9,7.0,4.0,203.0,470.0,233.0,-1078.8,40.0
2021-02-03,korea,727.0,82.0,53.0,1399.1,1.0,0.0,28.0,73.0,21.0,65.8,5.0
2021-02-03,libya,160.0,13.0,21.0,176.2,0.0,0.0,4.0,1.0,0.0,3.0,0.0
2021-02-03,scs,1495.0,134.0,167.0,2088.3,1.0,2.0,73.0,72.0,11.0,181.7,1.0
2021-02-03,southasia,7595.0,1401.0,1044.0,2106.0,9.0,21.0,526.0,23.0,10.0,-54.1,5.0
2021-02-03,sudan,481.0,61.0,56.0,692.3,1.0,2.0,9.0,0.0,0.0,0.0,0.0
2021-02-03,taiwan,289.0,37.0,43.0,157.5,2.0,3.0,10.0,68.0,23.0,-36.2,6.0
2021-02-03,ukraine,736.0,96.0,105.0,649.4,1.0,1.0,82.0,127.0,49.0,-7.4,20.0
2021-02-03,venezuela,278.0,36.0,53.0,65.7,0.0,1.0,39.0,90.0,27.0,19.6,16.0
2021-02-03,yemen,130.0,18.0,17.0,33.1,1.0,0.0,11.0,16.0,4.0,27.7,0.0
2021-02-04,drc,61.0,15.0,15.0,-91.8,0.0,0.0,8.0,4.0,4.0,-25.0,3.0
2021-02-04,europe_east,835.0,84.0,60.0,1403.2,0.0,3.0,39.0,85.0,23.0,56.0,7.0
2021-02-04,iran,1976.0,356.0,476.0,-1074.9,39.0,4.0,302.0,341.0,104.0,274.5,25.0
2021-02-04,israel,3370.0,468.0,696.0,-1332.7,15.0,15.0,207.0,480.0,223.0,-834.2,46.0
2021-02-04,korea,802.0,72.0,75.0,1277.9,0.0,0.0,40.0,70.0,23.0,5.1,0.0
2021-02-04,libya,211.0,25.0,17.0,215.2,3.0,0.0,5.0,2.0,0.0,4.7,0.0
2021-02-04,scs,1767.0,206.0,196.0,1724.7,5.0,16.0,78.0,99.0,16.0,187.3,0.0
2021-02-04,southasia,7156.0,1231.0,846.0,3369.6,19.0,15.0,376.0,51.0,13.0,-14.0,6.0
2021-02-04,sudan,397.0,64.0,82.0,-10.5,2.0,0.0,25.0,1.0,1.0,-2.0,0.0
2021-02-04,taiwan,475.0,56.0,46.0,696.1,1.0,2.0,23.0,116.0,43.0,17.5,4.0
2021-02-04,ukraine,872.0,112.0,108.0,693.0,1.0,2.0,54.0,110.0,45.0,2.2,6.0
2021-02-04,venezuela,313.0,32.0,46.0,432.4,0.0,0.0,42.0,58.0,18.0,61.3,6.0
2021-02-04,yemen,492.0,75.0,48.0,240.1,25.0,6.0,11.0,224.0,52.0,176.1,17.0
2021-02-05,drc,17.0,2.0,7.0,-47.0,0.0,0.0,3.0,0.0,0.0,0.0,0.0
2021-02-05,europe_east,913.0,112.0,129.0,834.0,0.0,2.0,70.0,121.0,61.0,-123.7,19.0
2021-02-05,iran,1229.0,176.0,245.0,356.8,18.0,3.0,154.0,196.0,58.0,187.8,6.0
2021-02-05,israel,2747.0,490.0,457.0,-461.4,8.0,2.0,152.0,372.0,166.0,-582.9,33.0
2021-02-05,korea,799.0,98.0,89.0,1133.2,5.0,5.0,54.0,43.0,15.0,37.6,4.0
2021-02-05,libya,401.0,27.0,64.0,362.7,0.0,0.0,14.0,1.0,0.0,6.0,0.0
2021-02-05,scs,1511.0,184.0,171.0,1488.7,2.0,3.0,81.0,48.0,11.0,68.8,0.0
2021-02-05,southasia,7423.0,1305.0,956.0,3673.4,20.0,40.0,460.0,37.0,12.0,-1.0,1.0
2021-02-05,sudan,425.0,75.0,102.0,-398.0,2.0,3.0,18.0,6.0,2.0,-15.8,0.0
2021-02-05,taiwan,467.0,78.0,37.0,556.8,7.0,2.0,19.0,128.0,71.0,-138.8,9.0
2021-02-05,ukraine,814.0,124.0,87.0,689.2,0.0,3.0,64.0,64.0,25.0,5.9,16.0
2021-02-05,venezuela,312.0,65.0,51.0,18.6,1.0,0.0,24.0,23.0,10.0,-25.7,7.0
2021-02-05,yemen,661.0,109.0,116.0,-109.5,27.0,3.0,45.0,315.0,100.0,-109.9,37.0
2021-02-06,drc,6.0,2.0,2.0,-17.6,0.0,0.0,0.0,0.0,0.0,0.0,0.0
2021-02-06,europe_east,490.0,86.0,68.0,119.8,0.0,0.0,47.0,107.0,59.0,-141.4,19.0
2021-02-06,iran,891.0,152.0,138.0,471.7,9.0,0.0,62.0,177.0,65.0,55.6,1.0
2021-02-06,israel,2074.0,402.0,349.0,-888.6,17.0,3.0,137.0,292.0,126.0,-478.9,19.0
2021-02-06,korea,361.0,40.0,37.0,483.8,0.0,0.0,24.0,17.0,6.0,-8.1,1.0
2021-02-06,libya,507.0,27.0,40.0,890.5,0.0,0.0,11.0,2.0,0.0,4.7,0.0
2021-02-06,scs,725.0,73.0,55.0,998.8,1.0,1.0,29.0,20.0,7.0,12.1,1.0
2021-02-06,southasia,6425.0,1284.0,985.0,-860.2,6.0,76.0,366.0,26.0,23.0,-110.2,3.0
2021-02-06,sudan,219.0,28.0,26.0,451.9,0.0,0.0,8.0,0.0,0.0,0.0,0.0
2021-02-06,taiwan,293.0,78.0,16.0,128.8,6.0,0.0,12.0,82.0,30.0,72.2,3.0
2021-02-06,ukraine,247.0,24.0,35.0,313.6,0.0,1.0,22.0,58.0,24.0,-10.1,12.0
2021-02-06,venezuela,128.0,22.0,33.0,-30.7,1.0,0.0,25.0,8.0,1.0,20.4,1.0
2021-02-06,yemen,533.0,66.0,70.0,389.2,13.0,2.0,33.0,214.0,53.0,105.1,17.0
2021-02-07,drc,45.0,6.0,8.0,66.0,0.0,0.0,6.0,0.0,0.0,0.0,0.0
2021-02-07,europe_east,338.0,42.0,21.0,498.3,0.0,0.0,16.0,87.0,13.0,170.2,3.0
2021-02-07,iran,1221.0,139.0,93.0,2010.0,6.0,0.0,48.0,311.0,81.0,405.4,7.0
2021-02-07,israel,2084.0,370.0,365.0,-542.7,4.0,0.0,175.0,346.0,170.0,-759.6,50.0
2021-02-07,korea,288.0,20.0,27.0,430.8,2.0,1.0,13.0,20.0,5.0,13.5,2.0
2021-02-07,libya,210.0,16.0,43.0,55.8,0.0,0.0,7.0,0.0,0.0,0.0,0.0
2021-02-07,scs,965.0,105.0,122.0,813.2,3.0,1.0,45.0,10.0,8.0,-24.7,0.0
2021-02-07,southasia,6231.0,914.0,911.0,1659.7,10.0,86.0,342.0,33.0,12.0,22.3,3.0
2021-02-07,sudan,302.0,43.0,24.0,522.0,0.0,3.0,10.0,6.0,2.0,-4.9,1.0
2021-02-07,taiwan,151.0,38.0,18.0,-36.5,0.0,0.0,7.0,49.0,26.0,-30.0,6.0
2021-02-07,ukraine,288.0,32.0,33.0,316.8,0.0,1.0,24.0,18.0,3.0,28.7,0.0
2021-02-07,venezuela,114.0,18.0,12.0,146.2,0.0,0.0,8.0,13.0,9.0,-10.8,2.0
2021-02-07,yemen,440.0,39.0,55.0,411.5,7.0,0.0,20.0,129.0,41.0,-63.4,8.0
2021-02-08,drc,43.0,1.0,6.0,39.6,0.0,0.0,0.0,4.0,4.0,-40.0,0.0
2021-02-08,europe_east,852.0,108.0,108.0,690.7,0.0,1.0,67.0,161.0,67.0,-99.7,39.0
2021-02-08,iran,1273.0,183.0,155.0,1193.8,9.0,0.0,79.0,338.0,87.0,409.5,8.0
2021-02-08,israel,3000.0,449.0,484.0,-55.6,6.0,3.0,201.0,374.0,155.0,-573.2,33.0
2021-02-08,korea,566.0,77.0,42.0,876.5,0.0,2.0,24.0,26.0,5.0,12.3,3.0
2021-02-08,libya,244.0,28.0,27.0,291.4,0.0,0.0,7.0,1.0,0.0,7.4,0.0
2021-02-08,scs,1500.0,203.0,166.0,1330.6,1.0,1.0,53.0,59.0,20.0,-31.2,0.0
2021-02-08,southasia,7561.0,1217.0,960.0,3388.4,13.0,47.0,399.0,36.0,10.0,-6.5,1.0
2021-02-08,sudan,579.0,104.0,50.0,652.8,0.0,1.0,19.0,4.0,4.0,-31.0,2.0
2021-02-08,taiwan,370.0,51.0,45.0,273.0,1.0,0.0,18.0,113.0,38.0,-26.2,6.0
2021-02-08,ukraine,768.0,120.0,112.0,518.1,1.0,4.0,63.0,55.0,24.0,-46.9,10.0
2021-02-08,venezuela,273.0,114.0,23.0,18.1,0.0,0.0,17.0,24.0,14.0,18.2,1.0
2021-02-08,yemen,444.0,57.0,83.0,-67.6,7.0,1.0,12.0,121.0,58.0,-185.2,15.0
2021-02-09,drc,20.0,1.0,2.0,41.9,0.0,0.0,2.0,0.0,0.0,0.0,0.0
2021-02-09,europe_east,1033.0,148.0,122.0,945.5,2.0,0.0,85.0,165.0,97.0,-300.7,43.0
2021-02-09,iran,1399.0,235.0,191.0,631.3,5.0,1.0,85.0,288.0,109.0,66.3,9.0
2021-02-09,israel,2641.0,409.0,305.0,1208.3,11.0,1.0,122.0,411.0,161.0,-506.3,16.0
2021-02-09,korea,741.0,101.0,70.0,699.1,6.0,3.0,39.0,93.0,32.0,-8.7,6.0
2021-02-09,libya,243.0,19.0,21.0,508.0,1.0,0.0,6.0,0.0,0.0,0.0,0.0
2021-02-09,scs,1653.0,197.0,202.0,1346.1,0.0,6.0,69.0,53.0,16.0,49.3,0.0
2021-02-09,southasia,7737.0,1162.0,1041.0,3420.8,10.0,32.0,505.0,44.0,13.0,34.3,5.0
2021-02-09,sudan,390.0,64.0,47.0,353.3,0.0,8.0,10.0,4.0,0.0,20.0,0.0
2021-02-09,taiwan,410.0,34.0,29.0,792.8,0.0,2.0,15.0,144.0,45.0,76.7,1.0
2021-02-09,ukraine,933.0,137.0,137.0,198.4,6.0,2.0,93.0,78.0,25.0,-17.0,5.0
2021-02-09,venezuela,314.0,76.0,31.0,99.9,0.0,0.0,23.0,40.0,21.0,-6.6,4.0
2021-02-09,yemen,505.0,50.0,77.0,31.6,6.0,2.0,18.0,127.0,35.0,68.5,11.0
2021-02-10,drc,10.0,1.0,5.0,-34.0,0.0,0.0,2.0,1.0,0.0,6.4,0.0
2021-02-10,europe_east,989.0,151.0,85.0,960.2,0.0,2.0,52.0,97.0,42.0,-28.7,20.0
2021-02-10,iran,1106.0,177.0,162.0,259.1,15.0,4.0,61.0,264.0,107.0,-107.1,13.0
2021-02-10,israel,2702.0,398.0,404.0,384.4,12.0,2.0,157.0,350.0,179.0,-726.6,40.0
2021-02-10,korea,774.0,100.0,85.0,705.1,6.0,1.0,36.0,70.0,28.0,-39.8,4.0
2021-02-10,libya,256.0,14.0,39.0,335.4,1.0,0.0,10.0,0.0,0.0,0.0,0.0
2021-02-10,scs,1544.0,184.0,155.0,1700.8,5.0,12.0,30.0,90.0,19.0,65.9,0.0
2021-02-10,southasia,7004.0,1100.0,966.0,2300.5,11.0,26.0,424.0,18.0,6.0,19.6,2.0
2021-02-10,sudan,471.0,75.0,85.0,217.4,0.0,13.0,21.0,2.0,2.0,-20.0,0.0
2021-02-10,taiwan,296.0,35.0,38.0,265.6,1.0,5.0,15.0,65.0,30.0,21.8,0.0
2021-02-10,ukraine,812.0,110.0,111.0,565.0,0.0,3.0,56.0,85.0,17.0,117.7,3.0
2021-02-10,venezuela,213.0,48.0,24.0,86.2,0.0,0.0,20.0,30.0,15.0,-2.4,4.0
2021-02-10,yemen,393.0,91.0,108.0,-859.6,24.0,1.0,18.0,136.0,58.0,-199.6,14.0
2021-02-11,drc,32.0,2.0,12.0,-35.5,0.0,0.0,9.0,0.0,0.0,0.0,0.0
2021-02-11,europe_east,797.0,127.0,85.0,647.6,0.0,3.0,49.0,75.0,43.0,-101.1,15.0
2021-02-11,iran,1121.0,233.0,163.0,-39.3,8.0,4.0,56.0,265.0,136.0,-423.3,8.0
2021-02-11,israel,2542.0,377.0,395.0,-77.8,11.0,7.0,130.0,363.0,167.0,-584.8,19.0
2021-02-11,korea,509.0,94.0,57.0,272.4,3.0,1.0,30.0,43.0,21.0,-72.6,5.0
2021-02-11,libya,333.0,27.0,29.0,509.3,7.0,0.0,9.0,3.0,0.0,12.1,0.0
2021-02-11,scs,1706.0,202.0,186.0,1887.2,7.0,3.0,74.0,119.0,23.0,194.9,4.0
2021-02-11,southasia,7347.0,1280.0,954.0,3024.0,18.0,23.0,450.0,36.0,9.0,75.6,2.0
2021-02-11,sudan,419.0,71.0,82.0,-206.4,4.0,10.0,38.0,6.0,1.0,7.2,1.0
2021-02-11,taiwan,347.0,25.0,26.0,576.1,2.0,3.0,15.0,104.0,26.0,52.3,7.0
2021-02-11,ukraine,982.0,112.0,149.0,713.2,8.0,0.0,80.0,108.0,47.0,-54.8,12.0
2021-02-11,venezuela,123.0,14.0,24.0,29.5,0.0,1.0,11.0,13.0,4.0,3.1,4.0
2021-02-11,yemen,542.0,68.0,105.0,-233.8,17.0,0.0,17.0,230.0,57.0,-75.5,9.0
2021-02-12,drc,82.0,6.0,19.0,23.2,0.0,3.0,10.0,21.0,0.0,130.0,0.0
2021-02-12,europe_east,821.0,80.0,106.0,1040.4,0.0,1.0,50.0,57.0,25.0,-71.0,6.0
2021-02-12,iran,1204.0,204.0,207.0,308.2,9.0,2.0,113.0,272.0,85.0,206.1,5.0
2021-02-12,israel,2140.0,322.0,330.0,-44.0,4.0,2.0,90.0,314.0,154.0,-669.0,15.0
2021-02-12,korea,570.0,50.0,50.0,955.3,0.0,4.0,28.0,37.0,6.0,32.6,1.0
2021-02-12,libya,178.0,9.0,12.0,281.9,0.0,3.0,0.0,0.0,0.0,0.0,0.0
2021-02-12,scs,1354.0,152.0,127.0,1490.7,5.0,5.0,58.0,82.0,23.0,13.1,3.0
2021-02-12,southasia,6477.0,1035.0,875.0,3185.2,11.0,21.0,339.0,23.0,6.0,42.8,0.0
2021-02-12,sudan,416.0,40.0,85.0,120.7,0.0,10.0,37.0,6.0,2.0,-1.7,2.0
2021-02-12,taiwan,231.0,37.0,26.0,175.9,1.0,1.0,7.0,53.0,8.0,115.2,2.0
2021-02-12,ukraine,1036.0,165.0,107.0,1083.6,4.0,0.0,65.0,136.0,40.0,212.3,7.0
2021-02-12,venezuela,220.0,33.0,41.0,82.1,1.0,0.0,20.0,23.0,12.0,-21.4,5.0
2021-02-12,yemen,450.0,86.0,76.0,-261.8,24.0,1.0,22.0,168.0,53.0,-65.6,21.0
2021-02-13,drc,26.0,0.0,7.0,-2.8,0.0,0.0,1.0,16.0,0.0,128.0,0.0
2021-02-13,europe_east,483.0,46.0,56.0,517.1,0.0,0.0,23.0,34.0,11.0,45.1,2.0
2021-02-13,iran,657.0,106.0,119.0,-196.7,6.0,2.0,52.0,108.0,37.0,3.9,7.0
2021-02-13,israel,1590.0,225.0,217.0,334.4,3.0,0.0,98.0,126.0,66.0,-159.9,6.0
2021-02-13,korea,285.0,47.0,24.0,299.8,4.0,2.0,16.0,20.0,7.0,-5.7,2.0
2021-02-13,libya,199.0,19.0,21.0,289.6,0.0,2.0,7.0,0.0,0.0,0.0,0.0
2021-02-13,scs,864.0,79.0,67.0,1367.1,0.0,0.0,27.0,53.0,8.0,123.7,0.0
2021-02-13,southasia,5752.0,946.0,931.0,798.5,9.0,12.0,452.0,26.0,10.0,-8.6,2.0
2021-02-13,sudan,240.0,53.0,48.0,-127.5,0.0,10.0,15.0,2.0,2.0,-15.5,1.0
2021-02-13,taiwan,145.0,17.0,11.0,245.7,0.0,0.0,7.0,54.0,19.0,45.8,7.0
2021-02-13,ukraine,658.0,122.0,97.0,240.7,1.0,0.0,63.0,50.0,23.0,-82.0,2.0
2021-02-13,venezuela,124.0,22.0,15.0,30.3,0.0,0.0,9.0,20.0,12.0,-14.3,1.0
2021-02-13,yemen,296.0,54.0,73.0,-339.6,10.0,0.0,28.0,94.0,41.0,-177.3,10.0
2021-02-14,drc,81.0,0.0,30.0,-252.0,0.0,0.0,3.0,11.0,0.0,86.0,0.0
2021-02-14,europe_east,347.0,44.0,40.0,323.8,2.0,0.0,17.0,31.0,15.0,-38.2,8.0
2021-02-14,iran,728.0,107.0,137.0,-261.0,1.0,1.0,29.0,126.0,24.0,126.2,1.0
2021-02-14,israel,1590.0,245.0,281.0,-329.3,2.0,1.0,91.0,224.0,115.0,-529.7,16.0
2021-02-14,korea,229.0,44.0,19.0,144.0,8.0,0.0,3.0,32.0,17.0,-54.4,4.0
2021-02-14,libya,110.0,14.0,12.0,159.5,0.0,4.0,3.0,1.0,0.0,0.0,0.0
2021-02-14,scs,969.0,142.0,88.0,776.7,2.0,0.0,33.0,41.0,13.0,18.5,0.0
2021-02-14,southasia,5347.0,837.0,934.0,-665.1,39.0,10.0,485.0,27.0,9.0,7.7,8.0
2021-02-14,sudan,213.0,43.0,45.0,-94.0,0.0,1.0,15.0,2.0,2.0,-15.5,1.0
2021-02-14,taiwan,160.0,26.0,9.0,149.3,3.0,1.0,4.0,45.0,18.0,-13.6,5.0
2021-02-14,ukraine,572.0,93.0,99.0,24.0,1.0,0.0,43.0,49.0,23.0,-83.2,1.0
2021-02-14,venezuela,121.0,21.0,13.0,94.7,0.0,0.0,10.0,24.0,9.0,-31.5,4.0
2021-02-14,yemen,295.0,35.0,67.0,-206.3,6.0,0.0,5.0,63.0,25.0,-68.9,7.0
2021-02-15,drc,78.0,4.0,15.0,4.1,0.0,0.0,0.0,16.0,4.0,56.0,0.0
2021-02-15,europe_east,666.0,55.0,57.0,1026.1,0.0,0.0,28.0,83.0,36.0,-31.7,11.0
2021-02-15,iran,1276.0,179.0,224.0,138.1,11.0,3.0,78.0,262.0,138.0,-409.2,15.0
2021-02-15,israel,2743.0,428.0,521.0,-723.7,11.0,5.0,130.0,528.0,308.0,-1590.9,25.0
2021-02-15,korea,618.0,75.0,89.0,643.9,0.0,0.0,42.0,40.0,26.0,-138.5,15.0
2021-02-15,libya,345.0,30.0,35.0,361.4,0.0,2.0,2.0,4.0,1.0,8.3,0.0
2021-02-15,scs,1576.0,243.0,166.0,1535.4,0.0,3.0,84.0,55.0,17.0,111.1,0.0
2021-02-15,southasia,7219.0,1339.0,1093.0,224.0,22.0,25.0,635.0,22.0,12.0,-58.4,3.0
2021-02-15,sudan,290.0,47.0,70.0,-194.1,1.0,0.0,9.0,8.0,1.0,2.0,1.0
2021-02-15,taiwan,146.0,19.0,15.0,130.9,0.0,1.0,12.0,12.0,5.0,2.8,3.0
2021-02-15,ukraine,668.0,85.0,82.0,687.9,0.0,0.0,35.0,45.0,24.0,-31.7,8.0
2021-02-15,venezuela,94.0,10.0,4.0,158.8,0.0,0.0,3.0,23.0,6.0,39.0,0.0
2021-02-15,yemen,288.0,37.0,72.0,-202.5,1.0,1.0,10.0,36.0,28.0,-120.4,2.0
2021-02-16,drc,114.0,2.0,15.0,36.3,0.0,0.0,4.0,18.0,0.0,87.5,0.0
2021-02-16,europe_east,812.0,90.0,52.0,1451.1,0.0,5.0,27.0,36.0,10.0,24.2,1.0
2021-02-16,iran,1618.0,270.0,293.0,-363.0,23.0,2.0,61.0,328.0,156.0,-343.3,18.0
2021-02-16,israel,2869.0,435.0,481.0,308.9,10.0,1.0,183.0,477.0,237.0,-711.6,53.0
2021-02-16,korea,812.0,115.0,101.0,451.7,0.0,2.0,34.0,98.0,52.0,-199.8,6.0
2021-02-16,libya,265.0,24.0,34.0,323.1,0.0,0.0,13.0,0.0,0.0,0.0,0.0
2021-02-16,scs,2032.0,377.0,178.0,1846.8,6.0,8.0,88.0,28.0,9.0,19.3,3.0
2021-02-16,southasia,7824.0,1391.0,1157.0,1689.0,11.0,33.0,629.0,19.0,14.0,-109.0,2.0
2021-02-16,sudan,434.0,67.0,55.0,611.5,0.0,0.0,17.0,2.0,0.0,0.0,0.0
2021-02-16,taiwan,120.0,23.0,6.0,137.1,2.0,0.0,3.0,25.0,8.0,17.1,3.0
2021-02-16,ukraine,906.0,113.0,136.0,513.4,0.0,0.0,54.0,87.0,45.0,-81.4,14.0
2021-02-16,venezuela,155.0,30.0,20.0,17.0,0.0,0.0,12.0,13.0,4.0,-2.0,1.0
2021-02-16,yemen,479.0,88.0,101.0,-414.1,8.0,0.0,5.0,121.0,41.0,-42.9,5.0
2021-02-17,drc,98.0,5.0,11.0,113.8,0.0,2.0,1.0,24.0,0.0,56.4,0.0
2021-02-17,europe_east,1011.0,110.0,102.0,1180.6,0.0,12.0,29.0,57.0,27.0,-61.2,6.0
2021-02-17,iran,1661.0,236.0,203.0,1055.0,15.0,3.0,44.0,281.0,97.0,-99.3,7.0
2021-02-17,israel,3159.0,532.0,439.0,947.6,5.0,0.0,147.0,702.0,295.0,-502.6,47.0
2021-02-17,korea,893.0,127.0,121.0,390.9,5.0,0.0,55.0,92.0,58.0,-232.2,7.0
2021-02-17,libya,380.0,43.0,60.0,133.0,1.0,2.0,8.0,9.0,3.0,2.0,1.0
2021-02-17,scs,1727.0,235.0,170.0,2099.2,4.0,4.0,72.0,57.0,9.0,56.2,0.0
2021-02-17,southasia,7995.0,1291.0,1046.0,3724.1,20.0,24.0,506.0,39.0,9.0,39.3,2.0
2021-02-17,sudan,364.0,53.0,71.0,-94.9,1.0,6.0,18.0,0.0,0.0,0.0,0.0
2021-02-17,taiwan,302.0,42.0,30.0,363.7,6.0,2.0,8.0,78.0,23.0,68.0,9.0
2021-02-17,ukraine,827.0,134.0,132.0,43.4,0.0,0.0,65.0,101.0,45.0,28.6,16.0
2021-02-17,venezuela,243.0,31.0,36.0,191.4,0.0,0.0,21.0,25.0,4.0,131.0,0.0
2021-02-17,yemen,254.0,31.0,43.0,-97.4,5.0,0.0,2.0,53.0,8.0,27.2,0.0
2021-02-18,drc,68.0,3.0,19.0,-107.3,0.0,1.0,3.0,30.0,4.0,19.4,0.0
2021-02-18,europe_east,1014.0,149.0,120.0,926.5,1.0,7.0,66.0,135.0,80.0,-126.4,14.0
2021-02-18,iran,1625.0,235.0,155.0,1818.7,7.0,3.0,72.0,341.0,120.0,112.2,11.0
2021-02-18,israel,2863.0,421.0,404.0,1701.5,2.0,0.0,177.0,624.0,227.0,-50.9,34.0
2021-02-18,korea,661.0,84.0,74.0,949.2,2.0,0.0,46.0,40.0,16.0,-17.0,5.0
2021-02-18,libya,284.0,30.0,28.0,345.0,2.0,3.0,2.0,0.0,0.0,0.0,0.0
2021-02-18,scs,1683.0,207.0,195.0,1958.3,1.0,1.0,86.0,42.0,12.0,56.7,0.0
2021-02-18,southasia,8381.0,1266.0,1083.0,3673.7,11.0,65.0,428.0,21.0,7.0,-8.7,0.0
2021-02-18,sudan,325.0,31.0,70.0,-45.3,0.0,8.0,22.0,3.0,0.0,10.2,0.0
2021-02-18,taiwan,363.0,49.0,19.0,677.8,1.0,0.0,11.0,127.0,48.0,66.4,4.0
2021-02-18,ukraine,976.0,143.0,197.0,39.1,0.0,2.0,145.0,139.0,77.0,-225.7,33.0
2021-02-18,venezuela,190.0,42.0,28.0,-100.8,0.0,0.0,14.0,19.0,11.0,-13.8,2.0
2021-02-18,yemen,378.0,48.0,59.0,-2.9,9.0,0.0,10.0,90.0,43.0,-39.9,4.0
2021-02-19,drc,92.0,10.0,19.0,-15.6,2.0,0.0,4.0,7.0,5.0,-34.0,3.0
2021-02-19,europe_east,901.0,101.0,101.0,1034.6,2.0,2.0,68.0,89.0,25.0,117.2,5.0
2021-02-19,iran,2352.0,285.0,251.0,3267.1,10.0,4.0,137.0,596.0,181.0,606.8,14.0
2021-02-19,israel,2540.0,350.0,435.0,510.7,10.0,2.0,168.0,580.0,223.0,-152.6,51.0
2021-02-19,korea,571.0,73.0,56.0,588.5,1.0,0.0,26.0,38.0,9.0,33.6,4.0
2021-02-19,libya,296.0,20.0,38.0,298.2,0.0,2.0,12.0,4.0,1.0,-4.6,0.0
2021-02-19,scs,1430.0,193.0,180.0,1206.4,1.0,2.0,74.0,63.0,14.0,141.5,0.0
2021-02-19,southasia,7569.0,1183.0,1051.0,2806.8,13.0,44.0,401.0,21.0,6.0,-2.4,3.0
2021-02-19,sudan,340.0,47.0,66.0,-13.5,0.0,4.0,15.0,2.0,1.0,-2.0,0.0
2021-02-19,taiwan,310.0,44.0,37.0,170.1,1.0,2.0,7.0,82.0,37.0,-76.4,14.0
2021-02-19,ukraine,888.0,113.0,156.0,470.3,0.0,0.0,118.0,122.0,64.0,-220.9,15.0
2021-02-19,venezuela,216.0,32.0,29.0,109.8,0.0,0.0,19.0,21.0,4.0,50.1,2.0
2021-02-19,yemen,387.0,55.0,66.0,-94.7,4.0,0.0,12.0,66.0,20.0,70.9,1.0
2021-02-20,drc,31.0,2.0,4.0,37.8,0.0,0.0,1.0,2.0,2.0,-18.0,0.0
2021-02-20,europe_east,424.0,48.0,35.0,388.3,0.0,0.0,24.0,80.0,36.0,-60.7,2.0
2021-02-20,iran,949.0,132.0,112.0,942.2,3.0,2.0,58.0,263.0,72.0,434.2,1.0
2021-02-20,israel,1344.0,203.0,206.0,352.3,2.0,0.0,99.0,287.0,125.0,-221.1,21.0
2021-02-20,korea,235.0,35.0,19.0,308.8,3.0,0.0,10.0,22.0,15.0,-64.0,9.0
2021-02-20,libya,392.0,55.0,94.0,-226.5,0.0,6.0,48.0,5.0,1.0,-1.2,0.0
2021-02-20,scs,809.0,93.0,110.0,679.2,0.0,1.0,42.0,82.0,30.0,46.4,2.0
2021-02-20,southasia,5864.0,929.0,827.0,1497.0,8.0,23.0,339.0,21.0,4.0,25.1,0.0
2021-02-20,sudan,187.0,49.0,27.0,-47.0,0.0,2.0,4.0,2.0,0.0,2.0,0.0
2021-02-20,taiwan,248.0,31.0,31.0,296.8,4.0,1.0,14.0,75.0,44.0,-192.0,24.0
2021-02-20,ukraine,497.0,62.0,119.0,-145.0,1.0,0.0,85.0,76.0,44.0,-151.6,5.0
2021-02-20,venezuela,58.0,2.0,11.0,72.3,0.0,0.0,5.0,2.0,1.0,-4.6,0.0
2021-02-20,yemen,156.0,17.0,33.0,-153.1,1.0,0.0,4.0,23.0,1.0,52.7,0.0
2021-02-21,drc,6.0,3.0,1.0,2.5,0.0,0.0,0.0,0.0,0.0,0.0,0.0
2021-02-21,europe_east,302.0,31.0,29.0,492.2,0.0,1.0,8.0,33.0,16.0,-37.6,5.0
2021-02-21,iran,1366.0,131.0,126.0,2156.9,2.0,4.0,67.0,395.0,113.0,592.3,23.0
2021-02-21,israel,2005.0,227.0,239.0,1838.9,4.0,9.0,70.0,492.0,159.0,455.8,17.0
2021-02-21,korea,547.0,47.0,77.0,610.9,5.0,4.0,32.0,38.0,15.0,-61.2,5.0
2021-02-21,libya,334.0,59.0,94.0,-406.7,0.0,1.0,17.0,3.0,3.0,-25.0,0.0
2021-02-21,scs,945.0,98.0,77.0,1506.2,3.0,7.0,33.0,54.0,7.0,128.8,1.0
2021-02-21,southasia,5319.0,780.0,753.0,2525.4,9.0,19.0,335.0,31.0,3.0,123.8,2.0
2021-02-21,sudan,162.0,32.0,21.0,-27.5,0.0,0.0,5.0,0.0,0.0,0.0,0.0
2021-02-21,taiwan,266.0,32.0,30.0,48.5,3.0,1.0,8.0,96.0,27.0,21.8,5.0
2021-02-21,ukraine,270.0,49.0,68.0,-245.2,0.0,0.0,38.0,27.0,12.0,-39.3,2.0
2021-02-21,venezuela,82.0,12.0,18.0,-33.5,0.0,0.0,11.0,5.0,2.0,3.6,0.0
2021-02-21,yemen,185.0,28.0,53.0,-219.9,4.0,0.0,12.0,19.0,3.0,32.6,0.0
2021-02-22,drc,260.0,11.0,96.0,-477.3,0.0,0.0,1.0,20.0,17.0,-91.0,2.0
2021-02-22,europe_east,745.0,128.0,72.0,547.3,1.0,1.0,46.0,82.0,38.0,-92.6,1.0
2021-02-22,iran,2103.0,268.0,259.0,2192.9,9.0,9.0,131.0,584.0,198.0,371.2,43.0
2021-02-22,israel,2992.0,391.0,338.0,3000.1,3.0,5.0,105.0,525.0,153.0,357.8,15.0
2021-02-22,korea,831.0,136.0,114.0,793.4,4.0,6.0,63.0,118.0,53.0,27.7,16.0
2021-02-22,libya,402.0,65.0,101.0,-298.0,1.0,2.0,26.0,5.0,2.0,-6.6,0.0
2021-02-22,scs,1390.0,204.0,143.0,1425.3,1.0,13.0,67.0,118.0,30.0,252.9,8.0
2021-02-22,southasia,7101.0,1128.0,1128.0,1456.2,10.0,17.0,447.0,8.0,0.0,43.0,0.0
2021-02-22,sudan,521.0,59.0,80.0,542.5,0.0,4.0,8.0,2.0,2.0,-12.0,0.0
2021-02-22,taiwan,311.0,41.0,14.0,503.5,1.0,1.0,7.0,50.0,19.0,24.9,1.0
2021-02-22,ukraine,674.0,79.0,108.0,250.5,0.0,3.0,63.0,59.0,33.0,-75.9,0.0
2021-02-22,venezuela,178.0,41.0,21.0,56.1,0.0,0.0,20.0,18.0,8.0,-11.5,2.0
2021-02-22,yemen,365.0,59.0,66.0,-50.3,5.0,0.0,16.0,70.0,35.0,-120.7,3.0
2021-02-23,drc,175.0,17.0,60.0,-395.0,0.0,0.0,0.0,50.0,33.0,-99.8,0.0
2021-02-23,europe_east,895.0,65.0,117.0,861.5,0.0,1.0,64.0,74.0,30.0,-60.9,8.0
2021-02-23,iran,1892.0,276.0,247.0,1535.6,10.0,5.0,107.0,536.0,169.0,263.4,18.0
2021-02-23,israel,2740.0,378.0,377.0,1583.4,5.0,2.0,151.0,568.0,224.0,-440.5,41.0
2021-02-23,korea,700.0,82.0,76.0,882.0,4.0,0.0,49.0,34.0,8.0,25.8,5.0
2021-02-23,libya,298.0,34.0,64.0,-31.5,0.0,0.0,19.0,0.0,0.0,0.0,0.0
2021-02-23,scs,1634.0,224.0,176.0,1692.6,12.0,2.0,89.0,58.0,11.0,137.1,1.0
2021-02-23,southasia,7945.0,1343.0,1025.0,3737.1,22.0,14.0,504.0,20.0,4.0,-3.1,2.0
2021-02-23,sudan,503.0,51.0,55.0,815.7,0.0,7.0,10.0,11.0,1.0,3.0,0.0
2021-02-23,taiwan,308.0,49.0,23.0,334.5,2.0,0.0,11.0,49.0,21.0,0.6,5.0
2021-02-23,ukraine,874.0,115.0,131.0,425.0,2.0,0.0,85.0,119.0,57.0,-76.3,8.0
2021-02-23,venezuela,173.0,33.0,25.0,97.8,1.0,0.0,15.0,15.0,9.0,-21.4,0.0
2021-02-23,yemen,256.0,46.0,38.0,47.2,2.0,0.0,3.0,59.0,12.0,71.6,2.0
2021-02-24,drc,137.0,9.0,21.0,38.9,0.0,0.0,1.0,36.0,27.0,-76.3,0.0
2021-02-24,europe_east,680.0,55.0,65.0,1047.5,1.0,1.0,32.0,72.0,23.0,-76.6,5.0
2021-02-24,iran,1713.0,275.0,326.0,-358.5,5.0,5.0,150.0,399.0,110.0,464.8,7.0
2021-02-24,israel,2731.0,448.0,358.0,1101.3,15.0,5.0,103.0,469.0,186.0,-225.8,25.0
2021-02-24,korea,809.0,105.0,71.0,1145.5,1.0,2.0,31.0,57.0,17.0,28.7,0.0
2021-02-24,libya,220.0,27.0,18.0,268.2,0.0,0.0,7.0,1.0,1.0,-9.5,0.0
2021-02-24,scs,1902.0,210.0,177.0,2297.8,0.0,6.0,73.0,90.0,13.0,242.1,0.0
2021-02-24,southasia,7051.0,1182.0,819.0,4242.6,13.0,13.0,312.0,16.0,6.0,0.9,0.0
2021-02-24,sudan,407.0,47.0,61.0,293.1,0.0,1.0,16.0,7.0,5.0,-38.3,0.0
2021-02-24,taiwan,325.0,29.0,49.0,266.8,0.0,0.0,21.0,42.0,10.0,19.8,2.0
2021-02-24,ukraine,882.0,111.0,152.0,418.4,0.0,3.0,64.0,121.0,70.0,-169.0,14.0
2021-02-24,venezuela,329.0,54.0,48.0,-29.4,1.0,1.0,29.0,33.0,5.0,70.0,0.0
2021-02-24,yemen,223.0,21.0,37.0,45.2,1.0,0.0,8.0,66.0,20.0,55.4,1.0
2021-02-25,drc,25.0,0.0,5.0,1.3,0.0,0.0,1.0,9.0,5.0,2.0,0.0
2021-02-25,europe_east,801.0,71.0,94.0,862.9,0.0,0.0,48.0,33.0,19.0,-75.6,4.0
2021-02-25,iran,1488.0,170.0,252.0,527.7,10.0,3.0,99.0,293.0,78.0,203.5,5.0
2021-02-25,israel,2857.0,417.0,418.0,1078.8,7.0,7.0,155.0,394.0,169.0,-500.4,18.0
2021-02-25,korea,724.0,92.0,67.0,1050.8,2.0,1.0,29.0,68.0,22.0,76.8,5.0
2021-02-25,libya,247.0,30.0,35.0,90.9,0.0,0.0,13.0,2.0,0.0,4.7,0.0
2021-02-25,scs,1806.0,234.0,192.0,1293.8,3.0,2.0,61.0,61.0,5.0,199.0,1.0
2021-02-25,southasia,7242.0,1315.0,880.0,3571.3,22.0,14.0,353.0,64.0,14.0,150.6,0.0
2021-02-25,sudan,396.0,32.0,33.0,986.1,0.0,7.0,7.0,0.0,0.0,0.0,0.0
2021-02-25,taiwan,302.0,45.0,34.0,241.8,0.0,1.0,13.0,67.0,23.0,-29.9,5.0
2021-02-25,ukraine,822.0,91.0,97.0,976.3,1.0,2.0,51.0,90.0,36.0,46.6,12.0
2021-02-25,venezuela,199.0,52.0,31.0,-67.2,0.0,0.0,20.0,23.0,10.0,-49.5,4.0
2021-02-25,yemen,255.0,24.0,45.0,25.3,1.0,0.0,4.0,80.0,15.0,141.0,0.0
2021-02-26,drc,31.0,4.0,11.0,-61.9,0.0,0.0,3.0,6.0,6.0,-16.0,0.0
2021-02-26,europe_east,797.0,63.0,76.0,981.1,1.0,5.0,29.0,23.0,11.0,-52.6,2.0
2021-02-26,iran,2382.0,421.0,469.0,-1787.1,25.0,8.0,63.0,539.0,231.0,-274.1,13.0
2021-02-26,israel,2157.0,296.0,326.0,846.5,4.0,5.0,101.0,348.0,145.0,-233.1,23.0
2021-02-26,korea,764.0,78.0,132.0,350.0,1.0,0.0,33.0,51.0,19.0,-26.7,2.0
2021-02-26,libya,305.0,36.0,43.0,193.1,0.0,0.0,11.0,2.0,0.0,4.7,0.0
2021-02-26,scs,1560.0,167.0,177.0,1790.9,3.0,0.0,52.0,76.0,9.0,226.8,0.0
2021-02-26,southasia,6815.0,1005.0,945.0,3172.9,22.0,21.0,356.0,48.0,16.0,-12.3,3.0
2021-02-26,sudan,303.0,14.0,64.0,210.3,0.0,5.0,9.0,0.0,0.0,0.0,0.0
2021-02-26,taiwan,300.0,36.0,31.0,350.3,1.0,0.0,19.0,92.0,29.0,102.3,15.0
2021-02-26,ukraine,774.0,124.0,103.0,327.9,1.0,3.0,59.0,141.0,53.0,-9.7,3.0
2021-02-26,venezuela,382.0,78.0,50.0,65.4,0.0,0.0,31.0,17.0,4.0,17.5,1.0
2021-02-26,yemen,432.0,48.0,124.0,-694.3,1.0,0.0,27.0,114.0,42.0,-129.0,10.0
2021-02-27,drc,33.0,4.0,11.0,-48.6,0.0,0.0,4.0,1.0,1.0,-10.0,0.0
2021-02-27,europe_east,310.0,27.0,19.0,596.1,0.0,3.0,12.0,13.0,0.0,33.6,0.0
2021-02-27,iran,1481.0,315.0,303.0,-1194.9,27.0,4.0,56.0,363.0,189.0,-645.0,11.0
2021-02-27,israel,1264.0,199.0,229.0,-559.3,0.0,0.0,86.0,188.0,89.0,-268.4,12.0
2021-02-27,korea,390.0,58.0,54.0,178.2,2.0,0.0,14.0,28.0,13.0,-47.0,2.0
2021-02-27,libya,162.0,25.0,22.0,107.9,0.0,0.0,9.0,0.0,0.0,0.0,0.0
2021-02-27,scs,1041.0,97.0,103.0,1226.0,1.0,4.0,38.0,33.0,4.0,132.9,0.0
2021-02-27,southasia,5695.0,845.0,823.0,2175.5,23.0,16.0,299.0,26.0,6.0,15.0,0.0
2021-02-27,sudan,162.0,19.0,32.0,28.3,0.0,1.0,8.0,0.0,0.0,0.0,0.0
2021-02-27,taiwan,168.0,13.0,19.0,248.8,1.0,0.0,13.0,54.0,21.0,39.0,13.0
2021-02-27,ukraine,363.0,66.0,60.0,-67.9,0.0,0.0,21.0,61.0,27.0,-77.7,0.0
2021-02-27,venezuela,185.0,35.0,18.0,94.0,0.0,0.0,13.0,5.0,0.0,23.8,0.0
2021-02-27,yemen,285.0,41.0,84.0,-449.3,2.0,0.0,4.0,70.0,19.0,71.0,2.0
2021-02-28,drc,31.0,2.0,12.0,-66.9,0.0,0.0,2.0,0.0,0.0,0.0,0.0
2021-02-28,europe_east,286.0,31.0,18.0,422.0,0.0,0.0,9.0,28.0,2.0,45.3,0.0
2021-02-28,iran,1388.0,285.0,228.0,-228.5,5.0,1.0,38.0,370.0,182.0,-532.4,4.0
2021-02-28,israel,1953.0,364.0,241.0,308.6,7.0,1.0,80.0,355.0,183.0,-547.2,10.0
2021-02-28,korea,233.0,32.0,29.0,137.9,1.0,0.0,7.0,7.0,1.0,-5.3,0.0
2021-02-28,libya,237.0,22.0,32.0,247.2,0.0,1.0,15.0,1.0,0.0,7.4,0.0
2021-02-28,scs,1092.0,107.0,69.0,1957.3,0.0,1.0,24.0,178.0,11.0,684.8,0.0
2021-02-28,southasia,4579.0,640.0,681.0,1807.3,4.0,20.0,277.0,17.0,9.0,-53.2,0.0
2021-02-28,sudan,70.0,4.0,7.0,138.2,0.0,1.0,2.0,1.0,0.0,3.0,0.0
2021-02-28,taiwan,249.0,31.0,25.0,292.3,0.0,2.0,13.0,70.0,19.0,77.0,8.0
2021-02-28,ukraine,190.0,12.0,27.0,174.2,0.0,0.0,7.0,18.0,8.0,-33.4,3.0
2021-02-28,venezuela,133.0,22.0,20.0,77.3,0.0,0.0,12.0,11.0,2.0,36.2,1.0
2021-02-28,yemen,270.0,47.0,84.0,-557.9,7.0,0.0,7.0,114.0,70.0,-370.1,11.0
2021-03-01,drc,50.0,5.0,10.0,-56.7,0.0,0.0,0.0,12.0,4.0,21.2,0.0
2021-03-01,europe_east,580.0,57.0,74.0,584.2,1.0,6.0,39.0,37.0,5.0,68.9,2.0
2021-03-01,iran,2236.0,468.0,278.0,1034.0,18.0,9.0,81.0,906.0,458.0,-521.7,26.0
2021-03-01,israel,3036.0,512.0,421.0,1166.0,12.0,2.0,154.0,775.0,479.0,-1420.6,36.0
2021-03-01,korea,538.0,58.0,45.0,737.1,4.0,1.0,13.0,49.0,7.0,49.7,2.0
2021-03-01,libya,216.0,15.0,46.0,202.9,0.0,0.0,41.0,1.0,0.0,7.4,0.0
2021-03-01,scs,1923.0,214.0,209.0,2539.0,1.0,0.0,46.0,247.0,15.0,963.9,2.0
2021-03-01,southasia,6005.0,892.0,782.0,4007.8,8.0,21.0,297.0,37.0,10.0,42.5,6.0
2021-03-01,sudan,318.0,29.0,46.0,380.5,1.0,4.0,24.0,4.0,0.0,7.2,0.0
2021-03-01,taiwan,187.0,30.0,26.0,114.9,0.0,0.0,20.0,65.0,32.0,-5.7,10.0
2021-03-01,ukraine,537.0,43.0,67.0,678.5,0.0,2.0,33.0,39.0,18.0,15.4,6.0
2021-03-01,venezuela,205.0,33.0,34.0,-1.5,0.0,0.0,12.0,29.0,11.0,26.8,3.0
2021-03-01,yemen,600.0,86.0,85.0,532.2,9.0,0.0,21.0,206.0,101.0,-168.9,9.0
2021-03-02,drc,26.0,2.0,3.0,18.3,0.0,0.0,0.0,3.0,3.0,-6.0,0.0
2021-03-02,europe_east,844.0,124.0,107.0,551.4,0.0,2.0,73.0,44.0,15.0,18.2,5.0
2021-03-02,iran,1440.0,314.0,226.0,-287.0,19.0,1.0,62.0,445.0,206.0,-325.2,11.0
2021-03-02,israel,2983.0,445.0,405.0,2052.6,10.0,6.0,186.0,518.0,260.0,-714.6,39.0
2021-03-02,korea,642.0,97.0,61.0,355.0,1.0,1.0,22.0,56.0,19.0,-58.6,2.0
2021-03-02,libya,271.0,32.0,58.0,49.4,2.0,0.0,36.0,0.0,0.0,0.0,0.0
2021-03-02,scs,2075.0,238.0,197.0,2678.9,3.0,0.0,63.0,186.0,50.0,232.2,6.0
2021-03-02,southasia,7178.0,1157.0,1034.0,1863.5,8.0,20.0,361.0,51.0,2.0,119.0,0.0
2021-03-02,sudan,451.0,29.0,41.0,845.7,4.0,0.0,16.0,9.0,0.0,41.4,0.0
2021-03-02,taiwan,405.0,65.0,41.0,462.6,0.0,1.0,25.0,146.0,53.0,115.2,13.0
2021-03-02,ukraine,676.0,79.0,84.0,493.0,0.0,0.0,40.0,48.0,21.0,-5.4,5.0
2021-03-02,venezuela,275.0,87.0,50.0,-361.9,1.0,0.0,36.0,36.0,14.0,-17.8,3.0
2021-03-02,yemen,613.0,91.0,128.0,72.4,10.0,1.0,49.0,192.0,80.0,1.0,6.0
2021-03-03,drc,53.0,5.0,8.0,3.8,0.0,0.0,3.0,6.0,0.0,14.1,0.0
2021-03-03,europe_east,811.0,83.0,70.0,1034.3,0.0,0.0,33.0,54.0,8.0,26.3,0.0
2021-03-03,iran,1540.0,270.0,327.0,-925.4,7.0,1.0,96.0,367.0,203.0,-531.2,10.0
2021-03-03,israel,2976.0,499.0,350.0,682.3,6.0,5.0,131.0,456.0,202.0,-492.2,26.0
2021-03-03,korea,658.0,104.0,70.0,471.4,0.0,3.0,19.0,48.0,9.0,32.4,2.0
2021-03-03,libya,334.0,37.0,63.0,0.5,1.0,0.0,17.0,1.0,0.0,3.4,0.0
2021-03-03,scs,1987.0,217.0,226.0,2447.7,0.0,6.0,106.0,95.0,22.0,170.1,0.0
2021-03-03,southasia,6916.0,1168.0,847.0,3671.2,13.0,22.0,279.0,32.0,11.0,23.7,4.0
2021-03-03,sudan,438.0,38.0,39.0,719.7,0.0,6.0,12.0,12.0,0.0,28.2,0.0
2021-03-03,taiwan,329.0,26.0,20.0,723.6,1.0,0.0,8.0,69.0,21.0,45.6,4.0
2021-03-03,ukraine,745.0,75.0,69.0,1002.0,4.0,2.0,22.0,75.0,24.0,84.4,1.0
2021-03-03,venezuela,395.0,85.0,56.0,-99.5,0.0,0.0,31.0,81.0,31.0,-6.5,2.0
2021-03-03,yemen,351.0,60.0,93.0,-269.5,2.0,0.0,42.0,125.0,67.0,-162.9,7.0
2021-03-04,drc,90.0,6.0,17.0,2.1,0.0,0.0,16.0,13.0,3.0,13.1,3.0
2021-03-04,europe_east,819.0,93.0,85.0,817.7,2.0,1.0,42.0,53.0,21.0,-79.3,3.0
2021-03-04,iran,1801.0,357.0,298.0,-387.6,12.0,2.0,69.0,453.0,212.0,-446.4,9.0
2021-03-04,israel,2952.0,528.0,361.0,793.7,7.0,0.0,146.0,530.0,248.0,-711.7,24.0
2021-03-04,korea,843.0,109.0,83.0,1003.4,0.0,0.0,27.0,37.0,11.0,20.7,3.0
2021-03-04,libya,130.0,18.0,9.0,103.7,0.0,0.0,1.0,0.0,0.0,0.0,0.0
2021-03-04,scs,2006.0,283.0,196.0,2226.4,11.0,6.0,62.0,109.0,10.0,441.1,3.0
2021-03-04,southasia,6665.0,1145.0,767.0,4058.3,8.0,12.0,317.0,36.0,15.0,-36.4,6.0
2021-03-04,sudan,525.0,35.0,42.0,873.3,0.0,0.0,11.0,1.0,1.0,-2.0,0.0
2021-03-04,taiwan,397.0,33.0,37.0,595.1,0.0,1.0,14.0,96.0,35.0,6.3,7.0
2021-03-04,ukraine,697.0,101.0,90.0,697.5,1.0,1.0,54.0,88.0,51.0,-77.3,8.0
2021-03-04,venezuela,277.0,37.0,49.0,56.0,0.0,0.0,28.0,69.0,34.0,-72.3,8.0
2021-03-04,yemen,363.0,37.0,83.0,-150.4,3.0,0.0,21.0,184.0,62.0,-85.8,10.0
2021-03-05,drc,45.0,0.0,4.0,59.4,0.0,0.0,2.0,6.0,0.0,14.1,0.0
2021-03-05,europe_east,758.0,104.0,119.0,270.9,2.0,7.0,61.0,106.0,32.0,98.7,15.0
2021-03-05,iran,1298.0,248.0,207.0,-179.8,7.0,0.0,58.0,297.0,133.0,-166.4,9.0
2021-03-05,israel,2514.0,460.0,313.0,850.1,13.0,0.0,137.0,355.0,191.0,-654.1,26.0
2021-03-05,korea,786.0,98.0,69.0,1064.4,0.0,1.0,24.0,67.0,15.0,131.7,4.0
2021-03-05,libya,268.0,23.0,46.0,128.8,3.0,1.0,20.0,5.0,1.0,2.4,1.0
2021-03-05,scs,1926.0,205.0,213.0,2150.3,12.0,2.0,88.0,41.0,15.0,-10.5,2.0
2021-03-05,southasia,6704.0,1133.0,771.0,3599.2,20.0,13.0,310.0,34.0,8.0,31.6,5.0
2021-03-05,sudan,214.0,30.0,31.0,14.1,0.0,2.0,10.0,1.0,1.0,-2.0,0.0
2021-03-05,taiwan,303.0,40.0,28.0,320.7,0.0,7.0,15.0,108.0,33.0,55.1,9.0
2021-03-05,ukraine,891.0,135.0,131.0,356.0,1.0,2.0,92.0,134.0,75.0,-186.9,19.0
2021-03-05,venezuela,218.0,26.0,46.0,74.3,0.0,0.0,29.0,46.0,20.0,-48.2,7.0
2021-03-05,yemen,196.0,29.0,57.0,-303.2,3.0,0.0,14.0,52.0,25.0,-111.0,3.0
2021-03-06,drc,13.0,1.0,0.0,21.7,0.0,0.0,0.0,0.0,0.0,0.0,0.0
2021-03-06,europe_east,487.0,32.0,48.0,679.2,0.0,1.0,10.0,20.0,11.0,-4.2,3.0
2021-03-06,iran,1065.0,162.0,159.0,316.5,3.0,0.0,55.0,195.0,104.0,-257.4,11.0
2021-03-06,israel,1486.0,219.0,199.0,823.7,7.0,0.0,94.0,188.0,102.0,-328.1,11.0
2021-03-06,korea,273.0,44.0,28.0,92.1,1.0,2.0,11.0,19.0,3.0,4.2,0.0
2021-03-06,libya,104.0,7.0,20.0,41.4,0.0,2.0,3.0,2.0,0.0,18.0,0.0
2021-03-06,scs,1044.0,108.0,95.0,1142.4,1.0,1.0,40.0,33.0,8.0,-10.1,0.0
2021-03-06,southasia,5712.0,997.0,788.0,1240.1,11.0,15.0,287.0,24.0,10.0,-28.4,5.0
2021-03-06,sudan,452.0,49.0,19.0,1075.5,0.0,0.0,5.0,2.0,0.0,4.7,0.0
2021-03-06,taiwan,236.0,35.0,20.0,220.2,4.0,1.0,8.0,86.0,45.0,-126.3,4.0
2021-03-06,ukraine,293.0,32.0,47.0,16.7,1.0,0.0,24.0,30.0,10.0,7.5,2.0
2021-03-06,venezuela,184.0,36.0,33.0,-27.5,0.0,0.0,26.0,15.0,3.0,0.1,1.0
2021-03-06,yemen,237.0,33.0,103.0,-731.0,2.0,1.0,50.0,110.0,89.0,-493.9,0.0
2021-03-07,drc,30.0,4.0,4.0,-26.5,0.0,0.0,1.0,1.0,0.0,3.0,0.0
2021-03-07,europe_east,286.0,39.0,37.0,128.8,0.0,2.0,12.0,31.0,9.0,38.8,2.0
2021-03-07,iran,1411.0,235.0,189.0,726.8,7.0,2.0,118.0,175.0,78.0,-116.1,8.0
2021-03-07,israel,1462.0,212.0,241.0,-219.6,7.0,0.0,75.0,220.0,125.0,-545.1,19.0
2021-03-07,korea,469.0,52.0,48.0,636.2,9.0,2.0,13.0,58.0,13.0,76.7,9.0
2021-03-07,libya,115.0,5.0,6.0,241.5,0.0,0.0,0.0,0.0,0.0,0.0,0.0
2021-03-07,scs,1219.0,162.0,211.0,-14.0,4.0,5.0,66.0,25.0,5.0,82.1,0.0
2021-03-07,southasia,5142.0,886.0,732.0,513.4,10.0,12.0,250.0,11.0,3.0,-15.9,0.0
2021-03-07,sudan,234.0,25.0,17.0,401.1,0.0,0.0,9.0,0.0,0.0,0.0,0.0
2021-03-07,taiwan,282.0,41.0,21.0,248.7,0.0,1.0,7.0,120.0,22.0,69.9,3.0
2021-03-07,ukraine,265.0,47.0,37.0,189.2,0.0,0.0,24.0,34.0,16.0,-1.2,1.0
2021-03-07,venezuela,173.0,23.0,34.0,-17.5,0.0,0.0,17.0,6.0,2.0,8.8,0.0
2021-03-07,yemen,283.0,42.0,95.0,-640.4,3.0,0.0,14.0,69.0,39.0,-223.7,0.0
2021-03-08,drc,33.0,2.0,4.0,61.4,0.0,0.0,0.0,12.0,0.0,96.0,0.0
2021-03-08,europe_east,674.0,70.0,67.0,762.4,0.0,1.0,39.0,31.0,14.0,-32.2,2.0
2021-03-08,iran,1506.0,328.0,266.0,-684.8,19.0,6.0,134.0,323.0,160.0,-350.0,22.0
2021-03-08,israel,2183.0,347.0,364.0,-26.9,15.0,0.0,124.0,453.0,259.0,-1258.5,40.0
2021-03-08,korea,822.0,83.0,122.0,838.0,0.0,8.0,14.0,66.0,12.0,135.7,2.0
2021-03-08,libya,293.0,22.0,23.0,368.8,1.0,0.0,7.0,0.0,0.0,0.0,0.0
2021-03-08,scs,1821.0,242.0,332.0,-436.2,5.0,1.0,100.0,72.0,10.0,231.4,2.0
2021-03-08,southasia,6064.0,1005.0,743.0,3080.5,14.0,13.0,267.0,18.0,3.0,7.8,0.0
2021-03-08,sudan,315.0,37.0,30.0,492.4,1.0,1.0,12.0,6.0,2.0,-12.0,0.0
2021-03-08,taiwan,381.0,67.0,37.0,336.7,3.0,0.0,17.0,125.0,33.0,15.9,5.0
2021-03-08,ukraine,436.0,75.0,80.0,-55.5,1.0,0.0,53.0,30.0,11.0,-4.7,2.0
2021-03-08,venezuela,251.0,27.0,37.0,147.7,0.0,0.0,23.0,59.0,16.0,91.0,0.0
2021-03-08,yemen,420.0,81.0,147.0,-1193.3,4.0,1.0,8.0,130.0,84.0,-638.2,0.0
2021-03-09,drc,77.0,5.0,26.0,-87.4,0.0,0.0,12.0,19.0,3.0,83.4,0.0
2021-03-09,europe_east,693.0,60.0,75.0,1100.2,0.0,0.0,42.0,38.0,6.0,84.4,1.0
2021-03-09,iran,1483.0,227.0,264.0,-33.6,6.0,2.0,134.0,284.0,124.0,-162.3,15.0
2021-03-09,israel,2185.0,339.0,272.0,824.7,6.0,1.0,107.0,402.0,171.0,-442.7,28.0
2021-03-09,korea,616.0,84.0,99.0,264.0,5.0,1.0,41.0,70.0,34.0,-125.5,12.0
2021-03-09,libya,257.0,26.0,31.0,255.6,0.0,0.0,8.0,2.0,0.0,4.7,0.0
2021-03-09,scs,2014.0,273.0,300.0,461.8,5.0,6.0,82.0,74.0,19.0,214.7,6.0
2021-03-09,southasia,6828.0,1090.0,839.0,2787.5,18.0,15.0,302.0,9.0,2.0,16.6,0.0
2021-03-09,sudan,398.0,31.0,21.0,1050.3,1.0,0.0,12.0,0.0,0.0,0.0,0.0
2021-03-09,taiwan,327.0,46.0,37.0,284.5,1.0,0.0,12.0,101.0,15.0,132.3,2.0
2021-03-09,ukraine,492.0,64.0,72.0,334.5,0.0,0.0,42.0,62.0,27.0,1.2,9.0
2021-03-09,venezuela,475.0,69.0,56.0,270.5,0.0,0.0,43.0,113.0,35.0,72.4,4.0
2021-03-09,yemen,249.0,38.0,57.0,-201.3,3.0,2.0,13.0,90.0,35.0,-63.9,8.0
2021-03-10,drc,23.0,3.0,2.0,22.7,0.0,0.0,0.0,1.0,1.0,-10.0,0.0
2021-03-10,europe_east,790.0,80.0,72.0,1080.6,2.0,1.0,45.0,50.0,26.0,-52.7,1.0
2021-03-10,iran,1333.0,263.0,212.0,-148.7,5.0,1.0,134.0,302.0,134.0,-209.1,15.0
2021-03-10,israel,2803.0,366.0,371.0,2353.7,13.0,5.0,148.0,359.0,188.0,-776.9,43.0
2021-03-10,korea,853.0,83.0,49.0,1732.3,0.0,3.0,14.0,73.0,11.0,153.1,4.0
2021-03-10,libya,365.0,40.0,36.0,527.8,0.0,0.0,6.0,0.0,0.0,0.0,0.0
2021-03-10,scs,1879.0,238.0,298.0,521.6,2.0,4.0,99.0,64.0,10.0,151.5,1.0
2021-03-10,southasia,7111.0,1054.0,884.0,4384.4,26.0,17.0,380.0,26.0,4.0,23.1,3.0
2021-03-10,sudan,329.0,26.0,34.0,499.1,1.0,5.0,12.0,2.0,1.0,0.2,1.0
2021-03-10,taiwan,577.0,76.0,49.0,711.2,3.0,8.0,17.0,178.0,83.0,-255.1,29.0
2021-03-10,ukraine,693.0,72.0,85.0,511.9,3.0,1.0,33.0,83.0,23.0,76.4,2.0
2021-03-10,venezuela,189.0,27.0,27.0,165.8,1.0,0.0,19.0,41.0,6.0,76.0,0.0
2021-03-10,yemen,321.0,32.0,63.0,-45.2,4.0,0.0,23.0,80.0,23.0,-30.7,4.0
2021-03-11,drc,7.0,1.0,2.0,-14.3,0.0,1.0,0.0,3.0,1.0,0.0,0.0
2021-03-11,europe_east,898.0,103.0,114.0,989.6,2.0,5.0,75.0,66.0,25.0,18.4,6.0
2021-03-11,iran,1086.0,185.0,153.0,329.1,4.0,0.0,73.0,281.0,99.0,69.6,9.0
2021-03-11,israel,3002.0,381.0,363.0,2970.9,12.0,1.0,173.0,430.0,172.0,44.7,44.0
2021-03-11,korea,896.0,98.0,89.0,1222.6,4.0,2.0,34.0,46.0,11.0,51.0,4.0
2021-03-11,libya,282.0,31.0,21.0,466.6,1.0,1.0,6.0,0.0,0.0,0.0,0.0
2021-03-11,scs,1998.0,242.0,289.0,1058.0,7.0,2.0,116.0,58.0,12.0,135.0,0.0
2021-03-11,southasia,6866.0,1114.0,861.0,3195.3,32.0,9.0,367.0,23.0,4.0,38.5,2.0
2021-03-11,sudan,444.0,41.0,55.0,763.1,1.0,1.0,25.0,0.0,0.0,0.0,0.0
2021-03-11,taiwan,424.0,74.0,40.0,370.9,1.0,0.0,20.0,97.0,48.0,-138.1,17.0
2021-03-11,ukraine,715.0,87.0,102.0,674.9,2.0,0.0,68.0,130.0,45.0,44.6,5.0
2021-03-11,venezuela,149.0,14.0,21.0,206.9,0.0,0.0,16.0,20.0,1.0,43.9,0.0
2021-03-11,yemen,290.0,40.0,42.0,20.2,5.0,0.0,13.0,58.0,16.0,-2.0,0.0
2021-03-12,drc,12.0,0.0,0.0,66.8,0.0,0.0,0.0,4.0,1.0,-7.0,0.0
2021-03-12,europe_east,950.0,129.0,149.0,554.8,0.0,2.0,90.0,88.0,43.0,23.8,14.0
2021-03-12,iran,1032.0,216.0,168.0,-221.6,3.0,1.0,61.0,290.0,128.0,-17.5,6.0
2021-03-12,israel,2243.0,301.0,345.0,1476.9,13.0,1.0,149.0,379.0,180.0,-400.3,36.0
2021-03-12,korea,706.0,77.0,83.0,745.2,3.0,2.0,36.0,45.0,19.0,-1.9,1.0
2021-03-12,libya,185.0,24.0,15.0,327.2,1.0,1.0,2.0,2.0,0.0,4.7,0.0
2021-03-12,scs,1722.0,187.0,215.0,1397.0,1.0,3.0,95.0,45.0,16.0,41.5,2.0
2021-03-12,southasia,6321.0,1018.0,780.0,3578.2,22.0,8.0,346.0,32.0,7.0,56.9,3.0
2021-03-12,sudan,309.0,43.0,42.0,315.2,0.0,3.0,13.0,2.0,0.0,3.2,0.0
2021-03-12,taiwan,313.0,42.0,28.0,430.8,2.0,1.0,12.0,69.0,21.0,76.4,4.0
2021-03-12,ukraine,652.0,65.0,90.0,499.3,1.0,1.0,58.0,110.0,37.0,75.3,0.0
2021-03-12,venezuela,189.0,30.0,38.0,-71.9,0.0,0.0,22.0,27.0,4.0,24.2,1.0
2021-03-12,yemen,363.0,48.0,62.0,28.0,5.0,0.0,16.0,118.0,44.0,-117.7,0.0
2021-03-13,drc,13.0,0.0,0.0,32.2,0.0,0.0,0.0,1.0,0.0,7.4,0.0
2021-03-13,europe_east,383.0,47.0,70.0,70.4,0.0,0.0,40.0,12.0,9.0,-39.6,1.0
2021-03-13,iran,791.0,152.0,118.0,223.5,3.0,0.0,35.0,160.0,74.0,-10.4,1.0
2021-03-13,israel,1373.0,212.0,232.0,353.4,4.0,5.0,102.0,206.0,107.0,-315.5,15.0
2021-03-13,korea,451.0,41.0,50.0,445.3,0.0,0.0,26.0,37.0,14.0,-62.4,0.0
2021-03-13,libya,188.0,21.0,25.0,149.1,0.0,2.0,11.0,0.0,0.0,0.0,0.0
2021-03-13,scs,923.0,106.0,148.0,375.9,3.0,1.0,58.0,23.0,4.0,61.1,1.0
2021-03-13,southasia,5195.0,800.0,636.0,2814.5,15.0,12.0,293.0,16.0,2.0,5.2,1.0
2021-03-13,sudan,197.0,18.0,20.0,279.0,0.0,0.0,3.0,1.0,0.0,5.2,0.0
2021-03-13,taiwan,183.0,19.0,22.0,218.7,1.0,0.0,8.0,25.0,4.0,34.0,2.0
2021-03-13,ukraine,344.0,67.0,40.0,240.2,0.0,0.0,15.0,61.0,20.0,24.1,0.0
2021-03-13,venezuela,93.0,14.0,18.0,-18.8,0.0,1.0,11.0,19.0,4.0,8.2,0.0
2021-03-13,yemen,293.0,32.0,49.0,57.3,1.0,0.0,11.0,59.0,12.0,63.5,0.0
2021-03-14,drc,8.0,0.0,2.0,15.8,0.0,0.0,2.0,0.0,0.0,0.0,0.0
2021-03-14,europe_east,318.0,41.0,34.0,429.2,0.0,0.0,28.0,4.0,2.0,-11.8,0.0
2021-03-14,iran,975.0,207.0,165.0,-90.9,3.0,1.0,78.0,177.0,97.0,-305.4,11.0
2021-03-14,israel,1565.0,253.0,207.0,810.2,4.0,1.0,60.0,250.0,131.0,-417.5,15.0
2021-03-14,korea,551.0,42.0,33.0,947.6,2.0,0.0,17.0,138.0,21.0,160.1,0.0
2021-03-14,libya,133.0,16.0,21.0,77.7,0.0,0.0,9.0,0.0,0.0,0.0,0.0
2021-03-14,scs,1010.0,135.0,103.0,982.4,0.0,5.0,36.0,39.0,6.0,66.4,4.0
2021-03-14,southasia,4734.0,844.0,656.0,1446.3,17.0,3.0,326.0,18.0,9.0,-34.5,0.0
2021-03-14,sudan,102.0,7.0,13.0,102.6,0.0,0.0,1.0,0.0,0.0,0.0,0.0
2021-03-14,taiwan,164.0,19.0,10.0,275.6,0.0,0.0,10.0,51.0,32.0,-146.6,11.0
2021-03-14,ukraine,185.0,29.0,20.0,139.5,0.0,0.0,12.0,16.0,8.0,-39.5,0.0
2021-03-14,venezuela,58.0,8.0,9.0,5.5,0.0,0.0,7.0,12.0,1.0,24.8,0.0
2021-03-14,yemen,274.0,51.0,72.0,-552.6,6.0,0.0,13.0,24.0,6.0,-13.9,0.0
2021-03-15,drc,54.0,4.0,15.0,-56.2,0.0,0.0,3.0,1.0,0.0,7.4,0.0
2021-03-15,europe_east,820.0,92.0,96.0,1213.9,0.0,5.0,55.0,33.0,14.0,41.3,4.0
2021-03-15,iran,1132.0,208.0,240.0,-787.8,4.0,1.0,128.0,272.0,127.0,-156.0,12.0
2021-03-15,israel,2396.0,443.0,312.0,947.8,7.0,0.0,151.0,381.0,201.0,-650.3,27.0
2021-03-15,korea,1211.0,131.0,117.0,1682.2,3.0,3.0,55.0,217.0,38.0,350.7,1.0
2021-03-15,libya,338.0,35.0,64.0,148.0,0.0,0.0,18.0,0.0,0.0,0.0,0.0
2021-03-15,scs,1794.0,210.0,140.0,2405.9,0.0,6.0,64.0,69.0,8.0,251.1,4.0
2021-03-15,southasia,6345.0,1113.0,908.0,780.9,30.0,10.0,438.0,22.0,4.0,33.8,0.0
2021-03-15,sudan,356.0,49.0,48.0,317.6,0.0,4.0,10.0,0.0,0.0,0.0,0.0
2021-03-15,taiwan,354.0,55.0,32.0,266.0,0.0,1.0,15.0,95.0,34.0,25.0,4.0
2021-03-15,ukraine,620.0,54.0,59.0,923.6,0.0,3.0,31.0,70.0,12.0,117.9,0.0
2021-03-15,venezuela,138.0,12.0,28.0,77.9,0.0,0.0,18.0,36.0,23.0,-50.7,9.0
2021-03-15,yemen,292.0,36.0,108.0,-740.4,5.0,0.0,16.0,34.0,10.0,-3.6,1.0
2021-03-16,drc,44.0,0.0,6.0,79.5,0.0,0.0,2.0,4.0,4.0,-36.0,0.0
2021-03-16,europe_east,740.0,99.0,57.0,1038.5,0.0,2.0,34.0,47.0,12.0,97.3,1.0
2021-03-16,iran,1168.0,218.0,236.0,-620.2,7.0,9.0,114.0,296.0,128.0,74.2,9.0
2021-03-16,israel,2507.0,356.0,335.0,1564.9,0.0,10.0,109.0,374.0,190.0,-521.8,16.0
2021-03-16,korea,1946.0,336.0,175.0,1872.0,8.0,1.0,49.0,551.0,163.0,272.7,26.0
2021-03-16,libya,282.0,24.0,31.0,385.4,0.0,0.0,6.0,0.0,0.0,0.0,0.0
2021-03-16,scs,1835.0,162.0,253.0,1704.8,0.0,6.0,134.0,61.0,4.0,181.0,0.0
2021-03-16,southasia,7203.0,1227.0,902.0,3432.2,22.0,24.0,442.0,26.0,7.0,17.2,0.0
2021-03-16,sudan,404.0,22.0,39.0,996.8,0.0,1.0,11.0,6.0,0.0,26.4,0.0
2021-03-16,taiwan,373.0,44.0,35.0,371.0,1.0,2.0,15.0,82.0,30.0,16.7,1.0
2021-03-16,ukraine,725.0,111.0,82.0,677.1,6.0,3.0,49.0,143.0,57.0,-93.7,9.0
2021-03-16,venezuela,274.0,32.0,63.0,-22.4,0.0,0.0,23.0,79.0,22.0,24.1,4.0
2021-03-16,yemen,461.0,77.0,125.0,-866.9,6.0,0.0,22.0,80.0,29.0,-14.2,7.0
2021-03-17,drc,20.0,1.0,4.0,2.4,0.0,0.0,0.0,10.0,9.0,-80.0,0.0
2021-03-17,europe_east,809.0,69.0,70.0,1607.7,0.0,0.0,29.0,51.0,12.0,63.5,3.0
2021-03-17,iran,1130.0,225.0,192.0,-150.0,4.0,1.0,75.0,274.0,115.0,-41.0,9.0
2021-03-17,israel,2565.0,406.0,420.0,91.0,8.0,6.0,130.0,361.0,214.0,-1047.7,20.0
2021-03-17,korea,1827.0,259.0,176.0,1901.5,4.0,3.0,63.0,335.0,88.0,243.4,11.0
2021-03-17,libya,321.0,19.0,44.0,294.7,1.0,0.0,22.0,4.0,0.0,6.8,0.0
2021-03-17,scs,2080.0,250.0,266.0,1905.9,0.0,3.0,144.0,46.0,13.0,75.2,0.0
2021-03-17,southasia,6485.0,1012.0,747.0,4521.6,17.0,12.0,350.0,9.0,3.0,9.9,1.0
2021-03-17,sudan,345.0,20.0,27.0,712.1,0.0,1.0,8.0,6.0,0.0,20.7,0.0
2021-03-17,taiwan,443.0,63.0,26.0,707.7,0.0,5.0,8.0,120.0,27.0,154.8,1.0
2021-03-17,ukraine,795.0,134.0,105.0,475.9,2.0,0.0,61.0,179.0,58.0,159.8,7.0
2021-03-17,venezuela,227.0,30.0,38.0,4.4,0.0,1.0,20.0,38.0,16.0,-19.0,7.0
2021-03-17,yemen,520.0,77.0,133.0,-619.0,1.0,1.0,30.0,62.0,25.0,26.0,1.0
2021-03-18,drc,28.0,4.0,11.0,-67.5,0.0,0.0,0.0,13.0,6.0,-37.4,0.0
2021-03-18,europe_east,796.0,101.0,101.0,484.1,1.0,2.0,46.0,66.0,20.0,20.9,1.0
2021-03-18,iran,1262.0,230.0,228.0,-351.0,11.0,2.0,74.0,298.0,129.0,-143.5,9.0
2021-03-18,israel,2807.0,406.0,346.0,1510.1,15.0,5.0,146.0,378.0,176.0,-556.5,27.0
2021-03-18,korea,1980.0,223.0,157.0,2756.5,10.0,0.0,80.0,433.0,93.0,636.4,20.0
2021-03-18,libya,392.0,59.0,35.0,377.1,1.0,0.0,9.0,6.0,0.0,10.2,0.0
2021-03-18,scs,2026.0,220.0,242.0,2289.8,4.0,5.0,111.0,59.0,6.0,186.5,2.0
2021-03-18,southasia,7033.0,1023.0,869.0,4807.2,4.0,21.0,432.0,13.0,3.0,10.6,0.0
2021-03-18,sudan,340.0,41.0,47.0,263.5,0.0,4.0,2.0,12.0,2.0,7.4,0.0
2021-03-18,taiwan,546.0,68.0,60.0,372.7,1.0,3.0,20.0,154.0,39.0,62.7,6.0
2021-03-18,ukraine,843.0,120.0,113.0,317.1,3.0,0.0,49.0,189.0,75.0,-177.2,9.0
2021-03-18,venezuela,180.0,39.0,22.0,25.5,0.0,0.0,11.0,48.0,29.0,-88.4,8.0
2021-03-18,yemen,448.0,68.0,141.0,-801.4,2.0,2.0,23.0,67.0,26.0,-40.7,5.0
2021-03-19,drc,45.0,3.0,10.0,-4.1,1.0,0.0,0.0,5.0,0.0,10.0,0.0
2021-03-19,europe_east,794.0,77.0,90.0,870.2,0.0,2.0,60.0,43.0,20.0,-29.3,9.0
2021-03-19,iran,851.0,134.0,149.0,84.2,3.0,3.0,78.0,206.0,82.0,-109.0,11.0
2021-03-19,israel,2595.0,399.0,441.0,-244.5,14.0,2.0,138.0,353.0,193.0,-1005.7,32.0
2021-03-19,korea,1536.0,223.0,247.0,727.0,5.0,2.0,161.0,265.0,124.0,-148.4,33.0
2021-03-19,libya,310.0,33.0,61.0,-153.3,0.0,0.0,15.0,3.0,3.0,-30.0,0.0
2021-03-19,scs,1661.0,157.0,216.0,1690.9,5.0,2.0,107.0,39.0,2.0,107.2,1.0
2021-03-19,southasia,7179.0,1006.0,771.0,6389.4,5.0,14.0,332.0,35.0,15.0,-26.1,0.0
2021-03-19,sudan,388.0,45.0,38.0,509.9,0.0,5.0,4.0,5.0,0.0,12.9,0.0
2021-03-19,taiwan,475.0,58.0,77.0,92.4,0.0,5.0,33.0,114.0,35.0,63.7,13.0
2021-03-19,ukraine,855.0,122.0,116.0,423.9,4.0,0.0,73.0,160.0,58.0,-14.9,6.0
2021-03-19,venezuela,164.0,20.0,30.0,20.1,0.0,0.0,15.0,49.0,23.0,1.4,3.0
2021-03-19,yemen,277.0,35.0,79.0,-351.3,1.0,0.0,18.0,56.0,21.0,-104.8,0.0
2021-03-20,drc,8.0,0.0,2.0,3.9,0.0,0.0,0.0,4.0,0.0,12.0,0.0
2021-03-20,europe_east,472.0,58.0,60.0,199.2,0.0,2.0,29.0,15.0,3.0,22.5,1.0
2021-03-20,iran,616.0,87.0,95.0,351.1,2.0,2.0,60.0,121.0,42.0,100.2,10.0
2021-03-20,israel,1083.0,185.0,182.0,-201.2,3.0,1.0,64.0,158.0,91.0,-489.1,7.0
2021-03-20,korea,564.0,83.0,107.0,69.9,7.0,2.0,55.0,69.0,36.0,-56.7,6.0
2021-03-20,libya,126.0,12.0,36.0,-218.2,1.0,0.0,5.0,3.0,3.0,-29.0,0.0
2021-03-20,scs,1162.0,113.0,174.0,510.6,1.0,2.0,47.0,31.0,3.0,133.3,0.0
2021-03-20,southasia,6443.0,855.0,812.0,4002.7,8.0,6.0,344.0,32.0,5.0,68.3,1.0
2021-03-20,sudan,104.0,5.0,18.0,60.1,0.0,0.0,4.0,0.0,0.0,0.0,0.0
2021-03-20,taiwan,233.0,29.0,21.0,186.1,0.0,0.0,9.0,90.0,31.0,-18.0,8.0
2021-03-20,ukraine,212.0,47.0,37.0,-57.4,0.0,0.0,25.0,49.0,16.0,2.8,2.0
2021-03-20,venezuela,116.0,5.0,20.0,88.3,0.0,0.0,10.0,10.0,7.0,-36.6,7.0
2021-03-20,yemen,187.0,27.0,37.0,-176.5,1.0,0.0,4.0,35.0,11.0,8.4,0.0
2021-03-21,drc,6.0,0.0,2.0,-3.6,0.0,0.0,1.0,2.0,0.0,6.0,0.0
2021-03-21,europe_east,387.0,50.0,48.0,224.2,0.0,2.0,22.0,41.0,6.0,47.4,2.0
2021-03-21,iran,642.0,90.0,143.0,-269.1,8.0,1.0,36.0,160.0,56.0,123.7,2.0
2021-03-21,israel,1678.0,266.0,277.0,293.6,6.0,2.0,106.0,272.0,141.0,-605.9,32.0
2021-03-21,korea,553.0,68.0,107.0,75.8,2.0,2.0,71.0,69.0,25.0,15.5,2.0
2021-03-21,libya,149.0,13.0,14.0,199.8,0.0,0.0,7.0,0.0,0.0,0.0,0.0
2021-03-21,scs,1343.0,170.0,211.0,532.6,0.0,8.0,83.0,172.0,65.0,-109.7,3.0
2021-03-21,southasia,6067.0,949.0,700.0,3979.0,8.0,10.0,364.0,31.0,13.0,-40.8,8.0
2021-03-21,sudan,161.0,25.0,13.0,219.1,0.0,0.0,5.0,0.0,0.0,0.0,0.0
2021-03-21,taiwan,232.0,29.0,19.0,218.1,1.0,1.0,9.0,47.0,18.0,-5.7,2.0
2021-03-21,ukraine,193.0,43.0,29.0,-19.6,0.0,0.0,20.0,34.0,11.0,-23.9,2.0
2021-03-21,venezuela,67.0,8.0,21.0,-114.1,0.0,0.0,3.0,8.0,1.0,0.8,0.0
2021-03-21,yemen,192.0,26.0,50.0,-348.6,3.0,0.0,7.0,37.0,18.0,-115.5,2.0
2021-03-22,drc,30.0,1.0,8.0,-46.3,0.0,0.0,1.0,7.0,1.0,5.9,0.0
2021-03-22,europe_east,642.0,89.0,68.0,581.2,1.0,0.0,40.0,45.0,16.0,10.7,2.0
2021-03-22,iran,956.0,184.0,145.0,552.2,15.0,2.0,37.0,232.0,115.0,-196.1,19.0
2021-03-22,israel,2719.0,505.0,302.0,1495.0,5.0,1.0,141.0,419.0,229.0,-765.0,38.0
2021-03-22,korea,862.0,103.0,153.0,496.3,2.0,1.0,103.0,116.0,48.0,44.9,18.0
2021-03-22,libya,206.0,10.0,18.0,303.9,0.0,0.0,8.0,0.0,0.0,0.0,0.0
2021-03-22,scs,1886.0,296.0,244.0,725.5,7.0,18.0,113.0,316.0,145.0,-307.1,13.0
2021-03-22,southasia,6909.0,1026.0,866.0,4224.0,8.0,14.0,356.0,42.0,6.0,91.8,0.0
2021-03-22,sudan,424.0,45.0,30.0,657.6,0.0,0.0,14.0,2.0,2.0,-16.0,0.0
2021-03-22,taiwan,475.0,56.0,72.0,204.5,5.0,0.0,14.0,95.0,25.0,86.0,2.0
2021-03-22,ukraine,547.0,60.0,77.0,281.9,0.0,0.0,39.0,49.0,23.0,-85.6,6.0
2021-03-22,venezuela,200.0,28.0,45.0,-120.7,0.0,0.0,13.0,34.0,10.0,17.9,4.0
2021-03-22,yemen,519.0,63.0,104.0,-101.5,10.0,0.0,8.0,307.0,42.0,681.0,6.0
2021-03-23,drc,42.0,0.0,4.0,40.0,0.0,0.0,2.0,0.0,0.0,0.0,0.0
2021-03-23,europe_east,811.0,119.0,99.0,585.9,3.0,1.0,66.0,37.0,15.0,-1.2,5.0
2021-03-23,iran,665.0,99.0,122.0,26.2,8.0,0.0,56.0,166.0,65.0,61.3,10.0
2021-03-23,israel,2992.0,406.0,379.0,1779.1,9.0,0.0,168.0,302.0,126.0,-162.9,21.0
2021-03-23,korea,1233.0,155.0,205.0,796.9,4.0,7.0,85.0,196.0,83.0,-35.5,21.0
2021-03-23,libya,347.0,22.0,37.0,546.9,0.0,0.0,9.0,0.0,0.0,0.0,0.0
2021-03-23,scs,1956.0,335.0,200.0,1312.7,11.0,2.0,81.0,263.0,118.0,-103.6,4.0
2021-03-23,southasia,6775.0,979.0,728.0,6162.4,6.0,9.0,307.0,87.0,3.0,282.0,0.0
2021-03-23,sudan,485.0,49.0,65.0,664.7,0.0,2.0,31.0,1.0,1.0,-8.0,0.0
2021-03-23,taiwan,320.0,57.0,45.0,-22.7,3.0,1.0,13.0,91.0,32.0,-11.8,9.0
2021-03-23,ukraine,548.0,77.0,50.0,795.3,0.0,0.0,38.0,62.0,21.0,30.0,4.0
2021-03-23,venezuela,208.0,50.0,24.0,39.6,0.0,0.0,10.0,55.0,18.0,24.8,2.0
2021-03-23,yemen,577.0,72.0,82.0,380.3,8.0,0.0,7.0,231.0,52.0,309.8,1.0
2021-03-24,drc,51.0,0.0,7.0,17.3,0.0,0.0,3.0,0.0,0.0,0.0,0.0
2021-03-24,europe_east,727.0,83.0,80.0,774.6,2.0,2.0,46.0,56.0,19.0,43.0,8.0
2021-03-24,iran,607.0,101.0,92.0,149.4,4.0,0.0,21.0,181.0,99.0,-434.3,8.0
2021-03-24,israel,2679.0,394.0,342.0,1359.9,6.0,2.0,128.0,375.0,190.0,-751.3,30.0
2021-03-24,korea,1653.0,242.0,276.0,250.7,9.0,3.0,65.0,427.0,198.0,-699.9,25.0
2021-03-24,libya,443.0,85.0,75.0,-134.7,3.0,0.0,12.0,3.0,3.0,-24.0,0.0
2021-03-24,scs,2153.0,318.0,316.0,488.8,3.0,3.0,100.0,249.0,73.0,299.7,2.0
2021-03-24,southasia,6730.0,1074.0,765.0,4151.5,9.0,8.0,326.0,55.0,7.0,123.0,0.0
2021-03-24,sudan,335.0,30.0,29.0,553.3,0.0,4.0,13.0,0.0,0.0,0.0,0.0
2021-03-24,taiwan,509.0,66.0,43.0,536.0,3.0,0.0,23.0,149.0,51.0,-31.2,16.0
2021-03-24,ukraine,602.0,98.0,79.0,365.6,4.0,2.0,58.0,66.0,28.0,-39.5,8.0
2021-03-24,venezuela,215.0,48.0,43.0,-127.5,0.0,0.0,15.0,33.0,12.0,-4.4,2.0
2021-03-24,yemen,293.0,44.0,41.0,106.6,4.0,2.0,3.0,129.0,24.0,131.6,2.0
2021-03-25,drc,41.0,0.0,3.0,64.9,0.0,0.0,1.0,1.0,0.0,-2.0,0.0
2021-03-25,europe_east,1234.0,111.0,125.0,1432.4,2.0,0.0,82.0,135.0,56.0,-89.8,29.0
2021-03-25,iran,887.0,122.0,139.0,707.4,5.0,1.0,48.0,288.0,115.0,-236.5,14.0
2021-03-25,israel,2311.0,376.0,327.0,867.6,2.0,0.0,133.0,469.0,232.0,-727.7,52.0
2021-03-25,korea,2091.0,268.0,445.0,-1085.5,7.0,3.0,85.0,635.0,310.0,-1583.4,19.0
2021-03-25,libya,386.0,40.0,88.0,-123.0,0.0,0.0,13.0,6.0,5.0,-49.6,0.0
2021-03-25,scs,1878.0,219.0,268.0,773.7,4.0,5.0,90.0,182.0,57.0,-12.7,2.0
2021-03-25,southasia,6909.0,1032.0,845.0,4156.4,16.0,6.0,361.0,56.0,11.0,78.4,1.0
2021-03-25,sudan,305.0,36.0,26.0,632.8,2.0,0.0,11.0,2.0,0.0,14.8,0.0
2021-03-25,taiwan,428.0,76.0,47.0,195.7,1.0,0.0,23.0,122.0,72.0,-316.1,12.0
2021-03-25,ukraine,949.0,143.0,115.0,553.6,3.0,2.0,79.0,58.0,24.0,-68.4,2.0
2021-03-25,venezuela,193.0,34.0,42.0,-42.7,1.0,1.0,22.0,20.0,7.0,0.0,4.0
2021-03-25,yemen,366.0,40.0,78.0,-90.4,4.0,2.0,7.0,96.0,26.0,51.6,5.0
2021-03-26,drc,26.0,2.0,8.0,-29.8,0.0,0.0,5.0,0.0,0.0,0.0,0.0
2021-03-26,europe_east,922.0,107.0,122.0,751.3,0.0,5.0,71.0,92.0,57.0,-192.8,27.0
2021-03-26,iran,728.0,127.0,154.0,-350.3,6.0,2.0,44.0,207.0,92.0,-218.4,2.0
2021-03-26,israel,2114.0,261.0,272.0,1762.4,0.0,3.0,104.0,325.0,150.0,-419.9,19.0
2021-03-26,korea,1495.0,274.0,234.0,264.2,4.0,3.0,57.0,419.0,188.0,-396.7,10.0
2021-03-26,libya,234.0,21.0,36.0,263.2,3.0,0.0,23.0,0.0,0.0,0.0,0.0
2021-03-26,scs,1668.0,212.0,197.0,975.2,5.0,9.0,71.0,160.0,46.0,62.8,3.0
2021-03-26,southasia,7661.0,1315.0,1007.0,2904.6,5.0,33.0,421.0,45.0,5.0,61.3,0.0
2021-03-26,sudan,204.0,22.0,12.0,421.5,1.0,0.0,4.0,0.0,0.0,0.0,0.0
2021-03-26,taiwan,422.0,47.0,47.0,608.0,1.0,9.0,17.0,75.0,31.0,-58.9,11.0
2021-03-26,ukraine,925.0,139.0,132.0,409.8,2.0,4.0,78.0,122.0,45.0,64.0,6.0
2021-03-26,venezuela,255.0,60.0,49.0,-90.6,0.0,0.0,24.0,44.0,26.0,-50.6,7.0
2021-03-26,yemen,419.0,70.0,82.0,-4.1,9.0,0.0,14.0,171.0,95.0,-251.7,27.0
2021-03-27,drc,18.0,1.0,1.0,30.3,0.0,0.0,0.0,7.0,1.0,14.9,0.0
2021-03-27,europe_east,397.0,39.0,80.0,134.0,0.0,1.0,52.0,68.0,23.0,54.1,14.0
2021-03-27,iran,841.0,75.0,47.0,2241.7,3.0,0.0,19.0,147.0,51.0,223.6,7.0
2021-03-27,israel,967.0,141.0,112.0,688.6,3.0,2.0,41.0,138.0,77.0,-294.9,7.0
2021-03-27,korea,596.0,107.0,99.0,96.1,1.0,0.0,42.0,177.0,71.0,-106.4,5.0
2021-03-27,libya,120.0,20.0,28.0,26.2,4.0,0.0,13.0,1.0,0.0,0.0,0.0
2021-03-27,scs,1151.0,151.0,122.0,1083.0,0.0,6.0,59.0,139.0,43.0,130.4,3.0
2021-03-27,southasia,5412.0,936.0,600.0,3103.7,13.0,27.0,213.0,10.0,4.0,2.0,0.0
2021-03-27,sudan,98.0,3.0,9.0,234.6,0.0,0.0,3.0,0.0,0.0,0.0,0.0
2021-03-27,taiwan,289.0,32.0,29.0,441.1,0.0,2.0,11.0,87.0,35.0,-29.5,13.0
2021-03-27,ukraine,456.0,107.0,96.0,-544.4,0.0,0.0,77.0,35.0,22.0,-88.8,4.0
2021-03-27,venezuela,148.0,30.0,41.0,-236.4,1.0,2.0,19.0,10.0,0.0,20.5,0.0
2021-03-27,yemen,213.0,32.0,40.0,-89.6,2.0,0.0,13.0,41.0,25.0,-110.5,7.0
2021-03-28,drc,17.0,0.0,1.0,65.0,0.0,0.0,1.0,0.0,0.0,0.0,0.0
2021-03-28,europe_east,256.0,42.0,37.0,58.4,0.0,0.0,15.0,41.0,17.0,-8.6,4.0
2021-03-28,iran,535.0,67.0,53.0,1042.6,0.0,1.0,37.0,54.0,29.0,-70.9,5.0
2021-03-28,israel,876.0,116.0,95.0,586.7,4.0,1.0,39.0,79.0,38.0,-93.9,16.0
2021-03-28,korea,675.0,107.0,72.0,721.2,4.0,0.0,22.0,120.0,28.0,78.9,3.0
2021-03-28,libya,227.0,23.0,46.0,22.3,2.0,0.0,14.0,4.0,2.0,-15.0,1.0
2021-03-28,scs,1257.0,178.0,146.0,818.7,0.0,9.0,54.0,136.0,61.0,-106.4,4.0
2021-03-28,southasia,4853.0,768.0,707.0,689.2,2.0,18.0,285.0,20.0,7.0,-1.4,0.0
2021-03-28,sudan,301.0,19.0,11.0,1159.8,0.0,0.0,6.0,10.0,0.0,68.7,0.0
2021-03-28,taiwan,256.0,35.0,19.0,245.5,1.0,0.0,6.0,62.0,30.0,-78.8,6.0
2021-03-28,ukraine,322.0,101.0,69.0,-600.4,1.0,0.0,50.0,34.0,13.0,-39.5,1.0
2021-03-28,venezuela,161.0,42.0,33.0,-127.7,0.0,2.0,16.0,12.0,0.0,24.0,0.0
2021-03-28,yemen,155.0,11.0,51.0,-222.5,0.0,0.0,13.0,40.0,17.0,-54.5,4.0
2021-03-29,drc,8.0,0.0,0.0,34.2,0.0,0.0,0.0,13.0,9.0,-56.2,2.0
2021-03-29,europe_east,673.0,112.0,87.0,361.2,1.0,0.0,55.0,92.0,36.0,-115.1,7.0
2021-03-29,iran,972.0,138.0,97.0,1540.2,12.0,4.0,44.0,163.0,74.0,-99.4,9.0
2021-03-29,israel,1921.0,259.0,281.0,1079.2,6.0,4.0,117.0,212.0,76.0,-113.1,8.0
2021-03-29,korea,768.0,121.0,91.0,486.1,1.0,0.0,24.0,93.0,21.0,56.6,1.0
2021-03-29,libya,218.0,41.0,42.0,-50.6,0.0,1.0,11.0,1.0,0.0,0.0,0.0
2021-03-29,scs,1934.0,224.0,245.0,1431.4,1.0,10.0,86.0,121.0,29.0,55.4,2.0
2021-03-29,southasia,4529.0,689.0,577.0,1939.0,3.0,25.0,235.0,21.0,9.0,-50.6,0.0
2021-03-29,sudan,312.0,31.0,16.0,791.6,2.0,0.0,5.0,10.0,0.0,80.0,0.0
2021-03-29,taiwan,467.0,46.0,23.0,861.7,0.0,0.0,4.0,82.0,29.0,-9.1,7.0
2021-03-29,ukraine,628.0,89.0,112.0,241.9,0.0,2.0,82.0,67.0,28.0,-41.0,12.0
2021-03-29,venezuela,159.0,49.0,26.0,-112.0,0.0,0.0,15.0,16.0,3.0,1.4,0.0
2021-03-29,yemen,244.0,33.0,69.0,-267.7,3.0,2.0,15.0,51.0,29.0,-126.4,12.0
2021-03-30,drc,34.0,6.0,14.0,-74.3,0.0,0.0,9.0,5.0,0.0,17.5,0.0
2021-03-30,europe_east,806.0,120.0,88.0,493.7,2.0,2.0,45.0,67.0,16.0,32.4,5.0
2021-03-30,iran,906.0,129.0,87.0,1469.6,14.0,0.0,50.0,216.0,82.0,199.8,3.0
2021-03-30,israel,2445.0,350.0,337.0,1478.9,4.0,3.0,138.0,300.0,128.0,-238.2,22.0
2021-03-30,korea,963.0,228.0,114.0,483.5,0.0,1.0,33.0,210.0,88.0,-47.6,13.0
2021-03-30,libya,240.0,33.0,51.0,-5.4,0.0,0.0,12.0,0.0,0.0,0.0,0.0
2021-03-30,scs,2192.0,200.0,329.0,1540.3,0.0,7.0,149.0,110.0,25.0,142.5,2.0
2021-03-30,southasia,5663.0,864.0,618.0,4200.6,10.0,24.0,246.0,23.0,7.0,41.8,0.0
2021-03-30,sudan,356.0,39.0,56.0,189.2,2.0,1.0,20.0,0.0,0.0,0.0,0.0
2021-03-30,taiwan,439.0,44.0,29.0,812.6,1.0,1.0,9.0,125.0,41.0,113.8,6.0
2021-03-30,ukraine,811.0,98.0,103.0,1468.4,0.0,2.0,47.0,142.0,60.0,-32.6,8.0
2021-03-30,venezuela,141.0,27.0,12.0,100.3,0.0,0.0,8.0,9.0,4.0,15.0,0.0
2021-03-30,yemen,245.0,34.0,56.0,-47.9,1.0,0.0,15.0,71.0,19.0,58.4,6.0
2021-03-31,drc,66.0,13.0,9.0,-22.2,0.0,0.0,5.0,7.0,3.0,-17.0,1.0
2021-03-31,europe_east,862.0,122.0,147.0,389.4,8.0,2.0,108.0,78.0,28.0,-5.2,15.0
2021-03-31,iran,738.0,94.0,91.0,947.6,4.0,0.0,36.0,168.0,41.0,321.2,5.0
2021-03-31,israel,2155.0,300.0,244.0,2111.6,8.0,0.0,119.0,300.0,132.0,-262.7,12.0
2021-03-31,korea,907.0,142.0,113.0,770.4,2.0,0.0,32.0,138.0,53.0,-154.6,4.0
2021-03-31,libya,202.0,14.0,32.0,202.6,0.0,0.0,17.0,2.0,0.0,4.7,0.0
2021-03-31,scs,1898.0,223.0,245.0,1736.3,3.0,6.0,132.0,182.0,63.0,88.7,2.0
2021-03-31,southasia,6031.0,947.0,948.0,2028.1,4.0,41.0,450.0,46.0,28.0,-54.0,3.0
2021-03-31,sudan,592.0,83.0,91.0,574.6,0.0,0.0,27.0,10.0,4.0,-26.8,0.0
2021-03-31,taiwan,497.0,44.0,41.0,678.6,1.0,0.0,18.0,134.0,30.0,82.9,3.0
2021-03-31,ukraine,873.0,124.0,91.0,656.0,1.0,10.0,38.0,186.0,81.0,-174.2,10.0
2021-03-31,venezuela,179.0,26.0,18.0,333.4,0.0,0.0,16.0,10.0,6.0,-10.0,5.0
2021-03-31,yemen,265.0,32.0,44.0,75.0,2.0,0.0,9.0,77.0,15.0,152.8,2.0
2021-04-01,drc,172.0,15.0,7.0,614.8,0.0,0.0,1.0,20.0,7.0,-24.7,0.0
2021-04-01,europe_east,712.0,79.0,74.0,1036.0,0.0,2.0,49.0,34.0,7.0,54.2,6.0
2021-04-01,iran,1254.0,132.0,117.0,2600.1,0.0,2.0,60.0,287.0,63.0,568.8,5.0
2021-04-01,israel,2190.0,301.0,305.0,1619.4,7.0,0.0,133.0,264.0,118.0,-207.5,20.0
2021-04-01,korea,805.0,113.0,90.0,861.8,5.0,0.0,36.0,98.0,32.0,-14.2,8.0
2021-04-01,libya,298.0,30.0,45.0,275.5,0.0,1.0,19.0,5.0,0.0,25.7,0.0
2021-04-01,scs,1310.0,135.0,158.0,1366.4,9.0,1.0,87.0,170.0,57.0,-39.0,10.0
2021-04-01,southasia,6019.0,931.0,775.0,3540.3,13.0,19.0,330.0,81.0,42.0,-26.5,4.0
2021-04-01,sudan,535.0,59.0,84.0,517.9,6.0,0.0,17.0,6.0,1.0,19.6,0.0
2021-04-01,taiwan,612.0,91.0,33.0,866.0,2.0,2.0,17.0,161.0,48.0,73.9,16.0
2021-04-01,ukraine,1039.0,194.0,107.0,598.7,3.0,19.0,38.0,324.0,175.0,-472.7,21.0
2021-04-01,venezuela,167.0,29.0,27.0,105.6,0.0,0.0,19.0,16.0,2.0,-2.8,0.0
2021-04-01,yemen,387.0,52.0,49.0,252.2,4.0,0.0,12.0,115.0,26.0,123.1,3.0
2021-04-02,drc,48.0,1.0,6.0,124.2,0.0,0.0,0.0,13.0,9.0,-64.6,0.0
2021-04-02,europe_east,678.0,55.0,70.0,830.6,0.0,3.0,45.0,40.0,17.0,-40.3,6.0
2021-04-02,iran,1601.0,101.0,96.0,4330.5,1.0,0.0,59.0,449.0,94.0,1108.2,13.0
2021-04-02,israel,1831.0,267.0,248.0,857.2,9.0,1.0,103.0,241.0,111.0,-475.9,17.0
2021-04-02,korea,773.0,66.0,91.0,883.4,2.0,5.0,37.0,75.0,27.0,-2.3,8.0
2021-04-02,libya,192.0,25.0,63.0,-260.9,0.0,1.0,33.0,0.0,0.0,0.0,0.0
2021-04-02,scs,1338.0,134.0,223.0,394.1,0.0,3.0,73.0,78.0,16.0,86.4,4.0
2021-04-02,southasia,5983.0,936.0,879.0,2518.3,6.0,28.0,402.0,67.0,22.0,67.5,15.0
2021-04-02,sudan,351.0,30.0,70.0,276.5,1.0,6.0,15.0,6.0,2.0,9.6,0.0
2021-04-02,taiwan,600.0,44.0,72.0,562.4,2.0,3.0,11.0,80.0,26.0,-41.9,7.0
2021-04-02,ukraine,1374.0,296.0,197.0,-142.6,14.0,36.0,49.0,633.0,368.0,-1165.8,78.0
2021-04-02,venezuela,187.0,21.0,49.0,-81.9,1.0,0.0,32.0,22.0,6.0,8.6,3.0
2021-04-02,yemen,238.0,32.0,29.0,115.6,2.0,0.0,4.0,108.0,35.0,26.6,11.0
2021-04-03,drc,65.0,6.0,10.0,74.6,0.0,0.0,1.0,5.0,0.0,13.0,0.0
2021-04-03,europe_east,332.0,23.0,31.0,495.7,0.0,2.0,15.0,9.0,2.0,5.0,0.0
2021-04-03,iran,940.0,102.0,78.0,2477.7,1.0,0.0,44.0,199.0,54.0,417.7,14.0
2021-04-03,israel,1153.0,145.0,189.0,503.6,1.0,0.0,92.0,136.0,70.0,-276.6,21.0
2021-04-03,korea,813.0,67.0,81.0,1033.8,0.0,1.0,28.0,125.0,11.0,272.2,0.0
2021-04-03,libya,83.0,6.0,22.0,-11.9,0.0,0.0,12.0,0.0,0.0,0.0,0.0
2021-04-03,scs,1028.0,81.0,129.0,920.9,3.0,4.0,41.0,159.0,39.0,183.2,5.0
2021-04-03,southasia,4565.0,727.0,672.0,1040.1,8.0,13.0,281.0,18.0,4.0,18.9,0.0
2021-04-03,sudan,184.0,14.0,17.0,457.5,0.0,0.0,6.0,0.0,0.0,0.0,0.0
2021-04-03,taiwan,404.0,19.0,55.0,442.5,0.0,0.0,17.0,32.0,10.0,15.1,0.0
2021-04-03,ukraine,521.0,84.0,81.0,59.0,5.0,16.0,20.0,295.0,155.0,-537.8,28.0
2021-04-03,venezuela,89.0,20.0,14.0,107.8,0.0,0.0,10.0,3.0,0.0,21.0,0.0
2021-04-03,yemen,101.0,9.0,26.0,-135.7,0.0,0.0,5.0,24.0,6.0,5.8,2.0
2021-04-04,drc,77.0,8.0,2.0,217.8,0.0,0.0,1.0,13.0,0.0,60.0,0.0
2021-04-04,europe_east,296.0,23.0,32.0,339.3,0.0,0.0,10.0,12.0,3.0,9.4,0.0
2021-04-04,iran,694.0,59.0,68.0,1775.9,0.0,0.0,44.0,198.0,57.0,247.9,11.0
2021-04-04,israel,1756.0,238.0,214.0,1459.7,7.0,3.0,90.0,208.0,87.0,-185.7,23.0
2021-04-04,korea,320.0,49.0,40.0,161.9,6.0,0.0,25.0,43.0,18.0,-22.1,3.0
2021-04-04,libya,179.0,7.0,18.0,305.8,0.0,0.0,7.0,0.0,0.0,0.0,0.0
2021-04-04,scs,1020.0,117.0,122.0,896.6,0.0,1.0,57.0,141.0,66.0,-100.7,6.0
2021-04-04,southasia,4606.0,639.0,921.0,-1408.4,12.0,14.0,290.0,10.0,4.0,-3.8,0.0
2021-04-04,sudan,299.0,32.0,32.0,639.1,0.0,0.0,10.0,7.0,1.0,20.4,0.0
2021-04-04,taiwan,334.0,30.0,31.0,393.9,1.0,2.0,7.0,21.0,9.0,-26.1,4.0
2021-04-04,ukraine,461.0,86.0,76.0,65.4,8.0,5.0,13.0,166.0,104.0,-499.9,11.0
2021-04-04,venezuela,84.0,18.0,7.0,57.3,0.0,0.0,1.0,3.0,0.0,19.4,0.0
2021-04-04,yemen,131.0,21.0,17.0,30.3,0.0,0.0,2.0,25.0,12.0,-50.5,0.0
2021-04-05,drc,55.0,8.0,9.0,30.3,0.0,0.0,1.0,0.0,0.0,0.0,0.0
2021-04-05,europe_east,452.0,47.0,63.0,213.8,1.0,0.0,28.0,37.0,2.0,97.9,0.0
2021-04-05,iran,1108.0,131.0,143.0,1492.8,0.0,2.0,84.0,309.0,105.0,162.2,42.0
2021-04-05,israel,2529.0,367.0,337.0,1348.9,4.0,2.0,162.0,341.0,145.0,-314.9,48.0
2021-04-05,korea,714.0,83.0,58.0,1054.7,1.0,4.0,21.0,58.0,15.0,65.6,2.0
2021-04-05,libya,321.0,11.0,25.0,563.2,0.0,0.0,14.0,0.0,0.0,0.0,0.0
2021-04-05,scs,1831.0,316.0,172.0,1651.0,1.0,3.0,96.0,342.0,156.0,-214.3,1.0
2021-04-05,southasia,6828.0,895.0,1126.0,1587.9,23.0,30.0,395.0,22.0,9.0,-8.9,1.0
2021-04-05,sudan,503.0,64.0,96.0,503.6,1.0,2.0,38.0,12.0,2.0,59.7,0.0
2021-04-05,taiwan,373.0,37.0,39.0,476.1,0.0,0.0,14.0,84.0,36.0,-49.2,8.0
2021-04-05,ukraine,889.0,116.0,115.0,500.5,9.0,12.0,46.0,256.0,127.0,-368.9,28.0
2021-04-05,venezuela,186.0,35.0,59.0,-268.7,0.0,0.0,20.0,21.0,5.0,48.8,3.0
2021-04-05,yemen,279.0,24.0,33.0,20.3,1.0,1.0,8.0,38.0,17.0,-49.2,9.0
2021-04-06,drc,116.0,10.0,7.0,255.4,0.0,0.0,5.0,9.0,0.0,43.0,0.0
2021-04-06,europe_east,618.0,64.0,74.0,691.2,0.0,2.0,50.0,40.0,8.0,85.2,2.0
2021-04-06,iran,2150.0,239.0,290.0,3552.0,3.0,7.0,141.0,667.0,257.0,439.5,33.0
2021-04-06,israel,2680.0,374.0,370.0,1517.1,2.0,2.0,177.0,410.0,210.0,-721.2,29.0
2021-04-06,korea,566.0,89.0,61.0,566.9,2.0,1.0,31.0,32.0,19.0,-86.2,2.0
2021-04-06,libya,407.0,30.0,43.0,655.1,0.0,1.0,13.0,0.0,0.0,0.0,0.0
2021-04-06,scs,1874.0,261.0,216.0,1358.0,0.0,3.0,113.0,348.0,126.0,31.7,2.0
2021-04-06,southasia,6884.0,941.0,987.0,2611.8,32.0,25.0,381.0,33.0,11.0,-16.1,1.0
2021-04-06,sudan,870.0,74.0,216.0,-90.6,0.0,9.0,64.0,19.0,2.0,106.7,0.0
2021-04-06,taiwan,478.0,74.0,45.0,482.8,2.0,1.0,19.0,109.0,77.0,-209.4,5.0
2021-04-06,ukraine,1148.0,132.0,203.0,287.6,4.0,33.0,55.0,308.0,140.0,-439.0,44.0
2021-04-06,venezuela,193.0,16.0,39.0,92.8,0.0,0.0,25.0,19.0,4.0,30.1,1.0
2021-04-06,yemen,184.0,28.0,45.0,-158.6,3.0,0.0,21.0,35.0,22.0,-69.4,14.0
2021-04-07,drc,127.0,18.0,5.0,257.6,0.0,0.0,2.0,4.0,0.0,13.6,0.0
2021-04-07,europe_east,790.0,72.0,83.0,988.3,1.0,2.0,24.0,34.0,7.0,85.0,0.0
2021-04-07,iran,2099.0,251.0,239.0,2902.5,3.0,2.0,78.0,594.0,239.0,102.6,12.0
2021-04-07,israel,3241.0,384.0,486.0,2398.7,10.0,3.0,205.0,634.0,281.0,-466.9,35.0
2021-04-07,korea,700.0,86.0,68.0,656.9,5.0,2.0,21.0,94.0,28.0,40.5,1.0
2021-04-07,libya,307.0,15.0,26.0,606.9,3.0,2.0,5.0,3.0,1.0,-5.3,0.0
2021-04-07,scs,1973.0,231.0,208.0,1895.8,2.0,11.0,79.0,184.0,86.0,-105.7,4.0
2021-04-07,southasia,6341.0,814.0,1009.0,2432.2,5.0,9.0,403.0,35.0,19.0,-114.9,4.0
2021-04-07,sudan,834.0,74.0,165.0,326.1,0.0,6.0,63.0,10.0,1.0,49.4,1.0
2021-04-07,taiwan,601.0,139.0,59.0,58.7,22.0,5.0,19.0,247.0,151.0,-550.6,30.0
2021-04-07,ukraine,1197.0,143.0,205.0,387.6,12.0,27.0,58.0,382.0,191.0,-582.2,81.0
2021-04-07,venezuela,65.0,5.0,17.0,-35.5,0.0,0.0,7.0,1.0,0.0,3.0,0.0
2021-04-07,yemen,199.0,29.0,35.0,-23.7,1.0,1.0,12.0,69.0,30.0,-54.6,11.0
2021-04-08,drc,74.0,15.0,13.0,-47.0,0.0,0.0,12.0,3.0,2.0,0.0,1.0
2021-04-08,europe_east,849.0,79.0,114.0,722.5,1.0,3.0,32.0,58.0,11.0,52.2,4.0
2021-04-08,iran,1561.0,234.0,203.0,1233.1,11.0,0.0,68.0,462.0,181.0,66.6,14.0
2021-04-08,israel,2977.0,452.0,412.0,1830.0,4.0,2.0,132.0,608.0,280.0,-603.5,18.0
2021-04-08,korea,631.0,73.0,74.0,698.5,1.0,0.0,26.0,30.0,14.0,-26.0,2.0
2021-04-08,libya,238.0,21.0,39.0,217.3,1.0,0.0,10.0,1.0,1.0,-10.0,0.0
2021-04-08,scs,1577.0,190.0,133.0,1874.0,1.0,1.0,51.0,196.0,108.0,-274.0,2.0
2021-04-08,southasia,6979.0,997.0,929.0,3829.0,8.0,4.0,422.0,34.0,14.0,-58.8,0.0
2021-04-08,sudan,767.0,120.0,142.0,602.8,0.0,8.0,57.0,6.0,6.0,-36.0,3.0
2021-04-08,taiwan,659.0,152.0,78.0,-52.5,18.0,3.0,29.0,279.0,160.0,-588.1,42.0
2021-04-08,ukraine,1477.0,192.0,224.0,399.6,8.0,24.0,38.0,511.0,223.0,-409.3,52.0
2021-04-08,venezuela,116.0,12.0,30.0,-73.7,0.0,0.0,6.0,9.0,4.0,-13.8,0.0
2021-04-08,yemen,184.0,23.0,40.0,-50.4,2.0,0.0,11.0,36.0,13.0,-21.8,3.0
2021-04-09,drc,70.0,5.0,4.0,163.3,0.0,0.0,3.0,0.0,0.0,0.0,0.0
2021-04-09,europe_east,652.0,68.0,53.0,1020.7,0.0,0.0,24.0,38.0,6.0,97.4,0.0
2021-04-09,iran,1645.0,187.0,157.0,2872.3,13.0,5.0,79.0,379.0,112.0,398.1,15.0
2021-04-09,israel,2305.0,341.0,382.0,5.8,6.0,7.0,135.0,364.0,176.0,-513.7,22.0
2021-04-09,korea,844.0,82.0,110.0,1233.5,3.0,0.0,68.0,43.0,18.0,-82.7,4.0
2021-04-09,libya,181.0,7.0,27.0,311.0,0.0,0.0,15.0,0.0,0.0,0.0,0.0
2021-04-09,scs,1525.0,209.0,151.0,1280.7,5.0,1.0,61.0,230.0,85.0,-90.2,9.0
2021-04-09,southasia,6275.0,863.0,859.0,3418.0,6.0,26.0,402.0,28.0,5.0,32.2,0.0
2021-04-09,sudan,491.0,43.0,88.0,367.0,1.0,2.0,13.0,2.0,2.0,-20.0,0.0
2021-04-09,taiwan,449.0,72.0,58.0,230.0,2.0,3.0,25.0,150.0,69.0,-181.5,18.0
2021-04-09,ukraine,1298.0,180.0,184.0,641.6,6.0,28.0,38.0,390.0,184.0,-584.7,47.0
2021-04-09,venezuela,198.0,29.0,31.0,133.1,0.0,0.0,12.0,22.0,7.0,1.2,2.0
2021-04-09,yemen,192.0,21.0,37.0,-10.4,0.0,0.0,10.0,52.0,27.0,-124.6,7.0
2021-04-10,drc,11.0,0.0,0.0,35.9,0.0,0.0,0.0,0.0,0.0,0.0,0.0
2021-04-10,europe_east,388.0,33.0,72.0,-11.6,0.0,1.0,29.0,54.0,3.0,188.9,0.0
2021-04-10,iran,1256.0,118.0,98.0,2874.5,3.0,2.0,56.0,283.0,85.0,517.3,6.0
2021-04-10,israel,1068.0,194.0,154.0,169.1,5.0,0.0,47.0,170.0,94.0,-273.6,3.0
2021-04-10,korea,343.0,30.0,21.0,473.2,1.0,0.0,4.0,33.0,17.0,-80.0,1.0
2021-04-10,libya,141.0,14.0,24.0,60.7,0.0,0.0,5.0,0.0,0.0,0.0,0.0
2021-04-10,scs,975.0,136.0,87.0,862.7,0.0,1.0,36.0,118.0,57.0,-166.0,5.0
2021-04-10,southasia,5296.0,876.0,826.0,10.7,5.0,47.0,332.0,23.0,8.0,6.6,0.0
2021-04-10,sudan,298.0,36.0,61.0,-82.8,1.0,2.0,18.0,0.0,0.0,0.0,0.0
2021-04-10,taiwan,325.0,30.0,54.0,354.5,0.0,4.0,23.0,88.0,29.0,32.4,12.0
2021-04-10,ukraine,908.0,126.0,107.0,689.5,5.0,19.0,18.0,394.0,153.0,-152.5,32.0
2021-04-10,venezuela,162.0,22.0,41.0,-132.4,0.0,4.0,15.0,19.0,8.0,5.4,2.0
2021-04-10,yemen,142.0,29.0,54.0,-438.1,0.0,0.0,10.0,38.0,24.0,-148.6,5.0
2021-04-11,drc,23.0,1.0,7.0,-15.6,0.0,0.0,1.0,7.0,7.0,-69.0,0.0
2021-04-11,europe_east,272.0,30.0,49.0,57.7,0.0,0.0,24.0,19.0,5.0,10.5,0.0
2021-04-11,iran,1582.0,238.0,155.0,1541.7,7.0,0.0,49.0,615.0,229.0,13.2,0.0
2021-04-11,israel,2198.0,280.0,268.0,1343.1,1.0,0.0,91.0,526.0,221.0,-347.8,9.0
2021-04-11,korea,469.0,48.0,55.0,709.5,1.0,0.0,25.0,37.0,19.0,-46.6,3.0
2021-04-11,libya,229.0,9.0,20.0,390.3,0.0,0.0,8.0,0.0,0.0,0.0,0.0
2021-04-11,scs,995.0,92.0,116.0,916.6,0.0,5.0,46.0,180.0,53.0,-11.0,0.0
2021-04-11,southasia,4467.0,649.0,788.0,-427.6,2.0,13.0,297.0,20.0,4.0,-13.6,2.0
2021-04-11,sudan,197.0,19.0,26.0,143.7,0.0,2.0,4.0,0.0,0.0,0.0,0.0
2021-04-11,taiwan,371.0,66.0,43.0,76.0,4.0,0.0,18.0,107.0,42.0,-108.4,4.0
2021-04-11,ukraine,808.0,131.0,152.0,-346.5,11.0,28.0,19.0,397.0,181.0,-506.9,39.0
2021-04-11,venezuela,60.0,6.0,5.0,57.4,0.0,0.0,1.0,7.0,1.0,4.1,0.0
2021-04-11,yemen,244.0,29.0,90.0,-460.6,0.0,0.0,33.0,28.0,12.0,-61.0,1.0
2021-04-12,drc,60.0,6.0,29.0,-214.0,0.0,0.0,5.0,13.0,1.0,63.0,0.0
2021-04-12,europe_east,573.0,78.0,66.0,539.3,1.0,1.0,37.0,66.0,2.0,248.2,0.0
2021-04-12,iran,2618.0,474.0,313.0,1280.1,17.0,2.0,108.0,1113.0,520.0,-457.6,18.0
2021-04-12,israel,3497.0,593.0,469.0,1332.5,21.0,2.0,156.0,1008.0,548.0,-1267.1,44.0
2021-04-12,korea,589.0,79.0,54.0,831.9,0.0,1.0,13.0,35.0,10.0,8.3,1.0
2021-04-12,libya,256.0,22.0,21.0,536.2,0.0,0.0,6.0,1.0,1.0,-10.0,0.0
2021-04-12,scs,1523.0,145.0,179.0,1516.4,3.0,3.0,52.0,154.0,47.0,123.0,6.0
2021-04-12,southasia,6049.0,859.0,868.0,2187.9,13.0,15.0,381.0,17.0,3.0,18.6,0.0
2021-04-12,sudan,373.0,38.0,67.0,289.5,0.0,4.0,25.0,4.0,4.0,-18.4,2.0
2021-04-12,taiwan,540.0,80.0,50.0,285.7,2.0,3.0,9.0,156.0,59.0,-50.3,4.0
2021-04-12,ukraine,1135.0,143.0,162.0,623.8,8.0,37.0,38.0,473.0,256.0,-922.6,88.0
2021-04-12,venezuela,104.0,20.0,15.0,74.2,0.0,0.0,11.0,7.0,3.0,15.0,0.0
2021-04-12,yemen,326.0,61.0,85.0,-475.6,1.0,0.0,22.0,63.0,38.0,-108.8,6.0
2021-04-13,drc,51.0,6.0,18.0,-60.4,2.0,0.0,15.0,2.0,1.0,-2.4,0.0
2021-04-13,europe_east,566.0,67.0,70.0,414.9,0.0,12.0,26.0,44.0,9.0,9.8,0.0
2021-04-13,iran,2506.0,490.0,279.0,1582.2,43.0,0.0,82.0,1091.0,522.0,-395.9,39.0
2021-04-13,israel,3067.0,490.0,492.0,-24.4,26.0,4.0,160.0,857.0,499.0,-1485.8,59.0
2021-04-13,korea,701.0,132.0,39.0,930.9,3.0,1.0,19.0,54.0,8.0,80.6,4.0
2021-04-13,libya,302.0,20.0,17.0,737.3,0.0,0.0,7.0,0.0,0.0,0.0,0.0
2021-04-13,scs,1635.0,167.0,137.0,2208.8,0.0,4.0,60.0,250.0,112.0,-235.2,13.0
2021-04-13,southasia,6315.0,933.0,928.0,1899.9,11.0,22.0,428.0,21.0,7.0,6.6,3.0
2021-04-13,sudan,308.0,35.0,39.0,432.2,0.0,4.0,17.0,0.0,0.0,0.0,0.0
2021-04-13,taiwan,654.0,112.0,59.0,353.9,10.0,3.0,16.0,224.0,92.0,-211.1,19.0
2021-04-13,ukraine,1664.0,222.0,220.0,992.5,7.0,68.0,57.0,520.0,264.0,-853.9,98.0
2021-04-13,venezuela,139.0,17.0,15.0,175.3,0.0,0.0,12.0,30.0,15.0,-70.3,11.0
2021-04-13,yemen,206.0,30.0,42.0,-62.1,0.0,0.0,3.0,54.0,16.0,4.5,3.0
2021-04-14,drc,36.0,3.0,10.0,-11.6,0.0,0.0,8.0,2.0,1.0,-2.4,0.0
2021-04-14,europe_east,834.0,103.0,84.0,1070.0,1.0,1.0,38.0,125.0,19.0,199.1,14.0
2021-04-14,iran,2050.0,416.0,235.0,667.6,37.0,7.0,69.0,834.0,408.0,-652.6,38.0
2021-04-14,israel,2768.0,456.0,368.0,1002.0,18.0,5.0,92.0,712.0,426.0,-1481.5,47.0
2021-04-14,korea,700.0,126.0,60.0,629.6,2.0,3.0,21.0,36.0,17.0,-53.4,0.0
2021-04-14,libya,318.0,37.0,23.0,674.8,0.0,1.0,5.0,6.0,1.0,10.7,0.0
2021-04-14,scs,1604.0,208.0,135.0,1694.3,2.0,9.0,55.0,218.0,109.0,-305.1,1.0
2021-04-14,southasia,6394.0,819.0,1013.0,1917.2,11.0,22.0,450.0,24.0,3.0,52.5,0.0
2021-04-14,sudan,335.0,26.0,49.0,299.0,0.0,0.0,12.0,3.0,0.0,0.0,0.0
2021-04-14,taiwan,948.0,143.0,93.0,680.3,11.0,6.0,26.0,294.0,150.0,-572.1,36.0
2021-04-14,ukraine,1566.0,191.0,228.0,990.2,6.0,60.0,47.0,538.0,256.0,-687.7,104.0
2021-04-14,venezuela,127.0,16.0,28.0,-67.1,3.0,0.0,13.0,22.0,14.0,-36.0,10.0
2021-04-14,yemen,253.0,43.0,31.0,177.0,3.0,0.0,9.0,91.0,35.0,24.8,1.0
2021-04-15,drc,35.0,2.0,7.0,5.7,0.0,0.0,2.0,6.0,2.0,-8.6,0.0
2021-04-15,europe_east,956.0,102.0,81.0,1261.8,1.0,11.0,35.0,114.0,36.0,78.6,6.0
2021-04-15,iran,1643.0,256.0,211.0,1686.7,15.0,2.0,59.0,479.0,192.0,-46.8,16.0
2021-04-15,israel,2343.0,372.0,326.0,470.2,11.0,4.0,87.0,494.0,262.0,-834.3,25.0
2021-04-15,korea,719.0,66.0,53.0,1131.2,1.0,3.0,24.0,76.0,35.0,-71.7,3.0
2021-04-15,libya,313.0,29.0,14.0,687.4,0.0,0.0,3.0,5.0,0.0,24.2,0.0
2021-04-15,scs,1664.0,178.0,172.0,2101.8,1.0,5.0,68.0,158.0,53.0,-22.3,2.0
2021-04-15,southasia,6721.0,843.0,946.0,4550.0,7.0,13.0,489.0,41.0,25.0,-84.1,20.0
2021-04-15,sudan,334.0,37.0,48.0,257.4,0.0,0.0,4.0,0.0,0.0,0.0,0.0
2021-04-15,taiwan,798.0,100.0,86.0,747.3,8.0,4.0,28.0,202.0,85.0,-236.6,23.0
2021-04-15,ukraine,1558.0,214.0,198.0,1071.7,7.0,53.0,58.0,573.0,257.0,-683.2,71.0
2021-04-15,venezuela,124.0,28.0,21.0,-30.0,0.0,4.0,4.0,12.0,5.0,-5.6,1.0
2021-04-15,yemen,329.0,28.0,74.0,-176.3,2.0,0.0,16.0,52.0,25.0,-182.9,1.0
2021-04-16,drc,24.0,0.0,6.0,-8.6,0.0,0.0,0.0,0.0,0.0,0.0,0.0
2021-04-16,europe_east,755.0,72.0,61.0,1149.1,3.0,1.0,32.0,83.0,31.0,-9.8,16.0
2021-04-16,iran,1097.0,187.0,107.0,633.1,10.0,3.0,52.0,385.0,138.0,210.4,9.0
2021-04-16,israel,2039.0,302.0,381.0,-321.2,4.0,7.0,124.0,452.0,237.0,-924.3,29.0
2021-04-16,korea,953.0,78.0,69.0,1595.5,3.0,1.0,28.0,122.0,42.0,25.4,1.0
2021-04-16,libya,245.0,30.0,26.0,314.7,2.0,0.0,5.0,0.0,0.0,0.0,0.0
2021-04-16,scs,1529.0,134.0,159.0,2086.4,0.0,1.0,65.0,85.0,39.0,-41.8,1.0
2021-04-16,southasia,6128.0,842.0,822.0,3777.8,8.0,16.0,436.0,22.0,11.0,-48.1,5.0
2021-04-16,sudan,243.0,16.0,27.0,383.4,0.0,0.0,9.0,0.0,0.0,0.0,0.0
2021-04-16,taiwan,666.0,85.0,124.0,85.5,8.0,3.0,49.0,134.0,58.0,-164.7,4.0
2021-04-16,ukraine,1512.0,201.0,220.0,1036.9,3.0,38.0,90.0,479.0,241.0,-606.0,72.0
2021-04-16,venezuela,173.0,20.0,31.0,22.5,0.0,0.0,17.0,11.0,7.0,-29.6,4.0
2021-04-16,yemen,289.0,31.0,49.0,9.6,1.0,0.0,10.0,80.0,28.0,-31.1,0.0
2021-04-17,drc,9.0,1.0,1.0,26.0,0.0,0.0,1.0,0.0,0.0,0.0,0.0
2021-04-17,europe_east,349.0,33.0,49.0,331.2,0.0,2.0,38.0,51.0,30.0,-112.5,14.0
2021-04-17,iran,1164.0,148.0,82.0,2337.2,7.0,4.0,28.0,264.0,120.0,24.6,10.0
2021-04-17,israel,1296.0,229.0,233.0,-283.5,7.0,10.0,75.0,354.0,210.0,-809.3,32.0
2021-04-17,korea,378.0,28.0,48.0,384.1,4.0,0.0,18.0,68.0,22.0,-48.4,0.0
2021-04-17,libya,168.0,15.0,18.0,148.6,1.0,0.0,1.0,0.0,0.0,0.0,0.0
2021-04-17,scs,973.0,102.0,159.0,467.5,1.0,0.0,50.0,48.0,18.0,6.9,10.0
2021-04-17,southasia,5167.0,761.0,706.0,3025.1,4.0,13.0,435.0,8.0,4.0,-6.0,4.0
2021-04-17,sudan,79.0,3.0,13.0,5.6,0.0,0.0,4.0,0.0,0.0,0.0,0.0
2021-04-17,taiwan,413.0,30.0,61.0,268.2,0.0,12.0,26.0,59.0,21.0,13.9,11.0
2021-04-17,ukraine,987.0,122.0,226.0,-366.1,7.0,25.0,110.0,438.0,251.0,-1017.7,102.0
2021-04-17,venezuela,89.0,16.0,12.0,25.7,0.0,2.0,2.0,5.0,2.0,-3.0,0.0
2021-04-17,yemen,121.0,4.0,17.0,139.6,0.0,0.0,1.0,36.0,10.0,0.3,0.0
2021-04-18,drc,16.0,4.0,4.0,-21.1,0.0,0.0,4.0,0.0,0.0,0.0,0.0
2021-04-18,europe_east,292.0,26.0,52.0,198.0,0.0,3.0,32.0,58.0,28.0,-103.7,16.0
2021-04-18,iran,1114.0,129.0,125.0,1572.3,7.0,7.0,36.0,236.0,94.0,140.5,4.0
2021-04-18,israel,1510.0,219.0,244.0,549.6,7.0,2.0,108.0,275.0,151.0,-476.5,25.0
2021-04-18,korea,306.0,32.0,35.0,259.2,5.0,0.0,11.0,25.0,9.0,-15.4,4.0
2021-04-18,libya,110.0,7.0,23.0,-31.0,1.0,0.0,2.0,0.0,0.0,0.0,0.0
2021-04-18,scs,893.0,116.0,91.0,1065.8,0.0,0.0,45.0,66.0,40.0,-79.8,10.0
2021-04-18,southasia,5248.0,770.0,796.0,1442.0,11.0,8.0,407.0,18.0,3.0,14.8,1.0
2021-04-18,sudan,191.0,4.0,27.0,419.4,0.0,0.0,12.0,8.0,0.0,36.7,0.0
2021-04-18,taiwan,225.0,23.0,33.0,101.4,0.0,6.0,11.0,33.0,17.0,-53.6,5.0
2021-04-18,ukraine,645.0,93.0,145.0,-359.6,17.0,15.0,54.0,275.0,177.0,-886.5,56.0
2021-04-18,venezuela,48.0,3.0,2.0,120.0,0.0,0.0,0.0,2.0,0.0,0.0,0.0
2021-04-18,yemen,91.0,6.0,33.0,-180.5,0.0,0.0,0.0,24.0,11.0,-32.2,0.0
2021-04-19,drc,80.0,7.0,3.0,134.4,0.0,0.0,3.0,0.0,0.0,0.0,0.0
2021-04-19,europe_east,795.0,78.0,64.0,1203.5,1.0,2.0,38.0,180.0,72.0,115.4,30.0
2021-04-19,iran,1210.0,159.0,148.0,1861.1,5.0,9.0,34.0,310.0,99.0,270.3,3.0
2021-04-19,israel,2422.0,335.0,429.0,127.5,10.0,5.0,144.0,328.0,184.0,-680.4,30.0
2021-04-19,korea,585.0,60.0,45.0,1158.6,1.0,0.0,24.0,38.0,18.0,-34.5,4.0
2021-04-19,libya,190.0,10.0,36.0,126.0,0.0,0.0,4.0,1.0,0.0,0.0,0.0
2021-04-19,scs,1651.0,166.0,163.0,1945.4,1.0,6.0,63.0,101.0,41.0,-43.8,4.0
2021-04-19,southasia,7281.0,963.0,1003.0,4453.9,13.0,13.0,557.0,43.0,9.0,57.5,2.0
2021-04-19,sudan,380.0,32.0,32.0,547.0,1.0,0.0,2.0,0.0,0.0,0.0,0.0
2021-04-19,taiwan,303.0,41.0,33.0,256.9,3.0,4.0,7.0,47.0,31.0,-129.6,5.0
2021-04-19,ukraine,1330.0,180.0,161.0,1196.6,5.0,21.0,65.0,375.0,199.0,-740.5,46.0
2021-04-19,venezuela,113.0,16.0,15.0,114.5,0.0,0.0,4.0,12.0,1.0,23.4,0.0
2021-04-19,yemen,173.0,17.0,39.0,-9.7,1.0,4.0,10.0,33.0,11.0,44.6,0.0
2021-04-20,drc,70.0,5.0,2.0,138.0,0.0,0.0,2.0,18.0,4.0,15.3,0.0
2021-04-20,europe_east,691.0,67.0,75.0,865.1,0.0,6.0,37.0,55.0,16.0,-9.7,3.0
2021-04-20,iran,1552.0,151.0,170.0,2509.4,6.0,2.0,87.0,242.0,103.0,28.3,3.0
2021-04-20,israel,2180.0,275.0,272.0,1989.8,9.0,1.0,135.0,275.0,125.0,-202.3,16.0
2021-04-20,korea,558.0,88.0,39.0,625.3,0.0,0.0,22.0,33.0,13.0,-22.0,0.0
2021-04-20,libya,349.0,27.0,106.0,-313.2,0.0,0.0,17.0,0.0,0.0,0.0,0.0
2021-04-20,scs,1955.0,298.0,195.0,1873.2,6.0,10.0,60.0,194.0,80.0,-126.8,16.0
2021-04-20,southasia,7030.0,922.0,1015.0,3681.0,11.0,17.0,514.0,32.0,6.0,28.3,2.0
2021-04-20,sudan,448.0,46.0,65.0,711.1,1.0,3.0,20.0,0.0,0.0,0.0,0.0
2021-04-20,taiwan,367.0,51.0,43.0,180.7,4.0,6.0,14.0,98.0,39.0,-52.2,9.0
2021-04-20,ukraine,1421.0,223.0,222.0,643.4,2.0,44.0,79.0,648.0,331.0,-739.8,114.0
2021-04-20,venezuela,145.0,22.0,11.0,242.2,0.0,0.0,3.0,6.0,3.0,-18.6,0.0
2021-04-20,yemen,150.0,16.0,25.0,74.7,2.0,0.0,6.0,31.0,1.0,108.0,0.0
2021-04-21,drc,85.0,11.0,18.0,1.9,0.0,0.0,8.0,18.0,4.0,62.8,0.0
2021-04-21,europe_east,779.0,57.0,90.0,1058.0,0.0,0.0,43.0,108.0,26.0,43.7,8.0
2021-04-21,iran,1228.0,147.0,155.0,1253.8,4.0,1.0,73.0,280.0,100.0,46.6,7.0
2021-04-21,israel,1935.0,253.0,272.0,961.4,7.0,0.0,114.0,285.0,139.0,-328.5,25.0
2021-04-21,korea,787.0,138.0,47.0,927.2,4.0,0.0,20.0,85.0,16.0,137.5,0.0
2021-04-21,libya,384.0,53.0,62.0,161.8,0.0,2.0,23.0,4.0,0.0,5.1,0.0
2021-04-21,scs,1520.0,168.0,165.0,1765.1,0.0,5.0,83.0,68.0,33.0,-49.1,1.0
2021-04-21,southasia,6560.0,964.0,920.0,2266.8,2.0,10.0,404.0,37.0,5.0,96.9,4.0
2021-04-21,sudan,331.0,28.0,67.0,79.1,1.0,0.0,16.0,0.0,0.0,0.0,0.0
2021-04-21,taiwan,403.0,42.0,72.0,131.7,2.0,10.0,20.0,78.0,34.0,-24.9,11.0
2021-04-21,ukraine,1334.0,194.0,195.0,521.5,3.0,39.0,80.0,527.0,257.0,-681.4,68.0
2021-04-21,venezuela,123.0,21.0,15.0,54.8,0.0,0.0,7.0,8.0,3.0,0.5,1.0
2021-04-21,yemen,177.0,30.0,37.0,-166.2,2.0,0.0,7.0,63.0,20.0,29.5,2.0
2021-04-22,drc,75.0,9.0,15.0,-82.4,0.0,0.0,1.0,3.0,1.0,8.0,0.0
2021-04-22,europe_east,955.0,78.0,111.0,1264.0,0.0,9.0,48.0,69.0,28.0,-39.9,16.0
2021-04-22,iran,1318.0,177.0,215.0,440.9,7.0,4.0,63.0,390.0,177.0,21.1,5.0
2021-04-22,israel,2975.0,400.0,611.0,-1267.5,12.0,12.0,133.0,839.0,597.0,-3525.7,29.0
2021-04-22,korea,739.0,97.0,58.0,1049.9,0.0,0.0,26.0,66.0,20.0,15.7,5.0
2021-04-22,libya,306.0,37.0,24.0,412.2,1.0,0.0,8.0,3.0,0.0,5.1,0.0
2021-04-22,scs,1768.0,203.0,200.0,1914.6,2.0,9.0,71.0,80.0,18.0,19.6,1.0
2021-04-22,southasia,7444.0,999.0,1048.0,3804.7,5.0,22.0,469.0,17.0,3.0,16.8,3.0
2021-04-22,sudan,409.0,38.0,62.0,397.7,3.0,2.0,12.0,0.0,0.0,0.0,0.0
2021-04-22,taiwan,319.0,33.0,21.0,477.0,0.0,1.0,12.0,43.0,11.0,-11.7,0.0
2021-04-22,ukraine,1342.0,157.0,229.0,862.2,5.0,34.0,84.0,611.0,221.0,-47.5,87.0
2021-04-22,venezuela,114.0,19.0,25.0,7.7,0.0,0.0,17.0,10.0,0.0,27.1,0.0
2021-04-22,yemen,119.0,23.0,21.0,-90.2,4.0,0.0,3.0,39.0,16.0,-52.7,0.0
2021-04-23,drc,64.0,7.0,8.0,83.4,0.0,0.0,4.0,10.0,7.0,-15.8,1.0
2021-04-23,europe_east,988.0,109.0,113.0,1270.4,1.0,0.0,87.0,204.0,100.0,-153.5,48.0
2021-04-23,iran,762.0,76.0,132.0,411.8,3.0,1.0,37.0,236.0,87.0,56.3,9.0
2021-04-23,israel,2525.0,377.0,559.0,-1657.7,8.0,21.0,173.0,560.0,334.0,-1810.6,42.0
2021-04-23,korea,700.0,75.0,63.0,963.7,1.0,0.0,20.0,25.0,9.0,30.0,0.0
2021-04-23,libya,304.0,32.0,27.0,298.1,1.0,0.0,5.0,2.0,0.0,-2.0,0.0
2021-04-23,scs,1552.0,143.0,192.0,1689.4,0.0,3.0,84.0,164.0,51.0,-20.6,9.0
2021-04-23,southasia,7058.0,906.0,912.0,4552.1,5.0,29.0,471.0,17.0,4.0,-2.4,0.0
2021-04-23,sudan,343.0,25.0,33.0,526.5,2.0,0.0,4.0,1.0,0.0,0.0,0.0
2021-04-23,taiwan,275.0,38.0,13.0,356.0,0.0,0.0,6.0,48.0,26.0,-101.4,1.0
2021-04-23,ukraine,1065.0,114.0,175.0,612.5,4.0,40.0,43.0,513.0,164.0,399.2,43.0
2021-04-23,venezuela,205.0,43.0,35.0,-129.3,0.0,0.0,8.0,21.0,12.0,-3.8,0.0
2021-04-23,yemen,175.0,22.0,42.0,-188.4,0.0,0.0,3.0,64.0,37.0,-128.1,0.0
2021-04-24,drc,29.0,3.0,9.0,-42.7,0.0,0.0,3.0,9.0,6.0,-9.2,2.0
2021-04-24,europe_east,424.0,58.0,67.0,241.0,0.0,3.0,45.0,52.0,43.0,-162.0,21.0
2021-04-24,iran,580.0,81.0,122.0,-116.7,3.0,0.0,44.0,121.0,37.0,87.8,0.0
2021-04-24,israel,1792.0,307.0,516.0,-3241.6,2.0,12.0,107.0,515.0,328.0,-1973.9,32.0
2021-04-24,korea,361.0,48.0,60.0,165.3,0.0,2.0,13.0,11.0,4.0,3.4,0.0
2021-04-24,libya,148.0,15.0,16.0,218.8,0.0,0.0,4.0,6.0,0.0,21.8,0.0
2021-04-24,scs,1023.0,109.0,112.0,1187.0,0.0,1.0,59.0,78.0,34.0,-8.1,3.0
2021-04-24,southasia,5656.0,625.0,782.0,3771.7,9.0,13.0,401.0,17.0,11.0,-44.4,2.0
2021-04-24,sudan,109.0,15.0,16.0,125.9,0.0,0.0,3.0,0.0,0.0,0.0,0.0
2021-04-24,taiwan,166.0,25.0,23.0,4.0,1.0,0.0,7.0,35.0,14.0,-31.3,5.0
2021-04-24,ukraine,491.0,56.0,93.0,144.4,2.0,20.0,18.0,178.0,79.0,-122.9,25.0
2021-04-24,venezuela,94.0,11.0,8.0,178.5,0.0,0.0,4.0,19.0,5.0,41.4,0.0
2021-04-24,yemen,83.0,7.0,31.0,-168.1,0.0,0.0,10.0,13.0,3.0,15.3,0.0
2021-04-25,drc,20.0,1.0,4.0,21.9,0.0,0.0,4.0,0.0,0.0,0.0,0.0
2021-04-25,europe_east,289.0,27.0,50.0,205.7,0.0,0.0,38.0,32.0,18.0,-26.0,11.0
2021-04-25,iran,502.0,93.0,98.0,128.9,1.0,4.0,48.0,154.0,78.0,-215.9,9.0
2021-04-25,israel,1990.0,375.0,479.0,-2859.8,18.0,4.0,133.0,521.0,347.0,-2050.6,45.0
2021-04-25,korea,307.0,28.0,32.0,512.5,3.0,0.0,16.0,17.0,8.0,-2.0,3.0
2021-04-25,libya,226.0,29.0,22.0,143.9,1.0,0.0,3.0,19.0,2.0,39.1,0.0
2021-04-25,scs,991.0,156.0,97.0,810.5,3.0,6.0,30.0,101.0,47.0,-128.7,9.0
2021-04-25,southasia,5280.0,588.0,724.0,4069.9,7.0,23.0,310.0,11.0,3.0,6.0,0.0
2021-04-25,sudan,112.0,7.0,8.0,236.1,0.0,0.0,2.0,0.0,0.0,0.0,0.0
2021-04-25,taiwan,221.0,18.0,23.0,184.1,0.0,0.0,10.0,40.0,15.0,-26.1,3.0
2021-04-25,ukraine,293.0,23.0,69.0,34.0,0.0,6.0,35.0,113.0,47.0,-74.9,21.0
2021-04-25,venezuela,71.0,4.0,6.0,51.7,0.0,0.0,1.0,3.0,2.0,-17.0,0.0
2021-04-25,yemen,105.0,12.0,18.0,4.3,2.0,5.0,4.0,19.0,8.0,-35.8,0.0
2021-04-26,drc,102.0,6.0,13.0,141.4,0.0,2.0,0.0,8.0,2.0,-10.6,0.0
2021-04-26,europe_east,842.0,97.0,98.0,1204.2,1.0,2.0,74.0,82.0,39.0,-27.1,28.0
2021-04-26,iran,2037.0,359.0,444.0,-426.4,9.0,0.0,269.0,436.0,171.0,-308.3,11.0
2021-04-26,israel,2827.0,458.0,594.0,-1902.6,14.0,4.0,183.0,619.0,343.0,-1779.2,41.0
2021-04-26,korea,855.0,87.0,66.0,1397.1,5.0,3.0,23.0,108.0,42.0,-12.0,2.0
2021-04-26,libya,408.0,48.0,51.0,472.7,4.0,0.0,25.0,12.0,0.0,30.3,0.0
2021-04-26,scs,1434.0,203.0,134.0,1446.5,0.0,5.0,57.0,132.0,33.0,159.2,0.0
2021-04-26,southasia,7752.0,871.0,1022.0,7390.6,7.0,25.0,463.0,5.0,2.0,6.5,1.0
2021-04-26,sudan,286.0,45.0,65.0,-67.3,0.0,1.0,21.0,2.0,2.0,-18.0,0.0
2021-04-26,taiwan,287.0,36.0,22.0,304.3,5.0,2.0,5.0,69.0,30.0,-31.7,8.0
2021-04-26,ukraine,968.0,110.0,114.0,839.4,1.0,14.0,50.0,275.0,105.0,-126.3,30.0
2021-04-26,venezuela,285.0,30.0,70.0,-175.1,0.0,0.0,32.0,45.0,14.0,-21.2,8.0
2021-04-26,yemen,253.0,30.0,52.0,-3.1,0.0,3.0,2.0,56.0,25.0,-79.6,2.0
2021-04-27,drc,99.0,14.0,9.0,134.2,0.0,0.0,2.0,2.0,2.0,-20.0,0.0
2021-04-27,europe_east,913.0,92.0,108.0,1183.7,0.0,0.0,66.0,54.0,18.0,58.5,2.0
2021-04-27,iran,2214.0,414.0,350.0,799.0,35.0,0.0,184.0,743.0,215.0,263.0,24.0
2021-04-27,israel,3318.0,596.0,547.0,-1046.7,11.0,7.0,209.0,863.0,362.0,-1160.8,44.0
2021-04-27,korea,699.0,75.0,93.0,831.9,1.0,0.0,41.0,56.0,17.0,33.3,4.0
2021-04-27,libya,208.0,29.0,32.0,223.5,0.0,0.0,11.0,0.0,0.0,0.0,0.0
2021-04-27,scs,1610.0,217.0,192.0,1179.9,4.0,12.0,83.0,99.0,26.0,69.5,6.0
2021-04-27,southasia,7892.0,926.0,1014.0,6895.6,10.0,14.0,515.0,12.0,4.0,7.3,3.0
2021-04-27,sudan,584.0,81.0,94.0,172.1,6.0,7.0,24.0,9.0,3.0,8.0,1.0
2021-04-27,taiwan,391.0,63.0,34.0,342.8,11.0,1.0,14.0,51.0,28.0,-36.5,0.0
2021-04-27,ukraine,669.0,77.0,62.0,870.0,1.0,12.0,26.0,250.0,106.0,-68.3,31.0
2021-04-27,venezuela,192.0,28.0,31.0,69.4,0.0,0.0,16.0,33.0,15.0,-61.4,9.0
2021-04-27,yemen,263.0,19.0,58.0,-87.7,0.0,0.0,1.0,46.0,27.0,-159.5,3.0
2021-04-28,drc,35.0,5.0,2.0,67.0,0.0,0.0,0.0,2.0,0.0,0.0,0.0
2021-04-28,europe_east,971.0,113.0,104.0,991.2,2.0,2.0,61.0,159.0,74.0,-103.9,27.0
2021-04-28,iran,1818.0,285.0,212.0,1452.4,26.0,0.0,91.0,610.0,155.0,451.6,20.0
2021-04-28,israel,2771.0,468.0,456.0,-348.5,8.0,5.0,144.0,575.0,238.0,-679.5,21.0
2021-04-28,korea,798.0,78.0,96.0,922.8,2.0,1.0,36.0,37.0,13.0,-26.4,1.0
2021-04-28,libya,211.0,25.0,35.0,119.1,0.0,1.0,7.0,0.0,0.0,0.0,0.0
2021-04-28,scs,1686.0,231.0,185.0,1395.5,4.0,5.0,80.0,135.0,58.0,-84.5,1.0
2021-04-28,southasia,7466.0,899.0,999.0,5737.4,9.0,19.0,458.0,3.0,1.0,1.8,1.0
2021-04-28,sudan,444.0,33.0,97.0,218.5,0.0,4.0,35.0,3.0,2.0,-3.6,0.0
2021-04-28,taiwan,448.0,59.0,40.0,425.9,2.0,1.0,17.0,141.0,60.0,-167.2,9.0
2021-04-28,ukraine,1269.0,123.0,182.0,675.8,5.0,7.0,60.0,224.0,64.0,44.6,17.0
2021-04-28,venezuela,141.0,13.0,8.0,245.4,0.0,0.0,5.0,17.0,4.0,-1.4,3.0
2021-04-28,yemen,219.0,34.0,31.0,161.9,1.0,1.0,7.0,54.0,23.0,-28.9,5.0
2021-04-29,drc,57.0,5.0,10.0,-0.6,0.0,0.0,1.0,3.0,0.0,7.5,0.0
2021-04-29,europe_east,706.0,62.0,85.0,778.0,2.0,0.0,48.0,67.0,34.0,-101.8,21.0
2021-04-29,iran,1316.0,206.0,163.0,629.4,14.0,0.0,55.0,435.0,93.0,599.1,2.0
2021-04-29,israel,2514.0,396.0,348.0,647.1,8.0,5.0,134.0,622.0,237.0,-302.5,30.0
2021-04-29,korea,616.0,65.0,58.0,734.9,1.0,2.0,29.0,69.0,25.0,-11.8,2.0
2021-04-29,libya,162.0,18.0,15.0,341.7,0.0,0.0,5.0,0.0,0.0,0.0,0.0
2021-04-29,scs,1486.0,215.0,165.0,1336.8,4.0,7.0,62.0,132.0,54.0,-10.2,4.0
2021-04-29,southasia,6727.0,842.0,754.0,6555.8,11.0,36.0,345.0,4.0,0.0,10.7,0.0
2021-04-29,sudan,253.0,35.0,80.0,-540.5,2.0,2.0,17.0,0.0,0.0,0.0,0.0
2021-04-29,taiwan,460.0,67.0,21.0,619.4,3.0,1.0,7.0,99.0,31.0,-26.6,8.0
2021-04-29,ukraine,1316.0,188.0,229.0,-393.3,2.0,15.0,89.0,213.0,67.0,72.5,16.0
2021-04-29,venezuela,195.0,24.0,29.0,123.4,0.0,1.0,9.0,22.0,7.0,-3.1,6.0
2021-04-29,yemen,281.0,36.0,63.0,-199.6,1.0,0.0,11.0,53.0,21.0,-56.7,4.0
2021-04-30,drc,25.0,4.0,2.0,15.8,0.0,0.0,1.0,16.0,9.0,-11.0,0.0
2021-04-30,europe_east,734.0,67.0,77.0,1242.2,2.0,5.0,43.0,65.0,21.0,47.6,7.0
2021-04-30,iran,1055.0,134.0,123.0,1051.3,7.0,0.0,58.0,308.0,95.0,292.2,15.0
2021-04-30,israel,3265.0,394.0,474.0,899.5,9.0,12.0,156.0,521.0,219.0,-426.7,26.0
2021-04-30,korea,939.0,94.0,104.0,1028.0,0.0,0.0,49.0,118.0,21.0,131.9,8.0
2021-04-30,libya,311.0,26.0,38.0,474.3,1.0,0.0,17.0,4.0,0.0,10.1,0.0
2021-04-30,scs,1346.0,138.0,169.0,1358.2,7.0,5.0,73.0,91.0,41.0,88.2,4.0
2021-04-30,southasia,6855.0,832.0,805.0,6581.6,8.0,9.0,369.0,3.0,1.0,-5.3,0.0
2021-04-30,sudan,210.0,27.0,39.0,86.4,0.0,0.0,27.0,0.0,0.0,0.0,0.0
2021-04-30,taiwan,318.0,53.0,37.0,70.3,1.0,1.0,18.0,64.0,25.0,-38.2,8.0
2021-04-30,ukraine,1144.0,154.0,141.0,465.5,9.0,14.0,56.0,222.0,77.0,-115.9,19.0
2021-04-30,venezuela,229.0,32.0,46.0,17.4,1.0,0.0,18.0,34.0,12.0,8.7,5.0
2021-04-30,yemen,204.0,16.0,38.0,-13.4,1.0,0.0,7.0,59.0,19.0,-75.8,5.0
2021-05-01,drc,67.0,11.0,3.0,56.2,0.0,0.0,1.0,0.0,0.0,0.0,0.0
2021-05-01,europe_east,456.0,38.0,43.0,576.0,0.0,6.0,19.0,25.0,2.0,58.0,2.0
2021-05-01,iran,829.0,76.0,53.0,2347.1,4.0,0.0,30.0,210.0,54.0,353.8,5.0
2021-05-01,israel,1640.0,216.0,265.0,-58.2,5.0,4.0,82.0,247.0,105.0,-308.9,19.0
2021-05-01,korea,469.0,68.0,46.0,390.5,0.0,0.0,16.0,61.0,22.0,30.5,6.0
2021-05-01,libya,141.0,11.0,18.0,211.3,1.0,0.0,10.0,0.0,0.0,0.0,0.0
2021-05-01,scs,954.0,80.0,105.0,1423.2,0.0,7.0,46.0,69.0,34.0,1.6,7.0
2021-05-01,southasia,6097.0,752.0,829.0,4188.6,11.0,17.0,354.0,5.0,0.0,25.0,0.0
2021-05-01,sudan,202.0,18.0,27.0,223.8,0.0,2.0,6.0,1.0,1.0,-10.0,0.0
2021-05-01,taiwan,264.0,27.0,20.0,382.0,1.0,0.0,7.0,38.0,19.0,-28.2,2.0
2021-05-01,ukraine,520.0,67.0,71.0,236.2,1.0,4.0,27.0,127.0,28.0,70.6,6.0
2021-05-01,venezuela,155.0,14.0,24.0,104.6,0.0,0.0,15.0,45.0,10.0,91.8,3.0
2021-05-01,yemen,178.0,18.0,37.0,26.4,0.0,1.0,11.0,50.0,17.0,-15.0,2.0
2021-05-02,drc,15.0,2.0,8.0,-71.0,0.0,0.0,0.0,1.0,1.0,-10.0,0.0
2021-05-02,europe_east,308.0,29.0,25.0,433.9,0.0,0.0,9.0,20.0,1.0,57.5,1.0
2021-05-02,iran,1505.0,175.0,236.0,1423.3,2.0,0.0,124.0,388.0,106.0,406.3,20.0
2021-05-02,israel,1805.0,247.0,347.0,-664.1,2.0,10.0,114.0,311.0,144.0,-579.8,20.0
2021-05-02,korea,860.0,218.0,60.0,685.6,1.0,2.0,36.0,309.0,116.0,164.1,0.0
2021-05-02,libya,101.0,9.0,8.0,156.8,0.0,0.0,3.0,0.0,0.0,0.0,0.0
2021-05-02,scs,963.0,119.0,129.0,684.2,5.0,10.0,42.0,57.0,24.0,-30.4,1.0
2021-05-02,southasia,5656.0,806.0,719.0,3840.1,18.0,25.0,310.0,9.0,5.0,-18.2,1.0
2021-05-02,sudan,100.0,13.0,12.0,82.0,0.0,3.0,3.0,0.0,0.0,0.0,0.0
2021-05-02,taiwan,201.0,24.0,24.0,133.2,1.0,2.0,3.0,54.0,10.0,62.2,2.0
2021-05-02,ukraine,369.0,60.0,60.0,-52.7,1.0,2.0,30.0,32.0,16.0,-48.4,5.0
2021-05-02,venezuela,94.0,22.0,10.0,-2.3,0.0,0.0,3.0,13.0,10.0,-78.6,0.0
2021-05-02,yemen,158.0,33.0,33.0,-138.7,0.0,1.0,5.0,12.0,7.0,-62.0,0.0
2021-05-03,drc,40.0,5.0,9.0,-52.0,2.0,0.0,0.0,0.0,0.0,0.0,0.0
2021-05-03,europe_east,922.0,40.0,43.0,1901.7,0.0,1.0,15.0,68.0,21.0,14.3,1.0
2021-05-03,iran,1566.0,179.0,235.0,1404.0,4.0,6.0,133.0,410.0,95.0,370.6,19.0
2021-05-03,israel,2406.0,355.0,458.0,-617.0,6.0,1.0,165.0,484.0,243.0,-1236.7,34.0
2021-05-03,korea,886.0,132.0,87.0,784.3,0.0,1.0,46.0,154.0,56.0,-36.5,6.0
2021-05-03,libya,298.0,27.0,32.0,436.9,0.0,0.0,6.0,8.0,2.0,3.8,0.0
2021-05-03,scs,1471.0,222.0,149.0,1511.0,0.0,2.0,69.0,224.0,105.0,-84.0,9.0
2021-05-03,southasia,6824.0,968.0,872.0,5127.5,13.0,26.0,434.0,22.0,10.0,-14.1,2.0
2021-05-03,sudan,311.0,32.0,64.0,156.5,7.0,0.0,22.0,0.0,0.0,0.0,0.0
2021-05-03,taiwan,453.0,65.0,38.0,382.1,3.0,2.0,23.0,101.0,27.0,83.6,3.0
2021-05-03,ukraine,770.0,104.0,99.0,389.3,4.0,4.0,49.0,156.0,49.0,-50.1,11.0
2021-05-03,venezuela,139.0,27.0,18.0,92.5,0.0,0.0,12.0,17.0,1.0,69.7,1.0
2021-05-03,yemen,177.0,21.0,45.0,-29.0,1.0,1.0,16.0,16.0,8.0,-26.0,2.0
2021-05-04,drc,51.0,10.0,22.0,-189.2,0.0,0.0,5.0,3.0,3.0,-30.0,0.0
2021-05-04,europe_east,827.0,75.0,43.0,1594.5,0.0,2.0,23.0,43.0,15.0,6.9,7.0
2021-05-04,iran,947.0,94.0,107.0,1423.9,3.0,2.0,50.0,227.0,68.0,109.0,13.0
2021-05-04,israel,2685.0,385.0,433.0,747.7,9.0,8.0,154.0,418.0,202.0,-491.6,36.0
2021-05-04,korea,833.0,88.0,111.0,545.7,3.0,3.0,36.0,157.0,67.0,-140.8,3.0
2021-05-04,libya,229.0,10.0,36.0,275.7,0.0,0.0,7.0,5.0,0.0,-5.2,0.0
2021-05-04,scs,1559.0,218.0,164.0,1589.4,1.0,2.0,89.0,235.0,130.0,-250.1,8.0
2021-05-04,southasia,6951.0,923.0,848.0,5678.7,9.0,27.0,301.0,9.0,4.0,-3.0,2.0
2021-05-04,sudan,436.0,54.0,49.0,521.7,3.0,4.0,21.0,0.0,0.0,0.0,0.0
2021-05-04,taiwan,391.0,69.0,21.0,446.5,6.0,0.0,12.0,61.0,14.0,98.1,3.0
2021-05-04,ukraine,897.0,128.0,126.0,387.9,3.0,11.0,62.0,173.0,53.0,91.2,14.0
2021-05-04,venezuela,144.0,13.0,21.0,153.1,0.0,0.0,14.0,16.0,2.0,70.6,0.0
2021-05-04,yemen,170.0,17.0,35.0,8.7,0.0,0.0,6.0,44.0,16.0,-70.2,2.0
2021-05-05,drc,50.0,9.0,17.0,-125.2,0.0,2.0,5.0,2.0,0.0,14.0,0.0
2021-05-05,europe_east,953.0,71.0,94.0,1158.9,4.0,2.0,25.0,71.0,21.0,45.9,5.0
2021-05-05,iran,1075.0,150.0,190.0,251.0,5.0,3.0,112.0,274.0,81.0,122.7,18.0
2021-05-05,israel,2979.0,418.0,652.0,-1586.2,8.0,7.0,185.0,600.0,369.0,-2229.1,41.0
2021-05-05,korea,878.0,104.0,79.0,1187.7,0.0,5.0,33.0,119.0,40.0,29.9,1.0
2021-05-05,libya,328.0,24.0,40.0,444.7,0.0,0.0,10.0,2.0,0.0,-1.6,0.0
2021-05-05,scs,1680.0,229.0,234.0,1427.0,4.0,1.0,133.0,291.0,142.0,-159.6,37.0
2021-05-05,southasia,7709.0,981.0,1072.0,5108.6,15.0,24.0,494.0,32.0,17.0,-30.1,5.0
2021-05-05,sudan,482.0,50.0,56.0,556.1,0.0,4.0,12.0,0.0,0.0,0.0,0.0
2021-05-05,taiwan,509.0,53.0,49.0,818.1,2.0,4.0,24.0,143.0,39.0,165.5,7.0
2021-05-05,ukraine,1007.0,100.0,114.0,1310.0,2.0,8.0,35.0,193.0,62.0,160.4,20.0
2021-05-05,venezuela,236.0,35.0,58.0,-186.1,0.0,0.0,26.0,38.0,26.0,-113.6,5.0
2021-05-05,yemen,184.0,25.0,36.0,-26.6,0.0,0.0,9.0,44.0,24.0,-152.1,0.0
2021-05-06,drc,52.0,5.0,17.0,-66.7,0.0,0.0,10.0,6.0,4.0,-15.3,4.0
2021-05-06,europe_east,1058.0,118.0,117.0,1094.2,1.0,2.0,33.0,79.0,33.0,-31.9,2.0
2021-05-06,iran,883.0,107.0,123.0,695.9,5.0,0.0,56.0,246.0,95.0,-116.0,25.0
2021-05-06,israel,3066.0,486.0,649.0,-1780.5,7.0,2.0,209.0,598.0,395.0,-2617.8,48.0
2021-05-06,korea,675.0,77.0,82.0,593.8,2.0,2.0,28.0,79.0,28.0,-46.5,4.0
2021-05-06,libya,305.0,30.0,32.0,449.5,5.0,0.0,6.0,2.0,0.0,-1.6,0.0
2021-05-06,scs,1468.0,189.0,194.0,1272.6,0.0,4.0,92.0,227.0,96.0,17.4,10.0
2021-05-06,southasia,7116.0,863.0,1000.0,4926.3,13.0,23.0,482.0,23.0,13.0,-39.1,1.0
2021-05-06,sudan,464.0,51.0,37.0,780.6,0.0,3.0,10.0,0.0,0.0,0.0,0.0
2021-05-06,taiwan,534.0,86.0,51.0,582.0,2.0,5.0,27.0,120.0,46.0,44.9,2.0
2021-05-06,ukraine,1522.0,169.0,151.0,1906.2,3.0,31.0,40.0,489.0,148.0,236.1,49.0
2021-05-06,venezuela,205.0,27.0,41.0,-10.3,0.0,0.0,21.0,27.0,9.0,-23.8,1.0
2021-05-06,yemen,219.0,17.0,32.0,103.8,0.0,0.0,9.0,54.0,18.0,6.9,0.0
2021-05-07,drc,63.0,15.0,11.0,-37.2,0.0,1.0,5.0,2.0,0.0,0.0,0.0
2021-05-07,europe_east,719.0,73.0,77.0,818.1,0.0,0.0,31.0,61.0,17.0,40.5,5.0
2021-05-07,iran,1032.0,125.0,121.0,1526.3,4.0,1.0,58.0,271.0,87.0,215.4,24.0
2021-05-07,israel,3149.0,482.0,694.0,-2203.7,16.0,15.0,216.0,583.0,371.0,-2002.0,72.0
2021-05-07,korea,531.0,87.0,67.0,365.2,1.0,1.0,34.0,88.0,27.0,4.8,5.0
2021-05-07,libya,261.0,15.0,39.0,374.0,2.0,0.0,13.0,4.0,0.0,3.1,0.0
2021-05-07,scs,1433.0,154.0,185.0,1521.8,2.0,4.0,82.0,91.0,30.0,111.2,4.0
2021-05-07,southasia,7192.0,783.0,920.0,6510.2,7.0,11.0,417.0,15.0,7.0,-16.1,0.0
2021-05-07,sudan,382.0,30.0,36.0,517.1,0.0,0.0,11.0,0.0,0.0,0.0,0.0
2021-05-07,taiwan,429.0,67.0,54.0,339.5,1.0,1.0,36.0,81.0,31.0,27.5,7.0
2021-05-07,ukraine,1145.0,121.0,126.0,1184.9,0.0,6.0,50.0,242.0,75.0,163.8,16.0
2021-05-07,venezuela,156.0,20.0,26.0,46.0,0.0,0.0,6.0,34.0,12.0,10.8,4.0
2021-05-07,yemen,273.0,26.0,38.0,68.7,2.0,0.0,14.0,35.0,3.0,77.1,0.0
2021-05-08,drc,34.0,0.0,6.0,31.2,0.0,0.0,1.0,0.0,0.0,0.0,0.0
2021-05-08,europe_east,347.0,23.0,44.0,677.2,0.0,4.0,14.0,18.0,2.0,75.4,0.0
2021-05-08,iran,643.0,103.0,92.0,506.3,2.0,2.0,41.0,159.0,75.0,-61.9,9.0
2021-05-08,israel,3153.0,661.0,957.0,-6527.5,16.0,31.0,278.0,790.0,604.0,-4038.9,121.0
2021-05-08,korea,189.0,28.0,27.0,58.3,0.0,0.0,8.0,12.0,6.0,-17.2,0.0
2021-05-08,libya,145.0,5.0,26.0,69.8,0.0,0.0,3.0,0.0,0.0,0.0,0.0
2021-05-08,scs,1018.0,101.0,186.0,227.1,6.0,1.0,63.0,34.0,6.0,55.2,0.0
2021-05-08,southasia,5648.0,654.0,717.0,5054.7,10.0,15.0,334.0,10.0,3.0,18.6,1.0
2021-05-08,sudan,270.0,11.0,17.0,724.6,0.0,0.0,4.0,0.0,0.0,0.0,0.0
2021-05-08,taiwan,314.0,41.0,22.0,442.9,3.0,0.0,11.0,64.0,31.0,-111.2,8.0
2021-05-08,ukraine,502.0,37.0,54.0,472.9,0.0,4.0,12.0,65.0,18.0,108.4,4.0
2021-05-08,venezuela,79.0,16.0,9.0,34.1,0.0,0.0,4.0,8.0,2.0,15.0,0.0
2021-05-08,yemen,126.0,21.0,19.0,-21.0,0.0,0.0,8.0,17.0,5.0,-0.1,0.0
2021-05-09,drc,9.0,0.0,0.0,42.1,0.0,0.0,0.0,0.0,0.0,0.0,0.0
2021-05-09,europe_east,349.0,33.0,37.0,384.9,0.0,0.0,15.0,35.0,18.0,-60.2,3.0
2021-05-09,iran,623.0,118.0,127.0,-346.6,2.0,0.0,41.0,149.0,64.0,-21.7,1.0
2021-05-09,israel,3604.0,737.0,1186.0,-8809.1,15.0,43.0,269.0,902.0,677.0,-4502.5,118.0
2021-05-09,korea,338.0,37.0,22.0,665.9,0.0,0.0,10.0,13.0,3.0,24.0,0.0
2021-05-09,libya,160.0,33.0,24.0,-23.6,3.0,0.0,7.0,0.0,0.0,0.0,0.0
2021-05-09,scs,841.0,101.0,113.0,575.9,6.0,1.0,36.0,13.0,7.0,-27.0,5.0
2021-05-09,southasia,4703.0,611.0,549.0,3971.1,6.0,5.0,258.0,13.0,8.0,-27.6,7.0
2021-05-09,sudan,323.0,17.0,21.0,910.8,0.0,0.0,4.0,0.0,0.0,0.0,0.0
2021-05-09,taiwan,195.0,31.0,19.0,138.7,5.0,0.0,9.0,93.0,30.0,20.6,8.0
2021-05-09,ukraine,344.0,58.0,57.0,-64.2,2.0,14.0,10.0,56.0,22.0,-66.0,8.0
2021-05-09,venezuela,50.0,4.0,9.0,42.7,0.0,0.0,4.0,14.0,1.0,51.4,0.0
2021-05-09,yemen,137.0,10.0,27.0,-34.6,0.0,2.0,1.0,20.0,2.0,36.2,0.0
2021-05-10,drc,34.0,8.0,2.0,14.9,2.0,0.0,0.0,2.0,0.0,4.7,0.0
2021-05-10,europe_east,1222.0,72.0,98.0,2042.3,1.0,5.0,47.0,56.0,10.0,101.9,4.0
2021-05-10,iran,1031.0,202.0,225.0,-941.1,20.0,3.0,43.0,214.0,86.0,-11.2,21.0
2021-05-10,israel,6529.0,1307.0,2033.0,-14753.0,38.0,30.0,502.0,1520.0,1188.0,-8358.5,189.0
2021-05-10,korea,614.0,68.0,62.0,782.6,1.0,1.0,38.0,98.0,16.0,84.9,0.0
2021-05-10,libya,313.0,39.0,36.0,425.8,0.0,0.0,11.0,2.0,0.0,4.7,0.0
2021-05-10,scs,1575.0,169.0,187.0,1641.1,0.0,2.0,64.0,66.0,15.0,152.1,0.0
2021-05-10,southasia,5888.0,685.0,691.0,5673.9,7.0,8.0,331.0,9.0,1.0,21.9,0.0
2021-05-10,sudan,371.0,48.0,32.0,638.2,2.0,2.0,13.0,0.0,0.0,0.0,0.0
2021-05-10,taiwan,494.0,63.0,33.0,534.3,2.0,0.0,16.0,155.0,58.0,45.1,13.0
2021-05-10,ukraine,532.0,65.0,59.0,505.1,3.0,6.0,33.0,88.0,28.0,78.8,7.0
2021-05-10,venezuela,125.0,25.0,23.0,-10.2,0.0,0.0,8.0,17.0,13.0,-39.2,2.0
2021-05-10,yemen,166.0,17.0,33.0,-55.9,1.0,1.0,4.0,49.0,17.0,-70.8,0.0
2021-05-11,drc,56.0,11.0,4.0,8.3,2.0,0.0,0.0,0.0,0.0,0.0,0.0
2021-05-11,europe_east,766.0,60.0,78.0,1044.2,0.0,2.0,25.0,26.0,5.0,50.0,1.0
2021-05-11,iran,1083.0,247.0,248.0,-1402.9,39.0,1.0,46.0,311.0,164.0,-254.5,29.0
2021-05-11,israel,9617.0,1929.0,3429.0,-27850.8,104.0,46.0,620.0,2713.0,2022.0,-13990.3,226.0
2021-05-11,korea,579.0,81.0,50.0,599.9,0.0,0.0,27.0,65.0,18.0,47.1,1.0
2021-05-11,libya,158.0,24.0,12.0,321.5,0.0,0.0,5.0,2.0,0.0,4.7,0.0
2021-05-11,scs,1837.0,179.0,269.0,1313.0,2.0,4.0,105.0,76.0,39.0,-102.2,7.0
2021-05-11,southasia,6327.0,874.0,751.0,4800.7,12.0,8.0,351.0,40.0,5.0,143.3,0.0
2021-05-11,sudan,283.0,44.0,30.0,253.8,0.0,2.0,7.0,4.0,0.0,18.0,0.0
2021-05-11,taiwan,462.0,66.0,42.0,650.9,1.0,0.0,28.0,126.0,47.0,22.0,10.0
2021-05-11,ukraine,406.0,45.0,69.0,236.3,5.0,11.0,27.0,99.0,42.0,-76.8,21.0
2021-05-11,venezuela,187.0,22.0,23.0,171.6,2.0,0.0,10.0,34.0,10.0,73.2,0.0
2021-05-11,yemen,154.0,23.0,36.0,-178.6,4.0,3.0,1.0,43.0,15.0,-19.5,1.0
2021-05-12,drc,62.0,15.0,7.0,-14.2,1.0,0.0,0.0,9.0,5.0,-12.2,2.0
2021-05-12,europe_east,837.0,55.0,62.0,1584.3,0.0,2.0,26.0,64.0,14.0,-9.1,0.0
2021-05-12,iran,1197.0,205.0,224.0,-45.4,11.0,3.0,67.0,319.0,146.0,-291.3,21.0
2021-05-12,israel,13578.0,2404.0,4479.0,-32745.6,200.0,63.0,783.0,3512.0,2419.0,-16252.4,294.0
2021-05-12,korea,578.0,50.0,54.0,1057.9,3.0,3.0,16.0,78.0,14.0,150.6,2.0
2021-05-12,libya,199.0,22.0,27.0,151.2,0.0,0.0,7.0,0.0,0.0,0.0,0.0
2021-05-12,scs,1614.0,176.0,231.0,909.2,2.0,4.0,66.0,121.0,47.0,20.0,6.0
2021-05-12,southasia,6074.0,776.0,696.0,4712.0,13.0,5.0,289.0,13.0,6.0,2.0,0.0
2021-05-12,sudan,357.0,45.0,49.0,243.9,0.0,0.0,11.0,2.0,1.0,-6.0,0.0
2021-05-12,taiwan,316.0,39.0,33.0,355.4,1.0,0.0,19.0,82.0,41.0,-58.8,8.0
2021-05-12,ukraine,526.0,68.0,75.0,312.9,4.0,2.0,46.0,97.0,51.0,-254.7,20.0
2021-05-12,venezuela,278.0,35.0,36.0,108.9,0.0,0.0,24.0,26.0,10.0,-0.8,5.0
2021-05-12,yemen,245.0,17.0,28.0,232.2,6.0,1.0,2.0,49.0,10.0,74.9,3.0
2021-05-13,drc,42.0,4.0,10.0,-19.9,0.0,4.0,0.0,4.0,0.0,6.6,0.0
2021-05-13,europe_east,680.0,54.0,67.0,918.7,1.0,0.0,31.0,28.0,17.0,-75.0,13.0
2021-05-13,iran,1117.0,166.0,210.0,-78.9,11.0,3.0,81.0,318.0,137.0,-253.1,5.0
2021-05-13,israel,12086.0,2097.0,3690.0,-24793.8,182.0,86.0,751.0,2940.0,1914.0,-12578.5,220.0
2021-05-13,korea,743.0,63.0,50.0,1434.7,1.0,1.0,22.0,70.0,13.0,121.2,0.0
2021-05-13,libya,227.0,39.0,20.0,231.4,1.0,0.0,5.0,0.0,0.0,0.0,0.0
2021-05-13,scs,1314.0,156.0,162.0,1067.3,3.0,5.0,66.0,91.0,48.0,-171.5,4.0
2021-05-13,southasia,6304.0,815.0,718.0,4945.2,19.0,9.0,274.0,23.0,12.0,-47.9,0.0
2021-05-13,sudan,321.0,52.0,41.0,139.7,0.0,0.0,12.0,6.0,0.0,28.0,0.0
2021-05-13,taiwan,302.0,39.0,35.0,192.9,0.0,0.0,19.0,55.0,21.0,-34.1,2.0
2021-05-13,ukraine,553.0,101.0,73.0,204.5,7.0,0.0,48.0,52.0,27.0,-39.0,7.0
2021-05-13,venezuela,209.0,20.0,15.0,299.5,0.0,0.0,1.0,21.0,3.0,31.4,0.0
2021-05-13,yemen,202.0,29.0,19.0,127.2,2.0,1.0,5.0,41.0,16.0,-39.4,5.0
2021-05-14,drc,34.0,2.0,6.0,10.3,0.0,0.0,0.0,14.0,2.0,24.1,0.0
2021-05-14,europe_east,591.0,65.0,61.0,814.1,3.0,3.0,34.0,37.0,13.0,-12.2,7.0
2021-05-14,iran,834.0,110.0,160.0,125.9,10.0,5.0,42.0,257.0,117.0,-278.8,17.0
2021-05-14,israel,10991.0,1859.0,3530.0,-24115.4,120.0,90.0,640.0,3126.0,2065.0,-14032.9,255.0
2021-05-14,korea,429.0,38.0,53.0,581.4,0.0,3.0,25.0,60.0,15.0,79.5,1.0
2021-05-14,libya,133.0,15.0,13.0,178.6,0.0,1.0,5.0,0.0,0.0,0.0,0.0
2021-05-14,scs,1334.0,146.0,201.0,1015.1,2.0,1.0,108.0,123.0,51.0,18.1,2.0
2021-05-14,southasia,5056.0,721.0,602.0,3275.5,12.0,7.0,219.0,6.0,2.0,19.6,0.0
2021-05-14,sudan,172.0,34.0,45.0,-237.8,0.0,0.0,4.0,0.0,0.0,0.0,0.0
2021-05-14,taiwan,416.0,45.0,60.0,389.7,4.0,7.0,38.0,50.0,18.0,21.9,3.0
2021-05-14,ukraine,717.0,90.0,130.0,174.1,2.0,5.0,81.0,104.0,44.0,-45.4,18.0
2021-05-14,venezuela,115.0,19.0,10.0,86.9,2.0,0.0,4.0,19.0,6.0,39.8,0.0
2021-05-14,yemen,81.0,8.0,16.0,-10.1,1.0,0.0,3.0,19.0,4.0,52.8,0.0
2021-05-15,drc,20.0,3.0,10.0,-79.4,0.0,0.0,6.0,2.0,0.0,0.0,0.0
2021-05-15,europe_east,314.0,36.0,55.0,-4.8,0.0,2.0,23.0,20.0,8.0,-8.2,1.0
2021-05-15,iran,614.0,70.0,137.0,-50.2,0.0,5.0,71.0,110.0,49.0,-120.1,2.0
2021-05-15,israel,10402.0,2051.0,3228.0,-23465.3,113.0,48.0,781.0,2903.0,1920.0,-12508.2,250.0
2021-05-15,korea,187.0,11.0,32.0,201.1,0.0,0.0,10.0,15.0,5.0,-19.0,0.0
2021-05-15,libya,96.0,9.0,9.0,84.8,0.0,0.0,2.0,0.0,0.0,0.0,0.0
2021-05-15,scs,821.0,89.0,112.0,810.3,0.0,0.0,59.0,53.0,17.0,84.0,1.0
2021-05-15,southasia,3935.0,485.0,537.0,2395.8,4.0,31.0,228.0,3.0,0.0,6.6,0.0
2021-05-15,sudan,131.0,9.0,24.0,67.9,0.0,0.0,6.0,2.0,0.0,6.0,0.0
2021-05-15,taiwan,186.0,25.0,43.0,-95.8,3.0,2.0,19.0,25.0,16.0,-59.2,5.0
2021-05-15,ukraine,383.0,54.0,109.0,-328.6,0.0,6.0,79.0,71.0,37.0,-68.0,17.0
2021-05-15,venezuela,123.0,25.0,21.0,-6.1,1.0,2.0,6.0,32.0,2.0,106.3,0.0
2021-05-15,yemen,28.0,3.0,2.0,20.9,0.0,0.0,0.0,3.0,1.0,-2.0,0.0
2021-05-16,drc,16.0,2.0,7.0,-37.3,0.0,0.0,3.0,2.0,0.0,8.0,0.0
2021-05-16,europe_east,261.0,26.0,35.0,236.3,0.0,2.0,16.0,4.0,0.0,18.8,0.0
2021-05-16,iran,681.0,113.0,120.0,122.4,0.0,4.0,55.0,205.0,79.0,-60.3,7.0
2021-05-16,israel,12770.0,2625.0,3342.0,-21928.5,98.0,24.0,782.0,3278.0,2000.0,-11825.7,254.0
2021-05-16,korea,313.0,26.0,20.0,640.4,0.0,0.0,5.0,21.0,10.0,10.0,5.0
2021-05-16,libya,96.0,9.0,17.0,-4.8,2.0,1.0,4.0,0.0,0.0,0.0,0.0
2021-05-16,scs,941.0,85.0,156.0,724.1,4.0,1.0,56.0,62.0,24.0,7.8,2.0
2021-05-16,southasia,4436.0,599.0,616.0,1699.7,9.0,25.0,276.0,2.0,0.0,2.0,0.0
2021-05-16,sudan,229.0,22.0,37.0,190.9,0.0,0.0,13.0,7.0,4.0,-23.0,1.0
2021-05-16,taiwan,201.0,17.0,26.0,279.2,2.0,1.0,17.0,38.0,10.0,5.0,5.0
2021-05-16,ukraine,229.0,29.0,63.0,-149.5,0.0,3.0,29.0,18.0,5.0,42.4,2.0
2021-05-16,venezuela,70.0,4.0,10.0,123.8,0.0,0.0,7.0,8.0,0.0,52.8,0.0
2021-05-16,yemen,45.0,8.0,6.0,-30.0,1.0,0.0,0.0,11.0,0.0,20.2,0.0
2021-05-17,drc,22.0,2.0,4.0,29.9,0.0,0.0,2.0,10.0,5.0,-42.5,0.0
2021-05-17,europe_east,623.0,83.0,73.0,463.1,1.0,4.0,23.0,26.0,7.0,66.7,2.0
2021-05-17,iran,724.0,97.0,74.0,878.2,5.0,0.0,41.0,162.0,35.0,223.2,6.0
2021-05-17,israel,12368.0,2478.0,2871.0,-15499.8,112.0,20.0,656.0,2845.0,1774.0,-10368.5,185.0
2021-05-17,korea,550.0,69.0,50.0,722.1,1.0,0.0,13.0,21.0,9.0,-34.1,0.0
2021-05-17,libya,120.0,15.0,14.0,122.5,0.0,0.0,6.0,0.0,0.0,0.0,0.0
2021-05-17,scs,1472.0,136.0,159.0,1834.9,0.0,2.0,70.0,92.0,22.0,104.4,3.0
2021-05-17,southasia,6067.0,866.0,812.0,3165.6,18.0,41.0,356.0,7.0,0.0,9.4,0.0
2021-05-17,sudan,583.0,46.0,74.0,652.1,0.0,2.0,17.0,5.0,0.0,7.4,0.0
2021-05-17,taiwan,352.0,28.0,69.0,171.7,0.0,0.0,40.0,35.0,11.0,32.6,3.0
2021-05-17,ukraine,529.0,52.0,42.0,828.2,3.0,8.0,17.0,49.0,27.0,-125.8,11.0
2021-05-17,venezuela,142.0,18.0,22.0,51.6,0.0,0.0,12.0,20.0,2.0,50.2,0.0
2021-05-17,yemen,113.0,20.0,24.0,-66.8,0.0,0.0,2.0,32.0,20.0,-20.8,0.0
2021-05-18,drc,16.0,4.0,3.0,-17.4,0.0,0.0,0.0,3.0,1.0,6.5,0.0
2021-05-18,europe_east,674.0,70.0,79.0,719.1,1.0,4.0,40.0,15.0,2.0,4.6,2.0
2021-05-18,iran,712.0,72.0,117.0,701.6,4.0,5.0,32.0,194.0,82.0,-176.7,2.0
2021-05-18,israel,12893.0,2510.0,3207.0,-19460.0,114.0,36.0,597.0,3226.0,2060.0,-13091.6,210.0
2021-05-18,korea,759.0,63.0,69.0,1322.8,0.0,1.0,35.0,58.0,13.0,28.4,4.0
2021-05-18,libya,240.0,13.0,32.0,399.2,0.0,0.0,18.0,2.0,2.0,-10.0,2.0
2021-05-18,scs,1651.0,198.0,208.0,1499.8,6.0,2.0,117.0,195.0,102.0,-136.8,25.0
2021-05-18,southasia,5874.0,788.0,686.0,4861.6,9.0,16.0,299.0,4.0,0.0,3.9,0.0
2021-05-18,sudan,591.0,58.0,66.0,751.4,1.0,1.0,20.0,5.0,2.0,-7.5,1.0
2021-05-18,taiwan,559.0,39.0,61.0,671.4,2.0,1.0,33.0,74.0,23.0,7.9,7.0
2021-05-18,ukraine,907.0,131.0,152.0,425.2,7.0,2.0,98.0,66.0,26.0,32.7,3.0
2021-05-18,venezuela,149.0,29.0,25.0,-14.3,0.0,0.0,3.0,9.0,5.0,-5.0,0.0
2021-05-18,yemen,81.0,6.0,34.0,-177.8,0.0,0.0,8.0,14.0,11.0,-62.0,0.0
2021-05-19,drc,36.0,8.0,2.0,-7.3,0.0,0.0,0.0,0.0,0.0,0.0,0.0
2021-05-19,europe_east,686.0,71.0,64.0,1041.0,0.0,0.0,31.0,43.0,15.0,-15.0,4.0
2021-05-19,iran,1091.0,113.0,161.0,1480.1,4.0,2.0,33.0,230.0,90.0,-27.5,4.0
2021-05-19,israel,13340.0,2444.0,3318.0,-18032.8,84.0,32.0,655.0,3299.0,2108.0,-12854.1,206.0
2021-05-19,korea,753.0,73.0,55.0,1171.1,5.0,2.0,28.0,139.0,14.0,236.4,0.0
2021-05-19,libya,287.0,24.0,29.0,445.2,1.0,3.0,13.0,2.0,1.0,-3.2,1.0
2021-05-19,scs,1663.0,158.0,247.0,1459.6,1.0,1.0,126.0,95.0,32.0,64.4,17.0
2021-05-19,southasia,6714.0,1015.0,681.0,5799.5,6.0,13.0,307.0,21.0,7.0,-8.4,0.0
2021-05-19,sudan,577.0,41.0,97.0,390.6,0.0,6.0,23.0,1.0,1.0,-2.0,0.0
2021-05-19,taiwan,518.0,98.0,69.0,279.7,2.0,3.0,33.0,120.0,45.0,76.9,7.0
2021-05-19,ukraine,853.0,131.0,139.0,216.6,5.0,1.0,64.0,115.0,47.0,27.3,9.0
2021-05-19,venezuela,213.0,38.0,60.0,-249.2,1.0,0.0,16.0,16.0,4.0,2.1,4.0
2021-05-19,yemen,165.0,26.0,36.0,-80.9,0.0,0.0,8.0,42.0,17.0,-43.7,3.0
2021-05-20,drc,32.0,3.0,3.0,9.5,0.0,0.0,0.0,3.0,3.0,-22.0,0.0
2021-05-20,europe_east,769.0,86.0,102.0,725.3,0.0,3.0,41.0,42.0,21.0,-84.2,4.0
2021-05-20,iran,1093.0,130.0,150.0,1035.2,7.0,9.0,28.0,247.0,101.0,-116.1,13.0
2021-05-20,israel,12782.0,2072.0,2742.0,-9119.7,60.0,20.0,576.0,3138.0,1731.0,-8760.0,154.0
2021-05-20,korea,798.0,58.0,53.0,1749.0,3.0,0.0,24.0,107.0,15.0,210.6,4.0
2021-05-20,libya,176.0,17.0,7.0,370.4,0.0,1.0,2.0,1.0,0.0,10.0,0.0
2021-05-20,scs,1728.0,172.0,162.0,2141.3,4.0,3.0,64.0,123.0,47.0,-50.8,15.0
2021-05-20,southasia,6136.0,764.0,664.0,5585.6,11.0,10.0,258.0,22.0,14.0,-74.4,5.0
2021-05-20,sudan,396.0,28.0,40.0,773.3,0.0,2.0,15.0,2.0,1.0,-1.0,1.0
2021-05-20,taiwan,481.0,61.0,72.0,381.4,1.0,0.0,39.0,57.0,15.0,-14.9,4.0
2021-05-20,ukraine,893.0,126.0,73.0,1219.0,5.0,3.0,35.0,190.0,60.0,99.0,14.0
2021-05-20,venezuela,161.0,21.0,39.0,-181.3,0.0,0.0,18.0,41.0,10.0,-23.3,8.0
2021-05-20,yemen,180.0,33.0,42.0,-163.3,3.0,1.0,18.0,59.0,33.0,-98.7,9.0
2021-05-21,drc,19.0,2.0,3.0,3.9,0.0,0.0,0.0,6.0,3.0,1.8,2.0
2021-05-21,europe_east,716.0,86.0,74.0,831.7,0.0,1.0,51.0,73.0,17.0,90.3,6.0
2021-05-21,iran,1007.0,126.0,195.0,57.2,3.0,8.0,50.0,296.0,112.0,70.9,9.0
2021-05-21,israel,12127.0,1972.0,2647.0,-8358.6,67.0,43.0,535.0,3174.0,1630.0,-6697.8,160.0
2021-05-21,korea,1098.0,87.0,84.0,1970.3,5.0,0.0,29.0,161.0,24.0,209.5,3.0
2021-05-21,libya,340.0,33.0,30.0,488.9,0.0,1.0,12.0,0.0,0.0,0.0,0.0
2021-05-21,scs,1381.0,113.0,145.0,1759.4,1.0,3.0,50.0,70.0,12.0,127.8,4.0
2021-05-21,southasia,6349.0,831.0,791.0,4355.9,15.0,17.0,325.0,25.0,9.0,-40.8,3.0
2021-05-21,sudan,577.0,36.0,34.0,1739.2,0.0,1.0,17.0,0.0,0.0,0.0,0.0
2021-05-21,taiwan,466.0,64.0,70.0,131.8,2.0,0.0,28.0,68.0,33.0,-79.3,1.0
2021-05-21,ukraine,910.0,123.0,175.0,-54.7,3.0,11.0,89.0,131.0,54.0,-69.5,20.0
2021-05-21,venezuela,107.0,13.0,7.0,136.7,0.0,0.0,3.0,6.0,2.0,-3.0,1.0
2021-05-21,yemen,110.0,13.0,36.0,-196.7,0.0,0.0,10.0,36.0,19.0,-67.5,3.0
2021-05-22,drc,36.0,3.0,2.0,73.9,0.0,1.0,1.0,15.0,5.0,-1.8,1.0
2021-05-22,europe_east,322.0,23.0,25.0,508.6,1.0,2.0,9.0,13.0,0.0,33.0,0.0
2021-05-22,iran,455.0,90.0,83.0,-157.4,1.0,1.0,21.0,89.0,35.0,-1.5,0.0
2021-05-22,israel,7099.0,1144.0,1717.0,-7318.0,49.0,11.0,332.0,1745.0,930.0,-4623.9,92.0
2021-05-22,korea,1005.0,61.0,48.0,2201.3,4.0,0.0,14.0,252.0,30.0,323.9,10.0
2021-05-22,libya,194.0,7.0,22.0,247.2,0.0,1.0,4.0,2.0,0.0,4.7,0.0
2021-05-22,scs,938.0,102.0,136.0,620.0,1.0,1.0,56.0,129.0,21.0,315.1,5.0
2021-05-22,southasia,5247.0,765.0,677.0,2852.6,8.0,6.0,280.0,11.0,2.0,-12.6,0.0
2021-05-22,sudan,454.0,30.0,19.0,793.9,0.0,6.0,2.0,6.0,0.0,9.8,0.0
2021-05-22,taiwan,372.0,59.0,53.0,132.2,0.0,1.0,13.0,146.0,60.0,58.4,6.0
2021-05-22,ukraine,257.0,39.0,45.0,46.6,0.0,1.0,20.0,37.0,12.0,11.4,4.0
2021-05-22,venezuela,71.0,7.0,18.0,4.0,0.0,0.0,14.0,12.0,3.0,-0.9,1.0
2021-05-22,yemen,112.0,5.0,48.0,-171.3,0.0,1.0,31.0,3.0,3.0,-24.0,0.0
2021-05-23,drc,123.0,10.0,10.0,191.2,0.0,0.0,3.0,100.0,22.0,-22.0,2.0
2021-05-23,europe_east,986.0,212.0,101.0,500.7,2.0,2.0,74.0,314.0,114.0,167.4,17.0
2021-05-23,iran,732.0,108.0,91.0,733.6,11.0,1.0,21.0,196.0,89.0,-44.4,8.0
2021-05-23,israel,5790.0,974.0,1403.0,-6017.5,30.0,6.0,334.0,1285.0,741.0,-3663.1,79.0
2021-05-23,korea,598.0,47.0,27.0,1494.3,3.0,1.0,7.0,75.0,11.0,176.3,0.0
2021-05-23,libya,147.0,8.0,9.0,371.0,0.0,0.0,2.0,0.0,0.0,0.0,0.0
2021-05-23,scs,938.0,93.0,105.0,657.3,0.0,1.0,25.0,56.0,18.0,44.7,6.0
2021-05-23,southasia,4379.0,552.0,647.0,1453.2,9.0,29.0,249.0,9.0,2.0,-1.9,2.0
2021-05-23,sudan,91.0,17.0,16.0,58.6,0.0,0.0,0.0,0.0,0.0,0.0,0.0
2021-05-23,taiwan,197.0,37.0,40.0,-76.5,0.0,0.0,15.0,60.0,24.0,-28.9,3.0
2021-05-23,ukraine,1344.0,321.0,232.0,-686.2,10.0,5.0,182.0,41.0,22.0,-112.1,5.0
2021-05-23,venezuela,79.0,10.0,13.0,18.2,0.0,0.0,5.0,4.0,3.0,-4.0,1.0
2021-05-23,yemen,89.0,16.0,27.0,-172.8,0.0,0.0,8.0,21.0,9.0,-35.0,0.0
2021-05-24,drc,149.0,12.0,28.0,25.1,0.0,0.0,11.0,72.0,22.0,-67.4,2.0
2021-05-24,europe_east,2529.0,451.0,294.0,1610.2,7.0,5.0,236.0,820.0,308.0,-265.1,99.0
2021-05-24,iran,1018.0,151.0,123.0,795.5,4.0,0.0,41.0,263.0,101.0,-23.6,6.0
2021-05-24,israel,7219.0,1061.0,1462.0,-2820.3,36.0,8.0,389.0,1640.0,756.0,-2994.2,111.0
2021-05-24,korea,595.0,73.0,58.0,879.1,3.0,0.0,26.0,67.0,24.0,35.8,0.0
2021-05-24,libya,89.0,6.0,4.0,154.3,0.0,0.0,1.0,0.0,0.0,0.0,0.0
2021-05-24,scs,1518.0,192.0,165.0,1381.1,3.0,1.0,58.0,72.0,34.0,-16.2,8.0
2021-05-24,southasia,6039.0,845.0,748.0,3469.5,7.0,17.0,353.0,2.0,1.0,-9.5,0.0
2021-05-24,sudan,319.0,51.0,78.0,-160.1,0.0,0.0,27.0,1.0,1.0,-2.0,0.0
2021-05-24,taiwan,508.0,119.0,46.0,48.3,4.0,0.0,10.0,170.0,83.0,-223.3,1.0
2021-05-24,ukraine,4374.0,971.0,723.0,-1797.7,45.0,6.0,571.0,138.0,44.0,65.4,13.0
2021-05-24,venezuela,119.0,19.0,18.0,9.2,3.0,0.0,9.0,7.0,4.0,0.8,3.0
2021-05-24,yemen,194.0,33.0,29.0,60.8,0.0,0.0,14.0,31.0,12.0,7.3,0.0
2021-05-25,drc,69.0,17.0,10.0,-53.9,0.0,0.0,3.0,19.0,5.0,-4.9,2.0
2021-05-25,europe_east,1545.0,260.0,181.0,1001.0,1.0,1.0,137.0,373.0,129.0,74.0,45.0
2021-05-25,iran,1277.0,138.0,164.0,1674.2,3.0,4.0,75.0,339.0,93.0,409.4,7.0
2021-05-25,israel,8576.0,1235.0,1542.0,402.0,42.0,9.0,458.0,2157.0,847.0,-1535.9,109.0
2021-05-25,korea,589.0,47.0,61.0,982.0,0.0,1.0,27.0,40.0,9.0,45.6,1.0
2021-05-25,libya,223.0,26.0,16.0,352.5,0.0,1.0,3.0,0.0,0.0,0.0,0.0
2021-05-25,scs,1790.0,207.0,220.0,1470.1,7.0,0.0,88.0,107.0,33.0,93.5,4.0
2021-05-25,southasia,6731.0,1036.0,784.0,3878.7,11.0,15.0,303.0,18.0,2.0,20.0,0.0
2021-05-25,sudan,503.0,60.0,124.0,-281.8,0.0,2.0,39.0,9.0,2.0,19.6,1.0
2021-05-25,taiwan,458.0,72.0,47.0,225.2,3.0,0.0,14.0,167.0,63.0,3.5,3.0
2021-05-25,ukraine,3517.0,760.0,756.0,-2229.9,28.0,5.0,586.0,112.0,44.0,-31.5,14.0
2021-05-25,venezuela,153.0,20.0,20.0,99.6,0.0,0.0,10.0,20.0,9.0,-23.8,2.0
2021-05-25,yemen,224.0,31.0,30.0,157.3,2.0,0.0,10.0,30.0,3.0,76.1,0.0
2021-05-26,drc,51.0,4.0,1.0,153.6,1.0,0.0,0.0,8.0,4.0,-20.1,1.0
2021-05-26,europe_east,1194.0,143.0,152.0,1218.5,4.0,8.0,114.0,305.0,106.0,51.3,50.0
2021-05-26,iran,1109.0,161.0,180.0,347.9,4.0,0.0,94.0,219.0,89.0,-52.5,3.0
2021-05-26,israel,7243.0,1062.0,1372.0,-28.9,38.0,10.0,474.0,1654.0,690.0,-1409.4,94.0
2021-05-26,korea,594.0,49.0,56.0,1009.0,0.0,0.0,16.0,53.0,10.0,78.0,6.0
2021-05-26,libya,228.0,11.0,16.0,338.4,0.0,1.0,1.0,1.0,0.0,0.0,0.0
2021-05-26,scs,1610.0,176.0,163.0,1805.0,2.0,1.0,64.0,84.0,38.0,-93.9,2.0
2021-05-26,southasia,6673.0,1031.0,817.0,3473.0,12.0,36.0,277.0,13.0,5.0,9.4,3.0
2021-05-26,sudan,369.0,44.0,65.0,324.6,0.0,6.0,23.0,2.0,2.0,-15.0,1.0
2021-05-26,taiwan,520.0,76.0,60.0,417.1,1.0,0.0,26.0,184.0,67.0,88.8,3.0
2021-05-26,ukraine,2756.0,566.0,508.0,-889.2,29.0,9.0,359.0,193.0,67.0,11.9,13.0
2021-05-26,venezuela,123.0,28.0,8.0,109.8,0.0,0.0,4.0,6.0,5.0,-14.8,0.0
2021-05-26,yemen,230.0,38.0,30.0,3.0,0.0,0.0,4.0,36.0,7.0,19.4,2.0
2021-05-27,drc,64.0,6.0,15.0,-27.6,1.0,0.0,11.0,9.0,4.0,-37.9,2.0
2021-05-27,europe_east,1182.0,153.0,197.0,483.8,5.0,6.0,144.0,253.0,90.0,76.9,50.0
2021-05-27,iran,890.0,129.0,158.0,236.6,0.0,2.0,83.0,130.0,43.0,31.4,2.0
2021-05-27,israel,6294.0,1116.0,1152.0,-1676.8,37.0,13.0,333.0,1329.0,613.0,-2123.8,81.0
2021-05-27,korea,585.0,67.0,58.0,1111.5,7.0,2.0,29.0,66.0,29.0,-51.8,9.0
2021-05-27,libya,269.0,20.0,31.0,367.3,0.0,4.0,8.0,0.0,0.0,0.0,0.0
2021-05-27,scs,1542.0,175.0,168.0,1804.9,2.0,5.0,59.0,47.0,15.0,8.4,0.0
2021-05-27,southasia,6464.0,843.0,856.0,3640.4,14.0,12.0,336.0,18.0,1.0,51.0,0.0
2021-05-27,sudan,335.0,30.0,77.0,33.2,0.0,6.0,12.0,0.0,0.0,0.0,0.0
2021-05-27,taiwan,531.0,76.0,56.0,476.5,4.0,2.0,19.0,143.0,70.0,18.7,6.0
2021-05-27,ukraine,2196.0,459.0,408.0,-453.1,16.0,6.0,338.0,120.0,48.0,-148.4,16.0
2021-05-27,venezuela,140.0,37.0,37.0,-217.3,0.0,0.0,17.0,28.0,12.0,-4.6,0.0
2021-05-27,yemen,210.0,50.0,29.0,-79.8,0.0,1.0,13.0,23.0,14.0,-52.2,5.0
2021-05-28,drc,95.0,4.0,31.0,-64.6,1.0,0.0,22.0,32.0,6.0,33.3,1.0
2021-05-28,europe_east,1245.0,169.0,179.0,626.0,7.0,3.0,128.0,272.0,121.0,-12.2,56.0
2021-05-28,iran,568.0,77.0,95.0,182.5,0.0,1.0,38.0,119.0,40.0,134.1,7.0
2021-05-28,israel,4625.0,774.0,909.0,-1908.9,15.0,8.0,245.0,987.0,519.0,-2404.8,51.0
2021-05-28,korea,656.0,60.0,85.0,1049.3,2.0,0.0,35.0,49.0,19.0,28.1,4.0
2021-05-28,libya,244.0,16.0,29.0,355.0,0.0,2.0,4.0,0.0,0.0,0.0,0.0
2021-05-28,scs,1673.0,216.0,232.0,553.0,1.0,7.0,72.0,71.0,46.0,-136.3,3.0
2021-05-28,southasia,5983.0,892.0,742.0,3310.2,22.0,17.0,301.0,7.0,3.0,3.3,0.0
2021-05-28,sudan,219.0,18.0,49.0,-106.3,0.0,2.0,7.0,1.0,0.0,3.4,0.0
2021-05-28,taiwan,420.0,50.0,49.0,392.5,1.0,2.0,19.0,119.0,68.0,-47.4,5.0
2021-05-28,ukraine,2278.0,386.0,410.0,-77.0,15.0,3.0,309.0,171.0,89.0,-265.1,30.0
2021-05-28,venezuela,163.0,29.0,19.0,131.1,0.0,0.0,10.0,27.0,3.0,67.3,0.0
2021-05-28,yemen,135.0,27.0,12.0,54.0,0.0,1.0,1.0,37.0,7.0,42.3,0.0
2021-05-29,drc,23.0,0.0,10.0,-48.8,0.0,0.0,7.0,33.0,5.0,13.0,0.0
2021-05-29,europe_east,511.0,57.0,74.0,431.2,0.0,0.0,53.0,117.0,40.0,72.9,9.0
2021-05-29,iran,531.0,66.0,87.0,439.9,0.0,0.0,44.0,70.0,18.0,88.8,3.0
2021-05-29,israel,2456.0,449.0,600.0,-2483.0,14.0,1.0,160.0,562.0,312.0,-1626.7,42.0
2021-05-29,korea,345.0,36.0,34.0,681.7,0.0,0.0,20.0,17.0,4.0,28.1,0.0
2021-05-29,libya,183.0,16.0,22.0,223.9,0.0,0.0,3.0,0.0,0.0,0.0,0.0
2021-05-29,scs,1278.0,108.0,190.0,790.0,0.0,2.0,64.0,75.0,50.0,-145.0,1.0
2021-05-29,southasia,5233.0,812.0,690.0,2363.1,11.0,10.0,276.0,19.0,2.0,54.1,0.0
2021-05-29,sudan,185.0,31.0,37.0,-39.9,0.0,0.0,15.0,6.0,4.0,8.0,0.0
2021-05-29,taiwan,259.0,32.0,22.0,356.8,2.0,1.0,8.0,48.0,26.0,-50.1,4.0
2021-05-29,ukraine,1264.0,258.0,234.0,-363.7,7.0,2.0,205.0,73.0,37.0,-82.2,19.0
2021-05-29,venezuela,80.0,19.0,10.0,-31.2,0.0,0.0,5.0,14.0,2.0,22.3,0.0
2021-05-29,yemen,88.0,22.0,13.0,-46.8,2.0,0.0,3.0,34.0,13.0,-33.4,1.0
2021-05-30,drc,36.0,1.0,3.0,88.9,0.0,0.0,2.0,19.0,2.0,27.2,0.0
2021-05-30,europe_east,401.0,71.0,59.0,53.1,6.0,4.0,35.0,118.0,35.0,116.3,15.0
2021-05-30,iran,714.0,123.0,137.0,-154.6,7.0,0.0,81.0,140.0,47.0,75.4,2.0
2021-05-30,israel,4269.0,666.0,677.0,1199.2,18.0,0.0,181.0,993.0,384.0,-445.6,42.0
2021-05-30,korea,369.0,34.0,68.0,185.2,0.0,16.0,13.0,52.0,23.0,-70.6,2.0
2021-05-30,libya,86.0,11.0,21.0,-115.3,0.0,0.0,3.0,2.0,1.0,0.2,1.0
2021-05-30,scs,1223.0,139.0,181.0,334.7,6.0,8.0,43.0,45.0,29.0,-71.3,0.0
2021-05-30,southasia,4310.0,632.0,563.0,2444.5,10.0,12.0,299.0,13.0,1.0,31.8,0.0
2021-05-30,sudan,205.0,20.0,35.0,162.3,0.0,2.0,16.0,4.0,4.0,-31.0,2.0
2021-05-30,taiwan,142.0,15.0,20.0,200.0,5.0,1.0,9.0,25.0,10.0,-17.4,4.0
2021-05-30,ukraine,827.0,184.0,180.0,-766.7,8.0,3.0,148.0,20.0,9.0,-22.3,1.0
2021-05-30,venezuela,134.0,17.0,21.0,26.1,0.0,0.0,5.0,11.0,7.0,-33.6,0.0
2021-05-30,yemen,72.0,11.0,41.0,-362.9,0.0,0.0,4.0,20.0,14.0,-94.9,1.0
2021-05-31,drc,51.0,7.0,10.0,-8.6,0.0,0.0,1.0,12.0,4.0,-15.9,1.0
2021-05-31,europe_east,679.0,75.0,86.0,747.4,3.0,3.0,55.0,162.0,20.0,294.4,6.0
2021-05-31,iran,782.0,77.0,98.0,947.5,1.0,2.0,56.0,164.0,52.0,119.5,4.0
2021-05-31,israel,4519.0,691.0,851.0,-130.0,28.0,5.0,235.0,893.0,401.0,-1176.5,43.0
2021-05-31,korea,684.0,93.0,62.0,999.3,0.0,0.0,28.0,141.0,73.0,-211.0,1.0
2021-05-31,libya,171.0,5.0,12.0,430.4,0.0,0.0,5.0,1.0,0.0,0.0,0.0
2021-05-31,scs,2046.0,218.0,268.0,1807.9,2.0,4.0,85.0,83.0,48.0,-156.2,10.0
2021-05-31,southasia,5728.0,902.0,730.0,3078.6,15.0,6.0,353.0,35.0,8.0,88.0,2.0
2021-05-31,sudan,288.0,38.0,59.0,-44.9,0.0,2.0,22.0,5.0,1.0,2.0,0.0
2021-05-31,taiwan,256.0,45.0,16.0,363.7,0.0,1.0,6.0,51.0,31.0,-23.0,1.0
2021-05-31,ukraine,1167.0,165.0,183.0,510.1,11.0,11.0,145.0,55.0,20.0,-15.6,10.0
2021-05-31,venezuela,89.0,9.0,5.0,185.6,0.0,0.0,4.0,16.0,3.0,7.3,0.0
2021-05-31,yemen,135.0,26.0,14.0,50.3,9.0,1.0,5.0,22.0,7.0,-0.8,3.0
2021-06-01,drc,57.0,1.0,9.0,54.5,0.0,0.0,0.0,24.0,6.0,22.0,0.0
2021-06-01,europe_east,872.0,88.0,89.0,950.6,1.0,2.0,47.0,148.0,39.0,104.8,12.0
2021-06-01,iran,902.0,124.0,138.0,305.9,1.0,0.0,64.0,255.0,78.0,104.7,4.0
2021-06-01,israel,4587.0,687.0,803.0,197.3,24.0,8.0,216.0,991.0,456.0,-1518.7,57.0
2021-06-01,korea,688.0,66.0,93.0,587.6,0.0,4.0,33.0,80.0,14.0,-13.7,0.0
2021-06-01,libya,311.0,25.0,33.0,548.1,0.0,2.0,8.0,2.0,1.0,2.0,0.0
2021-06-01,scs,1859.0,209.0,297.0,978.9,5.0,7.0,116.0,23.0,7.0,-7.9,4.0
2021-06-01,southasia,6152.0,1016.0,812.0,2642.2,27.0,10.0,369.0,7.0,3.0,-0.3,3.0
2021-06-01,sudan,320.0,31.0,33.0,552.8,0.0,0.0,9.0,6.0,0.0,18.8,0.0
2021-06-01,taiwan,264.0,26.0,35.0,176.9,2.0,0.0,9.0,57.0,21.0,18.4,3.0
2021-06-01,ukraine,1365.0,220.0,304.0,-314.6,7.0,15.0,189.0,116.0,48.0,-48.4,15.0
2021-06-01,venezuela,326.0,51.0,43.0,257.4,0.0,0.0,21.0,34.0,6.0,63.2,1.0
2021-06-01,yemen,110.0,13.0,20.0,42.8,3.0,1.0,11.0,23.0,9.0,-7.0,6.0
2021-06-02,drc,56.0,6.0,12.0,11.3,0.0,2.0,3.0,12.0,3.0,32.7,2.0
2021-06-02,europe_east,757.0,83.0,76.0,948.2,0.0,3.0,49.0,145.0,45.0,130.8,27.0
2021-06-02,iran,1134.0,164.0,224.0,-296.0,12.0,3.0,46.0,335.0,125.0,260.3,7.0
2021-06-02,israel,5044.0,737.0,831.0,863.4,20.0,4.0,238.0,1020.0,498.0,-1709.4,59.0
2021-06-02,korea,606.0,56.0,55.0,1106.4,1.0,0.0,26.0,55.0,8.0,115.5,2.0
2021-06-02,libya,243.0,18.0,18.0,488.0,0.0,1.0,7.0,2.0,1.0,-5.0,1.0
2021-06-02,scs,1663.0,237.0,208.0,1396.6,0.0,5.0,78.0,67.0,36.0,-108.3,3.0
2021-06-02,southasia,6574.0,884.0,862.0,4168.9,10.0,12.0,405.0,26.0,5.0,42.7,0.0
2021-06-02,sudan,485.0,61.0,69.0,330.5,0.0,2.0,37.0,5.0,0.0,4.4,0.0
2021-06-02,taiwan,338.0,46.0,50.0,173.4,2.0,0.0,21.0,73.0,32.0,-60.9,3.0
2021-06-02,ukraine,1296.0,196.0,228.0,403.1,3.0,3.0,150.0,128.0,52.0,-20.5,19.0
2021-06-02,venezuela,244.0,21.0,72.0,-267.4,0.0,0.0,20.0,11.0,6.0,-35.0,0.0
2021-06-02,yemen,271.0,28.0,45.0,173.4,1.0,0.0,13.0,87.0,28.0,-52.0,4.0
2021-06-03,drc,75.0,8.0,17.0,-23.0,0.0,1.0,5.0,14.0,4.0,-19.4,0.0
2021-06-03,europe_east,664.0,78.0,60.0,747.0,3.0,2.0,25.0,101.0,18.0,139.2,7.0
2021-06-03,iran,1258.0,169.0,197.0,72.9,10.0,0.0,53.0,253.0,98.0,109.8,9.0
2021-06-03,israel,5250.0,882.0,789.0,1565.8,19.0,6.0,261.0,1036.0,520.0,-1854.6,84.0
2021-06-03,korea,529.0,57.0,53.0,794.7,0.0,2.0,27.0,14.0,3.0,29.8,0.0
2021-06-03,libya,222.0,13.0,26.0,334.9,1.0,1.0,11.0,0.0,0.0,0.0,0.0
2021-06-03,scs,1719.0,185.0,206.0,1411.0,1.0,6.0,77.0,72.0,30.0,5.3,3.0
2021-06-03,southasia,6498.0,925.0,873.0,3633.1,8.0,6.0,343.0,24.0,8.0,-36.1,0.0
2021-06-03,sudan,511.0,73.0,102.0,-176.3,0.0,0.0,25.0,5.0,5.0,-33.0,2.0
2021-06-03,taiwan,353.0,24.0,26.0,616.5,1.0,0.0,1.0,137.0,61.0,-77.0,6.0
2021-06-03,ukraine,1002.0,128.0,176.0,555.0,5.0,5.0,96.0,149.0,44.0,-73.8,4.0
2021-06-03,venezuela,169.0,37.0,16.0,61.0,0.0,0.0,10.0,13.0,3.0,13.6,2.0
2021-06-03,yemen,261.0,32.0,29.0,143.3,3.0,0.0,4.0,61.0,22.0,-78.5,2.0
2021-06-04,drc,87.0,9.0,29.0,-167.7,2.0,0.0,9.0,1.0,1.0,-9.5,0.0
2021-06-04,europe_east,895.0,119.0,112.0,751.9,4.0,5.0,63.0,219.0,50.0,221.7,18.0
2021-06-04,iran,830.0,115.0,118.0,410.5,3.0,0.0,62.0,251.0,41.0,426.7,1.0
2021-06-04,israel,4187.0,642.0,697.0,537.3,12.0,4.0,208.0,693.0,340.0,-1357.4,31.0
2021-06-04,korea,635.0,46.0,110.0,429.0,1.0,2.0,31.0,36.0,4.0,62.6,0.0
2021-06-04,libya,179.0,11.0,27.0,293.0,0.0,2.0,12.0,0.0,0.0,0.0,0.0
2021-06-04,scs,1623.0,121.0,237.0,1493.2,1.0,0.0,107.0,41.0,21.0,-84.8,0.0
2021-06-04,southasia,6576.0,930.0,816.0,4103.3,15.0,7.0,367.0,31.0,13.0,-55.0,0.0
2021-06-04,sudan,302.0,51.0,56.0,-31.2,0.0,0.0,15.0,0.0,0.0,0.0,0.0
2021-06-04,taiwan,455.0,62.0,62.0,485.3,1.0,1.0,32.0,184.0,67.0,174.9,12.0
2021-06-04,ukraine,1606.0,264.0,336.0,-833.8,13.0,5.0,234.0,112.0,44.0,36.3,6.0
2021-06-04,venezuela,167.0,17.0,26.0,141.0,0.0,0.0,15.0,31.0,10.0,3.5,1.0
2021-06-04,yemen,173.0,20.0,16.0,98.5,0.0,0.0,4.0,22.0,13.0,-68.4,2.0
2021-06-05,drc,30.0,2.0,5.0,30.9,0.0,0.0,4.0,0.0,0.0,0.0,0.0
2021-06-05,europe_east,381.0,40.0,55.0,212.1,3.0,1.0,36.0,111.0,30.0,83.9,6.0
2021-06-05,iran,341.0,47.0,54.0,199.3,0.0,1.0,21.0,94.0,28.0,54.2,0.0
2021-06-05,israel,1615.0,296.0,383.0,-1552.9,9.0,7.0,137.0,296.0,181.0,-875.3,32.0
2021-06-05,korea,296.0,18.0,48.0,403.2,1.0,1.0,21.0,37.0,16.0,-39.7,3.0
2021-06-05,libya,78.0,3.0,8.0,139.6,0.0,0.0,1.0,0.0,0.0,0.0,0.0
2021-06-05,scs,1016.0,128.0,129.0,792.0,0.0,3.0,36.0,46.0,7.0,112.6,1.0
2021-06-05,southasia,4698.0,709.0,607.0,2464.3,7.0,3.0,275.0,15.0,6.0,-16.8,0.0
2021-06-05,sudan,181.0,13.0,20.0,297.0,0.0,3.0,5.0,0.0,0.0,0.0,0.0
2021-06-05,taiwan,341.0,30.0,37.0,382.4,0.0,2.0,8.0,95.0,38.0,-23.1,1.0
2021-06-05,ukraine,484.0,72.0,120.0,-277.8,6.0,1.0,84.0,32.0,14.0,-35.5,3.0
2021-06-05,venezuela,87.0,9.0,13.0,48.2,0.0,0.0,6.0,10.0,1.0,11.9,0.0
2021-06-05,yemen,274.0,30.0,38.0,68.4,0.0,0.0,0.0,97.0,18.0,98.5,0.0
2021-06-06,drc,34.0,2.0,4.0,67.6,0.0,0.0,2.0,6.0,0.0,20.7,0.0
2021-06-06,europe_east,627.0,28.0,314.0,-2402.6,0.0,0.0,18.0,55.0,18.0,-28.8,4.0
2021-06-06,iran,462.0,62.0,102.0,-116.1,0.0,3.0,30.0,137.0,40.0,86.9,2.0
2021-06-06,israel,3320.0,564.0,839.0,-3349.2,11.0,7.0,342.0,681.0,383.0,-1853.4,86.0
2021-06-06,korea,365.0,16.0,45.0,565.2,3.0,2.0,9.0,39.0,13.0,13.9,3.0
2021-06-06,libya,105.0,14.0,20.0,-44.6,0.0,0.0,0.0,0.0,0.0,0.0,0.0
2021-06-06,scs,993.0,96.0,139.0,582.9,1.0,3.0,47.0,30.0,4.0,46.6,0.0
2021-06-06,southasia,4303.0,682.0,665.0,1258.5,8.0,22.0,314.0,14.0,8.0,-37.2,0.0
2021-06-06,sudan,129.0,13.0,26.0,-11.9,0.0,5.0,1.0,0.0,0.0,0.0,0.0
2021-06-06,taiwan,695.0,69.0,57.0,1235.5,7.0,1.0,20.0,188.0,101.0,-190.2,8.0
2021-06-06,ukraine,416.0,44.0,82.0,128.3,1.0,0.0,58.0,72.0,20.0,7.9,4.0
2021-06-06,venezuela,79.0,6.0,12.0,34.2,0.0,0.0,9.0,6.0,0.0,11.2,0.0
2021-06-06,yemen,283.0,27.0,77.0,-325.0,2.0,0.0,3.0,51.0,9.0,34.7,0.0
2021-06-07,drc,76.0,8.0,7.0,106.0,0.0,0.0,1.0,7.0,1.0,8.0,1.0
2021-06-07,europe_east,940.0,66.0,210.0,17.4,0.0,1.0,44.0,167.0,29.0,292.6,16.0
2021-06-07,iran,807.0,83.0,144.0,542.1,0.0,7.0,45.0,117.0,36.0,160.2,3.0
2021-06-07,israel,3911.0,721.0,887.0,-2942.8,13.0,6.0,343.0,662.0,363.0,-1462.5,73.0
2021-06-07,korea,710.0,78.0,57.0,1116.0,1.0,2.0,24.0,33.0,1.0,82.9,0.0
2021-06-07,libya,248.0,28.0,45.0,-59.4,3.0,0.0,8.0,0.0,0.0,0.0,0.0
2021-06-07,scs,1192.0,139.0,109.0,1536.8,2.0,4.0,38.0,37.0,20.0,-44.2,0.0
2021-06-07,southasia,5754.0,771.0,746.0,4093.1,7.0,17.0,311.0,7.0,0.0,19.3,0.0
2021-06-07,sudan,305.0,37.0,88.0,-433.0,1.0,11.0,20.0,3.0,1.0,6.0,0.0
2021-06-07,taiwan,505.0,70.0,38.0,639.0,1.0,1.0,20.0,157.0,64.0,-41.7,9.0
2021-06-07,ukraine,1112.0,115.0,130.0,1058.4,6.0,0.0,86.0,224.0,71.0,-75.7,9.0
2021-06-07,venezuela,153.0,12.0,28.0,-15.4,0.0,0.0,15.0,18.0,3.0,25.8,0.0
2021-06-07,yemen,264.0,31.0,78.0,-430.3,5.0,0.0,9.0,51.0,24.0,-139.3,0.0
2021-06-08,drc,30.0,5.0,8.0,-55.3,0.0,0.0,0.0,3.0,1.0,-4.5,1.0
2021-06-08,europe_east,822.0,104.0,154.0,5.1,1.0,1.0,60.0,70.0,14.0,91.7,4.0
2021-06-08,iran,944.0,109.0,111.0,861.0,4.0,1.0,57.0,143.0,39.0,226.2,3.0
2021-06-08,israel,4137.0,585.0,760.0,351.9,32.0,4.0,273.0,703.0,357.0,-1526.0,61.0
2021-06-08,korea,588.0,54.0,46.0,1047.0,0.0,0.0,23.0,44.0,5.0,83.2,1.0
2021-06-08,libya,212.0,29.0,30.0,33.7,1.0,0.0,4.0,0.0,0.0,0.0,0.0
2021-06-08,scs,1652.0,183.0,143.0,2020.4,4.0,1.0,56.0,88.0,18.0,168.6,0.0
2021-06-08,southasia,6198.0,895.0,766.0,3846.1,9.0,27.0,319.0,25.0,7.0,13.0,0.0
2021-06-08,sudan,319.0,45.0,74.0,-186.8,1.0,6.0,8.0,0.0,0.0,0.0,0.0
2021-06-08,taiwan,517.0,80.0,45.0,640.6,2.0,0.0,19.0,91.0,45.0,-16.6,2.0
2021-06-08,ukraine,1093.0,120.0,126.0,1083.0,0.0,3.0,76.0,153.0,44.0,12.7,5.0
2021-06-08,venezuela,167.0,22.0,14.0,178.9,0.0,0.0,6.0,4.0,0.0,11.7,0.0
2021-06-08,yemen,215.0,18.0,37.0,53.5,0.0,0.0,5.0,26.0,11.0,-39.6,0.0
2021-06-09,drc,67.0,4.0,15.0,-6.0,0.0,1.0,6.0,12.0,2.0,34.0,2.0
2021-06-09,europe_east,919.0,102.0,86.0,1417.4,0.0,4.0,60.0,85.0,21.0,160.4,5.0
2021-06-09,iran,917.0,147.0,126.0,530.9,2.0,1.0,61.0,194.0,48.0,119.4,5.0
2021-06-09,israel,3123.0,479.0,592.0,-780.1,23.0,3.0,153.0,625.0,338.0,-1672.4,54.0
2021-06-09,korea,550.0,41.0,59.0,784.2,0.0,0.0,16.0,22.0,9.0,-0.9,0.0
2021-06-09,libya,150.0,15.0,15.0,185.1,0.0,0.0,8.0,0.0,0.0,0.0,0.0
2021-06-09,scs,1571.0,189.0,182.0,1590.8,4.0,2.0,69.0,142.0,29.0,306.8,5.0
2021-06-09,southasia,6321.0,887.0,749.0,4651.7,7.0,14.0,334.0,21.0,8.0,-0.5,1.0
2021-06-09,sudan,568.0,55.0,61.0,1002.7,0.0,0.0,15.0,4.0,4.0,-37.2,1.0
2021-06-09,taiwan,385.0,40.0,43.0,447.7,3.0,2.0,10.0,72.0,24.0,32.2,13.0
2021-06-09,ukraine,1125.0,127.0,201.0,556.4,1.0,2.0,113.0,149.0,40.0,74.1,13.0
2021-06-09,venezuela,153.0,33.0,32.0,-109.5,0.0,0.0,16.0,9.0,3.0,-8.5,0.0
2021-06-09,yemen,173.0,18.0,28.0,64.9,2.0,0.0,8.0,48.0,17.0,-11.7,0.0
2021-06-10,drc,36.0,3.0,9.0,8.1,0.0,0.0,1.0,9.0,6.0,-33.0,0.0
2021-06-10,europe_east,705.0,101.0,75.0,700.8,0.0,0.0,41.0,74.0,28.0,-32.5,11.0
2021-06-10,iran,1275.0,129.0,135.0,1733.8,3.0,2.0,57.0,206.0,58.0,280.4,1.0
2021-06-10,israel,4071.0,757.0,811.0,-2203.9,16.0,3.0,229.0,753.0,416.0,-2161.4,58.0
2021-06-10,korea,596.0,47.0,52.0,1045.0,1.0,0.0,21.0,45.0,5.0,104.3,0.0
2021-06-10,libya,110.0,9.0,10.0,152.8,0.0,0.0,3.0,0.0,0.0,0.0,0.0
2021-06-10,scs,1395.0,133.0,121.0,1979.2,1.0,8.0,56.0,116.0,34.0,38.2,4.0
2021-06-10,southasia,5958.0,824.0,743.0,3914.3,21.0,8.0,358.0,11.0,3.0,13.9,1.0
2021-06-10,sudan,520.0,50.0,42.0,1120.9,5.0,1.0,15.0,10.0,4.0,10.8,1.0
2021-06-10,taiwan,548.0,61.0,41.0,973.0,3.0,1.0,21.0,61.0,29.0,-35.7,6.0
2021-06-10,ukraine,915.0,99.0,108.0,996.1,5.0,1.0,76.0,132.0,54.0,-98.5,21.0
2021-06-10,venezuela,227.0,36.0,30.0,54.5,0.0,0.0,22.0,48.0,7.0,-2.5,1.0
2021-06-10,yemen,351.0,48.0,66.0,-11.1,0.0,0.0,11.0,95.0,52.0,-297.4,0.0
2021-06-11,drc,26.0,2.0,1.0,61.3,0.0,1.0,0.0,4.0,2.0,10.0,0.0
2021-06-11,europe_east,884.0,113.0,92.0,769.2,1.0,0.0,56.0,126.0,32.0,48.4,13.0
2021-06-11,iran,1358.0,129.0,147.0,1347.5,4.0,1.0,71.0,349.0,84.0,320.2,4.0
2021-06-11,israel,3247.0,593.0,617.0,-1197.0,11.0,3.0,203.0,669.0,355.0,-1819.7,38.0
2021-06-11,korea,608.0,73.0,28.0,1082.4,0.0,0.0,17.0,27.0,6.0,-5.6,0.0
2021-06-11,libya,183.0,13.0,21.0,255.6,0.0,0.0,12.0,0.0,0.0,0.0,0.0
2021-06-11,scs,1249.0,129.0,165.0,1089.4,2.0,2.0,58.0,41.0,25.0,-117.1,0.0
2021-06-11,southasia,6225.0,903.0,824.0,3199.3,8.0,5.0,425.0,13.0,5.0,-12.2,5.0
2021-06-11,sudan,163.0,15.0,13.0,286.9,0.0,1.0,7.0,2.0,0.0,0.4,0.0
2021-06-11,taiwan,480.0,91.0,36.0,425.8,1.0,0.0,13.0,141.0,48.0,101.7,4.0
2021-06-11,ukraine,867.0,125.0,87.0,990.5,3.0,0.0,54.0,101.0,41.0,51.8,13.0
2021-06-11,venezuela,162.0,20.0,16.0,110.6,0.0,0.0,11.0,12.0,4.0,0.0,0.0
2021-06-11,yemen,281.0,30.0,59.0,-77.9,1.0,0.0,4.0,46.0,6.0,104.4,0.0
2021-06-12,drc,27.0,1.0,2.0,71.7,0.0,0.0,1.0,2.0,0.0,4.7,0.0
2021-06-12,europe_east,432.0,41.0,47.0,577.3,1.0,0.0,29.0,55.0,18.0,90.9,4.0
2021-06-12,iran,600.0,68.0,84.0,494.3,2.0,0.0,43.0,127.0,33.0,119.9,0.0
2021-06-12,israel,1664.0,291.0,370.0,-1338.7,16.0,4.0,106.0,379.0,235.0,-1410.7,37.0
2021-06-12,korea,469.0,57.0,20.0,740.3,0.0,1.0,12.0,36.0,12.0,25.4,4.0
2021-06-12,libya,98.0,6.0,12.0,154.6,0.0,0.0,5.0,0.0,0.0,0.0,0.0
2021-06-12,scs,1047.0,93.0,118.0,1110.0,3.0,6.0,39.0,43.0,12.0,59.6,2.0
2021-06-12,southasia,4795.0,757.0,708.0,449.0,2.0,12.0,304.0,30.0,9.0,36.0,1.0
2021-06-12,sudan,79.0,5.0,9.0,120.5,0.0,0.0,7.0,0.0,0.0,0.0,0.0
2021-06-12,taiwan,272.0,48.0,23.0,159.4,2.0,2.0,7.0,80.0,26.0,11.7,9.0
2021-06-12,ukraine,535.0,68.0,115.0,102.8,2.0,1.0,82.0,79.0,34.0,42.6,9.0
2021-06-12,venezuela,72.0,9.0,14.0,24.1,1.0,0.0,10.0,10.0,1.0,29.8,0.0
2021-06-12,yemen,110.0,18.0,21.0,-9.0,1.0,0.0,9.0,9.0,2.0,9.0,0.0
2021-06-13,drc,26.0,1.0,7.0,-12.4,0.0,0.0,1.0,0.0,0.0,0.0,0.0
2021-06-13,europe_east,356.0,46.0,34.0,356.1,0.0,1.0,18.0,45.0,7.0,54.5,4.0
2021-06-13,iran,869.0,173.0,83.0,542.8,12.0,4.0,33.0,243.0,100.0,55.1,5.0
2021-06-13,israel,3831.0,686.0,569.0,478.8,26.0,15.0,163.0,689.0,380.0,-1611.3,42.0
2021-06-13,korea,633.0,46.0,22.0,1101.1,1.0,2.0,6.0,18.0,7.0,-14.4,0.0
2021-06-13,libya,125.0,10.0,7.0,303.3,0.0,0.0,5.0,5.0,0.0,17.8,0.0
2021-06-13,scs,925.0,102.0,149.0,269.1,0.0,7.0,41.0,34.0,13.0,0.4,2.0
2021-06-13,southasia,3949.0,619.0,512.0,1569.8,8.0,4.0,213.0,32.0,9.0,45.0,1.0
2021-06-13,sudan,184.0,12.0,11.0,445.2,0.0,0.0,7.0,0.0,0.0,0.0,0.0
2021-06-13,taiwan,254.0,29.0,19.0,347.5,1.0,0.0,7.0,70.0,27.0,-36.6,15.0
2021-06-13,ukraine,347.0,29.0,52.0,271.8,3.0,2.0,39.0,43.0,25.0,-54.6,6.0
2021-06-13,venezuela,62.0,8.0,11.0,34.6,0.0,0.0,10.0,17.0,7.0,-16.4,5.0
2021-06-13,yemen,81.0,3.0,25.0,-110.5,0.0,0.0,1.0,14.0,4.0,-12.0,0.0
2021-06-14,drc,52.0,3.0,15.0,-31.5,0.0,0.0,3.0,5.0,5.0,-47.5,0.0
2021-06-14,europe_east,1022.0,90.0,65.0,1734.9,1.0,1.0,42.0,92.0,29.0,-3.9,1.0
2021-06-14,iran,1182.0,180.0,64.0,1963.3,5.0,1.0,33.0,241.0,67.0,385.5,0.0
2021-06-14,israel,5148.0,898.0,646.0,2893.3,31.0,13.0,261.0,785.0,382.0,-1049.8,56.0
2021-06-14,korea,752.0,86.0,45.0,1347.8,2.0,0.0,17.0,40.0,14.0,14.8,2.0
2021-06-14,libya,301.0,21.0,7.0,756.9,0.0,3.0,3.0,0.0,0.0,0.0,0.0
2021-06-14,scs,1472.0,199.0,132.0,1541.9,3.0,2.0,52.0,58.0,24.0,27.2,2.0
2021-06-14,southasia,5611.0,785.0,869.0,2064.0,14.0,19.0,374.0,3.0,0.0,4.8,0.0
2021-06-14,sudan,286.0,34.0,19.0,368.8,4.0,0.0,8.0,0.0,0.0,0.0,0.0
2021-06-14,taiwan,248.0,53.0,20.0,154.1,0.0,0.0,7.0,75.0,26.0,65.3,0.0
2021-06-14,ukraine,1216.0,151.0,110.0,2040.4,12.0,9.0,53.0,229.0,104.0,-66.5,23.0
2021-06-14,venezuela,90.0,11.0,5.0,157.0,0.0,0.0,5.0,3.0,0.0,0.8,0.0
2021-06-14,yemen,153.0,13.0,15.0,122.6,1.0,0.0,2.0,46.0,7.0,41.7,0.0
2021-06-15,drc,45.0,2.0,12.0,18.3,0.0,0.0,2.0,7.0,0.0,33.4,0.0
2021-06-15,europe_east,976.0,89.0,46.0,1921.5,4.0,0.0,37.0,81.0,10.0,179.5,5.0
2021-06-15,iran,1094.0,180.0,125.0,1046.0,5.0,0.0,59.0,249.0,67.0,318.0,4.0
2021-06-15,israel,4154.0,705.0,774.0,-1477.2,30.0,37.0,228.0,817.0,453.0,-2099.8,82.0
2021-06-15,korea,659.0,60.0,82.0,588.5,1.0,2.0,17.0,72.0,18.0,37.7,1.0
2021-06-15,libya,219.0,23.0,24.0,287.0,0.0,1.0,3.0,0.0,0.0,0.0,0.0
2021-06-15,scs,1697.0,225.0,175.0,1620.1,3.0,3.0,86.0,39.0,18.0,-38.9,0.0
2021-06-15,southasia,5999.0,978.0,896.0,1001.0,11.0,15.0,425.0,3.0,3.0,-6.0,0.0
2021-06-15,sudan,359.0,39.0,26.0,727.3,1.0,3.0,15.0,0.0,0.0,0.0,0.0
2021-06-15,taiwan,388.0,42.0,38.0,351.1,5.0,3.0,14.0,74.0,43.0,-121.7,10.0
2021-06-15,ukraine,1064.0,152.0,149.0,666.6,1.0,6.0,91.0,149.0,66.0,-95.7,13.0
2021-06-15,venezuela,121.0,7.0,8.0,211.1,0.0,0.0,1.0,21.0,3.0,49.4,2.0
2021-06-15,yemen,235.0,24.0,25.0,113.0,2.0,2.0,3.0,65.0,19.0,11.5,0.0
2021-06-16,drc,20.0,1.0,4.0,5.8,0.0,0.0,2.0,18.0,3.0,42.1,0.0
2021-06-16,europe_east,1155.0,136.0,105.0,1559.6,1.0,3.0,61.0,251.0,81.0,105.6,18.0
2021-06-16,iran,982.0,147.0,127.0,985.7,2.0,1.0,60.0,170.0,46.0,106.8,8.0
2021-06-16,israel,4078.0,689.0,771.0,-1183.6,29.0,10.0,255.0,837.0,480.0,-2355.4,86.0
2021-06-16,korea,821.0,76.0,91.0,1004.2,3.0,1.0,44.0,79.0,26.0,7.3,3.0
2021-06-16,libya,146.0,14.0,12.0,218.2,0.0,0.0,2.0,4.0,0.0,9.4,0.0
2021-06-16,scs,1445.0,156.0,193.0,1037.5,1.0,2.0,90.0,38.0,14.0,17.2,2.0
2021-06-16,southasia,6031.0,949.0,800.0,3144.0,8.0,10.0,396.0,10.0,2.0,-3.0,0.0
2021-06-16,sudan,540.0,42.0,45.0,915.1,0.0,2.0,6.0,4.0,4.0,-40.0,0.0
2021-06-16,taiwan,441.0,100.0,61.0,-31.6,5.0,5.0,13.0,245.0,115.0,-175.4,28.0
2021-06-16,ukraine,1155.0,151.0,147.0,1004.1,15.0,9.0,71.0,175.0,60.0,26.9,6.0
2021-06-16,venezuela,145.0,21.0,18.0,91.7,0.0,0.0,5.0,18.0,11.0,-13.4,4.0
2021-06-16,yemen,302.0,39.0,66.0,-120.2,3.0,2.0,25.0,88.0,17.0,178.8,6.0
2021-06-17,drc,33.0,2.0,2.0,67.4,0.0,0.0,2.0,10.0,0.0,31.6,0.0
2021-06-17,europe_east,911.0,105.0,79.0,1290.1,2.0,0.0,51.0,90.0,22.0,140.0,4.0
2021-06-17,iran,1358.0,194.0,192.0,1468.6,2.0,3.0,102.0,188.0,78.0,-16.2,9.0
2021-06-17,israel,3697.0,604.0,789.0,-2072.0,30.0,10.0,287.0,645.0,405.0,-2446.9,63.0
2021-06-17,korea,779.0,89.0,61.0,1008.3,2.0,0.0,32.0,73.0,3.0,209.8,0.0
2021-06-17,libya,233.0,29.0,26.0,308.1,3.0,1.0,7.0,5.0,0.0,16.4,0.0
2021-06-17,scs,1641.0,140.0,163.0,2061.7,1.0,1.0,62.0,36.0,7.0,104.1,2.0
2021-06-17,southasia,5890.0,910.0,832.0,2593.5,3.0,10.0,368.0,14.0,2.0,27.0,0.0
2021-06-17,sudan,192.0,20.0,14.0,318.6,1.0,0.0,2.0,0.0,0.0,0.0,0.0
2021-06-17,taiwan,424.0,94.0,37.0,263.3,7.0,2.0,8.0,156.0,94.0,-263.0,20.0
2021-06-17,ukraine,927.0,112.0,125.0,821.4,2.0,4.0,68.0,110.0,39.0,-39.6,3.0
2021-06-17,venezuela,222.0,15.0,20.0,453.7,0.0,0.0,16.0,21.0,2.0,39.4,0.0
2021-06-17,yemen,208.0,11.0,57.0,-187.0,0.0,2.0,19.0,50.0,20.0,-51.5,7.0
2021-06-18,drc,47.0,2.0,3.0,97.3,0.0,0.0,1.0,3.0,0.0,9.7,0.0
2021-06-18,europe_east,902.0,85.0,64.0,2094.3,0.0,0.0,34.0,56.0,20.0,-9.4,4.0
2021-06-18,iran,1059.0,167.0,118.0,1532.9,7.0,1.0,65.0,133.0,50.0,-93.0,4.0
2021-06-18,israel,3255.0,502.0,716.0,-2154.1,29.0,10.0,182.0,761.0,421.0,-2296.8,45.0
2021-06-18,korea,910.0,79.0,73.0,1584.5,1.0,9.0,26.0,155.0,41.0,223.9,8.0
2021-06-18,libya,223.0,11.0,58.0,-9.7,1.0,0.0,11.0,1.0,1.0,-10.0,0.0
2021-06-18,scs,1267.0,132.0,183.0,880.7,0.0,4.0,71.0,40.0,19.0,-8.7,6.0
2021-06-18,southasia,5799.0,970.0,810.0,1512.4,8.0,13.0,379.0,22.0,7.0,21.7,0.0
2021-06-18,sudan,227.0,22.0,30.0,244.5,1.0,4.0,8.0,1.0,1.0,-4.0,0.0
2021-06-18,taiwan,415.0,58.0,46.0,459.9,2.0,2.0,10.0,111.0,51.0,-82.7,17.0
2021-06-18,ukraine,839.0,105.0,145.0,337.5,1.0,10.0,102.0,106.0,50.0,-98.9,9.0
2021-06-18,venezuela,281.0,17.0,17.0,617.5,0.0,0.0,13.0,59.0,3.0,197.9,0.0
2021-06-18,yemen,163.0,16.0,53.0,-290.0,0.0,0.0,12.0,24.0,12.0,-60.7,4.0
2021-06-19,drc,8.0,0.0,0.0,19.1,0.0,0.0,0.0,6.0,2.0,4.0,0.0
2021-06-19,europe_east,295.0,28.0,35.0,277.5,0.0,0.0,20.0,28.0,9.0,16.2,0.0
2021-06-19,iran,1366.0,229.0,186.0,740.3,7.0,9.0,95.0,183.0,76.0,-90.8,12.0
2021-06-19,israel,1656.0,269.0,293.0,61.8,3.0,1.0,108.0,379.0,225.0,-1151.4,28.0
2021-06-19,korea,388.0,38.0,49.0,503.0,1.0,4.0,16.0,58.0,11.0,87.8,3.0
2021-06-19,libya,111.0,4.0,10.0,222.5,0.0,0.0,1.0,0.0,0.0,0.0,0.0
2021-06-19,scs,718.0,59.0,77.0,917.0,0.0,3.0,25.0,14.0,6.0,-2.3,0.0
2021-06-19,southasia,4861.0,692.0,652.0,2904.2,12.0,12.0,287.0,5.0,1.0,6.7,0.0
2021-06-19,sudan,167.0,18.0,19.0,317.6,0.0,3.0,5.0,0.0,0.0,0.0,0.0
2021-06-19,taiwan,294.0,27.0,51.0,188.7,0.0,0.0,16.0,60.0,30.0,-69.1,2.0
2021-06-19,ukraine,419.0,45.0,70.0,214.3,2.0,8.0,49.0,73.0,29.0,-87.4,15.0
2021-06-19,venezuela,133.0,12.0,12.0,199.8,0.0,0.0,4.0,26.0,2.0,61.5,0.0
2021-06-19,yemen,130.0,25.0,37.0,-157.5,1.0,0.0,15.0,20.0,11.0,-20.8,5.0
2021-06-20,drc,9.0,0.0,0.0,21.6,0.0,0.0,0.0,2.0,2.0,-10.0,2.0
2021-06-20,europe_east,339.0,22.0,25.0,729.3,0.0,0.0,16.0,41.0,10.0,73.3,0.0
2021-06-20,iran,1647.0,205.0,153.0,2880.5,7.0,0.0,71.0,376.0,104.0,417.8,6.0
2021-06-20,israel,2644.0,412.0,407.0,533.1,5.0,3.0,162.0,560.0,254.0,-660.9,42.0
2021-06-20,korea,394.0,25.0,43.0,636.6,0.0,1.0,17.0,49.0,5.0,104.0,0.0
2021-06-20,libya,356.0,29.0,70.0,319.7,0.0,2.0,18.0,0.0,0.0,0.0,0.0
2021-06-20,scs,796.0,62.0,112.0,780.5,0.0,1.0,42.0,33.0,15.0,-41.8,2.0
2021-06-20,southasia,4237.0,582.0,570.0,2787.3,8.0,4.0,273.0,12.0,3.0,32.4,0.0
2021-06-20,sudan,147.0,18.0,14.0,269.5,0.0,0.0,5.0,0.0,0.0,0.0,0.0
2021-06-20,taiwan,332.0,50.0,43.0,195.7,0.0,0.0,14.0,192.0,71.0,14.3,7.0
2021-06-20,ukraine,265.0,37.0,35.0,225.4,0.0,1.0,25.0,29.0,10.0,-10.7,2.0
2021-06-20,venezuela,66.0,4.0,4.0,112.4,0.0,0.0,3.0,10.0,0.0,25.3,0.0
2021-06-20,yemen,141.0,27.0,35.0,-169.6,2.0,0.0,5.0,20.0,6.0,14.2,0.0
2021-06-21,drc,7.0,1.0,3.0,-22.2,0.0,0.0,0.0,0.0,0.0,0.0,0.0
2021-06-21,europe_east,623.0,76.0,61.0,771.0,0.0,2.0,36.0,71.0,34.0,2.6,8.0
2021-06-21,iran,1770.0,246.0,216.0,1589.1,2.0,0.0,128.0,442.0,140.0,392.1,9.0
2021-06-21,israel,3122.0,494.0,474.0,1017.1,16.0,5.0,164.0,545.0,247.0,-485.2,43.0
2021-06-21,korea,873.0,42.0,54.0,2030.5,0.0,1.0,25.0,199.0,3.0,545.5,0.0
2021-06-21,libya,305.0,21.0,39.0,439.3,1.0,0.0,16.0,4.0,0.0,4.0,0.0
2021-06-21,scs,1557.0,126.0,164.0,2111.2,2.0,2.0,84.0,48.0,4.0,178.2,0.0
2021-06-21,southasia,6342.0,983.0,862.0,2648.6,12.0,15.0,324.0,40.0,30.0,-191.2,0.0
2021-06-21,sudan,392.0,23.0,28.0,866.9,0.0,0.0,3.0,0.0,0.0,0.0,0.0
2021-06-21,taiwan,332.0,48.0,29.0,480.6,0.0,0.0,9.0,103.0,35.0,71.0,1.0
2021-06-21,ukraine,1135.0,141.0,239.0,-83.1,1.0,3.0,178.0,37.0,20.0,-55.4,6.0
2021-06-21,venezuela,84.0,21.0,8.0,34.1,0.0,0.0,5.0,9.0,5.0,-5.0,0.0
2021-06-21,yemen,180.0,22.0,44.0,-153.6,1.0,0.0,8.0,38.0,11.0,48.7,2.0
2021-06-22,drc,19.0,1.0,1.0,49.2,0.0,0.0,1.0,2.0,2.0,-10.0,2.0
2021-06-22,europe_east,687.0,72.0,79.0,708.6,2.0,5.0,38.0,80.0,31.0,-50.8,9.0
2021-06-22,iran,1424.0,257.0,208.0,371.0,2.0,0.0,116.0,277.0,94.0,129.9,6.0
2021-06-22,israel,2975.0,468.0,624.0,-1418.4,13.0,3.0,216.0,544.0,307.0,-1282.6,52.0
2021-06-22,korea,1092.0,113.0,76.0,1667.1,0.0,0.0,23.0,211.0,36.0,321.2,0.0
2021-06-22,libya,493.0,23.0,60.0,688.1,1.0,1.0,24.0,4.0,0.0,6.7,0.0
2021-06-22,scs,1535.0,181.0,183.0,1405.1,2.0,3.0,80.0,29.0,8.0,79.5,0.0
2021-06-22,southasia,6924.0,1038.0,806.0,5072.3,20.0,17.0,393.0,46.0,18.0,28.4,2.0
2021-06-22,sudan,373.0,36.0,34.0,399.8,0.0,0.0,15.0,5.0,0.0,19.0,0.0
2021-06-22,taiwan,336.0,38.0,37.0,378.9,3.0,1.0,9.0,74.0,26.0,47.0,2.0
2021-06-22,ukraine,888.0,128.0,189.0,60.5,3.0,3.0,122.0,68.0,43.0,-178.3,16.0
2021-06-22,venezuela,297.0,107.0,36.0,-53.0,1.0,0.0,22.0,12.0,7.0,-11.8,3.0
2021-06-22,yemen,171.0,27.0,48.0,-229.7,4.0,0.0,6.0,71.0,21.0,80.6,2.0
2021-06-23,drc,22.0,3.0,0.0,40.5,0.0,0.0,0.0,0.0,0.0,0.0,0.0
2021-06-23,europe_east,724.0,99.0,76.0,798.4,1.0,4.0,44.0,53.0,34.0,-103.0,11.0
2021-06-23,iran,1234.0,268.0,168.0,52.5,6.0,0.0,95.0,320.0,118.0,246.9,12.0
2021-06-23,israel,3046.0,482.0,502.0,-208.1,12.0,4.0,166.0,556.0,286.0,-1111.8,27.0
2021-06-23,korea,729.0,94.0,68.0,915.2,4.0,1.0,34.0,158.0,40.0,234.9,1.0
2021-06-23,libya,574.0,39.0,51.0,1022.7,0.0,1.0,15.0,3.0,3.0,-28.0,0.0
2021-06-23,scs,1565.0,138.0,164.0,1824.4,3.0,0.0,64.0,45.0,16.0,-4.1,4.0
2021-06-23,southasia,6291.0,1007.0,794.0,3124.8,4.0,30.0,321.0,46.0,28.0,-130.0,8.0
2021-06-23,sudan,336.0,26.0,27.0,378.8,0.0,1.0,4.0,0.0,0.0,0.0,0.0
2021-06-23,taiwan,331.0,50.0,33.0,373.0,1.0,0.0,18.0,64.0,20.0,66.3,2.0
2021-06-23,ukraine,1205.0,158.0,204.0,683.5,21.0,5.0,125.0,175.0,87.0,-414.1,17.0
2021-06-23,venezuela,159.0,21.0,28.0,99.7,0.0,0.0,17.0,8.0,2.0,7.4,0.0
2021-06-23,yemen,123.0,16.0,35.0,-207.9,1.0,0.0,5.0,26.0,12.0,-31.7,0.0
2021-06-24,drc,25.0,2.0,1.0,33.5,0.0,0.0,0.0,4.0,0.0,21.0,0.0
2021-06-24,europe_east,706.0,89.0,42.0,1021.7,0.0,1.0,23.0,90.0,28.0,148.8,9.0
2021-06-24,iran,1187.0,198.0,197.0,127.9,2.0,3.0,63.0,269.0,97.0,-8.6,2.0
2021-06-24,israel,3659.0,612.0,640.0,-351.0,12.0,5.0,286.0,634.0,302.0,-891.3,57.0
2021-06-24,korea,799.0,116.0,93.0,744.3,1.0,0.0,37.0,98.0,33.0,45.2,2.0
2021-06-24,libya,415.0,32.0,45.0,728.5,0.0,5.0,18.0,5.0,1.0,0.4,0.0
2021-06-24,scs,2217.0,170.0,264.0,2115.5,1.0,4.0,76.0,60.0,23.0,33.6,3.0
2021-06-24,southasia,7496.0,1048.0,924.0,4892.8,9.0,22.0,413.0,54.0,9.0,92.6,4.0
2021-06-24,sudan,393.0,41.0,34.0,448.6,0.0,0.0,7.0,2.0,1.0,-0.6,0.0
2021-06-24,taiwan,447.0,83.0,49.0,278.9,4.0,4.0,22.0,146.0,46.0,132.1,13.0
2021-06-24,ukraine,1129.0,211.0,173.0,255.7,16.0,11.0,113.0,211.0,95.0,-387.8,25.0
2021-06-24,venezuela,161.0,18.0,25.0,94.3,2.0,0.0,7.0,16.0,4.0,6.4,2.0
2021-06-24,yemen,113.0,14.0,26.0,-149.8,1.0,0.0,4.0,15.0,0.0,36.6,0.0
2021-06-25,drc,35.0,0.0,1.0,96.0,0.0,0.0,0.0,12.0,0.0,44.8,0.0
2021-06-25,europe_east,839.0,111.0,53.0,1014.7,0.0,0.0,33.0,155.0,27.0,165.6,6.0
2021-06-25,iran,955.0,167.0,138.0,178.7,1.0,1.0,56.0,173.0,57.0,94.1,5.0
2021-06-25,israel,3117.0,586.0,569.0,-1314.8,10.0,2.0,228.0,534.0,291.0,-1178.6,30.0
2021-06-25,korea,554.0,53.0,76.0,631.2,0.0,1.0,35.0,42.0,5.0,103.5,0.0
2021-06-25,libya,240.0,31.0,17.0,322.5,1.0,0.0,3.0,4.0,0.0,17.0,0.0
2021-06-25,scs,1635.0,132.0,197.0,1731.3,1.0,6.0,60.0,81.0,25.0,126.8,9.0
2021-06-25,southasia,6110.0,974.0,831.0,2147.4,7.0,20.0,400.0,42.0,8.0,47.9,0.0
2021-06-25,sudan,278.0,31.0,18.0,367.1,5.0,0.0,9.0,1.0,1.0,-5.0,1.0
2021-06-25,taiwan,382.0,55.0,55.0,245.4,9.0,3.0,28.0,126.0,52.0,-109.0,19.0
2021-06-25,ukraine,1231.0,155.0,252.0,171.5,3.0,13.0,185.0,185.0,96.0,-341.6,33.0
2021-06-25,venezuela,201.0,21.0,26.0,179.1,1.0,0.0,18.0,35.0,8.0,24.8,3.0
2021-06-25,yemen,90.0,10.0,12.0,35.7,2.0,0.0,0.0,29.0,12.0,-68.6,2.0
2021-06-26,drc,18.0,0.0,1.0,41.6,0.0,0.0,0.0,42.0,2.0,196.1,0.0
2021-06-26,europe_east,371.0,58.0,44.0,332.9,2.0,0.0,13.0,23.0,8.0,-13.4,3.0
2021-06-26,iran,775.0,129.0,110.0,293.8,0.0,2.0,39.0,186.0,65.0,152.3,7.0
2021-06-26,israel,1616.0,272.0,301.0,-560.8,4.0,9.0,134.0,267.0,137.0,-561.4,26.0
2021-06-26,korea,228.0,21.0,35.0,252.6,0.0,2.0,11.0,27.0,7.0,7.0,1.0
2021-06-26,libya,87.0,8.0,10.0,101.6,0.0,0.0,8.0,0.0,0.0,0.0,0.0
2021-06-26,scs,1093.0,113.0,117.0,1172.7,7.0,2.0,43.0,33.0,12.0,15.0,1.0
2021-06-26,southasia,4875.0,788.0,641.0,1981.1,9.0,14.0,313.0,27.0,12.0,-27.6,3.0
2021-06-26,sudan,186.0,14.0,19.0,446.0,0.0,0.0,10.0,0.0,0.0,0.0,0.0
2021-06-26,taiwan,202.0,14.0,47.0,112.9,0.0,2.0,29.0,29.0,8.0,-13.3,4.0
2021-06-26,ukraine,301.0,55.0,58.0,-99.9,1.0,2.0,32.0,44.0,27.0,-133.9,7.0
2021-06-26,venezuela,173.0,26.0,37.0,-32.2,3.0,0.0,12.0,59.0,0.0,136.7,0.0
2021-06-26,yemen,100.0,21.0,29.0,-226.3,0.0,0.0,3.0,13.0,7.0,-46.5,0.0
2021-06-27,drc,37.0,6.0,15.0,-69.0,0.0,0.0,6.0,61.0,6.0,281.4,0.0
2021-06-27,europe_east,358.0,51.0,22.0,468.6,0.0,0.0,8.0,24.0,9.0,-13.2,0.0
2021-06-27,iran,663.0,128.0,79.0,183.3,2.0,1.0,33.0,204.0,62.0,47.6,1.0
2021-06-27,israel,2511.0,385.0,423.0,-281.4,0.0,12.0,142.0,367.0,177.0,-739.8,20.0
2021-06-27,korea,280.0,30.0,33.0,254.8,1.0,2.0,15.0,31.0,8.0,36.0,5.0
2021-06-27,libya,186.0,18.0,24.0,146.2,0.0,0.0,3.0,0.0,0.0,0.0,0.0
2021-06-27,scs,1033.0,87.0,110.0,1335.1,0.0,3.0,53.0,9.0,2.0,15.8,0.0
2021-06-27,southasia,4330.0,679.0,629.0,874.9,2.0,20.0,224.0,27.0,15.0,-52.8,1.0
2021-06-27,sudan,257.0,15.0,38.0,443.4,1.0,1.0,8.0,1.0,1.0,-7.0,1.0
2021-06-27,taiwan,125.0,14.0,11.0,163.5,2.0,0.0,3.0,31.0,6.0,64.6,3.0
2021-06-27,ukraine,274.0,44.0,30.0,-3.6,0.0,2.0,11.0,53.0,32.0,-112.6,7.0
2021-06-27,venezuela,89.0,5.0,31.0,-108.5,0.0,0.0,8.0,10.0,0.0,23.5,0.0
2021-06-27,yemen,116.0,15.0,48.0,-388.8,0.0,0.0,3.0,33.0,17.0,-99.8,0.0
2021-06-28,drc,38.0,7.0,17.0,-136.9,1.0,0.0,6.0,8.0,1.0,50.0,0.0
2021-06-28,europe_east,691.0,81.0,73.0,810.1,0.0,2.0,37.0,30.0,10.0,64.4,3.0
2021-06-28,iran,1555.0,273.0,324.0,-969.5,24.0,2.0,68.0,366.0,168.0,-525.1,12.0
2021-06-28,israel,3577.0,569.0,619.0,-772.9,13.0,8.0,216.0,630.0,282.0,-873.6,39.0
2021-06-28,korea,607.0,46.0,70.0,664.0,2.0,0.0,28.0,81.0,16.0,7.8,3.0
2021-06-28,libya,254.0,29.0,24.0,340.0,0.0,0.0,11.0,2.0,0.0,6.0,0.0
2021-06-28,scs,1524.0,163.0,144.0,1946.2,2.0,5.0,42.0,33.0,7.0,94.3,1.0
2021-06-28,southasia,6401.0,1068.0,985.0,616.1,14.0,31.0,402.0,48.0,17.0,35.6,4.0
2021-06-28,sudan,434.0,55.0,49.0,561.4,1.0,0.0,12.0,1.0,1.0,-7.0,1.0
2021-06-28,taiwan,226.0,23.0,39.0,33.2,0.0,0.0,18.0,63.0,27.0,-65.0,4.0
2021-06-28,ukraine,699.0,100.0,124.0,288.5,3.0,2.0,78.0,105.0,39.0,13.6,10.0
2021-06-28,venezuela,281.0,27.0,28.0,333.0,0.0,0.0,10.0,41.0,9.0,61.7,0.0
2021-06-28,yemen,153.0,18.0,35.0,-158.1,2.0,0.0,2.0,49.0,30.0,-165.3,5.0
2021-06-29,drc,35.0,2.0,4.0,67.3,0.0,0.0,4.0,3.0,2.0,-10.6,0.0
2021-06-29,europe_east,982.0,107.0,59.0,1831.3,2.0,4.0,21.0,84.0,26.0,43.5,6.0
2021-06-29,iran,1409.0,196.0,269.0,-185.9,16.0,8.0,63.0,363.0,119.0,-74.9,6.0
2021-06-29,israel,4625.0,454.0,591.0,3637.1,4.0,5.0,204.0,632.0,247.0,-712.9,39.0
2021-06-29,korea,582.0,61.0,68.0,608.0,1.0,3.0,39.0,57.0,14.0,-3.4,0.0
2021-06-29,libya,233.0,32.0,20.0,276.9,0.0,0.0,9.0,0.0,0.0,0.0,0.0
2021-06-29,scs,1543.0,205.0,180.0,1541.2,0.0,4.0,82.0,24.0,5.0,77.0,0.0
2021-06-29,southasia,6680.0,995.0,1012.0,811.6,15.0,20.0,423.0,32.0,22.0,-126.9,5.0
2021-06-29,sudan,353.0,67.0,32.0,376.8,0.0,0.0,18.0,0.0,0.0,0.0,0.0
2021-06-29,taiwan,319.0,41.0,30.0,406.1,0.0,6.0,11.0,98.0,34.0,1.3,12.0
2021-06-29,ukraine,788.0,99.0,109.0,576.4,1.0,1.0,74.0,83.0,31.0,-6.3,13.0
2021-06-29,venezuela,228.0,18.0,19.0,295.3,0.0,0.0,3.0,44.0,4.0,86.2,0.0
2021-06-29,yemen,155.0,18.0,54.0,-344.9,1.0,0.0,6.0,21.0,11.0,-24.7,0.0
2021-06-30,drc,20.0,0.0,2.0,32.3,0.0,0.0,1.0,6.0,0.0,24.0,0.0
2021-06-30,europe_east,876.0,98.0,87.0,1508.0,2.0,1.0,46.0,56.0,16.0,54.8,11.0
2021-06-30,iran,1098.0,142.0,119.0,1336.0,4.0,1.0,37.0,204.0,57.0,111.8,3.0
2021-06-30,israel,3573.0,425.0,498.0,2338.7,9.0,6.0,159.0,525.0,236.0,-760.7,44.0
2021-06-30,korea,727.0,110.0,73.0,632.4,2.0,0.0,20.0,60.0,29.0,-111.8,1.0
2021-06-30,libya,176.0,21.0,26.0,148.7,3.0,0.0,8.0,0.0,0.0,0.0,0.0
2021-06-30,scs,1483.0,142.0,176.0,1727.1,2.0,1.0,76.0,34.0,8.0,26.8,0.0
2021-06-30,southasia,6410.0,1086.0,923.0,1048.2,11.0,14.0,369.0,19.0,8.0,-62.6,0.0
2021-06-30,sudan,364.0,69.0,46.0,218.2,0.0,1.0,36.0,2.0,0.0,2.0,0.0
2021-06-30,taiwan,374.0,33.0,49.0,459.5,1.0,5.0,17.0,82.0,39.0,-16.3,12.0
2021-06-30,ukraine,682.0,109.0,123.0,72.2,0.0,1.0,73.0,155.0,73.0,-262.3,18.0
2021-06-30,venezuela,161.0,20.0,10.0,312.5,0.0,0.0,6.0,24.0,9.0,-13.6,5.0
2021-06-30,yemen,187.0,22.0,56.0,-318.3,0.0,0.0,13.0,52.0,20.0,-85.9,1.0
2021-07-01,drc,33.0,3.0,11.0,-83.6,0.0,0.0,1.0,0.0,0.0,0.0,0.0
2021-07-01,europe_east,881.0,108.0,85.0,1586.8,0.0,2.0,56.0,62.0,22.0,-11.0,0.0
2021-07-01,iran,661.0,80.0,101.0,256.2,4.0,1.0,29.0,84.0,24.0,28.9,2.0
2021-07-01,israel,2977.0,415.0,428.0,1165.4,10.0,6.0,157.0,439.0,187.0,-412.3,42.0
2021-07-01,korea,630.0,89.0,67.0,881.8,1.0,3.0,31.0,45.0,20.0,-58.8,1.0
2021-07-01,libya,197.0,28.0,25.0,63.7,0.0,0.0,3.0,9.0,1.0,22.0,0.0
2021-07-01,scs,1425.0,183.0,185.0,1417.9,5.0,7.0,73.0,44.0,7.0,36.7,3.0
2021-07-01,southasia,6044.0,930.0,800.0,2814.4,7.0,13.0,340.0,42.0,4.0,126.2,0.0
2021-07-01,sudan,348.0,50.0,63.0,267.7,0.0,8.0,27.0,0.0,0.0,0.0,0.0
2021-07-01,taiwan,471.0,59.0,34.0,743.9,5.0,0.0,17.0,142.0,67.0,-67.0,9.0
2021-07-01,ukraine,732.0,83.0,107.0,454.4,2.0,0.0,65.0,118.0,59.0,-175.4,10.0
2021-07-01,venezuela,167.0,18.0,16.0,253.1,0.0,0.0,3.0,19.0,4.0,25.9,0.0
2021-07-01,yemen,163.0,19.0,36.0,-23.8,2.0,1.0,4.0,41.0,10.0,55.7,0.0
2021-07-02,drc,44.0,3.0,11.0,-62.4,0.0,0.0,0.0,9.0,0.0,13.2,0.0
2021-07-02,europe_east,1027.0,111.0,85.0,1649.0,1.0,2.0,39.0,117.0,34.0,9.7,9.0
2021-07-02,iran,735.0,108.0,107.0,311.2,6.0,3.0,40.0,107.0,42.0,-115.9,2.0
2021-07-02,israel,2614.0,391.0,443.0,-271.4,4.0,6.0,143.0,333.0,170.0,-735.4,23.0
2021-07-02,korea,398.0,67.0,40.0,479.2,1.0,0.0,17.0,46.0,11.0,118.0,0.0
2021-07-02,libya,254.0,46.0,42.0,-23.8,2.0,0.0,15.0,13.0,5.0,0.0,0.0
2021-07-02,scs,1421.0,151.0,154.0,1804.7,0.0,25.0,60.0,41.0,9.0,52.3,0.0
2021-07-02,southasia,6323.0,1010.0,790.0,3385.3,17.0,9.0,350.0,63.0,26.0,62.9,5.0
2021-07-02,sudan,320.0,48.0,43.0,386.7,0.0,0.0,23.0,3.0,3.0,-30.0,0.0
2021-07-02,taiwan,316.0,49.0,37.0,277.9,3.0,0.0,15.0,64.0,39.0,-97.4,4.0
2021-07-02,ukraine,776.0,93.0,166.0,-86.2,2.0,2.0,103.0,73.0,40.0,-142.3,24.0
2021-07-02,venezuela,139.0,45.0,15.0,52.0,0.0,0.0,13.0,24.0,9.0,11.8,0.0
2021-07-02,yemen,86.0,4.0,20.0,47.3,0.0,0.0,4.0,52.0,11.0,34.3,0.0
2021-07-03,drc,6.0,1.0,0.0,13.7,0.0,0.0,0.0,0.0,0.0,0.0,0.0
2021-07-03,europe_east,522.0,47.0,44.0,909.5,0.0,0.0,30.0,87.0,24.0,-50.2,15.0
2021-07-03,iran,490.0,74.0,122.0,-584.0,3.0,1.0,26.0,138.0,63.0,-175.0,2.0
2021-07-03,israel,1324.0,203.0,365.0,-2108.2,6.0,10.0,68.0,344.0,260.0,-1778.0,30.0
2021-07-03,korea,117.0,15.0,8.0,190.2,1.0,0.0,4.0,4.0,0.0,11.4,0.0
2021-07-03,libya,192.0,24.0,31.0,130.6,1.0,0.0,14.0,6.0,6.0,-38.0,1.0
2021-07-03,scs,790.0,69.0,93.0,882.3,0.0,0.0,38.0,20.0,7.0,-4.0,2.0
2021-07-03,southasia,4965.0,774.0,662.0,2000.6,8.0,8.0,315.0,20.0,12.0,-43.0,2.0
2021-07-03,sudan,92.0,17.0,14.0,26.2,0.0,1.0,3.0,0.0,0.0,0.0,0.0
2021-07-03,taiwan,282.0,28.0,33.0,265.8,1.0,0.0,9.0,48.0,25.0,-66.1,0.0
2021-07-03,ukraine,521.0,83.0,149.0,-515.3,2.0,0.0,92.0,106.0,72.0,-335.1,31.0
2021-07-03,venezuela,128.0,26.0,43.0,-190.7,0.0,0.0,30.0,19.0,3.0,-2.6,0.0
2021-07-03,yemen,82.0,19.0,10.0,-52.3,0.0,0.0,0.0,31.0,11.0,-19.1,2.0
2021-07-04,drc,19.0,1.0,0.0,50.0,0.0,0.0,0.0,2.0,0.0,6.8,0.0
2021-07-04,europe_east,281.0,41.0,52.0,-14.0,0.0,2.0,17.0,42.0,22.0,-89.8,10.0
2021-07-04,iran,585.0,96.0,127.0,-302.7,4.0,1.0,36.0,151.0,83.0,-309.3,5.0
2021-07-04,israel,2274.0,365.0,616.0,-3190.7,4.0,7.0,170.0,549.0,384.0,-2604.7,52.0
2021-07-04,korea,211.0,24.0,21.0,242.6,0.0,0.0,10.0,17.0,3.0,8.6,0.0
2021-07-04,libya,194.0,15.0,20.0,457.5,0.0,0.0,14.0,4.0,1.0,5.1,1.0
2021-07-04,scs,1194.0,80.0,233.0,370.9,3.0,11.0,40.0,8.0,5.0,-13.5,0.0
2021-07-04,southasia,4036.0,678.0,498.0,1611.4,14.0,5.0,234.0,13.0,5.0,25.5,0.0
2021-07-04,sudan,163.0,12.0,20.0,242.9,0.0,0.0,13.0,0.0,0.0,0.0,0.0
2021-07-04,taiwan,161.0,20.0,26.0,22.3,0.0,1.0,7.0,45.0,20.0,-36.6,5.0
2021-07-04,ukraine,294.0,53.0,60.0,-54.2,1.0,0.0,32.0,86.0,56.0,-271.0,19.0
2021-07-04,venezuela,85.0,10.0,12.0,46.1,0.0,0.0,9.0,9.0,1.0,8.8,0.0
2021-07-04,yemen,101.0,1.0,36.0,-182.7,0.0,0.0,2.0,14.0,1.0,30.3,1.0
2021-07-05,drc,14.0,0.0,1.0,44.1,0.0,0.0,0.0,4.0,2.0,-9.7,2.0
2021-07-05,europe_east,725.0,64.0,102.0,830.7,1.0,9.0,45.0,54.0,11.0,44.6,6.0
2021-07-05,iran,786.0,107.0,165.0,-33.8,2.0,0.0,45.0,155.0,75.0,-136.3,3.0
2021-07-05,israel,2479.0,370.0,442.0,-142.6,4.0,11.0,179.0,462.0,225.0,-839.4,40.0
2021-07-05,korea,422.0,42.0,35.0,641.1,3.0,0.0,7.0,34.0,12.0,-13.0,7.0
2021-07-05,libya,255.0,18.0,30.0,519.8,2.0,0.0,12.0,6.0,3.0,-12.9,1.0
2021-07-05,scs,1711.0,151.0,247.0,1053.1,3.0,17.0,57.0,22.0,6.0,21.2,6.0
2021-07-05,southasia,6247.0,967.0,944.0,1392.3,16.0,5.0,437.0,21.0,13.0,-24.7,2.0
2021-07-05,sudan,241.0,26.0,15.0,579.1,3.0,1.0,8.0,3.0,2.0,-0.6,0.0
2021-07-05,taiwan,237.0,32.0,17.0,334.3,0.0,0.0,2.0,33.0,13.0,0.8,4.0
2021-07-05,ukraine,727.0,77.0,128.0,484.8,2.0,5.0,75.0,87.0,53.0,-316.5,15.0
2021-07-05,venezuela,195.0,28.0,23.0,145.7,0.0,0.0,13.0,13.0,3.0,4.8,1.0
2021-07-05,yemen,199.0,32.0,36.0,-18.3,0.0,0.0,6.0,22.0,15.0,-83.4,0.0
2021-07-06,drc,54.0,4.0,11.0,8.2,0.0,0.0,4.0,9.0,2.0,-4.0,0.0
2021-07-06,europe_east,939.0,88.0,138.0,1002.4,3.0,8.0,83.0,169.0,77.0,-89.8,28.0
2021-07-06,iran,972.0,177.0,168.0,-138.0,6.0,4.0,58.0,226.0,113.0,-91.9,7.0
2021-07-06,israel,3089.0,583.0,459.0,959.0,11.0,7.0,189.0,523.0,280.0,-824.4,42.0
2021-07-06,korea,664.0,52.0,72.0,1118.0,0.0,0.0,31.0,35.0,22.0,-116.5,3.0
2021-07-06,libya,276.0,32.0,35.0,307.1,1.0,0.0,8.0,4.0,0.0,15.5,0.0
2021-07-06,scs,1606.0,176.0,226.0,974.9,6.0,23.0,70.0,42.0,22.0,-34.7,4.0
2021-07-06,southasia,6894.0,1102.0,947.0,2751.7,5.0,7.0,501.0,12.0,4.0,12.1,0.0
2021-07-06,sudan,616.0,69.0,75.0,903.2,0.0,7.0,17.0,4.0,0.0,0.4,0.0
2021-07-06,taiwan,590.0,71.0,50.0,831.1,1.0,3.0,25.0,155.0,50.0,5.3,4.0
2021-07-06,ukraine,969.0,149.0,187.0,105.3,4.0,3.0,144.0,63.0,28.0,-73.6,7.0
2021-07-06,venezuela,224.0,35.0,33.0,36.1,0.0,0.0,19.0,91.0,26.0,35.4,1.0
2021-07-06,yemen,298.0,44.0,52.0,-22.0,2.0,4.0,14.0,82.0,40.0,-161.2,3.0
2021-07-07,drc,38.0,7.0,5.0,-13.9,5.0,0.0,0.0,5.0,3.0,-5.6,0.0
2021-07-07,europe_east,1080.0,103.0,109.0,1728.5,0.0,3.0,72.0,215.0,111.0,-258.6,28.0
2021-07-07,iran,1253.0,210.0,162.0,802.5,20.0,7.0,29.0,236.0,108.0,-96.5,18.0
2021-07-07,israel,2741.0,481.0,431.0,85.4,20.0,3.0,149.0,499.0,247.0,-725.4,42.0
2021-07-07,korea,595.0,64.0,75.0,683.7,2.0,3.0,42.0,67.0,22.0,65.9,5.0
2021-07-07,libya,139.0,12.0,17.0,84.9,0.0,0.0,1.0,0.0,0.0,0.0,0.0
2021-07-07,scs,1357.0,123.0,167.0,1541.9,3.0,7.0,56.0,42.0,11.0,-31.3,3.0
2021-07-07,southasia,6818.0,958.0,859.0,4457.0,19.0,13.0,358.0,55.0,14.0,4.1,4.0
2021-07-07,sudan,458.0,43.0,34.0,1027.0,0.0,0.0,12.0,1.0,0.0,3.4,0.0
2021-07-07,taiwan,447.0,61.0,42.0,523.8,6.0,1.0,16.0,100.0,48.0,-83.6,7.0
2021-07-07,ukraine,1057.0,139.0,156.0,684.1,1.0,2.0,87.0,113.0,43.0,55.3,7.0
2021-07-07,venezuela,214.0,30.0,26.0,269.0,0.0,0.0,12.0,61.0,11.0,97.4,0.0
2021-07-07,yemen,231.0,16.0,61.0,-86.0,2.0,0.0,15.0,51.0,13.0,-17.1,3.0
2021-07-08,drc,42.0,8.0,4.0,25.9,4.0,0.0,0.0,8.0,3.0,-4.0,0.0
2021-07-08,europe_east,1016.0,95.0,122.0,1324.0,0.0,1.0,76.0,107.0,61.0,-194.9,13.0
2021-07-08,iran,1349.0,195.0,194.0,701.5,24.0,4.0,62.0,200.0,85.0,12.6,4.0
2021-07-08,israel,3161.0,560.0,593.0,-1016.0,17.0,3.0,296.0,563.0,348.0,-1421.8,103.0
2021-07-08,korea,605.0,101.0,79.0,293.9,5.0,5.0,26.0,54.0,14.0,55.4,2.0
2021-07-08,libya,192.0,23.0,18.0,240.7,0.0,0.0,8.0,2.0,0.0,4.7,0.0
2021-07-08,scs,1575.0,162.0,118.0,2718.4,1.0,5.0,53.0,41.0,14.0,-17.8,0.0
2021-07-08,southasia,6383.0,882.0,763.0,4400.6,14.0,10.0,299.0,51.0,16.0,-59.2,2.0
2021-07-08,sudan,482.0,50.0,73.0,397.8,0.0,0.0,10.0,0.0,0.0,0.0,0.0
2021-07-08,taiwan,384.0,48.0,28.0,588.0,1.0,0.0,10.0,102.0,40.0,9.1,4.0
2021-07-08,ukraine,890.0,120.0,128.0,562.8,3.0,0.0,86.0,48.0,18.0,46.4,2.0
2021-07-08,venezuela,202.0,27.0,37.0,-20.6,5.0,1.0,8.0,29.0,6.0,22.9,0.0
2021-07-08,yemen,218.0,15.0,17.0,385.7,0.0,0.0,5.0,64.0,15.0,32.8,1.0
2021-07-09,drc,21.0,4.0,1.0,22.1,0.0,0.0,0.0,10.0,0.0,23.2,0.0
2021-07-09,europe_east,870.0,71.0,132.0,868.6,0.0,2.0,78.0,60.0,34.0,-118.9,15.0
2021-07-09,iran,997.0,124.0,151.0,696.1,18.0,3.0,46.0,121.0,58.0,-161.8,13.0
2021-07-09,israel,2492.0,390.0,428.0,-220.0,8.0,8.0,155.0,379.0,206.0,-801.0,49.0
2021-07-09,korea,665.0,93.0,81.0,491.0,11.0,2.0,31.0,105.0,38.0,-31.7,3.0
2021-07-09,libya,109.0,8.0,22.0,114.3,0.0,0.0,12.0,0.0,0.0,0.0,0.0
2021-07-09,scs,1466.0,144.0,168.0,1903.9,0.0,4.0,83.0,32.0,14.0,14.2,1.0
2021-07-09,southasia,5778.0,739.0,650.0,4837.0,19.0,8.0,256.0,28.0,8.0,13.9,0.0
2021-07-09,sudan,760.0,77.0,76.0,931.5,0.0,1.0,16.0,0.0,0.0,0.0,0.0
2021-07-09,taiwan,393.0,41.0,110.0,-299.6,0.0,1.0,63.0,43.0,19.0,-21.8,4.0
2021-07-09,ukraine,731.0,94.0,139.0,221.1,2.0,2.0,68.0,66.0,28.0,-96.3,4.0
2021-07-09,venezuela,188.0,29.0,43.0,-22.1,2.0,2.0,18.0,16.0,12.0,-40.0,0.0
2021-07-09,yemen,105.0,9.0,30.0,-77.2,1.0,0.0,7.0,32.0,14.0,-34.3,0.0
2021-07-10,drc,19.0,1.0,0.0,35.0,0.0,0.0,0.0,0.0,0.0,0.0,0.0
2021-07-10,europe_east,392.0,37.0,52.0,484.7,0.0,0.0,22.0,25.0,5.0,35.9,0.0
2021-07-10,iran,590.0,93.0,89.0,131.9,4.0,2.0,31.0,102.0,49.0,-35.6,0.0
2021-07-10,israel,1422.0,194.0,272.0,-396.5,3.0,8.0,71.0,259.0,147.0,-596.9,31.0
2021-07-10,korea,270.0,26.0,31.0,253.1,0.0,1.0,15.0,19.0,11.0,-29.8,4.0
2021-07-10,libya,71.0,13.0,4.0,138.3,0.0,0.0,1.0,0.0,0.0,0.0,0.0
2021-07-10,scs,831.0,95.0,78.0,999.6,3.0,4.0,31.0,36.0,13.0,44.4,0.0
2021-07-10,southasia,4812.0,721.0,617.0,2700.0,14.0,18.0,329.0,13.0,2.0,22.6,0.0
2021-07-10,sudan,118.0,7.0,11.0,162.2,0.0,0.0,3.0,0.0,0.0,0.0,0.0
2021-07-10,taiwan,276.0,25.0,77.0,-92.5,0.0,1.0,43.0,60.0,18.0,85.9,0.0
2021-07-10,ukraine,302.0,44.0,42.0,204.9,5.0,0.0,21.0,35.0,16.0,-31.6,1.0
2021-07-10,venezuela,194.0,27.0,92.0,-680.5,0.0,2.0,16.0,7.0,1.0,30.4,1.0
2021-07-10,yemen,92.0,4.0,19.0,6.6,0.0,0.0,2.0,7.0,3.0,-12.4,0.0
2021-07-11,drc,4.0,1.0,2.0,-21.5,0.0,0.0,0.0,0.0,0.0,0.0,0.0
2021-07-11,europe_east,336.0,39.0,59.0,111.4,1.0,0.0,26.0,53.0,37.0,-169.0,8.0
2021-07-11,iran,786.0,80.0,104.0,1376.5,10.0,0.0,31.0,95.0,22.0,190.4,0.0
2021-07-11,israel,1852.0,287.0,330.0,-286.2,4.0,1.0,134.0,292.0,133.0,-371.6,34.0
2021-07-11,korea,369.0,37.0,50.0,423.4,1.0,6.0,12.0,47.0,10.0,86.7,0.0
2021-07-11,libya,57.0,4.0,8.0,125.6,0.0,0.0,6.0,0.0,0.0,0.0,0.0
2021-07-11,scs,814.0,100.0,107.0,541.3,1.0,2.0,36.0,55.0,33.0,-78.3,5.0
2021-07-11,southasia,4207.0,679.0,596.0,1232.3,16.0,8.0,275.0,12.0,7.0,-2.6,0.0
2021-07-11,sudan,253.0,22.0,55.0,114.7,0.0,0.0,7.0,0.0,0.0,0.0,0.0
2021-07-11,taiwan,197.0,19.0,29.0,142.3,0.0,0.0,18.0,44.0,8.0,136.6,0.0
2021-07-11,ukraine,317.0,54.0,61.0,-119.5,1.0,0.0,29.0,18.0,9.0,-31.9,3.0
2021-07-11,venezuela,162.0,21.0,52.0,-284.7,0.0,0.0,12.0,23.0,2.0,21.2,0.0
2021-07-11,yemen,88.0,10.0,10.0,154.9,1.0,0.0,3.0,5.0,0.0,10.2,0.0
2021-07-12,drc,13.0,3.0,0.0,18.6,0.0,0.0,0.0,4.0,0.0,18.0,0.0
2021-07-12,europe_east,791.0,96.0,97.0,973.3,0.0,3.0,56.0,74.0,57.0,-290.2,18.0
2021-07-12,iran,723.0,117.0,103.0,396.6,13.0,2.0,46.0,120.0,27.0,201.8,7.0
2021-07-12,israel,2757.0,382.0,396.0,1489.5,2.0,3.0,168.0,427.0,181.0,-522.4,47.0
2021-07-12,korea,532.0,60.0,50.0,661.1,2.0,1.0,18.0,53.0,12.0,149.8,0.0
2021-07-12,libya,132.0,11.0,6.0,308.5,0.0,1.0,3.0,0.0,0.0,0.0,0.0
2021-07-12,scs,1723.0,273.0,182.0,757.3,9.0,5.0,64.0,274.0,133.0,-318.1,16.0
2021-07-12,southasia,6000.0,930.0,844.0,2488.3,12.0,24.0,346.0,21.0,7.0,21.4,1.0
2021-07-12,sudan,285.0,39.0,30.0,388.5,0.0,0.0,13.0,0.0,0.0,0.0,0.0
2021-07-12,taiwan,532.0,73.0,44.0,721.1,9.0,1.0,10.0,147.0,71.0,-19.3,12.0
2021-07-12,ukraine,758.0,73.0,109.0,592.8,0.0,1.0,72.0,88.0,41.0,-78.2,5.0
2021-07-12,venezuela,221.0,40.0,49.0,-45.7,0.0,0.0,23.0,24.0,2.0,53.6,0.0
2021-07-12,yemen,115.0,15.0,21.0,-12.4,2.0,0.0,10.0,40.0,7.0,35.1,3.0
2021-07-13,drc,15.0,0.0,0.0,54.9,0.0,0.0,0.0,4.0,0.0,22.0,0.0
2021-07-13,europe_east,831.0,118.0,88.0,971.1,0.0,8.0,41.0,118.0,57.0,-66.8,18.0
2021-07-13,iran,1039.0,140.0,129.0,1172.7,6.0,0.0,55.0,249.0,53.0,382.6,11.0
2021-07-13,israel,3089.0,398.0,511.0,743.5,4.0,2.0,211.0,441.0,204.0,-731.5,48.0
2021-07-13,korea,477.0,69.0,59.0,483.3,1.0,2.0,24.0,42.0,21.0,-38.5,4.0
2021-07-13,libya,154.0,13.0,15.0,247.5,1.0,2.0,0.0,0.0,0.0,0.0,0.0
2021-07-13,scs,1369.0,158.0,134.0,1538.8,1.0,1.0,48.0,114.0,39.0,-19.6,4.0
2021-07-13,southasia,5973.0,926.0,781.0,2709.5,9.0,9.0,340.0,18.0,12.0,-63.6,1.0
2021-07-13,sudan,333.0,27.0,37.0,202.9,1.0,0.0,5.0,1.0,1.0,-2.0,0.0
2021-07-13,taiwan,417.0,73.0,45.0,274.8,2.0,0.0,16.0,86.0,45.0,-102.6,14.0
2021-07-13,ukraine,1005.0,127.0,118.0,930.2,4.0,1.0,54.0,146.0,25.0,321.6,0.0
2021-07-13,venezuela,403.0,87.0,100.0,-381.4,0.0,0.0,58.0,67.0,28.0,-64.1,4.0
2021-07-13,yemen,122.0,12.0,46.0,-240.1,0.0,0.0,15.0,30.0,17.0,-29.8,9.0
2021-07-14,drc,4.0,0.0,0.0,21.9,0.0,0.0,0.0,4.0,1.0,-2.0,0.0
2021-07-14,europe_east,812.0,96.0,97.0,802.4,0.0,2.0,45.0,69.0,49.0,-221.1,0.0
2021-07-14,iran,1758.0,301.0,338.0,-125.1,3.0,0.0,173.0,527.0,241.0,-382.7,63.0
2021-07-14,israel,2984.0,399.0,556.0,29.6,12.0,6.0,212.0,340.0,181.0,-799.4,38.0
2021-07-14,korea,443.0,68.0,55.0,328.8,0.0,3.0,15.0,28.0,20.0,-138.3,5.0
2021-07-14,libya,187.0,11.0,27.0,308.7,0.0,0.0,5.0,3.0,1.0,-4.3,0.0
2021-07-14,scs,1556.0,207.0,160.0,1482.0,3.0,2.0,86.0,190.0,65.0,-28.9,7.0
2021-07-14,southasia,6951.0,883.0,1177.0,1283.3,20.0,20.0,461.0,25.0,13.0,-74.0,4.0
2021-07-14,sudan,245.0,26.0,47.0,23.8,2.0,0.0,14.0,3.0,2.0,-19.0,0.0
2021-07-14,taiwan,322.0,36.0,46.0,289.2,0.0,1.0,33.0,65.0,28.0,-45.9,6.0
2021-07-14,ukraine,931.0,132.0,217.0,-456.0,4.0,5.0,121.0,65.0,23.0,-3.0,5.0
2021-07-14,venezuela,291.0,56.0,54.0,-116.9,0.0,1.0,32.0,48.0,9.0,77.5,3.0
2021-07-14,yemen,153.0,16.0,29.0,91.4,0.0,2.0,6.0,37.0,6.0,34.1,0.0
2021-07-15,drc,46.0,4.0,14.0,-31.2,0.0,0.0,2.0,3.0,0.0,3.0,0.0
2021-07-15,europe_east,1166.0,178.0,130.0,1035.6,3.0,7.0,68.0,84.0,26.0,9.5,4.0
2021-07-15,iran,1149.0,188.0,192.0,140.1,5.0,1.0,105.0,257.0,121.0,-199.4,27.0
2021-07-15,israel,3074.0,409.0,504.0,755.3,7.0,4.0,214.0,436.0,189.0,-422.4,47.0
2021-07-15,korea,470.0,34.0,33.0,1221.5,0.0,1.0,6.0,30.0,5.0,55.6,0.0
2021-07-15,libya,393.0,58.0,39.0,479.0,0.0,1.0,19.0,3.0,3.0,-20.0,0.0
2021-07-15,scs,1269.0,105.0,121.0,1771.0,1.0,3.0,66.0,86.0,30.0,-18.8,2.0
2021-07-15,southasia,6398.0,835.0,912.0,3176.4,5.0,15.0,409.0,32.0,7.0,13.8,4.0
2021-07-15,sudan,258.0,21.0,35.0,321.6,2.0,0.0,13.0,1.0,0.0,5.0,0.0
2021-07-15,taiwan,428.0,32.0,35.0,759.2,1.0,1.0,20.0,73.0,17.0,99.5,1.0
2021-07-15,ukraine,812.0,119.0,146.0,56.4,3.0,7.0,75.0,76.0,25.0,113.9,2.0
2021-07-15,venezuela,222.0,40.0,37.0,-55.8,0.0,2.0,21.0,24.0,2.0,47.8,0.0
2021-07-15,yemen,196.0,15.0,47.0,-82.2,0.0,2.0,7.0,27.0,13.0,-90.3,0.0
2021-07-16,drc,36.0,1.0,2.0,99.0,0.0,0.0,0.0,8.0,6.0,-54.8,0.0
2021-07-16,europe_east,793.0,99.0,63.0,1070.5,0.0,0.0,25.0,63.0,18.0,44.8,2.0
2021-07-16,iran,814.0,131.0,99.0,426.9,8.0,3.0,36.0,139.0,52.0,-17.9,6.0
2021-07-16,israel,2148.0,296.0,377.0,135.4,6.0,39.0,108.0,289.0,134.0,-433.0,19.0
2021-07-16,korea,457.0,40.0,51.0,579.4,0.0,3.0,18.0,43.0,16.0,-54.5,0.0
2021-07-16,libya,233.0,30.0,28.0,273.1,1.0,0.0,13.0,0.0,0.0,0.0,0.0
2021-07-16,scs,1448.0,134.0,181.0,1627.0,0.0,6.0,89.0,23.0,9.0,2.6,1.0
2021-07-16,southasia,6574.0,967.0,931.0,2261.8,6.0,19.0,369.0,28.0,17.0,-98.2,9.0
2021-07-16,sudan,238.0,23.0,14.0,518.3,0.0,2.0,4.0,0.0,0.0,0.0,0.0
2021-07-16,taiwan,321.0,30.0,36.0,560.7,0.0,2.0,27.0,47.0,26.0,-23.7,0.0
2021-07-16,ukraine,893.0,120.0,162.0,-79.5,1.0,0.0,96.0,129.0,54.0,-132.8,15.0
2021-07-16,venezuela,199.0,31.0,23.0,58.8,0.0,0.0,9.0,30.0,6.0,68.0,1.0
2021-07-16,yemen,109.0,26.0,19.0,-82.9,0.0,0.0,8.0,24.0,8.0,25.2,1.0
2021-07-17,drc,24.0,2.0,6.0,-14.4,0.0,0.0,0.0,6.0,6.0,-58.0,0.0
2021-07-17,europe_east,271.0,30.0,18.0,557.8,1.0,0.0,9.0,22.0,3.0,39.5,1.0
2021-07-17,iran,658.0,137.0,136.0,-327.3,5.0,5.0,41.0,101.0,44.0,-41.0,16.0
2021-07-17,israel,1086.0,158.0,223.0,-576.6,6.0,3.0,81.0,188.0,98.0,-495.3,17.0
2021-07-17,korea,227.0,16.0,20.0,360.4,0.0,0.0,6.0,10.0,2.0,10.4,0.0
2021-07-17,libya,150.0,14.0,16.0,228.6,0.0,0.0,10.0,0.0,0.0,0.0,0.0
2021-07-17,scs,700.0,68.0,76.0,682.8,0.0,0.0,38.0,6.0,2.0,25.6,0.0
2021-07-17,southasia,5460.0,822.0,760.0,1940.1,5.0,29.0,295.0,22.0,15.0,-56.0,2.0
2021-07-17,sudan,80.0,3.0,3.0,242.0,0.0,0.0,1.0,0.0,0.0,0.0,0.0
2021-07-17,taiwan,221.0,28.0,24.0,193.8,2.0,1.0,1.0,41.0,26.0,-95.6,4.0
2021-07-17,ukraine,447.0,32.0,62.0,328.2,0.0,2.0,26.0,38.0,19.0,-42.8,2.0
2021-07-17,venezuela,96.0,21.0,28.0,-65.3,0.0,0.0,19.0,13.0,4.0,17.4,0.0
2021-07-17,yemen,38.0,2.0,18.0,-85.7,0.0,0.0,6.0,15.0,6.0,-42.6,0.0
2021-07-18,drc,4.0,0.0,1.0,-0.5,0.0,0.0,0.0,5.0,1.0,-0.1,0.0
2021-07-18,europe_east,227.0,14.0,19.0,293.3,0.0,0.0,7.0,16.0,2.0,31.6,0.0
2021-07-18,iran,652.0,101.0,113.0,123.8,4.0,0.0,50.0,101.0,28.0,90.0,12.0
2021-07-18,israel,2024.0,328.0,427.0,-1390.1,2.0,7.0,125.0,314.0,153.0,-543.1,17.0
2021-07-18,korea,332.0,49.0,35.0,360.5,1.0,1.0,9.0,18.0,5.0,-20.4,0.0
2021-07-18,libya,126.0,17.0,30.0,-62.1,0.0,0.0,4.0,0.0,0.0,0.0,0.0
2021-07-18,scs,772.0,67.0,110.0,521.0,0.0,2.0,39.0,24.0,7.0,-14.9,0.0
2021-07-18,southasia,4734.0,733.0,789.0,-69.3,11.0,10.0,261.0,17.0,7.0,-24.8,0.0
2021-07-18,sudan,125.0,3.0,8.0,364.8,0.0,0.0,5.0,2.0,0.0,11.3,0.0
2021-07-18,taiwan,156.0,22.0,12.0,223.1,0.0,0.0,3.0,26.0,23.0,-88.9,4.0
2021-07-18,ukraine,230.0,21.0,40.0,96.6,1.0,2.0,25.0,19.0,3.0,23.2,0.0
2021-07-18,venezuela,85.0,8.0,13.0,34.3,0.0,0.0,7.0,0.0,0.0,0.0,0.0
2021-07-18,yemen,99.0,16.0,25.0,-207.0,0.0,0.0,5.0,15.0,4.0,-5.3,0.0
2021-07-19,drc,54.0,5.0,22.0,-127.2,0.0,0.0,9.0,0.0,0.0,0.0,0.0
2021-07-19,europe_east,628.0,79.0,96.0,265.5,2.0,3.0,34.0,85.0,39.0,-60.0,19.0
2021-07-19,iran,877.0,106.0,200.0,-186.2,11.0,0.0,83.0,130.0,45.0,38.1,11.0
2021-07-19,israel,3414.0,617.0,520.0,-560.3,13.0,1.0,207.0,371.0,178.0,-586.0,13.0
2021-07-19,korea,480.0,76.0,62.0,196.2,1.0,2.0,17.0,20.0,4.0,-26.4,0.0
2021-07-19,libya,168.0,15.0,45.0,-113.6,1.0,1.0,13.0,2.0,0.0,0.0,0.0
2021-07-19,scs,1422.0,185.0,138.0,1543.6,3.0,3.0,68.0,86.0,38.0,-92.9,5.0
2021-07-19,southasia,5972.0,909.0,800.0,1859.5,8.0,9.0,292.0,6.0,3.0,-14.0,2.0
2021-07-19,sudan,254.0,28.0,21.0,397.1,1.0,0.0,8.0,5.0,0.0,17.7,0.0
2021-07-19,taiwan,262.0,27.0,22.0,345.3,0.0,1.0,7.0,60.0,24.0,23.5,0.0
2021-07-19,ukraine,936.0,117.0,187.0,189.9,3.0,6.0,119.0,68.0,28.0,-110.8,9.0
2021-07-19,venezuela,187.0,32.0,15.0,250.6,0.0,0.0,9.0,41.0,10.0,18.4,4.0
2021-07-19,yemen,100.0,17.0,18.0,-24.3,0.0,0.0,4.0,10.0,1.0,33.7,0.0
2021-07-20,drc,33.0,1.0,1.0,74.8,0.0,0.0,1.0,4.0,0.0,9.4,0.0
2021-07-20,europe_east,633.0,115.0,57.0,573.8,3.0,0.0,29.0,49.0,21.0,-6.9,11.0
2021-07-20,iran,884.0,115.0,189.0,-295.7,1.0,2.0,42.0,160.0,59.0,-101.3,4.0
2021-07-20,israel,3556.0,660.0,678.0,-2721.4,20.0,3.0,212.0,689.0,444.0,-2828.8,17.0
2021-07-20,korea,538.0,67.0,55.0,646.3,4.0,1.0,30.0,45.0,17.0,-58.4,11.0
2021-07-20,libya,155.0,17.0,52.0,-151.4,0.0,0.0,22.0,1.0,1.0,-9.5,0.0
2021-07-20,scs,1137.0,118.0,121.0,1221.6,4.0,4.0,64.0,76.0,30.0,-100.5,0.0
2021-07-20,southasia,5791.0,922.0,757.0,1650.8,8.0,10.0,345.0,10.0,3.0,6.1,3.0
2021-07-20,sudan,201.0,27.0,34.0,-11.7,0.0,0.0,12.0,4.0,0.0,9.4,0.0
2021-07-20,taiwan,345.0,55.0,18.0,677.3,2.0,0.0,12.0,65.0,33.0,20.5,2.0
2021-07-20,ukraine,1010.0,123.0,142.0,610.5,3.0,0.0,91.0,108.0,19.0,173.5,0.0
2021-07-20,venezuela,252.0,30.0,33.0,220.9,0.0,0.0,24.0,18.0,4.0,4.2,4.0
2021-07-20,yemen,72.0,9.0,7.0,58.1,0.0,0.0,4.0,18.0,9.0,-11.1,3.0
2021-07-21,drc,33.0,0.0,2.0,38.8,0.0,0.0,1.0,1.0,0.0,5.0,0.0
2021-07-21,europe_east,628.0,94.0,58.0,773.2,1.0,3.0,15.0,71.0,8.0,197.9,0.0
2021-07-21,iran,681.0,149.0,123.0,-137.4,10.0,2.0,42.0,89.0,31.0,32.4,5.0
2021-07-21,israel,2581.0,502.0,465.0,-1532.0,17.0,1.0,231.0,336.0,198.0,-1010.3,13.0
2021-07-21,korea,695.0,86.0,70.0,808.5,3.0,5.0,30.0,85.0,8.0,110.0,0.0
2021-07-21,libya,89.0,7.0,5.0,312.3,0.0,1.0,1.0,1.0,1.0,-2.0,0.0
2021-07-21,scs,1642.0,212.0,185.0,1483.7,10.0,1.0,96.0,76.0,31.0,-8.8,8.0
2021-07-21,southasia,5761.0,920.0,744.0,2142.9,9.0,40.0,279.0,21.0,7.0,46.6,2.0
2021-07-21,sudan,209.0,41.0,12.0,302.5,0.0,0.0,3.0,0.0,0.0,0.0,0.0
2021-07-21,taiwan,366.0,46.0,21.0,636.8,0.0,0.0,5.0,93.0,30.0,141.2,0.0
2021-07-21,ukraine,1283.0,130.0,116.0,1941.2,1.0,15.0,52.0,164.0,31.0,159.8,1.0
2021-07-21,venezuela,113.0,30.0,28.0,-125.4,0.0,0.0,13.0,26.0,4.0,43.2,1.0
2021-07-21,yemen,63.0,11.0,18.0,-68.9,0.0,0.0,3.0,3.0,0.0,2.6,0.0
2021-07-22,drc,19.0,4.0,3.0,6.0,0.0,0.0,3.0,0.0,0.0,0.0,0.0
2021-07-22,europe_east,618.0,102.0,57.0,595.5,4.0,1.0,24.0,56.0,25.0,-50.1,8.0
2021-07-22,iran,954.0,178.0,157.0,359.9,2.0,2.0,62.0,132.0,63.0,1.6,3.0
2021-07-22,israel,3555.0,641.0,696.0,-2246.2,4.0,1.0,311.0,568.0,346.0,-1719.4,37.0
2021-07-22,korea,636.0,59.0,58.0,1101.2,2.0,0.0,24.0,109.0,7.0,272.9,1.0
2021-07-22,libya,107.0,11.0,9.0,265.9,0.0,0.0,5.0,0.0,0.0,0.0,0.0
2021-07-22,scs,1487.0,168.0,160.0,1618.5,3.0,1.0,60.0,54.0,8.0,107.3,2.0
2021-07-22,southasia,5686.0,932.0,753.0,904.8,12.0,43.0,287.0,17.0,5.0,1.6,3.0
2021-07-22,sudan,275.0,36.0,39.0,213.5,0.0,0.0,14.0,4.0,4.0,-40.0,0.0
2021-07-22,taiwan,262.0,22.0,24.0,388.5,1.0,1.0,13.0,58.0,14.0,49.8,2.0
2021-07-22,ukraine,1288.0,162.0,192.0,900.7,1.0,4.0,116.0,207.0,88.0,-105.1,16.0
2021-07-22,venezuela,250.0,50.0,62.0,-242.4,3.0,1.0,22.0,28.0,2.0,56.3,0.0
2021-07-22,yemen,69.0,9.0,17.0,-28.6,0.0,0.0,4.0,16.0,10.0,-75.0,2.0
2021-07-23,drc,69.0,4.0,27.0,-181.6,0.0,0.0,2.0,10.0,5.0,-34.0,1.0
2021-07-23,europe_east,499.0,82.0,71.0,105.6,1.0,1.0,38.0,50.0,24.0,-87.2,10.0
2021-07-23,iran,693.0,152.0,147.0,-637.3,3.0,5.0,42.0,65.0,33.0,-83.8,1.0
2021-07-23,israel,2428.0,382.0,394.0,-353.1,5.0,2.0,173.0,331.0,190.0,-969.4,18.0
2021-07-23,korea,622.0,56.0,47.0,1021.3,0.0,1.0,28.0,80.0,15.0,157.8,0.0
2021-07-23,libya,178.0,19.0,27.0,182.6,0.0,0.0,18.0,6.0,1.0,15.8,1.0
2021-07-23,scs,1229.0,112.0,164.0,1219.8,3.0,6.0,84.0,56.0,9.0,200.2,0.0
2021-07-23,southasia,6333.0,960.0,816.0,2510.6,16.0,25.0,308.0,26.0,9.0,3.7,1.0
2021-07-23,sudan,197.0,16.0,50.0,-161.9,0.0,0.0,11.0,0.0,0.0,0.0,0.0
2021-07-23,taiwan,221.0,24.0,30.0,232.4,0.0,4.0,8.0,40.0,18.0,-55.0,2.0
2021-07-23,ukraine,823.0,126.0,106.0,579.5,2.0,3.0,66.0,77.0,30.0,46.4,2.0
2021-07-23,venezuela,212.0,45.0,45.0,-201.4,1.0,2.0,19.0,31.0,11.0,-7.4,0.0
2021-07-23,yemen,57.0,4.0,5.0,111.7,0.0,0.0,1.0,3.0,0.0,13.0,0.0
2021-07-24,drc,20.0,1.0,6.0,-18.5,0.0,0.0,2.0,0.0,0.0,0.0,0.0
2021-07-24,europe_east,210.0,36.0,36.0,-51.9,0.0,0.0,19.0,26.0,13.0,-21.5,3.0
2021-07-24,iran,460.0,108.0,106.0,-647.6,1.0,0.0,23.0,58.0,33.0,-147.1,1.0
2021-07-24,israel,1342.0,179.0,257.0,-365.4,4.0,1.0,90.0,181.0,131.0,-912.0,4.0
2021-07-24,korea,268.0,34.0,31.0,147.3,3.0,0.0,5.0,34.0,3.0,106.3,0.0
2021-07-24,libya,72.0,12.0,12.0,-29.3,3.0,0.0,3.0,0.0,0.0,0.0,0.0
2021-07-24,scs,701.0,75.0,92.0,682.2,1.0,5.0,44.0,32.0,7.0,96.4,2.0
2021-07-24,southasia,5135.0,761.0,646.0,2823.8,8.0,42.0,265.0,14.0,6.0,-26.8,2.0
2021-07-24,sudan,109.0,11.0,24.0,56.6,3.0,0.0,4.0,0.0,0.0,0.0,0.0
2021-07-24,taiwan,206.0,21.0,32.0,116.8,0.0,5.0,8.0,46.0,32.0,-125.0,3.0
2021-07-24,ukraine,337.0,37.0,61.0,217.5,0.0,0.0,44.0,56.0,18.0,-29.1,2.0
2021-07-24,venezuela,89.0,30.0,10.0,-78.8,2.0,0.0,3.0,31.0,10.0,10.0,0.0
2021-07-24,yemen,43.0,0.0,17.0,-91.0,0.0,0.0,7.0,8.0,0.0,23.4,0.0
2021-07-25,drc,18.0,1.0,2.0,-26.0,0.0,0.0,0.0,2.0,2.0,-20.0,0.0
2021-07-25,europe_east,155.0,12.0,16.0,171.2,0.0,0.0,9.0,12.0,3.0,17.8,3.0
2021-07-25,iran,612.0,108.0,125.0,-269.3,0.0,4.0,18.0,106.0,34.0,-51.2,3.0
2021-07-25,israel,1955.0,248.0,307.0,697.7,9.0,5.0,104.0,290.0,159.0,-919.5,22.0
2021-07-25,korea,217.0,23.0,22.0,312.3,0.0,0.0,8.0,10.0,5.0,-6.9,0.0
2021-07-25,libya,59.0,2.0,3.0,116.2,0.0,0.0,0.0,0.0,0.0,0.0,0.0
2021-07-25,scs,864.0,94.0,88.0,980.3,4.0,2.0,25.0,21.0,7.0,21.7,2.0
2021-07-25,southasia,5207.0,759.0,778.0,723.8,8.0,31.0,247.0,38.0,13.0,-17.4,1.0
2021-07-25,sudan,99.0,18.0,11.0,63.9,1.0,0.0,3.0,2.0,0.0,-4.0,0.0
2021-07-25,taiwan,165.0,20.0,23.0,113.9,1.0,6.0,8.0,34.0,13.0,-32.8,2.0
2021-07-25,ukraine,205.0,25.0,27.0,180.4,0.0,5.0,18.0,20.0,12.0,-41.6,0.0
2021-07-25,venezuela,35.0,3.0,12.0,-53.8,0.0,1.0,1.0,2.0,2.0,-4.0,0.0
2021-07-25,yemen,127.0,9.0,41.0,-251.0,0.0,0.0,5.0,24.0,6.0,2.6,1.0
2021-07-26,drc,25.0,2.0,4.0,-22.6,0.0,0.0,0.0,0.0,0.0,0.0,0.0
2021-07-26,europe_east,422.0,49.0,50.0,437.5,0.0,1.0,13.0,57.0,19.0,8.3,9.0
2021-07-26,iran,981.0,207.0,204.0,-906.9,2.0,5.0,42.0,201.0,62.0,123.5,0.0
2021-07-26,israel,2816.0,436.0,451.0,454.1,4.0,0.0,197.0,423.0,218.0,-1019.4,24.0
2021-07-26,korea,447.0,55.0,74.0,40.1,1.0,1.0,19.0,30.0,21.0,-113.5,4.0
2021-07-26,libya,124.0,17.0,17.0,106.0,1.0,1.0,1.0,0.0,0.0,0.0,0.0
2021-07-26,scs,1810.0,238.0,227.0,1195.4,6.0,4.0,100.0,77.0,11.0,204.4,3.0
2021-07-26,southasia,7145.0,1066.0,1069.0,1393.2,10.0,52.0,434.0,30.0,10.0,-9.3,1.0
2021-07-26,sudan,183.0,41.0,19.0,164.7,0.0,0.0,8.0,0.0,0.0,0.0,0.0
2021-07-26,taiwan,234.0,21.0,26.0,356.0,1.0,1.0,13.0,45.0,24.0,-58.8,2.0
2021-07-26,ukraine,580.0,62.0,79.0,408.2,1.0,4.0,44.0,61.0,23.0,-16.8,6.0
2021-07-26,venezuela,128.0,11.0,14.0,119.0,1.0,0.0,6.0,15.0,2.0,19.2,0.0
2021-07-26,yemen,93.0,14.0,24.0,-116.7,0.0,0.0,4.0,11.0,9.0,-41.3,0.0
2021-07-27,drc,29.0,1.0,4.0,26.8,0.0,2.0,1.0,1.0,0.0,-2.0,0.0
2021-07-27,europe_east,589.0,79.0,55.0,624.3,0.0,1.0,35.0,53.0,13.0,29.4,5.0
2021-07-27,iran,947.0,207.0,232.0,-1412.4,4.0,1.0,67.0,211.0,79.0,-111.0,14.0
2021-07-27,israel,2896.0,447.0,558.0,-1282.6,12.0,6.0,155.0,477.0,261.0,-1276.1,39.0
2021-07-27,korea,693.0,77.0,56.0,934.6,1.0,0.0,30.0,164.0,20.0,317.4,0.0
2021-07-27,libya,222.0,19.0,44.0,91.8,2.0,0.0,13.0,8.0,0.0,40.5,0.0
2021-07-27,scs,1400.0,182.0,180.0,666.4,5.0,5.0,60.0,60.0,11.0,168.9,1.0
2021-07-27,southasia,7570.0,1000.0,1006.0,5997.7,7.0,44.0,370.0,8.0,4.0,-16.2,0.0
2021-07-27,sudan,347.0,28.0,57.0,275.6,0.0,7.0,22.0,4.0,0.0,9.4,0.0
2021-07-27,taiwan,283.0,25.0,23.0,480.3,0.0,2.0,8.0,40.0,17.0,-61.4,7.0
2021-07-27,ukraine,633.0,62.0,70.0,994.0,0.0,2.0,45.0,79.0,23.0,63.0,9.0
2021-07-27,venezuela,171.0,26.0,32.0,65.7,0.0,0.0,17.0,24.0,7.0,-7.8,2.0
2021-07-27,yemen,214.0,33.0,31.0,82.8,0.0,0.0,9.0,39.0,14.0,-25.8,0.0
2021-07-28,drc,36.0,1.0,8.0,-6.6,0.0,0.0,2.0,4.0,0.0,9.4,0.0
2021-07-28,europe_east,689.0,96.0,83.0,647.0,0.0,3.0,45.0,81.0,24.0,57.8,3.0
2021-07-28,iran,855.0,172.0,162.0,-333.0,7.0,2.0,70.0,211.0,75.0,139.2,13.0
2021-07-28,israel,2964.0,481.0,516.0,-464.1,5.0,2.0,159.0,502.0,277.0,-1286.7,27.0
2021-07-28,korea,534.0,60.0,62.0,665.4,0.0,2.0,34.0,95.0,23.0,48.9,7.0
2021-07-28,libya,194.0,16.0,59.0,-232.2,0.0,0.0,12.0,3.0,1.0,-4.0,0.0
2021-07-28,scs,1451.0,125.0,167.0,1497.3,2.0,6.0,48.0,61.0,19.0,63.4,0.0
2021-07-28,southasia,7673.0,945.0,856.0,6720.5,7.0,46.0,289.0,14.0,4.0,2.7,0.0
2021-07-28,sudan,345.0,37.0,36.0,534.0,0.0,1.0,10.0,0.0,0.0,0.0,0.0
2021-07-28,taiwan,302.0,35.0,37.0,308.3,1.0,3.0,11.0,43.0,13.0,-13.2,5.0
2021-07-28,ukraine,785.0,91.0,97.0,912.4,1.0,0.0,68.0,63.0,21.0,24.2,10.0
2021-07-28,venezuela,156.0,24.0,36.0,-45.8,0.0,0.0,15.0,21.0,2.0,41.4,1.0
2021-07-28,yemen,149.0,14.0,35.0,-90.0,0.0,0.0,4.0,39.0,12.0,-11.2,1.0
2021-07-29,drc,22.0,2.0,6.0,-29.3,0.0,0.0,0.0,4.0,0.0,9.4,0.0
2021-07-29,europe_east,841.0,104.0,91.0,853.6,1.0,0.0,44.0,95.0,16.0,112.8,3.0
2021-07-29,iran,955.0,144.0,143.0,446.7,6.0,5.0,49.0,199.0,78.0,-8.7,8.0
2021-07-29,israel,3299.0,416.0,606.0,-220.6,10.0,4.0,222.0,559.0,275.0,-1277.9,16.0
2021-07-29,korea,497.0,55.0,42.0,765.0,0.0,0.0,21.0,79.0,11.0,109.6,2.0
2021-07-29,libya,187.0,16.0,24.0,157.5,0.0,0.0,5.0,0.0,0.0,0.0,0.0
2021-07-29,scs,1637.0,148.0,151.0,2499.6,4.0,9.0,42.0,86.0,14.0,299.2,0.0
2021-07-29,southasia,6206.0,965.0,784.0,3090.3,12.0,24.0,327.0,27.0,17.0,-72.3,3.0
2021-07-29,sudan,390.0,36.0,65.0,305.4,0.0,1.0,37.0,1.0,1.0,-10.0,0.0
2021-07-29,taiwan,365.0,50.0,27.0,504.4,0.0,0.0,6.0,66.0,23.0,-41.7,4.0
2021-07-29,ukraine,847.0,89.0,124.0,499.4,1.0,1.0,67.0,63.0,19.0,43.8,6.0
2021-07-29,venezuela,113.0,5.0,6.0,189.7,0.0,0.0,4.0,13.0,0.0,32.3,0.0
2021-07-29,yemen,129.0,22.0,15.0,140.1,1.0,0.0,6.0,35.0,12.0,56.5,1.0
2021-07-30,drc,9.0,1.0,2.0,-16.6,0.0,0.0,0.0,0.0,0.0,0.0,0.0
2021-07-30,europe_east,900.0,90.0,98.0,984.3,3.0,0.0,43.0,71.0,24.0,14.2,3.0
2021-07-30,iran,874.0,190.0,165.0,-546.1,4.0,3.0,46.0,222.0,136.0,-330.8,5.0
2021-07-30,israel,2345.0,355.0,553.0,-2544.8,17.0,4.0,134.0,439.0,311.0,-1803.4,31.0
2021-07-30,korea,422.0,27.0,45.0,797.2,1.0,1.0,12.0,46.0,11.0,121.2,4.0
2021-07-30,libya,170.0,24.0,26.0,70.1,0.0,0.0,6.0,6.0,0.0,11.4,0.0
2021-07-30,scs,1713.0,137.0,184.0,2283.7,3.0,4.0,102.0,107.0,45.0,59.1,1.0
2021-07-30,southasia,5311.0,767.0,627.0,2693.6,4.0,21.0,236.0,20.0,6.0,8.1,0.0
2021-07-30,sudan,173.0,18.0,24.0,77.3,0.0,0.0,7.0,3.0,3.0,-30.0,0.0
2021-07-30,taiwan,228.0,16.0,31.0,284.5,0.0,0.0,11.0,29.0,7.0,-1.6,0.0
2021-07-30,ukraine,687.0,78.0,94.0,599.5,1.0,8.0,40.0,70.0,10.0,142.7,2.0
2021-07-30,venezuela,83.0,8.0,11.0,71.2,0.0,0.0,3.0,14.0,3.0,38.9,0.0
2021-07-30,yemen,112.0,12.0,15.0,35.0,2.0,0.0,4.0,14.0,7.0,-44.9,2.0
2021-07-31,drc,12.0,2.0,4.0,-17.7,0.0,0.0,1.0,1.0,1.0,-10.0,0.0
2021-07-31,europe_east,332.0,29.0,35.0,313.6,0.0,0.0,15.0,38.0,13.0,-11.9,0.0
2021-07-31,iran,629.0,135.0,152.0,-835.8,7.0,13.0,18.0,284.0,180.0,-595.6,12.0
2021-07-31,israel,1458.0,218.0,319.0,-1140.1,6.0,4.0,61.0,378.0,257.0,-1158.0,27.0
2021-07-31,korea,302.0,27.0,39.0,377.7,1.0,2.0,13.0,33.0,6.0,36.2,3.0
2021-07-31,libya,197.0,19.0,31.0,95.2,0.0,2.0,6.0,4.0,0.0,2.4,0.0
2021-07-31,scs,616.0,54.0,59.0,1042.8,4.0,2.0,26.0,31.0,6.0,81.1,0.0
2021-07-31,southasia,4229.0,638.0,677.0,136.5,11.0,9.0,222.0,20.0,10.0,-50.2,0.0
2021-07-31,sudan,184.0,8.0,9.0,350.7,0.0,0.0,0.0,0.0,0.0,0.0,0.0
2021-07-31,taiwan,153.0,17.0,29.0,-13.5,0.0,9.0,7.0,32.0,13.0,-49.9,3.0
2021-07-31,ukraine,272.0,47.0,64.0,-267.1,0.0,0.0,19.0,56.0,21.0,-35.3,2.0
2021-07-31,venezuela,31.0,0.0,6.0,42.7,0.0,0.0,5.0,15.0,10.0,-21.0,5.0
2021-07-31,yemen,140.0,18.0,35.0,-136.2,0.0,0.0,7.0,18.0,2.0,35.8,0.0
2021-08-01,drc,19.0,1.0,1.0,19.8,0.0,0.0,1.0,2.0,0.0,4.7,0.0
2021-08-01,europe_east,423.0,31.0,68.0,154.1,2.0,0.0,7.0,17.0,0.0,57.8,0.0
2021-08-01,iran,1156.0,398.0,253.0,-2360.0,14.0,5.0,39.0,563.0,387.0,-1191.0,0.0
2021-08-01,israel,2486.0,493.0,448.0,-902.4,10.0,6.0,107.0,728.0,425.0,-1062.4,11.0
2021-08-01,korea,324.0,48.0,48.0,179.0,2.0,3.0,9.0,63.0,22.0,25.3,5.0
2021-08-01,libya,197.0,17.0,29.0,125.8,0.0,0.0,9.0,0.0,0.0,0.0,0.0
2021-08-01,scs,830.0,63.0,68.0,1499.3,0.0,0.0,36.0,40.0,13.0,50.5,1.0
2021-08-01,southasia,3878.0,578.0,546.0,1115.3,12.0,19.0,193.0,10.0,5.0,-21.3,0.0
2021-08-01,sudan,188.0,8.0,7.0,419.5,0.0,0.0,3.0,0.0,0.0,0.0,0.0
2021-08-01,taiwan,155.0,14.0,13.0,201.8,0.0,0.0,6.0,18.0,2.0,68.2,0.0
2021-08-01,ukraine,209.0,24.0,46.0,-155.3,0.0,0.0,15.0,13.0,8.0,-36.0,1.0
2021-08-01,venezuela,55.0,5.0,12.0,-5.7,0.0,0.0,1.0,5.0,3.0,-18.0,0.0
2021-08-01,yemen,93.0,10.0,36.0,-150.0,0.0,0.0,9.0,15.0,2.0,-2.9,0.0
2021-08-02,drc,20.0,5.0,0.0,1.1,0.0,0.0,0.0,0.0,0.0,0.0,0.0
2021-08-02,europe_east,995.0,95.0,147.0,1490.1,1.0,1.0,42.0,108.0,29.0,115.8,7.0
2021-08-02,iran,1722.0,575.0,315.0,-2923.5,49.0,1.0,44.0,622.0,438.0,-1472.3,19.0
2021-08-02,israel,2853.0,637.0,588.0,-2943.9,38.0,3.0,120.0,757.0,481.0,-1911.7,32.0
2021-08-02,korea,548.0,100.0,50.0,628.7,1.0,3.0,12.0,149.0,60.0,130.0,9.0
2021-08-02,libya,214.0,19.0,27.0,290.4,0.0,0.0,14.0,0.0,0.0,0.0,0.0
2021-08-02,scs,1327.0,143.0,140.0,1635.5,0.0,14.0,80.0,49.0,22.0,-5.2,2.0
2021-08-02,southasia,5071.0,749.0,707.0,1794.5,5.0,15.0,263.0,9.0,5.0,-24.3,2.0
2021-08-02,sudan,353.0,22.0,62.0,259.0,0.0,4.0,33.0,1.0,1.0,-5.0,1.0
2021-08-02,taiwan,201.0,33.0,14.0,240.5,1.0,0.0,5.0,38.0,14.0,3.9,1.0
2021-08-02,ukraine,678.0,72.0,117.0,312.6,0.0,2.0,70.0,56.0,21.0,9.8,8.0
2021-08-02,venezuela,130.0,9.0,23.0,178.7,0.0,0.0,4.0,8.0,3.0,-0.3,0.0
2021-08-02,yemen,131.0,11.0,44.0,-281.5,0.0,0.0,1.0,8.0,4.0,-16.0,0.0
2021-08-03,drc,47.0,11.0,8.0,-44.8,0.0,0.0,5.0,5.0,2.0,-0.6,0.0
2021-08-03,europe_east,1039.0,157.0,178.0,801.3,1.0,0.0,56.0,203.0,81.0,33.1,19.0
2021-08-03,iran,1809.0,587.0,269.0,-1904.2,58.0,3.0,53.0,720.0,486.0,-1136.6,43.0
2021-08-03,israel,2807.0,641.0,528.0,-2251.9,37.0,4.0,140.0,640.0,427.0,-1695.9,39.0
2021-08-03,korea,681.0,96.0,85.0,628.1,0.0,0.0,37.0,151.0,65.0,16.7,10.0
2021-08-03,libya,130.0,14.0,11.0,242.5,0.0,0.0,4.0,2.0,0.0,4.7,0.0
2021-08-03,scs,1333.0,101.0,120.0,2392.3,2.0,1.0,49.0,33.0,5.0,75.6,2.0
2021-08-03,southasia,5170.0,800.0,710.0,1682.6,8.0,10.0,272.0,31.0,14.0,-32.1,7.0
2021-08-03,sudan,413.0,37.0,92.0,122.4,1.0,0.0,27.0,15.0,10.0,-82.5,3.0
2021-08-03,taiwan,240.0,39.0,17.0,283.2,2.0,0.0,10.0,35.0,16.0,-16.2,0.0
2021-08-03,ukraine,1108.0,164.0,230.0,-757.9,1.0,0.0,66.0,233.0,124.0,-683.6,6.0
2021-08-03,venezuela,65.0,8.0,9.0,42.2,0.0,0.0,6.0,2.0,1.0,2.0,0.0
2021-08-03,yemen,90.0,10.0,24.0,-115.4,3.0,0.0,5.0,13.0,6.0,-15.9,3.0
2021-08-04,drc,64.0,2.0,6.0,52.7,0.0,0.0,1.0,2.0,0.0,-4.0,0.0
2021-08-04,europe_east,912.0,116.0,131.0,466.8,0.0,0.0,46.0,112.0,44.0,12.4,10.0
2021-08-04,iran,2140.0,560.0,401.0,-1908.7,30.0,8.0,117.0,653.0,403.0,-1015.7,31.0
2021-08-04,israel,3517.0,673.0,750.0,-3254.1,39.0,4.0,185.0,744.0,529.0,-2874.0,47.0
2021-08-04,korea,502.0,56.0,47.0,622.0,1.0,1.0,16.0,72.0,34.0,-54.3,4.0
2021-08-04,libya,231.0,19.0,21.0,357.0,0.0,0.0,10.0,0.0,0.0,0.0,0.0
2021-08-04,scs,1073.0,103.0,107.0,1407.7,2.0,4.0,53.0,27.0,4.0,41.1,0.0
2021-08-04,southasia,5497.0,889.0,772.0,1507.9,15.0,8.0,290.0,26.0,11.0,-17.5,3.0
2021-08-04,sudan,479.0,50.0,66.0,611.0,0.0,1.0,26.0,17.0,6.0,-6.5,3.0
2021-08-04,taiwan,231.0,29.0,15.0,344.5,0.0,2.0,7.0,64.0,18.0,23.2,2.0
2021-08-04,ukraine,1028.0,165.0,206.0,-600.9,5.0,6.0,92.0,109.0,55.0,-223.9,10.0
2021-08-04,venezuela,127.0,24.0,8.0,150.8,0.0,0.0,2.0,10.0,7.0,-14.2,0.0
2021-08-04,yemen,109.0,14.0,32.0,-186.3,3.0,0.0,4.0,32.0,6.0,16.9,0.0
2021-08-05,drc,21.0,3.0,3.0,13.8,0.0,1.0,2.0,5.0,0.0,5.0,0.0
2021-08-05,europe_east,762.0,79.0,122.0,380.9,0.0,1.0,66.0,91.0,43.0,-73.5,20.0
2021-08-05,iran,1827.0,416.0,301.0,-1040.0,31.0,1.0,83.0,574.0,346.0,-832.5,34.0
2021-08-05,israel,3647.0,722.0,953.0,-5468.4,41.0,6.0,157.0,1097.0,783.0,-4442.4,71.0
2021-08-05,korea,435.0,38.0,53.0,522.2,1.0,3.0,16.0,61.0,11.0,55.4,3.0
2021-08-05,libya,95.0,10.0,5.0,189.4,0.0,0.0,3.0,0.0,0.0,0.0,0.0
2021-08-05,scs,1180.0,98.0,72.0,2141.1,1.0,1.0,24.0,11.0,5.0,-7.0,0.0
2021-08-05,southasia,6492.0,1143.0,809.0,2103.3,21.0,37.0,309.0,37.0,7.0,68.4,0.0
2021-08-05,sudan,396.0,58.0,65.0,42.6,0.0,2.0,19.0,11.0,0.0,40.0,0.0
2021-08-05,taiwan,353.0,43.0,30.0,515.7,4.0,2.0,9.0,85.0,44.0,-85.5,13.0
2021-08-05,ukraine,895.0,124.0,155.0,199.5,3.0,3.0,86.0,132.0,43.0,-18.8,8.0
2021-08-05,venezuela,142.0,14.0,30.0,106.8,0.0,0.0,16.0,18.0,12.0,-30.0,4.0
2021-08-05,yemen,110.0,19.0,22.0,-158.3,2.0,0.0,1.0,20.0,10.0,-20.7,3.0
2021-08-06,drc,11.0,0.0,0.0,73.0,0.0,0.0,0.0,5.0,5.0,-35.5,0.0
2021-08-06,europe_east,693.0,96.0,129.0,-85.8,1.0,2.0,45.0,103.0,48.0,-32.1,7.0
2021-08-06,iran,1647.0,331.0,245.0,-116.6,20.0,2.0,48.0,453.0,250.0,-705.0,20.0
2021-08-06,israel,3167.0,524.0,954.0,-6233.9,38.0,4.0,90.0,1086.0,749.0,-4851.1,56.0
2021-08-06,korea,570.0,51.0,52.0,967.2,0.0,1.0,25.0,91.0,5.0,306.4,2.0
2021-08-06,libya,95.0,9.0,7.0,138.0,0.0,0.0,5.0,0.0,0.0,0.0,0.0
2021-08-06,scs,1226.0,101.0,128.0,1733.2,1.0,9.0,39.0,66.0,11.0,76.4,2.0
2021-08-06,southasia,5255.0,889.0,751.0,1085.1,12.0,18.0,322.0,23.0,6.0,-0.1,0.0
2021-08-06,sudan,345.0,63.0,92.0,-403.3,3.0,2.0,23.0,1.0,1.0,-7.0,1.0
2021-08-06,taiwan,322.0,45.0,19.0,597.1,1.0,0.0,7.0,73.0,37.0,-57.8,10.0
2021-08-06,ukraine,669.0,72.0,108.0,280.3,3.0,4.0,52.0,71.0,23.0,29.5,8.0
2021-08-06,venezuela,103.0,16.0,12.0,117.1,0.0,0.0,7.0,24.0,15.0,-29.5,6.0
2021-08-06,yemen,75.0,8.0,20.0,-49.6,0.0,0.0,3.0,24.0,6.0,31.1,0.0
2021-08-07,drc,6.0,3.0,1.0,-6.0,0.0,0.0,0.0,2.0,0.0,6.8,0.0
2021-08-07,europe_east,315.0,47.0,34.0,321.0,0.0,0.0,14.0,17.0,6.0,-1.2,1.0
2021-08-07,iran,807.0,241.0,148.0,-1087.8,7.0,4.0,21.0,211.0,133.0,-583.0,8.0
2021-08-07,israel,1233.0,206.0,364.0,-2444.0,18.0,0.0,39.0,391.0,260.0,-1844.5,18.0
2021-08-07,korea,142.0,10.0,12.0,328.3,0.0,3.0,3.0,34.0,11.0,72.8,3.0
2021-08-07,libya,109.0,21.0,16.0,24.5,0.0,0.0,4.0,2.0,0.0,4.7,0.0
2021-08-07,scs,468.0,47.0,52.0,560.6,0.0,0.0,16.0,22.0,10.0,2.9,0.0
2021-08-07,southasia,3652.0,605.0,525.0,646.7,13.0,15.0,224.0,20.0,8.0,-19.9,0.0
2021-08-07,sudan,310.0,40.0,101.0,-638.5,0.0,3.0,8.0,0.0,0.0,0.0,0.0
2021-08-07,taiwan,106.0,11.0,10.0,112.9,0.0,1.0,2.0,10.0,6.0,-8.2,1.0
2021-08-07,ukraine,265.0,37.0,58.0,16.8,0.0,7.0,38.0,23.0,4.0,86.7,0.0
2021-08-07,venezuela,51.0,3.0,10.0,53.4,0.0,0.0,9.0,14.0,0.0,39.7,0.0
2021-08-07,yemen,128.0,4.0,43.0,-186.5,0.0,0.0,4.0,14.0,0.0,42.7,0.0
2021-08-08,drc,7.0,0.0,1.0,-9.0,0.0,0.0,0.0,0.0,0.0,0.0,0.0
2021-08-08,europe_east,281.0,37.0,64.0,-158.1,0.0,0.0,16.0,55.0,35.0,-146.8,1.0
2021-08-08,iran,619.0,128.0,115.0,-323.2,7.0,0.0,34.0,138.0,90.0,-375.7,14.0
2021-08-08,israel,1659.0,269.0,390.0,-1736.7,14.0,2.0,63.0,402.0,251.0,-1327.7,27.0
2021-08-08,korea,225.0,26.0,24.0,334.2,5.0,1.0,10.0,43.0,9.0,111.2,2.0
2021-08-08,libya,88.0,17.0,15.0,6.9,0.0,0.0,8.0,0.0,0.0,0.0,0.0
2021-08-08,scs,505.0,51.0,36.0,793.0,0.0,3.0,12.0,4.0,0.0,11.5,0.0
2021-08-08,southasia,3553.0,492.0,602.0,-95.2,5.0,11.0,204.0,13.0,4.0,8.3,1.0
2021-08-08,sudan,281.0,36.0,64.0,-165.1,0.0,4.0,7.0,0.0,0.0,0.0,0.0
2021-08-08,taiwan,157.0,17.0,7.0,341.5,0.0,0.0,1.0,26.0,6.0,22.7,0.0
2021-08-08,ukraine,244.0,55.0,39.0,-51.7,2.0,0.0,17.0,30.0,16.0,-60.3,3.0
2021-08-08,venezuela,48.0,5.0,9.0,-21.6,0.0,0.0,2.0,3.0,1.0,-3.2,0.0
2021-08-08,yemen,151.0,16.0,26.0,-32.7,0.0,0.0,1.0,27.0,2.0,67.6,0.0
2021-08-09,drc,9.0,0.0,0.0,43.7,0.0,0.0,0.0,1.0,0.0,7.4,0.0
2021-08-09,europe_east,724.0,108.0,114.0,265.9,0.0,3.0,61.0,119.0,45.0,30.1,9.0
2021-08-09,iran,1031.0,229.0,166.0,-410.7,7.0,2.0,56.0,272.0,159.0,-318.9,7.0
2021-08-09,israel,2312.0,361.0,462.0,-806.7,13.0,7.0,155.0,472.0,264.0,-1025.1,30.0
2021-08-09,korea,486.0,52.0,61.0,898.9,3.0,2.0,37.0,50.0,11.0,97.0,8.0
2021-08-09,libya,106.0,24.0,8.0,92.3,0.0,0.0,0.0,0.0,0.0,0.0,0.0
2021-08-09,scs,977.0,113.0,103.0,1024.3,0.0,1.0,40.0,18.0,0.0,101.1,0.0
2021-08-09,southasia,4806.0,707.0,716.0,899.8,13.0,18.0,249.0,31.0,18.0,-141.5,1.0
2021-08-09,sudan,425.0,62.0,95.0,-161.2,1.0,5.0,28.0,0.0,0.0,0.0,0.0
2021-08-09,taiwan,237.0,28.0,17.0,308.0,0.0,1.0,3.0,34.0,13.0,1.5,0.0
2021-08-09,ukraine,1057.0,201.0,232.0,-483.2,4.0,4.0,158.0,96.0,49.0,-76.2,2.0
2021-08-09,venezuela,155.0,33.0,9.0,168.8,0.0,0.0,2.0,10.0,8.0,-25.5,0.0
2021-08-09,yemen,132.0,16.0,14.0,157.0,1.0,0.0,2.0,50.0,7.0,82.6,5.0
2021-08-10,drc,12.0,0.0,2.0,0.2,0.0,0.0,0.0,13.0,7.0,-8.2,5.0
2021-08-10,europe_east,893.0,148.0,173.0,26.6,0.0,0.0,103.0,128.0,68.0,-227.9,41.0
2021-08-10,iran,1233.0,256.0,243.0,-719.4,7.0,0.0,65.0,276.0,139.0,-244.7,10.0
2021-08-10,israel,2356.0,365.0,407.0,-300.0,6.0,8.0,101.0,544.0,274.0,-911.3,32.0
2021-08-10,korea,716.0,128.0,98.0,502.8,4.0,5.0,24.0,158.0,69.0,-103.4,25.0
2021-08-10,libya,87.0,12.0,14.0,4.5,1.0,0.0,5.0,1.0,1.0,-7.0,1.0
2021-08-10,scs,1135.0,102.0,114.0,1510.4,4.0,4.0,38.0,29.0,11.0,29.3,0.0
2021-08-10,southasia,5216.0,764.0,767.0,1717.5,7.0,8.0,335.0,24.0,4.0,18.9,1.0
2021-08-10,sudan,473.0,60.0,82.0,224.3,0.0,7.0,20.0,4.0,3.0,-18.5,1.0
2021-08-10,taiwan,401.0,52.0,24.0,768.6,1.0,0.0,17.0,89.0,42.0,-18.6,2.0
2021-08-10,ukraine,748.0,101.0,156.0,-45.6,3.0,14.0,76.0,76.0,24.0,57.9,2.0
2021-08-10,venezuela,94.0,13.0,22.0,-1.1,0.0,0.0,16.0,16.0,13.0,-58.6,8.0
2021-08-10,yemen,121.0,8.0,40.0,-74.5,0.0,0.0,27.0,31.0,10.0,12.6,0.0
2021-08-11,drc,13.0,4.0,0.0,27.9,0.0,0.0,0.0,15.0,8.0,-22.1,5.0
2021-08-11,europe_east,873.0,134.0,108.0,734.7,1.0,3.0,72.0,70.0,28.0,-47.9,7.0
2021-08-11,iran,1140.0,193.0,192.0,384.6,3.0,0.0,90.0,247.0,96.0,52.6,3.0
2021-08-11,israel,2583.0,337.0,439.0,119.1,14.0,4.0,129.0,536.0,208.0,-388.7,23.0
2021-08-11,korea,721.0,147.0,104.0,298.2,12.0,3.0,46.0,172.0,93.0,-163.0,28.0
2021-08-11,libya,170.0,31.0,30.0,-166.8,1.0,1.0,0.0,2.0,0.0,14.0,0.0
2021-08-11,scs,928.0,86.0,94.0,1252.9,2.0,3.0,32.0,25.0,9.0,9.9,0.0
2021-08-11,southasia,4736.0,606.0,518.0,3973.1,7.0,8.0,191.0,6.0,2.0,3.4,1.0
2021-08-11,sudan,660.0,98.0,148.0,-147.0,2.0,3.0,50.0,10.0,6.0,-42.5,3.0
2021-08-11,taiwan,356.0,40.0,30.0,517.1,0.0,0.0,19.0,98.0,29.0,29.1,7.0
2021-08-11,ukraine,712.0,77.0,108.0,422.8,0.0,5.0,67.0,40.0,18.0,-23.9,6.0
2021-08-11,venezuela,63.0,8.0,12.0,-5.7,0.0,0.0,6.0,12.0,1.0,20.0,1.0
2021-08-11,yemen,103.0,12.0,17.0,43.2,0.0,0.0,5.0,34.0,4.0,48.3,0.0
2021-08-12,drc,27.0,4.0,2.0,28.4,0.0,0.0,2.0,0.0,0.0,0.0,0.0
2021-08-12,europe_east,1050.0,207.0,96.0,897.9,4.0,7.0,47.0,99.0,39.0,-8.0,6.0
2021-08-12,iran,1034.0,165.0,169.0,-81.4,11.0,4.0,64.0,199.0,107.0,-279.3,9.0
2021-08-12,israel,2953.0,440.0,546.0,-697.5,8.0,1.0,111.0,512.0,318.0,-1735.1,32.0
2021-08-12,korea,646.0,94.0,76.0,798.4,1.0,1.0,54.0,78.0,34.0,-33.8,7.0
2021-08-12,libya,164.0,14.0,25.0,202.3,0.0,0.0,5.0,1.0,1.0,-9.0,0.0
2021-08-12,scs,1183.0,150.0,107.0,1573.8,0.0,0.0,53.0,41.0,17.0,8.0,0.0
2021-08-12,southasia,5284.0,868.0,706.0,1872.6,18.0,8.0,275.0,11.0,4.0,-15.0,0.0
2021-08-12,sudan,686.0,93.0,118.0,584.9,1.0,0.0,48.0,6.0,6.0,-46.5,3.0
2021-08-12,taiwan,347.0,27.0,24.0,633.9,0.0,3.0,13.0,64.0,11.0,89.9,0.0
2021-08-12,ukraine,647.0,101.0,166.0,-375.9,3.0,11.0,82.0,84.0,37.0,4.8,13.0
2021-08-12,venezuela,138.0,17.0,9.0,224.9,0.0,0.0,8.0,14.0,3.0,12.3,0.0
2021-08-12,yemen,80.0,13.0,7.0,66.0,0.0,0.0,1.0,16.0,7.0,-22.9,0.0
2021-08-13,drc,41.0,7.0,6.0,-15.1,0.0,0.0,1.0,0.0,0.0,0.0,0.0
2021-08-13,europe_east,617.0,97.0,92.0,311.3,4.0,0.0,60.0,45.0,20.0,-55.7,5.0
2021-08-13,iran,767.0,136.0,142.0,-156.5,8.0,5.0,61.0,126.0,47.0,-45.2,6.0
2021-08-13,israel,2038.0,298.0,426.0,-994.3,6.0,0.0,109.0,295.0,199.0,-1178.9,19.0
2021-08-13,korea,604.0,88.0,91.0,430.1,6.0,0.0,40.0,46.0,14.0,-30.7,5.0
2021-08-13,libya,90.0,18.0,18.0,-47.3,0.0,2.0,8.0,2.0,2.0,-10.0,2.0
2021-08-13,scs,1054.0,121.0,164.0,816.0,4.0,4.0,115.0,40.0,11.0,22.6,3.0
2021-08-13,southasia,5245.0,754.0,839.0,984.4,30.0,8.0,284.0,27.0,12.0,-20.2,3.0
2021-08-13,sudan,392.0,48.0,61.0,340.4,0.0,0.0,22.0,4.0,4.0,-31.0,2.0
2021-08-13,taiwan,311.0,36.0,17.0,555.1,1.0,3.0,11.0,58.0,15.0,-1.8,1.0
2021-08-13,ukraine,623.0,82.0,102.0,149.9,0.0,6.0,51.0,57.0,22.0,-64.8,5.0
2021-08-13,venezuela,162.0,31.0,43.0,-109.8,0.0,0.0,24.0,25.0,13.0,-40.9,3.0
2021-08-13,yemen,101.0,10.0,41.0,-294.6,1.0,2.0,5.0,9.0,1.0,26.2,0.0
2021-08-14,drc,18.0,0.0,1.0,63.2,0.0,0.0,1.0,0.0,0.0,0.0,0.0
2021-08-14,europe_east,387.0,59.0,55.0,90.7,0.0,6.0,27.0,20.0,8.0,-7.6,3.0
2021-08-14,iran,358.0,52.0,58.0,118.5,0.0,2.0,20.0,47.0,17.0,45.4,2.0
2021-08-14,israel,994.0,142.0,225.0,-470.7,0.0,5.0,69.0,158.0,98.0,-470.3,11.0
2021-08-14,korea,238.0,47.0,42.0,11.1,0.0,0.0,17.0,48.0,20.0,69.5,1.0
2021-08-14,libya,85.0,8.0,10.0,138.8,0.0,0.0,6.0,4.0,3.0,-4.1,0.0
2021-08-14,scs,645.0,63.0,95.0,451.7,1.0,1.0,33.0,37.0,14.0,-43.8,0.0
2021-08-14,southasia,3687.0,540.0,573.0,983.7,10.0,33.0,187.0,6.0,2.0,-7.0,2.0
2021-08-14,sudan,63.0,17.0,12.0,-103.3,0.0,0.0,3.0,1.0,0.0,6.0,0.0
2021-08-14,taiwan,196.0,10.0,24.0,293.0,0.0,0.0,10.0,39.0,17.0,-61.7,3.0
2021-08-14,ukraine,238.0,36.0,55.0,-42.9,0.0,1.0,35.0,28.0,6.0,11.2,6.0
2021-08-14,venezuela,129.0,25.0,12.0,202.3,1.0,0.0,10.0,11.0,5.0,-12.0,0.0
2021-08-14,yemen,86.0,8.0,43.0,-343.2,1.0,0.0,4.0,18.0,15.0,-136.3,1.0
2021-08-15,drc,8.0,1.0,0.0,14.2,0.0,0.0,0.0,0.0,0.0,0.0,0.0
2021-08-15,europe_east,431.0,63.0,60.0,174.2,1.0,0.0,33.0,16.0,5.0,-15.4,0.0
2021-08-15,iran,361.0,63.0,49.0,154.4,1.0,0.0,24.0,60.0,29.0,-19.5,7.0
2021-08-15,israel,1626.0,277.0,341.0,-1095.3,9.0,4.0,103.0,219.0,141.0,-712.7,26.0
2021-08-15,korea,284.0,67.0,30.0,117.2,6.0,0.0,14.0,46.0,30.0,-106.4,6.0
2021-08-15,libya,64.0,10.0,7.0,40.8,0.0,0.0,2.0,0.0,0.0,0.0,0.0
2021-08-15,scs,621.0,70.0,94.0,394.1,0.0,3.0,34.0,5.0,1.0,15.0,1.0
2021-08-15,southasia,2766.0,354.0,417.0,825.3,21.0,14.0,160.0,5.0,0.0,11.3,0.0
2021-08-15,sudan,151.0,20.0,36.0,-115.9,0.0,2.0,9.0,0.0,0.0,0.0,0.0
2021-08-15,taiwan,105.0,2.0,16.0,209.3,0.0,1.0,10.0,18.0,7.0,-1.4,1.0
2021-08-15,ukraine,94.0,27.0,24.0,-186.6,0.0,0.0,15.0,2.0,0.0,6.0,0.0
2021-08-15,venezuela,49.0,1.0,2.0,146.7,0.0,0.0,1.0,0.0,0.0,0.0,0.0
2021-08-15,yemen,61.0,6.0,18.0,-127.0,0.0,2.0,2.0,7.0,6.0,-46.0,0.0
2021-08-16,drc,20.0,4.0,2.0,27.5,0.0,0.0,1.0,4.0,4.0,-40.0,0.0
2021-08-16,europe_east,885.0,96.0,127.0,784.7,4.0,0.0,77.0,20.0,9.0,9.2,3.0
2021-08-16,iran,761.0,96.0,103.0,691.5,7.0,6.0,43.0,87.0,41.0,-38.3,0.0
2021-08-16,israel,2165.0,297.0,533.0,-1966.6,17.0,4.0,96.0,487.0,354.0,-2443.3,37.0
2021-08-16,korea,243.0,25.0,28.0,438.1,0.0,0.0,21.0,20.0,5.0,22.9,1.0
2021-08-16,libya,93.0,6.0,19.0,57.5,0.0,0.0,9.0,0.0,0.0,0.0,0.0
2021-08-16,scs,1118.0,128.0,208.0,433.3,8.0,7.0,102.0,27.0,6.0,75.0,1.0
2021-08-16,southasia,4266.0,501.0,580.0,3448.4,8.0,10.0,254.0,12.0,7.0,-30.9,0.0
2021-08-16,sudan,326.0,48.0,58.0,20.5,0.0,5.0,11.0,4.0,0.0,32.0,0.0
2021-08-16,taiwan,166.0,18.0,19.0,155.0,0.0,0.0,4.0,22.0,9.0,-12.3,1.0
2021-08-16,ukraine,503.0,51.0,91.0,212.1,0.0,2.0,50.0,60.0,25.0,-59.0,4.0
2021-08-16,venezuela,144.0,19.0,16.0,282.0,0.0,0.0,8.0,6.0,2.0,9.0,2.0
2021-08-16,yemen,107.0,12.0,19.0,20.2,0.0,0.0,1.0,16.0,11.0,-38.6,0.0
2021-08-17,drc,23.0,2.0,2.0,20.1,0.0,0.0,0.0,2.0,1.0,-9.5,0.0
2021-08-17,europe_east,722.0,59.0,83.0,1024.5,1.0,2.0,51.0,45.0,15.0,-19.5,0.0
2021-08-17,iran,546.0,85.0,64.0,437.3,2.0,0.0,21.0,83.0,33.0,17.1,2.0
2021-08-17,israel,1811.0,226.0,407.0,-1081.5,8.0,1.0,84.0,308.0,201.0,-1175.0,27.0
2021-08-17,korea,425.0,53.0,35.0,741.7,1.0,0.0,20.0,23.0,9.0,25.0,0.0
2021-08-17,libya,151.0,16.0,7.0,271.0,0.0,0.0,1.0,2.0,0.0,2.0,0.0
2021-08-17,scs,1032.0,124.0,156.0,741.7,5.0,3.0,69.0,13.0,10.0,-23.7,0.0
2021-08-17,southasia,4800.0,609.0,573.0,3413.4,16.0,3.0,276.0,18.0,13.0,-55.6,3.0
2021-08-17,sudan,256.0,22.0,64.0,-200.3,0.0,3.0,10.0,5.0,4.0,-24.5,0.0
2021-08-17,taiwan,459.0,76.0,45.0,415.6,1.0,3.0,10.0,137.0,72.0,-302.7,17.0
2021-08-17,ukraine,495.0,72.0,80.0,190.4,0.0,0.0,35.0,37.0,17.0,-68.6,2.0
2021-08-17,venezuela,110.0,6.0,23.0,151.0,0.0,0.0,15.0,6.0,2.0,-9.1,1.0
2021-08-17,yemen,101.0,5.0,17.0,-5.8,0.0,0.0,2.0,32.0,8.0,-12.6,4.0
2021-08-18,drc,10.0,1.0,0.0,45.4,0.0,0.0,0.0,0.0,0.0,0.0,0.0
2021-08-18,europe_east,1016.0,199.0,148.0,453.8,1.0,8.0,43.0,199.0,113.0,-234.8,20.0
2021-08-18,iran,665.0,86.0,81.0,509.2,6.0,4.0,27.0,128.0,31.0,253.4,1.0
2021-08-18,israel,2113.0,265.0,332.0,657.2,8.0,6.0,83.0,310.0,139.0,-390.7,14.0
2021-08-18,korea,410.0,30.0,45.0,668.7,2.0,3.0,13.0,21.0,7.0,15.4,3.0
2021-08-18,libya,118.0,12.0,10.0,219.1,0.0,2.0,1.0,0.0,0.0,0.0,0.0
2021-08-18,scs,1356.0,104.0,152.0,1792.3,2.0,1.0,54.0,36.0,13.0,15.1,3.0
2021-08-18,southasia,4787.0,690.0,721.0,1781.0,5.0,9.0,297.0,31.0,19.0,-94.1,6.0
2021-08-18,sudan,295.0,41.0,58.0,-72.7,0.0,1.0,18.0,0.0,0.0,0.0,0.0
2021-08-18,taiwan,335.0,46.0,43.0,350.9,1.0,6.0,6.0,72.0,22.0,-22.9,2.0
2021-08-18,ukraine,707.0,122.0,152.0,-181.7,1.0,0.0,73.0,72.0,18.0,84.7,7.0
2021-08-18,venezuela,118.0,17.0,21.0,86.6,0.0,0.0,15.0,24.0,5.0,70.3,2.0
2021-08-18,yemen,45.0,0.0,13.0,-61.6,0.0,0.0,1.0,19.0,0.0,27.1,0.0
2021-08-19,drc,34.0,4.0,7.0,37.1,0.0,2.0,2.0,0.0,0.0,0.0,0.0
2021-08-19,europe_east,930.0,143.0,113.0,1166.9,0.0,8.0,50.0,94.0,46.0,-49.2,10.0
2021-08-19,iran,1079.0,177.0,134.0,604.8,4.0,4.0,49.0,213.0,101.0,-167.0,0.0
2021-08-19,israel,2865.0,426.0,431.0,851.7,22.0,4.0,142.0,383.0,212.0,-889.8,18.0
2021-08-19,korea,544.0,60.0,63.0,750.6,4.0,2.0,19.0,65.0,16.0,123.8,6.0
2021-08-19,libya,156.0,16.0,14.0,359.2,0.0,2.0,3.0,0.0,0.0,0.0,0.0
2021-08-19,scs,1578.0,133.0,212.0,1835.1,3.0,8.0,86.0,32.0,4.0,118.4,3.0
2021-08-19,southasia,5991.0,758.0,879.0,3111.9,15.0,13.0,361.0,15.0,8.0,-26.3,3.0
2021-08-19,sudan,512.0,141.0,70.0,-55.2,0.0,1.0,14.0,1.0,0.0,0.4,0.0
2021-08-19,taiwan,477.0,55.0,53.0,628.8,0.0,0.0,30.0,59.0,25.0,-74.7,5.0
2021-08-19,ukraine,650.0,90.0,82.0,644.7,0.0,2.0,38.0,107.0,26.0,84.2,4.0
2021-08-19,venezuela,159.0,19.0,16.0,253.0,0.0,0.0,11.0,23.0,7.0,34.2,2.0
2021-08-19,yemen,117.0,21.0,22.0,26.7,0.0,0.0,6.0,32.0,5.0,36.5,1.0
2021-08-20,drc,11.0,1.0,0.0,30.0,0.0,0.0,0.0,8.0,0.0,6.0,0.0
2021-08-20,europe_east,963.0,127.0,133.0,878.3,2.0,13.0,53.0,114.0,48.0,-80.8,9.0
2021-08-20,iran,924.0,131.0,174.0,196.2,2.0,0.0,59.0,132.0,58.0,-59.9,6.0
2021-08-20,israel,2184.0,342.0,480.0,-1499.7,12.0,0.0,122.0,425.0,291.0,-1640.1,44.0
2021-08-20,korea,672.0,73.0,87.0,635.8,2.0,3.0,18.0,66.0,27.0,-26.8,5.0
2021-08-20,libya,118.0,20.0,19.0,39.8,0.0,0.0,3.0,1.0,0.0,8.3,0.0
2021-08-20,scs,1577.0,115.0,156.0,2446.7,3.0,6.0,54.0,74.0,6.0,179.1,0.0
2021-08-20,southasia,5594.0,759.0,826.0,2210.5,10.0,15.0,292.0,13.0,11.0,-43.0,3.0
2021-08-20,sudan,344.0,25.0,59.0,152.8,0.0,3.0,11.0,1.0,0.0,3.0,0.0
2021-08-20,taiwan,339.0,35.0,41.0,424.2,2.0,0.0,11.0,60.0,28.0,2.2,0.0
2021-08-20,ukraine,920.0,141.0,109.0,1200.7,1.0,5.0,64.0,164.0,49.0,29.1,12.0
2021-08-20,venezuela,117.0,20.0,23.0,53.4,0.0,0.0,8.0,14.0,5.0,-5.5,0.0
2021-08-20,yemen,69.0,9.0,16.0,-32.4,2.0,0.0,2.0,7.0,5.0,-28.0,4.0
2021-08-21,drc,5.0,0.0,0.0,15.0,0.0,0.0,0.0,2.0,2.0,-20.0,0.0
2021-08-21,europe_east,435.0,47.0,57.0,517.5,0.0,7.0,33.0,52.0,30.0,-55.8,1.0
2021-08-21,iran,493.0,70.0,75.0,352.1,3.0,5.0,21.0,96.0,46.0,-188.5,6.0
2021-08-21,israel,1077.0,133.0,323.0,-1796.1,7.0,5.0,54.0,259.0,171.0,-1105.4,24.0
2021-08-21,korea,449.0,57.0,55.0,477.4,2.0,2.0,13.0,78.0,27.0,12.8,10.0
2021-08-21,libya,64.0,17.0,9.0,1.5,0.0,0.0,3.0,0.0,0.0,0.0,0.0
2021-08-21,scs,927.0,76.0,98.0,1230.1,0.0,4.0,35.0,28.0,3.0,100.1,0.0
2021-08-21,southasia,4967.0,684.0,849.0,856.4,6.0,10.0,312.0,12.0,8.0,-24.9,3.0
2021-08-21,sudan,366.0,36.0,42.0,619.4,0.0,1.0,14.0,0.0,0.0,0.0,0.0
2021-08-21,taiwan,209.0,30.0,19.0,164.9,2.0,0.0,9.0,57.0,34.0,-32.9,1.0
2021-08-21,ukraine,364.0,63.0,47.0,130.1,0.0,1.0,34.0,60.0,28.0,-82.6,3.0
2021-08-21,venezuela,75.0,8.0,10.0,131.1,0.0,0.0,7.0,5.0,0.0,11.0,0.0
2021-08-21,yemen,125.0,21.0,43.0,-266.5,2.0,0.0,6.0,11.0,9.0,-56.0,0.0
2021-08-22,drc,0.0,0.0,0.0,0.0,0.0,0.0,0.0,6.0,0.0,14.1,0.0
2021-08-22,europe_east,449.0,41.0,60.0,458.1,1.0,5.0,27.0,37.0,2.0,164.8,2.0
2021-08-22,iran,811.0,104.0,112.0,706.5,4.0,2.0,24.0,213.0,92.0,0.7,7.0
2021-08-22,israel,1975.0,272.0,543.0,-2712.9,6.0,5.0,147.0,419.0,247.0,-1506.1,37.0
2021-08-22,korea,309.0,45.0,45.0,152.4,2.0,0.0,7.0,22.0,9.0,1.8,0.0
2021-08-22,libya,107.0,6.0,26.0,-2.0,0.0,1.0,6.0,0.0,0.0,0.0,0.0
2021-08-22,scs,1172.0,69.0,140.0,1723.7,1.0,1.0,53.0,62.0,13.0,56.2,4.0
2021-08-22,southasia,4710.0,689.0,735.0,1702.2,17.0,7.0,353.0,19.0,10.0,-10.2,3.0
2021-08-22,sudan,148.0,5.0,15.0,308.6,0.0,0.0,8.0,2.0,0.0,16.0,0.0
2021-08-22,taiwan,178.0,28.0,13.0,178.1,0.0,0.0,1.0,49.0,24.0,-3.5,2.0
2021-08-22,ukraine,496.0,66.0,48.0,708.5,1.0,2.0,37.0,147.0,33.0,238.6,2.0
2021-08-22,venezuela,74.0,0.0,7.0,138.5,0.0,0.0,1.0,9.0,0.0,21.3,0.0
2021-08-22,yemen,117.0,8.0,30.0,-45.9,0.0,0.0,2.0,3.0,3.0,-13.5,0.0
2021-08-23,drc,14.0,7.0,2.0,-33.6,0.0,0.0,1.0,8.0,0.0,28.7,0.0
2021-08-23,europe_east,1040.0,200.0,140.0,435.7,0.0,3.0,64.0,199.0,100.0,-82.7,17.0
2021-08-23,iran,998.0,111.0,117.0,1048.3,3.0,0.0,51.0,143.0,55.0,-31.0,4.0
2021-08-23,israel,2364.0,350.0,571.0,-2259.9,14.0,7.0,152.0,425.0,257.0,-1400.9,31.0
2021-08-23,korea,850.0,57.0,74.0,1453.3,3.0,4.0,23.0,166.0,28.0,324.9,7.0
2021-08-23,libya,119.0,12.0,13.0,137.6,0.0,0.0,2.0,2.0,0.0,4.7,0.0
2021-08-23,scs,1686.0,153.0,167.0,2815.9,0.0,14.0,64.0,33.0,8.0,50.6,0.0
2021-08-23,southasia,5987.0,889.0,826.0,2886.1,9.0,12.0,359.0,24.0,13.0,-46.9,6.0
2021-08-23,sudan,218.0,16.0,36.0,169.3,0.0,0.0,7.0,0.0,0.0,0.0,0.0
2021-08-23,taiwan,318.0,42.0,46.0,152.7,0.0,3.0,11.0,35.0,3.0,113.7,0.0
2021-08-23,ukraine,1364.0,244.0,128.0,1168.8,0.0,3.0,73.0,257.0,85.0,51.6,23.0
2021-08-23,venezuela,105.0,11.0,10.0,187.0,0.0,0.0,7.0,8.0,2.0,-4.0,2.0
2021-08-23,yemen,106.0,11.0,20.0,-50.1,1.0,0.0,2.0,18.0,4.0,62.4,0.0
2021-08-24,drc,49.0,3.0,6.0,59.5,0.0,0.0,2.0,3.0,0.0,19.2,0.0
2021-08-24,europe_east,889.0,126.0,114.0,801.3,2.0,9.0,48.0,131.0,42.0,40.0,14.0
2021-08-24,iran,1345.0,143.0,204.0,918.8,5.0,0.0,89.0,287.0,84.0,231.8,3.0
2021-08-24,israel,2642.0,357.0,626.0,-1984.3,16.0,7.0,144.0,697.0,382.0,-2073.4,28.0
2021-08-24,korea,761.0,78.0,83.0,927.0,4.0,3.0,30.0,120.0,43.0,31.0,4.0
2021-08-24,libya,132.0,6.0,29.0,68.3,0.0,0.0,16.0,3.0,0.0,12.1,0.0
2021-08-24,scs,1953.0,194.0,145.0,3330.8,1.0,8.0,65.0,148.0,28.0,215.9,0.0
2021-08-24,southasia,7242.0,1144.0,1104.0,2291.2,7.0,25.0,444.0,34.0,15.0,-4.1,6.0
2021-08-24,sudan,315.0,61.0,52.0,49.6,0.0,2.0,10.0,0.0,0.0,0.0,0.0
2021-08-24,taiwan,341.0,33.0,46.0,317.2,1.0,0.0,12.0,38.0,9.0,77.7,2.0
2021-08-24,ukraine,1139.0,129.0,168.0,534.7,2.0,24.0,89.0,140.0,45.0,47.3,16.0
2021-08-24,venezuela,95.0,18.0,21.0,-36.6,0.0,0.0,17.0,17.0,12.0,-17.0,4.0
2021-08-24,yemen,194.0,21.0,34.0,52.7,3.0,0.0,8.0,70.0,45.0,-294.9,0.0
2021-08-25,drc,37.0,1.0,9.0,23.1,0.0,0.0,8.0,2.0,1.0,-7.0,1.0
2021-08-25,europe_east,872.0,113.0,86.0,1272.0,0.0,2.0,41.0,86.0,43.0,-110.0,2.0
2021-08-25,iran,1061.0,167.0,109.0,830.4,8.0,4.0,22.0,317.0,114.0,85.0,9.0
2021-08-25,israel,3147.0,429.0,563.0,-169.1,17.0,17.0,159.0,662.0,310.0,-1076.7,46.0
2021-08-25,korea,643.0,69.0,83.0,838.5,0.0,3.0,46.0,55.0,12.0,44.1,0.0
2021-08-25,libya,194.0,19.0,25.0,302.0,1.0,0.0,12.0,0.0,0.0,0.0,0.0
2021-08-25,scs,2551.0,238.0,212.0,4214.4,4.0,7.0,65.0,416.0,77.0,882.2,0.0
2021-08-25,southasia,6833.0,1025.0,849.0,4204.0,10.0,13.0,350.0,18.0,17.0,-57.0,2.0
2021-08-25,sudan,351.0,19.0,51.0,366.9,0.0,1.0,5.0,1.0,1.0,-10.0,0.0
2021-08-25,taiwan,366.0,22.0,42.0,632.6,0.0,1.0,8.0,69.0,23.0,34.1,5.0
2021-08-25,ukraine,942.0,109.0,102.0,793.0,2.0,6.0,48.0,179.0,73.0,-139.7,18.0
2021-08-25,venezuela,139.0,9.0,28.0,37.0,0.0,3.0,9.0,18.0,5.0,-4.2,3.0
2021-08-25,yemen,90.0,16.0,13.0,-27.5,3.0,0.0,0.0,6.0,2.0,1.5,0.0
2021-08-26,drc,12.0,1.0,4.0,-15.6,0.0,0.0,4.0,0.0,0.0,0.0,0.0
2021-08-26,europe_east,957.0,69.0,90.0,1885.5,4.0,1.0,44.0,82.0,48.0,-158.7,8.0
2021-08-26,iran,1105.0,142.0,105.0,1702.5,4.0,1.0,41.0,362.0,110.0,299.6,11.0
2021-08-26,israel,3052.0,410.0,404.0,1264.9,19.0,8.0,143.0,501.0,218.0,-508.4,23.0
2021-08-26,korea,511.0,56.0,53.0,934.7,0.0,4.0,21.0,38.0,11.0,56.0,0.0
2021-08-26,libya,114.0,11.0,18.0,123.0,0.0,0.0,9.0,0.0,0.0,0.0,0.0
2021-08-26,scs,2155.0,222.0,259.0,2178.7,5.0,13.0,88.0,188.0,29.0,378.2,11.0
2021-08-26,southasia,6774.0,1041.0,936.0,2482.6,21.0,18.0,364.0,7.0,5.0,0.0,0.0
2021-08-26,sudan,226.0,5.0,35.0,194.6,0.0,0.0,15.0,0.0,0.0,0.0,0.0
2021-08-26,taiwan,328.0,29.0,45.0,371.2,2.0,2.0,22.0,70.0,13.0,103.8,3.0
2021-08-26,ukraine,620.0,78.0,82.0,559.1,1.0,3.0,41.0,108.0,32.0,129.8,7.0
2021-08-26,venezuela,162.0,11.0,26.0,52.2,0.0,3.0,16.0,4.0,0.0,1.4,0.0
2021-08-26,yemen,95.0,9.0,26.0,-123.7,0.0,0.0,5.0,20.0,9.0,-48.9,1.0
2021-08-27,drc,25.0,10.0,3.0,-2.7,0.0,0.0,2.0,1.0,1.0,-7.0,1.0
2021-08-27,europe_east,692.0,137.0,73.0,593.0,0.0,6.0,30.0,91.0,52.0,-196.1,11.0
2021-08-27,iran,1159.0,145.0,144.0,927.4,3.0,3.0,57.0,288.0,89.0,70.1,5.0
2021-08-27,israel,2477.0,286.0,412.0,473.6,8.0,4.0,163.0,425.0,207.0,-787.1,36.0
2021-08-27,korea,727.0,49.0,90.0,1147.0,1.0,3.0,35.0,94.0,30.0,-49.3,8.0
2021-08-27,libya,89.0,5.0,6.0,208.8,1.0,0.0,4.0,0.0,0.0,0.0,0.0
2021-08-27,scs,1626.0,151.0,211.0,1738.2,2.0,7.0,49.0,129.0,24.0,243.7,3.0
2021-08-27,southasia,6733.0,1008.0,875.0,3620.4,20.0,10.0,329.0,8.0,3.0,-10.0,0.0
2021-08-27,sudan,185.0,16.0,38.0,-30.8,0.0,0.0,12.0,0.0,0.0,0.0,0.0
2021-08-27,taiwan,374.0,32.0,29.0,677.0,0.0,2.0,14.0,95.0,27.0,120.3,6.0
2021-08-27,ukraine,782.0,76.0,90.0,871.1,0.0,5.0,33.0,55.0,20.0,-30.0,3.0
2021-08-27,venezuela,170.0,35.0,17.0,178.5,0.0,1.0,9.0,34.0,10.0,56.4,1.0
2021-08-27,yemen,54.0,7.0,13.0,-2.6,0.0,0.0,3.0,15.0,6.0,-47.9,0.0
2021-08-28,drc,60.0,16.0,12.0,3.5,3.0,0.0,6.0,0.0,0.0,0.0,0.0
2021-08-28,europe_east,419.0,50.0,56.0,407.4,0.0,7.0,26.0,34.0,14.0,-30.5,3.0
2021-08-28,iran,895.0,157.0,101.0,718.2,5.0,2.0,39.0,250.0,93.0,42.3,0.0
2021-08-28,israel,1660.0,242.0,374.0,-1175.6,7.0,6.0,112.0,323.0,182.0,-927.1,24.0
2021-08-28,korea,177.0,16.0,22.0,252.5,2.0,0.0,11.0,29.0,14.0,-44.6,8.0
2021-08-28,libya,74.0,7.0,7.0,58.3,0.0,0.0,0.0,0.0,0.0,0.0,0.0
2021-08-28,scs,966.0,75.0,97.0,1225.4,2.0,4.0,37.0,46.0,5.0,98.8,0.0
2021-08-28,southasia,5887.0,959.0,1051.0,-617.8,21.0,15.0,379.0,15.0,8.0,-19.6,0.0
2021-08-28,sudan,179.0,21.0,34.0,40.1,0.0,0.0,10.0,0.0,0.0,0.0,0.0
2021-08-28,taiwan,232.0,28.0,36.0,225.1,0.0,4.0,6.0,53.0,25.0,-64.3,8.0
2021-08-28,ukraine,422.0,38.0,34.0,649.2,0.0,0.0,24.0,19.0,10.0,-38.8,4.0
2021-08-28,venezuela,84.0,13.0,10.0,39.8,0.0,0.0,4.0,26.0,6.0,27.6,0.0
2021-08-28,yemen,72.0,4.0,12.0,42.3,0.0,2.0,0.0,19.0,9.0,-45.3,0.0
2021-08-29,drc,34.0,1.0,9.0,-6.3,0.0,0.0,3.0,2.0,1.0,-6.6,0.0
2021-08-29,europe_east,271.0,33.0,28.0,381.6,0.0,1.0,16.0,33.0,12.0,77.2,5.0
2021-08-29,iran,866.0,128.0,119.0,775.4,5.0,2.0,49.0,224.0,82.0,67.3,1.0
2021-08-29,israel,2007.0,304.0,433.0,-1465.2,7.0,3.0,123.0,447.0,233.0,-1025.5,21.0
2021-08-29,korea,355.0,24.0,33.0,650.8,1.0,0.0,22.0,48.0,5.0,153.7,1.0
2021-08-29,libya,116.0,10.0,15.0,63.3,0.0,0.0,0.0,0.0,0.0,0.0,0.0
2021-08-29,scs,957.0,96.0,100.0,968.5,9.0,3.0,27.0,19.0,6.0,20.6,1.0
2021-08-29,southasia,4570.0,812.0,717.0,-51.2,17.0,8.0,261.0,19.0,11.0,-29.6,5.0
2021-08-29,sudan,146.0,27.0,10.0,151.3,1.0,0.0,9.0,0.0,0.0,0.0,0.0
2021-08-29,taiwan,300.0,29.0,33.0,324.3,2.0,0.0,14.0,37.0,14.0,-9.1,1.0
2021-08-29,ukraine,206.0,35.0,33.0,92.5,0.0,0.0,15.0,17.0,7.0,-0.1,1.0
2021-08-29,venezuela,58.0,8.0,2.0,106.0,0.0,0.0,1.0,0.0,0.0,0.0,0.0
2021-08-29,yemen,176.0,28.0,78.0,-755.9,3.0,0.0,0.0,23.0,10.0,-33.6,0.0
2021-08-30,drc,30.0,7.0,6.0,13.6,0.0,0.0,5.0,2.0,0.0,8.0,0.0
2021-08-30,europe_east,713.0,106.0,50.0,961.1,0.0,0.0,23.0,88.0,48.0,-103.8,14.0
2021-08-30,iran,766.0,98.0,81.0,884.8,5.0,0.0,40.0,155.0,60.0,12.6,0.0
2021-08-30,israel,3093.0,335.0,576.0,517.0,6.0,5.0,230.0,773.0,256.0,119.0,41.0
2021-08-30,korea,812.0,89.0,74.0,1325.9,1.0,1.0,34.0,120.0,21.0,199.9,4.0
2021-08-30,libya,293.0,39.0,11.0,470.4,0.0,0.0,5.0,1.0,0.0,7.4,0.0
2021-08-30,scs,1179.0,127.0,116.0,1801.5,5.0,0.0,50.0,51.0,7.0,194.9,1.0
2021-08-30,southasia,5718.0,936.0,882.0,892.0,13.0,19.0,338.0,19.0,12.0,-24.7,1.0
2021-08-30,sudan,310.0,51.0,30.0,229.6,1.0,0.0,14.0,0.0,0.0,0.0,0.0
2021-08-30,taiwan,196.0,20.0,22.0,270.6,0.0,1.0,9.0,19.0,4.0,20.4,0.0
2021-08-30,ukraine,752.0,82.0,91.0,809.4,1.0,5.0,48.0,71.0,32.0,-59.1,3.0
2021-08-30,venezuela,94.0,13.0,25.0,-46.5,0.0,0.0,15.0,19.0,14.0,-84.4,2.0
2021-08-30,yemen,212.0,30.0,76.0,-601.6,10.0,1.0,3.0,25.0,12.0,-62.0,0.0
2021-08-31,drc,16.0,0.0,5.0,-32.6,0.0,0.0,0.0,6.0,6.0,-28.0,0.0
2021-08-31,europe_east,808.0,121.0,91.0,808.5,0.0,6.0,54.0,184.0,87.0,-143.3,19.0
2021-08-31,iran,876.0,110.0,118.0,1002.9,1.0,0.0,46.0,231.0,84.0,100.0,8.0
2021-08-31,israel,2628.0,329.0,465.0,200.7,5.0,5.0,170.0,572.0,216.0,-364.5,34.0
2021-08-31,korea,885.0,106.0,82.0,1187.2,1.0,0.0,47.0,101.0,18.0,204.8,0.0
2021-08-31,libya,270.0,20.0,19.0,505.8,0.0,0.0,6.0,0.0,0.0,0.0,0.0
2021-08-31,scs,1483.0,156.0,148.0,1854.3,4.0,1.0,80.0,65.0,14.0,85.7,1.0
2021-08-31,southasia,6405.0,832.0,984.0,3227.4,6.0,21.0,446.0,22.0,7.0,38.7,2.0
2021-08-31,sudan,346.0,38.0,47.0,293.6,6.0,0.0,16.0,0.0,0.0,0.0,0.0
2021-08-31,taiwan,271.0,22.0,47.0,107.6,0.0,3.0,15.0,38.0,17.0,-48.9,4.0
2021-08-31,ukraine,807.0,81.0,87.0,970.3,2.0,6.0,37.0,99.0,42.0,64.1,13.0
2021-08-31,venezuela,152.0,24.0,46.0,-255.8,0.0,0.0,12.0,6.0,4.0,-2.4,0.0
2021-08-31,yemen,257.0,45.0,109.0,-930.5,4.0,3.0,11.0,66.0,41.0,-228.2,9.0
2021-09-01,drc,37.0,9.0,11.0,-52.3,0.0,0.0,2.0,4.0,4.0,-24.0,0.0
2021-09-01,europe_east,935.0,121.0,127.0,761.4,3.0,4.0,39.0,98.0,59.0,-179.7,20.0
2021-09-01,iran,870.0,96.0,143.0,713.3,3.0,2.0,51.0,166.0,51.0,63.8,6.0
2021-09-01,israel,2449.0,279.0,402.0,1093.7,10.0,12.0,130.0,435.0,197.0,-720.3,38.0
2021-09-01,korea,742.0,63.0,103.0,863.4,1.0,0.0,38.0,92.0,25.0,16.5,3.0
2021-09-01,libya,198.0,19.0,19.0,268.9,0.0,0.0,6.0,0.0,0.0,0.0,0.0
2021-09-01,scs,1546.0,190.0,192.0,1404.1,1.0,7.0,89.0,27.0,6.0,55.9,0.0
2021-09-01,southasia,6702.0,896.0,789.0,5815.6,7.0,15.0,360.0,18.0,9.0,-30.1,3.0
2021-09-01,sudan,233.0,26.0,32.0,157.6,0.0,0.0,19.0,0.0,0.0,0.0,0.0
2021-09-01,taiwan,304.0,49.0,24.0,396.9,6.0,0.0,5.0,92.0,59.0,-251.5,9.0
2021-09-01,ukraine,1404.0,107.0,114.0,2181.7,0.0,14.0,54.0,177.0,40.0,148.9,19.0
2021-09-01,venezuela,128.0,17.0,17.0,90.2,0.0,1.0,16.0,8.0,0.0,14.4,0.0
2021-09-01,yemen,133.0,20.0,46.0,-337.4,3.0,1.0,5.0,24.0,14.0,-6.8,2.0
2021-09-02,drc,24.0,0.0,11.0,-17.8,0.0,0.0,7.0,0.0,0.0,0.0,0.0
2021-09-02,europe_east,1047.0,162.0,173.0,180.5,4.0,4.0,72.0,150.0,92.0,-314.9,35.0
2021-09-02,iran,812.0,111.0,125.0,403.8,6.0,0.0,53.0,150.0,66.0,-40.2,14.0
2021-09-02,israel,2571.0,312.0,415.0,945.7,9.0,10.0,158.0,357.0,171.0,-579.6,29.0
2021-09-02,korea,822.0,140.0,93.0,549.1,2.0,0.0,57.0,101.0,38.0,26.7,11.0
2021-09-02,libya,159.0,14.0,17.0,93.0,1.0,0.0,1.0,1.0,0.0,7.4,0.0
2021-09-02,scs,1382.0,140.0,124.0,1946.9,0.0,2.0,53.0,47.0,13.0,118.2,0.0
2021-09-02,southasia,6959.0,986.0,936.0,3635.9,11.0,52.0,428.0,82.0,33.0,29.3,7.0
2021-09-02,sudan,192.0,22.0,34.0,92.6,0.0,0.0,18.0,0.0,0.0,0.0,0.0
2021-09-02,taiwan,454.0,73.0,38.0,639.8,1.0,0.0,16.0,96.0,49.0,-10.3,3.0
2021-09-02,ukraine,1280.0,117.0,135.0,1848.2,6.0,4.0,62.0,184.0,65.0,30.3,13.0
2021-09-02,venezuela,161.0,11.0,33.0,-17.7,0.0,1.0,8.0,12.0,4.0,-19.2,0.0
2021-09-02,yemen,207.0,15.0,112.0,-978.7,0.0,0.0,6.0,36.0,17.0,-86.3,0.0
2021-09-03,drc,17.0,2.0,1.0,16.9,0.0,0.0,1.0,2.0,0.0,4.7,0.0
2021-09-03,europe_east,723.0,113.0,99.0,382.4,5.0,4.0,60.0,69.0,41.0,-114.8,12.0
2021-09-03,iran,745.0,124.0,143.0,-247.8,6.0,0.0,72.0,136.0,71.0,-190.0,11.0
2021-09-03,israel,2015.0,208.0,388.0,-186.3,7.0,1.0,96.0,405.0,227.0,-1239.3,19.0
2021-09-03,korea,567.0,89.0,69.0,302.4,4.0,1.0,25.0,51.0,15.0,-4.7,10.0
2021-09-03,libya,144.0,6.0,25.0,112.8,0.0,0.0,2.0,0.0,0.0,0.0,0.0
2021-09-03,scs,1275.0,111.0,121.0,1765.5,0.0,2.0,35.0,28.0,8.0,-5.9,1.0
2021-09-03,southasia,6383.0,822.0,755.0,5102.8,4.0,27.0,336.0,33.0,14.0,-15.1,5.0
2021-09-03,sudan,211.0,25.0,47.0,-72.3,0.0,0.0,10.0,0.0,0.0,0.0,0.0
2021-09-03,taiwan,241.0,38.0,17.0,317.3,1.0,0.0,11.0,47.0,17.0,-4.9,3.0
2021-09-03,ukraine,632.0,68.0,54.0,952.3,0.0,1.0,27.0,93.0,37.0,-36.2,4.0
2021-09-03,venezuela,82.0,5.0,7.0,155.0,0.0,0.0,6.0,6.0,2.0,0.5,0.0
2021-09-03,yemen,153.0,26.0,63.0,-555.1,0.0,0.0,2.0,27.0,19.0,-96.7,0.0
2021-09-04,drc,3.0,0.0,0.0,13.6,0.0,0.0,0.0,1.0,0.0,1.0,0.0
2021-09-04,europe_east,415.0,44.0,60.0,407.7,0.0,2.0,20.0,34.0,16.0,-74.6,1.0
2021-09-04,iran,702.0,106.0,127.0,366.5,4.0,11.0,60.0,154.0,91.0,-322.4,13.0
2021-09-04,israel,1240.0,154.0,172.0,552.8,7.0,6.0,48.0,205.0,94.0,-463.8,6.0
2021-09-04,korea,228.0,42.0,39.0,-58.1,1.0,1.0,10.0,32.0,8.0,16.7,1.0
2021-09-04,libya,164.0,13.0,23.0,102.2,0.0,0.0,2.0,0.0,0.0,0.0,0.0
2021-09-04,scs,810.0,78.0,117.0,685.7,1.0,2.0,43.0,10.0,9.0,-50.0,0.0
2021-09-04,southasia,5480.0,710.0,609.0,5145.4,16.0,18.0,252.0,34.0,10.0,-10.0,2.0
2021-09-04,sudan,111.0,12.0,10.0,144.7,0.0,1.0,2.0,0.0,0.0,0.0,0.0
2021-09-04,taiwan,264.0,42.0,23.0,266.8,1.0,1.0,10.0,59.0,18.0,23.4,4.0
2021-09-04,ukraine,267.0,34.0,52.0,35.2,1.0,2.0,23.0,32.0,26.0,-124.0,1.0
2021-09-04,venezuela,77.0,11.0,13.0,71.0,0.0,0.0,5.0,6.0,4.0,-26.0,0.0
2021-09-04,yemen,59.0,4.0,21.0,-141.2,0.0,0.0,0.0,17.0,3.0,43.0,0.0
2021-09-05,drc,5.0,0.0,0.0,2.4,0.0,0.0,0.0,2.0,0.0,16.6,0.0
2021-09-05,europe_east,267.0,30.0,33.0,255.2,2.0,2.0,18.0,30.0,9.0,11.2,5.0
2021-09-05,iran,571.0,42.0,54.0,966.9,1.0,0.0,28.0,83.0,20.0,95.9,4.0
2021-09-05,israel,1578.0,189.0,235.0,608.9,7.0,2.0,82.0,194.0,90.0,-347.1,24.0
2021-09-05,korea,205.0,33.0,39.0,-32.2,1.0,1.0,13.0,17.0,0.0,52.7,0.0
2021-09-05,libya,95.0,22.0,17.0,-45.6,0.0,0.0,4.0,0.0,0.0,0.0,0.0
2021-09-05,scs,992.0,99.0,111.0,1068.4,3.0,5.0,42.0,36.0,2.0,106.8,0.0
2021-09-05,southasia,5426.0,804.0,825.0,828.3,22.0,34.0,304.0,38.0,8.0,51.4,0.0
2021-09-05,sudan,172.0,17.0,10.0,436.5,0.0,0.0,2.0,0.0,0.0,0.0,0.0
2021-09-05,taiwan,222.0,36.0,22.0,247.1,3.0,1.0,3.0,96.0,34.0,15.3,6.0
2021-09-05,ukraine,174.0,24.0,28.0,75.7,0.0,1.0,20.0,34.0,10.0,40.7,1.0
2021-09-05,venezuela,89.0,6.0,11.0,154.8,0.0,0.0,8.0,3.0,0.0,21.0,0.0
2021-09-05,yemen,153.0,24.0,43.0,-302.2,1.0,0.0,7.0,41.0,16.0,-58.1,0.0
2021-09-06,drc,24.0,0.0,8.0,-34.3,0.0,0.0,0.0,4.0,0.0,9.4,0.0
2021-09-06,europe_east,826.0,129.0,55.0,1325.0,3.0,2.0,23.0,71.0,35.0,-78.5,12.0
2021-09-06,iran,781.0,102.0,82.0,520.0,0.0,0.0,37.0,87.0,23.0,120.3,2.0
2021-09-06,israel,2041.0,206.0,400.0,-146.9,7.0,12.0,158.0,309.0,128.0,-473.8,44.0
2021-09-06,korea,309.0,51.0,40.0,245.9,0.0,1.0,12.0,20.0,10.0,8.5,0.0
2021-09-06,libya,193.0,22.0,42.0,91.7,0.0,0.0,7.0,0.0,0.0,0.0,0.0
2021-09-06,scs,1168.0,111.0,133.0,1256.3,3.0,5.0,52.0,55.0,21.0,22.1,2.0
2021-09-06,southasia,6696.0,1038.0,864.0,2863.0,28.0,31.0,315.0,35.0,17.0,-36.2,0.0
2021-09-06,sudan,203.0,24.0,13.0,330.3,0.0,0.0,3.0,2.0,1.0,-4.0,0.0
2021-09-06,taiwan,344.0,60.0,51.0,42.2,0.0,3.0,8.0,115.0,60.0,-71.6,8.0
2021-09-06,ukraine,1093.0,228.0,236.0,-434.3,0.0,0.0,177.0,146.0,88.0,-272.9,15.0
2021-09-06,venezuela,130.0,17.0,14.0,149.3,0.0,0.0,13.0,10.0,1.0,37.2,0.0
2021-09-06,yemen,122.0,16.0,44.0,-321.0,0.0,1.0,4.0,17.0,9.0,-55.0,1.0
2021-09-07,drc,11.0,2.0,1.0,16.7,0.0,0.0,1.0,4.0,2.0,-5.2,0.0
2021-09-07,europe_east,1038.0,155.0,118.0,1169.6,2.0,4.0,71.0,108.0,50.0,24.9,16.0
2021-09-07,iran,1111.0,136.0,127.0,757.5,5.0,2.0,43.0,152.0,58.0,-35.5,8.0
2021-09-07,israel,1739.0,197.0,323.0,88.2,9.0,6.0,135.0,249.0,123.0,-526.7,34.0
2021-09-07,korea,700.0,47.0,110.0,618.6,6.0,0.0,38.0,130.0,35.0,-8.1,7.0
2021-09-07,libya,151.0,8.0,23.0,262.8,0.0,0.0,9.0,0.0,0.0,0.0,0.0
2021-09-07,scs,1767.0,188.0,193.0,2158.2,6.0,0.0,108.0,60.0,21.0,-45.8,3.0
2021-09-07,southasia,7652.0,1275.0,1028.0,2520.8,19.0,30.0,420.0,14.0,8.0,-32.8,2.0
2021-09-07,sudan,272.0,33.0,40.0,146.2,0.0,3.0,9.0,0.0,0.0,0.0,0.0
2021-09-07,taiwan,314.0,41.0,40.0,361.6,0.0,2.0,13.0,52.0,21.0,23.2,3.0
2021-09-07,ukraine,917.0,176.0,202.0,-334.4,4.0,0.0,114.0,147.0,91.0,-226.8,19.0
2021-09-07,venezuela,187.0,35.0,25.0,66.1,0.0,0.0,20.0,31.0,19.0,-58.1,8.0
2021-09-07,yemen,155.0,14.0,43.0,-225.9,2.0,0.0,5.0,29.0,16.0,-82.3,0.0
2021-09-08,drc,20.0,0.0,12.0,-80.2,0.0,0.0,1.0,0.0,0.0,0.0,0.0
2021-09-08,europe_east,907.0,103.0,77.0,1346.1,3.0,0.0,41.0,57.0,19.0,-21.3,7.0
2021-09-08,iran,769.0,105.0,88.0,572.6,5.0,2.0,42.0,107.0,32.0,95.8,2.0
2021-09-08,israel,1860.0,229.0,427.0,-826.3,10.0,3.0,171.0,338.0,182.0,-848.5,55.0
2021-09-08,korea,581.0,51.0,49.0,894.3,2.0,0.0,7.0,23.0,1.0,30.2,0.0
2021-09-08,libya,149.0,12.0,18.0,210.6,0.0,0.0,10.0,0.0,0.0,0.0,0.0
2021-09-08,scs,1366.0,173.0,143.0,1391.8,3.0,0.0,52.0,102.0,10.0,191.5,0.0
2021-09-08,southasia,7288.0,1139.0,866.0,4545.5,26.0,8.0,368.0,18.0,7.0,-14.0,0.0
2021-09-08,sudan,329.0,34.0,58.0,160.4,0.0,4.0,30.0,0.0,0.0,0.0,0.0
2021-09-08,taiwan,315.0,42.0,38.0,448.4,0.0,1.0,20.0,49.0,15.0,47.1,0.0
2021-09-08,ukraine,1019.0,110.0,139.0,1029.4,6.0,1.0,79.0,90.0,43.0,-39.1,14.0
2021-09-08,venezuela,108.0,20.0,23.0,-8.8,1.0,0.0,17.0,31.0,22.0,-76.6,5.0
2021-09-08,yemen,102.0,19.0,41.0,-313.9,1.0,1.0,4.0,14.0,9.0,-25.0,0.0
2021-09-09,drc,6.0,1.0,2.0,-11.6,0.0,0.0,0.0,0.0,0.0,0.0,0.0
2021-09-09,europe_east,963.0,121.0,94.0,1084.7,2.0,2.0,43.0,81.0,33.0,-38.1,12.0
2021-09-09,iran,891.0,127.0,129.0,383.9,2.0,3.0,36.0,119.0,61.0,-220.0,3.0
2021-09-09,israel,2698.0,348.0,572.0,-815.5,6.0,5.0,207.0,510.0,272.0,-1346.7,45.0
2021-09-09,korea,822.0,84.0,110.0,552.8,2.0,3.0,57.0,88.0,38.0,-158.3,4.0
2021-09-09,libya,217.0,9.0,36.0,251.2,0.0,0.0,11.0,0.0,0.0,0.0,0.0
2021-09-09,scs,1485.0,155.0,150.0,1786.6,0.0,5.0,49.0,40.0,6.0,82.2,0.0
2021-09-09,southasia,7255.0,988.0,830.0,5569.3,10.0,14.0,370.0,37.0,13.0,-26.9,2.0
2021-09-09,sudan,249.0,22.0,22.0,429.3,0.0,0.0,11.0,0.0,0.0,0.0,0.0
2021-09-09,taiwan,530.0,44.0,29.0,1016.0,0.0,0.0,8.0,35.0,14.0,34.3,0.0
2021-09-09,ukraine,962.0,77.0,144.0,1236.2,3.0,5.0,66.0,94.0,48.0,-168.5,11.0
2021-09-09,venezuela,145.0,19.0,46.0,-162.6,0.0,2.0,34.0,18.0,12.0,-42.1,5.0
2021-09-09,yemen,156.0,24.0,44.0,-130.5,0.0,0.0,11.0,28.0,15.0,-90.2,0.0
2021-09-10,drc,31.0,0.0,8.0,-4.9,0.0,0.0,1.0,4.0,4.0,-22.0,0.0
2021-09-10,europe_east,836.0,115.0,86.0,825.2,1.0,1.0,34.0,46.0,18.0,-52.6,7.0
2021-09-10,iran,750.0,117.0,76.0,1078.3,6.0,2.0,24.0,124.0,66.0,-103.6,1.0
2021-09-10,israel,2555.0,306.0,576.0,-950.7,4.0,2.0,251.0,520.0,296.0,-1390.5,75.0
2021-09-10,korea,617.0,42.0,62.0,812.7,1.0,1.0,22.0,106.0,32.0,-60.8,8.0
2021-09-10,libya,325.0,33.0,29.0,423.9,2.0,0.0,9.0,0.0,0.0,0.0,0.0
2021-09-10,scs,1590.0,143.0,112.0,2657.2,4.0,2.0,36.0,97.0,17.0,144.1,0.0
2021-09-10,southasia,5617.0,812.0,674.0,4213.2,21.0,9.0,311.0,24.0,14.0,-37.9,9.0
2021-09-10,sudan,199.0,30.0,31.0,-49.9,0.0,1.0,7.0,0.0,0.0,0.0,0.0
2021-09-10,taiwan,275.0,36.0,35.0,230.7,0.0,1.0,16.0,27.0,19.0,-67.8,2.0
2021-09-10,ukraine,1174.0,143.0,188.0,738.1,6.0,21.0,73.0,255.0,120.0,-364.5,42.0
2021-09-10,venezuela,213.0,27.0,35.0,81.7,0.0,0.0,32.0,38.0,13.0,18.5,1.0
2021-09-10,yemen,230.0,13.0,31.0,319.4,0.0,3.0,4.0,46.0,0.0,169.6,0.0
2021-09-11,drc,23.0,4.0,9.0,-80.4,4.0,0.0,0.0,5.0,5.0,-46.5,0.0
2021-09-11,europe_east,534.0,42.0,30.0,937.1,0.0,1.0,12.0,70.0,29.0,-115.6,4.0
2021-09-11,iran,672.0,94.0,94.0,337.4,4.0,0.0,27.0,87.0,44.0,-31.0,2.0
2021-09-11,israel,1776.0,243.0,523.0,-2462.5,21.0,1.0,214.0,364.0,253.0,-1514.1,70.0
2021-09-11,korea,327.0,29.0,33.0,388.7,3.0,0.0,11.0,54.0,12.0,6.4,4.0
2021-09-11,libya,171.0,13.0,28.0,132.2,0.0,0.0,4.0,0.0,0.0,0.0,0.0
2021-09-11,scs,1287.0,102.0,135.0,1949.2,1.0,3.0,56.0,308.0,43.0,750.5,4.0
2021-09-11,southasia,5509.0,737.0,676.0,3524.4,17.0,5.0,223.0,10.0,4.0,-5.0,4.0
2021-09-11,sudan,61.0,4.0,9.0,64.0,0.0,0.0,4.0,0.0,0.0,0.0,0.0
2021-09-11,taiwan,211.0,19.0,32.0,200.3,0.0,0.0,22.0,42.0,18.0,16.0,0.0
2021-09-11,ukraine,466.0,56.0,79.0,125.6,1.0,3.0,33.0,76.0,22.0,-12.2,9.0
2021-09-11,venezuela,76.0,9.0,5.0,166.4,0.0,0.0,5.0,26.0,2.0,42.8,0.0
2021-09-11,yemen,217.0,22.0,62.0,-255.8,1.0,0.0,4.0,66.0,18.0,29.1,0.0
2021-09-12,drc,8.0,0.0,0.0,54.0,0.0,0.0,0.0,0.0,0.0,0.0,0.0
2021-09-12,europe_east,319.0,23.0,31.0,381.8,1.0,0.0,12.0,29.0,14.0,-39.2,3.0
2021-09-12,iran,1069.0,113.0,74.0,1957.6,4.0,2.0,30.0,158.0,63.0,17.0,2.0
2021-09-12,israel,2195.0,244.0,564.0,-1759.3,2.0,5.0,175.0,491.0,293.0,-1658.2,41.0
2021-09-12,korea,350.0,26.0,65.0,291.6,0.0,0.0,12.0,58.0,20.0,41.0,9.0
2021-09-12,libya,127.0,7.0,27.0,64.2,0.0,1.0,4.0,3.0,1.0,13.0,1.0
2021-09-12,scs,1065.0,89.0,82.0,1913.8,1.0,4.0,31.0,213.0,27.0,539.6,1.0
2021-09-12,southasia,4982.0,604.0,651.0,3553.1,15.0,12.0,262.0,26.0,7.0,12.4,4.0
2021-09-12,sudan,192.0,18.0,22.0,234.5,0.0,0.0,13.0,0.0,0.0,0.0,0.0
2021-09-12,taiwan,156.0,10.0,13.0,203.5,0.0,0.0,7.0,30.0,10.0,8.1,0.0
2021-09-12,ukraine,373.0,32.0,66.0,210.9,3.0,1.0,28.0,52.0,23.0,-66.4,9.0
2021-09-12,venezuela,69.0,7.0,11.0,130.4,0.0,0.0,8.0,27.0,11.0,-6.1,5.0
2021-09-12,yemen,110.0,6.0,37.0,-188.5,0.0,0.0,4.0,25.0,13.0,-56.4,1.0
2021-09-13,drc,40.0,1.0,8.0,-9.7,0.0,0.0,0.0,13.0,2.0,25.9,2.0
2021-09-13,europe_east,806.0,66.0,97.0,958.6,1.0,2.0,42.0,50.0,21.0,-48.9,8.0
2021-09-13,iran,1068.0,187.0,112.0,883.0,2.0,3.0,46.0,113.0,62.0,-124.1,4.0
2021-09-13,israel,3419.0,406.0,758.0,-911.5,11.0,4.0,248.0,697.0,387.0,-1770.9,56.0
2021-09-13,korea,1286.0,119.0,190.0,695.6,2.0,0.0,51.0,324.0,83.0,367.4,32.0
2021-09-13,libya,151.0,8.0,27.0,184.7,0.0,0.0,19.0,0.0,0.0,0.0,0.0
2021-09-13,scs,1595.0,165.0,153.0,2049.1,1.0,1.0,36.0,122.0,11.0,245.2,1.0
2021-09-13,southasia,6296.0,905.0,699.0,4936.8,0.0,11.0,277.0,15.0,9.0,-25.7,1.0
2021-09-13,sudan,316.0,39.0,38.0,222.1,0.0,2.0,23.0,0.0,0.0,0.0,0.0
2021-09-13,taiwan,266.0,20.0,40.0,171.8,2.0,6.0,7.0,83.0,27.0,-28.2,9.0
2021-09-13,ukraine,812.0,58.0,144.0,424.1,4.0,1.0,46.0,128.0,59.0,-166.4,31.0
2021-09-13,venezuela,70.0,11.0,11.0,48.7,0.0,0.0,9.0,17.0,13.0,-29.5,3.0
2021-09-13,yemen,155.0,44.0,35.0,-287.4,1.0,0.0,5.0,39.0,21.0,-95.0,0.0
2021-09-14,drc,16.0,0.0,5.0,-14.0,0.0,0.0,2.0,0.0,0.0,0.0,0.0
2021-09-14,europe_east,922.0,112.0,64.0,1565.9,1.0,3.0,32.0,65.0,23.0,-7.7,6.0
2021-09-14,iran,1030.0,138.0,135.0,674.6,4.0,0.0,78.0,207.0,75.0,68.4,9.0
2021-09-14,israel,3841.0,394.0,545.0,2519.8,7.0,18.0,165.0,548.0,261.0,-944.8,48.0
2021-09-14,korea,1403.0,105.0,127.0,2095.5,0.0,0.0,59.0,349.0,42.0,675.8,8.0
2021-09-14,libya,193.0,13.0,14.0,362.0,0.0,0.0,7.0,1.0,0.0,7.0,0.0
2021-09-14,scs,1388.0,173.0,110.0,1935.6,1.0,3.0,37.0,66.0,9.0,188.2,3.0
2021-09-14,southasia,7014.0,1076.0,913.0,3259.0,18.0,12.0,449.0,21.0,18.0,-81.8,16.0
2021-09-14,sudan,291.0,22.0,41.0,389.8,0.0,3.0,11.0,2.0,1.0,-3.2,1.0
2021-09-14,taiwan,439.0,33.0,47.0,844.7,1.0,2.0,17.0,44.0,20.0,-43.4,10.0
2021-09-14,ukraine,828.0,77.0,109.0,1004.3,8.0,1.0,44.0,106.0,36.0,-48.6,13.0
2021-09-14,venezuela,222.0,31.0,23.0,263.0,0.0,0.0,18.0,45.0,9.0,47.0,2.0
2021-09-14,yemen,212.0,30.0,71.0,-468.4,5.0,0.0,15.0,56.0,17.0,-40.5,1.0
2021-09-15,drc,84.0,17.0,18.0,-54.8,0.0,0.0,10.0,0.0,0.0,0.0,0.0
2021-09-15,europe_east,763.0,102.0,99.0,430.1,5.0,6.0,38.0,41.0,21.0,-100.5,2.0
2021-09-15,iran,833.0,151.0,119.0,311.7,4.0,4.0,67.0,200.0,84.0,-45.6,11.0
2021-09-15,israel,2734.0,363.0,426.0,879.1,11.0,15.0,154.0,348.0,163.0,-394.1,23.0
2021-09-15,korea,2188.0,181.0,427.0,64.9,1.0,2.0,57.0,657.0,287.0,-1266.7,46.0
2021-09-15,libya,326.0,28.0,42.0,469.9,0.0,0.0,14.0,0.0,0.0,0.0,0.0
2021-09-15,scs,1723.0,188.0,226.0,1161.4,10.0,5.0,59.0,52.0,11.0,100.0,1.0
2021-09-15,southasia,6632.0,980.0,1018.0,2594.9,8.0,32.0,463.0,24.0,18.0,-63.9,13.0
2021-09-15,sudan,315.0,16.0,40.0,558.6,0.0,4.0,5.0,1.0,1.0,-7.2,1.0
2021-09-15,taiwan,615.0,58.0,99.0,567.7,5.0,0.0,13.0,174.0,78.0,-208.3,43.0
2021-09-15,ukraine,504.0,53.0,80.0,430.2,2.0,1.0,24.0,79.0,34.0,38.6,9.0
2021-09-15,venezuela,137.0,15.0,13.0,207.2,0.0,0.0,8.0,13.0,3.0,5.9,1.0
2021-09-15,yemen,140.0,15.0,46.0,-356.3,0.0,6.0,0.0,30.0,24.0,-204.4,5.0
2021-09-16,drc,53.0,5.0,4.0,104.7,0.0,0.0,2.0,4.0,0.0,11.5,0.0
2021-09-16,europe_east,1098.0,111.0,97.0,1694.1,0.0,0.0,43.0,68.0,37.0,-120.1,16.0
2021-09-16,iran,962.0,109.0,116.0,1048.0,5.0,0.0,55.0,173.0,72.0,17.6,19.0
2021-09-16,israel,1966.0,290.0,351.0,100.4,3.0,4.0,125.0,243.0,122.0,-256.7,24.0
2021-09-16,korea,1127.0,127.0,228.0,-123.4,2.0,1.0,33.0,281.0,120.0,-444.1,19.0
2021-09-16,libya,403.0,27.0,51.0,659.0,0.0,1.0,10.0,11.0,3.0,-11.2,0.0
2021-09-16,scs,2308.0,273.0,304.0,1048.1,14.0,5.0,113.0,57.0,20.0,58.3,7.0
2021-09-16,southasia,6618.0,929.0,854.0,3879.7,21.0,8.0,347.0,42.0,13.0,1.3,8.0
2021-09-16,sudan,388.0,44.0,33.0,821.6,0.0,7.0,5.0,2.0,0.0,6.4,0.0
2021-09-16,taiwan,472.0,60.0,50.0,611.3,5.0,5.0,11.0,107.0,65.0,-286.1,29.0
2021-09-16,ukraine,736.0,100.0,68.0,833.3,2.0,1.0,21.0,92.0,36.0,-37.5,7.0
2021-09-16,venezuela,210.0,27.0,37.0,-22.0,0.0,0.0,18.0,29.0,8.0,21.2,0.0
2021-09-16,yemen,266.0,20.0,100.0,-653.3,0.0,3.0,3.0,56.0,14.0,66.6,0.0
2021-09-17,drc,52.0,9.0,8.0,-0.3,1.0,0.0,0.0,12.0,11.0,-101.6,1.0
2021-09-17,europe_east,681.0,73.0,49.0,918.6,0.0,6.0,21.0,67.0,21.0,16.3,6.0
2021-09-17,iran,1109.0,104.0,97.0,1585.9,6.0,1.0,46.0,158.0,83.0,-138.1,2.0
2021-09-17,israel,2672.0,333.0,398.0,1210.8,10.0,6.0,140.0,319.0,152.0,-438.7,22.0
2021-09-17,korea,704.0,66.0,133.0,85.6,3.0,2.0,31.0,174.0,81.0,-235.9,13.0
2021-09-17,libya,242.0,16.0,38.0,388.0,0.0,0.0,11.0,2.0,2.0,-20.0,0.0
2021-09-17,scs,1541.0,188.0,160.0,1069.5,1.0,1.0,75.0,93.0,10.0,175.1,0.0
2021-09-17,southasia,6812.0,935.0,834.0,4848.0,10.0,1.0,369.0,32.0,8.0,18.7,4.0
2021-09-17,sudan,270.0,20.0,42.0,317.5,0.0,0.0,10.0,0.0,0.0,0.0,0.0
2021-09-17,taiwan,520.0,60.0,52.0,645.5,4.0,14.0,13.0,111.0,43.0,-113.4,15.0
2021-09-17,ukraine,933.0,106.0,131.0,684.1,0.0,9.0,35.0,63.0,30.0,-81.2,10.0
2021-09-17,venezuela,148.0,15.0,8.0,103.1,0.0,0.0,2.0,19.0,8.0,2.5,0.0
2021-09-17,yemen,201.0,30.0,70.0,-464.2,1.0,0.0,12.0,49.0,22.0,-101.9,0.0
2021-09-18,drc,18.0,0.0,5.0,-2.4,0.0,0.0,0.0,0.0,0.0,0.0,0.0
2021-09-18,europe_east,480.0,40.0,34.0,1321.4,1.0,2.0,19.0,21.0,12.0,-43.1,2.0
2021-09-18,iran,606.0,62.0,93.0,298.9,1.0,0.0,30.0,71.0,36.0,-162.0,8.0
2021-09-18,israel,1237.0,183.0,245.0,-695.3,5.0,6.0,66.0,190.0,123.0,-625.5,26.0
2021-09-18,korea,485.0,43.0,71.0,486.0,0.0,0.0,16.0,96.0,23.0,160.2,6.0
2021-09-18,libya,105.0,11.0,25.0,10.9,0.0,0.0,12.0,2.0,2.0,-20.0,0.0
2021-09-18,scs,910.0,71.0,118.0,982.0,2.0,2.0,31.0,15.0,3.0,23.0,0.0
2021-09-18,southasia,5038.0,675.0,678.0,3353.4,18.0,17.0,357.0,23.0,14.0,-68.4,12.0
2021-09-18,sudan,113.0,11.0,20.0,114.3,0.0,6.0,2.0,0.0,0.0,0.0,0.0
2021-09-18,taiwan,324.0,50.0,24.0,409.0,4.0,3.0,11.0,89.0,35.0,-142.0,11.0
2021-09-18,ukraine,212.0,22.0,27.0,130.4,0.0,1.0,19.0,17.0,6.0,-30.8,0.0
2021-09-18,venezuela,84.0,10.0,7.0,64.8,0.0,1.0,4.0,34.0,6.0,80.0,1.0
2021-09-18,yemen,206.0,42.0,82.0,-627.9,1.0,0.0,22.0,43.0,25.0,-125.0,3.0
2021-09-19,drc,13.0,2.0,3.0,-10.2,0.0,0.0,0.0,0.0,0.0,0.0,0.0
2021-09-19,europe_east,274.0,23.0,36.0,140.7,0.0,0.0,10.0,37.0,17.0,-72.7,6.0
2021-09-19,iran,699.0,83.0,139.0,-21.1,7.0,1.0,62.0,143.0,60.0,-221.7,4.0
2021-09-19,israel,1971.0,283.0,508.0,-1396.6,10.0,6.0,216.0,413.0,280.0,-1624.0,73.0
2021-09-19,korea,192.0,23.0,27.0,144.2,0.0,0.0,6.0,46.0,11.0,85.0,1.0
2021-09-19,libya,86.0,2.0,34.0,-137.6,0.0,1.0,8.0,7.0,7.0,-70.0,0.0
2021-09-19,scs,825.0,90.0,71.0,967.1,1.0,0.0,24.0,20.0,0.0,54.8,0.0
2021-09-19,southasia,4289.0,647.0,555.0,2437.9,1.0,10.0,305.0,40.0,13.0,27.2,7.0
2021-09-19,sudan,223.0,17.0,47.0,37.1,0.0,0.0,12.0,4.0,4.0,-40.0,0.0
2021-09-19,taiwan,208.0,27.0,25.0,358.0,0.0,2.0,16.0,69.0,39.0,-72.5,11.0
2021-09-19,ukraine,236.0,20.0,26.0,253.0,0.0,0.0,19.0,22.0,11.0,-9.0,4.0
2021-09-19,venezuela,89.0,6.0,8.0,107.0,0.0,0.0,7.0,17.0,4.0,47.6,2.0
2021-09-19,yemen,175.0,67.0,43.0,-422.6,1.0,0.0,12.0,55.0,45.0,-149.1,0.0
2021-09-20,drc,18.0,6.0,4.0,-30.0,0.0,0.0,2.0,1.0,0.0,0.0,0.0
2021-09-20,europe_east,856.0,143.0,92.0,798.1,0.0,1.0,53.0,159.0,74.0,-106.0,25.0
2021-09-20,iran,939.0,101.0,131.0,893.3,4.0,0.0,63.0,142.0,45.0,-53.3,1.0
2021-09-20,israel,2490.0,314.0,414.0,341.3,7.0,5.0,136.0,304.0,144.0,-564.4,25.0
2021-09-20,korea,595.0,129.0,50.0,538.1,7.0,1.0,14.0,128.0,71.0,-169.4,0.0
2021-09-20,libya,188.0,11.0,17.0,436.7,0.0,0.0,3.0,3.0,3.0,-30.0,0.0
2021-09-20,scs,1448.0,147.0,153.0,1559.7,2.0,0.0,62.0,40.0,3.0,102.8,0.0
2021-09-20,southasia,6193.0,919.0,816.0,3656.0,10.0,14.0,385.0,19.0,12.0,-17.1,2.0
2021-09-20,sudan,246.0,32.0,26.0,258.0,0.0,0.0,3.0,0.0,0.0,0.0,0.0
2021-09-20,taiwan,250.0,30.0,12.0,562.0,0.0,0.0,8.0,71.0,27.0,27.9,7.0
2021-09-20,ukraine,650.0,63.0,128.0,53.1,0.0,2.0,55.0,71.0,43.0,-181.0,9.0
2021-09-20,venezuela,152.0,21.0,32.0,-5.9,0.0,2.0,13.0,26.0,16.0,-61.6,7.0
2021-09-20,yemen,250.0,37.0,52.0,-78.3,0.0,0.0,7.0,54.0,33.0,-83.9,4.0
2021-09-21,drc,7.0,0.0,0.0,33.0,0.0,0.0,0.0,1.0,0.0,0.0,0.0
2021-09-21,europe_east,871.0,133.0,76.0,889.2,2.0,4.0,33.0,83.0,54.0,-92.8,13.0
2021-09-21,iran,1111.0,138.0,126.0,1495.5,4.0,0.0,58.0,169.0,36.0,332.2,0.0
2021-09-21,israel,1462.0,182.0,243.0,647.3,0.0,3.0,96.0,278.0,128.0,-288.5,25.0
2021-09-21,korea,427.0,45.0,41.0,535.0,1.0,0.0,16.0,87.0,33.0,48.5,0.0
2021-09-21,libya,216.0,19.0,13.0,585.7,2.0,0.0,3.0,0.0,0.0,0.0,0.0
2021-09-21,scs,1857.0,220.0,285.0,735.2,2.0,1.0,107.0,35.0,13.0,-58.6,0.0
2021-09-21,southasia,6407.0,811.0,813.0,4156.0,13.0,8.0,365.0,15.0,8.0,-21.2,5.0
2021-09-21,sudan,570.0,119.0,90.0,65.9,1.0,3.0,42.0,7.0,5.0,-17.6,1.0
2021-09-21,taiwan,264.0,19.0,25.0,432.3,3.0,4.0,12.0,76.0,29.0,-16.1,11.0
2021-09-21,ukraine,667.0,101.0,80.0,533.7,2.0,2.0,41.0,74.0,42.0,-69.4,5.0
2021-09-21,venezuela,144.0,20.0,18.0,82.7,0.0,2.0,7.0,24.0,8.0,9.3,1.0
2021-09-21,yemen,246.0,41.0,46.0,-134.5,0.0,0.0,8.0,35.0,16.0,-63.7,3.0
2021-09-22,drc,13.0,1.0,0.0,16.1,0.0,0.0,0.0,2.0,0.0,6.0,0.0
2021-09-22,europe_east,1088.0,118.0,98.0,1379.9,1.0,3.0,62.0,238.0,74.0,296.7,21.0
2021-09-22,iran,1455.0,134.0,119.0,1943.5,3.0,0.0,54.0,216.0,70.0,-6.6,3.0
2021-09-22,israel,2169.0,275.0,309.0,1175.6,3.0,1.0,93.0,251.0,123.0,-370.6,12.0
2021-09-22,korea,775.0,55.0,50.0,1601.6,2.0,4.0,23.0,136.0,16.0,302.3,1.0
2021-09-22,libya,217.0,40.0,29.0,67.5,0.0,0.0,6.0,1.0,0.0,3.4,0.0
2021-09-22,scs,1893.0,221.0,197.0,2150.5,8.0,2.0,52.0,42.0,6.0,107.4,1.0
2021-09-22,southasia,7122.0,1081.0,830.0,4982.3,20.0,7.0,439.0,27.0,16.0,-48.0,12.0
2021-09-22,sudan,511.0,128.0,75.0,123.7,0.0,2.0,34.0,5.0,3.0,-4.3,0.0
2021-09-22,taiwan,377.0,84.0,33.0,216.4,5.0,3.0,18.0,69.0,35.0,-79.0,19.0
2021-09-22,ukraine,1069.0,108.0,203.0,170.7,11.0,2.0,53.0,108.0,55.0,-169.9,14.0
2021-09-22,venezuela,120.0,25.0,8.0,105.5,0.0,0.0,3.0,18.0,7.0,-6.0,0.0
2021-09-22,yemen,209.0,33.0,35.0,-57.5,1.0,0.0,1.0,33.0,15.0,-46.4,2.0
2021-09-23,drc,37.0,3.0,1.0,37.2,0.0,0.0,0.0,0.0,0.0,0.0,0.0
2021-09-23,europe_east,985.0,110.0,73.0,1457.5,0.0,0.0,34.0,102.0,30.0,124.8,6.0
2021-09-23,iran,1572.0,147.0,139.0,1942.3,6.0,2.0,81.0,232.0,78.0,-95.9,7.0
2021-09-23,israel,2791.0,428.0,466.0,441.0,12.0,2.0,174.0,397.0,207.0,-773.8,25.0
2021-09-23,korea,633.0,47.0,74.0,720.0,2.0,4.0,14.0,76.0,14.0,207.0,4.0
2021-09-23,libya,354.0,31.0,45.0,339.9,2.0,0.0,11.0,0.0,0.0,0.0,0.0
2021-09-23,scs,1405.0,174.0,113.0,1903.8,3.0,8.0,37.0,53.0,16.0,62.6,0.0
2021-09-23,southasia,6878.0,898.0,766.0,5639.0,10.0,3.0,354.0,20.0,5.0,11.2,3.0
2021-09-23,sudan,455.0,104.0,66.0,94.8,4.0,1.0,37.0,5.0,1.0,-3.4,0.0
2021-09-23,taiwan,575.0,95.0,50.0,635.3,4.0,0.0,19.0,209.0,80.0,-69.1,19.0
2021-09-23,ukraine,1003.0,95.0,99.0,1469.5,11.0,0.0,46.0,77.0,26.0,68.8,6.0
2021-09-23,venezuela,208.0,24.0,20.0,190.0,0.0,0.0,15.0,46.0,10.0,42.5,0.0
2021-09-23,yemen,240.0,30.0,42.0,-28.7,2.0,0.0,9.0,45.0,15.0,35.9,0.0
2021-09-24,drc,59.0,5.0,16.0,12.3,0.0,0.0,12.0,2.0,0.0,2.0,0.0
2021-09-24,europe_east,839.0,101.0,81.0,929.6,1.0,2.0,43.0,152.0,49.0,146.3,16.0
2021-09-24,iran,1077.0,135.0,129.0,1169.7,2.0,1.0,66.0,156.0,41.0,171.5,0.0
2021-09-24,israel,2527.0,411.0,486.0,-540.8,8.0,3.0,180.0,368.0,240.0,-1274.4,24.0
2021-09-24,korea,1218.0,168.0,118.0,1245.1,42.0,1.0,45.0,336.0,101.0,287.3,28.0
2021-09-24,libya,237.0,15.0,20.0,316.5,1.0,0.0,3.0,2.0,2.0,-10.0,2.0
2021-09-24,scs,1434.0,132.0,112.0,2565.0,7.0,8.0,50.0,64.0,17.0,69.9,1.0
2021-09-24,southasia,7671.0,961.0,994.0,4136.6,16.0,12.0,330.0,17.0,14.0,-52.4,8.0
2021-09-24,sudan,274.0,63.0,38.0,-1.1,2.0,0.0,19.0,1.0,0.0,3.0,0.0
2021-09-24,taiwan,531.0,69.0,37.0,691.8,3.0,6.0,10.0,209.0,90.0,-136.2,17.0
2021-09-24,ukraine,875.0,104.0,123.0,758.0,2.0,2.0,63.0,64.0,30.0,-25.2,2.0
2021-09-24,venezuela,174.0,15.0,27.0,253.9,0.0,0.0,15.0,7.0,5.0,-33.2,0.0
2021-09-24,yemen,246.0,26.0,49.0,-117.9,2.0,0.0,4.0,60.0,13.0,75.0,0.0
2021-09-25,drc,23.0,4.0,3.0,30.2,0.0,0.0,0.0,0.0,0.0,0.0,0.0
2021-09-25,europe_east,560.0,74.0,54.0,714.3,3.0,1.0,18.0,61.0,9.0,92.6,2.0
2021-09-25,iran,1026.0,137.0,143.0,844.9,3.0,2.0,61.0,184.0,72.0,90.8,2.0
2021-09-25,israel,2155.0,338.0,353.0,276.3,6.0,3.0,112.0,356.0,180.0,-677.0,16.0
2021-09-25,korea,498.0,49.0,78.0,370.3,5.0,3.0,29.0,93.0,29.0,10.2,7.0
2021-09-25,libya,266.0,26.0,21.0,370.4,0.0,0.0,8.0,0.0,0.0,0.0,0.0
2021-09-25,scs,845.0,79.0,87.0,1118.1,3.0,12.0,29.0,32.0,7.0,108.6,2.0
2021-09-25,southasia,6659.0,888.0,862.0,3655.6,11.0,21.0,323.0,47.0,7.0,85.2,0.0
2021-09-25,sudan,478.0,70.0,45.0,720.9,6.0,6.0,13.0,3.0,1.0,-2.0,0.0
2021-09-25,taiwan,329.0,39.0,33.0,461.2,1.0,6.0,9.0,116.0,29.0,178.7,5.0
2021-09-25,ukraine,410.0,49.0,58.0,265.8,2.0,0.0,24.0,50.0,26.0,-97.4,1.0
2021-09-25,venezuela,173.0,24.0,28.0,64.8,0.0,0.0,20.0,51.0,9.0,53.5,3.0
2021-09-25,yemen,249.0,25.0,48.0,-35.6,1.0,0.0,4.0,32.0,8.0,60.7,0.0
2021-09-26,drc,49.0,9.0,7.0,17.0,0.0,0.0,3.0,5.0,4.0,-11.8,0.0
2021-09-26,europe_east,1087.0,106.0,120.0,1944.6,2.0,2.0,71.0,119.0,61.0,-150.4,35.0
2021-09-26,iran,1258.0,198.0,200.0,538.7,1.0,1.0,85.0,247.0,105.0,0.3,2.0
2021-09-26,israel,4234.0,634.0,1128.0,-4638.1,23.0,7.0,217.0,1096.0,803.0,-5208.7,80.0
2021-09-26,korea,912.0,107.0,108.0,990.6,8.0,6.0,33.0,228.0,54.0,379.9,15.0
2021-09-26,libya,234.0,17.0,39.0,246.2,0.0,0.0,24.0,1.0,1.0,-5.0,1.0
2021-09-26,scs,974.0,116.0,127.0,644.9,0.0,8.0,45.0,51.0,14.0,-21.0,0.0
2021-09-26,southasia,6044.0,724.0,921.0,2255.2,18.0,39.0,332.0,11.0,7.0,-47.2,0.0
2021-09-26,sudan,714.0,83.0,80.0,1187.9,2.0,2.0,31.0,8.0,4.0,-40.0,0.0
2021-09-26,taiwan,429.0,73.0,50.0,570.8,0.0,1.0,27.0,158.0,80.0,-121.1,13.0
2021-09-26,ukraine,785.0,92.0,138.0,553.2,0.0,6.0,80.0,106.0,46.0,-75.0,10.0
2021-09-26,venezuela,223.0,36.0,33.0,50.5,0.0,0.0,19.0,39.0,19.0,-32.2,0.0
2021-09-26,yemen,209.0,23.0,95.0,-803.4,0.0,0.0,9.0,47.0,24.0,-88.1,0.0
2021-09-27,drc,74.0,5.0,13.0,67.1,0.0,0.0,7.0,11.0,0.0,31.9,0.0
2021-09-27,europe_east,1509.0,175.0,150.0,1989.0,3.0,5.0,80.0,204.0,90.0,-166.4,17.0
2021-09-27,iran,2496.0,519.0,365.0,422.4,11.0,7.0,137.0,607.0,275.0,-329.5,22.0
2021-09-27,israel,3880.0,688.0,699.0,-1558.0,34.0,14.0,181.0,874.0,549.0,-2946.8,40.0
2021-09-27,korea,1106.0,134.0,130.0,974.4,10.0,3.0,49.0,209.0,63.0,95.3,18.0
2021-09-27,libya,509.0,52.0,124.0,-0.6,2.0,4.0,45.0,0.0,0.0,0.0,0.0
2021-09-27,scs,1436.0,160.0,128.0,1977.2,4.0,1.0,44.0,66.0,11.0,98.2,0.0
2021-09-27,southasia,7824.0,1293.0,1060.0,2537.1,26.0,43.0,406.0,26.0,9.0,-15.6,1.0
2021-09-27,sudan,632.0,97.0,58.0,688.3,0.0,1.0,18.0,3.0,0.0,10.0,0.0
2021-09-27,taiwan,540.0,74.0,50.0,439.2,4.0,3.0,16.0,162.0,86.0,-229.5,13.0
2021-09-27,ukraine,1550.0,262.0,248.0,241.8,8.0,3.0,133.0,189.0,78.0,-93.7,16.0
2021-09-27,venezuela,248.0,49.0,39.0,-1.1,2.0,0.0,22.0,49.0,21.0,-73.7,0.0
2021-09-27,yemen,653.0,78.0,156.0,-542.5,4.0,19.0,13.0,138.0,32.0,80.6,0.0
2021-09-28,drc,33.0,4.0,12.0,-47.5,0.0,0.0,5.0,3.0,0.0,10.0,0.0
2021-09-28,europe_east,1149.0,173.0,136.0,1179.9,0.0,1.0,79.0,76.0,28.0,-7.4,6.0
2021-09-28,iran,1176.0,204.0,181.0,86.7,14.0,2.0,63.0,208.0,119.0,-304.2,5.0
2021-09-28,israel,2789.0,467.0,513.0,-643.1,10.0,1.0,193.0,433.0,281.0,-1325.8,29.0
2021-09-28,korea,1705.0,238.0,313.0,-267.2,15.0,0.0,86.0,555.0,208.0,-631.2,19.0
2021-09-28,libya,279.0,27.0,41.0,155.0,0.0,0.0,8.0,4.0,2.0,-15.3,0.0
2021-09-28,scs,1584.0,169.0,125.0,2507.8,2.0,4.0,46.0,52.0,4.0,128.3,0.0
2021-09-28,southasia,7743.0,1124.0,1038.0,4580.5,19.0,26.0,374.0,38.0,12.0,-31.4,2.0
2021-09-28,sudan,586.0,104.0,62.0,852.4,1.0,0.0,23.0,10.0,1.0,46.8,0.0
2021-09-28,taiwan,493.0,63.0,35.0,615.5,1.0,1.0,13.0,138.0,60.0,-121.7,19.0
2021-09-28,ukraine,1192.0,162.0,175.0,490.9,4.0,4.0,81.0,143.0,79.0,-236.1,8.0
2021-09-28,venezuela,342.0,57.0,43.0,146.2,0.0,0.0,21.0,35.0,9.0,-12.6,1.0
2021-09-28,yemen,458.0,38.0,190.0,-1127.5,1.0,1.0,97.0,80.0,26.0,-36.5,2.0
2021-09-29,drc,33.0,10.0,9.0,-102.3,0.0,0.0,2.0,3.0,1.0,4.0,0.0
2021-09-29,europe_east,897.0,119.0,91.0,1256.1,2.0,6.0,46.0,111.0,47.0,-53.8,9.0
2021-09-29,iran,943.0,168.0,149.0,251.5,2.0,6.0,48.0,155.0,45.0,250.1,0.0
2021-09-29,israel,2801.0,424.0,445.0,901.4,3.0,3.0,160.0,400.0,183.0,-673.7,22.0
2021-09-29,korea,1280.0,161.0,232.0,65.6,9.0,0.0,68.0,325.0,132.0,-224.6,18.0
2021-09-29,libya,332.0,35.0,35.0,351.4,1.0,0.0,8.0,2.0,0.0,4.7,0.0
2021-09-29,scs,1568.0,177.0,142.0,2185.1,3.0,3.0,58.0,46.0,4.0,55.0,0.0
2021-09-29,southasia,6808.0,962.0,931.0,3658.1,14.0,35.0,399.0,36.0,5.0,71.4,1.0
2021-09-29,sudan,635.0,96.0,117.0,39.9,0.0,2.0,34.0,5.0,4.0,-30.0,0.0
2021-09-29,taiwan,392.0,55.0,44.0,301.7,0.0,0.0,20.0,97.0,50.0,-126.4,16.0
2021-09-29,ukraine,1241.0,145.0,210.0,508.6,3.0,10.0,92.0,207.0,85.0,-135.7,19.0
2021-09-29,venezuela,174.0,23.0,24.0,-34.1,0.0,0.0,7.0,38.0,4.0,30.4,3.0
2021-09-29,yemen,246.0,16.0,68.0,-197.3,0.0,0.0,5.0,68.0,31.0,-170.9,6.0
2021-09-30,drc,73.0,2.0,4.0,147.2,0.0,0.0,0.0,2.0,2.0,-18.0,0.0
2021-09-30,europe_east,1184.0,158.0,183.0,716.2,0.0,2.0,101.0,113.0,41.0,14.4,16.0
2021-09-30,iran,1284.0,224.0,245.0,-250.6,14.0,10.0,90.0,272.0,98.0,164.4,4.0
2021-09-30,israel,4033.0,444.0,811.0,-215.6,2.0,9.0,204.0,655.0,398.0,-2239.2,33.0
2021-09-30,korea,1374.0,175.0,157.0,1209.8,10.0,0.0,31.0,296.0,100.0,29.6,9.0
2021-09-30,libya,226.0,27.0,46.0,32.2,3.0,0.0,15.0,0.0,0.0,0.0,0.0
2021-09-30,scs,1534.0,161.0,143.0,2240.5,1.0,5.0,65.0,93.0,34.0,0.4,1.0
2021-09-30,southasia,6722.0,923.0,1018.0,2149.4,9.0,27.0,372.0,19.0,5.0,9.6,3.0
2021-09-30,sudan,568.0,79.0,74.0,461.8,3.0,0.0,29.0,3.0,1.0,2.8,0.0
2021-09-30,taiwan,402.0,54.0,19.0,792.4,0.0,1.0,6.0,73.0,20.0,77.9,4.0
2021-09-30,ukraine,984.0,85.0,183.0,244.6,0.0,4.0,66.0,102.0,35.0,-12.4,3.0
2021-09-30,venezuela,243.0,42.0,45.0,-77.5,3.0,0.0,15.0,29.0,3.0,41.3,0.0
2021-09-30,yemen,263.0,28.0,60.0,-239.0,9.0,0.0,10.0,60.0,19.0,-49.3,5.0
2021-10-01,drc,53.0,5.0,7.0,43.5,0.0,0.0,4.0,2.0,2.0,-20.0,0.0
2021-10-01,europe_east,1224.0,193.0,204.0,311.9,5.0,1.0,75.0,99.0,51.0,-195.7,17.0
2021-10-01,iran,1306.0,197.0,231.0,204.1,3.0,4.0,92.0,224.0,85.0,-22.5,8.0
2021-10-01,israel,2539.0,339.0,401.0,932.3,7.0,4.0,114.0,395.0,205.0,-812.3,33.0
2021-10-01,korea,1120.0,138.0,241.0,-353.6,6.0,0.0,75.0,292.0,102.0,0.7,33.0
2021-10-01,libya,193.0,15.0,30.0,238.5,0.0,0.0,19.0,0.0,0.0,0.0,0.0
2021-10-01,scs,1326.0,120.0,176.0,1129.8,4.0,5.0,67.0,17.0,11.0,-17.2,1.0
2021-10-01,southasia,6761.0,947.0,930.0,2821.7,6.0,23.0,363.0,20.0,8.0,-40.1,1.0
2021-10-01,sudan,385.0,46.0,37.0,498.5,1.0,0.0,22.0,2.0,2.0,-20.0,0.0
2021-10-01,taiwan,511.0,58.0,67.0,438.6,1.0,5.0,19.0,163.0,64.0,-49.1,10.0
2021-10-01,ukraine,1035.0,142.0,200.0,284.0,5.0,7.0,104.0,140.0,57.0,37.4,9.0
2021-10-01,venezuela,176.0,41.0,37.0,-97.8,0.0,0.0,21.0,34.0,18.0,-39.4,6.0
2021-10-01,yemen,159.0,24.0,27.0,-32.4,3.0,0.0,6.0,26.0,12.0,-43.3,2.0
2021-10-02,drc,19.0,2.0,2.0,11.5,0.0,0.0,2.0,12.0,1.0,16.6,0.0
2021-10-02,europe_east,623.0,70.0,70.0,668.0,3.0,0.0,37.0,40.0,21.0,-101.2,3.0
2021-10-02,iran,667.0,102.0,150.0,-289.8,5.0,2.0,49.0,84.0,25.0,30.4,7.0
2021-10-02,israel,1382.0,216.0,263.0,-295.3,5.0,0.0,79.0,224.0,116.0,-464.7,17.0
2021-10-02,korea,732.0,77.0,151.0,-102.0,0.0,4.0,49.0,181.0,79.0,-301.6,23.0
2021-10-02,libya,302.0,27.0,81.0,-138.0,0.0,0.0,27.0,1.0,0.0,-2.0,0.0
2021-10-02,scs,989.0,89.0,91.0,1502.1,1.0,1.0,32.0,9.0,1.0,13.9,0.0
2021-10-02,southasia,5848.0,758.0,766.0,3490.8,10.0,32.0,282.0,21.0,16.0,-131.6,2.0
2021-10-02,sudan,312.0,57.0,48.0,75.6,0.0,1.0,22.0,2.0,2.0,-10.0,2.0
2021-10-02,taiwan,628.0,118.0,71.0,36.9,5.0,9.0,10.0,403.0,155.0,-37.9,26.0
2021-10-02,ukraine,609.0,88.0,91.0,189.9,5.0,0.0,63.0,33.0,14.0,-17.7,2.0
2021-10-02,venezuela,141.0,26.0,21.0,-25.3,0.0,0.0,13.0,30.0,11.0,-27.7,3.0
2021-10-02,yemen,117.0,9.0,34.0,-157.9,0.0,1.0,2.0,38.0,13.0,-30.5,0.0
2021-10-03,drc,28.0,4.0,5.0,-16.7,0.0,0.0,2.0,0.0,0.0,0.0,0.0
2021-10-03,europe_east,522.0,96.0,55.0,162.1,2.0,0.0,24.0,15.0,10.0,-34.8,3.0
2021-10-03,iran,685.0,110.0,123.0,115.3,6.0,0.0,45.0,115.0,47.0,-1.7,0.0
2021-10-03,israel,2142.0,352.0,344.0,201.8,5.0,7.0,139.0,456.0,204.0,-378.1,24.0
2021-10-03,korea,626.0,157.0,58.0,130.1,0.0,1.0,26.0,165.0,43.0,67.4,0.0
2021-10-03,libya,321.0,25.0,79.0,-137.8,0.0,0.0,32.0,2.0,1.0,-11.0,0.0
2021-10-03,scs,1004.0,112.0,109.0,1033.4,5.0,2.0,48.0,52.0,29.0,-6.9,0.0
2021-10-03,southasia,5293.0,782.0,875.0,13.5,17.0,27.0,304.0,29.0,17.0,-107.8,5.0
2021-10-03,sudan,287.0,26.0,20.0,513.2,1.0,1.0,8.0,4.0,0.0,6.4,0.0
2021-10-03,taiwan,553.0,113.0,102.0,-409.6,8.0,12.0,21.0,346.0,192.0,-756.0,48.0
2021-10-03,ukraine,309.0,60.0,42.0,49.4,9.0,3.0,21.0,78.0,30.0,-39.5,7.0
2021-10-03,venezuela,120.0,13.0,10.0,109.2,1.0,0.0,5.0,20.0,6.0,20.6,2.0
2021-10-03,yemen,272.0,31.0,104.0,-764.5,0.0,0.0,11.0,51.0,19.0,-76.1,1.0
2021-10-04,drc,11.0,0.0,0.0,30.8,0.0,0.0,0.0,0.0,0.0,0.0,0.0
2021-10-04,europe_east,977.0,119.0,86.0,1168.4,3.0,0.0,37.0,90.0,38.0,-16.3,7.0
2021-10-04,iran,1322.0,264.0,241.0,-243.6,12.0,10.0,79.0,278.0,153.0,-438.5,28.0
2021-10-04,israel,2882.0,462.0,458.0,240.8,12.0,0.0,149.0,511.0,246.0,-909.1,36.0
2021-10-04,korea,758.0,116.0,66.0,859.5,0.0,0.0,27.0,142.0,35.0,160.3,5.0
2021-10-04,libya,345.0,46.0,68.0,-38.7,0.0,1.0,32.0,4.0,0.0,6.7,0.0
2021-10-04,scs,1236.0,126.0,106.0,1686.6,1.0,0.0,46.0,31.0,15.0,-25.6,2.0
2021-10-04,southasia,7226.0,1328.0,1183.0,-1298.8,17.0,32.0,444.0,12.0,1.0,12.0,0.0
2021-10-04,sudan,485.0,32.0,76.0,505.4,4.0,0.0,19.0,3.0,3.0,-12.0,2.0
2021-10-04,taiwan,696.0,111.0,131.0,-256.9,13.0,20.0,14.0,374.0,188.0,-690.7,66.0
2021-10-04,ukraine,758.0,91.0,112.0,420.4,2.0,5.0,63.0,133.0,65.0,-157.7,20.0
2021-10-04,venezuela,163.0,20.0,15.0,204.4,0.0,0.0,9.0,25.0,10.0,18.0,4.0
2021-10-04,yemen,161.0,18.0,49.0,-287.6,3.0,0.0,9.0,27.0,8.0,-15.1,0.0
2021-10-05,drc,46.0,6.0,3.0,87.0,0.0,0.0,1.0,0.0,0.0,0.0,0.0
2021-10-05,europe_east,990.0,125.0,78.0,1748.8,0.0,2.0,44.0,108.0,48.0,-0.0,12.0
2021-10-05,iran,1768.0,247.0,274.0,1175.7,1.0,12.0,111.0,439.0,202.0,-394.8,39.0
2021-10-05,israel,3383.0,500.0,538.0,309.7,19.0,5.0,178.0,717.0,354.0,-1220.2,52.0
2021-10-05,korea,562.0,62.0,45.0,914.1,0.0,0.0,19.0,75.0,13.0,119.1,2.0
2021-10-05,libya,252.0,30.0,40.0,206.6,0.0,0.0,19.0,2.0,2.0,-20.0,0.0
2021-10-05,scs,1668.0,215.0,197.0,1345.3,2.0,4.0,90.0,19.0,2.0,79.6,0.0
2021-10-05,southasia,7363.0,1243.0,1150.0,969.8,13.0,27.0,488.0,29.0,8.0,17.8,6.0
2021-10-05,sudan,807.0,68.0,126.0,431.5,2.0,1.0,26.0,3.0,1.0,4.4,0.0
2021-10-05,taiwan,938.0,191.0,117.0,90.5,8.0,19.0,9.0,427.0,211.0,-684.5,52.0
2021-10-05,ukraine,1110.0,172.0,135.0,700.1,3.0,0.0,83.0,79.0,40.0,-38.1,2.0
2021-10-05,venezuela,220.0,34.0,30.0,74.6,0.0,0.0,20.0,22.0,11.0,-4.0,1.0
2021-10-05,yemen,282.0,41.0,89.0,-485.7,1.0,2.0,15.0,39.0,14.0,-45.8,0.0
2021-10-06,drc,70.0,8.0,3.0,117.6,0.0,0.0,1.0,5.0,3.0,-17.2,0.0
2021-10-06,europe_east,1220.0,190.0,157.0,806.0,1.0,1.0,69.0,97.0,44.0,-76.9,8.0
2021-10-06,iran,1549.0,229.0,209.0,1123.6,10.0,7.0,94.0,316.0,154.0,-361.4,43.0
2021-10-06,israel,2916.0,452.0,415.0,793.1,23.0,3.0,121.0,437.0,226.0,-661.0,34.0
2021-10-06,korea,573.0,57.0,71.0,605.3,1.0,0.0,22.0,63.0,27.0,-72.0,5.0
2021-10-06,libya,225.0,22.0,25.0,347.8,0.0,7.0,11.0,0.0,0.0,0.0,0.0
2021-10-06,scs,1365.0,170.0,161.0,1135.6,8.0,2.0,43.0,36.0,4.0,128.1,0.0
2021-10-06,southasia,7033.0,1102.0,1032.0,1668.5,15.0,14.0,426.0,35.0,16.0,-55.4,6.0
2021-10-06,sudan,444.0,53.0,55.0,579.4,0.0,3.0,11.0,4.0,0.0,32.0,0.0
2021-10-06,taiwan,1227.0,193.0,112.0,926.4,20.0,16.0,28.0,619.0,237.0,-244.3,75.0
2021-10-06,ukraine,1029.0,126.0,162.0,219.6,1.0,0.0,68.0,131.0,32.0,140.7,5.0
2021-10-06,venezuela,285.0,59.0,35.0,105.4,1.0,2.0,14.0,27.0,8.0,11.6,1.0
2021-10-06,yemen,242.0,17.0,65.0,-262.2,0.0,2.0,7.0,37.0,27.0,-189.0,4.0
2021-10-07,drc,46.0,1.0,10.0,-6.8,0.0,0.0,2.0,7.0,0.0,43.0,0.0
2021-10-07,europe_east,1336.0,180.0,109.0,1821.4,2.0,2.0,48.0,99.0,29.0,-1.0,2.0
2021-10-07,iran,1227.0,150.0,104.0,1799.7,6.0,0.0,45.0,190.0,73.0,-4.0,9.0
2021-10-07,israel,2720.0,387.0,359.0,1572.5,13.0,5.0,127.0,318.0,141.0,-178.9,17.0
2021-10-07,korea,713.0,78.0,58.0,1231.8,1.0,0.0,17.0,58.0,16.0,47.8,0.0
2021-10-07,libya,241.0,23.0,37.0,226.2,1.0,0.0,12.0,0.0,0.0,0.0,0.0
2021-10-07,scs,1573.0,135.0,132.0,2551.4,5.0,4.0,63.0,27.0,14.0,-13.2,5.0
2021-10-07,southasia,7162.0,1066.0,1184.0,310.3,21.0,15.0,372.0,45.0,17.0,-68.0,1.0
2021-10-07,sudan,305.0,25.0,25.0,339.8,0.0,3.0,8.0,2.0,0.0,16.0,0.0
2021-10-07,taiwan,1371.0,143.0,142.0,1430.6,17.0,20.0,31.0,483.0,216.0,-607.2,71.0
2021-10-07,ukraine,1078.0,113.0,166.0,456.5,5.0,0.0,66.0,86.0,24.0,36.7,8.0
2021-10-07,venezuela,315.0,49.0,21.0,360.1,1.0,4.0,8.0,39.0,12.0,2.3,0.0
2021-10-07,yemen,255.0,52.0,59.0,-335.3,0.0,1.0,18.0,54.0,26.0,-131.0,6.0
2021-10-08,drc,23.0,2.0,7.0,-40.1,0.0,0.0,2.0,3.0,0.0,7.5,0.0
2021-10-08,europe_east,1294.0,186.0,137.0,1389.8,5.0,3.0,28.0,206.0,107.0,-498.7,14.0
2021-10-08,iran,1069.0,135.0,141.0,1054.2,9.0,3.0,53.0,139.0,54.0,62.9,3.0
2021-10-08,israel,2509.0,319.0,387.0,917.2,8.0,5.0,116.0,311.0,167.0,-790.9,25.0
2021-10-08,korea,591.0,68.0,51.0,938.1,0.0,0.0,25.0,111.0,38.0,37.0,6.0
2021-10-08,libya,280.0,18.0,57.0,129.2,0.0,2.0,32.0,1.0,1.0,-10.0,0.0
2021-10-08,scs,1738.0,225.0,184.0,2301.4,6.0,3.0,94.0,20.0,8.0,37.6,3.0
2021-10-08,southasia,7419.0,1136.0,1092.0,2258.1,4.0,18.0,379.0,86.0,41.0,-152.9,3.0
2021-10-08,sudan,281.0,25.0,42.0,190.9,0.0,0.0,15.0,2.0,0.0,16.0,0.0
2021-10-08,taiwan,1061.0,144.0,81.0,1333.4,17.0,5.0,24.0,430.0,142.0,-61.2,40.0
2021-10-08,ukraine,971.0,121.0,162.0,162.8,1.0,6.0,52.0,48.0,12.0,7.7,1.0
2021-10-08,venezuela,128.0,23.0,11.0,67.7,0.0,0.0,6.0,30.0,8.0,30.1,0.0
2021-10-08,yemen,256.0,38.0,65.0,-274.3,0.0,18.0,2.0,64.0,18.0,26.1,0.0
2021-10-09,drc,47.0,1.0,3.0,77.8,0.0,0.0,2.0,4.0,0.0,10.9,0.0
2021-10-09,europe_east,713.0,85.0,66.0,976.8,3.0,0.0,16.0,72.0,35.0,-219.6,2.0
2021-10-09,iran,822.0,135.0,119.0,350.5,3.0,4.0,44.0,75.0,46.0,-116.4,12.0
2021-10-09,israel,1586.0,182.0,296.0,227.3,1.0,0.0,87.0,261.0,145.0,-654.2,10.0
2021-10-09,korea,283.0,38.0,25.0,240.9,2.0,0.0,12.0,19.0,12.0,-68.2,6.0
2021-10-09,libya,179.0,24.0,59.0,-260.3,0.0,3.0,26.0,0.0,0.0,0.0,0.0
2021-10-09,scs,1095.0,127.0,148.0,813.3,3.0,0.0,57.0,22.0,13.0,-3.3,4.0
2021-10-09,southasia,6130.0,943.0,830.0,1970.5,9.0,6.0,308.0,20.0,8.0,-44.1,0.0
2021-10-09,sudan,187.0,15.0,23.0,119.8,0.0,0.0,0.0,0.0,0.0,0.0,0.0
2021-10-09,taiwan,708.0,86.0,108.0,150.5,8.0,4.0,17.0,375.0,157.0,-281.3,29.0
2021-10-09,ukraine,421.0,49.0,77.0,61.6,4.0,2.0,24.0,33.0,21.0,-90.7,3.0
2021-10-09,venezuela,81.0,10.0,5.0,89.7,0.0,0.0,3.0,22.0,4.0,3.0,0.0
2021-10-09,yemen,138.0,32.0,38.0,-263.4,2.0,1.0,0.0,27.0,15.0,-85.1,0.0
2021-10-10,drc,18.0,5.0,2.0,-7.1,0.0,0.0,0.0,2.0,2.0,-10.0,2.0
2021-10-10,europe_east,451.0,58.0,54.0,603.3,1.0,1.0,33.0,19.0,8.0,-0.6,0.0
2021-10-10,iran,716.0,128.0,70.0,606.5,0.0,0.0,32.0,124.0,51.0,8.7,11.0
2021-10-10,israel,2134.0,276.0,238.0,1612.8,8.0,2.0,60.0,296.0,144.0,-479.0,18.0
2021-10-10,korea,410.0,52.0,40.0,468.9,3.0,0.0,15.0,73.0,25.0,61.1,0.0
2021-10-10,libya,213.0,37.0,57.0,-228.4,0.0,2.0,29.0,0.0,0.0,0.0,0.0
2021-10-10,scs,897.0,81.0,92.0,1086.2,2.0,3.0,34.0,18.0,6.0,29.3,2.0
2021-10-10,southasia,5911.0,1030.0,1020.0,-1184.0,7.0,16.0,438.0,38.0,18.0,-57.0,1.0
2021-10-10,sudan,196.0,17.0,40.0,55.8,0.0,6.0,7.0,0.0,0.0,0.0,0.0
2021-10-10,taiwan,682.0,130.0,57.0,278.8,11.0,5.0,12.0,374.0,179.0,-381.1,17.0
2021-10-10,ukraine,163.0,14.0,29.0,130.8,0.0,1.0,12.0,7.0,2.0,-8.6,1.0
2021-10-10,venezuela,33.0,4.0,4.0,19.1,0.0,1.0,1.0,2.0,0.0,3.8,0.0
2021-10-10,yemen,282.0,50.0,112.0,-934.1,0.0,6.0,6.0,44.0,17.0,-56.2,0.0
2021-10-11,drc,23.0,5.0,3.0,0.5,0.0,0.0,0.0,3.0,3.0,-6.0,0.0
2021-10-11,europe_east,1263.0,151.0,96.0,1746.7,0.0,1.0,54.0,102.0,36.0,28.8,2.0
2021-10-11,iran,879.0,143.0,129.0,563.3,3.0,0.0,62.0,161.0,75.0,-133.4,23.0
2021-10-11,israel,2742.0,347.0,345.0,1630.6,11.0,1.0,120.0,437.0,216.0,-643.0,39.0
2021-10-11,korea,758.0,87.0,60.0,974.8,10.0,3.0,27.0,74.0,29.0,-53.1,13.0
2021-10-11,libya,266.0,23.0,26.0,317.5,0.0,0.0,11.0,2.0,0.0,4.7,0.0
2021-10-11,scs,1554.0,147.0,177.0,1622.8,1.0,4.0,62.0,24.0,3.0,62.0,0.0
2021-10-11,southasia,7073.0,1087.0,1187.0,-437.0,14.0,31.0,403.0,34.0,11.0,-40.9,2.0
2021-10-11,sudan,319.0,33.0,51.0,294.5,0.0,0.0,7.0,1.0,1.0,-4.0,0.0
2021-10-11,taiwan,676.0,116.0,82.0,342.0,13.0,7.0,15.0,327.0,128.0,-180.4,30.0
2021-10-11,ukraine,760.0,92.0,88.0,731.8,7.0,0.0,49.0,69.0,13.0,57.7,3.0
2021-10-11,venezuela,97.0,2.0,11.0,129.2,0.0,0.0,2.0,9.0,1.0,26.4,0.0
2021-10-11,yemen,229.0,36.0,60.0,-289.9,3.0,2.0,3.0,50.0,27.0,-94.3,3.0
2021-10-12,drc,20.0,6.0,0.0,26.1,0.0,0.0,0.0,3.0,0.0,7.5,0.0
2021-10-12,europe_east,974.0,117.0,120.0,973.2,0.0,0.0,47.0,114.0,58.0,-293.7,15.0
2021-10-12,iran,1080.0,182.0,114.0,925.4,3.0,0.0,54.0,260.0,79.0,32.0,8.0
2021-10-12,israel,2892.0,493.0,398.0,962.8,4.0,2.0,186.0,491.0,218.0,-564.2,27.0
2021-10-12,korea,855.0,94.0,96.0,897.3,1.0,1.0,43.0,168.0,39.0,243.3,7.0
2021-10-12,libya,271.0,32.0,74.0,-288.8,0.0,0.0,14.0,8.0,2.0,9.2,0.0
2021-10-12,scs,1630.0,184.0,182.0,1931.1,6.0,7.0,85.0,16.0,4.0,33.0,0.0
2021-10-12,southasia,6893.0,944.0,1229.0,613.4,26.0,16.0,469.0,103.0,86.0,-423.9,76.0
2021-10-12,sudan,193.0,22.0,31.0,135.6,0.0,2.0,12.0,0.0,0.0,0.0,0.0
2021-10-12,taiwan,700.0,105.0,50.0,915.6,7.0,4.0,10.0,290.0,102.0,-64.4,20.0
2021-10-12,ukraine,1053.0,125.0,104.0,1323.8,11.0,3.0,51.0,135.0,44.0,43.4,5.0
2021-10-12,venezuela,85.0,18.0,18.0,-79.5,0.0,0.0,12.0,10.0,0.0,16.7,0.0
2021-10-12,yemen,206.0,33.0,37.0,-27.7,4.0,0.0,1.0,56.0,28.0,-92.2,1.0
2021-10-13,drc,18.0,3.0,2.0,17.6,0.0,0.0,1.0,1.0,0.0,10.0,0.0
2021-10-13,europe_east,959.0,94.0,93.0,1310.5,1.0,3.0,34.0,97.0,53.0,-261.9,9.0
2021-10-13,iran,1550.0,206.0,169.0,1515.4,7.0,1.0,88.0,377.0,90.0,251.1,12.0
2021-10-13,israel,3363.0,505.0,421.0,1801.1,9.0,4.0,192.0,529.0,216.0,-507.5,33.0
2021-10-13,korea,813.0,87.0,70.0,1060.2,1.0,2.0,21.0,155.0,36.0,143.1,1.0
2021-10-13,libya,319.0,41.0,89.0,-325.5,1.0,0.0,25.0,4.0,2.0,-8.3,0.0
2021-10-13,scs,1585.0,129.0,109.0,2739.1,1.0,4.0,57.0,23.0,12.0,-26.9,0.0
2021-10-13,southasia,6032.0,931.0,961.0,924.7,21.0,11.0,410.0,38.0,38.0,-218.0,32.0
2021-10-13,sudan,453.0,45.0,37.0,797.7,0.0,2.0,23.0,0.0,0.0,0.0,0.0
2021-10-13,taiwan,627.0,85.0,66.0,621.5,10.0,5.0,24.0,224.0,76.0,11.4,11.0
2021-10-13,ukraine,961.0,130.0,107.0,1012.3,4.0,0.0,44.0,75.0,26.0,12.3,3.0
2021-10-13,venezuela,208.0,25.0,25.0,243.2,0.0,0.0,18.0,14.0,3.0,23.6,1.0
2021-10-13,yemen,152.0,10.0,38.0,-112.1,0.0,0.0,9.0,30.0,5.0,8.0,1.0
2021-10-14,drc,39.0,3.0,6.0,44.1,0.0,0.0,3.0,0.0,0.0,0.0,0.0
2021-10-14,europe_east,1068.0,126.0,108.0,1072.5,3.0,2.0,47.0,121.0,41.0,-30.4,3.0
2021-10-14,iran,1446.0,196.0,181.0,1101.8,8.0,3.0,64.0,389.0,120.0,262.8,16.0
2021-10-14,israel,3627.0,577.0,638.0,-1041.7,15.0,5.0,179.0,553.0,274.0,-1062.7,36.0
2021-10-14,korea,783.0,97.0,56.0,1158.4,2.0,0.0,25.0,139.0,34.0,72.7,3.0
2021-10-14,libya,307.0,48.0,54.0,-28.6,0.0,0.0,18.0,4.0,4.0,-24.0,0.0
2021-10-14,scs,1529.0,114.0,176.0,1790.6,1.0,0.0,58.0,34.0,11.0,47.0,0.0
2021-10-14,southasia,5961.0,942.0,828.0,2724.7,16.0,9.0,373.0,31.0,19.0,-125.4,8.0
2021-10-14,sudan,372.0,49.0,23.0,600.5,1.0,1.0,13.0,0.0,0.0,0.0,0.0
2021-10-14,taiwan,653.0,85.0,85.0,423.1,7.0,7.0,13.0,188.0,80.0,-63.8,10.0
2021-10-14,ukraine,989.0,110.0,102.0,1260.9,0.0,0.0,73.0,108.0,40.0,30.8,5.0
2021-10-14,venezuela,143.0,24.0,11.0,181.9,1.0,0.0,8.0,26.0,10.0,19.6,0.0
2021-10-14,yemen,374.0,34.0,129.0,-774.7,1.0,1.0,19.0,46.0,13.0,-41.6,2.0
2021-10-15,drc,26.0,0.0,1.0,42.5,0.0,0.0,0.0,4.0,0.0,9.4,0.0
2021-10-15,europe_east,894.0,99.0,84.0,1160.4,0.0,4.0,22.0,68.0,26.0,-10.9,4.0
2021-10-15,iran,1197.0,141.0,143.0,1311.4,8.0,0.0,52.0,260.0,66.0,241.5,2.0
2021-10-15,israel,2415.0,380.0,486.0,-1285.5,13.0,2.0,135.0,365.0,169.0,-592.0,18.0
2021-10-15,korea,695.0,52.0,64.0,1190.9,0.0,0.0,26.0,161.0,11.0,552.3,2.0
2021-10-15,libya,197.0,36.0,51.0,-275.8,0.0,3.0,18.0,1.0,1.0,-9.0,0.0
2021-10-15,scs,1455.0,149.0,151.0,1826.8,1.0,0.0,81.0,30.0,10.0,35.3,0.0
2021-10-15,southasia,5262.0,705.0,845.0,1868.2,11.0,37.0,332.0,27.0,14.0,-46.8,9.0
2021-10-15,sudan,264.0,51.0,37.0,-22.5,0.0,0.0,19.0,3.0,3.0,-14.5,0.0
2021-10-15,taiwan,580.0,83.0,69.0,443.3,7.0,6.0,15.0,125.0,59.0,-134.0,9.0
2021-10-15,ukraine,664.0,85.0,68.0,771.5,1.0,0.0,29.0,74.0,26.0,71.8,0.0
2021-10-15,venezuela,206.0,34.0,24.0,105.4,0.0,0.0,9.0,47.0,14.0,32.6,7.0
2021-10-15,yemen,190.0,23.0,46.0,-207.1,0.0,0.0,3.0,41.0,3.0,50.6,0.0
2021-10-16,drc,11.0,2.0,1.0,-3.5,0.0,0.0,1.0,1.0,0.0,4.0,0.0
2021-10-16,europe_east,357.0,43.0,21.0,478.5,0.0,0.0,6.0,52.0,7.0,94.5,0.0
2021-10-16,iran,1063.0,148.0,178.0,482.9,1.0,1.0,109.0,141.0,46.0,100.6,3.0
2021-10-16,israel,1538.0,198.0,283.0,-110.4,4.0,1.0,59.0,288.0,160.0,-754.8,14.0
2021-10-16,korea,319.0,22.0,21.0,567.5,0.0,3.0,6.0,40.0,4.0,88.3,0.0
2021-10-16,libya,106.0,11.0,22.0,-4.6,0.0,0.0,10.0,0.0,0.0,0.0,0.0
2021-10-16,scs,721.0,53.0,65.0,1183.6,3.0,3.0,26.0,14.0,3.0,32.0,1.0
2021-10-16,southasia,5218.0,719.0,813.0,1808.7,19.0,35.0,303.0,24.0,6.0,21.9,3.0
2021-10-16,sudan,306.0,57.0,11.0,469.1,0.0,0.0,6.0,1.0,1.0,-6.5,0.0
2021-10-16,taiwan,273.0,28.0,30.0,223.7,5.0,3.0,8.0,94.0,30.0,-65.0,7.0
2021-10-16,ukraine,341.0,38.0,31.0,301.5,0.0,0.0,15.0,60.0,26.0,-64.4,1.0
2021-10-16,venezuela,126.0,26.0,45.0,-168.6,0.0,0.0,36.0,91.0,72.0,-190.1,37.0
2021-10-16,yemen,121.0,16.0,44.0,-242.0,0.0,0.0,10.0,26.0,8.0,11.5,0.0
2021-10-17,drc,7.0,3.0,0.0,2.4,0.0,0.0,0.0,0.0,0.0,0.0,0.0
2021-10-17,europe_east,390.0,67.0,37.0,304.7,3.0,0.0,15.0,49.0,35.0,-99.4,0.0
2021-10-17,iran,930.0,134.0,136.0,611.1,5.0,0.0,76.0,145.0,38.0,146.5,0.0
2021-10-17,israel,2298.0,416.0,424.0,-861.5,13.0,3.0,126.0,387.0,252.0,-1130.1,33.0
2021-10-17,korea,297.0,33.0,21.0,532.1,0.0,1.0,9.0,13.0,5.0,16.6,0.0
2021-10-17,libya,122.0,12.0,24.0,41.5,0.0,0.0,9.0,0.0,0.0,0.0,0.0
2021-10-17,scs,785.0,69.0,106.0,852.5,1.0,0.0,55.0,39.0,14.0,-3.3,10.0
2021-10-17,southasia,4230.0,620.0,784.0,-273.2,10.0,29.0,296.0,40.0,28.0,-114.0,4.0
2021-10-17,sudan,321.0,60.0,46.0,42.6,0.0,0.0,18.0,0.0,0.0,0.0,0.0
2021-10-17,taiwan,261.0,40.0,52.0,-156.5,3.0,1.0,15.0,74.0,29.0,-82.9,4.0
2021-10-17,ukraine,446.0,101.0,67.0,40.3,1.0,0.0,32.0,93.0,42.0,-112.9,0.0
2021-10-17,venezuela,526.0,104.0,139.0,-213.8,1.0,0.0,114.0,195.0,139.0,-355.1,60.0
2021-10-17,yemen,159.0,27.0,65.0,-520.9,0.0,0.0,12.0,25.0,10.0,-19.1,0.0
2021-10-18,drc,22.0,1.0,4.0,1.1,0.0,0.0,0.0,10.0,0.0,35.5,0.0
2021-10-18,europe_east,1172.0,143.0,174.0,844.3,0.0,5.0,99.0,130.0,48.0,70.1,4.0
2021-10-18,iran,1186.0,159.0,134.0,1312.2,11.0,0.0,62.0,192.0,75.0,-34.2,3.0
2021-10-18,israel,2999.0,377.0,568.0,158.2,9.0,8.0,159.0,482.0,251.0,-1059.0,41.0
2021-10-18,korea,682.0,69.0,74.0,684.2,5.0,1.0,16.0,101.0,13.0,192.5,2.0
2021-10-18,libya,137.0,15.0,25.0,89.3,0.0,0.0,11.0,0.0,0.0,0.0,0.0
2021-10-18,scs,1330.0,139.0,181.0,1303.3,2.0,7.0,80.0,40.0,9.0,44.0,2.0
2021-10-18,southasia,5649.0,841.0,993.0,-269.7,11.0,24.0,302.0,21.0,11.0,-17.0,3.0
2021-10-18,sudan,210.0,27.0,22.0,216.8,0.0,0.0,9.0,1.0,1.0,-6.5,0.0
2021-10-18,taiwan,341.0,75.0,39.0,76.0,8.0,2.0,15.0,115.0,48.0,-120.1,9.0
2021-10-18,ukraine,1014.0,141.0,149.0,368.3,3.0,3.0,88.0,91.0,56.0,-315.7,19.0
2021-10-18,venezuela,633.0,109.0,117.0,462.5,0.0,0.0,99.0,177.0,112.0,-364.2,45.0
2021-10-18,yemen,163.0,21.0,48.0,-165.3,0.0,0.0,14.0,49.0,10.0,129.6,0.0
2021-10-19,drc,31.0,9.0,3.0,-3.2,0.0,0.0,2.0,22.0,10.0,-11.7,0.0
2021-10-19,europe_east,1212.0,236.0,132.0,1264.2,5.0,7.0,53.0,103.0,60.0,-142.4,24.0
2021-10-19,iran,1071.0,144.0,122.0,1179.6,7.0,5.0,58.0,171.0,69.0,24.6,7.0
2021-10-19,israel,3433.0,479.0,451.0,1874.3,4.0,1.0,143.0,497.0,203.0,-317.1,37.0
2021-10-19,korea,1898.0,202.0,309.0,834.2,2.0,3.0,50.0,622.0,235.0,-463.2,24.0
2021-10-19,libya,188.0,32.0,34.0,-16.4,2.0,0.0,9.0,0.0,0.0,0.0,0.0
2021-10-19,scs,1601.0,186.0,204.0,1482.8,2.0,3.0,94.0,16.0,5.0,-6.9,0.0
2021-10-19,southasia,5502.0,860.0,848.0,1704.9,21.0,21.0,283.0,11.0,2.0,1.2,0.0
2021-10-19,sudan,328.0,53.0,31.0,399.9,0.0,6.0,13.0,3.0,0.0,9.4,0.0
2021-10-19,taiwan,348.0,56.0,16.0,402.4,7.0,1.0,7.0,79.0,27.0,-24.6,4.0
2021-10-19,ukraine,1016.0,119.0,118.0,847.3,4.0,3.0,63.0,164.0,66.0,-66.1,23.0
2021-10-19,venezuela,281.0,52.0,41.0,79.6,0.0,0.0,30.0,68.0,27.0,-6.1,10.0
2021-10-19,yemen,164.0,14.0,66.0,-505.2,1.0,0.0,9.0,15.0,4.0,6.0,0.0
2021-10-20,drc,38.0,2.0,0.0,109.2,0.0,0.0,0.0,12.0,3.0,-19.9,0.0
2021-10-20,europe_east,1298.0,221.0,114.0,1299.3,6.0,5.0,41.0,58.0,41.0,-177.2,10.0
2021-10-20,iran,971.0,134.0,119.0,783.6,8.0,5.0,44.0,229.0,90.0,-146.3,12.0
2021-10-20,israel,3304.0,409.0,510.0,1390.4,13.0,4.0,155.0,470.0,193.0,-599.2,30.0
2021-10-20,korea,1544.0,206.0,188.0,1385.1,4.0,4.0,49.0,365.0,117.0,301.2,10.0
2021-10-20,libya,191.0,13.0,34.0,167.2,1.0,0.0,5.0,1.0,1.0,-10.0,0.0
2021-10-20,scs,1588.0,160.0,148.0,1897.1,6.0,4.0,62.0,25.0,8.0,35.3,0.0
2021-10-20,southasia,5682.0,800.0,865.0,2127.0,17.0,30.0,354.0,13.0,11.0,-75.0,5.0
2021-10-20,sudan,383.0,49.0,47.0,281.7,0.0,0.0,8.0,0.0,0.0,0.0,0.0
2021-10-20,taiwan,450.0,71.0,37.0,499.7,1.0,3.0,16.0,83.0,32.0,-53.1,3.0
2021-10-20,ukraine,1127.0,135.0,137.0,1055.5,1.0,1.0,67.0,137.0,70.0,-111.0,14.0
2021-10-20,venezuela,301.0,34.0,35.0,357.5,0.0,0.0,26.0,39.0,16.0,2.2,0.0
2021-10-20,yemen,203.0,30.0,62.0,-285.4,0.0,0.0,18.0,41.0,25.0,-106.6,0.0
2021-10-21,drc,46.0,9.0,15.0,-140.7,0.0,0.0,1.0,4.0,2.0,-10.0,0.0
2021-10-21,europe_east,1419.0,214.0,169.0,980.4,5.0,2.0,52.0,70.0,28.0,11.6,4.0
2021-10-21,iran,863.0,116.0,131.0,463.3,6.0,4.0,49.0,126.0,31.0,42.0,3.0
2021-10-21,israel,2801.0,413.0,401.0,1134.4,21.0,6.0,139.0,334.0,132.0,-188.3,26.0
2021-10-21,korea,887.0,143.0,91.0,701.9,4.0,0.0,29.0,139.0,49.0,-82.0,7.0
2021-10-21,libya,364.0,18.0,39.0,727.7,0.0,1.0,18.0,0.0,0.0,0.0,0.0
2021-10-21,scs,1289.0,148.0,130.0,1213.0,4.0,6.0,74.0,22.0,12.0,-29.1,0.0
2021-10-21,southasia,6094.0,850.0,806.0,3223.0,4.0,11.0,298.0,23.0,11.0,-4.3,0.0
2021-10-21,sudan,605.0,112.0,89.0,206.3,1.0,2.0,44.0,3.0,3.0,-8.0,0.0
2021-10-21,taiwan,524.0,59.0,51.0,541.6,2.0,2.0,12.0,173.0,68.0,-30.2,9.0
2021-10-21,ukraine,1087.0,147.0,111.0,1317.8,0.0,2.0,54.0,125.0,45.0,-3.1,10.0
2021-10-21,venezuela,236.0,22.0,36.0,218.1,0.0,0.0,33.0,18.0,11.0,-17.2,0.0
2021-10-21,yemen,149.0,22.0,54.0,-378.9,0.0,0.0,4.0,33.0,20.0,-141.3,1.0
2021-10-22,drc,28.0,10.0,2.0,-45.9,3.0,0.0,1.0,0.0,0.0,0.0,0.0
2021-10-22,europe_east,1100.0,139.0,122.0,1013.8,2.0,2.0,44.0,71.0,28.0,-4.1,2.0
2021-10-22,iran,957.0,101.0,98.0,1618.4,7.0,0.0,42.0,112.0,42.0,94.7,1.0
2021-10-22,israel,2514.0,389.0,433.0,101.4,12.0,7.0,172.0,468.0,219.0,-539.5,46.0
2021-10-22,korea,743.0,78.0,54.0,1104.7,2.0,0.0,19.0,78.0,21.0,3.4,1.0
2021-10-22,libya,225.0,23.0,25.0,307.3,0.0,0.0,15.0,0.0,0.0,0.0,0.0
2021-10-22,scs,1531.0,126.0,160.0,2265.5,1.0,2.0,74.0,51.0,32.0,-139.5,5.0
2021-10-22,southasia,5993.0,845.0,758.0,3949.3,17.0,20.0,290.0,28.0,11.0,-1.7,0.0
2021-10-22,sudan,318.0,59.0,36.0,208.8,0.0,1.0,12.0,0.0,0.0,0.0,0.0
2021-10-22,taiwan,748.0,115.0,70.0,629.0,6.0,4.0,19.0,253.0,111.0,-137.5,10.0
2021-10-22,ukraine,1271.0,141.0,173.0,1094.8,4.0,1.0,94.0,114.0,32.0,83.6,12.0
2021-10-22,venezuela,177.0,28.0,48.0,-109.0,0.0,2.0,36.0,36.0,14.0,-39.3,8.0
2021-10-22,yemen,142.0,15.0,46.0,-224.1,0.0,0.0,12.0,32.0,10.0,-8.9,0.0
2021-10-23,drc,22.0,1.0,3.0,1.2,0.0,0.0,0.0,0.0,0.0,0.0,0.0
2021-10-23,europe_east,518.0,74.0,59.0,305.7,0.0,0.0,18.0,28.0,13.0,19.5,3.0
2021-10-23,iran,553.0,98.0,55.0,562.3,1.0,0.0,23.0,81.0,35.0,33.2,0.0
2021-10-23,israel,1393.0,247.0,214.0,7.6,5.0,1.0,111.0,223.0,114.0,-324.5,27.0
2021-10-23,korea,523.0,69.0,45.0,611.9,1.0,0.0,24.0,91.0,34.0,-0.8,2.0
2021-10-23,libya,181.0,16.0,28.0,225.1,1.0,0.0,18.0,1.0,0.0,0.0,0.0
2021-10-23,scs,785.0,83.0,77.0,991.4,1.0,3.0,37.0,33.0,13.0,-67.2,0.0
2021-10-23,southasia,5181.0,769.0,849.0,246.4,8.0,27.0,312.0,37.0,11.0,51.0,0.0
2021-10-23,sudan,165.0,33.0,15.0,73.3,0.0,0.0,2.0,0.0,0.0,0.0,0.0
2021-10-23,taiwan,438.0,70.0,38.0,514.4,5.0,2.0,11.0,121.0,54.0,-107.2,13.0
2021-10-23,ukraine,684.0,103.0,113.0,265.1,0.0,2.0,55.0,62.0,30.0,-46.3,9.0
2021-10-23,venezuela,101.0,11.0,21.0,83.6,0.0,0.0,15.0,13.0,12.0,-49.0,6.0
2021-10-23,yemen,147.0,21.0,40.0,-235.1,0.0,0.0,8.0,35.0,11.0,19.4,0.0
2021-10-24,drc,4.0,0.0,0.0,6.4,0.0,0.0,0.0,0.0,0.0,0.0,0.0
2021-10-24,europe_east,408.0,64.0,39.0,385.6,0.0,1.0,23.0,67.0,32.0,-41.5,7.0
2021-10-24,iran,726.0,145.0,109.0,4.4,5.0,4.0,63.0,145.0,44.0,92.1,0.0
2021-10-24,israel,2166.0,387.0,293.0,714.0,10.0,3.0,131.0,385.0,175.0,-405.9,30.0
2021-10-24,korea,478.0,54.0,54.0,622.8,0.0,1.0,40.0,137.0,31.0,252.8,0.0
2021-10-24,libya,160.0,14.0,26.0,153.7,1.0,0.0,13.0,3.0,1.0,2.7,0.0
2021-10-24,scs,879.0,92.0,86.0,940.9,4.0,3.0,41.0,63.0,16.0,109.8,0.0
2021-10-24,southasia,4826.0,652.0,758.0,1202.7,5.0,18.0,252.0,47.0,10.0,101.3,2.0
2021-10-24,sudan,345.0,49.0,32.0,341.0,0.0,1.0,12.0,0.0,0.0,0.0,0.0
2021-10-24,taiwan,324.0,46.0,38.0,215.0,2.0,3.0,10.0,71.0,25.0,-8.0,7.0
2021-10-24,ukraine,467.0,66.0,69.0,195.0,0.0,3.0,33.0,60.0,4.0,125.1,2.0
2021-10-24,venezuela,78.0,13.0,31.0,-204.0,0.0,22.0,2.0,5.0,2.0,-6.9,2.0
2021-10-24,yemen,87.0,11.0,42.0,-341.6,0.0,0.0,5.0,1.0,1.0,-10.0,0.0
2021-10-25,drc,18.0,3.0,3.0,-26.9,0.0,0.0,1.0,9.0,4.0,-29.5,0.0
2021-10-25,europe_east,1050.0,122.0,87.0,1719.0,5.0,5.0,40.0,88.0,25.0,163.2,6.0
2021-10-25,iran,1203.0,132.0,176.0,1503.1,2.0,2.0,69.0,216.0,81.0,-6.2,1.0
2021-10-25,israel,3023.0,515.0,553.0,-247.2,2.0,1.0,229.0,510.0,274.0,-922.2,49.0
2021-10-25,korea,785.0,50.0,80.0,1314.7,0.0,1.0,35.0,82.0,21.0,22.1,3.0
2021-10-25,libya,182.0,21.0,21.0,299.4,0.0,0.0,10.0,3.0,1.0,2.7,0.0
2021-10-25,scs,1459.0,176.0,181.0,1401.4,4.0,6.0,76.0,87.0,16.0,285.4,0.0
2021-10-25,southasia,5882.0,839.0,728.0,4595.8,8.0,8.0,331.0,50.0,11.0,70.7,4.0
2021-10-25,sudan,2619.0,497.0,436.0,-351.0,5.0,20.0,282.0,23.0,10.0,-37.8,5.0
2021-10-25,taiwan,567.0,67.0,33.0,807.1,5.0,2.0,10.0,122.0,35.0,86.6,7.0
2021-10-25,ukraine,664.0,84.0,82.0,741.5,3.0,1.0,42.0,88.0,30.0,-111.4,0.0
2021-10-25,venezuela,115.0,12.0,24.0,78.1,1.0,0.0,19.0,18.0,7.0,-24.4,6.0
2021-10-25,yemen,220.0,23.0,79.0,-468.8,0.0,0.0,12.0,37.0,22.0,-157.0,0.0
2021-10-26,drc,44.0,2.0,10.0,26.5,0.0,0.0,6.0,8.0,5.0,-56.0,0.0
2021-10-26,europe_east,1097.0,102.0,86.0,1756.9,2.0,2.0,35.0,48.0,15.0,-17.0,2.0
2021-10-26,iran,1272.0,190.0,200.0,597.3,19.0,2.0,68.0,234.0,129.0,-457.7,21.0
2021-10-26,israel,2838.0,494.0,391.0,1394.8,5.0,4.0,197.0,357.0,190.0,-497.1,38.0
2021-10-26,korea,1096.0,127.0,140.0,1374.4,4.0,0.0,111.0,55.0,18.0,11.8,1.0
2021-10-26,libya,171.0,17.0,22.0,187.2,0.0,0.0,6.0,2.0,2.0,-11.2,1.0
2021-10-26,scs,1581.0,170.0,146.0,2231.4,1.0,3.0,49.0,47.0,14.0,7.5,0.0
2021-10-26,southasia,5617.0,813.0,671.0,3390.9,10.0,21.0,304.0,23.0,13.0,-33.2,3.0
2021-10-26,sudan,2375.0,496.0,445.0,-1197.5,10.0,24.0,240.0,28.0,11.0,-32.2,3.0
2021-10-26,taiwan,563.0,78.0,55.0,500.2,9.0,3.0,16.0,157.0,51.0,-58.8,7.0
2021-10-26,ukraine,707.0,104.0,71.0,620.0,3.0,6.0,30.0,85.0,24.0,161.7,1.0
2021-10-26,venezuela,256.0,134.0,32.0,-267.6,1.0,0.0,20.0,18.0,15.0,-72.0,6.0
2021-10-26,yemen,101.0,17.0,25.0,-129.4,0.0,0.0,2.0,24.0,11.0,-15.2,0.0
2021-10-27,drc,26.0,5.0,3.0,-1.6,0.0,0.0,3.0,0.0,0.0,0.0,0.0
2021-10-27,europe_east,1331.0,180.0,110.0,1616.1,7.0,4.0,71.0,49.0,18.0,56.3,6.0
2021-10-27,iran,1397.0,200.0,155.0,1241.2,6.0,1.0,76.0,181.0,100.0,-316.8,24.0
2021-10-27,israel,3188.0,565.0,420.0,816.6,10.0,3.0,167.0,358.0,201.0,-799.2,36.0
2021-10-27,korea,828.0,67.0,91.0,1185.0,2.0,1.0,49.0,52.0,23.0,-72.8,0.0
2021-10-27,libya,180.0,25.0,38.0,-43.1,0.0,0.0,14.0,0.0,0.0,0.0,0.0
2021-10-27,scs,1571.0,152.0,150.0,2055.2,0.0,8.0,50.0,39.0,7.0,84.1,0.0
2021-10-27,southasia,6356.0,1035.0,897.0,1849.4,14.0,39.0,314.0,71.0,20.0,-32.7,5.0
2021-10-27,sudan,1744.0,346.0,278.0,6.9,4.0,17.0,164.0,16.0,9.0,-40.0,4.0
2021-10-27,taiwan,693.0,91.0,36.0,1339.7,0.0,2.0,27.0,228.0,61.0,238.2,9.0
2021-10-27,ukraine,939.0,101.0,126.0,1045.1,2.0,7.0,60.0,98.0,30.0,76.6,8.0
2021-10-27,venezuela,143.0,15.0,49.0,-144.7,0.0,0.0,39.0,24.0,8.0,-1.1,6.0
2021-10-27,yemen,324.0,55.0,34.0,501.5,3.0,0.0,12.0,45.0,21.0,-54.2,3.0
2021-10-28,drc,42.0,2.0,1.0,64.5,0.0,0.0,0.0,4.0,2.0,-0.4,2.0
2021-10-28,europe_east,1004.0,106.0,107.0,1594.7,2.0,2.0,63.0,56.0,23.0,-22.8,13.0
2021-10-28,iran,1371.0,146.0,148.0,2818.9,5.0,4.0,74.0,206.0,68.0,107.1,8.0
2021-10-28,israel,2694.0,461.0,337.0,1248.8,10.0,4.0,146.0,377.0,174.0,-386.6,15.0
2021-10-28,korea,784.0,67.0,97.0,800.4,0.0,2.0,55.0,76.0,27.0,-13.7,9.0
2021-10-28,libya,139.0,29.0,5.0,249.4,0.0,0.0,2.0,2.0,0.0,7.0,0.0
2021-10-28,scs,1553.0,168.0,175.0,1584.5,1.0,2.0,78.0,12.0,1.0,33.3,0.0
2021-10-28,southasia,6779.0,1033.0,1029.0,1626.0,14.0,16.0,470.0,31.0,19.0,-63.7,5.0
2021-10-28,sudan,1204.0,249.0,187.0,-168.7,3.0,2.0,120.0,16.0,10.0,-27.3,2.0
2021-10-28,taiwan,729.0,108.0,57.0,868.6,7.0,12.0,21.0,234.0,99.0,-166.5,13.0
2021-10-28,ukraine,748.0,76.0,116.0,629.4,3.0,0.0,60.0,79.0,19.0,57.0,6.0
2021-10-28,venezuela,192.0,18.0,14.0,245.3,0.0,2.0,11.0,48.0,9.0,25.5,4.0
2021-10-28,yemen,208.0,26.0,40.0,62.4,0.0,0.0,13.0,43.0,27.0,-131.3,9.0
2021-10-29,drc,26.0,7.0,3.0,-10.5,0.0,0.0,3.0,6.0,0.0,9.6,0.0
2021-10-29,europe_east,1089.0,125.0,130.0,1270.7,2.0,4.0,60.0,150.0,31.0,263.1,14.0
2021-10-29,iran,902.0,120.0,107.0,1590.1,3.0,0.0,62.0,120.0,35.0,57.8,0.0
2021-10-29,israel,2474.0,467.0,414.0,-176.9,5.0,2.0,228.0,309.0,174.0,-669.5,29.0
2021-10-29,korea,831.0,69.0,64.0,1318.2,0.0,0.0,33.0,92.0,9.0,236.9,1.0
2021-10-29,libya,166.0,11.0,29.0,167.3,0.0,1.0,13.0,3.0,3.0,-30.0,0.0
2021-10-29,scs,1722.0,156.0,214.0,1868.4,3.0,9.0,65.0,18.0,6.0,6.8,0.0
2021-10-29,southasia,5764.0,781.0,754.0,3701.9,6.0,33.0,362.0,9.0,0.0,38.4,0.0
2021-10-29,sudan,1062.0,248.0,191.0,-469.4,4.0,7.0,90.0,19.0,3.0,54.7,1.0
2021-10-29,taiwan,657.0,85.0,49.0,851.4,1.0,8.0,12.0,189.0,75.0,-106.4,5.0
2021-10-29,ukraine,948.0,101.0,149.0,603.3,0.0,7.0,75.0,90.0,30.0,-46.6,2.0
2021-10-29,venezuela,130.0,12.0,39.0,-136.0,0.0,0.0,21.0,11.0,1.0,15.0,1.0
2021-10-29,yemen,149.0,20.0,69.0,-558.0,0.0,0.0,15.0,26.0,11.0,-26.6,1.0
2021-10-30,drc,27.0,0.0,2.0,60.9,0.0,0.0,0.0,6.0,2.0,-5.9,0.0
2021-10-30,europe_east,382.0,61.0,50.0,193.6,2.0,1.0,24.0,41.0,13.0,29.5,8.0
2021-10-30,iran,1106.0,156.0,154.0,1125.2,2.0,6.0,68.0,243.0,89.0,21.8,6.0
2021-10-30,israel,1726.0,316.0,291.0,-110.8,0.0,1.0,158.0,253.0,160.0,-839.0,18.0
2021-10-30,korea,454.0,31.0,43.0,578.9,0.0,0.0,12.0,36.0,10.0,-11.3,0.0
2021-10-30,libya,135.0,3.0,10.0,404.8,0.0,0.0,5.0,2.0,2.0,-19.0,0.0
2021-10-30,scs,867.0,89.0,151.0,212.4,6.0,3.0,37.0,21.0,4.0,70.4,1.0
2021-10-30,southasia,4970.0,722.0,629.0,3364.8,8.0,44.0,296.0,8.0,3.0,11.0,1.0
2021-10-30,sudan,970.0,276.0,189.0,-1588.8,4.0,8.0,83.0,5.0,4.0,-25.5,1.0
2021-10-30,taiwan,455.0,58.0,37.0,689.9,6.0,7.0,11.0,135.0,67.0,-119.7,9.0
2021-10-30,ukraine,463.0,92.0,65.0,130.7,3.0,1.0,33.0,78.0,30.0,-9.0,8.0
2021-10-30,venezuela,50.0,3.0,27.0,-134.4,0.0,0.0,12.0,1.0,1.0,-9.5,0.0
2021-10-30,yemen,354.0,52.0,116.0,-615.9,3.0,0.0,35.0,60.0,30.0,-78.3,3.0
2021-10-31,drc,83.0,4.0,9.0,113.9,0.0,0.0,4.0,8.0,5.0,-39.4,0.0
2021-10-31,europe_east,392.0,47.0,87.0,-33.2,1.0,0.0,30.0,6.0,3.0,-27.0,0.0
2021-10-31,iran,1341.0,248.0,234.0,138.4,5.0,13.0,78.0,394.0,211.0,-663.6,23.0
2021-10-31,israel,2697.0,481.0,498.0,-911.3,12.0,3.0,187.0,452.0,269.0,-1287.1,18.0
2021-10-31,korea,646.0,54.0,54.0,1015.8,3.0,0.0,20.0,80.0,13.0,99.1,4.0
2021-10-31,libya,467.0,41.0,79.0,301.8,4.0,0.0,17.0,0.0,0.0,0.0,0.0
2021-10-31,scs,1289.0,139.0,233.0,75.8,3.0,5.0,49.0,36.0,6.0,93.8,0.0
2021-10-31,southasia,4390.0,635.0,535.0,3337.6,7.0,19.0,276.0,10.0,2.0,10.7,0.0
2021-10-31,sudan,1250.0,190.0,301.0,-1120.7,0.0,2.0,140.0,2.0,0.0,8.0,0.0
2021-10-31,taiwan,515.0,59.0,36.0,903.6,8.0,1.0,4.0,195.0,88.0,-143.4,23.0
2021-10-31,ukraine,249.0,28.0,41.0,106.4,1.0,1.0,20.0,84.0,29.0,36.9,5.0
2021-10-31,venezuela,45.0,7.0,9.0,19.8,0.0,0.0,4.0,10.0,0.0,29.6,0.0
2021-10-31,yemen,408.0,70.0,97.0,-354.7,1.0,0.0,23.0,53.0,23.0,-84.0,0.0
2021-11-01,drc,52.0,0.0,6.0,111.5,0.0,0.0,2.0,0.0,0.0,0.0,0.0
2021-11-01,europe_east,703.0,78.0,54.0,1087.8,0.0,2.0,14.0,31.0,9.0,58.8,0.0
2021-11-01,iran,1066.0,174.0,155.0,602.7,10.0,4.0,51.0,240.0,101.0,-72.7,7.0
2021-11-01,israel,2719.0,436.0,472.0,411.2,11.0,3.0,221.0,332.0,171.0,-575.1,29.0
2021-11-01,korea,698.0,55.0,55.0,1809.9,0.0,4.0,20.0,89.0,6.0,456.1,1.0
2021-11-01,libya,157.0,14.0,11.0,350.3,0.0,1.0,2.0,2.0,1.0,6.3,0.0
2021-11-01,scs,1589.0,132.0,219.0,1333.1,1.0,2.0,66.0,58.0,28.0,-79.3,2.0
2021-11-01,southasia,5114.0,679.0,639.0,4115.9,9.0,23.0,306.0,31.0,11.0,-16.3,2.0
2021-11-01,sudan,971.0,187.0,203.0,-393.2,0.0,3.0,106.0,11.0,1.0,48.5,0.0
2021-11-01,taiwan,416.0,52.0,31.0,574.3,1.0,2.0,15.0,163.0,62.0,13.9,7.0
2021-11-01,ukraine,746.0,104.0,87.0,598.6,0.0,8.0,41.0,109.0,45.0,-56.3,8.0
2021-11-01,venezuela,200.0,37.0,52.0,-174.6,0.0,0.0,46.0,69.0,54.0,-240.8,14.0
2021-11-01,yemen,358.0,41.0,126.0,-879.4,0.0,0.0,18.0,85.0,25.0,31.4,9.0
2021-11-02,drc,39.0,8.0,3.0,34.4,0.0,0.0,0.0,1.0,1.0,-8.0,0.0
2021-11-02,europe_east,724.0,93.0,86.0,546.2,2.0,0.0,28.0,48.0,32.0,-176.2,11.0
2021-11-02,iran,828.0,98.0,110.0,795.6,5.0,3.0,51.0,146.0,55.0,23.4,3.0
2021-11-02,israel,3286.0,524.0,471.0,1643.9,14.0,4.0,248.0,340.0,162.0,-460.0,21.0
2021-11-02,korea,651.0,90.0,38.0,1395.6,2.0,0.0,18.0,157.0,28.0,482.3,2.0
2021-11-02,libya,189.0,12.0,20.0,340.5,0.0,1.0,6.0,0.0,0.0,0.0,0.0
2021-11-02,scs,1781.0,170.0,237.0,1180.1,0.0,0.0,79.0,33.0,19.0,-56.0,5.0
2021-11-02,southasia,5266.0,729.0,639.0,4276.0,8.0,10.0,308.0,36.0,15.0,-20.9,1.0
2021-11-02,sudan,967.0,156.0,150.0,1.7,0.0,1.0,85.0,4.0,0.0,6.5,0.0
2021-11-02,taiwan,397.0,48.0,45.0,262.4,2.0,0.0,16.0,111.0,43.0,-93.0,1.0
2021-11-02,ukraine,870.0,89.0,108.0,816.1,2.0,14.0,37.0,181.0,97.0,-411.8,25.0
2021-11-02,venezuela,150.0,30.0,33.0,54.6,0.0,0.0,26.0,29.0,23.0,-56.0,4.0
2021-11-02,yemen,205.0,13.0,82.0,-494.3,0.0,2.0,8.0,50.0,20.0,-55.5,0.0
2021-11-03,drc,61.0,7.0,19.0,-87.1,0.0,0.0,2.0,4.0,4.0,-32.0,0.0
2021-11-03,europe_east,1005.0,133.0,121.0,974.5,0.0,5.0,31.0,208.0,88.0,-19.7,21.0
2021-11-03,iran,1160.0,172.0,181.0,543.2,6.0,1.0,91.0,260.0,111.0,-100.8,10.0
2021-11-03,israel,2934.0,494.0,441.0,24.3,19.0,2.0,152.0,450.0,273.0,-1469.6,31.0
2021-11-03,korea,704.0,67.0,64.0,1230.3,1.0,5.0,36.0,93.0,14.0,192.0,1.0
2021-11-03,libya,239.0,17.0,32.0,382.6,0.0,0.0,15.0,1.0,0.0,3.0,0.0
2021-11-03,scs,1703.0,175.0,230.0,1331.8,0.0,5.0,83.0,31.0,6.0,17.9,2.0
2021-11-03,southasia,5459.0,731.0,655.0,4706.7,10.0,10.0,306.0,62.0,43.0,-95.3,2.0
2021-11-03,sudan,743.0,117.0,81.0,679.8,2.0,0.0,35.0,5.0,0.0,10.8,0.0
2021-11-03,taiwan,723.0,57.0,39.0,1270.5,4.0,6.0,13.0,222.0,86.0,-10.1,16.0
2021-11-03,ukraine,907.0,141.0,133.0,477.5,0.0,12.0,64.0,75.0,42.0,-111.1,17.0
2021-11-03,venezuela,145.0,16.0,10.0,149.7,0.0,0.0,3.0,10.0,7.0,-15.6,0.0
2021-11-03,yemen,224.0,28.0,56.0,-90.4,1.0,0.0,16.0,41.0,11.0,39.9,2.0
2021-11-04,drc,25.0,3.0,11.0,-29.6,0.0,4.0,1.0,1.0,1.0,-2.0,0.0
2021-11-04,europe_east,925.0,133.0,106.0,980.2,1.0,7.0,52.0,193.0,95.0,-122.8,25.0
2021-11-04,iran,1462.0,198.0,203.0,936.7,2.0,2.0,75.0,358.0,132.0,-157.7,8.0
2021-11-04,israel,3010.0,518.0,377.0,1565.3,12.0,4.0,199.0,355.0,160.0,-506.2,31.0
2021-11-04,korea,763.0,74.0,77.0,1257.7,0.0,6.0,39.0,70.0,10.0,173.7,1.0
2021-11-04,libya,226.0,16.0,18.0,393.9,0.0,0.0,6.0,2.0,0.0,6.8,0.0
2021-11-04,scs,1707.0,168.0,196.0,2198.8,3.0,6.0,78.0,45.0,7.0,136.3,0.0
2021-11-04,southasia,3704.0,460.0,447.0,2817.4,1.0,12.0,198.0,39.0,25.0,-41.0,2.0
2021-11-04,sudan,784.0,130.0,98.0,692.0,0.0,0.0,60.0,6.0,1.0,6.8,1.0
2021-11-04,taiwan,767.0,79.0,59.0,1038.7,7.0,2.0,24.0,212.0,64.0,15.9,15.0
2021-11-04,ukraine,951.0,117.0,122.0,797.3,1.0,16.0,51.0,114.0,45.0,-111.8,15.0
2021-11-04,venezuela,231.0,18.0,26.0,278.4,0.0,0.0,13.0,20.0,4.0,6.0,3.0
2021-11-04,yemen,237.0,26.0,47.0,100.9,1.0,0.0,9.0,66.0,9.0,132.8,0.0
2021-11-05,drc,31.0,2.0,6.0,25.3,0.0,0.0,2.0,3.0,0.0,14.4,0.0
2021-11-05,europe_east,881.0,144.0,85.0,758.6,1.0,6.0,36.0,123.0,41.0,29.0,10.0
2021-11-05,iran,999.0,149.0,145.0,970.9,6.0,3.0,54.0,135.0,50.0,70.6,4.0
2021-11-05,israel,2397.0,417.0,394.0,400.8,3.0,3.0,163.0,398.0,230.0,-1108.9,19.0
2021-11-05,korea,733.0,75.0,72.0,1247.9,1.0,3.0,35.0,82.0,19.0,178.4,5.0
2021-11-05,libya,169.0,11.0,32.0,135.0,1.0,2.0,13.0,0.0,0.0,0.0,0.0
2021-11-05,scs,1470.0,160.0,124.0,2455.9,0.0,5.0,35.0,21.0,10.0,-35.4,0.0
2021-11-05,southasia,4403.0,584.0,549.0,2739.8,8.0,12.0,240.0,41.0,11.0,27.9,6.0
2021-11-05,sudan,919.0,131.0,142.0,622.5,1.0,1.0,82.0,8.0,0.0,16.4,0.0
2021-11-05,taiwan,829.0,114.0,61.0,1137.7,3.0,5.0,25.0,264.0,90.0,121.3,16.0
2021-11-05,ukraine,838.0,114.0,88.0,1023.7,1.0,4.0,40.0,126.0,54.0,-107.2,9.0
2021-11-05,venezuela,225.0,43.0,25.0,93.1,0.0,2.0,16.0,15.0,3.0,15.7,0.0
2021-11-05,yemen,146.0,15.0,26.0,54.1,4.0,0.0,2.0,38.0,14.0,-27.9,2.0
2021-11-06,drc,10.0,0.0,0.0,6.9,0.0,0.0,0.0,0.0,0.0,0.0,0.0
2021-11-06,europe_east,425.0,60.0,55.0,241.4,1.0,4.0,21.0,78.0,42.0,-133.4,12.0
2021-11-06,iran,820.0,144.0,127.0,530.2,3.0,1.0,52.0,73.0,22.0,35.3,2.0
2021-11-06,israel,1217.0,188.0,240.0,-567.9,4.0,2.0,87.0,247.0,145.0,-785.9,16.0
2021-11-06,korea,296.0,29.0,39.0,325.7,1.0,4.0,17.0,29.0,12.0,-43.9,3.0
2021-11-06,libya,119.0,13.0,27.0,39.8,0.0,0.0,15.0,0.0,0.0,0.0,0.0
2021-11-06,scs,798.0,74.0,80.0,935.6,0.0,1.0,42.0,12.0,6.0,-19.2,1.0
2021-11-06,southasia,3943.0,711.0,496.0,1177.8,4.0,8.0,196.0,38.0,12.0,-35.0,6.0
2021-11-06,sudan,401.0,69.0,43.0,372.2,0.0,0.0,29.0,3.0,2.0,-8.6,0.0
2021-11-06,taiwan,453.0,53.0,53.0,523.4,1.0,3.0,29.0,172.0,89.0,-251.0,18.0
2021-11-06,ukraine,344.0,46.0,52.0,163.4,0.0,7.0,23.0,97.0,27.0,-34.2,13.0
2021-11-06,venezuela,70.0,15.0,10.0,22.5,0.0,0.0,7.0,2.0,0.0,0.8,0.0
2021-11-06,yemen,84.0,9.0,36.0,-220.9,0.0,0.0,2.0,27.0,20.0,-105.0,0.0
2021-11-07,drc,11.0,0.0,1.0,15.5,0.0,0.0,1.0,0.0,0.0,0.0,0.0
2021-11-07,europe_east,428.0,72.0,46.0,307.9,1.0,0.0,17.0,70.0,35.0,-120.9,5.0
2021-11-07,iran,1113.0,227.0,209.0,20.3,7.0,5.0,45.0,149.0,102.0,-397.7,3.0
2021-11-07,israel,1885.0,342.0,337.0,-478.9,3.0,0.0,125.0,302.0,142.0,-436.9,14.0
2021-11-07,korea,571.0,55.0,50.0,1117.6,1.0,5.0,11.0,63.0,26.0,3.6,3.0
2021-11-07,libya,323.0,48.0,66.0,45.0,0.0,2.0,29.0,0.0,0.0,0.0,0.0
2021-11-07,scs,889.0,66.0,96.0,1343.6,0.0,4.0,38.0,29.0,7.0,90.4,0.0
2021-11-07,southasia,4385.0,706.0,617.0,831.3,10.0,25.0,209.0,72.0,50.0,-334.3,10.0
2021-11-07,sudan,496.0,97.0,77.0,-98.3,1.0,0.0,51.0,5.0,2.0,-1.1,0.0
2021-11-07,taiwan,253.0,30.0,16.0,379.7,1.0,2.0,8.0,61.0,24.0,-34.6,8.0
2021-11-07,ukraine,380.0,69.0,72.0,-27.0,1.0,3.0,21.0,91.0,22.0,85.2,5.0
2021-11-07,venezuela,71.0,32.0,11.0,-103.9,0.0,0.0,3.0,10.0,2.0,-10.2,2.0
2021-11-07,yemen,112.0,6.0,45.0,-289.5,0.0,0.0,0.0,27.0,15.0,-119.5,0.0
2021-11-08,drc,71.0,5.0,32.0,-188.8,0.0,0.0,10.0,32.0,22.0,-163.2,4.0
2021-11-08,europe_east,1616.0,300.0,303.0,-112.4,8.0,44.0,134.0,260.0,153.0,-355.0,33.0
2021-11-08,iran,1433.0,289.0,258.0,-515.3,4.0,6.0,76.0,227.0,143.0,-373.4,15.0
2021-11-08,israel,2719.0,460.0,412.0,278.8,11.0,0.0,167.0,411.0,231.0,-1081.8,29.0
2021-11-08,korea,720.0,49.0,70.0,1525.6,1.0,0.0,46.0,37.0,10.0,8.7,0.0
2021-11-08,libya,269.0,21.0,48.0,144.9,0.0,0.0,9.0,2.0,0.0,4.7,0.0
2021-11-08,scs,1426.0,135.0,147.0,1934.0,1.0,4.0,87.0,22.0,5.0,35.1,3.0
2021-11-08,southasia,6121.0,871.0,926.0,1593.6,2.0,20.0,351.0,55.0,24.0,-119.5,0.0
2021-11-08,sudan,654.0,130.0,109.0,-24.4,2.0,3.0,67.0,10.0,3.0,15.2,0.0
2021-11-08,taiwan,399.0,62.0,52.0,157.2,5.0,4.0,12.0,113.0,41.0,6.5,6.0
2021-11-08,ukraine,1474.0,306.0,221.0,-180.8,1.0,18.0,106.0,166.0,53.0,-4.2,15.0
2021-11-08,venezuela,182.0,14.0,36.0,90.3,0.0,0.0,16.0,46.0,14.0,44.6,6.0
2021-11-08,yemen,248.0,15.0,54.0,-30.5,0.0,0.0,18.0,41.0,11.0,-3.6,2.0
2021-11-09,drc,22.0,5.0,6.0,-59.6,0.0,0.0,3.0,38.0,24.0,-173.3,0.0
2021-11-09,europe_east,2843.0,477.0,529.0,-395.3,7.0,44.0,209.0,672.0,401.0,-1530.5,81.0
2021-11-09,iran,1207.0,189.0,228.0,-67.2,19.0,9.0,66.0,173.0,76.0,-55.1,13.0
2021-11-09,israel,3037.0,438.0,458.0,1200.1,7.0,7.0,213.0,434.0,221.0,-792.7,39.0
2021-11-09,korea,612.0,51.0,50.0,1014.0,0.0,1.0,21.0,71.0,8.0,155.9,0.0
2021-11-09,libya,154.0,8.0,28.0,92.8,0.0,0.0,5.0,0.0,0.0,0.0,0.0
2021-11-09,scs,1890.0,206.0,206.0,2155.9,13.0,5.0,99.0,27.0,2.0,43.4,0.0
2021-11-09,southasia,6820.0,906.0,774.0,6862.3,13.0,13.0,280.0,43.0,10.0,39.0,0.0
2021-11-09,sudan,427.0,76.0,62.0,-107.1,4.0,3.0,35.0,7.0,3.0,-10.4,1.0
2021-11-09,taiwan,541.0,86.0,48.0,455.1,1.0,3.0,13.0,175.0,87.0,-255.4,11.0
2021-11-09,ukraine,2488.0,514.0,411.0,-753.6,16.0,18.0,205.0,125.0,65.0,-164.6,15.0
2021-11-09,venezuela,145.0,18.0,31.0,-14.2,0.0,0.0,8.0,12.0,0.0,28.2,0.0
2021-11-09,yemen,162.0,23.0,47.0,-192.7,0.0,0.0,15.0,39.0,13.0,-47.6,0.0
2021-11-10,drc,17.0,1.0,1.0,44.9,0.0,0.0,1.0,15.0,3.0,2.2,0.0
2021-11-10,europe_east,2311.0,467.0,366.0,16.1,5.0,20.0,182.0,671.0,384.0,-1377.4,57.0
2021-11-10,iran,1309.0,171.0,214.0,327.3,8.0,0.0,72.0,257.0,114.0,-232.9,11.0
2021-11-10,israel,3262.0,578.0,476.0,208.4,9.0,8.0,183.0,512.0,289.0,-1372.2,36.0
2021-11-10,korea,729.0,73.0,49.0,1250.0,6.0,2.0,25.0,58.0,5.0,201.7,3.0
2021-11-10,libya,284.0,37.0,56.0,-94.8,0.0,0.0,22.0,0.0,0.0,0.0,0.0
2021-11-10,scs,1720.0,142.0,153.0,2608.5,5.0,3.0,51.0,55.0,9.0,100.4,2.0
2021-11-10,southasia,7411.0,953.0,809.0,6764.6,10.0,36.0,342.0,54.0,14.0,63.8,2.0
2021-11-10,sudan,369.0,66.0,51.0,102.6,0.0,3.0,33.0,0.0,0.0,0.0,0.0
2021-11-10,taiwan,713.0,87.0,70.0,959.2,3.0,4.0,27.0,231.0,117.0,-240.4,19.0
2021-11-10,ukraine,2298.0,485.0,363.0,-511.9,3.0,16.0,160.0,222.0,73.0,27.9,17.0
2021-11-10,venezuela,190.0,11.0,42.0,24.7,0.0,0.0,28.0,68.0,47.0,-216.1,17.0
2021-11-10,yemen,246.0,32.0,123.0,-1028.2,5.0,0.0,12.0,35.0,26.0,-224.2,0.0
2021-11-11,drc,50.0,2.0,2.0,100.7,0.0,0.0,0.0,4.0,2.0,-10.0,2.0
2021-11-11,europe_east,1983.0,331.0,298.0,-158.6,13.0,23.0,129.0,600.0,253.0,-513.4,26.0
2021-11-11,iran,1719.0,250.0,209.0,1685.1,8.0,0.0,110.0,242.0,100.0,-73.8,9.0
2021-11-11,israel,3331.0,607.0,524.0,-77.8,7.0,14.0,236.0,596.0,271.0,-622.7,36.0
2021-11-11,korea,757.0,81.0,82.0,1082.0,2.0,0.0,30.0,73.0,12.0,153.4,1.0
2021-11-11,libya,314.0,31.0,32.0,318.5,1.0,3.0,11.0,0.0,0.0,0.0,0.0
2021-11-11,scs,2431.0,199.0,232.0,4445.0,8.0,7.0,77.0,38.0,3.0,77.2,0.0
2021-11-11,southasia,6622.0,809.0,742.0,6780.0,2.0,36.0,286.0,34.0,10.0,12.4,5.0
2021-11-11,sudan,649.0,101.0,117.0,30.9,3.0,2.0,75.0,8.0,2.0,38.0,2.0
2021-11-11,taiwan,693.0,117.0,64.0,715.6,5.0,5.0,41.0,182.0,84.0,-173.8,15.0
2021-11-11,ukraine,2686.0,452.0,368.0,504.9,15.0,38.0,161.0,278.0,96.0,-158.0,26.0
2021-11-11,venezuela,198.0,10.0,34.0,110.9,0.0,0.0,20.0,56.0,37.0,-160.1,13.0
2021-11-11,yemen,442.0,62.0,110.0,-205.4,1.0,0.0,27.0,88.0,29.0,-25.3,4.0
2021-11-12,drc,20.0,0.0,5.0,-40.6,0.0,0.0,0.0,4.0,0.0,0.0,0.0
2021-11-12,europe_east,1936.0,324.0,296.0,652.3,10.0,52.0,113.0,587.0,262.0,-231.0,47.0
2021-11-12,iran,1260.0,150.0,197.0,1256.6,12.0,0.0,89.0,167.0,65.0,-124.0,6.0
2021-11-12,israel,2083.0,321.0,310.0,359.0,6.0,8.0,130.0,271.0,114.0,-252.3,16.0
2021-11-12,korea,538.0,61.0,49.0,816.3,0.0,0.0,27.0,31.0,5.0,52.6,0.0
2021-11-12,libya,397.0,53.0,40.0,417.8,0.0,0.0,8.0,3.0,3.0,-22.0,0.0
2021-11-12,scs,1716.0,162.0,143.0,2602.3,7.0,3.0,55.0,26.0,6.0,62.6,2.0
2021-11-12,southasia,5954.0,865.0,673.0,4562.0,6.0,17.0,292.0,35.0,10.0,3.6,2.0
2021-11-12,sudan,676.0,109.0,107.0,111.1,3.0,0.0,65.0,14.0,1.0,50.6,0.0
2021-11-12,taiwan,533.0,46.0,49.0,863.5,6.0,1.0,36.0,79.0,28.0,-39.5,7.0
2021-11-12,ukraine,2888.0,671.0,407.0,-169.9,33.0,47.0,164.0,410.0,195.0,-510.0,41.0
2021-11-12,venezuela,275.0,42.0,59.0,-90.5,4.0,0.0,27.0,26.0,15.0,-52.0,4.0
2021-11-12,yemen,349.0,61.0,74.0,-190.5,5.0,0.0,31.0,63.0,30.0,-98.4,11.0
2021-11-13,drc,43.0,7.0,0.0,65.2,0.0,0.0,0.0,13.0,0.0,30.1,0.0
2021-11-13,europe_east,1434.0,240.0,250.0,224.4,3.0,25.0,114.0,362.0,162.0,-183.4,41.0
2021-11-13,iran,1011.0,207.0,134.0,547.2,5.0,3.0,73.0,96.0,31.0,-4.7,1.0
2021-11-13,israel,1073.0,177.0,204.0,-236.7,0.0,2.0,107.0,125.0,56.0,-211.4,5.0
2021-11-13,korea,244.0,20.0,26.0,287.3,1.0,0.0,11.0,19.0,3.0,58.9,0.0
2021-11-13,libya,196.0,31.0,10.0,292.2,0.0,1.0,3.0,0.0,0.0,0.0,0.0
2021-11-13,scs,973.0,90.0,84.0,1514.2,0.0,3.0,51.0,52.0,1.0,196.0,0.0
2021-11-13,southasia,5165.0,778.0,834.0,137.7,11.0,28.0,278.0,5.0,4.0,-23.0,1.0
2021-11-13,sudan,531.0,105.0,158.0,-912.3,0.0,6.0,75.0,6.0,5.0,-30.0,1.0
2021-11-13,taiwan,426.0,49.0,25.0,606.7,0.0,0.0,19.0,107.0,48.0,-24.0,2.0
2021-11-13,ukraine,1637.0,297.0,272.0,138.0,4.0,20.0,97.0,180.0,102.0,-402.3,19.0
2021-11-13,venezuela,101.0,5.0,26.0,-69.6,1.0,0.0,3.0,1.0,0.0,3.0,0.0
2021-11-13,yemen,214.0,35.0,60.0,-244.1,0.0,0.0,9.0,61.0,30.0,-152.4,1.0
2021-11-14,drc,17.0,3.0,1.0,40.0,0.0,0.0,0.0,0.0,0.0,0.0,0.0
2021-11-14,europe_east,1104.0,175.0,191.0,156.8,1.0,18.0,96.0,260.0,116.0,-204.7,41.0
2021-11-14,iran,596.0,88.0,87.0,324.8,1.0,0.0,42.0,100.0,49.0,-161.1,3.0
2021-11-14,israel,1955.0,272.0,319.0,354.5,8.0,2.0,118.0,303.0,136.0,-428.3,21.0
2021-11-14,korea,389.0,34.0,41.0,630.2,0.0,1.0,14.0,25.0,11.0,13.9,0.0
2021-11-14,libya,346.0,30.0,70.0,156.7,3.0,1.0,28.0,0.0,0.0,0.0,0.0
2021-11-14,scs,962.0,80.0,78.0,1624.6,0.0,0.0,42.0,20.0,7.0,9.6,2.0
2021-11-14,southasia,4686.0,578.0,753.0,1299.5,11.0,27.0,237.0,24.0,12.0,-63.2,3.0
2021-11-14,sudan,580.0,155.0,176.0,-1425.2,0.0,7.0,85.0,7.0,6.0,-24.5,2.0
2021-11-14,taiwan,449.0,45.0,42.0,551.1,0.0,1.0,12.0,168.0,50.0,141.3,7.0
2021-11-14,ukraine,1059.0,234.0,172.0,-199.5,15.0,11.0,101.0,90.0,65.0,-390.6,18.0
2021-11-14,venezuela,126.0,6.0,30.0,-34.3,1.0,0.0,7.0,23.0,11.0,-17.0,5.0
2021-11-14,yemen,189.0,20.0,70.0,-381.7,0.0,2.0,8.0,25.0,11.0,-18.0,3.0
2021-11-15,drc,31.0,2.0,1.0,64.8,0.0,0.0,0.0,2.0,2.0,-20.0,0.0
2021-11-15,europe_east,2174.0,351.0,337.0,377.9,1.0,47.0,167.0,426.0,167.0,-77.5,56.0
2021-11-15,iran,1080.0,129.0,178.0,420.5,8.0,0.0,95.0,201.0,75.0,29.8,8.0
2021-11-15,israel,3013.0,379.0,432.0,1733.3,4.0,1.0,211.0,387.0,139.0,-156.9,22.0
2021-11-15,korea,575.0,45.0,83.0,597.2,1.0,13.0,29.0,84.0,28.0,-40.4,2.0
2021-11-15,libya,353.0,42.0,71.0,48.0,2.0,0.0,37.0,1.0,0.0,3.0,0.0
2021-11-15,scs,1688.0,163.0,136.0,3003.8,0.0,6.0,93.0,27.0,8.0,-36.7,0.0
2021-11-15,southasia,5884.0,832.0,788.0,3138.6,8.0,10.0,355.0,42.0,12.0,11.8,7.0
2021-11-15,sudan,486.0,119.0,116.0,-680.4,0.0,1.0,64.0,6.0,3.0,7.5,2.0
2021-11-15,taiwan,529.0,38.0,40.0,947.7,3.0,0.0,18.0,117.0,37.0,-13.4,7.0
2021-11-15,ukraine,2541.0,498.0,387.0,-34.7,9.0,57.0,164.0,303.0,149.0,-602.3,40.0
2021-11-15,venezuela,162.0,28.0,27.0,-8.8,0.0,0.0,22.0,38.0,24.0,-74.2,0.0
2021-11-15,yemen,242.0,19.0,71.0,-193.5,1.0,1.0,6.0,40.0,20.0,-61.2,4.0
2021-11-16,drc,3.0,1.0,0.0,-3.2,1.0,0.0,0.0,12.0,10.0,-88.0,0.0
2021-11-16,europe_east,1941.0,344.0,310.0,-3.7,3.0,32.0,110.0,447.0,187.0,-296.0,19.0
2021-11-16,iran,1262.0,179.0,167.0,697.4,7.0,0.0,84.0,227.0,71.0,49.2,7.0
2021-11-16,israel,3037.0,322.0,451.0,1644.6,13.0,2.0,211.0,478.0,198.0,-695.6,34.0
2021-11-16,korea,688.0,66.0,61.0,888.1,1.0,3.0,26.0,98.0,15.0,204.7,0.0
2021-11-16,libya,423.0,89.0,96.0,-382.0,3.0,0.0,20.0,4.0,3.0,-22.0,0.0
2021-11-16,scs,1813.0,170.0,201.0,2881.6,3.0,8.0,72.0,36.0,14.0,-83.1,0.0
2021-11-16,southasia,6226.0,875.0,869.0,3528.8,9.0,4.0,350.0,71.0,20.0,43.5,7.0
2021-11-16,sudan,483.0,77.0,116.0,-136.5,0.0,3.0,52.0,16.0,5.0,57.4,0.0
2021-11-16,taiwan,619.0,114.0,42.0,497.4,5.0,2.0,18.0,199.0,81.0,-159.1,19.0
2021-11-16,ukraine,2048.0,347.0,311.0,86.1,2.0,30.0,133.0,251.0,112.0,-440.9,29.0
2021-11-16,venezuela,196.0,26.0,73.0,-332.2,0.0,2.0,45.0,28.0,16.0,-35.8,5.0
2021-11-16,yemen,251.0,42.0,58.0,-197.6,0.0,2.0,6.0,46.0,19.0,-23.6,0.0
2021-11-17,drc,62.0,8.0,10.0,6.6,0.0,0.0,2.0,5.0,5.0,-34.0,0.0
2021-11-17,europe_east,1754.0,295.0,365.0,-1060.1,3.0,16.0,101.0,372.0,235.0,-768.1,34.0
2021-11-17,iran,1399.0,202.0,144.0,1568.2,6.0,1.0,80.0,261.0,90.0,62.2,11.0
2021-11-17,israel,3721.0,499.0,571.0,1201.5,6.0,8.0,230.0,597.0,261.0,-909.7,32.0
2021-11-17,korea,618.0,64.0,86.0,444.3,3.0,0.0,27.0,36.0,15.0,-36.7,5.0
2021-11-17,libya,263.0,33.0,50.0,15.9,1.0,0.0,19.0,0.0,0.0,0.0,0.0
2021-11-17,scs,2090.0,200.0,222.0,2827.3,1.0,0.0,88.0,59.0,16.0,70.7,0.0
2021-11-17,southasia,6947.0,913.0,936.0,3709.3,6.0,27.0,397.0,26.0,12.0,-24.1,6.0
2021-11-17,sudan,925.0,153.0,201.0,-398.8,2.0,6.0,97.0,7.0,1.0,10.8,0.0
2021-11-17,taiwan,573.0,82.0,47.0,636.0,7.0,1.0,23.0,167.0,62.0,-40.2,12.0
2021-11-17,ukraine,1745.0,320.0,268.0,270.9,5.0,15.0,99.0,159.0,81.0,-172.0,15.0
2021-11-17,venezuela,209.0,32.0,57.0,-230.9,0.0,5.0,29.0,43.0,28.0,-114.1,21.0
2021-11-17,yemen,229.0,27.0,40.0,89.8,1.0,0.0,17.0,55.0,24.0,-33.6,2.0
2021-11-18,drc,10.0,0.0,9.0,-82.8,0.0,0.0,0.0,4.0,2.0,-11.6,0.0
2021-11-18,europe_east,1853.0,276.0,310.0,291.5,5.0,17.0,103.0,410.0,207.0,-590.8,21.0
2021-11-18,iran,1352.0,180.0,234.0,376.3,5.0,0.0,131.0,286.0,109.0,6.6,20.0
2021-11-18,israel,3855.0,524.0,539.0,2203.7,10.0,5.0,277.0,559.0,247.0,-646.4,63.0
2021-11-18,korea,761.0,82.0,59.0,983.4,2.0,1.0,26.0,47.0,10.0,11.5,0.0
2021-11-18,libya,340.0,54.0,40.0,216.1,2.0,0.0,16.0,0.0,0.0,0.0,0.0
2021-11-18,scs,1886.0,275.0,138.0,2704.8,2.0,0.0,67.0,258.0,144.0,-184.8,6.0
2021-11-18,southasia,7084.0,1026.0,973.0,2777.7,13.0,14.0,437.0,60.0,23.0,-57.5,6.0
2021-11-18,sudan,807.0,148.0,222.0,-1082.5,3.0,5.0,102.0,4.0,4.0,-17.0,3.0
2021-11-18,taiwan,526.0,57.0,47.0,755.8,1.0,2.0,24.0,131.0,49.0,-31.3,10.0
2021-11-18,ukraine,2457.0,407.0,347.0,1176.5,14.0,25.0,142.0,268.0,136.0,-335.3,30.0
2021-11-18,venezuela,197.0,23.0,31.0,154.3,0.0,0.0,16.0,26.0,7.0,32.7,0.0
2021-11-18,yemen,224.0,32.0,49.0,-49.1,0.0,0.0,18.0,94.0,30.0,-9.6,7.0
2021-11-19,drc,44.0,10.0,17.0,-152.1,0.0,0.0,2.0,17.0,7.0,-11.6,3.0
2021-11-19,europe_east,1609.0,268.0,276.0,289.7,2.0,6.0,85.0,373.0,188.0,-586.1,14.0
2021-11-19,iran,1100.0,246.0,219.0,-788.6,6.0,2.0,117.0,176.0,85.0,-264.2,11.0
2021-11-19,israel,2445.0,317.0,390.0,685.1,2.0,2.0,181.0,378.0,192.0,-722.0,30.0
2021-11-19,korea,613.0,64.0,58.0,848.1,4.0,0.0,25.0,12.0,7.0,-23.6,0.0
2021-11-19,libya,135.0,11.0,28.0,104.7,0.0,0.0,15.0,0.0,0.0,0.0,0.0
2021-11-19,scs,1705.0,233.0,194.0,1476.1,2.0,9.0,73.0,111.0,44.0,37.8,0.0
2021-11-19,southasia,6488.0,1066.0,820.0,2421.2,11.0,20.0,320.0,41.0,14.0,-29.0,1.0
2021-11-19,sudan,705.0,145.0,115.0,120.0,4.0,2.0,64.0,8.0,3.0,1.2,2.0
2021-11-19,taiwan,541.0,88.0,65.0,616.3,3.0,4.0,28.0,108.0,58.0,-100.4,9.0
2021-11-19,ukraine,2065.0,374.0,336.0,-89.3,5.0,23.0,130.0,296.0,125.0,-289.3,43.0
2021-11-19,venezuela,233.0,32.0,31.0,103.8,0.0,0.0,23.0,28.0,9.0,27.7,2.0
2021-11-19,yemen,194.0,35.0,59.0,-273.9,1.0,0.0,19.0,50.0,21.0,-55.3,3.0
2021-11-20,drc,19.0,4.0,1.0,13.0,0.0,0.0,0.0,2.0,0.0,2.0,0.0
2021-11-20,europe_east,752.0,123.0,134.0,-20.2,0.0,7.0,45.0,169.0,90.0,-257.6,13.0
2021-11-20,iran,707.0,127.0,114.0,-193.8,1.0,6.0,49.0,171.0,54.0,5.9,8.0
2021-11-20,israel,1507.0,217.0,266.0,-97.4,15.0,4.0,103.0,249.0,139.0,-716.6,27.0
2021-11-20,korea,283.0,41.0,28.0,393.8,0.0,0.0,18.0,22.0,12.0,-29.8,0.0
2021-11-20,libya,166.0,21.0,23.0,132.5,2.0,0.0,2.0,0.0,0.0,0.0,0.0
2021-11-20,scs,1147.0,127.0,115.0,1183.7,4.0,0.0,46.0,75.0,34.0,-52.4,4.0
2021-11-20,southasia,4785.0,721.0,580.0,2742.6,8.0,5.0,261.0,14.0,5.0,-24.9,0.0
2021-11-20,sudan,251.0,59.0,54.0,-200.3,5.0,0.0,27.0,0.0,0.0,0.0,0.0
2021-11-20,taiwan,311.0,51.0,18.0,417.8,1.0,0.0,4.0,53.0,31.0,-80.8,5.0
2021-11-20,ukraine,877.0,156.0,154.0,-305.0,6.0,13.0,45.0,145.0,64.0,-259.3,14.0
2021-11-20,venezuela,83.0,12.0,6.0,67.4,0.0,0.0,3.0,7.0,0.0,11.8,0.0
2021-11-20,yemen,163.0,33.0,47.0,-223.9,2.0,0.0,12.0,57.0,38.0,-202.1,9.0
2021-11-21,drc,9.0,0.0,4.0,-37.6,0.0,0.0,0.0,2.0,0.0,1.0,0.0
2021-11-21,europe_east,1216.0,192.0,114.0,998.9,0.0,4.0,39.0,217.0,99.0,-275.3,6.0
2021-11-21,iran,863.0,136.0,153.0,175.7,1.0,3.0,55.0,217.0,72.0,-44.9,2.0
2021-11-21,israel,2421.0,326.0,642.0,-2493.8,16.0,4.0,147.0,463.0,259.0,-1529.6,31.0
2021-11-21,korea,356.0,41.0,31.0,377.2,0.0,0.0,10.0,54.0,14.0,34.7,0.0
2021-11-21,libya,225.0,45.0,45.0,-73.2,4.0,1.0,20.0,0.0,0.0,0.0,0.0
2021-11-21,scs,917.0,76.0,99.0,1089.2,0.0,1.0,30.0,80.0,20.0,8.6,2.0
2021-11-21,southasia,4640.0,650.0,584.0,3120.7,1.0,4.0,245.0,36.0,6.0,30.3,3.0
2021-11-21,sudan,963.0,165.0,125.0,1013.9,1.0,0.0,88.0,31.0,3.0,93.7,0.0
2021-11-21,taiwan,305.0,52.0,25.0,357.6,2.0,1.0,8.0,99.0,62.0,-168.7,4.0
2021-11-21,ukraine,780.0,145.0,110.0,-3.6,2.0,16.0,33.0,133.0,69.0,-279.2,26.0
2021-11-21,venezuela,164.0,15.0,23.0,106.4,0.0,2.0,14.0,44.0,6.0,71.7,0.0
2021-11-21,yemen,128.0,29.0,34.0,-204.5,2.0,2.0,3.0,21.0,14.0,-86.1,1.0
2021-11-22,drc,33.0,6.0,11.0,-74.6,0.0,0.0,3.0,6.0,2.0,15.8,2.0
2021-11-22,europe_east,1657.0,231.0,163.0,2381.7,6.0,12.0,66.0,264.0,119.0,-347.6,21.0
2021-11-22,iran,1269.0,180.0,224.0,737.0,8.0,4.0,109.0,224.0,96.0,-0.1,8.0
2021-11-22,israel,3456.0,481.0,680.0,-489.3,23.0,9.0,184.0,546.0,329.0,-1702.3,44.0
2021-11-22,korea,575.0,56.0,41.0,1082.7,2.0,1.0,20.0,18.0,1.0,49.0,0.0
2021-11-22,libya,250.0,37.0,32.0,242.6,2.0,0.0,16.0,9.0,5.0,-28.6,0.0
2021-11-22,scs,1427.0,192.0,138.0,1299.4,4.0,2.0,47.0,151.0,69.0,-22.3,0.0
2021-11-22,southasia,6277.0,922.0,942.0,1637.5,9.0,14.0,349.0,31.0,13.0,-78.2,1.0
2021-11-22,sudan,869.0,146.0,133.0,594.5,0.0,1.0,79.0,14.0,0.0,42.7,0.0
2021-11-22,taiwan,402.0,64.0,48.0,198.4,1.0,0.0,18.0,122.0,43.0,-5.4,5.0
2021-11-22,ukraine,1660.0,282.0,250.0,78.3,14.0,36.0,83.0,335.0,171.0,-642.3,46.0
2021-11-22,venezuela,246.0,51.0,41.0,-83.7,0.0,2.0,28.0,24.0,8.0,18.4,2.0
2021-11-22,yemen,172.0,24.0,44.0,-151.4,0.0,0.0,9.0,29.0,13.0,-35.0,0.0
2021-11-23,drc,32.0,0.0,5.0,44.4,0.0,0.0,0.0,1.0,0.0,3.0,0.0
2021-11-23,europe_east,1342.0,145.0,145.0,1551.3,1.0,15.0,40.0,204.0,65.0,59.0,0.0
2021-11-23,iran,1482.0,217.0,249.0,761.6,7.0,3.0,121.0,423.0,187.0,-248.9,19.0
2021-11-23,israel,3576.0,511.0,514.0,1735.7,16.0,3.0,169.0,706.0,345.0,-1101.6,43.0
2021-11-23,korea,922.0,105.0,196.0,493.2,4.0,0.0,108.0,48.0,11.0,151.3,0.0
2021-11-23,libya,274.0,32.0,31.0,358.8,2.0,0.0,13.0,6.0,0.0,9.4,0.0
2021-11-23,scs,1754.0,191.0,172.0,2013.7,5.0,0.0,75.0,138.0,60.0,-93.1,7.0
2021-11-23,southasia,6360.0,1005.0,927.0,1238.2,4.0,11.0,351.0,44.0,23.0,-77.5,7.0
2021-11-23,sudan,696.0,119.0,69.0,920.4,1.0,0.0,50.0,4.0,0.0,14.5,0.0
2021-11-23,taiwan,530.0,75.0,40.0,795.4,4.0,1.0,21.0,152.0,72.0,-103.8,17.0
2021-11-23,ukraine,1887.0,301.0,251.0,946.8,19.0,30.0,86.0,369.0,163.0,-603.8,37.0
2021-11-23,venezuela,198.0,33.0,31.0,48.2,0.0,2.0,19.0,23.0,12.0,-25.2,3.0
2021-11-23,yemen,164.0,38.0,31.0,-192.3,1.0,0.0,7.0,45.0,28.0,-182.5,0.0
2021-11-24,drc,38.0,4.0,0.0,116.3,0.0,0.0,0.0,0.0,0.0,0.0,0.0
2021-11-24,europe_east,1345.0,146.0,172.0,1280.3,4.0,10.0,76.0,200.0,74.0,-23.1,13.0
2021-11-24,iran,1592.0,238.0,224.0,467.8,6.0,3.0,83.0,344.0,150.0,-308.6,12.0
2021-11-24,israel,3501.0,461.0,492.0,2115.9,14.0,2.0,156.0,568.0,274.0,-1171.7,22.0
2021-11-24,korea,644.0,70.0,81.0,786.1,2.0,0.0,47.0,27.0,4.0,53.6,3.0
2021-11-24,libya,327.0,42.0,42.0,340.6,1.0,0.0,19.0,3.0,0.0,7.5,0.0
2021-11-24,scs,1782.0,164.0,136.0,3021.3,3.0,6.0,55.0,129.0,40.0,-13.2,2.0
2021-11-24,southasia,6256.0,869.0,833.0,3568.9,12.0,8.0,366.0,31.0,12.0,21.9,1.0
2021-11-24,sudan,714.0,82.0,72.0,1166.3,0.0,2.0,29.0,1.0,0.0,3.5,0.0
2021-11-24,taiwan,735.0,131.0,58.0,704.0,3.0,6.0,24.0,272.0,118.0,-163.3,12.0
2021-11-24,ukraine,1670.0,292.0,287.0,177.0,10.0,15.0,108.0,368.0,175.0,-436.0,48.0
2021-11-24,venezuela,194.0,28.0,36.0,-25.0,0.0,0.0,23.0,20.0,4.0,35.2,0.0
2021-11-24,yemen,218.0,22.0,52.0,-143.2,1.0,1.0,5.0,34.0,16.0,-82.2,0.0
2021-11-25,drc,52.0,10.0,9.0,27.3,0.0,0.0,3.0,8.0,2.0,-4.9,0.0
2021-11-25,europe_east,1071.0,97.0,96.0,1561.0,3.0,8.0,31.0,151.0,51.0,-187.0,5.0
2021-11-25,iran,1321.0,179.0,102.0,2711.7,12.0,3.0,46.0,189.0,74.0,9.7,10.0
2021-11-25,israel,3044.0,397.0,483.0,989.5,12.0,1.0,160.0,415.0,206.0,-676.5,32.0
2021-11-25,korea,757.0,92.0,92.0,1020.2,3.0,1.0,64.0,49.0,12.0,55.9,12.0
2021-11-25,libya,361.0,58.0,64.0,112.6,0.0,0.0,42.0,3.0,2.0,-7.0,0.0
2021-11-25,scs,1635.0,151.0,119.0,3136.8,2.0,0.0,64.0,137.0,43.0,-2.7,0.0
2021-11-25,southasia,6264.0,963.0,809.0,3287.4,10.0,27.0,350.0,48.0,19.0,-81.6,2.0
2021-11-25,sudan,678.0,130.0,117.0,231.3,0.0,3.0,60.0,2.0,1.0,-3.1,0.0
2021-11-25,taiwan,667.0,100.0,58.0,804.5,2.0,6.0,32.0,189.0,80.0,-126.4,15.0
2021-11-25,ukraine,1337.0,192.0,229.0,128.9,23.0,29.0,72.0,179.0,100.0,-448.6,39.0
2021-11-25,venezuela,106.0,15.0,12.0,29.3,0.0,0.0,8.0,15.0,4.0,0.8,0.0
2021-11-25,yemen,185.0,21.0,58.0,-238.6,0.0,1.0,9.0,38.0,24.0,-183.6,0.0
2021-11-26,drc,66.0,5.0,5.0,125.5,0.0,0.0,0.0,19.0,0.0,56.1,0.0
2021-11-26,europe_east,1237.0,133.0,133.0,1436.6,2.0,6.0,58.0,118.0,45.0,-72.2,6.0
2021-11-26,iran,996.0,183.0,100.0,1194.6,4.0,1.0,52.0,164.0,48.0,221.3,2.0
2021-11-26,israel,2186.0,302.0,340.0,843.6,7.0,5.0,160.0,211.0,91.0,-246.4,7.0
2021-11-26,korea,618.0,58.0,60.0,972.1,2.0,0.0,38.0,75.0,21.0,-0.0,8.0
2021-11-26,libya,371.0,40.0,97.0,-112.8,0.0,0.0,59.0,2.0,0.0,6.8,0.0
2021-11-26,scs,1655.0,141.0,182.0,2305.9,9.0,1.0,87.0,98.0,38.0,-97.7,2.0
2021-11-26,southasia,6163.0,983.0,896.0,1678.9,26.0,9.0,415.0,74.0,35.0,-148.5,9.0
2021-11-26,sudan,429.0,101.0,75.0,-254.6,0.0,1.0,18.0,3.0,1.0,2.5,0.0
2021-11-26,taiwan,910.0,116.0,83.0,1038.7,7.0,4.0,53.0,236.0,93.0,-99.2,12.0
2021-11-26,ukraine,1571.0,214.0,180.0,794.3,15.0,24.0,64.0,494.0,169.0,-217.2,42.0
2021-11-26,venezuela,163.0,23.0,27.0,114.8,0.0,0.0,14.0,8.0,4.0,-4.0,2.0
2021-11-26,yemen,85.0,7.0,19.0,-17.8,0.0,1.0,2.0,32.0,18.0,-128.0,0.0
2021-11-27,drc,43.0,7.0,3.0,29.6,0.0,0.0,2.0,0.0,0.0,0.0,0.0
2021-11-27,europe_east,592.0,60.0,67.0,526.4,1.0,3.0,20.0,86.0,34.0,-2.8,3.0
2021-11-27,iran,819.0,166.0,144.0,-240.7,0.0,6.0,66.0,106.0,39.0,136.0,0.0
2021-11-27,israel,1266.0,195.0,194.0,485.5,3.0,2.0,102.0,166.0,81.0,-132.2,10.0
2021-11-27,korea,337.0,51.0,48.0,141.7,0.0,0.0,34.0,20.0,10.0,-10.3,5.0
2021-11-27,libya,127.0,23.0,26.0,-28.8,0.0,2.0,14.0,1.0,0.0,3.4,0.0
2021-11-27,scs,898.0,66.0,96.0,1267.5,0.0,0.0,49.0,19.0,5.0,30.6,0.0
2021-11-27,southasia,4637.0,738.0,653.0,961.8,8.0,15.0,292.0,43.0,20.0,-111.1,9.0
2021-11-27,sudan,319.0,50.0,51.0,179.7,0.0,0.0,19.0,9.0,5.0,-28.5,1.0
2021-11-27,taiwan,490.0,53.0,52.0,605.8,1.0,0.0,34.0,182.0,47.0,30.4,10.0
2021-11-27,ukraine,721.0,116.0,82.0,446.5,2.0,12.0,33.0,206.0,86.0,-207.8,18.0
2021-11-27,venezuela,142.0,14.0,17.0,131.5,0.0,2.0,2.0,27.0,2.0,38.1,0.0
2021-11-27,yemen,62.0,7.0,25.0,-174.2,0.0,0.0,1.0,23.0,17.0,-159.3,0.0
2021-11-28,drc,31.0,2.0,2.0,51.8,0.0,0.0,0.0,12.0,8.0,-61.5,0.0
2021-11-28,europe_east,532.0,58.0,72.0,343.3,2.0,1.0,22.0,73.0,40.0,-214.0,1.0
2021-11-28,iran,1123.0,136.0,101.0,2056.0,5.0,9.0,45.0,247.0,74.0,218.3,1.0
2021-11-28,israel,2688.0,358.0,549.0,-368.8,2.0,7.0,268.0,376.0,181.0,-627.4,14.0
2021-11-28,korea,268.0,48.0,52.0,-19.3,3.0,2.0,35.0,23.0,17.0,-78.8,2.0
2021-11-28,libya,52.0,8.0,7.0,49.6,0.0,0.0,6.0,0.0,0.0,0.0,0.0
2021-11-28,scs,923.0,77.0,159.0,978.8,0.0,2.0,96.0,15.0,7.0,15.0,0.0
2021-11-28,southasia,3753.0,529.0,525.0,1407.1,16.0,9.0,268.0,23.0,10.0,-59.5,0.0
2021-11-28,sudan,398.0,86.0,76.0,-96.9,0.0,5.0,34.0,4.0,1.0,0.3,0.0
2021-11-28,taiwan,479.0,59.0,48.0,490.1,0.0,2.0,18.0,185.0,65.0,35.6,11.0
2021-11-28,ukraine,547.0,82.0,71.0,231.5,5.0,6.0,32.0,127.0,66.0,-191.1,14.0
2021-11-28,venezuela,33.0,6.0,1.0,39.1,0.0,0.0,1.0,1.0,0.0,4.0,0.0
2021-11-28,yemen,49.0,3.0,20.0,-88.0,0.0,0.0,4.0,31.0,18.0,-128.3,0.0
2021-11-29,drc,22.0,3.0,1.0,30.7,0.0,0.0,0.0,7.0,3.0,-13.5,0.0
2021-11-29,europe_east,1093.0,129.0,94.0,1399.2,4.0,8.0,39.0,160.0,76.0,-89.2,6.0
2021-11-29,iran,2420.0,267.0,180.0,5644.4,7.0,6.0,95.0,553.0,190.0,494.3,8.0
2021-11-29,israel,3668.0,554.0,506.0,2096.7,5.0,11.0,281.0,566.0,226.0,39.7,27.0
2021-11-29,korea,521.0,35.0,82.0,483.1,1.0,0.0,44.0,35.0,16.0,-65.1,5.0
2021-11-29,libya,211.0,24.0,40.0,121.6,0.0,0.0,28.0,3.0,0.0,4.8,0.0
2021-11-29,scs,1440.0,168.0,165.0,1756.2,2.0,2.0,91.0,42.0,17.0,20.8,3.0
2021-11-29,southasia,5695.0,944.0,635.0,2931.9,12.0,8.0,286.0,19.0,11.0,-80.3,2.0
2021-11-29,sudan,443.0,69.0,108.0,-185.5,0.0,9.0,27.0,7.0,3.0,-29.0,0.0
2021-11-29,taiwan,632.0,61.0,62.0,737.0,0.0,4.0,25.0,185.0,59.0,-12.1,7.0
2021-11-29,ukraine,1289.0,200.0,160.0,874.3,10.0,33.0,63.0,264.0,133.0,-420.1,56.0
2021-11-29,venezuela,103.0,17.0,8.0,87.4,0.0,0.0,3.0,14.0,0.0,34.0,0.0
2021-11-29,yemen,98.0,6.0,34.0,-217.6,3.0,0.0,6.0,28.0,20.0,-137.7,1.0
2021-11-30,drc,102.0,13.0,31.0,-157.8,0.0,0.0,0.0,53.0,22.0,-120.4,0.0
2021-11-30,europe_east,1380.0,154.0,153.0,1324.8,0.0,12.0,58.0,171.0,75.0,-137.6,16.0
2021-11-30,iran,1681.0,239.0,131.0,3091.3,6.0,1.0,80.0,397.0,113.0,526.4,7.0
2021-11-30,israel,3251.0,458.0,443.0,1625.5,4.0,14.0,172.0,484.0,197.0,-197.5,17.0
2021-11-30,korea,658.0,68.0,73.0,960.6,1.0,0.0,55.0,67.0,24.0,94.8,3.0
2021-11-30,libya,239.0,52.0,45.0,-32.4,0.0,0.0,29.0,0.0,0.0,0.0,0.0
2021-11-30,scs,1520.0,191.0,160.0,1722.8,2.0,7.0,81.0,33.0,9.0,-18.7,0.0
2021-11-30,southasia,6274.0,1037.0,648.0,4186.8,5.0,16.0,317.0,24.0,9.0,-41.2,1.0
2021-11-30,sudan,474.0,66.0,85.0,239.6,0.0,9.0,41.0,6.0,1.0,16.1,0.0
2021-11-30,taiwan,651.0,66.0,52.0,921.0,1.0,2.0,29.0,150.0,66.0,-119.8,5.0
2021-11-30,ukraine,1794.0,308.0,192.0,1332.0,8.0,26.0,57.0,403.0,187.0,-460.2,49.0
2021-11-30,venezuela,192.0,28.0,53.0,-169.2,0.0,0.0,14.0,5.0,5.0,-16.0,2.0
2021-11-30,yemen,85.0,15.0,26.0,-191.6,2.0,0.0,5.0,15.0,3.0,8.5,1.0
2021-12-01,drc,59.0,9.0,10.0,-5.7,0.0,0.0,1.0,31.0,6.0,62.3,1.0
2021-12-01,europe_east,1226.0,163.0,159.0,643.6,3.0,5.0,62.0,255.0,103.0,-61.6,28.0
2021-12-01,iran,1061.0,177.0,139.0,663.1,6.0,1.0,54.0,256.0,94.0,188.2,0.0
2021-12-01,israel,2464.0,315.0,384.0,821.0,9.0,1.0,178.0,379.0,164.0,-419.3,14.0
2021-12-01,korea,888.0,69.0,97.0,1466.1,3.0,1.0,56.0,90.0,28.0,100.4,7.0
2021-12-01,libya,159.0,30.0,17.0,36.1,0.0,0.0,8.0,0.0,0.0,0.0,0.0
2021-12-01,scs,1843.0,199.0,261.0,1771.2,6.0,2.0,109.0,82.0,27.0,78.2,2.0
2021-12-01,southasia,5839.0,857.0,660.0,4365.2,7.0,15.0,302.0,25.0,11.0,-66.7,1.0
2021-12-01,sudan,349.0,57.0,64.0,-16.9,0.0,4.0,33.0,7.0,1.0,4.2,0.0
2021-12-01,taiwan,643.0,77.0,95.0,553.8,1.0,1.0,53.0,188.0,75.0,26.3,14.0
2021-12-01,ukraine,2146.0,333.0,336.0,593.8,16.0,81.0,108.0,773.0,320.0,-628.4,104.0
2021-12-01,venezuela,213.0,23.0,51.0,-73.1,1.0,0.0,18.0,23.0,6.0,49.8,2.0
2021-12-01,yemen,138.0,19.0,34.0,-137.6,2.0,0.0,3.0,52.0,25.0,-158.7,3.0
2021-12-02,drc,55.0,6.0,4.0,76.1,0.0,0.0,1.0,56.0,15.0,28.7,2.0
2021-12-02,europe_east,1116.0,152.0,140.0,973.0,3.0,2.0,63.0,127.0,52.0,-80.4,7.0
2021-12-02,iran,1453.0,200.0,192.0,938.4,7.0,2.0,75.0,456.0,139.0,326.2,12.0
2021-12-02,israel,3040.0,450.0,482.0,472.4,16.0,3.0,193.0,574.0,232.0,-493.1,33.0
2021-12-02,korea,905.0,68.0,53.0,1737.5,2.0,2.0,29.0,111.0,4.0,262.6,1.0
2021-12-02,libya,268.0,40.0,46.0,62.7,0.0,0.0,20.0,2.0,1.0,-11.0,0.0
2021-12-02,scs,1628.0,145.0,204.0,1915.1,0.0,1.0,88.0,93.0,8.0,299.8,3.0
2021-12-02,southasia,5741.0,904.0,644.0,3370.9,20.0,17.0,303.0,19.0,13.0,-60.8,3.0
2021-12-02,sudan,360.0,46.0,61.0,103.8,2.0,1.0,16.0,4.0,2.0,-5.8,0.0
2021-12-02,taiwan,555.0,73.0,74.0,445.9,1.0,2.0,34.0,148.0,68.0,-79.7,5.0
2021-12-02,ukraine,2493.0,424.0,331.0,857.5,40.0,76.0,129.0,850.0,353.0,-725.8,131.0
2021-12-02,venezuela,150.0,10.0,48.0,-160.9,0.0,0.0,9.0,7.0,0.0,24.2,0.0
2021-12-02,yemen,136.0,20.0,22.0,-9.7,1.0,0.0,5.0,39.0,15.0,-34.7,0.0
2021-12-03,drc,45.0,0.0,8.0,40.7,0.0,0.0,1.0,10.0,6.0,-45.8,0.0
2021-12-03,europe_east,931.0,89.0,109.0,1101.4,1.0,2.0,63.0,133.0,34.0,59.6,3.0
2021-12-03,iran,1654.0,178.0,189.0,3357.8,8.0,1.0,109.0,326.0,105.0,212.5,8.0
2021-12-03,israel,2358.0,290.0,389.0,739.7,5.0,7.0,176.0,441.0,203.0,-658.1,32.0
2021-12-03,korea,594.0,65.0,59.0,785.9,2.0,3.0,43.0,50.0,15.0,-4.0,5.0
2021-12-03,libya,325.0,49.0,55.0,82.4,0.0,0.0,35.0,0.0,0.0,0.0,0.0
2021-12-03,scs,1564.0,157.0,182.0,1804.7,4.0,1.0,63.0,78.0,12.0,248.6,0.0
2021-12-03,southasia,6068.0,927.0,672.0,3708.6,10.0,19.0,322.0,19.0,11.0,-42.4,2.0
2021-12-03,sudan,262.0,49.0,40.0,-156.3,1.0,0.0,6.0,1.0,1.0,-10.0,0.0
2021-12-03,taiwan,359.0,27.0,50.0,307.8,0.0,1.0,27.0,93.0,29.0,25.5,3.0
2021-12-03,ukraine,1746.0,284.0,299.0,52.8,27.0,59.0,141.0,551.0,299.0,-1113.6,134.0
2021-12-03,venezuela,144.0,23.0,28.0,-69.1,1.0,0.0,6.0,21.0,8.0,-21.0,0.0
2021-12-03,yemen,162.0,31.0,16.0,153.8,2.0,0.0,9.0,44.0,24.0,-46.5,1.0
2021-12-04,drc,15.0,6.0,2.0,-34.5,0.0,0.0,0.0,38.0,33.0,-280.6,1.0
2021-12-04,europe_east,570.0,48.0,74.0,500.0,0.0,2.0,40.0,56.0,25.0,-93.9,2.0
2021-12-04,iran,1224.0,124.0,159.0,2297.8,3.0,4.0,73.0,221.0,95.0,-42.6,1.0
2021-12-04,israel,1663.0,191.0,395.0,-899.0,5.0,5.0,131.0,285.0,200.0,-1372.4,23.0
2021-12-04,korea,305.0,81.0,38.0,54.0,0.0,3.0,18.0,15.0,3.0,12.4,2.0
2021-12-04,libya,165.0,29.0,28.0,25.6,0.0,0.0,14.0,0.0,0.0,0.0,0.0
2021-12-04,scs,922.0,81.0,158.0,464.3,1.0,2.0,68.0,26.0,8.0,0.2,5.0
2021-12-04,southasia,5591.0,815.0,644.0,3351.0,13.0,17.0,269.0,17.0,5.0,23.8,0.0
2021-12-04,sudan,178.0,29.0,34.0,25.9,0.0,0.0,12.0,0.0,0.0,0.0,0.0
2021-12-04,taiwan,318.0,54.0,26.0,274.4,1.0,0.0,10.0,97.0,31.0,57.5,2.0
2021-12-04,ukraine,1027.0,202.0,152.0,13.6,27.0,55.0,42.0,416.0,211.0,-702.6,89.0
2021-12-04,venezuela,109.0,17.0,34.0,-130.8,0.0,0.0,14.0,12.0,4.0,-2.6,0.0
2021-12-04,yemen,210.0,20.0,43.0,-47.2,1.0,0.0,8.0,48.0,28.0,-130.8,0.0
2021-12-05,drc,46.0,6.0,15.0,-64.2,0.0,0.0,6.0,10.0,2.0,19.0,1.0
2021-12-05,europe_east,540.0,33.0,54.0,759.7,1.0,7.0,22.0,27.0,15.0,-76.1,4.0
2021-12-05,iran,1130.0,142.0,93.0,2068.3,7.0,0.0,47.0,434.0,148.0,223.7,5.0
2021-12-05,israel,2205.0,313.0,482.0,-1328.4,5.0,4.0,143.0,486.0,204.0,-590.1,17.0
2021-12-05,korea,324.0,30.0,44.0,305.6,3.0,1.0,19.0,20.0,2.0,54.3,0.0
2021-12-05,libya,109.0,6.0,5.0,237.4,0.0,0.0,2.0,0.0,0.0,0.0,0.0
2021-12-05,scs,799.0,78.0,92.0,840.9,2.0,4.0,35.0,20.0,8.0,47.8,0.0
2021-12-05,southasia,5550.0,779.0,830.0,1173.8,4.0,15.0,290.0,12.0,3.0,-6.1,0.0
2021-12-05,sudan,298.0,64.0,48.0,26.3,0.0,0.0,19.0,1.0,0.0,7.0,0.0
2021-12-05,taiwan,310.0,63.0,24.0,151.7,2.0,3.0,4.0,119.0,51.0,-110.2,11.0
2021-12-05,ukraine,808.0,142.0,138.0,-51.9,8.0,57.0,19.0,363.0,202.0,-809.2,95.0
2021-12-05,venezuela,120.0,18.0,35.0,-151.6,0.0,0.0,10.0,23.0,5.0,30.7,0.0
2021-12-05,yemen,93.0,9.0,35.0,-181.4,0.0,0.0,10.0,16.0,8.0,-56.3,0.0
2021-12-06,drc,52.0,3.0,16.0,-41.6,0.0,0.0,1.0,4.0,1.0,-8.6,0.0
2021-12-06,europe_east,898.0,76.0,103.0,1227.7,2.0,3.0,41.0,95.0,24.0,32.0,9.0
2021-12-06,iran,1519.0,227.0,139.0,2241.4,12.0,0.0,69.0,351.0,136.0,-150.1,16.0
2021-12-06,israel,2812.0,376.0,543.0,-412.0,18.0,3.0,165.0,550.0,267.0,-1112.4,38.0
2021-12-06,korea,595.0,58.0,51.0,835.3,3.0,0.0,32.0,58.0,14.0,-90.4,5.0
2021-12-06,libya,199.0,19.0,27.0,186.1,0.0,0.0,13.0,1.0,1.0,-5.0,1.0
2021-12-06,scs,1863.0,160.0,244.0,1685.3,2.0,3.0,62.0,53.0,18.0,5.9,2.0
2021-12-06,southasia,7745.0,1072.0,994.0,5124.5,7.0,23.0,349.0,18.0,9.0,-44.0,4.0
2021-12-06,sudan,520.0,110.0,131.0,-620.7,0.0,2.0,52.0,2.0,0.0,7.5,0.0
2021-12-06,taiwan,465.0,69.0,47.0,338.6,1.0,2.0,11.0,103.0,54.0,-120.0,2.0
2021-12-06,ukraine,1504.0,262.0,192.0,1071.1,25.0,50.0,66.0,537.0,268.0,-695.0,104.0
2021-12-06,venezuela,154.0,24.0,42.0,-181.4,0.0,0.0,10.0,11.0,0.0,44.0,0.0
2021-12-06,yemen,165.0,27.0,41.0,-217.9,1.0,0.0,4.0,46.0,26.0,-81.2,0.0
2021-12-07,drc,39.0,0.0,4.0,84.1,0.0,0.0,0.0,1.0,1.0,-9.0,0.0
2021-12-07,europe_east,1017.0,100.0,91.0,1546.2,1.0,2.0,35.0,124.0,47.0,-142.1,7.0
2021-12-07,iran,1379.0,187.0,195.0,1327.8,6.0,2.0,74.0,304.0,124.0,84.8,4.0
2021-12-07,israel,2916.0,495.0,558.0,-1361.6,15.0,1.0,179.0,585.0,355.0,-1919.8,22.0
2021-12-07,korea,520.0,63.0,46.0,972.8,1.0,1.0,22.0,18.0,6.0,-6.6,0.0
2021-12-07,libya,275.0,55.0,32.0,243.9,0.0,0.0,15.0,0.0,0.0,0.0,0.0
2021-12-07,scs,1889.0,173.0,194.0,2197.3,3.0,6.0,60.0,27.0,6.0,95.7,0.0
2021-12-07,southasia,6953.0,1050.0,947.0,3122.6,14.0,24.0,376.0,24.0,9.0,-21.6,6.0
2021-12-07,sudan,459.0,70.0,111.0,-429.8,0.0,5.0,31.0,5.0,0.0,25.7,0.0
2021-12-07,taiwan,467.0,56.0,34.0,610.1,1.0,2.0,9.0,122.0,48.0,-190.7,7.0
2021-12-07,ukraine,2512.0,332.0,275.0,2098.6,49.0,52.0,78.0,716.0,294.0,-163.3,96.0
2021-12-07,venezuela,114.0,13.0,34.0,-141.7,0.0,0.0,10.0,11.0,0.0,32.2,0.0
2021-12-07,yemen,188.0,31.0,67.0,-517.2,1.0,5.0,5.0,50.0,34.0,-130.0,1.0
2021-12-08,drc,38.0,4.0,5.0,62.3,0.0,0.0,0.0,20.0,12.0,-95.5,0.0
2021-12-08,europe_east,1109.0,122.0,115.0,1481.7,1.0,3.0,56.0,109.0,37.0,105.2,9.0
2021-12-08,iran,1499.0,191.0,228.0,1014.0,6.0,2.0,115.0,330.0,139.0,-11.9,9.0
2021-12-08,israel,2697.0,426.0,532.0,-939.8,14.0,1.0,225.0,444.0,229.0,-749.5,31.0
2021-12-08,korea,564.0,63.0,41.0,943.7,3.0,0.0,25.0,46.0,20.0,-141.9,4.0
2021-12-08,libya,186.0,19.0,20.0,145.8,0.0,0.0,15.0,0.0,0.0,0.0,0.0
2021-12-08,scs,1704.0,163.0,213.0,1477.4,2.0,4.0,98.0,31.0,13.0,-7.8,0.0
2021-12-08,southasia,7212.0,850.0,801.0,6010.9,7.0,6.0,270.0,18.0,12.0,-59.8,1.0
2021-12-08,sudan,385.0,48.0,74.0,191.9,5.0,3.0,13.0,5.0,1.0,18.7,0.0
2021-12-08,taiwan,499.0,44.0,60.0,502.5,2.0,4.0,28.0,166.0,38.0,76.0,7.0
2021-12-08,ukraine,2510.0,373.0,362.0,1499.7,38.0,100.0,95.0,763.0,288.0,-76.9,106.0
2021-12-08,venezuela,159.0,10.0,40.0,-13.1,0.0,23.0,4.0,17.0,4.0,-1.9,0.0
2021-12-08,yemen,235.0,27.0,76.0,-373.1,2.0,0.0,21.0,39.0,27.0,-154.6,0.0
2021-12-09,drc,46.0,6.0,9.0,-12.2,0.0,0.0,1.0,19.0,6.0,-24.8,0.0
2021-12-09,europe_east,1314.0,171.0,121.0,1813.4,4.0,5.0,55.0,206.0,49.0,384.9,2.0
2021-12-09,iran,1736.0,227.0,181.0,2062.8,10.0,6.0,88.0,440.0,156.0,12.2,8.0
2021-12-09,israel,3153.0,413.0,552.0,777.2,18.0,6.0,203.0,574.0,246.0,-678.9,42.0
2021-12-09,korea,674.0,84.0,74.0,730.4,0.0,5.0,21.0,52.0,18.0,-37.9,0.0
2021-12-09,libya,144.0,15.0,30.0,-20.9,0.0,0.0,17.0,2.0,1.0,-7.0,1.0
2021-12-09,scs,1869.0,256.0,399.0,-687.8,13.0,2.0,103.0,15.0,2.0,28.9,1.0
2021-12-09,southasia,7138.0,920.0,879.0,4713.4,4.0,16.0,330.0,18.0,7.0,-43.3,0.0
2021-12-09,sudan,478.0,60.0,120.0,-514.5,0.0,6.0,17.0,1.0,1.0,-4.4,0.0
2021-12-09,taiwan,495.0,51.0,29.0,744.3,4.0,2.0,14.0,146.0,28.0,145.3,2.0
2021-12-09,ukraine,2307.0,321.0,233.0,2762.9,33.0,33.0,89.0,622.0,296.0,-556.4,95.0
2021-12-09,venezuela,124.0,12.0,9.0,168.8,0.0,0.0,6.0,20.0,3.0,34.3,0.0
2021-12-09,yemen,185.0,16.0,48.0,-175.6,2.0,2.0,9.0,47.0,25.0,-145.8,5.0
2021-12-10,drc,19.0,0.0,6.0,-10.1,0.0,2.0,1.0,17.0,5.0,3.8,0.0
2021-12-10,europe_east,1012.0,104.0,71.0,1468.5,2.0,2.0,33.0,141.0,39.0,-1.8,2.0
2021-12-10,iran,1274.0,178.0,168.0,1008.2,4.0,3.0,79.0,308.0,98.0,125.0,12.0
2021-12-10,israel,2950.0,463.0,483.0,94.9,8.0,7.0,165.0,500.0,238.0,-1027.5,46.0
2021-12-10,korea,563.0,63.0,75.0,304.9,0.0,3.0,39.0,14.0,8.0,-70.5,0.0
2021-12-10,libya,149.0,12.0,20.0,291.5,0.0,0.0,14.0,0.0,0.0,0.0,0.0
2021-12-10,scs,1783.0,201.0,316.0,657.1,7.0,8.0,96.0,41.0,16.0,2.2,6.0
2021-12-10,southasia,6296.0,892.0,708.0,4097.7,21.0,17.0,319.0,37.0,16.0,0.3,0.0
2021-12-10,sudan,398.0,81.0,73.0,-163.5,3.0,1.0,26.0,0.0,0.0,0.0,0.0
2021-12-10,taiwan,677.0,84.0,84.0,949.0,2.0,2.0,68.0,229.0,64.0,374.9,2.0
2021-12-10,ukraine,2105.0,313.0,265.0,1579.7,18.0,42.0,110.0,660.0,309.0,-754.8,99.0
2021-12-10,venezuela,153.0,25.0,36.0,-8.8,0.0,0.0,29.0,32.0,14.0,-34.9,3.0
2021-12-10,yemen,104.0,12.0,29.0,-81.8,1.0,0.0,4.0,24.0,8.0,22.5,2.0
2021-12-11,drc,19.0,0.0,1.0,57.9,0.0,0.0,1.0,35.0,6.0,55.3,0.0
2021-12-11,europe_east,379.0,47.0,65.0,-58.1,1.0,1.0,27.0,57.0,31.0,-188.0,2.0
2021-12-11,iran,1086.0,138.0,123.0,1058.7,14.0,0.0,41.0,300.0,92.0,83.2,9.0
2021-12-11,israel,1564.0,259.0,261.0,-537.1,12.0,13.0,87.0,309.0,155.0,-620.4,16.0
2021-12-11,korea,307.0,34.0,62.0,96.1,1.0,0.0,41.0,29.0,24.0,-184.6,0.0
2021-12-11,libya,104.0,10.0,12.0,156.0,0.0,0.0,4.0,5.0,2.0,13.4,0.0
2021-12-11,scs,1111.0,111.0,161.0,981.1,6.0,3.0,74.0,7.0,3.0,-0.9,3.0
2021-12-11,southasia,5000.0,755.0,564.0,3222.6,6.0,6.0,217.0,28.0,6.0,58.0,0.0
2021-12-11,sudan,161.0,20.0,29.0,23.3,0.0,0.0,18.0,1.0,1.0,-8.0,0.0
2021-12-11,taiwan,412.0,39.0,42.0,681.0,1.0,0.0,23.0,63.0,27.0,-1.6,1.0
2021-12-11,ukraine,1215.0,193.0,123.0,1275.5,15.0,29.0,43.0,503.0,202.0,-113.9,69.0
2021-12-11,venezuela,179.0,15.0,31.0,262.3,0.0,0.0,21.0,44.0,7.0,99.6,3.0
2021-12-11,yemen,97.0,9.0,46.0,-365.9,2.0,0.0,6.0,35.0,20.0,-142.4,0.0
2021-12-12,drc,25.0,3.0,1.0,47.1,0.0,0.0,1.0,7.0,2.0,10.5,0.0
2021-12-12,europe_east,421.0,53.0,65.0,95.6,2.0,0.0,11.0,65.0,36.0,-257.6,1.0
2021-12-12,iran,1253.0,169.0,80.0,1683.9,14.0,1.0,49.0,382.0,103.0,327.4,12.0
2021-12-12,israel,2952.0,311.0,438.0,1534.6,16.0,0.0,121.0,405.0,167.0,-505.8,18.0
2021-12-12,korea,430.0,45.0,39.0,655.7,0.0,3.0,12.0,41.0,14.0,-54.6,1.0
2021-12-12,libya,105.0,7.0,2.0,227.9,1.0,0.0,1.0,0.0,0.0,0.0,0.0
2021-12-12,scs,936.0,94.0,113.0,1071.7,3.0,2.0,57.0,18.0,7.0,14.8,3.0
2021-12-12,southasia,4624.0,607.0,537.0,3419.3,9.0,17.0,223.0,24.0,7.0,20.5,4.0
2021-12-12,sudan,152.0,16.0,32.0,95.8,2.0,6.0,10.0,0.0,0.0,0.0,0.0
2021-12-12,taiwan,351.0,32.0,39.0,482.1,0.0,0.0,23.0,67.0,27.0,-7.2,2.0
2021-12-12,ukraine,858.0,153.0,103.0,465.0,12.0,18.0,33.0,357.0,168.0,-361.3,47.0
2021-12-12,venezuela,86.0,5.0,11.0,139.2,0.0,0.0,8.0,24.0,3.0,35.3,3.0
2021-12-12,yemen,117.0,5.0,34.0,-101.9,0.0,0.0,6.0,35.0,15.0,-63.2,0.0
2021-12-13,drc,48.0,0.0,7.0,75.7,0.0,0.0,0.0,8.0,1.0,18.2,0.0
2021-12-13,europe_east,1010.0,112.0,88.0,1446.7,0.0,1.0,35.0,149.0,54.0,-35.3,3.0
2021-12-13,iran,1553.0,184.0,103.0,3261.0,10.0,5.0,47.0,370.0,103.0,296.7,13.0
2021-12-13,israel,4120.0,507.0,688.0,1244.2,23.0,2.0,258.0,810.0,394.0,-1571.9,55.0
2021-12-13,korea,1035.0,76.0,95.0,1770.2,1.0,1.0,52.0,130.0,12.0,389.0,0.0
2021-12-13,libya,152.0,18.0,26.0,76.2,0.0,0.0,7.0,0.0,0.0,0.0,0.0
2021-12-13,scs,1352.0,141.0,134.0,1621.5,2.0,0.0,68.0,45.0,11.0,127.4,0.0
2021-12-13,southasia,5607.0,815.0,828.0,1622.2,22.0,24.0,262.0,17.0,10.0,-55.6,1.0
2021-12-13,sudan,432.0,68.0,49.0,307.2,1.0,0.0,28.0,0.0,0.0,0.0,0.0
2021-12-13,taiwan,547.0,93.0,89.0,235.9,2.0,24.0,44.0,136.0,58.0,-125.9,12.0
2021-12-13,ukraine,1567.0,301.0,185.0,731.4,14.0,34.0,71.0,444.0,227.0,-660.7,77.0
2021-12-13,venezuela,107.0,16.0,25.0,-33.0,0.0,0.0,9.0,11.0,9.0,-81.0,0.0
2021-12-13,yemen,157.0,9.0,74.0,-597.2,0.0,0.0,1.0,32.0,23.0,-182.9,1.0
2021-12-14,drc,68.0,5.0,6.0,78.3,0.0,2.0,2.0,26.0,3.0,33.7,3.0
2021-12-14,europe_east,974.0,94.0,125.0,969.3,4.0,4.0,72.0,143.0,46.0,30.8,14.0
2021-12-14,iran,1344.0,185.0,112.0,2051.7,3.0,6.0,51.0,268.0,71.0,483.9,4.0
2021-12-14,israel,3104.0,409.0,444.0,1994.4,11.0,4.0,196.0,452.0,207.0,-564.7,44.0
2021-12-14,korea,828.0,102.0,77.0,1054.9,1.0,4.0,21.0,103.0,42.0,-28.5,6.0
2021-12-14,libya,209.0,30.0,48.0,-165.0,0.0,0.0,10.0,2.0,0.0,6.0,0.0
2021-12-14,scs,1807.0,179.0,198.0,2657.8,3.0,2.0,115.0,40.0,5.0,162.7,0.0
2021-12-14,southasia,5990.0,885.0,731.0,3089.9,9.0,15.0,213.0,24.0,9.0,8.2,0.0
2021-12-14,sudan,389.0,78.0,42.0,133.0,0.0,2.0,29.0,1.0,0.0,3.5,0.0
2021-12-14,taiwan,516.0,100.0,63.0,346.8,1.0,1.0,46.0,127.0,54.0,-84.5,16.0
2021-12-14,ukraine,1926.0,331.0,322.0,734.0,11.0,28.0,181.0,496.0,228.0,-364.4,55.0
2021-12-14,venezuela,114.0,15.0,32.0,-117.1,0.0,0.0,5.0,9.0,2.0,6.0,0.0
2021-12-14,yemen,187.0,8.0,62.0,-297.6,0.0,1.0,4.0,29.0,10.0,-25.9,0.0
2021-12-15,drc,40.0,2.0,9.0,-49.2,0.0,1.0,2.0,8.0,2.0,-11.1,0.0
2021-12-15,europe_east,1028.0,101.0,112.0,1161.8,0.0,3.0,45.0,62.0,14.0,43.3,5.0
2021-12-15,iran,1342.0,188.0,160.0,1362.7,6.0,23.0,60.0,308.0,129.0,-3.2,16.0
2021-12-15,israel,2924.0,504.0,458.0,367.5,17.0,6.0,182.0,468.0,212.0,-499.2,25.0
2021-12-15,korea,611.0,54.0,53.0,1116.7,0.0,1.0,24.0,48.0,10.0,131.7,0.0
2021-12-15,libya,106.0,20.0,13.0,26.4,3.0,0.0,4.0,3.0,1.0,-2.0,0.0
2021-12-15,scs,1964.0,147.0,208.0,3076.1,5.0,3.0,122.0,49.0,15.0,30.0,4.0
2021-12-15,southasia,6342.0,857.0,815.0,3404.6,17.0,18.0,326.0,27.0,9.0,-6.9,0.0
2021-12-15,sudan,520.0,104.0,120.0,-535.5,5.0,4.0,32.0,3.0,2.0,-1.0,0.0
2021-12-15,taiwan,474.0,47.0,40.0,749.0,0.0,1.0,28.0,115.0,41.0,42.1,7.0
2021-12-15,ukraine,1802.0,281.0,238.0,1657.8,13.0,38.0,130.0,404.0,179.0,-129.9,56.0
2021-12-15,venezuela,127.0,24.0,22.0,-37.8,0.0,0.0,7.0,20.0,0.0,47.1,0.0
2021-12-15,yemen,166.0,25.0,33.0,-68.9,5.0,0.0,8.0,45.0,20.0,-84.7,1.0
2021-12-16,drc,10.0,0.0,1.0,9.8,0.0,0.0,1.0,0.0,0.0,0.0,0.0
2021-12-16,europe_east,1003.0,90.0,90.0,1427.6,4.0,6.0,41.0,111.0,40.0,-73.2,18.0
2021-12-16,iran,1283.0,205.0,201.0,476.7,17.0,11.0,85.0,296.0,118.0,60.0,14.0
2021-12-16,israel,3401.0,522.0,742.0,-2053.0,29.0,14.0,200.0,696.0,418.0,-2265.6,55.0
2021-12-16,korea,635.0,68.0,84.0,484.4,2.0,2.0,51.0,70.0,15.0,59.2,4.0
2021-12-16,libya,208.0,18.0,37.0,80.6,0.0,3.0,9.0,0.0,0.0,0.0,0.0
2021-12-16,scs,1701.0,149.0,203.0,2247.8,1.0,3.0,104.0,18.0,6.0,12.0,3.0
2021-12-16,southasia,6709.0,942.0,871.0,3695.4,20.0,16.0,367.0,37.0,10.0,-12.4,0.0
2021-12-16,sudan,457.0,89.0,79.0,43.8,0.0,7.0,19.0,0.0,0.0,0.0,0.0
2021-12-16,taiwan,470.0,48.0,31.0,809.1,0.0,0.0,25.0,120.0,35.0,119.5,1.0
2021-12-16,ukraine,1723.0,243.0,218.0,1269.3,17.0,20.0,98.0,516.0,248.0,-721.4,61.0
2021-12-16,venezuela,131.0,16.0,17.0,140.1,0.0,0.0,8.0,20.0,0.0,48.7,0.0
2021-12-16,yemen,208.0,33.0,45.0,-156.6,6.0,0.0,8.0,62.0,28.0,-96.2,1.0
2021-12-17,drc,25.0,0.0,5.0,13.8,0.0,0.0,2.0,0.0,0.0,0.0,0.0
2021-12-17,europe_east,861.0,118.0,105.0,804.7,3.0,5.0,57.0,88.0,21.0,96.7,3.0
2021-12-17,iran,1026.0,113.0,124.0,1596.2,3.0,2.0,43.0,174.0,57.0,185.1,4.0
2021-12-17,israel,2760.0,395.0,705.0,-2935.7,21.0,18.0,187.0,539.0,328.0,-1862.4,60.0
2021-12-17,korea,786.0,97.0,137.0,398.6,0.0,2.0,82.0,169.0,61.0,-0.4,13.0
2021-12-17,libya,103.0,6.0,13.0,85.8,0.0,0.0,3.0,0.0,0.0,0.0,0.0
2021-12-17,scs,1522.0,151.0,192.0,1491.7,2.0,0.0,84.0,41.0,11.0,-30.8,1.0
2021-12-17,southasia,6395.0,886.0,811.0,3471.6,10.0,18.0,386.0,18.0,6.0,-4.5,0.0
2021-12-17,sudan,301.0,40.0,33.0,445.8,0.0,0.0,6.0,0.0,0.0,0.0,0.0
2021-12-17,taiwan,400.0,44.0,33.0,522.5,1.0,1.0,23.0,114.0,37.0,-0.3,2.0
2021-12-17,ukraine,1750.0,268.0,213.0,1650.5,17.0,25.0,73.0,427.0,241.0,-889.0,62.0
2021-12-17,venezuela,123.0,27.0,9.0,58.9,0.0,0.0,1.0,32.0,5.0,60.7,2.0
2021-12-17,yemen,57.0,7.0,19.0,-34.7,0.0,0.0,12.0,19.0,5.0,27.9,3.0
2021-12-18,drc,33.0,0.0,8.0,23.9,0.0,0.0,3.0,16.0,16.0,-95.2,0.0
2021-12-18,europe_east,395.0,47.0,63.0,199.2,0.0,6.0,13.0,32.0,20.0,-68.9,0.0
2021-12-18,iran,574.0,91.0,62.0,517.7,0.0,2.0,41.0,97.0,39.0,41.0,1.0
2021-12-18,israel,1236.0,178.0,292.0,-1046.5,12.0,1.0,61.0,264.0,147.0,-768.1,23.0
2021-12-18,korea,362.0,29.0,64.0,250.1,4.0,0.0,26.0,67.0,29.0,-98.5,2.0
2021-12-18,libya,96.0,7.0,7.0,139.7,0.0,0.0,3.0,0.0,0.0,0.0,0.0
2021-12-18,scs,1077.0,100.0,149.0,898.3,0.0,2.0,51.0,14.0,3.0,18.4,0.0
2021-12-18,southasia,5507.0,783.0,756.0,1883.6,10.0,16.0,290.0,17.0,11.0,-56.3,0.0
2021-12-18,sudan,160.0,26.0,31.0,21.3,0.0,0.0,9.0,0.0,0.0,0.0,0.0
2021-12-18,taiwan,293.0,59.0,32.0,142.7,2.0,2.0,13.0,49.0,15.0,15.6,4.0
2021-12-18,ukraine,1059.0,174.0,118.0,1277.9,10.0,40.0,38.0,337.0,136.0,10.8,39.0
2021-12-18,venezuela,128.0,22.0,16.0,28.9,0.0,0.0,8.0,12.0,9.0,-26.0,4.0
2021-12-18,yemen,139.0,10.0,42.0,-169.8,0.0,0.0,10.0,43.0,23.0,-53.5,1.0
2021-12-19,drc,14.0,0.0,7.0,-14.5,0.0,0.0,4.0,0.0,0.0,0.0,0.0
2021-12-19,europe_east,491.0,48.0,77.0,384.3,1.0,11.0,12.0,65.0,16.0,70.5,10.0
2021-12-19,iran,667.0,77.0,81.0,521.6,5.0,3.0,27.0,122.0,49.0,-31.9,3.0
2021-12-19,israel,2358.0,363.0,631.0,-2981.0,23.0,1.0,200.0,448.0,284.0,-1659.9,63.0
2021-12-19,korea,281.0,30.0,49.0,182.3,0.0,0.0,27.0,49.0,13.0,16.7,0.0
2021-12-19,libya,84.0,16.0,6.0,73.9,0.0,0.0,2.0,1.0,0.0,0.0,0.0
2021-12-19,scs,1182.0,89.0,171.0,1102.3,0.0,9.0,58.0,11.0,10.0,-93.6,0.0
2021-12-19,southasia,6027.0,879.0,977.0,-72.0,7.0,20.0,384.0,43.0,23.0,-118.1,1.0
2021-12-19,sudan,547.0,158.0,114.0,-746.7,5.0,19.0,55.0,4.0,2.0,-4.5,1.0
2021-12-19,taiwan,232.0,11.0,21.0,438.9,0.0,0.0,16.0,28.0,14.0,-28.9,1.0
2021-12-19,ukraine,653.0,113.0,88.0,674.2,2.0,40.0,29.0,185.0,73.0,99.7,20.0
2021-12-19,venezuela,93.0,15.0,16.0,23.0,0.0,0.0,9.0,19.0,9.0,-13.6,7.0
2021-12-19,yemen,96.0,6.0,42.0,-284.2,0.0,0.0,9.0,27.0,13.0,-55.1,0.0
2021-12-20,drc,32.0,1.0,4.0,38.7,0.0,0.0,1.0,17.0,0.0,23.5,0.0
2021-12-20,europe_east,856.0,97.0,129.0,870.4,1.0,10.0,59.0,182.0,52.0,149.1,20.0
2021-12-20,iran,974.0,118.0,159.0,89.9,10.0,3.0,44.0,251.0,127.0,-498.0,19.0
2021-12-20,israel,2935.0,356.0,627.0,-454.8,11.0,9.0,303.0,532.0,282.0,-1335.4,39.0
2021-12-20,korea,528.0,61.0,80.0,365.1,3.0,0.0,44.0,37.0,6.0,44.8,0.0
2021-12-20,libya,131.0,11.0,20.0,177.7,0.0,0.0,11.0,0.0,0.0,0.0,0.0
2021-12-20,scs,1606.0,64.0,173.0,2911.9,0.0,9.0,104.0,15.0,5.0,6.7,0.0
2021-12-20,southasia,6524.0,1042.0,852.0,1895.0,15.0,15.0,367.0,55.0,30.0,-105.0,22.0
2021-12-20,sudan,653.0,145.0,140.0,-655.8,3.0,1.0,58.0,7.0,4.0,-12.5,2.0
2021-12-20,taiwan,362.0,38.0,42.0,415.5,0.0,1.0,11.0,107.0,39.0,-77.6,8.0
2021-12-20,ukraine,1227.0,182.0,182.0,538.5,8.0,32.0,70.0,308.0,136.0,-135.1,35.0
2021-12-20,venezuela,112.0,20.0,8.0,159.3,2.0,0.0,5.0,3.0,0.0,8.0,0.0
2021-12-20,yemen,220.0,10.0,79.0,-397.1,1.0,0.0,28.0,58.0,26.0,-58.1,7.0
2021-12-21,drc,49.0,5.0,8.0,-10.4,0.0,0.0,2.0,23.0,12.0,-42.4,0.0
2021-12-21,europe_east,1022.0,138.0,127.0,811.1,3.0,6.0,55.0,140.0,43.0,-34.1,16.0
2021-12-21,iran,1128.0,153.0,201.0,34.9,5.0,2.0,49.0,326.0,138.0,-293.7,17.0
2021-12-21,israel,3227.0,402.0,616.0,-179.0,34.0,6.0,261.0,599.0,285.0,-1100.0,60.0
2021-12-21,korea,484.0,63.0,62.0,464.9,1.0,3.0,19.0,18.0,3.0,10.5,0.0
2021-12-21,libya,277.0,33.0,41.0,156.5,0.0,0.0,17.0,3.0,0.0,3.0,0.0
2021-12-21,scs,1551.0,122.0,120.0,2995.5,7.0,3.0,43.0,88.0,25.0,227.9,11.0
2021-12-21,southasia,6390.0,1016.0,829.0,2484.7,10.0,31.0,392.0,22.0,16.0,-114.0,2.0
2021-12-21,sudan,471.0,106.0,120.0,-672.3,0.0,2.0,36.0,5.0,4.0,-22.6,0.0
2021-12-21,taiwan,320.0,48.0,41.0,200.4,2.0,0.0,16.0,76.0,32.0,-58.3,0.0
2021-12-21,ukraine,1676.0,302.0,220.0,533.8,14.0,34.0,94.0,447.0,193.0,-261.4,55.0
2021-12-21,venezuela,169.0,26.0,9.0,284.5,0.0,0.0,6.0,14.0,3.0,15.1,3.0
2021-12-21,yemen,274.0,32.0,81.0,-275.0,0.0,1.0,41.0,55.0,27.0,-113.7,4.0
2021-12-22,drc,17.0,1.0,1.0,40.1,0.0,1.0,0.0,1.0,0.0,0.0,0.0
2021-12-22,europe_east,1027.0,164.0,136.0,499.2,5.0,13.0,27.0,103.0,51.0,-142.1,10.0
2021-12-22,iran,1242.0,167.0,143.0,990.2,6.0,2.0,54.0,360.0,92.0,206.3,10.0
2021-12-22,israel,3330.0,431.0,637.0,-308.5,27.0,1.0,209.0,624.0,282.0,-1134.7,35.0
2021-12-22,korea,495.0,54.0,83.0,338.4,2.0,1.0,32.0,53.0,21.0,-82.4,3.0
2021-12-22,libya,293.0,41.0,59.0,-80.0,0.0,3.0,13.0,1.0,1.0,-9.0,0.0
2021-12-22,scs,1579.0,107.0,125.0,2757.8,0.0,1.0,47.0,103.0,15.0,293.0,7.0
2021-12-22,southasia,5500.0,841.0,637.0,3459.4,8.0,8.0,309.0,30.0,12.0,-56.1,4.0
2021-12-22,sudan,389.0,77.0,83.0,-383.1,3.0,5.0,21.0,2.0,2.0,-4.0,0.0
2021-12-22,taiwan,224.0,32.0,19.0,178.8,1.0,0.0,8.0,42.0,12.0,13.6,0.0
2021-12-22,ukraine,1558.0,259.0,218.0,642.5,9.0,25.0,73.0,448.0,198.0,-324.2,64.0
2021-12-22,venezuela,87.0,10.0,6.0,198.8,0.0,0.0,4.0,14.0,4.0,7.8,0.0
2021-12-22,yemen,229.0,31.0,50.0,-44.3,5.0,0.0,19.0,67.0,42.0,-262.9,4.0
2021-12-23,drc,26.0,0.0,6.0,13.9,0.0,2.0,1.0,10.0,1.0,47.3,1.0
2021-12-23,europe_east,858.0,115.0,88.0,771.2,2.0,5.0,50.0,76.0,31.0,-88.0,8.0
2021-12-23,iran,1216.0,179.0,178.0,614.9,11.0,2.0,66.0,314.0,85.0,302.8,8.0
2021-12-23,israel,3121.0,402.0,681.0,-1400.7,15.0,4.0,217.0,680.0,354.0,-1703.4,53.0
2021-12-23,korea,533.0,62.0,55.0,707.0,0.0,0.0,30.0,53.0,3.0,98.4,0.0
2021-12-23,libya,398.0,42.0,46.0,468.5,0.0,2.0,20.0,5.0,1.0,7.0,0.0
2021-12-23,scs,1610.0,152.0,202.0,1881.8,3.0,0.0,66.0,109.0,6.0,440.8,0.0
2021-12-23,southasia,5838.0,876.0,810.0,2135.0,11.0,18.0,340.0,19.0,8.0,-43.9,4.0
2021-12-23,sudan,296.0,42.0,50.0,57.2,0.0,2.0,6.0,1.0,1.0,-9.5,0.0
2021-12-23,taiwan,355.0,51.0,32.0,451.9,0.0,0.0,15.0,76.0,40.0,-111.3,14.0
2021-12-23,ukraine,1330.0,219.0,227.0,-40.7,10.0,34.0,74.0,407.0,193.0,-437.0,59.0
2021-12-23,venezuela,98.0,10.0,9.0,129.7,0.0,0.0,3.0,4.0,2.0,-8.8,0.0
2021-12-23,yemen,174.0,26.0,48.0,-201.2,1.0,0.0,30.0,33.0,10.0,6.9,0.0
2021-12-24,drc,13.0,1.0,2.0,-0.3,0.0,0.0,0.0,10.0,8.0,-62.2,1.0
2021-12-24,europe_east,528.0,90.0,50.0,444.7,2.0,3.0,20.0,35.0,16.0,-48.2,5.0
2021-12-24,iran,647.0,103.0,125.0,198.2,4.0,6.0,39.0,148.0,75.0,-163.1,8.0
2021-12-24,israel,1740.0,251.0,359.0,-801.7,12.0,0.0,140.0,388.0,204.0,-971.5,31.0
2021-12-24,korea,645.0,87.0,123.0,357.1,3.0,3.0,84.0,18.0,10.0,-54.3,1.0
2021-12-24,libya,243.0,30.0,30.0,82.1,0.0,0.0,17.0,2.0,0.0,2.0,0.0
2021-12-24,scs,1413.0,92.0,201.0,1686.0,1.0,11.0,62.0,45.0,3.0,161.7,0.0
2021-12-24,southasia,5173.0,826.0,700.0,1720.9,14.0,13.0,314.0,10.0,4.0,-14.1,0.0
2021-12-24,sudan,250.0,32.0,43.0,-105.4,0.0,0.0,9.0,0.0,0.0,0.0,0.0
2021-12-24,taiwan,273.0,28.0,48.0,227.4,8.0,2.0,16.0,52.0,24.0,-70.5,11.0
2021-12-24,ukraine,1054.0,147.0,121.0,1132.7,8.0,14.0,50.0,284.0,117.0,-79.9,33.0
2021-12-24,venezuela,65.0,3.0,13.0,44.5,0.0,0.0,8.0,8.0,2.0,2.2,0.0
2021-12-24,yemen,95.0,18.0,35.0,-262.0,1.0,0.0,10.0,27.0,21.0,-109.2,5.0
2021-12-25,drc,19.0,2.0,10.0,-67.6,0.0,0.0,4.0,6.0,6.0,-51.6,3.0
2021-12-25,europe_east,336.0,47.0,59.0,79.3,3.0,2.0,23.0,51.0,13.0,75.1,6.0
2021-12-25,iran,477.0,85.0,92.0,-73.3,2.0,4.0,21.0,122.0,63.0,-129.7,10.0
2021-12-25,israel,1156.0,169.0,251.0,-692.2,3.0,0.0,67.0,232.0,113.0,-314.6,21.0
2021-12-25,korea,270.0,32.0,42.0,221.7,0.0,1.0,23.0,15.0,9.0,-63.6,0.0
2021-12-25,libya,118.0,16.0,7.0,187.3,0.0,0.0,1.0,0.0,0.0,0.0,0.0
2021-12-25,scs,620.0,32.0,49.0,1438.4,2.0,2.0,9.0,33.0,1.0,146.0,0.0
2021-12-25,southasia,4382.0,564.0,631.0,1432.0,8.0,8.0,265.0,17.0,1.0,56.8,0.0
2021-12-25,sudan,328.0,88.0,55.0,-436.6,2.0,16.0,25.0,3.0,1.0,11.0,1.0
2021-12-25,taiwan,144.0,21.0,20.0,87.1,0.0,1.0,5.0,21.0,6.0,7.3,0.0
2021-12-25,ukraine,629.0,81.0,84.0,611.6,2.0,23.0,28.0,341.0,131.0,40.1,51.0
2021-12-25,venezuela,61.0,4.0,10.0,58.1,0.0,0.0,1.0,0.0,0.0,0.0,0.0
2021-12-25,yemen,229.0,29.0,123.0,-1129.8,1.0,0.0,7.0,104.0,88.0,-626.6,4.0
2021-12-26,drc,48.0,3.0,26.0,-181.9,0.0,0.0,3.0,15.0,9.0,-59.6,0.0
2021-12-26,europe_east,287.0,44.0,58.0,-69.4,0.0,0.0,14.0,44.0,22.0,59.8,0.0
2021-12-26,iran,560.0,104.0,87.0,190.9,7.0,0.0,37.0,105.0,52.0,-69.6,3.0
2021-12-26,israel,2059.0,344.0,391.0,-933.1,8.0,6.0,105.0,431.0,226.0,-856.2,26.0
2021-12-26,korea,216.0,21.0,45.0,34.2,1.0,3.0,9.0,25.0,12.0,-64.0,0.0
2021-12-26,libya,120.0,11.0,11.0,94.8,0.0,0.0,2.0,0.0,0.0,0.0,0.0
2021-12-26,scs,851.0,59.0,108.0,1266.0,0.0,4.0,23.0,30.0,1.0,125.8,0.0
2021-12-26,southasia,4441.0,666.0,641.0,1206.0,15.0,12.0,264.0,23.0,6.0,24.7,1.0
2021-12-26,sudan,277.0,86.0,67.0,-580.1,1.0,1.0,40.0,4.0,4.0,-17.0,3.0
2021-12-26,taiwan,191.0,16.0,17.0,290.2,0.0,0.0,10.0,25.0,7.0,10.0,0.0
2021-12-26,ukraine,500.0,77.0,78.0,436.2,0.0,7.0,28.0,189.0,72.0,33.6,21.0
2021-12-26,venezuela,68.0,9.0,13.0,14.6,0.0,0.0,7.0,23.0,3.0,50.0,0.0
2021-12-26,yemen,224.0,43.0,89.0,-710.8,0.0,0.0,13.0,56.0,39.0,-231.1,0.0
2021-12-27,drc,32.0,0.0,11.0,-33.4,0.0,0.0,4.0,3.0,3.0,-30.0,0.0
2021-12-27,europe_east,568.0,100.0,39.0,728.8,1.0,1.0,27.0,32.0,12.0,16.8,1.0
2021-12-27,iran,1445.0,222.0,209.0,1024.8,1.0,0.0,129.0,252.0,94.0,148.2,1.0
2021-12-27,israel,2890.0,474.0,514.0,-250.7,15.0,4.0,190.0,522.0,245.0,-606.7,41.0
2021-12-27,korea,599.0,57.0,54.0,1148.1,2.0,0.0,27.0,59.0,9.0,200.1,2.0
2021-12-27,libya,232.0,13.0,20.0,366.3,0.0,0.0,10.0,1.0,1.0,-9.0,0.0
2021-12-27,scs,1280.0,98.0,143.0,1533.6,2.0,6.0,34.0,72.0,9.0,179.1,1.0
2021-12-27,southasia,5531.0,863.0,778.0,1654.2,16.0,17.0,355.0,28.0,6.0,54.0,0.0
2021-12-27,sudan,338.0,69.0,61.0,-117.2,1.0,4.0,23.0,5.0,1.0,25.0,1.0
2021-12-27,taiwan,274.0,37.0,36.0,288.4,0.0,1.0,32.0,51.0,16.0,43.3,0.0
2021-12-27,ukraine,846.0,108.0,105.0,823.0,4.0,17.0,31.0,247.0,108.0,-61.0,22.0
2021-12-27,venezuela,104.0,17.0,9.0,166.2,0.0,0.0,6.0,19.0,5.0,-6.0,3.0
2021-12-27,yemen,309.0,45.0,134.0,-915.1,2.0,5.0,30.0,53.0,30.0,-147.6,1.0
2021-12-28,drc,17.0,3.0,1.0,14.8,0.0,0.0,1.0,0.0,0.0,0.0,0.0
2021-12-28,europe_east,610.0,114.0,80.0,253.2,3.0,0.0,33.0,106.0,35.0,37.4,2.0
2021-12-28,iran,1483.0,250.0,161.0,1877.8,11.0,0.0,98.0,390.0,117.0,595.8,3.0
2021-12-28,israel,2853.0,514.0,570.0,-1589.1,9.0,3.0,159.0,786.0,389.0,-1502.2,27.0
2021-12-28,korea,734.0,77.0,61.0,1052.1,0.0,2.0,21.0,84.0,12.0,155.9,0.0
2021-12-28,libya,214.0,17.0,12.0,418.3,0.0,0.0,6.0,0.0,0.0,0.0,0.0
2021-12-28,scs,1323.0,141.0,136.0,1830.3,7.0,8.0,59.0,59.0,15.0,106.2,0.0
2021-12-28,southasia,5494.0,840.0,738.0,2194.3,12.0,6.0,336.0,13.0,3.0,4.7,1.0
2021-12-28,sudan,196.0,34.0,49.0,-156.9,0.0,1.0,12.0,3.0,1.0,9.0,1.0
2021-12-28,taiwan,362.0,40.0,46.0,585.0,0.0,8.0,24.0,78.0,18.0,123.1,3.0
2021-12-28,ukraine,1086.0,171.0,150.0,762.2,5.0,21.0,39.0,376.0,171.0,-260.1,47.0
2021-12-28,venezuela,105.0,12.0,20.0,-18.1,0.0,0.0,8.0,15.0,4.0,-16.8,1.0
2021-12-28,yemen,249.0,44.0,48.0,-183.8,2.0,0.0,15.0,54.0,17.0,-10.2,2.0
2021-12-29,drc,20.0,3.0,0.0,24.5,0.0,0.0,0.0,5.0,5.0,-48.5,0.0
2021-12-29,europe_east,645.0,108.0,83.0,208.1,1.0,1.0,33.0,90.0,40.0,-145.7,2.0
2021-12-29,iran,1074.0,210.0,159.0,322.7,9.0,6.0,54.0,256.0,133.0,-283.5,5.0
2021-12-29,israel,3216.0,504.0,609.0,-532.4,12.0,10.0,186.0,844.0,393.0,-1027.6,38.0
2021-12-29,korea,584.0,72.0,58.0,861.9,1.0,0.0,24.0,56.0,17.0,68.7,2.0
2021-12-29,libya,166.0,23.0,23.0,129.1,0.0,0.0,6.0,0.0,0.0,0.0,0.0
2021-12-29,scs,1249.0,107.0,111.0,2288.9,0.0,7.0,52.0,95.0,11.0,346.4,0.0
2021-12-29,southasia,5636.0,800.0,856.0,1331.1,22.0,7.0,428.0,14.0,5.0,1.0,1.0
2021-12-29,sudan,275.0,54.0,60.0,-282.7,0.0,3.0,19.0,0.0,0.0,0.0,0.0
2021-12-29,taiwan,368.0,49.0,72.0,-10.0,5.0,3.0,23.0,73.0,30.0,-39.1,4.0
2021-12-29,ukraine,1108.0,168.0,144.0,425.0,13.0,29.0,45.0,309.0,137.0,-169.7,52.0
2021-12-29,venezuela,140.0,20.0,29.0,59.6,0.0,0.0,23.0,18.0,6.0,-11.6,3.0
2021-12-29,yemen,201.0,40.0,44.0,-205.3,0.0,0.0,13.0,30.0,14.0,-59.8,4.0
2021-12-30,drc,12.0,0.0,0.0,26.0,0.0,0.0,0.0,0.0,0.0,0.0,0.0
2021-12-30,europe_east,596.0,77.0,84.0,360.7,2.0,0.0,49.0,30.0,25.0,-90.0,5.0
2021-12-30,iran,1109.0,162.0,154.0,721.8,7.0,1.0,71.0,212.0,88.0,-79.8,12.0
2021-12-30,israel,3094.0,425.0,548.0,-24.5,14.0,9.0,195.0,606.0,275.0,-946.2,44.0
2021-12-30,korea,745.0,66.0,52.0,1483.7,2.0,1.0,26.0,78.0,7.0,224.5,0.0
2021-12-30,libya,171.0,21.0,12.0,278.0,0.0,0.0,5.0,0.0,0.0,0.0,0.0
2021-12-30,scs,1327.0,111.0,152.0,1650.3,1.0,7.0,51.0,12.0,1.0,66.9,0.0
2021-12-30,southasia,5539.0,846.0,995.0,-1366.4,12.0,21.0,444.0,28.0,19.0,-91.7,8.0
2021-12-30,sudan,562.0,177.0,158.0,-1475.6,1.0,7.0,65.0,1.0,1.0,-5.0,1.0
2021-12-30,taiwan,481.0,57.0,67.0,422.5,3.0,11.0,33.0,136.0,53.0,-5.1,12.0
2021-12-30,ukraine,1287.0,132.0,147.0,1601.8,6.0,43.0,55.0,306.0,122.0,-176.4,60.0
2021-12-30,venezuela,79.0,2.0,5.0,130.7,0.0,0.0,3.0,2.0,0.0,7.0,0.0
2021-12-30,yemen,113.0,21.0,34.0,-234.5,1.0,2.0,7.0,20.0,12.0,-36.3,3.0
2021-12-31,drc,17.0,2.0,2.0,29.7,0.0,0.0,0.0,3.0,0.0,2.2,0.0
2021-12-31,europe_east,374.0,45.0,55.0,236.4,0.0,7.0,17.0,30.0,12.0,1.1,4.0
2021-12-31,iran,782.0,129.0,168.0,-487.3,13.0,0.0,56.0,186.0,85.0,-235.0,15.0
2021-12-31,israel,2106.0,273.0,466.0,-820.9,13.0,4.0,116.0,507.0,289.0,-1617.9,46.0
2021-12-31,korea,440.0,68.0,53.0,332.5,0.0,0.0,26.0,11.0,3.0,9.0,0.0
2021-12-31,libya,52.0,3.0,11.0,54.0,0.0,0.0,9.0,0.0,0.0,0.0,0.0
2021-12-31,scs,1420.0,135.0,166.0,2044.4,3.0,3.0,98.0,28.0,11.0,37.6,3.0
2021-12-31,southasia,5331.0,741.0,868.0,628.7,6.0,20.0,344.0,16.0,10.0,-70.7,7.0
2021-12-31,sudan,695.0,173.0,205.0,-1593.9,1.0,6.0,71.0,6.0,5.0,-17.5,3.0
2021-12-31,taiwan,224.0,25.0,36.0,176.1,0.0,1.0,18.0,74.0,14.0,121.7,1.0
2021-12-31,ukraine,1092.0,144.0,96.0,1062.5,8.0,24.0,24.0,342.0,169.0,-552.1,49.0
2021-12-31,venezuela,49.0,5.0,8.0,38.7,0.0,0.0,6.0,0.0,0.0,0.0,0.0
2021-12-31,yemen,127.0,15.0,35.0,-168.1,1.0,0.0,8.0,22.0,9.0,-25.0,2.0
