day,theatre,loc_all,loc_q3,loc_q4,loc_gold,loc_mil138,loc_mob,loc_coerce,dy_all,dy_q34,dy_gold,dy_force
2022-01-01,drc,10.0,1.0,1.0,35.4,0.0,0.0,0.0,7.0,0.0,9.0,0.0
2022-01-01,europe_east,379.0,45.0,62.0,124.0,2.0,0.0,27.0,29.0,9.0,8.5,6.0
2022-01-01,iran,608.0,112.0,152.0,-738.2,7.0,1.0,30.0,142.0,61.0,-124.8,5.0
2022-01-01,israel,1248.0,209.0,266.0,-811.9,8.0,2.0,65.0,278.0,133.0,-503.5,11.0
2022-01-01,korea,415.0,30.0,62.0,345.2,1.0,0.0,19.0,99.0,25.0,134.1,2.0
2022-01-01,libya,70.0,10.0,13.0,27.2,0.0,1.0,5.0,1.0,1.0,-5.0,1.0
2022-01-01,scs,714.0,54.0,97.0,803.0,1.0,1.0,47.0,26.0,2.0,83.5,2.0
2022-01-01,southasia,4340.0,548.0,764.0,591.4,5.0,16.0,304.0,39.0,10.0,57.6,8.0
2022-01-01,sudan,306.0,64.0,62.0,-218.8,0.0,0.0,23.0,1.0,1.0,-5.0,1.0
2022-01-01,taiwan,280.0,41.0,29.0,210.7,0.0,1.0,15.0,172.0,39.0,113.8,6.0
2022-01-01,ukraine,461.0,95.0,67.0,-94.7,6.0,8.0,19.0,137.0,87.0,-440.2,19.0
2022-01-01,venezuela,59.0,3.0,4.0,125.4,0.0,0.0,3.0,4.0,1.0,5.0,0.0
2022-01-01,yemen,100.0,7.0,33.0,-127.0,0.0,0.0,4.0,11.0,5.0,-37.5,0.0
2022-01-02,drc,12.0,0.0,0.0,38.1,0.0,0.0,0.0,0.0,0.0,0.0,0.0
2022-01-02,europe_east,224.0,25.0,19.0,370.8,0.0,1.0,5.0,10.0,2.0,21.4,0.0
2022-01-02,iran,613.0,124.0,118.0,-296.1,7.0,0.0,15.0,116.0,69.0,-238.1,5.0
2022-01-02,israel,2046.0,389.0,561.0,-3501.8,15.0,16.0,135.0,494.0,328.0,-1881.6,33.0
2022-01-02,korea,520.0,90.0,156.0,-1047.1,0.0,1.0,27.0,179.0,122.0,-797.9,0.0
2022-01-02,libya,45.0,2.0,3.0,112.7,0.0,0.0,2.0,0.0,0.0,0.0,0.0
2022-01-02,scs,794.0,106.0,78.0,1008.8,0.0,7.0,39.0,53.0,8.0,81.3,0.0
2022-01-02,southasia,3751.0,542.0,561.0,1255.1,11.0,13.0,247.0,28.0,9.0,-2.2,2.0
2022-01-02,sudan,564.0,137.0,130.0,-721.2,1.0,12.0,74.0,5.0,3.0,-11.5,2.0
2022-01-02,taiwan,243.0,38.0,20.0,306.3,0.0,0.0,12.0,88.0,27.0,4.2,3.0
2022-01-02,ukraine,464.0,93.0,60.0,199.7,5.0,12.0,23.0,150.0,75.0,-149.0,21.0
2022-01-02,venezuela,25.0,5.0,5.0,-15.8,0.0,0.0,1.0,0.0,0.0,0.0,0.0
2022-01-02,yemen,192.0,15.0,68.0,-391.3,5.0,0.0,5.0,31.0,9.0,35.7,0.0
2022-01-03,drc,7.0,0.0,1.0,-0.7,0.0,0.0,0.0,5.0,0.0,13.0,0.0
2022-01-03,europe_east,601.0,83.0,51.0,566.5,1.0,1.0,20.0,45.0,11.0,-17.1,3.0
2022-01-03,iran,1536.0,243.0,398.0,-1960.4,17.0,6.0,97.0,386.0,183.0,-427.7,15.0
2022-01-03,israel,2985.0,512.0,550.0,-1491.3,13.0,5.0,130.0,656.0,291.0,-944.1,28.0
2022-01-03,korea,964.0,142.0,172.0,-188.7,7.0,2.0,36.0,264.0,110.0,-294.6,6.0
2022-01-03,libya,114.0,3.0,3.0,322.7,0.0,0.0,1.0,0.0,0.0,0.0,0.0
2022-01-03,scs,1120.0,118.0,131.0,1198.5,2.0,1.0,57.0,43.0,15.0,6.8,0.0
2022-01-03,southasia,5368.0,795.0,704.0,2505.6,3.0,14.0,284.0,19.0,10.0,-47.4,2.0
2022-01-03,sudan,859.0,174.0,125.0,387.9,1.0,7.0,62.0,13.0,2.0,32.6,1.0
2022-01-03,taiwan,292.0,28.0,29.0,308.8,0.0,0.0,12.0,83.0,34.0,-121.8,6.0
2022-01-03,ukraine,918.0,136.0,87.0,966.4,6.0,19.0,34.0,288.0,139.0,-250.8,46.0
2022-01-03,venezuela,90.0,26.0,23.0,-178.1,0.0,1.0,2.0,3.0,3.0,-22.2,1.0
2022-01-03,yemen,278.0,38.0,75.0,-442.8,0.0,0.0,10.0,131.0,56.0,-338.1,1.0
2022-01-04,drc,6.0,0.0,0.0,30.9,0.0,0.0,0.0,0.0,0.0,0.0,0.0
2022-01-04,europe_east,657.0,119.0,78.0,508.5,0.0,1.0,33.0,52.0,26.0,-57.0,4.0
2022-01-04,iran,1337.0,218.0,313.0,-1219.7,25.0,5.0,61.0,251.0,110.0,-202.9,10.0
2022-01-04,israel,2961.0,580.0,536.0,-1640.4,13.0,4.0,165.0,543.0,240.0,-813.5,44.0
2022-01-04,korea,761.0,89.0,94.0,1117.0,1.0,0.0,41.0,118.0,41.0,-47.6,1.0
2022-01-04,libya,146.0,14.0,6.0,257.7,0.0,1.0,3.0,1.0,0.0,3.4,0.0
2022-01-04,scs,1338.0,212.0,139.0,1121.9,2.0,8.0,80.0,37.0,15.0,-15.5,7.0
2022-01-04,southasia,6169.0,1018.0,867.0,2198.6,20.0,14.0,485.0,28.0,5.0,55.7,0.0
2022-01-04,sudan,760.0,177.0,120.0,-165.4,2.0,9.0,55.0,7.0,3.0,-7.8,2.0
2022-01-04,taiwan,306.0,37.0,33.0,345.1,0.0,3.0,18.0,66.0,28.0,-16.6,8.0
2022-01-04,ukraine,1099.0,136.0,135.0,1407.9,8.0,12.0,49.0,243.0,98.0,-40.1,38.0
2022-01-04,venezuela,196.0,27.0,50.0,-32.7,1.0,0.0,7.0,14.0,2.0,39.0,2.0
2022-01-04,yemen,168.0,15.0,40.0,-121.6,0.0,0.0,2.0,40.0,9.0,-37.9,0.0
2022-01-05,drc,9.0,0.0,0.0,27.3,0.0,0.0,0.0,5.0,2.0,-1.2,1.0
2022-01-05,europe_east,804.0,125.0,64.0,1082.1,1.0,3.0,26.0,96.0,28.0,177.2,4.0
2022-01-05,iran,1066.0,176.0,253.0,-516.6,20.0,4.0,46.0,243.0,136.0,-497.1,20.0
2022-01-05,israel,2653.0,433.0,436.0,-340.8,12.0,5.0,171.0,456.0,197.0,-492.4,34.0
2022-01-05,korea,1216.0,110.0,265.0,-301.2,0.0,3.0,44.0,405.0,189.0,-893.0,10.0
2022-01-05,libya,153.0,8.0,17.0,296.3,1.0,0.0,13.0,0.0,0.0,0.0,0.0
2022-01-05,scs,1536.0,153.0,168.0,1824.5,0.0,16.0,84.0,13.0,3.0,17.6,0.0
2022-01-05,southasia,5899.0,990.0,940.0,1034.4,12.0,11.0,555.0,31.0,13.0,-23.2,3.0
2022-01-05,sudan,530.0,119.0,63.0,23.2,0.0,8.0,28.0,4.0,4.0,-18.2,1.0
2022-01-05,taiwan,349.0,55.0,49.0,162.7,0.0,4.0,18.0,119.0,51.0,-65.1,8.0
2022-01-05,ukraine,1076.0,149.0,106.0,1151.3,10.0,15.0,41.0,318.0,108.0,203.2,33.0
2022-01-05,venezuela,125.0,37.0,12.0,21.1,0.0,0.0,2.0,15.0,2.0,40.9,0.0
2022-01-05,yemen,176.0,25.0,56.0,-361.7,2.0,0.0,9.0,65.0,41.0,-269.0,0.0
2022-01-06,drc,7.0,0.0,0.0,20.8,0.0,0.0,0.0,1.0,1.0,-10.0,0.0
2022-01-06,europe_east,811.0,103.0,81.0,990.5,0.0,6.0,40.0,52.0,30.0,-131.1,5.0
2022-01-06,iran,946.0,119.0,199.0,-41.0,4.0,1.0,50.0,105.0,48.0,-153.6,11.0
2022-01-06,israel,2890.0,443.0,632.0,-1872.4,10.0,5.0,182.0,511.0,278.0,-1501.0,41.0
2022-01-06,korea,1135.0,141.0,200.0,622.7,0.0,5.0,61.0,257.0,120.0,-252.5,22.0
2022-01-06,libya,97.0,9.0,3.0,147.1,0.0,0.0,3.0,0.0,0.0,0.0,0.0
2022-01-06,scs,1481.0,132.0,175.0,1796.9,3.0,3.0,81.0,39.0,12.0,34.2,6.0
2022-01-06,southasia,6039.0,1009.0,833.0,1933.5,14.0,12.0,531.0,14.0,5.0,-8.7,2.0
2022-01-06,sudan,509.0,118.0,86.0,-202.9,0.0,1.0,43.0,6.0,6.0,-26.5,2.0
2022-01-06,taiwan,434.0,47.0,73.0,213.7,3.0,6.0,24.0,111.0,44.0,11.6,9.0
2022-01-06,ukraine,1114.0,138.0,125.0,1595.5,8.0,33.0,46.0,340.0,127.0,-126.2,48.0
2022-01-06,venezuela,114.0,32.0,9.0,20.5,0.0,0.0,0.0,18.0,7.0,21.5,0.0
2022-01-06,yemen,113.0,17.0,44.0,-329.9,2.0,0.0,9.0,51.0,31.0,-144.6,0.0
2022-01-07,drc,15.0,0.0,0.0,29.2,0.0,0.0,0.0,0.0,0.0,0.0,0.0
2022-01-07,europe_east,756.0,114.0,93.0,408.0,0.0,2.0,57.0,34.0,7.0,0.6,2.0
2022-01-07,iran,817.0,116.0,171.0,-107.5,5.0,0.0,52.0,124.0,46.0,-13.2,5.0
2022-01-07,israel,1911.0,242.0,348.0,-75.2,10.0,4.0,102.0,240.0,145.0,-856.5,22.0
2022-01-07,korea,757.0,72.0,113.0,592.7,0.0,5.0,39.0,164.0,42.0,175.4,9.0
2022-01-07,libya,91.0,11.0,5.0,203.4,1.0,3.0,2.0,0.0,0.0,0.0,0.0
2022-01-07,scs,1733.0,163.0,222.0,2024.4,0.0,7.0,123.0,20.0,1.0,76.7,0.0
2022-01-07,southasia,5954.0,892.0,863.0,2238.6,5.0,27.0,431.0,36.0,13.0,-14.2,9.0
2022-01-07,sudan,314.0,56.0,63.0,-162.7,0.0,2.0,24.0,1.0,1.0,-5.0,1.0
2022-01-07,taiwan,359.0,36.0,54.0,190.8,1.0,7.0,10.0,77.0,26.0,-18.8,14.0
2022-01-07,ukraine,1109.0,145.0,134.0,1135.9,5.0,15.0,53.0,278.0,119.0,-208.2,36.0
2022-01-07,venezuela,92.0,8.0,6.0,107.2,0.0,0.0,0.0,7.0,0.0,10.4,0.0
2022-01-07,yemen,182.0,28.0,58.0,-301.9,0.0,0.0,3.0,35.0,20.0,-112.8,0.0
2022-01-08,drc,3.0,0.0,1.0,-10.4,0.0,0.0,0.0,0.0,0.0,0.0,0.0
2022-01-08,europe_east,443.0,63.0,68.0,165.9,0.0,3.0,31.0,35.0,15.0,-61.0,3.0
2022-01-08,iran,945.0,103.0,210.0,77.4,3.0,1.0,80.0,139.0,62.0,-180.4,0.0
2022-01-08,israel,1048.0,163.0,213.0,-422.3,1.0,0.0,76.0,153.0,91.0,-606.5,20.0
2022-01-08,korea,312.0,41.0,34.0,315.3,0.0,0.0,15.0,36.0,17.0,-27.7,1.0
2022-01-08,libya,66.0,7.0,1.0,88.6,0.0,1.0,0.0,0.0,0.0,0.0,0.0
2022-01-08,scs,758.0,71.0,101.0,717.2,1.0,2.0,61.0,24.0,0.0,85.7,0.0
2022-01-08,southasia,4269.0,697.0,649.0,631.3,18.0,22.0,323.0,15.0,5.0,-11.5,3.0
2022-01-08,sudan,431.0,66.0,41.0,402.7,1.0,2.0,17.0,2.0,2.0,-10.0,2.0
2022-01-08,taiwan,197.0,24.0,27.0,63.3,1.0,3.0,9.0,48.0,20.0,-24.4,2.0
2022-01-08,ukraine,759.0,141.0,90.0,522.9,10.0,16.0,22.0,178.0,95.0,-156.3,29.0
2022-01-08,venezuela,68.0,12.0,9.0,-10.9,0.0,1.0,6.0,7.0,2.0,2.0,0.0
2022-01-08,yemen,61.0,16.0,25.0,-225.1,0.0,0.0,4.0,53.0,47.0,-379.6,0.0
2022-01-09,drc,4.0,0.0,2.0,-11.0,0.0,0.0,0.0,0.0,0.0,0.0,0.0
2022-01-09,europe_east,326.0,20.0,52.0,206.3,0.0,0.0,29.0,23.0,14.0,-68.0,0.0
2022-01-09,iran,867.0,131.0,209.0,-736.5,9.0,0.0,83.0,180.0,101.0,-441.4,16.0
2022-01-09,israel,1629.0,278.0,281.0,-364.5,4.0,4.0,98.0,252.0,113.0,-522.6,11.0
2022-01-09,korea,379.0,52.0,59.0,232.8,1.0,4.0,14.0,72.0,28.0,18.8,0.0
2022-01-09,libya,133.0,7.0,12.0,246.0,0.0,0.0,8.0,0.0,0.0,0.0,0.0
2022-01-09,scs,887.0,82.0,143.0,685.6,2.0,4.0,89.0,3.0,3.0,-15.0,0.0
2022-01-09,southasia,4064.0,623.0,637.0,793.6,9.0,9.0,381.0,23.0,17.0,-61.6,11.0
2022-01-09,sudan,550.0,87.0,55.0,398.5,0.0,0.0,21.0,1.0,1.0,-5.0,1.0
2022-01-09,taiwan,205.0,34.0,23.0,229.1,1.0,1.0,9.0,36.0,21.0,-54.0,1.0
2022-01-09,ukraine,723.0,128.0,96.0,440.7,8.0,30.0,22.0,311.0,117.0,-28.6,41.0
2022-01-09,venezuela,60.0,5.0,0.0,150.5,0.0,0.0,0.0,14.0,0.0,34.1,0.0
2022-01-09,yemen,134.0,23.0,45.0,-347.4,2.0,0.0,8.0,25.0,13.0,-62.3,0.0
2022-01-10,drc,37.0,0.0,16.0,-92.3,0.0,0.0,0.0,0.0,0.0,0.0,0.0
2022-01-10,europe_east,858.0,136.0,76.0,1158.7,0.0,2.0,43.0,48.0,20.0,44.0,3.0
2022-01-10,iran,1397.0,171.0,177.0,1244.1,8.0,1.0,83.0,246.0,115.0,-294.9,23.0
2022-01-10,israel,2455.0,376.0,434.0,-91.0,11.0,4.0,174.0,442.0,207.0,-612.4,35.0
2022-01-10,korea,565.0,41.0,56.0,778.3,0.0,1.0,17.0,60.0,21.0,-73.8,2.0
2022-01-10,libya,273.0,41.0,76.0,-147.0,0.0,1.0,41.0,0.0,0.0,0.0,0.0
2022-01-10,scs,1546.0,167.0,206.0,1437.0,0.0,7.0,93.0,86.0,7.0,304.5,3.0
2022-01-10,southasia,5215.0,769.0,782.0,1640.7,19.0,13.0,384.0,24.0,7.0,18.3,2.0
2022-01-10,sudan,562.0,103.0,94.0,-89.7,1.0,7.0,29.0,4.0,3.0,-12.3,2.0
2022-01-10,taiwan,270.0,44.0,36.0,151.6,0.0,0.0,15.0,82.0,35.0,67.3,5.0
2022-01-10,ukraine,1517.0,219.0,156.0,1601.8,19.0,33.0,41.0,643.0,250.0,-212.4,70.0
2022-01-10,venezuela,143.0,22.0,5.0,156.7,0.0,0.0,2.0,11.0,0.0,21.2,0.0
2022-01-10,yemen,183.0,34.0,33.0,-100.0,0.0,0.0,5.0,48.0,26.0,-62.7,1.0
2022-01-11,drc,11.0,0.0,0.0,36.8,0.0,0.0,0.0,0.0,0.0,0.0,0.0
2022-01-11,europe_east,896.0,98.0,75.0,1441.0,2.0,2.0,36.0,28.0,13.0,19.0,4.0
2022-01-11,iran,1157.0,119.0,156.0,1105.4,4.0,0.0,67.0,162.0,42.0,148.9,2.0
2022-01-11,israel,2163.0,327.0,363.0,-73.6,4.0,2.0,137.0,307.0,143.0,-525.4,17.0
2022-01-11,korea,1299.0,116.0,280.0,-550.4,3.0,2.0,61.0,342.0,155.0,-719.5,18.0
2022-01-11,libya,220.0,18.0,65.0,-126.5,0.0,1.0,25.0,1.0,1.0,-5.0,0.0
2022-01-11,scs,1646.0,205.0,224.0,1364.9,0.0,13.0,119.0,30.0,2.0,130.1,0.0
2022-01-11,southasia,5353.0,855.0,719.0,2463.2,30.0,8.0,383.0,28.0,9.0,-18.1,1.0
2022-01-11,sudan,374.0,50.0,59.0,115.5,0.0,3.0,31.0,3.0,2.0,-6.5,2.0
2022-01-11,taiwan,497.0,67.0,66.0,364.3,1.0,1.0,40.0,132.0,47.0,116.6,6.0
2022-01-11,ukraine,1445.0,216.0,146.0,1731.2,7.0,42.0,40.0,425.0,178.0,-187.9,50.0
2022-01-11,venezuela,134.0,14.0,11.0,210.6,0.0,0.0,8.0,14.0,0.0,44.9,0.0
2022-01-11,yemen,275.0,35.0,71.0,-344.6,3.0,0.0,19.0,52.0,18.0,-36.4,0.0
2022-01-12,drc,15.0,0.0,3.0,-10.0,0.0,0.0,0.0,11.0,6.0,-42.5,0.0
2022-01-12,europe_east,978.0,147.0,119.0,892.4,2.0,27.0,47.0,48.0,15.0,35.9,9.0
2022-01-12,iran,1508.0,190.0,276.0,725.4,4.0,2.0,184.0,273.0,105.0,-204.4,27.0
2022-01-12,israel,2490.0,378.0,477.0,-1226.3,15.0,11.0,170.0,470.0,213.0,-923.1,60.0
2022-01-12,korea,1128.0,145.0,175.0,418.1,1.0,3.0,65.0,225.0,87.0,-181.2,2.0
2022-01-12,libya,137.0,7.0,18.0,206.2,0.0,0.0,9.0,0.0,0.0,0.0,0.0
2022-01-12,scs,1522.0,179.0,262.0,374.4,0.0,11.0,98.0,55.0,20.0,-25.0,6.0
2022-01-12,southasia,5353.0,890.0,744.0,1327.0,14.0,10.0,357.0,24.0,16.0,-45.2,12.0
2022-01-12,sudan,318.0,44.0,68.0,-157.9,0.0,0.0,22.0,0.0,0.0,0.0,0.0
2022-01-12,taiwan,408.0,42.0,47.0,501.2,2.0,0.0,23.0,82.0,42.0,-22.2,5.0
2022-01-12,ukraine,1458.0,225.0,200.0,1441.0,15.0,70.0,52.0,536.0,245.0,-634.0,96.0
2022-01-12,venezuela,129.0,20.0,9.0,153.6,0.0,0.0,5.0,19.0,4.0,31.7,0.0
2022-01-12,yemen,232.0,27.0,63.0,-354.3,3.0,0.0,12.0,61.0,36.0,-219.3,8.0
2022-01-13,drc,16.0,1.0,2.0,36.5,0.0,0.0,0.0,5.0,2.0,-4.0,0.0
2022-01-13,europe_east,923.0,137.0,100.0,819.0,11.0,16.0,46.0,84.0,48.0,-42.1,15.0
2022-01-13,iran,1137.0,165.0,266.0,-351.9,9.0,9.0,143.0,235.0,104.0,-228.6,18.0
2022-01-13,israel,3225.0,488.0,700.0,-2343.4,13.0,14.0,233.0,489.0,237.0,-998.8,41.0
2022-01-13,korea,1039.0,170.0,154.0,383.5,1.0,1.0,97.0,174.0,75.0,-259.8,6.0
2022-01-13,libya,50.0,4.0,7.0,41.3,0.0,0.0,2.0,0.0,0.0,0.0,0.0
2022-01-13,scs,1617.0,179.0,230.0,1327.3,3.0,4.0,89.0,59.0,16.0,47.0,0.0
2022-01-13,southasia,5415.0,783.0,773.0,2918.7,7.0,8.0,343.0,19.0,11.0,-40.6,0.0
2022-01-13,sudan,528.0,123.0,108.0,-591.6,0.0,2.0,29.0,10.0,7.0,-51.3,2.0
2022-01-13,taiwan,361.0,30.0,38.0,543.4,3.0,0.0,18.0,36.0,22.0,-90.2,3.0
2022-01-13,ukraine,1603.0,263.0,199.0,1005.5,35.0,55.0,80.0,565.0,258.0,-643.3,96.0
2022-01-13,venezuela,129.0,23.0,6.0,183.6,0.0,0.0,5.0,10.0,4.0,5.6,0.0
2022-01-13,yemen,254.0,39.0,54.0,-183.0,1.0,0.0,14.0,60.0,29.0,-167.0,1.0
2022-01-14,drc,9.0,0.0,2.0,14.0,0.0,0.0,1.0,4.0,1.0,11.8,1.0
2022-01-14,europe_east,967.0,158.0,120.0,590.5,10.0,13.0,56.0,59.0,33.0,-126.2,6.0
2022-01-14,iran,810.0,108.0,132.0,563.2,3.0,0.0,54.0,180.0,58.0,122.1,7.0
2022-01-14,israel,1914.0,347.0,412.0,-1821.7,14.0,4.0,130.0,283.0,154.0,-697.9,32.0
2022-01-14,korea,1045.0,143.0,255.0,-830.3,6.0,4.0,84.0,297.0,144.0,-543.4,9.0
2022-01-14,libya,71.0,4.0,16.0,99.0,1.0,0.0,10.0,0.0,0.0,0.0,0.0
2022-01-14,scs,1476.0,133.0,197.0,1712.1,1.0,6.0,94.0,75.0,32.0,-50.7,0.0
2022-01-14,southasia,5356.0,847.0,932.0,-147.3,17.0,13.0,415.0,26.0,13.0,-9.6,5.0
2022-01-14,sudan,477.0,107.0,92.0,-549.1,0.0,4.0,23.0,1.0,0.0,-2.0,0.0
2022-01-14,taiwan,325.0,34.0,30.0,486.6,2.0,0.0,15.0,55.0,22.0,-19.8,3.0
2022-01-14,ukraine,2160.0,398.0,234.0,1528.3,48.0,46.0,80.0,771.0,382.0,-1175.6,127.0
2022-01-14,venezuela,105.0,27.0,18.0,-100.0,0.0,2.0,4.0,10.0,6.0,-10.5,1.0
2022-01-14,yemen,136.0,15.0,24.0,-13.2,0.0,0.0,3.0,17.0,8.0,-38.8,0.0
2022-01-15,drc,17.0,1.0,1.0,34.0,0.0,0.0,0.0,0.0,0.0,0.0,0.0
2022-01-15,europe_east,400.0,63.0,46.0,221.3,4.0,13.0,11.0,28.0,3.0,59.2,3.0
2022-01-15,iran,722.0,76.0,70.0,1290.2,2.0,0.0,31.0,80.0,24.0,89.0,3.0
2022-01-15,israel,1172.0,168.0,197.0,-215.5,5.0,0.0,85.0,131.0,76.0,-357.2,16.0
2022-01-15,korea,655.0,94.0,144.0,-398.4,0.0,0.0,45.0,181.0,76.0,-124.3,7.0
2022-01-15,libya,51.0,3.0,7.0,73.8,0.0,0.0,1.0,0.0,0.0,0.0,0.0
2022-01-15,scs,865.0,108.0,100.0,781.9,2.0,7.0,57.0,27.0,18.0,1.4,2.0
2022-01-15,southasia,4311.0,693.0,627.0,1274.1,13.0,19.0,277.0,22.0,11.0,-38.9,5.0
2022-01-15,sudan,232.0,31.0,38.0,120.6,0.0,1.0,28.0,3.0,3.0,-11.0,1.0
2022-01-15,taiwan,151.0,13.0,9.0,200.6,0.0,0.0,1.0,46.0,18.0,-3.6,2.0
2022-01-15,ukraine,1186.0,241.0,102.0,969.6,16.0,18.0,35.0,376.0,202.0,-691.5,60.0
2022-01-15,venezuela,51.0,8.0,4.0,37.3,0.0,0.0,1.0,4.0,0.0,26.3,0.0
2022-01-15,yemen,137.0,26.0,37.0,-225.9,1.0,0.0,7.0,21.0,7.0,13.8,3.0
2022-01-16,drc,6.0,0.0,0.0,28.2,0.0,0.0,0.0,0.0,0.0,0.0,0.0
2022-01-16,europe_east,271.0,43.0,22.0,404.5,1.0,4.0,10.0,31.0,15.0,-15.4,6.0
2022-01-16,iran,610.0,91.0,89.0,565.0,0.0,1.0,56.0,48.0,16.0,76.7,4.0
2022-01-16,israel,1924.0,306.0,267.0,693.2,1.0,6.0,111.0,128.0,59.0,-74.8,13.0
2022-01-16,korea,393.0,30.0,78.0,175.4,3.0,1.0,24.0,63.0,30.0,-124.4,3.0
2022-01-16,libya,109.0,10.0,1.0,283.1,0.0,0.0,0.0,0.0,0.0,0.0,0.0
2022-01-16,scs,916.0,106.0,104.0,747.0,0.0,6.0,54.0,22.0,7.0,31.2,1.0
2022-01-16,southasia,4109.0,733.0,794.0,-1138.5,9.0,8.0,367.0,27.0,19.0,-98.3,5.0
2022-01-16,sudan,232.0,56.0,32.0,157.9,0.0,0.0,28.0,1.0,1.0,-5.0,1.0
2022-01-16,taiwan,169.0,26.0,8.0,233.9,0.0,0.0,6.0,26.0,12.0,-1.0,0.0
2022-01-16,ukraine,1011.0,244.0,78.0,708.0,8.0,14.0,20.0,321.0,154.0,-304.6,39.0
2022-01-16,venezuela,34.0,9.0,5.0,-18.1,0.0,2.0,0.0,3.0,0.0,7.5,0.0
2022-01-16,yemen,107.0,13.0,32.0,-201.2,1.0,0.0,1.0,18.0,3.0,8.4,0.0
2022-01-17,drc,16.0,2.0,4.0,-33.3,0.0,0.0,2.0,0.0,0.0,0.0,0.0
2022-01-17,europe_east,653.0,82.0,64.0,703.4,3.0,9.0,26.0,75.0,30.0,-36.3,10.0
2022-01-17,iran,1106.0,126.0,212.0,627.3,3.0,5.0,95.0,118.0,54.0,-98.0,12.0
2022-01-17,israel,2593.0,364.0,492.0,-96.5,18.0,6.0,168.0,280.0,155.0,-803.9,26.0
2022-01-17,korea,1223.0,160.0,272.0,-723.4,2.0,3.0,52.0,344.0,210.0,-1275.2,12.0
2022-01-17,libya,170.0,16.0,7.0,313.8,0.0,0.0,3.0,0.0,0.0,0.0,0.0
2022-01-17,scs,1588.0,158.0,244.0,1006.5,4.0,3.0,93.0,66.0,20.0,88.0,1.0
2022-01-17,southasia,5660.0,930.0,913.0,639.2,13.0,12.0,399.0,20.0,7.0,16.1,3.0
2022-01-17,sudan,715.0,141.0,145.0,-414.1,1.0,7.0,54.0,12.0,6.0,-14.0,0.0
2022-01-17,taiwan,255.0,26.0,27.0,257.4,5.0,0.0,19.0,49.0,16.0,6.0,7.0
2022-01-17,ukraine,1991.0,312.0,225.0,1229.7,37.0,54.0,60.0,705.0,359.0,-953.9,120.0
2022-01-17,venezuela,65.0,8.0,20.0,-43.9,0.0,3.0,7.0,5.0,0.0,30.0,0.0
2022-01-17,yemen,489.0,108.0,152.0,-1231.4,11.0,1.0,6.0,161.0,109.0,-711.9,4.0
2022-01-18,drc,30.0,8.0,0.0,53.7,0.0,0.0,0.0,4.0,0.0,9.4,0.0
2022-01-18,europe_east,1076.0,133.0,96.0,1248.3,4.0,6.0,42.0,74.0,22.0,11.3,3.0
2022-01-18,iran,1311.0,249.0,152.0,1390.3,7.0,1.0,68.0,137.0,55.0,13.6,6.0
2022-01-18,israel,2426.0,384.0,414.0,-38.8,4.0,3.0,184.0,230.0,86.0,-98.5,30.0
2022-01-18,korea,1000.0,96.0,198.0,-65.0,1.0,4.0,51.0,203.0,82.0,-398.9,12.0
2022-01-18,libya,179.0,19.0,34.0,-17.2,0.0,0.0,16.0,0.0,0.0,0.0,0.0
2022-01-18,scs,1541.0,168.0,227.0,843.8,0.0,5.0,83.0,87.0,5.0,250.5,0.0
2022-01-18,southasia,5966.0,1059.0,923.0,414.1,11.0,11.0,351.0,6.0,1.0,-6.3,0.0
2022-01-18,sudan,696.0,125.0,128.0,-342.5,1.0,0.0,43.0,1.0,1.0,-5.0,1.0
2022-01-18,taiwan,295.0,26.0,31.0,478.5,2.0,1.0,18.0,62.0,26.0,-51.6,9.0
2022-01-18,ukraine,3098.0,371.0,361.0,3306.8,37.0,76.0,120.0,1017.0,434.0,-801.7,123.0
2022-01-18,venezuela,103.0,18.0,16.0,-30.7,1.0,0.0,10.0,8.0,0.0,24.2,0.0
2022-01-18,yemen,778.0,160.0,233.0,-1683.3,5.0,0.0,20.0,266.0,170.0,-1094.9,6.0
2022-01-19,drc,58.0,10.0,21.0,-134.0,0.0,0.0,2.0,2.0,0.0,4.7,0.0
2022-01-19,europe_east,882.0,93.0,118.0,775.0,6.0,6.0,47.0,119.0,59.0,-175.9,42.0
2022-01-19,iran,1089.0,130.0,162.0,1247.4,2.0,1.0,88.0,147.0,40.0,217.9,6.0
2022-01-19,israel,3061.0,441.0,496.0,264.3,11.0,5.0,226.0,376.0,172.0,-457.8,44.0
2022-01-19,korea,742.0,89.0,118.0,473.4,1.0,0.0,59.0,135.0,54.0,-114.5,28.0
2022-01-19,libya,118.0,11.0,10.0,136.8,0.0,2.0,2.0,2.0,0.0,7.0,0.0
2022-01-19,scs,1591.0,177.0,219.0,1321.7,0.0,3.0,124.0,72.0,5.0,248.0,1.0
2022-01-19,southasia,5819.0,883.0,850.0,2632.7,8.0,29.0,375.0,6.0,2.0,4.4,1.0
2022-01-19,sudan,486.0,65.0,72.0,125.4,0.0,0.0,15.0,4.0,2.0,-15.5,1.0
2022-01-19,taiwan,407.0,55.0,45.0,433.8,0.0,1.0,28.0,77.0,42.0,-85.6,9.0
2022-01-19,ukraine,4024.0,498.0,439.0,4741.8,56.0,81.0,144.0,1308.0,518.0,-1081.2,144.0
2022-01-19,venezuela,114.0,9.0,23.0,66.6,0.0,3.0,10.0,14.0,2.0,40.8,0.0
2022-01-19,yemen,487.0,81.0,157.0,-1014.1,3.0,5.0,24.0,113.0,50.0,-184.9,3.0
2022-01-20,drc,97.0,12.0,36.0,-145.4,0.0,0.0,11.0,5.0,0.0,28.7,0.0
2022-01-20,europe_east,1183.0,123.0,159.0,1204.9,5.0,12.0,57.0,120.0,64.0,-206.3,37.0
2022-01-20,iran,1476.0,141.0,190.0,2413.8,2.0,7.0,80.0,242.0,67.0,269.5,14.0
2022-01-20,israel,3447.0,528.0,515.0,1350.8,10.0,9.0,251.0,438.0,211.0,-615.7,50.0
2022-01-20,korea,983.0,129.0,149.0,738.3,0.0,2.0,82.0,212.0,87.0,-133.6,25.0
2022-01-20,libya,72.0,13.0,5.0,125.4,0.0,0.0,1.0,0.0,0.0,0.0,0.0
2022-01-20,scs,1592.0,172.0,237.0,1307.2,1.0,2.0,105.0,27.0,10.0,39.9,0.0
2022-01-20,southasia,5805.0,943.0,936.0,1237.2,19.0,9.0,428.0,1.0,0.0,3.4,0.0
2022-01-20,sudan,505.0,108.0,97.0,-375.9,1.0,0.0,34.0,3.0,2.0,-11.5,1.0
2022-01-20,taiwan,430.0,50.0,39.0,589.5,0.0,1.0,21.0,83.0,27.0,75.7,3.0
2022-01-20,ukraine,3992.0,540.0,447.0,4350.3,30.0,81.0,164.0,1332.0,522.0,-670.4,130.0
2022-01-20,venezuela,161.0,19.0,19.0,168.6,0.0,1.0,12.0,13.0,3.0,-0.6,0.0
2022-01-20,yemen,381.0,49.0,133.0,-870.1,0.0,1.0,17.0,67.0,21.0,-10.2,1.0
2022-01-21,drc,29.0,3.0,14.0,-95.4,0.0,0.0,3.0,0.0,0.0,0.0,0.0
2022-01-21,europe_east,1139.0,145.0,138.0,1324.8,2.0,5.0,46.0,118.0,51.0,-60.8,10.0
2022-01-21,iran,1151.0,128.0,184.0,1293.5,3.0,5.0,67.0,164.0,39.0,335.9,0.0
2022-01-21,israel,1976.0,339.0,298.0,267.6,5.0,4.0,125.0,224.0,115.0,-403.1,25.0
2022-01-21,korea,788.0,96.0,96.0,1033.1,1.0,0.0,61.0,101.0,32.0,17.7,7.0
2022-01-21,libya,104.0,16.0,20.0,-4.5,1.0,0.0,9.0,0.0,0.0,0.0,0.0
2022-01-21,scs,1387.0,178.0,127.0,1483.2,1.0,1.0,72.0,82.0,22.0,65.8,0.0
2022-01-21,southasia,5625.0,1001.0,786.0,1435.1,10.0,9.0,372.0,14.0,4.0,-10.6,1.0
2022-01-21,sudan,276.0,88.0,32.0,61.8,0.0,0.0,21.0,1.0,0.0,3.0,0.0
2022-01-21,taiwan,386.0,36.0,36.0,459.2,0.0,0.0,18.0,75.0,38.0,-164.4,26.0
2022-01-21,ukraine,3876.0,570.0,533.0,2834.2,43.0,71.0,236.0,1250.0,561.0,-1552.7,159.0
2022-01-21,venezuela,94.0,14.0,14.0,92.8,0.0,0.0,10.0,20.0,2.0,54.1,0.0
2022-01-21,yemen,483.0,87.0,156.0,-1229.7,8.0,0.0,10.0,145.0,73.0,-355.8,4.0
2022-01-22,drc,16.0,1.0,5.0,3.4,0.0,0.0,5.0,0.0,0.0,0.0,0.0
2022-01-22,europe_east,632.0,53.0,52.0,1357.1,0.0,8.0,18.0,50.0,26.0,-46.4,5.0
2022-01-22,iran,638.0,70.0,98.0,651.8,0.0,2.0,49.0,79.0,39.0,11.6,7.0
2022-01-22,israel,1082.0,178.0,211.0,-179.0,9.0,3.0,77.0,132.0,70.0,-253.4,25.0
2022-01-22,korea,383.0,34.0,50.0,314.2,3.0,0.0,23.0,33.0,6.0,61.6,0.0
2022-01-22,libya,70.0,18.0,2.0,77.8,1.0,2.0,0.0,0.0,0.0,0.0,0.0
2022-01-22,scs,1246.0,143.0,139.0,1029.0,3.0,5.0,87.0,41.0,3.0,119.5,0.0
2022-01-22,southasia,4404.0,788.0,659.0,687.0,13.0,11.0,274.0,22.0,8.0,16.5,1.0
2022-01-22,sudan,171.0,31.0,30.0,0.2,0.0,0.0,17.0,0.0,0.0,0.0,0.0
2022-01-22,taiwan,275.0,27.0,18.0,444.9,0.0,2.0,13.0,61.0,19.0,71.9,8.0
2022-01-22,ukraine,2585.0,380.0,329.0,2440.3,24.0,64.0,125.0,932.0,393.0,-403.3,146.0
2022-01-22,venezuela,66.0,15.0,12.0,-16.2,0.0,0.0,7.0,18.0,4.0,8.2,4.0
2022-01-22,yemen,564.0,140.0,135.0,-1052.0,7.0,4.0,11.0,168.0,85.0,-385.0,11.0
2022-01-23,drc,2.0,0.0,0.0,7.4,0.0,0.0,0.0,0.0,0.0,0.0,0.0
2022-01-23,europe_east,433.0,47.0,49.0,558.1,1.0,2.0,25.0,39.0,22.0,-50.0,3.0
2022-01-23,iran,779.0,119.0,113.0,525.6,1.0,5.0,65.0,188.0,75.0,-48.7,13.0
2022-01-23,israel,1852.0,291.0,298.0,-79.2,14.0,4.0,111.0,199.0,88.0,-316.9,26.0
2022-01-23,korea,341.0,58.0,35.0,271.9,7.0,0.0,23.0,32.0,7.0,99.8,1.0
2022-01-23,libya,51.0,11.0,2.0,42.3,0.0,0.0,0.0,0.0,0.0,0.0,0.0
2022-01-23,scs,1145.0,128.0,153.0,770.4,1.0,3.0,86.0,31.0,8.0,58.4,0.0
2022-01-23,southasia,3945.0,704.0,611.0,362.1,15.0,34.0,302.0,16.0,4.0,10.7,3.0
2022-01-23,sudan,165.0,17.0,57.0,-165.4,0.0,0.0,39.0,1.0,0.0,-0.4,0.0
2022-01-23,taiwan,210.0,23.0,21.0,210.7,2.0,0.0,4.0,62.0,21.0,22.0,6.0
2022-01-23,ukraine,2476.0,457.0,264.0,2391.3,18.0,60.0,80.0,957.0,377.0,-286.4,106.0
2022-01-23,venezuela,83.0,12.0,7.0,95.9,0.0,0.0,1.0,2.0,0.0,0.4,0.0
2022-01-23,yemen,304.0,60.0,89.0,-669.7,2.0,0.0,11.0,83.0,37.0,-193.4,1.0
2022-01-24,drc,2.0,0.0,0.0,3.0,0.0,0.0,0.0,2.0,0.0,12.8,0.0
2022-01-24,europe_east,1072.0,126.0,194.0,628.8,2.0,18.0,57.0,109.0,40.0,-156.2,5.0
2022-01-24,iran,1078.0,165.0,173.0,795.3,5.0,2.0,92.0,314.0,110.0,130.2,19.0
2022-01-24,israel,2456.0,387.0,360.0,247.3,11.0,5.0,134.0,361.0,159.0,-537.3,35.0
2022-01-24,korea,509.0,44.0,57.0,761.9,1.0,3.0,30.0,61.0,21.0,3.0,0.0
2022-01-24,libya,126.0,14.0,9.0,207.8,0.0,2.0,5.0,0.0,0.0,0.0,0.0
2022-01-24,scs,1742.0,191.0,172.0,2131.0,2.0,1.0,81.0,65.0,23.0,-20.7,3.0
2022-01-24,southasia,5008.0,826.0,658.0,2661.2,13.0,25.0,302.0,11.0,6.0,-9.7,4.0
2022-01-24,sudan,402.0,93.0,82.0,-383.0,0.0,0.0,30.0,0.0,0.0,0.0,0.0
2022-01-24,taiwan,399.0,69.0,67.0,-25.9,7.0,3.0,17.0,163.0,82.0,-216.7,19.0
2022-01-24,ukraine,4841.0,871.0,772.0,1963.2,55.0,201.0,316.0,1375.0,619.0,-1062.4,224.0
2022-01-24,venezuela,87.0,12.0,19.0,-23.6,0.0,0.0,6.0,23.0,7.0,5.6,5.0
2022-01-24,yemen,544.0,94.0,181.0,-1365.2,15.0,1.0,5.0,188.0,92.0,-475.6,12.0
2022-01-25,drc,35.0,8.0,2.0,32.8,1.0,0.0,1.0,1.0,0.0,7.4,0.0
2022-01-25,europe_east,1262.0,143.0,193.0,1343.1,8.0,50.0,51.0,131.0,40.0,-110.6,2.0
2022-01-25,iran,1262.0,196.0,206.0,791.7,3.0,0.0,146.0,242.0,62.0,357.1,7.0
2022-01-25,israel,2500.0,322.0,381.0,880.7,13.0,2.0,127.0,236.0,122.0,-581.7,20.0
2022-01-25,korea,825.0,67.0,176.0,-109.5,0.0,1.0,38.0,132.0,68.0,-419.8,4.0
2022-01-25,libya,205.0,39.0,17.0,195.8,0.0,0.0,4.0,2.0,0.0,7.0,0.0
2022-01-25,scs,1771.0,171.0,234.0,1746.1,0.0,1.0,92.0,55.0,19.0,73.3,3.0
2022-01-25,southasia,5295.0,911.0,749.0,1827.2,6.0,28.0,279.0,26.0,16.0,-37.1,5.0
2022-01-25,sudan,562.0,100.0,117.0,-445.1,1.0,5.0,34.0,0.0,0.0,0.0,0.0
2022-01-25,taiwan,375.0,36.0,38.0,484.6,3.0,3.0,13.0,83.0,37.0,-69.8,7.0
2022-01-25,ukraine,4741.0,735.0,782.0,1975.0,49.0,249.0,260.0,1386.0,650.0,-1606.5,269.0
2022-01-25,venezuela,92.0,11.0,15.0,90.4,0.0,0.0,9.0,11.0,8.0,-17.8,4.0
2022-01-25,yemen,467.0,50.0,191.0,-1433.6,5.0,0.0,12.0,158.0,90.0,-612.0,5.0
2022-01-26,drc,39.0,2.0,0.0,256.7,0.0,0.0,0.0,4.0,1.0,9.2,0.0
2022-01-26,europe_east,1096.0,130.0,121.0,1406.0,7.0,42.0,29.0,102.0,40.0,-39.2,4.0
2022-01-26,iran,1108.0,152.0,170.0,655.9,1.0,0.0,97.0,154.0,37.0,150.7,2.0
2022-01-26,israel,2819.0,340.0,357.0,2606.1,10.0,2.0,139.0,370.0,144.0,-295.6,25.0
2022-01-26,korea,556.0,56.0,72.0,498.5,4.0,0.0,23.0,68.0,30.0,-130.6,3.0
2022-01-26,libya,189.0,24.0,21.0,283.2,0.0,2.0,15.0,0.0,0.0,0.0,0.0
2022-01-26,scs,1826.0,224.0,206.0,2142.2,4.0,4.0,110.0,97.0,35.0,76.5,19.0
2022-01-26,southasia,5315.0,708.0,638.0,4140.7,17.0,31.0,247.0,13.0,8.0,-39.6,1.0
2022-01-26,sudan,472.0,98.0,150.0,-1249.1,0.0,2.0,53.0,3.0,3.0,-9.0,1.0
2022-01-26,taiwan,336.0,32.0,48.0,355.5,2.0,6.0,21.0,95.0,23.0,48.2,7.0
2022-01-26,ukraine,4893.0,805.0,660.0,2852.8,70.0,170.0,193.0,1670.0,717.0,-866.0,227.0
2022-01-26,venezuela,67.0,6.0,8.0,89.1,0.0,1.0,3.0,7.0,2.0,9.4,2.0
2022-01-26,yemen,369.0,53.0,139.0,-956.1,3.0,6.0,12.0,106.0,64.0,-407.9,8.0
2022-01-27,drc,26.0,6.0,4.0,-26.4,2.0,0.0,0.0,3.0,3.0,-8.4,0.0
2022-01-27,europe_east,1584.0,132.0,241.0,1753.9,1.0,20.0,72.0,88.0,24.0,4.3,6.0
2022-01-27,iran,1073.0,148.0,190.0,441.4,7.0,13.0,56.0,269.0,115.0,-32.1,22.0
2022-01-27,israel,2693.0,397.0,437.0,405.6,11.0,1.0,141.0,354.0,172.0,-499.8,29.0
2022-01-27,korea,1062.0,107.0,222.0,-142.9,2.0,5.0,39.0,259.0,136.0,-744.1,3.0
2022-01-27,libya,144.0,15.0,18.0,217.6,0.0,0.0,11.0,0.0,0.0,0.0,0.0
2022-01-27,scs,1387.0,173.0,128.0,1577.2,4.0,2.0,46.0,57.0,8.0,145.6,1.0
2022-01-27,southasia,5483.0,747.0,707.0,3441.0,10.0,8.0,301.0,20.0,4.0,37.1,0.0
2022-01-27,sudan,252.0,41.0,66.0,-365.0,0.0,8.0,19.0,0.0,0.0,0.0,0.0
2022-01-27,taiwan,502.0,62.0,35.0,686.2,1.0,5.0,11.0,83.0,24.0,76.2,1.0
2022-01-27,ukraine,4303.0,552.0,646.0,2755.8,44.0,161.0,138.0,1372.0,542.0,-309.7,203.0
2022-01-27,venezuela,123.0,8.0,7.0,129.1,0.0,0.0,3.0,11.0,2.0,-1.1,0.0
2022-01-27,yemen,392.0,48.0,90.0,-365.8,6.0,4.0,11.0,132.0,46.0,-64.5,6.0
2022-01-28,drc,30.0,2.0,9.0,-46.3,0.0,0.0,4.0,1.0,1.0,-9.0,0.0
2022-01-28,europe_east,1351.0,151.0,152.0,1556.4,4.0,17.0,60.0,146.0,50.0,73.7,11.0
2022-01-28,iran,994.0,133.0,142.0,1047.4,5.0,7.0,56.0,175.0,74.0,-41.1,11.0
2022-01-28,israel,2047.0,286.0,314.0,278.7,8.0,3.0,84.0,234.0,103.0,-298.5,12.0
2022-01-28,korea,623.0,73.0,115.0,62.0,1.0,5.0,34.0,124.0,61.0,-167.5,4.0
2022-01-28,libya,158.0,12.0,31.0,62.3,0.0,0.0,15.0,2.0,0.0,14.0,0.0
2022-01-28,scs,1558.0,140.0,127.0,2632.4,0.0,13.0,48.0,38.0,12.0,51.0,2.0
2022-01-28,southasia,5974.0,936.0,863.0,2003.1,31.0,12.0,300.0,41.0,9.0,51.8,1.0
2022-01-28,sudan,271.0,41.0,64.0,-205.2,1.0,0.0,17.0,0.0,0.0,0.0,0.0
2022-01-28,taiwan,430.0,60.0,24.0,665.9,2.0,2.0,14.0,95.0,31.0,-34.6,6.0
2022-01-28,ukraine,4224.0,654.0,551.0,2003.7,47.0,124.0,138.0,1346.0,518.0,-457.6,158.0
2022-01-28,venezuela,135.0,13.0,35.0,-54.6,0.0,1.0,17.0,13.0,1.0,52.0,1.0
2022-01-28,yemen,235.0,31.0,85.0,-535.1,2.0,3.0,8.0,95.0,59.0,-304.1,2.0
2022-01-29,drc,20.0,2.0,3.0,14.8,0.0,0.0,0.0,3.0,3.0,-15.0,3.0
2022-01-29,europe_east,571.0,70.0,52.0,803.9,3.0,4.0,23.0,68.0,16.0,47.4,7.0
2022-01-29,iran,602.0,86.0,67.0,715.5,3.0,0.0,26.0,104.0,41.0,5.0,4.0
2022-01-29,israel,1306.0,177.0,189.0,129.1,0.0,2.0,62.0,142.0,67.0,-198.5,2.0
2022-01-29,korea,230.0,27.0,38.0,103.5,1.0,0.0,15.0,37.0,14.0,-50.2,1.0
2022-01-29,libya,78.0,9.0,11.0,40.8,0.0,0.0,0.0,2.0,2.0,-18.0,0.0
2022-01-29,scs,956.0,87.0,86.0,1697.7,1.0,8.0,47.0,2.0,0.0,4.7,0.0
2022-01-29,southasia,4501.0,688.0,620.0,1799.9,6.0,7.0,244.0,25.0,14.0,-22.5,2.0
2022-01-29,sudan,89.0,8.0,10.0,121.2,0.0,1.0,3.0,0.0,0.0,0.0,0.0
2022-01-29,taiwan,313.0,41.0,18.0,409.1,3.0,2.0,11.0,90.0,30.0,6.5,2.0
2022-01-29,ukraine,2617.0,373.0,386.0,1489.5,32.0,112.0,94.0,855.0,340.0,-388.3,104.0
2022-01-29,venezuela,123.0,17.0,24.0,15.1,0.0,0.0,18.0,11.0,6.0,-3.0,3.0
2022-01-29,yemen,221.0,30.0,73.0,-462.8,0.0,0.0,7.0,65.0,47.0,-336.1,0.0
2022-01-30,drc,32.0,5.0,7.0,-20.0,0.0,0.0,4.0,1.0,1.0,-5.0,0.0
2022-01-30,europe_east,435.0,72.0,65.0,215.5,3.0,13.0,20.0,53.0,12.0,114.7,3.0
2022-01-30,iran,678.0,92.0,114.0,548.4,5.0,0.0,46.0,134.0,36.0,97.2,4.0
2022-01-30,israel,2484.0,255.0,260.0,2761.6,2.0,5.0,116.0,223.0,71.0,10.6,18.0
2022-01-30,korea,813.0,132.0,157.0,-591.3,8.0,4.0,19.0,236.0,127.0,-637.1,5.0
2022-01-30,libya,119.0,18.0,10.0,123.0,2.0,0.0,4.0,1.0,0.0,-2.0,0.0
2022-01-30,scs,943.0,113.0,101.0,1229.4,2.0,6.0,57.0,31.0,14.0,-11.2,10.0
2022-01-30,southasia,4248.0,713.0,758.0,-1157.0,7.0,3.0,246.0,26.0,15.0,-54.1,2.0
2022-01-30,sudan,269.0,62.0,58.0,-308.2,0.0,1.0,21.0,1.0,1.0,-5.0,1.0
2022-01-30,taiwan,290.0,23.0,13.0,637.5,0.0,2.0,8.0,55.0,15.0,66.0,1.0
2022-01-30,ukraine,1971.0,320.0,265.0,1298.5,39.0,88.0,75.0,617.0,269.0,-560.7,93.0
2022-01-30,venezuela,52.0,13.0,7.0,7.5,0.0,0.0,3.0,3.0,1.0,-3.0,1.0
2022-01-30,yemen,348.0,31.0,106.0,-609.2,0.0,1.0,8.0,80.0,40.0,-252.2,3.0
2022-01-31,drc,12.0,0.0,2.0,-0.5,0.0,0.0,0.0,3.0,3.0,-15.0,3.0
2022-01-31,europe_east,838.0,114.0,81.0,953.9,10.0,9.0,28.0,70.0,21.0,27.6,4.0
2022-01-31,iran,919.0,131.0,164.0,410.4,7.0,0.0,51.0,143.0,49.0,23.3,9.0
2022-01-31,israel,3225.0,447.0,492.0,644.5,5.0,7.0,163.0,478.0,215.0,-786.3,46.0
2022-01-31,korea,1099.0,171.0,129.0,576.4,2.0,2.0,51.0,304.0,69.0,211.1,8.0
2022-01-31,libya,150.0,20.0,25.0,65.3,2.0,0.0,8.0,0.0,0.0,0.0,0.0
2022-01-31,scs,1420.0,153.0,167.0,1267.9,5.0,2.0,66.0,55.0,17.0,29.4,11.0
2022-01-31,southasia,5337.0,889.0,939.0,-855.4,15.0,7.0,297.0,43.0,12.0,50.8,3.0
2022-01-31,sudan,363.0,62.0,77.0,-312.0,0.0,1.0,29.0,1.0,1.0,-5.0,1.0
2022-01-31,taiwan,212.0,25.0,32.0,140.1,0.0,2.0,12.0,51.0,14.0,99.9,0.0
2022-01-31,ukraine,3784.0,532.0,377.0,4638.2,66.0,112.0,100.0,1113.0,435.0,-466.2,129.0
2022-01-31,venezuela,137.0,19.0,25.0,-19.0,0.0,0.0,11.0,26.0,3.0,56.4,1.0
2022-01-31,yemen,426.0,57.0,131.0,-784.4,1.0,0.0,2.0,152.0,91.0,-596.6,2.0
2022-02-01,drc,25.0,1.0,6.0,19.2,0.0,0.0,2.0,2.0,0.0,7.4,0.0
2022-02-01,europe_east,1416.0,129.0,128.0,2502.9,4.0,15.0,44.0,187.0,89.0,-275.4,29.0
2022-02-01,iran,1046.0,112.0,137.0,1397.1,3.0,3.0,60.0,220.0,46.0,367.6,5.0
2022-02-01,israel,3474.0,588.0,509.0,446.7,14.0,3.0,264.0,506.0,216.0,-527.3,61.0
2022-02-01,korea,616.0,66.0,70.0,628.4,3.0,4.0,24.0,111.0,33.0,-8.4,4.0
2022-02-01,libya,198.0,22.0,32.0,127.7,0.0,0.0,14.0,0.0,0.0,0.0,0.0
2022-02-01,scs,1412.0,111.0,207.0,1028.2,2.0,11.0,86.0,58.0,6.0,160.5,0.0
2022-02-01,southasia,5554.0,1032.0,756.0,1123.0,7.0,12.0,372.0,22.0,8.0,-1.5,2.0
2022-02-01,sudan,336.0,42.0,33.0,311.2,0.0,1.0,23.0,2.0,2.0,-10.0,2.0
2022-02-01,taiwan,281.0,27.0,36.0,226.0,0.0,0.0,12.0,99.0,34.0,-1.9,5.0
2022-02-01,ukraine,4894.0,705.0,528.0,5434.5,61.0,134.0,171.0,1477.0,574.0,-136.6,139.0
2022-02-01,venezuela,159.0,27.0,21.0,21.9,0.0,0.0,12.0,31.0,10.0,-29.3,0.0
2022-02-01,yemen,251.0,42.0,62.0,-335.2,1.0,1.0,2.0,58.0,42.0,-294.9,0.0
2022-02-02,drc,103.0,10.0,31.0,-102.4,0.0,0.0,4.0,7.0,0.0,29.0,0.0
2022-02-02,europe_east,1785.0,116.0,193.0,3795.5,6.0,66.0,58.0,159.0,75.0,-196.3,43.0
2022-02-02,iran,906.0,129.0,146.0,606.0,7.0,2.0,83.0,200.0,73.0,-1.7,18.0
2022-02-02,israel,3074.0,507.0,414.0,977.1,13.0,3.0,177.0,374.0,156.0,-364.7,30.0
2022-02-02,korea,645.0,78.0,68.0,878.9,1.0,2.0,19.0,105.0,31.0,215.7,3.0
2022-02-02,libya,150.0,20.0,12.0,190.5,0.0,1.0,7.0,0.0,0.0,0.0,0.0
2022-02-02,scs,1297.0,160.0,106.0,1754.8,2.0,5.0,43.0,41.0,4.0,122.8,3.0
2022-02-02,southasia,5725.0,1021.0,815.0,1292.4,14.0,5.0,316.0,26.0,10.0,1.5,7.0
2022-02-02,sudan,238.0,37.0,28.0,216.7,0.0,0.0,8.0,1.0,1.0,-4.4,0.0
2022-02-02,taiwan,304.0,20.0,25.0,509.3,1.0,2.0,9.0,76.0,19.0,5.6,4.0
2022-02-02,ukraine,4377.0,591.0,600.0,4209.7,61.0,210.0,115.0,1281.0,557.0,-1131.1,156.0
2022-02-02,venezuela,181.0,30.0,17.0,115.8,4.0,0.0,6.0,19.0,6.0,6.2,0.0
2022-02-02,yemen,310.0,41.0,107.0,-725.5,4.0,1.0,5.0,89.0,45.0,-180.5,5.0
2022-02-03,drc,94.0,22.0,33.0,-263.3,0.0,2.0,0.0,2.0,2.0,-10.0,2.0
2022-02-03,europe_east,1858.0,115.0,219.0,3744.1,4.0,113.0,52.0,152.0,36.0,259.9,15.0
2022-02-03,iran,934.0,127.0,119.0,866.4,8.0,2.0,46.0,165.0,54.0,150.1,6.0
2022-02-03,israel,3231.0,508.0,436.0,1693.8,17.0,4.0,156.0,434.0,175.0,-301.9,37.0
2022-02-03,korea,572.0,78.0,49.0,672.6,5.0,5.0,19.0,56.0,20.0,-33.8,6.0
2022-02-03,libya,337.0,24.0,26.0,487.1,0.0,0.0,12.0,0.0,0.0,0.0,0.0
2022-02-03,scs,1527.0,145.0,158.0,2244.7,1.0,10.0,56.0,58.0,10.0,106.2,0.0
2022-02-03,southasia,6181.0,1054.0,1081.0,-1498.2,15.0,11.0,383.0,25.0,8.0,37.5,0.0
2022-02-03,sudan,362.0,32.0,83.0,128.0,0.0,2.0,42.0,1.0,1.0,-8.0,0.0
2022-02-03,taiwan,187.0,17.0,6.0,443.6,2.0,0.0,1.0,29.0,9.0,2.2,5.0
2022-02-03,ukraine,4334.0,562.0,585.0,3821.7,62.0,205.0,123.0,1205.0,549.0,-1328.2,207.0
2022-02-03,venezuela,156.0,31.0,28.0,-110.5,0.0,0.0,9.0,17.0,4.0,-6.6,0.0
2022-02-03,yemen,328.0,41.0,140.0,-1075.0,3.0,1.0,10.0,93.0,58.0,-328.2,9.0
2022-02-04,drc,71.0,18.0,29.0,-238.4,1.0,2.0,3.0,7.0,3.0,-6.8,0.0
2022-02-04,europe_east,1271.0,125.0,164.0,2102.4,7.0,65.0,43.0,102.0,44.0,14.9,19.0
2022-02-04,iran,658.0,85.0,118.0,399.5,2.0,1.0,60.0,135.0,55.0,28.3,8.0
2022-02-04,israel,2339.0,354.0,306.0,906.0,5.0,3.0,85.0,271.0,117.0,-277.3,14.0
2022-02-04,korea,626.0,81.0,71.0,608.4,0.0,1.0,31.0,76.0,7.0,179.1,2.0
2022-02-04,libya,83.0,8.0,13.0,60.5,0.0,0.0,6.0,0.0,0.0,0.0,0.0
2022-02-04,scs,1466.0,182.0,173.0,1176.5,3.0,7.0,85.0,16.0,6.0,9.6,1.0
2022-02-04,southasia,6118.0,1131.0,1039.0,-1502.4,10.0,13.0,366.0,26.0,10.0,0.8,2.0
2022-02-04,sudan,351.0,38.0,63.0,87.9,1.0,1.0,21.0,0.0,0.0,0.0,0.0
2022-02-04,taiwan,266.0,19.0,25.0,446.1,0.0,1.0,13.0,41.0,5.0,58.5,0.0
2022-02-04,ukraine,3181.0,440.0,372.0,3264.9,41.0,111.0,80.0,996.0,439.0,-894.1,147.0
2022-02-04,venezuela,192.0,37.0,34.0,-13.7,1.0,4.0,8.0,8.0,4.0,0.9,0.0
2022-02-04,yemen,275.0,41.0,97.0,-657.4,9.0,1.0,10.0,98.0,50.0,-195.1,6.0
2022-02-05,drc,34.0,5.0,3.0,50.4,1.0,0.0,1.0,11.0,4.0,5.1,0.0
2022-02-05,europe_east,777.0,60.0,113.0,1234.9,0.0,43.0,28.0,43.0,5.0,125.1,2.0
2022-02-05,iran,798.0,104.0,114.0,850.5,2.0,0.0,61.0,177.0,56.0,213.9,6.0
2022-02-05,israel,1401.0,193.0,181.0,829.8,1.0,1.0,72.0,174.0,87.0,-287.5,14.0
2022-02-05,korea,448.0,71.0,40.0,478.1,1.0,1.0,15.0,137.0,32.0,230.7,6.0
2022-02-05,libya,73.0,11.0,17.0,-51.9,0.0,0.0,3.0,0.0,0.0,0.0,0.0
2022-02-05,scs,717.0,92.0,70.0,671.6,2.0,6.0,22.0,49.0,6.0,159.1,0.0
2022-02-05,southasia,5047.0,948.0,798.0,-1009.5,4.0,11.0,256.0,23.0,13.0,-52.7,3.0
2022-02-05,sudan,149.0,38.0,41.0,-247.8,0.0,0.0,15.0,2.0,1.0,-3.8,1.0
2022-02-05,taiwan,162.0,30.0,23.0,119.4,0.0,0.0,9.0,44.0,15.0,6.0,1.0
2022-02-05,ukraine,1768.0,258.0,233.0,1696.5,15.0,87.0,34.0,660.0,333.0,-884.4,132.0
2022-02-05,venezuela,77.0,15.0,19.0,-78.1,0.0,0.0,12.0,29.0,11.0,-2.9,3.0
2022-02-05,yemen,152.0,15.0,57.0,-222.0,0.0,0.0,9.0,52.0,22.0,-64.2,0.0
2022-02-06,drc,33.0,0.0,6.0,11.8,0.0,0.0,0.0,9.0,0.0,33.9,0.0
2022-02-06,europe_east,701.0,43.0,167.0,566.5,1.0,68.0,21.0,46.0,24.0,-141.6,1.0
2022-02-06,iran,875.0,112.0,136.0,441.4,9.0,5.0,61.0,221.0,67.0,227.0,7.0
2022-02-06,israel,1684.0,266.0,304.0,-426.8,4.0,2.0,130.0,286.0,141.0,-581.5,15.0
2022-02-06,korea,304.0,47.0,44.0,410.9,1.0,0.0,24.0,31.0,8.0,12.8,3.0
2022-02-06,libya,65.0,11.0,6.0,79.7,0.0,0.0,0.0,0.0,0.0,0.0,0.0
2022-02-06,scs,865.0,104.0,64.0,1122.9,6.0,0.0,40.0,46.0,3.0,215.8,0.0
2022-02-06,southasia,4360.0,687.0,693.0,432.7,6.0,13.0,208.0,20.0,11.0,-10.4,2.0
2022-02-06,sudan,175.0,38.0,30.0,-80.6,0.0,2.0,3.0,0.0,0.0,0.0,0.0
2022-02-06,taiwan,191.0,28.0,11.0,312.5,0.0,2.0,5.0,52.0,7.0,138.9,0.0
2022-02-06,ukraine,1797.0,286.0,232.0,1059.1,37.0,77.0,40.0,670.0,312.0,-971.7,153.0
2022-02-06,venezuela,137.0,14.0,19.0,59.3,0.0,2.0,7.0,9.0,2.0,16.4,0.0
2022-02-06,yemen,145.0,19.0,47.0,-237.3,7.0,0.0,5.0,46.0,17.0,5.9,1.0
2022-02-07,drc,38.0,3.0,16.0,-109.2,0.0,0.0,10.0,12.0,2.0,42.4,0.0
2022-02-07,europe_east,1689.0,129.0,262.0,2726.5,7.0,108.0,48.0,201.0,49.0,350.9,21.0
2022-02-07,iran,1401.0,178.0,132.0,2503.1,6.0,1.0,69.0,340.0,74.0,469.4,7.0
2022-02-07,israel,3120.0,518.0,398.0,812.4,16.0,3.0,160.0,470.0,205.0,-668.1,38.0
2022-02-07,korea,721.0,99.0,72.0,1019.3,4.0,5.0,33.0,89.0,10.0,126.4,4.0
2022-02-07,libya,130.0,15.0,19.0,154.5,0.0,1.0,8.0,0.0,0.0,0.0,0.0
2022-02-07,scs,1557.0,215.0,147.0,1566.0,0.0,5.0,52.0,44.0,10.0,75.9,2.0
2022-02-07,southasia,6147.0,1063.0,771.0,2795.0,14.0,11.0,323.0,17.0,3.0,42.2,0.0
2022-02-07,sudan,300.0,58.0,61.0,-194.5,2.0,4.0,23.0,3.0,2.0,-9.0,1.0
2022-02-07,taiwan,228.0,19.0,31.0,335.8,0.0,2.0,24.0,42.0,10.0,71.5,2.0
2022-02-07,ukraine,3544.0,482.0,460.0,3361.4,67.0,142.0,133.0,1226.0,460.0,-190.4,160.0
2022-02-07,venezuela,144.0,14.0,25.0,-0.8,0.0,0.0,6.0,25.0,11.0,-0.7,2.0
2022-02-07,yemen,145.0,38.0,45.0,-374.4,1.0,0.0,4.0,29.0,10.0,21.2,1.0
2022-02-08,drc,48.0,5.0,16.0,-111.1,0.0,0.0,2.0,0.0,0.0,0.0,0.0
2022-02-08,europe_east,1470.0,127.0,177.0,2313.3,14.0,37.0,49.0,112.0,26.0,191.1,5.0
2022-02-08,iran,1121.0,214.0,147.0,1095.1,4.0,0.0,56.0,262.0,72.0,552.7,0.0
2022-02-08,israel,3189.0,571.0,569.0,-1465.7,9.0,3.0,220.0,527.0,265.0,-1032.4,28.0
2022-02-08,korea,883.0,120.0,90.0,983.8,3.0,3.0,50.0,83.0,30.0,-108.8,6.0
2022-02-08,libya,129.0,11.0,13.0,273.2,0.0,0.0,8.0,0.0,0.0,0.0,0.0
2022-02-08,scs,1789.0,196.0,174.0,2152.1,1.0,7.0,69.0,54.0,7.0,190.4,0.0
2022-02-08,southasia,6718.0,1279.0,959.0,1428.0,27.0,18.0,473.0,22.0,4.0,35.2,1.0
2022-02-08,sudan,402.0,52.0,58.0,135.0,0.0,1.0,36.0,0.0,0.0,0.0,0.0
2022-02-08,taiwan,497.0,60.0,55.0,647.1,6.0,3.0,39.0,135.0,52.0,-7.3,11.0
2022-02-08,ukraine,3912.0,534.0,433.0,4468.3,59.0,122.0,90.0,1259.0,490.0,-362.6,188.0
2022-02-08,venezuela,214.0,26.0,25.0,117.6,0.0,0.0,13.0,12.0,0.0,33.8,0.0
2022-02-08,yemen,246.0,36.0,82.0,-565.4,1.0,0.0,7.0,94.0,26.0,9.0,0.0
2022-02-09,drc,134.0,27.0,50.0,-453.9,2.0,1.0,7.0,43.0,33.0,-174.8,0.0
2022-02-09,europe_east,1650.0,148.0,156.0,2992.7,4.0,52.0,41.0,120.0,43.0,-4.4,26.0
2022-02-09,iran,1246.0,178.0,170.0,973.4,7.0,0.0,61.0,257.0,93.0,136.7,5.0
2022-02-09,israel,3143.0,482.0,456.0,443.8,5.0,0.0,130.0,655.0,360.0,-2089.4,19.0
2022-02-09,korea,896.0,101.0,77.0,1628.6,4.0,4.0,51.0,87.0,22.0,39.0,10.0
2022-02-09,libya,102.0,14.0,12.0,128.5,0.0,0.0,4.0,0.0,0.0,0.0,0.0
2022-02-09,scs,1697.0,182.0,192.0,1912.5,0.0,2.0,91.0,58.0,11.0,151.9,3.0
2022-02-09,southasia,6435.0,1204.0,952.0,847.9,1.0,13.0,469.0,51.0,27.0,-122.3,5.0
2022-02-09,sudan,409.0,36.0,65.0,319.9,0.0,0.0,33.0,6.0,1.0,31.2,1.0
2022-02-09,taiwan,503.0,90.0,30.0,724.5,0.0,4.0,15.0,80.0,15.0,158.4,1.0
2022-02-09,ukraine,3909.0,461.0,451.0,5142.2,36.0,114.0,121.0,1258.0,442.0,87.8,145.0
2022-02-09,venezuela,280.0,33.0,80.0,-379.6,0.0,0.0,21.0,32.0,2.0,88.5,2.0
2022-02-09,yemen,160.0,26.0,48.0,-322.2,3.0,0.0,4.0,73.0,28.0,-89.4,2.0
2022-02-10,drc,48.0,7.0,11.0,3.4,0.0,0.0,2.0,43.0,22.0,-34.2,0.0
2022-02-10,europe_east,1940.0,171.0,200.0,3485.6,0.0,63.0,61.0,148.0,54.0,56.1,20.0
2022-02-10,iran,1004.0,164.0,124.0,958.7,5.0,1.0,64.0,210.0,61.0,276.4,0.0
2022-02-10,israel,3280.0,495.0,448.0,566.3,4.0,2.0,152.0,528.0,253.0,-958.8,25.0
2022-02-10,korea,906.0,122.0,75.0,1512.6,3.0,1.0,26.0,220.0,43.0,357.9,6.0
2022-02-10,libya,347.0,35.0,39.0,471.0,1.0,0.0,10.0,0.0,0.0,0.0,0.0
2022-02-10,scs,1714.0,167.0,178.0,2581.9,3.0,5.0,98.0,84.0,11.0,180.8,5.0
2022-02-10,southasia,6739.0,1351.0,988.0,99.7,14.0,33.0,508.0,32.0,12.0,-33.1,8.0
2022-02-10,sudan,362.0,54.0,90.0,-263.2,0.0,0.0,37.0,8.0,4.0,-17.6,0.0
2022-02-10,taiwan,340.0,45.0,20.0,632.6,0.0,0.0,11.0,73.0,23.0,84.9,2.0
2022-02-10,ukraine,3769.0,459.0,479.0,4110.9,35.0,111.0,104.0,1109.0,449.0,-602.7,142.0
2022-02-10,venezuela,222.0,25.0,57.0,-107.9,0.0,1.0,10.0,21.0,1.0,87.9,0.0
2022-02-10,yemen,312.0,40.0,113.0,-775.0,0.0,0.0,31.0,145.0,89.0,-590.0,36.0
2022-02-11,drc,14.0,1.0,4.0,-11.6,0.0,0.0,1.0,12.0,4.0,16.3,0.0
2022-02-11,europe_east,1832.0,147.0,189.0,3657.9,6.0,65.0,47.0,100.0,27.0,210.1,5.0
2022-02-11,iran,1123.0,134.0,143.0,1406.3,5.0,4.0,55.0,196.0,63.0,169.4,8.0
2022-02-11,israel,2035.0,298.0,352.0,222.9,1.0,4.0,153.0,307.0,144.0,-504.1,21.0
2022-02-11,korea,769.0,100.0,69.0,823.5,1.0,1.0,39.0,126.0,33.0,132.8,6.0
2022-02-11,libya,179.0,37.0,32.0,-64.5,1.0,0.0,5.0,0.0,0.0,0.0,0.0
2022-02-11,scs,1571.0,205.0,137.0,2164.1,0.0,2.0,77.0,26.0,5.0,65.2,2.0
2022-02-11,southasia,5724.0,989.0,860.0,919.8,7.0,2.0,467.0,55.0,19.0,-52.6,11.0
2022-02-11,sudan,364.0,68.0,58.0,-51.0,1.0,2.0,34.0,2.0,0.0,0.4,0.0
2022-02-11,taiwan,236.0,39.0,20.0,280.2,1.0,3.0,8.0,69.0,20.0,43.2,2.0
2022-02-11,ukraine,4893.0,652.0,674.0,3993.3,66.0,211.0,149.0,1519.0,616.0,-742.7,225.0
2022-02-11,venezuela,229.0,29.0,74.0,-315.3,0.0,6.0,33.0,23.0,15.0,-37.4,11.0
2022-02-11,yemen,185.0,22.0,54.0,-259.5,3.0,0.0,23.0,53.0,39.0,-276.3,13.0
2022-02-12,drc,10.0,1.0,2.0,-5.4,0.0,0.0,2.0,5.0,5.0,-35.0,0.0
2022-02-12,europe_east,946.0,77.0,72.0,2056.2,4.0,32.0,23.0,73.0,10.0,139.2,5.0
2022-02-12,iran,443.0,66.0,63.0,203.0,3.0,0.0,18.0,87.0,43.0,-61.3,4.0
2022-02-12,israel,1391.0,162.0,222.0,716.3,2.0,5.0,98.0,191.0,91.0,-242.8,22.0
2022-02-12,korea,312.0,32.0,39.0,488.4,2.0,0.0,19.0,25.0,11.0,4.4,3.0
2022-02-12,libya,157.0,20.0,9.0,262.3,0.0,0.0,1.0,0.0,0.0,0.0,0.0
2022-02-12,scs,983.0,78.0,113.0,1346.0,0.0,5.0,34.0,29.0,5.0,100.0,0.0
2022-02-12,southasia,4662.0,815.0,663.0,894.2,9.0,20.0,327.0,34.0,16.0,-29.3,1.0
2022-02-12,sudan,162.0,28.0,9.0,193.6,0.0,0.0,7.0,5.0,1.0,7.0,1.0
2022-02-12,taiwan,229.0,32.0,24.0,248.0,0.0,1.0,16.0,62.0,22.0,39.9,4.0
2022-02-12,ukraine,5048.0,748.0,738.0,3096.1,59.0,137.0,289.0,1406.0,614.0,-1103.5,213.0
2022-02-12,venezuela,130.0,16.0,20.0,51.0,0.0,0.0,15.0,6.0,0.0,22.0,0.0
2022-02-12,yemen,160.0,11.0,71.0,-433.1,0.0,4.0,4.0,31.0,10.0,-28.7,0.0
2022-02-13,drc,6.0,0.0,0.0,13.4,0.0,0.0,0.0,2.0,0.0,14.8,0.0
2022-02-13,europe_east,556.0,58.0,51.0,1105.1,4.0,10.0,21.0,26.0,6.0,33.5,2.0
2022-02-13,iran,536.0,79.0,95.0,44.7,7.0,1.0,31.0,112.0,36.0,13.9,2.0
2022-02-13,israel,2248.0,313.0,529.0,-1596.6,9.0,14.0,180.0,253.0,181.0,-1132.9,30.0
2022-02-13,korea,767.0,36.0,45.0,1802.6,0.0,2.0,20.0,153.0,34.0,160.6,0.0
2022-02-13,libya,137.0,30.0,7.0,106.5,0.0,1.0,0.0,0.0,0.0,0.0,0.0
2022-02-13,scs,916.0,99.0,86.0,1220.7,3.0,2.0,23.0,17.0,6.0,47.8,1.0
2022-02-13,southasia,4201.0,846.0,600.0,43.5,18.0,6.0,216.0,15.0,7.0,-13.2,0.0
2022-02-13,sudan,214.0,47.0,11.0,222.0,1.0,0.0,8.0,7.0,1.0,19.0,1.0
2022-02-13,taiwan,239.0,25.0,16.0,468.9,2.0,2.0,8.0,60.0,15.0,78.2,3.0
2022-02-13,ukraine,4744.0,747.0,726.0,1885.9,78.0,86.0,383.0,1238.0,566.0,-1526.8,216.0
2022-02-13,venezuela,168.0,24.0,18.0,118.8,0.0,0.0,7.0,30.0,7.0,39.4,1.0
2022-02-13,yemen,297.0,13.0,121.0,-456.5,0.0,10.0,19.0,42.0,12.0,-2.0,3.0
2022-02-14,drc,74.0,6.0,6.0,85.4,0.0,0.0,3.0,4.0,2.0,4.8,0.0
2022-02-14,europe_east,1317.0,126.0,140.0,1896.2,7.0,29.0,33.0,68.0,24.0,26.6,13.0
2022-02-14,iran,1095.0,98.0,92.0,2113.9,3.0,2.0,32.0,213.0,50.0,455.2,1.0
2022-02-14,israel,3247.0,442.0,646.0,-790.3,18.0,2.0,212.0,486.0,299.0,-1619.2,45.0
2022-02-14,korea,816.0,84.0,60.0,1269.5,0.0,0.0,22.0,123.0,28.0,86.2,0.0
2022-02-14,libya,197.0,25.0,9.0,444.9,0.0,0.0,0.0,0.0,0.0,0.0,0.0
2022-02-14,scs,1713.0,153.0,165.0,2584.2,1.0,7.0,63.0,31.0,5.0,102.5,0.0
2022-02-14,southasia,6724.0,1182.0,967.0,1010.1,4.0,9.0,402.0,41.0,21.0,-9.4,0.0
2022-02-14,sudan,500.0,106.0,127.0,-617.6,0.0,0.0,75.0,7.0,1.0,5.8,1.0
2022-02-14,taiwan,302.0,33.0,20.0,281.3,0.0,1.0,12.0,48.0,22.0,-25.7,5.0
2022-02-14,ukraine,6270.0,822.0,825.0,4752.4,56.0,125.0,372.0,1998.0,655.0,-12.3,226.0
2022-02-14,venezuela,114.0,22.0,29.0,-147.4,0.0,0.0,9.0,8.0,3.0,-4.5,0.0
2022-02-14,yemen,267.0,29.0,99.0,-611.6,6.0,3.0,14.0,64.0,46.0,-339.1,2.0
2022-02-15,drc,24.0,1.0,8.0,-43.3,0.0,0.0,1.0,5.0,3.0,-14.2,0.0
2022-02-15,europe_east,1636.0,136.0,122.0,2768.5,5.0,24.0,37.0,149.0,26.0,185.8,4.0
2022-02-15,iran,1056.0,140.0,90.0,1468.4,1.0,9.0,34.0,240.0,45.0,591.6,3.0
2022-02-15,israel,3528.0,395.0,558.0,1386.9,10.0,4.0,159.0,541.0,244.0,-905.6,32.0
2022-02-15,korea,628.0,66.0,50.0,1006.6,0.0,0.0,15.0,46.0,14.0,-14.6,6.0
2022-02-15,libya,170.0,22.0,18.0,307.8,0.0,0.0,11.0,0.0,0.0,0.0,0.0
2022-02-15,scs,1820.0,176.0,149.0,2682.4,2.0,11.0,71.0,19.0,5.0,6.9,0.0
2022-02-15,southasia,6726.0,1256.0,993.0,865.0,16.0,8.0,530.0,56.0,24.0,-38.8,6.0
2022-02-15,sudan,419.0,84.0,93.0,-309.6,0.0,0.0,50.0,13.0,4.0,7.5,1.0
2022-02-15,taiwan,323.0,59.0,28.0,248.0,3.0,2.0,11.0,67.0,25.0,6.2,4.0
2022-02-15,ukraine,6820.0,886.0,791.0,7198.0,105.0,179.0,242.0,2278.0,918.0,-1010.0,363.0
2022-02-15,venezuela,139.0,24.0,25.0,-21.6,0.0,3.0,9.0,26.0,4.0,57.9,0.0
2022-02-15,yemen,178.0,20.0,37.0,-56.9,1.0,0.0,9.0,21.0,14.0,-78.2,2.0
2022-02-16,drc,48.0,2.0,4.0,48.2,0.0,2.0,2.0,7.0,7.0,-54.0,0.0
2022-02-16,europe_east,1485.0,170.0,170.0,1846.6,2.0,51.0,41.0,79.0,14.0,76.8,7.0
2022-02-16,iran,977.0,121.0,111.0,1432.9,2.0,1.0,64.0,282.0,68.0,370.1,4.0
2022-02-16,israel,3151.0,406.0,384.0,1822.4,19.0,7.0,110.0,392.0,185.0,-755.0,20.0
2022-02-16,korea,712.0,51.0,51.0,1288.8,2.0,2.0,14.0,73.0,5.0,127.4,0.0
2022-02-16,libya,155.0,10.0,14.0,274.8,0.0,2.0,4.0,0.0,0.0,0.0,0.0
2022-02-16,scs,1894.0,190.0,176.0,2589.0,9.0,2.0,53.0,14.0,1.0,62.5,0.0
2022-02-16,southasia,6287.0,1099.0,997.0,-241.9,12.0,20.0,468.0,15.0,8.0,-25.3,2.0
2022-02-16,sudan,332.0,37.0,42.0,454.7,0.0,0.0,24.0,1.0,1.0,-5.0,0.0
2022-02-16,taiwan,258.0,22.0,24.0,392.6,1.0,5.0,7.0,50.0,15.0,36.9,8.0
2022-02-16,ukraine,5350.0,879.0,662.0,3117.6,105.0,161.0,131.0,1867.0,821.0,-1137.9,270.0
2022-02-16,venezuela,229.0,36.0,35.0,46.5,0.0,0.0,21.0,22.0,12.0,-65.9,9.0
2022-02-16,yemen,321.0,41.0,83.0,-197.6,3.0,0.0,13.0,47.0,14.0,-12.7,0.0
2022-02-17,drc,28.0,1.0,9.0,-34.6,0.0,0.0,1.0,8.0,8.0,-48.0,0.0
2022-02-17,europe_east,1501.0,117.0,183.0,2320.4,7.0,40.0,40.0,128.0,35.0,69.3,5.0
2022-02-17,iran,876.0,122.0,100.0,1380.8,6.0,0.0,38.0,161.0,39.0,364.3,7.0
2022-02-17,israel,2903.0,429.0,462.0,610.4,6.0,9.0,133.0,446.0,274.0,-1538.9,26.0
2022-02-17,korea,543.0,63.0,70.0,506.5,2.0,0.0,31.0,26.0,4.0,26.4,0.0
2022-02-17,libya,222.0,23.0,29.0,168.0,3.0,0.0,3.0,0.0,0.0,0.0,0.0
2022-02-17,scs,2170.0,235.0,284.0,1937.6,2.0,0.0,170.0,24.0,3.0,51.4,0.0
2022-02-17,southasia,6077.0,1018.0,778.0,2423.3,9.0,9.0,396.0,11.0,9.0,-58.2,3.0
2022-02-17,sudan,228.0,20.0,43.0,126.7,0.0,0.0,28.0,0.0,0.0,0.0,0.0
2022-02-17,taiwan,370.0,30.0,24.0,740.0,0.0,0.0,10.0,67.0,12.0,151.0,0.0
2022-02-17,ukraine,6731.0,1118.0,935.0,3493.0,76.0,156.0,208.0,2215.0,1022.0,-1541.2,229.0
2022-02-17,venezuela,259.0,34.0,35.0,244.1,0.0,1.0,20.0,34.0,10.0,10.2,5.0
2022-02-17,yemen,202.0,35.0,62.0,-322.9,1.0,0.0,19.0,43.0,23.0,-134.0,0.0
2022-02-18,drc,49.0,5.0,11.0,29.3,0.0,0.0,0.0,0.0,0.0,0.0,0.0
2022-02-18,europe_east,1630.0,116.0,174.0,2592.1,13.0,36.0,66.0,189.0,49.0,147.2,18.0
2022-02-18,iran,659.0,80.0,97.0,520.6,1.0,4.0,38.0,105.0,31.0,82.1,5.0
2022-02-18,israel,2599.0,355.0,576.0,-1221.8,16.0,12.0,161.0,526.0,303.0,-1426.3,51.0
2022-02-18,korea,400.0,67.0,74.0,-91.3,0.0,0.0,49.0,18.0,0.0,47.1,0.0
2022-02-18,libya,112.0,12.0,12.0,146.2,0.0,0.0,0.0,8.0,0.0,14.1,0.0
2022-02-18,scs,2078.0,208.0,239.0,2538.8,5.0,0.0,114.0,29.0,14.0,-10.6,0.0
2022-02-18,southasia,5914.0,1030.0,887.0,1018.6,10.0,22.0,433.0,11.0,4.0,-33.1,2.0
2022-02-18,sudan,304.0,36.0,30.0,156.2,0.0,0.0,18.0,0.0,0.0,0.0,0.0
2022-02-18,taiwan,211.0,26.0,8.0,417.8,1.0,0.0,3.0,51.0,23.0,-9.1,4.0
2022-02-18,ukraine,6900.0,1224.0,925.0,2565.3,132.0,136.0,230.0,2120.0,1005.0,-2050.6,217.0
2022-02-18,venezuela,196.0,25.0,52.0,-47.5,0.0,0.0,35.0,45.0,21.0,-120.7,6.0
2022-02-18,yemen,123.0,19.0,45.0,-252.2,0.0,0.0,4.0,45.0,14.0,-89.1,1.0
2022-02-19,drc,10.0,2.0,2.0,-13.8,0.0,0.0,0.0,0.0,0.0,0.0,0.0
2022-02-19,europe_east,989.0,92.0,102.0,1588.6,8.0,35.0,20.0,204.0,36.0,98.7,16.0
2022-02-19,iran,622.0,64.0,56.0,1084.9,2.0,2.0,17.0,119.0,25.0,252.9,0.0
2022-02-19,israel,1143.0,184.0,210.0,-117.2,4.0,2.0,85.0,236.0,140.0,-637.2,28.0
2022-02-19,korea,388.0,56.0,66.0,53.1,1.0,1.0,28.0,83.0,34.0,-48.3,0.0
2022-02-19,libya,131.0,28.0,14.0,112.6,0.0,4.0,2.0,0.0,0.0,0.0,0.0
2022-02-19,scs,1192.0,141.0,192.0,982.0,0.0,1.0,132.0,4.0,1.0,9.8,1.0
2022-02-19,southasia,4565.0,783.0,764.0,-449.6,4.0,12.0,388.0,14.0,2.0,20.2,0.0
2022-02-19,sudan,109.0,17.0,9.0,157.0,0.0,0.0,5.0,0.0,0.0,0.0,0.0
2022-02-19,taiwan,163.0,14.0,9.0,231.3,0.0,2.0,4.0,18.0,1.0,24.4,0.0
2022-02-19,ukraine,6320.0,1087.0,1031.0,-825.7,151.0,166.0,220.0,2188.0,1106.0,-3704.5,290.0
2022-02-19,venezuela,163.0,21.0,34.0,-33.7,0.0,2.0,11.0,33.0,9.0,10.7,3.0
2022-02-19,yemen,143.0,9.0,50.0,-301.4,0.0,0.0,6.0,15.0,6.0,-1.8,4.0
2022-02-20,drc,28.0,0.0,0.0,108.3,0.0,0.0,0.0,0.0,0.0,0.0,0.0
2022-02-20,europe_east,667.0,40.0,83.0,921.0,0.0,36.0,22.0,100.0,20.0,21.8,4.0
2022-02-20,iran,838.0,120.0,64.0,1360.4,3.0,2.0,42.0,254.0,86.0,353.0,5.0
2022-02-20,israel,1899.0,263.0,271.0,920.8,10.0,2.0,123.0,315.0,152.0,-313.1,20.0
2022-02-20,korea,265.0,51.0,47.0,-76.2,0.0,3.0,15.0,42.0,21.0,-134.2,0.0
2022-02-20,libya,122.0,7.0,39.0,-76.6,0.0,2.0,13.0,0.0,0.0,0.0,0.0
2022-02-20,scs,1001.0,124.0,133.0,731.2,1.0,0.0,78.0,19.0,12.0,-45.9,0.0
2022-02-20,southasia,4367.0,684.0,590.0,1202.3,4.0,20.0,215.0,6.0,1.0,12.0,0.0
2022-02-20,sudan,271.0,47.0,41.0,78.3,0.0,0.0,23.0,0.0,0.0,0.0,0.0
2022-02-20,taiwan,237.0,25.0,16.0,315.8,0.0,1.0,5.0,44.0,9.0,56.0,0.0
2022-02-20,ukraine,5951.0,964.0,815.0,2094.4,120.0,87.0,199.0,2020.0,827.0,-1241.9,190.0
2022-02-20,venezuela,96.0,12.0,31.0,-138.2,0.0,2.0,14.0,24.0,15.0,-65.3,10.0
2022-02-20,yemen,197.0,15.0,75.0,-552.6,1.0,0.0,2.0,49.0,37.0,-231.2,7.0
2022-02-21,drc,85.0,2.0,26.0,-55.0,0.0,0.0,1.0,10.0,0.0,23.5,0.0
2022-02-21,europe_east,1009.0,113.0,104.0,1170.6,1.0,25.0,25.0,185.0,82.0,-72.3,4.0
2022-02-21,iran,1026.0,142.0,120.0,1220.1,5.0,3.0,49.0,326.0,103.0,458.8,0.0
2022-02-21,israel,2436.0,353.0,245.0,2227.9,6.0,5.0,117.0,340.0,118.0,130.8,10.0
2022-02-21,korea,438.0,67.0,44.0,595.1,0.0,1.0,25.0,61.0,10.0,101.4,1.0
2022-02-21,libya,113.0,18.0,9.0,195.4,0.0,0.0,8.0,1.0,0.0,7.4,0.0
2022-02-21,scs,1859.0,209.0,257.0,1141.4,2.0,1.0,142.0,30.0,21.0,-119.5,0.0
2022-02-21,southasia,6088.0,940.0,969.0,810.5,10.0,24.0,415.0,28.0,9.0,18.0,4.0
2022-02-21,sudan,372.0,59.0,66.0,-54.6,0.0,0.0,29.0,2.0,2.0,-9.0,1.0
2022-02-21,taiwan,554.0,61.0,63.0,673.4,5.0,2.0,41.0,123.0,31.0,127.9,0.0
2022-02-21,ukraine,7444.0,1294.0,1055.0,2240.3,139.0,154.0,290.0,2690.0,1209.0,-2494.2,269.0
2022-02-21,venezuela,132.0,33.0,28.0,-76.2,0.0,2.0,12.0,0.0,0.0,0.0,0.0
2022-02-21,yemen,90.0,14.0,32.0,-205.5,2.0,0.0,8.0,26.0,18.0,-137.2,1.0
2022-02-22,drc,59.0,5.0,6.0,91.8,0.0,0.0,5.0,1.0,1.0,-9.0,0.0
2022-02-22,europe_east,1693.0,198.0,272.0,1256.9,8.0,50.0,89.0,260.0,94.0,-81.2,7.0
2022-02-22,iran,1112.0,142.0,119.0,1335.9,1.0,6.0,55.0,273.0,101.0,125.0,12.0
2022-02-22,israel,2614.0,401.0,391.0,715.4,7.0,6.0,165.0,431.0,215.0,-728.9,31.0
2022-02-22,korea,618.0,85.0,50.0,763.6,0.0,0.0,25.0,77.0,9.0,178.3,6.0
2022-02-22,libya,126.0,14.0,6.0,234.8,5.0,0.0,1.0,6.0,0.0,9.4,0.0
2022-02-22,scs,1707.0,244.0,241.0,768.2,3.0,6.0,108.0,8.0,5.0,-38.4,0.0
2022-02-22,southasia,6193.0,1039.0,865.0,1628.1,10.0,37.0,396.0,7.0,1.0,10.8,1.0
2022-02-22,sudan,488.0,72.0,74.0,337.8,0.0,6.0,35.0,2.0,2.0,-11.5,1.0
2022-02-22,taiwan,362.0,47.0,32.0,385.4,2.0,2.0,21.0,60.0,26.0,16.6,5.0
2022-02-22,ukraine,12677.0,2210.0,1685.0,7581.8,109.0,215.0,765.0,4630.0,1951.0,-1113.3,306.0
2022-02-22,venezuela,96.0,13.0,11.0,105.0,0.0,0.0,7.0,5.0,1.0,4.4,1.0
2022-02-22,yemen,211.0,17.0,28.0,10.3,1.0,0.0,2.0,25.0,14.0,-100.9,0.0
2022-02-23,drc,172.0,8.0,10.0,337.8,2.0,0.0,6.0,1.0,1.0,-10.0,0.0
2022-02-23,europe_east,1628.0,178.0,205.0,1729.3,7.0,41.0,69.0,220.0,94.0,-65.2,5.0
2022-02-23,iran,820.0,84.0,93.0,1149.9,3.0,3.0,49.0,154.0,60.0,19.3,8.0
2022-02-23,israel,2431.0,399.0,421.0,-557.7,11.0,2.0,152.0,442.0,255.0,-1335.9,35.0
2022-02-23,korea,608.0,111.0,80.0,194.2,3.0,1.0,24.0,67.0,21.0,13.7,4.0
2022-02-23,libya,169.0,10.0,17.0,343.6,1.0,0.0,10.0,0.0,0.0,0.0,0.0
2022-02-23,scs,1896.0,192.0,188.0,3159.4,2.0,3.0,74.0,26.0,6.0,41.8,3.0
2022-02-23,southasia,6435.0,991.0,919.0,2624.1,8.0,23.0,483.0,10.0,5.0,-6.0,1.0
2022-02-23,sudan,477.0,64.0,61.0,278.5,0.0,1.0,26.0,2.0,2.0,-13.0,0.0
2022-02-23,taiwan,432.0,95.0,50.0,106.8,6.0,14.0,19.0,125.0,50.0,-52.5,0.0
2022-02-23,ukraine,10172.0,1645.0,1700.0,2727.3,116.0,200.0,876.0,3849.0,1776.0,-3019.8,323.0
2022-02-23,venezuela,181.0,31.0,17.0,210.8,0.0,0.0,5.0,21.0,6.0,39.6,2.0
2022-02-23,yemen,134.0,15.0,27.0,101.2,0.0,0.0,5.0,23.0,8.0,12.1,2.0
2022-02-24,drc,147.0,4.0,5.0,292.5,0.0,0.0,3.0,14.0,2.0,30.7,0.0
2022-02-24,europe_east,3047.0,340.0,434.0,2204.8,13.0,85.0,138.0,487.0,235.0,-489.6,62.0
2022-02-24,iran,866.0,118.0,108.0,759.8,0.0,2.0,59.0,131.0,51.0,-22.1,11.0
2022-02-24,israel,2951.0,453.0,457.0,-14.2,5.0,3.0,165.0,420.0,224.0,-1188.1,22.0
2022-02-24,korea,588.0,75.0,56.0,823.8,5.0,3.0,23.0,66.0,14.0,97.0,2.0
2022-02-24,libya,156.0,14.0,26.0,121.1,2.0,1.0,7.0,2.0,2.0,-20.0,0.0
2022-02-24,scs,1852.0,190.0,216.0,1853.8,2.0,7.0,111.0,14.0,11.0,-50.6,3.0
2022-02-24,southasia,5770.0,806.0,836.0,1998.5,14.0,17.0,395.0,17.0,11.0,-43.0,5.0
2022-02-24,sudan,325.0,41.0,31.0,397.5,0.0,0.0,12.0,2.0,2.0,-13.0,0.0
2022-02-24,taiwan,527.0,99.0,61.0,371.7,7.0,11.0,29.0,194.0,83.0,-123.1,17.0
2022-02-24,ukraine,25193.0,4047.0,5007.0,-9111.3,275.0,363.0,1639.0,9090.0,5000.0,-21308.9,727.0
2022-02-24,venezuela,166.0,28.0,16.0,96.2,0.0,2.0,11.0,16.0,9.0,-33.8,2.0
2022-02-24,yemen,234.0,46.0,74.0,-436.8,2.0,3.0,27.0,56.0,27.0,-175.7,0.0
2022-02-25,drc,42.0,3.0,0.0,105.9,0.0,0.0,0.0,7.0,2.0,4.2,0.0
2022-02-25,europe_east,3593.0,262.0,550.0,4056.5,18.0,57.0,199.0,452.0,236.0,-366.7,69.0
2022-02-25,iran,730.0,96.0,98.0,489.5,1.0,0.0,55.0,103.0,24.0,106.4,0.0
2022-02-25,israel,1892.0,358.0,270.0,79.7,7.0,5.0,106.0,211.0,127.0,-648.6,14.0
2022-02-25,korea,505.0,50.0,52.0,666.6,1.0,1.0,35.0,45.0,7.0,73.4,3.0
2022-02-25,libya,201.0,19.0,83.0,-446.6,0.0,2.0,4.0,5.0,3.0,-25.3,0.0
2022-02-25,scs,1615.0,164.0,171.0,1744.6,1.0,6.0,64.0,28.0,8.0,66.6,0.0
2022-02-25,southasia,5878.0,801.0,882.0,1919.8,4.0,6.0,444.0,13.0,5.0,14.5,1.0
2022-02-25,sudan,258.0,34.0,38.0,15.0,0.0,0.0,20.0,1.0,0.0,4.0,0.0
2022-02-25,taiwan,539.0,86.0,74.0,260.4,3.0,9.0,37.0,162.0,73.0,-108.6,11.0
2022-02-25,ukraine,25264.0,3861.0,4801.0,-4816.0,226.0,320.0,1616.0,8893.0,4487.0,-16462.4,605.0
2022-02-25,venezuela,208.0,49.0,59.0,-454.8,1.0,2.0,13.0,38.0,22.0,-81.6,0.0
2022-02-25,yemen,130.0,21.0,35.0,-137.1,2.0,0.0,14.0,15.0,10.0,-98.0,0.0
2022-02-26,drc,20.0,0.0,5.0,26.8,0.0,0.0,5.0,1.0,1.0,-5.0,1.0
2022-02-26,europe_east,3172.0,209.0,620.0,2041.4,7.0,78.0,234.0,541.0,267.0,-514.4,149.0
2022-02-26,iran,498.0,69.0,83.0,82.6,4.0,0.0,53.0,80.0,29.0,11.9,8.0
2022-02-26,israel,1038.0,144.0,133.0,778.3,1.0,0.0,58.0,112.0,60.0,-306.9,8.0
2022-02-26,korea,381.0,49.0,78.0,178.4,0.0,1.0,41.0,49.0,17.0,8.4,1.0
2022-02-26,libya,43.0,8.0,5.0,30.1,1.0,0.0,2.0,0.0,0.0,0.0,0.0
2022-02-26,scs,1284.0,110.0,137.0,1665.2,3.0,0.0,33.0,14.0,0.0,39.3,0.0
2022-02-26,southasia,4261.0,607.0,578.0,2579.5,8.0,15.0,278.0,7.0,1.0,6.9,0.0
2022-02-26,sudan,153.0,21.0,23.0,74.9,0.0,0.0,15.0,0.0,0.0,0.0,0.0
2022-02-26,taiwan,341.0,65.0,58.0,-79.2,5.0,4.0,19.0,60.0,22.0,-30.3,10.0
2022-02-26,ukraine,17823.0,2511.0,3351.0,428.3,119.0,214.0,1169.0,6388.0,3049.0,-9020.4,368.0
2022-02-26,venezuela,99.0,10.0,14.0,49.0,0.0,0.0,12.0,9.0,9.0,-61.2,0.0
2022-02-26,yemen,81.0,4.0,40.0,-222.1,1.0,1.0,13.0,17.0,8.0,-29.0,6.0
2022-02-27,drc,2.0,0.0,0.0,3.8,0.0,0.0,0.0,2.0,0.0,14.0,0.0
2022-02-27,europe_east,2552.0,175.0,480.0,2509.7,6.0,18.0,239.0,477.0,275.0,-875.6,209.0
2022-02-27,iran,573.0,90.0,61.0,394.9,0.0,1.0,35.0,87.0,25.0,72.4,7.0
2022-02-27,israel,1838.0,229.0,259.0,1463.9,1.0,1.0,97.0,121.0,55.0,-207.3,4.0
2022-02-27,korea,831.0,147.0,183.0,-757.2,0.0,1.0,15.0,307.0,158.0,-739.2,11.0
2022-02-27,libya,31.0,4.0,7.0,-33.6,0.0,0.0,1.0,0.0,0.0,0.0,0.0
2022-02-27,scs,929.0,95.0,103.0,1143.4,2.0,1.0,55.0,0.0,0.0,0.0,0.0
2022-02-27,southasia,4466.0,514.0,605.0,3347.8,7.0,18.0,310.0,18.0,6.0,15.9,0.0
2022-02-27,sudan,253.0,42.0,28.0,191.3,0.0,0.0,3.0,2.0,0.0,4.7,0.0
2022-02-27,taiwan,262.0,27.0,51.0,35.2,3.0,1.0,20.0,44.0,29.0,-170.5,9.0
2022-02-27,ukraine,19029.0,2453.0,3438.0,7038.5,133.0,284.0,1233.0,7051.0,2981.0,-5564.0,532.0
2022-02-27,venezuela,21.0,4.0,5.0,-36.8,3.0,0.0,2.0,0.0,0.0,0.0,0.0
2022-02-27,yemen,51.0,7.0,18.0,-92.7,0.0,0.0,13.0,4.0,1.0,7.4,0.0
2022-02-28,drc,33.0,2.0,3.0,63.7,0.0,0.0,0.0,0.0,0.0,0.0,0.0
2022-02-28,europe_east,3695.0,265.0,483.0,4914.4,16.0,14.0,207.0,483.0,193.0,-108.0,77.0
2022-02-28,iran,687.0,100.0,53.0,933.9,2.0,1.0,26.0,123.0,43.0,67.5,3.0
2022-02-28,israel,2421.0,302.0,325.0,2181.2,5.0,7.0,106.0,166.0,83.0,-321.1,3.0
2022-02-28,korea,991.0,124.0,137.0,555.5,1.0,0.0,69.0,225.0,80.0,-145.4,4.0
2022-02-28,libya,106.0,10.0,18.0,-27.2,0.0,0.0,4.0,0.0,0.0,0.0,0.0
2022-02-28,scs,1492.0,175.0,170.0,1348.5,3.0,3.0,64.0,24.0,15.0,-94.6,0.0
2022-02-28,southasia,5125.0,692.0,676.0,3936.1,21.0,4.0,332.0,11.0,8.0,-40.5,6.0
2022-02-28,sudan,285.0,58.0,36.0,-36.1,0.0,1.0,12.0,1.0,1.0,-5.0,1.0
2022-02-28,taiwan,531.0,79.0,43.0,521.2,5.0,3.0,20.0,115.0,40.0,-83.5,7.0
2022-02-28,ukraine,23989.0,3201.0,3655.0,15301.3,159.0,218.0,1308.0,8058.0,3170.0,-2377.1,464.0
2022-02-28,venezuela,87.0,8.0,5.0,133.7,0.0,0.0,5.0,11.0,5.0,-20.9,3.0
2022-02-28,yemen,167.0,19.0,50.0,-247.2,1.0,0.0,16.0,34.0,20.0,-190.4,0.0
2022-03-01,drc,31.0,7.0,14.0,-115.2,0.0,0.0,3.0,0.0,0.0,0.0,0.0
2022-03-01,europe_east,4614.0,357.0,524.0,6558.6,17.0,40.0,170.0,549.0,178.0,73.8,43.0
2022-03-01,iran,829.0,126.0,64.0,1076.5,3.0,0.0,23.0,139.0,53.0,-31.0,5.0
2022-03-01,israel,2622.0,431.0,503.0,-611.3,8.0,13.0,158.0,401.0,246.0,-1424.6,41.0
2022-03-01,korea,578.0,86.0,87.0,271.8,3.0,6.0,45.0,77.0,31.0,-59.9,1.0
2022-03-01,libya,131.0,29.0,25.0,-17.9,0.0,0.0,3.0,0.0,0.0,0.0,0.0
2022-03-01,scs,1484.0,165.0,175.0,1469.9,1.0,9.0,64.0,25.0,6.0,49.8,1.0
2022-03-01,southasia,6037.0,751.0,869.0,4000.5,10.0,20.0,426.0,94.0,7.0,245.7,2.0
2022-03-01,sudan,342.0,48.0,93.0,-399.7,0.0,3.0,32.0,1.0,1.0,-5.0,1.0
2022-03-01,taiwan,906.0,91.0,52.0,1569.0,10.0,2.0,30.0,206.0,70.0,39.8,19.0
2022-03-01,ukraine,23633.0,3100.0,3802.0,10351.7,193.0,214.0,1266.0,6803.0,3185.0,-7928.7,452.0
2022-03-01,venezuela,201.0,34.0,25.0,99.2,0.0,1.0,10.0,24.0,14.0,-28.1,0.0
2022-03-01,yemen,148.0,11.0,35.0,-26.6,0.0,1.0,12.0,20.0,6.0,-5.6,0.0
2022-03-02,drc,12.0,1.0,5.0,-24.5,0.0,0.0,4.0,0.0,0.0,0.0,0.0
2022-03-02,europe_east,3768.0,194.0,490.0,6224.8,13.0,47.0,199.0,439.0,115.0,414.1,38.0
2022-03-02,iran,991.0,147.0,134.0,525.2,5.0,0.0,60.0,181.0,64.0,-10.2,0.0
2022-03-02,israel,2617.0,359.0,347.0,2030.6,10.0,15.0,145.0,328.0,152.0,-433.3,24.0
2022-03-02,korea,516.0,77.0,60.0,401.9,1.0,2.0,39.0,30.0,15.0,-3.8,0.0
2022-03-02,libya,229.0,45.0,28.0,134.7,1.0,0.0,6.0,1.0,0.0,0.0,0.0
2022-03-02,scs,1507.0,199.0,182.0,1237.3,2.0,2.0,81.0,24.0,6.0,46.1,0.0
2022-03-02,southasia,5632.0,785.0,756.0,3589.8,4.0,12.0,354.0,10.0,3.0,14.7,0.0
2022-03-02,sudan,347.0,43.0,98.0,-478.0,0.0,0.0,38.0,8.0,5.0,-6.0,2.0
2022-03-02,taiwan,848.0,93.0,62.0,1336.7,11.0,1.0,34.0,226.0,85.0,-3.5,11.0
2022-03-02,ukraine,22908.0,2982.0,3789.0,9249.1,182.0,186.0,1279.0,6677.0,3007.0,-7409.8,375.0
2022-03-02,venezuela,206.0,35.0,18.0,215.2,0.0,0.0,10.0,26.0,21.0,-51.8,0.0
2022-03-02,yemen,215.0,14.0,62.0,-160.0,0.0,0.0,21.0,71.0,33.0,-156.6,4.0
2022-03-03,drc,75.0,8.0,6.0,96.6,0.0,0.0,4.0,2.0,2.0,-20.0,0.0
2022-03-03,europe_east,3841.0,281.0,501.0,5822.1,14.0,40.0,195.0,371.0,121.0,237.3,17.0
2022-03-03,iran,1077.0,159.0,158.0,652.3,0.0,1.0,79.0,227.0,62.0,195.1,3.0
2022-03-03,israel,2702.0,406.0,291.0,2498.9,10.0,6.0,128.0,352.0,156.0,-450.8,20.0
2022-03-03,korea,604.0,55.0,40.0,857.1,3.0,0.0,10.0,25.0,17.0,-92.2,0.0
2022-03-03,libya,284.0,62.0,34.0,157.4,0.0,1.0,19.0,0.0,0.0,0.0,0.0
2022-03-03,scs,1504.0,161.0,170.0,1292.2,6.0,6.0,65.0,7.0,2.0,5.0,0.0
2022-03-03,southasia,5644.0,757.0,692.0,4813.0,11.0,7.0,397.0,25.0,8.0,35.1,3.0
2022-03-03,sudan,516.0,46.0,81.0,171.5,0.0,0.0,28.0,6.0,3.0,5.3,1.0
2022-03-03,taiwan,784.0,115.0,63.0,746.4,4.0,0.0,41.0,246.0,79.0,41.9,4.0
2022-03-03,ukraine,21430.0,2794.0,3254.0,11995.8,129.0,175.0,1092.0,6385.0,2717.0,-4375.0,376.0
2022-03-03,venezuela,148.0,20.0,20.0,69.3,1.0,1.0,14.0,18.0,11.0,-25.0,1.0
2022-03-03,yemen,161.0,16.0,49.0,-201.3,0.0,2.0,15.0,22.0,10.0,-19.1,0.0
2022-03-04,drc,35.0,0.0,4.0,38.4,0.0,0.0,0.0,0.0,0.0,0.0,0.0
2022-03-04,europe_east,3842.0,176.0,394.0,7032.3,4.0,18.0,158.0,406.0,117.0,171.3,30.0
2022-03-04,iran,977.0,102.0,117.0,1434.9,1.0,0.0,68.0,184.0,45.0,296.8,1.0
2022-03-04,israel,1660.0,239.0,222.0,965.9,8.0,2.0,72.0,173.0,100.0,-480.5,21.0
2022-03-04,korea,595.0,56.0,68.0,603.8,0.0,1.0,31.0,37.0,8.0,2.4,1.0
2022-03-04,libya,246.0,33.0,50.0,107.5,0.0,0.0,22.0,0.0,0.0,0.0,0.0
2022-03-04,scs,1262.0,139.0,148.0,1328.9,2.0,0.0,48.0,12.0,5.0,-0.6,3.0
2022-03-04,southasia,5530.0,834.0,815.0,1413.0,14.0,12.0,357.0,16.0,10.0,-57.2,2.0
2022-03-04,sudan,452.0,43.0,88.0,77.6,2.0,7.0,21.0,6.0,4.0,-13.2,0.0
2022-03-04,taiwan,681.0,112.0,55.0,730.7,7.0,7.0,29.0,235.0,71.0,157.6,10.0
2022-03-04,ukraine,20404.0,2603.0,3194.0,9384.9,177.0,98.0,1004.0,5639.0,2634.0,-6862.6,301.0
2022-03-04,venezuela,184.0,26.0,12.0,232.4,0.0,0.0,7.0,20.0,1.0,88.1,0.0
2022-03-04,yemen,123.0,8.0,58.0,-368.3,0.0,0.0,11.0,29.0,29.0,-253.7,2.0
2022-03-05,drc,7.0,0.0,1.0,14.0,0.0,0.0,0.0,0.0,0.0,0.0,0.0
2022-03-05,europe_east,3044.0,140.0,322.0,5681.6,1.0,11.0,130.0,376.0,99.0,81.4,30.0
2022-03-05,iran,726.0,68.0,70.0,1333.6,1.0,0.0,23.0,95.0,12.0,283.8,0.0
2022-03-05,israel,1253.0,126.0,168.0,967.1,1.0,0.0,79.0,125.0,79.0,-413.1,16.0
2022-03-05,korea,606.0,84.0,168.0,-877.6,0.0,7.0,24.0,178.0,110.0,-759.9,6.0
2022-03-05,libya,105.0,13.0,16.0,17.3,0.0,0.0,3.0,0.0,0.0,0.0,0.0
2022-03-05,scs,960.0,111.0,78.0,1105.9,0.0,1.0,29.0,38.0,17.0,-19.5,0.0
2022-03-05,southasia,4332.0,665.0,679.0,315.4,5.0,16.0,308.0,14.0,6.0,-17.0,2.0
2022-03-05,sudan,212.0,24.0,26.0,180.1,2.0,3.0,6.0,0.0,0.0,0.0,0.0
2022-03-05,taiwan,363.0,71.0,25.0,357.3,4.0,6.0,4.0,91.0,42.0,-101.0,4.0
2022-03-05,ukraine,15393.0,1907.0,2187.0,11777.5,95.0,56.0,764.0,4416.0,1931.0,-3573.6,217.0
2022-03-05,venezuela,99.0,22.0,7.0,108.7,0.0,0.0,7.0,16.0,4.0,18.8,0.0
2022-03-05,yemen,141.0,21.0,29.0,-72.3,0.0,1.0,6.0,16.0,7.0,-19.1,0.0
2022-03-06,drc,1.0,0.0,1.0,-10.0,0.0,0.0,0.0,0.0,0.0,0.0,0.0
2022-03-06,europe_east,2721.0,134.0,313.0,4357.9,2.0,5.0,88.0,287.0,65.0,260.9,5.0
2022-03-06,iran,683.0,80.0,80.0,909.1,1.0,4.0,38.0,118.0,46.0,-25.5,6.0
2022-03-06,israel,2440.0,231.0,254.0,2687.8,3.0,0.0,63.0,249.0,143.0,-748.2,9.0
2022-03-06,korea,472.0,79.0,72.0,108.6,4.0,2.0,30.0,61.0,21.0,-71.7,2.0
2022-03-06,libya,90.0,15.0,9.0,13.8,0.0,0.0,6.0,0.0,0.0,0.0,0.0
2022-03-06,scs,711.0,101.0,76.0,755.2,4.0,2.0,38.0,13.0,8.0,-11.7,0.0
2022-03-06,southasia,4204.0,562.0,650.0,481.4,6.0,24.0,231.0,7.0,2.0,21.0,0.0
2022-03-06,sudan,168.0,29.0,5.0,330.0,0.0,0.0,1.0,0.0,0.0,0.0,0.0
2022-03-06,taiwan,353.0,62.0,37.0,185.2,0.0,5.0,19.0,62.0,23.0,26.9,1.0
2022-03-06,ukraine,15885.0,1985.0,2163.0,11486.8,90.0,66.0,674.0,4721.0,2079.0,-3884.7,169.0
2022-03-06,venezuela,193.0,22.0,17.0,216.7,0.0,0.0,12.0,86.0,22.0,45.3,1.0
2022-03-06,yemen,224.0,6.0,41.0,171.3,1.0,0.0,6.0,70.0,4.0,196.7,0.0
2022-03-07,drc,30.0,0.0,1.0,73.7,0.0,0.0,1.0,5.0,5.0,-42.0,0.0
2022-03-07,europe_east,4133.0,277.0,383.0,6796.3,15.0,46.0,126.0,505.0,126.0,345.6,9.0
2022-03-07,iran,1267.0,160.0,165.0,1555.3,2.0,3.0,91.0,252.0,108.0,-164.8,15.0
2022-03-07,israel,3026.0,317.0,475.0,1747.4,11.0,3.0,131.0,479.0,275.0,-1599.7,16.0
2022-03-07,korea,814.0,96.0,113.0,633.3,1.0,1.0,57.0,81.0,21.0,39.7,1.0
2022-03-07,libya,193.0,29.0,24.0,236.9,0.0,0.0,10.0,0.0,0.0,0.0,0.0
2022-03-07,scs,1441.0,136.0,223.0,921.4,6.0,2.0,121.0,44.0,8.0,72.4,4.0
2022-03-07,southasia,5498.0,832.0,751.0,2657.9,18.0,21.0,313.0,12.0,4.0,-4.6,0.0
2022-03-07,sudan,347.0,57.0,56.0,41.1,0.0,0.0,22.0,0.0,0.0,0.0,0.0
2022-03-07,taiwan,379.0,59.0,33.0,417.8,4.0,3.0,13.0,105.0,44.0,-57.4,2.0
2022-03-07,ukraine,20467.0,2518.0,2772.0,17267.0,116.0,74.0,1001.0,6543.0,2799.0,-3509.5,256.0
2022-03-07,venezuela,411.0,45.0,43.0,737.2,1.0,0.0,40.0,168.0,38.0,262.3,0.0
2022-03-07,yemen,259.0,31.0,44.0,105.6,2.0,0.0,9.0,54.0,20.0,-56.2,0.0
2022-03-08,drc,33.0,2.0,1.0,53.0,0.0,0.0,0.0,5.0,5.0,-42.0,0.0
2022-03-08,europe_east,3791.0,234.0,250.0,7472.7,12.0,21.0,82.0,399.0,105.0,623.1,10.0
2022-03-08,iran,1301.0,187.0,158.0,1237.8,5.0,3.0,67.0,309.0,99.0,79.7,7.0
2022-03-08,israel,2523.0,305.0,336.0,1849.3,13.0,1.0,126.0,345.0,198.0,-974.8,27.0
2022-03-08,korea,877.0,160.0,135.0,-52.1,12.0,0.0,67.0,139.0,81.0,-391.7,27.0
2022-03-08,libya,194.0,28.0,19.0,258.5,0.0,0.0,14.0,0.0,0.0,0.0,0.0
2022-03-08,scs,1736.0,181.0,160.0,2275.8,3.0,6.0,87.0,52.0,13.0,97.2,5.0
2022-03-08,southasia,5389.0,808.0,772.0,2187.8,7.0,15.0,298.0,5.0,0.0,9.8,0.0
2022-03-08,sudan,477.0,87.0,101.0,-252.4,0.0,1.0,36.0,10.0,0.0,38.5,0.0
2022-03-08,taiwan,431.0,73.0,25.0,587.9,3.0,3.0,8.0,98.0,45.0,-73.4,4.0
2022-03-08,ukraine,19198.0,2369.0,2549.0,17877.5,117.0,109.0,912.0,5859.0,2545.0,-2991.8,244.0
2022-03-08,venezuela,657.0,78.0,83.0,884.7,0.0,2.0,75.0,296.0,95.0,111.0,7.0
2022-03-08,yemen,355.0,36.0,74.0,-24.3,1.0,0.0,20.0,106.0,32.0,31.1,0.0
2022-03-09,drc,15.0,1.0,3.0,4.1,0.0,0.0,3.0,0.0,0.0,0.0,0.0
2022-03-09,europe_east,4679.0,347.0,355.0,8590.6,9.0,48.0,125.0,411.0,115.0,369.1,18.0
2022-03-09,iran,1170.0,177.0,191.0,133.8,5.0,5.0,67.0,327.0,117.0,-104.1,8.0
2022-03-09,israel,2882.0,364.0,406.0,1984.5,9.0,3.0,143.0,397.0,230.0,-1172.8,19.0
2022-03-09,korea,829.0,143.0,120.0,78.6,8.0,0.0,53.0,66.0,24.0,-38.7,5.0
2022-03-09,libya,132.0,13.0,18.0,115.8,1.0,1.0,15.0,0.0,0.0,0.0,0.0
2022-03-09,scs,1852.0,196.0,208.0,2156.5,3.0,2.0,117.0,31.0,3.0,76.7,1.0
2022-03-09,southasia,6268.0,934.0,895.0,2448.3,12.0,21.0,384.0,13.0,7.0,-32.3,3.0
2022-03-09,sudan,310.0,49.0,74.0,-320.8,0.0,3.0,27.0,0.0,0.0,0.0,0.0
2022-03-09,taiwan,381.0,51.0,39.0,323.1,5.0,5.0,9.0,94.0,35.0,-50.5,11.0
2022-03-09,ukraine,19304.0,2343.0,2743.0,16157.8,121.0,92.0,1137.0,5261.0,2277.0,-3900.2,258.0
2022-03-09,venezuela,868.0,84.0,145.0,1041.2,0.0,0.0,115.0,436.0,109.0,714.7,55.0
2022-03-09,yemen,207.0,29.0,45.0,-121.2,2.0,0.0,11.0,67.0,27.0,6.5,0.0
2022-03-10,drc,24.0,0.0,13.0,-37.0,0.0,0.0,8.0,0.0,0.0,0.0,0.0
2022-03-10,europe_east,4392.0,481.0,310.0,6404.1,64.0,19.0,110.0,610.0,216.0,1.3,69.0
2022-03-10,iran,855.0,125.0,120.0,691.2,4.0,0.0,57.0,226.0,84.0,-68.4,9.0
2022-03-10,israel,3406.0,453.0,421.0,3127.1,11.0,3.0,202.0,333.0,170.0,-615.0,40.0
2022-03-10,korea,1172.0,149.0,125.0,1011.7,12.0,1.0,54.0,202.0,44.0,314.0,7.0
2022-03-10,libya,134.0,19.0,15.0,111.1,2.0,0.0,12.0,0.0,0.0,0.0,0.0
2022-03-10,scs,1610.0,175.0,139.0,2240.6,6.0,3.0,73.0,46.0,20.0,55.0,3.0
2022-03-10,southasia,6175.0,942.0,754.0,3399.8,13.0,10.0,306.0,19.0,9.0,-32.6,3.0
2022-03-10,sudan,288.0,50.0,51.0,-41.6,1.0,1.0,20.0,1.0,1.0,-5.0,1.0
2022-03-10,taiwan,395.0,61.0,43.0,63.5,7.0,2.0,9.0,127.0,56.0,-258.0,10.0
2022-03-10,ukraine,17282.0,2283.0,2269.0,14251.0,103.0,102.0,776.0,4894.0,2078.0,-2462.1,249.0
2022-03-10,venezuela,506.0,48.0,64.0,792.6,0.0,0.0,52.0,188.0,41.0,403.7,13.0
2022-03-10,yemen,147.0,28.0,37.0,-167.1,0.0,0.0,6.0,36.0,8.0,33.4,0.0
2022-03-11,drc,11.0,0.0,0.0,33.6,0.0,0.0,0.0,0.0,0.0,0.0,0.0
2022-03-11,europe_east,3922.0,346.0,296.0,6432.1,63.0,20.0,116.0,463.0,123.0,401.9,27.0
2022-03-11,iran,904.0,135.0,105.0,1037.1,1.0,1.0,63.0,155.0,61.0,76.1,7.0
2022-03-11,israel,1860.0,251.0,282.0,1100.6,7.0,1.0,121.0,201.0,87.0,-163.0,11.0
2022-03-11,korea,1029.0,166.0,114.0,494.7,12.0,0.0,51.0,188.0,76.0,-41.8,8.0
2022-03-11,libya,199.0,25.0,25.0,203.4,4.0,1.0,12.0,0.0,0.0,0.0,0.0
2022-03-11,scs,1621.0,137.0,168.0,2299.4,0.0,5.0,91.0,50.0,9.0,100.6,0.0
2022-03-11,southasia,6046.0,1040.0,827.0,1820.6,12.0,4.0,350.0,41.0,28.0,-165.2,0.0
2022-03-11,sudan,469.0,86.0,108.0,-486.3,5.0,5.0,19.0,4.0,4.0,-20.0,4.0
2022-03-11,taiwan,307.0,45.0,32.0,330.7,1.0,3.0,10.0,77.0,42.0,-74.2,2.0
2022-03-11,ukraine,16497.0,2213.0,2446.0,10082.5,113.0,101.0,809.0,4622.0,2136.0,-4781.3,234.0
2022-03-11,venezuela,570.0,77.0,87.0,408.2,0.0,0.0,61.0,185.0,41.0,274.1,10.0
2022-03-11,yemen,200.0,33.0,37.0,52.8,5.0,0.0,9.0,90.0,34.0,47.8,11.0
2022-03-12,drc,8.0,0.0,5.0,-44.0,0.0,0.0,0.0,8.0,2.0,7.1,2.0
2022-03-12,europe_east,2064.0,143.0,182.0,3492.5,9.0,12.0,45.0,171.0,52.0,222.4,3.0
2022-03-12,iran,622.0,79.0,70.0,883.0,1.0,1.0,30.0,118.0,40.0,81.8,5.0
2022-03-12,israel,1511.0,193.0,180.0,1291.2,6.0,0.0,67.0,149.0,75.0,-260.7,7.0
2022-03-12,korea,346.0,70.0,51.0,-15.9,6.0,0.0,29.0,62.0,17.0,86.1,3.0
2022-03-12,libya,79.0,11.0,9.0,54.3,0.0,2.0,5.0,0.0,0.0,0.0,0.0
2022-03-12,scs,850.0,79.0,62.0,1551.9,0.0,7.0,30.0,14.0,0.0,62.0,0.0
2022-03-12,southasia,4827.0,771.0,752.0,754.8,3.0,13.0,296.0,46.0,30.0,-185.2,5.0
2022-03-12,sudan,183.0,27.0,45.0,-209.9,3.0,1.0,11.0,1.0,1.0,-5.0,1.0
2022-03-12,taiwan,169.0,20.0,19.0,81.9,0.0,0.0,7.0,47.0,14.0,-3.3,3.0
2022-03-12,ukraine,12153.0,1718.0,2079.0,2076.0,104.0,86.0,557.0,3942.0,2016.0,-6652.4,217.0
2022-03-12,venezuela,154.0,12.0,13.0,332.5,0.0,0.0,10.0,42.0,7.0,59.3,6.0
2022-03-12,yemen,187.0,32.0,64.0,-304.1,1.0,0.0,28.0,47.0,18.0,-66.0,1.0
2022-03-13,drc,20.0,0.0,4.0,-11.5,0.0,0.0,0.0,1.0,0.0,8.3,0.0
2022-03-13,europe_east,1687.0,145.0,197.0,1682.1,11.0,8.0,43.0,272.0,156.0,-727.3,41.0
2022-03-13,iran,1528.0,231.0,471.0,-2500.2,13.0,3.0,86.0,410.0,270.0,-1979.3,9.0
2022-03-13,israel,1929.0,276.0,276.0,684.0,11.0,2.0,63.0,293.0,195.0,-1400.2,11.0
2022-03-13,korea,270.0,45.0,27.0,206.4,1.0,1.0,18.0,26.0,4.0,57.8,0.0
2022-03-13,libya,147.0,19.0,28.0,-47.0,2.0,0.0,5.0,0.0,0.0,0.0,0.0
2022-03-13,scs,902.0,129.0,129.0,361.7,1.0,2.0,62.0,10.0,5.0,-7.6,3.0
2022-03-13,southasia,4484.0,622.0,653.0,1911.8,8.0,21.0,296.0,12.0,5.0,-13.1,1.0
2022-03-13,sudan,103.0,11.0,20.0,54.8,0.0,0.0,9.0,1.0,1.0,-5.0,1.0
2022-03-13,taiwan,270.0,38.0,27.0,306.2,0.0,4.0,14.0,62.0,23.0,-6.9,1.0
2022-03-13,ukraine,12203.0,1679.0,2395.0,-1808.9,125.0,58.0,497.0,4073.0,2110.0,-6785.2,221.0
2022-03-13,venezuela,117.0,7.0,13.0,175.2,0.0,0.0,11.0,32.0,4.0,53.2,0.0
2022-03-13,yemen,205.0,46.0,58.0,-266.9,0.0,0.0,20.0,14.0,8.0,-50.0,0.0
2022-03-14,drc,49.0,0.0,7.0,8.8,0.0,0.0,0.0,7.0,2.0,-13.0,0.0
2022-03-14,europe_east,2973.0,214.0,332.0,4111.4,19.0,13.0,95.0,350.0,192.0,-666.3,52.0
2022-03-14,iran,1728.0,319.0,393.0,-1359.7,3.0,4.0,104.0,452.0,255.0,-1278.9,7.0
2022-03-14,israel,2549.0,350.0,318.0,1942.2,7.0,4.0,103.0,370.0,200.0,-909.5,14.0
2022-03-14,korea,628.0,90.0,71.0,574.4,0.0,0.0,28.0,98.0,47.0,-80.3,2.0
2022-03-14,libya,115.0,8.0,17.0,125.8,0.0,0.0,1.0,0.0,0.0,0.0,0.0
2022-03-14,scs,1527.0,214.0,182.0,1213.2,8.0,2.0,88.0,119.0,30.0,-10.5,1.0
2022-03-14,southasia,5312.0,870.0,643.0,2969.4,8.0,21.0,283.0,12.0,8.0,-40.0,0.0
2022-03-14,sudan,370.0,60.0,87.0,-269.7,1.0,0.0,43.0,1.0,0.0,1.0,0.0
2022-03-14,taiwan,510.0,56.0,77.0,402.9,3.0,3.0,18.0,123.0,60.0,-96.4,16.0
2022-03-14,ukraine,15909.0,1938.0,2721.0,5459.2,133.0,54.0,735.0,4675.0,2191.0,-6599.2,259.0
2022-03-14,venezuela,154.0,15.0,17.0,213.2,0.0,0.0,9.0,37.0,6.0,83.9,1.0
2022-03-14,yemen,244.0,35.0,46.0,42.9,1.0,0.0,19.0,51.0,30.0,-194.6,3.0
2022-03-15,drc,16.0,0.0,3.0,13.9,0.0,0.0,0.0,5.0,1.0,5.2,0.0
2022-03-15,europe_east,3249.0,207.0,295.0,6321.2,7.0,7.0,127.0,317.0,118.0,-105.6,44.0
2022-03-15,iran,1452.0,268.0,272.0,-77.9,2.0,4.0,117.0,295.0,178.0,-781.5,21.0
2022-03-15,israel,2849.0,402.0,559.0,-223.4,6.0,1.0,156.0,513.0,345.0,-1919.2,36.0
2022-03-15,korea,622.0,69.0,71.0,894.1,1.0,1.0,27.0,40.0,20.0,-61.4,9.0
2022-03-15,libya,179.0,27.0,27.0,114.2,0.0,3.0,4.0,0.0,0.0,0.0,0.0
2022-03-15,scs,1638.0,192.0,181.0,1751.5,6.0,3.0,76.0,97.0,20.0,151.4,0.0
2022-03-15,southasia,6651.0,1152.0,945.0,1773.5,11.0,15.0,551.0,43.0,18.0,-64.7,3.0
2022-03-15,sudan,299.0,52.0,75.0,-276.2,1.0,1.0,25.0,2.0,2.0,-8.0,0.0
2022-03-15,taiwan,348.0,51.0,35.0,291.1,3.0,3.0,14.0,86.0,45.0,-111.9,13.0
2022-03-15,ukraine,16536.0,1883.0,2672.0,8279.7,88.0,81.0,891.0,4881.0,2071.0,-3469.2,290.0
2022-03-15,venezuela,259.0,35.0,35.0,320.0,0.0,0.0,19.0,95.0,31.0,153.8,10.0
2022-03-15,yemen,253.0,40.0,60.0,-115.1,2.0,0.0,18.0,83.0,26.0,-24.1,0.0
2022-03-16,drc,5.0,1.0,0.0,21.2,1.0,0.0,0.0,5.0,4.0,-29.1,0.0
2022-03-16,europe_east,2944.0,184.0,219.0,5521.4,8.0,11.0,70.0,251.0,79.0,11.2,20.0
2022-03-16,iran,2775.0,365.0,507.0,1808.7,5.0,4.0,353.0,344.0,180.0,-671.7,33.0
2022-03-16,israel,2583.0,335.0,417.0,614.1,10.0,1.0,157.0,390.0,244.0,-1398.1,47.0
2022-03-16,korea,873.0,137.0,147.0,-86.4,12.0,0.0,34.0,213.0,114.0,-360.6,23.0
2022-03-16,libya,135.0,25.0,20.0,-19.8,1.0,2.0,6.0,0.0,0.0,0.0,0.0
2022-03-16,scs,1699.0,211.0,129.0,2560.2,0.0,0.0,65.0,134.0,41.0,182.8,1.0
2022-03-16,southasia,6193.0,1013.0,803.0,2657.3,14.0,8.0,421.0,12.0,5.0,-32.2,1.0
2022-03-16,sudan,348.0,62.0,62.0,-141.5,0.0,2.0,19.0,0.0,0.0,0.0,0.0
2022-03-16,taiwan,379.0,54.0,46.0,146.7,0.0,2.0,12.0,123.0,51.0,-166.6,0.0
2022-03-16,ukraine,17252.0,2011.0,2443.0,12447.2,100.0,74.0,704.0,4901.0,2028.0,-3329.6,238.0
2022-03-16,venezuela,223.0,28.0,28.0,296.4,0.0,0.0,17.0,117.0,34.0,229.3,9.0
2022-03-16,yemen,419.0,32.0,33.0,786.6,4.0,0.0,11.0,100.0,22.0,99.1,3.0
2022-03-17,drc,25.0,2.0,3.0,47.6,1.0,0.0,2.0,4.0,2.0,-0.8,0.0
2022-03-17,europe_east,2652.0,175.0,192.0,5505.6,9.0,15.0,62.0,328.0,86.0,398.0,16.0
2022-03-17,iran,2312.0,304.0,370.0,2434.1,2.0,0.0,265.0,274.0,100.0,-66.3,12.0
2022-03-17,israel,2544.0,347.0,359.0,1229.9,7.0,2.0,146.0,298.0,142.0,-515.7,16.0
2022-03-17,korea,571.0,51.0,90.0,296.4,4.0,0.0,26.0,43.0,23.0,-107.9,0.0
2022-03-17,libya,154.0,26.0,10.0,125.8,1.0,0.0,6.0,0.0,0.0,0.0,0.0
2022-03-17,scs,1684.0,172.0,181.0,1966.7,0.0,6.0,78.0,40.0,25.0,-109.9,10.0
2022-03-17,southasia,5885.0,902.0,684.0,3602.9,13.0,16.0,316.0,17.0,6.0,-14.2,1.0
2022-03-17,sudan,356.0,80.0,74.0,-416.7,0.0,0.0,46.0,1.0,0.0,7.0,0.0
2022-03-17,taiwan,294.0,32.0,31.0,320.0,1.0,2.0,9.0,83.0,33.0,-22.8,7.0
2022-03-17,ukraine,15577.0,2010.0,2177.0,10468.2,83.0,53.0,525.0,4410.0,1911.0,-3592.0,182.0
2022-03-17,venezuela,172.0,21.0,18.0,266.5,0.0,0.0,16.0,48.0,18.0,66.8,5.0
2022-03-17,yemen,388.0,35.0,30.0,618.6,0.0,0.0,6.0,89.0,5.0,353.8,0.0
2022-03-18,drc,13.0,2.0,2.0,1.9,0.0,0.0,2.0,2.0,1.0,-0.4,0.0
2022-03-18,europe_east,2380.0,184.0,306.0,3009.9,6.0,4.0,128.0,359.0,190.0,-481.5,92.0
2022-03-18,iran,1256.0,158.0,248.0,604.7,5.0,0.0,125.0,250.0,115.0,-345.0,22.0
2022-03-18,israel,1826.0,254.0,208.0,1442.0,12.0,0.0,86.0,196.0,104.0,-294.9,17.0
2022-03-18,korea,482.0,48.0,61.0,533.7,0.0,4.0,37.0,25.0,11.0,-8.1,3.0
2022-03-18,libya,119.0,18.0,11.0,131.4,0.0,0.0,3.0,0.0,0.0,0.0,0.0
2022-03-18,scs,1673.0,178.0,269.0,981.7,6.0,7.0,97.0,28.0,6.0,16.0,0.0
2022-03-18,southasia,4970.0,753.0,516.0,4300.1,12.0,4.0,251.0,18.0,6.0,-19.5,2.0
2022-03-18,sudan,407.0,67.0,80.0,-226.6,0.0,0.0,20.0,0.0,0.0,0.0,0.0
2022-03-18,taiwan,404.0,62.0,26.0,438.9,2.0,1.0,13.0,106.0,50.0,-4.7,4.0
2022-03-18,ukraine,13179.0,1619.0,2299.0,3806.2,82.0,65.0,514.0,3807.0,1608.0,-3882.7,162.0
2022-03-18,venezuela,133.0,16.0,21.0,80.4,0.0,0.0,14.0,56.0,15.0,72.2,4.0
2022-03-18,yemen,231.0,25.0,21.0,249.7,0.0,0.0,2.0,65.0,14.0,74.8,3.0
2022-03-19,drc,22.0,6.0,5.0,-38.6,4.0,0.0,0.0,0.0,0.0,0.0,0.0
2022-03-19,europe_east,1371.0,95.0,188.0,1700.4,7.0,9.0,62.0,255.0,119.0,-230.6,52.0
2022-03-19,iran,656.0,101.0,125.0,103.6,2.0,0.0,51.0,191.0,92.0,-330.1,2.0
2022-03-19,israel,986.0,117.0,165.0,81.6,1.0,3.0,47.0,149.0,93.0,-491.6,8.0
2022-03-19,korea,209.0,37.0,34.0,-79.4,1.0,5.0,11.0,22.0,16.0,-80.4,7.0
2022-03-19,libya,69.0,14.0,3.0,85.6,0.0,0.0,0.0,0.0,0.0,0.0,0.0
2022-03-19,scs,1035.0,132.0,114.0,808.1,1.0,1.0,55.0,17.0,1.0,17.9,1.0
2022-03-19,southasia,4901.0,761.0,559.0,3186.1,16.0,39.0,218.0,13.0,6.0,-22.0,1.0
2022-03-19,sudan,198.0,20.0,22.0,338.1,0.0,1.0,7.0,0.0,0.0,0.0,0.0
2022-03-19,taiwan,382.0,69.0,31.0,269.4,4.0,4.0,15.0,65.0,28.0,-54.1,4.0
2022-03-19,ukraine,9647.0,1100.0,1695.0,2671.4,88.0,63.0,455.0,3125.0,1372.0,-3393.8,225.0
2022-03-19,venezuela,61.0,10.0,2.0,92.2,0.0,0.0,0.0,0.0,0.0,0.0,0.0
2022-03-19,yemen,209.0,20.0,25.0,64.5,0.0,0.0,4.0,43.0,10.0,38.0,0.0
2022-03-20,drc,23.0,4.0,3.0,41.3,0.0,0.0,0.0,3.0,0.0,15.0,0.0
2022-03-20,europe_east,1054.0,107.0,102.0,1352.7,8.0,3.0,42.0,129.0,60.0,-113.1,25.0
2022-03-20,iran,622.0,90.0,124.0,96.7,11.0,0.0,70.0,139.0,69.0,-228.1,15.0
2022-03-20,israel,2073.0,246.0,292.0,982.0,16.0,19.0,103.0,189.0,81.0,-270.7,19.0
2022-03-20,korea,435.0,53.0,147.0,-889.3,0.0,1.0,15.0,121.0,78.0,-588.1,5.0
2022-03-20,libya,64.0,5.0,6.0,89.9,0.0,2.0,0.0,0.0,0.0,0.0,0.0
2022-03-20,scs,983.0,114.0,77.0,1203.4,4.0,3.0,19.0,14.0,9.0,-34.2,5.0
2022-03-20,southasia,4913.0,696.0,593.0,3731.6,6.0,15.0,232.0,13.0,7.0,-10.6,0.0
2022-03-20,sudan,127.0,18.0,27.0,-86.8,0.0,2.0,5.0,0.0,0.0,0.0,0.0
2022-03-20,taiwan,207.0,22.0,40.0,-33.9,1.0,1.0,12.0,49.0,28.0,-114.4,1.0
2022-03-20,ukraine,9165.0,1176.0,1785.0,163.7,62.0,37.0,458.0,3180.0,1562.0,-4756.3,191.0
2022-03-20,venezuela,50.0,7.0,12.0,4.0,0.0,0.0,7.0,3.0,1.0,12.0,0.0
2022-03-20,yemen,188.0,31.0,47.0,-269.3,2.0,0.0,3.0,56.0,26.0,-166.5,0.0
2022-03-21,drc,34.0,8.0,3.0,49.8,0.0,0.0,0.0,4.0,1.0,-5.3,0.0
2022-03-21,europe_east,2927.0,182.0,223.0,5750.8,5.0,7.0,75.0,336.0,115.0,-14.4,27.0
2022-03-21,iran,1517.0,219.0,271.0,525.1,4.0,4.0,129.0,301.0,158.0,-679.6,25.0
2022-03-21,israel,3266.0,438.0,382.0,2767.1,16.0,5.0,181.0,392.0,199.0,-705.3,23.0
2022-03-21,korea,494.0,56.0,61.0,530.3,2.0,0.0,5.0,40.0,22.0,-100.4,0.0
2022-03-21,libya,110.0,10.0,25.0,-69.7,0.0,0.0,3.0,0.0,0.0,0.0,0.0
2022-03-21,scs,1406.0,148.0,125.0,1990.4,2.0,4.0,45.0,41.0,14.0,8.4,0.0
2022-03-21,southasia,6004.0,890.0,549.0,5783.5,6.0,1.0,252.0,33.0,4.0,54.2,3.0
2022-03-21,sudan,232.0,42.0,45.0,-113.3,0.0,0.0,19.0,0.0,0.0,0.0,0.0
2022-03-21,taiwan,346.0,82.0,23.0,259.7,2.0,1.0,11.0,60.0,27.0,-74.6,6.0
2022-03-21,ukraine,12955.0,1843.0,1893.0,7938.6,105.0,52.0,503.0,4027.0,1907.0,-4042.4,202.0
2022-03-21,venezuela,98.0,11.0,7.0,155.0,0.0,0.0,7.0,30.0,10.0,8.8,1.0
2022-03-21,yemen,335.0,40.0,49.0,149.5,2.0,0.0,0.0,117.0,38.0,8.3,1.0
2022-03-22,drc,83.0,15.0,26.0,-123.3,0.0,0.0,18.0,8.0,5.0,-32.8,4.0
2022-03-22,europe_east,2493.0,156.0,204.0,4505.8,4.0,12.0,68.0,289.0,109.0,-8.3,22.0
2022-03-22,iran,1049.0,131.0,129.0,1036.6,0.0,3.0,73.0,210.0,61.0,114.6,9.0
2022-03-22,israel,3257.0,369.0,490.0,1521.1,11.0,7.0,175.0,393.0,166.0,-443.1,22.0
2022-03-22,korea,454.0,51.0,51.0,572.8,0.0,1.0,12.0,52.0,10.0,63.7,0.0
2022-03-22,libya,126.0,13.0,12.0,227.3,1.0,1.0,4.0,0.0,0.0,0.0,0.0
2022-03-22,scs,1695.0,183.0,151.0,2459.2,6.0,5.0,69.0,9.0,6.0,-30.0,4.0
2022-03-22,southasia,6658.0,939.0,771.0,5229.0,10.0,8.0,302.0,19.0,6.0,29.2,1.0
2022-03-22,sudan,366.0,70.0,73.0,-276.5,2.0,3.0,26.0,0.0,0.0,0.0,0.0
2022-03-22,taiwan,274.0,43.0,26.0,271.2,2.0,1.0,7.0,63.0,43.0,-232.6,2.0
2022-03-22,ukraine,12276.0,1541.0,1906.0,6137.9,89.0,68.0,610.0,3767.0,1870.0,-5512.4,236.0
2022-03-22,venezuela,151.0,21.0,10.0,144.9,0.0,0.0,5.0,17.0,4.0,0.9,0.0
2022-03-22,yemen,253.0,38.0,29.0,197.5,2.0,1.0,1.0,68.0,35.0,-138.5,3.0
2022-03-23,drc,22.0,0.0,5.0,27.9,0.0,0.0,2.0,2.0,2.0,-10.0,2.0
2022-03-23,europe_east,3025.0,285.0,273.0,4232.7,5.0,23.0,117.0,392.0,153.0,-165.3,58.0
2022-03-23,iran,955.0,137.0,115.0,1019.9,7.0,2.0,53.0,212.0,74.0,46.4,11.0
2022-03-23,israel,3378.0,430.0,599.0,139.2,19.0,12.0,182.0,454.0,176.0,-440.2,31.0
2022-03-23,korea,624.0,89.0,73.0,641.3,1.0,1.0,26.0,77.0,18.0,86.2,2.0
2022-03-23,libya,92.0,14.0,15.0,65.1,1.0,0.0,6.0,0.0,0.0,0.0,0.0
2022-03-23,scs,1714.0,238.0,162.0,2195.2,0.0,0.0,101.0,23.0,5.0,-5.5,0.0
2022-03-23,southasia,6178.0,878.0,695.0,4615.9,7.0,11.0,280.0,30.0,9.0,-42.7,1.0
2022-03-23,sudan,295.0,57.0,62.0,-315.1,0.0,2.0,10.0,0.0,0.0,0.0,0.0
2022-03-23,taiwan,316.0,54.0,18.0,382.3,5.0,1.0,7.0,67.0,31.0,-84.1,4.0
2022-03-23,ukraine,12068.0,1611.0,1885.0,5553.3,82.0,81.0,565.0,3605.0,1821.0,-5579.3,268.0
2022-03-23,venezuela,115.0,9.0,8.0,280.9,0.0,0.0,4.0,6.0,1.0,9.6,0.0
2022-03-23,yemen,290.0,39.0,70.0,-198.2,0.0,0.0,12.0,38.0,22.0,-94.9,1.0
2022-03-24,drc,32.0,2.0,2.0,53.6,0.0,0.0,0.0,2.0,0.0,4.7,0.0
2022-03-24,europe_east,2794.0,215.0,309.0,3519.5,11.0,31.0,120.0,418.0,213.0,-615.4,89.0
2022-03-24,iran,831.0,88.0,99.0,1237.7,8.0,2.0,60.0,129.0,52.0,-84.5,4.0
2022-03-24,israel,3178.0,380.0,427.0,2180.1,8.0,1.0,160.0,443.0,126.0,45.0,22.0
2022-03-24,korea,1526.0,288.0,331.0,-1174.8,8.0,4.0,39.0,509.0,303.0,-1546.8,42.0
2022-03-24,libya,61.0,13.0,9.0,-32.7,2.0,0.0,3.0,0.0,0.0,0.0,0.0
2022-03-24,scs,1857.0,210.0,155.0,2770.8,2.0,0.0,88.0,34.0,15.0,-45.9,1.0
2022-03-24,southasia,6750.0,1003.0,655.0,5388.8,12.0,15.0,270.0,30.0,14.0,-25.9,5.0
2022-03-24,sudan,395.0,67.0,71.0,-40.4,0.0,0.0,23.0,4.0,2.0,-3.2,0.0
2022-03-24,taiwan,317.0,59.0,26.0,211.2,2.0,0.0,11.0,99.0,30.0,-4.0,3.0
2022-03-24,ukraine,13529.0,1743.0,1906.0,9526.4,106.0,94.0,580.0,3720.0,1731.0,-4559.1,228.0
2022-03-24,venezuela,167.0,27.0,14.0,214.6,1.0,0.0,7.0,22.0,7.0,16.1,4.0
2022-03-24,yemen,256.0,24.0,68.0,-237.5,3.0,0.0,7.0,74.0,26.0,-17.0,5.0
2022-03-25,drc,34.0,0.0,4.0,56.0,0.0,0.0,0.0,2.0,0.0,4.7,0.0
2022-03-25,europe_east,3075.0,193.0,234.0,5837.1,10.0,25.0,91.0,407.0,117.0,-12.4,52.0
2022-03-25,iran,717.0,111.0,67.0,1023.8,1.0,0.0,36.0,116.0,44.0,-45.3,0.0
2022-03-25,israel,2468.0,200.0,297.0,3195.4,6.0,3.0,136.0,256.0,75.0,98.6,13.0
2022-03-25,korea,1290.0,213.0,203.0,305.6,2.0,0.0,84.0,287.0,143.0,-346.7,9.0
2022-03-25,libya,155.0,23.0,44.0,-279.4,1.0,0.0,7.0,1.0,0.0,-2.0,0.0
2022-03-25,scs,1369.0,129.0,140.0,1845.7,2.0,10.0,63.0,45.0,5.0,89.2,0.0
2022-03-25,southasia,6726.0,1047.0,736.0,4390.3,14.0,9.0,277.0,35.0,8.0,-3.3,1.0
2022-03-25,sudan,265.0,46.0,68.0,-356.3,3.0,1.0,20.0,2.0,2.0,-11.2,0.0
2022-03-25,taiwan,317.0,21.0,24.0,472.7,1.0,1.0,9.0,42.0,14.0,-25.4,5.0
2022-03-25,ukraine,12077.0,1363.0,1793.0,8756.3,67.0,60.0,515.0,3598.0,1637.0,-4592.3,215.0
2022-03-25,venezuela,170.0,17.0,30.0,48.6,0.0,2.0,15.0,22.0,0.0,77.7,0.0
2022-03-25,yemen,281.0,36.0,102.0,-579.0,0.0,0.0,9.0,150.0,80.0,-386.3,7.0
2022-03-26,drc,12.0,5.0,5.0,-70.5,0.0,0.0,0.0,0.0,0.0,0.0,0.0
2022-03-26,europe_east,2725.0,166.0,184.0,5059.4,9.0,7.0,76.0,326.0,88.0,-87.6,27.0
2022-03-26,iran,715.0,87.0,85.0,652.8,2.0,0.0,31.0,130.0,26.0,166.9,4.0
2022-03-26,israel,1833.0,132.0,166.0,3188.0,3.0,3.0,84.0,313.0,55.0,511.6,4.0
2022-03-26,korea,715.0,146.0,119.0,-25.0,0.0,2.0,36.0,134.0,73.0,-201.6,10.0
2022-03-26,libya,96.0,7.0,23.0,-69.3,0.0,0.0,7.0,0.0,0.0,0.0,0.0
2022-03-26,scs,1192.0,101.0,170.0,1183.5,0.0,7.0,80.0,21.0,6.0,17.3,2.0
2022-03-26,southasia,4996.0,684.0,642.0,3337.1,3.0,9.0,248.0,26.0,8.0,18.0,8.0
2022-03-26,sudan,221.0,33.0,58.0,-134.3,0.0,1.0,16.0,1.0,1.0,-9.5,0.0
2022-03-26,taiwan,148.0,13.0,8.0,233.1,0.0,0.0,5.0,35.0,12.0,2.1,3.0
2022-03-26,ukraine,8949.0,1020.0,1401.0,3839.8,52.0,42.0,331.0,2682.0,1373.0,-5273.2,170.0
2022-03-26,venezuela,28.0,6.0,4.0,22.2,0.0,0.0,4.0,13.0,7.0,-15.2,0.0
2022-03-26,yemen,423.0,107.0,114.0,-810.1,17.0,0.0,28.0,284.0,161.0,-795.8,29.0
2022-03-27,drc,1.0,0.0,0.0,7.0,0.0,0.0,0.0,0.0,0.0,0.0,0.0
2022-03-27,europe_east,1764.0,167.0,180.0,1921.7,18.0,5.0,39.0,277.0,98.0,-35.2,22.0
2022-03-27,iran,1155.0,130.0,118.0,1458.6,2.0,3.0,50.0,318.0,68.0,445.7,6.0
2022-03-27,israel,3068.0,257.0,389.0,3328.2,2.0,2.0,102.0,481.0,82.0,739.8,6.0
2022-03-27,korea,415.0,55.0,36.0,509.7,4.0,0.0,12.0,61.0,23.0,-72.9,0.0
2022-03-27,libya,112.0,3.0,48.0,-173.1,0.0,0.0,28.0,0.0,0.0,0.0,0.0
2022-03-27,scs,1015.0,117.0,94.0,1434.2,1.0,7.0,53.0,91.0,46.0,3.7,4.0
2022-03-27,southasia,4476.0,598.0,556.0,3244.8,17.0,14.0,218.0,46.0,7.0,136.1,5.0
2022-03-27,sudan,133.0,41.0,17.0,-33.6,2.0,0.0,7.0,7.0,1.0,25.0,1.0
2022-03-27,taiwan,194.0,35.0,21.0,202.4,0.0,0.0,14.0,26.0,13.0,-33.7,1.0
2022-03-27,ukraine,7146.0,940.0,1082.0,2807.6,43.0,22.0,278.0,2443.0,1144.0,-3340.2,156.0
2022-03-27,venezuela,52.0,2.0,7.0,111.6,0.0,0.0,3.0,3.0,2.0,-10.4,2.0
2022-03-27,yemen,355.0,58.0,60.0,-47.2,5.0,0.0,9.0,194.0,84.0,-230.5,10.0
2022-03-28,drc,13.0,3.0,1.0,12.4,0.0,0.0,0.0,1.0,0.0,7.4,0.0
2022-03-28,europe_east,2127.0,127.0,208.0,3512.9,7.0,11.0,84.0,234.0,68.0,-23.7,24.0
2022-03-28,iran,1091.0,108.0,111.0,1715.0,13.0,0.0,48.0,284.0,69.0,265.4,12.0
2022-03-28,israel,5219.0,514.0,873.0,1579.4,17.0,11.0,234.0,702.0,234.0,-194.4,26.0
2022-03-28,korea,766.0,101.0,129.0,229.2,10.0,0.0,37.0,159.0,47.0,102.1,9.0
2022-03-28,libya,142.0,8.0,21.0,104.5,0.0,0.0,6.0,0.0,0.0,0.0,0.0
2022-03-28,scs,1695.0,179.0,180.0,2200.3,4.0,15.0,77.0,155.0,55.0,39.1,17.0
2022-03-28,southasia,5794.0,937.0,686.0,3988.4,22.0,5.0,308.0,11.0,2.0,22.9,1.0
2022-03-28,sudan,302.0,68.0,51.0,-136.1,5.0,5.0,5.0,5.0,1.0,11.0,1.0
2022-03-28,taiwan,254.0,30.0,19.0,315.6,1.0,1.0,8.0,49.0,27.0,-64.0,11.0
2022-03-28,ukraine,10377.0,1209.0,1416.0,9880.6,49.0,46.0,475.0,3800.0,1441.0,-186.4,200.0
2022-03-28,venezuela,132.0,18.0,30.0,33.5,0.0,0.0,14.0,19.0,9.0,-3.6,3.0
2022-03-28,yemen,259.0,29.0,41.0,36.9,2.0,0.0,6.0,141.0,44.0,-50.1,2.0
2022-03-29,drc,114.0,9.0,53.0,-437.4,0.0,0.0,0.0,67.0,37.0,-137.8,0.0
2022-03-29,europe_east,1899.0,144.0,176.0,3224.0,10.0,4.0,93.0,285.0,104.0,62.2,39.0
2022-03-29,iran,1002.0,115.0,145.0,1083.1,2.0,4.0,62.0,185.0,57.0,15.1,0.0
2022-03-29,israel,4251.0,497.0,823.0,-36.9,18.0,22.0,191.0,567.0,219.0,-566.2,39.0
2022-03-29,korea,598.0,82.0,76.0,368.2,1.0,2.0,22.0,100.0,27.0,76.5,7.0
2022-03-29,libya,124.0,23.0,30.0,-129.4,0.0,0.0,6.0,0.0,0.0,0.0,0.0
2022-03-29,scs,1938.0,201.0,197.0,2386.9,3.0,6.0,85.0,162.0,60.0,-118.8,14.0
2022-03-29,southasia,6174.0,956.0,638.0,5636.2,8.0,15.0,312.0,8.0,0.0,31.4,0.0
2022-03-29,sudan,444.0,79.0,61.0,93.9,4.0,7.0,24.0,3.0,2.0,-0.6,0.0
2022-03-29,taiwan,312.0,44.0,36.0,218.6,2.0,0.0,20.0,68.0,32.0,-15.6,8.0
2022-03-29,ukraine,10906.0,1184.0,1434.0,11900.6,52.0,71.0,447.0,4057.0,1377.0,1906.7,200.0
2022-03-29,venezuela,143.0,10.0,25.0,66.5,0.0,0.0,18.0,25.0,5.0,20.4,5.0
2022-03-29,yemen,365.0,27.0,58.0,365.7,0.0,2.0,15.0,125.0,29.0,21.0,1.0
2022-03-30,drc,112.0,8.0,52.0,-443.6,0.0,0.0,0.0,77.0,57.0,-284.2,9.0
2022-03-30,europe_east,2179.0,167.0,198.0,3511.3,5.0,14.0,92.0,338.0,121.0,-187.4,37.0
2022-03-30,iran,884.0,129.0,99.0,900.3,2.0,1.0,49.0,212.0,90.0,-192.1,7.0
2022-03-30,israel,4701.0,617.0,1206.0,-4802.0,32.0,51.0,190.0,780.0,400.0,-1949.6,75.0
2022-03-30,korea,732.0,91.0,80.0,630.2,1.0,1.0,19.0,106.0,35.0,-62.7,10.0
2022-03-30,libya,171.0,19.0,30.0,50.5,1.0,1.0,7.0,4.0,0.0,28.0,0.0
2022-03-30,scs,2131.0,242.0,212.0,2699.7,4.0,15.0,71.0,72.0,26.0,46.0,0.0
2022-03-30,southasia,7366.0,1101.0,859.0,5932.6,12.0,18.0,354.0,25.0,6.0,16.0,3.0
2022-03-30,sudan,433.0,54.0,39.0,508.2,0.0,2.0,12.0,5.0,1.0,8.0,0.0
2022-03-30,taiwan,246.0,32.0,22.0,245.5,1.0,1.0,14.0,70.0,21.0,-17.2,5.0
2022-03-30,ukraine,10548.0,1211.0,1442.0,8229.0,53.0,71.0,335.0,3889.0,1385.0,377.3,205.0
2022-03-30,venezuela,135.0,9.0,32.0,-5.1,0.0,0.0,16.0,30.0,5.0,27.3,2.0
2022-03-30,yemen,437.0,45.0,70.0,265.9,1.0,0.0,16.0,170.0,56.0,108.1,0.0
2022-03-31,drc,23.0,5.0,1.0,82.7,0.0,0.0,0.0,27.0,8.0,57.2,0.0
2022-03-31,europe_east,1957.0,100.0,166.0,3614.3,3.0,14.0,58.0,219.0,99.0,-74.6,32.0
2022-03-31,iran,872.0,115.0,151.0,734.2,5.0,2.0,67.0,239.0,113.0,-165.2,1.0
2022-03-31,israel,4313.0,465.0,1177.0,-4406.0,20.0,22.0,204.0,869.0,568.0,-3706.2,69.0
2022-03-31,korea,626.0,75.0,81.0,510.7,3.0,2.0,37.0,99.0,26.0,41.1,6.0
2022-03-31,libya,205.0,14.0,25.0,259.2,1.0,0.0,7.0,0.0,0.0,0.0,0.0
2022-03-31,scs,1883.0,236.0,218.0,1979.6,3.0,4.0,100.0,62.0,35.0,-128.4,3.0
2022-03-31,southasia,7059.0,955.0,907.0,4678.3,12.0,8.0,411.0,26.0,9.0,-24.1,3.0
2022-03-31,sudan,339.0,65.0,81.0,-350.1,1.0,2.0,27.0,0.0,0.0,0.0,0.0
2022-03-31,taiwan,401.0,67.0,27.0,435.1,3.0,1.0,15.0,83.0,37.0,-81.6,5.0
2022-03-31,ukraine,10193.0,1143.0,1467.0,8595.1,55.0,73.0,476.0,3491.0,1355.0,-155.9,199.0
2022-03-31,venezuela,172.0,13.0,28.0,75.3,0.0,2.0,4.0,28.0,3.0,72.8,2.0
2022-03-31,yemen,256.0,28.0,33.0,216.0,1.0,0.0,7.0,90.0,27.0,8.3,2.0
2022-04-01,drc,38.0,6.0,12.0,-88.0,0.0,0.0,0.0,26.0,15.0,-123.0,0.0
2022-04-01,europe_east,1643.0,111.0,130.0,2811.4,4.0,5.0,41.0,160.0,49.0,66.9,2.0
2022-04-01,iran,626.0,85.0,82.0,671.0,4.0,0.0,35.0,174.0,69.0,-31.3,7.0
2022-04-01,israel,2756.0,300.0,695.0,-2197.0,16.0,13.0,116.0,543.0,341.0,-2245.3,33.0
2022-04-01,korea,596.0,65.0,66.0,601.6,3.0,0.0,25.0,86.0,33.0,-103.0,1.0
2022-04-01,libya,84.0,3.0,10.0,120.6,0.0,0.0,5.0,0.0,0.0,0.0,0.0
2022-04-01,scs,1592.0,169.0,166.0,2230.5,3.0,5.0,77.0,87.0,17.0,113.8,0.0
2022-04-01,southasia,6778.0,932.0,662.0,7039.1,3.0,10.0,344.0,8.0,4.0,7.8,0.0
2022-04-01,sudan,369.0,51.0,58.0,131.5,0.0,3.0,14.0,0.0,0.0,0.0,0.0
2022-04-01,taiwan,298.0,42.0,16.0,525.2,1.0,2.0,11.0,49.0,22.0,-74.3,3.0
2022-04-01,ukraine,9255.0,1082.0,1323.0,7691.5,52.0,45.0,341.0,3729.0,1455.0,131.2,169.0
2022-04-01,venezuela,100.0,5.0,14.0,175.4,0.0,0.0,7.0,21.0,2.0,28.2,0.0
2022-04-01,yemen,297.0,29.0,48.0,155.2,2.0,1.0,6.0,97.0,31.0,-5.6,2.0
2022-04-02,drc,51.0,0.0,6.0,92.2,0.0,0.0,0.0,19.0,6.0,-10.8,0.0
2022-04-02,europe_east,909.0,61.0,91.0,1246.6,1.0,3.0,29.0,124.0,41.0,18.9,3.0
2022-04-02,iran,306.0,44.0,51.0,125.5,0.0,0.0,17.0,51.0,19.0,-82.6,2.0
2022-04-02,israel,1597.0,186.0,571.0,-3623.1,4.0,18.0,51.0,479.0,354.0,-2637.8,29.0
2022-04-02,korea,206.0,29.0,33.0,50.6,0.0,0.0,20.0,42.0,22.0,-95.1,0.0
2022-04-02,libya,134.0,25.0,3.0,315.5,1.0,0.0,1.0,0.0,0.0,0.0,0.0
2022-04-02,scs,949.0,120.0,113.0,861.9,1.0,5.0,55.0,13.0,13.0,-50.0,0.0
2022-04-02,southasia,5027.0,735.0,465.0,4847.3,3.0,11.0,218.0,11.0,0.0,64.0,0.0
2022-04-02,sudan,283.0,50.0,19.0,366.6,0.0,0.0,11.0,7.0,1.0,13.3,0.0
2022-04-02,taiwan,142.0,22.0,8.0,179.8,0.0,0.0,3.0,30.0,10.0,20.5,3.0
2022-04-02,ukraine,7655.0,968.0,1226.0,3560.8,54.0,45.0,274.0,3135.0,1419.0,-3002.8,168.0
2022-04-02,venezuela,69.0,15.0,3.0,90.7,0.0,0.0,0.0,6.0,0.0,35.7,0.0
2022-04-02,yemen,408.0,15.0,39.0,833.4,4.0,2.0,7.0,79.0,10.0,194.1,0.0
2022-04-03,drc,21.0,1.0,6.0,-19.9,0.0,0.0,0.0,14.0,12.0,-88.0,1.0
2022-04-03,europe_east,1051.0,109.0,122.0,885.6,10.0,5.0,21.0,184.0,48.0,170.5,11.0
2022-04-03,iran,403.0,37.0,58.0,428.6,0.0,0.0,29.0,55.0,20.0,-19.7,0.0
2022-04-03,israel,1967.0,276.0,567.0,-3020.0,17.0,18.0,129.0,397.0,259.0,-1683.7,36.0
2022-04-03,korea,418.0,121.0,59.0,-310.2,16.0,0.0,21.0,92.0,61.0,-285.8,13.0
2022-04-03,libya,158.0,16.0,22.0,176.0,0.0,0.0,5.0,0.0,0.0,0.0,0.0
2022-04-03,scs,1077.0,137.0,146.0,791.7,0.0,2.0,69.0,26.0,12.0,-7.1,6.0
2022-04-03,southasia,4795.0,871.0,662.0,858.9,5.0,18.0,317.0,13.0,3.0,14.6,1.0
2022-04-03,sudan,196.0,36.0,22.0,120.4,0.0,0.0,7.0,8.0,3.0,-5.0,1.0
2022-04-03,taiwan,176.0,17.0,16.0,179.2,1.0,0.0,9.0,29.0,10.0,-10.8,4.0
2022-04-03,ukraine,7021.0,1203.0,1301.0,-1913.9,31.0,44.0,222.0,2839.0,1462.0,-4574.1,155.0
2022-04-03,venezuela,33.0,6.0,2.0,25.4,0.0,0.0,1.0,4.0,2.0,-13.0,0.0
2022-04-03,yemen,349.0,26.0,51.0,345.3,2.0,1.0,8.0,69.0,18.0,93.1,0.0
2022-04-04,drc,43.0,2.0,3.0,28.7,0.0,0.0,0.0,20.0,5.0,4.6,1.0
2022-04-04,europe_east,1791.0,205.0,179.0,2310.4,5.0,6.0,94.0,363.0,178.0,-410.3,38.0
2022-04-04,iran,618.0,78.0,79.0,885.9,1.0,0.0,38.0,160.0,77.0,-1.3,0.0
2022-04-04,israel,2764.0,425.0,573.0,-1353.9,8.0,13.0,132.0,516.0,299.0,-1365.7,38.0
2022-04-04,korea,652.0,148.0,77.0,42.1,23.0,3.0,34.0,114.0,74.0,-299.2,22.0
2022-04-04,libya,200.0,39.0,19.0,285.0,1.0,2.0,11.0,0.0,0.0,0.0,0.0
2022-04-04,scs,1693.0,156.0,159.0,2366.9,0.0,3.0,82.0,114.0,11.0,395.7,2.0
2022-04-04,southasia,5602.0,1032.0,706.0,1882.1,4.0,13.0,355.0,31.0,10.0,-15.9,5.0
2022-04-04,sudan,425.0,49.0,53.0,621.3,0.0,5.0,13.0,2.0,2.0,-10.6,1.0
2022-04-04,taiwan,189.0,42.0,33.0,-24.1,1.0,0.0,7.0,27.0,14.0,-47.6,4.0
2022-04-04,ukraine,9535.0,1626.0,1590.0,-878.8,64.0,37.0,311.0,3496.0,1764.0,-5034.5,157.0
2022-04-04,venezuela,101.0,20.0,3.0,111.5,0.0,0.0,0.0,13.0,5.0,32.0,0.0
2022-04-04,yemen,356.0,71.0,40.0,360.0,1.0,0.0,4.0,112.0,21.0,233.7,0.0
2022-04-05,drc,39.0,7.0,14.0,-70.6,0.0,0.0,7.0,2.0,0.0,12.4,0.0
2022-04-05,europe_east,1977.0,177.0,254.0,2692.2,6.0,6.0,172.0,466.0,268.0,-679.2,86.0
2022-04-05,iran,759.0,126.0,169.0,-378.3,6.0,0.0,93.0,196.0,96.0,-93.1,5.0
2022-04-05,israel,2823.0,397.0,497.0,308.9,11.0,18.0,142.0,426.0,200.0,-833.0,45.0
2022-04-05,korea,806.0,164.0,100.0,10.7,28.0,4.0,30.0,140.0,72.0,-144.4,20.0
2022-04-05,libya,153.0,24.0,19.0,85.0,1.0,0.0,4.0,0.0,0.0,0.0,0.0
2022-04-05,scs,1695.0,195.0,190.0,1765.2,3.0,2.0,90.0,81.0,21.0,185.2,0.0
2022-04-05,southasia,5968.0,1009.0,743.0,2861.7,8.0,5.0,375.0,26.0,13.0,-57.6,6.0
2022-04-05,sudan,809.0,124.0,158.0,-267.2,0.0,2.0,35.0,8.0,2.0,26.7,1.0
2022-04-05,taiwan,191.0,23.0,31.0,112.4,2.0,0.0,15.0,37.0,16.0,-27.8,0.0
2022-04-05,ukraine,9963.0,1515.0,1520.0,2119.0,63.0,33.0,438.0,3264.0,1582.0,-3500.6,138.0
2022-04-05,venezuela,109.0,21.0,15.0,-22.1,0.0,0.0,6.0,6.0,0.0,20.2,0.0
2022-04-05,yemen,250.0,43.0,39.0,68.1,2.0,0.0,3.0,84.0,30.0,-72.7,0.0
2022-04-06,drc,56.0,8.0,15.0,-55.0,0.0,0.0,2.0,2.0,1.0,-5.0,1.0
2022-04-06,europe_east,1655.0,166.0,247.0,1231.8,1.0,5.0,126.0,341.0,187.0,-656.6,78.0
2022-04-06,iran,745.0,119.0,132.0,-185.3,6.0,4.0,48.0,186.0,97.0,-302.4,8.0
2022-04-06,israel,2867.0,440.0,508.0,-235.4,12.0,19.0,148.0,409.0,207.0,-968.3,23.0
2022-04-06,korea,733.0,133.0,45.0,784.0,14.0,2.0,14.0,108.0,34.0,-14.1,6.0
2022-04-06,libya,113.0,21.0,11.0,108.9,0.0,0.0,6.0,0.0,0.0,0.0,0.0
2022-04-06,scs,1666.0,205.0,185.0,1578.8,2.0,6.0,81.0,101.0,44.0,29.4,2.0
2022-04-06,southasia,5670.0,1015.0,759.0,1433.8,10.0,3.0,345.0,10.0,8.0,-27.4,2.0
2022-04-06,sudan,666.0,114.0,128.0,-417.8,0.0,8.0,39.0,3.0,1.0,-0.3,1.0
2022-04-06,taiwan,330.0,41.0,42.0,328.4,1.0,2.0,21.0,59.0,23.0,-34.7,1.0
2022-04-06,ukraine,10174.0,1529.0,1630.0,2843.3,72.0,27.0,517.0,3050.0,1550.0,-4171.0,119.0
2022-04-06,venezuela,91.0,10.0,5.0,154.6,0.0,0.0,2.0,25.0,8.0,-19.7,2.0
2022-04-06,yemen,148.0,18.0,28.0,-39.1,0.0,1.0,4.0,30.0,3.0,110.3,0.0
2022-04-07,drc,70.0,7.0,19.0,-100.0,0.0,0.0,4.0,3.0,0.0,17.4,0.0
2022-04-07,europe_east,1641.0,153.0,173.0,2360.4,1.0,6.0,81.0,336.0,104.0,121.9,35.0
2022-04-07,iran,970.0,158.0,203.0,-256.7,2.0,2.0,87.0,226.0,91.0,53.2,2.0
2022-04-07,israel,3430.0,459.0,654.0,-613.1,12.0,5.0,181.0,464.0,215.0,-780.0,28.0
2022-04-07,korea,667.0,84.0,52.0,1091.5,8.0,0.0,35.0,92.0,36.0,62.2,8.0
2022-04-07,libya,111.0,16.0,27.0,-61.5,1.0,0.0,14.0,0.0,0.0,0.0,0.0
2022-04-07,scs,1480.0,191.0,164.0,1568.1,6.0,1.0,54.0,48.0,6.0,90.7,0.0
2022-04-07,southasia,6325.0,1159.0,640.0,4153.1,7.0,17.0,332.0,18.0,10.0,-13.5,2.0
2022-04-07,sudan,399.0,110.0,95.0,-657.2,0.0,6.0,35.0,3.0,3.0,-23.0,3.0
2022-04-07,taiwan,489.0,55.0,23.0,799.9,0.0,1.0,12.0,185.0,60.0,69.1,2.0
2022-04-07,ukraine,9822.0,1414.0,1553.0,2927.8,78.0,42.0,493.0,3126.0,1478.0,-4060.7,166.0
2022-04-07,venezuela,105.0,13.0,14.0,54.0,0.0,1.0,8.0,29.0,10.0,28.0,0.0
2022-04-07,yemen,501.0,36.0,71.0,610.1,0.0,0.0,22.0,157.0,23.0,242.0,3.0
2022-04-08,drc,51.0,5.0,10.0,25.1,0.0,0.0,1.0,11.0,3.0,34.8,0.0
2022-04-08,europe_east,1996.0,192.0,275.0,1972.7,5.0,5.0,168.0,441.0,169.0,-141.5,91.0
2022-04-08,iran,600.0,81.0,134.0,-293.7,0.0,1.0,46.0,98.0,49.0,-101.4,10.0
2022-04-08,israel,3131.0,493.0,844.0,-4261.2,25.0,25.0,192.0,587.0,367.0,-2255.9,62.0
2022-04-08,korea,535.0,56.0,44.0,830.8,1.0,0.0,24.0,42.0,9.0,89.5,1.0
2022-04-08,libya,130.0,23.0,19.0,40.8,0.0,0.0,7.0,0.0,0.0,0.0,0.0
2022-04-08,scs,1388.0,123.0,161.0,1592.6,1.0,5.0,48.0,69.0,19.0,65.5,0.0
2022-04-08,southasia,5449.0,1106.0,693.0,1021.4,37.0,8.0,388.0,23.0,15.0,-69.5,4.0
2022-04-08,sudan,351.0,73.0,44.0,66.6,0.0,0.0,18.0,4.0,0.0,32.0,0.0
2022-04-08,taiwan,380.0,42.0,37.0,401.1,1.0,0.0,27.0,153.0,33.0,145.4,0.0
2022-04-08,ukraine,9758.0,1333.0,1679.0,2598.2,71.0,29.0,495.0,3052.0,1513.0,-3344.0,138.0
2022-04-08,venezuela,162.0,22.0,17.0,184.1,0.0,0.0,13.0,37.0,2.0,90.8,0.0
2022-04-08,yemen,366.0,47.0,67.0,43.2,1.0,0.0,6.0,82.0,18.0,128.5,0.0
2022-04-09,drc,34.0,4.0,5.0,26.1,0.0,0.0,2.0,11.0,2.0,12.8,0.0
2022-04-09,europe_east,1049.0,95.0,129.0,1289.3,4.0,4.0,66.0,200.0,89.0,-161.3,39.0
2022-04-09,iran,441.0,46.0,158.0,-663.9,1.0,0.0,95.0,159.0,73.0,-196.0,9.0
2022-04-09,israel,1647.0,196.0,553.0,-3144.4,10.0,5.0,91.0,500.0,339.0,-2233.7,38.0
2022-04-09,korea,208.0,26.0,26.0,129.7,4.0,0.0,12.0,16.0,8.0,-56.6,1.0
2022-04-09,libya,61.0,16.0,1.0,43.2,0.0,0.0,0.0,0.0,0.0,0.0,0.0
2022-04-09,scs,1208.0,117.0,91.0,1879.4,5.0,6.0,32.0,48.0,6.0,70.8,0.0
2022-04-09,southasia,5357.0,1074.0,705.0,941.7,17.0,12.0,384.0,30.0,14.0,-33.6,1.0
2022-04-09,sudan,184.0,25.0,39.0,16.7,0.0,0.0,13.0,0.0,0.0,0.0,0.0
2022-04-09,taiwan,214.0,16.0,18.0,342.6,1.0,1.0,12.0,58.0,17.0,0.5,2.0
2022-04-09,ukraine,7065.0,815.0,1280.0,1777.2,52.0,30.0,307.0,2192.0,1093.0,-3595.1,100.0
2022-04-09,venezuela,90.0,24.0,16.0,-66.2,1.0,1.0,7.0,24.0,12.0,-21.8,0.0
2022-04-09,yemen,176.0,26.0,22.0,140.4,1.0,0.0,2.0,28.0,10.0,-7.4,0.0
2022-04-10,drc,25.0,1.0,7.0,50.7,0.0,0.0,1.0,1.0,0.0,4.0,0.0
2022-04-10,europe_east,1054.0,100.0,137.0,980.1,5.0,20.0,56.0,184.0,45.0,176.7,14.0
2022-04-10,iran,476.0,68.0,70.0,314.1,3.0,0.0,52.0,110.0,55.0,-88.4,2.0
2022-04-10,israel,2448.0,404.0,818.0,-4850.5,16.0,12.0,175.0,721.0,510.0,-3473.4,68.0
2022-04-10,korea,306.0,43.0,39.0,342.1,3.0,0.0,14.0,55.0,23.0,34.0,3.0
2022-04-10,libya,66.0,7.0,17.0,-50.7,0.0,0.0,3.0,0.0,0.0,0.0,0.0
2022-04-10,scs,887.0,89.0,122.0,633.3,0.0,6.0,40.0,37.0,9.0,-21.0,0.0
2022-04-10,southasia,4466.0,796.0,735.0,-1033.8,20.0,20.0,311.0,24.0,18.0,-117.1,4.0
2022-04-10,sudan,103.0,4.0,15.0,95.1,0.0,0.0,4.0,1.0,0.0,0.4,0.0
2022-04-10,taiwan,187.0,8.0,26.0,176.0,1.0,2.0,12.0,40.0,9.0,7.0,0.0
2022-04-10,ukraine,6531.0,753.0,1067.0,2343.5,62.0,36.0,228.0,2201.0,1084.0,-3572.3,124.0
2022-04-10,venezuela,91.0,17.0,19.0,-45.1,0.0,0.0,10.0,26.0,15.0,11.0,3.0
2022-04-10,yemen,116.0,13.0,9.0,138.6,1.0,0.0,3.0,16.0,2.0,22.6,0.0
2022-04-11,drc,100.0,2.0,19.0,64.0,0.0,0.0,2.0,9.0,5.0,-13.3,2.0
2022-04-11,europe_east,1770.0,198.0,179.0,2188.7,6.0,12.0,66.0,309.0,108.0,18.0,14.0
2022-04-11,iran,712.0,128.0,92.0,593.2,0.0,0.0,55.0,166.0,53.0,128.5,7.0
2022-04-11,israel,3133.0,413.0,799.0,-2836.4,25.0,2.0,223.0,631.0,440.0,-2887.1,77.0
2022-04-11,korea,862.0,84.0,80.0,920.4,7.0,6.0,17.0,65.0,20.0,-40.2,3.0
2022-04-11,libya,80.0,13.0,8.0,59.5,1.0,0.0,1.0,0.0,0.0,0.0,0.0
2022-04-11,scs,1350.0,156.0,132.0,1613.1,7.0,7.0,50.0,30.0,12.0,-5.9,1.0
2022-04-11,southasia,7031.0,1248.0,1036.0,549.3,13.0,23.0,461.0,31.0,23.0,-138.3,6.0
2022-04-11,sudan,287.0,47.0,37.0,194.5,1.0,2.0,12.0,2.0,2.0,-9.0,1.0
2022-04-11,taiwan,255.0,33.0,23.0,302.8,1.0,2.0,17.0,48.0,31.0,-151.3,6.0
2022-04-11,ukraine,9378.0,1170.0,1444.0,3900.5,88.0,64.0,335.0,2942.0,1457.0,-4445.5,176.0
2022-04-11,venezuela,102.0,12.0,13.0,50.6,0.0,0.0,8.0,21.0,7.0,-9.2,0.0
2022-04-11,yemen,233.0,26.0,28.0,249.8,0.0,0.0,8.0,21.0,2.0,25.8,0.0
2022-04-12,drc,28.0,7.0,9.0,-49.0,0.0,0.0,5.0,5.0,2.0,9.4,0.0
2022-04-12,europe_east,1455.0,133.0,149.0,1832.1,6.0,8.0,45.0,257.0,121.0,-268.4,24.0
2022-04-12,iran,941.0,149.0,120.0,446.1,2.0,3.0,45.0,190.0,78.0,-108.5,3.0
2022-04-12,israel,2698.0,360.0,724.0,-2729.3,15.0,7.0,163.0,517.0,349.0,-2245.9,40.0
2022-04-12,korea,843.0,69.0,91.0,1036.6,5.0,18.0,32.0,129.0,45.0,-88.2,30.0
2022-04-12,libya,195.0,16.0,17.0,359.7,1.0,0.0,10.0,4.0,3.0,-17.0,3.0
2022-04-12,scs,1452.0,148.0,114.0,2318.6,6.0,0.0,62.0,42.0,5.0,63.4,0.0
2022-04-12,southasia,7034.0,1191.0,1020.0,987.1,9.0,15.0,395.0,23.0,9.0,-2.9,0.0
2022-04-12,sudan,230.0,30.0,39.0,186.3,0.0,1.0,11.0,1.0,1.0,-5.0,1.0
2022-04-12,taiwan,373.0,35.0,40.0,563.1,3.0,4.0,19.0,96.0,36.0,-17.8,7.0
2022-04-12,ukraine,8766.0,1194.0,1491.0,1102.3,71.0,84.0,453.0,3120.0,1612.0,-5091.8,243.0
2022-04-12,venezuela,174.0,18.0,28.0,37.2,1.0,0.0,15.0,57.0,22.0,13.0,9.0
2022-04-12,yemen,260.0,19.0,40.0,203.8,1.0,0.0,12.0,18.0,3.0,27.0,0.0
2022-04-13,drc,42.0,5.0,6.0,52.2,0.0,0.0,2.0,0.0,0.0,0.0,0.0
2022-04-13,europe_east,2651.0,202.0,178.0,4409.8,7.0,14.0,55.0,486.0,126.0,256.1,24.0
2022-04-13,iran,1026.0,177.0,138.0,499.8,3.0,0.0,67.0,188.0,84.0,-197.9,4.0
2022-04-13,israel,2929.0,380.0,715.0,-2034.2,19.0,9.0,179.0,635.0,392.0,-2313.8,61.0
2022-04-13,korea,640.0,82.0,91.0,349.8,3.0,1.0,41.0,85.0,28.0,-83.6,7.0
2022-04-13,libya,96.0,14.0,6.0,180.5,0.0,0.0,3.0,0.0,0.0,0.0,0.0
2022-04-13,scs,1596.0,178.0,170.0,1785.5,3.0,6.0,82.0,12.0,0.0,49.5,0.0
2022-04-13,southasia,6555.0,1071.0,835.0,2907.8,12.0,20.0,393.0,25.0,2.0,60.5,0.0
2022-04-13,sudan,469.0,37.0,78.0,447.9,2.0,2.0,26.0,2.0,2.0,-7.0,1.0
2022-04-13,taiwan,337.0,36.0,39.0,297.3,1.0,1.0,26.0,104.0,42.0,-38.4,17.0
2022-04-13,ukraine,9693.0,1391.0,1484.0,3697.6,73.0,60.0,488.0,3107.0,1502.0,-3850.1,253.0
2022-04-13,venezuela,148.0,16.0,13.0,65.8,0.0,0.0,10.0,44.0,5.0,74.9,0.0
2022-04-13,yemen,257.0,21.0,38.0,194.2,2.0,0.0,9.0,32.0,11.0,14.9,2.0
2022-04-14,drc,59.0,2.0,17.0,-53.7,0.0,0.0,1.0,9.0,0.0,29.1,0.0
2022-04-14,europe_east,2643.0,225.0,196.0,4677.2,12.0,28.0,41.0,512.0,192.0,-174.5,18.0
2022-04-14,iran,769.0,123.0,121.0,51.3,6.0,0.0,58.0,141.0,82.0,-310.4,12.0
2022-04-14,israel,3305.0,445.0,932.0,-4214.8,38.0,7.0,215.0,898.0,598.0,-4105.0,79.0
2022-04-14,korea,561.0,70.0,42.0,910.8,3.0,0.0,29.0,48.0,12.0,18.8,2.0
2022-04-14,libya,72.0,14.0,12.0,18.5,0.0,0.0,7.0,0.0,0.0,0.0,0.0
2022-04-14,scs,1147.0,102.0,164.0,968.2,0.0,6.0,66.0,14.0,1.0,68.6,0.0
2022-04-14,southasia,6184.0,1022.0,896.0,1377.6,16.0,12.0,392.0,22.0,10.0,-51.4,0.0
2022-04-14,sudan,306.0,50.0,50.0,161.5,0.0,2.0,15.0,3.0,3.0,-24.0,1.0
2022-04-14,taiwan,559.0,41.0,40.0,879.2,3.0,1.0,15.0,139.0,39.0,124.5,6.0
2022-04-14,ukraine,9879.0,1149.0,1476.0,6020.5,70.0,54.0,395.0,3121.0,1457.0,-3843.7,211.0
2022-04-14,venezuela,137.0,16.0,12.0,186.9,0.0,0.0,6.0,19.0,4.0,8.0,0.0
2022-04-14,yemen,297.0,26.0,38.0,362.0,0.0,0.0,9.0,34.0,10.0,32.9,0.0
2022-04-15,drc,51.0,7.0,11.0,-35.7,0.0,0.0,5.0,7.0,7.0,-42.5,0.0
2022-04-15,europe_east,1392.0,130.0,162.0,1923.3,13.0,13.0,57.0,309.0,157.0,-394.5,19.0
2022-04-15,iran,470.0,76.0,102.0,-228.7,2.0,1.0,38.0,96.0,46.0,-106.1,9.0
2022-04-15,israel,2840.0,450.0,977.0,-6476.1,17.0,5.0,174.0,787.0,595.0,-4206.1,62.0
2022-04-15,korea,713.0,70.0,52.0,1125.8,4.0,0.0,23.0,115.0,13.0,212.2,5.0
2022-04-15,libya,118.0,17.0,11.0,156.1,0.0,0.0,4.0,2.0,2.0,-19.0,0.0
2022-04-15,scs,970.0,105.0,94.0,1167.4,1.0,11.0,40.0,41.0,2.0,180.5,0.0
2022-04-15,southasia,4805.0,810.0,640.0,1679.0,13.0,3.0,304.0,21.0,11.0,-44.6,0.0
2022-04-15,sudan,221.0,40.0,45.0,-225.1,0.0,0.0,23.0,2.0,0.0,-0.4,0.0
2022-04-15,taiwan,921.0,70.0,103.0,1108.2,4.0,3.0,65.0,348.0,109.0,107.0,39.0
2022-04-15,ukraine,7199.0,940.0,1310.0,-129.4,89.0,34.0,245.0,2765.0,1500.0,-6385.0,255.0
2022-04-15,venezuela,111.0,1.0,23.0,75.8,0.0,0.0,18.0,18.0,7.0,2.3,3.0
2022-04-15,yemen,227.0,28.0,47.0,-73.3,0.0,0.0,13.0,44.0,14.0,-42.7,0.0
2022-04-16,drc,23.0,5.0,8.0,-70.3,0.0,0.0,1.0,0.0,0.0,0.0,0.0
2022-04-16,europe_east,713.0,76.0,95.0,489.0,6.0,7.0,23.0,165.0,68.0,-179.5,1.0
2022-04-16,iran,403.0,72.0,74.0,-66.8,3.0,2.0,42.0,83.0,32.0,20.2,1.0
2022-04-16,israel,1713.0,335.0,501.0,-2858.5,5.0,1.0,114.0,459.0,339.0,-2185.0,60.0
2022-04-16,korea,408.0,21.0,49.0,606.5,2.0,1.0,10.0,79.0,19.0,21.2,7.0
2022-04-16,libya,52.0,5.0,21.0,-134.6,0.0,0.0,6.0,0.0,0.0,0.0,0.0
2022-04-16,scs,903.0,112.0,88.0,894.1,0.0,0.0,28.0,26.0,8.0,-5.4,0.0
2022-04-16,southasia,4613.0,776.0,748.0,-648.7,15.0,39.0,224.0,3.0,1.0,-3.4,0.0
2022-04-16,sudan,120.0,23.0,11.0,114.1,0.0,0.0,8.0,1.0,1.0,-5.0,1.0
2022-04-16,taiwan,352.0,28.0,40.0,395.6,1.0,2.0,19.0,116.0,24.0,104.0,7.0
2022-04-16,ukraine,6298.0,749.0,1434.0,-2111.4,87.0,31.0,323.0,2637.0,1546.0,-7285.5,246.0
2022-04-16,venezuela,80.0,6.0,12.0,30.9,0.0,0.0,9.0,24.0,10.0,-52.3,0.0
2022-04-16,yemen,113.0,16.0,21.0,11.0,1.0,0.0,10.0,23.0,7.0,22.1,0.0
2022-04-17,drc,4.0,2.0,0.0,8.0,0.0,0.0,0.0,0.0,0.0,0.0,0.0
2022-04-17,europe_east,570.0,41.0,68.0,657.0,2.0,10.0,22.0,85.0,40.0,-128.9,9.0
2022-04-17,iran,313.0,50.0,59.0,-7.2,1.0,4.0,18.0,50.0,17.0,40.1,2.0
2022-04-17,israel,2353.0,425.0,631.0,-2884.6,17.0,1.0,222.0,514.0,327.0,-1795.1,68.0
2022-04-17,korea,584.0,53.0,79.0,604.3,0.0,4.0,15.0,173.0,48.0,180.4,19.0
2022-04-17,libya,123.0,18.0,16.0,33.0,2.0,0.0,9.0,0.0,0.0,0.0,0.0
2022-04-17,scs,732.0,132.0,71.0,415.4,1.0,4.0,31.0,22.0,13.0,3.4,4.0
2022-04-17,southasia,4902.0,782.0,828.0,-1029.2,13.0,33.0,258.0,4.0,0.0,9.4,0.0
2022-04-17,sudan,117.0,18.0,17.0,13.7,0.0,0.0,7.0,5.0,4.0,-13.6,2.0
2022-04-17,taiwan,234.0,28.0,12.0,282.4,1.0,0.0,5.0,43.0,10.0,0.5,4.0
2022-04-17,ukraine,6158.0,902.0,1167.0,-1492.0,90.0,43.0,288.0,2552.0,1338.0,-5070.9,151.0
2022-04-17,venezuela,40.0,6.0,5.0,33.6,0.0,0.0,1.0,3.0,2.0,-6.0,0.0
2022-04-17,yemen,102.0,22.0,8.0,110.0,1.0,0.0,0.0,15.0,4.0,22.7,0.0
2022-04-18,drc,35.0,0.0,7.0,14.9,0.0,0.0,0.0,6.0,4.0,-12.0,0.0
2022-04-18,europe_east,901.0,62.0,111.0,917.8,4.0,5.0,35.0,138.0,73.0,-271.3,17.0
2022-04-18,iran,587.0,123.0,83.0,258.6,2.0,0.0,29.0,173.0,84.0,12.2,7.0
2022-04-18,israel,2934.0,498.0,790.0,-3819.8,15.0,10.0,219.0,630.0,467.0,-3026.5,78.0
2022-04-18,korea,855.0,95.0,99.0,1169.3,10.0,1.0,16.0,214.0,49.0,324.7,25.0
2022-04-18,libya,135.0,26.0,20.0,42.7,0.0,0.0,8.0,0.0,0.0,0.0,0.0
2022-04-18,scs,1504.0,225.0,172.0,1068.7,12.0,6.0,68.0,47.0,5.0,137.4,0.0
2022-04-18,southasia,6359.0,1091.0,1071.0,-944.1,14.0,29.0,452.0,15.0,10.0,-54.3,1.0
2022-04-18,sudan,228.0,40.0,48.0,-235.1,0.0,1.0,10.0,1.0,1.0,-10.0,0.0
2022-04-18,taiwan,283.0,40.0,9.0,407.6,1.0,2.0,2.0,59.0,20.0,19.2,4.0
2022-04-18,ukraine,7404.0,1174.0,1603.0,-4957.5,151.0,56.0,321.0,3071.0,1729.0,-7352.8,217.0
2022-04-18,venezuela,78.0,6.0,17.0,3.9,0.0,0.0,14.0,11.0,0.0,22.8,0.0
2022-04-18,yemen,182.0,22.0,27.0,137.0,3.0,1.0,5.0,78.0,25.0,104.2,6.0
2022-04-19,drc,46.0,2.0,9.0,-12.7,0.0,0.0,0.0,2.0,0.0,6.0,0.0
2022-04-19,europe_east,1196.0,73.0,108.0,2102.2,11.0,2.0,44.0,126.0,74.0,-254.9,28.0
2022-04-19,iran,739.0,131.0,84.0,727.7,4.0,0.0,37.0,172.0,68.0,151.5,4.0
2022-04-19,israel,3330.0,499.0,786.0,-2813.6,15.0,8.0,176.0,744.0,461.0,-2779.2,49.0
2022-04-19,korea,685.0,83.0,78.0,937.8,4.0,1.0,31.0,91.0,27.0,111.8,10.0
2022-04-19,libya,185.0,51.0,30.0,-136.8,0.0,0.0,19.0,0.0,0.0,0.0,0.0
2022-04-19,scs,1696.0,194.0,213.0,1487.9,6.0,5.0,76.0,164.0,26.0,305.4,3.0
2022-04-19,southasia,6400.0,1017.0,990.0,1312.0,12.0,20.0,365.0,18.0,12.0,-116.0,0.0
2022-04-19,sudan,255.0,46.0,47.0,3.7,1.0,0.0,25.0,3.0,0.0,9.0,0.0
2022-04-19,taiwan,298.0,35.0,27.0,417.6,1.0,1.0,15.0,51.0,18.0,6.5,1.0
2022-04-19,ukraine,8401.0,1152.0,1545.0,652.0,111.0,42.0,371.0,3213.0,1714.0,-6638.2,220.0
2022-04-19,venezuela,143.0,23.0,20.0,78.9,0.0,0.0,14.0,6.0,2.0,-9.2,0.0
2022-04-19,yemen,256.0,15.0,21.0,388.2,1.0,1.0,5.0,48.0,8.0,48.6,2.0
2022-04-20,drc,11.0,2.0,2.0,-10.2,0.0,0.0,0.0,5.0,4.0,-29.6,0.0
2022-04-20,europe_east,1650.0,131.0,110.0,3159.7,7.0,9.0,53.0,209.0,96.0,-85.8,20.0
2022-04-20,iran,570.0,86.0,84.0,362.2,4.0,0.0,52.0,84.0,27.0,5.5,3.0
2022-04-20,israel,2902.0,428.0,619.0,-1978.0,12.0,14.0,189.0,520.0,306.0,-1676.5,56.0
2022-04-20,korea,695.0,67.0,56.0,1227.5,0.0,5.0,22.0,68.0,8.0,130.9,2.0
2022-04-20,libya,175.0,27.0,34.0,36.4,1.0,0.0,18.0,0.0,0.0,0.0,0.0
2022-04-20,scs,1706.0,214.0,172.0,1858.3,0.0,0.0,80.0,65.0,12.0,119.2,3.0
2022-04-20,southasia,6697.0,971.0,897.0,3792.2,9.0,25.0,353.0,22.0,15.0,-115.0,1.0
2022-04-20,sudan,207.0,21.0,38.0,32.3,1.0,0.0,26.0,2.0,1.0,-4.0,0.0
2022-04-20,taiwan,339.0,41.0,61.0,-26.0,3.0,3.0,16.0,132.0,36.0,10.2,5.0
2022-04-20,ukraine,7911.0,1034.0,1269.0,3816.2,67.0,32.0,308.0,2616.0,1244.0,-3575.4,140.0
2022-04-20,venezuela,169.0,22.0,16.0,101.2,0.0,0.0,6.0,6.0,1.0,8.1,0.0
2022-04-20,yemen,246.0,22.0,43.0,212.6,0.0,0.0,12.0,109.0,35.0,10.4,0.0
2022-04-21,drc,45.0,6.0,6.0,45.3,1.0,0.0,4.0,30.0,4.0,139.0,1.0
2022-04-21,europe_east,1466.0,136.0,112.0,2515.4,6.0,3.0,42.0,249.0,79.0,70.1,18.0
2022-04-21,iran,640.0,111.0,123.0,-36.9,9.0,0.0,72.0,205.0,113.0,-392.3,38.0
2022-04-21,israel,2840.0,462.0,716.0,-2975.6,11.0,11.0,179.0,655.0,401.0,-2097.9,78.0
2022-04-21,korea,647.0,80.0,52.0,1012.7,1.0,2.0,29.0,81.0,13.0,87.5,3.0
2022-04-21,libya,253.0,30.0,27.0,237.3,0.0,0.0,10.0,0.0,0.0,0.0,0.0
2022-04-21,scs,1599.0,156.0,165.0,1944.4,1.0,6.0,74.0,60.0,17.0,60.4,0.0
2022-04-21,southasia,7581.0,990.0,896.0,6240.2,11.0,13.0,433.0,27.0,10.0,8.3,3.0
2022-04-21,sudan,301.0,41.0,47.0,20.7,2.0,3.0,10.0,1.0,0.0,0.0,0.0
2022-04-21,taiwan,450.0,50.0,64.0,404.2,4.0,6.0,14.0,118.0,36.0,-17.4,6.0
2022-04-21,ukraine,8483.0,978.0,1258.0,6795.8,56.0,35.0,377.0,2836.0,1354.0,-3360.8,187.0
2022-04-21,venezuela,161.0,27.0,26.0,97.1,0.0,0.0,19.0,25.0,3.0,54.7,0.0
2022-04-21,yemen,180.0,12.0,18.0,252.8,2.0,0.0,4.0,61.0,15.0,50.8,0.0
2022-04-22,drc,62.0,6.0,17.0,-68.9,0.0,0.0,4.0,27.0,10.0,83.7,1.0
2022-04-22,europe_east,1309.0,138.0,120.0,1824.8,1.0,4.0,55.0,167.0,118.0,-375.8,43.0
2022-04-22,iran,550.0,85.0,97.0,-67.7,6.0,0.0,38.0,110.0,48.0,-91.6,12.0
2022-04-22,israel,2333.0,351.0,613.0,-2978.4,11.0,9.0,197.0,474.0,290.0,-1758.7,52.0
2022-04-22,korea,809.0,117.0,61.0,1071.9,5.0,0.0,22.0,116.0,20.0,249.8,1.0
2022-04-22,libya,139.0,16.0,24.0,74.6,0.0,0.0,5.0,0.0,0.0,0.0,0.0
2022-04-22,scs,1274.0,151.0,129.0,1328.0,3.0,1.0,42.0,31.0,12.0,-3.6,1.0
2022-04-22,southasia,7557.0,1012.0,1015.0,3706.9,20.0,9.0,380.0,33.0,7.0,42.0,3.0
2022-04-22,sudan,313.0,50.0,46.0,74.1,0.0,0.0,19.0,4.0,0.0,32.0,0.0
2022-04-22,taiwan,317.0,33.0,37.0,450.9,3.0,3.0,17.0,47.0,10.0,37.0,4.0
2022-04-22,ukraine,7853.0,1049.0,1103.0,4611.3,66.0,40.0,275.0,2577.0,1190.0,-3200.3,131.0
2022-04-22,venezuela,210.0,35.0,44.0,-110.3,0.0,1.0,27.0,41.0,8.0,49.2,2.0
2022-04-22,yemen,120.0,6.0,12.0,209.7,0.0,0.0,1.0,28.0,5.0,27.1,0.0
2022-04-23,drc,58.0,4.0,7.0,71.2,0.0,0.0,1.0,11.0,0.0,29.9,0.0
2022-04-23,europe_east,674.0,55.0,74.0,895.5,5.0,2.0,15.0,116.0,39.0,-57.5,11.0
2022-04-23,iran,517.0,76.0,170.0,-796.8,0.0,0.0,55.0,86.0,44.0,-104.6,4.0
2022-04-23,israel,1738.0,227.0,384.0,-1085.3,1.0,3.0,90.0,352.0,215.0,-1238.1,24.0
2022-04-23,korea,213.0,33.0,25.0,200.5,1.0,2.0,4.0,30.0,11.0,7.4,2.0
2022-04-23,libya,91.0,21.0,14.0,-12.1,0.0,0.0,1.0,0.0,0.0,0.0,0.0
2022-04-23,scs,907.0,109.0,75.0,1076.4,1.0,0.0,29.0,43.0,8.0,83.1,6.0
2022-04-23,southasia,5753.0,910.0,770.0,1570.2,14.0,13.0,293.0,34.0,14.0,-26.7,2.0
2022-04-23,sudan,149.0,9.0,28.0,115.6,0.0,0.0,14.0,0.0,0.0,0.0,0.0
2022-04-23,taiwan,180.0,18.0,15.0,328.4,0.0,0.0,6.0,40.0,5.0,85.1,1.0
2022-04-23,ukraine,6360.0,729.0,1019.0,2528.1,47.0,50.0,185.0,2125.0,1113.0,-4610.9,129.0
2022-04-23,venezuela,57.0,11.0,11.0,-30.3,0.0,1.0,4.0,3.0,0.0,0.0,0.0
2022-04-23,yemen,132.0,16.0,25.0,8.6,0.0,0.0,4.0,21.0,8.0,28.9,0.0
2022-04-24,drc,5.0,0.0,0.0,2.2,0.0,0.0,0.0,3.0,0.0,7.5,0.0
2022-04-24,europe_east,675.0,59.0,70.0,773.1,8.0,2.0,26.0,112.0,40.0,-3.6,9.0
2022-04-24,iran,430.0,58.0,65.0,184.4,0.0,0.0,31.0,76.0,17.0,108.8,0.0
2022-04-24,israel,2132.0,345.0,530.0,-2633.5,7.0,15.0,133.0,373.0,254.0,-1555.0,25.0
2022-04-24,korea,306.0,29.0,27.0,492.2,1.0,0.0,7.0,27.0,12.0,-3.3,2.0
2022-04-24,libya,108.0,17.0,15.0,11.2,0.0,1.0,7.0,0.0,0.0,0.0,0.0
2022-04-24,scs,1016.0,129.0,97.0,1038.3,6.0,4.0,26.0,61.0,15.0,84.2,0.0
2022-04-24,southasia,5337.0,837.0,718.0,1509.6,10.0,18.0,294.0,24.0,6.0,-32.2,0.0
2022-04-24,sudan,173.0,17.0,70.0,-326.0,0.0,3.0,13.0,1.0,1.0,-5.0,1.0
2022-04-24,taiwan,154.0,15.0,26.0,126.9,1.0,1.0,13.0,19.0,9.0,-16.3,1.0
2022-04-24,ukraine,6543.0,737.0,1079.0,1709.0,60.0,47.0,214.0,2198.0,1073.0,-4028.9,138.0
2022-04-24,venezuela,113.0,16.0,15.0,68.0,0.0,0.0,12.0,21.0,3.0,62.7,1.0
2022-04-24,yemen,286.0,46.0,56.0,136.6,0.0,0.0,29.0,88.0,34.0,99.3,20.0
2022-04-25,drc,19.0,3.0,1.0,29.5,0.0,0.0,0.0,31.0,1.0,67.6,0.0
2022-04-25,europe_east,1672.0,90.0,145.0,3107.7,4.0,2.0,61.0,225.0,63.0,-29.0,20.0
2022-04-25,iran,710.0,95.0,96.0,533.7,4.0,0.0,39.0,116.0,48.0,11.7,5.0
2022-04-25,israel,2943.0,502.0,795.0,-4020.3,29.0,12.0,182.0,591.0,414.0,-2735.1,65.0
2022-04-25,korea,622.0,60.0,74.0,752.8,4.0,2.0,29.0,40.0,15.0,13.1,3.0
2022-04-25,libya,220.0,17.0,29.0,261.2,1.0,0.0,9.0,0.0,0.0,0.0,0.0
2022-04-25,scs,1498.0,179.0,165.0,1243.3,2.0,1.0,71.0,23.0,10.0,-15.7,0.0
2022-04-25,southasia,6175.0,985.0,885.0,2091.5,18.0,18.0,444.0,31.0,17.0,-27.6,10.0
2022-04-25,sudan,555.0,90.0,148.0,-624.1,4.0,3.0,38.0,4.0,1.0,7.9,1.0
2022-04-25,taiwan,225.0,30.0,11.0,388.2,0.0,0.0,7.0,37.0,9.0,8.0,4.0
2022-04-25,ukraine,9731.0,945.0,1327.0,8532.6,64.0,38.0,279.0,3052.0,1418.0,-4693.6,157.0
2022-04-25,venezuela,82.0,20.0,5.0,34.3,0.0,0.0,2.0,21.0,4.0,48.0,0.0
2022-04-25,yemen,223.0,27.0,48.0,65.4,0.0,1.0,19.0,67.0,26.0,-11.9,4.0
2022-04-26,drc,34.0,3.0,6.0,1.2,0.0,0.0,1.0,22.0,3.0,44.7,0.0
2022-04-26,europe_east,1814.0,130.0,160.0,3189.9,12.0,3.0,90.0,289.0,134.0,-443.2,10.0
2022-04-26,iran,844.0,131.0,120.0,430.0,4.0,2.0,67.0,155.0,55.0,119.1,1.0
2022-04-26,israel,2976.0,429.0,637.0,-1930.1,6.0,2.0,173.0,529.0,319.0,-1939.2,28.0
2022-04-26,korea,745.0,57.0,86.0,962.7,3.0,2.0,44.0,85.0,30.0,-38.8,10.0
2022-04-26,libya,189.0,17.0,34.0,-63.1,0.0,1.0,14.0,0.0,0.0,0.0,0.0
2022-04-26,scs,1645.0,183.0,190.0,1568.0,3.0,1.0,85.0,23.0,0.0,88.5,0.0
2022-04-26,southasia,6588.0,1089.0,1108.0,-527.8,12.0,16.0,414.0,19.0,13.0,-53.3,4.0
2022-04-26,sudan,570.0,84.0,151.0,-500.4,0.0,5.0,41.0,6.0,3.0,-13.4,0.0
2022-04-26,taiwan,231.0,31.0,26.0,250.2,1.0,0.0,11.0,57.0,22.0,-50.8,7.0
2022-04-26,ukraine,9999.0,1274.0,1437.0,7067.2,125.0,63.0,396.0,3036.0,1532.0,-5126.1,254.0
2022-04-26,venezuela,126.0,17.0,24.0,-26.9,0.0,0.0,10.0,6.0,1.0,6.1,0.0
2022-04-26,yemen,105.0,20.0,18.0,70.4,0.0,0.0,8.0,27.0,13.0,-55.5,3.0
2022-04-27,drc,29.0,2.0,8.0,5.9,0.0,0.0,7.0,16.0,3.0,28.2,0.0
2022-04-27,europe_east,1896.0,164.0,172.0,2786.0,7.0,4.0,97.0,455.0,190.0,-185.4,31.0
2022-04-27,iran,857.0,120.0,108.0,963.7,1.0,0.0,33.0,161.0,59.0,-91.5,1.0
2022-04-27,israel,2766.0,335.0,657.0,-2301.9,18.0,2.0,140.0,521.0,353.0,-2466.4,36.0
2022-04-27,korea,683.0,62.0,50.0,1107.8,2.0,1.0,19.0,68.0,15.0,34.3,0.0
2022-04-27,libya,203.0,15.0,37.0,188.9,0.0,0.0,6.0,0.0,0.0,0.0,0.0
2022-04-27,scs,1692.0,172.0,169.0,2234.1,2.0,9.0,70.0,70.0,12.0,230.8,2.0
2022-04-27,southasia,6629.0,1071.0,1052.0,568.9,23.0,12.0,375.0,31.0,16.0,-41.6,1.0
2022-04-27,sudan,501.0,85.0,135.0,-409.0,0.0,1.0,50.0,3.0,1.0,1.8,1.0
2022-04-27,taiwan,332.0,63.0,42.0,57.1,5.0,4.0,11.0,70.0,36.0,-114.6,5.0
2022-04-27,ukraine,8712.0,1158.0,1311.0,4558.4,76.0,44.0,365.0,2596.0,1247.0,-3700.2,154.0
2022-04-27,venezuela,219.0,15.0,25.0,307.2,1.0,0.0,5.0,39.0,2.0,87.6,0.0
2022-04-27,yemen,100.0,8.0,18.0,53.3,0.0,0.0,10.0,44.0,13.0,-26.1,1.0
2022-04-28,drc,36.0,5.0,11.0,-43.6,0.0,0.0,5.0,9.0,0.0,29.6,0.0
2022-04-28,europe_east,1711.0,193.0,212.0,1668.8,1.0,6.0,102.0,353.0,207.0,-520.0,21.0
2022-04-28,iran,972.0,109.0,124.0,704.1,6.0,2.0,62.0,129.0,52.0,-146.8,1.0
2022-04-28,israel,2687.0,386.0,489.0,-311.0,4.0,19.0,127.0,374.0,205.0,-1035.7,25.0
2022-04-28,korea,720.0,57.0,35.0,1558.5,0.0,0.0,22.0,73.0,25.0,-11.2,1.0
2022-04-28,libya,130.0,12.0,18.0,151.9,0.0,2.0,4.0,0.0,0.0,0.0,0.0
2022-04-28,scs,1714.0,156.0,133.0,2845.6,1.0,5.0,53.0,52.0,20.0,26.3,7.0
2022-04-28,southasia,6625.0,970.0,828.0,3187.9,18.0,14.0,298.0,35.0,18.0,-56.8,2.0
2022-04-28,sudan,557.0,61.0,157.0,-326.6,0.0,7.0,56.0,8.0,8.0,-80.0,0.0
2022-04-28,taiwan,399.0,50.0,36.0,429.2,2.0,2.0,19.0,87.0,32.0,-93.0,4.0
2022-04-28,ukraine,9219.0,1247.0,1294.0,5591.1,62.0,39.0,293.0,2829.0,1411.0,-4853.5,146.0
2022-04-28,venezuela,147.0,7.0,16.0,122.4,0.0,0.0,6.0,33.0,3.0,72.8,0.0
2022-04-28,yemen,137.0,14.0,11.0,269.0,0.0,0.0,7.0,45.0,7.0,47.8,0.0
2022-04-29,drc,64.0,7.0,18.0,-85.5,0.0,0.0,5.0,24.0,1.0,95.3,0.0
2022-04-29,europe_east,1912.0,162.0,251.0,2879.1,7.0,20.0,106.0,223.0,124.0,-243.2,14.0
2022-04-29,iran,890.0,159.0,112.0,274.3,9.0,3.0,38.0,222.0,113.0,-304.4,28.0
2022-04-29,israel,2323.0,403.0,521.0,-2314.6,19.0,8.0,123.0,484.0,329.0,-2029.5,50.0
2022-04-29,korea,631.0,55.0,59.0,1010.7,1.0,2.0,47.0,52.0,10.0,34.4,4.0
2022-04-29,libya,159.0,23.0,21.0,111.9,0.0,0.0,9.0,4.0,3.0,-5.0,1.0
2022-04-29,scs,1483.0,135.0,183.0,1582.4,5.0,4.0,74.0,28.0,4.0,84.9,1.0
2022-04-29,southasia,5815.0,956.0,750.0,1885.0,15.0,15.0,338.0,26.0,20.0,-98.6,2.0
2022-04-29,sudan,479.0,63.0,69.0,311.7,0.0,4.0,22.0,1.0,1.0,-5.0,1.0
2022-04-29,taiwan,326.0,34.0,10.0,792.9,1.0,0.0,6.0,52.0,11.0,60.3,0.0
2022-04-29,ukraine,8719.0,1086.0,1546.0,2479.9,52.0,54.0,368.0,2532.0,1268.0,-4138.1,150.0
2022-04-29,venezuela,119.0,9.0,24.0,40.1,0.0,2.0,7.0,15.0,4.0,-14.2,1.0
2022-04-29,yemen,108.0,10.0,7.0,270.2,0.0,0.0,3.0,37.0,5.0,42.7,1.0
2022-04-30,drc,13.0,0.0,2.0,6.4,0.0,0.0,0.0,0.0,0.0,0.0,0.0
2022-04-30,europe_east,584.0,61.0,46.0,848.4,2.0,2.0,17.0,108.0,39.0,-22.9,5.0
2022-04-30,iran,355.0,41.0,75.0,-109.3,3.0,1.0,32.0,81.0,46.0,-231.9,11.0
2022-04-30,israel,1660.0,224.0,583.0,-3931.3,18.0,11.0,107.0,459.0,340.0,-2556.6,44.0
2022-04-30,korea,349.0,39.0,48.0,254.8,2.0,0.0,26.0,43.0,11.0,4.3,1.0
2022-04-30,libya,122.0,16.0,17.0,114.9,0.0,0.0,8.0,0.0,0.0,0.0,0.0
2022-04-30,scs,853.0,67.0,80.0,1130.8,2.0,0.0,30.0,17.0,6.0,10.6,4.0
2022-04-30,southasia,5101.0,882.0,703.0,1106.9,10.0,12.0,342.0,16.0,3.0,11.2,1.0
2022-04-30,sudan,170.0,17.0,19.0,146.4,0.0,1.0,3.0,1.0,1.0,-5.0,1.0
2022-04-30,taiwan,155.0,24.0,9.0,271.8,0.0,0.0,3.0,33.0,15.0,4.8,0.0
2022-04-30,ukraine,5679.0,628.0,1072.0,1141.3,53.0,26.0,292.0,2131.0,1062.0,-3502.6,147.0
2022-04-30,venezuela,70.0,7.0,3.0,139.4,0.0,0.0,2.0,10.0,0.0,19.6,0.0
2022-04-30,yemen,123.0,6.0,5.0,363.4,0.0,0.0,3.0,22.0,4.0,57.5,0.0
2022-05-01,drc,16.0,0.0,5.0,-14.6,0.0,0.0,2.0,0.0,0.0,0.0,0.0
2022-05-01,europe_east,917.0,85.0,81.0,1646.9,6.0,6.0,37.0,127.0,60.0,-52.9,2.0
2022-05-01,iran,505.0,69.0,104.0,-232.7,5.0,0.0,36.0,87.0,45.0,-235.0,2.0
2022-05-01,israel,1807.0,236.0,469.0,-1813.4,11.0,1.0,135.0,338.0,215.0,-1402.6,37.0
2022-05-01,korea,330.0,42.0,35.0,419.0,1.0,0.0,17.0,11.0,5.0,-4.0,2.0
2022-05-01,libya,71.0,5.0,4.0,106.8,0.0,0.0,0.0,0.0,0.0,0.0,0.0
2022-05-01,scs,1233.0,124.0,120.0,1577.8,2.0,6.0,44.0,3.0,1.0,8.8,0.0
2022-05-01,southasia,5145.0,668.0,619.0,3818.9,16.0,8.0,327.0,11.0,8.0,-21.0,3.0
2022-05-01,sudan,157.0,30.0,30.0,-104.8,0.0,2.0,10.0,0.0,0.0,0.0,0.0
2022-05-01,taiwan,208.0,30.0,20.0,247.2,1.0,2.0,8.0,61.0,11.0,200.3,0.0
2022-05-01,ukraine,6926.0,664.0,1150.0,3500.3,49.0,20.0,365.0,2155.0,1060.0,-3647.6,161.0
2022-05-01,venezuela,74.0,10.0,14.0,-53.9,0.0,0.0,3.0,7.0,1.0,3.0,0.0
2022-05-01,yemen,215.0,13.0,31.0,187.9,1.0,0.0,7.0,39.0,4.0,83.7,0.0
2022-05-02,drc,16.0,2.0,1.0,8.8,0.0,0.0,0.0,1.0,0.0,10.0,0.0
2022-05-02,europe_east,1898.0,79.0,137.0,3581.3,2.0,8.0,39.0,133.0,55.0,-23.4,7.0
2022-05-02,iran,519.0,70.0,100.0,-97.1,0.0,0.0,54.0,143.0,64.0,-199.0,12.0
2022-05-02,israel,2625.0,469.0,507.0,-1620.6,18.0,4.0,173.0,390.0,180.0,-844.8,34.0
2022-05-02,korea,530.0,52.0,41.0,801.2,0.0,0.0,31.0,38.0,16.0,-21.3,6.0
2022-05-02,libya,49.0,13.0,3.0,34.5,0.0,0.0,3.0,0.0,0.0,0.0,0.0
2022-05-02,scs,1426.0,156.0,166.0,1236.0,0.0,4.0,69.0,50.0,17.0,38.8,5.0
2022-05-02,southasia,6277.0,913.0,692.0,5630.4,11.0,1.0,338.0,0.0,0.0,0.0,0.0
2022-05-02,sudan,172.0,33.0,25.0,89.6,0.0,4.0,7.0,0.0,0.0,0.0,0.0
2022-05-02,taiwan,252.0,16.0,28.0,272.4,3.0,1.0,10.0,39.0,14.0,0.3,1.0
2022-05-02,ukraine,8501.0,841.0,1327.0,4875.0,46.0,41.0,383.0,2254.0,1097.0,-4025.9,142.0
2022-05-02,venezuela,124.0,18.0,19.0,66.9,0.0,0.0,12.0,24.0,9.0,-18.2,0.0
2022-05-02,yemen,132.0,8.0,23.0,104.6,0.0,0.0,14.0,7.0,3.0,-7.2,0.0
2022-05-03,drc,20.0,0.0,0.0,54.4,0.0,0.0,0.0,1.0,1.0,-9.5,0.0
2022-05-03,europe_east,1507.0,110.0,122.0,2354.7,4.0,8.0,42.0,122.0,34.0,106.8,0.0
2022-05-03,iran,581.0,76.0,111.0,97.4,0.0,1.0,32.0,165.0,66.0,-158.5,12.0
2022-05-03,israel,2478.0,369.0,422.0,52.8,4.0,2.0,133.0,330.0,155.0,-763.2,20.0
2022-05-03,korea,612.0,79.0,40.0,780.7,1.0,0.0,13.0,62.0,19.0,9.4,3.0
2022-05-03,libya,100.0,9.0,19.0,7.9,0.0,0.0,8.0,0.0,0.0,0.0,0.0
2022-05-03,scs,1523.0,152.0,199.0,1391.8,3.0,5.0,97.0,25.0,2.0,58.3,0.0
2022-05-03,southasia,5440.0,680.0,630.0,4359.0,14.0,22.0,252.0,7.0,1.0,9.2,1.0
2022-05-03,sudan,237.0,22.0,43.0,185.4,0.0,0.0,35.0,0.0,0.0,0.0,0.0
2022-05-03,taiwan,263.0,24.0,17.0,430.3,0.0,6.0,4.0,30.0,13.0,-51.6,3.0
2022-05-03,ukraine,7065.0,896.0,1014.0,3487.4,47.0,55.0,303.0,2051.0,908.0,-1957.5,135.0
2022-05-03,venezuela,191.0,27.0,20.0,152.3,0.0,0.0,13.0,41.0,7.0,19.6,0.0
2022-05-03,yemen,93.0,8.0,22.0,-19.6,2.0,0.0,5.0,33.0,11.0,-12.5,3.0
2022-05-04,drc,27.0,1.0,3.0,37.0,0.0,0.0,0.0,0.0,0.0,0.0,0.0
2022-05-04,europe_east,1316.0,120.0,120.0,1763.9,1.0,4.0,54.0,151.0,84.0,-249.4,39.0
2022-05-04,iran,718.0,130.0,146.0,-267.6,1.0,0.0,86.0,147.0,59.0,-157.9,27.0
2022-05-04,israel,2386.0,334.0,405.0,-86.0,16.0,0.0,141.0,314.0,145.0,-677.4,35.0
2022-05-04,korea,1042.0,111.0,203.0,-54.8,1.0,2.0,28.0,206.0,114.0,-744.4,9.0
2022-05-04,libya,108.0,20.0,18.0,-10.1,0.0,0.0,6.0,0.0,0.0,0.0,0.0
2022-05-04,scs,1611.0,212.0,172.0,1828.1,3.0,15.0,76.0,21.0,15.0,-82.6,5.0
2022-05-04,southasia,5294.0,717.0,716.0,4239.1,6.0,24.0,341.0,13.0,2.0,18.6,1.0
2022-05-04,sudan,219.0,21.0,59.0,-63.6,2.0,2.0,28.0,1.0,0.0,3.0,0.0
2022-05-04,taiwan,273.0,26.0,18.0,450.5,0.0,0.0,8.0,74.0,34.0,-107.8,6.0
2022-05-04,ukraine,7148.0,896.0,1312.0,890.1,74.0,34.0,434.0,2201.0,1133.0,-3904.8,155.0
2022-05-04,venezuela,244.0,26.0,45.0,38.7,0.0,0.0,24.0,50.0,19.0,-39.2,3.0
2022-05-04,yemen,117.0,9.0,37.0,-134.5,2.0,0.0,11.0,18.0,7.0,-40.0,2.0
2022-05-05,drc,11.0,0.0,1.0,21.4,0.0,0.0,1.0,0.0,0.0,0.0,0.0
2022-05-05,europe_east,1538.0,122.0,140.0,2624.3,2.0,4.0,60.0,177.0,85.0,-210.1,19.0
2022-05-05,iran,660.0,105.0,119.0,98.8,1.0,2.0,77.0,130.0,58.0,-239.8,16.0
2022-05-05,israel,2827.0,439.0,460.0,-344.2,19.0,4.0,132.0,360.0,220.0,-1143.8,31.0
2022-05-05,korea,736.0,85.0,86.0,725.0,0.0,0.0,33.0,98.0,42.0,-136.0,3.0
2022-05-05,libya,106.0,20.0,22.0,-71.2,0.0,0.0,7.0,0.0,0.0,0.0,0.0
2022-05-05,scs,1742.0,247.0,236.0,900.6,6.0,24.0,71.0,16.0,12.0,-63.9,2.0
2022-05-05,southasia,5470.0,798.0,803.0,2781.2,17.0,5.0,370.0,18.0,11.0,-45.9,10.0
2022-05-05,sudan,169.0,24.0,27.0,50.4,1.0,0.0,12.0,1.0,1.0,-9.5,0.0
2022-05-05,taiwan,237.0,21.0,21.0,444.3,0.0,0.0,16.0,70.0,21.0,71.3,3.0
2022-05-05,ukraine,8493.0,1054.0,1404.0,3513.2,64.0,34.0,400.0,2529.0,1344.0,-5401.0,150.0
2022-05-05,venezuela,286.0,30.0,36.0,401.8,1.0,0.0,21.0,61.0,23.0,29.9,10.0
2022-05-05,yemen,89.0,12.0,13.0,77.5,0.0,1.0,4.0,17.0,2.0,58.4,0.0
2022-05-06,drc,9.0,1.0,0.0,16.2,0.0,0.0,0.0,2.0,0.0,12.0,0.0
2022-05-06,europe_east,2230.0,117.0,156.0,4051.2,3.0,8.0,63.0,222.0,82.0,-184.9,25.0
2022-05-06,iran,599.0,95.0,126.0,-280.3,6.0,0.0,71.0,140.0,43.0,32.7,4.0
2022-05-06,israel,3355.0,560.0,687.0,-2543.4,28.0,8.0,200.0,558.0,371.0,-1930.5,50.0
2022-05-06,korea,792.0,69.0,54.0,1446.0,1.0,0.0,21.0,146.0,41.0,99.8,4.0
2022-05-06,libya,79.0,14.0,18.0,-24.4,0.0,0.0,4.0,3.0,0.0,10.2,0.0
2022-05-06,scs,1608.0,214.0,196.0,1082.4,3.0,19.0,85.0,31.0,6.0,31.3,2.0
2022-05-06,southasia,6230.0,1026.0,1020.0,81.5,20.0,15.0,476.0,24.0,9.0,-28.6,7.0
2022-05-06,sudan,272.0,34.0,41.0,246.8,2.0,0.0,13.0,2.0,0.0,6.8,0.0
2022-05-06,taiwan,297.0,47.0,42.0,-15.1,0.0,1.0,5.0,106.0,60.0,-212.3,10.0
2022-05-06,ukraine,8095.0,989.0,1195.0,4405.9,51.0,25.0,406.0,2282.0,1079.0,-3368.8,124.0
2022-05-06,venezuela,133.0,12.0,17.0,154.0,0.0,0.0,10.0,40.0,8.0,71.9,0.0
2022-05-06,yemen,143.0,7.0,19.0,107.9,2.0,0.0,6.0,31.0,9.0,41.3,2.0
2022-05-07,drc,0.0,0.0,0.0,0.0,0.0,0.0,0.0,0.0,0.0,0.0,0.0
2022-05-07,europe_east,1263.0,51.0,64.0,2896.1,0.0,7.0,24.0,74.0,23.0,51.8,4.0
2022-05-07,iran,426.0,77.0,98.0,-168.4,6.0,2.0,50.0,90.0,54.0,-233.3,12.0
2022-05-07,israel,1566.0,267.0,485.0,-2875.8,14.0,4.0,185.0,430.0,339.0,-2137.1,75.0
2022-05-07,korea,649.0,81.0,170.0,-946.6,0.0,0.0,10.0,263.0,158.0,-1119.2,27.0
2022-05-07,libya,63.0,6.0,5.0,112.5,0.0,0.0,2.0,0.0,0.0,0.0,0.0
2022-05-07,scs,1028.0,132.0,108.0,803.1,3.0,15.0,45.0,10.0,1.0,26.5,0.0
2022-05-07,southasia,5026.0,850.0,739.0,492.6,17.0,14.0,393.0,2.0,1.0,-12.0,0.0
2022-05-07,sudan,127.0,13.0,5.0,275.1,0.0,0.0,1.0,0.0,0.0,0.0,0.0
2022-05-07,taiwan,268.0,43.0,36.0,85.7,4.0,1.0,18.0,82.0,45.0,-191.7,0.0
2022-05-07,ukraine,5097.0,534.0,855.0,2693.3,21.0,20.0,282.0,1531.0,761.0,-2422.2,103.0
2022-05-07,venezuela,102.0,5.0,2.0,267.9,0.0,0.0,1.0,19.0,3.0,40.0,0.0
2022-05-07,yemen,126.0,9.0,36.0,-112.1,0.0,0.0,2.0,20.0,11.0,-57.6,4.0
2022-05-08,drc,0.0,0.0,0.0,0.0,0.0,0.0,0.0,0.0,0.0,0.0,0.0
2022-05-08,europe_east,855.0,58.0,26.0,1818.2,3.0,0.0,12.0,71.0,19.0,72.0,4.0
2022-05-08,iran,628.0,77.0,66.0,586.4,0.0,2.0,45.0,70.0,22.0,-2.2,5.0
2022-05-08,israel,2183.0,304.0,650.0,-3249.1,15.0,7.0,182.0,435.0,289.0,-1781.6,42.0
2022-05-08,korea,495.0,64.0,64.0,358.5,4.0,0.0,23.0,138.0,52.0,-101.0,16.0
2022-05-08,libya,90.0,18.0,12.0,74.8,0.0,0.0,1.0,0.0,0.0,0.0,0.0
2022-05-08,scs,1308.0,136.0,179.0,760.8,0.0,25.0,54.0,10.0,2.0,31.9,0.0
2022-05-08,southasia,4433.0,759.0,628.0,956.9,17.0,13.0,310.0,17.0,11.0,-43.1,7.0
2022-05-08,sudan,70.0,12.0,9.0,-7.8,2.0,0.0,5.0,0.0,0.0,0.0,0.0
2022-05-08,taiwan,149.0,34.0,8.0,107.0,2.0,1.0,2.0,33.0,21.0,-99.2,0.0
2022-05-08,ukraine,7313.0,639.0,1133.0,5483.9,58.0,108.0,307.0,1922.0,949.0,-3479.8,136.0
2022-05-08,venezuela,106.0,10.0,5.0,222.8,0.0,0.0,0.0,21.0,8.0,24.6,0.0
2022-05-08,yemen,69.0,8.0,10.0,49.5,0.0,0.0,1.0,12.0,3.0,1.5,1.0
2022-05-09,drc,43.0,4.0,24.0,-201.3,0.0,0.0,0.0,0.0,0.0,0.0,0.0
2022-05-09,europe_east,1340.0,186.0,104.0,1739.0,6.0,1.0,51.0,306.0,107.0,-118.8,13.0
2022-05-09,iran,804.0,81.0,75.0,1127.7,2.0,1.0,41.0,138.0,24.0,297.1,3.0
2022-05-09,israel,2785.0,443.0,577.0,-1482.8,24.0,7.0,163.0,418.0,272.0,-1618.7,42.0
2022-05-09,korea,792.0,65.0,97.0,1039.8,5.0,0.0,48.0,149.0,47.0,-45.3,6.0
2022-05-09,libya,126.0,14.0,13.0,130.9,0.0,0.0,9.0,3.0,3.0,-6.0,0.0
2022-05-09,scs,2093.0,242.0,406.0,-664.2,3.0,30.0,127.0,40.0,7.0,67.3,1.0
2022-05-09,southasia,5997.0,983.0,911.0,866.4,20.0,18.0,457.0,41.0,16.0,-67.8,1.0
2022-05-09,sudan,196.0,37.0,23.0,120.5,0.0,0.0,13.0,0.0,0.0,0.0,0.0
2022-05-09,taiwan,407.0,76.0,49.0,91.6,4.0,6.0,17.0,163.0,83.0,-171.4,17.0
2022-05-09,ukraine,8544.0,858.0,1249.0,5718.0,70.0,69.0,359.0,2159.0,1009.0,-3590.1,149.0
2022-05-09,venezuela,134.0,20.0,3.0,278.7,0.0,0.0,2.0,52.0,17.0,91.8,1.0
2022-05-09,yemen,116.0,19.0,24.0,-61.2,0.0,1.0,4.0,15.0,0.0,37.1,0.0
2022-05-10,drc,99.0,16.0,41.0,-248.9,0.0,0.0,16.0,3.0,0.0,15.6,0.0
2022-05-10,europe_east,1417.0,117.0,108.0,1967.5,5.0,5.0,44.0,290.0,110.0,-49.2,16.0
2022-05-10,iran,860.0,118.0,182.0,-149.1,4.0,6.0,85.0,179.0,51.0,133.6,10.0
2022-05-10,israel,2541.0,356.0,505.0,-1224.8,20.0,6.0,143.0,381.0,196.0,-1177.4,32.0
2022-05-10,korea,1123.0,110.0,90.0,1597.5,7.0,7.0,29.0,187.0,53.0,33.3,16.0
2022-05-10,libya,183.0,20.0,11.0,348.4,0.0,0.0,6.0,4.0,4.0,-8.0,0.0
2022-05-10,scs,1830.0,305.0,164.0,1210.9,5.0,10.0,69.0,65.0,10.0,83.0,2.0
2022-05-10,southasia,5901.0,1096.0,870.0,793.9,11.0,22.0,432.0,33.0,17.0,2.2,2.0
2022-05-10,sudan,254.0,36.0,41.0,14.5,0.0,0.0,7.0,1.0,0.0,7.0,0.0
2022-05-10,taiwan,361.0,64.0,56.0,-29.1,3.0,4.0,21.0,171.0,73.0,-191.9,22.0
2022-05-10,ukraine,7178.0,822.0,1066.0,4521.7,59.0,60.0,288.0,2095.0,989.0,-3181.5,99.0
2022-05-10,venezuela,177.0,17.0,9.0,247.9,0.0,0.0,5.0,27.0,7.0,16.4,0.0
2022-05-10,yemen,159.0,18.0,25.0,53.9,0.0,0.0,4.0,10.0,3.0,5.3,0.0
2022-05-11,drc,16.0,3.0,2.0,18.4,0.0,0.0,1.0,2.0,0.0,8.0,0.0
2022-05-11,europe_east,1863.0,174.0,165.0,3062.4,14.0,7.0,60.0,382.0,178.0,-253.1,27.0
2022-05-11,iran,955.0,139.0,220.0,-524.0,3.0,0.0,91.0,149.0,71.0,-205.6,5.0
2022-05-11,israel,5389.0,985.0,1941.0,-15865.0,45.0,6.0,203.0,1334.0,945.0,-6744.3,60.0
2022-05-11,korea,806.0,109.0,47.0,1013.0,4.0,4.0,22.0,69.0,31.0,-85.0,0.0
2022-05-11,libya,117.0,12.0,18.0,123.4,0.0,0.0,0.0,0.0,0.0,0.0,0.0
2022-05-11,scs,1585.0,187.0,161.0,1471.0,6.0,3.0,64.0,76.0,11.0,200.9,0.0
2022-05-11,southasia,6339.0,1009.0,854.0,2973.6,15.0,27.0,384.0,19.0,8.0,4.6,6.0
2022-05-11,sudan,183.0,26.0,17.0,207.0,1.0,0.0,8.0,0.0,0.0,0.0,0.0
2022-05-11,taiwan,397.0,87.0,48.0,-50.7,2.0,1.0,13.0,157.0,74.0,-148.0,10.0
2022-05-11,ukraine,7227.0,794.0,1095.0,5813.9,51.0,86.0,305.0,2305.0,1076.0,-2578.0,161.0
2022-05-11,venezuela,152.0,17.0,22.0,119.9,0.0,0.0,10.0,20.0,7.0,-22.4,1.0
2022-05-11,yemen,123.0,11.0,20.0,59.3,0.0,0.0,0.0,26.0,5.0,14.0,0.0
2022-05-12,drc,44.0,5.0,33.0,-225.2,0.0,0.0,18.0,9.0,0.0,46.0,0.0
2022-05-12,europe_east,2935.0,307.0,298.0,4780.5,20.0,21.0,120.0,621.0,271.0,-484.3,59.0
2022-05-12,iran,841.0,154.0,169.0,-296.9,3.0,0.0,93.0,136.0,44.0,13.7,2.0
2022-05-12,israel,4593.0,823.0,1311.0,-8605.6,34.0,4.0,175.0,1076.0,676.0,-4385.9,58.0
2022-05-12,korea,1220.0,124.0,226.0,189.8,2.0,0.0,43.0,228.0,93.0,-448.7,8.0
2022-05-12,libya,60.0,10.0,6.0,87.2,0.0,0.0,3.0,1.0,1.0,-5.0,1.0
2022-05-12,scs,1856.0,213.0,164.0,2028.5,6.0,8.0,68.0,94.0,15.0,239.8,2.0
2022-05-12,southasia,5873.0,961.0,807.0,3040.8,9.0,24.0,372.0,14.0,6.0,10.0,4.0
2022-05-12,sudan,204.0,19.0,31.0,68.0,0.0,0.0,8.0,0.0,0.0,0.0,0.0
2022-05-12,taiwan,284.0,37.0,32.0,305.2,2.0,1.0,14.0,69.0,13.0,92.4,3.0
2022-05-12,ukraine,6781.0,810.0,1191.0,1622.1,38.0,48.0,290.0,2356.0,1180.0,-3919.0,145.0
2022-05-12,venezuela,144.0,13.0,21.0,114.6,0.0,0.0,6.0,9.0,1.0,14.7,0.0
2022-05-12,yemen,141.0,17.0,29.0,-55.6,2.0,0.0,8.0,23.0,9.0,-1.7,1.0
2022-05-13,drc,19.0,2.0,9.0,-49.9,1.0,0.0,4.0,3.0,3.0,-9.0,1.0
2022-05-13,europe_east,2256.0,298.0,203.0,2846.7,12.0,34.0,80.0,532.0,253.0,-557.8,30.0
2022-05-13,iran,932.0,124.0,123.0,835.5,5.0,3.0,71.0,114.0,31.0,92.6,7.0
2022-05-13,israel,4579.0,734.0,1476.0,-10096.5,51.0,9.0,259.0,1091.0,711.0,-4843.0,97.0
2022-05-13,korea,1159.0,106.0,166.0,1110.1,0.0,0.0,62.0,195.0,60.0,-70.8,20.0
2022-05-13,libya,116.0,9.0,10.0,191.7,0.0,2.0,6.0,0.0,0.0,0.0,0.0
2022-05-13,scs,1712.0,196.0,185.0,1680.4,2.0,2.0,98.0,35.0,0.0,97.4,0.0
2022-05-13,southasia,5858.0,971.0,927.0,79.3,19.0,15.0,366.0,36.0,23.0,-89.6,3.0
2022-05-13,sudan,299.0,44.0,41.0,213.5,1.0,0.0,18.0,1.0,0.0,8.3,0.0
2022-05-13,taiwan,255.0,27.0,20.0,459.1,0.0,1.0,9.0,66.0,17.0,101.9,0.0
2022-05-13,ukraine,6559.0,826.0,992.0,3839.4,25.0,39.0,241.0,2061.0,964.0,-2294.8,153.0
2022-05-13,venezuela,120.0,15.0,18.0,66.4,0.0,0.0,15.0,23.0,9.0,16.0,6.0
2022-05-13,yemen,50.0,2.0,15.0,6.8,0.0,4.0,2.0,33.0,10.0,59.4,0.0
2022-05-14,drc,2.0,0.0,2.0,-14.0,0.0,0.0,1.0,6.0,6.0,-60.0,0.0
2022-05-14,europe_east,1342.0,179.0,83.0,1999.3,8.0,3.0,29.0,377.0,147.0,-80.0,21.0
2022-05-14,iran,529.0,72.0,93.0,102.8,3.0,2.0,35.0,78.0,23.0,12.3,0.0
2022-05-14,israel,2521.0,508.0,753.0,-5757.4,28.0,2.0,94.0,580.0,367.0,-2567.8,20.0
2022-05-14,korea,647.0,53.0,131.0,4.2,3.0,0.0,24.0,145.0,68.0,-315.5,13.0
2022-05-14,libya,96.0,7.0,20.0,73.6,0.0,0.0,13.0,2.0,2.0,-19.0,0.0
2022-05-14,scs,1170.0,96.0,92.0,1890.6,3.0,1.0,56.0,16.0,0.0,48.5,0.0
2022-05-14,southasia,4749.0,752.0,794.0,-184.0,11.0,15.0,347.0,21.0,12.0,-39.3,1.0
2022-05-14,sudan,163.0,16.0,51.0,-110.6,0.0,0.0,18.0,0.0,0.0,0.0,0.0
2022-05-14,taiwan,120.0,10.0,14.0,121.2,0.0,0.0,8.0,27.0,13.0,-45.9,2.0
2022-05-14,ukraine,4191.0,507.0,624.0,1609.5,24.0,11.0,150.0,1523.0,719.0,-1859.7,114.0
2022-05-14,venezuela,51.0,0.0,2.0,127.2,0.0,0.0,1.0,1.0,0.0,0.0,0.0
2022-05-14,yemen,87.0,10.0,10.0,115.4,0.0,1.0,2.0,14.0,11.0,-61.0,4.0
2022-05-15,drc,1.0,0.0,0.0,7.0,0.0,0.0,0.0,0.0,0.0,0.0,0.0
2022-05-15,europe_east,1540.0,196.0,102.0,2134.2,12.0,9.0,40.0,315.0,147.0,-406.6,21.0
2022-05-15,iran,527.0,73.0,110.0,-24.3,6.0,0.0,50.0,71.0,21.0,44.4,2.0
2022-05-15,israel,3402.0,516.0,983.0,-5982.5,18.0,11.0,159.0,735.0,444.0,-2990.8,21.0
2022-05-15,korea,416.0,39.0,56.0,422.6,0.0,1.0,15.0,87.0,14.0,233.7,2.0
2022-05-15,libya,109.0,9.0,17.0,243.5,0.0,0.0,13.0,0.0,0.0,0.0,0.0
2022-05-15,scs,954.0,81.0,91.0,1112.2,2.0,0.0,41.0,28.0,5.0,45.3,2.0
2022-05-15,southasia,4603.0,820.0,851.0,-1761.1,14.0,5.0,313.0,22.0,7.0,-1.0,0.0
2022-05-15,sudan,128.0,5.0,12.0,278.1,0.0,0.0,5.0,0.0,0.0,0.0,0.0
2022-05-15,taiwan,145.0,15.0,13.0,244.9,0.0,0.0,4.0,53.0,17.0,9.2,4.0
2022-05-15,ukraine,3902.0,468.0,551.0,2557.1,24.0,25.0,139.0,1154.0,601.0,-1955.9,62.0
2022-05-15,venezuela,58.0,3.0,5.0,138.4,0.0,0.0,4.0,14.0,2.0,38.2,0.0
2022-05-15,yemen,77.0,18.0,14.0,-4.6,0.0,0.0,1.0,13.0,0.0,54.8,0.0
2022-05-16,drc,21.0,1.0,2.0,24.4,0.0,0.0,0.0,5.0,3.0,-17.5,0.0
2022-05-16,europe_east,2845.0,332.0,187.0,4447.8,15.0,15.0,66.0,586.0,271.0,-590.2,47.0
2022-05-16,iran,971.0,97.0,123.0,1159.2,3.0,0.0,82.0,112.0,34.0,96.3,4.0
2022-05-16,israel,3721.0,647.0,1072.0,-6540.5,22.0,17.0,236.0,647.0,427.0,-2772.4,52.0
2022-05-16,korea,883.0,106.0,91.0,1143.2,0.0,5.0,27.0,152.0,32.0,186.1,3.0
2022-05-16,libya,120.0,6.0,27.0,26.1,0.0,0.0,15.0,0.0,0.0,0.0,0.0
2022-05-16,scs,1544.0,159.0,116.0,2247.1,6.0,0.0,60.0,21.0,5.0,61.5,3.0
2022-05-16,southasia,5961.0,881.0,892.0,1867.5,10.0,26.0,318.0,30.0,10.0,-34.3,1.0
2022-05-16,sudan,191.0,32.0,36.0,81.3,0.0,3.0,16.0,4.0,0.0,25.0,0.0
2022-05-16,taiwan,490.0,52.0,107.0,-282.7,2.0,0.0,11.0,88.0,44.0,-185.8,7.0
2022-05-16,ukraine,5451.0,588.0,858.0,3189.5,31.0,70.0,206.0,1637.0,750.0,-1644.1,102.0
2022-05-16,venezuela,165.0,35.0,23.0,19.2,0.0,0.0,7.0,5.0,3.0,-11.0,1.0
2022-05-16,yemen,174.0,7.0,8.0,421.1,0.0,0.0,2.0,91.0,13.0,119.4,4.0
2022-05-17,drc,58.0,3.0,22.0,-135.9,0.0,0.0,11.0,28.0,0.0,189.4,0.0
2022-05-17,europe_east,2563.0,348.0,238.0,3237.6,8.0,14.0,108.0,432.0,186.0,-345.7,67.0
2022-05-17,iran,896.0,136.0,143.0,182.8,5.0,0.0,75.0,168.0,84.0,-232.0,16.0
2022-05-17,israel,3610.0,550.0,904.0,-3607.5,8.0,7.0,248.0,723.0,412.0,-2089.7,48.0
2022-05-17,korea,977.0,90.0,83.0,1649.8,6.0,5.0,29.0,132.0,19.0,226.1,3.0
2022-05-17,libya,297.0,42.0,62.0,-95.7,1.0,0.0,15.0,0.0,0.0,0.0,0.0
2022-05-17,scs,1709.0,194.0,155.0,2222.0,0.0,7.0,69.0,22.0,10.0,0.2,4.0
2022-05-17,southasia,5914.0,960.0,881.0,1448.1,9.0,25.0,387.0,26.0,18.0,-85.3,0.0
2022-05-17,sudan,240.0,27.0,47.0,61.8,0.0,3.0,13.0,5.0,5.0,-41.2,0.0
2022-05-17,taiwan,740.0,79.0,167.0,-480.9,5.0,3.0,27.0,135.0,78.0,-529.5,6.0
2022-05-17,ukraine,6069.0,702.0,999.0,3876.1,36.0,32.0,289.0,2085.0,958.0,-1596.0,103.0
2022-05-17,venezuela,384.0,36.0,41.0,777.6,0.0,0.0,31.0,85.0,24.0,178.4,6.0
2022-05-17,yemen,169.0,13.0,30.0,128.0,0.0,1.0,3.0,37.0,3.0,59.4,3.0
2022-05-18,drc,102.0,7.0,31.0,-115.0,1.0,0.0,16.0,14.0,5.0,29.7,0.0
2022-05-18,europe_east,2555.0,304.0,228.0,3816.6,11.0,8.0,107.0,260.0,144.0,-388.2,38.0
2022-05-18,iran,865.0,138.0,110.0,561.5,7.0,0.0,41.0,167.0,76.0,-242.1,24.0
2022-05-18,israel,2833.0,422.0,616.0,-1548.2,14.0,2.0,217.0,464.0,290.0,-1765.4,48.0
2022-05-18,korea,1152.0,151.0,75.0,1490.3,10.0,4.0,30.0,203.0,40.0,266.7,0.0
2022-05-18,libya,248.0,48.0,43.0,-50.1,1.0,0.0,6.0,0.0,0.0,0.0,0.0
2022-05-18,scs,1758.0,154.0,155.0,2793.9,4.0,6.0,82.0,80.0,17.0,161.0,0.0
2022-05-18,southasia,6087.0,890.0,910.0,2494.0,19.0,21.0,415.0,6.0,5.0,-38.5,0.0
2022-05-18,sudan,306.0,37.0,87.0,-533.5,0.0,0.0,18.0,8.0,8.0,-72.6,0.0
2022-05-18,taiwan,566.0,95.0,110.0,-208.0,1.0,0.0,17.0,102.0,40.0,-42.0,1.0
2022-05-18,ukraine,6214.0,762.0,1068.0,2186.2,25.0,49.0,323.0,2370.0,925.0,-572.9,125.0
2022-05-18,venezuela,367.0,35.0,30.0,751.9,1.0,0.0,24.0,102.0,16.0,281.5,0.0
2022-05-18,yemen,132.0,10.0,27.0,23.4,0.0,3.0,6.0,21.0,7.0,-9.9,1.0
2022-05-19,drc,42.0,2.0,3.0,63.1,0.0,0.0,0.0,11.0,0.0,15.0,0.0
2022-05-19,europe_east,2097.0,206.0,178.0,3786.0,6.0,9.0,99.0,254.0,89.0,-189.8,17.0
2022-05-19,iran,779.0,113.0,144.0,-10.3,6.0,0.0,72.0,171.0,59.0,-111.9,14.0
2022-05-19,israel,3397.0,499.0,746.0,-2438.3,23.0,16.0,221.0,469.0,250.0,-1425.9,31.0
2022-05-19,korea,1676.0,148.0,115.0,2258.9,6.0,2.0,40.0,339.0,78.0,209.7,0.0
2022-05-19,libya,114.0,8.0,16.0,162.8,0.0,0.0,4.0,0.0,0.0,0.0,0.0
2022-05-19,scs,1521.0,109.0,153.0,2293.6,0.0,3.0,73.0,29.0,7.0,32.4,3.0
2022-05-19,southasia,6482.0,896.0,968.0,3943.0,22.0,13.0,468.0,52.0,31.0,-56.5,23.0
2022-05-19,sudan,488.0,118.0,110.0,-777.9,0.0,3.0,49.0,5.0,4.0,-37.0,0.0
2022-05-19,taiwan,513.0,89.0,74.0,86.3,5.0,0.0,28.0,160.0,59.0,-28.9,6.0
2022-05-19,ukraine,6293.0,766.0,984.0,3745.4,40.0,24.0,322.0,2139.0,845.0,-1015.1,143.0
2022-05-19,venezuela,192.0,6.0,27.0,321.3,0.0,0.0,11.0,66.0,7.0,254.1,0.0
2022-05-19,yemen,143.0,20.0,16.0,75.1,0.0,0.0,0.0,47.0,13.0,-28.9,0.0
2022-05-20,drc,13.0,0.0,2.0,15.3,0.0,0.0,2.0,2.0,0.0,4.7,0.0
2022-05-20,europe_east,1861.0,190.0,126.0,3999.0,5.0,13.0,54.0,313.0,128.0,183.0,7.0
2022-05-20,iran,547.0,96.0,92.0,67.2,4.0,2.0,46.0,112.0,35.0,131.5,3.0
2022-05-20,israel,2597.0,437.0,539.0,-1876.1,25.0,4.0,132.0,415.0,250.0,-1516.2,32.0
2022-05-20,korea,1799.0,141.0,150.0,2710.4,3.0,4.0,54.0,312.0,76.0,246.0,5.0
2022-05-20,libya,79.0,6.0,7.0,111.3,0.0,0.0,3.0,0.0,0.0,0.0,0.0
2022-05-20,scs,1455.0,113.0,155.0,2177.1,0.0,1.0,73.0,45.0,7.0,100.4,0.0
2022-05-20,southasia,6138.0,930.0,936.0,2265.4,30.0,14.0,415.0,30.0,11.0,-23.9,3.0
2022-05-20,sudan,333.0,27.0,51.0,444.5,0.0,4.0,21.0,7.0,0.0,18.0,0.0
2022-05-20,taiwan,391.0,48.0,53.0,135.4,0.0,0.0,28.0,77.0,31.0,-57.4,4.0
2022-05-20,ukraine,5817.0,641.0,931.0,4104.7,39.0,33.0,293.0,1906.0,865.0,-1663.7,118.0
2022-05-20,venezuela,159.0,20.0,28.0,86.4,0.0,0.0,15.0,28.0,1.0,123.0,0.0
2022-05-20,yemen,159.0,19.0,26.0,30.5,2.0,0.0,9.0,58.0,20.0,9.3,0.0
2022-05-21,drc,42.0,1.0,9.0,13.8,0.0,0.0,1.0,12.0,0.0,36.0,0.0
2022-05-21,europe_east,930.0,106.0,69.0,1588.0,6.0,5.0,24.0,232.0,87.0,252.4,4.0
2022-05-21,iran,457.0,64.0,80.0,114.8,4.0,0.0,25.0,63.0,36.0,-190.0,3.0
2022-05-21,israel,1790.0,253.0,568.0,-3590.2,12.0,2.0,99.0,439.0,342.0,-2586.8,36.0
2022-05-21,korea,1484.0,125.0,107.0,2268.1,8.0,5.0,32.0,285.0,56.0,391.7,11.0
2022-05-21,libya,68.0,6.0,8.0,150.3,0.0,0.0,4.0,0.0,0.0,0.0,0.0
2022-05-21,scs,839.0,80.0,136.0,267.0,0.0,0.0,58.0,22.0,4.0,31.5,3.0
2022-05-21,southasia,5425.0,811.0,821.0,1827.4,18.0,12.0,440.0,23.0,11.0,-52.8,9.0
2022-05-21,sudan,81.0,11.0,25.0,-63.2,0.0,8.0,12.0,0.0,0.0,0.0,0.0
2022-05-21,taiwan,274.0,34.0,36.0,129.4,2.0,4.0,6.0,91.0,8.0,177.5,3.0
2022-05-21,ukraine,3778.0,434.0,597.0,1693.5,24.0,16.0,138.0,1442.0,683.0,-1877.9,110.0
2022-05-21,venezuela,58.0,4.0,7.0,65.8,0.0,0.0,2.0,0.0,0.0,0.0,0.0
2022-05-21,yemen,100.0,8.0,14.0,96.3,0.0,0.0,4.0,42.0,15.0,-59.8,0.0
2022-05-22,drc,10.0,1.0,5.0,-34.0,0.0,0.0,0.0,5.0,3.0,-5.3,0.0
2022-05-22,europe_east,956.0,99.0,93.0,1193.2,7.0,2.0,40.0,186.0,92.0,-106.5,0.0
2022-05-22,iran,746.0,125.0,210.0,-1067.0,5.0,1.0,70.0,122.0,56.0,-57.7,5.0
2022-05-22,israel,2347.0,374.0,505.0,-2087.9,17.0,1.0,199.0,418.0,255.0,-1423.2,42.0
2022-05-22,korea,1289.0,88.0,86.0,1885.7,3.0,12.0,31.0,178.0,28.0,213.2,5.0
2022-05-22,libya,84.0,9.0,14.0,21.4,0.0,1.0,3.0,0.0,0.0,0.0,0.0
2022-05-22,scs,977.0,90.0,117.0,1035.0,0.0,0.0,48.0,5.0,0.0,11.3,0.0
2022-05-22,southasia,4715.0,720.0,544.0,2914.6,13.0,6.0,261.0,19.0,7.0,12.6,3.0
2022-05-22,sudan,194.0,21.0,37.0,-21.4,0.0,1.0,13.0,6.0,6.0,-48.2,0.0
2022-05-22,taiwan,292.0,37.0,24.0,287.8,1.0,0.0,5.0,65.0,12.0,72.3,2.0
2022-05-22,ukraine,4347.0,526.0,725.0,1570.9,41.0,28.0,211.0,1523.0,746.0,-2301.5,90.0
2022-05-22,venezuela,33.0,1.0,5.0,37.4,0.0,0.0,4.0,4.0,1.0,6.0,0.0
2022-05-22,yemen,63.0,7.0,6.0,52.5,1.0,0.0,0.0,12.0,6.0,-31.7,2.0
2022-05-23,drc,90.0,13.0,19.0,-17.0,0.0,0.0,1.0,18.0,8.0,-19.8,2.0
2022-05-23,europe_east,1542.0,127.0,132.0,2516.3,5.0,12.0,43.0,184.0,68.0,116.2,2.0
2022-05-23,iran,1489.0,212.0,458.0,-2467.3,5.0,1.0,108.0,266.0,144.0,-532.9,15.0
2022-05-23,israel,3361.0,528.0,786.0,-3178.8,51.0,10.0,196.0,560.0,324.0,-1716.7,47.0
2022-05-23,korea,1261.0,107.0,74.0,1773.3,5.0,12.0,15.0,180.0,50.0,38.2,6.0
2022-05-23,libya,61.0,6.0,8.0,137.9,0.0,0.0,6.0,0.0,0.0,0.0,0.0
2022-05-23,scs,1503.0,120.0,151.0,2171.3,0.0,16.0,69.0,44.0,9.0,97.8,0.0
2022-05-23,southasia,5542.0,832.0,801.0,2448.9,4.0,10.0,363.0,16.0,7.0,-9.4,2.0
2022-05-23,sudan,431.0,54.0,55.0,363.8,0.0,3.0,21.0,8.0,8.0,-67.2,0.0
2022-05-23,taiwan,880.0,137.0,79.0,757.9,9.0,2.0,17.0,292.0,127.0,-355.7,19.0
2022-05-23,ukraine,6938.0,854.0,1220.0,1728.3,44.0,48.0,400.0,2687.0,1360.0,-4033.4,256.0
2022-05-23,venezuela,146.0,12.0,13.0,281.0,0.0,0.0,8.0,33.0,4.0,56.0,2.0
2022-05-23,yemen,193.0,40.0,16.0,-1.9,0.0,0.0,1.0,39.0,15.0,-74.0,7.0
2022-05-24,drc,39.0,2.0,4.0,66.9,0.0,0.0,0.0,35.0,21.0,-74.8,0.0
2022-05-24,europe_east,1595.0,177.0,110.0,2803.4,3.0,6.0,53.0,180.0,76.0,-26.7,9.0
2022-05-24,iran,1068.0,169.0,283.0,-1244.9,11.0,2.0,80.0,223.0,137.0,-686.7,20.0
2022-05-24,israel,3221.0,437.0,714.0,-1939.5,42.0,4.0,182.0,659.0,333.0,-1411.4,57.0
2022-05-24,korea,990.0,89.0,128.0,937.9,3.0,2.0,28.0,142.0,67.0,-368.6,1.0
2022-05-24,libya,98.0,13.0,8.0,229.1,0.0,0.0,5.0,1.0,0.0,7.4,0.0
2022-05-24,scs,1871.0,241.0,169.0,2886.0,8.0,6.0,64.0,17.0,7.0,-11.8,0.0
2022-05-24,southasia,6080.0,953.0,956.0,2004.4,21.0,31.0,399.0,12.0,5.0,-8.5,0.0
2022-05-24,sudan,288.0,47.0,56.0,-109.7,1.0,13.0,34.0,2.0,0.0,16.0,0.0
2022-05-24,taiwan,969.0,150.0,99.0,480.3,20.0,6.0,11.0,301.0,103.0,54.6,15.0
2022-05-24,ukraine,5880.0,833.0,1021.0,526.5,32.0,41.0,285.0,2206.0,1111.0,-3794.2,168.0
2022-05-24,venezuela,208.0,19.0,30.0,174.4,0.0,0.0,17.0,36.0,11.0,24.2,4.0
2022-05-24,yemen,239.0,37.0,27.0,147.2,0.0,0.0,2.0,44.0,13.0,-96.0,1.0
2022-05-25,drc,59.0,11.0,19.0,-116.1,0.0,1.0,8.0,55.0,26.0,-12.8,2.0
2022-05-25,europe_east,1400.0,124.0,114.0,2168.1,1.0,5.0,44.0,74.0,30.0,-48.7,3.0
2022-05-25,iran,1088.0,145.0,194.0,114.5,4.0,0.0,90.0,261.0,138.0,-416.5,16.0
2022-05-25,israel,3294.0,445.0,698.0,-1904.4,27.0,3.0,148.0,711.0,382.0,-1860.5,24.0
2022-05-25,korea,1570.0,179.0,267.0,-54.0,6.0,4.0,34.0,482.0,233.0,-977.6,23.0
2022-05-25,libya,112.0,15.0,11.0,117.8,0.0,0.0,5.0,0.0,0.0,0.0,0.0
2022-05-25,scs,2077.0,232.0,189.0,2561.2,4.0,6.0,80.0,74.0,26.0,-20.9,6.0
2022-05-25,southasia,7015.0,1033.0,1460.0,-1308.5,12.0,34.0,713.0,84.0,38.0,-109.5,19.0
2022-05-25,sudan,265.0,26.0,61.0,-45.4,0.0,15.0,16.0,6.0,0.0,20.4,0.0
2022-05-25,taiwan,614.0,101.0,75.0,305.0,7.0,1.0,19.0,175.0,80.0,-166.5,33.0
2022-05-25,ukraine,4693.0,610.0,806.0,881.0,42.0,24.0,179.0,1631.0,774.0,-2051.3,110.0
2022-05-25,venezuela,86.0,12.0,19.0,-46.2,0.0,0.0,5.0,8.0,0.0,20.6,0.0
2022-05-25,yemen,150.0,24.0,23.0,16.1,0.0,1.0,4.0,14.0,1.0,31.3,0.0
2022-05-26,drc,96.0,16.0,37.0,-274.8,0.0,0.0,4.0,67.0,40.0,-173.3,0.0
2022-05-26,europe_east,1387.0,105.0,77.0,2960.2,3.0,5.0,32.0,103.0,39.0,-86.9,8.0
2022-05-26,iran,1253.0,209.0,274.0,-700.6,10.0,1.0,95.0,320.0,183.0,-781.4,26.0
2022-05-26,israel,3194.0,532.0,634.0,-1959.9,40.0,12.0,141.0,692.0,378.0,-1974.6,47.0
2022-05-26,korea,1036.0,127.0,161.0,460.6,6.0,5.0,42.0,178.0,86.0,-370.9,8.0
2022-05-26,libya,160.0,14.0,36.0,-5.1,0.0,0.0,6.0,0.0,0.0,0.0,0.0
2022-05-26,scs,1627.0,177.0,157.0,1858.9,10.0,2.0,56.0,36.0,19.0,-25.2,3.0
2022-05-26,southasia,6952.0,1099.0,1308.0,-770.7,13.0,38.0,557.0,68.0,39.0,-119.3,16.0
2022-05-26,sudan,302.0,44.0,53.0,-14.5,7.0,0.0,33.0,2.0,0.0,8.0,0.0
2022-05-26,taiwan,518.0,70.0,67.0,232.4,5.0,0.0,9.0,169.0,83.0,-216.0,19.0
2022-05-26,ukraine,4766.0,561.0,757.0,2406.4,13.0,32.0,196.0,1924.0,789.0,-1353.1,95.0
2022-05-26,venezuela,119.0,15.0,17.0,60.2,0.0,0.0,2.0,14.0,8.0,-25.6,8.0
2022-05-26,yemen,169.0,22.0,39.0,-33.2,1.0,1.0,3.0,23.0,9.0,-19.9,0.0
2022-05-27,drc,62.0,6.0,17.0,-38.5,0.0,1.0,8.0,23.0,14.0,-43.9,0.0
2022-05-27,europe_east,1295.0,127.0,78.0,2379.4,8.0,0.0,29.0,142.0,64.0,-87.3,18.0
2022-05-27,iran,949.0,170.0,186.0,-771.5,13.0,0.0,66.0,203.0,117.0,-582.8,12.0
2022-05-27,israel,2722.0,399.0,639.0,-2688.6,38.0,5.0,144.0,565.0,331.0,-2081.9,57.0
2022-05-27,korea,1138.0,156.0,167.0,354.2,0.0,3.0,70.0,227.0,89.0,-74.7,8.0
2022-05-27,libya,136.0,20.0,23.0,19.5,0.0,0.0,3.0,1.0,1.0,-2.0,0.0
2022-05-27,scs,1526.0,175.0,180.0,1404.4,5.0,4.0,51.0,36.0,12.0,27.6,1.0
2022-05-27,southasia,5788.0,873.0,946.0,1657.9,11.0,22.0,431.0,35.0,13.0,23.2,8.0
2022-05-27,sudan,301.0,24.0,77.0,-5.1,0.0,1.0,45.0,0.0,0.0,0.0,0.0
2022-05-27,taiwan,441.0,64.0,34.0,510.0,3.0,0.0,8.0,145.0,62.0,-41.5,11.0
2022-05-27,ukraine,4322.0,572.0,812.0,251.0,26.0,34.0,210.0,1740.0,890.0,-2890.2,116.0
2022-05-27,venezuela,116.0,10.0,25.0,48.9,0.0,0.0,16.0,32.0,8.0,39.8,4.0
2022-05-27,yemen,75.0,25.0,4.0,-20.8,0.0,0.0,0.0,8.0,1.0,7.1,0.0
2022-05-28,drc,50.0,17.0,14.0,-47.3,0.0,0.0,13.0,46.0,31.0,-105.2,4.0
2022-05-28,europe_east,875.0,90.0,59.0,1298.0,1.0,4.0,15.0,111.0,46.0,-39.0,4.0
2022-05-28,iran,827.0,152.0,217.0,-1462.9,11.0,0.0,99.0,151.0,75.0,-212.3,18.0
2022-05-28,israel,1608.0,253.0,436.0,-2502.8,27.0,3.0,83.0,406.0,289.0,-2051.1,44.0
2022-05-28,korea,518.0,81.0,79.0,108.9,4.0,0.0,31.0,119.0,51.0,-72.4,7.0
2022-05-28,libya,85.0,12.0,5.0,177.8,0.0,0.0,0.0,0.0,0.0,0.0,0.0
2022-05-28,scs,1227.0,98.0,142.0,1548.2,2.0,1.0,40.0,23.0,10.0,15.2,0.0
2022-05-28,southasia,4428.0,650.0,483.0,3506.2,8.0,1.0,269.0,53.0,3.0,146.6,2.0
2022-05-28,sudan,212.0,28.0,19.0,222.9,0.0,0.0,7.0,3.0,1.0,2.0,0.0
2022-05-28,taiwan,234.0,21.0,26.0,278.1,2.0,0.0,16.0,32.0,11.0,-14.0,1.0
2022-05-28,ukraine,3450.0,434.0,683.0,-169.7,16.0,14.0,180.0,1413.0,733.0,-2412.6,92.0
2022-05-28,venezuela,79.0,4.0,5.0,159.2,0.0,0.0,5.0,38.0,3.0,67.2,0.0
2022-05-28,yemen,82.0,6.0,0.0,237.0,0.0,0.0,0.0,25.0,5.0,-2.3,0.0
2022-05-29,drc,44.0,2.0,12.0,-35.9,0.0,0.0,4.0,20.0,12.0,-53.0,0.0
2022-05-29,europe_east,665.0,62.0,66.0,921.3,4.0,5.0,28.0,61.0,23.0,61.8,2.0
2022-05-29,iran,706.0,136.0,162.0,-801.1,7.0,2.0,65.0,114.0,62.0,-294.8,22.0
2022-05-29,israel,2611.0,400.0,730.0,-3698.2,26.0,27.0,154.0,529.0,352.0,-2385.7,67.0
2022-05-29,korea,371.0,45.0,49.0,123.1,2.0,0.0,13.0,45.0,23.0,-89.3,2.0
2022-05-29,libya,70.0,7.0,23.0,-98.1,0.0,0.0,0.0,0.0,0.0,0.0,0.0
2022-05-29,scs,1088.0,102.0,128.0,1293.6,1.0,7.0,43.0,18.0,5.0,48.7,1.0
2022-05-29,southasia,4274.0,609.0,578.0,1685.6,12.0,13.0,216.0,60.0,14.0,81.9,4.0
2022-05-29,sudan,275.0,82.0,56.0,-330.7,0.0,1.0,30.0,2.0,2.0,-12.0,2.0
2022-05-29,taiwan,233.0,25.0,29.0,80.9,2.0,0.0,7.0,64.0,24.0,-19.8,4.0
2022-05-29,ukraine,2818.0,302.0,567.0,92.2,7.0,4.0,111.0,1162.0,622.0,-2632.3,91.0
2022-05-29,venezuela,61.0,20.0,8.0,-26.2,0.0,0.0,5.0,10.0,4.0,7.0,2.0
2022-05-29,yemen,85.0,7.0,3.0,210.2,0.0,0.0,1.0,7.0,5.0,-37.2,0.0
2022-05-30,drc,41.0,8.0,10.0,-57.3,0.0,0.0,4.0,59.0,28.0,-67.5,2.0
2022-05-30,europe_east,1247.0,127.0,125.0,1864.2,5.0,5.0,67.0,132.0,50.0,59.9,9.0
2022-05-30,iran,1093.0,217.0,224.0,-1036.4,11.0,3.0,61.0,229.0,158.0,-748.1,17.0
2022-05-30,israel,3015.0,496.0,712.0,-2913.7,25.0,11.0,199.0,605.0,406.0,-2393.9,57.0
2022-05-30,korea,687.0,82.0,72.0,823.4,3.0,0.0,32.0,64.0,15.0,-3.6,0.0
2022-05-30,libya,65.0,5.0,7.0,106.5,0.0,0.0,2.0,0.0,0.0,0.0,0.0
2022-05-30,scs,1571.0,162.0,174.0,1685.6,2.0,3.0,50.0,31.0,8.0,-7.9,0.0
2022-05-30,southasia,5545.0,827.0,742.0,2850.2,9.0,10.0,318.0,51.0,1.0,207.1,0.0
2022-05-30,sudan,399.0,67.0,98.0,-241.7,0.0,1.0,57.0,1.0,1.0,-5.0,1.0
2022-05-30,taiwan,342.0,42.0,34.0,318.8,2.0,2.0,9.0,79.0,34.0,-34.8,2.0
2022-05-30,ukraine,5405.0,617.0,998.0,666.9,25.0,19.0,209.0,1887.0,969.0,-3726.1,148.0
2022-05-30,venezuela,107.0,29.0,11.0,0.5,2.0,0.0,8.0,20.0,9.0,-14.4,1.0
2022-05-30,yemen,110.0,17.0,7.0,134.9,2.0,0.0,3.0,18.0,2.0,35.1,0.0
2022-05-31,drc,71.0,21.0,11.0,-94.9,0.0,0.0,5.0,65.0,45.0,-146.3,2.0
2022-05-31,europe_east,1310.0,130.0,112.0,2175.1,4.0,1.0,56.0,162.0,78.0,-208.6,5.0
2022-05-31,iran,1132.0,222.0,131.0,238.4,4.0,0.0,49.0,211.0,115.0,-400.9,15.0
2022-05-31,israel,2862.0,411.0,514.0,388.9,9.0,10.0,175.0,489.0,286.0,-1279.1,52.0
2022-05-31,korea,964.0,138.0,77.0,1273.6,8.0,5.0,28.0,81.0,38.0,-52.1,2.0
2022-05-31,libya,136.0,14.0,19.0,169.6,0.0,0.0,4.0,0.0,0.0,0.0,0.0
2022-05-31,scs,2207.0,197.0,258.0,3352.8,7.0,6.0,96.0,160.0,69.0,-92.1,19.0
2022-05-31,southasia,5840.0,903.0,763.0,3351.5,5.0,5.0,370.0,61.0,1.0,221.0,0.0
2022-05-31,sudan,395.0,33.0,76.0,223.6,1.0,2.0,41.0,1.0,1.0,-5.0,1.0
2022-05-31,taiwan,835.0,102.0,73.0,817.6,9.0,9.0,17.0,306.0,103.0,-90.3,25.0
2022-05-31,ukraine,5155.0,586.0,1026.0,-181.4,26.0,17.0,339.0,2096.0,994.0,-2984.2,207.0
2022-05-31,venezuela,123.0,15.0,13.0,164.8,1.0,0.0,6.0,24.0,6.0,42.8,1.0
2022-05-31,yemen,183.0,13.0,14.0,333.2,0.0,0.0,3.0,37.0,8.0,48.6,2.0
2022-06-01,drc,58.0,14.0,12.0,-45.7,0.0,0.0,5.0,76.0,39.0,-25.3,5.0
2022-06-01,europe_east,1404.0,144.0,107.0,2532.8,1.0,9.0,46.0,139.0,49.0,118.1,7.0
2022-06-01,iran,731.0,182.0,101.0,-333.0,4.0,2.0,52.0,136.0,84.0,-391.2,11.0
2022-06-01,israel,3347.0,505.0,573.0,-127.5,32.0,6.0,167.0,528.0,306.0,-1606.1,49.0
2022-06-01,korea,757.0,99.0,52.0,1094.9,0.0,0.0,21.0,62.0,22.0,23.1,2.0
2022-06-01,libya,152.0,27.0,31.0,-28.1,2.0,0.0,8.0,1.0,0.0,3.4,0.0
2022-06-01,scs,1950.0,185.0,157.0,3931.8,2.0,4.0,77.0,69.0,30.0,-43.1,8.0
2022-06-01,southasia,5651.0,802.0,792.0,2617.2,3.0,7.0,347.0,49.0,14.0,15.5,3.0
2022-06-01,sudan,256.0,32.0,20.0,462.4,0.0,0.0,4.0,1.0,1.0,-6.5,0.0
2022-06-01,taiwan,612.0,89.0,57.0,557.9,4.0,2.0,9.0,228.0,96.0,-156.6,12.0
2022-06-01,ukraine,5160.0,653.0,860.0,2390.2,39.0,22.0,288.0,1700.0,923.0,-3413.0,171.0
2022-06-01,venezuela,131.0,15.0,20.0,22.2,0.0,0.0,8.0,32.0,8.0,18.7,0.0
2022-06-01,yemen,201.0,5.0,21.0,213.5,0.0,2.0,6.0,43.0,6.0,36.8,1.0
2022-06-02,drc,87.0,6.0,12.0,86.6,0.0,0.0,1.0,59.0,14.0,151.6,2.0
2022-06-02,europe_east,1371.0,99.0,97.0,3710.7,3.0,1.0,56.0,117.0,29.0,209.1,7.0
2022-06-02,iran,965.0,157.0,218.0,-675.7,6.0,7.0,141.0,225.0,107.0,-194.1,5.0
2022-06-02,israel,3319.0,422.0,789.0,-2003.1,19.0,10.0,151.0,658.0,419.0,-2521.0,71.0
2022-06-02,korea,1002.0,110.0,88.0,1440.2,4.0,1.0,21.0,96.0,26.0,34.2,5.0
2022-06-02,libya,132.0,9.0,26.0,73.0,0.0,0.0,4.0,1.0,0.0,3.4,0.0
2022-06-02,scs,1712.0,178.0,201.0,2591.5,2.0,3.0,107.0,124.0,55.0,-97.2,20.0
2022-06-02,southasia,6421.0,879.0,964.0,3290.6,30.0,14.0,356.0,44.0,16.0,12.8,4.0
2022-06-02,sudan,259.0,27.0,43.0,162.3,0.0,20.0,8.0,1.0,1.0,-6.5,0.0
2022-06-02,taiwan,647.0,63.0,56.0,979.4,2.0,6.0,13.0,155.0,70.0,-107.4,9.0
2022-06-02,ukraine,4417.0,464.0,790.0,1941.1,34.0,13.0,200.0,1430.0,711.0,-2337.8,101.0
2022-06-02,venezuela,110.0,6.0,3.0,238.8,0.0,0.0,1.0,34.0,1.0,71.4,0.0
2022-06-02,yemen,389.0,32.0,31.0,618.8,3.0,0.0,6.0,61.0,11.0,115.6,3.0
2022-06-03,drc,37.0,7.0,4.0,14.7,0.0,0.0,2.0,14.0,9.0,-39.5,0.0
2022-06-03,europe_east,1108.0,80.0,105.0,2084.2,0.0,2.0,43.0,76.0,25.0,39.1,3.0
2022-06-03,iran,1049.0,203.0,146.0,-67.6,5.0,8.0,51.0,287.0,132.0,-109.8,8.0
2022-06-03,israel,2326.0,331.0,351.0,526.8,9.0,5.0,79.0,442.0,247.0,-914.8,9.0
2022-06-03,korea,995.0,120.0,91.0,1243.2,5.0,2.0,40.0,138.0,31.0,98.0,5.0
2022-06-03,libya,60.0,9.0,10.0,-8.6,1.0,0.0,4.0,0.0,0.0,0.0,0.0
2022-06-03,scs,1596.0,155.0,215.0,1493.5,5.0,3.0,129.0,50.0,20.0,1.4,13.0
2022-06-03,southasia,5796.0,855.0,1001.0,246.6,15.0,16.0,334.0,11.0,4.0,-17.6,1.0
2022-06-03,sudan,324.0,55.0,66.0,-141.8,0.0,20.0,11.0,12.0,1.0,55.5,0.0
2022-06-03,taiwan,438.0,45.0,49.0,425.4,0.0,5.0,11.0,101.0,38.0,67.3,6.0
2022-06-03,ukraine,4541.0,541.0,794.0,1104.3,40.0,17.0,219.0,1604.0,786.0,-2481.6,129.0
2022-06-03,venezuela,139.0,18.0,7.0,145.3,0.0,0.0,6.0,23.0,2.0,33.0,0.0
2022-06-03,yemen,237.0,25.0,32.0,229.3,0.0,0.0,14.0,94.0,15.0,184.0,1.0
2022-06-04,drc,46.0,13.0,6.0,12.7,0.0,0.0,1.0,11.0,10.0,-23.0,2.0
2022-06-04,europe_east,695.0,58.0,126.0,334.0,0.0,2.0,22.0,42.0,19.0,-36.6,4.0
2022-06-04,iran,837.0,180.0,138.0,-406.5,7.0,2.0,55.0,217.0,105.0,-320.4,11.0
2022-06-04,israel,1070.0,139.0,233.0,-456.8,7.0,1.0,69.0,304.0,179.0,-933.7,25.0
2022-06-04,korea,398.0,34.0,63.0,381.0,8.0,2.0,22.0,69.0,12.0,151.6,5.0
2022-06-04,libya,45.0,0.0,13.0,23.1,0.0,0.0,8.0,0.0,0.0,0.0,0.0
2022-06-04,scs,842.0,69.0,118.0,886.8,1.0,4.0,64.0,42.0,21.0,-34.3,7.0
2022-06-04,southasia,4596.0,747.0,724.0,106.6,8.0,9.0,325.0,23.0,4.0,25.4,0.0
2022-06-04,sudan,257.0,32.0,47.0,60.8,0.0,1.0,19.0,3.0,1.0,-4.5,0.0
2022-06-04,taiwan,321.0,43.0,50.0,33.0,0.0,3.0,21.0,112.0,32.0,-14.4,8.0
2022-06-04,ukraine,3102.0,418.0,677.0,-1589.8,34.0,20.0,96.0,1354.0,754.0,-2949.6,74.0
2022-06-04,venezuela,61.0,10.0,10.0,-18.3,0.0,0.0,5.0,11.0,1.0,26.1,0.0
2022-06-04,yemen,114.0,2.0,12.0,141.0,0.0,0.0,2.0,24.0,0.0,64.6,0.0
2022-06-05,drc,9.0,5.0,2.0,-25.2,1.0,0.0,2.0,18.0,3.0,70.4,0.0
2022-06-05,europe_east,513.0,36.0,101.0,257.5,2.0,2.0,14.0,32.0,10.0,10.1,4.0
2022-06-05,iran,572.0,118.0,129.0,-515.5,1.0,1.0,56.0,81.0,50.0,-246.6,5.0
2022-06-05,israel,934.0,127.0,149.0,203.2,1.0,0.0,37.0,234.0,134.0,-650.4,9.0
2022-06-05,korea,976.0,73.0,337.0,-1046.9,1.0,7.0,14.0,405.0,225.0,-1072.7,69.0
2022-06-05,libya,91.0,2.0,2.0,292.3,0.0,0.0,0.0,0.0,0.0,0.0,0.0
2022-06-05,scs,978.0,101.0,140.0,801.2,1.0,4.0,74.0,21.0,12.0,-48.2,6.0
2022-06-05,southasia,4547.0,799.0,719.0,-37.0,17.0,6.0,263.0,13.0,3.0,23.4,1.0
2022-06-05,sudan,179.0,29.0,21.0,136.7,0.0,0.0,10.0,1.0,1.0,-6.5,0.0
2022-06-05,taiwan,188.0,15.0,26.0,195.9,1.0,0.0,10.0,54.0,18.0,-5.1,11.0
2022-06-05,ukraine,2383.0,311.0,565.0,-1702.6,11.0,4.0,94.0,1070.0,645.0,-2924.8,50.0
2022-06-05,venezuela,63.0,6.0,0.0,185.3,0.0,0.0,0.0,26.0,2.0,104.6,0.0
2022-06-05,yemen,130.0,8.0,20.0,183.9,0.0,2.0,3.0,25.0,13.0,-15.0,0.0
2022-06-06,drc,57.0,16.0,19.0,-103.7,0.0,0.0,16.0,44.0,36.0,-121.6,0.0
2022-06-06,europe_east,1108.0,97.0,147.0,1434.8,1.0,1.0,43.0,95.0,53.0,-186.8,11.0
2022-06-06,iran,1170.0,207.0,172.0,-16.7,7.0,4.0,67.0,193.0,70.0,-114.6,9.0
2022-06-06,israel,2285.0,385.0,337.0,433.9,16.0,3.0,95.0,578.0,278.0,-871.6,21.0
2022-06-06,korea,1149.0,119.0,317.0,-1065.3,1.0,5.0,26.0,356.0,227.0,-1366.4,55.0
2022-06-06,libya,74.0,10.0,16.0,-5.3,0.0,0.0,2.0,0.0,0.0,0.0,0.0
2022-06-06,scs,1544.0,160.0,139.0,2206.7,10.0,5.0,78.0,85.0,40.0,-25.7,17.0
2022-06-06,southasia,5983.0,1211.0,769.0,872.2,59.0,9.0,304.0,17.0,9.0,-45.2,2.0
2022-06-06,sudan,353.0,50.0,41.0,353.6,3.0,3.0,22.0,3.0,0.0,2.0,0.0
2022-06-06,taiwan,330.0,30.0,20.0,568.4,0.0,0.0,13.0,76.0,20.0,2.1,2.0
2022-06-06,ukraine,4374.0,637.0,848.0,-846.5,31.0,24.0,174.0,1742.0,949.0,-4023.8,90.0
2022-06-06,venezuela,254.0,22.0,21.0,325.2,0.0,0.0,14.0,76.0,21.0,114.5,0.0
2022-06-06,yemen,64.0,3.0,8.0,115.8,0.0,0.0,1.0,3.0,1.0,-8.5,0.0
2022-06-07,drc,88.0,11.0,10.0,66.5,0.0,0.0,0.0,23.0,8.0,0.7,1.0
2022-06-07,europe_east,1236.0,123.0,138.0,1747.4,5.0,14.0,47.0,132.0,65.0,-106.3,14.0
2022-06-07,iran,1226.0,244.0,205.0,-363.1,6.0,0.0,82.0,215.0,94.0,-89.7,12.0
2022-06-07,israel,2648.0,456.0,421.0,200.3,16.0,13.0,118.0,537.0,281.0,-991.7,45.0
2022-06-07,korea,1312.0,121.0,202.0,986.6,5.0,3.0,48.0,237.0,123.0,-714.5,35.0
2022-06-07,libya,113.0,12.0,8.0,234.0,0.0,0.0,0.0,0.0,0.0,0.0,0.0
2022-06-07,scs,1699.0,174.0,200.0,2043.1,0.0,5.0,88.0,58.0,24.0,-11.5,4.0
2022-06-07,southasia,6341.0,1160.0,959.0,650.3,37.0,15.0,415.0,37.0,16.0,-61.0,3.0
2022-06-07,sudan,351.0,47.0,52.0,194.4,0.0,1.0,21.0,0.0,0.0,0.0,0.0
2022-06-07,taiwan,350.0,40.0,17.0,592.9,3.0,0.0,8.0,62.0,28.0,-23.3,3.0
2022-06-07,ukraine,4718.0,623.0,948.0,-391.3,33.0,44.0,232.0,1873.0,941.0,-3161.1,140.0
2022-06-07,venezuela,359.0,41.0,56.0,268.9,0.0,2.0,32.0,89.0,32.0,31.5,4.0
2022-06-07,yemen,80.0,5.0,13.0,45.2,0.0,0.0,3.0,27.0,2.0,114.5,1.0
2022-06-08,drc,240.0,19.0,18.0,337.8,0.0,0.0,2.0,6.0,1.0,13.8,1.0
2022-06-08,europe_east,949.0,89.0,74.0,1831.5,6.0,5.0,40.0,82.0,32.0,9.6,7.0
2022-06-08,iran,1563.0,337.0,161.0,370.3,4.0,0.0,66.0,224.0,100.0,-180.9,3.0
2022-06-08,israel,2426.0,415.0,414.0,-627.1,16.0,4.0,101.0,504.0,270.0,-1061.0,22.0
2022-06-08,korea,964.0,121.0,112.0,989.2,0.0,2.0,15.0,141.0,77.0,-325.6,22.0
2022-06-08,libya,137.0,34.0,30.0,-152.0,0.0,0.0,7.0,1.0,1.0,-9.0,0.0
2022-06-08,scs,1795.0,175.0,154.0,3059.5,0.0,5.0,71.0,28.0,5.0,52.7,2.0
2022-06-08,southasia,5761.0,907.0,802.0,2124.3,41.0,26.0,333.0,24.0,7.0,16.4,2.0
2022-06-08,sudan,464.0,43.0,63.0,378.6,0.0,2.0,19.0,15.0,3.0,11.5,2.0
2022-06-08,taiwan,386.0,49.0,18.0,761.1,0.0,1.0,6.0,54.0,14.0,94.1,2.0
2022-06-08,ukraine,4731.0,663.0,750.0,2482.8,50.0,23.0,211.0,1836.0,860.0,-2117.0,132.0
2022-06-08,venezuela,424.0,41.0,37.0,506.5,0.0,1.0,31.0,161.0,24.0,209.0,3.0
2022-06-08,yemen,127.0,9.0,11.0,326.6,2.0,0.0,5.0,21.0,7.0,20.2,1.0
2022-06-09,drc,126.0,11.0,23.0,50.5,0.0,0.0,5.0,44.0,27.0,-59.4,4.0
2022-06-09,europe_east,1063.0,103.0,73.0,1985.6,2.0,3.0,35.0,131.0,52.0,17.1,15.0
2022-06-09,iran,2057.0,399.0,208.0,1355.8,3.0,0.0,86.0,313.0,136.0,-54.2,6.0
2022-06-09,israel,3074.0,421.0,536.0,-202.6,18.0,0.0,134.0,524.0,289.0,-1354.8,34.0
2022-06-09,korea,1054.0,158.0,115.0,839.3,0.0,0.0,41.0,113.0,46.0,-22.3,0.0
2022-06-09,libya,115.0,17.0,13.0,61.2,0.0,0.0,3.0,0.0,0.0,0.0,0.0
2022-06-09,scs,1900.0,175.0,132.0,3462.7,1.0,0.0,70.0,134.0,57.0,-28.6,3.0
2022-06-09,southasia,5791.0,879.0,728.0,3056.3,31.0,25.0,316.0,9.0,8.0,-45.4,2.0
2022-06-09,sudan,264.0,21.0,41.0,181.7,0.0,3.0,12.0,11.0,3.0,-6.4,3.0
2022-06-09,taiwan,392.0,51.0,29.0,535.6,3.0,4.0,5.0,79.0,42.0,-123.4,3.0
2022-06-09,ukraine,4744.0,721.0,1103.0,-2276.8,52.0,18.0,433.0,1806.0,951.0,-3226.4,178.0
2022-06-09,venezuela,521.0,40.0,67.0,669.9,0.0,0.0,56.0,165.0,27.0,317.6,0.0
2022-06-09,yemen,118.0,12.0,11.0,222.9,4.0,0.0,4.0,23.0,7.0,31.2,0.0
2022-06-10,drc,130.0,9.0,29.0,20.9,1.0,0.0,23.0,38.0,37.0,-216.0,3.0
2022-06-10,europe_east,1243.0,131.0,101.0,1955.6,4.0,6.0,39.0,93.0,32.0,29.8,13.0
2022-06-10,iran,1229.0,189.0,158.0,1010.9,1.0,3.0,76.0,175.0,71.0,-7.5,4.0
2022-06-10,israel,2494.0,342.0,434.0,-114.0,13.0,4.0,133.0,519.0,275.0,-1105.4,26.0
2022-06-10,korea,750.0,78.0,59.0,1138.8,0.0,0.0,19.0,76.0,18.0,24.8,2.0
2022-06-10,libya,66.0,6.0,5.0,129.8,0.0,0.0,0.0,0.0,0.0,0.0,0.0
2022-06-10,scs,1900.0,182.0,161.0,3147.6,3.0,2.0,98.0,150.0,72.0,-59.9,7.0
2022-06-10,southasia,5495.0,1067.0,807.0,-229.5,13.0,24.0,368.0,4.0,4.0,-31.0,0.0
2022-06-10,sudan,413.0,49.0,42.0,474.4,0.0,0.0,39.0,2.0,0.0,6.8,0.0
2022-06-10,taiwan,503.0,68.0,61.0,320.1,6.0,5.0,8.0,233.0,91.0,-25.8,6.0
2022-06-10,ukraine,4662.0,646.0,813.0,913.7,33.0,21.0,348.0,1448.0,770.0,-2743.4,131.0
2022-06-10,venezuela,370.0,44.0,38.0,498.3,1.0,0.0,32.0,73.0,2.0,196.8,0.0
2022-06-10,yemen,45.0,7.0,4.0,23.2,1.0,0.0,0.0,21.0,8.0,-13.6,0.0
2022-06-11,drc,89.0,16.0,17.0,17.4,0.0,4.0,6.0,69.0,49.0,-197.7,10.0
2022-06-11,europe_east,695.0,56.0,34.0,1425.4,1.0,0.0,15.0,41.0,15.0,-17.8,7.0
2022-06-11,iran,848.0,139.0,142.0,88.5,4.0,0.0,71.0,127.0,57.0,-135.1,3.0
2022-06-11,israel,1614.0,256.0,226.0,480.7,12.0,3.0,87.0,400.0,195.0,-475.5,18.0
2022-06-11,korea,515.0,68.0,60.0,247.6,0.0,0.0,11.0,117.0,56.0,-173.7,14.0
2022-06-11,libya,154.0,17.0,32.0,-56.1,0.0,2.0,1.0,0.0,0.0,0.0,0.0
2022-06-11,scs,1185.0,84.0,147.0,1543.7,0.0,0.0,72.0,76.0,38.0,-75.4,3.0
2022-06-11,southasia,5078.0,1006.0,918.0,-2576.0,11.0,59.0,418.0,3.0,3.0,-23.0,0.0
2022-06-11,sudan,185.0,13.0,26.0,244.0,0.0,1.0,23.0,0.0,0.0,0.0,0.0
2022-06-11,taiwan,528.0,117.0,51.0,61.8,8.0,1.0,19.0,282.0,150.0,-509.4,14.0
2022-06-11,ukraine,2992.0,502.0,527.0,-253.3,19.0,9.0,141.0,1085.0,623.0,-2721.8,71.0
2022-06-11,venezuela,336.0,9.0,5.0,1123.0,0.0,0.0,4.0,57.0,4.0,145.0,0.0
2022-06-11,yemen,112.0,13.0,11.0,165.4,2.0,0.0,2.0,8.0,3.0,-16.4,0.0
2022-06-12,drc,60.0,10.0,9.0,41.9,0.0,0.0,8.0,10.0,5.0,-19.5,0.0
2022-06-12,europe_east,548.0,39.0,65.0,837.1,2.0,3.0,31.0,52.0,23.0,-33.7,8.0
2022-06-12,iran,722.0,156.0,120.0,-186.7,7.0,4.0,36.0,135.0,74.0,-170.0,5.0
2022-06-12,israel,1847.0,308.0,289.0,276.5,11.0,7.0,89.0,407.0,192.0,-291.1,10.0
2022-06-12,korea,480.0,49.0,76.0,67.6,1.0,2.0,10.0,69.0,39.0,-275.8,1.0
2022-06-12,libya,86.0,13.0,22.0,-98.9,0.0,0.0,2.0,0.0,0.0,0.0,0.0
2022-06-12,scs,1158.0,131.0,93.0,1584.6,0.0,0.0,55.0,67.0,47.0,-51.5,0.0
2022-06-12,southasia,4136.0,786.0,745.0,-2107.4,14.0,21.0,286.0,11.0,4.0,-12.8,3.0
2022-06-12,sudan,184.0,22.0,26.0,255.6,0.0,0.0,21.0,0.0,0.0,0.0,0.0
2022-06-12,taiwan,395.0,88.0,44.0,106.1,6.0,1.0,20.0,259.0,163.0,-553.9,22.0
2022-06-12,ukraine,2701.0,331.0,569.0,-450.9,11.0,12.0,155.0,1005.0,531.0,-2122.3,69.0
2022-06-12,venezuela,259.0,25.0,19.0,489.8,0.0,0.0,7.0,30.0,3.0,43.6,2.0
2022-06-12,yemen,140.0,9.0,5.0,262.9,3.0,0.0,3.0,9.0,2.0,-2.0,0.0
2022-06-13,drc,91.0,8.0,23.0,-35.1,0.0,0.0,13.0,107.0,75.0,-270.2,7.0
2022-06-13,europe_east,1117.0,119.0,77.0,1736.7,12.0,0.0,25.0,64.0,16.0,39.6,7.0
2022-06-13,iran,1201.0,232.0,209.0,-584.1,19.0,4.0,32.0,309.0,182.0,-829.9,15.0
2022-06-13,israel,2990.0,419.0,473.0,705.3,22.0,11.0,163.0,650.0,307.0,-1081.5,47.0
2022-06-13,korea,878.0,106.0,90.0,940.8,5.0,3.0,21.0,107.0,55.0,-243.6,11.0
2022-06-13,libya,140.0,16.0,21.0,73.6,1.0,0.0,2.0,3.0,1.0,-0.6,0.0
2022-06-13,scs,1526.0,154.0,156.0,2048.7,2.0,5.0,89.0,76.0,26.0,38.9,0.0
2022-06-13,southasia,5947.0,1190.0,872.0,-674.9,28.0,29.0,450.0,12.0,6.0,-40.9,1.0
2022-06-13,sudan,346.0,55.0,86.0,-227.5,0.0,3.0,32.0,7.0,0.0,19.0,0.0
2022-06-13,taiwan,540.0,75.0,42.0,913.5,8.0,3.0,18.0,188.0,82.0,-111.6,18.0
2022-06-13,ukraine,4080.0,475.0,823.0,-901.2,22.0,43.0,180.0,1579.0,772.0,-3252.3,123.0
2022-06-13,venezuela,348.0,38.0,32.0,408.1,2.0,0.0,18.0,44.0,5.0,87.5,3.0
2022-06-13,yemen,215.0,23.0,20.0,221.6,7.0,0.0,5.0,17.0,2.0,53.2,0.0
2022-06-14,drc,68.0,8.0,20.0,-79.9,0.0,0.0,7.0,88.0,48.0,-29.3,3.0
2022-06-14,europe_east,1431.0,127.0,111.0,2347.7,13.0,5.0,53.0,135.0,38.0,89.0,6.0
2022-06-14,iran,1548.0,250.0,220.0,538.9,19.0,0.0,77.0,288.0,174.0,-693.6,29.0
2022-06-14,israel,3828.0,503.0,405.0,4035.4,26.0,0.0,141.0,776.0,336.0,-508.1,43.0
2022-06-14,korea,806.0,120.0,54.0,1138.0,0.0,0.0,19.0,137.0,54.0,-22.3,4.0
2022-06-14,libya,124.0,14.0,6.0,230.5,0.0,0.0,1.0,1.0,0.0,3.4,0.0
2022-06-14,scs,1733.0,173.0,166.0,2282.9,0.0,8.0,93.0,56.0,19.0,-20.6,6.0
2022-06-14,southasia,6227.0,1076.0,951.0,260.9,17.0,30.0,408.0,44.0,40.0,-371.1,5.0
2022-06-14,sudan,451.0,54.0,160.0,-645.9,0.0,40.0,41.0,0.0,0.0,0.0,0.0
2022-06-14,taiwan,500.0,59.0,43.0,551.2,4.0,0.0,18.0,233.0,87.0,-193.4,30.0
2022-06-14,ukraine,4884.0,533.0,962.0,18.8,26.0,37.0,278.0,1482.0,745.0,-2750.5,105.0
2022-06-14,venezuela,379.0,31.0,27.0,733.9,0.0,0.0,7.0,32.0,5.0,45.1,2.0
2022-06-14,yemen,169.0,21.0,20.0,113.5,4.0,0.0,3.0,27.0,15.0,-20.4,0.0
2022-06-15,drc,126.0,25.0,27.0,-123.4,0.0,3.0,3.0,85.0,57.0,-185.7,7.0
2022-06-15,europe_east,1777.0,168.0,106.0,3250.7,0.0,7.0,52.0,88.0,30.0,-15.0,5.0
2022-06-15,iran,1103.0,150.0,118.0,1095.9,9.0,1.0,47.0,210.0,93.0,-122.0,4.0
2022-06-15,israel,3683.0,473.0,490.0,3063.7,14.0,5.0,189.0,636.0,288.0,-664.9,51.0
2022-06-15,korea,713.0,73.0,22.0,1441.2,3.0,0.0,5.0,56.0,11.0,52.8,0.0
2022-06-15,libya,192.0,24.0,33.0,-10.9,0.0,1.0,4.0,4.0,0.0,17.2,0.0
2022-06-15,scs,1587.0,141.0,172.0,2243.9,0.0,7.0,105.0,17.0,4.0,39.6,3.0
2022-06-15,southasia,5983.0,973.0,703.0,2997.4,7.0,38.0,306.0,3.0,2.0,-9.0,0.0
2022-06-15,sudan,292.0,26.0,36.0,447.7,0.0,0.0,19.0,1.0,1.0,-5.0,1.0
2022-06-15,taiwan,437.0,43.0,30.0,799.6,3.0,0.0,18.0,205.0,72.0,-68.4,10.0
2022-06-15,ukraine,5722.0,558.0,902.0,3857.3,24.0,24.0,269.0,1554.0,774.0,-2715.0,126.0
2022-06-15,venezuela,210.0,23.0,11.0,301.3,0.0,0.0,5.0,9.0,2.0,14.0,2.0
2022-06-15,yemen,172.0,17.0,26.0,134.3,0.0,0.0,6.0,46.0,13.0,13.6,3.0
2022-06-16,drc,86.0,15.0,25.0,-149.0,0.0,1.0,3.0,59.0,32.0,-84.0,0.0
2022-06-16,europe_east,1466.0,111.0,116.0,2694.1,0.0,11.0,48.0,84.0,33.0,-89.7,2.0
2022-06-16,iran,845.0,139.0,127.0,213.1,8.0,0.0,69.0,141.0,72.0,-174.5,8.0
2022-06-16,israel,3161.0,460.0,533.0,841.2,12.0,0.0,242.0,467.0,230.0,-658.3,39.0
2022-06-16,korea,724.0,101.0,129.0,-85.3,4.0,4.0,23.0,90.0,53.0,-356.2,3.0
2022-06-16,libya,107.0,16.0,15.0,46.8,0.0,0.0,5.0,1.0,0.0,3.4,0.0
2022-06-16,scs,1397.0,156.0,163.0,1445.3,1.0,7.0,75.0,22.0,10.0,-10.2,2.0
2022-06-16,southasia,6476.0,1243.0,826.0,452.8,19.0,34.0,351.0,7.0,4.0,-7.4,0.0
2022-06-16,sudan,256.0,34.0,30.0,190.9,0.0,0.0,7.0,2.0,0.0,16.0,0.0
2022-06-16,taiwan,321.0,43.0,50.0,242.0,3.0,0.0,30.0,92.0,47.0,-85.4,13.0
2022-06-16,ukraine,6653.0,706.0,832.0,6450.0,32.0,19.0,278.0,1917.0,831.0,-2501.3,71.0
2022-06-16,venezuela,143.0,17.0,23.0,136.1,0.0,0.0,15.0,10.0,3.0,6.6,0.0
2022-06-16,yemen,162.0,16.0,37.0,-158.2,1.0,0.0,7.0,27.0,10.0,-14.7,0.0
2022-06-17,drc,81.0,10.0,23.0,-50.3,0.0,1.0,5.0,95.0,73.0,-338.2,7.0
2022-06-17,europe_east,1215.0,84.0,90.0,2037.5,0.0,1.0,33.0,76.0,25.0,115.1,7.0
2022-06-17,iran,779.0,153.0,139.0,-98.2,5.0,1.0,65.0,176.0,91.0,-382.9,7.0
2022-06-17,israel,2166.0,290.0,482.0,-1369.4,20.0,1.0,154.0,528.0,318.0,-1981.9,22.0
2022-06-17,korea,666.0,95.0,73.0,522.4,1.0,0.0,24.0,67.0,31.0,-102.2,3.0
2022-06-17,libya,77.0,5.0,14.0,43.1,0.0,0.0,1.0,0.0,0.0,0.0,0.0
2022-06-17,scs,1561.0,184.0,165.0,1622.3,4.0,8.0,67.0,44.0,12.0,36.1,4.0
2022-06-17,southasia,5552.0,1037.0,900.0,-1076.5,12.0,34.0,404.0,11.0,4.0,10.2,2.0
2022-06-17,sudan,212.0,49.0,59.0,-370.2,0.0,0.0,21.0,0.0,0.0,0.0,0.0
2022-06-17,taiwan,456.0,59.0,67.0,183.1,7.0,5.0,13.0,126.0,64.0,-220.9,17.0
2022-06-17,ukraine,6051.0,583.0,677.0,7066.1,27.0,18.0,216.0,1539.0,690.0,-1712.7,100.0
2022-06-17,venezuela,297.0,21.0,25.0,485.8,0.0,0.0,17.0,28.0,2.0,49.6,0.0
2022-06-17,yemen,127.0,12.0,27.0,-62.7,0.0,0.0,10.0,16.0,4.0,20.8,1.0
2022-06-18,drc,52.0,5.0,6.0,10.2,0.0,1.0,0.0,58.0,32.0,-135.1,8.0
2022-06-18,europe_east,592.0,23.0,54.0,940.8,0.0,1.0,29.0,73.0,18.0,24.0,5.0
2022-06-18,iran,544.0,60.0,69.0,961.4,9.0,5.0,30.0,71.0,34.0,-52.1,5.0
2022-06-18,israel,1310.0,201.0,395.0,-2371.5,12.0,0.0,55.0,316.0,221.0,-1568.8,7.0
2022-06-18,korea,318.0,33.0,46.0,204.1,2.0,0.0,20.0,31.0,16.0,-62.3,2.0
2022-06-18,libya,76.0,11.0,9.0,9.5,0.0,0.0,1.0,0.0,0.0,0.0,0.0
2022-06-18,scs,968.0,92.0,124.0,877.4,4.0,6.0,42.0,37.0,19.0,-61.8,0.0
2022-06-18,southasia,4516.0,809.0,735.0,-434.7,9.0,30.0,286.0,5.0,3.0,-5.5,1.0
2022-06-18,sudan,69.0,3.0,17.0,-5.2,1.0,0.0,6.0,0.0,0.0,0.0,0.0
2022-06-18,taiwan,211.0,36.0,29.0,8.5,3.0,1.0,11.0,47.0,18.0,1.4,3.0
2022-06-18,ukraine,3166.0,301.0,453.0,2158.8,17.0,16.0,111.0,1011.0,424.0,-815.2,83.0
2022-06-18,venezuela,196.0,25.0,25.0,158.8,0.0,1.0,11.0,44.0,6.0,41.2,1.0
2022-06-18,yemen,88.0,4.0,19.0,4.0,0.0,0.0,4.0,19.0,5.0,4.3,0.0
2022-06-19,drc,26.0,11.0,5.0,-29.4,0.0,1.0,1.0,33.0,22.0,-49.9,1.0
2022-06-19,europe_east,528.0,56.0,64.0,433.9,3.0,1.0,35.0,62.0,39.0,-177.8,16.0
2022-06-19,iran,664.0,98.0,84.0,345.5,14.0,4.0,37.0,171.0,93.0,-374.9,20.0
2022-06-19,israel,1951.0,314.0,439.0,-1597.4,22.0,0.0,103.0,463.0,303.0,-1910.2,42.0
2022-06-19,korea,284.0,21.0,57.0,12.2,0.0,0.0,3.0,22.0,13.0,-106.3,0.0
2022-06-19,libya,61.0,1.0,3.0,113.9,0.0,0.0,0.0,0.0,0.0,0.0,0.0
2022-06-19,scs,1125.0,96.0,99.0,1515.3,2.0,10.0,33.0,36.0,2.0,83.1,0.0
2022-06-19,southasia,4240.0,714.0,766.0,-1836.4,5.0,13.0,260.0,11.0,5.0,-35.3,0.0
2022-06-19,sudan,209.0,26.0,38.0,87.3,0.0,0.0,20.0,0.0,0.0,0.0,0.0
2022-06-19,taiwan,256.0,25.0,41.0,39.1,0.0,4.0,12.0,55.0,21.0,-32.4,5.0
2022-06-19,ukraine,3031.0,366.0,630.0,-1171.1,57.0,44.0,95.0,953.0,517.0,-2367.3,65.0
2022-06-19,venezuela,171.0,7.0,19.0,233.2,0.0,0.0,11.0,6.0,2.0,-5.2,0.0
2022-06-19,yemen,64.0,15.0,13.0,-99.0,2.0,0.0,3.0,17.0,5.0,35.8,2.0
2022-06-20,drc,145.0,20.0,28.0,-19.1,1.0,0.0,12.0,74.0,51.0,-274.0,3.0
2022-06-20,europe_east,1244.0,127.0,157.0,1195.3,9.0,1.0,109.0,302.0,181.0,-620.1,66.0
2022-06-20,iran,949.0,142.0,131.0,428.5,8.0,1.0,49.0,250.0,126.0,-439.8,28.0
2022-06-20,israel,2826.0,381.0,441.0,1105.2,15.0,6.0,157.0,463.0,268.0,-1308.9,44.0
2022-06-20,korea,586.0,65.0,56.0,706.9,1.0,2.0,17.0,27.0,11.0,-59.2,0.0
2022-06-20,libya,173.0,20.0,25.0,107.9,0.0,1.0,4.0,0.0,0.0,0.0,0.0
2022-06-20,scs,2148.0,156.0,237.0,2353.9,5.0,6.0,77.0,41.0,26.0,-108.1,0.0
2022-06-20,southasia,5785.0,963.0,895.0,-334.4,18.0,55.0,283.0,21.0,7.0,-8.9,1.0
2022-06-20,sudan,327.0,76.0,52.0,-13.3,0.0,0.0,24.0,0.0,0.0,0.0,0.0
2022-06-20,taiwan,249.0,31.0,30.0,202.4,0.0,3.0,9.0,55.0,29.0,-40.4,3.0
2022-06-20,ukraine,4452.0,566.0,601.0,2788.6,58.0,23.0,161.0,1482.0,765.0,-2989.5,144.0
2022-06-20,venezuela,224.0,33.0,15.0,440.0,0.0,4.0,3.0,26.0,10.0,-35.2,3.0
2022-06-20,yemen,45.0,3.0,8.0,-5.5,0.0,0.0,0.0,35.0,14.0,-28.3,2.0
2022-06-21,drc,82.0,13.0,19.0,-77.8,0.0,0.0,0.0,61.0,34.0,-50.3,3.0
2022-06-21,europe_east,1315.0,148.0,162.0,1372.0,9.0,1.0,116.0,473.0,256.0,-729.3,68.0
2022-06-21,iran,910.0,158.0,161.0,-310.5,12.0,2.0,65.0,252.0,151.0,-489.9,31.0
2022-06-21,israel,2933.0,440.0,402.0,1252.3,28.0,6.0,143.0,548.0,282.0,-1027.4,43.0
2022-06-21,korea,690.0,92.0,78.0,558.4,2.0,2.0,44.0,80.0,26.0,47.9,1.0
2022-06-21,libya,146.0,11.0,25.0,130.0,0.0,2.0,4.0,0.0,0.0,0.0,0.0
2022-06-21,scs,1474.0,121.0,125.0,2039.8,0.0,3.0,50.0,23.0,15.0,-37.8,0.0
2022-06-21,southasia,6867.0,991.0,771.0,5349.4,11.0,30.0,354.0,18.0,4.0,13.2,0.0
2022-06-21,sudan,294.0,38.0,50.0,51.3,0.0,0.0,14.0,0.0,0.0,0.0,0.0
2022-06-21,taiwan,340.0,44.0,43.0,186.2,0.0,1.0,11.0,78.0,35.0,-130.2,1.0
2022-06-21,ukraine,5406.0,452.0,903.0,2267.7,30.0,29.0,258.0,1455.0,689.0,-2439.9,111.0
2022-06-21,venezuela,210.0,40.0,23.0,104.2,0.0,0.0,16.0,38.0,20.0,-75.4,7.0
2022-06-21,yemen,100.0,5.0,13.0,120.1,0.0,0.0,1.0,36.0,4.0,32.1,0.0
2022-06-22,drc,67.0,6.0,15.0,-7.4,0.0,1.0,2.0,32.0,26.0,-111.8,14.0
2022-06-22,europe_east,1421.0,183.0,227.0,483.7,12.0,16.0,105.0,557.0,343.0,-1420.3,105.0
2022-06-22,iran,867.0,135.0,148.0,8.0,5.0,0.0,58.0,214.0,101.0,-182.9,8.0
2022-06-22,israel,2777.0,380.0,427.0,550.3,11.0,3.0,174.0,505.0,223.0,-718.5,27.0
2022-06-22,korea,842.0,80.0,78.0,1418.7,0.0,0.0,28.0,119.0,36.0,68.1,6.0
2022-06-22,libya,166.0,10.0,6.0,478.3,0.0,1.0,1.0,0.0,0.0,0.0,0.0
2022-06-22,scs,1632.0,165.0,157.0,1995.0,0.0,1.0,70.0,30.0,3.0,152.6,3.0
2022-06-22,southasia,6903.0,819.0,633.0,8098.1,6.0,18.0,275.0,3.0,1.0,-11.2,1.0
2022-06-22,sudan,287.0,40.0,68.0,-198.0,0.0,0.0,17.0,0.0,0.0,0.0,0.0
2022-06-22,taiwan,501.0,61.0,46.0,650.9,3.0,1.0,22.0,133.0,54.0,-93.7,16.0
2022-06-22,ukraine,4921.0,516.0,811.0,1147.4,30.0,21.0,202.0,1436.0,728.0,-3180.0,93.0
2022-06-22,venezuela,175.0,23.0,15.0,212.6,0.0,0.0,8.0,22.0,6.0,-11.2,3.0
2022-06-22,yemen,85.0,9.0,24.0,-98.7,0.0,1.0,2.0,22.0,4.0,11.1,2.0
2022-06-23,drc,86.0,8.0,26.0,-126.5,0.0,0.0,8.0,14.0,8.0,-2.8,4.0
2022-06-23,europe_east,1536.0,140.0,216.0,1534.2,16.0,9.0,106.0,307.0,194.0,-819.1,46.0
2022-06-23,iran,1123.0,235.0,221.0,-725.3,16.0,1.0,69.0,274.0,154.0,-525.2,18.0
2022-06-23,israel,3378.0,497.0,526.0,356.5,31.0,10.0,161.0,548.0,270.0,-949.0,35.0
2022-06-23,korea,804.0,95.0,74.0,968.3,0.0,0.0,39.0,164.0,57.0,-113.8,2.0
2022-06-23,libya,141.0,13.0,13.0,166.6,0.0,0.0,5.0,0.0,0.0,0.0,0.0
2022-06-23,scs,1574.0,191.0,171.0,1752.9,0.0,13.0,84.0,55.0,26.0,63.2,1.0
2022-06-23,southasia,6682.0,882.0,585.0,8169.9,9.0,24.0,269.0,19.0,3.0,13.3,2.0
2022-06-23,sudan,167.0,36.0,23.0,12.9,0.0,0.0,8.0,0.0,0.0,0.0,0.0
2022-06-23,taiwan,330.0,41.0,57.0,150.7,1.0,1.0,19.0,155.0,54.0,50.8,10.0
2022-06-23,ukraine,4724.0,512.0,635.0,3897.7,25.0,21.0,188.0,1227.0,581.0,-1743.3,79.0
2022-06-23,venezuela,178.0,30.0,9.0,289.6,0.0,0.0,8.0,36.0,6.0,80.8,2.0
2022-06-23,yemen,96.0,12.0,14.0,101.8,0.0,0.0,1.0,15.0,0.0,51.0,0.0
2022-06-24,drc,48.0,1.0,10.0,51.2,0.0,0.0,6.0,13.0,12.0,-39.5,0.0
2022-06-24,europe_east,923.0,80.0,90.0,1585.8,3.0,2.0,34.0,153.0,81.0,-302.0,22.0
2022-06-24,iran,830.0,155.0,170.0,-556.0,7.0,0.0,64.0,219.0,118.0,-430.6,18.0
2022-06-24,israel,2400.0,372.0,448.0,-1016.6,50.0,1.0,115.0,450.0,241.0,-1060.1,41.0
2022-06-24,korea,763.0,85.0,73.0,1319.4,5.0,6.0,21.0,80.0,36.0,-99.8,6.0
2022-06-24,libya,111.0,16.0,19.0,41.4,0.0,0.0,7.0,0.0,0.0,0.0,0.0
2022-06-24,scs,1526.0,198.0,158.0,1512.2,0.0,9.0,90.0,134.0,59.0,149.6,0.0
2022-06-24,southasia,5814.0,866.0,604.0,4389.0,8.0,8.0,292.0,42.0,19.0,-31.0,15.0
2022-06-24,sudan,211.0,31.0,35.0,96.3,0.0,3.0,5.0,0.0,0.0,0.0,0.0
2022-06-24,taiwan,350.0,36.0,32.0,479.7,0.0,2.0,16.0,125.0,58.0,-121.1,27.0
2022-06-24,ukraine,4096.0,462.0,601.0,2946.1,23.0,17.0,132.0,1321.0,595.0,-1397.3,77.0
2022-06-24,venezuela,186.0,23.0,9.0,379.4,0.0,0.0,1.0,30.0,1.0,57.9,0.0
2022-06-24,yemen,53.0,6.0,8.0,16.5,0.0,0.0,0.0,13.0,7.0,-39.2,0.0
2022-06-25,drc,17.0,0.0,0.0,37.2,0.0,0.0,0.0,8.0,8.0,-22.0,0.0
2022-06-25,europe_east,523.0,40.0,112.0,-73.5,2.0,2.0,48.0,141.0,85.0,-475.2,8.0
2022-06-25,iran,812.0,94.0,131.0,416.9,5.0,7.0,48.0,202.0,60.0,157.8,7.0
2022-06-25,israel,1159.0,179.0,248.0,-927.5,10.0,5.0,52.0,230.0,141.0,-731.7,22.0
2022-06-25,korea,395.0,26.0,36.0,716.3,0.0,0.0,15.0,30.0,10.0,10.3,0.0
2022-06-25,libya,57.0,12.0,3.0,95.8,0.0,0.0,0.0,0.0,0.0,0.0,0.0
2022-06-25,scs,1232.0,131.0,143.0,1329.7,3.0,2.0,64.0,56.0,17.0,132.8,1.0
2022-06-25,southasia,5395.0,790.0,848.0,1484.1,13.0,14.0,445.0,47.0,34.0,-154.0,26.0
2022-06-25,sudan,90.0,6.0,9.0,201.5,0.0,0.0,6.0,2.0,2.0,-14.0,0.0
2022-06-25,taiwan,282.0,50.0,23.0,204.7,5.0,2.0,14.0,113.0,41.0,-14.6,12.0
2022-06-25,ukraine,2848.0,317.0,609.0,-82.4,12.0,12.0,100.0,1033.0,527.0,-2034.5,60.0
2022-06-25,venezuela,117.0,16.0,14.0,177.7,0.0,0.0,11.0,27.0,9.0,32.9,0.0
2022-06-25,yemen,93.0,4.0,24.0,-14.3,0.0,0.0,5.0,8.0,0.0,32.0,0.0
2022-06-26,drc,19.0,1.0,6.0,-34.0,0.0,0.0,1.0,15.0,13.0,-20.0,0.0
2022-06-26,europe_east,510.0,41.0,88.0,296.3,1.0,5.0,29.0,150.0,82.0,-477.1,14.0
2022-06-26,iran,998.0,112.0,128.0,760.7,3.0,1.0,42.0,157.0,47.0,234.5,1.0
2022-06-26,israel,1810.0,220.0,225.0,1605.4,13.0,0.0,59.0,246.0,128.0,-424.1,23.0
2022-06-26,korea,401.0,22.0,31.0,808.5,0.0,3.0,10.0,46.0,20.0,-70.9,5.0
2022-06-26,libya,108.0,21.0,9.0,121.1,0.0,0.0,2.0,0.0,0.0,0.0,0.0
2022-06-26,scs,1076.0,117.0,84.0,1396.8,0.0,0.0,33.0,30.0,12.0,30.6,2.0
2022-06-26,southasia,5378.0,828.0,744.0,1875.6,11.0,32.0,305.0,38.0,18.0,-31.1,8.0
2022-06-26,sudan,135.0,39.0,22.0,-136.3,0.0,4.0,3.0,2.0,0.0,4.7,0.0
2022-06-26,taiwan,230.0,19.0,11.0,413.7,0.0,0.0,2.0,72.0,25.0,4.2,4.0
2022-06-26,ukraine,3399.0,329.0,727.0,-277.9,17.0,12.0,117.0,1264.0,723.0,-3682.4,66.0
2022-06-26,venezuela,50.0,9.0,5.0,68.2,0.0,0.0,3.0,7.0,5.0,-11.0,0.0
2022-06-26,yemen,53.0,1.0,9.0,34.4,1.0,0.0,0.0,10.0,7.0,-47.8,0.0
2022-06-27,drc,52.0,3.0,10.0,15.1,0.0,1.0,4.0,15.0,12.0,-30.9,0.0
2022-06-27,europe_east,1387.0,135.0,170.0,1993.8,3.0,26.0,65.0,251.0,96.0,-158.0,28.0
2022-06-27,iran,1346.0,159.0,154.0,2208.4,6.0,1.0,66.0,335.0,120.0,206.0,3.0
2022-06-27,israel,2597.0,316.0,333.0,2070.9,13.0,2.0,104.0,484.0,222.0,-789.6,21.0
2022-06-27,korea,717.0,52.0,58.0,1316.7,1.0,3.0,26.0,60.0,14.0,99.1,4.0
2022-06-27,libya,148.0,23.0,22.0,80.1,0.0,0.0,3.0,1.0,0.0,4.0,0.0
2022-06-27,scs,1557.0,152.0,144.0,2137.2,1.0,4.0,71.0,51.0,8.0,202.0,0.0
2022-06-27,southasia,6157.0,962.0,846.0,2655.0,8.0,10.0,358.0,10.0,4.0,0.2,1.0
2022-06-27,sudan,346.0,88.0,73.0,-353.7,3.0,5.0,27.0,11.0,3.0,-5.3,2.0
2022-06-27,taiwan,277.0,36.0,34.0,195.2,0.0,1.0,13.0,63.0,26.0,-28.6,1.0
2022-06-27,ukraine,5152.0,486.0,872.0,1899.2,35.0,21.0,230.0,1777.0,804.0,-2837.2,83.0
2022-06-27,venezuela,104.0,15.0,11.0,137.2,0.0,1.0,1.0,11.0,5.0,10.6,1.0
2022-06-27,yemen,102.0,9.0,21.0,-35.3,2.0,0.0,3.0,31.0,8.0,49.0,0.0
2022-06-28,drc,30.0,2.0,8.0,1.9,0.0,0.0,8.0,0.0,0.0,0.0,0.0
2022-06-28,europe_east,1585.0,174.0,164.0,2726.8,10.0,27.0,61.0,144.0,82.0,-258.5,21.0
2022-06-28,iran,1352.0,179.0,168.0,1160.0,17.0,0.0,80.0,311.0,90.0,291.7,7.0
2022-06-28,israel,2443.0,304.0,432.0,853.6,16.0,7.0,174.0,460.0,210.0,-584.0,32.0
2022-06-28,korea,742.0,46.0,63.0,1530.9,0.0,7.0,12.0,82.0,15.0,158.0,1.0
2022-06-28,libya,247.0,27.0,19.0,421.5,0.0,0.0,3.0,2.0,0.0,3.5,0.0
2022-06-28,scs,2184.0,212.0,235.0,2935.0,5.0,4.0,115.0,52.0,12.0,33.2,2.0
2022-06-28,southasia,6628.0,1029.0,837.0,4021.6,16.0,20.0,437.0,11.0,5.0,-7.9,4.0
2022-06-28,sudan,528.0,104.0,119.0,-584.1,2.0,0.0,38.0,26.0,13.0,-54.8,2.0
2022-06-28,taiwan,365.0,34.0,28.0,599.0,3.0,3.0,9.0,84.0,24.0,62.1,1.0
2022-06-28,ukraine,4675.0,579.0,787.0,1198.0,32.0,26.0,169.0,1493.0,785.0,-3047.7,97.0
2022-06-28,venezuela,355.0,14.0,39.0,579.3,0.0,0.0,30.0,158.0,36.0,126.0,12.0
2022-06-28,yemen,146.0,19.0,45.0,-311.8,1.0,0.0,1.0,39.0,21.0,-152.6,0.0
2022-06-29,drc,51.0,2.0,3.0,95.7,0.0,0.0,0.0,17.0,9.0,-46.8,2.0
2022-06-29,europe_east,2272.0,261.0,220.0,4149.0,13.0,33.0,76.0,179.0,84.0,-172.8,14.0
2022-06-29,iran,997.0,134.0,152.0,797.3,0.0,4.0,63.0,214.0,63.0,370.2,6.0
2022-06-29,israel,2401.0,319.0,431.0,564.0,10.0,2.0,168.0,386.0,219.0,-916.4,40.0
2022-06-29,korea,1163.0,99.0,91.0,1997.0,1.0,5.0,21.0,121.0,32.0,88.2,4.0
2022-06-29,libya,208.0,29.0,21.0,339.6,0.0,1.0,7.0,0.0,0.0,0.0,0.0
2022-06-29,scs,2271.0,287.0,248.0,2335.8,13.0,5.0,123.0,105.0,23.0,99.2,6.0
2022-06-29,southasia,6659.0,1152.0,822.0,3307.1,15.0,27.0,383.0,48.0,13.0,12.5,3.0
2022-06-29,sudan,484.0,81.0,110.0,-398.3,1.0,5.0,22.0,12.0,6.0,-2.4,4.0
2022-06-29,taiwan,318.0,54.0,22.0,432.5,0.0,0.0,10.0,85.0,30.0,46.2,0.0
2022-06-29,ukraine,4952.0,681.0,575.0,4429.7,36.0,33.0,143.0,1428.0,704.0,-1805.4,80.0
2022-06-29,venezuela,258.0,22.0,39.0,260.8,0.0,0.0,23.0,76.0,21.0,23.2,3.0
2022-06-29,yemen,120.0,15.0,37.0,-170.1,0.0,3.0,8.0,19.0,0.0,69.8,0.0
2022-06-30,drc,131.0,15.0,42.0,-232.1,1.0,0.0,12.0,25.0,17.0,-57.1,0.0
2022-06-30,europe_east,1829.0,203.0,205.0,2569.5,4.0,29.0,60.0,321.0,116.0,-61.6,31.0
2022-06-30,iran,1112.0,151.0,131.0,1338.9,2.0,4.0,72.0,252.0,107.0,129.6,17.0
2022-06-30,israel,3438.0,426.0,507.0,2403.0,8.0,1.0,218.0,382.0,219.0,-1029.9,32.0
2022-06-30,korea,898.0,82.0,83.0,1473.3,2.0,6.0,31.0,123.0,23.0,233.4,3.0
2022-06-30,libya,135.0,25.0,20.0,-22.3,0.0,0.0,10.0,0.0,0.0,0.0,0.0
2022-06-30,scs,2575.0,215.0,268.0,3418.6,6.0,10.0,129.0,125.0,20.0,203.3,9.0
2022-06-30,southasia,6849.0,1028.0,837.0,4453.3,19.0,32.0,380.0,74.0,15.0,47.7,2.0
2022-06-30,sudan,521.0,84.0,129.0,-714.5,0.0,5.0,39.0,3.0,2.0,-15.0,1.0
2022-06-30,taiwan,287.0,50.0,34.0,120.6,1.0,2.0,14.0,71.0,18.0,41.4,2.0
2022-06-30,ukraine,5024.0,662.0,706.0,4179.6,22.0,57.0,212.0,1842.0,841.0,-984.4,101.0
2022-06-30,venezuela,253.0,19.0,12.0,665.0,0.0,0.0,5.0,27.0,5.0,56.7,5.0
2022-06-30,yemen,117.0,16.0,19.0,15.5,0.0,2.0,0.0,14.0,2.0,13.4,0.0
2022-07-01,drc,102.0,7.0,17.0,87.6,0.0,0.0,4.0,13.0,9.0,-14.4,0.0
2022-07-01,europe_east,1085.0,108.0,110.0,2090.0,6.0,9.0,47.0,157.0,72.0,-137.9,11.0
2022-07-01,iran,767.0,103.0,115.0,380.1,1.0,3.0,58.0,162.0,52.0,125.5,12.0
2022-07-01,israel,1891.0,249.0,261.0,1254.7,10.0,6.0,102.0,268.0,134.0,-483.6,18.0
2022-07-01,korea,703.0,92.0,73.0,709.0,1.0,1.0,40.0,84.0,41.0,-33.6,2.0
2022-07-01,libya,184.0,40.0,42.0,-244.6,0.0,0.0,15.0,0.0,0.0,0.0,0.0
2022-07-01,scs,1925.0,164.0,177.0,3211.7,9.0,3.0,96.0,139.0,17.0,309.6,3.0
2022-07-01,southasia,5988.0,972.0,648.0,4409.1,17.0,23.0,301.0,29.0,10.0,46.3,2.0
2022-07-01,sudan,526.0,123.0,134.0,-1056.7,1.0,3.0,29.0,8.0,6.0,-33.0,3.0
2022-07-01,taiwan,245.0,53.0,18.0,205.4,1.0,0.0,7.0,56.0,24.0,-13.3,2.0
2022-07-01,ukraine,3647.0,469.0,660.0,787.6,17.0,21.0,118.0,1557.0,812.0,-2329.6,67.0
2022-07-01,venezuela,303.0,20.0,68.0,42.6,0.0,2.0,28.0,65.0,18.0,85.3,15.0
2022-07-01,yemen,80.0,7.0,11.0,78.7,0.0,0.0,3.0,31.0,10.0,-40.3,0.0
2022-07-02,drc,4.0,2.0,0.0,4.0,0.0,0.0,0.0,5.0,5.0,-12.0,0.0
2022-07-02,europe_east,435.0,44.0,58.0,413.2,0.0,3.0,12.0,67.0,26.0,-64.9,2.0
2022-07-02,iran,760.0,55.0,137.0,405.8,0.0,2.0,34.0,134.0,60.0,-17.8,6.0
2022-07-02,israel,1623.0,221.0,336.0,-757.2,11.0,4.0,57.0,383.0,211.0,-940.7,19.0
2022-07-02,korea,207.0,31.0,18.0,294.3,0.0,2.0,8.0,8.0,4.0,4.1,0.0
2022-07-02,libya,208.0,58.0,61.0,-527.2,0.0,2.0,16.0,0.0,0.0,0.0,0.0
2022-07-02,scs,832.0,71.0,116.0,738.9,0.0,0.0,60.0,38.0,6.0,87.0,0.0
2022-07-02,southasia,5047.0,808.0,716.0,1617.5,14.0,24.0,308.0,47.0,20.0,-19.4,6.0
2022-07-02,sudan,285.0,65.0,48.0,-145.8,1.0,1.0,14.0,9.0,6.0,-15.0,2.0
2022-07-02,taiwan,151.0,32.0,11.0,56.4,0.0,0.0,5.0,29.0,15.0,-13.4,5.0
2022-07-02,ukraine,2639.0,322.0,567.0,-635.3,12.0,12.0,89.0,1063.0,607.0,-2413.5,45.0
2022-07-02,venezuela,132.0,8.0,32.0,31.4,0.0,0.0,16.0,25.0,10.0,-32.7,6.0
2022-07-02,yemen,46.0,10.0,10.0,-45.1,0.0,0.0,0.0,13.0,2.0,34.4,0.0
2022-07-03,drc,41.0,1.0,8.0,69.8,0.0,0.0,6.0,0.0,0.0,0.0,0.0
2022-07-03,europe_east,429.0,30.0,60.0,327.9,1.0,2.0,15.0,32.0,12.0,-37.4,2.0
2022-07-03,iran,547.0,71.0,104.0,-196.8,2.0,4.0,22.0,111.0,77.0,-332.6,8.0
2022-07-03,israel,2486.0,336.0,532.0,-1744.7,37.0,1.0,85.0,607.0,339.0,-1684.9,37.0
2022-07-03,korea,290.0,57.0,21.0,239.1,7.0,4.0,4.0,45.0,40.0,-118.8,11.0
2022-07-03,libya,154.0,36.0,48.0,-420.3,0.0,0.0,9.0,0.0,0.0,0.0,0.0
2022-07-03,scs,1046.0,125.0,89.0,1335.5,0.0,0.0,54.0,40.0,7.0,92.3,1.0
2022-07-03,southasia,4744.0,764.0,637.0,2143.8,12.0,11.0,305.0,28.0,10.0,-3.3,2.0
2022-07-03,sudan,222.0,44.0,41.0,16.1,1.0,3.0,15.0,3.0,2.0,-17.0,0.0
2022-07-03,taiwan,170.0,20.0,13.0,309.2,1.0,0.0,7.0,37.0,12.0,-0.2,0.0
2022-07-03,ukraine,3175.0,433.0,743.0,-2562.6,18.0,6.0,119.0,1617.0,972.0,-5061.2,81.0
2022-07-03,venezuela,52.0,7.0,18.0,-67.4,0.0,0.0,8.0,6.0,0.0,18.4,0.0
2022-07-03,yemen,55.0,10.0,13.0,-40.9,0.0,0.0,0.0,12.0,10.0,-35.2,0.0
2022-07-04,drc,47.0,9.0,9.0,-30.2,2.0,0.0,5.0,40.0,18.0,-0.4,0.0
2022-07-04,europe_east,1020.0,104.0,118.0,1429.4,2.0,2.0,52.0,97.0,28.0,69.6,5.0
2022-07-04,iran,818.0,100.0,119.0,643.3,2.0,0.0,57.0,192.0,60.0,151.2,10.0
2022-07-04,israel,2842.0,440.0,651.0,-3019.6,52.0,2.0,130.0,714.0,422.0,-2378.5,80.0
2022-07-04,korea,361.0,46.0,32.0,545.8,3.0,0.0,13.0,41.0,19.0,7.4,3.0
2022-07-04,libya,244.0,48.0,54.0,-208.8,0.0,0.0,22.0,0.0,0.0,0.0,0.0
2022-07-04,scs,1552.0,120.0,142.0,1988.6,1.0,2.0,55.0,95.0,14.0,165.3,6.0
2022-07-04,southasia,5409.0,875.0,748.0,2197.5,10.0,12.0,363.0,33.0,19.0,-32.1,10.0
2022-07-04,sudan,371.0,48.0,56.0,166.7,0.0,1.0,21.0,2.0,1.0,-1.0,1.0
2022-07-04,taiwan,208.0,25.0,16.0,323.0,0.0,0.0,4.0,47.0,17.0,36.0,2.0
2022-07-04,ukraine,4384.0,499.0,650.0,3044.8,22.0,21.0,157.0,1637.0,758.0,-2619.1,73.0
2022-07-04,venezuela,128.0,8.0,19.0,117.7,0.0,1.0,7.0,14.0,1.0,58.7,0.0
2022-07-04,yemen,87.0,16.0,17.0,-49.1,0.0,1.0,7.0,16.0,3.0,11.5,0.0
2022-07-05,drc,78.0,8.0,12.0,82.5,0.0,2.0,7.0,27.0,15.0,-51.4,1.0
2022-07-05,europe_east,1215.0,97.0,82.0,3188.9,2.0,0.0,36.0,124.0,54.0,-77.5,8.0
2022-07-05,iran,937.0,124.0,119.0,738.1,10.0,0.0,74.0,203.0,69.0,30.3,8.0
2022-07-05,israel,3370.0,446.0,691.0,-1718.4,26.0,10.0,154.0,627.0,280.0,-1042.2,25.0
2022-07-05,korea,592.0,50.0,91.0,530.0,1.0,12.0,19.0,32.0,14.0,-6.2,9.0
2022-07-05,libya,167.0,27.0,14.0,84.7,0.0,0.0,6.0,0.0,0.0,0.0,0.0
2022-07-05,scs,2262.0,197.0,223.0,2905.3,4.0,3.0,97.0,223.0,39.0,566.4,14.0
2022-07-05,southasia,6140.0,966.0,931.0,1859.3,9.0,9.0,490.0,58.0,10.0,50.6,4.0
2022-07-05,sudan,483.0,69.0,73.0,147.3,1.0,1.0,30.0,1.0,1.0,-5.0,1.0
2022-07-05,taiwan,286.0,46.0,27.0,300.6,3.0,3.0,8.0,72.0,26.0,-29.4,8.0
2022-07-05,ukraine,4447.0,432.0,697.0,3287.2,14.0,33.0,163.0,1527.0,801.0,-3565.9,101.0
2022-07-05,venezuela,247.0,24.0,24.0,414.0,0.0,0.0,15.0,46.0,10.0,101.3,4.0
2022-07-05,yemen,93.0,12.0,22.0,-110.1,0.0,1.0,3.0,9.0,6.0,-46.6,0.0
2022-07-06,drc,66.0,9.0,15.0,22.0,0.0,0.0,13.0,76.0,18.0,189.6,3.0
2022-07-06,europe_east,919.0,69.0,73.0,2419.4,4.0,2.0,29.0,102.0,53.0,-184.6,13.0
2022-07-06,iran,1213.0,167.0,226.0,365.3,4.0,0.0,160.0,218.0,74.0,365.3,6.0
2022-07-06,israel,2696.0,387.0,516.0,-421.0,19.0,5.0,148.0,444.0,245.0,-1184.6,30.0
2022-07-06,korea,585.0,90.0,53.0,657.0,9.0,10.0,18.0,47.0,27.0,-65.0,10.0
2022-07-06,libya,143.0,15.0,19.0,184.0,0.0,0.0,3.0,1.0,1.0,-4.0,0.0
2022-07-06,scs,1642.0,136.0,175.0,2297.7,0.0,0.0,76.0,181.0,23.0,393.5,6.0
2022-07-06,southasia,6307.0,1006.0,875.0,2534.6,12.0,20.0,441.0,34.0,5.0,41.6,3.0
2022-07-06,sudan,401.0,41.0,56.0,187.2,0.0,1.0,16.0,3.0,1.0,-1.0,0.0
2022-07-06,taiwan,306.0,41.0,33.0,255.5,1.0,0.0,21.0,91.0,28.0,-27.8,3.0
2022-07-06,ukraine,4130.0,533.0,647.0,1548.2,24.0,26.0,145.0,1460.0,751.0,-2746.9,94.0
2022-07-06,venezuela,178.0,12.0,12.0,312.1,0.0,0.0,2.0,25.0,2.0,61.3,0.0
2022-07-06,yemen,103.0,22.0,11.0,14.5,2.0,1.0,3.0,17.0,12.0,-81.8,2.0
2022-07-07,drc,50.0,12.0,3.0,31.0,2.0,0.0,0.0,121.0,33.0,237.1,5.0
2022-07-07,europe_east,1210.0,90.0,131.0,1551.0,3.0,4.0,49.0,151.0,66.0,-220.8,28.0
2022-07-07,iran,1302.0,175.0,274.0,101.2,13.0,2.0,213.0,262.0,115.0,-75.3,26.0
2022-07-07,israel,3036.0,362.0,400.0,1873.3,27.0,2.0,101.0,478.0,197.0,-680.8,29.0
2022-07-07,korea,566.0,89.0,51.0,568.7,7.0,0.0,24.0,41.0,21.0,-101.4,7.0
2022-07-07,libya,148.0,19.0,20.0,114.8,0.0,2.0,4.0,3.0,3.0,-27.2,1.0
2022-07-07,scs,1946.0,248.0,263.0,1145.7,5.0,9.0,121.0,198.0,19.0,363.4,6.0
2022-07-07,southasia,5928.0,903.0,797.0,2524.7,16.0,20.0,379.0,23.0,10.0,-22.5,7.0
2022-07-07,sudan,312.0,30.0,25.0,337.3,0.0,0.0,13.0,0.0,0.0,0.0,0.0
2022-07-07,taiwan,308.0,37.0,29.0,367.1,1.0,0.0,20.0,92.0,21.0,55.5,0.0
2022-07-07,ukraine,4840.0,561.0,738.0,2041.6,22.0,15.0,169.0,1493.0,746.0,-2503.1,81.0
2022-07-07,venezuela,194.0,11.0,34.0,70.9,4.0,0.0,8.0,16.0,3.0,1.4,0.0
2022-07-07,yemen,179.0,17.0,34.0,88.7,1.0,0.0,20.0,72.0,23.0,-11.2,2.0
2022-07-08,drc,73.0,14.0,13.0,-8.6,0.0,1.0,1.0,68.0,25.0,35.0,6.0
2022-07-08,europe_east,999.0,116.0,87.0,1418.6,1.0,0.0,31.0,96.0,50.0,-121.7,15.0
2022-07-08,iran,693.0,110.0,119.0,7.4,8.0,1.0,75.0,149.0,67.0,-54.9,14.0
2022-07-08,israel,2201.0,235.0,258.0,1582.4,18.0,0.0,74.0,461.0,117.0,296.4,20.0
2022-07-08,korea,712.0,95.0,69.0,784.4,7.0,8.0,16.0,90.0,40.0,-106.1,7.0
2022-07-08,libya,81.0,18.0,11.0,-1.8,0.0,0.0,1.0,0.0,0.0,0.0,0.0
2022-07-08,scs,1597.0,165.0,224.0,1292.9,5.0,0.0,118.0,181.0,35.0,261.6,1.0
2022-07-08,southasia,5513.0,800.0,699.0,3762.2,8.0,10.0,338.0,7.0,1.0,14.7,0.0
2022-07-08,sudan,334.0,42.0,26.0,639.1,0.0,0.0,6.0,0.0,0.0,0.0,0.0
2022-07-08,taiwan,559.0,74.0,76.0,112.5,0.0,3.0,18.0,139.0,68.0,-188.0,26.0
2022-07-08,ukraine,4320.0,625.0,533.0,2701.7,36.0,15.0,165.0,1733.0,760.0,-1392.1,103.0
2022-07-08,venezuela,115.0,9.0,20.0,45.5,0.0,0.0,12.0,12.0,0.0,44.6,0.0
2022-07-08,yemen,94.0,7.0,13.0,16.1,1.0,0.0,6.0,51.0,32.0,-180.1,3.0
2022-07-09,drc,28.0,1.0,16.0,-117.6,0.0,2.0,0.0,6.0,0.0,31.2,0.0
2022-07-09,europe_east,327.0,34.0,48.0,190.7,0.0,0.0,22.0,59.0,33.0,-66.0,10.0
2022-07-09,iran,519.0,100.0,142.0,-525.2,1.0,0.0,94.0,75.0,50.0,-242.1,4.0
2022-07-09,israel,1175.0,114.0,128.0,1053.7,11.0,0.0,32.0,168.0,44.0,86.6,7.0
2022-07-09,korea,261.0,33.0,29.0,250.6,0.0,2.0,8.0,46.0,30.0,-101.5,2.0
2022-07-09,libya,50.0,5.0,14.0,-33.5,0.0,1.0,4.0,0.0,0.0,0.0,0.0
2022-07-09,scs,1003.0,92.0,97.0,1354.6,0.0,1.0,42.0,51.0,17.0,14.2,0.0
2022-07-09,southasia,4475.0,591.0,612.0,2126.0,2.0,17.0,291.0,23.0,11.0,-40.7,4.0
2022-07-09,sudan,134.0,17.0,9.0,164.0,0.0,0.0,4.0,0.0,0.0,0.0,0.0
2022-07-09,taiwan,313.0,23.0,31.0,470.0,0.0,2.0,18.0,78.0,12.0,119.5,2.0
2022-07-09,ukraine,2766.0,374.0,460.0,944.5,18.0,12.0,100.0,1101.0,598.0,-2062.2,122.0
2022-07-09,venezuela,86.0,4.0,15.0,61.8,0.0,0.0,10.0,5.0,0.0,0.0,0.0
2022-07-09,yemen,62.0,4.0,4.0,71.6,0.0,0.0,3.0,11.0,1.0,13.8,0.0
2022-07-10,drc,13.0,0.0,7.0,-53.2,0.0,0.0,1.0,0.0,0.0,0.0,0.0
2022-07-10,europe_east,348.0,34.0,43.0,441.4,4.0,1.0,20.0,54.0,30.0,-91.6,6.0
2022-07-10,iran,656.0,101.0,142.0,-64.3,1.0,2.0,56.0,191.0,67.0,78.5,4.0
2022-07-10,israel,2308.0,194.0,306.0,2464.8,6.0,5.0,96.0,433.0,144.0,-194.1,30.0
2022-07-10,korea,458.0,29.0,89.0,187.5,3.0,7.0,6.0,86.0,47.0,-220.4,3.0
2022-07-10,libya,52.0,5.0,11.0,-16.0,0.0,0.0,3.0,0.0,0.0,0.0,0.0
2022-07-10,scs,948.0,85.0,119.0,1411.4,0.0,0.0,71.0,44.0,11.0,92.6,0.0
2022-07-10,southasia,3285.0,411.0,353.0,2857.4,4.0,9.0,200.0,32.0,7.0,5.4,4.0
2022-07-10,sudan,192.0,23.0,7.0,433.4,0.0,0.0,6.0,2.0,0.0,9.4,0.0
2022-07-10,taiwan,190.0,15.0,23.0,224.3,0.0,2.0,8.0,39.0,21.0,-81.8,1.0
2022-07-10,ukraine,2294.0,386.0,478.0,-1176.6,18.0,9.0,93.0,967.0,575.0,-2894.3,66.0
2022-07-10,venezuela,77.0,12.0,17.0,19.0,0.0,0.0,13.0,33.0,12.0,29.1,0.0
2022-07-10,yemen,33.0,1.0,5.0,28.3,0.0,0.0,2.0,13.0,6.0,-26.6,6.0
2022-07-11,drc,67.0,3.0,17.0,23.7,0.0,0.0,5.0,30.0,11.0,29.9,0.0
2022-07-11,europe_east,833.0,66.0,98.0,1167.1,8.0,2.0,40.0,174.0,90.0,-242.7,16.0
2022-07-11,iran,817.0,83.0,189.0,89.8,0.0,0.0,80.0,125.0,36.0,102.4,1.0
2022-07-11,israel,2880.0,269.0,396.0,2235.7,11.0,2.0,137.0,434.0,151.0,-371.8,25.0
2022-07-11,korea,702.0,74.0,118.0,365.5,0.0,7.0,29.0,75.0,29.0,-19.8,0.0
2022-07-11,libya,83.0,10.0,15.0,-35.7,0.0,2.0,0.0,0.0,0.0,0.0,0.0
2022-07-11,scs,1218.0,130.0,105.0,1983.2,2.0,0.0,43.0,61.0,10.0,88.5,4.0
2022-07-11,southasia,4036.0,613.0,461.0,3580.5,12.0,7.0,225.0,2.0,1.0,-3.0,0.0
2022-07-11,sudan,158.0,14.0,26.0,97.4,0.0,0.0,20.0,0.0,0.0,0.0,0.0
2022-07-11,taiwan,388.0,49.0,43.0,314.1,2.0,1.0,12.0,86.0,36.0,-24.2,2.0
2022-07-11,ukraine,3454.0,476.0,730.0,-1076.0,16.0,24.0,137.0,1414.0,814.0,-4004.0,54.0
2022-07-11,venezuela,158.0,8.0,11.0,364.4,0.0,0.0,5.0,63.0,6.0,134.4,4.0
2022-07-11,yemen,132.0,14.0,14.0,144.3,0.0,0.0,7.0,63.0,19.0,47.0,8.0
2022-07-12,drc,28.0,0.0,10.0,-40.2,0.0,0.0,0.0,6.0,2.0,13.3,0.0
2022-07-12,europe_east,770.0,82.0,91.0,986.9,6.0,5.0,37.0,79.0,21.0,51.0,7.0
2022-07-12,iran,1607.0,229.0,227.0,1259.4,8.0,4.0,113.0,396.0,108.0,476.1,12.0
2022-07-12,israel,3253.0,375.0,399.0,2927.5,11.0,3.0,135.0,555.0,170.0,174.6,25.0
2022-07-12,korea,663.0,70.0,52.0,1147.1,4.0,0.0,12.0,38.0,12.0,1.4,1.0
2022-07-12,libya,88.0,14.0,17.0,-100.1,3.0,0.0,3.0,0.0,0.0,0.0,0.0
2022-07-12,scs,1301.0,144.0,144.0,1310.5,1.0,0.0,74.0,109.0,64.0,-128.0,1.0
2022-07-12,southasia,4055.0,654.0,502.0,2139.2,10.0,12.0,218.0,10.0,0.0,12.9,0.0
2022-07-12,sudan,136.0,14.0,22.0,33.8,1.0,0.0,5.0,0.0,0.0,0.0,0.0
2022-07-12,taiwan,381.0,38.0,27.0,575.7,4.0,1.0,11.0,119.0,36.0,85.4,8.0
2022-07-12,ukraine,3845.0,513.0,636.0,1711.9,40.0,13.0,159.0,1503.0,755.0,-3004.8,109.0
2022-07-12,venezuela,147.0,13.0,28.0,202.0,0.0,0.0,24.0,121.0,21.0,235.7,7.0
2022-07-12,yemen,217.0,41.0,45.0,-129.7,0.0,0.0,9.0,79.0,28.0,-46.7,2.0
2022-07-13,drc,25.0,3.0,8.0,-39.9,0.0,0.0,1.0,0.0,0.0,0.0,0.0
2022-07-13,europe_east,874.0,91.0,97.0,955.4,0.0,4.0,58.0,131.0,53.0,-80.1,1.0
2022-07-13,iran,1978.0,200.0,163.0,3978.7,1.0,1.0,87.0,529.0,155.0,262.7,14.0
2022-07-13,israel,4971.0,437.0,451.0,6764.2,28.0,3.0,152.0,888.0,226.0,435.1,44.0
2022-07-13,korea,772.0,114.0,136.0,-41.4,5.0,3.0,30.0,69.0,45.0,-252.8,6.0
2022-07-13,libya,164.0,14.0,7.0,456.6,1.0,0.0,5.0,0.0,0.0,0.0,0.0
2022-07-13,scs,1799.0,186.0,181.0,2239.6,1.0,10.0,74.0,143.0,45.0,103.3,3.0
2022-07-13,southasia,4689.0,654.0,689.0,2252.8,4.0,9.0,300.0,30.0,6.0,34.9,2.0
2022-07-13,sudan,294.0,39.0,77.0,-102.9,1.0,2.0,59.0,1.0,0.0,3.0,0.0
2022-07-13,taiwan,359.0,32.0,25.0,557.1,1.0,1.0,13.0,122.0,31.0,130.2,5.0
2022-07-13,ukraine,4333.0,559.0,672.0,2665.9,28.0,8.0,191.0,1867.0,764.0,-904.4,65.0
2022-07-13,venezuela,235.0,32.0,49.0,-9.8,0.0,0.0,28.0,113.0,30.0,66.0,10.0
2022-07-13,yemen,146.0,29.0,26.0,-67.0,0.0,0.0,6.0,47.0,6.0,128.4,1.0
2022-07-14,drc,43.0,2.0,13.0,-52.9,0.0,0.0,4.0,2.0,2.0,-20.0,0.0
2022-07-14,europe_east,988.0,107.0,154.0,837.4,4.0,2.0,78.0,181.0,63.0,24.1,14.0
2022-07-14,iran,2016.0,255.0,262.0,2177.0,16.0,0.0,111.0,557.0,160.0,357.5,12.0
2022-07-14,israel,4750.0,521.0,407.0,6672.8,17.0,0.0,144.0,925.0,240.0,625.6,31.0
2022-07-14,korea,982.0,123.0,123.0,1047.9,3.0,1.0,52.0,79.0,34.0,17.3,9.0
2022-07-14,libya,302.0,51.0,28.0,368.4,0.0,6.0,13.0,0.0,0.0,0.0,0.0
2022-07-14,scs,1567.0,204.0,163.0,1823.2,0.0,7.0,90.0,74.0,13.0,70.3,3.0
2022-07-14,southasia,5027.0,733.0,842.0,418.5,4.0,20.0,326.0,11.0,3.0,-18.7,0.0
2022-07-14,sudan,258.0,28.0,55.0,-27.4,1.0,3.0,23.0,1.0,1.0,-7.2,1.0
2022-07-14,taiwan,286.0,26.0,21.0,547.0,0.0,0.0,6.0,66.0,18.0,28.6,4.0
2022-07-14,ukraine,4317.0,537.0,852.0,257.6,28.0,12.0,224.0,1652.0,822.0,-2973.0,90.0
2022-07-14,venezuela,143.0,26.0,20.0,159.4,0.0,0.0,19.0,24.0,7.0,9.0,5.0
2022-07-14,yemen,128.0,26.0,18.0,17.5,1.0,0.0,4.0,34.0,4.0,76.5,0.0
2022-07-15,drc,50.0,18.0,1.0,25.1,0.0,0.0,1.0,5.0,0.0,1.8,0.0
2022-07-15,europe_east,796.0,85.0,108.0,972.1,4.0,6.0,63.0,123.0,50.0,-43.2,8.0
2022-07-15,iran,1421.0,237.0,187.0,797.9,16.0,0.0,79.0,437.0,179.0,-30.2,10.0
2022-07-15,israel,5110.0,507.0,488.0,6975.9,57.0,12.0,148.0,1099.0,369.0,37.7,62.0
2022-07-15,korea,686.0,118.0,109.0,123.3,3.0,3.0,41.0,60.0,30.0,-74.8,6.0
2022-07-15,libya,202.0,38.0,47.0,-185.9,1.0,2.0,12.0,1.0,1.0,-9.0,0.0
2022-07-15,scs,1206.0,129.0,95.0,1947.7,0.0,0.0,38.0,46.0,9.0,125.2,2.0
2022-07-15,southasia,5766.0,841.0,934.0,589.7,15.0,15.0,350.0,26.0,7.0,-24.2,2.0
2022-07-15,sudan,292.0,36.0,19.0,248.7,0.0,2.0,4.0,3.0,1.0,12.0,0.0
2022-07-15,taiwan,290.0,21.0,44.0,290.4,3.0,1.0,26.0,50.0,15.0,48.7,3.0
2022-07-15,ukraine,3307.0,426.0,612.0,479.7,23.0,7.0,166.0,1135.0,569.0,-2049.3,61.0
2022-07-15,venezuela,172.0,27.0,24.0,13.6,0.0,0.0,12.0,9.0,6.0,-27.3,0.0
2022-07-15,yemen,327.0,21.0,15.0,711.7,1.0,0.0,4.0,70.0,13.0,92.5,1.0
2022-07-16,drc,21.0,5.0,2.0,12.9,0.0,0.0,2.0,2.0,0.0,0.0,0.0
2022-07-16,europe_east,381.0,55.0,40.0,426.1,1.0,3.0,12.0,74.0,48.0,-212.0,6.0
2022-07-16,iran,1005.0,115.0,114.0,930.6,0.0,0.0,53.0,295.0,111.0,-107.8,11.0
2022-07-16,israel,2463.0,255.0,330.0,2054.2,19.0,5.0,51.0,485.0,220.0,-921.7,19.0
2022-07-16,korea,363.0,49.0,59.0,163.6,0.0,5.0,18.0,16.0,9.0,-42.4,2.0
2022-07-16,libya,84.0,7.0,13.0,58.1,1.0,0.0,3.0,0.0,0.0,0.0,0.0
2022-07-16,scs,789.0,49.0,108.0,951.2,0.0,5.0,26.0,50.0,2.0,138.3,0.0
2022-07-16,southasia,4788.0,721.0,710.0,1614.1,7.0,18.0,347.0,14.0,8.0,-59.5,2.0
2022-07-16,sudan,217.0,25.0,51.0,-63.8,1.0,4.0,12.0,1.0,1.0,-5.0,1.0
2022-07-16,taiwan,179.0,15.0,15.0,308.6,0.0,1.0,7.0,40.0,9.0,87.8,0.0
2022-07-16,ukraine,2166.0,310.0,458.0,-1115.7,7.0,8.0,94.0,920.0,461.0,-2237.3,48.0
2022-07-16,venezuela,75.0,5.0,5.0,61.5,0.0,0.0,3.0,18.0,0.0,33.9,0.0
2022-07-16,yemen,147.0,4.0,11.0,268.4,0.0,0.0,2.0,24.0,10.0,-10.8,0.0
2022-07-17,drc,38.0,8.0,15.0,-117.3,0.0,1.0,2.0,25.0,14.0,-20.1,2.0
2022-07-17,europe_east,303.0,27.0,36.0,348.3,2.0,0.0,13.0,30.0,21.0,-105.8,4.0
2022-07-17,iran,1025.0,129.0,137.0,1196.4,5.0,3.0,85.0,309.0,147.0,-191.6,22.0
2022-07-17,israel,2210.0,285.0,334.0,834.7,22.0,3.0,88.0,359.0,194.0,-883.5,33.0
2022-07-17,korea,245.0,29.0,16.0,335.1,2.0,1.0,5.0,6.0,0.0,42.0,0.0
2022-07-17,libya,78.0,10.0,20.0,-57.9,0.0,3.0,9.0,0.0,0.0,0.0,0.0
2022-07-17,scs,775.0,83.0,113.0,710.3,2.0,1.0,49.0,27.0,1.0,76.3,0.0
2022-07-17,southasia,4076.0,612.0,491.0,2196.4,16.0,24.0,200.0,25.0,7.0,15.6,2.0
2022-07-17,sudan,389.0,94.0,184.0,-1766.0,0.0,17.0,24.0,3.0,3.0,-26.5,0.0
2022-07-17,taiwan,149.0,14.0,14.0,233.2,2.0,0.0,3.0,24.0,12.0,-9.2,3.0
2022-07-17,ukraine,1993.0,305.0,432.0,-1504.3,22.0,23.0,62.0,886.0,503.0,-2732.8,76.0
2022-07-17,venezuela,39.0,13.0,7.0,-48.4,0.0,0.0,1.0,3.0,0.0,0.4,0.0
2022-07-17,yemen,128.0,18.0,16.0,65.3,1.0,0.0,3.0,60.0,15.0,93.2,0.0
2022-07-18,drc,29.0,0.0,7.0,8.2,0.0,0.0,5.0,6.0,0.0,9.8,0.0
2022-07-18,europe_east,848.0,101.0,74.0,1346.2,3.0,5.0,43.0,110.0,53.0,-79.0,4.0
2022-07-18,iran,1530.0,159.0,152.0,2494.6,8.0,5.0,77.0,290.0,100.0,80.0,16.0
2022-07-18,israel,2576.0,334.0,352.0,1308.3,18.0,2.0,104.0,467.0,179.0,-297.7,26.0
2022-07-18,korea,810.0,108.0,75.0,797.5,0.0,1.0,24.0,74.0,25.0,-11.5,5.0
2022-07-18,libya,138.0,19.0,10.0,211.4,0.0,2.0,2.0,0.0,0.0,0.0,0.0
2022-07-18,scs,1338.0,112.0,141.0,1535.8,0.0,0.0,57.0,37.0,4.0,106.5,2.0
2022-07-18,southasia,5287.0,747.0,618.0,3471.3,13.0,9.0,310.0,22.0,4.0,46.7,1.0
2022-07-18,sudan,521.0,110.0,185.0,-1514.5,1.0,15.0,30.0,5.0,5.0,-46.5,0.0
2022-07-18,taiwan,292.0,29.0,9.0,617.5,4.0,0.0,3.0,62.0,23.0,-9.9,6.0
2022-07-18,ukraine,3798.0,555.0,625.0,888.3,32.0,19.0,186.0,1538.0,779.0,-2470.3,139.0
2022-07-18,venezuela,116.0,12.0,20.0,37.4,0.0,0.0,5.0,19.0,7.0,-22.3,3.0
2022-07-18,yemen,153.0,14.0,18.0,109.2,0.0,0.0,2.0,34.0,8.0,53.4,0.0
2022-07-19,drc,59.0,1.0,12.0,52.6,0.0,2.0,6.0,20.0,3.0,22.2,2.0
2022-07-19,europe_east,837.0,85.0,75.0,1342.9,0.0,6.0,31.0,63.0,26.0,-69.2,6.0
2022-07-19,iran,2442.0,273.0,229.0,3578.6,17.0,5.0,128.0,404.0,131.0,20.7,13.0
2022-07-19,israel,2871.0,452.0,416.0,491.7,23.0,0.0,138.0,487.0,218.0,-531.8,17.0
2022-07-19,korea,881.0,93.0,62.0,1413.6,0.0,3.0,19.0,68.0,17.0,64.5,2.0
2022-07-19,libya,160.0,12.0,7.0,394.3,2.0,0.0,3.0,0.0,0.0,0.0,0.0
2022-07-19,scs,1562.0,112.0,166.0,2341.3,1.0,2.0,80.0,20.0,5.0,33.2,3.0
2022-07-19,southasia,5239.0,840.0,606.0,2648.2,9.0,17.0,333.0,19.0,9.0,3.7,9.0
2022-07-19,sudan,561.0,96.0,161.0,-735.6,4.0,10.0,25.0,2.0,2.0,-20.0,0.0
2022-07-19,taiwan,679.0,66.0,35.0,1391.8,5.0,1.0,22.0,245.0,61.0,398.3,8.0
2022-07-19,ukraine,4697.0,521.0,680.0,3366.5,20.0,9.0,188.0,1370.0,577.0,-1648.6,54.0
2022-07-19,venezuela,134.0,23.0,14.0,122.3,0.0,0.0,3.0,31.0,7.0,42.6,0.0
2022-07-19,yemen,69.0,2.0,10.0,102.9,0.0,1.0,3.0,23.0,4.0,23.0,0.0
2022-07-20,drc,28.0,0.0,3.0,48.4,0.0,0.0,2.0,0.0,0.0,0.0,0.0
2022-07-20,europe_east,945.0,85.0,82.0,1373.5,2.0,3.0,38.0,113.0,36.0,14.9,4.0
2022-07-20,iran,1974.0,253.0,184.0,2334.2,19.0,3.0,96.0,264.0,92.0,-129.1,13.0
2022-07-20,israel,2516.0,294.0,338.0,1670.9,14.0,0.0,101.0,368.0,143.0,-362.3,25.0
2022-07-20,korea,618.0,74.0,53.0,969.7,2.0,0.0,26.0,27.0,7.0,30.2,0.0
2022-07-20,libya,92.0,4.0,2.0,285.1,0.0,0.0,2.0,4.0,0.0,8.8,0.0
2022-07-20,scs,1347.0,131.0,124.0,1785.5,4.0,8.0,69.0,15.0,0.0,52.5,0.0
2022-07-20,southasia,5511.0,852.0,753.0,2519.8,11.0,17.0,406.0,23.0,11.0,-35.1,9.0
2022-07-20,sudan,408.0,70.0,110.0,-553.2,0.0,9.0,21.0,3.0,1.0,9.0,1.0
2022-07-20,taiwan,540.0,72.0,25.0,800.1,3.0,3.0,10.0,157.0,54.0,70.7,3.0
2022-07-20,ukraine,4825.0,537.0,692.0,3283.6,24.0,3.0,201.0,1575.0,657.0,-1373.2,53.0
2022-07-20,venezuela,109.0,7.0,29.0,-5.2,0.0,0.0,24.0,39.0,7.0,11.2,5.0
2022-07-20,yemen,97.0,11.0,25.0,-46.7,0.0,0.0,8.0,35.0,13.0,6.4,3.0
2022-07-21,drc,16.0,1.0,5.0,-2.0,0.0,0.0,5.0,14.0,2.0,78.0,0.0
2022-07-21,europe_east,839.0,85.0,95.0,1042.8,1.0,7.0,42.0,114.0,58.0,-153.4,6.0
2022-07-21,iran,1639.0,245.0,228.0,715.6,16.0,2.0,148.0,308.0,104.0,27.2,18.0
2022-07-21,israel,2787.0,371.0,402.0,1233.8,11.0,2.0,159.0,464.0,172.0,-405.4,30.0
2022-07-21,korea,613.0,82.0,75.0,627.2,2.0,1.0,23.0,34.0,9.0,-12.1,3.0
2022-07-21,libya,121.0,8.0,3.0,326.8,0.0,0.0,0.0,0.0,0.0,0.0,0.0
2022-07-21,scs,1416.0,192.0,121.0,1812.6,5.0,5.0,55.0,78.0,23.0,114.1,0.0
2022-07-21,southasia,5758.0,990.0,752.0,2293.2,13.0,18.0,401.0,8.0,5.0,-15.2,3.0
2022-07-21,sudan,291.0,35.0,55.0,41.9,0.0,5.0,9.0,0.0,0.0,0.0,0.0
2022-07-21,taiwan,550.0,70.0,44.0,706.5,1.0,0.0,11.0,164.0,43.0,230.6,6.0
2022-07-21,ukraine,4602.0,599.0,725.0,1643.3,27.0,15.0,190.0,1636.0,792.0,-2333.2,56.0
2022-07-21,venezuela,287.0,21.0,27.0,412.3,0.0,0.0,26.0,49.0,12.0,75.2,8.0
2022-07-21,yemen,137.0,27.0,23.0,31.0,2.0,0.0,0.0,19.0,8.0,-26.2,0.0
2022-07-22,drc,55.0,1.0,7.0,137.2,0.0,0.0,0.0,8.0,5.0,-26.3,2.0
2022-07-22,europe_east,820.0,59.0,66.0,1513.9,3.0,1.0,39.0,51.0,12.0,14.0,9.0
2022-07-22,iran,1272.0,135.0,176.0,1198.8,9.0,4.0,97.0,234.0,102.0,-244.4,15.0
2022-07-22,israel,2061.0,210.0,302.0,1109.6,9.0,7.0,97.0,313.0,142.0,-617.1,22.0
2022-07-22,korea,636.0,84.0,94.0,382.0,1.0,0.0,38.0,84.0,27.0,63.8,14.0
2022-07-22,libya,302.0,29.0,112.0,-688.4,3.0,0.0,15.0,0.0,0.0,0.0,0.0
2022-07-22,scs,1304.0,117.0,123.0,1824.5,2.0,13.0,69.0,54.0,16.0,10.6,5.0
2022-07-22,southasia,5796.0,1044.0,593.0,4006.1,5.0,8.0,302.0,29.0,11.0,3.7,5.0
2022-07-22,sudan,302.0,49.0,50.0,-16.5,1.0,3.0,9.0,6.0,0.0,14.1,0.0
2022-07-22,taiwan,413.0,54.0,25.0,438.1,7.0,0.0,7.0,119.0,39.0,-16.1,10.0
2022-07-22,ukraine,4289.0,490.0,479.0,7073.5,21.0,17.0,145.0,1698.0,651.0,494.0,66.0
2022-07-22,venezuela,89.0,11.0,9.0,95.0,0.0,0.0,7.0,9.0,1.0,13.8,1.0
2022-07-22,yemen,104.0,9.0,11.0,142.7,0.0,0.0,0.0,3.0,1.0,4.0,0.0
2022-07-23,drc,25.0,4.0,1.0,45.1,0.0,0.0,0.0,11.0,3.0,3.8,3.0
2022-07-23,europe_east,413.0,86.0,46.0,141.6,1.0,1.0,20.0,81.0,36.0,-57.8,15.0
2022-07-23,iran,873.0,98.0,142.0,672.0,5.0,0.0,77.0,167.0,70.0,-188.1,20.0
2022-07-23,israel,1043.0,178.0,228.0,-931.0,7.0,3.0,81.0,197.0,114.0,-576.5,29.0
2022-07-23,korea,361.0,39.0,45.0,433.0,0.0,0.0,27.0,61.0,21.0,33.3,14.0
2022-07-23,libya,236.0,29.0,66.0,-316.4,2.0,6.0,3.0,1.0,0.0,7.4,0.0
2022-07-23,scs,845.0,85.0,124.0,651.9,0.0,0.0,68.0,13.0,10.0,-51.7,2.0
2022-07-23,southasia,4077.0,809.0,604.0,-328.4,1.0,10.0,289.0,15.0,3.0,6.4,0.0
2022-07-23,sudan,93.0,18.0,19.0,-129.1,0.0,0.0,5.0,1.0,0.0,4.0,0.0
2022-07-23,taiwan,220.0,25.0,13.0,363.4,5.0,2.0,6.0,92.0,23.0,44.9,7.0
2022-07-23,ukraine,3038.0,382.0,462.0,3073.4,19.0,5.0,114.0,1411.0,559.0,-203.9,98.0
2022-07-23,venezuela,69.0,3.0,6.0,164.1,0.0,0.0,5.0,26.0,4.0,38.7,2.0
2022-07-23,yemen,44.0,4.0,15.0,-57.0,0.0,0.0,3.0,4.0,0.0,11.6,0.0
2022-07-24,drc,18.0,2.0,5.0,-3.8,0.0,0.0,2.0,12.0,3.0,11.1,3.0
2022-07-24,europe_east,272.0,30.0,28.0,307.1,0.0,2.0,7.0,31.0,12.0,-44.1,2.0
2022-07-24,iran,806.0,116.0,148.0,125.7,14.0,0.0,69.0,151.0,54.0,85.7,20.0
2022-07-24,israel,1848.0,253.0,422.0,-1402.8,6.0,0.0,87.0,481.0,321.0,-2079.6,39.0
2022-07-24,korea,306.0,40.0,27.0,415.3,2.0,0.0,12.0,41.0,30.0,-69.0,9.0
2022-07-24,libya,98.0,11.0,21.0,3.6,1.0,0.0,2.0,2.0,0.0,14.8,0.0
2022-07-24,scs,1142.0,97.0,240.0,-295.3,0.0,15.0,63.0,10.0,1.0,47.2,1.0
2022-07-24,southasia,4120.0,654.0,516.0,994.9,0.0,16.0,228.0,13.0,2.0,28.4,1.0
2022-07-24,sudan,100.0,11.0,3.0,163.3,1.0,0.0,1.0,3.0,1.0,6.6,0.0
2022-07-24,taiwan,258.0,34.0,26.0,180.2,2.0,4.0,0.0,82.0,31.0,-77.7,7.0
2022-07-24,ukraine,2867.0,393.0,545.0,134.5,22.0,10.0,68.0,1326.0,600.0,-1430.2,51.0
2022-07-24,venezuela,50.0,4.0,12.0,-8.4,0.0,0.0,9.0,9.0,0.0,16.0,0.0
2022-07-24,yemen,128.0,7.0,18.0,-46.1,0.0,0.0,3.0,13.0,0.0,37.0,0.0
2022-07-25,drc,30.0,5.0,3.0,56.8,0.0,0.0,3.0,16.0,5.0,7.5,3.0
2022-07-25,europe_east,768.0,88.0,79.0,1018.1,0.0,2.0,38.0,65.0,26.0,-46.7,5.0
2022-07-25,iran,870.0,103.0,150.0,561.3,4.0,0.0,55.0,179.0,77.0,-190.4,6.0
2022-07-25,israel,2177.0,340.0,432.0,-824.2,12.0,0.0,148.0,447.0,239.0,-1161.1,39.0
2022-07-25,korea,771.0,93.0,76.0,883.6,1.0,1.0,28.0,117.0,47.0,72.5,11.0
2022-07-25,libya,151.0,13.0,41.0,-129.7,0.0,0.0,12.0,2.0,2.0,-19.0,0.0
2022-07-25,scs,1848.0,192.0,220.0,1571.4,2.0,15.0,87.0,64.0,11.0,95.2,1.0
2022-07-25,southasia,5258.0,789.0,663.0,2774.3,13.0,20.0,320.0,12.0,2.0,25.6,0.0
2022-07-25,sudan,219.0,32.0,59.0,-249.5,0.0,2.0,21.0,6.0,5.0,-30.0,1.0
2022-07-25,taiwan,463.0,57.0,54.0,245.0,4.0,5.0,10.0,140.0,42.0,-5.5,10.0
2022-07-25,ukraine,4514.0,553.0,666.0,2979.1,27.0,12.0,156.0,1715.0,719.0,-856.6,135.0
2022-07-25,venezuela,51.0,6.0,8.0,-1.5,1.0,0.0,4.0,16.0,8.0,-34.2,1.0
2022-07-25,yemen,180.0,24.0,17.0,111.3,1.0,0.0,0.0,34.0,6.0,29.0,0.0
2022-07-26,drc,72.0,19.0,23.0,-174.9,0.0,0.0,4.0,17.0,15.0,-52.0,0.0
2022-07-26,europe_east,781.0,115.0,85.0,800.2,10.0,4.0,42.0,84.0,27.0,71.8,12.0
2022-07-26,iran,1067.0,127.0,174.0,758.1,12.0,0.0,70.0,221.0,99.0,-249.7,9.0
2022-07-26,israel,2759.0,453.0,453.0,-449.7,37.0,5.0,150.0,494.0,257.0,-1187.1,61.0
2022-07-26,korea,562.0,87.0,62.0,444.9,1.0,1.0,10.0,64.0,27.0,-62.9,2.0
2022-07-26,libya,153.0,17.0,19.0,133.6,0.0,0.0,8.0,0.0,0.0,0.0,0.0
2022-07-26,scs,1474.0,180.0,148.0,1474.2,3.0,1.0,62.0,28.0,8.0,41.4,3.0
2022-07-26,southasia,6133.0,1067.0,880.0,773.5,20.0,22.0,428.0,19.0,10.0,-20.2,3.0
2022-07-26,sudan,260.0,59.0,67.0,-345.2,0.0,2.0,22.0,4.0,1.0,-5.3,0.0
2022-07-26,taiwan,729.0,87.0,112.0,443.3,5.0,2.0,35.0,215.0,74.0,18.0,10.0
2022-07-26,ukraine,3544.0,451.0,525.0,2158.3,13.0,7.0,143.0,1269.0,590.0,-1128.5,91.0
2022-07-26,venezuela,134.0,9.0,21.0,75.8,0.0,0.0,8.0,11.0,1.0,28.2,0.0
2022-07-26,yemen,135.0,15.0,17.0,55.9,1.0,1.0,0.0,13.0,2.0,33.9,0.0
2022-07-27,drc,101.0,37.0,33.0,-371.1,0.0,1.0,3.0,12.0,0.0,35.1,0.0
2022-07-27,europe_east,925.0,95.0,86.0,1554.2,0.0,6.0,37.0,107.0,51.0,-46.6,25.0
2022-07-27,iran,1222.0,164.0,152.0,1317.6,8.0,0.0,95.0,201.0,62.0,204.6,14.0
2022-07-27,israel,2843.0,428.0,481.0,-309.9,46.0,5.0,128.0,520.0,277.0,-1205.5,58.0
2022-07-27,korea,785.0,83.0,88.0,880.8,5.0,4.0,28.0,71.0,38.0,-130.3,10.0
2022-07-27,libya,80.0,11.0,8.0,109.0,0.0,0.0,6.0,0.0,0.0,0.0,0.0
2022-07-27,scs,1798.0,164.0,230.0,1674.4,1.0,3.0,86.0,35.0,1.0,132.7,0.0
2022-07-27,southasia,5485.0,920.0,819.0,999.6,7.0,26.0,448.0,23.0,8.0,-1.9,1.0
2022-07-27,sudan,372.0,78.0,90.0,-461.2,1.0,2.0,25.0,6.0,2.0,-7.3,0.0
2022-07-27,taiwan,823.0,109.0,74.0,1017.0,4.0,3.0,20.0,342.0,120.0,151.9,32.0
2022-07-27,ukraine,3464.0,389.0,608.0,1297.7,23.0,15.0,148.0,1296.0,580.0,-1679.7,45.0
2022-07-27,venezuela,102.0,13.0,17.0,30.8,3.0,0.0,2.0,17.0,0.0,42.6,0.0
2022-07-27,yemen,121.0,17.0,14.0,125.3,1.0,0.0,4.0,15.0,1.0,48.7,0.0
2022-07-28,drc,104.0,18.0,18.0,29.9,0.0,1.0,5.0,34.0,11.0,25.3,2.0
2022-07-28,europe_east,888.0,84.0,79.0,1160.7,4.0,2.0,37.0,80.0,24.0,-4.8,12.0
2022-07-28,iran,935.0,156.0,161.0,222.1,9.0,0.0,88.0,180.0,92.0,-176.1,29.0
2022-07-28,israel,2451.0,399.0,477.0,-812.5,22.0,0.0,175.0,455.0,273.0,-1331.8,76.0
2022-07-28,korea,1065.0,164.0,150.0,545.9,13.0,11.0,52.0,180.0,119.0,-499.4,18.0
2022-07-28,libya,121.0,12.0,19.0,2.9,0.0,0.0,5.0,0.0,0.0,0.0,0.0
2022-07-28,scs,1540.0,142.0,166.0,1899.1,3.0,8.0,79.0,24.0,5.0,53.6,0.0
2022-07-28,southasia,5476.0,951.0,834.0,851.2,12.0,17.0,383.0,11.0,2.0,0.0,1.0
2022-07-28,sudan,96.0,10.0,29.0,-125.2,0.0,3.0,10.0,0.0,0.0,0.0,0.0
2022-07-28,taiwan,1037.0,113.0,82.0,1166.7,6.0,2.0,11.0,298.0,92.0,69.9,14.0
2022-07-28,ukraine,3470.0,410.0,664.0,718.8,18.0,45.0,148.0,1329.0,646.0,-2034.8,106.0
2022-07-28,venezuela,183.0,23.0,18.0,238.2,0.0,0.0,7.0,29.0,5.0,33.4,5.0
2022-07-28,yemen,80.0,7.0,13.0,40.7,0.0,0.0,3.0,29.0,13.0,-35.2,4.0
2022-07-29,drc,94.0,11.0,19.0,9.0,0.0,4.0,4.0,22.0,10.0,-33.6,0.0
2022-07-29,europe_east,884.0,64.0,86.0,1342.3,0.0,6.0,39.0,99.0,26.0,83.3,6.0
2022-07-29,iran,857.0,106.0,141.0,440.3,2.0,0.0,76.0,112.0,34.0,30.6,15.0
2022-07-29,israel,2299.0,360.0,397.0,-465.9,13.0,3.0,107.0,451.0,223.0,-920.6,45.0
2022-07-29,korea,533.0,55.0,45.0,671.7,1.0,0.0,19.0,57.0,27.0,-25.0,2.0
2022-07-29,libya,155.0,18.0,13.0,149.6,0.0,0.0,1.0,2.0,2.0,-12.0,0.0
2022-07-29,scs,1566.0,122.0,235.0,1545.4,1.0,12.0,88.0,28.0,8.0,46.1,7.0
2022-07-29,southasia,5671.0,805.0,871.0,2039.7,7.0,22.0,408.0,24.0,16.0,-79.5,11.0
2022-07-29,sudan,172.0,24.0,30.0,8.0,0.0,0.0,9.0,3.0,0.0,15.0,0.0
2022-07-29,taiwan,1016.0,155.0,87.0,843.1,2.0,6.0,29.0,347.0,120.0,6.6,7.0
2022-07-29,ukraine,3885.0,611.0,739.0,-354.8,29.0,11.0,184.0,1416.0,827.0,-3220.6,61.0
2022-07-29,venezuela,297.0,39.0,60.0,25.8,1.0,0.0,25.0,41.0,13.0,-4.1,4.0
2022-07-29,yemen,124.0,11.0,22.0,185.1,0.0,1.0,11.0,46.0,8.0,122.1,4.0
2022-07-30,drc,40.0,6.0,9.0,-60.9,0.0,0.0,1.0,16.0,4.0,18.2,0.0
2022-07-30,europe_east,452.0,39.0,49.0,865.8,2.0,4.0,23.0,107.0,44.0,-32.3,6.0
2022-07-30,iran,683.0,121.0,156.0,-496.3,1.0,0.0,100.0,82.0,33.0,0.4,10.0
2022-07-30,israel,1215.0,203.0,257.0,-781.6,5.0,0.0,78.0,242.0,133.0,-608.4,30.0
2022-07-30,korea,329.0,40.0,50.0,250.5,0.0,0.0,14.0,32.0,19.0,-93.0,8.0
2022-07-30,libya,171.0,27.0,18.0,128.3,3.0,0.0,4.0,1.0,1.0,-9.0,0.0
2022-07-30,scs,1077.0,80.0,164.0,943.0,2.0,22.0,46.0,51.0,17.0,69.5,3.0
2022-07-30,southasia,5202.0,802.0,666.0,2663.5,17.0,3.0,345.0,15.0,6.0,-19.2,1.0
2022-07-30,sudan,171.0,25.0,15.0,173.7,0.0,0.0,12.0,3.0,0.0,15.0,0.0
2022-07-30,taiwan,755.0,92.0,67.0,820.2,1.0,5.0,18.0,294.0,82.0,112.8,29.0
2022-07-30,ukraine,2630.0,476.0,540.0,-2045.2,11.0,9.0,87.0,1146.0,687.0,-2869.3,33.0
2022-07-30,venezuela,123.0,24.0,26.0,-84.3,0.0,0.0,16.0,9.0,2.0,15.0,0.0
2022-07-30,yemen,90.0,2.0,8.0,125.4,0.0,0.0,3.0,8.0,0.0,21.4,0.0
2022-07-31,drc,47.0,6.0,16.0,-117.8,0.0,0.0,0.0,14.0,9.0,-30.7,0.0
2022-07-31,europe_east,307.0,55.0,40.0,105.5,5.0,0.0,21.0,72.0,31.0,-42.4,5.0
2022-07-31,iran,637.0,85.0,163.0,-686.3,7.0,0.0,59.0,119.0,50.0,-127.7,23.0
2022-07-31,israel,1775.0,233.0,253.0,599.2,4.0,3.0,93.0,337.0,114.0,-57.0,24.0
2022-07-31,korea,358.0,51.0,39.0,302.0,4.0,2.0,12.0,21.0,5.0,21.6,0.0
2022-07-31,libya,118.0,12.0,9.0,149.0,0.0,0.0,1.0,0.0,0.0,0.0,0.0
2022-07-31,scs,1263.0,114.0,141.0,1525.3,2.0,22.0,44.0,33.0,4.0,68.0,1.0
2022-07-31,southasia,4394.0,681.0,599.0,1772.9,9.0,18.0,328.0,13.0,7.0,-34.8,0.0
2022-07-31,sudan,149.0,21.0,20.0,34.5,0.0,0.0,11.0,3.0,1.0,6.0,0.0
2022-07-31,taiwan,739.0,77.0,58.0,1070.8,1.0,0.0,15.0,287.0,74.0,336.9,20.0
2022-07-31,ukraine,2723.0,461.0,567.0,-2193.8,17.0,5.0,118.0,1193.0,732.0,-3450.4,30.0
2022-07-31,venezuela,39.0,1.0,8.0,15.4,0.0,1.0,3.0,16.0,4.0,12.5,0.0
2022-07-31,yemen,37.0,1.0,2.0,82.8,0.0,0.0,0.0,4.0,0.0,24.4,0.0
2022-08-01,drc,63.0,7.0,16.0,-52.7,0.0,0.0,0.0,23.0,10.0,-54.2,0.0
2022-08-01,europe_east,611.0,61.0,83.0,480.1,3.0,0.0,41.0,87.0,21.0,168.6,3.0
2022-08-01,iran,1317.0,170.0,355.0,-549.5,9.0,3.0,180.0,299.0,166.0,-679.6,69.0
2022-08-01,israel,2445.0,345.0,354.0,1014.2,8.0,1.0,164.0,428.0,174.0,-334.1,39.0
2022-08-01,korea,563.0,76.0,38.0,819.0,4.0,1.0,10.0,59.0,15.0,19.7,5.0
2022-08-01,libya,152.0,10.0,28.0,-43.1,0.0,0.0,3.0,0.0,0.0,0.0,0.0
2022-08-01,scs,1995.0,185.0,174.0,3101.1,0.0,9.0,57.0,73.0,22.0,50.7,0.0
2022-08-01,southasia,5687.0,890.0,756.0,2732.4,6.0,17.0,380.0,34.0,4.0,127.6,0.0
2022-08-01,sudan,178.0,36.0,32.0,-100.3,0.0,1.0,9.0,2.0,0.0,10.0,0.0
2022-08-01,taiwan,2041.0,202.0,109.0,2975.9,3.0,12.0,20.0,650.0,195.0,212.0,37.0
2022-08-01,ukraine,3889.0,478.0,676.0,697.3,10.0,22.0,119.0,1411.0,672.0,-1430.5,61.0
2022-08-01,venezuela,120.0,17.0,7.0,227.2,0.0,0.0,5.0,14.0,4.0,49.6,0.0
2022-08-01,yemen,79.0,6.0,8.0,58.5,1.0,1.0,1.0,35.0,10.0,-9.3,4.0
2022-08-02,drc,81.0,16.0,19.0,-60.8,0.0,0.0,4.0,26.0,18.0,-121.2,0.0
2022-08-02,europe_east,742.0,59.0,63.0,1138.9,3.0,3.0,27.0,110.0,24.0,165.0,9.0
2022-08-02,iran,1082.0,191.0,242.0,-426.6,2.0,2.0,144.0,224.0,113.0,-245.0,31.0
2022-08-02,israel,2638.0,372.0,597.0,-1534.7,18.0,8.0,220.0,542.0,289.0,-1310.2,83.0
2022-08-02,korea,754.0,106.0,55.0,1140.1,1.0,5.0,10.0,62.0,18.0,37.9,3.0
2022-08-02,libya,181.0,11.0,35.0,-56.4,0.0,0.0,4.0,0.0,0.0,0.0,0.0
2022-08-02,scs,1775.0,178.0,129.0,2934.8,1.0,3.0,63.0,37.0,7.0,98.4,0.0
2022-08-02,southasia,5955.0,806.0,877.0,2291.0,21.0,7.0,322.0,21.0,4.0,38.6,0.0
2022-08-02,sudan,274.0,29.0,63.0,-94.8,3.0,7.0,16.0,2.0,2.0,-20.0,0.0
2022-08-02,taiwan,4194.0,479.0,317.0,5116.1,28.0,26.0,89.0,1580.0,546.0,11.9,145.0
2022-08-02,ukraine,3271.0,487.0,482.0,1540.1,28.0,18.0,132.0,1057.0,498.0,-1002.3,65.0
2022-08-02,venezuela,128.0,22.0,10.0,148.3,0.0,0.0,4.0,5.0,1.0,15.1,0.0
2022-08-02,yemen,297.0,31.0,50.0,137.7,3.0,0.0,6.0,53.0,37.0,-232.0,8.0
2022-08-03,drc,74.0,12.0,4.0,157.7,0.0,0.0,1.0,19.0,9.0,-17.7,1.0
2022-08-03,europe_east,1063.0,106.0,95.0,1678.2,5.0,4.0,55.0,113.0,48.0,-84.2,27.0
2022-08-03,iran,1233.0,168.0,140.0,1922.0,6.0,2.0,78.0,254.0,99.0,100.4,18.0
2022-08-03,israel,2338.0,396.0,377.0,-173.0,11.0,3.0,153.0,346.0,166.0,-654.2,32.0
2022-08-03,korea,872.0,88.0,59.0,1365.1,4.0,1.0,22.0,41.0,15.0,38.2,2.0
2022-08-03,libya,130.0,13.0,16.0,157.9,0.0,0.0,3.0,3.0,3.0,-12.0,0.0
2022-08-03,scs,1656.0,200.0,138.0,1896.8,2.0,4.0,66.0,56.0,0.0,125.5,0.0
2022-08-03,southasia,5606.0,735.0,748.0,3422.6,6.0,13.0,323.0,19.0,2.0,42.1,2.0
2022-08-03,sudan,208.0,30.0,23.0,58.6,0.0,0.0,8.0,4.0,1.0,12.7,0.0
2022-08-03,taiwan,4560.0,556.0,393.0,4477.5,31.0,21.0,133.0,1863.0,672.0,-283.7,178.0
2022-08-03,ukraine,3408.0,400.0,476.0,2565.7,28.0,13.0,161.0,1082.0,476.0,-815.1,45.0
2022-08-03,venezuela,154.0,13.0,6.0,499.4,0.0,0.0,1.0,7.0,2.0,13.6,0.0
2022-08-03,yemen,260.0,27.0,44.0,179.6,1.0,0.0,7.0,48.0,22.0,-50.4,2.0
2022-08-04,drc,120.0,7.0,24.0,-12.2,0.0,0.0,3.0,55.0,30.0,-107.0,1.0
2022-08-04,europe_east,1292.0,163.0,103.0,2335.8,2.0,11.0,56.0,184.0,91.0,-154.6,33.0
2022-08-04,iran,1211.0,153.0,114.0,1574.8,7.0,4.0,58.0,321.0,83.0,438.9,10.0
2022-08-04,israel,2733.0,367.0,506.0,-381.8,16.0,17.0,197.0,393.0,190.0,-763.3,49.0
2022-08-04,korea,1428.0,104.0,72.0,2705.8,6.0,3.0,21.0,159.0,27.0,196.9,3.0
2022-08-04,libya,160.0,13.0,22.0,170.2,0.0,7.0,5.0,0.0,0.0,0.0,0.0
2022-08-04,scs,2121.0,151.0,149.0,3338.5,2.0,8.0,65.0,64.0,15.0,40.6,2.0
2022-08-04,southasia,6318.0,960.0,910.0,2348.6,16.0,12.0,393.0,21.0,7.0,-2.2,7.0
2022-08-04,sudan,264.0,24.0,32.0,410.2,0.0,0.0,16.0,1.0,1.0,-5.6,0.0
2022-08-04,taiwan,3833.0,550.0,572.0,439.1,16.0,30.0,126.0,1912.0,828.0,-2102.4,241.0
2022-08-04,ukraine,3902.0,567.0,610.0,1325.3,18.0,20.0,154.0,1224.0,625.0,-2063.3,80.0
2022-08-04,venezuela,134.0,25.0,41.0,-131.7,0.0,0.0,28.0,30.0,14.0,-43.5,7.0
2022-08-04,yemen,128.0,17.0,18.0,152.0,0.0,0.0,14.0,24.0,8.0,23.8,3.0
2022-08-05,drc,107.0,18.0,17.0,17.9,0.0,1.0,2.0,48.0,21.0,-30.1,1.0
2022-08-05,europe_east,756.0,96.0,88.0,1057.6,0.0,13.0,48.0,157.0,47.0,73.2,18.0
2022-08-05,iran,1032.0,137.0,148.0,886.8,0.0,2.0,69.0,182.0,63.0,37.2,3.0
2022-08-05,israel,2975.0,510.0,911.0,-5925.8,43.0,31.0,181.0,706.0,507.0,-3051.6,99.0
2022-08-05,korea,1021.0,117.0,70.0,1545.0,5.0,4.0,27.0,82.0,17.0,52.0,0.0
2022-08-05,libya,56.0,3.0,5.0,90.0,0.0,0.0,1.0,0.0,0.0,0.0,0.0
2022-08-05,scs,1675.0,148.0,154.0,2223.8,2.0,10.0,60.0,57.0,17.0,37.2,2.0
2022-08-05,southasia,5758.0,939.0,739.0,2398.8,14.0,14.0,356.0,26.0,9.0,-7.6,7.0
2022-08-05,sudan,211.0,20.0,24.0,290.6,0.0,0.0,6.0,0.0,0.0,0.0,0.0
2022-08-05,taiwan,2953.0,401.0,458.0,756.4,5.0,20.0,145.0,1396.0,524.0,-786.1,112.0
2022-08-05,ukraine,3389.0,515.0,563.0,821.9,11.0,29.0,155.0,1159.0,580.0,-1778.5,42.0
2022-08-05,venezuela,136.0,34.0,25.0,-125.5,0.0,0.0,18.0,18.0,5.0,-14.6,0.0
2022-08-05,yemen,97.0,7.0,25.0,-62.8,0.0,0.0,7.0,33.0,19.0,-112.4,4.0
2022-08-06,drc,29.0,6.0,3.0,17.7,0.0,0.0,0.0,15.0,8.0,9.5,1.0
2022-08-06,europe_east,386.0,23.0,40.0,474.8,0.0,8.0,13.0,52.0,26.0,-77.1,6.0
2022-08-06,iran,491.0,93.0,85.0,-77.8,3.0,2.0,30.0,125.0,58.0,-80.3,1.0
2022-08-06,israel,3350.0,609.0,1197.0,-9141.2,52.0,26.0,235.0,1032.0,786.0,-5382.3,113.0
2022-08-06,korea,451.0,53.0,50.0,373.3,0.0,3.0,16.0,77.0,30.0,-10.7,2.0
2022-08-06,libya,67.0,1.0,15.0,17.9,0.0,0.0,2.0,1.0,1.0,-9.5,0.0
2022-08-06,scs,1491.0,101.0,103.0,2419.5,8.0,1.0,54.0,203.0,33.0,355.2,2.0
2022-08-06,southasia,4403.0,735.0,579.0,1222.3,8.0,9.0,246.0,25.0,15.0,-75.8,10.0
2022-08-06,sudan,118.0,22.0,11.0,52.7,0.0,0.0,0.0,0.0,0.0,0.0,0.0
2022-08-06,taiwan,1663.0,235.0,238.0,475.9,17.0,20.0,32.0,822.0,297.0,-375.3,87.0
2022-08-06,ukraine,1822.0,353.0,343.0,-654.8,7.0,22.0,61.0,824.0,491.0,-1712.4,41.0
2022-08-06,venezuela,93.0,16.0,11.0,90.4,0.0,0.0,8.0,11.0,6.0,-22.0,0.0
2022-08-06,yemen,39.0,11.0,3.0,3.2,0.0,0.0,0.0,9.0,1.0,19.0,0.0
2022-08-07,drc,30.0,7.0,9.0,-47.9,0.0,0.0,0.0,26.0,13.0,3.9,0.0
2022-08-07,europe_east,362.0,41.0,43.0,325.6,7.0,1.0,17.0,59.0,20.0,43.8,4.0
2022-08-07,iran,701.0,73.0,67.0,1334.2,3.0,4.0,17.0,163.0,52.0,150.3,0.0
2022-08-07,israel,4438.0,705.0,1449.0,-9547.6,59.0,15.0,214.0,1205.0,809.0,-5182.5,104.0
2022-08-07,korea,318.0,25.0,12.0,888.4,0.0,0.0,7.0,24.0,2.0,65.2,1.0
2022-08-07,libya,69.0,2.0,11.0,82.2,0.0,0.0,2.0,0.0,0.0,0.0,0.0
2022-08-07,scs,969.0,72.0,105.0,1562.1,1.0,5.0,35.0,92.0,4.0,251.6,0.0
2022-08-07,southasia,4181.0,626.0,547.0,2099.6,8.0,11.0,226.0,6.0,2.0,0.4,1.0
2022-08-07,sudan,87.0,8.0,21.0,-72.1,0.0,0.0,1.0,0.0,0.0,0.0,0.0
2022-08-07,taiwan,1498.0,197.0,228.0,396.3,4.0,7.0,21.0,755.0,303.0,-587.1,89.0
2022-08-07,ukraine,2050.0,329.0,320.0,519.5,11.0,14.0,58.0,759.0,426.0,-1441.0,28.0
2022-08-07,venezuela,151.0,5.0,27.0,160.9,0.0,1.0,3.0,8.0,2.0,0.8,0.0
2022-08-07,yemen,33.0,2.0,5.0,20.0,0.0,0.0,2.0,1.0,0.0,3.0,0.0
2022-08-08,drc,100.0,19.0,6.0,96.6,0.0,1.0,0.0,43.0,4.0,166.5,1.0
2022-08-08,europe_east,734.0,67.0,63.0,1125.0,5.0,21.0,15.0,89.0,27.0,109.3,8.0
2022-08-08,iran,1001.0,119.0,137.0,703.6,7.0,0.0,40.0,220.0,64.0,136.7,8.0
2022-08-08,israel,4097.0,670.0,1233.0,-6387.6,48.0,13.0,212.0,1024.0,591.0,-3080.5,86.0
2022-08-08,korea,704.0,74.0,58.0,1176.0,1.0,0.0,34.0,66.0,18.0,57.3,5.0
2022-08-08,libya,74.0,11.0,8.0,134.0,0.0,0.0,4.0,0.0,0.0,0.0,0.0
2022-08-08,scs,1386.0,142.0,163.0,1695.1,0.0,4.0,84.0,39.0,9.0,52.4,0.0
2022-08-08,southasia,5737.0,740.0,828.0,2302.7,9.0,32.0,342.0,15.0,3.0,33.6,0.0
2022-08-08,sudan,188.0,27.0,37.0,13.2,0.0,0.0,2.0,0.0,0.0,0.0,0.0
2022-08-08,taiwan,1735.0,262.0,244.0,490.2,17.0,16.0,34.0,873.0,314.0,-133.0,102.0
2022-08-08,ukraine,3536.0,654.0,554.0,-148.0,34.0,22.0,116.0,1420.0,795.0,-2745.3,66.0
2022-08-08,venezuela,193.0,13.0,48.0,52.7,1.0,0.0,14.0,20.0,6.0,-3.2,0.0
2022-08-08,yemen,126.0,12.0,38.0,-205.9,0.0,0.0,1.0,11.0,5.0,-24.6,0.0
2022-08-09,drc,168.0,21.0,26.0,67.4,0.0,0.0,18.0,108.0,38.0,131.4,0.0
2022-08-09,europe_east,892.0,95.0,55.0,1827.6,1.0,0.0,42.0,188.0,62.0,70.8,39.0
2022-08-09,iran,1029.0,143.0,153.0,466.0,2.0,0.0,72.0,256.0,100.0,-1.3,8.0
2022-08-09,israel,3882.0,596.0,1230.0,-7307.4,37.0,4.0,206.0,1086.0,749.0,-5133.9,56.0
2022-08-09,korea,677.0,71.0,59.0,1019.3,0.0,6.0,33.0,90.0,30.0,-7.7,7.0
2022-08-09,libya,74.0,19.0,6.0,21.9,0.0,0.0,6.0,0.0,0.0,0.0,0.0
2022-08-09,scs,1678.0,161.0,207.0,1845.7,0.0,1.0,104.0,28.0,7.0,56.8,4.0
2022-08-09,southasia,5610.0,815.0,940.0,1274.3,9.0,26.0,417.0,11.0,4.0,-14.4,1.0
2022-08-09,sudan,282.0,23.0,67.0,85.4,1.0,4.0,31.0,0.0,0.0,0.0,0.0
2022-08-09,taiwan,1363.0,205.0,255.0,-42.4,11.0,18.0,35.0,739.0,345.0,-1029.9,79.0
2022-08-09,ukraine,3474.0,535.0,613.0,1145.1,23.0,16.0,170.0,1389.0,747.0,-1996.4,83.0
2022-08-09,venezuela,212.0,24.0,32.0,202.4,0.0,0.0,6.0,36.0,10.0,-12.1,3.0
2022-08-09,yemen,174.0,15.0,28.0,-60.9,2.0,0.0,1.0,13.0,4.0,12.6,0.0
2022-08-10,drc,152.0,21.0,22.0,63.2,0.0,0.0,15.0,64.0,18.0,123.3,0.0
2022-08-10,europe_east,1106.0,89.0,105.0,2082.0,5.0,7.0,60.0,224.0,82.0,46.1,44.0
2022-08-10,iran,1145.0,186.0,290.0,-1112.8,9.0,2.0,97.0,395.0,191.0,-665.4,38.0
2022-08-10,israel,3035.0,418.0,772.0,-2882.4,15.0,5.0,194.0,656.0,423.0,-2619.2,38.0
2022-08-10,korea,676.0,66.0,39.0,1093.5,1.0,1.0,19.0,57.0,13.0,51.8,3.0
2022-08-10,libya,119.0,7.0,16.0,94.6,1.0,0.0,5.0,0.0,0.0,0.0,0.0
2022-08-10,scs,1557.0,171.0,161.0,1951.3,0.0,3.0,79.0,32.0,1.0,107.9,1.0
2022-08-10,southasia,5079.0,741.0,835.0,619.6,14.0,16.0,366.0,7.0,3.0,-5.6,1.0
2022-08-10,sudan,329.0,43.0,50.0,99.4,6.0,1.0,26.0,0.0,0.0,0.0,0.0
2022-08-10,taiwan,1408.0,231.0,191.0,506.5,4.0,10.0,39.0,851.0,354.0,-447.1,92.0
2022-08-10,ukraine,3534.0,537.0,700.0,-1211.1,16.0,14.0,139.0,1522.0,933.0,-4257.4,73.0
2022-08-10,venezuela,198.0,16.0,35.0,227.4,0.0,0.0,15.0,31.0,2.0,60.6,1.0
2022-08-10,yemen,59.0,11.0,6.0,-5.5,0.0,0.0,1.0,11.0,3.0,1.3,0.0
2022-08-11,drc,113.0,17.0,18.0,28.7,0.0,0.0,11.0,51.0,14.0,68.1,2.0
2022-08-11,europe_east,1031.0,133.0,141.0,552.0,3.0,1.0,74.0,213.0,86.0,-121.1,43.0
2022-08-11,iran,1183.0,209.0,219.0,238.7,7.0,0.0,84.0,348.0,180.0,-682.4,37.0
2022-08-11,israel,3185.0,536.0,699.0,-2532.1,22.0,6.0,179.0,583.0,346.0,-1905.7,45.0
2022-08-11,korea,961.0,175.0,87.0,667.7,7.0,5.0,15.0,125.0,53.0,-95.7,2.0
2022-08-11,libya,55.0,4.0,9.0,73.7,0.0,0.0,7.0,0.0,0.0,0.0,0.0
2022-08-11,scs,1353.0,142.0,201.0,1264.8,2.0,4.0,92.0,31.0,12.0,-18.6,0.0
2022-08-11,southasia,5455.0,799.0,981.0,364.1,6.0,9.0,434.0,26.0,16.0,-60.5,2.0
2022-08-11,sudan,192.0,36.0,30.0,-68.5,6.0,1.0,7.0,4.0,1.0,-11.2,0.0
2022-08-11,taiwan,1227.0,184.0,166.0,598.0,7.0,12.0,31.0,662.0,256.0,-258.7,61.0
2022-08-11,ukraine,3597.0,472.0,603.0,1105.6,24.0,24.0,135.0,1551.0,855.0,-3298.3,92.0
2022-08-11,venezuela,100.0,6.0,12.0,68.5,0.0,0.0,10.0,16.0,3.0,24.7,0.0
2022-08-11,yemen,117.0,5.0,30.0,-63.8,2.0,0.0,5.0,15.0,2.0,14.3,0.0
2022-08-12,drc,68.0,8.0,8.0,20.9,0.0,2.0,1.0,45.0,11.0,25.0,2.0
2022-08-12,europe_east,1185.0,140.0,119.0,1548.6,0.0,1.0,69.0,222.0,86.0,-123.6,45.0
2022-08-12,iran,1101.0,211.0,235.0,-659.4,10.0,0.0,121.0,233.0,124.0,-565.7,33.0
2022-08-12,israel,1994.0,280.0,473.0,-1929.8,8.0,0.0,87.0,364.0,232.0,-1285.1,23.0
2022-08-12,korea,1012.0,95.0,124.0,1678.0,0.0,0.0,96.0,90.0,43.0,-103.3,1.0
2022-08-12,libya,42.0,5.0,10.0,-30.0,0.0,0.0,3.0,0.0,0.0,0.0,0.0
2022-08-12,scs,1422.0,139.0,133.0,2158.0,0.0,2.0,76.0,30.0,8.0,32.5,4.0
2022-08-12,southasia,5476.0,725.0,892.0,963.3,7.0,8.0,327.0,28.0,15.0,-21.0,2.0
2022-08-12,sudan,143.0,26.0,57.0,-469.6,0.0,0.0,11.0,0.0,0.0,0.0,0.0
2022-08-12,taiwan,943.0,115.0,118.0,682.1,5.0,5.0,28.0,408.0,135.0,-151.9,33.0
2022-08-12,ukraine,3509.0,481.0,513.0,1520.8,20.0,9.0,94.0,1337.0,680.0,-2191.0,62.0
2022-08-12,venezuela,126.0,16.0,7.0,301.2,0.0,0.0,6.0,16.0,3.0,17.2,2.0
2022-08-12,yemen,135.0,15.0,33.0,-143.9,0.0,0.0,6.0,20.0,4.0,14.9,0.0
2022-08-13,drc,40.0,5.0,7.0,-16.9,0.0,2.0,2.0,11.0,7.0,-31.0,0.0
2022-08-13,europe_east,489.0,57.0,59.0,470.9,1.0,5.0,38.0,40.0,20.0,-16.5,15.0
2022-08-13,iran,1207.0,309.0,179.0,-704.3,10.0,0.0,76.0,240.0,116.0,-281.2,21.0
2022-08-13,israel,956.0,133.0,238.0,-1052.4,9.0,1.0,53.0,185.0,87.0,-418.1,4.0
2022-08-13,korea,289.0,30.0,30.0,389.7,0.0,0.0,21.0,27.0,10.0,13.8,2.0
2022-08-13,libya,60.0,4.0,8.0,45.0,0.0,0.0,2.0,2.0,0.0,2.0,0.0
2022-08-13,scs,902.0,87.0,102.0,1124.1,1.0,1.0,48.0,9.0,1.0,27.7,1.0
2022-08-13,southasia,4596.0,680.0,604.0,2538.6,1.0,10.0,249.0,24.0,13.0,-20.9,5.0
2022-08-13,sudan,84.0,13.0,22.0,-105.2,0.0,0.0,5.0,0.0,0.0,0.0,0.0
2022-08-13,taiwan,552.0,65.0,70.0,529.7,2.0,2.0,20.0,230.0,98.0,-141.8,27.0
2022-08-13,ukraine,1974.0,282.0,418.0,-817.3,13.0,12.0,95.0,892.0,526.0,-2269.2,70.0
2022-08-13,venezuela,103.0,15.0,13.0,99.9,0.0,0.0,4.0,0.0,0.0,0.0,0.0
2022-08-13,yemen,72.0,15.0,19.0,-105.5,0.0,0.0,2.0,2.0,0.0,0.0,0.0
2022-08-14,drc,37.0,0.0,0.0,86.6,0.0,0.0,0.0,14.0,0.0,32.9,0.0
2022-08-14,europe_east,414.0,37.0,40.0,612.6,0.0,1.0,23.0,68.0,13.0,80.2,8.0
2022-08-14,iran,943.0,193.0,143.0,-231.3,12.0,0.0,59.0,153.0,73.0,-273.0,10.0
2022-08-14,israel,2032.0,241.0,612.0,-3259.4,9.0,1.0,85.0,456.0,280.0,-1804.1,14.0
2022-08-14,korea,322.0,54.0,28.0,377.8,0.0,0.0,14.0,45.0,19.0,-41.6,5.0
2022-08-14,libya,48.0,3.0,4.0,49.7,0.0,0.0,1.0,0.0,0.0,0.0,0.0
2022-08-14,scs,820.0,70.0,54.0,1780.6,0.0,0.0,37.0,18.0,2.0,57.8,0.0
2022-08-14,southasia,5014.0,670.0,689.0,2631.7,19.0,8.0,307.0,70.0,10.0,84.9,8.0
2022-08-14,sudan,108.0,13.0,38.0,-219.1,0.0,2.0,18.0,1.0,0.0,3.4,0.0
2022-08-14,taiwan,893.0,86.0,61.0,1648.6,1.0,1.0,11.0,291.0,126.0,-118.7,24.0
2022-08-14,ukraine,1805.0,276.0,359.0,-452.5,13.0,10.0,55.0,805.0,484.0,-1917.3,42.0
2022-08-14,venezuela,48.0,5.0,6.0,68.1,0.0,0.0,2.0,6.0,0.0,19.4,0.0
2022-08-14,yemen,74.0,5.0,7.0,56.1,0.0,1.0,0.0,5.0,0.0,12.8,0.0
2022-08-15,drc,19.0,4.0,0.0,56.0,0.0,0.0,0.0,14.0,1.0,57.5,1.0
2022-08-15,europe_east,822.0,67.0,65.0,1328.9,1.0,2.0,42.0,110.0,46.0,-16.3,15.0
2022-08-15,iran,1687.0,299.0,243.0,1044.2,5.0,0.0,108.0,273.0,133.0,-337.4,14.0
2022-08-15,israel,2446.0,359.0,680.0,-3464.7,4.0,1.0,152.0,549.0,366.0,-2318.3,22.0
2022-08-15,korea,742.0,107.0,52.0,1004.2,0.0,2.0,31.0,99.0,44.0,-39.0,8.0
2022-08-15,libya,87.0,5.0,9.0,111.5,0.0,0.0,8.0,0.0,0.0,0.0,0.0
2022-08-15,scs,1324.0,145.0,139.0,1345.9,2.0,0.0,63.0,23.0,1.0,104.6,0.0
2022-08-15,southasia,6086.0,743.0,776.0,3607.0,15.0,26.0,255.0,31.0,4.0,38.0,0.0
2022-08-15,sudan,135.0,31.0,24.0,-49.7,0.0,3.0,10.0,0.0,0.0,0.0,0.0
2022-08-15,taiwan,1367.0,106.0,101.0,2064.1,2.0,8.0,15.0,496.0,151.0,153.4,58.0
2022-08-15,ukraine,2351.0,345.0,437.0,-476.8,28.0,23.0,106.0,883.0,458.0,-1555.3,48.0
2022-08-15,venezuela,102.0,8.0,23.0,-33.1,0.0,0.0,8.0,12.0,2.0,28.3,0.0
2022-08-15,yemen,73.0,7.0,11.0,50.3,0.0,1.0,2.0,11.0,2.0,25.7,0.0
2022-08-16,drc,71.0,6.0,5.0,121.3,0.0,0.0,0.0,10.0,4.0,-19.4,4.0
2022-08-16,europe_east,938.0,83.0,116.0,1112.5,3.0,4.0,79.0,233.0,98.0,-194.2,37.0
2022-08-16,iran,1103.0,162.0,148.0,900.3,8.0,0.0,49.0,211.0,74.0,-62.8,5.0
2022-08-16,israel,2648.0,439.0,590.0,-2357.0,12.0,4.0,194.0,482.0,284.0,-1489.1,52.0
2022-08-16,korea,809.0,103.0,79.0,926.3,6.0,1.0,33.0,88.0,45.0,-99.8,8.0
2022-08-16,libya,123.0,11.0,20.0,122.5,0.0,0.0,14.0,0.0,0.0,0.0,0.0
2022-08-16,scs,1376.0,132.0,118.0,2098.7,2.0,0.0,74.0,4.0,1.0,13.8,1.0
2022-08-16,southasia,5935.0,873.0,1015.0,459.6,6.0,22.0,325.0,35.0,7.0,47.9,2.0
2022-08-16,sudan,195.0,19.0,45.0,-31.3,1.0,0.0,22.0,0.0,0.0,0.0,0.0
2022-08-16,taiwan,1293.0,156.0,179.0,927.7,2.0,5.0,65.0,623.0,231.0,-171.9,60.0
2022-08-16,ukraine,3113.0,498.0,492.0,564.0,32.0,16.0,128.0,1365.0,741.0,-2746.1,88.0
2022-08-16,venezuela,181.0,13.0,43.0,-22.3,0.0,0.0,12.0,22.0,0.0,75.4,0.0
2022-08-16,yemen,149.0,18.0,23.0,-3.6,0.0,0.0,1.0,36.0,14.0,-31.7,0.0
2022-08-17,drc,54.0,6.0,4.0,12.7,0.0,0.0,2.0,28.0,7.0,-4.2,2.0
2022-08-17,europe_east,764.0,78.0,107.0,655.2,2.0,13.0,62.0,165.0,60.0,16.2,31.0
2022-08-17,iran,920.0,140.0,142.0,200.9,2.0,0.0,67.0,205.0,102.0,-318.1,25.0
2022-08-17,israel,2652.0,439.0,433.0,-116.3,9.0,1.0,139.0,388.0,221.0,-1011.9,24.0
2022-08-17,korea,1164.0,123.0,243.0,-202.6,4.0,1.0,54.0,245.0,141.0,-641.8,23.0
2022-08-17,libya,121.0,7.0,7.0,278.4,0.0,0.0,3.0,1.0,1.0,-9.0,0.0
2022-08-17,scs,1567.0,145.0,174.0,1910.0,0.0,7.0,68.0,17.0,4.0,54.6,1.0
2022-08-17,southasia,6105.0,812.0,856.0,3635.0,4.0,8.0,340.0,27.0,10.0,-46.7,2.0
2022-08-17,sudan,156.0,20.0,30.0,-59.0,0.0,0.0,13.0,0.0,0.0,0.0,0.0
2022-08-17,taiwan,963.0,128.0,130.0,462.6,3.0,11.0,35.0,415.0,144.0,50.3,38.0
2022-08-17,ukraine,3465.0,422.0,554.0,1795.2,27.0,23.0,132.0,1275.0,654.0,-2634.2,76.0
2022-08-17,venezuela,143.0,14.0,19.0,65.5,0.0,0.0,1.0,14.0,0.0,39.8,0.0
2022-08-17,yemen,115.0,17.0,14.0,-60.0,3.0,0.0,1.0,15.0,4.0,23.2,1.0
2022-08-18,drc,113.0,8.0,0.0,308.3,0.0,0.0,0.0,37.0,14.0,4.0,5.0
2022-08-18,europe_east,986.0,131.0,151.0,710.0,1.0,1.0,68.0,297.0,160.0,-368.3,70.0
2022-08-18,iran,1179.0,159.0,210.0,332.5,6.0,1.0,83.0,275.0,121.0,-190.5,34.0
2022-08-18,israel,3384.0,521.0,657.0,-1263.3,18.0,6.0,153.0,580.0,336.0,-2028.1,25.0
2022-08-18,korea,731.0,89.0,118.0,446.7,0.0,1.0,33.0,79.0,39.0,-153.0,9.0
2022-08-18,libya,66.0,7.0,15.0,-31.5,0.0,0.0,2.0,1.0,1.0,-9.0,0.0
2022-08-18,scs,1463.0,127.0,152.0,2120.2,5.0,1.0,60.0,62.0,3.0,143.8,1.0
2022-08-18,southasia,6377.0,966.0,958.0,2823.9,10.0,20.0,422.0,26.0,13.0,-16.0,2.0
2022-08-18,sudan,238.0,24.0,77.0,-228.3,0.0,1.0,38.0,1.0,1.0,-5.0,1.0
2022-08-18,taiwan,963.0,148.0,114.0,825.0,10.0,2.0,26.0,452.0,211.0,-249.6,39.0
2022-08-18,ukraine,4017.0,485.0,640.0,2051.7,23.0,17.0,149.0,1663.0,888.0,-3194.5,91.0
2022-08-18,venezuela,127.0,5.0,6.0,250.3,0.0,0.0,2.0,18.0,1.0,46.8,0.0
2022-08-18,yemen,119.0,13.0,21.0,5.7,4.0,0.0,0.0,32.0,12.0,-9.6,0.0
2022-08-19,drc,51.0,5.0,2.0,109.4,0.0,1.0,0.0,25.0,15.0,-51.6,2.0
2022-08-19,europe_east,1034.0,119.0,148.0,1068.1,6.0,0.0,100.0,259.0,140.0,-437.6,83.0
2022-08-19,iran,1151.0,147.0,167.0,1361.5,7.0,1.0,78.0,275.0,82.0,201.5,19.0
2022-08-19,israel,2351.0,409.0,546.0,-2429.7,12.0,2.0,135.0,491.0,311.0,-1957.5,26.0
2022-08-19,korea,801.0,154.0,92.0,493.5,1.0,2.0,26.0,139.0,57.0,84.2,0.0
2022-08-19,libya,57.0,4.0,15.0,-26.2,0.0,1.0,8.0,0.0,0.0,0.0,0.0
2022-08-19,scs,1485.0,152.0,173.0,1723.8,1.0,0.0,94.0,26.0,2.0,51.0,0.0
2022-08-19,southasia,5963.0,910.0,1001.0,417.6,12.0,8.0,424.0,19.0,7.0,8.6,2.0
2022-08-19,sudan,230.0,23.0,57.0,-195.2,2.0,0.0,20.0,1.0,1.0,-5.0,1.0
2022-08-19,taiwan,857.0,99.0,88.0,899.8,2.0,2.0,21.0,301.0,125.0,-160.4,30.0
2022-08-19,ukraine,3972.0,519.0,532.0,2790.0,31.0,20.0,114.0,1639.0,844.0,-2385.6,90.0
2022-08-19,venezuela,282.0,42.0,26.0,327.6,0.0,1.0,9.0,58.0,15.0,78.7,3.0
2022-08-19,yemen,66.0,13.0,10.0,-28.1,2.0,0.0,3.0,9.0,3.0,-6.8,1.0
2022-08-20,drc,11.0,4.0,0.0,4.4,0.0,0.0,0.0,0.0,0.0,0.0,0.0
2022-08-20,europe_east,467.0,71.0,52.0,537.3,0.0,1.0,28.0,46.0,9.0,63.4,0.0
2022-08-20,iran,586.0,87.0,91.0,59.6,1.0,0.0,43.0,106.0,45.0,-67.4,6.0
2022-08-20,israel,1006.0,182.0,191.0,-276.1,6.0,1.0,72.0,196.0,103.0,-423.4,16.0
2022-08-20,korea,269.0,32.0,30.0,341.9,2.0,0.0,14.0,21.0,8.0,-5.9,0.0
2022-08-20,libya,48.0,1.0,16.0,-63.2,0.0,0.0,7.0,0.0,0.0,0.0,0.0
2022-08-20,scs,1084.0,83.0,101.0,1624.4,3.0,0.0,55.0,20.0,4.0,77.4,0.0
2022-08-20,southasia,4883.0,808.0,863.0,-892.0,66.0,18.0,326.0,45.0,34.0,-189.0,21.0
2022-08-20,sudan,197.0,32.0,22.0,93.6,2.0,1.0,9.0,0.0,0.0,0.0,0.0
2022-08-20,taiwan,395.0,51.0,53.0,196.5,1.0,2.0,7.0,205.0,77.0,-104.8,26.0
2022-08-20,ukraine,2101.0,288.0,386.0,-155.3,8.0,16.0,64.0,1014.0,531.0,-2124.6,27.0
2022-08-20,venezuela,99.0,4.0,23.0,-1.4,0.0,0.0,9.0,35.0,0.0,109.3,0.0
2022-08-20,yemen,46.0,10.0,5.0,39.8,0.0,0.0,4.0,16.0,3.0,41.2,0.0
2022-08-21,drc,24.0,1.0,3.0,16.8,0.0,0.0,0.0,0.0,0.0,0.0,0.0
2022-08-21,europe_east,353.0,54.0,49.0,159.9,2.0,1.0,36.0,49.0,28.0,-93.6,2.0
2022-08-21,iran,502.0,49.0,78.0,374.3,0.0,0.0,48.0,70.0,34.0,-113.0,4.0
2022-08-21,israel,1737.0,294.0,292.0,-118.5,10.0,2.0,110.0,338.0,164.0,-383.2,29.0
2022-08-21,korea,308.0,75.0,42.0,170.0,5.0,0.0,13.0,47.0,25.0,-93.1,0.0
2022-08-21,libya,68.0,8.0,17.0,-64.5,0.0,0.0,4.0,2.0,2.0,-15.0,1.0
2022-08-21,scs,734.0,77.0,91.0,583.7,0.0,4.0,37.0,3.0,2.0,-3.6,0.0
2022-08-21,southasia,4573.0,890.0,789.0,-1244.0,27.0,31.0,368.0,21.0,17.0,-95.5,8.0
2022-08-21,sudan,228.0,30.0,28.0,312.6,0.0,0.0,16.0,4.0,4.0,-8.0,0.0
2022-08-21,taiwan,417.0,44.0,26.0,607.9,3.0,0.0,9.0,174.0,55.0,-1.7,17.0
2022-08-21,ukraine,2166.0,395.0,486.0,-1936.5,41.0,16.0,102.0,1175.0,726.0,-3622.6,95.0
2022-08-21,venezuela,82.0,0.0,13.0,102.0,0.0,0.0,4.0,17.0,0.0,68.0,0.0
2022-08-21,yemen,59.0,12.0,10.0,-49.7,0.0,0.0,3.0,40.0,3.0,81.8,1.0
2022-08-22,drc,54.0,9.0,6.0,12.9,0.0,0.0,5.0,3.0,1.0,0.0,0.0
2022-08-22,europe_east,854.0,92.0,90.0,1138.7,0.0,5.0,39.0,181.0,38.0,210.5,13.0
2022-08-22,iran,1174.0,165.0,102.0,1722.1,4.0,4.0,51.0,303.0,124.0,26.5,9.0
2022-08-22,israel,2358.0,452.0,438.0,-1312.2,15.0,2.0,141.0,608.0,341.0,-1395.8,34.0
2022-08-22,korea,1059.0,139.0,145.0,936.0,3.0,0.0,40.0,143.0,87.0,-387.7,41.0
2022-08-22,libya,36.0,7.0,6.0,-27.4,0.0,0.0,3.0,0.0,0.0,0.0,0.0
2022-08-22,scs,1628.0,112.0,122.0,2673.3,2.0,16.0,51.0,36.0,5.0,90.4,2.0
2022-08-22,southasia,6573.0,1175.0,1051.0,211.8,22.0,29.0,496.0,21.0,13.0,-39.0,7.0
2022-08-22,sudan,258.0,32.0,50.0,245.5,0.0,0.0,27.0,0.0,0.0,0.0,0.0
2022-08-22,taiwan,979.0,77.0,63.0,1718.7,4.0,1.0,28.0,267.0,75.0,92.1,18.0
2022-08-22,ukraine,3810.0,599.0,683.0,-884.0,45.0,11.0,92.0,1689.0,925.0,-3746.9,91.0
2022-08-22,venezuela,190.0,19.0,18.0,305.9,0.0,1.0,9.0,33.0,1.0,90.8,1.0
2022-08-22,yemen,57.0,6.0,22.0,-139.7,0.0,0.0,4.0,28.0,10.0,-24.7,0.0
2022-08-23,drc,63.0,5.0,5.0,96.1,0.0,0.0,2.0,7.0,0.0,70.0,0.0
2022-08-23,europe_east,1294.0,141.0,114.0,1984.1,11.0,3.0,72.0,380.0,120.0,182.9,65.0
2022-08-23,iran,1150.0,150.0,123.0,1792.6,4.0,7.0,54.0,323.0,104.0,318.5,11.0
2022-08-23,israel,2573.0,429.0,393.0,372.2,12.0,4.0,130.0,550.0,281.0,-768.2,45.0
2022-08-23,korea,765.0,91.0,79.0,1006.0,2.0,6.0,35.0,76.0,26.0,-16.4,9.0
2022-08-23,libya,108.0,15.0,20.0,-3.3,0.0,0.0,2.0,0.0,0.0,0.0,0.0
2022-08-23,scs,1716.0,183.0,138.0,2168.8,2.0,0.0,65.0,44.0,0.0,156.5,0.0
2022-08-23,southasia,6473.0,1083.0,1076.0,951.6,31.0,45.0,483.0,32.0,13.0,-26.4,0.0
2022-08-23,sudan,303.0,49.0,52.0,72.7,0.0,0.0,19.0,0.0,0.0,0.0,0.0
2022-08-23,taiwan,757.0,80.0,62.0,946.5,2.0,3.0,21.0,157.0,42.0,-0.8,10.0
2022-08-23,ukraine,4237.0,644.0,653.0,789.3,53.0,28.0,198.0,1815.0,941.0,-3155.9,136.0
2022-08-23,venezuela,162.0,15.0,27.0,163.6,0.0,0.0,23.0,35.0,10.0,74.2,3.0
2022-08-23,yemen,47.0,8.0,13.0,-73.0,0.0,0.0,3.0,4.0,4.0,-28.0,0.0
2022-08-24,drc,28.0,5.0,7.0,-28.1,0.0,0.0,4.0,4.0,0.0,11.4,0.0
2022-08-24,europe_east,1137.0,100.0,118.0,1338.2,1.0,1.0,57.0,218.0,83.0,-196.2,39.0
2022-08-24,iran,1563.0,302.0,242.0,308.3,13.0,7.0,72.0,513.0,230.0,-228.2,17.0
2022-08-24,israel,2404.0,362.0,417.0,197.9,20.0,4.0,118.0,566.0,306.0,-1178.1,42.0
2022-08-24,korea,656.0,65.0,81.0,541.3,0.0,1.0,25.0,48.0,26.0,-74.7,15.0
2022-08-24,libya,94.0,12.0,13.0,24.6,0.0,0.0,2.0,9.0,2.0,10.0,0.0
2022-08-24,scs,1543.0,129.0,139.0,2380.1,0.0,4.0,72.0,38.0,3.0,130.3,0.0
2022-08-24,southasia,6010.0,1051.0,914.0,1177.0,36.0,13.0,423.0,36.0,14.0,8.8,3.0
2022-08-24,sudan,411.0,89.0,59.0,-38.2,1.0,4.0,9.0,0.0,0.0,0.0,0.0
2022-08-24,taiwan,424.0,45.0,42.0,294.5,1.0,5.0,8.0,184.0,63.0,-165.2,13.0
2022-08-24,ukraine,5418.0,748.0,774.0,2981.1,66.0,30.0,193.0,2167.0,1048.0,-3014.2,138.0
2022-08-24,venezuela,97.0,19.0,7.0,60.0,0.0,0.0,2.0,9.0,3.0,-6.6,0.0
2022-08-24,yemen,61.0,9.0,11.0,10.1,3.0,0.0,8.0,5.0,0.0,12.2,0.0
2022-08-25,drc,12.0,1.0,5.0,-38.5,0.0,1.0,0.0,19.0,9.0,-33.4,7.0
2022-08-25,europe_east,1130.0,103.0,101.0,1601.6,2.0,3.0,47.0,224.0,83.0,-152.6,23.0
2022-08-25,iran,1505.0,294.0,252.0,471.1,5.0,17.0,77.0,435.0,207.0,-207.8,15.0
2022-08-25,israel,2727.0,478.0,457.0,-521.7,22.0,4.0,165.0,623.0,319.0,-1188.2,45.0
2022-08-25,korea,724.0,79.0,87.0,680.0,2.0,2.0,32.0,59.0,29.0,-96.4,8.0
2022-08-25,libya,84.0,3.0,15.0,55.9,1.0,0.0,0.0,0.0,0.0,0.0,0.0
2022-08-25,scs,1560.0,143.0,197.0,1802.7,1.0,3.0,117.0,22.0,7.0,30.0,0.0
2022-08-25,southasia,6030.0,1040.0,862.0,1300.9,22.0,20.0,352.0,22.0,15.0,-82.7,4.0
2022-08-25,sudan,291.0,40.0,52.0,79.7,0.0,1.0,23.0,0.0,0.0,0.0,0.0
2022-08-25,taiwan,813.0,76.0,76.0,887.9,1.0,2.0,12.0,313.0,88.0,43.2,33.0
2022-08-25,ukraine,4533.0,611.0,718.0,881.4,50.0,24.0,116.0,1839.0,989.0,-3840.7,112.0
2022-08-25,venezuela,152.0,18.0,5.0,293.8,0.0,0.0,3.0,16.0,5.0,36.8,0.0
2022-08-25,yemen,109.0,9.0,23.0,21.4,2.0,0.0,8.0,26.0,9.0,-41.3,0.0
2022-08-26,drc,20.0,0.0,0.0,27.5,0.0,0.0,0.0,6.0,0.0,6.6,0.0
2022-08-26,europe_east,864.0,81.0,77.0,1411.4,2.0,0.0,32.0,111.0,47.0,-85.7,20.0
2022-08-26,iran,967.0,182.0,151.0,-82.0,5.0,10.0,29.0,306.0,101.0,110.6,3.0
2022-08-26,israel,2072.0,319.0,375.0,-357.2,12.0,5.0,131.0,450.0,228.0,-885.7,31.0
2022-08-26,korea,691.0,97.0,49.0,1094.3,1.0,1.0,22.0,105.0,35.0,45.1,9.0
2022-08-26,libya,67.0,5.0,4.0,160.4,0.0,0.0,2.0,0.0,0.0,0.0,0.0
2022-08-26,scs,1437.0,103.0,169.0,1831.3,1.0,0.0,79.0,34.0,8.0,49.4,0.0
2022-08-26,southasia,5547.0,897.0,737.0,3466.6,13.0,18.0,397.0,6.0,2.0,-3.8,1.0
2022-08-26,sudan,340.0,49.0,80.0,-173.6,1.0,7.0,30.0,0.0,0.0,0.0,0.0
2022-08-26,taiwan,1045.0,73.0,72.0,1606.7,5.0,0.0,15.0,305.0,75.0,27.0,25.0
2022-08-26,ukraine,3607.0,596.0,554.0,209.7,24.0,21.0,107.0,1530.0,888.0,-3183.8,71.0
2022-08-26,venezuela,132.0,15.0,12.0,175.2,0.0,0.0,8.0,18.0,8.0,15.6,2.0
2022-08-26,yemen,99.0,19.0,13.0,59.0,0.0,0.0,2.0,21.0,4.0,11.5,0.0
2022-08-27,drc,4.0,0.0,1.0,4.0,0.0,0.0,0.0,0.0,0.0,0.0,0.0
2022-08-27,europe_east,536.0,52.0,63.0,735.3,3.0,3.0,34.0,96.0,30.0,57.9,13.0
2022-08-27,iran,512.0,97.0,80.0,63.9,1.0,2.0,36.0,129.0,50.0,-76.5,0.0
2022-08-27,israel,1033.0,166.0,124.0,324.1,3.0,2.0,50.0,188.0,81.0,-232.8,6.0
2022-08-27,korea,306.0,38.0,39.0,387.2,3.0,3.0,13.0,6.0,2.0,-16.1,0.0
2022-08-27,libya,263.0,27.0,104.0,-773.8,2.0,2.0,5.0,5.0,1.0,-0.6,0.0
2022-08-27,scs,860.0,70.0,101.0,953.6,0.0,0.0,46.0,5.0,0.0,10.4,0.0
2022-08-27,southasia,4846.0,769.0,728.0,1601.5,8.0,42.0,372.0,17.0,6.0,-0.7,1.0
2022-08-27,sudan,76.0,6.0,8.0,120.8,2.0,2.0,5.0,0.0,0.0,0.0,0.0
2022-08-27,taiwan,432.0,34.0,41.0,538.1,0.0,0.0,9.0,101.0,29.0,3.2,3.0
2022-08-27,ukraine,1882.0,318.0,364.0,-733.1,12.0,10.0,55.0,928.0,562.0,-2356.9,41.0
2022-08-27,venezuela,128.0,13.0,4.0,228.3,0.0,0.0,0.0,14.0,0.0,42.7,0.0
2022-08-27,yemen,43.0,6.0,2.0,72.9,0.0,0.0,0.0,15.0,1.0,77.2,0.0
2022-08-28,drc,45.0,5.0,24.0,-218.6,0.0,0.0,0.0,4.0,4.0,-38.0,0.0
2022-08-28,europe_east,392.0,43.0,57.0,288.6,2.0,5.0,24.0,53.0,15.0,78.8,2.0
2022-08-28,iran,608.0,90.0,62.0,651.3,5.0,2.0,32.0,244.0,71.0,240.4,9.0
2022-08-28,israel,1506.0,269.0,231.0,-281.0,10.0,1.0,56.0,336.0,190.0,-798.1,17.0
2022-08-28,korea,310.0,39.0,23.0,500.6,3.0,0.0,8.0,26.0,12.0,-7.8,0.0
2022-08-28,libya,393.0,45.0,145.0,-912.8,1.0,3.0,7.0,0.0,0.0,0.0,0.0
2022-08-28,scs,915.0,94.0,117.0,1032.7,0.0,1.0,53.0,36.0,6.0,95.7,0.0
2022-08-28,southasia,4335.0,550.0,530.0,3613.8,13.0,16.0,271.0,3.0,3.0,-30.0,0.0
2022-08-28,sudan,174.0,11.0,8.0,383.9,2.0,0.0,1.0,0.0,0.0,0.0,0.0
2022-08-28,taiwan,528.0,62.0,60.0,398.8,2.0,10.0,13.0,178.0,53.0,8.8,19.0
2022-08-28,ukraine,1649.0,201.0,351.0,-578.7,8.0,6.0,45.0,754.0,457.0,-2288.9,32.0
2022-08-28,venezuela,46.0,6.0,6.0,64.4,0.0,0.0,4.0,3.0,0.0,15.4,0.0
2022-08-28,yemen,36.0,8.0,8.0,-23.0,0.0,0.0,0.0,15.0,10.0,-42.8,0.0
2022-08-29,drc,25.0,1.0,21.0,-204.3,0.0,0.0,0.0,11.0,7.0,-16.5,0.0
2022-08-29,europe_east,986.0,78.0,73.0,1582.2,1.0,1.0,34.0,117.0,45.0,-51.3,16.0
2022-08-29,iran,1088.0,199.0,136.0,518.5,14.0,3.0,68.0,295.0,127.0,-88.0,10.0
2022-08-29,israel,1988.0,340.0,369.0,-746.9,5.0,0.0,105.0,453.0,255.0,-1148.1,31.0
2022-08-29,korea,480.0,40.0,43.0,904.9,1.0,5.0,19.0,70.0,19.0,24.4,7.0
2022-08-29,libya,313.0,44.0,94.0,-542.6,0.0,1.0,12.0,2.0,2.0,-10.0,2.0
2022-08-29,scs,1219.0,95.0,104.0,2188.6,0.0,0.0,50.0,19.0,8.0,14.8,0.0
2022-08-29,southasia,6307.0,957.0,766.0,5483.1,1.0,26.0,394.0,14.0,5.0,4.0,2.0
2022-08-29,sudan,273.0,16.0,7.0,621.6,0.0,0.0,3.0,2.0,0.0,8.4,0.0
2022-08-29,taiwan,408.0,65.0,49.0,139.7,9.0,6.0,9.0,133.0,56.0,-47.3,11.0
2022-08-29,ukraine,3724.0,527.0,664.0,-610.6,26.0,18.0,105.0,1542.0,922.0,-4266.5,74.0
2022-08-29,venezuela,219.0,20.0,15.0,377.9,2.0,0.0,15.0,13.0,3.0,20.1,0.0
2022-08-29,yemen,78.0,12.0,29.0,-209.4,0.0,0.0,5.0,3.0,1.0,-0.2,1.0
2022-08-30,drc,28.0,5.0,12.0,-84.9,0.0,0.0,5.0,27.0,3.0,31.1,2.0
2022-08-30,europe_east,1014.0,75.0,119.0,1328.7,2.0,4.0,72.0,232.0,70.0,19.3,24.0
2022-08-30,iran,1596.0,262.0,325.0,-507.0,11.0,4.0,145.0,235.0,99.0,-73.5,5.0
2022-08-30,israel,2497.0,457.0,560.0,-2061.4,11.0,6.0,192.0,524.0,313.0,-1462.3,53.0
2022-08-30,korea,600.0,65.0,65.0,608.5,1.0,4.0,17.0,41.0,10.0,-8.4,3.0
2022-08-30,libya,129.0,22.0,34.0,-167.5,2.0,0.0,5.0,0.0,0.0,0.0,0.0
2022-08-30,scs,1410.0,98.0,181.0,1473.1,2.0,3.0,42.0,40.0,9.0,106.6,0.0
2022-08-30,southasia,6486.0,880.0,825.0,5313.0,10.0,23.0,395.0,7.0,4.0,-15.0,1.0
2022-08-30,sudan,322.0,36.0,38.0,285.8,0.0,2.0,15.0,10.0,2.0,17.0,2.0
2022-08-30,taiwan,795.0,131.0,85.0,476.0,22.0,0.0,12.0,298.0,175.0,-669.9,37.0
2022-08-30,ukraine,3950.0,525.0,660.0,159.2,38.0,18.0,118.0,1622.0,909.0,-3704.2,94.0
2022-08-30,venezuela,231.0,18.0,23.0,234.1,0.0,0.0,13.0,54.0,16.0,20.5,8.0
2022-08-30,yemen,137.0,18.0,31.0,-85.3,5.0,2.0,8.0,28.0,8.0,3.4,4.0
2022-08-31,drc,18.0,0.0,0.0,53.7,0.0,0.0,0.0,12.0,4.0,8.1,4.0
2022-08-31,europe_east,1073.0,90.0,186.0,881.8,0.0,2.0,122.0,291.0,92.0,-55.6,23.0
2022-08-31,iran,1166.0,144.0,180.0,359.2,1.0,3.0,58.0,333.0,81.0,312.9,0.0
2022-08-31,israel,2236.0,374.0,324.0,661.7,6.0,3.0,96.0,503.0,228.0,-718.1,23.0
2022-08-31,korea,761.0,91.0,99.0,664.0,3.0,2.0,33.0,75.0,26.0,-13.3,9.0
2022-08-31,libya,171.0,24.0,33.0,-72.8,1.0,0.0,1.0,0.0,0.0,0.0,0.0
2022-08-31,scs,1767.0,158.0,215.0,1860.0,0.0,0.0,95.0,69.0,10.0,202.6,0.0
2022-08-31,southasia,5450.0,743.0,636.0,4873.1,4.0,19.0,309.0,3.0,2.0,-2.6,2.0
2022-08-31,sudan,373.0,39.0,35.0,521.2,0.0,2.0,11.0,1.0,0.0,0.0,0.0
2022-08-31,taiwan,929.0,148.0,135.0,162.6,33.0,3.0,23.0,443.0,276.0,-1165.5,64.0
2022-08-31,ukraine,3347.0,364.0,444.0,2224.3,23.0,21.0,108.0,1232.0,573.0,-1028.0,76.0
2022-08-31,venezuela,174.0,19.0,41.0,70.7,0.0,0.0,39.0,54.0,37.0,-131.2,28.0
2022-08-31,yemen,128.0,27.0,26.0,-107.5,3.0,0.0,4.0,30.0,9.0,0.3,0.0
2022-09-01,drc,22.0,0.0,5.0,12.0,0.0,0.0,1.0,16.0,3.0,38.3,1.0
2022-09-01,europe_east,954.0,131.0,115.0,756.8,6.0,3.0,60.0,214.0,103.0,-309.2,58.0
2022-09-01,iran,1007.0,140.0,170.0,408.3,6.0,4.0,72.0,278.0,90.0,161.4,4.0
2022-09-01,israel,2901.0,570.0,594.0,-1878.4,19.0,4.0,175.0,764.0,445.0,-2266.3,46.0
2022-09-01,korea,737.0,109.0,72.0,669.2,8.0,0.0,27.0,82.0,36.0,13.9,3.0
2022-09-01,libya,276.0,26.0,37.0,277.2,0.0,0.0,16.0,0.0,0.0,0.0,0.0
2022-09-01,scs,1336.0,131.0,149.0,1822.4,0.0,0.0,85.0,68.0,11.0,234.6,5.0
2022-09-01,southasia,5762.0,770.0,691.0,5249.7,10.0,16.0,326.0,18.0,11.0,-39.0,3.0
2022-09-01,sudan,183.0,18.0,32.0,116.6,0.0,0.0,18.0,0.0,0.0,0.0,0.0
2022-09-01,taiwan,770.0,127.0,152.0,-281.4,16.0,6.0,23.0,404.0,203.0,-711.6,41.0
2022-09-01,ukraine,3508.0,505.0,569.0,551.1,21.0,50.0,118.0,1354.0,741.0,-2447.1,92.0
2022-09-01,venezuela,173.0,19.0,17.0,256.1,0.0,0.0,12.0,64.0,14.0,60.0,11.0
2022-09-01,yemen,107.0,28.0,29.0,-190.9,0.0,0.0,4.0,36.0,21.0,-97.6,0.0
2022-09-02,drc,31.0,6.0,6.0,-35.5,0.0,0.0,5.0,5.0,1.0,5.0,0.0
2022-09-02,europe_east,741.0,77.0,79.0,841.2,3.0,5.0,35.0,153.0,45.0,166.8,10.0
2022-09-02,iran,1374.0,170.0,144.0,1160.0,5.0,2.0,40.0,300.0,107.0,72.6,9.0
2022-09-02,israel,1760.0,278.0,361.0,-886.9,15.0,2.0,81.0,471.0,259.0,-1099.0,31.0
2022-09-02,korea,619.0,82.0,48.0,816.3,3.0,3.0,17.0,106.0,27.0,114.8,4.0
2022-09-02,libya,95.0,12.0,16.0,65.5,1.0,0.0,7.0,0.0,0.0,0.0,0.0
2022-09-02,scs,1523.0,104.0,174.0,1804.6,6.0,9.0,77.0,20.0,10.0,-0.6,2.0
2022-09-02,southasia,5708.0,704.0,730.0,6255.7,6.0,10.0,367.0,7.0,6.0,-30.0,3.0
2022-09-02,sudan,202.0,24.0,48.0,-239.8,0.0,0.0,2.0,2.0,0.0,16.0,0.0
2022-09-02,taiwan,476.0,67.0,90.0,37.5,4.0,8.0,13.0,255.0,147.0,-669.9,20.0
2022-09-02,ukraine,3021.0,464.0,487.0,-232.0,37.0,16.0,95.0,1156.0,587.0,-1767.7,53.0
2022-09-02,venezuela,226.0,42.0,19.0,318.5,0.0,0.0,13.0,84.0,5.0,236.7,5.0
2022-09-02,yemen,82.0,9.0,28.0,-120.3,1.0,0.0,4.0,12.0,4.0,12.2,0.0
2022-09-03,drc,26.0,4.0,6.0,-31.4,0.0,1.0,4.0,0.0,0.0,0.0,0.0
2022-09-03,europe_east,381.0,36.0,74.0,116.3,0.0,1.0,36.0,150.0,39.0,102.8,13.0
2022-09-03,iran,600.0,92.0,105.0,110.1,1.0,0.0,37.0,139.0,64.0,48.5,0.0
2022-09-03,israel,1031.0,197.0,185.0,-401.5,4.0,0.0,53.0,232.0,117.0,-290.0,14.0
2022-09-03,korea,241.0,32.0,37.0,91.5,0.0,0.0,10.0,33.0,7.0,22.2,0.0
2022-09-03,libya,108.0,4.0,18.0,85.9,0.0,0.0,6.0,0.0,0.0,0.0,0.0
2022-09-03,scs,810.0,60.0,63.0,1500.5,0.0,4.0,23.0,14.0,5.0,-1.4,2.0
2022-09-03,southasia,4945.0,637.0,627.0,4149.6,7.0,16.0,296.0,7.0,3.0,-4.1,2.0
2022-09-03,sudan,114.0,6.0,6.0,223.3,0.0,0.0,4.0,2.0,0.0,2.0,0.0
2022-09-03,taiwan,474.0,63.0,48.0,620.9,4.0,3.0,10.0,200.0,62.0,179.0,11.0
2022-09-03,ukraine,1814.0,292.0,311.0,-241.3,17.0,8.0,60.0,641.0,356.0,-1317.3,32.0
2022-09-03,venezuela,69.0,4.0,16.0,28.2,0.0,0.0,5.0,48.0,6.0,158.6,6.0
2022-09-03,yemen,38.0,7.0,2.0,-22.6,0.0,0.0,0.0,9.0,0.0,10.1,0.0
2022-09-04,drc,18.0,1.0,3.0,-2.1,0.0,0.0,0.0,0.0,0.0,0.0,0.0
2022-09-04,europe_east,365.0,37.0,43.0,441.9,0.0,2.0,15.0,84.0,27.0,-59.8,9.0
2022-09-04,iran,549.0,102.0,107.0,-122.6,1.0,3.0,54.0,133.0,58.0,-94.6,5.0
2022-09-04,israel,1859.0,239.0,458.0,-1470.3,3.0,2.0,121.0,522.0,271.0,-1187.6,46.0
2022-09-04,korea,281.0,18.0,18.0,448.7,1.0,0.0,6.0,14.0,8.0,-55.5,1.0
2022-09-04,libya,110.0,9.0,14.0,107.7,0.0,0.0,3.0,0.0,0.0,0.0,0.0
2022-09-04,scs,1077.0,98.0,84.0,1811.7,4.0,1.0,41.0,33.0,6.0,55.7,0.0
2022-09-04,southasia,5089.0,655.0,551.0,4757.1,8.0,12.0,205.0,10.0,6.0,-34.1,3.0
2022-09-04,sudan,131.0,8.0,48.0,-267.1,0.0,0.0,8.0,0.0,0.0,0.0,0.0
2022-09-04,taiwan,385.0,51.0,64.0,163.5,3.0,2.0,17.0,126.0,61.0,-117.0,10.0
2022-09-04,ukraine,1866.0,236.0,372.0,-321.1,9.0,14.0,71.0,678.0,447.0,-2067.7,45.0
2022-09-04,venezuela,89.0,7.0,12.0,90.9,0.0,0.0,2.0,40.0,0.0,158.0,0.0
2022-09-04,yemen,42.0,6.0,10.0,-29.1,0.0,0.0,3.0,4.0,3.0,-18.9,2.0
2022-09-05,drc,31.0,3.0,8.0,4.4,0.0,0.0,4.0,0.0,0.0,0.0,0.0
2022-09-05,europe_east,879.0,98.0,58.0,1293.8,0.0,6.0,25.0,82.0,16.0,168.8,6.0
2022-09-05,iran,981.0,128.0,176.0,787.8,3.0,4.0,88.0,175.0,55.0,154.9,9.0
2022-09-05,israel,2747.0,365.0,776.0,-3665.9,32.0,5.0,149.0,709.0,436.0,-2431.5,83.0
2022-09-05,korea,457.0,48.0,31.0,837.2,7.0,2.0,8.0,30.0,5.0,78.6,2.0
2022-09-05,libya,146.0,10.0,28.0,95.9,0.0,2.0,8.0,0.0,0.0,0.0,0.0
2022-09-05,scs,1435.0,127.0,147.0,1828.8,0.0,0.0,50.0,37.0,8.0,87.4,0.0
2022-09-05,southasia,6000.0,756.0,708.0,5556.6,7.0,21.0,329.0,5.0,2.0,-15.3,0.0
2022-09-05,sudan,200.0,20.0,32.0,205.6,0.0,1.0,20.0,2.0,0.0,2.0,0.0
2022-09-05,taiwan,387.0,31.0,55.0,351.9,2.0,6.0,15.0,124.0,55.0,-178.1,15.0
2022-09-05,ukraine,2420.0,257.0,422.0,906.8,10.0,13.0,121.0,763.0,409.0,-1660.1,61.0
2022-09-05,venezuela,88.0,12.0,15.0,-14.7,0.0,0.0,5.0,17.0,2.0,17.2,0.0
2022-09-05,yemen,43.0,3.0,6.0,56.1,0.0,0.0,0.0,17.0,1.0,27.8,0.0
2022-09-06,drc,37.0,3.0,1.0,65.3,0.0,0.0,0.0,0.0,0.0,0.0,0.0
2022-09-06,europe_east,997.0,85.0,85.0,1737.7,0.0,1.0,44.0,84.0,31.0,-24.3,5.0
2022-09-06,iran,914.0,151.0,199.0,-352.2,0.0,3.0,123.0,246.0,100.0,-23.9,12.0
2022-09-06,israel,2954.0,431.0,733.0,-3104.1,35.0,7.0,167.0,726.0,446.0,-2341.6,76.0
2022-09-06,korea,769.0,56.0,100.0,1254.0,4.0,0.0,26.0,72.0,22.0,31.0,4.0
2022-09-06,libya,89.0,5.0,17.0,38.6,0.0,0.0,9.0,0.0,0.0,0.0,0.0
2022-09-06,scs,1733.0,159.0,159.0,2677.1,0.0,1.0,79.0,18.0,4.0,32.7,0.0
2022-09-06,southasia,7097.0,959.0,858.0,5589.0,28.0,17.0,310.0,15.0,6.0,-17.3,0.0
2022-09-06,sudan,263.0,12.0,56.0,70.3,0.0,0.0,16.0,2.0,1.0,-3.0,0.0
2022-09-06,taiwan,381.0,40.0,49.0,457.0,0.0,0.0,14.0,99.0,63.0,-267.0,5.0
2022-09-06,ukraine,3191.0,416.0,545.0,261.2,12.0,16.0,141.0,1220.0,638.0,-2281.8,73.0
2022-09-06,venezuela,112.0,20.0,14.0,19.9,0.0,0.0,8.0,25.0,3.0,35.1,0.0
2022-09-06,yemen,162.0,9.0,60.0,-471.4,0.0,0.0,1.0,23.0,8.0,-55.4,0.0
2022-09-07,drc,37.0,7.0,4.0,30.9,0.0,0.0,2.0,3.0,1.0,-6.0,0.0
2022-09-07,europe_east,1090.0,93.0,103.0,1987.5,5.0,3.0,39.0,198.0,88.0,-163.3,18.0
2022-09-07,iran,1290.0,222.0,302.0,-793.3,4.0,1.0,197.0,274.0,118.0,51.4,4.0
2022-09-07,israel,2911.0,357.0,750.0,-2707.5,35.0,7.0,151.0,650.0,381.0,-2159.4,56.0
2022-09-07,korea,1089.0,142.0,77.0,2145.8,2.0,6.0,25.0,210.0,67.0,237.5,4.0
2022-09-07,libya,167.0,26.0,31.0,76.9,0.0,0.0,7.0,9.0,2.0,6.4,0.0
2022-09-07,scs,1635.0,104.0,186.0,2540.4,0.0,1.0,100.0,13.0,0.0,49.0,0.0
2022-09-07,southasia,5559.0,787.0,577.0,5392.8,11.0,5.0,283.0,16.0,5.0,12.1,1.0
2022-09-07,sudan,229.0,29.0,57.0,-248.9,4.0,0.0,14.0,2.0,0.0,14.0,0.0
2022-09-07,taiwan,533.0,59.0,53.0,587.7,2.0,4.0,10.0,147.0,57.0,-75.2,12.0
2022-09-07,ukraine,3588.0,482.0,550.0,1046.5,19.0,12.0,127.0,1245.0,616.0,-1810.3,56.0
2022-09-07,venezuela,109.0,10.0,11.0,47.3,0.0,0.0,1.0,12.0,1.0,15.8,0.0
2022-09-07,yemen,160.0,13.0,33.0,-51.7,1.0,0.0,6.0,25.0,5.0,74.3,0.0
2022-09-08,drc,42.0,4.0,7.0,6.1,0.0,0.0,5.0,11.0,9.0,-58.5,0.0
2022-09-08,europe_east,1255.0,122.0,148.0,1692.5,2.0,13.0,69.0,276.0,137.0,-382.3,53.0
2022-09-08,iran,1237.0,268.0,211.0,-328.0,1.0,4.0,103.0,315.0,146.0,-162.1,5.0
2022-09-08,israel,2453.0,303.0,534.0,-725.7,18.0,7.0,146.0,526.0,306.0,-1306.4,55.0
2022-09-08,korea,833.0,95.0,53.0,1470.8,0.0,0.0,17.0,172.0,48.0,193.7,10.0
2022-09-08,libya,155.0,7.0,34.0,-33.4,0.0,4.0,2.0,2.0,0.0,18.0,0.0
2022-09-08,scs,1357.0,139.0,124.0,1810.0,4.0,1.0,74.0,45.0,5.0,73.0,0.0
2022-09-08,southasia,5720.0,756.0,642.0,5505.6,4.0,17.0,291.0,3.0,2.0,-4.1,0.0
2022-09-08,sudan,271.0,31.0,98.0,-531.2,2.0,0.0,19.0,0.0,0.0,0.0,0.0
2022-09-08,taiwan,576.0,44.0,37.0,1001.8,1.0,0.0,21.0,156.0,31.0,171.9,9.0
2022-09-08,ukraine,4175.0,426.0,634.0,2963.9,25.0,23.0,160.0,1364.0,626.0,-1829.6,93.0
2022-09-08,venezuela,135.0,14.0,13.0,196.4,0.0,0.0,8.0,23.0,4.0,48.8,1.0
2022-09-08,yemen,69.0,2.0,6.0,141.2,0.0,0.0,1.0,32.0,5.0,60.1,0.0
2022-09-09,drc,10.0,0.0,1.0,29.2,0.0,0.0,0.0,3.0,3.0,-18.0,0.0
2022-09-09,europe_east,825.0,65.0,87.0,1208.5,4.0,13.0,35.0,92.0,43.0,-157.9,9.0
2022-09-09,iran,926.0,149.0,151.0,168.6,2.0,0.0,101.0,181.0,105.0,-425.3,2.0
2022-09-09,israel,1692.0,211.0,309.0,-254.1,8.0,0.0,87.0,244.0,153.0,-778.3,11.0
2022-09-09,korea,790.0,94.0,59.0,1541.1,1.0,0.0,22.0,159.0,46.0,225.4,0.0
2022-09-09,libya,94.0,9.0,18.0,8.3,1.0,0.0,3.0,1.0,1.0,-4.0,0.0
2022-09-09,scs,1542.0,127.0,141.0,2788.6,4.0,3.0,55.0,29.0,9.0,20.0,0.0
2022-09-09,southasia,6228.0,691.0,755.0,5689.8,10.0,21.0,349.0,25.0,13.0,-46.2,4.0
2022-09-09,sudan,226.0,38.0,60.0,-218.3,0.0,2.0,22.0,0.0,0.0,0.0,0.0
2022-09-09,taiwan,286.0,39.0,40.0,106.0,2.0,0.0,14.0,67.0,27.0,-90.6,9.0
2022-09-09,ukraine,3194.0,336.0,458.0,2067.1,22.0,20.0,94.0,1057.0,497.0,-1741.2,85.0
2022-09-09,venezuela,139.0,11.0,21.0,283.8,0.0,0.0,19.0,33.0,12.0,8.0,9.0
2022-09-09,yemen,61.0,6.0,7.0,55.1,0.0,2.0,0.0,27.0,15.0,-47.0,5.0
2022-09-10,drc,13.0,2.0,1.0,26.4,0.0,1.0,0.0,0.0,0.0,0.0,0.0
2022-09-10,europe_east,435.0,24.0,30.0,795.7,0.0,9.0,7.0,32.0,16.0,-45.5,5.0
2022-09-10,iran,724.0,145.0,119.0,110.1,0.0,0.0,89.0,117.0,78.0,-245.8,3.0
2022-09-10,israel,984.0,124.0,188.0,-140.1,4.0,0.0,58.0,174.0,86.0,-373.9,12.0
2022-09-10,korea,289.0,41.0,35.0,267.2,4.0,0.0,13.0,55.0,24.0,15.5,6.0
2022-09-10,libya,47.0,10.0,12.0,-92.7,0.0,0.0,3.0,2.0,2.0,-14.0,0.0
2022-09-10,scs,752.0,94.0,86.0,708.6,0.0,2.0,46.0,25.0,2.0,105.2,0.0
2022-09-10,southasia,4787.0,615.0,598.0,3130.8,11.0,19.0,282.0,37.0,5.0,62.2,0.0
2022-09-10,sudan,133.0,22.0,22.0,77.1,0.0,2.0,5.0,0.0,0.0,0.0,0.0
2022-09-10,taiwan,222.0,22.0,15.0,349.1,1.0,0.0,6.0,113.0,27.0,87.7,8.0
2022-09-10,ukraine,2432.0,259.0,491.0,-254.8,11.0,25.0,83.0,1027.0,530.0,-1742.0,62.0
2022-09-10,venezuela,88.0,8.0,12.0,132.2,0.0,0.0,12.0,7.0,0.0,23.9,0.0
2022-09-10,yemen,67.0,6.0,11.0,1.6,0.0,0.0,2.0,15.0,1.0,37.6,0.0
2022-09-11,drc,8.0,1.0,1.0,23.3,0.0,0.0,0.0,3.0,2.0,3.0,0.0
2022-09-11,europe_east,293.0,45.0,36.0,66.7,0.0,0.0,7.0,50.0,30.0,-117.7,3.0
2022-09-11,iran,714.0,74.0,107.0,528.9,4.0,2.0,57.0,106.0,29.0,161.6,0.0
2022-09-11,israel,1501.0,181.0,308.0,-165.2,7.0,4.0,89.0,293.0,170.0,-1001.2,29.0
2022-09-11,korea,171.0,12.0,22.0,215.9,0.0,0.0,11.0,21.0,6.0,27.1,0.0
2022-09-11,libya,143.0,22.0,35.0,-146.2,0.0,2.0,7.0,2.0,0.0,18.0,0.0
2022-09-11,scs,779.0,95.0,84.0,945.6,1.0,3.0,43.0,23.0,2.0,46.0,0.0
2022-09-11,southasia,4129.0,572.0,534.0,2089.8,4.0,13.0,204.0,10.0,0.0,25.4,0.0
2022-09-11,sudan,118.0,8.0,19.0,120.3,0.0,0.0,9.0,0.0,0.0,0.0,0.0
2022-09-11,taiwan,180.0,15.0,29.0,122.6,0.0,0.0,18.0,34.0,8.0,19.8,2.0
2022-09-11,ukraine,2297.0,320.0,438.0,-662.7,36.0,11.0,77.0,1027.0,528.0,-1459.3,66.0
2022-09-11,venezuela,86.0,10.0,15.0,21.6,0.0,0.0,10.0,27.0,7.0,8.3,5.0
2022-09-11,yemen,67.0,2.0,32.0,-187.4,0.0,0.0,0.0,9.0,2.0,12.7,0.0
2022-09-12,drc,5.0,0.0,0.0,12.8,0.0,0.0,0.0,1.0,1.0,-2.0,0.0
2022-09-12,europe_east,675.0,66.0,55.0,1163.8,2.0,0.0,29.0,36.0,18.0,-32.2,5.0
2022-09-12,iran,1424.0,226.0,194.0,791.0,10.0,0.0,84.0,356.0,154.0,-42.8,30.0
2022-09-12,israel,2041.0,286.0,380.0,-13.1,11.0,7.0,110.0,443.0,259.0,-1090.2,61.0
2022-09-12,korea,421.0,56.0,24.0,742.0,3.0,0.0,8.0,45.0,13.0,89.8,1.0
2022-09-12,libya,121.0,11.0,29.0,-16.2,0.0,1.0,7.0,2.0,0.0,18.0,0.0
2022-09-12,scs,1356.0,103.0,176.0,1741.3,1.0,0.0,90.0,25.0,4.0,73.2,0.0
2022-09-12,southasia,5741.0,788.0,619.0,4886.9,13.0,19.0,269.0,9.0,1.0,10.2,1.0
2022-09-12,sudan,202.0,15.0,32.0,77.0,0.0,0.0,10.0,0.0,0.0,0.0,0.0
2022-09-12,taiwan,335.0,32.0,37.0,354.5,2.0,0.0,10.0,76.0,24.0,-23.2,9.0
2022-09-12,ukraine,3467.0,560.0,629.0,-119.4,35.0,16.0,128.0,1625.0,801.0,-1909.1,103.0
2022-09-12,venezuela,107.0,22.0,12.0,51.0,0.0,0.0,5.0,26.0,8.0,-3.3,3.0
2022-09-12,yemen,168.0,3.0,28.0,222.6,0.0,0.0,4.0,19.0,5.0,5.6,0.0
2022-09-13,drc,13.0,0.0,1.0,41.1,0.0,1.0,0.0,3.0,1.0,-9.0,0.0
2022-09-13,europe_east,924.0,78.0,69.0,1866.2,0.0,3.0,48.0,92.0,31.0,60.9,12.0
2022-09-13,iran,1304.0,248.0,167.0,610.7,10.0,3.0,72.0,270.0,126.0,-191.6,17.0
2022-09-13,israel,2342.0,305.0,364.0,1280.1,18.0,3.0,137.0,446.0,219.0,-541.7,44.0
2022-09-13,korea,662.0,108.0,87.0,378.7,3.0,3.0,49.0,93.0,56.0,-234.8,6.0
2022-09-13,libya,114.0,7.0,15.0,189.4,2.0,0.0,7.0,0.0,0.0,0.0,0.0
2022-09-13,scs,1403.0,96.0,127.0,2654.1,0.0,3.0,69.0,53.0,23.0,25.0,1.0
2022-09-13,southasia,5755.0,887.0,887.0,1317.6,18.0,11.0,362.0,12.0,4.0,0.7,0.0
2022-09-13,sudan,246.0,33.0,14.0,415.4,0.0,0.0,6.0,0.0,0.0,0.0,0.0
2022-09-13,taiwan,519.0,33.0,39.0,995.3,1.0,1.0,17.0,93.0,33.0,-55.1,10.0
2022-09-13,ukraine,3355.0,400.0,585.0,765.5,24.0,12.0,109.0,1388.0,620.0,-1342.7,48.0
2022-09-13,venezuela,167.0,22.0,22.0,364.2,0.0,0.0,11.0,11.0,5.0,-12.0,2.0
2022-09-13,yemen,164.0,13.0,40.0,5.4,0.0,0.0,18.0,68.0,32.0,-29.4,20.0
2022-09-14,drc,16.0,5.0,4.0,-42.5,0.0,0.0,0.0,5.0,2.0,-0.4,0.0
2022-09-14,europe_east,773.0,82.0,54.0,1303.3,0.0,1.0,28.0,59.0,29.0,-84.3,10.0
2022-09-14,iran,1279.0,187.0,239.0,262.4,10.0,16.0,92.0,274.0,120.0,-172.7,17.0
2022-09-14,israel,2523.0,292.0,577.0,-1365.3,20.0,4.0,127.0,518.0,318.0,-1832.2,38.0
2022-09-14,korea,915.0,97.0,88.0,1181.7,0.0,0.0,54.0,80.0,24.0,-26.1,1.0
2022-09-14,libya,102.0,17.0,18.0,-53.0,1.0,0.0,9.0,0.0,0.0,0.0,0.0
2022-09-14,scs,1527.0,160.0,137.0,2147.2,3.0,1.0,86.0,108.0,57.0,-85.3,2.0
2022-09-14,southasia,6315.0,862.0,766.0,4235.6,1.0,2.0,302.0,20.0,11.0,-16.2,6.0
2022-09-14,sudan,238.0,36.0,17.0,275.4,1.0,0.0,5.0,0.0,0.0,0.0,0.0
2022-09-14,taiwan,485.0,44.0,32.0,742.5,1.0,1.0,14.0,141.0,49.0,-60.2,9.0
2022-09-14,ukraine,3895.0,455.0,663.0,712.7,13.0,19.0,125.0,1491.0,758.0,-2697.3,88.0
2022-09-14,venezuela,227.0,18.0,35.0,279.0,0.0,0.0,26.0,29.0,11.0,2.7,5.0
2022-09-14,yemen,116.0,13.0,21.0,-2.6,2.0,0.0,6.0,23.0,8.0,17.7,6.0
2022-09-15,drc,4.0,0.0,1.0,-1.0,0.0,0.0,0.0,12.0,2.0,54.0,2.0
2022-09-15,europe_east,822.0,63.0,82.0,1191.9,2.0,1.0,29.0,110.0,44.0,-145.6,5.0
2022-09-15,iran,1440.0,166.0,194.0,1762.1,6.0,6.0,95.0,226.0,110.0,-282.6,18.0
2022-09-15,israel,2852.0,292.0,530.0,31.9,9.0,5.0,128.0,516.0,327.0,-1819.8,51.0
2022-09-15,korea,871.0,87.0,131.0,710.9,1.0,0.0,83.0,54.0,21.0,-9.5,0.0
2022-09-15,libya,135.0,9.0,19.0,180.8,0.0,0.0,4.0,0.0,0.0,0.0,0.0
2022-09-15,scs,1535.0,119.0,164.0,2227.8,0.0,0.0,76.0,36.0,11.0,-10.3,4.0
2022-09-15,southasia,6433.0,843.0,830.0,4032.8,13.0,7.0,368.0,23.0,4.0,51.4,0.0
2022-09-15,sudan,217.0,13.0,35.0,101.6,1.0,0.0,15.0,1.0,1.0,-10.0,0.0
2022-09-15,taiwan,689.0,81.0,46.0,1189.0,1.0,0.0,29.0,148.0,44.0,66.7,4.0
2022-09-15,ukraine,4191.0,470.0,577.0,2604.9,34.0,16.0,129.0,1535.0,629.0,-1171.3,96.0
2022-09-15,venezuela,401.0,55.0,30.0,615.1,0.0,1.0,19.0,86.0,24.0,24.0,5.0
2022-09-15,yemen,93.0,16.0,31.0,-242.5,0.0,0.0,4.0,16.0,3.0,7.3,1.0
2022-09-16,drc,28.0,0.0,11.0,-21.1,0.0,0.0,1.0,14.0,0.0,33.8,0.0
2022-09-16,europe_east,887.0,65.0,78.0,1417.0,1.0,0.0,21.0,75.0,47.0,-294.8,8.0
2022-09-16,iran,1277.0,151.0,142.0,1187.5,6.0,2.0,64.0,207.0,62.0,44.1,4.0
2022-09-16,israel,2107.0,239.0,449.0,-542.5,9.0,13.0,132.0,362.0,190.0,-908.2,38.0
2022-09-16,korea,776.0,73.0,100.0,1002.7,1.0,0.0,53.0,145.0,34.0,201.8,2.0
2022-09-16,libya,58.0,3.0,4.0,144.5,0.0,0.0,2.0,0.0,0.0,0.0,0.0
2022-09-16,scs,1485.0,122.0,133.0,2155.6,3.0,12.0,64.0,65.0,24.0,51.9,6.0
2022-09-16,southasia,6457.0,760.0,684.0,7669.1,13.0,7.0,332.0,15.0,5.0,5.5,3.0
2022-09-16,sudan,196.0,14.0,39.0,-55.0,0.0,2.0,9.0,2.0,2.0,-15.0,1.0
2022-09-16,taiwan,569.0,64.0,67.0,728.0,5.0,2.0,42.0,138.0,48.0,-24.8,10.0
2022-09-16,ukraine,4082.0,510.0,706.0,805.7,31.0,7.0,120.0,1451.0,682.0,-1799.2,61.0
2022-09-16,venezuela,445.0,49.0,42.0,514.9,1.0,1.0,22.0,223.0,43.0,229.6,4.0
2022-09-16,yemen,125.0,6.0,18.0,101.7,0.0,0.0,4.0,21.0,3.0,32.6,1.0
2022-09-17,drc,3.0,0.0,0.0,15.0,0.0,0.0,0.0,9.0,0.0,57.0,0.0
2022-09-17,europe_east,439.0,30.0,40.0,655.8,0.0,1.0,13.0,78.0,17.0,209.1,5.0
2022-09-17,iran,1002.0,150.0,119.0,413.8,8.0,6.0,48.0,66.0,27.0,-66.4,1.0
2022-09-17,israel,1257.0,206.0,278.0,-1165.0,14.0,4.0,60.0,292.0,209.0,-1313.6,18.0
2022-09-17,korea,418.0,46.0,48.0,371.8,0.0,0.0,16.0,82.0,28.0,-47.7,1.0
2022-09-17,libya,36.0,4.0,8.0,13.4,0.0,0.0,2.0,0.0,0.0,0.0,0.0
2022-09-17,scs,910.0,72.0,71.0,1603.7,3.0,2.0,52.0,10.0,0.0,53.2,0.0
2022-09-17,southasia,5208.0,553.0,634.0,4934.0,6.0,30.0,288.0,8.0,1.0,16.2,0.0
2022-09-17,sudan,137.0,13.0,12.0,145.6,0.0,0.0,4.0,2.0,1.0,-5.0,1.0
2022-09-17,taiwan,213.0,23.0,16.0,489.9,0.0,0.0,13.0,40.0,12.0,24.4,0.0
2022-09-17,ukraine,2859.0,465.0,630.0,-2477.8,36.0,12.0,86.0,1212.0,708.0,-3112.1,63.0
2022-09-17,venezuela,335.0,19.0,22.0,542.5,0.0,1.0,5.0,133.0,16.0,217.2,2.0
2022-09-17,yemen,59.0,8.0,7.0,66.8,0.0,0.0,1.0,25.0,3.0,59.7,0.0
2022-09-18,drc,6.0,1.0,0.0,10.8,0.0,0.0,0.0,0.0,0.0,0.0,0.0
2022-09-18,europe_east,491.0,31.0,53.0,808.2,0.0,1.0,34.0,42.0,17.0,-19.1,12.0
2022-09-18,iran,690.0,97.0,99.0,62.5,4.0,6.0,43.0,115.0,45.0,-146.1,3.0
2022-09-18,israel,1681.0,268.0,275.0,-11.9,4.0,2.0,68.0,281.0,160.0,-806.7,19.0
2022-09-18,korea,353.0,55.0,43.0,210.4,1.0,0.0,26.0,34.0,19.0,-62.1,3.0
2022-09-18,libya,39.0,8.0,10.0,-63.7,0.0,0.0,0.0,0.0,0.0,0.0,0.0
2022-09-18,scs,918.0,56.0,92.0,1339.8,2.0,2.0,36.0,32.0,1.0,113.8,1.0
2022-09-18,southasia,4263.0,519.0,513.0,3085.3,4.0,19.0,196.0,21.0,6.0,-48.0,1.0
2022-09-18,sudan,100.0,8.0,8.0,130.6,0.0,0.0,3.0,0.0,0.0,0.0,0.0
2022-09-18,taiwan,246.0,26.0,20.0,307.1,0.0,0.0,4.0,59.0,14.0,41.5,3.0
2022-09-18,ukraine,2569.0,378.0,594.0,-2365.9,25.0,18.0,88.0,1068.0,640.0,-2722.2,58.0
2022-09-18,venezuela,246.0,25.0,32.0,208.5,0.0,0.0,19.0,93.0,13.0,192.2,6.0
2022-09-18,yemen,85.0,16.0,8.0,52.4,0.0,1.0,5.0,25.0,8.0,2.1,1.0
2022-09-19,drc,13.0,4.0,4.0,-27.2,0.0,0.0,0.0,10.0,3.0,-14.0,0.0
2022-09-19,europe_east,967.0,60.0,109.0,1609.7,6.0,1.0,74.0,171.0,104.0,-349.9,59.0
2022-09-19,iran,1712.0,381.0,285.0,-1188.3,5.0,4.0,148.0,302.0,107.0,-51.1,13.0
2022-09-19,israel,1759.0,300.0,220.0,751.2,8.0,0.0,99.0,310.0,165.0,-502.1,31.0
2022-09-19,korea,704.0,85.0,90.0,640.3,5.0,2.0,30.0,45.0,16.0,14.0,0.0
2022-09-19,libya,38.0,4.0,10.0,-49.7,0.0,0.0,1.0,0.0,0.0,0.0,0.0
2022-09-19,scs,1400.0,129.0,146.0,1974.7,0.0,0.0,70.0,58.0,16.0,112.1,8.0
2022-09-19,southasia,5641.0,921.0,670.0,3449.6,26.0,5.0,341.0,4.0,2.0,-4.4,0.0
2022-09-19,sudan,186.0,21.0,23.0,251.6,0.0,0.0,14.0,4.0,1.0,10.0,1.0
2022-09-19,taiwan,611.0,67.0,80.0,524.1,3.0,7.0,13.0,198.0,65.0,57.9,12.0
2022-09-19,ukraine,2963.0,427.0,666.0,-1834.4,24.0,11.0,109.0,1206.0,745.0,-3314.8,52.0
2022-09-19,venezuela,298.0,32.0,22.0,462.4,0.0,0.0,14.0,111.0,12.0,165.7,2.0
2022-09-19,yemen,165.0,13.0,14.0,232.6,0.0,0.0,0.0,17.0,1.0,44.0,0.0
2022-09-20,drc,32.0,0.0,2.0,55.2,0.0,0.0,0.0,10.0,2.0,44.8,2.0
2022-09-20,europe_east,1103.0,99.0,157.0,1309.4,0.0,2.0,100.0,190.0,110.0,-369.9,46.0
2022-09-20,iran,1781.0,442.0,365.0,-2463.5,8.0,5.0,155.0,232.0,69.0,240.9,10.0
2022-09-20,israel,2791.0,394.0,521.0,-594.4,15.0,4.0,167.0,495.0,282.0,-1438.3,61.0
2022-09-20,korea,563.0,77.0,46.0,604.6,4.0,2.0,24.0,57.0,14.0,61.2,0.0
2022-09-20,libya,98.0,17.0,13.0,-0.1,0.0,1.0,4.0,0.0,0.0,0.0,0.0
2022-09-20,scs,1604.0,153.0,158.0,2120.2,2.0,4.0,88.0,71.0,3.0,257.2,2.0
2022-09-20,southasia,6728.0,941.0,729.0,6004.6,25.0,12.0,350.0,17.0,9.0,-39.2,0.0
2022-09-20,sudan,238.0,26.0,52.0,60.5,0.0,0.0,26.0,0.0,0.0,0.0,0.0
2022-09-20,taiwan,619.0,69.0,40.0,1155.5,1.0,4.0,9.0,189.0,63.0,72.1,13.0
2022-09-20,ukraine,3861.0,449.0,658.0,1382.6,26.0,16.0,159.0,1501.0,665.0,-1529.8,73.0
2022-09-20,venezuela,484.0,61.0,61.0,259.5,1.0,0.0,26.0,290.0,42.0,410.7,2.0
2022-09-20,yemen,157.0,10.0,14.0,208.1,0.0,0.0,0.0,13.0,2.0,13.5,0.0
2022-09-21,drc,47.0,13.0,5.0,-9.3,0.0,0.0,0.0,23.0,9.0,40.8,1.0
2022-09-21,europe_east,1150.0,104.0,149.0,1163.3,8.0,25.0,50.0,146.0,80.0,-262.4,46.0
2022-09-21,iran,2382.0,608.0,537.0,-3671.4,8.0,4.0,218.0,293.0,127.0,-80.1,13.0
2022-09-21,israel,2774.0,358.0,494.0,-94.5,14.0,10.0,133.0,538.0,316.0,-1589.6,47.0
2022-09-21,korea,801.0,63.0,62.0,1339.9,6.0,13.0,12.0,61.0,25.0,-12.0,4.0
2022-09-21,libya,114.0,14.0,17.0,66.3,1.0,2.0,1.0,1.0,0.0,4.0,0.0
2022-09-21,scs,1743.0,156.0,198.0,2109.3,6.0,5.0,116.0,78.0,6.0,291.4,2.0
2022-09-21,southasia,5831.0,801.0,589.0,6193.0,7.0,14.0,324.0,21.0,5.0,19.6,5.0
2022-09-21,sudan,134.0,14.0,16.0,95.7,0.0,0.0,2.0,0.0,0.0,0.0,0.0
2022-09-21,taiwan,568.0,84.0,37.0,796.4,2.0,1.0,18.0,203.0,61.0,84.6,12.0
2022-09-21,ukraine,4812.0,792.0,595.0,3027.3,67.0,67.0,168.0,1604.0,769.0,-1749.6,115.0
2022-09-21,venezuela,452.0,80.0,33.0,519.5,0.0,0.0,21.0,200.0,35.0,283.2,0.0
2022-09-21,yemen,157.0,11.0,7.0,252.4,4.0,0.0,0.0,35.0,8.0,9.9,0.0
2022-09-22,drc,41.0,8.0,7.0,-22.7,0.0,0.0,1.0,22.0,15.0,-19.6,0.0
2022-09-22,europe_east,1213.0,103.0,127.0,1712.9,4.0,13.0,73.0,276.0,99.0,-109.6,52.0
2022-09-22,iran,2717.0,681.0,774.0,-6158.6,7.0,8.0,274.0,369.0,210.0,-799.8,12.0
2022-09-22,israel,3054.0,449.0,374.0,1551.8,9.0,4.0,114.0,497.0,217.0,-611.9,31.0
2022-09-22,korea,891.0,111.0,63.0,1464.6,2.0,0.0,31.0,86.0,24.0,91.6,0.0
2022-09-22,libya,111.0,23.0,15.0,127.3,0.0,1.0,12.0,0.0,0.0,0.0,0.0
2022-09-22,scs,1624.0,159.0,120.0,2805.7,1.0,2.0,77.0,49.0,14.0,57.8,9.0
2022-09-22,southasia,6257.0,963.0,762.0,3906.0,10.0,15.0,372.0,16.0,7.0,-9.0,2.0
2022-09-22,sudan,221.0,22.0,45.0,-77.3,0.0,1.0,10.0,0.0,0.0,0.0,0.0
2022-09-22,taiwan,590.0,73.0,39.0,887.7,4.0,5.0,13.0,199.0,60.0,97.5,6.0
2022-09-22,ukraine,5507.0,833.0,748.0,3673.9,63.0,45.0,268.0,1924.0,825.0,-616.8,154.0
2022-09-22,venezuela,503.0,41.0,93.0,296.6,0.0,2.0,76.0,192.0,61.0,30.3,48.0
2022-09-22,yemen,135.0,12.0,16.0,133.2,4.0,0.0,3.0,54.0,8.0,37.4,2.0
2022-09-23,drc,53.0,6.0,12.0,17.4,0.0,0.0,6.0,26.0,11.0,4.9,2.0
2022-09-23,europe_east,1059.0,95.0,116.0,1225.8,1.0,11.0,60.0,266.0,136.0,-401.6,35.0
2022-09-23,iran,2436.0,674.0,686.0,-5549.7,6.0,4.0,336.0,308.0,138.0,-122.0,19.0
2022-09-23,israel,2431.0,355.0,333.0,930.9,15.0,1.0,107.0,406.0,169.0,-350.1,16.0
2022-09-23,korea,1022.0,96.0,88.0,1641.6,2.0,4.0,32.0,109.0,25.0,75.9,3.0
2022-09-23,libya,82.0,9.0,2.0,159.5,0.0,0.0,0.0,0.0,0.0,0.0,0.0
2022-09-23,scs,1493.0,140.0,131.0,2252.2,1.0,0.0,78.0,43.0,11.0,8.9,0.0
2022-09-23,southasia,5835.0,912.0,752.0,3094.3,13.0,22.0,385.0,7.0,3.0,6.0,0.0
2022-09-23,sudan,303.0,31.0,31.0,433.5,0.0,0.0,12.0,0.0,0.0,0.0,0.0
2022-09-23,taiwan,420.0,57.0,30.0,599.6,10.0,1.0,11.0,133.0,50.0,-47.9,21.0
2022-09-23,ukraine,4124.0,662.0,635.0,707.6,37.0,38.0,207.0,1709.0,758.0,-973.7,134.0
2022-09-23,venezuela,335.0,23.0,50.0,177.1,0.0,0.0,30.0,120.0,30.0,38.5,12.0
2022-09-23,yemen,147.0,10.0,15.0,149.5,0.0,0.0,7.0,30.0,9.0,27.3,3.0
2022-09-24,drc,55.0,4.0,17.0,-73.4,0.0,0.0,6.0,10.0,3.0,8.0,0.0
2022-09-24,europe_east,439.0,43.0,95.0,-27.3,1.0,5.0,42.0,172.0,91.0,-385.4,35.0
2022-09-24,iran,1858.0,564.0,480.0,-4218.1,11.0,2.0,239.0,209.0,102.0,-277.8,15.0
2022-09-24,israel,1455.0,236.0,277.0,-992.8,6.0,3.0,82.0,285.0,177.0,-920.4,15.0
2022-09-24,korea,680.0,33.0,72.0,807.0,0.0,2.0,14.0,138.0,38.0,-179.5,9.0
2022-09-24,libya,136.0,19.0,12.0,126.1,0.0,0.0,8.0,0.0,0.0,0.0,0.0
2022-09-24,scs,818.0,53.0,74.0,1616.0,1.0,1.0,45.0,57.0,9.0,115.3,2.0
2022-09-24,southasia,4842.0,748.0,735.0,947.9,21.0,24.0,328.0,33.0,9.0,-13.5,4.0
2022-09-24,sudan,112.0,8.0,10.0,189.1,0.0,0.0,7.0,0.0,0.0,0.0,0.0
2022-09-24,taiwan,729.0,81.0,51.0,1406.8,5.0,3.0,29.0,236.0,83.0,23.2,9.0
2022-09-24,ukraine,2805.0,509.0,522.0,-1497.8,26.0,23.0,130.0,1139.0,589.0,-1623.5,82.0
2022-09-24,venezuela,156.0,22.0,21.0,97.9,0.0,0.0,15.0,51.0,1.0,77.9,1.0
2022-09-24,yemen,98.0,5.0,3.0,129.9,0.0,0.0,0.0,14.0,0.0,12.0,0.0
2022-09-25,drc,15.0,1.0,4.0,-15.9,1.0,0.0,2.0,3.0,3.0,-6.0,0.0
2022-09-25,europe_east,424.0,69.0,105.0,-349.5,4.0,2.0,56.0,218.0,81.0,-101.2,17.0
2022-09-25,iran,2031.0,581.0,468.0,-3652.6,13.0,2.0,249.0,305.0,113.0,-37.6,25.0
2022-09-25,israel,1817.0,288.0,287.0,109.6,16.0,1.0,79.0,332.0,188.0,-944.4,30.0
2022-09-25,korea,1248.0,88.0,344.0,-982.4,0.0,5.0,31.0,388.0,215.0,-1125.0,43.0
2022-09-25,libya,99.0,8.0,12.0,63.7,0.0,0.0,4.0,0.0,0.0,0.0,0.0
2022-09-25,scs,988.0,90.0,85.0,1539.5,0.0,2.0,46.0,35.0,3.0,69.2,2.0
2022-09-25,southasia,4835.0,752.0,645.0,1903.1,9.0,9.0,267.0,19.0,15.0,-43.7,2.0
2022-09-25,sudan,158.0,17.0,8.0,283.5,0.0,0.0,2.0,3.0,0.0,12.0,0.0
2022-09-25,taiwan,307.0,40.0,23.0,390.7,0.0,0.0,7.0,97.0,30.0,42.7,0.0
2022-09-25,ukraine,2656.0,482.0,472.0,-1101.6,31.0,24.0,94.0,1136.0,536.0,-1293.4,80.0
2022-09-25,venezuela,127.0,25.0,16.0,-20.3,0.0,0.0,10.0,29.0,2.0,48.3,0.0
2022-09-25,yemen,112.0,2.0,14.0,150.8,0.0,0.0,0.0,22.0,0.0,52.5,0.0
2022-09-26,drc,19.0,2.0,0.0,32.8,0.0,0.0,0.0,25.0,14.0,-65.9,1.0
2022-09-26,europe_east,839.0,73.0,118.0,759.4,1.0,7.0,56.0,235.0,102.0,-247.1,24.0
2022-09-26,iran,2758.0,801.0,706.0,-5698.5,4.0,6.0,407.0,275.0,122.0,-277.9,27.0
2022-09-26,israel,1579.0,262.0,281.0,-400.8,4.0,8.0,81.0,278.0,139.0,-489.5,20.0
2022-09-26,korea,1081.0,102.0,184.0,585.5,2.0,21.0,26.0,186.0,90.0,-408.9,12.0
2022-09-26,libya,96.0,25.0,26.0,-190.5,0.0,0.0,2.0,0.0,0.0,0.0,0.0
2022-09-26,scs,1234.0,92.0,118.0,2345.1,1.0,13.0,58.0,60.0,0.0,216.6,0.0
2022-09-26,southasia,5984.0,935.0,781.0,3086.6,9.0,12.0,356.0,18.0,12.0,-46.6,2.0
2022-09-26,sudan,225.0,30.0,33.0,48.0,0.0,0.0,7.0,0.0,0.0,0.0,0.0
2022-09-26,taiwan,480.0,68.0,34.0,680.8,6.0,0.0,17.0,87.0,35.0,-71.2,5.0
2022-09-26,ukraine,3384.0,484.0,622.0,47.7,42.0,31.0,155.0,1247.0,617.0,-1802.6,95.0
2022-09-26,venezuela,354.0,46.0,40.0,318.2,1.0,0.0,25.0,80.0,16.0,116.1,1.0
2022-09-26,yemen,97.0,1.0,13.0,138.9,0.0,0.0,3.0,7.0,0.0,29.6,0.0
2022-09-27,drc,47.0,0.0,6.0,75.5,0.0,0.0,1.0,6.0,5.0,-20.0,4.0
2022-09-27,europe_east,1181.0,153.0,138.0,1219.0,9.0,29.0,57.0,254.0,88.0,120.6,32.0
2022-09-27,iran,1656.0,397.0,500.0,-3611.7,7.0,5.0,269.0,185.0,61.0,35.5,7.0
2022-09-27,israel,1459.0,222.0,289.0,-300.7,4.0,0.0,128.0,230.0,100.0,-240.9,18.0
2022-09-27,korea,1107.0,102.0,109.0,1375.7,5.0,5.0,20.0,231.0,55.0,61.6,8.0
2022-09-27,libya,147.0,15.0,30.0,21.2,0.0,0.0,4.0,0.0,0.0,0.0,0.0
2022-09-27,scs,1642.0,189.0,155.0,2118.6,5.0,8.0,85.0,40.0,4.0,88.1,2.0
2022-09-27,southasia,6772.0,897.0,1035.0,2888.8,6.0,16.0,510.0,12.0,8.0,-36.0,5.0
2022-09-27,sudan,219.0,40.0,22.0,148.8,0.0,0.0,7.0,0.0,0.0,0.0,0.0
2022-09-27,taiwan,477.0,49.0,34.0,634.4,5.0,1.0,5.0,123.0,42.0,-141.8,8.0
2022-09-27,ukraine,3467.0,576.0,512.0,625.3,28.0,30.0,124.0,1237.0,607.0,-1572.1,80.0
2022-09-27,venezuela,296.0,27.0,23.0,527.8,0.0,0.0,16.0,53.0,7.0,165.4,6.0
2022-09-27,yemen,86.0,5.0,7.0,148.3,0.0,0.0,0.0,13.0,2.0,18.8,0.0
2022-09-28,drc,30.0,4.0,13.0,-77.3,0.0,0.0,3.0,4.0,0.0,0.0,0.0
2022-09-28,europe_east,1264.0,165.0,147.0,1240.7,6.0,22.0,68.0,269.0,135.0,-137.3,23.0
2022-09-28,iran,2140.0,624.0,481.0,-3813.8,1.0,4.0,194.0,273.0,122.0,-324.0,9.0
2022-09-28,israel,2252.0,349.0,616.0,-2982.8,17.0,5.0,122.0,467.0,295.0,-1799.8,37.0
2022-09-28,korea,1506.0,195.0,268.0,254.4,2.0,2.0,42.0,378.0,148.0,-530.8,32.0
2022-09-28,libya,95.0,13.0,18.0,-20.4,0.0,2.0,0.0,0.0,0.0,0.0,0.0
2022-09-28,scs,1405.0,152.0,146.0,1889.8,2.0,5.0,70.0,61.0,16.0,80.5,2.0
2022-09-28,southasia,6392.0,949.0,1070.0,2054.8,19.0,20.0,601.0,17.0,4.0,9.0,0.0
2022-09-28,sudan,294.0,38.0,35.0,52.5,2.0,2.0,10.0,2.0,0.0,4.7,0.0
2022-09-28,taiwan,548.0,58.0,47.0,763.8,6.0,2.0,9.0,153.0,63.0,-157.0,10.0
2022-09-28,ukraine,3630.0,567.0,451.0,1772.9,36.0,22.0,99.0,1371.0,631.0,-965.7,57.0
2022-09-28,venezuela,141.0,13.0,23.0,6.7,0.0,0.0,12.0,54.0,18.0,-3.1,8.0
2022-09-28,yemen,79.0,8.0,12.0,35.9,1.0,2.0,1.0,16.0,4.0,16.7,2.0
2022-09-29,drc,22.0,0.0,10.0,-54.5,0.0,0.0,0.0,3.0,0.0,16.8,0.0
2022-09-29,europe_east,1203.0,167.0,114.0,1066.2,4.0,6.0,60.0,394.0,176.0,-360.6,52.0
2022-09-29,iran,1904.0,501.0,419.0,-2663.3,5.0,4.0,190.0,227.0,95.0,-259.6,9.0
2022-09-29,israel,2493.0,384.0,515.0,-1225.4,11.0,7.0,147.0,440.0,278.0,-1592.4,54.0
2022-09-29,korea,2272.0,279.0,390.0,267.8,3.0,8.0,42.0,737.0,299.0,-1063.5,36.0
2022-09-29,libya,61.0,1.0,14.0,14.0,0.0,0.0,2.0,0.0,0.0,0.0,0.0
2022-09-29,scs,1254.0,122.0,117.0,1901.3,2.0,2.0,61.0,36.0,0.0,157.2,0.0
2022-09-29,southasia,5722.0,834.0,789.0,3059.2,16.0,16.0,385.0,14.0,3.0,2.2,0.0
2022-09-29,sudan,158.0,34.0,30.0,-212.6,4.0,0.0,5.0,0.0,0.0,0.0,0.0
2022-09-29,taiwan,450.0,35.0,22.0,843.7,0.0,0.0,10.0,112.0,29.0,56.2,0.0
2022-09-29,ukraine,3404.0,481.0,477.0,1620.1,30.0,58.0,105.0,1339.0,553.0,-664.6,59.0
2022-09-29,venezuela,167.0,22.0,22.0,185.1,1.0,0.0,19.0,48.0,11.0,45.1,7.0
2022-09-29,yemen,122.0,10.0,17.0,109.5,2.0,0.0,3.0,19.0,15.0,-98.0,0.0
2022-09-30,drc,33.0,1.0,11.0,-76.6,0.0,0.0,0.0,0.0,0.0,0.0,0.0
2022-09-30,europe_east,1097.0,157.0,158.0,744.6,2.0,20.0,79.0,244.0,155.0,-650.6,75.0
2022-09-30,iran,1741.0,406.0,529.0,-3720.8,5.0,1.0,232.0,218.0,82.0,-79.5,3.0
2022-09-30,israel,1737.0,289.0,300.0,-576.9,1.0,8.0,81.0,291.0,151.0,-727.1,21.0
2022-09-30,korea,943.0,102.0,160.0,215.6,1.0,0.0,22.0,205.0,91.0,-424.9,8.0
2022-09-30,libya,43.0,2.0,4.0,63.5,0.0,0.0,2.0,0.0,0.0,0.0,0.0
2022-09-30,scs,1398.0,169.0,90.0,2030.0,0.0,4.0,47.0,42.0,9.0,44.1,7.0
2022-09-30,southasia,5159.0,698.0,694.0,3497.9,14.0,7.0,331.0,0.0,0.0,0.0,0.0
2022-09-30,sudan,256.0,38.0,30.0,83.6,0.0,1.0,16.0,3.0,0.0,6.6,0.0
2022-09-30,taiwan,421.0,33.0,28.0,772.5,2.0,0.0,7.0,123.0,24.0,143.5,10.0
2022-09-30,ukraine,4465.0,918.0,705.0,84.5,35.0,40.0,184.0,2037.0,1007.0,-2410.8,105.0
2022-09-30,venezuela,184.0,21.0,20.0,303.9,0.0,0.0,14.0,30.0,7.0,44.6,2.0
2022-09-30,yemen,162.0,14.0,24.0,72.1,0.0,3.0,4.0,18.0,10.0,-71.2,0.0
2022-10-01,drc,4.0,0.0,0.0,10.0,0.0,0.0,0.0,0.0,0.0,0.0,0.0
2022-10-01,europe_east,673.0,62.0,74.0,1062.4,2.0,7.0,42.0,115.0,54.0,-87.9,16.0
2022-10-01,iran,1770.0,420.0,594.0,-4625.0,9.0,4.0,203.0,148.0,71.0,-111.4,32.0
2022-10-01,israel,1127.0,163.0,222.0,-628.4,3.0,12.0,68.0,254.0,144.0,-767.8,19.0
2022-10-01,korea,691.0,90.0,231.0,-1485.5,3.0,0.0,27.0,245.0,159.0,-1100.8,31.0
2022-10-01,libya,63.0,4.0,7.0,135.0,0.0,2.0,3.0,0.0,0.0,0.0,0.0
2022-10-01,scs,968.0,90.0,107.0,1546.3,4.0,0.0,70.0,35.0,8.0,32.1,4.0
2022-10-01,southasia,4293.0,632.0,642.0,1124.7,7.0,13.0,222.0,18.0,6.0,7.4,2.0
2022-10-01,sudan,49.0,6.0,10.0,-26.9,0.0,0.0,6.0,0.0,0.0,0.0,0.0
2022-10-01,taiwan,217.0,32.0,12.0,175.4,0.0,1.0,1.0,91.0,21.0,-46.2,8.0
2022-10-01,ukraine,3248.0,719.0,520.0,52.5,43.0,23.0,102.0,1636.0,806.0,-757.7,78.0
2022-10-01,venezuela,351.0,22.0,71.0,416.5,0.0,0.0,57.0,161.0,55.0,186.6,43.0
2022-10-01,yemen,94.0,26.0,4.0,11.7,3.0,0.0,0.0,33.0,10.0,30.0,0.0
2022-10-02,drc,25.0,0.0,4.0,45.7,0.0,0.0,3.0,5.0,5.0,-50.0,0.0
2022-10-02,europe_east,352.0,27.0,42.0,408.6,0.0,2.0,10.0,64.0,25.0,-79.7,6.0
2022-10-02,iran,1856.0,416.0,568.0,-3714.0,5.0,2.0,205.0,261.0,103.0,43.0,38.0
2022-10-02,israel,1898.0,248.0,323.0,102.3,24.0,5.0,86.0,382.0,158.0,-345.8,19.0
2022-10-02,korea,383.0,43.0,46.0,238.2,2.0,0.0,12.0,79.0,26.0,-60.1,2.0
2022-10-02,libya,36.0,3.0,12.0,-38.9,0.0,0.0,5.0,0.0,0.0,0.0,0.0
2022-10-02,scs,806.0,74.0,70.0,1361.6,0.0,4.0,37.0,9.0,5.0,18.0,0.0
2022-10-02,southasia,4083.0,530.0,544.0,2237.9,23.0,25.0,214.0,12.0,2.0,24.0,1.0
2022-10-02,sudan,49.0,2.0,9.0,76.7,0.0,0.0,7.0,0.0,0.0,0.0,0.0
2022-10-02,taiwan,223.0,22.0,19.0,290.6,0.0,1.0,4.0,54.0,14.0,13.6,2.0
2022-10-02,ukraine,2357.0,348.0,394.0,193.3,21.0,15.0,53.0,1108.0,426.0,184.9,45.0
2022-10-02,venezuela,365.0,19.0,108.0,283.4,0.0,0.0,93.0,216.0,95.0,54.1,68.0
2022-10-02,yemen,205.0,23.0,23.0,159.2,2.0,0.0,5.0,38.0,8.0,44.0,0.0
2022-10-03,drc,115.0,7.0,4.0,243.9,0.0,0.0,1.0,13.0,6.0,6.8,1.0
2022-10-03,europe_east,866.0,88.0,79.0,1102.8,3.0,2.0,27.0,173.0,77.0,-237.1,12.0
2022-10-03,iran,2199.0,610.0,581.0,-4531.8,11.0,4.0,215.0,396.0,214.0,-287.9,16.0
2022-10-03,israel,2635.0,406.0,405.0,687.2,8.0,2.0,138.0,588.0,296.0,-785.9,27.0
2022-10-03,korea,813.0,95.0,129.0,219.1,1.0,1.0,31.0,244.0,86.0,-307.5,7.0
2022-10-03,libya,149.0,18.0,9.0,273.2,0.0,0.0,3.0,0.0,0.0,0.0,0.0
2022-10-03,scs,1292.0,120.0,130.0,1652.2,2.0,4.0,42.0,45.0,16.0,-55.0,7.0
2022-10-03,southasia,5025.0,779.0,647.0,2570.4,29.0,13.0,295.0,29.0,12.0,-52.1,8.0
2022-10-03,sudan,171.0,19.0,23.0,138.1,0.0,0.0,5.0,0.0,0.0,0.0,0.0
2022-10-03,taiwan,483.0,61.0,59.0,400.1,1.0,8.0,12.0,115.0,52.0,-170.2,17.0
2022-10-03,ukraine,3765.0,538.0,583.0,1537.0,47.0,55.0,96.0,1563.0,674.0,-983.5,83.0
2022-10-03,venezuela,257.0,22.0,51.0,130.0,0.0,0.0,36.0,135.0,45.0,103.1,20.0
2022-10-03,yemen,231.0,53.0,38.0,-174.0,5.0,0.0,0.0,28.0,2.0,56.6,0.0
2022-10-04,drc,143.0,1.0,23.0,109.9,0.0,0.0,0.0,5.0,1.0,11.6,0.0
2022-10-04,europe_east,1227.0,92.0,122.0,1800.6,2.0,10.0,66.0,158.0,41.0,62.1,12.0
2022-10-04,iran,1717.0,479.0,396.0,-2953.8,8.0,1.0,204.0,294.0,171.0,-457.5,12.0
2022-10-04,israel,2252.0,350.0,363.0,364.6,18.0,3.0,157.0,388.0,190.0,-258.2,26.0
2022-10-04,korea,2041.0,396.0,522.0,-3230.8,12.0,3.0,56.0,966.0,639.0,-4106.5,83.0
2022-10-04,libya,156.0,30.0,10.0,243.3,0.0,0.0,5.0,0.0,0.0,0.0,0.0
2022-10-04,scs,1754.0,240.0,252.0,736.2,0.0,0.0,61.0,20.0,8.0,17.5,4.0
2022-10-04,southasia,5228.0,648.0,840.0,1910.4,10.0,16.0,376.0,41.0,20.0,-89.4,6.0
2022-10-04,sudan,162.0,36.0,18.0,54.4,0.0,1.0,14.0,0.0,0.0,0.0,0.0
2022-10-04,taiwan,348.0,46.0,51.0,100.1,2.0,2.0,15.0,120.0,55.0,-163.4,8.0
2022-10-04,ukraine,4207.0,646.0,668.0,1593.2,40.0,39.0,157.0,1805.0,716.0,-100.4,99.0
2022-10-04,venezuela,202.0,12.0,49.0,241.9,0.0,0.0,42.0,85.0,21.0,153.2,8.0
2022-10-04,yemen,223.0,38.0,36.0,-115.5,8.0,0.0,0.0,21.0,4.0,10.0,0.0
2022-10-05,drc,95.0,3.0,25.0,-47.0,0.0,0.0,1.0,10.0,4.0,-25.9,0.0
2022-10-05,europe_east,938.0,72.0,91.0,1360.4,2.0,3.0,40.0,183.0,64.0,80.5,15.0
2022-10-05,iran,2112.0,528.0,491.0,-2870.9,10.0,7.0,253.0,267.0,133.0,-35.7,41.0
2022-10-05,israel,1478.0,172.0,312.0,-423.6,4.0,5.0,77.0,294.0,169.0,-776.3,26.0
2022-10-05,korea,1789.0,236.0,448.0,-1232.3,11.0,5.0,33.0,610.0,337.0,-1564.5,44.0
2022-10-05,libya,112.0,11.0,20.0,102.9,0.0,0.0,9.0,0.0,0.0,0.0,0.0
2022-10-05,scs,1711.0,212.0,225.0,909.8,3.0,0.0,49.0,108.0,68.0,-442.0,16.0
2022-10-05,southasia,4987.0,671.0,629.0,3682.7,10.0,18.0,236.0,29.0,17.0,-5.8,1.0
2022-10-05,sudan,227.0,34.0,20.0,356.6,0.0,0.0,15.0,0.0,0.0,0.0,0.0
2022-10-05,taiwan,451.0,60.0,43.0,235.6,3.0,1.0,10.0,159.0,68.0,-285.2,10.0
2022-10-05,ukraine,3917.0,582.0,708.0,501.9,31.0,12.0,137.0,1704.0,774.0,-1693.4,110.0
2022-10-05,venezuela,318.0,22.0,48.0,597.0,0.0,0.0,36.0,137.0,32.0,203.7,12.0
2022-10-05,yemen,159.0,14.0,29.0,136.2,0.0,2.0,10.0,10.0,4.0,6.2,0.0
2022-10-06,drc,56.0,4.0,6.0,52.8,0.0,0.0,0.0,6.0,4.0,-25.2,0.0
2022-10-06,europe_east,1175.0,109.0,101.0,2219.8,2.0,14.0,50.0,143.0,44.0,108.7,9.0
2022-10-06,iran,1848.0,432.0,488.0,-2439.7,4.0,9.0,267.0,214.0,96.0,14.5,13.0
2022-10-06,israel,2770.0,444.0,423.0,642.6,22.0,18.0,114.0,693.0,306.0,-808.4,44.0
2022-10-06,korea,1995.0,278.0,538.0,-2222.7,4.0,5.0,60.0,540.0,308.0,-1646.4,31.0
2022-10-06,libya,192.0,26.0,22.0,250.7,0.0,0.0,6.0,2.0,0.0,4.7,0.0
2022-10-06,scs,1450.0,133.0,182.0,1479.3,7.0,2.0,68.0,53.0,20.0,-44.8,5.0
2022-10-06,southasia,5390.0,754.0,650.0,3603.7,30.0,14.0,278.0,10.0,0.0,27.8,0.0
2022-10-06,sudan,178.0,33.0,33.0,-43.0,3.0,8.0,10.0,0.0,0.0,0.0,0.0
2022-10-06,taiwan,449.0,39.0,40.0,644.1,10.0,3.0,15.0,122.0,57.0,-210.1,26.0
2022-10-06,ukraine,3938.0,562.0,659.0,422.8,17.0,22.0,120.0,1610.0,722.0,-1263.4,60.0
2022-10-06,venezuela,257.0,27.0,25.0,433.1,0.0,0.0,23.0,98.0,19.0,145.7,5.0
2022-10-06,yemen,224.0,26.0,31.0,215.4,0.0,0.0,8.0,67.0,14.0,173.3,0.0
2022-10-07,drc,30.0,1.0,7.0,-40.2,0.0,0.0,0.0,12.0,8.0,-27.7,0.0
2022-10-07,europe_east,906.0,91.0,112.0,928.8,5.0,10.0,57.0,166.0,68.0,28.5,19.0
2022-10-07,iran,1883.0,488.0,429.0,-3001.2,5.0,4.0,218.0,237.0,114.0,-105.4,20.0
2022-10-07,israel,1833.0,312.0,340.0,-523.3,9.0,10.0,96.0,409.0,196.0,-759.9,31.0
2022-10-07,korea,1184.0,167.0,236.0,-414.8,1.0,0.0,36.0,359.0,159.0,-640.5,18.0
2022-10-07,libya,91.0,11.0,20.0,-35.4,1.0,0.0,10.0,0.0,0.0,0.0,0.0
2022-10-07,scs,1340.0,123.0,163.0,1206.0,1.0,3.0,54.0,50.0,13.0,90.8,4.0
2022-10-07,southasia,5246.0,815.0,792.0,1566.0,12.0,12.0,404.0,17.0,4.0,13.5,0.0
2022-10-07,sudan,236.0,37.0,41.0,21.9,0.0,5.0,19.0,3.0,0.0,0.0,0.0
2022-10-07,taiwan,325.0,38.0,26.0,304.9,10.0,2.0,7.0,66.0,32.0,-145.4,18.0
2022-10-07,ukraine,4245.0,630.0,781.0,-466.1,39.0,28.0,289.0,1341.0,640.0,-1625.5,101.0
2022-10-07,venezuela,317.0,67.0,33.0,316.7,0.0,0.0,22.0,64.0,16.0,95.9,2.0
2022-10-07,yemen,96.0,13.0,27.0,-183.7,3.0,0.0,2.0,25.0,15.0,-83.3,5.0
2022-10-08,drc,17.0,1.0,5.0,-3.7,0.0,0.0,1.0,8.0,6.0,-53.2,0.0
2022-10-08,europe_east,367.0,38.0,49.0,198.8,1.0,6.0,22.0,83.0,45.0,-132.8,12.0
2022-10-08,iran,1531.0,467.0,326.0,-2746.8,0.0,1.0,145.0,83.0,40.0,-35.0,8.0
2022-10-08,israel,1305.0,196.0,373.0,-2038.2,15.0,5.0,102.0,378.0,255.0,-1623.2,33.0
2022-10-08,korea,830.0,112.0,296.0,-1711.4,6.0,0.0,17.0,320.0,205.0,-1303.8,56.0
2022-10-08,libya,74.0,7.0,14.0,-7.6,0.0,0.0,4.0,0.0,0.0,0.0,0.0
2022-10-08,scs,895.0,83.0,135.0,616.0,0.0,1.0,52.0,21.0,10.0,31.4,4.0
2022-10-08,southasia,4568.0,673.0,708.0,1263.4,11.0,6.0,366.0,24.0,12.0,-33.9,10.0
2022-10-08,sudan,44.0,5.0,6.0,64.5,0.0,0.0,4.0,0.0,0.0,0.0,0.0
2022-10-08,taiwan,286.0,52.0,28.0,220.8,0.0,4.0,8.0,97.0,26.0,11.9,0.0
2022-10-08,ukraine,2923.0,580.0,570.0,-1775.0,24.0,32.0,144.0,1380.0,785.0,-2411.1,95.0
2022-10-08,venezuela,140.0,18.0,18.0,78.5,0.0,0.0,6.0,21.0,3.0,15.8,0.0
2022-10-08,yemen,75.0,17.0,15.0,-124.3,1.0,0.0,0.0,24.0,14.0,-57.6,5.0
2022-10-09,drc,3.0,0.0,0.0,9.8,0.0,0.0,0.0,0.0,0.0,0.0,0.0
2022-10-09,europe_east,340.0,29.0,29.0,447.2,0.0,1.0,12.0,49.0,9.0,101.7,1.0
2022-10-09,iran,1381.0,423.0,386.0,-3636.3,5.0,2.0,148.0,121.0,58.0,-56.6,13.0
2022-10-09,israel,1674.0,229.0,509.0,-2636.2,12.0,6.0,139.0,425.0,297.0,-1944.5,36.0
2022-10-09,korea,917.0,93.0,305.0,-1666.5,7.0,0.0,44.0,305.0,195.0,-1326.3,47.0
2022-10-09,libya,87.0,12.0,17.0,-10.8,1.0,2.0,1.0,0.0,0.0,0.0,0.0
2022-10-09,scs,1172.0,94.0,213.0,726.1,3.0,0.0,74.0,34.0,10.0,-1.7,0.0
2022-10-09,southasia,3986.0,610.0,521.0,1246.1,10.0,7.0,195.0,24.0,6.0,25.4,0.0
2022-10-09,sudan,91.0,14.0,10.0,35.3,0.0,0.0,6.0,0.0,0.0,0.0,0.0
2022-10-09,taiwan,249.0,34.0,25.0,232.6,2.0,0.0,5.0,155.0,37.0,75.3,4.0
2022-10-09,ukraine,2376.0,446.0,526.0,-2514.0,25.0,31.0,96.0,1252.0,660.0,-2491.5,81.0
2022-10-09,venezuela,100.0,4.0,19.0,63.1,0.0,3.0,8.0,32.0,3.0,35.8,0.0
2022-10-09,yemen,48.0,5.0,12.0,-36.4,1.0,0.0,3.0,26.0,12.0,-24.9,2.0
2022-10-10,drc,35.0,4.0,4.0,5.1,0.0,0.0,2.0,5.0,0.0,22.7,0.0
2022-10-10,europe_east,799.0,81.0,65.0,997.5,10.0,8.0,14.0,93.0,22.0,90.8,8.0
2022-10-10,iran,1716.0,464.0,448.0,-3729.6,7.0,8.0,191.0,176.0,94.0,-278.4,3.0
2022-10-10,israel,1403.0,239.0,350.0,-1758.4,12.0,13.0,70.0,389.0,253.0,-1326.6,41.0
2022-10-10,korea,944.0,147.0,184.0,-286.5,23.0,1.0,29.0,263.0,142.0,-711.2,45.0
2022-10-10,libya,117.0,19.0,17.0,23.1,0.0,0.0,5.0,0.0,0.0,0.0,0.0
2022-10-10,scs,1401.0,172.0,177.0,1182.3,3.0,1.0,80.0,13.0,0.0,25.6,0.0
2022-10-10,southasia,4882.0,804.0,684.0,1528.9,4.0,6.0,275.0,12.0,9.0,-43.3,1.0
2022-10-10,sudan,222.0,24.0,37.0,115.2,0.0,2.0,19.0,1.0,1.0,-5.0,1.0
2022-10-10,taiwan,585.0,86.0,51.0,707.1,3.0,1.0,14.0,365.0,98.0,335.2,14.0
2022-10-10,ukraine,5639.0,1132.0,1155.0,-4894.1,102.0,70.0,120.0,2469.0,1461.0,-5990.7,167.0
2022-10-10,venezuela,211.0,10.0,28.0,246.5,0.0,9.0,9.0,32.0,5.0,71.5,0.0
2022-10-10,yemen,78.0,6.0,5.0,151.6,0.0,0.0,1.0,18.0,2.0,47.4,0.0
2022-10-11,drc,40.0,1.0,2.0,107.1,0.0,0.0,0.0,0.0,0.0,0.0,0.0
2022-10-11,europe_east,968.0,92.0,97.0,1476.9,0.0,7.0,41.0,120.0,37.0,88.5,10.0
2022-10-11,iran,1703.0,508.0,454.0,-3673.0,4.0,3.0,227.0,144.0,87.0,-277.7,1.0
2022-10-11,israel,2800.0,381.0,520.0,194.0,28.0,5.0,133.0,772.0,319.0,-432.0,62.0
2022-10-11,korea,895.0,142.0,114.0,361.9,13.0,0.0,38.0,245.0,122.0,-568.8,22.0
2022-10-11,libya,115.0,16.0,8.0,273.8,0.0,0.0,3.0,0.0,0.0,0.0,0.0
2022-10-11,scs,1720.0,187.0,246.0,1232.8,1.0,1.0,104.0,61.0,13.0,48.6,0.0
2022-10-11,southasia,5621.0,840.0,753.0,2568.4,18.0,11.0,356.0,27.0,15.0,-45.4,4.0
2022-10-11,sudan,514.0,72.0,45.0,565.2,0.0,0.0,16.0,6.0,1.0,19.2,0.0
2022-10-11,taiwan,445.0,73.0,25.0,539.2,0.0,1.0,4.0,167.0,69.0,-110.9,11.0
2022-10-11,ukraine,5732.0,987.0,943.0,-1211.3,85.0,36.0,124.0,2257.0,1179.0,-4284.2,104.0
2022-10-11,venezuela,261.0,23.0,26.0,381.3,0.0,2.0,16.0,39.0,5.0,83.2,4.0
2022-10-11,yemen,203.0,38.0,18.0,112.6,0.0,0.0,2.0,62.0,8.0,105.3,0.0
2022-10-12,drc,32.0,1.0,3.0,48.4,0.0,0.0,3.0,18.0,0.0,42.3,0.0
2022-10-12,europe_east,847.0,86.0,106.0,854.0,6.0,6.0,40.0,87.0,34.0,-67.7,13.0
2022-10-12,iran,2103.0,582.0,595.0,-4410.6,14.0,3.0,293.0,209.0,92.0,-213.1,22.0
2022-10-12,israel,3080.0,440.0,601.0,48.8,20.0,20.0,124.0,949.0,414.0,-950.3,87.0
2022-10-12,korea,684.0,84.0,89.0,523.9,8.0,0.0,25.0,136.0,56.0,-134.7,8.0
2022-10-12,libya,79.0,4.0,9.0,160.5,1.0,0.0,4.0,1.0,0.0,3.4,0.0
2022-10-12,scs,1517.0,132.0,188.0,1984.1,1.0,3.0,103.0,118.0,42.0,-44.9,2.0
2022-10-12,southasia,5714.0,877.0,672.0,3776.1,12.0,9.0,343.0,11.0,2.0,9.3,0.0
2022-10-12,sudan,217.0,23.0,25.0,235.0,0.0,0.0,7.0,1.0,1.0,-5.0,1.0
2022-10-12,taiwan,338.0,59.0,40.0,53.7,3.0,5.0,4.0,91.0,43.0,-107.9,14.0
2022-10-12,ukraine,5008.0,790.0,922.0,-1696.2,65.0,51.0,162.0,2039.0,1043.0,-3696.3,131.0
2022-10-12,venezuela,332.0,26.0,33.0,607.2,0.0,0.0,23.0,76.0,20.0,60.4,8.0
2022-10-12,yemen,178.0,29.0,49.0,-290.7,0.0,0.0,16.0,61.0,31.0,-101.4,2.0
2022-10-13,drc,30.0,5.0,9.0,-54.0,0.0,0.0,1.0,2.0,0.0,8.0,0.0
2022-10-13,europe_east,986.0,125.0,71.0,1359.4,3.0,5.0,27.0,85.0,44.0,-155.8,5.0
2022-10-13,iran,1628.0,439.0,394.0,-2594.8,2.0,9.0,187.0,207.0,124.0,-303.9,10.0
2022-10-13,israel,2584.0,369.0,500.0,-367.7,6.0,16.0,116.0,652.0,290.0,-893.3,39.0
2022-10-13,korea,1049.0,150.0,197.0,90.6,21.0,2.0,48.0,260.0,125.0,-457.1,22.0
2022-10-13,libya,85.0,14.0,12.0,68.6,0.0,0.0,5.0,2.0,1.0,-5.0,1.0
2022-10-13,scs,1483.0,135.0,207.0,1420.3,0.0,0.0,90.0,71.0,8.0,132.8,2.0
2022-10-13,southasia,5548.0,994.0,771.0,1647.6,8.0,7.0,437.0,17.0,13.0,-55.6,4.0
2022-10-13,sudan,221.0,36.0,21.0,220.4,0.0,0.0,9.0,0.0,0.0,0.0,0.0
2022-10-13,taiwan,368.0,64.0,26.0,317.6,7.0,2.0,3.0,107.0,41.0,-66.8,15.0
2022-10-13,ukraine,4841.0,764.0,812.0,557.5,61.0,28.0,165.0,1718.0,870.0,-2967.7,103.0
2022-10-13,venezuela,393.0,39.0,57.0,432.8,0.0,0.0,32.0,120.0,29.0,157.0,7.0
2022-10-13,yemen,189.0,26.0,20.0,89.1,0.0,0.0,2.0,49.0,7.0,76.1,1.0
2022-10-14,drc,5.0,0.0,0.0,16.4,0.0,0.0,0.0,0.0,0.0,0.0,0.0
2022-10-14,europe_east,952.0,73.0,98.0,1174.0,0.0,10.0,29.0,74.0,27.0,-64.6,8.0
2022-10-14,iran,1718.0,488.0,442.0,-3501.1,6.0,21.0,228.0,161.0,76.0,-57.6,5.0
2022-10-14,israel,2354.0,281.0,583.0,-1683.3,3.0,10.0,114.0,636.0,332.0,-1460.6,32.0
2022-10-14,korea,1070.0,158.0,281.0,-1080.2,11.0,6.0,90.0,327.0,169.0,-788.0,24.0
2022-10-14,libya,81.0,12.0,8.0,107.5,0.0,1.0,2.0,0.0,0.0,0.0,0.0
2022-10-14,scs,1433.0,100.0,149.0,1879.9,0.0,1.0,63.0,55.0,6.0,115.5,0.0
2022-10-14,southasia,5439.0,850.0,731.0,2958.4,30.0,16.0,366.0,15.0,8.0,-34.1,1.0
2022-10-14,sudan,255.0,29.0,21.0,477.4,0.0,0.0,6.0,1.0,0.0,4.0,0.0
2022-10-14,taiwan,370.0,49.0,46.0,297.9,2.0,0.0,28.0,117.0,25.0,133.4,5.0
2022-10-14,ukraine,4152.0,588.0,746.0,351.0,48.0,32.0,138.0,1706.0,823.0,-2940.1,99.0
2022-10-14,venezuela,344.0,25.0,45.0,380.2,0.0,0.0,27.0,108.0,23.0,108.2,10.0
2022-10-14,yemen,176.0,15.0,46.0,-168.3,0.0,4.0,3.0,29.0,2.0,132.1,0.0
2022-10-15,drc,44.0,9.0,9.0,-41.3,1.0,0.0,4.0,0.0,0.0,0.0,0.0
2022-10-15,europe_east,486.0,65.0,47.0,536.8,0.0,2.0,19.0,45.0,28.0,-1.7,0.0
2022-10-15,iran,1378.0,383.0,309.0,-2108.8,4.0,15.0,141.0,190.0,104.0,-103.2,8.0
2022-10-15,israel,1339.0,183.0,347.0,-1573.6,3.0,0.0,69.0,385.0,219.0,-1143.7,22.0
2022-10-15,korea,533.0,61.0,140.0,-282.0,2.0,0.0,55.0,162.0,73.0,-271.5,15.0
2022-10-15,libya,81.0,9.0,8.0,79.9,0.0,0.0,2.0,0.0,0.0,0.0,0.0
2022-10-15,scs,956.0,70.0,154.0,690.2,0.0,2.0,65.0,13.0,3.0,20.0,1.0
2022-10-15,southasia,4782.0,806.0,634.0,1578.3,19.0,9.0,268.0,19.0,11.0,-38.4,4.0
2022-10-15,sudan,164.0,13.0,26.0,117.6,0.0,0.0,6.0,0.0,0.0,0.0,0.0
2022-10-15,taiwan,229.0,22.0,30.0,124.9,1.0,0.0,12.0,94.0,25.0,-31.6,2.0
2022-10-15,ukraine,2829.0,346.0,587.0,143.8,21.0,29.0,86.0,1007.0,626.0,-2992.9,68.0
2022-10-15,venezuela,244.0,26.0,47.0,90.5,0.0,1.0,25.0,58.0,19.0,-9.8,3.0
2022-10-15,yemen,69.0,9.0,10.0,4.2,1.0,0.0,3.0,13.0,1.0,49.0,0.0
2022-10-16,drc,10.0,4.0,5.0,-38.0,1.0,0.0,5.0,0.0,0.0,0.0,0.0
2022-10-16,europe_east,353.0,31.0,76.0,58.8,0.0,38.0,25.0,21.0,11.0,-12.7,4.0
2022-10-16,iran,1633.0,451.0,424.0,-3086.4,5.0,4.0,168.0,198.0,115.0,-307.3,15.0
2022-10-16,israel,1366.0,210.0,317.0,-911.2,2.0,5.0,59.0,325.0,190.0,-894.0,8.0
2022-10-16,korea,331.0,37.0,68.0,-107.5,0.0,1.0,13.0,75.0,42.0,-255.0,5.0
2022-10-16,libya,42.0,4.0,7.0,-3.9,0.0,0.0,2.0,0.0,0.0,0.0,0.0
2022-10-16,scs,970.0,90.0,104.0,1074.2,0.0,3.0,47.0,46.0,17.0,-25.7,4.0
2022-10-16,southasia,4144.0,621.0,523.0,2296.8,4.0,24.0,220.0,12.0,6.0,-26.9,0.0
2022-10-16,sudan,113.0,16.0,26.0,-39.2,0.0,3.0,1.0,0.0,0.0,0.0,0.0
2022-10-16,taiwan,233.0,48.0,24.0,46.1,0.0,3.0,7.0,125.0,49.0,8.0,6.0
2022-10-16,ukraine,2067.0,292.0,521.0,-1550.0,14.0,20.0,72.0,904.0,561.0,-2866.5,67.0
2022-10-16,venezuela,171.0,23.0,17.0,180.9,0.0,1.0,9.0,33.0,12.0,-8.8,7.0
2022-10-16,yemen,27.0,1.0,6.0,21.3,0.0,0.0,0.0,11.0,4.0,4.2,1.0
2022-10-17,drc,38.0,4.0,18.0,-136.8,0.0,0.0,9.0,4.0,4.0,-24.0,0.0
2022-10-17,europe_east,818.0,62.0,91.0,1320.7,1.0,4.0,56.0,101.0,50.0,-102.9,18.0
2022-10-17,iran,2035.0,535.0,575.0,-4227.7,9.0,15.0,216.0,235.0,143.0,-383.9,10.0
2022-10-17,israel,1783.0,257.0,299.0,321.0,11.0,7.0,72.0,287.0,155.0,-664.8,25.0
2022-10-17,korea,885.0,127.0,117.0,486.2,4.0,1.0,28.0,135.0,61.0,-120.6,14.0
2022-10-17,libya,122.0,21.0,5.0,144.7,1.0,0.0,0.0,1.0,1.0,-2.0,0.0
2022-10-17,scs,1561.0,118.0,152.0,2315.8,1.0,1.0,63.0,42.0,17.0,-91.9,0.0
2022-10-17,southasia,5626.0,931.0,613.0,4004.7,9.0,27.0,253.0,22.0,12.0,-58.5,3.0
2022-10-17,sudan,350.0,59.0,48.0,175.7,0.0,5.0,13.0,4.0,1.0,-2.9,0.0
2022-10-17,taiwan,352.0,55.0,25.0,409.9,2.0,1.0,9.0,133.0,43.0,53.5,5.0
2022-10-17,ukraine,4041.0,622.0,911.0,-2861.0,33.0,59.0,143.0,1380.0,787.0,-3362.5,95.0
2022-10-17,venezuela,292.0,31.0,20.0,467.2,0.0,0.0,16.0,55.0,25.0,-44.2,11.0
2022-10-17,yemen,64.0,7.0,10.0,4.4,0.0,0.0,2.0,17.0,7.0,-44.2,0.0
2022-10-18,drc,57.0,7.0,21.0,-99.6,1.0,0.0,5.0,9.0,6.0,-35.6,0.0
2022-10-18,europe_east,1007.0,87.0,56.0,1569.1,1.0,0.0,24.0,123.0,26.0,245.5,6.0
2022-10-18,iran,2034.0,481.0,471.0,-2218.3,10.0,10.0,207.0,263.0,158.0,-442.1,30.0
2022-10-18,israel,2739.0,466.0,384.0,982.1,17.0,10.0,131.0,493.0,212.0,-448.3,38.0
2022-10-18,korea,801.0,97.0,188.0,-399.6,2.0,4.0,43.0,152.0,116.0,-781.4,15.0
2022-10-18,libya,100.0,14.0,13.0,43.5,1.0,0.0,4.0,0.0,0.0,0.0,0.0
2022-10-18,scs,1749.0,118.0,194.0,2687.3,2.0,11.0,91.0,24.0,2.0,41.5,0.0
2022-10-18,southasia,6325.0,1001.0,874.0,2609.6,8.0,17.0,361.0,34.0,16.0,-100.3,0.0
2022-10-18,sudan,277.0,36.0,41.0,235.3,0.0,1.0,15.0,7.0,1.0,3.0,0.0
2022-10-18,taiwan,425.0,73.0,39.0,357.6,4.0,5.0,9.0,163.0,74.0,-177.7,13.0
2022-10-18,ukraine,3952.0,571.0,819.0,-922.3,50.0,31.0,181.0,1485.0,696.0,-1819.7,77.0
2022-10-18,venezuela,314.0,30.0,23.0,435.4,0.0,0.0,9.0,71.0,24.0,15.2,9.0
2022-10-18,yemen,87.0,16.0,15.0,-12.8,0.0,0.0,3.0,26.0,8.0,0.8,0.0
2022-10-19,drc,26.0,1.0,6.0,-9.1,0.0,0.0,2.0,2.0,0.0,4.7,0.0
2022-10-19,europe_east,1051.0,92.0,98.0,1630.8,2.0,4.0,31.0,124.0,49.0,-1.0,12.0
2022-10-19,iran,2079.0,510.0,442.0,-2400.4,12.0,4.0,184.0,265.0,131.0,-408.9,13.0
2022-10-19,israel,2982.0,448.0,458.0,810.9,18.0,4.0,136.0,576.0,243.0,-742.5,22.0
2022-10-19,korea,1046.0,158.0,219.0,-136.5,4.0,2.0,26.0,253.0,175.0,-1089.0,27.0
2022-10-19,libya,89.0,7.0,11.0,172.6,0.0,0.0,2.0,0.0,0.0,0.0,0.0
2022-10-19,scs,1477.0,143.0,145.0,2089.5,3.0,6.0,76.0,67.0,21.0,28.0,15.0
2022-10-19,southasia,6123.0,952.0,828.0,3489.7,12.0,4.0,407.0,24.0,5.0,20.8,1.0
2022-10-19,sudan,269.0,25.0,30.0,372.6,0.0,1.0,8.0,0.0,0.0,0.0,0.0
2022-10-19,taiwan,390.0,57.0,28.0,484.4,3.0,5.0,5.0,125.0,41.0,0.3,3.0
2022-10-19,ukraine,4420.0,695.0,927.0,-1703.8,44.0,39.0,251.0,1760.0,932.0,-3425.9,168.0
2022-10-19,venezuela,338.0,51.0,33.0,268.7,0.0,0.0,24.0,89.0,28.0,-12.7,15.0
2022-10-19,yemen,106.0,12.0,18.0,95.4,0.0,0.0,10.0,23.0,4.0,15.5,1.0
2022-10-20,drc,63.0,4.0,16.0,-63.9,0.0,0.0,2.0,11.0,9.0,-73.6,0.0
2022-10-20,europe_east,895.0,65.0,99.0,1522.0,0.0,4.0,44.0,152.0,53.0,18.1,20.0
2022-10-20,iran,2516.0,536.0,578.0,-2290.8,7.0,7.0,272.0,304.0,109.0,86.4,6.0
2022-10-20,israel,2887.0,432.0,465.0,565.3,18.0,15.0,139.0,597.0,269.0,-971.4,40.0
2022-10-20,korea,617.0,72.0,90.0,346.9,0.0,5.0,23.0,85.0,53.0,-282.5,4.0
2022-10-20,libya,90.0,11.0,20.0,26.3,1.0,0.0,8.0,0.0,0.0,0.0,0.0
2022-10-20,scs,1335.0,135.0,133.0,1339.9,2.0,2.0,74.0,33.0,18.0,-55.8,7.0
2022-10-20,southasia,5447.0,872.0,657.0,3763.4,11.0,13.0,345.0,5.0,3.0,-13.3,0.0
2022-10-20,sudan,380.0,77.0,99.0,-486.4,5.0,0.0,15.0,11.0,6.0,13.0,0.0
2022-10-20,taiwan,441.0,49.0,41.0,475.6,4.0,0.0,13.0,101.0,36.0,-51.5,7.0
2022-10-20,ukraine,4113.0,670.0,789.0,-698.8,36.0,29.0,230.0,1519.0,775.0,-2453.6,126.0
2022-10-20,venezuela,291.0,48.0,37.0,326.8,1.0,0.0,30.0,68.0,18.0,72.8,3.0
2022-10-20,yemen,84.0,17.0,12.0,25.5,0.0,0.0,4.0,38.0,17.0,-15.8,3.0
2022-10-21,drc,24.0,1.0,0.0,80.2,0.0,0.0,0.0,5.0,0.0,32.0,0.0
2022-10-21,europe_east,951.0,71.0,69.0,1869.8,4.0,0.0,37.0,74.0,24.0,53.2,3.0
2022-10-21,iran,2083.0,445.0,494.0,-2334.4,11.0,10.0,234.0,380.0,156.0,-160.6,22.0
2022-10-21,israel,2080.0,326.0,448.0,-1313.4,10.0,5.0,109.0,484.0,254.0,-1363.0,12.0
2022-10-21,korea,561.0,63.0,105.0,161.8,0.0,1.0,40.0,94.0,46.0,-186.9,11.0
2022-10-21,libya,96.0,9.0,24.0,-0.2,0.0,0.0,3.0,2.0,0.0,6.0,0.0
2022-10-21,scs,1526.0,122.0,136.0,2237.7,0.0,2.0,84.0,29.0,0.0,156.0,0.0
2022-10-21,southasia,5453.0,888.0,816.0,364.3,28.0,28.0,381.0,34.0,23.0,-125.8,8.0
2022-10-21,sudan,365.0,64.0,83.0,-272.5,4.0,1.0,21.0,4.0,2.0,12.0,0.0
2022-10-21,taiwan,445.0,43.0,33.0,642.7,6.0,2.0,9.0,102.0,27.0,33.1,9.0
2022-10-21,ukraine,3957.0,656.0,701.0,-529.0,37.0,31.0,184.0,1665.0,810.0,-2437.5,115.0
2022-10-21,venezuela,259.0,40.0,23.0,231.6,0.0,0.0,14.0,59.0,20.0,-26.9,5.0
2022-10-21,yemen,105.0,10.0,34.0,-200.0,0.0,0.0,3.0,32.0,17.0,-75.9,0.0
2022-10-22,drc,2.0,0.0,0.0,-0.4,0.0,0.0,0.0,7.0,5.0,-5.0,1.0
2022-10-22,europe_east,407.0,47.0,35.0,504.9,5.0,1.0,13.0,36.0,3.0,88.7,1.0
2022-10-22,iran,1444.0,349.0,315.0,-1626.2,10.0,1.0,150.0,153.0,62.0,-76.5,17.0
2022-10-22,israel,1257.0,176.0,290.0,-766.7,7.0,0.0,67.0,306.0,184.0,-980.4,18.0
2022-10-22,korea,332.0,54.0,65.0,-32.2,0.0,0.0,25.0,65.0,47.0,-227.6,12.0
2022-10-22,libya,72.0,4.0,6.0,163.9,0.0,0.0,0.0,0.0,0.0,0.0,0.0
2022-10-22,scs,685.0,47.0,87.0,768.2,1.0,0.0,52.0,13.0,6.0,-22.6,0.0
2022-10-22,southasia,3744.0,652.0,610.0,-472.2,5.0,7.0,271.0,16.0,9.0,-35.3,1.0
2022-10-22,sudan,241.0,50.0,64.0,-383.2,1.0,1.0,36.0,0.0,0.0,0.0,0.0
2022-10-22,taiwan,193.0,24.0,6.0,297.9,2.0,0.0,3.0,38.0,14.0,14.3,0.0
2022-10-22,ukraine,2819.0,405.0,711.0,-3026.9,20.0,16.0,159.0,1416.0,771.0,-3292.2,67.0
2022-10-22,venezuela,224.0,44.0,24.0,209.6,0.0,0.0,15.0,62.0,17.0,87.6,2.0
2022-10-22,yemen,129.0,29.0,35.0,-277.2,0.0,0.0,2.0,30.0,14.0,-85.9,0.0
2022-10-23,drc,7.0,0.0,0.0,21.9,0.0,0.0,0.0,9.0,2.0,18.2,0.0
2022-10-23,europe_east,272.0,17.0,31.0,314.1,1.0,5.0,12.0,23.0,13.0,-42.1,0.0
2022-10-23,iran,1122.0,341.0,200.0,-1435.7,4.0,5.0,94.0,145.0,67.0,-60.6,8.0
2022-10-23,israel,1706.0,272.0,339.0,-982.5,4.0,8.0,63.0,379.0,214.0,-1039.8,15.0
2022-10-23,korea,342.0,42.0,63.0,32.6,4.0,4.0,14.0,58.0,31.0,-143.5,8.0
2022-10-23,libya,34.0,5.0,4.0,48.8,0.0,0.0,3.0,0.0,0.0,0.0,0.0
2022-10-23,scs,694.0,51.0,88.0,726.4,0.0,0.0,31.0,6.0,0.0,13.6,0.0
2022-10-23,southasia,3344.0,564.0,461.0,949.7,7.0,9.0,183.0,9.0,5.0,-10.2,0.0
2022-10-23,sudan,299.0,77.0,54.0,-331.4,7.0,1.0,18.0,2.0,2.0,-4.0,0.0
2022-10-23,taiwan,174.0,17.0,10.0,330.7,1.0,0.0,7.0,51.0,15.0,15.3,0.0
2022-10-23,ukraine,2439.0,375.0,663.0,-3532.9,36.0,12.0,143.0,1260.0,683.0,-2847.5,73.0
2022-10-23,venezuela,161.0,19.0,20.0,153.3,0.0,0.0,14.0,60.0,10.0,26.7,4.0
2022-10-23,yemen,94.0,13.0,29.0,-154.4,5.0,0.0,1.0,21.0,10.0,-6.5,0.0
2022-10-24,drc,38.0,3.0,12.0,-58.3,0.0,0.0,0.0,19.0,7.0,-16.7,0.0
2022-10-24,europe_east,749.0,58.0,62.0,1220.4,0.0,4.0,21.0,38.0,10.0,38.6,3.0
2022-10-24,iran,1504.0,359.0,336.0,-1671.8,8.0,4.0,160.0,244.0,99.0,-54.0,19.0
2022-10-24,israel,2350.0,312.0,317.0,1455.7,4.0,11.0,130.0,355.0,171.0,-420.2,34.0
2022-10-24,korea,799.0,118.0,137.0,90.6,16.0,3.0,28.0,172.0,106.0,-572.9,23.0
2022-10-24,libya,92.0,12.0,16.0,-28.1,1.0,0.0,0.0,0.0,0.0,0.0,0.0
2022-10-24,scs,1344.0,100.0,161.0,1532.1,0.0,9.0,59.0,38.0,8.0,61.7,6.0
2022-10-24,southasia,4176.0,533.0,717.0,65.0,4.0,4.0,212.0,10.0,0.0,22.8,0.0
2022-10-24,sudan,369.0,82.0,103.0,-777.6,1.0,0.0,35.0,2.0,2.0,-14.0,1.0
2022-10-24,taiwan,341.0,32.0,31.0,463.2,0.0,1.0,13.0,91.0,31.0,4.2,3.0
2022-10-24,ukraine,3957.0,579.0,649.0,-311.3,34.0,25.0,162.0,1545.0,761.0,-2596.7,93.0
2022-10-24,venezuela,247.0,30.0,31.0,193.4,0.0,0.0,14.0,73.0,4.0,163.4,1.0
2022-10-24,yemen,76.0,11.0,12.0,53.1,3.0,0.0,7.0,9.0,4.0,1.9,0.0
2022-10-25,drc,51.0,3.0,20.0,-108.0,0.0,0.0,2.0,23.0,13.0,-16.9,0.0
2022-10-25,europe_east,949.0,74.0,62.0,1854.9,2.0,2.0,31.0,85.0,30.0,-43.9,7.0
2022-10-25,iran,1196.0,315.0,352.0,-2773.2,4.0,1.0,121.0,175.0,103.0,-304.4,9.0
2022-10-25,israel,2744.0,390.0,686.0,-2859.6,25.0,4.0,121.0,667.0,440.0,-2923.2,40.0
2022-10-25,korea,803.0,112.0,124.0,474.9,4.0,4.0,44.0,153.0,67.0,-130.4,3.0
2022-10-25,libya,142.0,11.0,11.0,271.3,1.0,0.0,6.0,0.0,0.0,0.0,0.0
2022-10-25,scs,1513.0,143.0,155.0,2248.5,0.0,7.0,68.0,53.0,7.0,108.9,0.0
2022-10-25,southasia,4815.0,676.0,742.0,195.4,9.0,3.0,249.0,9.0,4.0,-24.9,0.0
2022-10-25,sudan,249.0,43.0,44.0,-78.7,0.0,4.0,13.0,1.0,1.0,-9.0,0.0
2022-10-25,taiwan,360.0,51.0,39.0,380.3,3.0,2.0,16.0,143.0,40.0,158.2,7.0
2022-10-25,ukraine,3857.0,566.0,569.0,831.1,41.0,20.0,162.0,1265.0,696.0,-2593.3,100.0
2022-10-25,venezuela,189.0,36.0,27.0,87.0,0.0,0.0,20.0,48.0,2.0,79.4,1.0
2022-10-25,yemen,70.0,3.0,6.0,112.6,0.0,1.0,1.0,30.0,9.0,18.4,0.0
2022-10-26,drc,24.0,3.0,1.0,70.0,0.0,0.0,1.0,18.0,18.0,-66.5,0.0
2022-10-26,europe_east,1131.0,114.0,98.0,1627.6,1.0,3.0,26.0,118.0,35.0,-0.1,14.0
2022-10-26,iran,2340.0,503.0,759.0,-5188.3,2.0,17.0,334.0,287.0,125.0,-208.9,13.0
2022-10-26,israel,2895.0,348.0,474.0,1162.8,8.0,7.0,108.0,579.0,232.0,-497.4,18.0
2022-10-26,korea,876.0,130.0,72.0,1108.4,4.0,0.0,14.0,203.0,106.0,-331.8,1.0
2022-10-26,libya,100.0,5.0,17.0,193.7,0.0,0.0,4.0,7.0,3.0,2.0,0.0
2022-10-26,scs,1451.0,129.0,126.0,2007.5,0.0,5.0,53.0,72.0,4.0,220.6,1.0
2022-10-26,southasia,5374.0,745.0,680.0,2726.4,18.0,12.0,266.0,11.0,3.0,8.0,2.0
2022-10-26,sudan,404.0,69.0,93.0,-347.7,0.0,0.0,26.0,2.0,1.0,-1.6,0.0
2022-10-26,taiwan,374.0,68.0,41.0,182.6,1.0,0.0,16.0,116.0,33.0,2.7,5.0
2022-10-26,ukraine,4027.0,518.0,592.0,1882.1,48.0,40.0,155.0,1178.0,586.0,-1806.1,99.0
2022-10-26,venezuela,272.0,36.0,35.0,297.4,0.0,0.0,23.0,85.0,21.0,48.8,6.0
2022-10-26,yemen,56.0,13.0,4.0,16.3,1.0,0.0,1.0,18.0,4.0,29.1,1.0
2022-10-27,drc,56.0,4.0,24.0,-155.2,0.0,3.0,6.0,4.0,1.0,-2.0,0.0
2022-10-27,europe_east,983.0,104.0,85.0,1285.2,0.0,6.0,35.0,187.0,62.0,-9.7,27.0
2022-10-27,iran,2395.0,541.0,680.0,-5011.7,20.0,14.0,246.0,238.0,101.0,-81.7,11.0
2022-10-27,israel,3869.0,517.0,494.0,3892.0,15.0,10.0,135.0,991.0,291.0,967.2,41.0
2022-10-27,korea,629.0,95.0,77.0,525.2,4.0,0.0,33.0,92.0,45.0,-159.6,8.0
2022-10-27,libya,137.0,19.0,19.0,64.0,1.0,1.0,2.0,5.0,4.0,-22.6,1.0
2022-10-27,scs,1494.0,155.0,186.0,1592.6,0.0,14.0,69.0,84.0,17.0,192.0,3.0
2022-10-27,southasia,5786.0,833.0,794.0,2155.9,34.0,27.0,272.0,57.0,12.0,43.8,4.0
2022-10-27,sudan,296.0,54.0,75.0,-443.5,0.0,2.0,23.0,0.0,0.0,0.0,0.0
2022-10-27,taiwan,314.0,52.0,33.0,145.2,5.0,0.0,9.0,137.0,52.0,-29.4,10.0
2022-10-27,ukraine,3797.0,557.0,629.0,706.0,35.0,44.0,170.0,1340.0,658.0,-1945.6,91.0
2022-10-27,venezuela,190.0,18.0,23.0,210.3,0.0,0.0,7.0,79.0,14.0,81.0,4.0
2022-10-27,yemen,52.0,6.0,13.0,-58.9,1.0,0.0,3.0,10.0,0.0,30.3,0.0
2022-10-28,drc,50.0,3.0,11.0,23.0,0.0,1.0,2.0,6.0,2.0,5.4,0.0
2022-10-28,europe_east,933.0,80.0,76.0,1479.6,1.0,6.0,31.0,116.0,35.0,55.8,9.0
2022-10-28,iran,2005.0,482.0,567.0,-4596.0,17.0,8.0,177.0,154.0,78.0,-137.3,2.0
2022-10-28,israel,2844.0,377.0,438.0,1285.6,9.0,1.0,100.0,693.0,275.0,-354.4,23.0
2022-10-28,korea,1076.0,191.0,238.0,-1028.8,5.0,3.0,29.0,293.0,217.0,-1479.0,20.0
2022-10-28,libya,79.0,8.0,8.0,118.1,0.0,0.0,0.0,0.0,0.0,0.0,0.0
2022-10-28,scs,1294.0,85.0,137.0,1845.8,4.0,14.0,63.0,99.0,28.0,47.6,3.0
2022-10-28,southasia,5486.0,796.0,785.0,1446.1,18.0,17.0,338.0,38.0,13.0,-21.0,5.0
2022-10-28,sudan,188.0,29.0,39.0,-60.2,0.0,3.0,16.0,0.0,0.0,0.0,0.0
2022-10-28,taiwan,429.0,65.0,34.0,506.7,1.0,0.0,14.0,125.0,24.0,128.5,1.0
2022-10-28,ukraine,3541.0,497.0,632.0,-66.8,24.0,38.0,173.0,1342.0,702.0,-2548.6,81.0
2022-10-28,venezuela,134.0,21.0,22.0,29.6,0.0,0.0,12.0,51.0,10.0,7.6,3.0
2022-10-28,yemen,72.0,9.0,11.0,8.3,0.0,0.0,6.0,8.0,2.0,-8.0,0.0
2022-10-29,drc,19.0,4.0,5.0,-29.9,0.0,0.0,3.0,13.0,13.0,-72.0,8.0
2022-10-29,europe_east,558.0,27.0,51.0,1118.4,0.0,4.0,29.0,38.0,13.0,2.4,5.0
2022-10-29,iran,1844.0,536.0,575.0,-5424.3,9.0,2.0,195.0,108.0,52.0,-88.9,6.0
2022-10-29,israel,1390.0,177.0,282.0,-485.2,7.0,1.0,73.0,325.0,141.0,-620.0,20.0
2022-10-29,korea,473.0,72.0,98.0,-159.1,1.0,14.0,28.0,46.0,44.0,-317.8,0.0
2022-10-29,libya,75.0,11.0,7.0,164.9,0.0,0.0,3.0,0.0,0.0,0.0,0.0
2022-10-29,scs,891.0,64.0,110.0,1041.0,5.0,1.0,50.0,33.0,3.0,67.6,3.0
2022-10-29,southasia,4668.0,747.0,794.0,53.2,7.0,15.0,353.0,59.0,23.0,-70.0,8.0
2022-10-29,sudan,80.0,14.0,19.0,-164.1,0.0,0.0,6.0,0.0,0.0,0.0,0.0
2022-10-29,taiwan,239.0,27.0,7.0,420.6,4.0,0.0,4.0,38.0,11.0,-9.9,3.0
2022-10-29,ukraine,2301.0,353.0,442.0,-825.1,24.0,20.0,59.0,1276.0,663.0,-2251.1,62.0
2022-10-29,venezuela,24.0,4.0,7.0,-20.5,0.0,0.0,5.0,2.0,2.0,-10.0,2.0
2022-10-29,yemen,81.0,13.0,15.0,-18.1,5.0,0.0,1.0,20.0,6.0,25.5,0.0
2022-10-30,drc,48.0,11.0,5.0,30.9,0.0,0.0,2.0,52.0,33.0,-59.0,7.0
2022-10-30,europe_east,283.0,26.0,11.0,601.9,2.0,1.0,8.0,19.0,6.0,14.8,4.0
2022-10-30,iran,1539.0,432.0,396.0,-3289.6,4.0,4.0,116.0,87.0,25.0,37.0,5.0
2022-10-30,israel,2132.0,302.0,442.0,-975.0,1.0,3.0,113.0,452.0,230.0,-864.7,29.0
2022-10-30,korea,1193.0,97.0,212.0,-199.1,1.0,13.0,44.0,48.0,31.0,-178.0,0.0
2022-10-30,libya,83.0,3.0,2.0,281.4,0.0,0.0,0.0,0.0,0.0,0.0,0.0
2022-10-30,scs,830.0,62.0,66.0,1421.4,2.0,1.0,29.0,58.0,1.0,177.3,1.0
2022-10-30,southasia,4393.0,637.0,555.0,2389.1,14.0,4.0,269.0,12.0,8.0,-20.1,0.0
2022-10-30,sudan,154.0,27.0,40.0,-213.9,2.0,0.0,8.0,2.0,0.0,1.0,0.0
2022-10-30,taiwan,190.0,12.0,16.0,330.7,1.0,0.0,3.0,60.0,15.0,16.6,7.0
2022-10-30,ukraine,1814.0,291.0,337.0,35.3,22.0,9.0,91.0,1044.0,510.0,-968.1,56.0
2022-10-30,venezuela,33.0,1.0,5.0,31.5,0.0,0.0,3.0,2.0,0.0,4.7,0.0
2022-10-30,yemen,81.0,2.0,32.0,-202.7,0.0,0.0,0.0,3.0,2.0,-15.0,1.0
2022-10-31,drc,99.0,7.0,19.0,12.5,0.0,0.0,10.0,41.0,28.0,-59.0,5.0
2022-10-31,europe_east,661.0,50.0,39.0,1479.2,1.0,4.0,16.0,44.0,7.0,50.3,0.0
2022-10-31,iran,1663.0,455.0,402.0,-2577.9,8.0,3.0,183.0,141.0,56.0,-51.6,9.0
2022-10-31,israel,2308.0,337.0,373.0,578.7,8.0,5.0,120.0,441.0,212.0,-714.4,21.0
2022-10-31,korea,1268.0,116.0,195.0,603.7,7.0,18.0,30.0,55.0,27.0,-125.0,10.0
2022-10-31,libya,90.0,10.0,18.0,67.5,0.0,0.0,6.0,0.0,0.0,0.0,0.0
2022-10-31,scs,1042.0,83.0,111.0,1146.9,0.0,14.0,45.0,109.0,13.0,390.7,0.0
2022-10-31,southasia,5628.0,746.0,806.0,2215.0,5.0,20.0,359.0,23.0,7.0,-14.0,3.0
2022-10-31,sudan,194.0,49.0,48.0,-411.1,0.0,2.0,14.0,0.0,0.0,0.0,0.0
2022-10-31,taiwan,274.0,28.0,28.0,371.2,1.0,2.0,8.0,93.0,18.0,104.0,3.0
2022-10-31,ukraine,3234.0,525.0,628.0,-864.6,19.0,10.0,92.0,1458.0,797.0,-2564.5,47.0
2022-10-31,venezuela,169.0,11.0,37.0,5.3,0.0,0.0,10.0,11.0,0.0,31.0,0.0
2022-10-31,yemen,107.0,8.0,30.0,-11.2,0.0,0.0,3.0,12.0,4.0,16.2,0.0
2022-11-01,drc,104.0,23.0,18.0,-8.0,0.0,0.0,7.0,53.0,30.0,-80.9,9.0
2022-11-01,europe_east,661.0,56.0,39.0,1453.3,0.0,1.0,20.0,59.0,15.0,106.4,3.0
2022-11-01,iran,1709.0,388.0,340.0,-1465.9,13.0,5.0,167.0,129.0,51.0,66.7,4.0
2022-11-01,israel,2995.0,418.0,401.0,1174.8,11.0,3.0,141.0,437.0,160.0,-54.2,9.0
2022-11-01,korea,1091.0,150.0,159.0,592.8,6.0,10.0,36.0,128.0,80.0,-293.0,12.0
2022-11-01,libya,104.0,4.0,13.0,151.1,1.0,1.0,4.0,0.0,0.0,0.0,0.0
2022-11-01,scs,1142.0,73.0,94.0,2036.3,0.0,6.0,47.0,251.0,17.0,719.0,1.0
2022-11-01,southasia,5696.0,747.0,678.0,4185.2,14.0,10.0,297.0,24.0,7.0,15.5,1.0
2022-11-01,sudan,237.0,26.0,42.0,91.3,0.0,0.0,15.0,2.0,1.0,-4.0,0.0
2022-11-01,taiwan,237.0,32.0,14.0,356.4,1.0,2.0,5.0,71.0,24.0,29.7,2.0
2022-11-01,ukraine,3390.0,506.0,597.0,521.0,38.0,23.0,146.0,1451.0,760.0,-2507.5,71.0
2022-11-01,venezuela,265.0,29.0,48.0,106.6,0.0,0.0,19.0,37.0,18.0,-83.2,1.0
2022-11-01,yemen,120.0,19.0,23.0,-51.7,0.0,0.0,1.0,23.0,5.0,12.8,0.0
2022-11-02,drc,87.0,21.0,16.0,1.1,2.0,1.0,3.0,53.0,42.0,-73.6,7.0
2022-11-02,europe_east,687.0,42.0,70.0,1055.9,2.0,6.0,19.0,85.0,45.0,-147.9,12.0
2022-11-02,iran,1685.0,435.0,366.0,-2322.6,22.0,1.0,167.0,235.0,99.0,-38.3,14.0
2022-11-02,israel,2725.0,373.0,365.0,1559.2,7.0,3.0,137.0,522.0,201.0,-271.9,19.0
2022-11-02,korea,1894.0,315.0,601.0,-3988.3,22.0,6.0,64.0,711.0,505.0,-3219.0,43.0
2022-11-02,libya,175.0,22.0,23.0,63.1,1.0,0.0,6.0,2.0,2.0,-20.0,0.0
2022-11-02,scs,1327.0,104.0,112.0,2263.7,0.0,2.0,60.0,166.0,6.0,398.3,0.0
2022-11-02,southasia,5956.0,782.0,612.0,5535.5,7.0,14.0,275.0,14.0,5.0,-3.0,3.0
2022-11-02,sudan,246.0,31.0,31.0,234.2,0.0,7.0,4.0,1.0,1.0,-2.0,0.0
2022-11-02,taiwan,425.0,53.0,41.0,515.6,2.0,2.0,16.0,114.0,42.0,4.1,11.0
2022-11-02,ukraine,2941.0,377.0,464.0,1136.6,22.0,19.0,118.0,1079.0,514.0,-1284.6,57.0
2022-11-02,venezuela,320.0,28.0,30.0,458.7,0.0,0.0,10.0,37.0,19.0,-111.7,3.0
2022-11-02,yemen,109.0,19.0,18.0,-97.0,0.0,0.0,6.0,33.0,13.0,-40.9,2.0
2022-11-03,drc,54.0,17.0,7.0,31.1,0.0,0.0,2.0,24.0,22.0,-73.6,2.0
2022-11-03,europe_east,795.0,75.0,83.0,1101.8,1.0,9.0,31.0,112.0,42.0,-100.4,17.0
2022-11-03,iran,1857.0,354.0,387.0,-1289.6,17.0,4.0,161.0,298.0,111.0,-148.2,17.0
2022-11-03,israel,3544.0,466.0,680.0,-931.0,7.0,2.0,149.0,687.0,379.0,-2237.1,26.0
2022-11-03,korea,2161.0,405.0,524.0,-2851.3,21.0,8.0,64.0,847.0,510.0,-2884.3,64.0
2022-11-03,libya,110.0,10.0,10.0,184.0,0.0,0.0,3.0,0.0,0.0,0.0,0.0
2022-11-03,scs,1273.0,89.0,123.0,2079.9,0.0,4.0,66.0,97.0,23.0,189.2,9.0
2022-11-03,southasia,6069.0,1021.0,1095.0,-827.9,8.0,16.0,409.0,16.0,9.0,-37.8,3.0
2022-11-03,sudan,246.0,30.0,26.0,389.9,0.0,0.0,14.0,10.0,0.0,71.0,0.0
2022-11-03,taiwan,356.0,29.0,20.0,578.6,1.0,1.0,6.0,145.0,38.0,25.1,9.0
2022-11-03,ukraine,3605.0,422.0,547.0,1605.9,19.0,12.0,112.0,1416.0,642.0,-1556.7,52.0
2022-11-03,venezuela,160.0,3.0,21.0,245.6,0.0,1.0,8.0,36.0,3.0,66.4,1.0
2022-11-03,yemen,100.0,14.0,13.0,17.9,2.0,0.0,1.0,12.0,3.0,11.3,0.0
2022-11-04,drc,63.0,22.0,6.0,-25.8,1.0,0.0,0.0,32.0,20.0,-41.8,4.0
2022-11-04,europe_east,1044.0,91.0,79.0,1929.3,1.0,1.0,33.0,79.0,30.0,-41.9,12.0
2022-11-04,iran,1949.0,407.0,522.0,-3047.5,12.0,0.0,187.0,297.0,122.0,-125.7,9.0
2022-11-04,israel,2619.0,344.0,584.0,-1503.0,11.0,2.0,162.0,553.0,356.0,-2315.6,30.0
2022-11-04,korea,1776.0,293.0,311.0,-191.1,14.0,8.0,39.0,523.0,288.0,-1244.0,37.0
2022-11-04,libya,43.0,7.0,4.0,88.6,0.0,0.0,1.0,0.0,0.0,0.0,0.0
2022-11-04,scs,1201.0,70.0,94.0,2157.2,2.0,0.0,48.0,95.0,8.0,279.5,6.0
2022-11-04,southasia,5920.0,1116.0,864.0,-282.3,38.0,8.0,310.0,13.0,5.0,-34.9,0.0
2022-11-04,sudan,353.0,53.0,63.0,202.3,3.0,6.0,23.0,4.0,0.0,32.0,0.0
2022-11-04,taiwan,448.0,16.0,45.0,658.7,3.0,0.0,12.0,68.0,19.0,11.2,4.0
2022-11-04,ukraine,3422.0,440.0,465.0,2445.9,20.0,11.0,122.0,1211.0,603.0,-1266.6,64.0
2022-11-04,venezuela,80.0,9.0,7.0,129.4,0.0,0.0,6.0,31.0,6.0,5.6,3.0
2022-11-04,yemen,62.0,6.0,15.0,-81.5,0.0,0.0,1.0,19.0,9.0,-60.6,2.0
2022-11-05,drc,33.0,9.0,6.0,-10.2,0.0,0.0,1.0,48.0,26.0,-44.7,3.0
2022-11-05,europe_east,390.0,35.0,32.0,732.2,2.0,1.0,23.0,54.0,12.0,105.0,0.0
2022-11-05,iran,1258.0,284.0,305.0,-1660.6,4.0,2.0,138.0,178.0,66.0,-96.4,4.0
2022-11-05,israel,1316.0,162.0,263.0,-125.2,7.0,3.0,68.0,289.0,167.0,-761.9,8.0
2022-11-05,korea,1163.0,211.0,301.0,-1973.5,14.0,7.0,20.0,505.0,246.0,-1364.5,40.0
2022-11-05,libya,69.0,9.0,9.0,69.2,0.0,0.0,2.0,0.0,0.0,0.0,0.0
2022-11-05,scs,643.0,42.0,61.0,965.9,0.0,0.0,24.0,19.0,4.0,-10.6,1.0
2022-11-05,southasia,4343.0,828.0,702.0,-1121.0,5.0,11.0,259.0,11.0,4.0,-7.6,2.0
2022-11-05,sudan,175.0,34.0,27.0,-99.8,1.0,0.0,6.0,1.0,0.0,8.3,0.0
2022-11-05,taiwan,198.0,27.0,29.0,56.2,1.0,3.0,11.0,42.0,21.0,-58.7,3.0
2022-11-05,ukraine,2153.0,286.0,438.0,-209.8,9.0,15.0,104.0,733.0,346.0,-815.7,44.0
2022-11-05,venezuela,93.0,8.0,16.0,130.3,0.0,0.0,14.0,29.0,22.0,-51.8,9.0
2022-11-05,yemen,81.0,14.0,14.0,-33.6,0.0,0.0,6.0,33.0,7.0,4.5,0.0
2022-11-06,drc,46.0,7.0,2.0,144.0,0.0,1.0,1.0,25.0,16.0,-22.5,3.0
2022-11-06,europe_east,282.0,33.0,40.0,141.8,0.0,4.0,18.0,18.0,13.0,-23.0,0.0
2022-11-06,iran,1055.0,272.0,262.0,-1733.8,9.0,2.0,92.0,81.0,25.0,32.3,1.0
2022-11-06,israel,1561.0,184.0,307.0,-346.1,2.0,5.0,66.0,251.0,141.0,-732.5,20.0
2022-11-06,korea,552.0,90.0,120.0,-561.3,3.0,3.0,14.0,175.0,93.0,-440.7,7.0
2022-11-06,libya,61.0,5.0,15.0,17.9,0.0,0.0,5.0,0.0,0.0,0.0,0.0
2022-11-06,scs,776.0,75.0,103.0,627.2,5.0,1.0,27.0,16.0,3.0,10.9,3.0
2022-11-06,southasia,3784.0,677.0,581.0,-366.7,14.0,26.0,191.0,4.0,2.0,0.7,0.0
2022-11-06,sudan,163.0,32.0,23.0,51.4,0.0,0.0,5.0,0.0,0.0,0.0,0.0
2022-11-06,taiwan,114.0,6.0,15.0,88.1,0.0,0.0,6.0,55.0,18.0,-33.0,5.0
2022-11-06,ukraine,1687.0,250.0,319.0,-452.1,17.0,14.0,67.0,658.0,378.0,-1449.3,51.0
2022-11-06,venezuela,52.0,18.0,3.0,-33.5,0.0,0.0,1.0,10.0,3.0,12.0,0.0
2022-11-06,yemen,33.0,8.0,11.0,-114.5,0.0,0.0,4.0,19.0,8.0,-59.5,3.0
2022-11-07,drc,114.0,10.0,9.0,275.6,0.0,0.0,9.0,67.0,41.0,-132.9,3.0
2022-11-07,europe_east,759.0,74.0,101.0,986.3,5.0,9.0,38.0,95.0,30.0,25.8,6.0
2022-11-07,iran,1462.0,368.0,354.0,-2169.5,11.0,7.0,115.0,121.0,57.0,-17.5,14.0
2022-11-07,israel,2243.0,292.0,305.0,682.8,2.0,7.0,94.0,273.0,154.0,-748.5,25.0
2022-11-07,korea,1173.0,180.0,268.0,-754.7,3.0,6.0,35.0,309.0,174.0,-763.9,25.0
2022-11-07,libya,142.0,27.0,12.0,67.1,0.0,0.0,3.0,0.0,0.0,0.0,0.0
2022-11-07,scs,1354.0,154.0,207.0,1108.0,9.0,1.0,85.0,26.0,3.0,69.7,0.0
2022-11-07,southasia,5044.0,894.0,581.0,2463.9,30.0,0.0,214.0,9.0,2.0,31.8,0.0
2022-11-07,sudan,264.0,24.0,20.0,466.3,0.0,0.0,8.0,0.0,0.0,0.0,0.0
2022-11-07,taiwan,424.0,47.0,20.0,809.9,1.0,0.0,6.0,96.0,39.0,11.3,3.0
2022-11-07,ukraine,2902.0,386.0,514.0,515.8,47.0,22.0,122.0,1136.0,582.0,-2258.1,96.0
2022-11-07,venezuela,209.0,1.0,16.0,984.9,0.0,0.0,4.0,19.0,6.0,16.4,3.0
2022-11-07,yemen,73.0,14.0,15.0,-115.6,2.0,0.0,4.0,24.0,6.0,39.3,3.0
2022-11-08,drc,67.0,13.0,15.0,-58.6,0.0,0.0,0.0,82.0,53.0,-75.2,7.0
2022-11-08,europe_east,917.0,110.0,82.0,1276.8,7.0,2.0,38.0,44.0,9.0,43.1,3.0
2022-11-08,iran,1298.0,306.0,299.0,-1556.2,12.0,11.0,137.0,141.0,48.0,-21.8,9.0
2022-11-08,israel,2138.0,283.0,333.0,932.6,7.0,3.0,138.0,324.0,135.0,-233.6,22.0
2022-11-08,korea,994.0,196.0,167.0,-406.8,9.0,6.0,45.0,213.0,108.0,-339.1,22.0
2022-11-08,libya,145.0,13.0,16.0,286.8,0.0,0.0,4.0,0.0,0.0,0.0,0.0
2022-11-08,scs,1651.0,143.0,187.0,1945.9,4.0,7.0,66.0,19.0,2.0,39.6,0.0
2022-11-08,southasia,4979.0,811.0,588.0,2015.0,30.0,4.0,206.0,0.0,0.0,0.0,0.0
2022-11-08,sudan,269.0,46.0,39.0,41.1,0.0,0.0,22.0,1.0,0.0,1.0,0.0
2022-11-08,taiwan,465.0,40.0,23.0,931.7,1.0,2.0,6.0,105.0,55.0,-179.3,7.0
2022-11-08,ukraine,3370.0,469.0,533.0,1312.0,23.0,23.0,99.0,1372.0,617.0,-1411.7,63.0
2022-11-08,venezuela,179.0,21.0,24.0,86.7,0.0,0.0,10.0,31.0,16.0,-27.4,5.0
2022-11-08,yemen,156.0,24.0,35.0,-207.8,0.0,0.0,6.0,29.0,5.0,12.2,2.0
2022-11-09,drc,55.0,5.0,13.0,-43.9,0.0,3.0,0.0,38.0,20.0,-32.6,11.0
2022-11-09,europe_east,1001.0,76.0,92.0,1492.2,3.0,0.0,43.0,57.0,20.0,-7.5,2.0
2022-11-09,iran,1423.0,274.0,341.0,-1537.3,7.0,12.0,136.0,156.0,70.0,-176.6,12.0
2022-11-09,israel,2424.0,326.0,424.0,150.2,11.0,2.0,124.0,543.0,297.0,-1292.0,34.0
2022-11-09,korea,1152.0,134.0,266.0,-685.4,2.0,3.0,37.0,324.0,191.0,-968.4,28.0
2022-11-09,libya,97.0,7.0,5.0,169.6,0.0,0.0,3.0,0.0,0.0,0.0,0.0
2022-11-09,scs,1463.0,115.0,140.0,2237.0,2.0,4.0,54.0,21.0,0.0,117.9,0.0
2022-11-09,southasia,5237.0,849.0,540.0,3944.2,11.0,17.0,239.0,9.0,4.0,-28.0,2.0
2022-11-09,sudan,227.0,46.0,48.0,-141.2,0.0,0.0,26.0,0.0,0.0,0.0,0.0
2022-11-09,taiwan,395.0,38.0,39.0,625.0,5.0,8.0,17.0,116.0,31.0,115.7,16.0
2022-11-09,ukraine,3941.0,518.0,632.0,1942.5,32.0,16.0,112.0,1680.0,702.0,-396.4,58.0
2022-11-09,venezuela,260.0,26.0,53.0,5.1,0.0,2.0,25.0,97.0,33.0,-22.9,17.0
2022-11-09,yemen,136.0,20.0,22.0,-52.9,0.0,3.0,3.0,28.0,5.0,44.9,0.0
2022-11-11,drc,54.0,7.0,11.0,27.6,0.0,0.0,5.0,52.0,27.0,-26.5,3.0
2022-11-11,europe_east,168.0,16.0,16.0,203.0,2.0,0.0,8.0,9.0,8.0,-46.4,0.0
2022-11-11,iran,670.0,138.0,166.0,-1049.3,0.0,2.0,69.0,66.0,22.0,-15.2,0.0
2022-11-11,israel,888.0,112.0,112.0,804.7,2.0,1.0,40.0,105.0,43.0,-66.3,1.0
2022-11-11,korea,219.0,27.0,32.0,63.0,0.0,2.0,7.0,23.0,7.0,-22.4,0.0
2022-11-11,libya,18.0,6.0,1.0,1.2,0.0,0.0,1.0,0.0,0.0,0.0,0.0
2022-11-11,scs,622.0,37.0,94.0,605.6,1.0,1.0,31.0,22.0,0.0,54.4,0.0
2022-11-11,southasia,1401.0,189.0,197.0,922.3,11.0,2.0,89.0,0.0,0.0,0.0,0.0
2022-11-11,sudan,59.0,11.0,12.0,-17.1,0.0,0.0,3.0,1.0,1.0,-10.0,0.0
2022-11-11,taiwan,111.0,8.0,12.0,140.0,3.0,0.0,7.0,34.0,10.0,-15.0,5.0
2022-11-11,ukraine,1842.0,256.0,268.0,1428.5,10.0,7.0,60.0,854.0,339.0,171.5,33.0
2022-11-11,venezuela,55.0,7.0,9.0,-1.3,0.0,0.0,7.0,27.0,9.0,17.0,0.0
2022-11-11,yemen,17.0,2.0,9.0,-89.3,0.0,0.0,0.0,6.0,4.0,-33.2,0.0
2022-11-12,drc,75.0,15.0,12.0,38.9,0.0,0.0,2.0,76.0,45.0,-95.1,6.0
2022-11-12,europe_east,549.0,42.0,39.0,1226.3,3.0,3.0,23.0,44.0,7.0,107.3,4.0
2022-11-12,iran,1208.0,226.0,273.0,-1185.3,9.0,0.0,127.0,113.0,44.0,-54.3,3.0
2022-11-12,israel,1267.0,193.0,182.0,528.4,3.0,1.0,70.0,207.0,75.0,-0.7,19.0
2022-11-12,korea,531.0,63.0,57.0,446.5,2.0,3.0,5.0,52.0,35.0,-114.2,0.0
2022-11-12,libya,45.0,4.0,3.0,79.1,0.0,0.0,0.0,0.0,0.0,0.0,0.0
2022-11-12,scs,1418.0,91.0,140.0,2355.1,3.0,2.0,49.0,149.0,20.0,274.6,0.0
2022-11-12,southasia,4569.0,674.0,585.0,2364.5,16.0,17.0,251.0,18.0,8.0,-44.2,6.0
2022-11-12,sudan,120.0,32.0,12.0,-10.7,0.0,0.0,6.0,0.0,0.0,0.0,0.0
2022-11-12,taiwan,348.0,20.0,25.0,717.6,0.0,1.0,7.0,104.0,26.0,7.5,6.0
2022-11-12,ukraine,3313.0,402.0,515.0,1844.7,24.0,30.0,95.0,1509.0,611.0,-168.7,58.0
2022-11-12,venezuela,89.0,4.0,8.0,82.0,0.0,0.0,5.0,21.0,0.0,36.0,0.0
2022-11-12,yemen,84.0,12.0,33.0,-273.3,0.0,0.0,5.0,21.0,13.0,-62.4,8.0
2022-11-13,drc,83.0,9.0,10.0,222.6,0.0,0.0,3.0,33.0,21.0,-36.6,5.0
2022-11-13,europe_east,428.0,31.0,22.0,1035.8,6.0,1.0,10.0,16.0,4.0,-4.0,3.0
2022-11-13,iran,1006.0,235.0,186.0,-778.5,3.0,3.0,86.0,82.0,37.0,-134.5,2.0
2022-11-13,israel,1497.0,258.0,260.0,-475.9,7.0,4.0,93.0,175.0,106.0,-675.6,19.0
2022-11-13,korea,697.0,72.0,43.0,1004.8,2.0,2.0,8.0,101.0,37.0,-47.1,9.0
2022-11-13,libya,116.0,8.0,9.0,190.5,0.0,0.0,6.0,0.0,0.0,0.0,0.0
2022-11-13,scs,906.0,59.0,79.0,1610.1,4.0,0.0,36.0,50.0,4.0,145.6,4.0
2022-11-13,southasia,3809.0,649.0,522.0,914.3,12.0,4.0,228.0,5.0,0.0,21.4,0.0
2022-11-13,sudan,159.0,30.0,27.0,-34.9,0.0,0.0,9.0,1.0,1.0,-5.0,1.0
2022-11-13,taiwan,254.0,26.0,37.0,209.6,2.0,1.0,10.0,110.0,26.0,43.9,7.0
2022-11-13,ukraine,2596.0,284.0,379.0,1856.6,16.0,20.0,60.0,1102.0,428.0,-121.7,35.0
2022-11-13,venezuela,96.0,11.0,9.0,128.6,0.0,0.0,7.0,7.0,6.0,-18.0,0.0
2022-11-13,yemen,66.0,5.0,21.0,-89.7,0.0,0.0,0.0,16.0,7.0,-21.0,6.0
2022-11-14,drc,138.0,12.0,12.0,247.0,0.0,0.0,4.0,52.0,36.0,-74.6,11.0
2022-11-14,europe_east,849.0,56.0,77.0,1119.8,0.0,0.0,50.0,69.0,17.0,63.5,3.0
2022-11-14,iran,1697.0,417.0,396.0,-2259.1,5.0,3.0,198.0,161.0,72.0,-144.9,12.0
2022-11-14,israel,2313.0,325.0,433.0,-332.7,6.0,3.0,114.0,424.0,239.0,-1276.8,38.0
2022-11-14,korea,741.0,65.0,88.0,712.1,5.0,2.0,38.0,79.0,32.0,-52.1,5.0
2022-11-14,libya,98.0,7.0,10.0,159.4,0.0,0.0,0.0,0.0,0.0,0.0,0.0
2022-11-14,scs,1580.0,128.0,157.0,2328.2,3.0,0.0,53.0,67.0,9.0,109.4,3.0
2022-11-14,southasia,5088.0,802.0,691.0,2005.6,8.0,5.0,336.0,10.0,3.0,9.8,0.0
2022-11-14,sudan,216.0,59.0,30.0,-115.3,0.0,0.0,14.0,0.0,0.0,0.0,0.0
2022-11-14,taiwan,583.0,70.0,38.0,662.3,7.0,1.0,7.0,263.0,99.0,-159.1,15.0
2022-11-14,ukraine,4221.0,508.0,600.0,3026.5,28.0,24.0,185.0,1597.0,637.0,-670.5,71.0
2022-11-14,venezuela,121.0,6.0,5.0,374.9,0.0,0.0,5.0,11.0,1.0,23.6,1.0
2022-11-14,yemen,105.0,25.0,26.0,-151.4,0.0,0.0,9.0,26.0,18.0,-106.0,2.0
2022-11-15,drc,189.0,14.0,8.0,439.1,0.0,0.0,2.0,42.0,22.0,-10.3,0.0
2022-11-15,europe_east,1919.0,168.0,330.0,284.4,11.0,1.0,63.0,318.0,194.0,-1315.6,9.0
2022-11-15,iran,1658.0,387.0,426.0,-2513.9,11.0,0.0,247.0,165.0,84.0,-403.7,17.0
2022-11-15,israel,2503.0,362.0,476.0,-1158.6,22.0,3.0,103.0,458.0,259.0,-1463.6,31.0
2022-11-15,korea,806.0,111.0,120.0,304.0,1.0,6.0,41.0,88.0,51.0,-340.3,8.0
2022-11-15,libya,92.0,7.0,4.0,237.2,0.0,0.0,2.0,0.0,0.0,0.0,0.0
2022-11-15,scs,1702.0,111.0,119.0,2991.4,5.0,1.0,47.0,67.0,14.0,-2.8,0.0
2022-11-15,southasia,5743.0,744.0,736.0,4288.2,12.0,13.0,293.0,7.0,5.0,-27.0,0.0
2022-11-15,sudan,172.0,33.0,30.0,-78.9,2.0,0.0,10.0,0.0,0.0,0.0,0.0
2022-11-15,taiwan,676.0,83.0,43.0,1057.5,0.0,2.0,11.0,278.0,122.0,-134.1,9.0
2022-11-15,ukraine,4849.0,673.0,839.0,741.1,41.0,19.0,149.0,1751.0,816.0,-2037.4,81.0
2022-11-15,venezuela,170.0,18.0,29.0,65.7,0.0,0.0,7.0,34.0,12.0,5.3,5.0
2022-11-15,yemen,125.0,27.0,33.0,-219.6,1.0,0.0,23.0,21.0,5.0,52.3,3.0
2022-11-16,drc,74.0,8.0,11.0,19.3,0.0,0.0,2.0,30.0,12.0,20.2,0.0
2022-11-16,europe_east,5248.0,493.0,958.0,-1800.2,25.0,34.0,109.0,1146.0,558.0,-3079.3,48.0
2022-11-16,iran,1965.0,466.0,547.0,-3590.7,7.0,4.0,243.0,260.0,128.0,-203.6,14.0
2022-11-16,israel,2179.0,318.0,364.0,-175.2,8.0,1.0,111.0,366.0,208.0,-913.7,21.0
2022-11-16,korea,649.0,71.0,51.0,857.6,2.0,4.0,21.0,84.0,39.0,-106.5,6.0
2022-11-16,libya,152.0,17.0,17.0,81.0,0.0,1.0,2.0,0.0,0.0,0.0,0.0
2022-11-16,scs,2124.0,146.0,133.0,4492.9,2.0,2.0,67.0,125.0,27.0,72.2,1.0
2022-11-16,southasia,5333.0,744.0,708.0,2977.1,10.0,10.0,231.0,7.0,0.0,17.7,0.0
2022-11-16,sudan,328.0,32.0,60.0,167.7,0.0,2.0,18.0,5.0,3.0,-16.2,1.0
2022-11-16,taiwan,431.0,40.0,23.0,741.2,1.0,0.0,8.0,135.0,31.0,139.9,6.0
2022-11-16,ukraine,5672.0,676.0,1144.0,-1428.6,36.0,29.0,173.0,1845.0,1001.0,-3956.4,75.0
2022-11-16,venezuela,204.0,15.0,35.0,145.3,0.0,0.0,21.0,64.0,21.0,4.6,15.0
2022-11-16,yemen,75.0,6.0,25.0,-118.1,0.0,0.0,7.0,12.0,5.0,-7.0,2.0
2022-11-17,drc,39.0,7.0,4.0,38.5,0.0,0.0,0.0,50.0,21.0,36.4,0.0
2022-11-17,europe_east,1946.0,205.0,432.0,-1420.1,5.0,7.0,53.0,410.0,218.0,-1283.0,21.0
2022-11-17,iran,2213.0,582.0,822.0,-6711.1,5.0,0.0,302.0,235.0,130.0,-421.3,19.0
2022-11-17,israel,2499.0,321.0,468.0,-217.9,8.0,5.0,177.0,469.0,243.0,-1071.0,28.0
2022-11-17,korea,1369.0,148.0,215.0,904.3,3.0,1.0,21.0,345.0,203.0,-1114.3,11.0
2022-11-17,libya,229.0,20.0,27.0,410.2,0.0,1.0,12.0,2.0,0.0,4.7,0.0
2022-11-17,scs,1613.0,130.0,96.0,2915.7,6.0,4.0,41.0,147.0,18.0,253.4,1.0
2022-11-17,southasia,5357.0,885.0,709.0,2333.0,20.0,17.0,316.0,12.0,6.0,3.0,6.0
2022-11-17,sudan,305.0,29.0,38.0,262.2,0.0,0.0,10.0,0.0,0.0,0.0,0.0
2022-11-17,taiwan,397.0,39.0,17.0,715.2,4.0,0.0,6.0,121.0,38.0,-16.4,13.0
2022-11-17,ukraine,5278.0,640.0,1211.0,-2108.7,39.0,29.0,245.0,1685.0,870.0,-2870.7,139.0
2022-11-17,venezuela,234.0,16.0,46.0,59.9,0.0,0.0,26.0,57.0,20.0,-27.4,7.0
2022-11-17,yemen,61.0,4.0,12.0,-11.3,0.0,0.0,5.0,2.0,2.0,-10.0,2.0
2022-11-18,drc,78.0,4.0,11.0,69.6,0.0,0.0,2.0,16.0,2.0,84.6,1.0
2022-11-18,europe_east,1305.0,92.0,213.0,614.6,2.0,7.0,48.0,234.0,101.0,-299.5,11.0
2022-11-18,iran,1626.0,349.0,545.0,-4258.2,7.0,2.0,171.0,183.0,98.0,-268.5,10.0
2022-11-18,israel,1970.0,278.0,394.0,-475.0,9.0,2.0,84.0,356.0,214.0,-1177.0,17.0
2022-11-18,korea,1779.0,264.0,342.0,-660.8,4.0,10.0,37.0,705.0,332.0,-1297.1,20.0
2022-11-18,libya,90.0,10.0,11.0,62.1,0.0,0.0,3.0,0.0,0.0,0.0,0.0
2022-11-18,scs,1477.0,122.0,136.0,2160.5,3.0,3.0,54.0,133.0,25.0,75.9,5.0
2022-11-18,southasia,5539.0,888.0,715.0,2706.0,21.0,28.0,249.0,18.0,4.0,7.0,0.0
2022-11-18,sudan,267.0,29.0,26.0,278.0,0.0,2.0,15.0,1.0,0.0,5.0,0.0
2022-11-18,taiwan,349.0,47.0,31.0,425.9,0.0,2.0,17.0,104.0,36.0,0.9,5.0
2022-11-18,ukraine,3900.0,508.0,836.0,-710.7,13.0,14.0,212.0,1423.0,761.0,-2603.4,111.0
2022-11-18,venezuela,102.0,16.0,12.0,95.6,0.0,0.0,8.0,27.0,7.0,21.7,2.0
2022-11-18,yemen,37.0,12.0,6.0,-48.0,0.0,0.0,4.0,23.0,15.0,-55.8,3.0
2022-11-19,drc,41.0,7.0,6.0,7.1,0.0,0.0,1.0,41.0,27.0,-105.4,0.0
2022-11-19,europe_east,801.0,90.0,152.0,-40.5,1.0,3.0,35.0,175.0,105.0,-470.8,33.0
2022-11-19,iran,1704.0,418.0,564.0,-4784.9,7.0,9.0,147.0,130.0,63.0,-130.1,6.0
2022-11-19,israel,943.0,164.0,184.0,-482.3,6.0,0.0,53.0,209.0,143.0,-841.2,15.0
2022-11-19,korea,970.0,111.0,125.0,654.9,2.0,1.0,22.0,230.0,122.0,-461.3,19.0
2022-11-19,libya,66.0,6.0,6.0,107.5,0.0,0.0,0.0,2.0,0.0,2.0,0.0
2022-11-19,scs,1027.0,81.0,82.0,1854.2,0.0,0.0,39.0,67.0,12.0,140.4,0.0
2022-11-19,southasia,4160.0,687.0,549.0,1006.0,14.0,7.0,221.0,15.0,10.0,-45.9,1.0
2022-11-19,sudan,62.0,8.0,0.0,70.4,0.0,0.0,0.0,1.0,0.0,5.0,0.0
2022-11-19,taiwan,272.0,13.0,22.0,528.0,0.0,0.0,9.0,110.0,34.0,52.2,6.0
2022-11-19,ukraine,2737.0,291.0,501.0,819.6,8.0,10.0,102.0,875.0,422.0,-1263.3,42.0
2022-11-19,venezuela,134.0,7.0,26.0,141.1,0.0,0.0,15.0,17.0,2.0,40.7,2.0
2022-11-19,yemen,73.0,6.0,17.0,-52.6,1.0,0.0,4.0,12.0,2.0,12.2,0.0
2022-11-20,drc,24.0,8.0,2.0,0.8,0.0,0.0,0.0,31.0,17.0,0.4,0.0
2022-11-20,europe_east,510.0,46.0,116.0,-210.1,1.0,7.0,23.0,85.0,47.0,-155.7,12.0
2022-11-20,iran,1274.0,299.0,326.0,-2190.2,2.0,11.0,90.0,153.0,66.0,-43.6,4.0
2022-11-20,israel,1506.0,236.0,216.0,760.2,2.0,4.0,74.0,246.0,110.0,-209.8,17.0
2022-11-20,korea,485.0,44.0,69.0,339.8,6.0,1.0,18.0,58.0,38.0,-246.3,9.0
2022-11-20,libya,65.0,12.0,11.0,-14.0,1.0,0.0,3.0,0.0,0.0,0.0,0.0
2022-11-20,scs,1460.0,110.0,76.0,2869.1,0.0,0.0,40.0,129.0,11.0,277.3,0.0
2022-11-20,southasia,3971.0,623.0,696.0,-892.3,15.0,6.0,232.0,12.0,6.0,-6.9,1.0
2022-11-20,sudan,149.0,25.0,23.0,-5.0,0.0,0.0,7.0,2.0,1.0,-2.1,0.0
2022-11-20,taiwan,249.0,26.0,11.0,362.2,2.0,0.0,3.0,90.0,22.0,52.5,0.0
2022-11-20,ukraine,2085.0,258.0,377.0,643.4,15.0,12.0,71.0,904.0,460.0,-1579.4,60.0
2022-11-20,venezuela,57.0,4.0,5.0,76.7,0.0,0.0,1.0,8.0,7.0,-23.5,0.0
2022-11-20,yemen,27.0,3.0,7.0,-35.0,0.0,0.0,5.0,7.0,1.0,17.0,0.0
2022-11-21,drc,63.0,11.0,5.0,81.0,0.0,2.0,0.0,60.0,31.0,44.0,0.0
2022-11-21,europe_east,943.0,95.0,174.0,416.9,1.0,12.0,52.0,100.0,44.0,-110.2,9.0
2022-11-21,iran,1172.0,257.0,342.0,-2237.4,7.0,15.0,118.0,97.0,38.0,-30.0,0.0
2022-11-21,israel,1707.0,242.0,288.0,308.6,8.0,4.0,79.0,273.0,150.0,-838.4,17.0
2022-11-21,korea,734.0,95.0,57.0,1114.2,2.0,1.0,15.0,81.0,24.0,56.7,6.0
2022-11-21,libya,88.0,10.0,12.0,19.7,0.0,0.0,2.0,0.0,0.0,0.0,0.0
2022-11-21,scs,2473.0,230.0,142.0,4449.8,7.0,8.0,41.0,398.0,124.0,360.9,8.0
2022-11-21,southasia,5017.0,690.0,810.0,875.5,12.0,14.0,290.0,15.0,6.0,1.4,0.0
2022-11-21,sudan,291.0,35.0,34.0,363.1,0.0,8.0,8.0,3.0,0.0,3.0,0.0
2022-11-21,taiwan,323.0,31.0,27.0,516.1,3.0,1.0,10.0,93.0,31.0,42.3,3.0
2022-11-21,ukraine,3035.0,455.0,569.0,-637.9,14.0,17.0,92.0,1273.0,740.0,-2950.7,68.0
2022-11-21,venezuela,168.0,6.0,17.0,318.0,0.0,0.0,6.0,8.0,2.0,-2.4,0.0
2022-11-21,yemen,97.0,19.0,26.0,-189.3,5.0,0.0,3.0,13.0,4.0,3.9,0.0
2022-11-22,drc,50.0,9.0,4.0,33.3,0.0,0.0,2.0,55.0,31.0,6.2,6.0
2022-11-22,europe_east,1129.0,129.0,165.0,923.1,6.0,1.0,57.0,184.0,54.0,38.7,9.0
2022-11-22,iran,1586.0,370.0,340.0,-1369.2,9.0,12.0,120.0,202.0,79.0,-46.5,4.0
2022-11-22,israel,1837.0,250.0,269.0,605.0,8.0,10.0,87.0,309.0,138.0,-504.5,18.0
2022-11-22,korea,782.0,117.0,92.0,533.7,3.0,1.0,28.0,101.0,54.0,-260.8,8.0
2022-11-22,libya,94.0,7.0,20.0,37.1,0.0,0.0,8.0,0.0,0.0,0.0,0.0
2022-11-22,scs,2679.0,242.0,215.0,3859.5,1.0,4.0,120.0,401.0,131.0,9.6,10.0
2022-11-22,southasia,5734.0,795.0,795.0,2773.7,4.0,6.0,333.0,10.0,6.0,-19.7,1.0
2022-11-22,sudan,301.0,27.0,22.0,638.5,0.0,1.0,3.0,0.0,0.0,0.0,0.0
2022-11-22,taiwan,432.0,42.0,31.0,676.5,2.0,2.0,14.0,144.0,36.0,79.0,8.0
2022-11-22,ukraine,3133.0,423.0,603.0,-479.1,22.0,21.0,144.0,1135.0,670.0,-3024.3,63.0
2022-11-22,venezuela,252.0,18.0,16.0,509.9,0.0,0.0,5.0,23.0,5.0,28.5,5.0
2022-11-22,yemen,97.0,17.0,28.0,-130.4,1.0,0.0,8.0,9.0,6.0,-28.7,0.0
2022-11-23,drc,63.0,11.0,16.0,8.4,0.0,2.0,2.0,126.0,48.0,76.3,8.0
2022-11-23,europe_east,1137.0,107.0,116.0,1379.8,1.0,3.0,42.0,137.0,75.0,-380.7,8.0
2022-11-23,iran,1358.0,297.0,350.0,-2120.9,2.0,4.0,144.0,188.0,115.0,-405.2,5.0
2022-11-23,israel,2637.0,455.0,634.0,-3197.0,11.0,1.0,131.0,571.0,398.0,-2199.7,29.0
2022-11-23,korea,610.0,73.0,66.0,599.8,3.0,0.0,34.0,44.0,26.0,-99.6,2.0
2022-11-23,libya,58.0,8.0,6.0,96.5,0.0,0.0,2.0,0.0,0.0,0.0,0.0
2022-11-23,scs,2449.0,192.0,242.0,3188.1,12.0,2.0,96.0,223.0,63.0,84.5,4.0
2022-11-23,southasia,5343.0,766.0,597.0,3468.7,12.0,6.0,248.0,8.0,6.0,-23.0,4.0
2022-11-23,sudan,287.0,23.0,30.0,640.3,0.0,0.0,3.0,1.0,0.0,4.0,0.0
2022-11-23,taiwan,316.0,40.0,31.0,329.5,1.0,0.0,14.0,103.0,29.0,-15.3,5.0
2022-11-23,ukraine,3606.0,530.0,734.0,-1257.2,24.0,30.0,118.0,1272.0,724.0,-3070.4,54.0
2022-11-23,venezuela,240.0,11.0,22.0,496.1,0.0,0.0,13.0,41.0,11.0,38.9,4.0
2022-11-23,yemen,109.0,19.0,13.0,-39.7,1.0,1.0,3.0,30.0,7.0,-5.7,1.0
2022-11-24,drc,65.0,16.0,8.0,19.5,0.0,0.0,2.0,131.0,66.0,-22.7,3.0
2022-11-24,europe_east,1011.0,83.0,97.0,1423.6,0.0,4.0,30.0,128.0,48.0,-115.9,5.0
2022-11-24,iran,1313.0,301.0,395.0,-2754.6,15.0,9.0,178.0,135.0,59.0,-38.8,6.0
2022-11-24,israel,2342.0,374.0,571.0,-2161.9,14.0,8.0,180.0,479.0,284.0,-1575.0,52.0
2022-11-24,korea,722.0,101.0,61.0,793.3,1.0,0.0,29.0,117.0,58.0,-185.3,2.0
2022-11-24,libya,204.0,24.0,16.0,330.1,0.0,0.0,6.0,0.0,0.0,0.0,0.0
2022-11-24,scs,1912.0,132.0,186.0,3121.5,7.0,0.0,85.0,162.0,49.0,147.2,1.0
2022-11-24,southasia,5706.0,820.0,673.0,3631.7,15.0,4.0,307.0,9.0,3.0,-10.4,0.0
2022-11-24,sudan,221.0,30.0,34.0,147.0,2.0,4.0,12.0,4.0,3.0,-30.0,0.0
2022-11-24,taiwan,243.0,35.0,35.0,98.6,0.0,0.0,10.0,54.0,19.0,-28.1,6.0
2022-11-24,ukraine,3262.0,444.0,578.0,348.8,18.0,11.0,84.0,1170.0,582.0,-1943.9,38.0
2022-11-24,venezuela,158.0,7.0,10.0,389.6,0.0,0.0,8.0,13.0,5.0,-21.0,2.0
2022-11-24,yemen,65.0,5.0,17.0,-93.6,2.0,0.0,0.0,13.0,7.0,-47.0,0.0
2022-11-25,drc,78.0,10.0,4.0,83.4,0.0,0.0,4.0,63.0,45.0,-192.8,10.0
2022-11-25,europe_east,969.0,89.0,80.0,1476.3,0.0,2.0,32.0,86.0,45.0,-109.7,9.0
2022-11-25,iran,790.0,203.0,168.0,-1042.8,5.0,3.0,60.0,50.0,21.0,-35.1,2.0
2022-11-25,israel,1300.0,170.0,275.0,-409.8,1.0,6.0,78.0,214.0,115.0,-636.6,16.0
2022-11-25,korea,641.0,73.0,87.0,509.7,2.0,0.0,45.0,44.0,28.0,-150.4,2.0
2022-11-25,libya,60.0,9.0,7.0,60.9,0.0,0.0,3.0,0.0,0.0,0.0,0.0
2022-11-25,scs,1467.0,117.0,118.0,2249.8,0.0,6.0,43.0,70.0,11.0,104.3,1.0
2022-11-25,southasia,5394.0,820.0,587.0,3917.7,17.0,19.0,244.0,18.0,7.0,-42.9,0.0
2022-11-25,sudan,227.0,17.0,50.0,2.3,0.0,2.0,17.0,0.0,0.0,0.0,0.0
2022-11-25,taiwan,273.0,38.0,10.0,374.6,0.0,0.0,5.0,43.0,8.0,32.0,0.0
2022-11-25,ukraine,3058.0,405.0,452.0,1874.4,25.0,19.0,97.0,966.0,487.0,-1662.3,54.0
2022-11-25,venezuela,87.0,3.0,11.0,138.3,0.0,0.0,6.0,13.0,6.0,3.8,2.0
2022-11-25,yemen,75.0,11.0,17.0,-99.6,4.0,0.0,0.0,10.0,0.0,50.1,0.0
2022-11-26,drc,66.0,10.0,9.0,70.3,0.0,4.0,3.0,44.0,18.0,25.6,3.0
2022-11-26,europe_east,553.0,38.0,55.0,893.6,2.0,2.0,19.0,48.0,12.0,-2.3,8.0
2022-11-26,iran,776.0,204.0,212.0,-1859.9,0.0,6.0,73.0,98.0,46.0,-88.1,2.0
2022-11-26,israel,669.0,97.0,110.0,-31.7,4.0,0.0,40.0,96.0,51.0,-239.2,6.0
2022-11-26,korea,309.0,43.0,54.0,183.3,1.0,0.0,32.0,57.0,13.0,42.1,3.0
2022-11-26,libya,24.0,1.0,0.0,75.2,0.0,0.0,0.0,4.0,0.0,9.4,0.0
2022-11-26,scs,742.0,75.0,81.0,819.9,2.0,0.0,41.0,39.0,5.0,112.2,0.0
2022-11-26,southasia,4746.0,723.0,685.0,689.8,31.0,13.0,250.0,51.0,38.0,-235.0,12.0
2022-11-26,sudan,96.0,19.0,13.0,201.3,0.0,0.0,5.0,4.0,1.0,10.0,0.0
2022-11-26,taiwan,304.0,51.0,27.0,141.5,5.0,0.0,11.0,80.0,31.0,-0.6,3.0
2022-11-26,ukraine,2261.0,292.0,328.0,1361.7,14.0,14.0,82.0,785.0,396.0,-1542.1,25.0
2022-11-26,venezuela,206.0,14.0,18.0,545.3,0.0,0.0,8.0,37.0,3.0,140.5,0.0
2022-11-26,yemen,34.0,1.0,13.0,-79.9,0.0,0.0,3.0,5.0,1.0,-3.6,0.0
2022-11-27,drc,15.0,9.0,2.0,-37.6,0.0,0.0,0.0,17.0,15.0,-47.2,0.0
2022-11-27,europe_east,402.0,25.0,30.0,772.2,4.0,0.0,10.0,86.0,21.0,19.0,3.0
2022-11-27,iran,676.0,152.0,184.0,-1058.2,2.0,0.0,85.0,76.0,41.0,-110.6,0.0
2022-11-27,israel,1258.0,187.0,193.0,491.6,5.0,0.0,49.0,168.0,122.0,-688.4,13.0
2022-11-27,korea,361.0,57.0,35.0,239.7,0.0,0.0,15.0,50.0,5.0,76.8,0.0
2022-11-27,libya,44.0,4.0,4.0,110.0,0.0,0.0,3.0,0.0,0.0,0.0,0.0
2022-11-27,scs,838.0,64.0,68.0,1556.5,0.0,3.0,24.0,50.0,10.0,118.6,3.0
2022-11-27,southasia,4178.0,730.0,594.0,575.7,20.0,3.0,263.0,43.0,26.0,-153.0,9.0
2022-11-27,sudan,109.0,13.0,25.0,-95.3,0.0,2.0,11.0,4.0,4.0,-16.0,0.0
2022-11-27,taiwan,239.0,29.0,15.0,320.9,0.0,0.0,9.0,50.0,23.0,-35.1,2.0
2022-11-27,ukraine,1905.0,236.0,364.0,4.9,7.0,10.0,55.0,597.0,310.0,-975.8,37.0
2022-11-27,venezuela,230.0,25.0,44.0,115.2,1.0,0.0,24.0,36.0,9.0,64.8,4.0
2022-11-27,yemen,79.0,8.0,15.0,-22.7,0.0,0.0,6.0,27.0,8.0,12.5,2.0
2022-11-28,drc,35.0,2.0,7.0,45.0,0.0,0.0,0.0,33.0,13.0,-29.9,1.0
2022-11-28,europe_east,1148.0,76.0,104.0,1909.5,0.0,4.0,27.0,76.0,28.0,82.1,1.0
2022-11-28,iran,1104.0,247.0,296.0,-1762.4,2.0,1.0,146.0,94.0,59.0,-126.2,0.0
2022-11-28,israel,2102.0,412.0,454.0,-1847.4,13.0,2.0,137.0,387.0,229.0,-1157.4,37.0
2022-11-28,korea,531.0,53.0,57.0,816.7,0.0,1.0,32.0,43.0,10.0,-22.1,0.0
2022-11-28,libya,53.0,9.0,5.0,51.2,0.0,0.0,5.0,0.0,0.0,0.0,0.0
2022-11-28,scs,1197.0,115.0,108.0,1562.2,1.0,0.0,49.0,40.0,10.0,68.4,1.0
2022-11-28,southasia,5072.0,766.0,647.0,2683.0,36.0,4.0,302.0,8.0,1.0,2.1,0.0
2022-11-28,sudan,281.0,46.0,23.0,292.5,2.0,0.0,7.0,4.0,3.0,-23.5,0.0
2022-11-28,taiwan,239.0,25.0,21.0,389.4,2.0,0.0,14.0,83.0,32.0,-33.3,3.0
2022-11-28,ukraine,3088.0,395.0,424.0,2081.5,34.0,21.0,96.0,878.0,465.0,-1571.6,76.0
2022-11-28,venezuela,262.0,39.0,38.0,335.2,0.0,0.0,30.0,33.0,10.0,48.9,5.0
2022-11-28,yemen,109.0,3.0,9.0,314.8,0.0,0.0,3.0,32.0,3.0,126.2,0.0
2022-11-29,drc,56.0,5.0,9.0,56.3,1.0,0.0,4.0,10.0,5.0,16.0,1.0
2022-11-29,europe_east,1871.0,167.0,122.0,3328.3,1.0,9.0,42.0,104.0,30.0,-6.1,11.0
2022-11-29,iran,990.0,246.0,174.0,-456.2,14.0,3.0,72.0,108.0,63.0,-197.3,13.0
2022-11-29,israel,2942.0,472.0,723.0,-3339.9,14.0,6.0,179.0,619.0,395.0,-2674.6,52.0
2022-11-29,korea,864.0,103.0,91.0,943.9,4.0,1.0,49.0,107.0,36.0,-31.5,0.0
2022-11-29,libya,209.0,12.0,16.0,397.6,0.0,0.0,10.0,0.0,0.0,0.0,0.0
2022-11-29,scs,1360.0,153.0,120.0,2453.3,0.0,1.0,62.0,35.0,13.0,-0.4,0.0
2022-11-29,southasia,6181.0,929.0,852.0,3017.9,34.0,15.0,329.0,24.0,18.0,-171.5,2.0
2022-11-29,sudan,248.0,33.0,27.0,258.7,1.0,0.0,18.0,0.0,0.0,0.0,0.0
2022-11-29,taiwan,351.0,40.0,26.0,433.1,1.0,1.0,12.0,58.0,19.0,2.8,4.0
2022-11-29,ukraine,3648.0,425.0,424.0,3586.6,22.0,25.0,117.0,891.0,437.0,-993.4,52.0
2022-11-29,venezuela,288.0,40.0,32.0,340.1,0.0,0.0,16.0,53.0,9.0,93.3,0.0
2022-11-29,yemen,92.0,5.0,12.0,216.8,0.0,0.0,2.0,23.0,5.0,18.5,0.0
2022-11-30,drc,84.0,4.0,4.0,180.1,0.0,0.0,0.0,24.0,11.0,-9.9,1.0
2022-11-30,europe_east,1759.0,148.0,116.0,3101.9,0.0,1.0,47.0,83.0,25.0,33.0,9.0
2022-11-30,iran,891.0,181.0,177.0,-464.3,6.0,1.0,89.0,112.0,53.0,-113.1,17.0
2022-11-30,israel,2582.0,429.0,596.0,-2013.9,16.0,6.0,139.0,515.0,355.0,-2286.7,46.0
2022-11-30,korea,857.0,126.0,100.0,880.7,2.0,5.0,45.0,46.0,24.0,-77.7,2.0
2022-11-30,libya,136.0,14.0,9.0,189.5,1.0,0.0,2.0,0.0,0.0,0.0,0.0
2022-11-30,scs,1361.0,117.0,143.0,1899.5,2.0,0.0,72.0,18.0,2.0,55.8,1.0
2022-11-30,southasia,5359.0,773.0,776.0,2083.3,27.0,5.0,287.0,14.0,3.0,-14.8,1.0
2022-11-30,sudan,292.0,48.0,47.0,-30.3,1.0,1.0,14.0,3.0,3.0,-14.0,0.0
2022-11-30,taiwan,357.0,44.0,24.0,484.1,0.0,2.0,14.0,120.0,34.0,85.4,7.0
2022-11-30,ukraine,3315.0,455.0,490.0,1456.6,39.0,27.0,121.0,978.0,505.0,-1883.6,47.0
2022-11-30,venezuela,145.0,24.0,13.0,195.6,0.0,0.0,9.0,25.0,8.0,-3.5,3.0
2022-11-30,yemen,61.0,9.0,8.0,54.3,0.0,0.0,2.0,21.0,10.0,-46.3,0.0
2022-12-01,drc,80.0,17.0,17.0,-141.8,0.0,0.0,0.0,28.0,21.0,-33.5,0.0
2022-12-01,europe_east,1321.0,117.0,90.0,1971.8,3.0,2.0,36.0,102.0,26.0,140.2,3.0
2022-12-01,iran,930.0,164.0,185.0,-72.0,2.0,4.0,85.0,131.0,67.0,-98.7,13.0
2022-12-01,israel,2901.0,403.0,647.0,-1394.9,22.0,3.0,163.0,481.0,318.0,-1915.9,52.0
2022-12-01,korea,760.0,107.0,96.0,648.1,2.0,1.0,46.0,51.0,32.0,-125.4,5.0
2022-12-01,libya,144.0,16.0,5.0,330.9,0.0,0.0,1.0,0.0,0.0,0.0,0.0
2022-12-01,scs,1257.0,104.0,129.0,1695.1,4.0,0.0,62.0,20.0,6.0,44.3,0.0
2022-12-01,southasia,5277.0,824.0,729.0,2310.9,23.0,14.0,304.0,7.0,2.0,-19.2,0.0
2022-12-01,sudan,365.0,35.0,14.0,694.5,1.0,1.0,11.0,4.0,0.0,16.0,0.0
2022-12-01,taiwan,349.0,40.0,16.0,542.7,3.0,0.0,3.0,103.0,24.0,42.4,5.0
2022-12-01,ukraine,3501.0,430.0,538.0,2148.7,30.0,38.0,118.0,1084.0,523.0,-1215.9,71.0
2022-12-01,venezuela,256.0,30.0,27.0,423.4,0.0,0.0,19.0,59.0,10.0,167.2,2.0
2022-12-01,yemen,55.0,6.0,9.0,16.5,0.0,0.0,4.0,9.0,2.0,4.4,0.0
2022-12-02,drc,108.0,23.0,12.0,53.8,0.0,0.0,5.0,50.0,24.0,36.0,4.0
2022-12-02,europe_east,1252.0,164.0,111.0,1442.5,1.0,2.0,43.0,150.0,71.0,-156.9,19.0
2022-12-02,iran,1091.0,262.0,274.0,-1441.9,0.0,1.0,128.0,141.0,64.0,-29.8,7.0
2022-12-02,israel,2157.0,372.0,408.0,-454.1,7.0,5.0,125.0,365.0,209.0,-1124.0,22.0
2022-12-02,korea,764.0,93.0,167.0,42.5,2.0,15.0,114.0,201.0,153.0,-1015.4,10.0
2022-12-02,libya,83.0,11.0,12.0,39.3,0.0,0.0,7.0,0.0,0.0,0.0,0.0
2022-12-02,scs,1160.0,97.0,90.0,1890.2,0.0,0.0,50.0,28.0,6.0,35.0,0.0
2022-12-02,southasia,5450.0,963.0,759.0,1564.0,14.0,18.0,334.0,24.0,9.0,-25.1,2.0
2022-12-02,sudan,421.0,32.0,18.0,1109.8,0.0,0.0,9.0,10.0,0.0,22.0,0.0
2022-12-02,taiwan,350.0,38.0,21.0,526.5,2.0,0.0,10.0,106.0,8.0,192.3,2.0
2022-12-02,ukraine,3631.0,494.0,631.0,494.5,23.0,29.0,154.0,1229.0,630.0,-1965.1,78.0
2022-12-02,venezuela,213.0,15.0,14.0,472.5,0.0,0.0,6.0,40.0,2.0,119.4,0.0
2022-12-02,yemen,122.0,21.0,30.0,-125.1,0.0,0.0,3.0,42.0,11.0,24.5,0.0
2022-12-03,drc,42.0,12.0,6.0,-17.4,0.0,0.0,0.0,12.0,9.0,-11.5,0.0
2022-12-03,europe_east,626.0,66.0,97.0,396.6,0.0,1.0,48.0,92.0,35.0,-70.5,10.0
2022-12-03,iran,692.0,179.0,181.0,-1125.8,0.0,4.0,94.0,71.0,44.0,-69.8,6.0
2022-12-03,israel,1489.0,225.0,352.0,-1146.3,7.0,8.0,81.0,295.0,196.0,-1250.8,18.0
2022-12-03,korea,307.0,58.0,65.0,-193.0,0.0,0.0,29.0,57.0,42.0,-261.6,11.0
2022-12-03,libya,59.0,14.0,10.0,-5.7,0.0,0.0,5.0,0.0,0.0,0.0,0.0
2022-12-03,scs,783.0,63.0,79.0,974.0,2.0,9.0,29.0,36.0,6.0,41.2,0.0
2022-12-03,southasia,4733.0,729.0,797.0,144.6,19.0,29.0,321.0,12.0,7.0,-48.6,0.0
2022-12-03,sudan,132.0,12.0,12.0,189.1,0.0,0.0,8.0,0.0,0.0,0.0,0.0
2022-12-03,taiwan,282.0,31.0,14.0,422.3,0.0,1.0,7.0,55.0,10.0,90.1,1.0
2022-12-03,ukraine,2194.0,293.0,407.0,107.4,24.0,20.0,96.0,683.0,338.0,-1060.0,55.0
2022-12-03,venezuela,127.0,15.0,9.0,165.6,0.0,0.0,5.0,19.0,0.0,72.2,0.0
2022-12-03,yemen,56.0,5.0,25.0,-158.8,0.0,0.0,13.0,10.0,0.0,26.2,0.0
2022-12-04,drc,28.0,5.0,2.0,-8.5,0.0,0.0,0.0,2.0,1.0,5.0,0.0
2022-12-04,europe_east,346.0,39.0,31.0,375.0,2.0,2.0,13.0,44.0,14.0,-23.1,1.0
2022-12-04,iran,1301.0,304.0,284.0,-613.9,5.0,1.0,180.0,211.0,118.0,-365.6,31.0
2022-12-04,israel,2139.0,384.0,403.0,-1053.1,2.0,0.0,96.0,433.0,289.0,-1747.8,35.0
2022-12-04,korea,343.0,43.0,49.0,98.5,0.0,0.0,29.0,25.0,5.0,3.0,5.0
2022-12-04,libya,58.0,2.0,7.0,103.3,0.0,0.0,2.0,0.0,0.0,0.0,0.0
2022-12-04,scs,851.0,60.0,83.0,1377.5,4.0,1.0,33.0,8.0,0.0,27.5,0.0
2022-12-04,southasia,4103.0,744.0,656.0,-626.7,16.0,27.0,242.0,15.0,6.0,-18.6,2.0
2022-12-04,sudan,212.0,27.0,36.0,138.0,0.0,0.0,10.0,1.0,1.0,-10.0,0.0
2022-12-04,taiwan,199.0,18.0,11.0,311.3,1.0,0.0,8.0,57.0,15.0,73.3,5.0
2022-12-04,ukraine,1740.0,194.0,332.0,123.4,11.0,4.0,70.0,585.0,325.0,-1395.5,28.0
2022-12-04,venezuela,69.0,12.0,9.0,35.6,0.0,0.0,3.0,13.0,7.0,-6.0,0.0
2022-12-04,yemen,43.0,15.0,8.0,-72.7,0.0,0.0,4.0,6.0,4.0,-20.7,0.0
2022-12-05,drc,52.0,12.0,18.0,-148.4,0.0,0.0,0.0,33.0,23.0,-42.6,3.0
2022-12-05,europe_east,830.0,69.0,66.0,1269.6,2.0,2.0,21.0,70.0,33.0,-76.6,6.0
2022-12-05,iran,1488.0,322.0,308.0,-969.9,5.0,6.0,178.0,145.0,63.0,-23.9,8.0
2022-12-05,israel,2480.0,401.0,466.0,-739.6,5.0,2.0,161.0,409.0,282.0,-1615.1,47.0
2022-12-05,korea,828.0,108.0,182.0,-280.4,6.0,2.0,41.0,167.0,108.0,-713.1,11.0
2022-12-05,libya,102.0,6.0,27.0,-17.6,0.0,0.0,3.0,0.0,0.0,0.0,0.0
2022-12-05,scs,1519.0,119.0,91.0,3115.7,1.0,3.0,49.0,55.0,9.0,114.2,0.0
2022-12-05,southasia,4913.0,772.0,581.0,2680.0,15.0,16.0,235.0,9.0,5.0,-48.5,0.0
2022-12-05,sudan,449.0,69.0,37.0,826.9,0.0,4.0,17.0,10.0,2.0,19.0,0.0
2022-12-05,taiwan,235.0,26.0,18.0,270.2,3.0,0.0,5.0,71.0,14.0,75.2,4.0
2022-12-05,ukraine,3018.0,406.0,799.0,-3047.7,41.0,21.0,154.0,1264.0,755.0,-3775.6,61.0
2022-12-05,venezuela,172.0,6.0,26.0,228.8,0.0,0.0,19.0,80.0,30.0,-66.6,27.0
2022-12-05,yemen,77.0,12.0,22.0,-117.8,0.0,0.0,6.0,9.0,6.0,-47.8,0.0
2022-12-06,drc,163.0,30.0,25.0,52.0,0.0,0.0,1.0,77.0,49.0,-50.2,6.0
2022-12-06,europe_east,1132.0,99.0,168.0,953.8,1.0,1.0,58.0,170.0,47.0,136.2,10.0
2022-12-06,iran,1236.0,271.0,248.0,-924.0,9.0,1.0,152.0,135.0,62.0,-94.0,5.0
2022-12-06,israel,2298.0,320.0,481.0,-1111.7,36.0,0.0,101.0,379.0,231.0,-1440.6,45.0
2022-12-06,korea,685.0,104.0,123.0,-72.9,1.0,0.0,24.0,147.0,92.0,-564.0,12.0
2022-12-06,libya,80.0,3.0,5.0,254.8,0.0,0.0,2.0,0.0,0.0,0.0,0.0
2022-12-06,scs,1509.0,143.0,118.0,2327.3,0.0,0.0,53.0,31.0,2.0,104.9,0.0
2022-12-06,southasia,5662.0,845.0,848.0,2122.8,16.0,26.0,374.0,14.0,8.0,-25.2,2.0
2022-12-06,sudan,479.0,47.0,34.0,827.9,0.0,3.0,13.0,6.0,2.0,9.0,0.0
2022-12-06,taiwan,475.0,47.0,15.0,822.7,1.0,0.0,9.0,134.0,32.0,109.1,2.0
2022-12-06,ukraine,3610.0,514.0,821.0,-2284.4,49.0,13.0,127.0,1523.0,935.0,-4776.8,84.0
2022-12-06,venezuela,291.0,17.0,63.0,131.1,0.0,0.0,55.0,226.0,60.0,213.2,51.0
2022-12-06,yemen,85.0,18.0,14.0,-25.8,0.0,0.0,7.0,11.0,5.0,-20.8,0.0
2022-12-07,drc,93.0,11.0,17.0,48.7,0.0,0.0,2.0,23.0,13.0,-0.1,0.0
2022-12-07,europe_east,1197.0,102.0,169.0,1398.0,5.0,14.0,49.0,68.0,20.0,57.4,2.0
2022-12-07,iran,1286.0,259.0,283.0,-518.0,4.0,7.0,160.0,99.0,52.0,-75.7,4.0
2022-12-07,israel,1932.0,278.0,316.0,280.8,13.0,3.0,97.0,289.0,157.0,-757.5,19.0
2022-12-07,korea,733.0,85.0,90.0,665.1,4.0,1.0,25.0,109.0,61.0,-235.4,9.0
2022-12-07,libya,87.0,11.0,10.0,77.7,0.0,0.0,1.0,0.0,0.0,0.0,0.0
2022-12-07,scs,1491.0,96.0,99.0,2984.5,3.0,2.0,38.0,39.0,5.0,114.8,0.0
2022-12-07,southasia,5367.0,720.0,691.0,3262.4,9.0,9.0,291.0,1.0,0.0,0.0,0.0
2022-12-07,sudan,444.0,57.0,50.0,569.0,1.0,0.0,14.0,2.0,0.0,7.0,0.0
2022-12-07,taiwan,393.0,47.0,22.0,679.1,0.0,0.0,11.0,90.0,24.0,64.9,5.0
2022-12-07,ukraine,3650.0,506.0,657.0,-40.3,34.0,39.0,113.0,1401.0,707.0,-2482.5,86.0
2022-12-07,venezuela,189.0,20.0,32.0,118.8,0.0,0.0,24.0,78.0,23.0,84.8,17.0
2022-12-07,yemen,59.0,6.0,14.0,-30.8,0.0,2.0,1.0,17.0,11.0,-33.1,0.0
2022-12-08,drc,70.0,18.0,24.0,-220.7,0.0,0.0,0.0,21.0,15.0,-57.2,0.0
2022-12-08,europe_east,1104.0,147.0,99.0,1333.9,4.0,8.0,42.0,107.0,41.0,-75.6,5.0
2022-12-08,iran,1534.0,362.0,475.0,-3006.1,7.0,7.0,266.0,195.0,78.0,-67.5,24.0
2022-12-08,israel,4959.0,721.0,1449.0,-7933.5,28.0,13.0,322.0,1103.0,646.0,-3905.3,103.0
2022-12-08,korea,589.0,78.0,70.0,651.1,0.0,1.0,19.0,72.0,40.0,-141.6,3.0
2022-12-08,libya,57.0,3.0,8.0,101.9,0.0,0.0,7.0,0.0,0.0,0.0,0.0
2022-12-08,scs,1564.0,124.0,145.0,2493.5,0.0,2.0,71.0,73.0,25.0,5.4,4.0
2022-12-08,southasia,5005.0,704.0,558.0,4413.7,10.0,4.0,286.0,13.0,4.0,-2.9,2.0
2022-12-08,sudan,368.0,53.0,63.0,86.9,0.0,2.0,24.0,6.0,0.0,8.7,0.0
2022-12-08,taiwan,297.0,24.0,26.0,475.4,3.0,5.0,12.0,81.0,17.0,105.1,8.0
2022-12-08,ukraine,3078.0,425.0,557.0,58.1,27.0,12.0,123.0,1155.0,567.0,-1678.7,78.0
2022-12-08,venezuela,182.0,22.0,25.0,184.2,0.0,0.0,17.0,62.0,21.0,45.4,11.0
2022-12-08,yemen,48.0,6.0,5.0,29.9,0.0,0.0,0.0,14.0,2.0,20.5,0.0
2022-12-09,drc,38.0,7.0,8.0,-38.7,0.0,0.0,2.0,22.0,11.0,-5.6,2.0
2022-12-09,europe_east,1099.0,128.0,145.0,1136.9,0.0,16.0,67.0,88.0,30.0,-1.1,16.0
2022-12-09,iran,1486.0,375.0,419.0,-2459.5,0.0,2.0,241.0,173.0,86.0,-149.9,12.0
2022-12-09,israel,1696.0,246.0,266.0,343.3,6.0,1.0,101.0,236.0,112.0,-415.9,11.0
2022-12-09,korea,485.0,56.0,65.0,496.0,0.0,8.0,29.0,73.0,14.0,98.2,0.0
2022-12-09,libya,39.0,2.0,6.0,55.1,0.0,3.0,0.0,0.0,0.0,0.0,0.0
2022-12-09,scs,1277.0,92.0,106.0,2236.7,0.0,6.0,51.0,61.0,2.0,168.2,0.0
2022-12-09,southasia,5099.0,723.0,589.0,4161.6,13.0,11.0,293.0,24.0,15.0,-102.2,2.0
2022-12-09,sudan,257.0,37.0,43.0,56.5,0.0,1.0,21.0,4.0,2.0,-13.3,0.0
2022-12-09,taiwan,240.0,37.0,25.0,176.6,0.0,0.0,14.0,96.0,30.0,20.9,8.0
2022-12-09,ukraine,2771.0,427.0,438.0,1000.3,26.0,14.0,115.0,1056.0,528.0,-1650.6,60.0
2022-12-09,venezuela,141.0,12.0,11.0,216.5,0.0,0.0,6.0,49.0,4.0,127.9,0.0
2022-12-09,yemen,70.0,8.0,21.0,-97.1,0.0,0.0,2.0,9.0,5.0,-22.7,0.0
2022-12-10,drc,75.0,6.0,16.0,-36.6,0.0,0.0,2.0,9.0,3.0,3.0,0.0
2022-12-10,europe_east,425.0,47.0,41.0,822.6,0.0,4.0,26.0,85.0,38.0,-37.5,4.0
2022-12-10,iran,1159.0,284.0,259.0,-808.4,2.0,1.0,130.0,93.0,44.0,-39.8,4.0
2022-12-10,israel,853.0,153.0,144.0,-454.6,3.0,0.0,50.0,130.0,75.0,-398.1,11.0
2022-12-10,korea,245.0,26.0,32.0,273.3,1.0,3.0,16.0,43.0,12.0,-1.7,4.0
2022-12-10,libya,67.0,5.0,11.0,72.0,0.0,0.0,2.0,0.0,0.0,0.0,0.0
2022-12-10,scs,783.0,61.0,69.0,1228.7,2.0,0.0,44.0,25.0,0.0,64.7,0.0
2022-12-10,southasia,4371.0,649.0,540.0,3122.3,5.0,3.0,257.0,10.0,8.0,-38.6,5.0
2022-12-10,sudan,65.0,9.0,9.0,15.9,0.0,1.0,5.0,0.0,0.0,0.0,0.0
2022-12-10,taiwan,216.0,18.0,34.0,256.7,0.0,0.0,27.0,71.0,28.0,27.3,3.0
2022-12-10,ukraine,1838.0,265.0,413.0,-959.4,14.0,9.0,111.0,674.0,368.0,-1495.2,38.0
2022-12-10,venezuela,49.0,11.0,13.0,-48.9,0.0,0.0,9.0,10.0,4.0,-8.9,0.0
2022-12-10,yemen,54.0,7.0,32.0,-254.8,0.0,0.0,5.0,13.0,7.0,-45.8,0.0
2022-12-11,drc,10.0,4.0,3.0,-32.6,0.0,0.0,0.0,2.0,0.0,6.8,0.0
2022-12-11,europe_east,211.0,26.0,29.0,129.6,3.0,3.0,8.0,29.0,13.0,-17.6,0.0
2022-12-11,iran,897.0,185.0,207.0,-807.0,4.0,1.0,106.0,116.0,33.0,206.4,7.0
2022-12-11,israel,1277.0,190.0,225.0,-125.6,4.0,2.0,60.0,164.0,76.0,-190.6,16.0
2022-12-11,korea,353.0,48.0,29.0,424.7,0.0,0.0,7.0,17.0,4.0,32.6,2.0
2022-12-11,libya,378.0,51.0,145.0,-468.5,0.0,0.0,107.0,0.0,0.0,0.0,0.0
2022-12-11,scs,887.0,62.0,83.0,1298.7,3.0,0.0,45.0,11.0,0.0,29.9,0.0
2022-12-11,southasia,4107.0,564.0,569.0,2253.1,8.0,5.0,269.0,11.0,0.0,24.1,0.0
2022-12-11,sudan,109.0,12.0,12.0,110.6,1.0,1.0,6.0,0.0,0.0,0.0,0.0
2022-12-11,taiwan,242.0,30.0,21.0,314.4,0.0,3.0,10.0,70.0,34.0,-18.1,7.0
2022-12-11,ukraine,1765.0,253.0,416.0,-1042.5,20.0,9.0,89.0,764.0,417.0,-1830.8,67.0
2022-12-11,venezuela,27.0,12.0,0.0,33.1,0.0,0.0,0.0,6.0,6.0,-16.8,0.0
2022-12-11,yemen,39.0,5.0,5.0,77.0,1.0,0.0,0.0,11.0,0.0,39.3,0.0
2022-12-12,drc,28.0,7.0,7.0,-61.5,0.0,0.0,0.0,26.0,20.0,-58.8,2.0
2022-12-12,europe_east,876.0,64.0,89.0,1254.6,2.0,6.0,34.0,39.0,10.0,33.6,1.0
2022-12-12,iran,1427.0,343.0,410.0,-2149.6,3.0,3.0,247.0,73.0,35.0,5.6,6.0
2022-12-12,israel,2080.0,267.0,532.0,-1959.3,6.0,3.0,118.0,517.0,322.0,-2208.7,25.0
2022-12-12,korea,708.0,63.0,54.0,1225.9,3.0,2.0,32.0,63.0,17.0,3.9,3.0
2022-12-12,libya,554.0,90.0,163.0,-379.5,2.0,0.0,117.0,3.0,2.0,-18.0,2.0
2022-12-12,scs,1436.0,123.0,115.0,2711.4,1.0,1.0,69.0,27.0,5.0,86.5,2.0
2022-12-12,southasia,5568.0,905.0,805.0,1633.2,10.0,10.0,324.0,18.0,6.0,42.0,3.0
2022-12-12,sudan,290.0,37.0,50.0,-35.4,1.0,0.0,15.0,0.0,0.0,0.0,0.0
2022-12-12,taiwan,322.0,29.0,29.0,563.4,0.0,0.0,24.0,135.0,42.0,58.3,10.0
2022-12-12,ukraine,3512.0,390.0,589.0,1707.5,16.0,16.0,146.0,1196.0,535.0,-1442.8,65.0
2022-12-12,venezuela,139.0,22.0,16.0,112.7,0.0,0.0,5.0,25.0,10.0,-16.7,10.0
2022-12-12,yemen,184.0,24.0,35.0,-55.2,1.0,0.0,6.0,31.0,7.0,65.5,0.0
2022-12-13,drc,64.0,7.0,17.0,-123.5,0.0,0.0,3.0,33.0,15.0,-3.4,5.0
2022-12-13,europe_east,843.0,90.0,87.0,1040.6,4.0,2.0,31.0,40.0,21.0,-107.1,5.0
2022-12-13,iran,1405.0,289.0,378.0,-1689.9,11.0,6.0,237.0,99.0,31.0,124.3,4.0
2022-12-13,israel,1789.0,253.0,426.0,-1428.7,6.0,2.0,122.0,354.0,211.0,-1304.3,13.0
2022-12-13,korea,725.0,93.0,75.0,891.3,2.0,1.0,44.0,101.0,47.0,-64.5,1.0
2022-12-13,libya,526.0,117.0,120.0,-267.9,1.0,0.0,70.0,1.0,0.0,0.4,0.0
2022-12-13,scs,1279.0,133.0,143.0,1742.7,0.0,5.0,84.0,14.0,6.0,-1.0,2.0
2022-12-13,southasia,6080.0,1023.0,906.0,1500.8,11.0,15.0,370.0,17.0,11.0,-66.4,4.0
2022-12-13,sudan,262.0,33.0,44.0,118.9,0.0,0.0,10.0,0.0,0.0,0.0,0.0
2022-12-13,taiwan,385.0,26.0,33.0,552.0,2.0,1.0,20.0,130.0,30.0,48.0,5.0
2022-12-13,ukraine,3296.0,410.0,561.0,947.3,31.0,33.0,105.0,1111.0,530.0,-1387.0,59.0
2022-12-13,venezuela,142.0,23.0,14.0,216.9,0.0,0.0,12.0,31.0,10.0,50.4,0.0
2022-12-13,yemen,141.0,12.0,32.0,-14.0,0.0,0.0,9.0,46.0,13.0,18.3,0.0
2022-12-14,drc,110.0,15.0,6.0,49.3,0.0,0.0,0.0,48.0,30.0,-74.3,3.0
2022-12-14,europe_east,837.0,100.0,70.0,1402.0,4.0,0.0,48.0,52.0,32.0,-75.0,14.0
2022-12-14,iran,1615.0,323.0,378.0,-1212.3,16.0,4.0,195.0,198.0,67.0,51.9,6.0
2022-12-14,israel,2059.0,324.0,363.0,-323.9,13.0,8.0,102.0,359.0,191.0,-902.3,20.0
2022-12-14,korea,671.0,99.0,91.0,216.2,6.0,1.0,29.0,142.0,66.0,-238.7,13.0
2022-12-14,libya,252.0,38.0,27.0,197.5,0.0,1.0,10.0,0.0,0.0,0.0,0.0
2022-12-14,scs,1367.0,145.0,143.0,1630.0,1.0,1.0,70.0,40.0,6.0,44.1,0.0
2022-12-14,southasia,5843.0,880.0,822.0,2522.2,12.0,8.0,369.0,7.0,0.0,16.0,0.0
2022-12-14,sudan,343.0,28.0,50.0,309.4,0.0,0.0,10.0,2.0,0.0,14.0,0.0
2022-12-14,taiwan,259.0,33.0,20.0,294.0,2.0,0.0,9.0,84.0,29.0,5.0,5.0
2022-12-14,ukraine,3314.0,375.0,600.0,1314.1,30.0,28.0,165.0,1119.0,566.0,-2016.0,71.0
2022-12-14,venezuela,142.0,18.0,12.0,253.7,0.0,0.0,9.0,46.0,8.0,110.0,6.0
2022-12-14,yemen,97.0,19.0,19.0,-10.5,3.0,0.0,6.0,35.0,6.0,101.6,2.0
2022-12-15,drc,94.0,8.0,8.0,36.1,0.0,0.0,1.0,21.0,13.0,-54.5,0.0
2022-12-15,europe_east,975.0,106.0,91.0,1617.0,0.0,2.0,52.0,76.0,36.0,25.7,4.0
2022-12-15,iran,1272.0,254.0,333.0,-1356.7,3.0,0.0,207.0,192.0,62.0,161.9,10.0
2022-12-15,israel,2750.0,424.0,541.0,-857.6,8.0,20.0,151.0,463.0,194.0,-455.8,34.0
2022-12-15,korea,592.0,66.0,46.0,807.5,4.0,0.0,12.0,68.0,32.0,-147.3,12.0
2022-12-15,libya,173.0,31.0,21.0,115.5,0.0,0.0,16.0,0.0,0.0,0.0,0.0
2022-12-15,scs,1421.0,112.0,119.0,2507.3,3.0,6.0,56.0,71.0,36.0,-102.8,4.0
2022-12-15,southasia,6096.0,956.0,940.0,1314.7,11.0,13.0,356.0,26.0,11.0,-43.1,7.0
2022-12-15,sudan,293.0,23.0,53.0,281.0,0.0,1.0,23.0,0.0,0.0,0.0,0.0
2022-12-15,taiwan,281.0,41.0,23.0,351.2,0.0,0.0,10.0,85.0,35.0,24.5,8.0
2022-12-15,ukraine,3079.0,393.0,606.0,117.8,31.0,27.0,156.0,1083.0,577.0,-2146.8,75.0
2022-12-15,venezuela,177.0,25.0,34.0,-31.2,0.0,0.0,18.0,24.0,11.0,-43.0,9.0
2022-12-15,yemen,114.0,19.0,31.0,-124.0,1.0,0.0,9.0,18.0,5.0,19.6,2.0
2022-12-16,drc,52.0,5.0,1.0,115.4,0.0,0.0,0.0,25.0,15.0,-20.2,2.0
2022-12-16,europe_east,790.0,80.0,69.0,1177.2,0.0,2.0,24.0,63.0,19.0,16.7,2.0
2022-12-16,iran,978.0,227.0,267.0,-1335.5,7.0,1.0,152.0,115.0,46.0,22.6,12.0
2022-12-16,israel,1835.0,291.0,331.0,-522.2,7.0,5.0,70.0,238.0,116.0,-371.2,17.0
2022-12-16,korea,664.0,79.0,113.0,319.2,5.0,12.0,41.0,113.0,50.0,-60.2,19.0
2022-12-16,libya,120.0,16.0,15.0,62.4,0.0,0.0,11.0,2.0,1.0,2.4,0.0
2022-12-16,scs,1391.0,135.0,134.0,1871.4,1.0,0.0,57.0,36.0,5.0,35.2,0.0
2022-12-16,southasia,6147.0,1068.0,881.0,1069.7,31.0,21.0,324.0,70.0,37.0,-85.1,3.0
2022-12-16,sudan,250.0,43.0,54.0,-213.2,0.0,1.0,14.0,0.0,0.0,0.0,0.0
2022-12-16,taiwan,329.0,30.0,31.0,431.1,2.0,2.0,14.0,76.0,22.0,30.9,7.0
2022-12-16,ukraine,3327.0,465.0,815.0,-2503.1,34.0,23.0,96.0,1429.0,862.0,-4469.6,68.0
2022-12-16,venezuela,166.0,12.0,13.0,338.8,0.0,0.0,11.0,39.0,7.0,70.2,4.0
2022-12-16,yemen,128.0,18.0,16.0,48.3,2.0,1.0,1.0,18.0,2.0,36.5,2.0
2022-12-17,drc,23.0,4.0,1.0,47.3,0.0,1.0,0.0,12.0,9.0,-27.4,2.0
2022-12-17,europe_east,641.0,48.0,40.0,1696.8,0.0,1.0,24.0,13.0,7.0,16.4,0.0
2022-12-17,iran,1013.0,245.0,254.0,-1090.2,6.0,0.0,136.0,74.0,31.0,16.0,4.0
2022-12-17,israel,950.0,136.0,219.0,-760.6,4.0,0.0,49.0,152.0,67.0,-246.0,11.0
2022-12-17,korea,237.0,29.0,39.0,15.0,3.0,2.0,7.0,52.0,28.0,-174.2,10.0
2022-12-17,libya,200.0,22.0,29.0,86.4,0.0,0.0,15.0,0.0,0.0,0.0,0.0
2022-12-17,scs,868.0,60.0,104.0,960.2,0.0,1.0,68.0,38.0,7.0,46.8,0.0
2022-12-17,southasia,5194.0,1209.0,681.0,-1190.1,21.0,15.0,269.0,106.0,92.0,-452.7,3.0
2022-12-17,sudan,107.0,9.0,27.0,-54.4,0.0,0.0,5.0,0.0,0.0,0.0,0.0
2022-12-17,taiwan,224.0,43.0,15.0,174.6,3.0,0.0,7.0,62.0,21.0,74.0,0.0
2022-12-17,ukraine,2180.0,261.0,515.0,-1158.1,12.0,11.0,66.0,863.0,497.0,-2561.0,42.0
2022-12-17,venezuela,102.0,10.0,12.0,80.1,0.0,0.0,5.0,15.0,10.0,-48.0,4.0
2022-12-17,yemen,137.0,13.0,30.0,-89.3,3.0,0.0,2.0,18.0,6.0,-10.6,0.0
2022-12-18,drc,32.0,1.0,3.0,76.8,0.0,0.0,1.0,18.0,3.0,43.9,0.0
2022-12-18,europe_east,486.0,37.0,56.0,690.0,0.0,1.0,20.0,48.0,9.0,13.8,0.0
2022-12-18,iran,833.0,171.0,205.0,-921.2,3.0,4.0,122.0,45.0,11.0,44.7,0.0
2022-12-18,israel,1648.0,307.0,387.0,-1334.8,10.0,1.0,176.0,186.0,102.0,-412.5,26.0
2022-12-18,korea,616.0,94.0,219.0,-1604.2,1.0,5.0,11.0,258.0,202.0,-1475.8,21.0
2022-12-18,libya,108.0,11.0,18.0,89.1,0.0,0.0,5.0,0.0,0.0,0.0,0.0
2022-12-18,scs,775.0,70.0,74.0,1183.7,0.0,7.0,37.0,13.0,9.0,-25.2,0.0
2022-12-18,southasia,4151.0,757.0,626.0,-412.7,24.0,9.0,191.0,56.0,43.0,-287.9,1.0
2022-12-18,sudan,82.0,4.0,12.0,89.1,0.0,1.0,4.0,0.0,0.0,0.0,0.0
2022-12-18,taiwan,135.0,17.0,6.0,253.4,0.0,0.0,5.0,32.0,7.0,75.7,2.0
2022-12-18,ukraine,1704.0,195.0,362.0,-500.7,12.0,16.0,53.0,721.0,364.0,-1586.9,40.0
2022-12-18,venezuela,43.0,5.0,15.0,-74.6,0.0,0.0,7.0,20.0,12.0,-72.9,3.0
2022-12-18,yemen,68.0,6.0,3.0,95.2,0.0,0.0,2.0,21.0,8.0,-15.2,0.0
2022-12-19,drc,27.0,5.0,7.0,-55.0,0.0,0.0,1.0,14.0,7.0,-26.8,6.0
2022-12-19,europe_east,1197.0,70.0,85.0,2700.1,0.0,28.0,25.0,69.0,19.0,56.7,0.0
2022-12-19,iran,1405.0,295.0,385.0,-2177.2,4.0,1.0,143.0,117.0,53.0,-101.0,4.0
2022-12-19,israel,1886.0,337.0,353.0,-802.9,11.0,6.0,129.0,282.0,165.0,-597.8,24.0
2022-12-19,korea,636.0,78.0,152.0,-547.5,0.0,1.0,35.0,178.0,111.0,-738.8,14.0
2022-12-19,libya,153.0,24.0,39.0,-67.9,0.0,0.0,24.0,0.0,0.0,0.0,0.0
2022-12-19,scs,1286.0,136.0,132.0,1445.2,5.0,1.0,70.0,50.0,14.0,6.7,0.0
2022-12-19,southasia,5627.0,1001.0,950.0,-1101.8,17.0,16.0,321.0,24.0,22.0,-193.3,4.0
2022-12-19,sudan,318.0,53.0,56.0,-194.7,0.0,0.0,11.0,0.0,0.0,0.0,0.0
2022-12-19,taiwan,285.0,39.0,23.0,241.7,8.0,3.0,13.0,79.0,45.0,-131.7,11.0
2022-12-19,ukraine,3398.0,334.0,565.0,1852.2,5.0,26.0,75.0,1059.0,489.0,-2026.0,39.0
2022-12-19,venezuela,84.0,8.0,11.0,83.2,0.0,0.0,6.0,8.0,2.0,15.5,2.0
2022-12-19,yemen,43.0,12.0,6.0,-18.4,0.0,0.0,1.0,17.0,8.0,-22.9,2.0
2022-12-20,drc,43.0,7.0,6.0,21.4,0.0,0.0,0.0,0.0,0.0,0.0,0.0
2022-12-20,europe_east,1259.0,131.0,225.0,568.4,5.0,3.0,111.0,94.0,29.0,25.3,8.0
2022-12-20,iran,1590.0,269.0,296.0,141.0,7.0,0.0,149.0,174.0,90.0,-154.1,11.0
2022-12-20,israel,2110.0,354.0,388.0,-674.1,13.0,4.0,153.0,347.0,191.0,-821.4,23.0
2022-12-20,korea,541.0,120.0,73.0,-52.9,9.0,1.0,16.0,144.0,104.0,-471.2,11.0
2022-12-20,libya,129.0,25.0,39.0,-187.0,2.0,0.0,20.0,0.0,0.0,0.0,0.0
2022-12-20,scs,1155.0,113.0,100.0,1587.1,1.0,2.0,42.0,70.0,35.0,-36.4,2.0
2022-12-20,southasia,5862.0,978.0,887.0,683.7,16.0,20.0,296.0,10.0,6.0,-25.0,1.0
2022-12-20,sudan,225.0,38.0,48.0,-91.4,0.0,0.0,32.0,4.0,4.0,-36.5,0.0
2022-12-20,taiwan,273.0,38.0,30.0,195.4,1.0,2.0,13.0,110.0,58.0,-209.4,16.0
2022-12-20,ukraine,3480.0,436.0,502.0,1984.2,31.0,21.0,99.0,1292.0,523.0,-1368.8,43.0
2022-12-20,venezuela,173.0,22.0,17.0,237.1,0.0,0.0,15.0,37.0,9.0,31.8,8.0
2022-12-20,yemen,64.0,9.0,9.0,-15.4,0.0,0.0,2.0,18.0,11.0,-23.6,1.0
2022-12-21,drc,37.0,1.0,5.0,34.4,0.0,0.0,3.0,11.0,4.0,23.7,0.0
2022-12-21,europe_east,827.0,76.0,150.0,411.8,4.0,1.0,76.0,56.0,20.0,2.6,2.0
2022-12-21,iran,1283.0,226.0,292.0,-1033.6,6.0,6.0,144.0,154.0,67.0,-122.0,16.0
2022-12-21,israel,2117.0,311.0,362.0,202.9,6.0,9.0,158.0,383.0,163.0,-324.0,43.0
2022-12-21,korea,506.0,62.0,63.0,440.6,2.0,3.0,22.0,68.0,41.0,-179.8,3.0
2022-12-21,libya,144.0,15.0,15.0,102.3,0.0,0.0,4.0,0.0,0.0,0.0,0.0
2022-12-21,scs,1344.0,148.0,96.0,1934.0,2.0,6.0,28.0,115.0,55.0,-121.0,0.0
2022-12-21,southasia,5907.0,937.0,843.0,1675.2,14.0,19.0,347.0,22.0,13.0,-41.7,3.0
2022-12-21,sudan,233.0,30.0,31.0,70.8,2.0,2.0,20.0,3.0,3.0,-27.4,2.0
2022-12-21,taiwan,249.0,28.0,23.0,282.3,4.0,4.0,3.0,60.0,21.0,43.0,5.0
2022-12-21,ukraine,5498.0,468.0,546.0,7749.0,42.0,17.0,123.0,1502.0,572.0,-1162.7,89.0
2022-12-21,venezuela,183.0,11.0,28.0,209.5,0.0,0.0,9.0,59.0,13.0,51.3,12.0
2022-12-21,yemen,132.0,12.0,16.0,54.2,0.0,0.0,5.0,25.0,8.0,13.2,0.0
2022-12-22,drc,58.0,11.0,5.0,87.0,0.0,0.0,2.0,31.0,16.0,23.8,1.0
2022-12-22,europe_east,943.0,100.0,84.0,1315.2,2.0,5.0,35.0,93.0,24.0,116.7,9.0
2022-12-22,iran,1190.0,291.0,280.0,-1410.1,2.0,4.0,192.0,207.0,120.0,-337.6,22.0
2022-12-22,israel,2287.0,313.0,387.0,570.9,4.0,5.0,137.0,316.0,168.0,-642.1,22.0
2022-12-22,korea,611.0,88.0,47.0,742.3,10.0,4.0,18.0,84.0,35.0,-52.3,7.0
2022-12-22,libya,76.0,17.0,17.0,-73.3,0.0,0.0,8.0,0.0,0.0,0.0,0.0
2022-12-22,scs,1218.0,91.0,91.0,1931.5,0.0,5.0,45.0,141.0,46.0,34.0,5.0
2022-12-22,southasia,5818.0,877.0,716.0,3446.9,16.0,33.0,328.0,23.0,16.0,-72.0,8.0
2022-12-22,sudan,218.0,30.0,33.0,120.9,4.0,2.0,23.0,3.0,3.0,-27.4,2.0
2022-12-22,taiwan,224.0,25.0,22.0,341.0,0.0,0.0,12.0,89.0,31.0,-4.0,6.0
2022-12-22,ukraine,6474.0,589.0,702.0,8038.5,46.0,36.0,156.0,1565.0,634.0,-1333.4,105.0
2022-12-22,venezuela,192.0,16.0,18.0,372.7,0.0,0.0,10.0,27.0,2.0,107.6,0.0
2022-12-22,yemen,121.0,3.0,22.0,122.6,0.0,0.0,15.0,5.0,0.0,11.5,0.0
2022-12-23,drc,39.0,9.0,1.0,124.7,0.0,1.0,0.0,35.0,13.0,42.2,2.0
2022-12-23,europe_east,653.0,46.0,50.0,1232.8,1.0,3.0,26.0,54.0,18.0,4.7,5.0
2022-12-23,iran,776.0,160.0,149.0,-322.4,5.0,7.0,79.0,107.0,41.0,-71.7,8.0
2022-12-23,israel,1688.0,227.0,334.0,-281.1,11.0,2.0,101.0,187.0,119.0,-610.6,19.0
2022-12-23,korea,1004.0,147.0,214.0,-645.4,2.0,9.0,33.0,267.0,169.0,-1042.3,9.0
2022-12-23,libya,114.0,25.0,25.0,-172.6,0.0,0.0,15.0,0.0,0.0,0.0,0.0
2022-12-23,scs,1189.0,83.0,128.0,1884.3,0.0,3.0,74.0,44.0,13.0,-12.6,1.0
2022-12-23,southasia,5737.0,816.0,865.0,1741.3,27.0,24.0,335.0,26.0,12.0,-27.2,6.0
2022-12-23,sudan,188.0,27.0,14.0,334.6,2.0,4.0,6.0,3.0,2.0,-18.0,0.0
2022-12-23,taiwan,221.0,27.0,19.0,236.8,0.0,1.0,4.0,73.0,28.0,-109.4,4.0
2022-12-23,ukraine,3897.0,436.0,502.0,3571.7,22.0,15.0,110.0,1086.0,429.0,-462.1,47.0
2022-12-23,venezuela,218.0,21.0,37.0,81.3,0.0,0.0,21.0,45.0,9.0,13.6,0.0
2022-12-23,yemen,44.0,2.0,1.0,105.8,0.0,0.0,1.0,19.0,5.0,16.0,0.0
2022-12-24,drc,17.0,1.0,1.0,51.8,0.0,1.0,0.0,27.0,10.0,45.5,0.0
2022-12-24,europe_east,287.0,21.0,39.0,350.5,0.0,3.0,13.0,22.0,5.0,23.8,2.0
2022-12-24,iran,697.0,166.0,153.0,-653.6,1.0,1.0,89.0,55.0,19.0,-49.3,0.0
2022-12-24,israel,860.0,108.0,130.0,92.0,2.0,0.0,35.0,99.0,49.0,-201.2,3.0
2022-12-24,korea,268.0,37.0,62.0,-131.7,0.0,0.0,6.0,86.0,68.0,-439.7,4.0
2022-12-24,libya,64.0,14.0,3.0,4.3,0.0,0.0,1.0,2.0,0.0,10.0,0.0
2022-12-24,scs,699.0,53.0,83.0,1022.3,4.0,0.0,43.0,20.0,8.0,-20.0,0.0
2022-12-24,southasia,4335.0,666.0,683.0,320.5,2.0,20.0,317.0,14.0,4.0,-21.0,4.0
2022-12-24,sudan,127.0,10.0,30.0,-32.7,0.0,0.0,4.0,0.0,0.0,0.0,0.0
2022-12-24,taiwan,152.0,33.0,7.0,163.0,0.0,0.0,2.0,49.0,11.0,81.3,0.0
2022-12-24,ukraine,2160.0,240.0,377.0,694.3,17.0,10.0,73.0,782.0,388.0,-1238.6,44.0
2022-12-24,venezuela,147.0,33.0,15.0,38.0,0.0,0.0,14.0,64.0,27.0,-45.8,6.0
2022-12-24,yemen,56.0,8.0,4.0,91.2,0.0,0.0,0.0,23.0,4.0,59.4,0.0
2022-12-25,drc,19.0,2.0,6.0,-8.6,0.0,0.0,2.0,6.0,5.0,-18.0,0.0
2022-12-25,europe_east,246.0,23.0,17.0,563.5,0.0,0.0,6.0,25.0,9.0,-1.5,0.0
2022-12-25,iran,732.0,138.0,157.0,-222.1,1.0,1.0,100.0,68.0,27.0,29.6,3.0
2022-12-25,israel,1321.0,205.0,229.0,150.1,4.0,0.0,91.0,147.0,70.0,-211.2,5.0
2022-12-25,korea,228.0,38.0,40.0,31.0,0.0,0.0,2.0,49.0,39.0,-210.6,4.0
2022-12-25,libya,35.0,0.0,5.0,42.5,0.0,1.0,1.0,4.0,0.0,13.2,0.0
2022-12-25,scs,545.0,38.0,42.0,1048.4,0.0,1.0,16.0,10.0,2.0,46.6,1.0
2022-12-25,southasia,3685.0,461.0,625.0,-68.4,21.0,28.0,216.0,35.0,6.0,-5.5,6.0
2022-12-25,sudan,236.0,30.0,38.0,118.3,0.0,0.0,8.0,5.0,0.0,16.0,0.0
2022-12-25,taiwan,229.0,39.0,29.0,44.3,1.0,0.0,7.0,53.0,29.0,-90.5,9.0
2022-12-25,ukraine,1946.0,262.0,342.0,33.5,14.0,10.0,51.0,847.0,478.0,-1962.1,41.0
2022-12-25,venezuela,76.0,4.0,7.0,136.5,0.0,0.0,4.0,15.0,2.0,35.6,2.0
2022-12-25,yemen,42.0,10.0,6.0,13.2,1.0,0.0,3.0,17.0,11.0,2.4,0.0
2022-12-26,drc,20.0,2.0,0.0,67.5,0.0,0.0,0.0,12.0,5.0,4.0,0.0
2022-12-26,europe_east,316.0,30.0,25.0,588.9,1.0,1.0,17.0,41.0,23.0,-60.1,0.0
2022-12-26,iran,971.0,210.0,239.0,-842.2,1.0,1.0,174.0,85.0,33.0,8.8,3.0
2022-12-26,israel,1680.0,205.0,342.0,-440.6,6.0,5.0,107.0,268.0,143.0,-821.6,15.0
2022-12-26,korea,840.0,137.0,239.0,-1592.0,43.0,4.0,32.0,225.0,161.0,-1183.5,23.0
2022-12-26,libya,63.0,2.0,10.0,143.9,0.0,0.0,4.0,0.0,0.0,0.0,0.0
2022-12-26,scs,824.0,86.0,95.0,918.9,0.0,0.0,36.0,11.0,3.0,21.7,0.0
2022-12-26,southasia,5156.0,721.0,733.0,2107.5,24.0,14.0,289.0,43.0,17.0,-13.6,13.0
2022-12-26,sudan,248.0,40.0,56.0,-26.2,3.0,1.0,13.0,4.0,2.0,-3.0,0.0
2022-12-26,taiwan,373.0,47.0,59.0,237.9,0.0,2.0,4.0,199.0,98.0,-172.8,23.0
2022-12-26,ukraine,2526.0,305.0,545.0,-1106.1,31.0,13.0,79.0,1183.0,639.0,-3025.1,63.0
2022-12-26,venezuela,70.0,7.0,8.0,65.7,0.0,0.0,4.0,14.0,1.0,37.2,1.0
2022-12-26,yemen,89.0,17.0,7.0,89.8,0.0,0.0,1.0,11.0,7.0,-16.7,0.0
2022-12-27,drc,26.0,4.0,11.0,-93.6,0.0,0.0,1.0,8.0,3.0,-14.0,0.0
2022-12-27,europe_east,452.0,44.0,65.0,417.2,0.0,6.0,27.0,42.0,23.0,-84.7,4.0
2022-12-27,iran,789.0,176.0,156.0,-491.8,3.0,5.0,67.0,93.0,47.0,-82.4,2.0
2022-12-27,israel,2141.0,307.0,390.0,349.4,10.0,13.0,169.0,328.0,152.0,-460.6,18.0
2022-12-27,korea,1092.0,122.0,260.0,-563.3,9.0,5.0,54.0,249.0,136.0,-735.3,9.0
2022-12-27,libya,87.0,6.0,23.0,-51.8,0.0,0.0,4.0,0.0,0.0,0.0,0.0
2022-12-27,scs,863.0,75.0,92.0,1150.3,0.0,5.0,57.0,28.0,0.0,99.7,0.0
2022-12-27,southasia,5397.0,738.0,786.0,1640.1,30.0,11.0,322.0,13.0,7.0,-46.4,3.0
2022-12-27,sudan,269.0,32.0,57.0,-104.3,0.0,0.0,7.0,0.0,0.0,0.0,0.0
2022-12-27,taiwan,471.0,63.0,46.0,427.9,4.0,3.0,7.0,191.0,78.0,-159.3,19.0
2022-12-27,ukraine,2737.0,345.0,435.0,1022.8,36.0,10.0,111.0,1292.0,551.0,-1150.6,65.0
2022-12-27,venezuela,85.0,4.0,7.0,212.1,0.0,0.0,5.0,11.0,3.0,15.0,3.0
2022-12-27,yemen,79.0,6.0,4.0,169.8,0.0,0.0,0.0,16.0,10.0,-2.4,0.0
2022-12-28,drc,20.0,4.0,2.0,8.3,0.0,0.0,0.0,19.0,7.0,-3.4,0.0
2022-12-28,europe_east,668.0,58.0,91.0,597.9,1.0,5.0,27.0,69.0,27.0,-66.7,0.0
2022-12-28,iran,1092.0,247.0,179.0,-231.1,7.0,4.0,95.0,108.0,65.0,-252.2,8.0
2022-12-28,israel,1976.0,233.0,247.0,1879.2,7.0,6.0,115.0,211.0,99.0,-221.0,19.0
2022-12-28,korea,957.0,162.0,144.0,221.9,4.0,5.0,33.0,119.0,74.0,-376.6,15.0
2022-12-28,libya,59.0,8.0,12.0,7.3,0.0,0.0,7.0,0.0,0.0,0.0,0.0
2022-12-28,scs,870.0,80.0,87.0,1128.4,0.0,2.0,34.0,75.0,10.0,131.2,0.0
2022-12-28,southasia,5166.0,773.0,647.0,2731.8,20.0,12.0,277.0,7.0,3.0,-2.3,1.0
2022-12-28,sudan,317.0,54.0,42.0,160.2,1.0,1.0,9.0,0.0,0.0,0.0,0.0
2022-12-28,taiwan,371.0,29.0,28.0,679.5,2.0,2.0,10.0,187.0,34.0,259.4,7.0
2022-12-28,ukraine,3080.0,358.0,557.0,240.4,16.0,24.0,119.0,1212.0,605.0,-2223.1,67.0
2022-12-28,venezuela,171.0,16.0,26.0,115.4,0.0,0.0,17.0,50.0,15.0,24.2,12.0
2022-12-28,yemen,118.0,12.0,36.0,-107.2,0.0,0.0,5.0,28.0,19.0,-49.2,4.0
2022-12-29,drc,39.0,7.0,6.0,19.1,1.0,0.0,0.0,52.0,28.0,-21.4,4.0
2022-12-29,europe_east,638.0,49.0,84.0,587.2,2.0,0.0,28.0,64.0,28.0,-78.3,6.0
2022-12-29,iran,962.0,192.0,243.0,-884.6,9.0,6.0,110.0,155.0,79.0,-157.4,14.0
2022-12-29,israel,2594.0,425.0,379.0,811.6,10.0,9.0,149.0,418.0,217.0,-885.1,34.0
2022-12-29,korea,608.0,102.0,95.0,-30.9,7.0,0.0,17.0,104.0,50.0,-167.0,12.0
2022-12-29,libya,44.0,9.0,13.0,-107.7,0.0,0.0,0.0,0.0,0.0,0.0,0.0
2022-12-29,scs,1260.0,116.0,156.0,1681.9,3.0,8.0,93.0,198.0,43.0,403.0,4.0
2022-12-29,southasia,5358.0,741.0,838.0,1659.5,15.0,15.0,325.0,31.0,9.0,54.5,0.0
2022-12-29,sudan,299.0,31.0,67.0,-112.0,0.0,0.0,3.0,0.0,0.0,0.0,0.0
2022-12-29,taiwan,445.0,35.0,33.0,794.0,0.0,1.0,11.0,194.0,36.0,298.6,6.0
2022-12-29,ukraine,3218.0,419.0,869.0,-4238.5,27.0,20.0,97.0,1517.0,873.0,-4520.1,50.0
2022-12-29,venezuela,182.0,24.0,25.0,183.0,0.0,0.0,19.0,65.0,13.0,46.6,8.0
2022-12-29,yemen,79.0,7.0,11.0,126.8,0.0,3.0,4.0,13.0,7.0,-53.0,1.0
2022-12-30,drc,36.0,6.0,8.0,-3.2,0.0,1.0,3.0,45.0,24.0,-42.3,7.0
2022-12-30,europe_east,936.0,100.0,249.0,-519.1,0.0,2.0,146.0,72.0,28.0,-63.8,6.0
2022-12-30,iran,837.0,183.0,165.0,-202.1,5.0,1.0,82.0,142.0,62.0,-93.7,8.0
2022-12-30,israel,2141.0,334.0,348.0,-102.4,18.0,2.0,104.0,410.0,206.0,-727.0,43.0
2022-12-30,korea,507.0,42.0,93.0,205.9,1.0,0.0,28.0,62.0,34.0,-96.2,4.0
2022-12-30,libya,83.0,17.0,3.0,122.1,0.0,0.0,3.0,2.0,0.0,6.8,0.0
2022-12-30,scs,893.0,77.0,82.0,1479.2,4.0,2.0,45.0,73.0,12.0,210.0,2.0
2022-12-30,southasia,4937.0,671.0,658.0,2441.2,15.0,11.0,310.0,11.0,0.0,20.7,0.0
2022-12-30,sudan,186.0,12.0,35.0,65.2,0.0,2.0,4.0,0.0,0.0,0.0,0.0
2022-12-30,taiwan,323.0,36.0,19.0,590.0,1.0,1.0,5.0,156.0,25.0,299.2,9.0
2022-12-30,ukraine,2972.0,294.0,718.0,-2164.8,10.0,9.0,92.0,1407.0,780.0,-4148.3,46.0
2022-12-30,venezuela,128.0,13.0,21.0,125.6,0.0,0.0,14.0,31.0,7.0,30.4,5.0
2022-12-30,yemen,50.0,3.0,12.0,13.8,0.0,1.0,0.0,1.0,1.0,-5.0,1.0
2022-12-31,drc,43.0,5.0,5.0,37.7,0.0,0.0,2.0,17.0,10.0,-6.6,0.0
2022-12-31,europe_east,498.0,48.0,88.0,285.5,0.0,2.0,55.0,9.0,5.0,-15.2,0.0
2022-12-31,iran,681.0,152.0,202.0,-1332.8,10.0,1.0,85.0,60.0,30.0,-73.0,4.0
2022-12-31,israel,1244.0,186.0,203.0,374.8,4.0,0.0,59.0,217.0,109.0,-461.5,17.0
2022-12-31,korea,776.0,81.0,219.0,-1119.6,1.0,1.0,17.0,280.0,163.0,-1060.1,15.0
2022-12-31,libya,20.0,2.0,3.0,26.2,0.0,0.0,3.0,0.0,0.0,0.0,0.0
2022-12-31,scs,579.0,42.0,84.0,737.7,0.0,5.0,36.0,101.0,5.0,198.8,1.0
2022-12-31,southasia,3892.0,583.0,642.0,417.6,17.0,26.0,266.0,13.0,9.0,-45.5,2.0
2022-12-31,sudan,79.0,12.0,10.0,82.5,0.0,0.0,4.0,0.0,0.0,0.0,0.0
2022-12-31,taiwan,133.0,10.0,16.0,163.6,1.0,0.0,5.0,61.0,24.0,-33.4,4.0
2022-12-31,ukraine,1825.0,206.0,487.0,-2030.5,16.0,18.0,77.0,884.0,469.0,-2694.4,58.0
2022-12-31,venezuela,159.0,22.0,29.0,192.1,0.0,0.0,22.0,49.0,5.0,105.9,0.0
2022-12-31,yemen,42.0,12.0,14.0,-144.3,2.0,0.0,1.0,4.0,0.0,10.4,0.0
