day,theatre,loc_all,loc_q3,loc_q4,loc_gold,loc_mil138,loc_mob,loc_coerce,dy_all,dy_q34,dy_gold,dy_force
2023-01-01,drc,28.0,5.0,2.0,16.8,0.0,2.0,0.0,32.0,16.0,-9.4,1.0
2023-01-01,europe_east,362.0,44.0,73.0,7.0,0.0,0.0,36.0,19.0,8.0,32.3,2.0
2023-01-01,iran,549.0,98.0,149.0,-702.4,7.0,2.0,75.0,41.0,15.0,-15.5,4.0
2023-01-01,israel,1375.0,220.0,196.0,391.8,5.0,1.0,78.0,187.0,106.0,-536.3,16.0
2023-01-01,korea,808.0,114.0,148.0,-253.0,7.0,2.0,18.0,223.0,112.0,-577.5,19.0
2023-01-01,libya,38.0,7.0,4.0,26.3,0.0,0.0,2.0,0.0,0.0,0.0,0.0
2023-01-01,scs,621.0,42.0,64.0,1058.6,0.0,0.0,39.0,35.0,10.0,22.1,0.0
2023-01-01,southasia,3307.0,467.0,487.0,1102.9,13.0,12.0,213.0,26.0,3.0,67.7,3.0
2023-01-01,sudan,80.0,12.0,22.0,-73.9,0.0,0.0,6.0,0.0,0.0,0.0,0.0
2023-01-01,taiwan,160.0,13.0,9.0,327.3,2.0,0.0,3.0,108.0,24.0,190.8,5.0
2023-01-01,ukraine,1615.0,248.0,465.0,-2490.7,22.0,3.0,38.0,824.0,452.0,-2252.5,32.0
2023-01-01,venezuela,85.0,8.0,9.0,149.4,0.0,0.0,3.0,12.0,2.0,30.2,2.0
2023-01-01,yemen,26.0,4.0,7.0,-36.2,1.0,0.0,0.0,5.0,2.0,8.7,0.0
2023-01-02,drc,35.0,9.0,5.0,-14.4,0.0,2.0,0.0,16.0,7.0,-2.4,0.0
2023-01-02,europe_east,486.0,53.0,65.0,544.0,2.0,1.0,35.0,75.0,17.0,59.3,1.0
2023-01-02,iran,795.0,161.0,236.0,-1591.5,11.0,2.0,79.0,126.0,67.0,-277.5,13.0
2023-01-02,israel,2093.0,283.0,548.0,-2665.6,11.0,4.0,134.0,562.0,397.0,-2816.8,61.0
2023-01-02,korea,706.0,80.0,113.0,200.4,11.0,9.0,27.0,94.0,44.0,-209.8,9.0
2023-01-02,libya,15.0,5.0,2.0,-3.9,0.0,0.0,1.0,0.0,0.0,0.0,0.0
2023-01-02,scs,912.0,64.0,65.0,1687.5,0.0,0.0,30.0,64.0,8.0,145.7,0.0
2023-01-02,southasia,4831.0,753.0,801.0,-182.8,33.0,8.0,288.0,23.0,4.0,92.8,0.0
2023-01-02,sudan,89.0,9.0,3.0,183.8,0.0,0.0,3.0,0.0,0.0,0.0,0.0
2023-01-02,taiwan,265.0,35.0,12.0,385.2,0.0,0.0,4.0,116.0,25.0,158.3,1.0
2023-01-02,ukraine,2255.0,280.0,697.0,-3494.6,23.0,13.0,64.0,1108.0,667.0,-3782.4,55.0
2023-01-02,venezuela,249.0,14.0,12.0,689.4,0.0,0.0,8.0,33.0,8.0,42.6,0.0
2023-01-02,yemen,78.0,11.0,18.0,-65.9,0.0,0.0,9.0,14.0,10.0,-28.2,0.0
2023-01-03,drc,31.0,6.0,3.0,4.1,0.0,1.0,0.0,20.0,11.0,-17.3,0.0
2023-01-03,europe_east,675.0,61.0,75.0,711.2,3.0,0.0,43.0,66.0,14.0,105.9,1.0
2023-01-03,iran,1056.0,229.0,352.0,-2194.8,15.0,3.0,159.0,176.0,95.0,-344.2,3.0
2023-01-03,israel,3560.0,701.0,672.0,-2243.3,24.0,4.0,163.0,673.0,409.0,-2191.9,39.0
2023-01-03,korea,811.0,87.0,100.0,839.8,12.0,8.0,20.0,110.0,39.0,-78.3,11.0
2023-01-03,libya,90.0,10.0,11.0,64.5,2.0,0.0,5.0,0.0,0.0,0.0,0.0
2023-01-03,scs,1053.0,92.0,63.0,1845.6,0.0,1.0,42.0,225.0,24.0,537.5,0.0
2023-01-03,southasia,5493.0,833.0,862.0,747.3,22.0,29.0,339.0,28.0,23.0,-79.2,4.0
2023-01-03,sudan,203.0,26.0,18.0,294.7,2.0,2.0,11.0,4.0,0.0,30.5,0.0
2023-01-03,taiwan,242.0,30.0,22.0,318.4,1.0,2.0,5.0,86.0,13.0,107.3,5.0
2023-01-03,ukraine,2457.0,326.0,570.0,-1842.6,26.0,14.0,86.0,1000.0,590.0,-3062.8,64.0
2023-01-03,venezuela,207.0,19.0,24.0,355.7,0.0,0.0,17.0,77.0,30.0,14.8,10.0
2023-01-03,yemen,58.0,7.0,16.0,-90.6,0.0,0.0,0.0,5.0,5.0,-20.0,0.0
2023-01-04,drc,15.0,2.0,3.0,9.3,0.0,0.0,3.0,12.0,11.0,-29.0,1.0
2023-01-04,europe_east,810.0,107.0,112.0,862.1,0.0,1.0,74.0,101.0,24.0,128.7,7.0
2023-01-04,iran,1206.0,258.0,379.0,-2478.9,21.0,0.0,153.0,109.0,68.0,-398.4,19.0
2023-01-04,israel,3261.0,691.0,461.0,-322.4,29.0,4.0,177.0,404.0,218.0,-1033.3,34.0
2023-01-04,korea,722.0,97.0,85.0,514.9,7.0,4.0,31.0,149.0,56.0,-93.9,1.0
2023-01-04,libya,70.0,10.0,3.0,84.1,1.0,0.0,1.0,0.0,0.0,0.0,0.0
2023-01-04,scs,1150.0,100.0,82.0,1833.5,0.0,2.0,37.0,325.0,46.0,710.9,2.0
2023-01-04,southasia,5623.0,899.0,797.0,2019.6,21.0,18.0,304.0,11.0,3.0,3.8,0.0
2023-01-04,sudan,243.0,31.0,21.0,323.6,6.0,2.0,10.0,1.0,0.0,0.4,0.0
2023-01-04,taiwan,327.0,39.0,20.0,461.5,2.0,3.0,6.0,100.0,35.0,20.6,6.0
2023-01-04,ukraine,2555.0,393.0,598.0,-2229.3,40.0,21.0,89.0,1114.0,637.0,-2984.6,68.0
2023-01-04,venezuela,188.0,39.0,23.0,67.4,3.0,0.0,7.0,68.0,16.0,118.8,0.0
2023-01-04,yemen,69.0,8.0,18.0,-44.8,0.0,0.0,4.0,10.0,4.0,1.0,0.0
2023-01-05,drc,136.0,12.0,11.0,188.8,0.0,2.0,3.0,17.0,10.0,-12.3,6.0
2023-01-05,europe_east,816.0,95.0,109.0,811.7,5.0,3.0,58.0,87.0,19.0,88.6,7.0
2023-01-05,iran,1127.0,227.0,241.0,-654.0,5.0,9.0,139.0,94.0,43.0,-19.0,6.0
2023-01-05,israel,3461.0,663.0,623.0,-1211.0,14.0,2.0,222.0,556.0,279.0,-919.4,38.0
2023-01-05,korea,857.0,98.0,105.0,822.5,9.0,4.0,34.0,134.0,42.0,79.8,3.0
2023-01-05,libya,84.0,12.0,8.0,133.7,0.0,1.0,7.0,0.0,0.0,0.0,0.0
2023-01-05,scs,1345.0,152.0,122.0,1764.5,1.0,4.0,59.0,471.0,56.0,1264.4,7.0
2023-01-05,southasia,6061.0,834.0,872.0,2268.4,24.0,25.0,306.0,7.0,2.0,-0.6,0.0
2023-01-05,sudan,204.0,16.0,50.0,-123.3,3.0,0.0,16.0,2.0,0.0,0.8,0.0
2023-01-05,taiwan,424.0,33.0,28.0,803.3,3.0,0.0,20.0,136.0,25.0,145.4,6.0
2023-01-05,ukraine,3290.0,572.0,535.0,361.3,37.0,27.0,112.0,1430.0,692.0,-1810.1,77.0
2023-01-05,venezuela,199.0,36.0,41.0,-27.2,0.0,0.0,17.0,27.0,3.0,68.4,0.0
2023-01-05,yemen,52.0,6.0,11.0,-29.7,0.0,0.0,2.0,2.0,0.0,6.9,0.0
2023-01-06,drc,30.0,6.0,6.0,30.0,0.0,2.0,0.0,5.0,2.0,10.0,0.0
2023-01-06,europe_east,492.0,69.0,77.0,525.1,2.0,2.0,52.0,41.0,13.0,38.1,8.0
2023-01-06,iran,872.0,227.0,218.0,-1261.7,5.0,4.0,139.0,90.0,48.0,-159.9,2.0
2023-01-06,israel,2784.0,501.0,405.0,71.2,7.0,3.0,177.0,342.0,158.0,-545.2,19.0
2023-01-06,korea,558.0,74.0,71.0,323.6,4.0,2.0,12.0,62.0,27.0,-64.7,10.0
2023-01-06,libya,63.0,3.0,9.0,66.6,0.0,0.0,4.0,0.0,0.0,0.0,0.0
2023-01-06,scs,1161.0,84.0,129.0,1639.1,1.0,2.0,79.0,209.0,31.0,578.2,8.0
2023-01-06,southasia,5927.0,996.0,796.0,2606.3,21.0,13.0,326.0,37.0,8.0,23.2,2.0
2023-01-06,sudan,279.0,34.0,58.0,273.4,0.0,10.0,28.0,1.0,1.0,-6.5,0.0
2023-01-06,taiwan,354.0,40.0,46.0,187.6,3.0,2.0,20.0,121.0,39.0,6.1,9.0
2023-01-06,ukraine,3338.0,566.0,595.0,-276.6,37.0,28.0,101.0,1347.0,688.0,-1906.7,64.0
2023-01-06,venezuela,199.0,29.0,12.0,290.5,0.0,1.0,9.0,48.0,6.0,97.8,4.0
2023-01-06,yemen,65.0,14.0,11.0,8.4,0.0,0.0,5.0,21.0,4.0,59.7,0.0
2023-01-07,drc,34.0,3.0,16.0,-65.3,0.0,0.0,4.0,2.0,0.0,6.8,0.0
2023-01-07,europe_east,315.0,58.0,51.0,122.3,4.0,0.0,26.0,31.0,19.0,-38.2,4.0
2023-01-07,iran,966.0,282.0,304.0,-2481.0,1.0,3.0,180.0,66.0,37.0,-109.5,2.0
2023-01-07,israel,1379.0,251.0,240.0,-432.6,4.0,1.0,96.0,239.0,114.0,-374.5,14.0
2023-01-07,korea,273.0,23.0,25.0,338.3,0.0,1.0,5.0,26.0,9.0,-70.0,0.0
2023-01-07,libya,69.0,8.0,9.0,93.9,0.0,0.0,6.0,0.0,0.0,0.0,0.0
2023-01-07,scs,785.0,49.0,91.0,1358.5,0.0,3.0,36.0,200.0,3.0,816.4,2.0
2023-01-07,southasia,4479.0,668.0,727.0,834.2,17.0,7.0,355.0,4.0,2.0,-6.0,0.0
2023-01-07,sudan,177.0,30.0,35.0,-123.9,0.0,6.0,19.0,0.0,0.0,0.0,0.0
2023-01-07,taiwan,173.0,27.0,7.0,251.7,0.0,0.0,0.0,53.0,18.0,1.9,7.0
2023-01-07,ukraine,2013.0,287.0,408.0,-279.0,23.0,13.0,80.0,810.0,487.0,-2280.5,38.0
2023-01-07,venezuela,157.0,9.0,27.0,189.4,0.0,0.0,17.0,40.0,19.0,-30.2,0.0
2023-01-07,yemen,44.0,8.0,4.0,-19.6,1.0,0.0,0.0,7.0,2.0,4.0,0.0
2023-01-08,drc,14.0,2.0,3.0,13.1,0.0,0.0,0.0,0.0,0.0,0.0,0.0
2023-01-08,europe_east,318.0,36.0,48.0,235.7,0.0,4.0,17.0,24.0,6.0,45.6,0.0
2023-01-08,iran,1086.0,309.0,234.0,-1828.9,22.0,0.0,114.0,53.0,24.0,-31.2,2.0
2023-01-08,israel,2016.0,357.0,279.0,617.6,16.0,8.0,136.0,248.0,106.0,-136.4,23.0
2023-01-08,korea,218.0,26.0,16.0,238.6,0.0,2.0,6.0,31.0,9.0,8.5,0.0
2023-01-08,libya,53.0,11.0,8.0,33.4,0.0,0.0,5.0,0.0,0.0,0.0,0.0
2023-01-08,scs,761.0,78.0,77.0,943.3,0.0,4.0,31.0,124.0,20.0,201.5,0.0
2023-01-08,southasia,4740.0,655.0,691.0,1847.5,15.0,17.0,342.0,17.0,13.0,-21.0,4.0
2023-01-08,sudan,222.0,21.0,64.0,-240.9,1.0,0.0,30.0,0.0,0.0,0.0,0.0
2023-01-08,taiwan,202.0,14.0,5.0,473.0,1.0,0.0,0.0,64.0,12.0,87.4,0.0
2023-01-08,ukraine,1887.0,240.0,481.0,-1594.9,14.0,32.0,72.0,871.0,501.0,-2485.4,49.0
2023-01-08,venezuela,292.0,33.0,37.0,274.4,0.0,0.0,28.0,65.0,23.0,11.4,2.0
2023-01-08,yemen,49.0,7.0,15.0,-94.0,2.0,0.0,0.0,18.0,8.0,-6.4,2.0
2023-01-09,drc,48.0,1.0,1.0,106.6,0.0,0.0,0.0,11.0,7.0,-8.7,0.0
2023-01-09,europe_east,832.0,61.0,105.0,1105.6,2.0,6.0,56.0,51.0,16.0,15.7,8.0
2023-01-09,iran,1538.0,469.0,306.0,-2272.1,11.0,2.0,142.0,141.0,47.0,-3.1,6.0
2023-01-09,israel,2688.0,396.0,422.0,1008.2,16.0,0.0,182.0,395.0,173.0,-408.9,51.0
2023-01-09,korea,632.0,76.0,104.0,424.5,3.0,0.0,45.0,82.0,27.0,-8.7,5.0
2023-01-09,libya,71.0,7.0,15.0,-12.1,0.0,0.0,6.0,0.0,0.0,0.0,0.0
2023-01-09,scs,1241.0,118.0,163.0,1458.9,0.0,7.0,79.0,150.0,22.0,320.1,5.0
2023-01-09,southasia,5797.0,769.0,728.0,4573.4,14.0,18.0,339.0,9.0,3.0,8.4,3.0
2023-01-09,sudan,386.0,49.0,65.0,268.4,1.0,2.0,24.0,0.0,0.0,0.0,0.0
2023-01-09,taiwan,521.0,73.0,80.0,115.1,3.0,3.0,11.0,227.0,112.0,-318.6,30.0
2023-01-09,ukraine,3307.0,362.0,682.0,-792.5,35.0,24.0,104.0,1261.0,623.0,-2553.8,64.0
2023-01-09,venezuela,341.0,69.0,47.0,80.0,0.0,0.0,30.0,69.0,18.0,6.1,0.0
2023-01-09,yemen,74.0,8.0,16.0,4.4,0.0,1.0,4.0,20.0,5.0,18.8,2.0
2023-01-10,drc,11.0,1.0,0.0,58.5,0.0,0.0,0.0,32.0,20.0,-14.8,3.0
2023-01-10,europe_east,1117.0,125.0,158.0,918.8,2.0,6.0,73.0,73.0,22.0,1.4,7.0
2023-01-10,iran,1617.0,360.0,485.0,-2738.4,12.0,0.0,310.0,204.0,96.0,-303.1,22.0
2023-01-10,israel,2640.0,458.0,411.0,9.8,23.0,2.0,189.0,390.0,198.0,-735.1,45.0
2023-01-10,korea,637.0,69.0,75.0,653.2,0.0,0.0,39.0,45.0,13.0,12.8,1.0
2023-01-10,libya,96.0,4.0,11.0,229.6,0.0,0.0,5.0,0.0,0.0,0.0,0.0
2023-01-10,scs,1261.0,142.0,92.0,2001.2,3.0,5.0,49.0,125.0,25.0,378.0,1.0
2023-01-10,southasia,5559.0,777.0,676.0,3581.6,21.0,10.0,368.0,5.0,3.0,8.0,0.0
2023-01-10,sudan,202.0,16.0,27.0,262.1,0.0,0.0,7.0,1.0,1.0,-2.0,0.0
2023-01-10,taiwan,388.0,41.0,47.0,251.0,4.0,2.0,5.0,113.0,51.0,-156.2,13.0
2023-01-10,ukraine,3891.0,430.0,865.0,-1046.0,31.0,29.0,135.0,1342.0,767.0,-4220.3,62.0
2023-01-10,venezuela,345.0,50.0,32.0,321.4,0.0,0.0,25.0,65.0,2.0,137.8,0.0
2023-01-10,yemen,179.0,21.0,76.0,-511.5,0.0,0.0,40.0,25.0,8.0,-21.2,3.0
2023-01-11,drc,26.0,3.0,11.0,-31.3,0.0,2.0,1.0,14.0,10.0,-69.8,0.0
2023-01-11,europe_east,1148.0,144.0,140.0,1156.0,0.0,0.0,73.0,104.0,39.0,-23.2,16.0
2023-01-11,iran,1399.0,297.0,364.0,-1872.7,4.0,8.0,213.0,128.0,77.0,-296.9,23.0
2023-01-11,israel,2796.0,457.0,605.0,-2083.7,27.0,4.0,197.0,494.0,312.0,-1843.6,55.0
2023-01-11,korea,599.0,60.0,68.0,752.5,5.0,5.0,37.0,30.0,13.0,-25.0,5.0
2023-01-11,libya,64.0,8.0,2.0,175.8,0.0,0.0,2.0,0.0,0.0,0.0,0.0
2023-01-11,scs,1404.0,120.0,94.0,2833.1,9.0,4.0,50.0,176.0,10.0,609.0,0.0
2023-01-11,southasia,5598.0,859.0,706.0,2634.6,18.0,7.0,333.0,21.0,3.0,59.7,3.0
2023-01-11,sudan,254.0,32.0,44.0,85.0,0.0,2.0,12.0,0.0,0.0,0.0,0.0
2023-01-11,taiwan,344.0,35.0,38.0,435.3,3.0,1.0,8.0,72.0,30.0,-75.3,10.0
2023-01-11,ukraine,4076.0,471.0,787.0,38.0,17.0,21.0,129.0,1673.0,789.0,-2764.5,60.0
2023-01-11,venezuela,180.0,27.0,19.0,167.1,0.0,0.0,16.0,55.0,6.0,115.1,0.0
2023-01-11,yemen,212.0,27.0,63.0,-300.9,0.0,0.0,30.0,41.0,15.0,-28.1,4.0
2023-01-12,drc,15.0,2.0,4.0,-3.0,0.0,0.0,2.0,16.0,12.0,-48.1,0.0
2023-01-12,europe_east,1181.0,114.0,185.0,876.1,0.0,3.0,64.0,138.0,50.0,-40.2,22.0
2023-01-12,iran,1308.0,245.0,283.0,-701.5,12.0,2.0,193.0,136.0,51.0,2.3,6.0
2023-01-12,israel,3288.0,585.0,682.0,-2530.1,24.0,1.0,242.0,548.0,325.0,-1906.7,56.0
2023-01-12,korea,754.0,107.0,130.0,237.8,0.0,2.0,97.0,128.0,47.0,-105.6,4.0
2023-01-12,libya,217.0,14.0,20.0,299.4,0.0,1.0,6.0,2.0,2.0,-8.0,0.0
2023-01-12,scs,1291.0,98.0,94.0,2372.0,2.0,1.0,62.0,87.0,10.0,258.7,0.0
2023-01-12,southasia,5703.0,871.0,631.0,4098.8,18.0,32.0,275.0,12.0,8.0,-20.0,2.0
2023-01-12,sudan,160.0,8.0,35.0,111.2,0.0,0.0,5.0,0.0,0.0,0.0,0.0
2023-01-12,taiwan,371.0,55.0,38.0,396.3,0.0,4.0,13.0,111.0,48.0,-147.7,7.0
2023-01-12,ukraine,3729.0,392.0,670.0,1238.0,19.0,30.0,117.0,1427.0,562.0,-870.6,62.0
2023-01-12,venezuela,163.0,10.0,24.0,188.3,0.0,0.0,10.0,12.0,5.0,-28.2,1.0
2023-01-12,yemen,51.0,1.0,18.0,-78.3,0.0,2.0,7.0,14.0,5.0,-9.5,4.0
2023-01-13,drc,27.0,4.0,3.0,55.9,0.0,0.0,1.0,12.0,10.0,-44.0,0.0
2023-01-13,europe_east,1156.0,88.0,147.0,1329.7,0.0,4.0,63.0,111.0,54.0,-165.4,9.0
2023-01-13,iran,1037.0,206.0,155.0,-55.2,7.0,3.0,78.0,123.0,36.0,124.2,9.0
2023-01-13,israel,2388.0,383.0,440.0,-996.4,16.0,1.0,120.0,425.0,245.0,-1615.0,38.0
2023-01-13,korea,670.0,103.0,103.0,121.0,1.0,5.0,49.0,110.0,43.0,-19.6,7.0
2023-01-13,libya,252.0,14.0,28.0,492.9,0.0,0.0,11.0,2.0,2.0,-8.0,0.0
2023-01-13,scs,1387.0,131.0,164.0,1547.4,1.0,4.0,89.0,110.0,26.0,114.4,4.0
2023-01-13,southasia,6258.0,793.0,755.0,4244.4,24.0,18.0,322.0,27.0,16.0,-68.6,0.0
2023-01-13,sudan,308.0,38.0,58.0,160.8,0.0,2.0,14.0,0.0,0.0,0.0,0.0
2023-01-13,taiwan,264.0,22.0,30.0,339.4,0.0,1.0,6.0,59.0,26.0,-62.3,5.0
2023-01-13,ukraine,3472.0,427.0,681.0,-406.0,26.0,20.0,144.0,1290.0,676.0,-2587.4,94.0
2023-01-13,venezuela,120.0,10.0,17.0,118.6,0.0,0.0,10.0,15.0,3.0,26.2,0.0
2023-01-13,yemen,64.0,14.0,6.0,-34.8,0.0,0.0,0.0,13.0,3.0,-4.7,0.0
2023-01-14,drc,0.0,0.0,0.0,0.0,0.0,0.0,0.0,6.0,6.0,-14.0,0.0
2023-01-14,europe_east,572.0,51.0,51.0,993.2,0.0,2.0,25.0,34.0,17.0,-58.7,1.0
2023-01-14,iran,1833.0,527.0,377.0,-2196.1,2.0,0.0,214.0,121.0,52.0,57.1,5.0
2023-01-14,israel,1585.0,297.0,395.0,-2111.2,7.0,1.0,78.0,355.0,267.0,-1851.1,24.0
2023-01-14,korea,353.0,41.0,49.0,198.2,0.0,2.0,20.0,35.0,10.0,-10.6,0.0
2023-01-14,libya,76.0,5.0,10.0,55.1,0.0,0.0,2.0,0.0,0.0,0.0,0.0
2023-01-14,scs,976.0,81.0,63.0,2010.8,7.0,0.0,30.0,81.0,8.0,315.2,1.0
2023-01-14,southasia,4656.0,689.0,695.0,791.0,17.0,25.0,317.0,6.0,5.0,-22.5,0.0
2023-01-14,sudan,113.0,11.0,25.0,-34.9,0.0,0.0,4.0,1.0,0.0,0.0,0.0
2023-01-14,taiwan,128.0,16.0,13.0,206.5,4.0,0.0,3.0,21.0,5.0,46.6,3.0
2023-01-14,ukraine,2549.0,280.0,611.0,-1629.1,16.0,24.0,62.0,1031.0,607.0,-3471.9,39.0
2023-01-14,venezuela,72.0,12.0,6.0,48.8,0.0,0.0,6.0,10.0,4.0,12.2,0.0
2023-01-14,yemen,43.0,9.0,9.0,-59.2,0.0,0.0,2.0,9.0,7.0,-47.5,1.0
2023-01-15,drc,26.0,2.0,11.0,-76.6,0.0,0.0,0.0,6.0,4.0,-13.6,0.0
2023-01-15,europe_east,482.0,43.0,81.0,370.4,2.0,0.0,36.0,14.0,6.0,-9.7,0.0
2023-01-15,iran,1036.0,218.0,191.0,-580.7,7.0,1.0,123.0,100.0,42.0,2.6,2.0
2023-01-15,israel,1897.0,373.0,401.0,-1843.4,19.0,6.0,112.0,331.0,213.0,-1285.4,22.0
2023-01-15,korea,487.0,43.0,37.0,844.2,0.0,5.0,8.0,61.0,21.0,-7.7,7.0
2023-01-15,libya,116.0,10.0,14.0,130.9,0.0,0.0,3.0,3.0,0.0,4.7,0.0
2023-01-15,scs,935.0,88.0,93.0,1279.8,0.0,0.0,36.0,86.0,11.0,207.8,0.0
2023-01-15,southasia,3755.0,543.0,492.0,1978.6,22.0,25.0,215.0,8.0,7.0,-33.6,5.0
2023-01-15,sudan,88.0,6.0,16.0,97.6,0.0,2.0,2.0,2.0,0.0,0.4,0.0
2023-01-15,taiwan,235.0,26.0,15.0,345.7,0.0,0.0,2.0,68.0,23.0,21.5,8.0
2023-01-15,ukraine,2455.0,287.0,681.0,-2729.2,14.0,6.0,71.0,1149.0,707.0,-4338.1,39.0
2023-01-15,venezuela,119.0,10.0,5.0,247.4,0.0,0.0,5.0,11.0,0.0,30.4,0.0
2023-01-15,yemen,55.0,18.0,11.0,-90.1,0.0,0.0,5.0,12.0,4.0,-17.0,1.0
2023-01-16,drc,63.0,10.0,17.0,-69.1,0.0,0.0,0.0,6.0,3.0,-4.1,0.0
2023-01-16,europe_east,1040.0,104.0,141.0,910.5,0.0,0.0,80.0,66.0,36.0,-118.4,10.0
2023-01-16,iran,1239.0,253.0,222.0,-498.7,10.0,2.0,138.0,195.0,104.0,-373.7,38.0
2023-01-16,israel,2283.0,446.0,496.0,-2208.2,19.0,3.0,137.0,384.0,272.0,-1759.0,38.0
2023-01-16,korea,700.0,68.0,60.0,1327.6,1.0,7.0,24.0,35.0,22.0,-66.3,0.0
2023-01-16,libya,94.0,8.0,5.0,167.4,0.0,0.0,0.0,3.0,0.0,4.7,0.0
2023-01-16,scs,1453.0,134.0,99.0,2594.9,3.0,4.0,37.0,105.0,13.0,283.8,0.0
2023-01-16,southasia,5885.0,796.0,802.0,3379.2,15.0,12.0,341.0,27.0,6.0,36.0,5.0
2023-01-16,sudan,181.0,11.0,24.0,302.7,0.0,3.0,14.0,1.0,1.0,-7.2,1.0
2023-01-16,taiwan,223.0,22.0,23.0,306.8,0.0,3.0,6.0,60.0,18.0,57.9,5.0
2023-01-16,ukraine,3775.0,449.0,774.0,389.1,23.0,23.0,119.0,1372.0,753.0,-3736.0,72.0
2023-01-16,venezuela,129.0,9.0,17.0,184.6,0.0,0.0,13.0,31.0,14.0,-14.4,6.0
2023-01-16,yemen,143.0,23.0,10.0,140.1,1.0,0.0,5.0,7.0,3.0,-10.2,2.0
2023-01-17,drc,70.0,3.0,13.0,59.3,0.0,0.0,3.0,17.0,4.0,51.1,1.0
2023-01-17,europe_east,1249.0,145.0,109.0,1677.7,0.0,1.0,53.0,114.0,46.0,43.6,16.0
2023-01-17,iran,1386.0,269.0,294.0,-713.4,8.0,2.0,195.0,150.0,66.0,-98.6,16.0
2023-01-17,israel,2549.0,362.0,521.0,-1261.4,10.0,3.0,160.0,414.0,229.0,-1309.1,28.0
2023-01-17,korea,770.0,42.0,72.0,1466.9,0.0,2.0,28.0,30.0,12.0,-20.7,3.0
2023-01-17,libya,64.0,6.0,1.0,178.3,0.0,0.0,0.0,0.0,0.0,0.0,0.0
2023-01-17,scs,1753.0,183.0,171.0,2743.0,0.0,0.0,90.0,135.0,35.0,193.2,3.0
2023-01-17,southasia,6149.0,902.0,838.0,3863.5,12.0,10.0,399.0,39.0,16.0,19.0,4.0
2023-01-17,sudan,240.0,14.0,35.0,241.4,0.0,5.0,21.0,5.0,0.0,6.7,0.0
2023-01-17,taiwan,326.0,29.0,15.0,603.6,2.0,1.0,5.0,60.0,17.0,23.7,3.0
2023-01-17,ukraine,4667.0,551.0,741.0,2663.7,22.0,20.0,164.0,1280.0,678.0,-2585.3,79.0
2023-01-17,venezuela,132.0,17.0,13.0,134.0,0.0,0.0,13.0,17.0,5.0,-6.1,0.0
2023-01-17,yemen,183.0,23.0,16.0,252.7,0.0,0.0,6.0,73.0,17.0,97.9,3.0
2023-01-18,drc,87.0,5.0,6.0,163.1,0.0,0.0,1.0,29.0,12.0,44.2,0.0
2023-01-18,europe_east,1259.0,91.0,81.0,2368.3,0.0,3.0,35.0,91.0,22.0,160.2,3.0
2023-01-18,iran,1292.0,270.0,289.0,-930.3,8.0,2.0,158.0,169.0,77.0,-96.0,14.0
2023-01-18,israel,2800.0,384.0,488.0,328.0,10.0,4.0,184.0,425.0,180.0,-419.6,35.0
2023-01-18,korea,660.0,73.0,113.0,398.5,4.0,6.0,44.0,62.0,33.0,-171.2,5.0
2023-01-18,libya,73.0,7.0,1.0,134.3,0.0,0.0,0.0,0.0,0.0,0.0,0.0
2023-01-18,scs,1847.0,225.0,168.0,2387.7,1.0,1.0,68.0,82.0,11.0,215.3,0.0
2023-01-18,southasia,5798.0,842.0,742.0,3441.2,31.0,4.0,342.0,43.0,21.0,21.4,7.0
2023-01-18,sudan,260.0,30.0,29.0,249.7,0.0,0.0,11.0,9.0,1.0,28.4,0.0
2023-01-18,taiwan,353.0,64.0,29.0,325.3,4.0,3.0,16.0,93.0,30.0,57.8,8.0
2023-01-18,ukraine,4406.0,416.0,771.0,1023.9,21.0,23.0,117.0,1182.0,573.0,-2091.3,50.0
2023-01-18,venezuela,157.0,16.0,21.0,145.8,0.0,0.0,6.0,32.0,2.0,46.2,0.0
2023-01-18,yemen,109.0,11.0,17.0,98.6,0.0,0.0,3.0,44.0,5.0,115.6,0.0
2023-01-19,drc,93.0,10.0,16.0,16.0,0.0,0.0,9.0,24.0,12.0,15.6,0.0
2023-01-19,europe_east,1289.0,110.0,71.0,2873.5,1.0,1.0,34.0,68.0,30.0,-30.4,11.0
2023-01-19,iran,1497.0,287.0,313.0,-896.8,21.0,1.0,171.0,197.0,71.0,45.8,7.0
2023-01-19,israel,3859.0,675.0,693.0,-843.2,17.0,4.0,251.0,574.0,302.0,-1353.2,35.0
2023-01-19,korea,1032.0,139.0,110.0,1071.5,4.0,3.0,44.0,137.0,45.0,90.0,6.0
2023-01-19,libya,124.0,10.0,8.0,323.2,0.0,0.0,3.0,2.0,2.0,-8.0,0.0
2023-01-19,scs,1389.0,113.0,114.0,2433.1,0.0,1.0,66.0,130.0,16.0,336.0,2.0
2023-01-19,southasia,6168.0,980.0,782.0,3008.2,10.0,8.0,339.0,40.0,21.0,-40.2,5.0
2023-01-19,sudan,212.0,13.0,17.0,390.0,0.0,1.0,8.0,4.0,0.0,32.0,0.0
2023-01-19,taiwan,341.0,55.0,24.0,447.8,2.0,6.0,15.0,68.0,36.0,-77.6,8.0
2023-01-19,ukraine,4769.0,484.0,639.0,3765.6,49.0,22.0,99.0,1182.0,516.0,-1289.7,62.0
2023-01-19,venezuela,192.0,28.0,7.0,348.6,0.0,0.0,5.0,42.0,2.0,145.3,1.0
2023-01-19,yemen,130.0,14.0,29.0,-12.5,0.0,1.0,10.0,27.0,5.0,72.0,0.0
2023-01-20,drc,40.0,6.0,8.0,-23.8,0.0,0.0,2.0,10.0,4.0,6.1,0.0
2023-01-20,europe_east,1361.0,126.0,114.0,2418.0,0.0,1.0,59.0,26.0,11.0,25.8,3.0
2023-01-20,iran,900.0,169.0,190.0,-396.9,6.0,4.0,118.0,93.0,24.0,60.1,6.0
2023-01-20,israel,2296.0,343.0,302.0,1233.6,5.0,4.0,115.0,269.0,126.0,-497.5,16.0
2023-01-20,korea,676.0,83.0,73.0,804.9,0.0,6.0,41.0,36.0,17.0,-18.0,9.0
2023-01-20,libya,48.0,5.0,4.0,137.5,0.0,0.0,1.0,4.0,0.0,27.0,0.0
2023-01-20,scs,1389.0,123.0,122.0,2250.7,4.0,1.0,83.0,109.0,27.0,168.4,1.0
2023-01-20,southasia,5998.0,901.0,773.0,3494.8,22.0,3.0,351.0,39.0,16.0,10.6,3.0
2023-01-20,sudan,302.0,23.0,47.0,272.5,2.0,1.0,16.0,7.0,0.0,41.3,0.0
2023-01-20,taiwan,322.0,49.0,29.0,373.1,7.0,4.0,7.0,69.0,40.0,-128.9,16.0
2023-01-20,ukraine,4598.0,549.0,566.0,4158.6,37.0,21.0,106.0,1118.0,570.0,-2049.6,79.0
2023-01-20,venezuela,227.0,29.0,11.0,408.6,0.0,0.0,3.0,17.0,1.0,68.9,0.0
2023-01-20,yemen,69.0,10.0,9.0,43.2,2.0,0.0,8.0,17.0,4.0,-13.1,0.0
2023-01-21,drc,38.0,4.0,2.0,75.6,0.0,0.0,0.0,6.0,0.0,14.1,0.0
2023-01-21,europe_east,825.0,77.0,85.0,892.7,2.0,4.0,33.0,37.0,13.0,0.1,11.0
2023-01-21,iran,659.0,108.0,131.0,-260.9,1.0,3.0,67.0,37.0,12.0,39.0,4.0
2023-01-21,israel,1321.0,241.0,307.0,-1566.3,8.0,1.0,65.0,184.0,121.0,-695.6,21.0
2023-01-21,korea,299.0,30.0,37.0,441.2,0.0,0.0,28.0,13.0,6.0,0.9,2.0
2023-01-21,libya,17.0,2.0,0.0,42.6,0.0,0.0,0.0,0.0,0.0,0.0,0.0
2023-01-21,scs,981.0,88.0,82.0,1542.7,5.0,1.0,40.0,117.0,8.0,373.0,3.0
2023-01-21,southasia,4991.0,739.0,672.0,2334.8,17.0,15.0,297.0,13.0,1.0,38.4,0.0
2023-01-21,sudan,105.0,3.0,5.0,226.8,0.0,0.0,3.0,1.0,0.0,8.3,0.0
2023-01-21,taiwan,260.0,30.0,15.0,444.9,6.0,2.0,3.0,48.0,15.0,-10.5,6.0
2023-01-21,ukraine,2707.0,353.0,407.0,885.5,25.0,10.0,54.0,805.0,377.0,-1218.9,20.0
2023-01-21,venezuela,168.0,20.0,19.0,260.8,0.0,0.0,11.0,9.0,0.0,26.4,0.0
2023-01-21,yemen,42.0,4.0,13.0,-43.3,0.0,0.0,4.0,14.0,10.0,-66.1,3.0
2023-01-22,drc,103.0,15.0,1.0,196.8,0.0,0.0,0.0,21.0,18.0,-49.2,1.0
2023-01-22,europe_east,517.0,54.0,65.0,437.3,0.0,0.0,24.0,29.0,12.0,-42.8,3.0
2023-01-22,iran,775.0,152.0,119.0,46.3,6.0,3.0,67.0,45.0,14.0,35.2,0.0
2023-01-22,israel,1767.0,348.0,296.0,-311.4,15.0,0.0,146.0,197.0,83.0,-104.1,12.0
2023-01-22,korea,171.0,11.0,40.0,-50.6,0.0,2.0,20.0,19.0,1.0,29.6,0.0
2023-01-22,libya,160.0,15.0,16.0,201.2,1.0,0.0,7.0,0.0,0.0,0.0,0.0
2023-01-22,scs,958.0,93.0,82.0,1597.3,1.0,0.0,52.0,155.0,21.0,375.9,8.0
2023-01-22,southasia,4345.0,690.0,726.0,90.3,4.0,10.0,272.0,12.0,7.0,-21.5,3.0
2023-01-22,sudan,157.0,12.0,16.0,197.5,0.0,0.0,1.0,0.0,0.0,0.0,0.0
2023-01-22,taiwan,139.0,15.0,7.0,239.8,2.0,0.0,0.0,49.0,18.0,-20.2,2.0
2023-01-22,ukraine,2224.0,291.0,327.0,453.1,32.0,13.0,58.0,639.0,318.0,-1281.9,24.0
2023-01-22,venezuela,152.0,26.0,14.0,285.0,0.0,0.0,10.0,22.0,1.0,59.9,0.0
2023-01-22,yemen,84.0,7.0,29.0,-133.9,0.0,0.0,7.0,17.0,11.0,-80.7,0.0
2023-01-23,drc,59.0,5.0,6.0,88.2,0.0,0.0,0.0,16.0,3.0,2.8,1.0
2023-01-23,europe_east,1711.0,294.0,202.0,1423.3,17.0,3.0,115.0,409.0,204.0,-244.9,56.0
2023-01-23,iran,1158.0,229.0,272.0,-841.4,3.0,3.0,183.0,156.0,83.0,-247.2,22.0
2023-01-23,israel,2479.0,463.0,396.0,-370.1,20.0,3.0,185.0,377.0,193.0,-756.6,57.0
2023-01-23,korea,334.0,50.0,16.0,659.7,0.0,1.0,5.0,45.0,13.0,-4.6,0.0
2023-01-23,libya,174.0,21.0,9.0,292.9,0.0,0.0,3.0,0.0,0.0,0.0,0.0
2023-01-23,scs,1534.0,136.0,135.0,2396.7,0.0,2.0,80.0,94.0,10.0,252.8,0.0
2023-01-23,southasia,5693.0,939.0,705.0,2487.1,7.0,2.0,320.0,27.0,20.0,-147.8,3.0
2023-01-23,sudan,350.0,35.0,45.0,480.3,0.0,0.0,14.0,9.0,2.0,43.0,0.0
2023-01-23,taiwan,256.0,23.0,23.0,271.5,2.0,0.0,5.0,83.0,28.0,-93.4,6.0
2023-01-23,ukraine,3834.0,549.0,548.0,1374.3,27.0,18.0,148.0,1101.0,490.0,-1489.4,57.0
2023-01-23,venezuela,151.0,20.0,25.0,11.4,1.0,0.0,15.0,27.0,5.0,27.9,2.0
2023-01-23,yemen,59.0,7.0,9.0,30.6,0.0,0.0,2.0,7.0,0.0,20.0,0.0
2023-01-24,drc,92.0,11.0,9.0,64.5,0.0,0.0,4.0,41.0,11.0,56.9,0.0
2023-01-24,europe_east,1581.0,183.0,133.0,2505.9,7.0,6.0,87.0,293.0,144.0,-159.6,32.0
2023-01-24,iran,940.0,172.0,171.0,16.3,5.0,1.0,112.0,129.0,67.0,-143.0,15.0
2023-01-24,israel,3076.0,449.0,431.0,1269.4,5.0,1.0,201.0,330.0,136.0,-296.4,21.0
2023-01-24,korea,474.0,94.0,48.0,276.1,4.0,0.0,20.0,57.0,29.0,-88.1,8.0
2023-01-24,libya,132.0,16.0,6.0,298.7,0.0,0.0,2.0,0.0,0.0,0.0,0.0
2023-01-24,scs,1278.0,116.0,174.0,1134.3,1.0,0.0,77.0,165.0,18.0,418.9,0.0
2023-01-24,southasia,5879.0,998.0,774.0,1738.8,19.0,16.0,349.0,17.0,8.0,-26.4,2.0
2023-01-24,sudan,333.0,28.0,44.0,355.5,0.0,0.0,15.0,8.0,0.0,59.4,0.0
2023-01-24,taiwan,319.0,42.0,38.0,162.8,2.0,0.0,6.0,87.0,28.0,-15.2,6.0
2023-01-24,ukraine,3953.0,532.0,486.0,3467.2,19.0,12.0,142.0,967.0,414.0,-689.4,61.0
2023-01-24,venezuela,177.0,17.0,21.0,212.2,0.0,0.0,18.0,25.0,4.0,46.6,2.0
2023-01-24,yemen,52.0,4.0,20.0,-102.6,0.0,0.0,3.0,22.0,14.0,-79.3,1.0
2023-01-25,drc,128.0,14.0,17.0,16.7,0.0,0.0,0.0,151.0,93.0,-339.0,10.0
2023-01-25,europe_east,1485.0,155.0,138.0,2212.7,3.0,1.0,63.0,151.0,63.0,-70.4,11.0
2023-01-25,iran,773.0,144.0,155.0,-175.5,1.0,2.0,108.0,92.0,41.0,-17.4,4.0
2023-01-25,israel,2944.0,494.0,574.0,-1572.3,6.0,3.0,164.0,439.0,280.0,-1710.0,30.0
2023-01-25,korea,607.0,82.0,51.0,468.1,6.0,0.0,12.0,79.0,25.0,-18.5,1.0
2023-01-25,libya,137.0,18.0,18.0,127.6,0.0,1.0,3.0,0.0,0.0,0.0,0.0
2023-01-25,scs,1772.0,181.0,190.0,2333.8,3.0,5.0,74.0,163.0,14.0,360.8,0.0
2023-01-25,southasia,6453.0,1031.0,964.0,1790.3,10.0,31.0,469.0,20.0,10.0,-44.4,3.0
2023-01-25,sudan,257.0,36.0,24.0,267.8,5.0,1.0,15.0,0.0,0.0,0.0,0.0
2023-01-25,taiwan,264.0,18.0,32.0,159.6,2.0,3.0,3.0,65.0,22.0,-36.7,5.0
2023-01-25,ukraine,4548.0,621.0,629.0,3037.9,52.0,18.0,155.0,1175.0,615.0,-2159.6,89.0
2023-01-25,venezuela,309.0,14.0,36.0,432.7,0.0,0.0,23.0,24.0,3.0,37.6,0.0
2023-01-25,yemen,78.0,18.0,19.0,-74.1,0.0,0.0,4.0,19.0,8.0,-22.9,1.0
2023-01-26,drc,101.0,13.0,18.0,-35.0,0.0,0.0,1.0,33.0,28.0,-73.5,1.0
2023-01-26,europe_east,1237.0,113.0,141.0,1461.8,1.0,0.0,37.0,90.0,38.0,-19.2,10.0
2023-01-26,iran,1029.0,248.0,204.0,-744.5,2.0,0.0,127.0,97.0,44.0,-16.6,9.0
2023-01-26,israel,4183.0,659.0,1035.0,-4826.7,25.0,7.0,230.0,788.0,507.0,-3460.4,56.0
2023-01-26,korea,659.0,65.0,77.0,575.5,1.0,0.0,30.0,116.0,34.0,27.8,8.0
2023-01-26,libya,177.0,13.0,14.0,431.0,0.0,1.0,7.0,0.0,0.0,0.0,0.0
2023-01-26,scs,1434.0,174.0,257.0,90.8,6.0,6.0,105.0,78.0,12.0,130.3,1.0
2023-01-26,southasia,5390.0,783.0,656.0,3756.1,10.0,30.0,333.0,68.0,14.0,103.1,6.0
2023-01-26,sudan,380.0,23.0,37.0,571.4,0.0,3.0,12.0,2.0,0.0,4.7,0.0
2023-01-26,taiwan,231.0,15.0,24.0,325.2,0.0,1.0,9.0,32.0,6.0,34.2,2.0
2023-01-26,ukraine,4747.0,626.0,826.0,783.3,49.0,25.0,139.0,1560.0,869.0,-3811.4,90.0
2023-01-26,venezuela,325.0,30.0,69.0,-24.1,0.0,0.0,29.0,50.0,16.0,-5.2,2.0
2023-01-26,yemen,88.0,16.0,13.0,36.5,0.0,0.0,5.0,17.0,2.0,90.9,0.0
2023-01-27,drc,134.0,10.0,7.0,219.8,0.0,0.0,0.0,44.0,38.0,-184.2,4.0
2023-01-27,europe_east,1244.0,150.0,155.0,1358.1,3.0,1.0,56.0,162.0,98.0,-292.6,26.0
2023-01-27,iran,1479.0,328.0,422.0,-2530.9,8.0,2.0,159.0,300.0,135.0,-252.9,55.0
2023-01-27,israel,4601.0,687.0,1501.0,-9905.9,47.0,31.0,195.0,1304.0,837.0,-5862.2,76.0
2023-01-27,korea,578.0,62.0,58.0,736.1,1.0,0.0,24.0,76.0,29.0,-47.7,4.0
2023-01-27,libya,109.0,10.0,10.0,192.5,0.0,0.0,0.0,0.0,0.0,0.0,0.0
2023-01-27,scs,1683.0,209.0,238.0,797.6,3.0,1.0,101.0,77.0,2.0,257.2,2.0
2023-01-27,southasia,5373.0,895.0,630.0,3711.5,20.0,29.0,348.0,24.0,11.0,12.0,4.0
2023-01-27,sudan,307.0,26.0,32.0,301.8,6.0,2.0,9.0,0.0,0.0,0.0,0.0
2023-01-27,taiwan,166.0,20.0,7.0,269.3,3.0,0.0,0.0,44.0,8.0,56.1,5.0
2023-01-27,ukraine,3398.0,515.0,543.0,708.7,40.0,25.0,105.0,1073.0,573.0,-2365.1,51.0
2023-01-27,venezuela,231.0,25.0,25.0,196.7,2.0,0.0,16.0,46.0,10.0,47.7,2.0
2023-01-27,yemen,66.0,14.0,15.0,-60.0,0.0,0.0,1.0,19.0,2.0,44.9,0.0
2023-01-28,drc,71.0,1.0,4.0,130.3,0.0,0.0,0.0,13.0,11.0,-26.0,0.0
2023-01-28,europe_east,567.0,68.0,82.0,452.8,0.0,0.0,35.0,75.0,55.0,-216.9,15.0
2023-01-28,iran,1113.0,220.0,269.0,-988.8,7.0,0.0,124.0,177.0,110.0,-404.5,37.0
2023-01-28,israel,3963.0,579.0,1334.0,-8880.8,31.0,29.0,216.0,945.0,595.0,-4025.1,52.0
2023-01-28,korea,287.0,68.0,18.0,404.9,0.0,0.0,3.0,35.0,18.0,4.8,0.0
2023-01-28,libya,187.0,13.0,7.0,541.0,0.0,2.0,3.0,0.0,0.0,0.0,0.0
2023-01-28,scs,1093.0,105.0,164.0,582.1,3.0,5.0,56.0,49.0,7.0,100.0,7.0
2023-01-28,southasia,4864.0,802.0,733.0,250.2,16.0,22.0,312.0,14.0,12.0,-71.0,6.0
2023-01-28,sudan,106.0,5.0,3.0,238.0,0.0,0.0,1.0,2.0,0.0,4.7,0.0
2023-01-28,taiwan,229.0,29.0,22.0,218.7,4.0,4.0,5.0,36.0,16.0,-44.6,4.0
2023-01-28,ukraine,2074.0,322.0,398.0,-636.9,24.0,10.0,64.0,664.0,416.0,-1938.2,50.0
2023-01-28,venezuela,127.0,17.0,22.0,45.3,0.0,0.0,12.0,13.0,1.0,20.4,1.0
2023-01-28,yemen,47.0,6.0,11.0,-93.1,0.0,0.0,0.0,4.0,0.0,11.5,0.0
2023-01-29,drc,112.0,16.0,17.0,37.2,0.0,0.0,8.0,44.0,34.0,-152.1,1.0
2023-01-29,europe_east,532.0,49.0,60.0,746.7,4.0,2.0,17.0,30.0,16.0,-56.8,8.0
2023-01-29,iran,1226.0,256.0,331.0,-2131.9,17.0,3.0,93.0,281.0,165.0,-648.8,32.0
2023-01-29,israel,3826.0,591.0,1275.0,-8346.2,50.0,25.0,212.0,1127.0,702.0,-4173.4,89.0
2023-01-29,korea,484.0,87.0,43.0,293.3,0.0,0.0,14.0,71.0,29.0,-134.2,0.0
2023-01-29,libya,192.0,21.0,10.0,457.4,0.0,3.0,5.0,0.0,0.0,0.0,0.0
2023-01-29,scs,743.0,93.0,97.0,513.8,0.0,1.0,51.0,12.0,0.0,77.2,0.0
2023-01-29,southasia,4040.0,620.0,619.0,333.0,12.0,15.0,237.0,10.0,3.0,14.4,3.0
2023-01-29,sudan,307.0,10.0,23.0,609.3,0.0,0.0,5.0,0.0,0.0,0.0,0.0
2023-01-29,taiwan,240.0,28.0,19.0,276.7,2.0,1.0,7.0,84.0,24.0,0.2,6.0
2023-01-29,ukraine,2240.0,359.0,455.0,-704.0,31.0,12.0,99.0,901.0,504.0,-2233.4,37.0
2023-01-29,venezuela,111.0,4.0,20.0,79.8,0.0,0.0,10.0,13.0,7.0,-28.3,0.0
2023-01-29,yemen,20.0,1.0,2.0,50.7,0.0,0.0,2.0,8.0,1.0,31.1,1.0
2023-01-30,drc,153.0,4.0,11.0,301.9,0.0,0.0,1.0,14.0,9.0,0.2,0.0
2023-01-30,europe_east,1032.0,98.0,65.0,1986.9,0.0,0.0,29.0,114.0,28.0,141.5,3.0
2023-01-30,iran,1634.0,271.0,417.0,-1927.6,12.0,0.0,138.0,418.0,189.0,-653.6,15.0
2023-01-30,israel,4827.0,612.0,1217.0,-4496.4,39.0,18.0,208.0,1527.0,728.0,-3043.5,93.0
2023-01-30,korea,983.0,123.0,68.0,1462.4,0.0,0.0,25.0,117.0,28.0,108.2,0.0
2023-01-30,libya,113.0,17.0,4.0,215.5,0.0,0.0,0.0,1.0,0.0,5.2,0.0
2023-01-30,scs,1549.0,185.0,224.0,769.4,1.0,3.0,114.0,59.0,7.0,172.6,0.0
2023-01-30,southasia,6915.0,978.0,1131.0,1171.9,29.0,19.0,412.0,17.0,6.0,-5.1,0.0
2023-01-30,sudan,693.0,28.0,55.0,1242.2,0.0,4.0,25.0,0.0,0.0,0.0,0.0
2023-01-30,taiwan,428.0,55.0,41.0,289.1,13.0,6.0,11.0,160.0,52.0,-41.2,18.0
2023-01-30,ukraine,4018.0,538.0,617.0,1341.0,47.0,21.0,118.0,1238.0,642.0,-2479.3,77.0
2023-01-30,venezuela,196.0,18.0,36.0,-64.4,0.0,0.0,16.0,11.0,2.0,19.6,2.0
2023-01-30,yemen,62.0,7.0,2.0,97.6,2.0,2.0,0.0,5.0,3.0,-10.8,2.0
2023-01-31,drc,453.0,17.0,28.0,669.6,0.0,0.0,6.0,10.0,4.0,-6.6,0.0
2023-01-31,europe_east,1104.0,118.0,116.0,1869.3,1.0,1.0,62.0,103.0,29.0,123.8,0.0
2023-01-31,iran,1340.0,273.0,332.0,-1566.3,18.0,0.0,137.0,277.0,153.0,-602.8,20.0
2023-01-31,israel,4077.0,505.0,748.0,-2.9,10.0,13.0,153.0,1192.0,492.0,-1755.5,45.0
2023-01-31,korea,1162.0,148.0,99.0,1726.9,2.0,9.0,33.0,129.0,55.0,24.9,6.0
2023-01-31,libya,154.0,18.0,6.0,295.8,0.0,0.0,1.0,1.0,0.0,5.2,0.0
2023-01-31,scs,1766.0,193.0,183.0,2387.4,0.0,11.0,94.0,74.0,16.0,144.0,6.0
2023-01-31,southasia,6962.0,1013.0,1071.0,912.8,19.0,20.0,330.0,4.0,1.0,6.4,1.0
2023-01-31,sudan,827.0,64.0,78.0,1242.3,0.0,0.0,28.0,2.0,0.0,3.4,0.0
2023-01-31,taiwan,455.0,53.0,44.0,411.8,6.0,3.0,16.0,206.0,44.0,102.2,10.0
2023-01-31,ukraine,3771.0,521.0,514.0,2821.9,30.0,4.0,96.0,908.0,474.0,-1878.1,46.0
2023-01-31,venezuela,202.0,13.0,20.0,225.8,0.0,0.0,9.0,25.0,1.0,67.6,0.0
2023-01-31,yemen,112.0,14.0,21.0,-29.2,0.0,0.0,3.0,17.0,5.0,5.2,1.0
2023-02-01,drc,526.0,50.0,25.0,773.8,1.0,0.0,11.0,20.0,16.0,-30.6,0.0
2023-02-01,europe_east,887.0,82.0,102.0,1056.4,2.0,7.0,70.0,104.0,33.0,34.6,7.0
2023-02-01,iran,1347.0,236.0,294.0,-733.7,11.0,3.0,140.0,212.0,106.0,-412.9,15.0
2023-02-01,israel,3930.0,572.0,835.0,-2589.7,25.0,10.0,200.0,947.0,456.0,-2218.8,47.0
2023-02-01,korea,752.0,107.0,86.0,694.8,4.0,3.0,18.0,106.0,36.0,4.1,2.0
2023-02-01,libya,133.0,8.0,8.0,278.4,0.0,0.0,0.0,0.0,0.0,0.0,0.0
2023-02-01,scs,1941.0,148.0,174.0,2919.3,0.0,2.0,67.0,94.0,23.0,94.2,2.0
2023-02-01,southasia,5496.0,811.0,828.0,1801.5,15.0,15.0,325.0,13.0,4.0,7.6,1.0
2023-02-01,sudan,738.0,72.0,106.0,478.1,0.0,4.0,27.0,9.0,0.0,11.1,0.0
2023-02-01,taiwan,454.0,50.0,51.0,352.3,2.0,13.0,14.0,113.0,40.0,-82.5,3.0
2023-02-01,ukraine,3696.0,459.0,580.0,2164.0,32.0,21.0,165.0,996.0,507.0,-1959.4,86.0
2023-02-01,venezuela,139.0,24.0,10.0,185.2,1.0,0.0,10.0,24.0,6.0,37.4,1.0
2023-02-01,yemen,167.0,3.0,30.0,96.8,0.0,0.0,10.0,8.0,3.0,4.7,0.0
2023-02-02,drc,283.0,34.0,30.0,179.4,1.0,0.0,7.0,30.0,14.0,-1.2,2.0
2023-02-02,europe_east,1144.0,105.0,81.0,2141.9,3.0,1.0,45.0,82.0,25.0,53.8,6.0
2023-02-02,iran,1376.0,319.0,305.0,-1541.0,12.0,5.0,139.0,300.0,170.0,-511.3,20.0
2023-02-02,israel,4540.0,671.0,882.0,-1130.8,39.0,4.0,229.0,959.0,523.0,-2537.7,78.0
2023-02-02,korea,1061.0,170.0,163.0,124.2,16.0,2.0,45.0,246.0,111.0,-427.9,35.0
2023-02-02,libya,77.0,7.0,16.0,61.3,0.0,0.0,6.0,0.0,0.0,0.0,0.0
2023-02-02,scs,2705.0,341.0,294.0,2962.5,6.0,29.0,108.0,297.0,78.0,340.1,6.0
2023-02-02,southasia,5879.0,906.0,892.0,1841.0,11.0,9.0,412.0,25.0,13.0,-34.6,4.0
2023-02-02,sudan,1266.0,78.0,129.0,2297.7,1.0,1.0,47.0,8.0,0.0,13.4,0.0
2023-02-02,taiwan,669.0,115.0,65.0,512.9,2.0,6.0,16.0,228.0,70.0,116.0,16.0
2023-02-02,ukraine,4204.0,525.0,668.0,1493.2,41.0,46.0,143.0,1330.0,671.0,-2576.5,119.0
2023-02-02,venezuela,128.0,40.0,6.0,81.4,0.0,0.0,3.0,27.0,3.0,39.4,0.0
2023-02-02,yemen,144.0,13.0,38.0,-137.8,0.0,0.0,16.0,37.0,7.0,50.3,0.0
2023-02-03,drc,177.0,25.0,7.0,253.7,0.0,0.0,1.0,13.0,10.0,-59.6,0.0
2023-02-03,europe_east,869.0,87.0,77.0,1793.7,2.0,0.0,54.0,66.0,20.0,23.2,5.0
2023-02-03,iran,1039.0,231.0,185.0,-454.1,5.0,8.0,98.0,210.0,97.0,-161.4,11.0
2023-02-03,israel,3511.0,496.0,601.0,628.2,10.0,3.0,146.0,547.0,287.0,-1215.1,22.0
2023-02-03,korea,611.0,79.0,75.0,532.5,7.0,7.0,27.0,65.0,34.0,-97.9,10.0
2023-02-03,libya,93.0,8.0,8.0,248.7,0.0,0.0,6.0,0.0,0.0,0.0,0.0
2023-02-03,scs,1579.0,185.0,191.0,1489.0,7.0,12.0,84.0,96.0,36.0,30.9,2.0
2023-02-03,southasia,5607.0,918.0,817.0,828.2,37.0,6.0,360.0,26.0,16.0,-78.1,3.0
2023-02-03,sudan,1273.0,77.0,126.0,2259.4,0.0,5.0,33.0,2.0,0.0,2.0,0.0
2023-02-03,taiwan,542.0,78.0,51.0,598.4,4.0,7.0,16.0,176.0,67.0,-50.3,15.0
2023-02-03,ukraine,3291.0,445.0,449.0,1894.1,58.0,20.0,120.0,981.0,470.0,-1377.8,91.0
2023-02-03,venezuela,203.0,27.0,48.0,-140.5,0.0,0.0,22.0,31.0,1.0,115.7,0.0
2023-02-03,yemen,77.0,9.0,28.0,-139.2,0.0,0.0,14.0,17.0,5.0,39.2,1.0
2023-02-04,drc,46.0,2.0,5.0,62.9,0.0,0.0,3.0,22.0,6.0,31.2,0.0
2023-02-04,europe_east,402.0,39.0,42.0,514.6,3.0,1.0,15.0,24.0,11.0,20.9,3.0
2023-02-04,iran,749.0,198.0,124.0,-603.5,5.0,0.0,64.0,144.0,72.0,-271.7,9.0
2023-02-04,israel,1854.0,293.0,530.0,-3106.7,12.0,3.0,124.0,395.0,250.0,-1658.6,39.0
2023-02-04,korea,325.0,31.0,27.0,283.6,0.0,2.0,6.0,30.0,8.0,-11.1,4.0
2023-02-04,libya,89.0,3.0,4.0,219.7,0.0,0.0,4.0,0.0,0.0,0.0,0.0
2023-02-04,scs,1073.0,88.0,117.0,1349.3,3.0,11.0,64.0,34.0,16.0,-29.1,3.0
2023-02-04,southasia,4560.0,767.0,719.0,840.4,16.0,11.0,356.0,13.0,8.0,-12.0,5.0
2023-02-04,sudan,738.0,67.0,56.0,1062.7,0.0,0.0,10.0,6.0,0.0,32.0,0.0
2023-02-04,taiwan,210.0,19.0,26.0,218.0,2.0,1.0,8.0,61.0,16.0,-24.9,6.0
2023-02-04,ukraine,2198.0,282.0,407.0,334.1,57.0,3.0,93.0,830.0,372.0,-1044.7,73.0
2023-02-04,venezuela,147.0,17.0,28.0,61.9,0.0,0.0,15.0,33.0,9.0,-12.2,2.0
2023-02-04,yemen,38.0,9.0,11.0,-53.2,0.0,0.0,7.0,7.0,1.0,47.4,0.0
2023-02-05,drc,41.0,4.0,2.0,45.0,0.0,0.0,0.0,12.0,9.0,-38.0,0.0
2023-02-05,europe_east,270.0,39.0,18.0,434.8,0.0,1.0,9.0,12.0,2.0,22.0,2.0
2023-02-05,iran,752.0,160.0,158.0,-134.4,0.0,0.0,106.0,110.0,61.0,-197.4,6.0
2023-02-05,israel,2339.0,373.0,510.0,-2121.0,15.0,7.0,163.0,431.0,256.0,-1641.2,55.0
2023-02-05,korea,236.0,20.0,24.0,313.5,0.0,2.0,2.0,15.0,13.0,-73.7,3.0
2023-02-05,libya,152.0,12.0,18.0,200.6,0.0,0.0,6.0,0.0,0.0,0.0,0.0
2023-02-05,scs,854.0,98.0,80.0,1110.4,9.0,0.0,27.0,28.0,5.0,11.3,0.0
2023-02-05,southasia,5310.0,711.0,716.0,3356.9,9.0,9.0,331.0,54.0,6.0,134.5,0.0
2023-02-05,sudan,869.0,73.0,58.0,1533.1,0.0,3.0,22.0,2.0,0.0,4.4,0.0
2023-02-05,taiwan,169.0,19.0,19.0,203.6,1.0,2.0,5.0,40.0,9.0,72.4,2.0
2023-02-05,ukraine,2135.0,261.0,440.0,-349.9,37.0,11.0,84.0,988.0,438.0,-1385.6,57.0
2023-02-05,venezuela,75.0,7.0,1.0,203.2,0.0,0.0,0.0,20.0,1.0,39.2,0.0
2023-02-05,yemen,36.0,6.0,7.0,-17.1,0.0,0.0,6.0,11.0,2.0,65.7,0.0
2023-02-06,drc,114.0,11.0,23.0,-51.7,0.0,0.0,0.0,29.0,14.0,-19.0,0.0
2023-02-06,europe_east,722.0,49.0,80.0,1270.9,2.0,7.0,41.0,45.0,17.0,-50.9,9.0
2023-02-06,iran,830.0,164.0,144.0,24.1,6.0,4.0,78.0,69.0,32.0,-41.6,4.0
2023-02-06,israel,3025.0,396.0,669.0,-1959.2,17.0,5.0,148.0,603.0,329.0,-2081.1,31.0
2023-02-06,korea,543.0,49.0,39.0,900.9,1.0,0.0,25.0,44.0,2.0,104.2,0.0
2023-02-06,libya,84.0,5.0,4.0,182.8,0.0,1.0,0.0,0.0,0.0,0.0,0.0
2023-02-06,scs,1472.0,160.0,218.0,1334.9,6.0,3.0,90.0,68.0,11.0,117.7,7.0
2023-02-06,southasia,6516.0,1131.0,740.0,3529.6,10.0,10.0,354.0,33.0,12.0,53.3,1.0
2023-02-06,sudan,762.0,67.0,35.0,1522.7,0.0,1.0,16.0,4.0,1.0,2.8,0.0
2023-02-06,taiwan,391.0,45.0,36.0,510.3,1.0,3.0,17.0,152.0,40.0,90.3,5.0
2023-02-06,ukraine,3277.0,395.0,447.0,2487.0,42.0,24.0,109.0,1027.0,488.0,-1889.0,57.0
2023-02-06,venezuela,228.0,25.0,34.0,163.1,0.0,1.0,19.0,32.0,8.0,31.8,4.0
2023-02-06,yemen,39.0,2.0,15.0,-68.4,0.0,2.0,6.0,10.0,3.0,2.2,1.0
2023-02-07,drc,163.0,31.0,49.0,-294.8,0.0,2.0,16.0,22.0,18.0,-66.7,2.0
2023-02-07,europe_east,847.0,90.0,105.0,834.7,8.0,5.0,46.0,73.0,49.0,-212.8,12.0
2023-02-07,iran,718.0,133.0,95.0,186.8,5.0,5.0,43.0,65.0,27.0,-68.7,1.0
2023-02-07,israel,2796.0,415.0,668.0,-2276.9,10.0,11.0,140.0,604.0,350.0,-2226.1,39.0
2023-02-07,korea,901.0,132.0,128.0,571.6,12.0,9.0,47.0,99.0,56.0,-259.9,17.0
2023-02-07,libya,187.0,5.0,11.0,429.7,0.0,0.0,5.0,0.0,0.0,0.0,0.0
2023-02-07,scs,1798.0,175.0,219.0,2353.6,4.0,4.0,119.0,104.0,54.0,-97.7,8.0
2023-02-07,southasia,6262.0,1075.0,803.0,2144.1,13.0,15.0,372.0,8.0,5.0,-11.2,3.0
2023-02-07,sudan,948.0,89.0,77.0,1500.7,0.0,5.0,30.0,3.0,1.0,-1.2,0.0
2023-02-07,taiwan,368.0,59.0,27.0,517.1,2.0,4.0,7.0,98.0,31.0,30.7,9.0
2023-02-07,ukraine,2831.0,292.0,460.0,1683.2,28.0,30.0,100.0,836.0,432.0,-1963.0,70.0
2023-02-07,venezuela,231.0,23.0,25.0,214.7,0.0,1.0,16.0,28.0,8.0,18.5,0.0
2023-02-07,yemen,75.0,5.0,16.0,-39.1,0.0,0.0,8.0,17.0,1.0,27.3,0.0
2023-02-08,drc,71.0,12.0,11.0,-12.2,0.0,1.0,0.0,4.0,3.0,-14.0,0.0
2023-02-08,europe_east,1032.0,94.0,106.0,1647.9,11.0,7.0,61.0,152.0,57.0,95.3,28.0
2023-02-08,iran,783.0,151.0,107.0,51.3,6.0,0.0,46.0,108.0,48.0,-98.8,2.0
2023-02-08,israel,2361.0,306.0,460.0,-888.5,13.0,0.0,139.0,317.0,177.0,-864.8,30.0
2023-02-08,korea,1001.0,138.0,99.0,878.8,10.0,10.0,27.0,75.0,39.0,-173.9,8.0
2023-02-08,libya,101.0,6.0,14.0,200.1,0.0,2.0,9.0,0.0,0.0,0.0,0.0
2023-02-08,scs,1653.0,146.0,149.0,2368.5,1.0,2.0,59.0,69.0,11.0,157.3,2.0
2023-02-08,southasia,5595.0,922.0,726.0,1791.7,5.0,8.0,324.0,27.0,7.0,14.5,2.0
2023-02-08,sudan,316.0,29.0,17.0,522.6,1.0,3.0,11.0,1.0,0.0,3.5,0.0
2023-02-08,taiwan,353.0,49.0,17.0,678.5,1.0,5.0,3.0,124.0,23.0,199.6,4.0
2023-02-08,ukraine,5384.0,448.0,691.0,5863.8,48.0,17.0,193.0,1280.0,566.0,-2041.7,86.0
2023-02-08,venezuela,193.0,15.0,36.0,75.3,0.0,0.0,21.0,19.0,6.0,11.6,2.0
2023-02-08,yemen,63.0,3.0,7.0,57.2,0.0,0.0,0.0,18.0,7.0,-2.2,0.0
2023-02-09,drc,30.0,7.0,9.0,-84.7,0.0,0.0,0.0,6.0,3.0,-6.0,0.0
2023-02-09,europe_east,944.0,69.0,78.0,1765.0,2.0,1.0,34.0,110.0,46.0,-3.1,15.0
2023-02-09,iran,758.0,130.0,119.0,194.3,1.0,2.0,75.0,114.0,37.0,22.2,3.0
2023-02-09,israel,2452.0,304.0,497.0,-78.8,4.0,13.0,166.0,353.0,174.0,-628.5,17.0
2023-02-09,korea,784.0,106.0,84.0,626.4,8.0,8.0,30.0,153.0,71.0,-216.8,19.0
2023-02-09,libya,55.0,7.0,14.0,17.2,0.0,0.0,10.0,1.0,0.0,0.4,0.0
2023-02-09,scs,1538.0,77.0,146.0,2657.6,0.0,2.0,66.0,43.0,16.0,-15.2,0.0
2023-02-09,southasia,5497.0,832.0,728.0,2336.2,10.0,14.0,304.0,4.0,2.0,-8.0,2.0
2023-02-09,sudan,516.0,32.0,22.0,1104.5,0.0,1.0,7.0,9.0,0.0,9.0,0.0
2023-02-09,taiwan,282.0,39.0,19.0,377.2,0.0,3.0,5.0,93.0,26.0,62.6,10.0
2023-02-09,ukraine,5204.0,532.0,630.0,4430.8,57.0,46.0,144.0,1140.0,601.0,-2352.7,88.0
2023-02-09,venezuela,166.0,9.0,40.0,28.5,0.0,0.0,18.0,33.0,7.0,37.4,6.0
2023-02-09,yemen,23.0,2.0,4.0,6.6,0.0,0.0,4.0,8.0,1.0,0.4,0.0
2023-02-10,drc,55.0,13.0,5.0,4.2,0.0,1.0,0.0,14.0,8.0,-18.0,0.0
2023-02-10,europe_east,1148.0,111.0,123.0,1482.9,2.0,0.0,50.0,104.0,46.0,-72.6,8.0
2023-02-10,iran,822.0,139.0,163.0,-164.3,2.0,3.0,105.0,97.0,37.0,-14.0,7.0
2023-02-10,israel,2166.0,367.0,504.0,-1848.1,15.0,8.0,125.0,339.0,184.0,-920.5,18.0
2023-02-10,korea,551.0,72.0,77.0,391.4,1.0,3.0,29.0,79.0,37.0,-98.5,4.0
2023-02-10,libya,26.0,0.0,3.0,55.6,0.0,0.0,3.0,0.0,0.0,0.0,0.0
2023-02-10,scs,1438.0,96.0,137.0,2341.2,4.0,0.0,65.0,54.0,21.0,12.1,3.0
2023-02-10,southasia,5253.0,774.0,595.0,4355.1,10.0,13.0,291.0,28.0,0.0,87.0,0.0
2023-02-10,sudan,276.0,25.0,19.0,471.4,0.0,3.0,4.0,0.0,0.0,0.0,0.0
2023-02-10,taiwan,336.0,40.0,36.0,300.4,5.0,4.0,14.0,111.0,21.0,109.4,5.0
2023-02-10,ukraine,4379.0,520.0,751.0,531.5,64.0,13.0,125.0,1247.0,696.0,-3507.6,63.0
2023-02-10,venezuela,169.0,13.0,18.0,207.4,0.0,0.0,12.0,26.0,5.0,56.1,3.0
2023-02-10,yemen,71.0,10.0,14.0,-45.6,0.0,0.0,6.0,33.0,7.0,-9.9,3.0
2023-02-11,drc,29.0,4.0,0.0,91.7,0.0,0.0,0.0,8.0,0.0,48.0,0.0
2023-02-11,europe_east,517.0,51.0,35.0,695.2,1.0,1.0,12.0,46.0,9.0,43.3,0.0
2023-02-11,iran,820.0,146.0,130.0,173.3,3.0,2.0,80.0,52.0,26.0,-46.1,4.0
2023-02-11,israel,1320.0,203.0,360.0,-1988.0,10.0,0.0,75.0,197.0,128.0,-929.8,9.0
2023-02-11,korea,223.0,28.0,23.0,193.1,0.0,0.0,12.0,37.0,15.0,-12.8,7.0
2023-02-11,libya,51.0,4.0,4.0,86.0,0.0,0.0,3.0,0.0,0.0,0.0,0.0
2023-02-11,scs,853.0,52.0,116.0,912.4,2.0,1.0,41.0,43.0,12.0,10.5,2.0
2023-02-11,southasia,4438.0,717.0,593.0,1850.0,17.0,20.0,302.0,2.0,2.0,-7.0,1.0
2023-02-11,sudan,161.0,12.0,11.0,289.0,0.0,0.0,5.0,0.0,0.0,0.0,0.0
2023-02-11,taiwan,174.0,24.0,9.0,257.0,0.0,1.0,1.0,70.0,15.0,23.3,0.0
2023-02-11,ukraine,1732.0,196.0,330.0,216.0,15.0,12.0,43.0,682.0,394.0,-2134.8,41.0
2023-02-11,venezuela,84.0,6.0,15.0,61.2,0.0,0.0,8.0,10.0,1.0,41.4,1.0
2023-02-11,yemen,32.0,2.0,16.0,-135.6,0.0,0.0,2.0,5.0,2.0,-0.3,0.0
2023-02-12,drc,13.0,0.0,0.0,30.2,0.0,0.0,0.0,2.0,2.0,-4.0,0.0
2023-02-12,europe_east,371.0,41.0,34.0,471.4,1.0,0.0,12.0,17.0,8.0,-67.2,3.0
2023-02-12,iran,687.0,121.0,103.0,50.7,2.0,1.0,64.0,64.0,34.0,-81.4,7.0
2023-02-12,israel,2049.0,328.0,495.0,-2041.7,17.0,5.0,106.0,303.0,213.0,-1468.1,24.0
2023-02-12,korea,225.0,34.0,16.0,206.5,1.0,0.0,9.0,27.0,8.0,19.6,3.0
2023-02-12,libya,46.0,5.0,4.0,103.0,0.0,0.0,2.0,0.0,0.0,0.0,0.0
2023-02-12,scs,854.0,63.0,78.0,1511.0,2.0,1.0,29.0,29.0,13.0,8.0,5.0
2023-02-12,southasia,4036.0,579.0,418.0,3085.6,11.0,3.0,212.0,13.0,4.0,3.7,3.0
2023-02-12,sudan,259.0,25.0,26.0,399.6,0.0,0.0,10.0,0.0,0.0,0.0,0.0
2023-02-12,taiwan,200.0,10.0,6.0,480.9,0.0,0.0,5.0,41.0,5.0,109.9,0.0
2023-02-12,ukraine,1839.0,247.0,347.0,27.1,15.0,5.0,52.0,744.0,414.0,-2134.6,37.0
2023-02-12,venezuela,32.0,2.0,5.0,19.3,0.0,0.0,0.0,14.0,2.0,8.2,0.0
2023-02-12,yemen,53.0,15.0,1.0,64.3,0.0,0.0,1.0,10.0,1.0,25.1,0.0
2023-02-13,drc,35.0,0.0,16.0,-101.5,0.0,0.0,1.0,3.0,1.0,2.0,0.0
2023-02-13,europe_east,758.0,84.0,93.0,734.0,0.0,5.0,36.0,67.0,37.0,-84.2,8.0
2023-02-13,iran,870.0,172.0,160.0,-152.1,0.0,1.0,106.0,102.0,49.0,-15.7,3.0
2023-02-13,israel,3041.0,580.0,732.0,-3911.9,12.0,4.0,178.0,640.0,373.0,-2256.8,42.0
2023-02-13,korea,481.0,58.0,48.0,598.5,0.0,0.0,21.0,39.0,18.0,-24.8,0.0
2023-02-13,libya,127.0,14.0,25.0,55.2,2.0,0.0,16.0,0.0,0.0,0.0,0.0
2023-02-13,scs,1771.0,187.0,135.0,3061.3,0.0,3.0,57.0,292.0,179.0,-178.8,7.0
2023-02-13,southasia,5823.0,783.0,645.0,5060.6,16.0,9.0,268.0,20.0,14.0,-23.6,6.0
2023-02-13,sudan,237.0,23.0,7.0,517.6,1.0,0.0,4.0,0.0,0.0,0.0,0.0
2023-02-13,taiwan,251.0,33.0,34.0,169.2,2.0,4.0,9.0,91.0,28.0,-2.4,12.0
2023-02-13,ukraine,3282.0,476.0,492.0,1273.8,31.0,17.0,108.0,907.0,472.0,-1865.0,47.0
2023-02-13,venezuela,134.0,3.0,24.0,98.6,0.0,0.0,13.0,4.0,2.0,-10.0,2.0
2023-02-13,yemen,82.0,12.0,23.0,-127.8,0.0,1.0,8.0,12.0,1.0,57.4,0.0
2023-02-14,drc,33.0,2.0,14.0,-101.8,0.0,0.0,0.0,20.0,6.0,43.7,0.0
2023-02-14,europe_east,915.0,83.0,75.0,1290.0,4.0,12.0,28.0,68.0,44.0,-155.9,4.0
2023-02-14,iran,1047.0,156.0,125.0,780.2,0.0,2.0,73.0,124.0,54.0,16.9,7.0
2023-02-14,israel,3069.0,557.0,612.0,-1870.7,15.0,2.0,174.0,527.0,272.0,-1462.4,29.0
2023-02-14,korea,533.0,75.0,29.0,1014.4,0.0,1.0,9.0,66.0,27.0,-41.5,2.0
2023-02-14,libya,68.0,3.0,7.0,141.4,0.0,0.0,0.0,0.0,0.0,0.0,0.0
2023-02-14,scs,1737.0,228.0,147.0,2089.4,8.0,5.0,55.0,352.0,191.0,-320.5,8.0
2023-02-14,southasia,6000.0,810.0,823.0,2804.6,19.0,10.0,312.0,11.0,4.0,-6.5,1.0
2023-02-14,sudan,236.0,16.0,36.0,251.9,0.0,2.0,13.0,6.0,0.0,40.0,0.0
2023-02-14,taiwan,324.0,25.0,22.0,597.0,1.0,0.0,11.0,71.0,20.0,30.3,5.0
2023-02-14,ukraine,3694.0,436.0,516.0,2535.3,33.0,18.0,135.0,896.0,442.0,-1483.3,61.0
2023-02-14,venezuela,167.0,24.0,12.0,271.8,0.0,0.0,10.0,25.0,1.0,65.7,0.0
2023-02-14,yemen,105.0,21.0,17.0,-40.9,0.0,0.0,12.0,42.0,9.0,86.5,0.0
2023-02-15,drc,26.0,2.0,13.0,-85.5,0.0,1.0,0.0,37.0,29.0,-93.8,0.0
2023-02-15,europe_east,1213.0,109.0,87.0,2063.0,0.0,7.0,38.0,50.0,21.0,-26.0,1.0
2023-02-15,iran,1122.0,141.0,149.0,1018.3,0.0,0.0,81.0,155.0,69.0,-42.8,9.0
2023-02-15,israel,2632.0,409.0,555.0,-1052.9,11.0,3.0,171.0,414.0,239.0,-1200.7,38.0
2023-02-15,korea,599.0,61.0,42.0,988.5,0.0,0.0,26.0,61.0,21.0,2.4,3.0
2023-02-15,libya,132.0,5.0,15.0,254.8,1.0,0.0,11.0,0.0,0.0,0.0,0.0
2023-02-15,scs,1741.0,141.0,162.0,3030.4,7.0,0.0,68.0,224.0,50.0,323.5,4.0
2023-02-15,southasia,5456.0,782.0,711.0,2968.7,16.0,15.0,373.0,7.0,5.0,-27.3,2.0
2023-02-15,sudan,106.0,10.0,14.0,91.4,0.0,0.0,3.0,0.0,0.0,0.0,0.0
2023-02-15,taiwan,288.0,39.0,32.0,166.6,8.0,1.0,13.0,64.0,23.0,-62.0,10.0
2023-02-15,ukraine,3965.0,504.0,625.0,2176.9,21.0,21.0,142.0,1193.0,604.0,-2288.6,72.0
2023-02-15,venezuela,193.0,22.0,36.0,71.5,0.0,0.0,14.0,17.0,6.0,-13.9,1.0
2023-02-15,yemen,124.0,7.0,15.0,151.8,0.0,0.0,3.0,30.0,4.0,52.1,0.0
2023-02-16,drc,29.0,4.0,1.0,61.4,0.0,0.0,0.0,5.0,5.0,-20.5,0.0
2023-02-16,europe_east,1113.0,94.0,69.0,2378.5,4.0,5.0,29.0,65.0,28.0,-3.0,3.0
2023-02-16,iran,1041.0,125.0,174.0,334.9,4.0,0.0,91.0,163.0,60.0,-9.4,10.0
2023-02-16,israel,3224.0,505.0,482.0,511.2,16.0,6.0,172.0,379.0,178.0,-732.7,53.0
2023-02-16,korea,691.0,88.0,82.0,560.2,4.0,0.0,28.0,127.0,68.0,-256.4,7.0
2023-02-16,libya,128.0,7.0,28.0,19.4,0.0,0.0,7.0,2.0,2.0,-20.0,0.0
2023-02-16,scs,1635.0,193.0,150.0,1762.2,3.0,9.0,62.0,150.0,45.0,96.4,3.0
2023-02-16,southasia,5430.0,861.0,676.0,2586.4,11.0,7.0,292.0,9.0,1.0,16.8,0.0
2023-02-16,sudan,175.0,22.0,16.0,311.1,0.0,0.0,13.0,0.0,0.0,0.0,0.0
2023-02-16,taiwan,314.0,34.0,23.0,615.6,2.0,1.0,11.0,91.0,36.0,-11.7,6.0
2023-02-16,ukraine,4830.0,593.0,714.0,2902.6,50.0,34.0,140.0,1339.0,665.0,-2601.8,89.0
2023-02-16,venezuela,160.0,15.0,25.0,209.7,0.0,0.0,12.0,29.0,4.0,54.0,2.0
2023-02-16,yemen,121.0,15.0,25.0,-76.5,4.0,0.0,7.0,24.0,9.0,-17.3,0.0
2023-02-17,drc,63.0,11.0,7.0,17.3,0.0,0.0,0.0,24.0,24.0,-142.5,3.0
2023-02-17,europe_east,1048.0,59.0,81.0,2060.7,4.0,2.0,43.0,88.0,26.0,24.9,3.0
2023-02-17,iran,806.0,166.0,136.0,-332.5,4.0,1.0,46.0,110.0,65.0,-222.8,13.0
2023-02-17,israel,2122.0,308.0,320.0,596.8,11.0,5.0,98.0,304.0,158.0,-636.0,34.0
2023-02-17,korea,827.0,163.0,90.0,370.4,14.0,3.0,29.0,169.0,77.0,-137.3,25.0
2023-02-17,libya,153.0,7.0,27.0,100.3,0.0,0.0,8.0,0.0,0.0,0.0,0.0
2023-02-17,scs,1475.0,186.0,218.0,1161.1,0.0,5.0,70.0,155.0,74.0,-14.9,10.0
2023-02-17,southasia,5983.0,953.0,898.0,1081.6,12.0,16.0,370.0,12.0,5.0,-6.9,3.0
2023-02-17,sudan,317.0,19.0,37.0,458.5,0.0,0.0,10.0,0.0,0.0,0.0,0.0
2023-02-17,taiwan,429.0,61.0,30.0,591.1,1.0,6.0,9.0,145.0,50.0,43.9,11.0
2023-02-17,ukraine,4651.0,524.0,712.0,2741.8,54.0,34.0,154.0,1318.0,646.0,-2015.4,92.0
2023-02-17,venezuela,187.0,14.0,31.0,272.8,0.0,0.0,16.0,36.0,7.0,60.9,3.0
2023-02-17,yemen,142.0,7.0,26.0,-46.4,1.0,0.0,6.0,29.0,3.0,36.1,0.0
2023-02-18,drc,24.0,6.0,2.0,9.5,0.0,0.0,1.0,12.0,6.0,-5.4,0.0
2023-02-18,europe_east,1003.0,48.0,55.0,2214.4,0.0,2.0,34.0,85.0,27.0,-22.1,13.0
2023-02-18,iran,676.0,131.0,108.0,-92.5,3.0,0.0,39.0,94.0,56.0,-207.1,6.0
2023-02-18,israel,1440.0,257.0,326.0,-1543.6,3.0,4.0,88.0,277.0,154.0,-844.8,17.0
2023-02-18,korea,758.0,153.0,224.0,-1760.6,11.0,6.0,10.0,283.0,193.0,-1503.1,21.0
2023-02-18,libya,91.0,1.0,21.0,102.7,0.0,0.0,9.0,0.0,0.0,0.0,0.0
2023-02-18,scs,1073.0,120.0,137.0,649.8,2.0,0.0,39.0,63.0,17.0,47.4,0.0
2023-02-18,southasia,5034.0,739.0,744.0,766.6,35.0,15.0,272.0,3.0,0.0,8.1,0.0
2023-02-18,sudan,127.0,15.0,20.0,138.9,0.0,1.0,12.0,1.0,0.0,5.2,0.0
2023-02-18,taiwan,483.0,42.0,14.0,1062.9,3.0,1.0,6.0,148.0,32.0,185.0,0.0
2023-02-18,ukraine,3454.0,404.0,557.0,1250.2,22.0,23.0,107.0,1159.0,592.0,-2414.7,70.0
2023-02-18,venezuela,127.0,7.0,16.0,260.3,0.0,0.0,12.0,7.0,2.0,3.4,0.0
2023-02-18,yemen,27.0,4.0,5.0,-18.2,1.0,0.0,3.0,13.0,0.0,28.5,0.0
2023-02-19,drc,9.0,0.0,0.0,19.0,0.0,0.0,0.0,7.0,0.0,12.8,0.0
2023-02-19,europe_east,826.0,64.0,68.0,1412.7,2.0,4.0,34.0,69.0,29.0,-4.5,9.0
2023-02-19,iran,841.0,163.0,147.0,-546.6,3.0,2.0,39.0,201.0,128.0,-525.2,0.0
2023-02-19,israel,2294.0,457.0,456.0,-2144.8,6.0,1.0,116.0,554.0,345.0,-1945.3,15.0
2023-02-19,korea,901.0,149.0,212.0,-651.8,11.0,5.0,16.0,339.0,193.0,-911.4,34.0
2023-02-19,libya,68.0,7.0,9.0,125.2,0.0,0.0,4.0,0.0,0.0,0.0,0.0
2023-02-19,scs,1021.0,99.0,127.0,923.6,3.0,4.0,35.0,65.0,25.0,3.8,0.0
2023-02-19,southasia,4565.0,686.0,634.0,1109.7,23.0,3.0,263.0,4.0,2.0,-10.0,2.0
2023-02-19,sudan,213.0,20.0,11.0,493.0,0.0,2.0,3.0,11.0,1.0,41.7,1.0
2023-02-19,taiwan,185.0,29.0,10.0,197.4,2.0,2.0,6.0,54.0,21.0,-38.1,4.0
2023-02-19,ukraine,2866.0,393.0,442.0,721.7,21.0,19.0,65.0,987.0,486.0,-1738.0,54.0
2023-02-19,venezuela,67.0,11.0,7.0,10.0,0.0,0.0,3.0,12.0,3.0,19.8,0.0
2023-02-19,yemen,57.0,2.0,10.0,128.8,1.0,5.0,2.0,17.0,4.0,-1.7,0.0
2023-02-20,drc,14.0,2.0,4.0,-27.9,0.0,0.0,1.0,13.0,12.0,-90.1,0.0
2023-02-20,europe_east,1791.0,93.0,110.0,3410.1,1.0,7.0,48.0,196.0,53.0,35.5,23.0
2023-02-20,iran,1221.0,244.0,159.0,753.0,7.0,3.0,74.0,194.0,105.0,-141.6,2.0
2023-02-20,israel,3071.0,648.0,503.0,-1559.0,8.0,3.0,168.0,505.0,297.0,-1350.4,34.0
2023-02-20,korea,1286.0,211.0,374.0,-1905.9,8.0,11.0,50.0,522.0,318.0,-1792.4,55.0
2023-02-20,libya,113.0,6.0,22.0,88.2,0.0,0.0,15.0,2.0,0.0,4.7,0.0
2023-02-20,scs,1400.0,135.0,131.0,2039.1,2.0,0.0,56.0,90.0,29.0,33.9,0.0
2023-02-20,southasia,6064.0,1034.0,842.0,1057.5,29.0,14.0,315.0,16.0,3.0,6.4,0.0
2023-02-20,sudan,364.0,54.0,51.0,269.6,0.0,2.0,27.0,13.0,1.0,52.5,1.0
2023-02-20,taiwan,405.0,25.0,25.0,841.1,1.0,1.0,8.0,128.0,17.0,169.5,2.0
2023-02-20,ukraine,6899.0,666.0,661.0,8444.6,37.0,45.0,142.0,1418.0,517.0,-1132.3,71.0
2023-02-20,venezuela,73.0,3.0,5.0,176.5,0.0,0.0,3.0,8.0,3.0,22.2,0.0
2023-02-20,yemen,135.0,18.0,20.0,87.8,0.0,0.0,3.0,5.0,4.0,-26.0,0.0
2023-02-21,drc,66.0,4.0,8.0,50.3,0.0,0.0,1.0,9.0,9.0,-37.0,1.0
2023-02-21,europe_east,2087.0,117.0,138.0,3913.5,3.0,0.0,77.0,216.0,65.0,-18.1,24.0
2023-02-21,iran,1253.0,207.0,265.0,345.7,6.0,5.0,160.0,130.0,48.0,-19.8,9.0
2023-02-21,israel,3167.0,559.0,464.0,15.7,10.0,3.0,168.0,411.0,215.0,-893.7,16.0
2023-02-21,korea,896.0,167.0,110.0,306.8,6.0,7.0,24.0,195.0,91.0,-337.6,6.0
2023-02-21,libya,149.0,13.0,26.0,167.7,0.0,1.0,9.0,0.0,0.0,0.0,0.0
2023-02-21,scs,1889.0,189.0,194.0,2472.6,0.0,4.0,65.0,99.0,21.0,187.8,1.0
2023-02-21,southasia,6214.0,998.0,923.0,1676.7,29.0,16.0,393.0,36.0,17.0,-64.5,9.0
2023-02-21,sudan,480.0,61.0,44.0,755.7,0.0,0.0,21.0,0.0,0.0,0.0,0.0
2023-02-21,taiwan,430.0,39.0,38.0,632.0,7.0,7.0,10.0,146.0,38.0,93.3,8.0
2023-02-21,ukraine,7031.0,681.0,769.0,7990.6,41.0,46.0,204.0,1695.0,636.0,-1149.7,103.0
2023-02-21,venezuela,104.0,10.0,17.0,99.6,0.0,0.0,10.0,11.0,2.0,46.1,0.0
2023-02-21,yemen,109.0,8.0,28.0,-28.1,0.0,0.0,4.0,20.0,3.0,36.3,0.0
2023-02-22,drc,41.0,1.0,5.0,52.6,0.0,0.0,1.0,4.0,4.0,-17.0,1.0
2023-02-22,europe_east,2278.0,137.0,133.0,4325.1,2.0,10.0,71.0,202.0,65.0,-86.8,15.0
2023-02-22,iran,1322.0,237.0,282.0,-650.4,6.0,5.0,176.0,189.0,66.0,-124.0,13.0
2023-02-22,israel,3144.0,556.0,743.0,-3442.8,13.0,4.0,158.0,621.0,434.0,-2993.4,46.0
2023-02-22,korea,851.0,143.0,116.0,425.2,1.0,1.0,26.0,165.0,86.0,-316.1,26.0
2023-02-22,libya,69.0,9.0,15.0,22.4,0.0,0.0,4.0,2.0,0.0,4.7,0.0
2023-02-22,scs,1947.0,191.0,177.0,3275.4,0.0,4.0,60.0,170.0,45.0,163.8,9.0
2023-02-22,southasia,5968.0,807.0,795.0,3097.8,6.0,14.0,334.0,34.0,11.0,-10.8,8.0
2023-02-22,sudan,288.0,55.0,16.0,431.9,0.0,0.0,8.0,0.0,0.0,0.0,0.0
2023-02-22,taiwan,412.0,28.0,38.0,661.3,2.0,1.0,15.0,96.0,24.0,35.8,8.0
2023-02-22,ukraine,6446.0,692.0,769.0,5750.4,42.0,33.0,174.0,1757.0,699.0,-1641.2,74.0
2023-02-22,venezuela,107.0,14.0,10.0,117.9,2.0,0.0,10.0,49.0,1.0,193.2,0.0
2023-02-22,yemen,105.0,8.0,4.0,254.9,2.0,0.0,0.0,64.0,12.0,127.1,0.0
2023-02-23,drc,41.0,4.0,4.0,13.6,0.0,0.0,1.0,4.0,0.0,9.4,0.0
2023-02-23,europe_east,2102.0,162.0,182.0,3696.2,4.0,9.0,137.0,198.0,90.0,-241.4,36.0
2023-02-23,iran,839.0,131.0,161.0,-185.3,0.0,0.0,84.0,134.0,56.0,-78.0,6.0
2023-02-23,israel,4054.0,633.0,1144.0,-6689.0,40.0,6.0,175.0,1078.0,786.0,-5942.5,63.0
2023-02-23,korea,688.0,98.0,73.0,719.5,1.0,4.0,22.0,85.0,52.0,-165.0,10.0
2023-02-23,libya,115.0,17.0,27.0,17.5,1.0,0.0,7.0,0.0,0.0,0.0,0.0
2023-02-23,scs,1840.0,169.0,179.0,2345.8,2.0,8.0,86.0,216.0,57.0,334.6,5.0
2023-02-23,southasia,6409.0,950.0,895.0,3272.0,11.0,12.0,440.0,24.0,8.0,-9.4,6.0
2023-02-23,sudan,222.0,15.0,17.0,225.3,0.0,0.0,9.0,0.0,0.0,0.0,0.0
2023-02-23,taiwan,360.0,29.0,41.0,497.9,4.0,9.0,13.0,82.0,35.0,-71.4,22.0
2023-02-23,ukraine,6568.0,780.0,812.0,5211.7,57.0,25.0,197.0,1832.0,798.0,-2227.7,116.0
2023-02-23,venezuela,113.0,35.0,6.0,94.2,0.0,0.0,4.0,20.0,3.0,32.2,0.0
2023-02-23,yemen,212.0,36.0,17.0,288.8,0.0,4.0,5.0,88.0,22.0,113.5,0.0
2023-02-24,drc,33.0,3.0,8.0,-34.9,0.0,0.0,0.0,6.0,6.0,-34.5,0.0
2023-02-24,europe_east,1872.0,151.0,138.0,3064.1,3.0,11.0,81.0,186.0,73.0,-109.1,14.0
2023-02-24,iran,973.0,148.0,160.0,34.2,10.0,0.0,73.0,72.0,30.0,-110.1,7.0
2023-02-24,israel,2337.0,359.0,494.0,-1841.9,21.0,1.0,74.0,510.0,326.0,-2292.4,23.0
2023-02-24,korea,838.0,112.0,184.0,-145.3,7.0,1.0,46.0,155.0,64.0,-212.7,13.0
2023-02-24,libya,39.0,6.0,4.0,65.2,0.0,0.0,0.0,0.0,0.0,0.0,0.0
2023-02-24,scs,1559.0,125.0,195.0,1755.4,0.0,1.0,74.0,74.0,3.0,262.2,1.0
2023-02-24,southasia,5540.0,760.0,807.0,2599.7,28.0,11.0,408.0,8.0,5.0,-4.2,3.0
2023-02-24,sudan,202.0,19.0,31.0,123.1,2.0,0.0,12.0,2.0,2.0,-13.0,0.0
2023-02-24,taiwan,443.0,37.0,43.0,918.7,2.0,10.0,10.0,119.0,33.0,114.4,13.0
2023-02-24,ukraine,9828.0,1141.0,975.0,11661.1,99.0,51.0,295.0,2718.0,1034.0,-1621.8,156.0
2023-02-24,venezuela,173.0,40.0,50.0,-194.2,0.0,0.0,27.0,20.0,6.0,26.3,0.0
2023-02-24,yemen,108.0,17.0,15.0,90.9,2.0,0.0,7.0,31.0,9.0,16.7,2.0
2023-02-25,drc,11.0,3.0,7.0,-73.1,0.0,0.0,0.0,6.0,6.0,-34.5,0.0
2023-02-25,europe_east,682.0,87.0,89.0,606.0,0.0,1.0,61.0,126.0,39.0,20.1,0.0
2023-02-25,iran,671.0,161.0,107.0,-659.7,32.0,0.0,36.0,118.0,48.0,-165.2,9.0
2023-02-25,israel,1325.0,204.0,237.0,-510.2,4.0,1.0,73.0,245.0,148.0,-891.3,14.0
2023-02-25,korea,413.0,62.0,71.0,-34.6,0.0,1.0,25.0,67.0,34.0,-49.6,2.0
2023-02-25,libya,103.0,9.0,3.0,87.8,0.0,0.0,1.0,0.0,0.0,0.0,0.0
2023-02-25,scs,1035.0,96.0,136.0,940.6,1.0,7.0,59.0,39.0,17.0,-67.9,0.0
2023-02-25,southasia,5230.0,770.0,704.0,2210.1,36.0,11.0,306.0,19.0,4.0,23.0,4.0
2023-02-25,sudan,78.0,13.0,15.0,-67.6,0.0,0.0,2.0,0.0,0.0,0.0,0.0
2023-02-25,taiwan,161.0,18.0,13.0,275.5,2.0,2.0,5.0,44.0,13.0,55.1,3.0
2023-02-25,ukraine,4889.0,604.0,487.0,4940.0,42.0,18.0,128.0,1469.0,578.0,-1150.3,76.0
2023-02-25,venezuela,49.0,15.0,3.0,52.1,0.0,0.0,3.0,2.0,0.0,4.7,0.0
2023-02-25,yemen,58.0,13.0,10.0,-38.5,0.0,0.0,1.0,20.0,9.0,-42.1,1.0
2023-02-26,drc,29.0,5.0,2.0,50.0,0.0,0.0,0.0,7.0,7.0,-18.0,0.0
2023-02-26,europe_east,395.0,49.0,46.0,490.2,1.0,0.0,30.0,56.0,21.0,-40.9,11.0
2023-02-26,iran,527.0,78.0,69.0,368.6,3.0,0.0,31.0,61.0,17.0,33.4,4.0
2023-02-26,israel,2550.0,401.0,555.0,-1972.3,5.0,14.0,114.0,641.0,346.0,-2006.6,21.0
2023-02-26,korea,274.0,28.0,31.0,332.8,0.0,0.0,11.0,15.0,8.0,-55.0,0.0
2023-02-26,libya,50.0,13.0,10.0,-53.5,0.0,0.0,3.0,0.0,0.0,0.0,0.0
2023-02-26,scs,775.0,77.0,103.0,718.1,0.0,0.0,36.0,43.0,11.0,132.8,3.0
2023-02-26,southasia,4297.0,668.0,793.0,-1115.6,14.0,25.0,351.0,13.0,5.0,-4.6,2.0
2023-02-26,sudan,147.0,3.0,12.0,242.8,0.0,1.0,2.0,3.0,0.0,1.0,0.0
2023-02-26,taiwan,123.0,16.0,20.0,31.8,4.0,3.0,3.0,24.0,8.0,-33.8,3.0
2023-02-26,ukraine,3100.0,412.0,374.0,2480.5,27.0,12.0,90.0,913.0,390.0,-889.8,62.0
2023-02-26,venezuela,78.0,13.0,8.0,72.7,0.0,0.0,6.0,13.0,11.0,-31.0,2.0
2023-02-26,yemen,80.0,8.0,11.0,84.6,0.0,0.0,0.0,9.0,6.0,-21.8,0.0
2023-02-27,drc,9.0,1.0,0.0,16.6,0.0,0.0,0.0,6.0,0.0,6.0,0.0
2023-02-27,europe_east,1050.0,129.0,92.0,1380.1,4.0,2.0,40.0,133.0,33.0,88.6,13.0
2023-02-27,iran,884.0,95.0,113.0,722.2,3.0,0.0,54.0,113.0,46.0,-100.5,2.0
2023-02-27,israel,3841.0,556.0,1224.0,-7324.8,8.0,26.0,235.0,998.0,617.0,-3823.1,66.0
2023-02-27,korea,468.0,69.0,45.0,476.4,1.0,0.0,20.0,38.0,16.0,-43.1,0.0
2023-02-27,libya,107.0,17.0,14.0,7.4,0.0,1.0,4.0,0.0,0.0,0.0,0.0
2023-02-27,scs,1464.0,140.0,187.0,1247.4,2.0,7.0,68.0,61.0,23.0,5.3,0.0
2023-02-27,southasia,6094.0,1099.0,1030.0,-1596.1,11.0,34.0,415.0,17.0,15.0,-112.6,5.0
2023-02-27,sudan,171.0,20.0,17.0,114.7,1.0,0.0,4.0,3.0,2.0,-15.0,0.0
2023-02-27,taiwan,343.0,39.0,32.0,295.5,0.0,11.0,6.0,75.0,22.0,-1.1,4.0
2023-02-27,ukraine,5030.0,664.0,714.0,2340.9,34.0,24.0,196.0,1438.0,614.0,-1940.2,100.0
2023-02-27,venezuela,178.0,43.0,30.0,-55.9,0.0,0.0,17.0,16.0,9.0,-5.5,2.0
2023-02-27,yemen,158.0,8.0,24.0,178.5,0.0,0.0,4.0,21.0,9.0,-31.6,1.0
2023-02-28,drc,8.0,0.0,0.0,13.1,0.0,0.0,0.0,12.0,6.0,-14.0,2.0
2023-02-28,europe_east,946.0,86.0,134.0,919.8,4.0,2.0,65.0,96.0,31.0,76.1,12.0
2023-02-28,iran,1205.0,201.0,177.0,70.3,8.0,11.0,60.0,178.0,55.0,-43.7,1.0
2023-02-28,israel,3626.0,531.0,919.0,-4373.7,12.0,16.0,203.0,746.0,433.0,-2423.9,63.0
2023-02-28,korea,750.0,118.0,57.0,952.5,1.0,1.0,28.0,79.0,37.0,-62.5,12.0
2023-02-28,libya,150.0,19.0,13.0,145.5,0.0,0.0,5.0,2.0,0.0,2.0,0.0
2023-02-28,scs,1867.0,153.0,157.0,2930.0,1.0,1.0,62.0,97.0,50.0,18.5,0.0
2023-02-28,southasia,5909.0,882.0,801.0,2580.6,8.0,5.0,397.0,8.0,4.0,-12.0,3.0
2023-02-28,sudan,193.0,23.0,30.0,54.5,0.0,3.0,3.0,0.0,0.0,0.0,0.0
2023-02-28,taiwan,484.0,55.0,60.0,313.0,4.0,5.0,31.0,171.0,55.0,-51.7,15.0
2023-02-28,ukraine,4946.0,629.0,698.0,2794.3,47.0,27.0,174.0,1629.0,817.0,-2939.4,121.0
2023-02-28,venezuela,127.0,14.0,7.0,171.7,0.0,1.0,1.0,14.0,4.0,-16.1,0.0
2023-02-28,yemen,140.0,12.0,15.0,219.8,0.0,0.0,3.0,14.0,2.0,54.6,1.0
2023-03-01,drc,59.0,12.0,8.0,-22.3,0.0,0.0,1.0,10.0,10.0,-34.4,2.0
2023-03-01,europe_east,1166.0,96.0,100.0,1869.0,2.0,0.0,42.0,151.0,54.0,-53.9,28.0
2023-03-01,iran,1416.0,263.0,181.0,845.0,6.0,2.0,107.0,179.0,60.0,43.6,4.0
2023-03-01,israel,2966.0,539.0,846.0,-5290.6,15.0,5.0,224.0,552.0,331.0,-1922.0,58.0
2023-03-01,korea,528.0,55.0,47.0,733.1,0.0,1.0,25.0,66.0,13.0,120.9,4.0
2023-03-01,libya,80.0,7.0,6.0,115.5,0.0,0.0,5.0,0.0,0.0,0.0,0.0
2023-03-01,scs,2009.0,154.0,122.0,3893.7,1.0,2.0,63.0,35.0,8.0,115.5,1.0
2023-03-01,southasia,6275.0,1055.0,825.0,1637.5,21.0,12.0,419.0,18.0,11.0,-64.6,2.0
2023-03-01,sudan,267.0,39.0,54.0,45.7,0.0,3.0,19.0,3.0,1.0,12.0,0.0
2023-03-01,taiwan,410.0,48.0,57.0,249.6,4.0,2.0,30.0,101.0,50.0,-192.4,23.0
2023-03-01,ukraine,4705.0,535.0,639.0,2629.9,32.0,29.0,123.0,1502.0,720.0,-2804.8,62.0
2023-03-01,venezuela,125.0,16.0,16.0,81.6,0.0,0.0,11.0,23.0,10.0,-5.4,0.0
2023-03-01,yemen,85.0,15.0,25.0,-209.3,0.0,0.0,1.0,9.0,2.0,14.4,0.0
2023-03-02,drc,36.0,7.0,1.0,60.0,0.0,0.0,0.0,8.0,6.0,-12.0,1.0
2023-03-02,europe_east,1050.0,90.0,77.0,1806.0,0.0,2.0,34.0,103.0,33.0,19.9,13.0
2023-03-02,iran,1245.0,255.0,202.0,-423.1,11.0,2.0,113.0,224.0,93.0,-168.7,14.0
2023-03-02,israel,3498.0,611.0,861.0,-4755.7,16.0,15.0,222.0,624.0,387.0,-2478.3,58.0
2023-03-02,korea,582.0,72.0,41.0,1039.6,0.0,0.0,19.0,66.0,28.0,-66.6,0.0
2023-03-02,libya,393.0,26.0,35.0,344.3,0.0,0.0,18.0,0.0,0.0,0.0,0.0
2023-03-02,scs,1780.0,194.0,153.0,2382.7,4.0,1.0,75.0,39.0,16.0,46.8,2.0
2023-03-02,southasia,7071.0,1034.0,774.0,5088.6,4.0,33.0,360.0,8.0,2.0,-4.0,0.0
2023-03-02,sudan,154.0,28.0,11.0,110.6,1.0,0.0,7.0,0.0,0.0,0.0,0.0
2023-03-02,taiwan,467.0,42.0,57.0,702.1,5.0,9.0,21.0,113.0,42.0,24.0,13.0
2023-03-02,ukraine,4602.0,602.0,699.0,957.3,25.0,18.0,138.0,1617.0,791.0,-3082.4,64.0
2023-03-02,venezuela,97.0,7.0,5.0,180.7,0.0,0.0,5.0,9.0,2.0,17.8,0.0
2023-03-02,yemen,71.0,4.0,28.0,-122.3,0.0,0.0,18.0,17.0,7.0,-44.4,0.0
2023-03-03,drc,41.0,11.0,2.0,41.7,0.0,0.0,0.0,30.0,26.0,-99.6,1.0
2023-03-03,europe_east,957.0,104.0,97.0,1046.6,0.0,4.0,59.0,74.0,36.0,-60.7,21.0
2023-03-03,iran,958.0,174.0,139.0,230.7,3.0,2.0,97.0,160.0,51.0,65.4,8.0
2023-03-03,israel,2697.0,466.0,618.0,-2919.6,15.0,11.0,161.0,476.0,284.0,-1903.0,15.0
2023-03-03,korea,647.0,111.0,69.0,499.5,3.0,0.0,24.0,95.0,42.0,-129.5,22.0
2023-03-03,libya,172.0,15.0,42.0,-62.2,1.0,5.0,10.0,7.0,5.0,-38.8,1.0
2023-03-03,scs,1514.0,143.0,166.0,1779.9,3.0,9.0,66.0,47.0,16.0,52.6,0.0
2023-03-03,southasia,6254.0,865.0,720.0,4644.9,13.0,8.0,375.0,5.0,3.0,1.3,0.0
2023-03-03,sudan,191.0,27.0,41.0,-57.7,0.0,2.0,17.0,0.0,0.0,0.0,0.0
2023-03-03,taiwan,358.0,39.0,38.0,472.8,0.0,5.0,11.0,117.0,30.0,111.9,7.0
2023-03-03,ukraine,4605.0,596.0,644.0,2826.3,22.0,18.0,231.0,1483.0,661.0,-1895.6,70.0
2023-03-03,venezuela,147.0,20.0,22.0,43.5,4.0,0.0,13.0,24.0,6.0,15.8,0.0
2023-03-03,yemen,47.0,5.0,6.0,14.0,0.0,0.0,1.0,22.0,3.0,45.9,0.0
2023-03-04,drc,56.0,14.0,0.0,66.7,0.0,0.0,0.0,27.0,21.0,-75.8,0.0
2023-03-04,europe_east,598.0,56.0,100.0,109.4,0.0,0.0,27.0,47.0,20.0,-27.2,6.0
2023-03-04,iran,758.0,93.0,70.0,659.3,5.0,2.0,44.0,54.0,27.0,-50.1,3.0
2023-03-04,israel,1707.0,323.0,379.0,-2003.5,7.0,1.0,94.0,253.0,156.0,-951.3,13.0
2023-03-04,korea,294.0,30.0,24.0,404.0,1.0,0.0,6.0,37.0,15.0,-17.9,5.0
2023-03-04,libya,29.0,3.0,0.0,88.2,0.0,0.0,0.0,1.0,0.0,7.4,0.0
2023-03-04,scs,1340.0,140.0,362.0,-1471.5,8.0,9.0,54.0,32.0,12.0,-23.5,1.0
2023-03-04,southasia,4856.0,768.0,669.0,2144.7,6.0,18.0,319.0,11.0,3.0,2.2,0.0
2023-03-04,sudan,77.0,13.0,4.0,132.5,0.0,1.0,2.0,0.0,0.0,0.0,0.0
2023-03-04,taiwan,172.0,20.0,16.0,242.7,2.0,0.0,13.0,38.0,25.0,-111.0,4.0
2023-03-04,ukraine,2798.0,325.0,411.0,1484.3,11.0,23.0,105.0,983.0,455.0,-1772.2,64.0
2023-03-04,venezuela,69.0,7.0,11.0,66.6,3.0,0.0,9.0,15.0,2.0,30.7,0.0
2023-03-04,yemen,47.0,5.0,13.0,-70.1,0.0,0.0,2.0,6.0,4.0,-34.0,0.0
2023-03-05,drc,38.0,6.0,4.0,29.9,0.0,0.0,2.0,17.0,10.0,-21.8,0.0
2023-03-05,europe_east,275.0,33.0,30.0,160.6,0.0,1.0,12.0,26.0,11.0,18.2,2.0
2023-03-05,iran,953.0,142.0,115.0,472.2,8.0,1.0,39.0,138.0,46.0,70.6,6.0
2023-03-05,israel,2181.0,460.0,447.0,-2068.6,10.0,6.0,153.0,375.0,208.0,-933.9,46.0
2023-03-05,korea,362.0,30.0,51.0,337.0,0.0,2.0,17.0,26.0,6.0,54.2,0.0
2023-03-05,libya,121.0,17.0,8.0,154.6,0.0,0.0,4.0,0.0,0.0,0.0,0.0
2023-03-05,scs,1135.0,115.0,305.0,-1100.4,1.0,4.0,64.0,22.0,5.0,-6.4,0.0
2023-03-05,southasia,4659.0,760.0,766.0,459.9,15.0,8.0,381.0,8.0,5.0,-19.0,0.0
2023-03-05,sudan,133.0,24.0,15.0,128.3,0.0,0.0,2.0,0.0,0.0,0.0,0.0
2023-03-05,taiwan,179.0,26.0,16.0,183.7,2.0,2.0,8.0,88.0,39.0,22.0,7.0
2023-03-05,ukraine,2219.0,275.0,361.0,676.3,6.0,10.0,61.0,877.0,442.0,-1567.5,60.0
2023-03-05,venezuela,100.0,14.0,10.0,68.3,1.0,0.0,6.0,17.0,2.0,39.2,0.0
2023-03-05,yemen,54.0,5.0,12.0,-80.9,0.0,0.0,0.0,24.0,4.0,17.1,0.0
2023-03-06,drc,38.0,9.0,2.0,18.0,0.0,0.0,0.0,35.0,15.0,-1.1,1.0
2023-03-06,europe_east,1155.0,130.0,89.0,1562.8,2.0,4.0,38.0,131.0,51.0,18.6,13.0
2023-03-06,iran,1312.0,220.0,213.0,-71.6,12.0,0.0,110.0,182.0,79.0,-175.4,10.0
2023-03-06,israel,2899.0,517.0,537.0,-1579.1,13.0,20.0,162.0,419.0,238.0,-1170.5,47.0
2023-03-06,korea,849.0,170.0,82.0,922.2,4.0,5.0,45.0,40.0,20.0,-23.5,11.0
2023-03-06,libya,53.0,7.0,8.0,57.7,0.0,0.0,0.0,3.0,3.0,-28.5,0.0
2023-03-06,scs,1717.0,179.0,287.0,690.4,1.0,2.0,84.0,68.0,18.0,55.9,0.0
2023-03-06,southasia,6151.0,914.0,871.0,1885.0,21.0,16.0,287.0,6.0,2.0,5.4,0.0
2023-03-06,sudan,289.0,48.0,47.0,146.1,0.0,8.0,14.0,0.0,0.0,0.0,0.0
2023-03-06,taiwan,579.0,70.0,55.0,880.1,2.0,7.0,18.0,203.0,65.0,-144.5,26.0
2023-03-06,ukraine,3645.0,495.0,743.0,-988.0,22.0,26.0,211.0,1398.0,725.0,-2893.1,79.0
2023-03-06,venezuela,88.0,5.0,17.0,19.4,0.0,0.0,7.0,10.0,0.0,27.4,0.0
2023-03-06,yemen,91.0,4.0,39.0,-273.6,0.0,0.0,0.0,32.0,7.0,-9.8,1.0
2023-03-07,drc,56.0,14.0,8.0,-10.2,0.0,0.0,0.0,13.0,13.0,-32.0,0.0
2023-03-07,europe_east,1175.0,124.0,79.0,1765.6,0.0,2.0,37.0,84.0,46.0,-210.0,9.0
2023-03-07,iran,1219.0,221.0,206.0,-180.8,8.0,0.0,108.0,157.0,49.0,-9.6,3.0
2023-03-07,israel,2953.0,556.0,701.0,-3670.1,17.0,10.0,157.0,680.0,437.0,-2817.8,46.0
2023-03-07,korea,1077.0,228.0,152.0,180.3,34.0,18.0,22.0,240.0,153.0,-658.3,55.0
2023-03-07,libya,51.0,1.0,4.0,141.1,0.0,0.0,2.0,0.0,0.0,0.0,0.0
2023-03-07,scs,1706.0,190.0,149.0,1881.3,12.0,8.0,48.0,68.0,31.0,-34.8,0.0
2023-03-07,southasia,5592.0,826.0,769.0,2701.1,13.0,19.0,369.0,8.0,7.0,-62.0,2.0
2023-03-07,sudan,387.0,49.0,43.0,350.3,0.0,4.0,14.0,6.0,0.0,44.6,0.0
2023-03-07,taiwan,570.0,67.0,47.0,700.6,0.0,10.0,13.0,205.0,84.0,-195.4,13.0
2023-03-07,ukraine,3988.0,577.0,677.0,480.4,22.0,29.0,182.0,1371.0,630.0,-1517.7,77.0
2023-03-07,venezuela,147.0,15.0,12.0,199.3,0.0,1.0,8.0,31.0,0.0,103.3,0.0
2023-03-07,yemen,91.0,11.0,27.0,-184.9,0.0,0.0,1.0,15.0,4.0,7.0,0.0
2023-03-08,drc,58.0,6.0,16.0,-59.9,0.0,0.0,0.0,17.0,8.0,6.2,0.0
2023-03-08,europe_east,1013.0,67.0,71.0,2072.1,0.0,2.0,34.0,62.0,36.0,-146.6,10.0
2023-03-08,iran,1241.0,212.0,261.0,-492.6,3.0,8.0,152.0,180.0,65.0,-25.7,2.0
2023-03-08,israel,3084.0,536.0,808.0,-4392.6,18.0,7.0,189.0,719.0,497.0,-3371.3,67.0
2023-03-08,korea,812.0,111.0,96.0,779.0,10.0,9.0,26.0,111.0,59.0,-132.8,15.0
2023-03-08,libya,92.0,5.0,12.0,126.7,0.0,0.0,9.0,0.0,0.0,0.0,0.0
2023-03-08,scs,1361.0,142.0,142.0,1578.4,1.0,4.0,49.0,64.0,18.0,76.3,0.0
2023-03-08,southasia,5540.0,771.0,787.0,2342.4,14.0,16.0,360.0,2.0,1.0,2.0,1.0
2023-03-08,sudan,297.0,18.0,25.0,551.5,0.0,0.0,7.0,4.0,2.0,6.8,0.0
2023-03-08,taiwan,441.0,69.0,33.0,418.6,3.0,4.0,7.0,188.0,74.0,-112.8,11.0
2023-03-08,ukraine,3655.0,452.0,567.0,1482.1,21.0,19.0,127.0,1214.0,529.0,-1249.9,50.0
2023-03-08,venezuela,160.0,17.0,6.0,327.7,0.0,0.0,6.0,29.0,7.0,20.5,1.0
2023-03-08,yemen,172.0,15.0,19.0,414.0,1.0,0.0,2.0,30.0,14.0,-26.3,3.0
2023-03-09,drc,27.0,3.0,3.0,44.7,0.0,0.0,0.0,6.0,2.0,14.7,0.0
2023-03-09,europe_east,1026.0,79.0,69.0,2153.6,3.0,0.0,28.0,97.0,53.0,-182.7,22.0
2023-03-09,iran,1316.0,249.0,172.0,393.9,1.0,10.0,98.0,229.0,63.0,54.7,8.0
2023-03-09,israel,4164.0,740.0,925.0,-4740.2,9.0,10.0,207.0,716.0,443.0,-2938.0,54.0
2023-03-09,korea,793.0,107.0,164.0,-205.5,8.0,8.0,9.0,167.0,113.0,-821.6,36.0
2023-03-09,libya,107.0,10.0,19.0,103.1,0.0,0.0,15.0,0.0,0.0,0.0,0.0
2023-03-09,scs,1894.0,176.0,167.0,2116.7,8.0,2.0,65.0,56.0,17.0,94.7,2.0
2023-03-09,southasia,5939.0,831.0,888.0,2340.5,16.0,10.0,412.0,32.0,17.0,-71.2,6.0
2023-03-09,sudan,172.0,25.0,30.0,80.5,0.0,1.0,21.0,2.0,2.0,-14.4,2.0
2023-03-09,taiwan,364.0,39.0,24.0,477.4,4.0,4.0,5.0,139.0,55.0,-80.3,13.0
2023-03-09,ukraine,4193.0,587.0,1036.0,-4336.2,25.0,29.0,145.0,1546.0,951.0,-5282.2,59.0
2023-03-09,venezuela,132.0,16.0,33.0,-60.3,0.0,0.0,29.0,3.0,0.0,6.0,0.0
2023-03-09,yemen,106.0,11.0,8.0,245.0,0.0,0.0,3.0,24.0,11.0,-15.0,0.0
2023-03-10,drc,51.0,5.0,7.0,1.6,0.0,0.0,0.0,16.0,4.0,23.1,2.0
2023-03-10,europe_east,1001.0,100.0,72.0,1812.5,2.0,6.0,34.0,171.0,73.0,-174.0,21.0
2023-03-10,iran,1974.0,273.0,225.0,2107.6,18.0,2.0,80.0,316.0,95.0,234.7,23.0
2023-03-10,israel,3173.0,527.0,760.0,-3791.8,22.0,6.0,172.0,604.0,382.0,-2499.0,59.0
2023-03-10,korea,736.0,118.0,133.0,-33.2,20.0,7.0,26.0,133.0,63.0,-198.9,27.0
2023-03-10,libya,55.0,6.0,8.0,58.9,0.0,0.0,4.0,0.0,0.0,0.0,0.0
2023-03-10,scs,1616.0,184.0,206.0,1445.6,0.0,9.0,82.0,110.0,44.0,11.3,7.0
2023-03-10,southasia,5892.0,855.0,751.0,3538.6,18.0,4.0,347.0,3.0,1.0,-0.3,0.0
2023-03-10,sudan,241.0,21.0,27.0,410.4,0.0,3.0,11.0,0.0,0.0,0.0,0.0
2023-03-10,taiwan,328.0,33.0,15.0,624.3,3.0,4.0,5.0,160.0,35.0,224.7,8.0
2023-03-10,ukraine,3527.0,423.0,684.0,6.9,23.0,16.0,156.0,1283.0,693.0,-3125.3,53.0
2023-03-10,venezuela,90.0,2.0,10.0,128.1,0.0,0.0,3.0,15.0,0.0,31.9,0.0
2023-03-10,yemen,211.0,20.0,26.0,346.8,1.0,0.0,6.0,42.0,5.0,103.1,0.0
2023-03-11,drc,44.0,3.0,3.0,39.9,0.0,0.0,0.0,5.0,2.0,-11.0,1.0
2023-03-11,europe_east,568.0,57.0,37.0,754.4,0.0,1.0,21.0,45.0,15.0,-8.1,2.0
2023-03-11,iran,1534.0,156.0,171.0,2175.2,3.0,1.0,76.0,252.0,73.0,195.4,1.0
2023-03-11,israel,1586.0,260.0,262.0,-300.4,4.0,1.0,92.0,244.0,120.0,-509.8,16.0
2023-03-11,korea,205.0,40.0,33.0,-13.5,1.0,1.0,6.0,16.0,11.0,-57.4,0.0
2023-03-11,libya,81.0,2.0,11.0,115.7,0.0,0.0,10.0,0.0,0.0,0.0,0.0
2023-03-11,scs,960.0,85.0,161.0,647.8,2.0,13.0,54.0,39.0,19.0,-32.8,4.0
2023-03-11,southasia,4749.0,766.0,688.0,715.4,18.0,15.0,301.0,18.0,6.0,-23.9,1.0
2023-03-11,sudan,136.0,14.0,12.0,157.9,1.0,4.0,2.0,2.0,1.0,-0.6,0.0
2023-03-11,taiwan,204.0,34.0,11.0,306.4,1.0,0.0,4.0,95.0,26.0,20.4,0.0
2023-03-11,ukraine,1878.0,281.0,411.0,-1259.7,9.0,5.0,67.0,795.0,437.0,-1915.9,26.0
2023-03-11,venezuela,146.0,13.0,7.0,230.7,0.0,0.0,2.0,8.0,2.0,-0.6,0.0
2023-03-11,yemen,259.0,21.0,24.0,468.3,7.0,0.0,10.0,57.0,9.0,97.1,0.0
2023-03-12,drc,52.0,3.0,1.0,68.7,0.0,0.0,0.0,2.0,0.0,14.0,0.0
2023-03-12,europe_east,244.0,14.0,51.0,155.8,0.0,5.0,30.0,25.0,13.0,-84.6,5.0
2023-03-12,iran,1524.0,265.0,279.0,185.0,11.0,2.0,162.0,356.0,149.0,-86.3,37.0
2023-03-12,israel,2422.0,385.0,589.0,-2917.8,13.0,3.0,99.0,571.0,404.0,-2891.6,27.0
2023-03-12,korea,349.0,42.0,88.0,-149.0,6.0,4.0,7.0,60.0,36.0,-215.7,17.0
2023-03-12,libya,85.0,2.0,6.0,127.5,0.0,0.0,2.0,0.0,0.0,0.0,0.0
2023-03-12,scs,955.0,93.0,141.0,719.2,4.0,16.0,53.0,61.0,30.0,-36.0,0.0
2023-03-12,southasia,3950.0,540.0,470.0,2326.8,3.0,3.0,175.0,4.0,2.0,-20.0,0.0
2023-03-12,sudan,261.0,12.0,19.0,496.5,0.0,0.0,7.0,0.0,0.0,0.0,0.0
2023-03-12,taiwan,187.0,21.0,10.0,285.2,0.0,2.0,0.0,63.0,15.0,99.1,2.0
2023-03-12,ukraine,1672.0,280.0,394.0,-1490.5,3.0,8.0,81.0,609.0,386.0,-2097.1,20.0
2023-03-12,venezuela,100.0,11.0,6.0,169.4,0.0,0.0,3.0,12.0,0.0,22.6,0.0
2023-03-12,yemen,165.0,17.0,23.0,90.5,0.0,0.0,5.0,38.0,3.0,54.0,0.0
2023-03-13,drc,49.0,4.0,9.0,17.8,0.0,0.0,0.0,5.0,3.0,-14.7,0.0
2023-03-13,europe_east,726.0,62.0,52.0,1236.6,0.0,2.0,24.0,31.0,16.0,-34.9,3.0
2023-03-13,iran,1867.0,222.0,231.0,2252.3,7.0,0.0,126.0,283.0,107.0,141.3,18.0
2023-03-13,israel,2792.0,503.0,521.0,-1575.3,9.0,2.0,156.0,443.0,260.0,-1345.9,37.0
2023-03-13,korea,980.0,114.0,235.0,-471.3,13.0,18.0,21.0,237.0,114.0,-566.2,54.0
2023-03-13,libya,157.0,20.0,15.0,95.6,0.0,0.0,4.0,4.0,4.0,-40.0,0.0
2023-03-13,scs,1658.0,197.0,271.0,649.3,1.0,14.0,103.0,100.0,50.0,-124.6,0.0
2023-03-13,southasia,5374.0,864.0,699.0,1948.5,16.0,13.0,281.0,19.0,10.0,-52.4,0.0
2023-03-13,sudan,345.0,15.0,6.0,934.8,0.0,0.0,4.0,2.0,1.0,6.0,0.0
2023-03-13,taiwan,343.0,59.0,18.0,419.3,2.0,2.0,2.0,120.0,45.0,-48.6,5.0
2023-03-13,ukraine,3310.0,434.0,618.0,-43.7,10.0,13.0,109.0,1295.0,643.0,-2781.6,70.0
2023-03-13,venezuela,144.0,11.0,24.0,84.7,0.0,1.0,15.0,38.0,15.0,-68.8,0.0
2023-03-13,yemen,129.0,16.0,8.0,204.9,0.0,0.0,4.0,30.0,0.0,63.4,0.0
2023-03-14,drc,37.0,6.0,1.0,78.1,1.0,0.0,0.0,10.0,7.0,-5.0,0.0
2023-03-14,europe_east,961.0,90.0,131.0,1198.5,0.0,7.0,74.0,47.0,15.0,56.1,1.0
2023-03-14,iran,1543.0,187.0,188.0,1867.7,1.0,1.0,114.0,183.0,63.0,59.9,5.0
2023-03-14,israel,2464.0,449.0,428.0,-730.8,4.0,5.0,156.0,407.0,197.0,-622.9,24.0
2023-03-14,korea,1181.0,115.0,301.0,-661.2,2.0,2.0,30.0,292.0,169.0,-887.6,44.0
2023-03-14,libya,83.0,5.0,6.0,177.2,0.0,0.0,1.0,0.0,0.0,0.0,0.0
2023-03-14,scs,1956.0,169.0,342.0,774.9,1.0,5.0,144.0,51.0,13.0,55.4,0.0
2023-03-14,southasia,6193.0,988.0,884.0,1964.0,31.0,20.0,406.0,32.0,4.0,58.0,0.0
2023-03-14,sudan,236.0,40.0,13.0,350.2,0.0,4.0,5.0,0.0,0.0,0.0,0.0
2023-03-14,taiwan,358.0,54.0,21.0,455.5,8.0,0.0,3.0,103.0,33.0,4.3,3.0
2023-03-14,ukraine,3586.0,458.0,659.0,89.5,23.0,17.0,154.0,1443.0,693.0,-2546.6,115.0
2023-03-14,venezuela,322.0,13.0,29.0,276.3,0.0,1.0,14.0,30.0,15.0,-73.7,0.0
2023-03-14,yemen,217.0,14.0,42.0,-29.7,0.0,0.0,9.0,80.0,12.0,83.0,5.0
2023-03-15,drc,22.0,4.0,0.0,46.9,0.0,0.0,0.0,8.0,0.0,22.1,0.0
2023-03-15,europe_east,1053.0,115.0,119.0,1366.7,0.0,2.0,64.0,89.0,41.0,-116.3,24.0
2023-03-15,iran,1451.0,164.0,200.0,2123.1,2.0,1.0,87.0,127.0,55.0,-74.9,2.0
2023-03-15,israel,2783.0,434.0,462.0,5.9,21.0,4.0,163.0,362.0,169.0,-481.5,22.0
2023-03-15,korea,1014.0,155.0,185.0,-3.4,5.0,9.0,35.0,144.0,64.0,-308.1,7.0
2023-03-15,libya,82.0,2.0,1.0,194.7,0.0,0.0,1.0,1.0,1.0,-4.0,0.0
2023-03-15,scs,1827.0,187.0,250.0,1781.5,1.0,6.0,107.0,68.0,22.0,42.9,4.0
2023-03-15,southasia,5910.0,929.0,858.0,1265.4,17.0,17.0,346.0,25.0,11.0,-47.2,5.0
2023-03-15,sudan,220.0,18.0,23.0,350.2,2.0,0.0,15.0,2.0,2.0,-18.0,0.0
2023-03-15,taiwan,718.0,104.0,62.0,830.9,2.0,7.0,37.0,199.0,68.0,72.2,9.0
2023-03-15,ukraine,3368.0,490.0,492.0,1159.4,20.0,13.0,114.0,1189.0,611.0,-2414.7,64.0
2023-03-15,venezuela,312.0,30.0,38.0,825.7,4.0,0.0,18.0,23.0,4.0,29.2,2.0
2023-03-15,yemen,261.0,17.0,45.0,-46.1,2.0,0.0,8.0,54.0,8.0,56.7,2.0
2023-03-16,drc,49.0,3.0,8.0,23.8,0.0,1.0,0.0,7.0,0.0,19.1,0.0
2023-03-16,europe_east,1216.0,142.0,107.0,1775.7,11.0,4.0,50.0,159.0,72.0,-318.7,26.0
2023-03-16,iran,1569.0,150.0,171.0,2979.1,3.0,0.0,102.0,167.0,50.0,-16.6,6.0
2023-03-16,israel,3173.0,573.0,637.0,-2445.5,30.0,1.0,179.0,500.0,296.0,-1828.4,31.0
2023-03-16,korea,1657.0,238.0,272.0,729.4,2.0,6.0,64.0,567.0,224.0,-577.2,26.0
2023-03-16,libya,212.0,13.0,12.0,131.3,0.0,0.0,4.0,0.0,0.0,0.0,0.0
2023-03-16,scs,1581.0,158.0,171.0,2056.8,3.0,2.0,82.0,116.0,19.0,169.3,2.0
2023-03-16,southasia,5826.0,963.0,828.0,1608.4,10.0,9.0,368.0,7.0,1.0,-8.0,0.0
2023-03-16,sudan,207.0,15.0,6.0,591.4,0.0,0.0,0.0,0.0,0.0,0.0,0.0
2023-03-16,taiwan,460.0,74.0,49.0,364.8,1.0,1.0,25.0,117.0,42.0,81.9,2.0
2023-03-16,ukraine,3236.0,435.0,422.0,2407.5,26.0,15.0,112.0,976.0,481.0,-1350.6,58.0
2023-03-16,venezuela,123.0,18.0,24.0,26.3,0.0,1.0,12.0,42.0,14.0,18.2,7.0
2023-03-16,yemen,239.0,23.0,39.0,108.9,1.0,1.0,9.0,75.0,26.0,-73.9,2.0
2023-03-17,drc,59.0,8.0,14.0,-26.6,0.0,0.0,10.0,9.0,9.0,-46.0,0.0
2023-03-17,europe_east,1520.0,147.0,102.0,3270.0,9.0,1.0,56.0,131.0,56.0,-160.2,16.0
2023-03-17,iran,1065.0,137.0,123.0,1629.8,6.0,6.0,63.0,98.0,32.0,123.9,3.0
2023-03-17,israel,2060.0,346.0,370.0,-967.9,14.0,0.0,84.0,365.0,201.0,-1226.8,13.0
2023-03-17,korea,1178.0,181.0,159.0,757.3,10.0,5.0,32.0,293.0,118.0,-270.1,36.0
2023-03-17,libya,152.0,19.0,11.0,63.8,0.0,0.0,4.0,0.0,0.0,0.0,0.0
2023-03-17,scs,1512.0,157.0,204.0,1563.5,7.0,9.0,92.0,69.0,30.0,-25.4,6.0
2023-03-17,southasia,5743.0,859.0,723.0,3464.5,16.0,19.0,401.0,26.0,9.0,14.1,3.0
2023-03-17,sudan,245.0,28.0,24.0,336.1,0.0,0.0,17.0,0.0,0.0,0.0,0.0
2023-03-17,taiwan,474.0,57.0,27.0,727.0,0.0,3.0,13.0,125.0,42.0,24.3,7.0
2023-03-17,ukraine,4125.0,650.0,621.0,1652.1,24.0,20.0,241.0,1260.0,599.0,-1726.6,96.0
2023-03-17,venezuela,141.0,7.0,5.0,376.0,0.0,0.0,3.0,20.0,2.0,57.8,0.0
2023-03-17,yemen,114.0,15.0,15.0,27.8,1.0,0.0,1.0,39.0,9.0,-30.6,1.0
2023-03-18,drc,24.0,0.0,6.0,-1.9,0.0,0.0,1.0,8.0,8.0,-44.0,0.0
2023-03-18,europe_east,604.0,50.0,14.0,1842.2,3.0,2.0,4.0,51.0,11.0,5.0,1.0
2023-03-18,iran,747.0,115.0,125.0,231.9,1.0,0.0,65.0,91.0,27.0,16.5,11.0
2023-03-18,israel,1613.0,250.0,402.0,-2114.1,6.0,2.0,121.0,323.0,186.0,-1246.7,31.0
2023-03-18,korea,614.0,63.0,95.0,364.8,4.0,6.0,19.0,245.0,79.0,62.4,29.0
2023-03-18,libya,95.0,12.0,5.0,103.5,0.0,0.0,0.0,0.0,0.0,0.0,0.0
2023-03-18,scs,1004.0,145.0,134.0,605.8,1.0,1.0,54.0,26.0,3.0,105.2,0.0
2023-03-18,southasia,5173.0,784.0,858.0,202.6,16.0,35.0,401.0,11.0,1.0,19.9,1.0
2023-03-18,sudan,146.0,30.0,31.0,-19.0,0.0,1.0,22.0,0.0,0.0,0.0,0.0
2023-03-18,taiwan,315.0,33.0,27.0,390.7,1.0,0.0,20.0,73.0,22.0,26.7,9.0
2023-03-18,ukraine,2795.0,474.0,485.0,-247.4,16.0,11.0,158.0,1079.0,501.0,-1526.2,65.0
2023-03-18,venezuela,129.0,16.0,18.0,147.8,0.0,0.0,9.0,25.0,0.0,129.4,0.0
2023-03-18,yemen,66.0,4.0,26.0,-123.9,0.0,3.0,6.0,33.0,13.0,-37.4,0.0
2023-03-19,drc,35.0,5.0,3.0,42.8,0.0,0.0,0.0,8.0,6.0,-15.2,0.0
2023-03-19,europe_east,446.0,34.0,57.0,620.7,1.0,4.0,17.0,34.0,15.0,-83.9,4.0
2023-03-19,iran,1144.0,103.0,141.0,1756.1,3.0,12.0,46.0,138.0,65.0,-127.4,9.0
2023-03-19,israel,2441.0,393.0,642.0,-3800.2,12.0,10.0,135.0,547.0,314.0,-1980.2,21.0
2023-03-19,korea,736.0,124.0,201.0,-1058.0,1.0,11.0,16.0,206.0,132.0,-800.5,29.0
2023-03-19,libya,38.0,6.0,2.0,69.4,0.0,0.0,0.0,0.0,0.0,0.0,0.0
2023-03-19,scs,853.0,112.0,101.0,733.3,1.0,5.0,42.0,40.0,4.0,98.5,0.0
2023-03-19,southasia,4809.0,745.0,964.0,-1977.5,20.0,51.0,439.0,12.0,12.0,-68.0,0.0
2023-03-19,sudan,194.0,14.0,14.0,380.7,0.0,0.0,10.0,1.0,0.0,0.0,0.0
2023-03-19,taiwan,277.0,34.0,12.0,557.5,0.0,0.0,6.0,117.0,21.0,117.9,4.0
2023-03-19,ukraine,2227.0,306.0,384.0,85.8,6.0,10.0,103.0,1096.0,387.0,-641.2,51.0
2023-03-19,venezuela,64.0,6.0,11.0,56.8,0.0,0.0,10.0,10.0,4.0,-11.9,0.0
2023-03-19,yemen,78.0,14.0,12.0,-19.1,0.0,0.0,3.0,28.0,19.0,-131.8,1.0
2023-03-20,drc,52.0,12.0,23.0,-202.5,0.0,2.0,1.0,13.0,6.0,4.5,1.0
2023-03-20,europe_east,889.0,73.0,54.0,2005.0,5.0,1.0,18.0,41.0,13.0,-14.5,2.0
2023-03-20,iran,1344.0,189.0,188.0,1606.3,7.0,13.0,91.0,114.0,46.0,-71.6,7.0
2023-03-20,israel,2866.0,450.0,622.0,-2539.6,16.0,8.0,141.0,526.0,288.0,-1542.2,32.0
2023-03-20,korea,1129.0,178.0,188.0,296.0,5.0,6.0,27.0,191.0,113.0,-584.2,35.0
2023-03-20,libya,84.0,12.0,5.0,125.5,0.0,0.0,0.0,0.0,0.0,0.0,0.0
2023-03-20,scs,1477.0,127.0,148.0,1812.0,1.0,2.0,61.0,55.0,8.0,88.5,0.0
2023-03-20,southasia,6474.0,1062.0,1172.0,-699.1,48.0,45.0,603.0,24.0,13.0,-53.5,2.0
2023-03-20,sudan,256.0,31.0,37.0,163.7,0.0,4.0,18.0,1.0,0.0,0.0,0.0
2023-03-20,taiwan,556.0,44.0,23.0,1242.1,2.0,2.0,14.0,374.0,33.0,918.6,11.0
2023-03-20,ukraine,3599.0,477.0,473.0,3075.2,10.0,17.0,191.0,1190.0,473.0,-429.8,80.0
2023-03-20,venezuela,154.0,16.0,28.0,48.8,0.0,0.0,11.0,14.0,8.0,-30.7,0.0
2023-03-20,yemen,178.0,8.0,23.0,242.0,0.0,0.0,7.0,42.0,6.0,52.6,3.0
2023-03-21,drc,26.0,1.0,7.0,-21.5,0.0,0.0,0.0,2.0,0.0,7.0,0.0
2023-03-21,europe_east,1078.0,77.0,60.0,2295.2,1.0,4.0,19.0,66.0,21.0,22.1,5.0
2023-03-21,iran,1095.0,144.0,151.0,1105.2,11.0,5.0,88.0,143.0,56.0,53.7,11.0
2023-03-21,israel,3046.0,516.0,619.0,-1490.8,28.0,7.0,180.0,613.0,291.0,-832.9,51.0
2023-03-21,korea,1010.0,168.0,85.0,1092.2,9.0,0.0,33.0,73.0,33.0,-147.6,10.0
2023-03-21,libya,82.0,13.0,13.0,1.7,0.0,1.0,4.0,0.0,0.0,0.0,0.0
2023-03-21,scs,1518.0,152.0,146.0,2076.0,1.0,2.0,76.0,79.0,20.0,77.5,0.0
2023-03-21,southasia,6207.0,1039.0,965.0,514.7,21.0,28.0,434.0,7.0,4.0,-8.4,4.0
2023-03-21,sudan,254.0,29.0,39.0,133.7,1.0,1.0,15.0,4.0,0.0,23.4,0.0
2023-03-21,taiwan,592.0,55.0,32.0,1081.2,5.0,0.0,16.0,178.0,44.0,232.8,11.0
2023-03-21,ukraine,4042.0,484.0,481.0,4177.7,13.0,7.0,133.0,1289.0,493.0,-371.6,47.0
2023-03-21,venezuela,158.0,29.0,22.0,31.0,0.0,0.0,14.0,8.0,3.0,16.0,2.0
2023-03-21,yemen,155.0,14.0,30.0,172.2,0.0,0.0,20.0,30.0,7.0,19.2,4.0
2023-03-22,drc,43.0,2.0,6.0,70.9,0.0,0.0,2.0,2.0,0.0,5.0,0.0
2023-03-22,europe_east,620.0,31.0,41.0,1210.3,1.0,3.0,15.0,52.0,8.0,83.0,1.0
2023-03-22,iran,622.0,100.0,108.0,150.2,1.0,3.0,59.0,95.0,45.0,-183.1,12.0
2023-03-22,israel,1689.0,271.0,316.0,-590.2,5.0,3.0,77.0,314.0,173.0,-890.3,19.0
2023-03-22,korea,514.0,57.0,85.0,347.9,8.0,1.0,8.0,77.0,32.0,-96.4,16.0
2023-03-22,libya,63.0,3.0,10.0,73.7,0.0,0.0,1.0,0.0,0.0,0.0,0.0
2023-03-22,scs,466.0,49.0,44.0,517.8,5.0,7.0,22.0,31.0,0.0,88.6,0.0
2023-03-22,southasia,2328.0,333.0,328.0,1091.1,2.0,12.0,125.0,2.0,2.0,-14.4,2.0
2023-03-22,sudan,88.0,11.0,8.0,109.2,0.0,1.0,4.0,0.0,0.0,0.0,0.0
2023-03-22,taiwan,355.0,35.0,28.0,522.9,4.0,0.0,10.0,146.0,34.0,175.8,7.0
2023-03-22,ukraine,2389.0,336.0,335.0,1404.1,14.0,14.0,69.0,822.0,345.0,-808.7,27.0
2023-03-22,venezuela,263.0,29.0,81.0,-337.5,1.0,0.0,21.0,14.0,2.0,-1.7,0.0
2023-03-22,yemen,100.0,10.0,24.0,-5.2,0.0,0.0,16.0,23.0,6.0,-3.4,0.0
2023-03-24,drc,82.0,5.0,13.0,109.0,0.0,1.0,10.0,38.0,19.0,-50.5,10.0
2023-03-24,europe_east,2331.0,201.0,130.0,4514.8,8.0,6.0,72.0,200.0,70.0,80.9,19.0
2023-03-24,iran,3504.0,563.0,735.0,-2116.6,48.0,12.0,143.0,763.0,306.0,-659.5,15.0
2023-03-24,israel,5085.0,1066.0,851.0,-2875.8,38.0,23.0,298.0,834.0,379.0,-1365.9,43.0
2023-03-24,korea,2120.0,328.0,444.0,-1084.4,19.0,5.0,120.0,455.0,186.0,-762.3,58.0
2023-03-24,libya,433.0,66.0,90.0,-85.0,3.0,5.0,25.0,0.0,0.0,0.0,0.0
2023-03-24,scs,3362.0,302.0,355.0,4206.4,11.0,7.0,179.0,297.0,84.0,214.6,3.0
2023-03-24,southasia,11878.0,2093.0,2205.0,-1825.6,85.0,24.0,1444.0,19.0,6.0,-3.7,1.0
2023-03-24,sudan,307.0,52.0,35.0,308.4,0.0,2.0,17.0,0.0,0.0,0.0,0.0
2023-03-24,taiwan,576.0,59.0,73.0,589.6,3.0,10.0,37.0,149.0,40.0,81.2,7.0
2023-03-24,ukraine,6089.0,830.0,1097.0,909.6,71.0,33.0,288.0,1913.0,986.0,-3918.3,146.0
2023-03-24,venezuela,368.0,34.0,69.0,29.9,2.0,0.0,43.0,55.0,17.0,47.2,6.0
2023-03-24,yemen,304.0,65.0,78.0,-354.7,6.0,0.0,23.0,67.0,31.0,-132.1,2.0
2023-03-25,drc,23.0,2.0,5.0,18.5,0.0,0.0,3.0,27.0,20.0,-32.9,2.0
2023-03-25,europe_east,957.0,110.0,102.0,1469.5,0.0,1.0,55.0,116.0,55.0,-95.7,20.0
2023-03-25,iran,1622.0,305.0,345.0,-1462.7,12.0,8.0,58.0,374.0,200.0,-795.9,12.0
2023-03-25,israel,2987.0,603.0,522.0,-2282.5,21.0,12.0,103.0,507.0,268.0,-1401.8,12.0
2023-03-25,korea,759.0,111.0,147.0,116.8,2.0,0.0,53.0,139.0,57.0,-30.6,13.0
2023-03-25,libya,184.0,13.0,74.0,-494.5,0.0,0.0,2.0,5.0,5.0,-44.0,0.0
2023-03-25,scs,2603.0,200.0,230.0,4085.8,3.0,5.0,99.0,148.0,38.0,253.7,1.0
2023-03-25,southasia,8538.0,1416.0,1476.0,338.6,32.0,19.0,894.0,21.0,5.0,27.5,0.0
2023-03-25,sudan,184.0,31.0,14.0,301.0,2.0,0.0,4.0,0.0,0.0,0.0,0.0
2023-03-25,taiwan,627.0,59.0,71.0,791.3,3.0,1.0,52.0,203.0,60.0,125.7,10.0
2023-03-25,ukraine,3616.0,497.0,662.0,236.7,12.0,26.0,163.0,1364.0,676.0,-2479.3,81.0
2023-03-25,venezuela,243.0,36.0,50.0,-121.1,0.0,0.0,37.0,78.0,25.0,7.7,11.0
2023-03-25,yemen,169.0,21.0,34.0,-45.4,4.0,0.0,4.0,30.0,5.0,38.5,0.0
2023-03-26,drc,6.0,0.0,5.0,-40.0,0.0,0.0,1.0,8.0,0.0,26.9,0.0
2023-03-26,europe_east,771.0,84.0,80.0,991.2,3.0,2.0,36.0,75.0,36.0,-142.5,0.0
2023-03-26,iran,1279.0,220.0,244.0,-275.9,11.0,2.0,70.0,219.0,99.0,-304.7,7.0
2023-03-26,israel,4046.0,911.0,690.0,-2279.3,24.0,9.0,196.0,537.0,337.0,-1873.1,41.0
2023-03-26,korea,764.0,76.0,123.0,524.7,0.0,1.0,50.0,84.0,27.0,12.3,4.0
2023-03-26,libya,107.0,11.0,19.0,55.1,0.0,0.0,4.0,12.0,8.0,-50.4,0.0
2023-03-26,scs,2179.0,125.0,172.0,4095.6,1.0,4.0,73.0,156.0,41.0,203.3,12.0
2023-03-26,southasia,7213.0,1416.0,1222.0,-1650.1,35.0,13.0,677.0,20.0,5.0,-1.9,0.0
2023-03-26,sudan,162.0,20.0,15.0,306.1,0.0,1.0,3.0,0.0,0.0,0.0,0.0
2023-03-26,taiwan,958.0,91.0,127.0,1539.5,0.0,5.0,103.0,413.0,164.0,246.1,12.0
2023-03-26,ukraine,3700.0,574.0,580.0,1004.9,23.0,50.0,127.0,1463.0,744.0,-2518.0,130.0
2023-03-26,venezuela,121.0,11.0,15.0,134.5,0.0,0.0,10.0,39.0,15.0,-22.6,1.0
2023-03-26,yemen,265.0,41.0,48.0,-41.9,1.0,0.0,11.0,31.0,6.0,59.9,0.0
2023-03-27,drc,76.0,7.0,30.0,-193.4,0.0,0.0,4.0,10.0,5.0,13.0,0.0
2023-03-27,europe_east,1630.0,213.0,147.0,2429.5,8.0,7.0,67.0,203.0,110.0,-313.5,15.0
2023-03-27,iran,1522.0,252.0,231.0,337.1,9.0,5.0,62.0,224.0,92.0,-119.9,8.0
2023-03-27,israel,6530.0,1760.0,757.0,-3284.7,74.0,3.0,296.0,555.0,266.0,-947.8,41.0
2023-03-27,korea,1642.0,203.0,433.0,-1144.2,3.0,20.0,35.0,378.0,234.0,-1267.9,54.0
2023-03-27,libya,275.0,32.0,45.0,162.1,0.0,0.0,7.0,5.0,1.0,12.7,0.0
2023-03-27,scs,3078.0,304.0,411.0,3434.3,6.0,0.0,227.0,187.0,47.0,166.8,10.0
2023-03-27,southasia,10234.0,2103.0,1638.0,-945.2,23.0,24.0,926.0,32.0,6.0,15.7,3.0
2023-03-27,sudan,224.0,25.0,39.0,229.8,0.0,3.0,18.0,3.0,0.0,4.7,0.0
2023-03-27,taiwan,1319.0,121.0,89.0,2387.1,2.0,5.0,55.0,645.0,162.0,728.4,12.0
2023-03-27,ukraine,6004.0,833.0,856.0,2074.9,43.0,46.0,216.0,1925.0,997.0,-4128.5,119.0
2023-03-27,venezuela,226.0,23.0,45.0,119.9,0.0,1.0,25.0,17.0,10.0,-17.8,2.0
2023-03-27,yemen,159.0,18.0,27.0,42.2,1.0,1.0,3.0,38.0,8.0,34.8,1.0
2023-03-28,drc,22.0,3.0,11.0,-71.9,0.0,0.0,5.0,13.0,0.0,47.1,0.0
2023-03-28,europe_east,1627.0,206.0,109.0,2528.6,14.0,0.0,61.0,152.0,100.0,-291.3,14.0
2023-03-28,iran,1406.0,233.0,209.0,744.2,19.0,3.0,75.0,228.0,97.0,-168.2,13.0
2023-03-28,israel,5498.0,1238.0,820.0,-2119.1,53.0,9.0,355.0,508.0,284.0,-1442.0,51.0
2023-03-28,korea,1880.0,261.0,348.0,155.8,13.0,11.0,62.0,349.0,154.0,-459.7,40.0
2023-03-28,libya,306.0,69.0,24.0,352.6,0.0,0.0,10.0,4.0,0.0,11.5,0.0
2023-03-28,scs,3862.0,297.0,405.0,5226.8,1.0,9.0,120.0,217.0,25.0,588.0,4.0
2023-03-28,southasia,9195.0,1727.0,1466.0,784.9,49.0,39.0,805.0,25.0,9.0,-21.7,1.0
2023-03-28,sudan,369.0,56.0,69.0,76.4,0.0,2.0,31.0,0.0,0.0,0.0,0.0
2023-03-28,taiwan,1039.0,128.0,98.0,1171.6,1.0,1.0,53.0,604.0,126.0,768.9,4.0
2023-03-28,ukraine,6314.0,717.0,964.0,3050.5,27.0,48.0,244.0,2117.0,988.0,-3362.8,135.0
2023-03-28,venezuela,298.0,36.0,62.0,53.6,0.0,0.0,21.0,65.0,21.0,19.6,11.0
2023-03-28,yemen,175.0,21.0,28.0,52.9,1.0,0.0,1.0,49.0,9.0,22.3,0.0
2023-03-29,drc,98.0,4.0,17.0,53.1,0.0,3.0,5.0,29.0,15.0,7.1,3.0
2023-03-29,europe_east,1815.0,189.0,147.0,3621.6,14.0,1.0,79.0,167.0,72.0,-78.8,20.0
2023-03-29,iran,1668.0,270.0,245.0,942.5,24.0,6.0,92.0,260.0,123.0,-280.3,12.0
2023-03-29,israel,5765.0,1136.0,786.0,-403.9,34.0,8.0,261.0,602.0,326.0,-1674.4,22.0
2023-03-29,korea,1600.0,220.0,272.0,580.4,8.0,10.0,56.0,195.0,91.0,-253.7,19.0
2023-03-29,libya,131.0,9.0,27.0,38.3,0.0,0.0,9.0,3.0,0.0,4.3,0.0
2023-03-29,scs,4582.0,334.0,467.0,7660.0,3.0,20.0,147.0,426.0,43.0,1335.0,7.0
2023-03-29,southasia,9719.0,1734.0,1380.0,3036.6,38.0,27.0,792.0,23.0,12.0,-88.6,4.0
2023-03-29,sudan,303.0,37.0,10.0,547.8,0.0,0.0,7.0,1.0,0.0,7.0,0.0
2023-03-29,taiwan,1669.0,223.0,81.0,2109.0,39.0,2.0,38.0,760.0,188.0,498.7,47.0
2023-03-29,ukraine,6108.0,760.0,858.0,3847.3,38.0,46.0,274.0,2015.0,935.0,-2983.5,148.0
2023-03-29,venezuela,459.0,70.0,104.0,-234.6,3.0,1.0,34.0,59.0,17.0,12.6,4.0
2023-03-29,yemen,206.0,19.0,28.0,97.2,0.0,0.0,8.0,65.0,5.0,137.7,0.0
2023-03-30,drc,121.0,16.0,32.0,-149.2,0.0,0.0,11.0,41.0,11.0,4.9,0.0
2023-03-30,europe_east,1920.0,220.0,124.0,4521.4,8.0,1.0,58.0,154.0,64.0,-125.6,23.0
2023-03-30,iran,1686.0,245.0,246.0,998.1,14.0,0.0,106.0,268.0,123.0,-196.9,15.0
2023-03-30,israel,4786.0,898.0,689.0,-101.6,31.0,6.0,246.0,509.0,283.0,-1425.5,47.0
2023-03-30,korea,1145.0,161.0,134.0,1265.8,8.0,3.0,49.0,159.0,50.0,14.9,16.0
2023-03-30,libya,134.0,10.0,23.0,145.5,0.0,0.0,2.0,3.0,0.0,4.3,0.0
2023-03-30,scs,3900.0,362.0,384.0,5587.5,10.0,14.0,147.0,391.0,64.0,1041.6,10.0
2023-03-30,southasia,9490.0,1544.0,1405.0,2586.6,15.0,63.0,619.0,16.0,7.0,-2.8,1.0
2023-03-30,sudan,477.0,67.0,53.0,433.7,0.0,4.0,22.0,0.0,0.0,0.0,0.0
2023-03-30,taiwan,1893.0,185.0,98.0,3109.8,12.0,5.0,52.0,776.0,228.0,355.3,33.0
2023-03-30,ukraine,5144.0,703.0,813.0,1932.0,37.0,36.0,301.0,1629.0,810.0,-2845.7,104.0
2023-03-30,venezuela,397.0,32.0,92.0,-59.9,0.0,0.0,37.0,71.0,36.0,-144.6,10.0
2023-03-30,yemen,146.0,11.0,21.0,196.4,1.0,0.0,10.0,32.0,3.0,60.0,0.0
2023-03-31,drc,42.0,11.0,7.0,-12.8,2.0,0.0,2.0,38.0,24.0,-14.0,4.0
2023-03-31,europe_east,2353.0,309.0,190.0,4222.3,19.0,5.0,83.0,187.0,98.0,-161.6,30.0
2023-03-31,iran,1487.0,286.0,236.0,-62.8,18.0,2.0,74.0,355.0,197.0,-828.3,16.0
2023-03-31,israel,3870.0,671.0,694.0,-1223.3,26.0,10.0,233.0,713.0,428.0,-2442.4,46.0
2023-03-31,korea,1311.0,166.0,173.0,1434.7,5.0,2.0,101.0,151.0,40.0,76.6,8.0
2023-03-31,libya,58.0,6.0,15.0,-23.2,0.0,0.0,2.0,2.0,1.0,-2.6,0.0
2023-03-31,scs,3529.0,266.0,303.0,6175.6,5.0,8.0,166.0,213.0,32.0,566.4,13.0
2023-03-31,southasia,9012.0,1252.0,1485.0,1665.3,32.0,50.0,608.0,15.0,9.0,-48.3,3.0
2023-03-31,sudan,383.0,39.0,56.0,271.8,0.0,8.0,20.0,0.0,0.0,0.0,0.0
2023-03-31,taiwan,1426.0,114.0,88.0,2312.7,5.0,3.0,36.0,504.0,132.0,152.1,33.0
2023-03-31,ukraine,4904.0,647.0,703.0,2538.1,44.0,36.0,232.0,1624.0,680.0,-1635.4,93.0
2023-03-31,venezuela,310.0,33.0,66.0,-41.3,0.0,0.0,45.0,53.0,12.0,20.5,12.0
2023-03-31,yemen,137.0,4.0,22.0,179.7,0.0,0.0,14.0,30.0,12.0,-43.1,0.0
2023-04-01,drc,25.0,6.0,7.0,-15.2,0.0,0.0,4.0,26.0,18.0,-35.0,0.0
2023-04-01,europe_east,982.0,127.0,159.0,528.4,13.0,5.0,84.0,111.0,43.0,-27.5,14.0
2023-04-01,iran,1090.0,212.0,220.0,-124.7,6.0,1.0,64.0,147.0,75.0,-149.4,7.0
2023-04-01,israel,2164.0,388.0,410.0,-1196.8,15.0,19.0,115.0,356.0,215.0,-1161.6,31.0
2023-04-01,korea,466.0,49.0,54.0,550.7,1.0,1.0,28.0,70.0,30.0,-46.1,3.0
2023-04-01,libya,100.0,20.0,25.0,-163.6,1.0,0.0,2.0,0.0,0.0,0.0,0.0
2023-04-01,scs,2370.0,122.0,204.0,4606.2,3.0,5.0,72.0,196.0,20.0,587.3,7.0
2023-04-01,southasia,8451.0,1260.0,1497.0,-381.6,31.0,50.0,568.0,26.0,12.0,-28.2,5.0
2023-04-01,sudan,327.0,42.0,39.0,247.5,0.0,0.0,6.0,0.0,0.0,0.0,0.0
2023-04-01,taiwan,719.0,62.0,44.0,1257.7,3.0,5.0,18.0,274.0,98.0,-18.7,23.0
2023-04-01,ukraine,2899.0,420.0,481.0,403.1,22.0,19.0,164.0,1174.0,534.0,-1709.5,49.0
2023-04-01,venezuela,198.0,25.0,51.0,-210.3,1.0,0.0,22.0,33.0,14.0,-89.6,2.0
2023-04-01,yemen,69.0,10.0,18.0,-41.7,0.0,0.0,3.0,13.0,3.0,0.8,0.0
2023-04-02,drc,14.0,1.0,1.0,31.9,0.0,0.0,0.0,18.0,16.0,-67.7,4.0
2023-04-02,europe_east,980.0,147.0,103.0,985.4,0.0,4.0,46.0,73.0,27.0,67.7,6.0
2023-04-02,iran,1026.0,186.0,223.0,-659.4,5.0,3.0,74.0,252.0,145.0,-515.2,8.0
2023-04-02,israel,3268.0,685.0,622.0,-2089.9,24.0,12.0,154.0,681.0,467.0,-2827.6,33.0
2023-04-02,korea,674.0,88.0,90.0,481.1,4.0,10.0,22.0,104.0,79.0,-337.9,15.0
2023-04-02,libya,75.0,18.0,15.0,-56.5,0.0,2.0,3.0,0.0,0.0,0.0,0.0
2023-04-02,scs,2582.0,158.0,169.0,5233.1,3.0,6.0,81.0,277.0,15.0,699.5,0.0
2023-04-02,southasia,6741.0,1092.0,1200.0,-1162.6,19.0,35.0,503.0,21.0,5.0,23.4,0.0
2023-04-02,sudan,333.0,36.0,35.0,455.3,1.0,6.0,19.0,0.0,0.0,0.0,0.0
2023-04-02,taiwan,630.0,59.0,35.0,1093.7,2.0,5.0,17.0,279.0,77.0,184.5,18.0
2023-04-02,ukraine,2525.0,434.0,519.0,-1443.3,26.0,9.0,120.0,1087.0,576.0,-2286.4,69.0
2023-04-02,venezuela,127.0,12.0,36.0,-123.8,0.0,0.0,22.0,25.0,6.0,-37.4,1.0
2023-04-02,yemen,130.0,21.0,31.0,-72.1,2.0,0.0,10.0,20.0,12.0,-79.2,1.0
2023-04-03,drc,99.0,6.0,8.0,215.8,0.0,0.0,2.0,19.0,10.0,-22.3,5.0
2023-04-03,europe_east,2423.0,166.0,202.0,4654.7,2.0,23.0,77.0,173.0,57.0,236.7,16.0
2023-04-03,iran,1391.0,209.0,223.0,463.7,7.0,1.0,77.0,269.0,158.0,-532.8,15.0
2023-04-03,israel,4360.0,714.0,942.0,-2937.6,9.0,13.0,273.0,816.0,587.0,-3887.8,47.0
2023-04-03,korea,1105.0,124.0,145.0,1289.7,10.0,3.0,45.0,92.0,45.0,-81.8,9.0
2023-04-03,libya,139.0,23.0,12.0,150.1,6.0,1.0,2.0,0.0,0.0,0.0,0.0
2023-04-03,scs,3214.0,242.0,343.0,4872.8,0.0,18.0,146.0,313.0,50.0,777.8,1.0
2023-04-03,southasia,8414.0,1390.0,1265.0,1536.5,22.0,50.0,650.0,38.0,12.0,-19.0,0.0
2023-04-03,sudan,349.0,36.0,48.0,368.8,0.0,5.0,18.0,2.0,1.0,-2.0,0.0
2023-04-03,taiwan,1083.0,127.0,52.0,1766.1,5.0,8.0,20.0,394.0,101.0,159.9,27.0
2023-04-03,ukraine,5560.0,799.0,1057.0,-69.6,21.0,30.0,371.0,2216.0,1222.0,-4373.6,178.0
2023-04-03,venezuela,323.0,41.0,47.0,328.7,0.0,0.0,26.0,38.0,11.0,10.7,0.0
2023-04-03,yemen,176.0,19.0,14.0,298.5,1.0,0.0,4.0,44.0,13.0,23.5,2.0
2023-04-04,drc,58.0,9.0,7.0,41.7,0.0,0.0,6.0,28.0,10.0,10.9,1.0
2023-04-04,europe_east,3293.0,384.0,323.0,5252.4,17.0,22.0,119.0,471.0,268.0,-435.6,77.0
2023-04-04,iran,1731.0,242.0,257.0,1459.7,7.0,7.0,90.0,253.0,129.0,-479.4,18.0
2023-04-04,israel,4400.0,704.0,963.0,-3156.5,14.0,6.0,273.0,823.0,579.0,-4003.4,55.0
2023-04-04,korea,1065.0,138.0,135.0,1002.6,6.0,2.0,50.0,101.0,42.0,-55.0,5.0
2023-04-04,libya,131.0,14.0,14.0,167.9,2.0,0.0,6.0,0.0,0.0,0.0,0.0
2023-04-04,scs,3282.0,301.0,292.0,5195.7,4.0,10.0,125.0,403.0,98.0,986.8,0.0
2023-04-04,southasia,8451.0,1340.0,1331.0,1183.8,22.0,47.0,524.0,19.0,11.0,-41.9,3.0
2023-04-04,sudan,475.0,47.0,47.0,789.7,0.0,2.0,23.0,8.0,0.0,57.6,0.0
2023-04-04,taiwan,1432.0,192.0,85.0,1789.4,1.0,7.0,21.0,604.0,207.0,-61.4,16.0
2023-04-04,ukraine,5159.0,691.0,839.0,1851.4,33.0,39.0,264.0,1664.0,880.0,-3259.1,124.0
2023-04-04,venezuela,227.0,20.0,28.0,347.1,1.0,0.0,13.0,40.0,4.0,139.5,0.0
2023-04-04,yemen,134.0,20.0,23.0,40.7,0.0,0.0,5.0,56.0,16.0,20.9,0.0
2023-04-05,drc,99.0,3.0,22.0,71.4,0.0,1.0,12.0,34.0,7.0,38.4,3.0
2023-04-05,europe_east,3501.0,281.0,284.0,6465.5,5.0,15.0,95.0,437.0,175.0,-75.9,39.0
2023-04-05,iran,1599.0,282.0,290.0,-385.1,19.0,4.0,105.0,287.0,149.0,-464.9,11.0
2023-04-05,israel,5771.0,1208.0,1605.0,-10007.3,38.0,23.0,334.0,1188.0,894.0,-6052.8,67.0
2023-04-05,korea,1366.0,166.0,176.0,928.1,9.0,17.0,54.0,134.0,64.0,-201.1,5.0
2023-04-05,libya,210.0,15.0,45.0,49.8,1.0,0.0,16.0,0.0,0.0,0.0,0.0
2023-04-05,scs,3942.0,274.0,278.0,8124.6,0.0,9.0,124.0,375.0,81.0,802.3,2.0
2023-04-05,southasia,8409.0,1401.0,1393.0,-230.6,18.0,77.0,613.0,7.0,4.0,-12.6,4.0
2023-04-05,sudan,374.0,35.0,49.0,551.0,0.0,11.0,19.0,1.0,0.0,0.0,0.0
2023-04-05,taiwan,2909.0,233.0,163.0,4885.0,10.0,16.0,51.0,995.0,277.0,260.5,50.0
2023-04-05,ukraine,5612.0,634.0,639.0,6474.3,28.0,34.0,211.0,1630.0,644.0,-791.9,94.0
2023-04-05,venezuela,263.0,30.0,39.0,121.0,0.0,0.0,13.0,48.0,21.0,16.7,10.0
2023-04-05,yemen,112.0,12.0,15.0,166.6,0.0,0.0,7.0,68.0,17.0,91.2,4.0
2023-04-06,drc,49.0,0.0,5.0,55.2,0.0,0.0,1.0,10.0,4.0,-9.7,2.0
2023-04-06,europe_east,1985.0,206.0,182.0,2684.8,9.0,9.0,57.0,264.0,108.0,-50.4,19.0
2023-04-06,iran,1858.0,258.0,276.0,1353.3,9.0,0.0,116.0,251.0,124.0,-374.5,4.0
2023-04-06,israel,6146.0,1256.0,1962.0,-14332.5,44.0,29.0,218.0,1608.0,1221.0,-8688.9,71.0
2023-04-06,korea,1552.0,256.0,176.0,1147.0,9.0,13.0,50.0,279.0,124.0,-131.0,11.0
2023-04-06,libya,98.0,10.0,15.0,145.1,1.0,0.0,8.0,0.0,0.0,0.0,0.0
2023-04-06,scs,2854.0,207.0,184.0,5429.8,0.0,5.0,76.0,288.0,45.0,677.1,3.0
2023-04-06,southasia,8638.0,1528.0,1154.0,3059.0,10.0,83.0,526.0,33.0,13.0,1.7,6.0
2023-04-06,sudan,436.0,44.0,60.0,456.2,0.0,3.0,27.0,0.0,0.0,0.0,0.0
2023-04-06,taiwan,3336.0,387.0,175.0,4404.0,5.0,5.0,68.0,1307.0,400.0,36.9,53.0
2023-04-06,ukraine,5128.0,657.0,723.0,3811.8,30.0,18.0,219.0,1611.0,729.0,-1634.8,106.0
2023-04-06,venezuela,235.0,40.0,16.0,176.0,2.0,0.0,9.0,43.0,16.0,-5.0,3.0
2023-04-06,yemen,213.0,21.0,28.0,196.8,3.0,5.0,7.0,63.0,8.0,102.8,0.0
2023-04-07,drc,58.0,3.0,23.0,-118.5,0.0,0.0,10.0,3.0,3.0,-21.5,0.0
2023-04-07,europe_east,1494.0,177.0,142.0,1691.5,5.0,13.0,42.0,147.0,47.0,0.0,12.0
2023-04-07,iran,1508.0,258.0,251.0,321.0,11.0,3.0,102.0,318.0,164.0,-631.8,20.0
2023-04-07,israel,7763.0,1586.0,2804.0,-23381.0,81.0,32.0,232.0,2523.0,1874.0,-13418.4,106.0
2023-04-07,korea,1509.0,210.0,199.0,1249.0,3.0,22.0,84.0,433.0,154.0,-118.2,46.0
2023-04-07,libya,65.0,5.0,12.0,53.2,1.0,0.0,1.0,1.0,0.0,7.0,0.0
2023-04-07,scs,2802.0,194.0,183.0,5715.4,1.0,2.0,114.0,56.0,15.0,106.8,7.0
2023-04-07,southasia,8013.0,1213.0,1092.0,4308.5,25.0,19.0,630.0,25.0,3.0,39.2,1.0
2023-04-07,sudan,407.0,70.0,61.0,190.0,0.0,1.0,36.0,2.0,2.0,-4.0,0.0
2023-04-07,taiwan,2245.0,230.0,183.0,2737.7,6.0,14.0,101.0,1070.0,274.0,285.6,35.0
2023-04-07,ukraine,4362.0,499.0,694.0,2293.2,33.0,24.0,179.0,1394.0,640.0,-1785.5,51.0
2023-04-07,venezuela,244.0,39.0,48.0,-133.5,0.0,0.0,15.0,42.0,15.0,-1.2,4.0
2023-04-07,yemen,285.0,18.0,19.0,639.9,2.0,0.0,11.0,144.0,11.0,453.3,0.0
2023-04-08,drc,44.0,3.0,23.0,-133.4,0.0,0.0,11.0,13.0,7.0,-0.6,0.0
2023-04-08,europe_east,762.0,114.0,105.0,409.0,4.0,2.0,42.0,73.0,35.0,-40.2,13.0
2023-04-08,iran,1193.0,177.0,213.0,22.9,7.0,10.0,79.0,220.0,117.0,-283.4,30.0
2023-04-08,israel,5021.0,964.0,1857.0,-15405.3,31.0,44.0,169.0,1521.0,1153.0,-8407.4,61.0
2023-04-08,korea,702.0,103.0,121.0,4.2,3.0,8.0,40.0,167.0,89.0,-306.9,32.0
2023-04-08,libya,75.0,13.0,16.0,-9.9,2.0,1.0,5.0,1.0,0.0,3.4,0.0
2023-04-08,scs,1668.0,97.0,146.0,2305.0,0.0,1.0,47.0,75.0,7.0,233.1,5.0
2023-04-08,southasia,7507.0,1162.0,1097.0,2648.4,13.0,16.0,562.0,9.0,3.0,3.4,2.0
2023-04-08,sudan,153.0,16.0,22.0,154.3,0.0,0.0,10.0,2.0,2.0,-20.0,0.0
2023-04-08,taiwan,2183.0,206.0,264.0,1826.6,12.0,11.0,60.0,1026.0,346.0,-342.3,82.0
2023-04-08,ukraine,3065.0,427.0,527.0,169.8,30.0,17.0,132.0,1187.0,575.0,-1878.1,73.0
2023-04-08,venezuela,178.0,17.0,26.0,117.7,0.0,0.0,18.0,48.0,16.0,5.7,0.0
2023-04-08,yemen,280.0,12.0,14.0,744.2,0.0,0.0,10.0,125.0,14.0,366.8,0.0
2023-04-09,drc,44.0,5.0,9.0,-12.3,0.0,0.0,5.0,19.0,5.0,23.8,1.0
2023-04-09,europe_east,660.0,43.0,69.0,1571.1,0.0,1.0,14.0,46.0,23.0,-94.1,6.0
2023-04-09,iran,1428.0,223.0,202.0,603.1,10.0,4.0,70.0,288.0,164.0,-574.9,30.0
2023-04-09,israel,5584.0,932.0,2008.0,-15244.5,23.0,35.0,254.0,1883.0,1391.0,-10141.8,112.0
2023-04-09,korea,621.0,69.0,75.0,483.6,3.0,0.0,17.0,104.0,43.0,-148.8,8.0
2023-04-09,libya,117.0,5.0,15.0,134.1,0.0,0.0,6.0,0.0,0.0,0.0,0.0
2023-04-09,scs,1880.0,116.0,126.0,3558.4,3.0,3.0,56.0,26.0,5.0,38.7,0.0
2023-04-09,southasia,6947.0,1006.0,981.0,3170.2,9.0,13.0,430.0,31.0,12.0,-50.8,1.0
2023-04-09,sudan,183.0,20.0,41.0,-86.4,0.0,0.0,15.0,2.0,0.0,6.8,0.0
2023-04-09,taiwan,1647.0,159.0,247.0,681.5,10.0,7.0,37.0,695.0,275.0,-603.3,86.0
2023-04-09,ukraine,2276.0,282.0,414.0,102.6,7.0,16.0,97.0,1076.0,532.0,-1858.8,64.0
2023-04-09,venezuela,188.0,28.0,11.0,310.4,2.0,1.0,8.0,43.0,10.0,49.0,0.0
2023-04-09,yemen,588.0,7.0,40.0,1624.4,0.0,1.0,15.0,257.0,27.0,644.1,4.0
2023-04-10,drc,12.0,0.0,2.0,3.8,0.0,0.0,0.0,0.0,0.0,0.0,0.0
2023-04-10,europe_east,1083.0,89.0,79.0,2030.7,2.0,3.0,23.0,83.0,27.0,13.9,4.0
2023-04-10,iran,1321.0,180.0,181.0,661.0,8.0,3.0,65.0,301.0,151.0,-543.7,32.0
2023-04-10,israel,5443.0,769.0,1956.0,-13678.8,31.0,47.0,237.0,1567.0,1142.0,-8832.5,67.0
2023-04-10,korea,1046.0,144.0,100.0,825.5,10.0,4.0,36.0,109.0,33.0,47.1,3.0
2023-04-10,libya,160.0,7.0,24.0,352.1,0.0,0.0,17.0,1.0,0.0,7.0,0.0
2023-04-10,scs,3226.0,182.0,259.0,5897.0,9.0,6.0,106.0,205.0,40.0,233.4,7.0
2023-04-10,southasia,9233.0,1496.0,1314.0,2551.0,16.0,33.0,589.0,34.0,8.0,25.8,7.0
2023-04-10,sudan,172.0,17.0,19.0,138.1,0.0,0.0,4.0,2.0,0.0,6.8,0.0
2023-04-10,taiwan,2533.0,268.0,395.0,796.6,23.0,13.0,39.0,1039.0,423.0,-1324.7,124.0
2023-04-10,ukraine,4254.0,479.0,813.0,-301.7,36.0,30.0,146.0,1832.0,902.0,-3050.0,97.0
2023-04-10,venezuela,212.0,22.0,19.0,344.5,0.0,0.0,10.0,37.0,7.0,49.6,6.0
2023-04-10,yemen,582.0,21.0,37.0,1307.0,1.0,0.0,10.0,318.0,27.0,761.5,3.0
2023-04-11,drc,46.0,4.0,9.0,47.2,2.0,2.0,6.0,12.0,6.0,24.2,1.0
2023-04-11,europe_east,1280.0,131.0,127.0,1683.1,1.0,4.0,46.0,49.0,10.0,23.2,2.0
2023-04-11,iran,1215.0,165.0,201.0,385.9,3.0,2.0,84.0,243.0,80.0,95.9,18.0
2023-04-11,israel,4682.0,719.0,1553.0,-10562.6,38.0,22.0,246.0,1169.0,824.0,-5986.5,75.0
2023-04-11,korea,1336.0,188.0,145.0,1043.3,22.0,2.0,77.0,164.0,68.0,-179.7,17.0
2023-04-11,libya,198.0,17.0,41.0,141.2,0.0,0.0,27.0,0.0,0.0,0.0,0.0
2023-04-11,scs,3678.0,314.0,397.0,4451.9,5.0,4.0,130.0,353.0,119.0,-77.4,33.0
2023-04-11,southasia,10101.0,1716.0,1280.0,4122.0,55.0,29.0,542.0,137.0,43.0,217.1,2.0
2023-04-11,sudan,318.0,37.0,58.0,12.0,1.0,5.0,16.0,0.0,0.0,0.0,0.0
2023-04-11,taiwan,1993.0,227.0,303.0,721.8,17.0,16.0,34.0,888.0,373.0,-1100.1,126.0
2023-04-11,ukraine,4551.0,551.0,672.0,2205.5,30.0,31.0,147.0,1485.0,721.0,-1737.6,89.0
2023-04-11,venezuela,176.0,7.0,29.0,74.8,0.0,2.0,11.0,35.0,7.0,11.6,3.0
2023-04-11,yemen,437.0,10.0,38.0,920.5,0.0,0.0,7.0,211.0,23.0,477.8,3.0
2023-04-12,drc,49.0,1.0,7.0,83.5,0.0,2.0,1.0,17.0,12.0,-52.3,0.0
2023-04-12,europe_east,1344.0,122.0,127.0,2005.7,1.0,5.0,45.0,102.0,30.0,61.1,2.0
2023-04-12,iran,1261.0,151.0,181.0,977.7,7.0,0.0,83.0,156.0,46.0,47.5,2.0
2023-04-12,israel,2934.0,407.0,874.0,-4745.2,13.0,5.0,199.0,554.0,353.0,-2231.2,37.0
2023-04-12,korea,1140.0,121.0,141.0,1041.2,3.0,5.0,50.0,78.0,35.0,-138.8,15.0
2023-04-12,libya,174.0,7.0,32.0,184.2,0.0,0.0,17.0,2.0,2.0,-20.0,0.0
2023-04-12,scs,3641.0,296.0,372.0,5421.9,2.0,8.0,137.0,352.0,110.0,184.9,13.0
2023-04-12,southasia,10087.0,1447.0,1250.0,6454.0,48.0,18.0,558.0,56.0,19.0,71.9,4.0
2023-04-12,sudan,277.0,22.0,72.0,-19.4,2.0,3.0,30.0,0.0,0.0,0.0,0.0
2023-04-12,taiwan,1814.0,211.0,223.0,908.9,7.0,14.0,42.0,837.0,351.0,-944.1,109.0
2023-04-12,ukraine,4956.0,550.0,716.0,2948.1,28.0,32.0,191.0,1491.0,679.0,-1998.0,103.0
2023-04-12,venezuela,276.0,25.0,50.0,32.5,0.0,0.0,22.0,29.0,2.0,67.3,0.0
2023-04-12,yemen,407.0,17.0,43.0,683.6,0.0,0.0,7.0,190.0,45.0,26.7,2.0
2023-04-13,drc,111.0,5.0,18.0,100.9,0.0,4.0,0.0,26.0,17.0,-55.6,4.0
2023-04-13,europe_east,1530.0,145.0,153.0,2526.4,6.0,2.0,48.0,135.0,43.0,-50.2,0.0
2023-04-13,iran,1611.0,203.0,190.0,1363.0,13.0,2.0,81.0,216.0,87.0,-278.9,18.0
2023-04-13,israel,3501.0,646.0,802.0,-3799.8,31.0,15.0,215.0,698.0,407.0,-2255.8,50.0
2023-04-13,korea,2116.0,316.0,445.0,-1305.7,4.0,21.0,64.0,633.0,371.0,-2169.0,47.0
2023-04-13,libya,226.0,22.0,46.0,201.6,0.0,0.0,30.0,1.0,1.0,-10.0,0.0
2023-04-13,scs,3340.0,251.0,296.0,5499.8,2.0,7.0,140.0,204.0,47.0,349.1,9.0
2023-04-13,southasia,10545.0,1551.0,1551.0,3101.6,55.0,20.0,686.0,58.0,24.0,-74.6,2.0
2023-04-13,sudan,594.0,83.0,129.0,-69.2,2.0,26.0,33.0,25.0,14.0,-45.6,4.0
2023-04-13,taiwan,1132.0,108.0,116.0,916.9,5.0,5.0,33.0,496.0,197.0,-421.4,97.0
2023-04-13,ukraine,5409.0,617.0,741.0,3420.9,18.0,26.0,268.0,1485.0,678.0,-2134.2,76.0
2023-04-13,venezuela,194.0,25.0,25.0,146.8,0.0,0.0,16.0,29.0,18.0,-54.0,13.0
2023-04-13,yemen,304.0,16.0,28.0,649.7,0.0,1.0,8.0,124.0,21.0,205.5,2.0
2023-04-14,drc,46.0,2.0,15.0,1.0,0.0,0.0,4.0,16.0,8.0,0.4,0.0
2023-04-14,europe_east,1379.0,161.0,177.0,1445.5,11.0,8.0,67.0,98.0,59.0,-224.6,17.0
2023-04-14,iran,1617.0,189.0,201.0,1267.6,7.0,1.0,100.0,252.0,110.0,-303.7,9.0
2023-04-14,israel,3304.0,556.0,790.0,-3342.7,32.0,11.0,196.0,711.0,407.0,-2309.0,29.0
2023-04-14,korea,1417.0,205.0,216.0,297.3,13.0,22.0,54.0,316.0,174.0,-700.9,32.0
2023-04-14,libya,155.0,30.0,38.0,-127.8,11.0,0.0,22.0,4.0,2.0,-6.0,2.0
2023-04-14,scs,2918.0,231.0,235.0,4337.4,1.0,5.0,94.0,157.0,27.0,361.8,5.0
2023-04-14,southasia,9553.0,1357.0,1305.0,4514.5,22.0,25.0,524.0,63.0,16.0,27.1,1.0
2023-04-14,sudan,621.0,88.0,72.0,502.5,1.0,21.0,19.0,21.0,13.0,-62.8,5.0
2023-04-14,taiwan,1092.0,125.0,111.0,942.6,8.0,2.0,39.0,423.0,147.0,-315.2,50.0
2023-04-14,ukraine,5456.0,642.0,844.0,2555.8,30.0,29.0,317.0,1293.0,632.0,-2053.6,104.0
2023-04-14,venezuela,182.0,29.0,22.0,178.3,0.0,0.0,19.0,32.0,11.0,32.4,3.0
2023-04-14,yemen,535.0,25.0,43.0,1379.2,0.0,0.0,20.0,158.0,29.0,251.8,0.0
2023-04-15,drc,72.0,13.0,14.0,-14.6,0.0,0.0,10.0,11.0,0.0,37.7,0.0
2023-04-15,europe_east,632.0,62.0,74.0,986.9,1.0,1.0,34.0,49.0,12.0,103.5,9.0
2023-04-15,iran,934.0,137.0,134.0,565.9,4.0,0.0,58.0,131.0,33.0,112.6,2.0
2023-04-15,israel,2283.0,432.0,484.0,-2004.9,20.0,12.0,107.0,451.0,271.0,-1588.4,24.0
2023-04-15,korea,653.0,89.0,64.0,786.4,0.0,6.0,13.0,95.0,57.0,-154.8,11.0
2023-04-15,libya,71.0,8.0,8.0,86.8,0.0,0.0,0.0,0.0,0.0,0.0,0.0
2023-04-15,scs,2493.0,140.0,153.0,4606.2,1.0,1.0,70.0,142.0,33.0,169.4,1.0
2023-04-15,southasia,6653.0,993.0,1114.0,-31.6,37.0,18.0,486.0,14.0,6.0,-39.9,0.0
2023-04-15,sudan,2322.0,304.0,665.0,-3218.8,17.0,47.0,92.0,84.0,53.0,-329.5,6.0
2023-04-15,taiwan,701.0,89.0,80.0,443.2,2.0,3.0,33.0,228.0,90.0,-61.6,20.0
2023-04-15,ukraine,2569.0,307.0,428.0,714.8,18.0,14.0,131.0,743.0,391.0,-1685.5,50.0
2023-04-15,venezuela,138.0,21.0,39.0,-175.8,2.0,0.0,16.0,29.0,7.0,7.8,2.0
2023-04-15,yemen,349.0,25.0,45.0,590.0,1.0,0.0,17.0,131.0,30.0,151.7,2.0
2023-04-16,drc,27.0,3.0,1.0,55.0,0.0,0.0,0.0,0.0,0.0,0.0,0.0
2023-04-16,europe_east,817.0,136.0,126.0,295.9,1.0,1.0,96.0,38.0,9.0,102.6,8.0
2023-04-16,iran,909.0,104.0,168.0,168.9,0.0,0.0,63.0,204.0,73.0,-243.7,0.0
2023-04-16,israel,2676.0,393.0,628.0,-2422.3,10.0,9.0,120.0,537.0,293.0,-1699.7,46.0
2023-04-16,korea,820.0,141.0,119.0,129.5,29.0,8.0,33.0,178.0,105.0,-457.1,36.0
2023-04-16,libya,44.0,4.0,20.0,-135.4,0.0,0.0,3.0,0.0,0.0,0.0,0.0
2023-04-16,scs,2123.0,125.0,167.0,3579.7,0.0,1.0,70.0,151.0,47.0,144.5,2.0
2023-04-16,southasia,6805.0,1019.0,1394.0,-3400.5,10.0,42.0,554.0,7.0,2.0,-9.0,0.0
2023-04-16,sudan,3580.0,432.0,995.0,-4658.7,7.0,20.0,129.0,83.0,40.0,-207.7,2.0
2023-04-16,taiwan,686.0,78.0,78.0,337.8,11.0,2.0,9.0,219.0,79.0,-200.2,27.0
2023-04-16,ukraine,2824.0,314.0,480.0,811.7,17.0,8.0,118.0,845.0,419.0,-1783.9,31.0
2023-04-16,venezuela,109.0,9.0,13.0,186.4,0.0,2.0,8.0,5.0,2.0,-7.9,0.0
2023-04-16,yemen,360.0,13.0,45.0,788.0,0.0,3.0,25.0,105.0,8.0,274.7,2.0
2023-04-17,drc,40.0,5.0,6.0,28.5,0.0,2.0,0.0,10.0,4.0,12.4,0.0
2023-04-17,europe_east,1666.0,225.0,252.0,1238.0,1.0,6.0,172.0,152.0,69.0,-29.0,12.0
2023-04-17,iran,1465.0,174.0,245.0,727.4,5.0,0.0,94.0,330.0,94.0,185.3,9.0
2023-04-17,israel,3464.0,471.0,660.0,-838.9,5.0,13.0,170.0,673.0,279.0,-740.9,31.0
2023-04-17,korea,1160.0,164.0,131.0,1204.1,9.0,5.0,57.0,163.0,92.0,-311.9,22.0
2023-04-17,libya,73.0,5.0,28.0,-188.8,1.0,0.0,3.0,1.0,0.0,4.0,0.0
2023-04-17,scs,2976.0,239.0,297.0,4389.0,5.0,12.0,103.0,166.0,57.0,10.8,2.0
2023-04-17,southasia,9633.0,1500.0,1371.0,2726.9,26.0,27.0,538.0,19.0,6.0,-0.3,0.0
2023-04-17,sudan,3691.0,411.0,1010.0,-3934.6,16.0,33.0,162.0,142.0,63.0,-246.8,2.0
2023-04-17,taiwan,1247.0,150.0,132.0,1054.9,8.0,15.0,27.0,405.0,161.0,-516.0,41.0
2023-04-17,ukraine,4103.0,638.0,697.0,1101.5,16.0,13.0,323.0,1228.0,566.0,-1522.5,76.0
2023-04-17,venezuela,237.0,15.0,18.0,435.4,1.0,0.0,11.0,49.0,2.0,132.0,0.0
2023-04-17,yemen,421.0,9.0,42.0,1031.4,0.0,5.0,14.0,92.0,6.0,327.0,0.0
2023-04-18,drc,70.0,5.0,21.0,-60.6,0.0,0.0,10.0,0.0,0.0,0.0,0.0
2023-04-18,europe_east,1854.0,178.0,193.0,2880.6,6.0,3.0,113.0,162.0,21.0,424.3,8.0
2023-04-18,iran,1294.0,195.0,180.0,759.9,15.0,0.0,86.0,391.0,136.0,-167.5,13.0
2023-04-18,israel,3864.0,472.0,880.0,-2580.2,14.0,5.0,223.0,728.0,370.0,-1786.9,41.0
2023-04-18,korea,1331.0,271.0,136.0,872.3,10.0,5.0,51.0,117.0,41.0,-43.6,14.0
2023-04-18,libya,202.0,19.0,32.0,142.5,0.0,0.0,12.0,3.0,0.0,10.8,0.0
2023-04-18,scs,3883.0,277.0,309.0,6464.6,3.0,6.0,163.0,193.0,30.0,319.5,4.0
2023-04-18,southasia,9238.0,1360.0,1295.0,3838.3,37.0,10.0,501.0,24.0,10.0,-20.9,3.0
2023-04-18,sudan,3639.0,415.0,891.0,-2542.0,11.0,32.0,122.0,157.0,46.0,84.6,2.0
2023-04-18,taiwan,894.0,104.0,103.0,937.8,1.0,6.0,33.0,329.0,117.0,10.1,17.0
2023-04-18,ukraine,5248.0,626.0,669.0,4776.8,20.0,29.0,248.0,1762.0,595.0,-55.3,95.0
2023-04-18,venezuela,231.0,26.0,21.0,246.0,0.0,0.0,16.0,36.0,1.0,96.3,0.0
2023-04-18,yemen,306.0,10.0,27.0,802.1,2.0,2.0,9.0,85.0,2.0,380.9,2.0
2023-04-19,drc,43.0,2.0,5.0,64.2,1.0,0.0,0.0,14.0,8.0,-8.0,0.0
2023-04-19,europe_east,2432.0,208.0,263.0,3296.8,3.0,4.0,139.0,144.0,64.0,-140.2,7.0
2023-04-19,iran,1289.0,202.0,212.0,598.3,6.0,3.0,97.0,315.0,108.0,-86.2,10.0
2023-04-19,israel,4144.0,552.0,742.0,-558.8,20.0,3.0,225.0,758.0,405.0,-1907.0,57.0
2023-04-19,korea,1197.0,168.0,140.0,948.0,8.0,1.0,51.0,149.0,74.0,-243.7,12.0
2023-04-19,libya,196.0,15.0,37.0,124.7,0.0,0.0,11.0,5.0,0.0,36.6,0.0
2023-04-19,scs,4289.0,296.0,338.0,7192.6,9.0,5.0,167.0,326.0,46.0,547.7,6.0
2023-04-19,southasia,8360.0,1162.0,1066.0,6229.4,23.0,12.0,500.0,65.0,6.0,127.4,4.0
2023-04-19,sudan,2950.0,379.0,767.0,-2632.8,9.0,26.0,160.0,109.0,51.0,-106.2,0.0
2023-04-19,taiwan,960.0,117.0,102.0,868.2,2.0,11.0,29.0,307.0,102.0,-50.2,25.0
2023-04-19,ukraine,5284.0,657.0,756.0,3033.8,23.0,18.0,258.0,1550.0,590.0,-1132.5,73.0
2023-04-19,venezuela,368.0,30.0,42.0,423.0,0.0,0.0,26.0,86.0,17.0,102.6,12.0
2023-04-19,yemen,241.0,11.0,41.0,216.4,0.0,1.0,8.0,88.0,15.0,155.1,1.0
2023-04-20,drc,18.0,1.0,6.0,-27.2,0.0,0.0,0.0,4.0,4.0,-16.0,0.0
2023-04-20,europe_east,1728.0,151.0,160.0,3298.8,0.0,3.0,76.0,135.0,57.0,-35.3,7.0
2023-04-20,iran,1133.0,154.0,161.0,803.8,2.0,4.0,76.0,276.0,81.0,61.2,9.0
2023-04-20,israel,3812.0,513.0,629.0,984.9,11.0,9.0,213.0,598.0,258.0,-800.2,34.0
2023-04-20,korea,1177.0,149.0,109.0,1613.0,8.0,0.0,39.0,85.0,34.0,-51.4,2.0
2023-04-20,libya,134.0,14.0,35.0,-24.7,1.0,0.0,17.0,3.0,2.0,-5.0,0.0
2023-04-20,scs,3230.0,310.0,329.0,3973.6,7.0,5.0,166.0,295.0,155.0,-279.9,102.0
2023-04-20,southasia,9939.0,1261.0,1125.0,10232.3,18.0,14.0,485.0,133.0,9.0,267.1,3.0
2023-04-20,sudan,2853.0,298.0,633.0,193.3,8.0,16.0,200.0,76.0,40.0,-148.2,4.0
2023-04-20,taiwan,760.0,111.0,57.0,804.4,3.0,0.0,21.0,241.0,75.0,68.9,17.0
2023-04-20,ukraine,5090.0,501.0,734.0,4134.8,34.0,20.0,258.0,1142.0,447.0,-1044.9,91.0
2023-04-20,venezuela,339.0,43.0,52.0,280.9,0.0,1.0,28.0,61.0,8.0,89.6,2.0
2023-04-20,yemen,552.0,51.0,102.0,221.8,1.0,4.0,30.0,119.0,19.0,191.0,0.0
2023-04-21,drc,20.0,4.0,10.0,-75.5,0.0,0.0,2.0,2.0,2.0,-8.0,0.0
2023-04-21,europe_east,1660.0,125.0,218.0,2131.8,4.0,5.0,126.0,139.0,56.0,17.3,14.0
2023-04-21,iran,916.0,111.0,132.0,560.8,6.0,0.0,58.0,139.0,40.0,53.2,8.0
2023-04-21,israel,2721.0,359.0,412.0,743.3,12.0,1.0,157.0,284.0,135.0,-490.0,18.0
2023-04-21,korea,1145.0,181.0,130.0,1143.8,7.0,1.0,65.0,105.0,48.0,-18.8,1.0
2023-04-21,libya,170.0,19.0,42.0,-20.4,5.0,12.0,9.0,0.0,0.0,0.0,0.0
2023-04-21,scs,3557.0,247.0,255.0,6855.5,3.0,6.0,105.0,264.0,70.0,265.9,44.0
2023-04-21,southasia,9333.0,1332.0,1237.0,4465.3,22.0,14.0,459.0,88.0,23.0,75.5,5.0
2023-04-21,sudan,3690.0,312.0,815.0,-218.3,17.0,51.0,223.0,119.0,51.0,-233.1,0.0
2023-04-21,taiwan,755.0,91.0,71.0,800.0,1.0,3.0,26.0,257.0,122.0,-296.6,17.0
2023-04-21,ukraine,4929.0,573.0,657.0,4439.6,29.0,17.0,216.0,1360.0,633.0,-1765.0,68.0
2023-04-21,venezuela,319.0,39.0,49.0,312.9,0.0,0.0,24.0,66.0,16.0,53.4,1.0
2023-04-21,yemen,238.0,22.0,48.0,35.2,1.0,0.0,9.0,53.0,6.0,125.7,0.0
2023-04-22,drc,17.0,3.0,4.0,-16.9,0.0,0.0,1.0,9.0,9.0,-62.7,1.0
2023-04-22,europe_east,591.0,44.0,65.0,987.0,2.0,1.0,26.0,53.0,13.0,42.1,2.0
2023-04-22,iran,683.0,94.0,92.0,449.1,0.0,2.0,49.0,83.0,28.0,58.8,0.0
2023-04-22,israel,1611.0,265.0,261.0,-449.9,10.0,1.0,88.0,262.0,112.0,-360.8,11.0
2023-04-22,korea,627.0,89.0,120.0,190.0,0.0,11.0,54.0,119.0,59.0,-211.0,14.0
2023-04-22,libya,115.0,20.0,13.0,65.1,3.0,0.0,1.0,0.0,0.0,0.0,0.0
2023-04-22,scs,2598.0,173.0,156.0,5240.1,3.0,0.0,65.0,437.0,97.0,788.2,5.0
2023-04-22,southasia,6835.0,1048.0,919.0,2605.3,44.0,13.0,390.0,30.0,10.0,3.5,4.0
2023-04-22,sudan,2797.0,214.0,720.0,-431.9,9.0,22.0,284.0,80.0,47.0,-258.6,12.0
2023-04-22,taiwan,430.0,37.0,60.0,344.2,1.0,3.0,29.0,118.0,35.0,-22.5,16.0
2023-04-22,ukraine,2935.0,368.0,560.0,57.4,28.0,17.0,149.0,934.0,481.0,-2161.0,53.0
2023-04-22,venezuela,117.0,17.0,17.0,112.1,0.0,0.0,8.0,15.0,4.0,4.8,2.0
2023-04-22,yemen,86.0,6.0,13.0,53.0,0.0,0.0,1.0,27.0,2.0,63.6,0.0
2023-04-23,drc,14.0,0.0,3.0,13.5,0.0,0.0,1.0,0.0,0.0,0.0,0.0
2023-04-23,europe_east,591.0,87.0,46.0,485.2,4.0,0.0,19.0,81.0,14.0,59.2,1.0
2023-04-23,iran,582.0,68.0,73.0,839.2,2.0,0.0,47.0,102.0,43.0,-32.0,8.0
2023-04-23,israel,2541.0,398.0,509.0,-1312.6,15.0,4.0,187.0,291.0,176.0,-910.8,39.0
2023-04-23,korea,566.0,110.0,72.0,88.8,1.0,3.0,22.0,54.0,24.0,-70.4,6.0
2023-04-23,libya,187.0,19.0,46.0,53.0,3.0,0.0,36.0,0.0,0.0,0.0,0.0
2023-04-23,scs,1932.0,141.0,152.0,3399.4,5.0,1.0,79.0,263.0,59.0,361.7,5.0
2023-04-23,southasia,7103.0,935.0,1151.0,2269.7,25.0,17.0,581.0,42.0,14.0,1.1,6.0
2023-04-23,sudan,3693.0,344.0,1078.0,-975.3,15.0,13.0,591.0,64.0,24.0,-57.2,6.0
2023-04-23,taiwan,462.0,82.0,43.0,407.2,0.0,2.0,23.0,159.0,73.0,-87.7,14.0
2023-04-23,ukraine,2379.0,308.0,496.0,-404.6,13.0,15.0,116.0,889.0,465.0,-2170.5,42.0
2023-04-23,venezuela,126.0,20.0,24.0,21.2,0.0,0.0,9.0,10.0,3.0,15.0,2.0
2023-04-23,yemen,113.0,13.0,24.0,76.4,1.0,0.0,8.0,28.0,5.0,78.4,3.0
2023-04-24,drc,21.0,2.0,4.0,14.8,0.0,0.0,1.0,9.0,1.0,30.8,1.0
2023-04-24,europe_east,1408.0,190.0,77.0,2227.1,4.0,0.0,48.0,86.0,33.0,-82.0,10.0
2023-04-24,iran,946.0,120.0,160.0,533.6,7.0,6.0,94.0,176.0,64.0,-130.3,15.0
2023-04-24,israel,3457.0,434.0,817.0,-2551.7,5.0,8.0,250.0,632.0,372.0,-2144.6,68.0
2023-04-24,korea,1385.0,112.0,125.0,2224.2,2.0,5.0,65.0,137.0,51.0,-141.0,8.0
2023-04-24,libya,147.0,19.0,33.0,29.9,0.0,0.0,11.0,1.0,1.0,-4.0,0.0
2023-04-24,scs,3267.0,220.0,240.0,6014.8,10.0,7.0,85.0,219.0,77.0,115.8,23.0
2023-04-24,southasia,8606.0,1196.0,1266.0,3627.7,42.0,34.0,510.0,31.0,17.0,-49.2,9.0
2023-04-24,sudan,5384.0,377.0,1440.0,625.7,15.0,48.0,800.0,88.0,32.0,-82.1,1.0
2023-04-24,taiwan,1106.0,101.0,52.0,2093.4,7.0,1.0,17.0,217.0,95.0,-219.7,25.0
2023-04-24,ukraine,3679.0,475.0,607.0,1020.2,20.0,20.0,161.0,1187.0,567.0,-1887.0,64.0
2023-04-24,venezuela,211.0,20.0,28.0,290.9,0.0,0.0,12.0,32.0,7.0,32.7,3.0
2023-04-24,yemen,153.0,3.0,31.0,182.8,0.0,4.0,14.0,21.0,4.0,30.7,0.0
2023-04-25,drc,13.0,0.0,6.0,-8.2,0.0,0.0,6.0,15.0,7.0,-1.4,0.0
2023-04-25,europe_east,1571.0,162.0,91.0,2771.6,1.0,0.0,48.0,119.0,30.0,78.6,3.0
2023-04-25,iran,985.0,128.0,203.0,302.7,4.0,5.0,127.0,93.0,41.0,-31.2,13.0
2023-04-25,israel,3710.0,488.0,761.0,-1063.7,10.0,10.0,258.0,468.0,244.0,-1082.5,48.0
2023-04-25,korea,1806.0,174.0,187.0,2910.8,8.0,5.0,119.0,208.0,56.0,75.3,10.0
2023-04-25,libya,147.0,14.0,24.0,183.3,0.0,6.0,6.0,1.0,0.0,3.4,0.0
2023-04-25,scs,3208.0,258.0,257.0,5519.5,2.0,11.0,122.0,308.0,179.0,-313.0,93.0
2023-04-25,southasia,9580.0,1303.0,1445.0,4213.3,17.0,51.0,624.0,36.0,15.0,-38.8,1.0
2023-04-25,sudan,6583.0,481.0,1569.0,2487.8,53.0,27.0,801.0,116.0,60.0,-241.3,4.0
2023-04-25,taiwan,1017.0,104.0,108.0,1332.4,5.0,4.0,55.0,318.0,153.0,-319.2,67.0
2023-04-25,ukraine,4085.0,528.0,703.0,1204.5,22.0,8.0,218.0,1226.0,607.0,-2069.2,71.0
2023-04-25,venezuela,546.0,57.0,58.0,837.0,0.0,0.0,39.0,94.0,19.0,149.0,1.0
2023-04-25,yemen,248.0,12.0,40.0,307.9,0.0,8.0,5.0,84.0,26.0,34.5,11.0
2023-04-26,drc,29.0,0.0,6.0,22.4,0.0,2.0,0.0,1.0,0.0,7.4,0.0
2023-04-26,europe_east,1475.0,124.0,162.0,2468.8,1.0,0.0,98.0,173.0,86.0,-298.2,10.0
2023-04-26,iran,1538.0,218.0,411.0,-741.6,12.0,0.0,175.0,98.0,46.0,-105.4,7.0
2023-04-26,israel,3408.0,483.0,519.0,697.1,21.0,2.0,194.0,391.0,209.0,-890.0,38.0
2023-04-26,korea,2039.0,208.0,165.0,3178.5,18.0,12.0,68.0,244.0,76.0,-6.7,28.0
2023-04-26,libya,193.0,40.0,30.0,-28.2,0.0,6.0,8.0,3.0,0.0,11.4,0.0
2023-04-26,scs,3732.0,339.0,413.0,5081.5,0.0,4.0,174.0,337.0,217.0,-681.8,88.0
2023-04-26,southasia,10047.0,1391.0,1431.0,5123.0,31.0,19.0,629.0,38.0,11.0,30.8,1.0
2023-04-26,sudan,6281.0,477.0,1500.0,787.1,16.0,41.0,711.0,90.0,47.0,-238.9,4.0
2023-04-26,taiwan,921.0,90.0,154.0,455.9,12.0,7.0,67.0,350.0,186.0,-735.7,92.0
2023-04-26,ukraine,4825.0,590.0,660.0,3113.3,20.0,17.0,203.0,1518.0,720.0,-2106.2,101.0
2023-04-26,venezuela,529.0,56.0,49.0,1028.7,1.0,3.0,42.0,81.0,8.0,209.1,6.0
2023-04-26,yemen,201.0,16.0,35.0,93.1,0.0,6.0,2.0,74.0,18.0,56.6,6.0
2023-04-27,drc,77.0,2.0,25.0,-50.9,1.0,4.0,0.0,12.0,8.0,-7.9,1.0
2023-04-27,europe_east,1500.0,164.0,144.0,2238.2,2.0,1.0,69.0,86.0,36.0,-21.6,12.0
2023-04-27,iran,1577.0,169.0,297.0,538.6,9.0,3.0,148.0,166.0,69.0,-176.5,17.0
2023-04-27,israel,4166.0,659.0,683.0,-616.9,19.0,8.0,192.0,420.0,264.0,-1685.9,28.0
2023-04-27,korea,2033.0,205.0,147.0,2738.7,31.0,10.0,58.0,340.0,113.0,147.1,37.0
2023-04-27,libya,173.0,45.0,16.0,61.7,1.0,0.0,4.0,1.0,0.0,4.0,0.0
2023-04-27,scs,3573.0,270.0,323.0,5857.8,3.0,7.0,125.0,282.0,86.0,113.9,8.0
2023-04-27,southasia,10750.0,1418.0,1370.0,8460.7,13.0,16.0,646.0,42.0,10.0,34.5,0.0
2023-04-27,sudan,5826.0,402.0,1365.0,1341.5,8.0,22.0,664.0,99.0,19.0,71.3,0.0
2023-04-27,taiwan,577.0,72.0,53.0,678.0,8.0,4.0,23.0,172.0,63.0,-80.8,25.0
2023-04-27,ukraine,5098.0,592.0,819.0,1949.7,27.0,13.0,209.0,1588.0,729.0,-2433.9,60.0
2023-04-27,venezuela,375.0,39.0,38.0,484.0,0.0,1.0,22.0,70.0,8.0,100.3,0.0
2023-04-27,yemen,217.0,18.0,40.0,98.7,0.0,1.0,9.0,76.0,16.0,52.0,3.0
2023-04-28,drc,35.0,2.0,7.0,55.2,0.0,2.0,1.0,18.0,14.0,-46.6,0.0
2023-04-28,europe_east,1673.0,124.0,148.0,3076.0,0.0,2.0,83.0,50.0,14.0,8.1,0.0
2023-04-28,iran,1463.0,194.0,248.0,401.9,1.0,2.0,108.0,244.0,81.0,-79.7,8.0
2023-04-28,israel,3462.0,416.0,653.0,-489.2,10.0,1.0,202.0,552.0,296.0,-1593.0,29.0
2023-04-28,korea,1489.0,145.0,94.0,2330.0,20.0,7.0,30.0,170.0,61.0,-135.2,23.0
2023-04-28,libya,80.0,19.0,18.0,-50.2,0.0,0.0,10.0,0.0,0.0,0.0,0.0
2023-04-28,scs,3973.0,306.0,319.0,6799.6,2.0,6.0,146.0,528.0,187.0,-13.5,41.0
2023-04-28,southasia,9873.0,1287.0,1375.0,5906.1,15.0,24.0,569.0,12.0,12.0,-63.2,0.0
2023-04-28,sudan,4593.0,390.0,1129.0,-249.9,6.0,18.0,481.0,82.0,39.0,-116.9,3.0
2023-04-28,taiwan,837.0,92.0,138.0,314.5,9.0,5.0,30.0,279.0,101.0,-84.7,27.0
2023-04-28,ukraine,5578.0,583.0,1045.0,722.1,31.0,16.0,175.0,1703.0,943.0,-4832.1,63.0
2023-04-28,venezuela,297.0,45.0,35.0,347.6,1.0,5.0,16.0,38.0,10.0,28.0,4.0
2023-04-28,yemen,210.0,31.0,64.0,-337.5,0.0,0.0,12.0,103.0,43.0,-160.0,0.0
2023-04-29,drc,15.0,2.0,1.0,36.6,0.0,0.0,1.0,1.0,1.0,-7.2,1.0
2023-04-29,europe_east,847.0,97.0,87.0,987.1,2.0,0.0,43.0,140.0,65.0,17.9,19.0
2023-04-29,iran,1192.0,152.0,171.0,660.9,0.0,0.0,72.0,167.0,68.0,-129.0,9.0
2023-04-29,israel,1963.0,283.0,385.0,-1002.3,5.0,2.0,89.0,399.0,214.0,-1318.3,15.0
2023-04-29,korea,1114.0,151.0,80.0,1554.5,6.0,0.0,23.0,225.0,99.0,-69.0,14.0
2023-04-29,libya,69.0,10.0,12.0,30.7,0.0,0.0,5.0,3.0,1.0,2.7,0.0
2023-04-29,scs,1903.0,144.0,151.0,3239.3,2.0,0.0,69.0,204.0,77.0,-24.1,6.0
2023-04-29,southasia,8344.0,1065.0,1534.0,831.1,9.0,35.0,640.0,31.0,17.0,-37.8,7.0
2023-04-29,sudan,3712.0,334.0,853.0,290.1,7.0,6.0,437.0,60.0,32.0,-105.9,3.0
2023-04-29,taiwan,528.0,59.0,49.0,540.3,8.0,5.0,17.0,148.0,55.0,-96.1,19.0
2023-04-29,ukraine,3029.0,351.0,607.0,-522.1,15.0,9.0,147.0,1105.0,632.0,-3083.1,57.0
2023-04-29,venezuela,197.0,28.0,23.0,146.2,0.0,0.0,15.0,32.0,5.0,8.1,3.0
2023-04-29,yemen,111.0,6.0,31.0,-57.3,0.0,0.0,15.0,52.0,17.0,-70.9,0.0
2023-04-30,drc,42.0,6.0,4.0,74.3,0.0,3.0,1.0,5.0,5.0,-16.0,0.0
2023-04-30,europe_east,481.0,59.0,75.0,221.1,3.0,6.0,28.0,153.0,79.0,-216.9,36.0
2023-04-30,iran,824.0,113.0,147.0,66.3,1.0,2.0,50.0,157.0,57.0,-30.6,6.0
2023-04-30,israel,2505.0,345.0,418.0,-369.4,11.0,1.0,110.0,371.0,194.0,-1103.1,26.0
2023-04-30,korea,846.0,76.0,76.0,1369.1,3.0,0.0,26.0,167.0,53.0,-14.9,8.0
2023-04-30,libya,78.0,7.0,21.0,-85.9,0.0,0.0,1.0,0.0,0.0,0.0,0.0
2023-04-30,scs,2210.0,205.0,237.0,2674.5,9.0,12.0,82.0,324.0,116.0,100.9,5.0
2023-04-30,southasia,7454.0,995.0,849.0,5524.3,9.0,15.0,393.0,29.0,14.0,0.6,6.0
2023-04-30,sudan,3499.0,304.0,791.0,760.4,33.0,15.0,427.0,68.0,33.0,-129.3,4.0
2023-04-30,taiwan,352.0,45.0,40.0,240.0,0.0,1.0,9.0,96.0,41.0,-103.7,12.0
2023-04-30,ukraine,2872.0,385.0,589.0,-1652.1,21.0,8.0,68.0,1189.0,699.0,-4016.8,41.0
2023-04-30,venezuela,115.0,24.0,13.0,54.7,0.0,3.0,5.0,26.0,4.0,33.9,0.0
2023-04-30,yemen,84.0,5.0,17.0,99.0,0.0,2.0,6.0,16.0,0.0,74.2,0.0
2023-05-01,drc,42.0,4.0,8.0,40.1,0.0,2.0,0.0,6.0,0.0,14.1,0.0
2023-05-01,europe_east,716.0,78.0,100.0,737.2,0.0,3.0,48.0,94.0,53.0,-169.9,12.0
2023-05-01,iran,1095.0,164.0,184.0,137.9,3.0,5.0,73.0,162.0,66.0,-219.8,16.0
2023-05-01,israel,3706.0,521.0,697.0,-1503.4,12.0,4.0,199.0,517.0,326.0,-2141.7,18.0
2023-05-01,korea,1057.0,126.0,84.0,1437.4,9.0,0.0,28.0,132.0,66.0,-119.3,9.0
2023-05-01,libya,110.0,11.0,12.0,144.8,0.0,0.0,6.0,0.0,0.0,0.0,0.0
2023-05-01,scs,3172.0,271.0,276.0,4733.3,6.0,13.0,104.0,505.0,155.0,245.8,8.0
2023-05-01,southasia,8131.0,1204.0,1211.0,2974.6,32.0,11.0,613.0,35.0,8.0,13.1,4.0
2023-05-01,sudan,4103.0,326.0,796.0,2631.0,20.0,15.0,387.0,72.0,39.0,-247.7,1.0
2023-05-01,taiwan,691.0,105.0,62.0,500.7,6.0,0.0,13.0,165.0,62.0,-98.4,21.0
2023-05-01,ukraine,4255.0,509.0,992.0,-2831.0,34.0,15.0,167.0,1652.0,996.0,-5793.4,69.0
2023-05-01,venezuela,128.0,24.0,14.0,145.6,0.0,0.0,9.0,7.0,0.0,14.8,0.0
2023-05-01,yemen,172.0,8.0,23.0,243.8,0.0,0.0,6.0,43.0,10.0,14.1,0.0
2023-05-02,drc,23.0,11.0,2.0,10.6,0.0,0.0,2.0,20.0,9.0,-7.3,0.0
2023-05-02,europe_east,872.0,90.0,88.0,1162.0,7.0,0.0,40.0,121.0,47.0,-10.5,6.0
2023-05-02,iran,1342.0,189.0,192.0,707.1,7.0,3.0,91.0,118.0,38.0,-76.7,2.0
2023-05-02,israel,5361.0,1242.0,1168.0,-7507.4,42.0,11.0,354.0,1249.0,858.0,-5125.4,137.0
2023-05-02,korea,1491.0,149.0,86.0,2516.2,4.0,0.0,43.0,78.0,22.0,36.0,2.0
2023-05-02,libya,150.0,26.0,25.0,30.7,0.0,0.0,11.0,2.0,0.0,14.4,0.0
2023-05-02,scs,3200.0,254.0,286.0,4724.0,6.0,6.0,96.0,306.0,102.0,93.2,3.0
2023-05-02,southasia,10056.0,1344.0,1357.0,7011.9,20.0,17.0,707.0,64.0,19.0,46.4,9.0
2023-05-02,sudan,4069.0,262.0,834.0,2390.7,19.0,6.0,330.0,59.0,32.0,-205.4,1.0
2023-05-02,taiwan,605.0,85.0,64.0,494.9,7.0,4.0,28.0,142.0,44.0,39.2,13.0
2023-05-02,ukraine,4332.0,552.0,853.0,-118.5,23.0,10.0,200.0,1344.0,778.0,-4016.6,63.0
2023-05-02,venezuela,215.0,29.0,27.0,176.4,0.0,1.0,9.0,48.0,11.0,13.0,3.0
2023-05-02,yemen,156.0,10.0,16.0,334.4,0.0,0.0,5.0,40.0,9.0,42.5,0.0
2023-05-03,drc,46.0,7.0,13.0,-25.9,0.0,0.0,5.0,17.0,3.0,33.0,1.0
2023-05-03,europe_east,1650.0,89.0,170.0,2747.5,8.0,8.0,90.0,196.0,60.0,55.3,11.0
2023-05-03,iran,1786.0,212.0,365.0,331.2,9.0,4.0,208.0,305.0,125.0,-209.7,19.0
2023-05-03,israel,5058.0,964.0,1191.0,-6187.1,23.0,6.0,372.0,1167.0,699.0,-3597.8,106.0
2023-05-03,korea,1004.0,118.0,75.0,1463.8,3.0,4.0,37.0,64.0,12.0,44.5,2.0
2023-05-03,libya,158.0,12.0,29.0,140.9,0.0,0.0,19.0,1.0,0.0,4.0,0.0
2023-05-03,scs,2602.0,189.0,169.0,4535.7,1.0,6.0,75.0,214.0,93.0,-39.4,4.0
2023-05-03,southasia,9983.0,1385.0,1423.0,4959.4,41.0,32.0,752.0,71.0,18.0,65.0,14.0
2023-05-03,sudan,3172.0,244.0,528.0,3122.4,9.0,8.0,213.0,70.0,34.0,-194.3,0.0
2023-05-03,taiwan,589.0,49.0,71.0,745.6,3.0,1.0,27.0,116.0,49.0,-94.0,13.0
2023-05-03,ukraine,5842.0,743.0,1260.0,-1890.2,77.0,66.0,272.0,2091.0,1228.0,-5811.5,166.0
2023-05-03,venezuela,389.0,30.0,55.0,358.8,0.0,5.0,26.0,89.0,6.0,143.3,2.0
2023-05-03,yemen,115.0,2.0,23.0,97.1,0.0,0.0,7.0,20.0,1.0,81.7,0.0
2023-05-04,drc,9.0,1.0,4.0,-34.7,0.0,0.0,1.0,0.0,0.0,0.0,0.0
2023-05-04,europe_east,1668.0,148.0,157.0,2127.1,9.0,16.0,60.0,206.0,71.0,-53.2,9.0
2023-05-04,iran,1271.0,170.0,200.0,655.0,3.0,1.0,83.0,236.0,105.0,-332.4,11.0
2023-05-04,israel,4549.0,731.0,1285.0,-7206.6,23.0,6.0,252.0,929.0,619.0,-4173.4,64.0
2023-05-04,korea,1088.0,141.0,83.0,1459.0,11.0,6.0,36.0,66.0,32.0,-96.3,11.0
2023-05-04,libya,183.0,37.0,21.0,53.0,0.0,0.0,7.0,0.0,0.0,0.0,0.0
2023-05-04,scs,2762.0,172.0,222.0,4780.6,7.0,5.0,96.0,99.0,45.0,-53.8,6.0
2023-05-04,southasia,11645.0,1474.0,1701.0,5653.2,16.0,53.0,632.0,89.0,12.0,180.1,6.0
2023-05-04,sudan,2450.0,179.0,465.0,1112.9,12.0,11.0,165.0,38.0,21.0,-103.4,1.0
2023-05-04,taiwan,619.0,66.0,51.0,1209.8,1.0,4.0,24.0,155.0,61.0,-11.4,19.0
2023-05-04,ukraine,6903.0,1050.0,1327.0,-2648.6,119.0,24.0,307.0,2463.0,1507.0,-7151.6,175.0
2023-05-04,venezuela,354.0,44.0,34.0,298.9,0.0,1.0,20.0,88.0,17.0,61.2,2.0
2023-05-04,yemen,168.0,12.0,19.0,252.2,0.0,3.0,2.0,45.0,12.0,54.3,7.0
2023-05-05,drc,42.0,1.0,9.0,-6.5,0.0,0.0,1.0,0.0,0.0,0.0,0.0
2023-05-05,europe_east,949.0,74.0,82.0,1504.4,1.0,0.0,42.0,115.0,55.0,-165.1,9.0
2023-05-05,iran,1082.0,149.0,152.0,868.8,8.0,0.0,74.0,193.0,55.0,31.2,11.0
2023-05-05,israel,3324.0,496.0,700.0,-2035.6,17.0,2.0,178.0,660.0,344.0,-1620.4,61.0
2023-05-05,korea,997.0,150.0,77.0,1217.1,12.0,3.0,34.0,93.0,43.0,-48.7,7.0
2023-05-05,libya,108.0,20.0,11.0,118.8,0.0,0.0,7.0,0.0,0.0,0.0,0.0
2023-05-05,scs,3068.0,249.0,205.0,5345.9,1.0,8.0,99.0,215.0,64.0,310.9,8.0
2023-05-05,southasia,11564.0,1600.0,1501.0,6525.5,19.0,39.0,595.0,89.0,17.0,134.6,5.0
2023-05-05,sudan,2934.0,237.0,461.0,2593.0,14.0,19.0,170.0,32.0,19.0,-133.8,1.0
2023-05-05,taiwan,620.0,82.0,55.0,793.4,6.0,6.0,29.0,201.0,76.0,-27.1,26.0
2023-05-05,ukraine,4823.0,785.0,860.0,-456.8,48.0,10.0,244.0,1908.0,1043.0,-3311.8,104.0
2023-05-05,venezuela,283.0,52.0,50.0,85.9,0.0,0.0,38.0,60.0,24.0,-11.8,2.0
2023-05-05,yemen,145.0,9.0,18.0,183.2,0.0,0.0,4.0,19.0,1.0,75.3,0.0
2023-05-06,drc,42.0,1.0,4.0,94.8,0.0,0.0,1.0,5.0,2.0,-8.0,0.0
2023-05-06,europe_east,504.0,36.0,54.0,782.0,1.0,0.0,23.0,84.0,31.0,21.8,5.0
2023-05-06,iran,1033.0,245.0,318.0,-1813.3,2.0,0.0,145.0,112.0,45.0,-33.4,8.0
2023-05-06,israel,1934.0,261.0,565.0,-3360.7,9.0,0.0,131.0,483.0,342.0,-2508.7,50.0
2023-05-06,korea,645.0,51.0,56.0,964.0,4.0,6.0,19.0,100.0,34.0,66.2,10.0
2023-05-06,libya,62.0,8.0,6.0,29.1,0.0,0.0,4.0,0.0,0.0,0.0,0.0
2023-05-06,scs,2437.0,151.0,130.0,4152.3,0.0,0.0,58.0,58.0,11.0,176.9,4.0
2023-05-06,southasia,8744.0,1259.0,1374.0,1887.2,19.0,49.0,470.0,42.0,17.0,-19.0,3.0
2023-05-06,sudan,1667.0,133.0,269.0,1946.5,10.0,6.0,78.0,26.0,5.0,-1.3,1.0
2023-05-06,taiwan,374.0,55.0,35.0,467.2,0.0,5.0,24.0,136.0,47.0,-42.2,24.0
2023-05-06,ukraine,2942.0,431.0,568.0,-628.6,17.0,11.0,118.0,1326.0,729.0,-2481.3,53.0
2023-05-06,venezuela,129.0,18.0,14.0,117.2,0.0,0.0,7.0,15.0,2.0,27.9,0.0
2023-05-06,yemen,60.0,8.0,14.0,17.3,0.0,0.0,4.0,23.0,12.0,1.0,10.0
2023-05-07,drc,38.0,0.0,3.0,106.9,0.0,0.0,2.0,9.0,6.0,-35.1,3.0
2023-05-07,europe_east,453.0,56.0,84.0,80.9,1.0,8.0,21.0,88.0,18.0,61.7,11.0
2023-05-07,iran,965.0,208.0,239.0,-935.6,1.0,0.0,97.0,88.0,40.0,-128.3,5.0
2023-05-07,israel,2666.0,339.0,604.0,-1441.5,10.0,5.0,223.0,395.0,253.0,-1536.0,59.0
2023-05-07,korea,1136.0,140.0,65.0,1689.2,1.0,3.0,15.0,131.0,49.0,-100.9,6.0
2023-05-07,libya,63.0,7.0,8.0,7.0,0.0,0.0,5.0,0.0,0.0,0.0,0.0
2023-05-07,scs,1594.0,132.0,143.0,2120.2,4.0,4.0,48.0,60.0,17.0,79.7,2.0
2023-05-07,southasia,8336.0,1165.0,1291.0,2447.0,16.0,63.0,568.0,53.0,32.0,-98.6,8.0
2023-05-07,sudan,1243.0,98.0,202.0,1276.6,4.0,3.0,104.0,15.0,5.0,-23.9,1.0
2023-05-07,taiwan,295.0,40.0,35.0,284.8,1.0,0.0,17.0,110.0,29.0,91.0,14.0
2023-05-07,ukraine,2767.0,494.0,623.0,-2472.0,25.0,15.0,146.0,1261.0,746.0,-2914.7,62.0
2023-05-07,venezuela,222.0,43.0,23.0,137.8,0.0,1.0,15.0,30.0,9.0,28.5,0.0
2023-05-07,yemen,68.0,8.0,11.0,35.2,0.0,0.0,2.0,25.0,9.0,-17.5,5.0
2023-05-08,drc,54.0,0.0,3.0,122.7,0.0,0.0,2.0,3.0,3.0,-10.0,0.0
2023-05-08,europe_east,1230.0,111.0,95.0,1992.0,1.0,9.0,32.0,92.0,28.0,21.4,14.0
2023-05-08,iran,1380.0,232.0,265.0,5.0,7.0,1.0,126.0,209.0,39.0,361.0,3.0
2023-05-08,israel,3967.0,587.0,748.0,-918.5,9.0,10.0,363.0,499.0,254.0,-882.4,58.0
2023-05-08,korea,1181.0,143.0,77.0,1638.6,5.0,0.0,26.0,125.0,35.0,17.8,5.0
2023-05-08,libya,94.0,14.0,28.0,-52.4,0.0,0.0,15.0,0.0,0.0,0.0,0.0
2023-05-08,scs,2267.0,146.0,184.0,4401.0,1.0,6.0,91.0,118.0,32.0,97.0,8.0
2023-05-08,southasia,11065.0,1531.0,1615.0,4388.7,14.0,45.0,638.0,50.0,23.0,-56.2,1.0
2023-05-08,sudan,1841.0,146.0,363.0,969.3,6.0,8.0,91.0,51.0,22.0,-124.0,0.0
2023-05-08,taiwan,530.0,53.0,33.0,953.7,3.0,3.0,13.0,99.0,41.0,0.6,9.0
2023-05-08,ukraine,3738.0,555.0,921.0,-2835.0,29.0,23.0,216.0,1634.0,1063.0,-5420.7,103.0
2023-05-08,venezuela,473.0,46.0,93.0,75.0,0.0,1.0,36.0,60.0,20.0,-45.2,0.0
2023-05-08,yemen,215.0,10.0,11.0,600.3,0.0,0.0,8.0,122.0,17.0,233.4,10.0
2023-05-09,drc,92.0,8.0,17.0,-85.5,0.0,3.0,1.0,3.0,3.0,-10.0,0.0
2023-05-09,europe_east,1190.0,113.0,129.0,1324.7,1.0,16.0,33.0,84.0,35.0,-70.3,10.0
2023-05-09,iran,1236.0,193.0,232.0,189.3,4.0,4.0,98.0,202.0,67.0,37.6,7.0
2023-05-09,israel,5529.0,881.0,1510.0,-8410.4,51.0,19.0,331.0,1109.0,755.0,-4935.9,81.0
2023-05-09,korea,1042.0,115.0,42.0,1901.2,4.0,0.0,21.0,83.0,32.0,-10.4,3.0
2023-05-09,libya,105.0,7.0,22.0,36.2,0.0,0.0,8.0,0.0,0.0,0.0,0.0
2023-05-09,scs,3052.0,216.0,247.0,5118.0,1.0,22.0,102.0,97.0,31.0,26.7,4.0
2023-05-09,southasia,11399.0,1692.0,2132.0,152.9,33.0,42.0,1022.0,42.0,10.0,30.1,2.0
2023-05-09,sudan,1886.0,185.0,385.0,238.5,7.0,6.0,76.0,49.0,25.0,-120.2,0.0
2023-05-09,taiwan,759.0,70.0,38.0,1475.6,0.0,4.0,20.0,130.0,59.0,-146.4,18.0
2023-05-09,ukraine,4639.0,579.0,926.0,-188.2,43.0,20.0,178.0,1481.0,892.0,-4854.6,75.0
2023-05-09,venezuela,518.0,53.0,97.0,-7.7,1.0,1.0,55.0,125.0,33.0,-59.6,12.0
2023-05-09,yemen,123.0,10.0,10.0,224.1,0.0,0.0,7.0,60.0,5.0,127.9,4.0
2023-05-10,drc,69.0,4.0,14.0,5.6,0.0,0.0,6.0,9.0,5.0,-15.2,0.0
2023-05-10,europe_east,1486.0,159.0,191.0,1562.2,2.0,16.0,86.0,207.0,78.0,-150.9,15.0
2023-05-10,iran,1019.0,120.0,122.0,1248.8,6.0,9.0,40.0,100.0,46.0,-75.3,2.0
2023-05-10,israel,4806.0,619.0,1513.0,-8764.8,26.0,11.0,173.0,994.0,707.0,-5141.0,49.0
2023-05-10,korea,1064.0,96.0,63.0,2044.7,1.0,1.0,41.0,100.0,27.0,48.6,2.0
2023-05-10,libya,105.0,4.0,15.0,120.2,0.0,0.0,4.0,0.0,0.0,0.0,0.0
2023-05-10,scs,4025.0,271.0,379.0,6317.7,7.0,27.0,158.0,140.0,32.0,180.3,3.0
2023-05-10,southasia,11093.0,1821.0,2295.0,-5419.0,25.0,37.0,1104.0,80.0,36.0,-53.2,16.0
2023-05-10,sudan,1691.0,220.0,324.0,-147.5,12.0,5.0,65.0,30.0,16.0,-80.9,0.0
2023-05-10,taiwan,526.0,56.0,45.0,687.5,3.0,3.0,20.0,145.0,64.0,-115.5,21.0
2023-05-10,ukraine,3715.0,414.0,797.0,-229.6,14.0,22.0,154.0,1114.0,638.0,-3332.5,61.0
2023-05-10,venezuela,465.0,36.0,88.0,200.7,1.0,0.0,48.0,93.0,15.0,65.0,4.0
2023-05-10,yemen,136.0,11.0,34.0,-83.0,0.0,0.0,12.0,70.0,16.0,25.3,5.0
2023-05-11,drc,103.0,9.0,6.0,165.2,0.0,0.0,1.0,16.0,8.0,40.0,0.0
2023-05-11,europe_east,1305.0,144.0,124.0,1773.5,0.0,8.0,45.0,128.0,43.0,-43.4,6.0
2023-05-11,iran,1214.0,151.0,154.0,1132.4,12.0,2.0,76.0,113.0,52.0,-76.9,6.0
2023-05-11,israel,5723.0,907.0,1875.0,-12735.9,87.0,8.0,209.0,1161.0,822.0,-5995.1,88.0
2023-05-11,korea,970.0,101.0,61.0,1666.1,6.0,0.0,25.0,72.0,17.0,99.8,0.0
2023-05-11,libya,176.0,13.0,33.0,85.8,0.0,0.0,14.0,0.0,0.0,0.0,0.0
2023-05-11,scs,3313.0,264.0,264.0,5627.2,1.0,0.0,155.0,173.0,61.0,204.8,13.0
2023-05-11,southasia,10913.0,1813.0,1996.0,-1761.3,43.0,41.0,948.0,54.0,23.0,-25.7,6.0
2023-05-11,sudan,1456.0,189.0,282.0,532.1,14.0,8.0,52.0,33.0,18.0,-107.6,0.0
2023-05-11,taiwan,646.0,77.0,55.0,688.8,1.0,3.0,19.0,162.0,52.0,3.0,20.0
2023-05-11,ukraine,4362.0,552.0,716.0,1657.4,41.0,16.0,153.0,1588.0,738.0,-2284.3,107.0
2023-05-11,venezuela,406.0,34.0,52.0,501.1,2.0,4.0,19.0,86.0,19.0,-13.0,2.0
2023-05-11,yemen,149.0,11.0,16.0,224.3,0.0,2.0,7.0,85.0,11.0,124.8,0.0
2023-05-12,drc,54.0,9.0,12.0,3.1,0.0,2.0,0.0,4.0,0.0,16.6,0.0
2023-05-12,europe_east,1294.0,137.0,84.0,2233.4,3.0,1.0,46.0,111.0,22.0,41.3,2.0
2023-05-12,iran,1646.0,229.0,288.0,831.0,1.0,3.0,188.0,109.0,42.0,16.8,0.0
2023-05-12,israel,4247.0,548.0,1424.0,-9163.9,26.0,4.0,218.0,883.0,553.0,-3829.1,47.0
2023-05-12,korea,826.0,82.0,56.0,1397.2,4.0,0.0,28.0,55.0,27.0,-73.6,5.0
2023-05-12,libya,218.0,18.0,41.0,67.9,0.0,2.0,19.0,0.0,0.0,0.0,0.0
2023-05-12,scs,2947.0,287.0,265.0,4229.3,6.0,4.0,138.0,79.0,16.0,115.8,0.0
2023-05-12,southasia,9455.0,1677.0,1571.0,163.1,38.0,43.0,835.0,39.0,18.0,-29.7,7.0
2023-05-12,sudan,1432.0,173.0,262.0,712.6,8.0,3.0,58.0,24.0,14.0,-77.7,0.0
2023-05-12,taiwan,768.0,96.0,100.0,371.2,8.0,0.0,32.0,196.0,64.0,7.9,12.0
2023-05-12,ukraine,4962.0,632.0,657.0,2883.2,23.0,27.0,180.0,1682.0,788.0,-2483.2,103.0
2023-05-12,venezuela,421.0,21.0,42.0,735.7,0.0,6.0,13.0,86.0,22.0,-18.2,1.0
2023-05-12,yemen,246.0,14.0,26.0,351.8,0.0,0.0,2.0,76.0,8.0,170.9,0.0
2023-05-13,drc,46.0,12.0,16.0,-174.0,2.0,0.0,1.0,5.0,2.0,1.4,0.0
2023-05-13,europe_east,499.0,69.0,41.0,471.1,0.0,6.0,13.0,74.0,10.0,126.9,0.0
2023-05-13,iran,862.0,95.0,146.0,486.0,5.0,1.0,61.0,53.0,19.0,-1.7,2.0
2023-05-13,israel,3220.0,383.0,1121.0,-6973.3,22.0,9.0,148.0,763.0,516.0,-3565.2,45.0
2023-05-13,korea,419.0,44.0,19.0,918.6,0.0,0.0,10.0,41.0,16.0,-20.2,1.0
2023-05-13,libya,86.0,2.0,17.0,74.6,0.0,3.0,3.0,0.0,0.0,0.0,0.0
2023-05-13,scs,2071.0,154.0,190.0,3325.6,5.0,0.0,106.0,49.0,8.0,67.4,3.0
2023-05-13,southasia,8260.0,1376.0,1347.0,324.4,23.0,18.0,658.0,23.0,9.0,-11.7,8.0
2023-05-13,sudan,869.0,63.0,144.0,1011.9,0.0,0.0,42.0,6.0,5.0,-34.6,0.0
2023-05-13,taiwan,362.0,42.0,39.0,225.9,3.0,0.0,11.0,124.0,25.0,156.7,5.0
2023-05-13,ukraine,4723.0,446.0,640.0,3750.1,21.0,16.0,119.0,1566.0,766.0,-3369.1,91.0
2023-05-13,venezuela,276.0,13.0,28.0,489.9,0.0,0.0,19.0,84.0,9.0,120.3,2.0
2023-05-13,yemen,40.0,2.0,7.0,98.7,0.0,0.0,2.0,16.0,3.0,64.9,1.0
2023-05-14,drc,34.0,8.0,14.0,-124.8,0.0,0.0,1.0,2.0,0.0,14.0,0.0
2023-05-14,europe_east,548.0,66.0,54.0,473.1,0.0,2.0,11.0,43.0,15.0,19.1,2.0
2023-05-14,iran,788.0,87.0,110.0,591.4,4.0,0.0,39.0,102.0,37.0,-168.7,1.0
2023-05-14,israel,3844.0,574.0,1055.0,-5389.4,32.0,3.0,152.0,918.0,498.0,-2674.5,58.0
2023-05-14,korea,402.0,34.0,20.0,894.7,2.0,0.0,8.0,10.0,3.0,6.0,0.0
2023-05-14,libya,103.0,6.0,20.0,15.7,0.0,1.0,8.0,0.0,0.0,0.0,0.0
2023-05-14,scs,2152.0,117.0,119.0,4372.4,1.0,5.0,63.0,111.0,17.0,271.0,2.0
2023-05-14,southasia,6856.0,983.0,1054.0,2406.5,17.0,16.0,486.0,32.0,10.0,-3.4,8.0
2023-05-14,sudan,713.0,97.0,151.0,119.4,5.0,1.0,50.0,17.0,7.0,13.2,0.0
2023-05-14,taiwan,297.0,28.0,18.0,489.2,7.0,0.0,5.0,63.0,23.0,62.7,5.0
2023-05-14,ukraine,4447.0,434.0,812.0,1534.3,28.0,15.0,167.0,1338.0,779.0,-3896.6,96.0
2023-05-14,venezuela,221.0,16.0,24.0,400.0,0.0,0.0,15.0,51.0,3.0,164.4,1.0
2023-05-14,yemen,31.0,3.0,9.0,-30.6,0.0,0.0,1.0,13.0,3.0,3.5,1.0
2023-05-15,drc,15.0,1.0,3.0,0.7,0.0,0.0,0.0,16.0,4.0,31.1,0.0
2023-05-15,europe_east,1143.0,92.0,103.0,2009.6,0.0,3.0,55.0,104.0,13.0,308.2,9.0
2023-05-15,iran,1174.0,124.0,169.0,1067.5,4.0,2.0,78.0,167.0,59.0,-99.6,3.0
2023-05-15,israel,4476.0,565.0,990.0,-2499.1,19.0,4.0,243.0,941.0,410.0,-1692.2,45.0
2023-05-15,korea,1101.0,112.0,108.0,1564.9,11.0,0.0,48.0,87.0,31.0,21.6,3.0
2023-05-15,libya,227.0,23.0,29.0,259.1,1.0,3.0,7.0,0.0,0.0,0.0,0.0
2023-05-15,scs,2421.0,177.0,191.0,4615.8,3.0,5.0,85.0,99.0,13.0,141.6,0.0
2023-05-15,southasia,9681.0,1581.0,1477.0,2359.0,50.0,24.0,800.0,50.0,20.0,-35.6,16.0
2023-05-15,sudan,1267.0,162.0,286.0,-206.1,3.0,6.0,74.0,11.0,7.0,-19.6,0.0
2023-05-15,taiwan,485.0,58.0,56.0,325.1,8.0,4.0,14.0,109.0,33.0,21.8,7.0
2023-05-15,ukraine,6900.0,591.0,876.0,7911.2,31.0,16.0,184.0,1825.0,759.0,-1582.3,90.0
2023-05-15,venezuela,295.0,22.0,37.0,450.5,0.0,0.0,23.0,46.0,18.0,-48.3,4.0
2023-05-15,yemen,176.0,22.0,33.0,174.7,0.0,0.0,17.0,77.0,21.0,156.0,3.0
2023-05-16,drc,21.0,5.0,1.0,29.0,0.0,0.0,1.0,11.0,6.0,-10.0,0.0
2023-05-16,europe_east,1300.0,124.0,158.0,1443.1,1.0,2.0,71.0,118.0,38.0,39.3,7.0
2023-05-16,iran,1064.0,186.0,227.0,-404.4,13.0,4.0,90.0,171.0,62.0,-47.8,6.0
2023-05-16,israel,3631.0,591.0,762.0,-2408.1,15.0,10.0,188.0,669.0,349.0,-1736.0,39.0
2023-05-16,korea,1350.0,172.0,93.0,1934.5,9.0,1.0,46.0,91.0,33.0,6.9,7.0
2023-05-16,libya,192.0,21.0,19.0,228.3,0.0,1.0,14.0,0.0,0.0,0.0,0.0
2023-05-16,scs,3169.0,217.0,236.0,6594.0,1.0,2.0,113.0,100.0,29.0,102.6,0.0
2023-05-16,southasia,9974.0,1589.0,1340.0,4506.2,55.0,34.0,648.0,57.0,26.0,-58.9,12.0
2023-05-16,sudan,1146.0,125.0,289.0,-562.0,7.0,19.0,49.0,20.0,16.0,-126.4,0.0
2023-05-16,taiwan,644.0,61.0,59.0,798.6,10.0,5.0,21.0,136.0,30.0,140.3,11.0
2023-05-16,ukraine,6180.0,574.0,1027.0,3325.9,29.0,22.0,194.0,1717.0,985.0,-5234.8,95.0
2023-05-16,venezuela,203.0,18.0,43.0,106.2,0.0,0.0,25.0,29.0,13.0,-44.6,5.0
2023-05-16,yemen,112.0,10.0,17.0,119.2,3.0,1.0,8.0,36.0,9.0,70.2,1.0
2023-05-17,drc,27.0,1.0,2.0,54.4,0.0,0.0,2.0,7.0,0.0,11.0,0.0
2023-05-17,europe_east,1281.0,152.0,97.0,1989.5,2.0,3.0,56.0,115.0,36.0,64.5,4.0
2023-05-17,iran,1239.0,192.0,175.0,1333.3,5.0,4.0,90.0,193.0,60.0,70.4,6.0
2023-05-17,israel,3386.0,506.0,656.0,-1298.0,15.0,2.0,175.0,560.0,316.0,-1712.2,33.0
2023-05-17,korea,1433.0,129.0,95.0,2094.0,6.0,2.0,23.0,111.0,19.0,56.5,4.0
2023-05-17,libya,192.0,17.0,17.0,247.0,1.0,0.0,13.0,0.0,0.0,0.0,0.0
2023-05-17,scs,3460.0,257.0,269.0,5977.0,2.0,7.0,138.0,124.0,38.0,-24.0,5.0
2023-05-17,southasia,10042.0,1524.0,1511.0,3393.4,57.0,23.0,745.0,37.0,13.0,-37.9,2.0
2023-05-17,sudan,1115.0,129.0,206.0,378.4,5.0,0.0,40.0,31.0,16.0,-90.4,0.0
2023-05-17,taiwan,912.0,100.0,69.0,1335.7,5.0,5.0,22.0,272.0,99.0,53.9,19.0
2023-05-17,ukraine,5465.0,504.0,821.0,4059.9,35.0,15.0,198.0,1890.0,950.0,-4302.2,80.0
2023-05-17,venezuela,280.0,30.0,26.0,344.2,0.0,0.0,6.0,31.0,6.0,6.6,0.0
2023-05-17,yemen,183.0,13.0,17.0,277.2,3.0,1.0,2.0,17.0,3.0,11.6,1.0
2023-05-18,drc,42.0,9.0,6.0,18.1,0.0,1.0,0.0,4.0,0.0,28.0,0.0
2023-05-18,europe_east,1269.0,93.0,79.0,2490.8,1.0,4.0,26.0,86.0,10.0,193.3,0.0
2023-05-18,iran,1382.0,179.0,173.0,1571.9,4.0,1.0,73.0,145.0,51.0,-68.1,3.0
2023-05-18,israel,4179.0,718.0,904.0,-3056.2,20.0,25.0,224.0,746.0,447.0,-2554.1,54.0
2023-05-18,korea,1207.0,122.0,92.0,1938.7,5.0,1.0,34.0,85.0,44.0,-182.6,9.0
2023-05-18,libya,96.0,7.0,4.0,234.9,0.0,0.0,0.0,0.0,0.0,0.0,0.0
2023-05-18,scs,3281.0,260.0,266.0,4817.4,2.0,6.0,128.0,134.0,54.0,14.5,9.0
2023-05-18,southasia,10781.0,1708.0,1468.0,5696.7,58.0,7.0,723.0,66.0,38.0,-202.9,12.0
2023-05-18,sudan,974.0,90.0,166.0,776.5,2.0,1.0,39.0,32.0,13.0,-62.2,0.0
2023-05-18,taiwan,718.0,64.0,48.0,1470.3,2.0,3.0,20.0,254.0,72.0,139.7,9.0
2023-05-18,ukraine,5398.0,565.0,915.0,2055.6,28.0,29.0,202.0,1945.0,1072.0,-5506.0,64.0
2023-05-18,venezuela,140.0,15.0,23.0,81.0,2.0,0.0,9.0,27.0,11.0,-40.9,4.0
2023-05-18,yemen,251.0,20.0,11.0,576.4,1.0,1.0,3.0,59.0,10.0,147.1,1.0
2023-05-19,drc,55.0,7.0,7.0,56.3,2.0,0.0,0.0,10.0,0.0,53.5,0.0
2023-05-19,europe_east,1217.0,96.0,93.0,1911.9,1.0,6.0,47.0,92.0,15.0,122.7,0.0
2023-05-19,iran,1626.0,317.0,351.0,-1079.9,0.0,2.0,158.0,120.0,38.0,-35.9,0.0
2023-05-19,israel,3242.0,567.0,638.0,-1599.6,8.0,10.0,173.0,488.0,268.0,-1388.5,29.0
2023-05-19,korea,1129.0,132.0,82.0,1727.6,4.0,0.0,33.0,105.0,53.0,-43.7,0.0
2023-05-19,libya,108.0,8.0,6.0,285.3,0.0,1.0,1.0,0.0,0.0,0.0,0.0
2023-05-19,scs,3652.0,282.0,240.0,6624.7,1.0,3.0,125.0,120.0,40.0,107.5,5.0
2023-05-19,southasia,10320.0,1467.0,1240.0,7888.1,32.0,29.0,630.0,83.0,26.0,141.4,9.0
2023-05-19,sudan,1087.0,107.0,188.0,779.6,5.0,7.0,44.0,34.0,22.0,-130.7,4.0
2023-05-19,taiwan,622.0,76.0,36.0,1026.7,2.0,0.0,16.0,180.0,50.0,115.4,3.0
2023-05-19,ukraine,6482.0,590.0,747.0,7432.7,18.0,13.0,239.0,1783.0,832.0,-3317.6,83.0
2023-05-19,venezuela,239.0,9.0,31.0,617.2,0.0,0.0,16.0,38.0,21.0,-78.1,11.0
2023-05-19,yemen,167.0,13.0,25.0,159.4,0.0,2.0,5.0,49.0,16.0,35.4,4.0
2023-05-20,drc,34.0,6.0,14.0,-117.8,0.0,1.0,7.0,4.0,0.0,14.0,0.0
2023-05-20,europe_east,577.0,65.0,51.0,1073.1,6.0,2.0,12.0,53.0,20.0,8.4,3.0
2023-05-20,iran,932.0,189.0,172.0,-184.9,3.0,4.0,77.0,89.0,45.0,-173.1,5.0
2023-05-20,israel,1753.0,284.0,374.0,-1081.0,11.0,2.0,109.0,279.0,173.0,-1047.4,31.0
2023-05-20,korea,878.0,52.0,53.0,2049.6,3.0,0.0,21.0,181.0,27.0,219.6,0.0
2023-05-20,libya,118.0,5.0,14.0,174.3,0.0,2.0,9.0,1.0,0.0,7.4,0.0
2023-05-20,scs,2492.0,132.0,192.0,4178.2,1.0,0.0,116.0,80.0,17.0,164.4,5.0
2023-05-20,southasia,8952.0,1260.0,1238.0,4256.7,32.0,20.0,586.0,91.0,33.0,31.0,8.0
2023-05-20,sudan,796.0,85.0,151.0,374.2,1.0,6.0,18.0,3.0,3.0,-9.0,0.0
2023-05-20,taiwan,327.0,36.0,40.0,278.3,2.0,4.0,11.0,141.0,40.0,107.3,3.0
2023-05-20,ukraine,5477.0,488.0,597.0,6644.5,30.0,36.0,163.0,1576.0,717.0,-2416.0,121.0
2023-05-20,venezuela,126.0,17.0,23.0,-24.8,1.0,0.0,6.0,13.0,1.0,30.8,1.0
2023-05-20,yemen,97.0,3.0,21.0,-11.9,0.0,0.0,1.0,18.0,7.0,-30.6,2.0
2023-05-21,drc,35.0,13.0,11.0,-154.6,0.0,0.0,11.0,0.0,0.0,0.0,0.0
2023-05-21,europe_east,716.0,68.0,91.0,770.3,3.0,2.0,40.0,125.0,50.0,-86.2,17.0
2023-05-21,iran,1059.0,167.0,254.0,-896.6,3.0,0.0,69.0,147.0,67.0,-44.5,19.0
2023-05-21,israel,2538.0,422.0,543.0,-1589.4,11.0,3.0,125.0,451.0,250.0,-1012.4,24.0
2023-05-21,korea,1132.0,56.0,45.0,3334.8,1.0,0.0,30.0,51.0,12.0,58.2,0.0
2023-05-21,libya,61.0,5.0,10.0,38.0,0.0,0.0,3.0,0.0,0.0,0.0,0.0
2023-05-21,scs,2102.0,141.0,140.0,3777.8,2.0,8.0,41.0,32.0,10.0,69.0,0.0
2023-05-21,southasia,7950.0,1150.0,931.0,4971.4,22.0,17.0,450.0,66.0,31.0,-163.5,6.0
2023-05-21,sudan,943.0,71.0,155.0,1481.0,3.0,1.0,22.0,53.0,17.0,-11.4,0.0
2023-05-21,taiwan,359.0,48.0,23.0,496.7,3.0,1.0,8.0,124.0,52.0,-99.5,8.0
2023-05-21,ukraine,5182.0,547.0,657.0,4090.6,22.0,29.0,139.0,1923.0,832.0,-2775.6,85.0
2023-05-21,venezuela,121.0,12.0,16.0,98.5,0.0,1.0,6.0,12.0,2.0,9.1,2.0
2023-05-21,yemen,71.0,15.0,3.0,87.3,0.0,0.0,3.0,9.0,4.0,-15.2,0.0
2023-05-22,drc,37.0,5.0,2.0,65.1,0.0,0.0,0.0,12.0,7.0,-9.0,0.0
2023-05-22,europe_east,1422.0,115.0,90.0,2636.4,4.0,2.0,50.0,78.0,15.0,87.3,2.0
2023-05-22,iran,1455.0,201.0,354.0,-1054.1,4.0,1.0,110.0,175.0,89.0,-324.0,16.0
2023-05-22,israel,3977.0,553.0,1001.0,-3856.7,31.0,2.0,216.0,851.0,528.0,-2890.7,61.0
2023-05-22,korea,1200.0,89.0,98.0,2273.1,1.0,0.0,48.0,77.0,34.0,-57.4,8.0
2023-05-22,libya,59.0,5.0,5.0,49.0,4.0,0.0,0.0,0.0,0.0,0.0,0.0
2023-05-22,scs,2980.0,231.0,238.0,5206.9,3.0,2.0,105.0,66.0,19.0,173.9,2.0
2023-05-22,southasia,10595.0,1447.0,1287.0,7288.6,39.0,38.0,504.0,182.0,44.0,230.3,5.0
2023-05-22,sudan,1109.0,117.0,203.0,532.4,5.0,2.0,29.0,23.0,8.0,-0.0,0.0
2023-05-22,taiwan,420.0,58.0,28.0,534.0,0.0,3.0,9.0,119.0,57.0,-101.1,7.0
2023-05-22,ukraine,5648.0,625.0,957.0,1772.8,33.0,33.0,205.0,2129.0,1120.0,-5002.5,95.0
2023-05-22,venezuela,119.0,14.0,11.0,134.7,0.0,0.0,3.0,26.0,17.0,-32.3,6.0
2023-05-22,yemen,81.0,6.0,11.0,74.6,0.0,3.0,2.0,11.0,2.0,21.2,2.0
2023-05-23,drc,84.0,14.0,13.0,13.5,0.0,1.0,4.0,10.0,2.0,14.9,0.0
2023-05-23,europe_east,1552.0,148.0,109.0,2923.8,4.0,9.0,53.0,89.0,37.0,-36.7,13.0
2023-05-23,iran,1330.0,198.0,216.0,507.3,4.0,7.0,98.0,239.0,127.0,-315.0,15.0
2023-05-23,israel,3457.0,514.0,643.0,-947.9,14.0,4.0,137.0,574.0,329.0,-1735.8,28.0
2023-05-23,korea,1089.0,121.0,75.0,1915.7,0.0,0.0,38.0,98.0,52.0,-52.8,7.0
2023-05-23,libya,103.0,6.0,3.0,225.3,0.0,0.0,1.0,3.0,0.0,2.7,0.0
2023-05-23,scs,3309.0,291.0,292.0,5751.7,2.0,5.0,112.0,126.0,17.0,395.3,2.0
2023-05-23,southasia,9892.0,1436.0,1161.0,7190.9,31.0,38.0,529.0,106.0,30.0,67.8,2.0
2023-05-23,sudan,1081.0,161.0,190.0,-78.8,10.0,2.0,43.0,8.0,5.0,-31.3,0.0
2023-05-23,taiwan,618.0,88.0,39.0,595.1,0.0,6.0,11.0,150.0,72.0,-169.8,17.0
2023-05-23,ukraine,4927.0,570.0,860.0,470.8,32.0,22.0,175.0,2004.0,1013.0,-4461.4,85.0
2023-05-23,venezuela,147.0,26.0,16.0,115.9,0.0,0.0,7.0,32.0,13.0,-6.3,5.0
2023-05-23,yemen,105.0,7.0,20.0,67.4,0.0,8.0,1.0,42.0,4.0,103.7,1.0
2023-05-24,drc,75.0,6.0,12.0,111.7,0.0,0.0,6.0,1.0,1.0,-2.0,0.0
2023-05-24,europe_east,1446.0,122.0,101.0,2569.5,2.0,3.0,50.0,84.0,36.0,-42.9,7.0
2023-05-24,iran,1396.0,197.0,209.0,716.7,5.0,4.0,108.0,213.0,104.0,-175.3,12.0
2023-05-24,israel,3431.0,563.0,714.0,-1681.4,21.0,2.0,206.0,542.0,326.0,-1718.6,52.0
2023-05-24,korea,1016.0,119.0,96.0,1524.5,15.0,2.0,49.0,76.0,25.0,90.1,3.0
2023-05-24,libya,140.0,3.0,32.0,-26.0,0.0,0.0,1.0,1.0,0.0,-2.0,0.0
2023-05-24,scs,2965.0,342.0,296.0,3556.8,9.0,3.0,146.0,63.0,9.0,148.2,4.0
2023-05-24,southasia,10168.0,1572.0,1547.0,3040.3,38.0,14.0,838.0,48.0,18.0,-43.1,2.0
2023-05-24,sudan,1340.0,150.0,191.0,980.3,0.0,3.0,39.0,8.0,1.0,24.7,0.0
2023-05-24,taiwan,489.0,74.0,35.0,505.7,3.0,0.0,19.0,180.0,60.0,28.8,15.0
2023-05-24,ukraine,4701.0,602.0,810.0,628.0,39.0,19.0,203.0,1910.0,1002.0,-3884.9,111.0
2023-05-24,venezuela,185.0,22.0,23.0,205.3,2.0,1.0,11.0,26.0,9.0,28.0,2.0
2023-05-24,yemen,129.0,7.0,23.0,137.2,0.0,11.0,3.0,29.0,1.0,95.2,0.0
2023-05-25,drc,74.0,12.0,7.0,131.5,0.0,0.0,2.0,8.0,4.0,-10.3,0.0
2023-05-25,europe_east,1473.0,95.0,110.0,3239.3,0.0,7.0,62.0,102.0,26.0,85.2,3.0
2023-05-25,iran,1161.0,165.0,213.0,-90.3,8.0,3.0,81.0,209.0,80.0,-133.3,7.0
2023-05-25,israel,3227.0,497.0,683.0,-1394.5,17.0,13.0,249.0,597.0,286.0,-1021.1,50.0
2023-05-25,korea,1147.0,156.0,162.0,827.3,6.0,2.0,44.0,163.0,75.0,22.3,7.0
2023-05-25,libya,198.0,10.0,22.0,416.3,0.0,1.0,6.0,0.0,0.0,0.0,0.0
2023-05-25,scs,2422.0,203.0,248.0,3590.9,2.0,8.0,107.0,71.0,14.0,130.3,0.0
2023-05-25,southasia,10545.0,1424.0,1402.0,6496.2,22.0,14.0,745.0,73.0,18.0,28.4,2.0
2023-05-25,sudan,1075.0,140.0,217.0,-3.0,8.0,5.0,39.0,14.0,13.0,-118.0,2.0
2023-05-25,taiwan,633.0,76.0,61.0,676.8,5.0,2.0,29.0,207.0,61.0,100.7,12.0
2023-05-25,ukraine,5419.0,672.0,907.0,2111.2,52.0,31.0,170.0,1960.0,1059.0,-4327.0,122.0
2023-05-25,venezuela,136.0,19.0,12.0,257.3,0.0,0.0,9.0,28.0,8.0,38.1,0.0
2023-05-25,yemen,195.0,12.0,10.0,352.4,0.0,0.0,4.0,14.0,3.0,1.2,0.0
2023-05-26,drc,63.0,11.0,7.0,40.0,0.0,0.0,2.0,13.0,3.0,23.4,0.0
2023-05-26,europe_east,1268.0,145.0,155.0,1468.5,2.0,0.0,100.0,158.0,71.0,-59.1,28.0
2023-05-26,iran,1353.0,150.0,277.0,538.6,10.0,1.0,165.0,121.0,43.0,7.2,8.0
2023-05-26,israel,2150.0,279.0,544.0,-2011.2,9.0,1.0,109.0,442.0,272.0,-1608.2,23.0
2023-05-26,korea,997.0,131.0,159.0,503.5,0.0,1.0,64.0,126.0,43.0,7.6,9.0
2023-05-26,libya,166.0,17.0,32.0,55.4,0.0,0.0,8.0,4.0,2.0,2.8,0.0
2023-05-26,scs,2912.0,218.0,330.0,3866.6,6.0,1.0,178.0,121.0,31.0,175.9,0.0
2023-05-26,southasia,10225.0,1521.0,1362.0,6562.2,21.0,18.0,793.0,69.0,14.0,81.9,0.0
2023-05-26,sudan,959.0,100.0,249.0,-576.7,4.0,10.0,38.0,38.0,26.0,-126.5,5.0
2023-05-26,taiwan,544.0,70.0,51.0,640.8,7.0,0.0,28.0,132.0,51.0,-157.2,8.0
2023-05-26,ukraine,5436.0,647.0,1008.0,1161.9,42.0,8.0,205.0,2173.0,1070.0,-4357.3,113.0
2023-05-26,venezuela,189.0,17.0,24.0,277.4,0.0,0.0,16.0,44.0,14.0,-4.0,4.0
2023-05-26,yemen,224.0,8.0,18.0,314.9,1.0,1.0,6.0,27.0,9.0,-19.4,3.0
2023-05-27,drc,49.0,2.0,4.0,100.4,0.0,0.0,1.0,1.0,1.0,-2.0,0.0
2023-05-27,europe_east,503.0,47.0,50.0,658.7,0.0,0.0,27.0,71.0,16.0,41.9,2.0
2023-05-27,iran,1021.0,180.0,286.0,-1374.8,9.0,1.0,86.0,86.0,39.0,-116.6,3.0
2023-05-27,israel,1251.0,182.0,243.0,-590.7,8.0,1.0,71.0,186.0,100.0,-451.2,7.0
2023-05-27,korea,684.0,50.0,104.0,629.7,0.0,5.0,58.0,80.0,25.0,27.5,3.0
2023-05-27,libya,127.0,23.0,29.0,-121.7,0.0,1.0,6.0,0.0,0.0,0.0,0.0
2023-05-27,scs,2277.0,208.0,223.0,3266.6,3.0,8.0,85.0,70.0,21.0,49.6,3.0
2023-05-27,southasia,8577.0,1200.0,1049.0,6322.2,23.0,28.0,614.0,31.0,11.0,5.6,7.0
2023-05-27,sudan,790.0,100.0,113.0,242.3,1.0,3.0,27.0,16.0,10.0,-62.6,2.0
2023-05-27,taiwan,390.0,42.0,35.0,397.3,0.0,6.0,14.0,104.0,46.0,-109.8,0.0
2023-05-27,ukraine,2928.0,401.0,584.0,-682.9,26.0,9.0,84.0,1201.0,596.0,-2205.3,44.0
2023-05-27,venezuela,143.0,4.0,10.0,626.3,0.0,0.0,3.0,27.0,8.0,77.0,1.0
2023-05-27,yemen,91.0,8.0,15.0,80.2,1.0,0.0,9.0,3.0,1.0,-2.0,1.0
2023-05-28,drc,26.0,1.0,5.0,-3.7,0.0,0.0,1.0,0.0,0.0,0.0,0.0
2023-05-28,europe_east,362.0,63.0,43.0,201.6,0.0,0.0,19.0,45.0,19.0,-63.1,5.0
2023-05-28,iran,1261.0,195.0,287.0,-540.9,10.0,2.0,42.0,101.0,50.0,-122.2,6.0
2023-05-28,israel,2310.0,327.0,387.0,214.4,18.0,6.0,143.0,304.0,161.0,-723.2,25.0
2023-05-28,korea,516.0,39.0,92.0,384.4,0.0,2.0,56.0,45.0,20.0,-29.5,2.0
2023-05-28,libya,100.0,13.0,9.0,101.2,0.0,0.0,5.0,0.0,0.0,0.0,0.0
2023-05-28,scs,2199.0,183.0,154.0,3983.9,3.0,6.0,63.0,65.0,11.0,226.5,3.0
2023-05-28,southasia,7684.0,1148.0,1049.0,3038.4,22.0,39.0,536.0,38.0,12.0,-21.1,0.0
2023-05-28,sudan,833.0,92.0,145.0,90.4,3.0,0.0,19.0,10.0,3.0,13.0,0.0
2023-05-28,taiwan,284.0,44.0,21.0,222.4,2.0,4.0,2.0,79.0,23.0,120.1,2.0
2023-05-28,ukraine,2465.0,377.0,599.0,-2593.7,24.0,4.0,67.0,1099.0,666.0,-3697.3,35.0
2023-05-28,venezuela,154.0,7.0,4.0,714.6,0.0,0.0,0.0,11.0,0.0,24.5,0.0
2023-05-28,yemen,91.0,14.0,29.0,-156.8,2.0,0.0,8.0,26.0,8.0,3.9,3.0
2023-05-29,drc,50.0,9.0,12.0,-43.0,0.0,0.0,2.0,0.0,0.0,0.0,0.0
2023-05-29,europe_east,989.0,107.0,124.0,1024.6,5.0,4.0,72.0,146.0,72.0,-138.7,25.0
2023-05-29,iran,1545.0,257.0,323.0,-438.2,8.0,2.0,126.0,82.0,41.0,-65.2,12.0
2023-05-29,israel,2810.0,430.0,625.0,-1894.0,18.0,6.0,154.0,555.0,342.0,-2030.6,47.0
2023-05-29,korea,1325.0,160.0,154.0,1302.5,7.0,6.0,63.0,333.0,135.0,-240.0,18.0
2023-05-29,libya,226.0,22.0,85.0,-323.4,0.0,0.0,43.0,2.0,2.0,-20.0,0.0
2023-05-29,scs,2847.0,221.0,352.0,3445.3,0.0,4.0,138.0,86.0,15.0,179.6,5.0
2023-05-29,southasia,8668.0,1238.0,1189.0,3659.2,29.0,23.0,509.0,21.0,9.0,-74.1,0.0
2023-05-29,sudan,1166.0,126.0,215.0,175.5,8.0,1.0,36.0,23.0,10.0,-46.9,0.0
2023-05-29,taiwan,314.0,30.0,28.0,372.4,0.0,2.0,5.0,46.0,16.0,-21.9,4.0
2023-05-29,ukraine,4017.0,541.0,926.0,-2929.7,37.0,13.0,146.0,1524.0,811.0,-3890.4,43.0
2023-05-29,venezuela,249.0,20.0,23.0,327.3,0.0,3.0,4.0,45.0,11.0,60.8,1.0
2023-05-29,yemen,76.0,9.0,4.0,90.1,0.0,0.0,0.0,25.0,4.0,44.9,0.0
2023-05-30,drc,47.0,7.0,6.0,-27.6,3.0,0.0,0.0,7.0,5.0,-19.3,0.0
2023-05-30,europe_east,1406.0,139.0,150.0,1810.2,3.0,4.0,73.0,123.0,57.0,-129.6,29.0
2023-05-30,iran,1743.0,295.0,355.0,-205.3,4.0,6.0,155.0,139.0,69.0,-88.0,19.0
2023-05-30,israel,3658.0,388.0,771.0,-1008.6,25.0,4.0,179.0,566.0,360.0,-2506.7,46.0
2023-05-30,korea,1585.0,173.0,186.0,1445.2,7.0,1.0,64.0,225.0,104.0,-382.1,13.0
2023-05-30,libya,207.0,23.0,76.0,-265.9,0.0,0.0,51.0,0.0,0.0,0.0,0.0
2023-05-30,scs,3449.0,259.0,362.0,4945.7,14.0,2.0,196.0,107.0,32.0,147.5,14.0
2023-05-30,southasia,9247.0,1280.0,1263.0,4977.6,30.0,28.0,569.0,35.0,12.0,-34.0,5.0
2023-05-30,sudan,1078.0,113.0,164.0,1080.5,8.0,7.0,48.0,17.0,10.0,-54.3,0.0
2023-05-30,taiwan,552.0,60.0,37.0,677.0,1.0,1.0,7.0,110.0,39.0,-41.8,4.0
2023-05-30,ukraine,4468.0,681.0,1064.0,-3948.2,55.0,17.0,179.0,1892.0,1122.0,-5120.6,90.0
2023-05-30,venezuela,303.0,29.0,42.0,324.0,0.0,4.0,26.0,38.0,9.0,32.0,3.0
2023-05-30,yemen,186.0,24.0,24.0,134.2,2.0,0.0,3.0,66.0,8.0,122.2,0.0
2023-05-31,drc,48.0,3.0,11.0,-9.3,0.0,1.0,0.0,18.0,9.0,16.6,0.0
2023-05-31,europe_east,1357.0,163.0,109.0,2105.4,5.0,3.0,43.0,73.0,28.0,-2.1,9.0
2023-05-31,iran,1395.0,178.0,206.0,1024.2,9.0,2.0,95.0,161.0,57.0,64.8,9.0
2023-05-31,israel,4060.0,642.0,915.0,-3137.6,19.0,7.0,239.0,716.0,447.0,-2330.3,52.0
2023-05-31,korea,1998.0,423.0,187.0,1026.7,13.0,12.0,79.0,400.0,201.0,-604.9,19.0
2023-05-31,libya,166.0,15.0,36.0,12.0,3.0,0.0,21.0,3.0,2.0,-11.2,0.0
2023-05-31,scs,3255.0,265.0,372.0,4259.4,1.0,5.0,141.0,68.0,13.0,139.0,2.0
2023-05-31,southasia,9781.0,1325.0,1307.0,5758.6,29.0,17.0,601.0,31.0,9.0,-5.3,3.0
2023-05-31,sudan,1014.0,125.0,253.0,-287.0,8.0,2.0,123.0,44.0,23.0,-115.1,0.0
2023-05-31,taiwan,435.0,44.0,33.0,611.3,3.0,0.0,11.0,114.0,44.0,-47.9,9.0
2023-05-31,ukraine,4650.0,670.0,908.0,-973.3,58.0,11.0,187.0,1642.0,943.0,-3776.9,105.0
2023-05-31,venezuela,262.0,31.0,15.0,347.4,0.0,0.0,7.0,41.0,12.0,-19.0,1.0
2023-05-31,yemen,197.0,28.0,19.0,295.0,3.0,0.0,10.0,45.0,12.0,80.8,1.0
2023-06-01,drc,73.0,2.0,10.0,105.4,0.0,2.0,6.0,9.0,7.0,-12.0,0.0
2023-06-01,europe_east,1291.0,106.0,90.0,2310.5,2.0,2.0,45.0,82.0,41.0,-76.9,1.0
2023-06-01,iran,1655.0,217.0,309.0,94.0,18.0,7.0,100.0,200.0,98.0,-342.4,15.0
2023-06-01,israel,3477.0,519.0,740.0,-1773.6,15.0,13.0,261.0,519.0,255.0,-1007.7,49.0
2023-06-01,korea,1387.0,224.0,147.0,976.1,8.0,0.0,53.0,240.0,136.0,-639.3,1.0
2023-06-01,libya,129.0,11.0,33.0,-45.8,3.0,0.0,18.0,1.0,1.0,-9.5,0.0
2023-06-01,scs,3664.0,254.0,426.0,5277.9,1.0,89.0,178.0,131.0,27.0,369.5,13.0
2023-06-01,southasia,10028.0,1275.0,1290.0,6408.0,3.0,22.0,585.0,40.0,13.0,-44.2,1.0
2023-06-01,sudan,1224.0,167.0,310.0,-442.6,4.0,8.0,121.0,22.0,11.0,-18.1,0.0
2023-06-01,taiwan,743.0,58.0,32.0,1770.9,1.0,0.0,17.0,158.0,40.0,213.2,9.0
2023-06-01,ukraine,6341.0,743.0,1015.0,2126.5,44.0,22.0,216.0,1782.0,1052.0,-5405.5,107.0
2023-06-01,venezuela,221.0,31.0,14.0,227.6,0.0,0.0,6.0,32.0,17.0,-70.0,0.0
2023-06-01,yemen,121.0,15.0,14.0,108.4,3.0,3.0,4.0,13.0,5.0,-10.4,3.0
2023-06-02,drc,78.0,12.0,19.0,-111.8,0.0,0.0,2.0,7.0,0.0,16.9,0.0
2023-06-02,europe_east,1718.0,137.0,104.0,3217.0,1.0,4.0,43.0,205.0,63.0,89.1,4.0
2023-06-02,iran,1702.0,194.0,346.0,188.4,10.0,1.0,176.0,239.0,74.0,23.1,11.0
2023-06-02,israel,3212.0,432.0,650.0,-1124.2,10.0,13.0,181.0,460.0,228.0,-1257.4,22.0
2023-06-02,korea,983.0,158.0,90.0,953.2,8.0,0.0,42.0,130.0,65.0,-165.2,3.0
2023-06-02,libya,111.0,13.0,18.0,-4.7,0.0,0.0,5.0,3.0,1.0,9.0,1.0
2023-06-02,scs,3278.0,255.0,254.0,6259.8,3.0,2.0,170.0,162.0,56.0,167.6,34.0
2023-06-02,southasia,9687.0,1324.0,1264.0,6350.0,15.0,13.0,541.0,32.0,16.0,-77.5,0.0
2023-06-02,sudan,1016.0,126.0,240.0,-299.3,1.0,0.0,110.0,22.0,13.0,-52.4,0.0
2023-06-02,taiwan,712.0,86.0,52.0,1089.6,2.0,0.0,20.0,140.0,49.0,19.9,6.0
2023-06-02,ukraine,5275.0,666.0,946.0,209.1,36.0,18.0,215.0,1686.0,1002.0,-5329.3,88.0
2023-06-02,venezuela,253.0,37.0,25.0,152.3,0.0,0.0,7.0,14.0,4.0,4.6,1.0
2023-06-02,yemen,81.0,5.0,13.0,91.8,1.0,0.0,5.0,25.0,5.0,83.8,1.0
2023-06-03,drc,60.0,6.0,10.0,12.5,0.0,3.0,1.0,9.0,1.0,15.9,0.0
2023-06-03,europe_east,903.0,92.0,42.0,1477.0,3.0,1.0,18.0,64.0,31.0,-99.1,6.0
2023-06-03,iran,1175.0,124.0,218.0,402.3,8.0,0.0,108.0,72.0,37.0,-166.5,3.0
2023-06-03,israel,2148.0,324.0,583.0,-3035.9,6.0,5.0,128.0,209.0,122.0,-665.1,24.0
2023-06-03,korea,707.0,98.0,42.0,925.5,7.0,2.0,13.0,173.0,62.0,3.8,1.0
2023-06-03,libya,144.0,23.0,28.0,-16.1,0.0,0.0,13.0,0.0,0.0,0.0,0.0
2023-06-03,scs,1864.0,147.0,132.0,3777.9,4.0,0.0,61.0,106.0,4.0,393.1,0.0
2023-06-03,southasia,6997.0,759.0,860.0,6150.7,8.0,24.0,398.0,32.0,4.0,17.7,0.0
2023-06-03,sudan,591.0,76.0,128.0,-150.6,1.0,0.0,49.0,9.0,7.0,-38.3,0.0
2023-06-03,taiwan,619.0,152.0,36.0,408.9,2.0,0.0,11.0,178.0,66.0,8.5,18.0
2023-06-03,ukraine,2399.0,325.0,495.0,-1184.6,12.0,11.0,75.0,1072.0,634.0,-3403.9,47.0
2023-06-03,venezuela,139.0,22.0,18.0,97.9,0.0,0.0,4.0,23.0,5.0,18.7,1.0
2023-06-03,yemen,40.0,5.0,1.0,81.6,0.0,0.0,0.0,3.0,1.0,-0.4,1.0
2023-06-04,drc,36.0,0.0,1.0,94.3,0.0,0.0,1.0,6.0,0.0,16.2,0.0
2023-06-04,europe_east,768.0,124.0,66.0,790.9,0.0,1.0,22.0,39.0,16.0,-29.4,5.0
2023-06-04,iran,935.0,105.0,136.0,777.4,5.0,0.0,86.0,140.0,36.0,69.2,4.0
2023-06-04,israel,2915.0,415.0,724.0,-3017.0,8.0,4.0,153.0,364.0,194.0,-945.6,21.0
2023-06-04,korea,766.0,120.0,74.0,908.4,7.0,1.0,18.0,135.0,55.0,-4.2,5.0
2023-06-04,libya,131.0,7.0,28.0,96.0,0.0,0.0,17.0,0.0,0.0,0.0,0.0
2023-06-04,scs,2735.0,150.0,142.0,6432.8,2.0,0.0,88.0,145.0,14.0,518.3,2.0
2023-06-04,southasia,6408.0,764.0,746.0,4791.8,13.0,26.0,300.0,11.0,2.0,18.7,0.0
2023-06-04,sudan,684.0,77.0,142.0,90.5,0.0,1.0,40.0,12.0,7.0,-39.8,1.0
2023-06-04,taiwan,696.0,138.0,78.0,339.4,5.0,2.0,42.0,347.0,149.0,-181.4,44.0
2023-06-04,ukraine,2465.0,324.0,553.0,-1725.0,12.0,7.0,71.0,1276.0,696.0,-3342.6,46.0
2023-06-04,venezuela,70.0,4.0,1.0,144.7,0.0,0.0,1.0,10.0,3.0,3.4,0.0
2023-06-04,yemen,35.0,3.0,2.0,72.5,0.0,0.0,1.0,2.0,0.0,4.7,0.0
2023-06-05,drc,8.0,0.0,3.0,-16.5,0.0,0.0,0.0,0.0,0.0,0.0,0.0
2023-06-05,europe_east,1235.0,155.0,162.0,1201.4,3.0,4.0,51.0,59.0,26.0,-92.0,6.0
2023-06-05,iran,1325.0,213.0,212.0,263.6,9.0,0.0,133.0,186.0,50.0,130.3,6.0
2023-06-05,israel,3991.0,531.0,729.0,-879.6,14.0,7.0,162.0,565.0,289.0,-1649.4,30.0
2023-06-05,korea,1032.0,137.0,92.0,1456.2,2.0,2.0,24.0,133.0,49.0,96.5,2.0
2023-06-05,libya,132.0,14.0,40.0,-66.3,0.0,0.0,23.0,0.0,0.0,0.0,0.0
2023-06-05,scs,2860.0,177.0,165.0,6552.8,4.0,9.0,93.0,128.0,24.0,251.6,11.0
2023-06-05,southasia,8777.0,1137.0,1064.0,6539.7,26.0,15.0,487.0,61.0,20.0,69.1,4.0
2023-06-05,sudan,777.0,76.0,166.0,101.9,0.0,3.0,36.0,11.0,2.0,16.6,0.0
2023-06-05,taiwan,708.0,117.0,84.0,289.3,10.0,1.0,32.0,276.0,87.0,50.1,13.0
2023-06-05,ukraine,4416.0,507.0,957.0,-2274.0,32.0,40.0,146.0,1970.0,1091.0,-5226.9,103.0
2023-06-05,venezuela,321.0,38.0,33.0,330.3,1.0,0.0,14.0,69.0,7.0,162.3,1.0
2023-06-05,yemen,124.0,9.0,23.0,92.4,0.0,1.0,6.0,21.0,14.0,-101.5,1.0
2023-06-06,drc,112.0,4.0,10.0,96.4,0.0,0.0,0.0,1.0,0.0,7.4,0.0
2023-06-06,europe_east,1551.0,149.0,215.0,1238.0,1.0,3.0,60.0,69.0,34.0,-102.3,15.0
2023-06-06,iran,1486.0,191.0,170.0,1330.6,10.0,1.0,73.0,203.0,66.0,12.0,7.0
2023-06-06,israel,3807.0,531.0,682.0,-702.5,34.0,4.0,148.0,474.0,253.0,-1258.9,27.0
2023-06-06,korea,923.0,149.0,67.0,1177.8,1.0,5.0,30.0,84.0,36.0,4.1,2.0
2023-06-06,libya,134.0,16.0,24.0,81.8,0.0,0.0,10.0,0.0,0.0,0.0,0.0
2023-06-06,scs,3052.0,233.0,226.0,5727.4,1.0,7.0,118.0,123.0,27.0,252.3,5.0
2023-06-06,southasia,9515.0,1278.0,1139.0,7646.3,21.0,28.0,520.0,25.0,7.0,39.3,1.0
2023-06-06,sudan,700.0,65.0,162.0,-25.3,1.0,5.0,40.0,13.0,8.0,-58.0,0.0
2023-06-06,taiwan,510.0,71.0,36.0,734.8,3.0,1.0,15.0,139.0,58.0,-40.3,11.0
2023-06-06,ukraine,7531.0,1561.0,1193.0,-2450.4,104.0,25.0,384.0,3310.0,1973.0,-7298.5,180.0
2023-06-06,venezuela,290.0,26.0,49.0,157.5,0.0,0.0,22.0,113.0,25.0,70.0,10.0
2023-06-06,yemen,145.0,15.0,29.0,43.9,0.0,1.0,7.0,35.0,6.0,26.5,0.0
2023-06-07,drc,44.0,4.0,4.0,52.3,1.0,1.0,1.0,22.0,13.0,-14.2,4.0
2023-06-07,europe_east,1374.0,151.0,143.0,1587.6,3.0,5.0,64.0,61.0,24.0,5.9,11.0
2023-06-07,iran,1525.0,188.0,165.0,1934.6,6.0,5.0,93.0,255.0,79.0,164.2,21.0
2023-06-07,israel,3416.0,525.0,481.0,750.8,20.0,2.0,153.0,364.0,204.0,-984.1,36.0
2023-06-07,korea,1125.0,145.0,76.0,1798.4,9.0,1.0,46.0,85.0,18.0,63.3,2.0
2023-06-07,libya,165.0,22.0,12.0,228.7,0.0,0.0,7.0,0.0,0.0,0.0,0.0
2023-06-07,scs,3378.0,260.0,300.0,5970.3,4.0,7.0,136.0,200.0,70.0,202.9,15.0
2023-06-07,southasia,9936.0,1343.0,1363.0,4376.7,16.0,18.0,491.0,7.0,1.0,32.6,0.0
2023-06-07,sudan,797.0,88.0,187.0,-276.7,3.0,1.0,34.0,10.0,8.0,-16.0,0.0
2023-06-07,taiwan,425.0,56.0,38.0,604.1,3.0,0.0,14.0,133.0,34.0,187.8,1.0
2023-06-07,ukraine,7000.0,1463.0,952.0,-4.1,71.0,28.0,364.0,2676.0,1579.0,-4589.7,116.0
2023-06-07,venezuela,352.0,44.0,35.0,242.2,1.0,0.0,16.0,78.0,4.0,140.8,4.0
2023-06-07,yemen,171.0,19.0,28.0,-0.2,0.0,0.0,2.0,30.0,8.0,22.0,0.0
2023-06-08,drc,56.0,5.0,12.0,-27.3,0.0,1.0,6.0,23.0,17.0,-41.6,1.0
2023-06-08,europe_east,1290.0,145.0,123.0,1604.3,5.0,15.0,53.0,101.0,53.0,-96.3,18.0
2023-06-08,iran,1272.0,162.0,129.0,1737.4,8.0,0.0,68.0,208.0,60.0,26.9,7.0
2023-06-08,israel,3840.0,548.0,761.0,-1958.6,11.0,2.0,201.0,554.0,302.0,-1414.3,49.0
2023-06-08,korea,784.0,94.0,63.0,1353.6,2.0,0.0,34.0,52.0,7.0,137.6,0.0
2023-06-08,libya,111.0,6.0,10.0,212.4,0.0,0.0,3.0,0.0,0.0,0.0,0.0
2023-06-08,scs,3899.0,330.0,259.0,7038.4,0.0,4.0,135.0,214.0,42.0,351.5,3.0
2023-06-08,southasia,8772.0,1316.0,1271.0,2351.1,20.0,26.0,434.0,22.0,9.0,-31.6,4.0
2023-06-08,sudan,891.0,94.0,203.0,-304.3,0.0,4.0,38.0,23.0,23.0,-197.0,0.0
2023-06-08,taiwan,560.0,81.0,48.0,742.3,3.0,4.0,10.0,166.0,49.0,-33.1,18.0
2023-06-08,ukraine,6493.0,1169.0,978.0,639.3,43.0,14.0,330.0,2394.0,1394.0,-4756.0,108.0
2023-06-08,venezuela,314.0,30.0,18.0,609.0,0.0,0.0,16.0,50.0,10.0,33.9,4.0
2023-06-08,yemen,146.0,9.0,21.0,108.2,0.0,0.0,0.0,13.0,0.0,26.6,0.0
2023-06-09,drc,30.0,2.0,9.0,-42.0,0.0,0.0,1.0,7.0,2.0,-5.0,0.0
2023-06-09,europe_east,1513.0,141.0,252.0,1146.9,8.0,122.0,61.0,80.0,47.0,-105.7,19.0
2023-06-09,iran,1523.0,214.0,221.0,1107.6,1.0,0.0,100.0,377.0,95.0,207.6,17.0
2023-06-09,israel,2715.0,336.0,626.0,-2197.9,7.0,23.0,145.0,491.0,271.0,-1480.9,47.0
2023-06-09,korea,945.0,131.0,75.0,1438.2,4.0,1.0,30.0,71.0,16.0,129.6,1.0
2023-06-09,libya,145.0,12.0,21.0,139.1,1.0,0.0,7.0,7.0,0.0,26.4,0.0
2023-06-09,scs,2562.0,174.0,214.0,4202.0,2.0,10.0,106.0,191.0,20.0,562.2,0.0
2023-06-09,southasia,8120.0,1157.0,1053.0,4501.9,29.0,33.0,472.0,16.0,8.0,-33.5,3.0
2023-06-09,sudan,1102.0,202.0,210.0,8.3,5.0,4.0,29.0,20.0,7.0,7.7,0.0
2023-06-09,taiwan,541.0,67.0,49.0,310.2,1.0,2.0,21.0,110.0,45.0,-160.8,2.0
2023-06-09,ukraine,6105.0,1021.0,1180.0,-2987.4,42.0,27.0,250.0,2287.0,1387.0,-6850.8,69.0
2023-06-09,venezuela,319.0,24.0,40.0,572.9,0.0,0.0,17.0,39.0,15.0,-1.2,4.0
2023-06-09,yemen,79.0,8.0,13.0,46.3,0.0,0.0,2.0,23.0,6.0,-13.6,0.0
2023-06-10,drc,34.0,0.0,10.0,-9.0,0.0,1.0,2.0,1.0,0.0,-2.0,0.0
2023-06-10,europe_east,631.0,48.0,72.0,883.3,3.0,0.0,52.0,43.0,25.0,-107.8,5.0
2023-06-10,iran,985.0,160.0,139.0,535.9,6.0,1.0,53.0,241.0,70.0,269.8,8.0
2023-06-10,israel,1595.0,255.0,324.0,-1072.1,13.0,8.0,86.0,231.0,135.0,-723.4,30.0
2023-06-10,korea,439.0,63.0,39.0,547.2,4.0,0.0,16.0,41.0,13.0,1.1,1.0
2023-06-10,libya,54.0,2.0,8.0,36.8,0.0,0.0,4.0,0.0,0.0,0.0,0.0
2023-06-10,scs,1983.0,197.0,145.0,3072.3,8.0,3.0,63.0,140.0,58.0,-15.0,4.0
2023-06-10,southasia,6555.0,986.0,830.0,2754.6,15.0,22.0,351.0,15.0,7.0,-18.0,0.0
2023-06-10,sudan,714.0,108.0,128.0,258.8,4.0,1.0,18.0,27.0,8.0,35.9,0.0
2023-06-10,taiwan,358.0,50.0,31.0,376.5,0.0,2.0,16.0,135.0,40.0,182.1,5.0
2023-06-10,ukraine,4647.0,644.0,865.0,-504.8,33.0,12.0,175.0,1714.0,931.0,-3569.9,56.0
2023-06-10,venezuela,215.0,12.0,11.0,530.4,0.0,0.0,4.0,14.0,0.0,36.2,0.0
2023-06-10,yemen,52.0,5.0,12.0,-23.1,0.0,0.0,4.0,19.0,5.0,37.1,4.0
2023-06-11,drc,11.0,1.0,0.0,13.7,0.0,0.0,0.0,1.0,1.0,-4.0,0.0
2023-06-11,europe_east,512.0,50.0,75.0,548.9,0.0,0.0,44.0,27.0,9.0,-9.9,0.0
2023-06-11,iran,1015.0,127.0,112.0,1285.5,5.0,3.0,58.0,208.0,51.0,204.6,9.0
2023-06-11,israel,2029.0,299.0,470.0,-1766.2,7.0,4.0,105.0,281.0,174.0,-1028.9,28.0
2023-06-11,korea,387.0,71.0,36.0,385.8,0.0,0.0,14.0,16.0,8.0,-51.7,1.0
2023-06-11,libya,67.0,10.0,11.0,62.8,1.0,0.0,9.0,0.0,0.0,0.0,0.0
2023-06-11,scs,1727.0,93.0,117.0,3626.7,1.0,4.0,47.0,88.0,5.0,348.7,0.0
2023-06-11,southasia,6029.0,908.0,790.0,2540.0,4.0,33.0,272.0,16.0,8.0,-29.0,5.0
2023-06-11,sudan,493.0,76.0,89.0,19.1,0.0,1.0,27.0,8.0,5.0,-15.0,0.0
2023-06-11,taiwan,406.0,36.0,65.0,284.6,0.0,9.0,16.0,239.0,80.0,-33.0,15.0
2023-06-11,ukraine,3236.0,521.0,773.0,-2695.6,47.0,17.0,175.0,1431.0,824.0,-3306.9,55.0
2023-06-11,venezuela,167.0,15.0,20.0,152.9,0.0,0.0,9.0,13.0,0.0,24.4,0.0
2023-06-11,yemen,95.0,13.0,26.0,-130.6,0.0,1.0,1.0,15.0,7.0,-30.0,0.0
2023-06-12,drc,97.0,21.0,24.0,-135.1,0.0,0.0,2.0,8.0,3.0,2.0,0.0
2023-06-12,europe_east,1283.0,105.0,150.0,1689.8,1.0,4.0,87.0,82.0,17.0,90.7,0.0
2023-06-12,iran,1348.0,161.0,170.0,1623.3,13.0,1.0,103.0,302.0,107.0,63.0,22.0
2023-06-12,israel,3140.0,523.0,611.0,-852.9,19.0,11.0,171.0,479.0,302.0,-1700.6,52.0
2023-06-12,korea,1224.0,148.0,143.0,1639.1,3.0,1.0,96.0,111.0,28.0,-5.1,2.0
2023-06-12,libya,144.0,22.0,13.0,133.9,1.0,0.0,6.0,0.0,0.0,0.0,0.0
2023-06-12,scs,3561.0,281.0,314.0,5789.4,7.0,11.0,130.0,158.0,27.0,436.0,1.0
2023-06-12,southasia,8706.0,1203.0,1155.0,5492.2,16.0,73.0,474.0,33.0,13.0,-27.4,2.0
2023-06-12,sudan,560.0,72.0,130.0,-407.6,1.0,4.0,23.0,9.0,7.0,-54.1,0.0
2023-06-12,taiwan,497.0,72.0,58.0,402.5,2.0,4.0,26.0,184.0,55.0,91.3,9.0
2023-06-12,ukraine,5027.0,740.0,969.0,-1321.6,42.0,24.0,214.0,1869.0,1161.0,-5074.2,70.0
2023-06-12,venezuela,405.0,26.0,25.0,936.3,0.0,0.0,12.0,57.0,16.0,-2.7,1.0
2023-06-12,yemen,131.0,19.0,19.0,-17.0,0.0,0.0,5.0,18.0,1.0,63.1,0.0
2023-06-13,drc,109.0,20.0,35.0,-227.9,0.0,0.0,5.0,17.0,7.0,-8.5,3.0
2023-06-13,europe_east,1254.0,118.0,107.0,1787.8,0.0,6.0,32.0,49.0,13.0,-3.7,7.0
2023-06-13,iran,1384.0,199.0,185.0,966.1,8.0,3.0,67.0,322.0,112.0,145.8,13.0
2023-06-13,israel,3457.0,460.0,693.0,-1802.4,13.0,3.0,164.0,530.0,292.0,-1730.1,25.0
2023-06-13,korea,976.0,104.0,94.0,1385.8,3.0,0.0,62.0,67.0,17.0,97.7,0.0
2023-06-13,libya,175.0,13.0,20.0,187.7,0.0,2.0,7.0,6.0,2.0,-16.1,0.0
2023-06-13,scs,2326.0,188.0,191.0,3643.2,7.0,7.0,91.0,83.0,17.0,5.3,6.0
2023-06-13,southasia,8746.0,1359.0,1036.0,5671.4,17.0,72.0,496.0,28.0,7.0,22.1,4.0
2023-06-13,sudan,773.0,72.0,133.0,295.7,3.0,0.0,16.0,18.0,7.0,-37.4,0.0
2023-06-13,taiwan,475.0,42.0,63.0,314.2,2.0,1.0,25.0,114.0,37.0,67.6,6.0
2023-06-13,ukraine,5434.0,816.0,1187.0,-3309.7,32.0,24.0,199.0,1920.0,1169.0,-5796.7,58.0
2023-06-13,venezuela,403.0,29.0,31.0,760.4,0.0,0.0,26.0,77.0,7.0,109.2,0.0
2023-06-13,yemen,148.0,26.0,20.0,27.2,1.0,3.0,6.0,13.0,1.0,37.1,0.0
2023-06-14,drc,60.0,12.0,19.0,-134.0,2.0,0.0,3.0,2.0,2.0,-4.0,0.0
2023-06-14,europe_east,1477.0,233.0,150.0,1446.2,3.0,0.0,68.0,73.0,25.0,53.6,16.0
2023-06-14,iran,1254.0,172.0,135.0,1536.7,3.0,9.0,71.0,337.0,107.0,165.4,9.0
2023-06-14,israel,3931.0,547.0,706.0,-203.0,14.0,2.0,191.0,639.0,369.0,-2017.3,46.0
2023-06-14,korea,1134.0,186.0,157.0,443.8,1.0,1.0,76.0,133.0,71.0,-183.7,17.0
2023-06-14,libya,193.0,13.0,33.0,146.0,0.0,0.0,21.0,0.0,0.0,0.0,0.0
2023-06-14,scs,2718.0,242.0,263.0,3836.8,6.0,5.0,80.0,228.0,32.0,427.4,0.0
2023-06-14,southasia,9648.0,1389.0,1317.0,4644.5,9.0,63.0,578.0,43.0,17.0,-85.0,4.0
2023-06-14,sudan,1038.0,144.0,210.0,-319.0,3.0,6.0,25.0,10.0,8.0,-35.2,0.0
2023-06-14,taiwan,614.0,65.0,56.0,782.4,0.0,1.0,27.0,154.0,44.0,73.4,8.0
2023-06-14,ukraine,4964.0,674.0,996.0,-1570.3,47.0,22.0,183.0,1756.0,985.0,-4764.9,85.0
2023-06-14,venezuela,445.0,67.0,30.0,705.9,0.0,0.0,24.0,31.0,12.0,-7.5,3.0
2023-06-14,yemen,154.0,30.0,34.0,-122.1,0.0,1.0,5.0,27.0,16.0,-47.9,0.0
2023-06-15,drc,67.0,20.0,6.0,43.6,0.0,0.0,4.0,4.0,4.0,-8.0,0.0
2023-06-15,europe_east,1536.0,167.0,129.0,2407.1,0.0,1.0,69.0,61.0,6.0,113.0,3.0
2023-06-15,iran,1606.0,146.0,166.0,2650.0,7.0,1.0,93.0,467.0,115.0,564.5,26.0
2023-06-15,israel,3636.0,490.0,617.0,117.6,7.0,5.0,179.0,729.0,371.0,-1801.1,38.0
2023-06-15,korea,1304.0,242.0,304.0,-1097.0,4.0,1.0,67.0,375.0,261.0,-1564.6,33.0
2023-06-15,libya,267.0,16.0,29.0,296.3,0.0,0.0,15.0,0.0,0.0,0.0,0.0
2023-06-15,scs,2192.0,194.0,214.0,2965.4,2.0,2.0,62.0,183.0,17.0,444.7,3.0
2023-06-15,southasia,8731.0,1181.0,1225.0,4361.4,7.0,73.0,586.0,33.0,6.0,34.8,0.0
2023-06-15,sudan,1270.0,251.0,299.0,-1074.2,8.0,3.0,40.0,23.0,19.0,-95.5,0.0
2023-06-15,taiwan,510.0,53.0,52.0,651.7,2.0,1.0,21.0,139.0,25.0,279.9,4.0
2023-06-15,ukraine,5167.0,573.0,925.0,350.4,34.0,14.0,172.0,1551.0,844.0,-3751.1,85.0
2023-06-15,venezuela,269.0,25.0,29.0,393.1,0.0,0.0,17.0,51.0,2.0,132.7,1.0
2023-06-15,yemen,137.0,28.0,25.0,-39.2,1.0,1.0,7.0,16.0,11.0,-60.6,2.0
2023-06-16,drc,52.0,11.0,11.0,-5.7,0.0,1.0,3.0,17.0,8.0,-11.3,0.0
2023-06-16,europe_east,1406.0,155.0,105.0,2204.5,5.0,12.0,47.0,82.0,26.0,-0.1,3.0
2023-06-16,iran,1283.0,118.0,119.0,2039.3,6.0,2.0,70.0,373.0,95.0,386.1,21.0
2023-06-16,israel,2748.0,316.0,367.0,1606.5,14.0,0.0,108.0,407.0,196.0,-1066.8,22.0
2023-06-16,korea,1120.0,168.0,196.0,-75.2,2.0,5.0,55.0,217.0,139.0,-720.0,27.0
2023-06-16,libya,155.0,14.0,33.0,-19.4,0.0,0.0,18.0,0.0,0.0,0.0,0.0
2023-06-16,scs,2270.0,225.0,254.0,2533.4,0.0,8.0,93.0,51.0,2.0,184.0,0.0
2023-06-16,southasia,8957.0,1433.0,1305.0,2848.7,13.0,34.0,599.0,29.0,9.0,-13.0,4.0
2023-06-16,sudan,1065.0,261.0,250.0,-1470.1,4.0,1.0,26.0,23.0,15.0,6.8,0.0
2023-06-16,taiwan,541.0,56.0,48.0,793.8,4.0,0.0,24.0,114.0,43.0,-37.5,8.0
2023-06-16,ukraine,5622.0,615.0,809.0,3699.5,42.0,29.0,216.0,1804.0,793.0,-2299.8,103.0
2023-06-16,venezuela,306.0,16.0,21.0,630.0,1.0,0.0,16.0,58.0,9.0,76.4,2.0
2023-06-16,yemen,114.0,21.0,16.0,45.7,1.0,0.0,3.0,43.0,10.0,53.4,2.0
2023-06-17,drc,39.0,4.0,23.0,-202.5,0.0,1.0,4.0,43.0,34.0,-205.8,3.0
2023-06-17,europe_east,782.0,73.0,45.0,1484.9,4.0,2.0,25.0,83.0,13.0,162.9,4.0
2023-06-17,iran,1246.0,114.0,149.0,1778.2,3.0,6.0,71.0,228.0,53.0,318.2,9.0
2023-06-17,israel,1823.0,211.0,265.0,1171.2,6.0,3.0,95.0,261.0,108.0,-241.4,14.0
2023-06-17,korea,705.0,103.0,74.0,387.6,2.0,0.0,18.0,104.0,39.0,-4.5,8.0
2023-06-17,libya,188.0,11.0,35.0,73.1,0.0,0.0,20.0,6.0,0.0,16.2,0.0
2023-06-17,scs,1894.0,154.0,231.0,1867.6,3.0,4.0,77.0,68.0,0.0,212.9,0.0
2023-06-17,southasia,6977.0,1030.0,925.0,3645.7,12.0,36.0,464.0,12.0,4.0,-9.4,2.0
2023-06-17,sudan,690.0,131.0,200.0,-1099.9,3.0,1.0,24.0,24.0,15.0,-61.3,0.0
2023-06-17,taiwan,401.0,46.0,25.0,457.1,2.0,0.0,12.0,110.0,35.0,-28.9,9.0
2023-06-17,ukraine,3515.0,417.0,521.0,2042.1,23.0,13.0,81.0,1307.0,652.0,-2494.1,35.0
2023-06-17,venezuela,173.0,12.0,10.0,401.0,0.0,0.0,5.0,30.0,4.0,47.0,0.0
2023-06-17,yemen,97.0,9.0,17.0,14.7,0.0,0.0,0.0,47.0,6.0,55.4,0.0
2023-06-18,drc,29.0,4.0,8.0,0.1,0.0,0.0,0.0,22.0,18.0,-104.0,0.0
2023-06-18,europe_east,589.0,59.0,65.0,733.3,1.0,0.0,39.0,75.0,27.0,-29.2,17.0
2023-06-18,iran,1140.0,82.0,92.0,2079.4,1.0,0.0,34.0,299.0,56.0,717.7,7.0
2023-06-18,israel,2493.0,373.0,415.0,165.8,5.0,0.0,144.0,490.0,206.0,-498.2,19.0
2023-06-18,korea,545.0,43.0,65.0,596.2,1.0,0.0,24.0,75.0,23.0,50.2,5.0
2023-06-18,libya,147.0,11.0,15.0,210.0,0.0,0.0,11.0,0.0,0.0,0.0,0.0
2023-06-18,scs,1985.0,153.0,214.0,2466.6,7.0,1.0,69.0,94.0,16.0,183.9,0.0
2023-06-18,southasia,6966.0,951.0,976.0,2508.7,14.0,29.0,410.0,11.0,3.0,3.3,2.0
2023-06-18,sudan,734.0,93.0,170.0,-147.5,4.0,0.0,12.0,13.0,9.0,-21.4,0.0
2023-06-18,taiwan,533.0,48.0,38.0,765.8,0.0,1.0,18.0,168.0,54.0,-77.8,23.0
2023-06-18,ukraine,2976.0,438.0,551.0,-72.4,18.0,5.0,135.0,1198.0,667.0,-2561.1,42.0
2023-06-18,venezuela,107.0,9.0,3.0,132.3,1.0,0.0,3.0,13.0,2.0,12.5,0.0
2023-06-18,yemen,241.0,5.0,29.0,358.0,0.0,0.0,4.0,111.0,15.0,104.9,0.0
2023-06-19,drc,53.0,8.0,4.0,137.1,0.0,0.0,0.0,26.0,5.0,78.2,1.0
2023-06-19,europe_east,1353.0,166.0,124.0,2015.8,5.0,1.0,73.0,79.0,26.0,-25.2,15.0
2023-06-19,iran,1227.0,139.0,141.0,1550.1,2.0,1.0,78.0,221.0,76.0,152.5,7.0
2023-06-19,israel,3799.0,522.0,1103.0,-5740.1,17.0,15.0,193.0,906.0,547.0,-3285.2,42.0
2023-06-19,korea,1003.0,84.0,60.0,2026.9,2.0,1.0,37.0,57.0,21.0,-35.9,3.0
2023-06-19,libya,282.0,20.0,44.0,128.4,0.0,0.0,14.0,0.0,0.0,0.0,0.0
2023-06-19,scs,3493.0,235.0,277.0,6674.4,10.0,6.0,93.0,107.0,0.0,401.9,0.0
2023-06-19,southasia,9727.0,1438.0,1297.0,4910.3,20.0,35.0,563.0,12.0,5.0,-9.9,3.0
2023-06-19,sudan,1192.0,123.0,234.0,199.3,5.0,0.0,39.0,18.0,10.0,-60.9,0.0
2023-06-19,taiwan,851.0,128.0,26.0,1283.8,5.0,0.0,17.0,325.0,86.0,250.4,14.0
2023-06-19,ukraine,4907.0,631.0,888.0,339.0,23.0,32.0,187.0,1619.0,873.0,-3430.5,83.0
2023-06-19,venezuela,119.0,11.0,11.0,207.1,0.0,0.0,7.0,18.0,2.0,39.4,1.0
2023-06-19,yemen,162.0,13.0,36.0,1.8,0.0,0.0,17.0,37.0,9.0,25.3,0.0
2023-06-20,drc,38.0,1.0,8.0,58.4,0.0,0.0,4.0,15.0,4.0,58.3,3.0
2023-06-20,europe_east,1683.0,121.0,286.0,1773.5,3.0,3.0,132.0,118.0,39.0,-10.8,14.0
2023-06-20,iran,1175.0,149.0,142.0,1109.4,4.0,0.0,54.0,179.0,64.0,33.1,12.0
2023-06-20,israel,4577.0,657.0,1346.0,-8008.1,29.0,7.0,228.0,977.0,651.0,-4845.3,24.0
2023-06-20,korea,1090.0,102.0,97.0,1639.1,1.0,0.0,54.0,33.0,17.0,-96.7,0.0
2023-06-20,libya,253.0,20.0,33.0,326.5,0.0,0.0,23.0,0.0,0.0,0.0,0.0
2023-06-20,scs,3273.0,201.0,188.0,6732.0,1.0,0.0,87.0,167.0,37.0,151.8,5.0
2023-06-20,southasia,11119.0,1426.0,1191.0,11032.4,9.0,48.0,535.0,9.0,0.0,32.0,0.0
2023-06-20,sudan,1320.0,166.0,261.0,-35.2,7.0,0.0,27.0,12.0,10.0,-86.4,2.0
2023-06-20,taiwan,802.0,123.0,48.0,1040.0,3.0,4.0,18.0,382.0,91.0,483.9,10.0
2023-06-20,ukraine,5290.0,685.0,934.0,403.5,41.0,22.0,183.0,1698.0,930.0,-4168.0,103.0
2023-06-20,venezuela,106.0,11.0,8.0,139.1,0.0,2.0,1.0,7.0,3.0,-17.2,0.0
2023-06-20,yemen,133.0,7.0,16.0,182.2,0.0,0.0,4.0,51.0,8.0,47.6,0.0
2023-06-21,drc,33.0,0.0,6.0,19.7,0.0,0.0,0.0,17.0,9.0,4.2,2.0
2023-06-21,europe_east,1475.0,170.0,213.0,1559.2,2.0,3.0,124.0,81.0,25.0,-13.3,10.0
2023-06-21,iran,1541.0,219.0,221.0,999.2,11.0,1.0,100.0,219.0,86.0,70.3,23.0
2023-06-21,israel,4921.0,677.0,1767.0,-12556.9,48.0,26.0,288.0,1268.0,932.0,-7079.0,119.0
2023-06-21,korea,830.0,94.0,82.0,953.3,1.0,1.0,41.0,21.0,10.0,-28.8,1.0
2023-06-21,libya,221.0,25.0,19.0,445.5,0.0,0.0,16.0,2.0,2.0,-4.0,0.0
2023-06-21,scs,3227.0,250.0,246.0,5671.1,2.0,9.0,155.0,111.0,21.0,286.1,9.0
2023-06-21,southasia,11033.0,1259.0,1212.0,10475.6,27.0,44.0,600.0,43.0,16.0,-28.1,3.0
2023-06-21,sudan,1012.0,168.0,294.0,-1682.7,5.0,1.0,30.0,12.0,12.0,-99.0,0.0
2023-06-21,taiwan,683.0,105.0,63.0,556.6,2.0,3.0,32.0,250.0,48.0,340.3,5.0
2023-06-21,ukraine,4910.0,565.0,752.0,3094.7,29.0,7.0,190.0,1387.0,766.0,-3147.1,73.0
2023-06-21,venezuela,160.0,17.0,27.0,100.8,0.0,0.0,21.0,15.0,7.0,-3.0,5.0
2023-06-21,yemen,141.0,7.0,9.0,302.4,0.0,0.0,1.0,9.0,1.0,4.5,0.0
2023-06-22,drc,24.0,1.0,6.0,-17.2,0.0,0.0,0.0,19.0,9.0,-5.5,2.0
2023-06-22,europe_east,1344.0,125.0,112.0,2262.5,4.0,6.0,50.0,45.0,22.0,-88.2,7.0
2023-06-22,iran,1450.0,99.0,154.0,2184.7,5.0,0.0,65.0,232.0,38.0,502.3,18.0
2023-06-22,israel,4206.0,570.0,1207.0,-6729.7,14.0,12.0,250.0,892.0,613.0,-4329.1,86.0
2023-06-22,korea,939.0,80.0,44.0,1862.8,1.0,0.0,14.0,43.0,10.0,35.7,2.0
2023-06-22,libya,295.0,20.0,39.0,330.9,0.0,3.0,24.0,0.0,0.0,0.0,0.0
2023-06-22,scs,3455.0,250.0,232.0,5928.8,10.0,0.0,112.0,157.0,20.0,411.5,8.0
2023-06-22,southasia,12562.0,1424.0,1189.0,15083.6,42.0,39.0,608.0,26.0,5.0,50.7,3.0
2023-06-22,sudan,736.0,85.0,183.0,-610.6,4.0,4.0,13.0,8.0,8.0,-66.4,2.0
2023-06-22,taiwan,536.0,77.0,40.0,719.1,0.0,3.0,18.0,188.0,51.0,59.8,7.0
2023-06-22,ukraine,5016.0,638.0,809.0,1555.3,40.0,25.0,176.0,1506.0,839.0,-3703.9,87.0
2023-06-22,venezuela,180.0,14.0,47.0,2.3,0.0,0.0,27.0,46.0,22.0,-16.6,11.0
2023-06-22,yemen,131.0,13.0,18.0,104.3,1.0,0.0,7.0,31.0,4.0,40.9,0.0
2023-06-23,drc,57.0,9.0,7.0,-26.5,0.0,0.0,2.0,23.0,9.0,35.2,2.0
2023-06-23,europe_east,1026.0,95.0,94.0,1653.4,2.0,1.0,59.0,67.0,17.0,46.0,2.0
2023-06-23,iran,966.0,120.0,161.0,317.4,9.0,1.0,82.0,157.0,44.0,32.1,4.0
2023-06-23,israel,3456.0,443.0,1034.0,-5864.2,11.0,3.0,231.0,884.0,588.0,-4214.0,88.0
2023-06-23,korea,1149.0,97.0,83.0,2165.7,2.0,5.0,36.0,67.0,21.0,32.3,7.0
2023-06-23,libya,178.0,8.0,37.0,114.3,0.0,1.0,21.0,0.0,0.0,0.0,0.0
2023-06-23,scs,4234.0,261.0,314.0,7356.4,5.0,1.0,155.0,134.0,23.0,280.4,8.0
2023-06-23,southasia,12994.0,1669.0,1146.0,15081.4,38.0,46.0,564.0,66.0,34.0,40.7,7.0
2023-06-23,sudan,775.0,89.0,187.0,-803.2,4.0,0.0,18.0,16.0,15.0,-125.2,1.0
2023-06-23,taiwan,396.0,52.0,32.0,514.0,1.0,3.0,6.0,163.0,32.0,31.5,5.0
2023-06-23,ukraine,4785.0,760.0,861.0,-1065.3,64.0,22.0,188.0,1794.0,1018.0,-4421.8,97.0
2023-06-23,venezuela,184.0,31.0,28.0,96.5,0.0,0.0,23.0,14.0,4.0,12.1,4.0
2023-06-23,yemen,39.0,0.0,6.0,70.8,0.0,2.0,0.0,12.0,2.0,10.1,0.0
2023-06-24,drc,14.0,9.0,3.0,-52.5,0.0,2.0,0.0,1.0,1.0,-2.0,0.0
2023-06-24,europe_east,614.0,57.0,68.0,255.8,2.0,4.0,26.0,141.0,48.0,-129.4,25.0
2023-06-24,iran,427.0,54.0,60.0,301.8,3.0,0.0,25.0,68.0,9.0,122.4,0.0
2023-06-24,israel,2285.0,320.0,647.0,-3290.6,2.0,7.0,145.0,492.0,290.0,-1934.0,31.0
2023-06-24,korea,1038.0,49.0,28.0,2430.6,1.0,3.0,14.0,88.0,21.0,187.7,0.0
2023-06-24,libya,125.0,8.0,27.0,9.0,0.0,0.0,8.0,0.0,0.0,0.0,0.0
2023-06-24,scs,2739.0,162.0,158.0,5205.4,4.0,1.0,76.0,21.0,0.0,79.2,0.0
2023-06-24,southasia,9086.0,1175.0,1078.0,6440.4,17.0,40.0,429.0,32.0,27.0,-126.8,9.0
2023-06-24,sudan,423.0,47.0,75.0,130.6,1.0,3.0,20.0,2.0,2.0,-9.2,1.0
2023-06-24,taiwan,370.0,61.0,46.0,100.2,0.0,6.0,6.0,138.0,50.0,-75.4,10.0
2023-06-24,ukraine,5876.0,1108.0,1115.0,-3156.5,141.0,78.0,239.0,2116.0,1158.0,-4372.0,177.0
2023-06-24,venezuela,80.0,3.0,18.0,-22.8,0.0,0.0,10.0,6.0,0.0,0.8,0.0
2023-06-24,yemen,46.0,3.0,14.0,-82.1,0.0,0.0,0.0,12.0,2.0,3.8,1.0
2023-06-25,drc,17.0,1.0,1.0,30.6,0.0,0.0,0.0,6.0,6.0,-24.8,2.0
2023-06-25,europe_east,445.0,28.0,46.0,521.4,1.0,4.0,15.0,92.0,18.0,35.6,8.0
2023-06-25,iran,528.0,79.0,107.0,-82.8,3.0,1.0,49.0,166.0,63.0,18.9,10.0
2023-06-25,israel,2816.0,449.0,753.0,-3881.2,16.0,1.0,207.0,534.0,366.0,-2449.0,43.0
2023-06-25,korea,521.0,47.0,48.0,673.9,1.0,0.0,4.0,59.0,14.0,32.6,0.0
2023-06-25,libya,113.0,17.0,15.0,150.0,0.0,0.0,9.0,0.0,0.0,0.0,0.0
2023-06-25,scs,1726.0,151.0,121.0,3102.0,2.0,1.0,48.0,185.0,7.0,468.0,0.0
2023-06-25,southasia,7143.0,843.0,929.0,4329.6,15.0,22.0,363.0,22.0,7.0,8.3,1.0
2023-06-25,sudan,388.0,42.0,96.0,-416.8,0.0,0.0,13.0,3.0,3.0,-29.0,0.0
2023-06-25,taiwan,235.0,29.0,27.0,216.9,1.0,4.0,6.0,81.0,22.0,58.7,7.0
2023-06-25,ukraine,4441.0,690.0,839.0,-780.4,59.0,50.0,202.0,1515.0,792.0,-3002.9,85.0
2023-06-25,venezuela,111.0,20.0,10.0,21.7,1.0,0.0,7.0,15.0,3.0,43.9,0.0
2023-06-25,yemen,144.0,13.0,36.0,-97.8,0.0,0.0,12.0,30.0,9.0,54.2,6.0
2023-06-26,drc,33.0,0.0,4.0,58.2,0.0,0.0,0.0,6.0,3.0,0.0,2.0
2023-06-26,europe_east,1375.0,119.0,97.0,2005.6,3.0,6.0,39.0,193.0,29.0,220.7,3.0
2023-06-26,iran,1043.0,115.0,178.0,645.6,4.0,0.0,91.0,171.0,98.0,-274.2,20.0
2023-06-26,israel,3483.0,551.0,727.0,-1623.8,12.0,2.0,198.0,580.0,317.0,-1626.0,38.0
2023-06-26,korea,893.0,164.0,81.0,542.5,16.0,1.0,30.0,137.0,84.0,-300.9,17.0
2023-06-26,libya,150.0,22.0,38.0,36.9,0.0,1.0,18.0,2.0,2.0,-10.0,1.0
2023-06-26,scs,2906.0,219.0,238.0,4587.3,3.0,2.0,81.0,611.0,36.0,1534.4,0.0
2023-06-26,southasia,9326.0,1303.0,1169.0,5057.7,19.0,40.0,424.0,49.0,21.0,-42.1,2.0
2023-06-26,sudan,729.0,75.0,197.0,-474.4,4.0,6.0,21.0,18.0,15.0,-127.7,0.0
2023-06-26,taiwan,296.0,40.0,18.0,406.8,0.0,1.0,5.0,87.0,21.0,117.3,4.0
2023-06-26,ukraine,6651.0,933.0,958.0,2910.2,62.0,45.0,229.0,1996.0,857.0,-2117.4,134.0
2023-06-26,venezuela,150.0,30.0,14.0,123.9,0.0,0.0,8.0,37.0,9.0,64.0,0.0
2023-06-26,yemen,94.0,13.0,14.0,-13.5,0.0,0.0,0.0,26.0,3.0,43.4,0.0
2023-06-27,drc,40.0,2.0,6.0,71.5,0.0,1.0,5.0,8.0,4.0,-9.8,0.0
2023-06-27,europe_east,1277.0,143.0,111.0,1717.6,2.0,10.0,49.0,113.0,49.0,-56.9,8.0
2023-06-27,iran,1178.0,178.0,207.0,69.0,15.0,1.0,97.0,265.0,95.0,5.5,23.0
2023-06-27,israel,4127.0,641.0,787.0,-1725.2,14.0,2.0,249.0,760.0,412.0,-2182.3,52.0
2023-06-27,korea,926.0,82.0,35.0,2124.0,1.0,0.0,19.0,55.0,27.0,-50.2,0.0
2023-06-27,libya,111.0,21.0,7.0,205.3,0.0,1.0,4.0,0.0,0.0,0.0,0.0
2023-06-27,scs,3586.0,245.0,249.0,6111.5,5.0,6.0,102.0,490.0,56.0,1075.6,3.0
2023-06-27,southasia,9205.0,1315.0,1280.0,3145.5,19.0,29.0,548.0,17.0,7.0,-43.0,5.0
2023-06-27,sudan,695.0,95.0,220.0,-1105.0,2.0,2.0,17.0,32.0,8.0,49.5,0.0
2023-06-27,taiwan,439.0,47.0,40.0,383.0,3.0,1.0,13.0,155.0,45.0,21.3,13.0
2023-06-27,ukraine,6072.0,789.0,926.0,2722.3,30.0,33.0,237.0,1699.0,774.0,-2811.6,72.0
2023-06-27,venezuela,206.0,27.0,31.0,169.1,0.0,1.0,18.0,18.0,6.0,-17.8,1.0
2023-06-27,yemen,82.0,5.0,17.0,54.0,1.0,1.0,1.0,18.0,6.0,-5.2,2.0
2023-06-28,drc,28.0,8.0,4.0,-21.9,0.0,0.0,1.0,10.0,4.0,31.6,0.0
2023-06-28,europe_east,1505.0,159.0,108.0,2364.2,8.0,11.0,51.0,154.0,62.0,-251.9,21.0
2023-06-28,iran,1176.0,163.0,193.0,821.4,7.0,0.0,112.0,224.0,68.0,163.5,16.0
2023-06-28,israel,3550.0,552.0,681.0,-1182.5,9.0,5.0,241.0,435.0,235.0,-1196.6,27.0
2023-06-28,korea,852.0,73.0,92.0,994.5,0.0,0.0,66.0,97.0,37.0,28.9,2.0
2023-06-28,libya,100.0,9.0,17.0,106.4,0.0,0.0,11.0,0.0,0.0,0.0,0.0
2023-06-28,scs,3663.0,261.0,293.0,6245.0,2.0,10.0,142.0,413.0,29.0,1166.4,14.0
2023-06-28,southasia,8170.0,1137.0,1124.0,3775.7,13.0,40.0,397.0,9.0,3.0,-7.1,0.0
2023-06-28,sudan,1023.0,111.0,220.0,-185.3,9.0,2.0,14.0,29.0,4.0,78.8,0.0
2023-06-28,taiwan,492.0,60.0,51.0,417.2,6.0,3.0,35.0,103.0,35.0,7.1,10.0
2023-06-28,ukraine,5602.0,724.0,944.0,1693.9,39.0,44.0,227.0,1496.0,792.0,-3602.1,87.0
2023-06-28,venezuela,197.0,22.0,19.0,218.3,0.0,0.0,17.0,44.0,15.0,5.0,8.0
2023-06-28,yemen,47.0,3.0,11.0,7.5,2.0,0.0,3.0,14.0,8.0,-51.9,2.0
2023-06-29,drc,40.0,5.0,4.0,30.0,0.0,0.0,0.0,26.0,11.0,-14.5,3.0
2023-06-29,europe_east,1422.0,121.0,111.0,2525.0,1.0,11.0,52.0,177.0,34.0,83.0,13.0
2023-06-29,iran,1234.0,223.0,198.0,431.1,16.0,3.0,85.0,278.0,70.0,232.2,21.0
2023-06-29,israel,2974.0,479.0,441.0,436.5,3.0,2.0,170.0,439.0,207.0,-910.4,30.0
2023-06-29,korea,933.0,88.0,92.0,1390.2,3.0,0.0,41.0,49.0,21.0,-59.0,2.0
2023-06-29,libya,96.0,14.0,24.0,-58.2,0.0,1.0,11.0,2.0,2.0,-18.0,0.0
2023-06-29,scs,3336.0,253.0,251.0,5536.9,3.0,2.0,141.0,334.0,61.0,494.6,22.0
2023-06-29,southasia,8673.0,1292.0,1017.0,5198.2,22.0,37.0,411.0,10.0,2.0,1.4,1.0
2023-06-29,sudan,639.0,61.0,173.0,-376.1,12.0,7.0,12.0,15.0,9.0,-50.8,0.0
2023-06-29,taiwan,497.0,54.0,50.0,580.4,4.0,2.0,23.0,112.0,38.0,6.6,15.0
2023-06-29,ukraine,5380.0,633.0,808.0,2653.1,44.0,31.0,228.0,1416.0,692.0,-2612.9,71.0
2023-06-29,venezuela,133.0,12.0,12.0,235.0,0.0,0.0,12.0,19.0,2.0,40.6,1.0
2023-06-29,yemen,91.0,22.0,16.0,-69.8,2.0,2.0,4.0,18.0,6.0,-26.0,1.0
2023-06-30,drc,89.0,18.0,18.0,-103.4,0.0,0.0,3.0,9.0,3.0,-20.1,0.0
2023-06-30,europe_east,1266.0,117.0,95.0,2056.1,0.0,6.0,41.0,103.0,27.0,13.9,10.0
2023-06-30,iran,1051.0,159.0,151.0,393.4,6.0,1.0,84.0,253.0,82.0,-3.0,30.0
2023-06-30,israel,2354.0,464.0,371.0,-552.2,12.0,5.0,130.0,331.0,166.0,-634.4,30.0
2023-06-30,korea,813.0,75.0,89.0,924.8,1.0,1.0,19.0,80.0,32.0,-69.1,26.0
2023-06-30,libya,147.0,12.0,38.0,-75.5,1.0,6.0,10.0,1.0,1.0,-9.0,0.0
2023-06-30,scs,3457.0,221.0,293.0,6299.9,2.0,2.0,189.0,318.0,8.0,743.1,0.0
2023-06-30,southasia,7654.0,1113.0,758.0,6584.9,11.0,15.0,338.0,9.0,2.0,6.0,0.0
2023-06-30,sudan,429.0,65.0,86.0,-146.9,4.0,2.0,13.0,10.0,10.0,-52.0,0.0
2023-06-30,taiwan,563.0,61.0,63.0,815.3,0.0,4.0,32.0,135.0,67.0,-167.1,12.0
2023-06-30,ukraine,5243.0,686.0,788.0,1996.3,43.0,29.0,189.0,1475.0,692.0,-2173.4,85.0
2023-06-30,venezuela,210.0,16.0,36.0,143.6,0.0,0.0,20.0,20.0,6.0,35.0,2.0
2023-06-30,yemen,83.0,6.0,11.0,210.7,0.0,0.0,1.0,3.0,0.0,2.6,0.0
2023-07-01,drc,6.0,0.0,0.0,8.8,0.0,0.0,0.0,0.0,0.0,0.0,0.0
2023-07-01,europe_east,656.0,52.0,40.0,1385.8,1.0,4.0,22.0,44.0,20.0,-67.6,12.0
2023-07-01,iran,792.0,91.0,127.0,495.7,7.0,9.0,57.0,109.0,33.0,-47.2,12.0
2023-07-01,israel,1957.0,291.0,409.0,-1136.4,6.0,5.0,112.0,352.0,229.0,-1508.8,52.0
2023-07-01,korea,560.0,55.0,45.0,593.8,0.0,0.0,15.0,88.0,21.0,53.3,5.0
2023-07-01,libya,62.0,5.0,9.0,62.7,0.0,0.0,3.0,0.0,0.0,0.0,0.0
2023-07-01,scs,1854.0,109.0,169.0,3251.8,0.0,3.0,79.0,134.0,21.0,220.0,6.0
2023-07-01,southasia,5970.0,872.0,640.0,4811.7,3.0,16.0,257.0,23.0,4.0,36.4,4.0
2023-07-01,sudan,142.0,17.0,38.0,-119.3,0.0,2.0,11.0,4.0,4.0,-11.0,1.0
2023-07-01,taiwan,278.0,24.0,21.0,571.6,2.0,0.0,15.0,51.0,14.0,37.9,3.0
2023-07-01,ukraine,3335.0,403.0,578.0,207.4,42.0,32.0,131.0,839.0,399.0,-1361.2,32.0
2023-07-01,venezuela,144.0,25.0,41.0,-91.0,0.0,0.0,35.0,36.0,16.0,-18.1,8.0
2023-07-01,yemen,45.0,5.0,4.0,43.9,4.0,1.0,3.0,30.0,8.0,34.9,0.0
2023-07-02,drc,30.0,3.0,3.0,22.0,0.0,0.0,1.0,3.0,3.0,-30.0,0.0
2023-07-02,europe_east,688.0,81.0,93.0,620.4,4.0,7.0,24.0,96.0,45.0,-139.3,18.0
2023-07-02,iran,883.0,135.0,156.0,-73.8,8.0,2.0,65.0,108.0,31.0,28.9,2.0
2023-07-02,israel,2466.0,396.0,572.0,-2383.4,11.0,5.0,160.0,600.0,341.0,-1917.7,47.0
2023-07-02,korea,416.0,52.0,25.0,515.6,1.0,0.0,9.0,11.0,2.0,14.0,2.0
2023-07-02,libya,60.0,2.0,9.0,88.0,0.0,0.0,5.0,0.0,0.0,0.0,0.0
2023-07-02,scs,1833.0,113.0,179.0,3455.4,1.0,5.0,99.0,165.0,8.0,495.7,5.0
2023-07-02,southasia,6344.0,894.0,912.0,2541.3,6.0,26.0,297.0,15.0,7.0,2.4,3.0
2023-07-02,sudan,259.0,45.0,82.0,-537.7,4.0,1.0,13.0,8.0,3.0,8.9,0.0
2023-07-02,taiwan,174.0,17.0,21.0,256.3,0.0,1.0,11.0,27.0,9.0,-33.8,1.0
2023-07-02,ukraine,2492.0,331.0,508.0,-824.5,12.0,14.0,92.0,720.0,454.0,-2688.3,30.0
2023-07-02,venezuela,75.0,12.0,16.0,-37.0,0.0,0.0,3.0,17.0,6.0,-1.4,1.0
2023-07-02,yemen,92.0,13.0,7.0,142.1,0.0,0.0,2.0,29.0,13.0,-20.1,0.0
2023-07-03,drc,43.0,6.0,3.0,49.9,0.0,0.0,3.0,3.0,0.0,15.6,0.0
2023-07-03,europe_east,1361.0,142.0,140.0,2247.6,3.0,16.0,45.0,94.0,46.0,-71.3,8.0
2023-07-03,iran,1025.0,218.0,181.0,-9.1,2.0,3.0,106.0,228.0,135.0,-374.3,16.0
2023-07-03,israel,4427.0,806.0,1408.0,-9668.2,48.0,21.0,199.0,1383.0,984.0,-6533.6,71.0
2023-07-03,korea,843.0,100.0,83.0,940.8,1.0,0.0,38.0,83.0,21.0,62.2,9.0
2023-07-03,libya,61.0,5.0,8.0,46.4,0.0,0.0,5.0,0.0,0.0,0.0,0.0
2023-07-03,scs,2684.0,220.0,350.0,3231.2,5.0,2.0,230.0,208.0,132.0,-368.4,83.0
2023-07-03,southasia,9585.0,1283.0,1124.0,8523.3,15.0,42.0,520.0,29.0,16.0,-22.9,4.0
2023-07-03,sudan,475.0,77.0,112.0,-313.9,2.0,5.0,21.0,21.0,18.0,-100.8,1.0
2023-07-03,taiwan,422.0,46.0,57.0,477.2,2.0,0.0,35.0,85.0,43.0,-57.3,11.0
2023-07-03,ukraine,3917.0,500.0,929.0,-2557.4,28.0,37.0,225.0,1357.0,783.0,-4202.1,114.0
2023-07-03,venezuela,120.0,13.0,31.0,-93.6,0.0,0.0,7.0,11.0,7.0,-19.4,2.0
2023-07-03,yemen,112.0,12.0,11.0,85.9,0.0,0.0,2.0,14.0,6.0,-30.2,2.0
2023-07-04,drc,8.0,0.0,0.0,25.8,0.0,0.0,0.0,0.0,0.0,0.0,0.0
2023-07-04,europe_east,1427.0,135.0,108.0,2807.5,6.0,12.0,50.0,61.0,30.0,-107.4,5.0
2023-07-04,iran,1010.0,124.0,135.0,1187.0,1.0,1.0,66.0,135.0,75.0,-179.5,11.0
2023-07-04,israel,5182.0,1006.0,1619.0,-11102.6,47.0,27.0,303.0,1550.0,1057.0,-6696.3,99.0
2023-07-04,korea,822.0,65.0,62.0,1562.9,0.0,0.0,28.0,28.0,11.0,-10.6,4.0
2023-07-04,libya,59.0,13.0,5.0,85.7,0.0,0.0,2.0,0.0,0.0,0.0,0.0
2023-07-04,scs,2385.0,227.0,276.0,2951.0,0.0,4.0,168.0,217.0,116.0,-287.0,62.0
2023-07-04,southasia,9541.0,1382.0,1080.0,6696.0,17.0,52.0,518.0,33.0,22.0,-58.9,13.0
2023-07-04,sudan,392.0,59.0,101.0,-504.6,2.0,0.0,6.0,23.0,16.0,-86.0,0.0
2023-07-04,taiwan,495.0,80.0,54.0,497.2,0.0,0.0,17.0,93.0,31.0,28.8,4.0
2023-07-04,ukraine,3856.0,598.0,816.0,-2316.4,41.0,29.0,168.0,1425.0,847.0,-4197.6,87.0
2023-07-04,venezuela,227.0,19.0,37.0,627.8,0.0,0.0,26.0,22.0,15.0,-43.3,14.0
2023-07-04,yemen,56.0,16.0,7.0,-44.0,2.0,0.0,2.0,28.0,18.0,-68.3,0.0
2023-07-05,drc,19.0,7.0,4.0,-15.4,0.0,0.0,0.0,8.0,2.0,-19.6,0.0
2023-07-05,europe_east,1332.0,111.0,102.0,2471.8,4.0,5.0,59.0,59.0,24.0,-17.1,12.0
2023-07-05,iran,1284.0,163.0,241.0,159.0,5.0,7.0,65.0,180.0,88.0,-196.6,17.0
2023-07-05,israel,5196.0,888.0,1473.0,-7287.9,17.0,16.0,284.0,1538.0,963.0,-5040.5,61.0
2023-07-05,korea,1444.0,155.0,58.0,2687.3,0.0,1.0,34.0,76.0,19.0,-47.8,0.0
2023-07-05,libya,142.0,5.0,17.0,173.9,0.0,0.0,5.0,1.0,0.0,0.4,0.0
2023-07-05,scs,3021.0,303.0,330.0,4076.0,4.0,8.0,185.0,329.0,197.0,-484.2,34.0
2023-07-05,southasia,9321.0,1376.0,1012.0,8326.3,16.0,34.0,501.0,7.0,1.0,10.4,0.0
2023-07-05,sudan,484.0,52.0,99.0,-17.6,5.0,0.0,14.0,11.0,11.0,-78.0,0.0
2023-07-05,taiwan,460.0,40.0,34.0,768.8,0.0,2.0,17.0,117.0,42.0,-9.4,1.0
2023-07-05,ukraine,3973.0,673.0,752.0,-1548.7,65.0,18.0,147.0,1635.0,1001.0,-4432.9,100.0
2023-07-05,venezuela,197.0,25.0,22.0,265.4,0.0,0.0,16.0,17.0,5.0,2.2,3.0
2023-07-05,yemen,74.0,3.0,12.0,19.8,0.0,0.0,3.0,19.0,0.0,63.6,0.0
2023-07-06,drc,57.0,4.0,8.0,9.6,1.0,0.0,3.0,12.0,5.0,-1.2,0.0
2023-07-06,europe_east,1865.0,135.0,197.0,3844.7,0.0,3.0,98.0,176.0,94.0,-178.9,37.0
2023-07-06,iran,1351.0,182.0,287.0,-563.1,8.0,3.0,103.0,233.0,116.0,-489.7,12.0
2023-07-06,israel,4939.0,828.0,1467.0,-8207.1,17.0,25.0,244.0,1366.0,854.0,-5109.4,54.0
2023-07-06,korea,997.0,86.0,63.0,2080.0,0.0,0.0,34.0,28.0,3.0,68.3,0.0
2023-07-06,libya,118.0,14.0,18.0,65.4,1.0,0.0,5.0,0.0,0.0,0.0,0.0
2023-07-06,scs,2136.0,271.0,225.0,2250.5,8.0,0.0,148.0,369.0,118.0,102.6,32.0
2023-07-06,southasia,8919.0,1267.0,1017.0,6788.3,16.0,14.0,481.0,13.0,8.0,-26.5,2.0
2023-07-06,sudan,563.0,67.0,124.0,-220.2,4.0,4.0,25.0,18.0,14.0,-117.2,0.0
2023-07-06,taiwan,353.0,35.0,44.0,341.4,1.0,5.0,21.0,71.0,28.0,-22.0,3.0
2023-07-06,ukraine,5426.0,723.0,896.0,892.9,79.0,26.0,130.0,1772.0,1025.0,-4565.0,98.0
2023-07-06,venezuela,163.0,20.0,13.0,171.0,0.0,0.0,8.0,44.0,9.0,35.4,0.0
2023-07-06,yemen,140.0,19.0,34.0,-240.9,0.0,0.0,4.0,32.0,4.0,57.4,0.0
2023-07-07,drc,46.0,3.0,3.0,43.2,0.0,0.0,0.0,6.0,2.0,26.0,0.0
2023-07-07,europe_east,1744.0,130.0,164.0,3059.8,9.0,3.0,82.0,174.0,82.0,-142.8,47.0
2023-07-07,iran,857.0,129.0,144.0,-14.2,6.0,3.0,67.0,169.0,84.0,-267.7,10.0
2023-07-07,israel,3791.0,511.0,1270.0,-8121.8,24.0,6.0,196.0,1125.0,765.0,-5182.8,65.0
2023-07-07,korea,1038.0,101.0,89.0,1461.5,0.0,1.0,35.0,33.0,19.0,-35.9,4.0
2023-07-07,libya,138.0,11.0,24.0,131.0,0.0,0.0,9.0,2.0,0.0,6.8,0.0
2023-07-07,scs,3216.0,244.0,255.0,5307.5,4.0,5.0,134.0,366.0,94.0,346.2,18.0
2023-07-07,southasia,8791.0,1396.0,991.0,6347.2,20.0,37.0,525.0,12.0,6.0,1.0,0.0
2023-07-07,sudan,617.0,72.0,124.0,-124.4,3.0,7.0,16.0,14.0,10.0,-94.5,1.0
2023-07-07,taiwan,398.0,42.0,48.0,489.3,3.0,2.0,20.0,117.0,38.0,43.6,4.0
2023-07-07,ukraine,6298.0,724.0,903.0,5738.1,37.0,27.0,215.0,1533.0,769.0,-2356.0,70.0
2023-07-07,venezuela,333.0,30.0,90.0,-222.9,0.0,2.0,52.0,53.0,8.0,71.3,4.0
2023-07-07,yemen,76.0,13.0,10.0,-17.2,0.0,0.0,4.0,27.0,8.0,3.4,0.0
2023-07-08,drc,30.0,8.0,6.0,-11.8,0.0,0.0,2.0,17.0,7.0,20.0,0.0
2023-07-08,europe_east,976.0,78.0,73.0,1932.7,5.0,9.0,38.0,99.0,38.0,15.7,5.0
2023-07-08,iran,935.0,128.0,349.0,-2071.9,2.0,1.0,74.0,60.0,24.0,-10.2,9.0
2023-07-08,israel,1846.0,314.0,549.0,-3494.8,3.0,5.0,108.0,501.0,292.0,-1855.7,22.0
2023-07-08,korea,625.0,74.0,41.0,884.6,1.0,2.0,16.0,25.0,7.0,20.1,0.0
2023-07-08,libya,62.0,10.0,10.0,32.2,0.0,0.0,8.0,0.0,0.0,0.0,0.0
2023-07-08,scs,2248.0,135.0,192.0,3780.5,1.0,9.0,90.0,199.0,66.0,92.4,12.0
2023-07-08,southasia,6975.0,1138.0,1140.0,-83.5,11.0,66.0,463.0,35.0,15.0,-32.0,10.0
2023-07-08,sudan,371.0,38.0,131.0,-757.9,0.0,2.0,9.0,15.0,10.0,-78.8,2.0
2023-07-08,taiwan,325.0,41.0,46.0,203.8,0.0,11.0,15.0,70.0,20.0,24.5,1.0
2023-07-08,ukraine,4389.0,541.0,505.0,5205.6,28.0,5.0,128.0,1447.0,646.0,-907.4,55.0
2023-07-08,venezuela,251.0,13.0,7.0,545.8,0.0,0.0,3.0,33.0,2.0,67.6,0.0
2023-07-08,yemen,33.0,1.0,13.0,-79.4,0.0,0.0,2.0,22.0,6.0,-6.1,6.0
2023-07-09,drc,8.0,0.0,1.0,3.3,0.0,0.0,1.0,3.0,2.0,-15.0,0.0
2023-07-09,europe_east,1246.0,84.0,66.0,2551.5,3.0,10.0,22.0,125.0,35.0,165.3,7.0
2023-07-09,iran,756.0,69.0,163.0,39.9,2.0,0.0,42.0,57.0,20.0,-47.8,11.0
2023-07-09,israel,2524.0,467.0,619.0,-2900.4,19.0,8.0,166.0,515.0,298.0,-1715.0,42.0
2023-07-09,korea,634.0,68.0,30.0,1173.6,3.0,1.0,18.0,63.0,24.0,-2.1,0.0
2023-07-09,libya,199.0,8.0,37.0,219.5,0.0,0.0,29.0,0.0,0.0,0.0,0.0
2023-07-09,scs,1784.0,98.0,122.0,3693.1,3.0,5.0,76.0,101.0,28.0,39.5,11.0
2023-07-09,southasia,6125.0,955.0,840.0,1477.9,8.0,44.0,369.0,52.0,19.0,-40.0,10.0
2023-07-09,sudan,991.0,128.0,201.0,-487.0,11.0,0.0,15.0,34.0,26.0,-179.2,1.0
2023-07-09,taiwan,252.0,16.0,17.0,425.0,0.0,1.0,3.0,33.0,3.0,70.1,0.0
2023-07-09,ukraine,4041.0,479.0,516.0,3600.2,31.0,12.0,116.0,1241.0,616.0,-1751.8,61.0
2023-07-09,venezuela,237.0,6.0,24.0,441.3,2.0,0.0,16.0,4.0,4.0,-38.0,0.0
2023-07-09,yemen,78.0,11.0,24.0,-118.5,0.0,0.0,8.0,12.0,4.0,-3.6,4.0
2023-07-10,drc,11.0,1.0,1.0,5.3,0.0,0.0,0.0,0.0,0.0,0.0,0.0
2023-07-10,europe_east,3491.0,227.0,219.0,6964.8,13.0,18.0,60.0,181.0,36.0,143.7,16.0
2023-07-10,iran,1063.0,152.0,162.0,424.4,4.0,4.0,73.0,138.0,64.0,-130.2,13.0
2023-07-10,israel,3218.0,582.0,608.0,-1410.6,15.0,6.0,164.0,623.0,363.0,-1969.7,41.0
2023-07-10,korea,1438.0,178.0,153.0,1445.6,8.0,18.0,30.0,203.0,128.0,-546.0,33.0
2023-07-10,libya,254.0,32.0,66.0,-29.5,1.0,0.0,45.0,2.0,0.0,4.7,0.0
2023-07-10,scs,2797.0,245.0,169.0,5381.2,2.0,6.0,57.0,185.0,82.0,-109.6,4.0
2023-07-10,southasia,8946.0,1258.0,976.0,7597.0,15.0,50.0,430.0,10.0,4.0,-6.5,3.0
2023-07-10,sudan,1085.0,112.0,165.0,461.2,9.0,10.0,21.0,23.0,15.0,-111.2,3.0
2023-07-10,taiwan,331.0,36.0,35.0,410.3,0.0,2.0,16.0,63.0,20.0,13.2,6.0
2023-07-10,ukraine,6189.0,720.0,880.0,4222.4,33.0,24.0,197.0,1543.0,817.0,-3410.1,76.0
2023-07-10,venezuela,93.0,8.0,5.0,168.6,2.0,0.0,3.0,9.0,0.0,46.0,0.0
2023-07-10,yemen,185.0,19.0,51.0,-221.0,0.0,0.0,8.0,26.0,5.0,-13.7,0.0
2023-07-11,drc,28.0,3.0,3.0,26.2,0.0,0.0,0.0,7.0,7.0,-30.0,0.0
2023-07-11,europe_east,3495.0,298.0,245.0,6470.4,16.0,21.0,100.0,273.0,85.0,78.5,20.0
2023-07-11,iran,1422.0,178.0,235.0,809.3,8.0,2.0,113.0,142.0,45.0,31.7,5.0
2023-07-11,israel,3873.0,803.0,915.0,-4881.3,21.0,7.0,295.0,684.0,424.0,-2378.0,69.0
2023-07-11,korea,1456.0,244.0,152.0,1142.2,3.0,26.0,29.0,217.0,111.0,-307.5,29.0
2023-07-11,libya,154.0,27.0,31.0,1.2,1.0,1.0,24.0,0.0,0.0,0.0,0.0
2023-07-11,scs,3524.0,358.0,329.0,5404.6,6.0,6.0,202.0,201.0,79.0,13.3,6.0
2023-07-11,southasia,8439.0,1376.0,980.0,5319.9,22.0,33.0,460.0,26.0,5.0,7.7,2.0
2023-07-11,sudan,1336.0,173.0,280.0,-669.7,22.0,9.0,48.0,23.0,18.0,-123.0,2.0
2023-07-11,taiwan,433.0,50.0,65.0,368.8,0.0,0.0,18.0,61.0,34.0,-126.8,3.0
2023-07-11,ukraine,6268.0,762.0,878.0,4359.2,52.0,25.0,211.0,1589.0,844.0,-3455.6,83.0
2023-07-11,venezuela,128.0,19.0,14.0,138.4,4.0,0.0,10.0,14.0,4.0,13.6,1.0
2023-07-11,yemen,155.0,7.0,23.0,76.4,0.0,0.0,2.0,13.0,3.0,-2.1,1.0
2023-07-12,drc,30.0,2.0,7.0,-22.1,0.0,0.0,0.0,3.0,2.0,1.0,0.0
2023-07-12,europe_east,3591.0,326.0,214.0,7479.9,8.0,20.0,90.0,275.0,64.0,353.8,8.0
2023-07-12,iran,1462.0,127.0,167.0,1993.2,17.0,3.0,60.0,114.0,46.0,-44.4,10.0
2023-07-12,israel,4405.0,740.0,863.0,-1723.5,21.0,14.0,285.0,817.0,363.0,-1089.0,65.0
2023-07-12,korea,2367.0,369.0,375.0,-204.3,16.0,7.0,40.0,637.0,392.0,-1711.7,53.0
2023-07-12,libya,108.0,7.0,20.0,124.9,0.0,0.0,13.0,0.0,0.0,0.0,0.0
2023-07-12,scs,3392.0,287.0,274.0,5909.9,4.0,2.0,184.0,243.0,97.0,-216.2,27.0
2023-07-12,southasia,10111.0,1416.0,1326.0,5908.3,20.0,42.0,544.0,30.0,13.0,-27.5,7.0
2023-07-12,sudan,913.0,133.0,195.0,-336.5,12.0,18.0,42.0,32.0,13.0,-3.5,2.0
2023-07-12,taiwan,461.0,44.0,51.0,468.1,2.0,0.0,9.0,93.0,35.0,-90.9,3.0
2023-07-12,ukraine,7303.0,794.0,939.0,7989.7,45.0,24.0,184.0,1454.0,762.0,-2922.3,64.0
2023-07-12,venezuela,184.0,32.0,30.0,129.8,0.0,1.0,22.0,17.0,1.0,32.1,0.0
2023-07-12,yemen,102.0,9.0,37.0,-259.3,0.0,2.0,2.0,13.0,5.0,-0.6,0.0
2023-07-13,drc,65.0,3.0,18.0,-21.7,0.0,0.0,3.0,16.0,4.0,42.0,0.0
2023-07-13,europe_east,3228.0,259.0,168.0,6728.3,6.0,25.0,56.0,200.0,73.0,-98.1,16.0
2023-07-13,iran,1261.0,150.0,125.0,1716.8,3.0,4.0,64.0,178.0,64.0,134.0,4.0
2023-07-13,israel,3921.0,622.0,712.0,-1192.4,27.0,5.0,226.0,625.0,321.0,-1439.4,42.0
2023-07-13,korea,1723.0,216.0,181.0,1942.0,4.0,3.0,34.0,309.0,211.0,-737.9,13.0
2023-07-13,libya,164.0,15.0,16.0,259.1,0.0,0.0,6.0,0.0,0.0,0.0,0.0
2023-07-13,scs,2877.0,210.0,225.0,4987.9,4.0,5.0,149.0,102.0,34.0,1.4,8.0
2023-07-13,southasia,9960.0,1438.0,1279.0,6040.1,27.0,32.0,606.0,25.0,13.0,-43.4,5.0
2023-07-13,sudan,1445.0,196.0,262.0,70.8,9.0,8.0,71.0,29.0,17.0,-56.0,0.0
2023-07-13,taiwan,477.0,70.0,54.0,258.6,4.0,3.0,15.0,156.0,68.0,-84.3,22.0
2023-07-13,ukraine,5854.0,687.0,799.0,5188.6,37.0,22.0,144.0,1424.0,766.0,-3189.2,104.0
2023-07-13,venezuela,217.0,40.0,35.0,34.7,0.0,0.0,24.0,26.0,8.0,5.2,0.0
2023-07-13,yemen,62.0,3.0,20.0,-51.0,0.0,0.0,13.0,7.0,1.0,9.3,1.0
2023-07-14,drc,68.0,5.0,29.0,-175.8,0.0,0.0,9.0,5.0,4.0,-11.6,1.0
2023-07-14,europe_east,1989.0,206.0,189.0,2775.8,11.0,28.0,79.0,147.0,65.0,-133.1,11.0
2023-07-14,iran,1173.0,145.0,139.0,1410.8,9.0,2.0,43.0,181.0,104.0,-398.0,8.0
2023-07-14,israel,3195.0,546.0,658.0,-1875.9,16.0,6.0,185.0,662.0,335.0,-1515.3,40.0
2023-07-14,korea,1350.0,199.0,137.0,1440.7,2.0,5.0,60.0,292.0,144.0,-274.1,9.0
2023-07-14,libya,267.0,45.0,68.0,-4.8,0.0,1.0,29.0,0.0,0.0,0.0,0.0
2023-07-14,scs,2419.0,212.0,199.0,3654.9,3.0,1.0,130.0,138.0,30.0,230.8,5.0
2023-07-14,southasia,8721.0,1170.0,1048.0,7105.0,23.0,26.0,486.0,28.0,7.0,13.2,6.0
2023-07-14,sudan,1130.0,144.0,247.0,-682.9,2.0,8.0,59.0,48.0,28.0,-45.6,0.0
2023-07-14,taiwan,597.0,95.0,45.0,688.5,3.0,1.0,19.0,189.0,71.0,-119.4,18.0
2023-07-14,ukraine,5346.0,641.0,934.0,1611.6,41.0,33.0,237.0,1274.0,738.0,-3429.4,109.0
2023-07-14,venezuela,115.0,15.0,25.0,27.0,2.0,0.0,15.0,4.0,0.0,7.7,0.0
2023-07-14,yemen,42.0,4.0,11.0,-81.8,0.0,0.0,0.0,0.0,0.0,0.0,0.0
2023-07-15,drc,50.0,4.0,20.0,-100.0,0.0,0.0,7.0,4.0,4.0,-18.5,1.0
2023-07-15,europe_east,846.0,83.0,96.0,1013.9,4.0,5.0,52.0,81.0,27.0,-78.6,6.0
2023-07-15,iran,636.0,58.0,80.0,529.8,2.0,2.0,23.0,42.0,15.0,-0.6,4.0
2023-07-15,israel,2027.0,367.0,400.0,-1464.7,3.0,2.0,112.0,329.0,197.0,-1164.7,30.0
2023-07-15,korea,939.0,112.0,89.0,1306.3,0.0,0.0,38.0,159.0,85.0,-125.6,1.0
2023-07-15,libya,126.0,25.0,12.0,146.6,0.0,0.0,6.0,0.0,0.0,0.0,0.0
2023-07-15,scs,1583.0,101.0,125.0,2418.6,1.0,0.0,63.0,84.0,15.0,174.3,2.0
2023-07-15,southasia,7512.0,1041.0,829.0,6408.3,14.0,17.0,382.0,12.0,3.0,-5.6,3.0
2023-07-15,sudan,587.0,79.0,110.0,-140.0,2.0,5.0,22.0,15.0,8.0,-36.7,1.0
2023-07-15,taiwan,267.0,24.0,24.0,361.6,1.0,1.0,17.0,66.0,22.0,-14.8,8.0
2023-07-15,ukraine,4000.0,441.0,602.0,2538.4,30.0,16.0,118.0,1036.0,481.0,-1432.0,60.0
2023-07-15,venezuela,78.0,7.0,2.0,112.7,0.0,0.0,0.0,2.0,0.0,4.7,0.0
2023-07-15,yemen,71.0,11.0,13.0,-16.5,2.0,0.0,3.0,17.0,7.0,-7.3,2.0
2023-07-16,drc,44.0,4.0,11.0,-2.6,0.0,0.0,4.0,4.0,2.0,3.3,0.0
2023-07-16,europe_east,698.0,81.0,67.0,748.0,1.0,2.0,21.0,109.0,64.0,-118.2,5.0
2023-07-16,iran,857.0,130.0,97.0,622.7,3.0,0.0,53.0,81.0,36.0,-185.8,0.0
2023-07-16,israel,2685.0,418.0,512.0,-1267.4,14.0,5.0,127.0,448.0,237.0,-1368.0,15.0
2023-07-16,korea,871.0,86.0,84.0,1239.5,2.0,3.0,27.0,131.0,46.0,-7.0,2.0
2023-07-16,libya,208.0,11.0,29.0,197.8,0.0,0.0,10.0,0.0,0.0,0.0,0.0
2023-07-16,scs,1565.0,147.0,150.0,2591.6,1.0,0.0,86.0,61.0,18.0,33.0,0.0
2023-07-16,southasia,7593.0,939.0,760.0,8057.3,8.0,12.0,351.0,25.0,7.0,17.6,4.0
2023-07-16,sudan,503.0,78.0,89.0,-84.2,4.0,2.0,25.0,14.0,9.0,-48.5,0.0
2023-07-16,taiwan,267.0,34.0,22.0,300.9,1.0,0.0,6.0,68.0,18.0,53.0,7.0
2023-07-16,ukraine,3492.0,547.0,712.0,-1262.2,15.0,23.0,109.0,1254.0,791.0,-3897.6,91.0
2023-07-16,venezuela,44.0,5.0,10.0,6.3,0.0,0.0,7.0,9.0,2.0,31.0,0.0
2023-07-16,yemen,82.0,10.0,28.0,-129.0,0.0,0.0,10.0,9.0,5.0,-5.4,3.0
2023-07-17,drc,68.0,3.0,15.0,-1.6,0.0,0.0,5.0,2.0,2.0,-20.0,0.0
2023-07-17,europe_east,1210.0,109.0,93.0,2055.8,4.0,11.0,47.0,138.0,28.0,323.5,8.0
2023-07-17,iran,1303.0,187.0,182.0,847.3,0.0,1.0,94.0,114.0,44.0,94.1,2.0
2023-07-17,israel,4028.0,675.0,677.0,-1009.8,19.0,7.0,264.0,489.0,282.0,-1465.3,47.0
2023-07-17,korea,1065.0,82.0,93.0,1773.4,4.0,3.0,25.0,108.0,40.0,-38.6,0.0
2023-07-17,libya,188.0,18.0,30.0,169.4,0.0,0.0,17.0,8.0,0.0,1.2,0.0
2023-07-17,scs,2967.0,250.0,253.0,4554.2,4.0,2.0,115.0,125.0,17.0,150.6,2.0
2023-07-17,southasia,10661.0,1486.0,1035.0,10174.0,21.0,22.0,466.0,76.0,11.0,65.6,11.0
2023-07-17,sudan,549.0,76.0,94.0,-6.5,2.0,0.0,19.0,6.0,2.0,-2.0,0.0
2023-07-17,taiwan,636.0,54.0,36.0,1294.3,1.0,0.0,14.0,197.0,75.0,89.0,13.0
2023-07-17,ukraine,5630.0,763.0,1119.0,-1044.6,62.0,28.0,215.0,2233.0,1210.0,-4492.4,126.0
2023-07-17,venezuela,229.0,48.0,19.0,80.3,0.0,0.0,10.0,17.0,3.0,28.7,0.0
2023-07-17,yemen,155.0,16.0,9.0,305.8,2.0,0.0,0.0,13.0,2.0,13.1,0.0
2023-07-18,drc,61.0,3.0,10.0,131.1,0.0,0.0,0.0,12.0,6.0,-23.4,2.0
2023-07-18,europe_east,1039.0,124.0,145.0,744.7,6.0,5.0,51.0,93.0,54.0,-177.8,14.0
2023-07-18,iran,1231.0,173.0,116.0,1805.8,5.0,0.0,58.0,207.0,57.0,229.7,8.0
2023-07-18,israel,4796.0,779.0,719.0,-88.9,23.0,4.0,327.0,463.0,227.0,-839.5,46.0
2023-07-18,korea,3100.0,231.0,731.0,865.5,2.0,13.0,193.0,1299.0,642.0,-1933.6,221.0
2023-07-18,libya,162.0,13.0,19.0,297.8,0.0,2.0,8.0,2.0,0.0,4.7,0.0
2023-07-18,scs,3599.0,346.0,200.0,6911.0,14.0,3.0,101.0,331.0,15.0,753.7,3.0
2023-07-18,southasia,10539.0,1352.0,1140.0,8792.3,39.0,16.0,509.0,45.0,14.0,-7.3,10.0
2023-07-18,sudan,460.0,42.0,77.0,70.8,1.0,1.0,20.0,4.0,1.0,-8.8,0.0
2023-07-18,taiwan,659.0,60.0,25.0,1346.3,2.0,2.0,14.0,214.0,58.0,226.5,11.0
2023-07-18,ukraine,5101.0,683.0,938.0,920.9,60.0,32.0,226.0,1905.0,1018.0,-3403.8,144.0
2023-07-18,venezuela,219.0,43.0,24.0,206.8,0.0,0.0,21.0,31.0,7.0,77.0,3.0
2023-07-18,yemen,125.0,13.0,28.0,43.2,0.0,0.0,13.0,11.0,4.0,-29.1,1.0
2023-07-19,drc,36.0,1.0,13.0,-62.9,0.0,1.0,0.0,26.0,11.0,26.0,4.0
2023-07-19,europe_east,1488.0,112.0,143.0,2563.2,11.0,8.0,80.0,117.0,46.0,-58.9,17.0
2023-07-19,iran,976.0,132.0,137.0,691.2,5.0,0.0,70.0,187.0,71.0,120.4,21.0
2023-07-19,israel,4743.0,765.0,672.0,335.7,22.0,3.0,303.0,645.0,350.0,-1518.4,62.0
2023-07-19,korea,5159.0,439.0,1270.0,90.5,3.0,8.0,335.0,2329.0,928.0,-1018.0,259.0
2023-07-19,libya,162.0,8.0,34.0,155.5,0.0,0.0,11.0,0.0,0.0,0.0,0.0
2023-07-19,scs,3171.0,336.0,271.0,4729.0,4.0,4.0,132.0,85.0,10.0,168.0,2.0
2023-07-19,southasia,9554.0,1354.0,1058.0,7419.0,49.0,23.0,454.0,51.0,15.0,-32.7,5.0
2023-07-19,sudan,477.0,61.0,115.0,-321.4,5.0,1.0,35.0,12.0,7.0,-57.8,1.0
2023-07-19,taiwan,440.0,50.0,20.0,798.1,0.0,0.0,7.0,97.0,25.0,112.0,0.0
2023-07-19,ukraine,6345.0,803.0,1103.0,773.9,90.0,33.0,253.0,2186.0,1094.0,-3736.2,160.0
2023-07-19,venezuela,277.0,37.0,43.0,87.3,0.0,0.0,27.0,73.0,37.0,-129.1,6.0
2023-07-19,yemen,99.0,9.0,8.0,150.0,1.0,0.0,2.0,14.0,2.0,-12.1,0.0
2023-07-20,drc,127.0,9.0,23.0,92.8,0.0,0.0,9.0,19.0,6.0,31.5,0.0
2023-07-20,europe_east,2241.0,145.0,180.0,4397.6,8.0,21.0,83.0,184.0,51.0,-7.5,17.0
2023-07-20,iran,1218.0,173.0,188.0,766.1,1.0,5.0,82.0,148.0,42.0,110.9,13.0
2023-07-20,israel,4949.0,692.0,714.0,1645.4,11.0,7.0,286.0,613.0,284.0,-1270.9,30.0
2023-07-20,korea,3810.0,356.0,725.0,1343.2,22.0,17.0,262.0,1357.0,543.0,-786.8,175.0
2023-07-20,libya,252.0,26.0,26.0,337.0,1.0,0.0,16.0,1.0,1.0,-4.0,0.0
2023-07-20,scs,3164.0,264.0,249.0,5425.5,3.0,4.0,124.0,134.0,12.0,259.7,4.0
2023-07-20,southasia,9579.0,1394.0,1215.0,5480.4,19.0,39.0,500.0,48.0,21.0,-109.6,7.0
2023-07-20,sudan,875.0,73.0,147.0,461.4,2.0,2.0,49.0,13.0,8.0,-74.0,0.0
2023-07-20,taiwan,639.0,58.0,61.0,792.5,2.0,1.0,16.0,137.0,40.0,78.2,16.0
2023-07-20,ukraine,7591.0,1019.0,1216.0,2754.4,146.0,32.0,320.0,2449.0,1153.0,-3430.6,203.0
2023-07-20,venezuela,355.0,33.0,40.0,668.1,0.0,0.0,37.0,99.0,27.0,37.9,9.0
2023-07-20,yemen,471.0,26.0,29.0,868.7,3.0,0.0,16.0,76.0,14.0,112.5,4.0
2023-07-21,drc,30.0,0.0,6.0,15.8,0.0,0.0,1.0,11.0,4.0,5.1,2.0
2023-07-21,europe_east,1352.0,158.0,148.0,1494.5,8.0,20.0,56.0,202.0,94.0,-168.8,26.0
2023-07-21,iran,942.0,224.0,118.0,-156.3,5.0,7.0,49.0,137.0,56.0,-2.2,9.0
2023-07-21,israel,3255.0,589.0,546.0,-1591.6,11.0,11.0,157.0,391.0,236.0,-1457.3,19.0
2023-07-21,korea,2293.0,258.0,397.0,700.4,26.0,5.0,114.0,691.0,283.0,-650.3,69.0
2023-07-21,libya,155.0,19.0,26.0,-34.2,0.0,2.0,9.0,2.0,2.0,-10.0,2.0
2023-07-21,scs,3007.0,226.0,188.0,5463.3,0.0,5.0,94.0,143.0,43.0,-29.7,14.0
2023-07-21,southasia,9221.0,1539.0,1205.0,2924.9,25.0,37.0,549.0,30.0,10.0,-26.8,7.0
2023-07-21,sudan,543.0,85.0,116.0,-442.6,5.0,1.0,19.0,8.0,8.0,-80.0,0.0
2023-07-21,taiwan,460.0,52.0,61.0,369.7,1.0,1.0,21.0,84.0,19.0,-2.1,9.0
2023-07-21,ukraine,5446.0,762.0,897.0,2346.1,80.0,25.0,284.0,1751.0,892.0,-3069.7,185.0
2023-07-21,venezuela,266.0,40.0,29.0,253.7,0.0,0.0,18.0,57.0,16.0,-50.7,0.0
2023-07-21,yemen,222.0,32.0,51.0,-289.0,4.0,0.0,7.0,14.0,4.0,9.0,2.0
2023-07-22,drc,7.0,0.0,4.0,-9.7,0.0,0.0,4.0,8.0,0.0,8.0,0.0
2023-07-22,europe_east,780.0,97.0,96.0,603.8,12.0,16.0,30.0,198.0,81.0,-227.0,21.0
2023-07-22,iran,964.0,237.0,132.0,-167.3,2.0,1.0,45.0,118.0,48.0,-1.3,7.0
2023-07-22,israel,1781.0,337.0,400.0,-2081.5,7.0,4.0,87.0,320.0,193.0,-1250.0,18.0
2023-07-22,korea,1105.0,117.0,226.0,-360.2,26.0,5.0,32.0,449.0,199.0,-537.1,43.0
2023-07-22,libya,60.0,13.0,4.0,31.0,0.0,0.0,0.0,0.0,0.0,0.0,0.0
2023-07-22,scs,1698.0,119.0,130.0,3617.9,0.0,0.0,67.0,22.0,8.0,1.6,4.0
2023-07-22,southasia,6454.0,1009.0,916.0,1703.9,13.0,31.0,396.0,16.0,6.0,16.4,2.0
2023-07-22,sudan,273.0,19.0,98.0,-626.0,1.0,6.0,9.0,4.0,4.0,-40.0,0.0
2023-07-22,taiwan,323.0,15.0,55.0,265.0,0.0,11.0,14.0,88.0,25.0,-19.4,10.0
2023-07-22,ukraine,3456.0,530.0,786.0,-2429.3,55.0,13.0,163.0,1400.0,828.0,-4065.1,110.0
2023-07-22,venezuela,157.0,21.0,12.0,227.5,0.0,2.0,9.0,36.0,2.0,63.0,0.0
2023-07-22,yemen,267.0,31.0,102.0,-715.1,1.0,0.0,32.0,6.0,0.0,14.1,0.0
2023-07-23,drc,20.0,4.0,9.0,-44.3,0.0,0.0,5.0,0.0,0.0,0.0,0.0
2023-07-23,europe_east,621.0,96.0,68.0,574.5,16.0,13.0,8.0,280.0,130.0,-321.1,40.0
2023-07-23,iran,839.0,166.0,181.0,-754.0,1.0,1.0,40.0,105.0,37.0,110.3,4.0
2023-07-23,israel,2939.0,562.0,397.0,-307.8,12.0,5.0,165.0,321.0,151.0,-511.6,21.0
2023-07-23,korea,627.0,58.0,80.0,509.9,10.0,0.0,17.0,171.0,46.0,-44.3,18.0
2023-07-23,libya,92.0,9.0,4.0,265.3,0.0,0.0,0.0,0.0,0.0,0.0,0.0
2023-07-23,scs,2392.0,145.0,142.0,5010.0,5.0,12.0,65.0,48.0,22.0,-37.8,14.0
2023-07-23,southasia,6380.0,934.0,1000.0,1430.4,14.0,42.0,454.0,50.0,5.0,72.2,1.0
2023-07-23,sudan,351.0,26.0,149.0,-1068.1,2.0,0.0,10.0,19.0,18.0,-157.0,0.0
2023-07-23,taiwan,337.0,25.0,41.0,381.0,0.0,10.0,12.0,67.0,20.0,-11.7,7.0
2023-07-23,ukraine,3202.0,463.0,611.0,-521.2,50.0,14.0,97.0,1264.0,736.0,-3742.1,103.0
2023-07-23,venezuela,138.0,18.0,10.0,200.9,0.0,0.0,8.0,16.0,7.0,3.9,0.0
2023-07-23,yemen,143.0,23.0,36.0,-177.5,0.0,0.0,10.0,33.0,9.0,37.4,1.0
2023-07-24,drc,66.0,5.0,20.0,-50.5,0.0,0.0,5.0,6.0,4.0,-27.0,0.0
2023-07-24,europe_east,1115.0,148.0,109.0,1234.6,10.0,9.0,33.0,201.0,77.0,-108.6,31.0
2023-07-24,iran,951.0,140.0,196.0,-55.5,5.0,3.0,78.0,136.0,42.0,174.3,13.0
2023-07-24,israel,4307.0,861.0,624.0,-530.0,35.0,6.0,287.0,376.0,204.0,-928.4,49.0
2023-07-24,korea,2499.0,213.0,555.0,-89.3,7.0,14.0,219.0,673.0,319.0,-1357.2,77.0
2023-07-24,libya,112.0,3.0,6.0,249.8,0.0,0.0,1.0,0.0,0.0,0.0,0.0
2023-07-24,scs,3131.0,218.0,237.0,5748.4,4.0,23.0,103.0,121.0,21.0,167.5,4.0
2023-07-24,southasia,8939.0,1384.0,1088.0,4649.2,5.0,38.0,459.0,104.0,2.0,211.3,0.0
2023-07-24,sudan,665.0,99.0,159.0,-507.1,3.0,3.0,31.0,10.0,5.0,-15.0,0.0
2023-07-24,taiwan,556.0,52.0,123.0,-176.9,4.0,8.0,21.0,150.0,52.0,-159.0,24.0
2023-07-24,ukraine,4524.0,677.0,1015.0,-2752.4,58.0,18.0,206.0,1640.0,994.0,-4716.6,107.0
2023-07-24,venezuela,168.0,6.0,26.0,191.0,0.0,0.0,8.0,21.0,11.0,-6.6,9.0
2023-07-24,yemen,165.0,20.0,30.0,11.7,0.0,4.0,7.0,47.0,7.0,35.6,2.0
2023-07-25,drc,31.0,2.0,6.0,-10.8,0.0,0.0,0.0,11.0,1.0,7.7,1.0
2023-07-25,europe_east,1403.0,199.0,149.0,1571.4,10.0,11.0,53.0,160.0,51.0,-56.1,14.0
2023-07-25,iran,1075.0,148.0,142.0,1118.3,6.0,7.0,61.0,91.0,43.0,-98.9,10.0
2023-07-25,israel,4233.0,871.0,721.0,-2374.9,28.0,10.0,202.0,525.0,301.0,-1644.0,24.0
2023-07-25,korea,2186.0,195.0,509.0,-515.1,8.0,1.0,201.0,542.0,262.0,-1247.7,30.0
2023-07-25,libya,150.0,17.0,13.0,284.3,0.0,0.0,10.0,0.0,0.0,0.0,0.0
2023-07-25,scs,3281.0,263.0,224.0,5502.4,7.0,11.0,112.0,138.0,25.0,157.5,1.0
2023-07-25,southasia,9698.0,1528.0,1190.0,5118.2,10.0,21.0,543.0,41.0,4.0,67.9,0.0
2023-07-25,sudan,614.0,66.0,129.0,-124.3,6.0,6.0,25.0,5.0,5.0,-30.4,2.0
2023-07-25,taiwan,490.0,56.0,56.0,299.0,6.0,5.0,10.0,99.0,35.0,-107.2,10.0
2023-07-25,ukraine,4722.0,718.0,913.0,-724.3,69.0,22.0,204.0,1678.0,941.0,-3751.9,121.0
2023-07-25,venezuela,177.0,22.0,15.0,321.5,0.0,0.0,9.0,17.0,7.0,-3.0,0.0
2023-07-25,yemen,212.0,27.0,47.0,-127.3,2.0,0.0,7.0,24.0,6.0,12.7,0.0
2023-07-26,drc,26.0,0.0,3.0,43.5,0.0,2.0,0.0,3.0,3.0,-21.6,3.0
2023-07-26,europe_east,1373.0,154.0,138.0,1560.6,11.0,12.0,60.0,91.0,35.0,-18.5,12.0
2023-07-26,iran,918.0,134.0,155.0,338.4,0.0,4.0,79.0,161.0,37.0,246.8,2.0
2023-07-26,israel,4018.0,695.0,718.0,-1406.9,25.0,7.0,213.0,567.0,331.0,-1886.6,36.0
2023-07-26,korea,2067.0,148.0,283.0,2223.6,5.0,2.0,72.0,312.0,127.0,-232.7,6.0
2023-07-26,libya,229.0,23.0,11.0,515.1,0.0,0.0,4.0,0.0,0.0,0.0,0.0
2023-07-26,scs,3698.0,199.0,226.0,7943.9,8.0,9.0,115.0,121.0,23.0,205.6,4.0
2023-07-26,southasia,9047.0,1484.0,1010.0,5138.5,12.0,32.0,418.0,91.0,25.0,8.4,7.0
2023-07-26,sudan,484.0,48.0,123.0,-248.8,0.0,8.0,23.0,8.0,5.0,-11.0,1.0
2023-07-26,taiwan,536.0,61.0,63.0,618.5,3.0,4.0,15.0,129.0,49.0,-76.8,17.0
2023-07-26,ukraine,4281.0,558.0,807.0,511.0,32.0,13.0,232.0,1360.0,738.0,-3203.1,113.0
2023-07-26,venezuela,149.0,12.0,42.0,-52.2,0.0,0.0,20.0,15.0,6.0,-21.0,5.0
2023-07-26,yemen,122.0,22.0,21.0,-47.2,0.0,0.0,2.0,10.0,1.0,15.7,1.0
2023-07-27,drc,30.0,4.0,7.0,-34.8,0.0,0.0,0.0,27.0,14.0,0.4,1.0
2023-07-27,europe_east,1190.0,123.0,106.0,1701.8,5.0,9.0,43.0,107.0,46.0,-13.7,12.0
2023-07-27,iran,808.0,99.0,127.0,350.3,3.0,2.0,70.0,120.0,45.0,33.6,2.0
2023-07-27,israel,4200.0,629.0,710.0,-871.0,18.0,10.0,204.0,589.0,341.0,-2128.1,22.0
2023-07-27,korea,2444.0,183.0,316.0,2883.0,6.0,12.0,117.0,349.0,137.0,32.7,29.0
2023-07-27,libya,107.0,13.0,14.0,126.2,1.0,0.0,9.0,0.0,0.0,0.0,0.0
2023-07-27,scs,3155.0,199.0,170.0,6594.3,9.0,3.0,77.0,102.0,31.0,65.2,12.0
2023-07-27,southasia,8290.0,1343.0,985.0,4414.7,13.0,26.0,429.0,59.0,10.0,54.6,2.0
2023-07-27,sudan,595.0,72.0,114.0,61.1,6.0,2.0,12.0,8.0,5.0,-12.6,0.0
2023-07-27,taiwan,634.0,61.0,78.0,595.4,4.0,8.0,26.0,199.0,61.0,47.7,22.0
2023-07-27,ukraine,4738.0,574.0,992.0,-813.1,34.0,24.0,272.0,1559.0,899.0,-4567.1,103.0
2023-07-27,venezuela,197.0,12.0,21.0,262.8,0.0,0.0,9.0,10.0,2.0,-0.6,0.0
2023-07-27,yemen,109.0,12.0,10.0,136.5,0.0,0.0,2.0,19.0,6.0,20.9,1.0
2023-07-28,drc,64.0,6.0,25.0,-115.1,0.0,0.0,3.0,22.0,16.0,-61.1,0.0
2023-07-28,europe_east,997.0,123.0,92.0,1127.1,11.0,2.0,46.0,135.0,63.0,-164.9,25.0
2023-07-28,iran,801.0,136.0,97.0,311.4,2.0,1.0,54.0,126.0,34.0,182.8,8.0
2023-07-28,israel,3018.0,558.0,417.0,280.9,11.0,3.0,124.0,360.0,165.0,-724.1,14.0
2023-07-28,korea,1708.0,166.0,172.0,2014.7,11.0,5.0,56.0,312.0,126.0,-227.2,24.0
2023-07-28,libya,102.0,11.0,12.0,134.9,0.0,0.0,5.0,1.0,0.0,3.4,0.0
2023-07-28,scs,4157.0,248.0,233.0,7993.0,4.0,7.0,132.0,68.0,20.0,58.6,3.0
2023-07-28,southasia,8420.0,1274.0,1088.0,4643.8,15.0,37.0,532.0,19.0,7.0,0.1,1.0
2023-07-28,sudan,659.0,87.0,137.0,-236.4,0.0,0.0,20.0,15.0,6.0,-22.3,0.0
2023-07-28,taiwan,516.0,45.0,64.0,925.2,0.0,3.0,27.0,135.0,61.0,-46.7,17.0
2023-07-28,ukraine,3928.0,509.0,829.0,-1194.5,31.0,17.0,171.0,1629.0,921.0,-4190.9,96.0
2023-07-28,venezuela,103.0,13.0,27.0,-38.3,0.0,0.0,17.0,17.0,7.0,-5.6,0.0
2023-07-28,yemen,79.0,7.0,3.0,195.1,0.0,0.0,1.0,22.0,5.0,50.2,0.0
2023-07-29,drc,40.0,4.0,20.0,-135.6,0.0,0.0,1.0,9.0,5.0,-33.6,0.0
2023-07-29,europe_east,691.0,101.0,107.0,332.0,7.0,13.0,43.0,231.0,108.0,-136.5,39.0
2023-07-29,iran,501.0,66.0,60.0,728.8,0.0,3.0,31.0,30.0,6.0,47.4,2.0
2023-07-29,israel,1974.0,335.0,322.0,-229.7,6.0,3.0,130.0,282.0,136.0,-692.0,22.0
2023-07-29,korea,844.0,62.0,85.0,1076.0,1.0,0.0,29.0,112.0,47.0,-68.5,1.0
2023-07-29,libya,62.0,6.0,3.0,147.6,0.0,0.0,1.0,0.0,0.0,0.0,0.0
2023-07-29,scs,2175.0,109.0,205.0,3717.7,2.0,26.0,84.0,47.0,11.0,102.4,2.0
2023-07-29,southasia,6907.0,954.0,940.0,3183.7,16.0,54.0,387.0,47.0,7.0,84.7,4.0
2023-07-29,sudan,252.0,25.0,55.0,-59.3,0.0,1.0,11.0,9.0,6.0,-52.0,0.0
2023-07-29,taiwan,511.0,37.0,56.0,1056.1,1.0,4.0,15.0,125.0,50.0,45.4,13.0
2023-07-29,ukraine,2963.0,357.0,778.0,-3025.2,21.0,12.0,122.0,1398.0,839.0,-4440.6,83.0
2023-07-29,venezuela,95.0,13.0,18.0,25.5,0.0,0.0,10.0,15.0,3.0,49.6,0.0
2023-07-29,yemen,77.0,4.0,11.0,102.0,0.0,0.0,3.0,16.0,3.0,24.3,3.0
2023-07-30,drc,14.0,1.0,0.0,50.0,0.0,0.0,0.0,0.0,0.0,0.0,0.0
2023-07-30,europe_east,695.0,87.0,90.0,642.6,5.0,6.0,45.0,180.0,102.0,-301.4,42.0
2023-07-30,iran,640.0,91.0,101.0,595.5,0.0,2.0,66.0,85.0,16.0,168.4,0.0
2023-07-30,israel,2978.0,420.0,604.0,-1133.0,13.0,2.0,119.0,498.0,211.0,-786.9,16.0
2023-07-30,korea,552.0,47.0,78.0,306.1,7.0,1.0,27.0,50.0,18.0,-0.3,0.0
2023-07-30,libya,87.0,8.0,6.0,164.8,0.0,0.0,0.0,0.0,0.0,0.0,0.0
2023-07-30,scs,2789.0,142.0,171.0,5651.6,0.0,18.0,76.0,56.0,16.0,37.6,0.0
2023-07-30,southasia,6755.0,999.0,993.0,1338.4,16.0,42.0,326.0,35.0,6.0,43.3,3.0
2023-07-30,sudan,285.0,36.0,54.0,25.3,0.0,0.0,6.0,10.0,4.0,-16.6,0.0
2023-07-30,taiwan,390.0,52.0,33.0,645.9,0.0,6.0,11.0,89.0,34.0,68.3,9.0
2023-07-30,ukraine,2998.0,534.0,747.0,-3935.7,63.0,21.0,116.0,1437.0,891.0,-4596.9,72.0
2023-07-30,venezuela,87.0,2.0,15.0,154.8,0.0,0.0,12.0,22.0,0.0,66.3,0.0
2023-07-30,yemen,50.0,2.0,6.0,67.3,0.0,0.0,1.0,12.0,4.0,13.4,2.0
2023-07-31,drc,7.0,0.0,4.0,-35.5,0.0,0.0,0.0,4.0,0.0,9.4,0.0
2023-07-31,europe_east,748.0,95.0,111.0,475.9,1.0,11.0,39.0,121.0,57.0,-92.6,18.0
2023-07-31,iran,974.0,171.0,112.0,726.6,7.0,1.0,62.0,123.0,39.0,69.2,10.0
2023-07-31,israel,4057.0,531.0,867.0,-1420.7,15.0,2.0,207.0,652.0,311.0,-1425.9,34.0
2023-07-31,korea,732.0,67.0,68.0,730.7,7.0,0.0,22.0,82.0,25.0,69.0,5.0
2023-07-31,libya,171.0,19.0,41.0,50.6,0.0,0.0,15.0,3.0,0.0,3.4,0.0
2023-07-31,scs,2669.0,197.0,174.0,5119.6,1.0,3.0,89.0,87.0,25.0,107.3,3.0
2023-07-31,southasia,10068.0,1655.0,1523.0,239.0,31.0,54.0,428.0,46.0,9.0,-9.3,4.0
2023-07-31,sudan,389.0,55.0,80.0,-71.4,3.0,0.0,16.0,10.0,5.0,1.4,0.0
2023-07-31,taiwan,367.0,50.0,24.0,648.0,5.0,2.0,18.0,84.0,26.0,88.7,7.0
2023-07-31,ukraine,4259.0,580.0,906.0,-1579.3,54.0,36.0,164.0,1665.0,925.0,-4536.6,107.0
2023-07-31,venezuela,63.0,4.0,4.0,93.8,0.0,0.0,4.0,5.0,0.0,12.4,0.0
2023-07-31,yemen,94.0,21.0,10.0,20.6,1.0,1.0,3.0,30.0,9.0,-8.9,0.0
2023-08-01,drc,15.0,2.0,2.0,3.0,0.0,0.0,0.0,4.0,2.0,4.0,0.0
2023-08-01,europe_east,1137.0,153.0,131.0,1225.6,5.0,22.0,61.0,152.0,72.0,-195.0,33.0
2023-08-01,iran,997.0,138.0,148.0,478.9,1.0,11.0,66.0,124.0,37.0,58.4,1.0
2023-08-01,israel,3885.0,539.0,870.0,-2551.1,31.0,5.0,170.0,577.0,300.0,-1556.6,16.0
2023-08-01,korea,958.0,73.0,113.0,1367.5,3.0,0.0,62.0,111.0,44.0,-100.4,16.0
2023-08-01,libya,149.0,6.0,28.0,243.7,0.0,0.0,13.0,3.0,0.0,11.7,0.0
2023-08-01,scs,2833.0,203.0,238.0,4783.4,0.0,1.0,116.0,74.0,27.0,6.2,8.0
2023-08-01,southasia,9586.0,1428.0,1449.0,1627.4,18.0,40.0,399.0,14.0,4.0,-38.8,2.0
2023-08-01,sudan,418.0,48.0,69.0,276.7,4.0,6.0,15.0,4.0,2.0,10.0,0.0
2023-08-01,taiwan,486.0,66.0,60.0,611.7,3.0,7.0,24.0,125.0,48.0,50.6,15.0
2023-08-01,ukraine,4324.0,630.0,852.0,-1168.1,61.0,41.0,174.0,1606.0,882.0,-3897.7,127.0
2023-08-01,venezuela,121.0,41.0,4.0,158.0,0.0,0.0,3.0,20.0,1.0,83.5,0.0
2023-08-01,yemen,166.0,19.0,55.0,-266.9,0.0,0.0,4.0,52.0,11.0,43.6,0.0
2023-08-02,drc,19.0,1.0,2.0,14.0,0.0,0.0,2.0,0.0,0.0,0.0,0.0
2023-08-02,europe_east,1878.0,289.0,354.0,37.6,17.0,68.0,94.0,588.0,251.0,-565.5,104.0
2023-08-02,iran,1032.0,139.0,213.0,-112.1,2.0,9.0,98.0,112.0,35.0,35.1,6.0
2023-08-02,israel,3767.0,505.0,890.0,-2889.5,10.0,5.0,202.0,650.0,367.0,-2099.9,26.0
2023-08-02,korea,1006.0,93.0,143.0,905.4,1.0,5.0,46.0,166.0,77.0,-280.3,16.0
2023-08-02,libya,179.0,21.0,22.0,163.0,0.0,0.0,9.0,7.0,3.0,-26.2,0.0
2023-08-02,scs,2895.0,203.0,170.0,5811.4,4.0,0.0,82.0,139.0,50.0,106.0,3.0
2023-08-02,southasia,9496.0,1570.0,1446.0,79.8,12.0,119.0,426.0,11.0,10.0,-36.0,2.0
2023-08-02,sudan,485.0,72.0,67.0,258.8,3.0,0.0,21.0,22.0,7.0,20.6,0.0
2023-08-02,taiwan,430.0,35.0,38.0,759.8,1.0,3.0,21.0,116.0,21.0,149.2,1.0
2023-08-02,ukraine,4327.0,569.0,937.0,-1497.7,36.0,43.0,218.0,1386.0,794.0,-3471.4,105.0
2023-08-02,venezuela,225.0,19.0,21.0,618.1,0.0,0.0,10.0,32.0,10.0,34.9,2.0
2023-08-02,yemen,98.0,16.0,31.0,-119.9,0.0,0.0,4.0,25.0,10.0,-11.9,4.0
2023-08-03,drc,13.0,0.0,0.0,67.4,0.0,0.0,0.0,1.0,0.0,7.0,0.0
2023-08-03,europe_east,1650.0,203.0,247.0,1123.1,9.0,38.0,91.0,407.0,179.0,-321.1,53.0
2023-08-03,iran,1283.0,157.0,230.0,457.3,0.0,10.0,82.0,92.0,48.0,-253.3,4.0
2023-08-03,israel,3764.0,611.0,736.0,-1445.1,12.0,3.0,198.0,409.0,208.0,-945.0,18.0
2023-08-03,korea,1131.0,100.0,200.0,590.0,0.0,0.0,97.0,196.0,57.0,-39.8,26.0
2023-08-03,libya,168.0,15.0,18.0,214.7,0.0,0.0,6.0,0.0,0.0,0.0,0.0
2023-08-03,scs,2645.0,205.0,149.0,5306.5,0.0,4.0,76.0,225.0,29.0,362.8,8.0
2023-08-03,southasia,9548.0,1390.0,1312.0,4401.4,9.0,47.0,491.0,37.0,17.0,-8.4,3.0
2023-08-03,sudan,511.0,73.0,115.0,-397.1,3.0,0.0,23.0,10.0,6.0,-43.8,0.0
2023-08-03,taiwan,429.0,53.0,41.0,487.3,1.0,9.0,13.0,117.0,37.0,-12.9,8.0
2023-08-03,ukraine,4332.0,627.0,858.0,-1144.2,48.0,26.0,194.0,1429.0,868.0,-4585.7,95.0
2023-08-03,venezuela,196.0,11.0,13.0,318.8,0.0,0.0,2.0,25.0,5.0,41.1,2.0
2023-08-03,yemen,65.0,6.0,23.0,-99.3,0.0,2.0,2.0,7.0,2.0,-1.9,0.0
2023-08-04,drc,35.0,0.0,5.0,66.0,0.0,0.0,1.0,0.0,0.0,0.0,0.0
2023-08-04,europe_east,1571.0,198.0,284.0,675.7,8.0,27.0,157.0,441.0,213.0,-653.9,98.0
2023-08-04,iran,991.0,105.0,193.0,178.3,1.0,11.0,57.0,110.0,44.0,-82.2,5.0
2023-08-04,israel,2695.0,400.0,712.0,-3501.3,11.0,7.0,153.0,444.0,299.0,-2203.2,12.0
2023-08-04,korea,1065.0,125.0,224.0,-398.6,13.0,5.0,86.0,144.0,57.0,-202.9,9.0
2023-08-04,libya,207.0,15.0,19.0,362.0,0.0,1.0,11.0,0.0,0.0,0.0,0.0
2023-08-04,scs,2261.0,186.0,196.0,3905.1,0.0,1.0,120.0,79.0,22.0,30.1,10.0
2023-08-04,southasia,9495.0,1384.0,1358.0,4204.4,22.0,33.0,631.0,16.0,12.0,-52.2,5.0
2023-08-04,sudan,488.0,82.0,109.0,-422.4,0.0,0.0,31.0,6.0,4.0,-9.4,0.0
2023-08-04,taiwan,439.0,45.0,40.0,606.7,3.0,2.0,17.0,88.0,30.0,-38.6,8.0
2023-08-04,ukraine,4543.0,625.0,967.0,-2432.2,46.0,24.0,254.0,1641.0,986.0,-5617.7,122.0
2023-08-04,venezuela,159.0,23.0,22.0,-4.8,0.0,0.0,7.0,13.0,3.0,12.3,0.0
2023-08-04,yemen,63.0,6.0,12.0,32.9,0.0,0.0,3.0,16.0,5.0,-3.6,0.0
2023-08-05,drc,5.0,0.0,2.0,-18.2,0.0,0.0,1.0,10.0,0.0,18.1,0.0
2023-08-05,europe_east,588.0,75.0,101.0,165.6,7.0,14.0,53.0,171.0,87.0,-265.0,43.0
2023-08-05,iran,636.0,60.0,80.0,673.0,2.0,5.0,26.0,62.0,22.0,12.9,3.0
2023-08-05,israel,2114.0,310.0,737.0,-4949.5,7.0,7.0,129.0,367.0,266.0,-2061.0,16.0
2023-08-05,korea,646.0,79.0,90.0,329.5,12.0,1.0,21.0,80.0,20.0,32.5,2.0
2023-08-05,libya,123.0,15.0,10.0,206.4,4.0,2.0,7.0,0.0,0.0,0.0,0.0
2023-08-05,scs,1875.0,95.0,116.0,3368.5,1.0,1.0,61.0,30.0,0.0,126.8,0.0
2023-08-05,southasia,7925.0,1188.0,1392.0,619.6,7.0,36.0,798.0,33.0,15.0,-50.3,5.0
2023-08-05,sudan,343.0,39.0,42.0,240.5,0.0,0.0,13.0,2.0,2.0,-11.0,0.0
2023-08-05,taiwan,310.0,22.0,25.0,449.4,1.0,2.0,12.0,51.0,14.0,-3.8,1.0
2023-08-05,ukraine,3192.0,394.0,731.0,-2307.7,44.0,12.0,149.0,1537.0,883.0,-4894.9,129.0
2023-08-05,venezuela,99.0,14.0,6.0,121.6,0.0,0.0,5.0,2.0,1.0,5.4,0.0
2023-08-05,yemen,78.0,6.0,19.0,-27.1,0.0,0.0,2.0,19.0,11.0,-18.8,0.0
2023-08-06,drc,5.0,0.0,2.0,-15.2,0.0,0.0,0.0,0.0,0.0,0.0,0.0
2023-08-06,europe_east,409.0,47.0,57.0,362.3,0.0,0.0,30.0,68.0,26.0,11.8,4.0
2023-08-06,iran,695.0,77.0,93.0,595.8,0.0,2.0,36.0,56.0,19.0,47.1,3.0
2023-08-06,israel,2874.0,437.0,909.0,-5767.4,16.0,0.0,185.0,611.0,408.0,-2904.2,43.0
2023-08-06,korea,649.0,59.0,64.0,780.7,4.0,11.0,24.0,101.0,37.0,-41.3,7.0
2023-08-06,libya,94.0,10.0,10.0,67.4,2.0,0.0,3.0,0.0,0.0,0.0,0.0
2023-08-06,scs,2068.0,254.0,126.0,3492.2,4.0,1.0,60.0,286.0,176.0,-303.8,8.0
2023-08-06,southasia,7161.0,1065.0,1353.0,-1067.6,2.0,29.0,696.0,39.0,16.0,-34.6,6.0
2023-08-06,sudan,171.0,15.0,34.0,66.2,1.0,3.0,14.0,0.0,0.0,0.0,0.0
2023-08-06,taiwan,249.0,17.0,34.0,339.4,1.0,2.0,12.0,86.0,27.0,-19.9,6.0
2023-08-06,ukraine,2892.0,414.0,855.0,-4952.6,35.0,10.0,133.0,1491.0,927.0,-5210.7,127.0
2023-08-06,venezuela,66.0,12.0,8.0,-5.0,0.0,0.0,1.0,13.0,8.0,-49.2,0.0
2023-08-06,yemen,51.0,7.0,23.0,-165.6,0.0,0.0,1.0,17.0,14.0,-63.4,0.0
2023-08-07,drc,16.0,1.0,9.0,-70.2,0.0,0.0,0.0,6.0,0.0,27.4,0.0
2023-08-07,europe_east,837.0,89.0,126.0,914.3,0.0,11.0,51.0,205.0,98.0,-99.3,24.0
2023-08-07,iran,1212.0,131.0,184.0,481.8,5.0,6.0,69.0,186.0,72.0,-127.1,5.0
2023-08-07,israel,3452.0,486.0,952.0,-4376.8,5.0,7.0,192.0,794.0,492.0,-3317.1,41.0
2023-08-07,korea,1018.0,117.0,88.0,1096.7,10.0,1.0,23.0,71.0,34.0,-141.5,7.0
2023-08-07,libya,105.0,13.0,9.0,168.4,1.0,0.0,3.0,0.0,0.0,0.0,0.0
2023-08-07,scs,3062.0,457.0,200.0,3873.9,1.0,7.0,73.0,604.0,336.0,-729.1,6.0
2023-08-07,southasia,9514.0,1415.0,1446.0,2306.9,13.0,26.0,705.0,22.0,6.0,-4.1,1.0
2023-08-07,sudan,468.0,55.0,101.0,-229.4,1.0,1.0,29.0,4.0,2.0,-16.5,0.0
2023-08-07,taiwan,352.0,31.0,31.0,543.8,1.0,3.0,7.0,48.0,25.0,-91.9,8.0
2023-08-07,ukraine,4158.0,533.0,1118.0,-4363.9,35.0,18.0,257.0,1729.0,1075.0,-6069.2,127.0
2023-08-07,venezuela,320.0,16.0,17.0,535.7,0.0,0.0,3.0,30.0,8.0,35.7,4.0
2023-08-07,yemen,72.0,14.0,19.0,-132.8,1.0,0.0,3.0,18.0,4.0,16.7,0.0
2023-08-08,drc,50.0,3.0,4.0,66.8,0.0,1.0,3.0,2.0,1.0,-1.6,0.0
2023-08-08,europe_east,1060.0,127.0,160.0,1293.7,1.0,14.0,87.0,229.0,120.0,-132.9,62.0
2023-08-08,iran,1241.0,161.0,182.0,854.7,5.0,7.0,77.0,137.0,87.0,-231.6,9.0
2023-08-08,israel,3553.0,597.0,802.0,-2942.0,15.0,7.0,233.0,697.0,455.0,-2638.0,75.0
2023-08-08,korea,815.0,90.0,61.0,1360.5,3.0,9.0,34.0,46.0,10.0,19.5,0.0
2023-08-08,libya,175.0,20.0,25.0,70.0,0.0,0.0,8.0,0.0,0.0,0.0,0.0
2023-08-08,scs,3326.0,389.0,227.0,5038.7,10.0,5.0,85.0,602.0,286.0,-381.8,4.0
2023-08-08,southasia,9499.0,1384.0,1474.0,2741.0,15.0,20.0,765.0,30.0,6.0,18.8,1.0
2023-08-08,sudan,677.0,63.0,136.0,-42.9,5.0,1.0,28.0,5.0,1.0,2.5,0.0
2023-08-08,taiwan,457.0,54.0,23.0,927.4,1.0,2.0,13.0,102.0,41.0,-102.0,15.0
2023-08-08,ukraine,4035.0,498.0,929.0,-1398.4,36.0,24.0,236.0,1397.0,837.0,-4284.0,123.0
2023-08-08,venezuela,365.0,17.0,35.0,589.2,0.0,0.0,12.0,53.0,9.0,89.2,1.0
2023-08-08,yemen,135.0,21.0,22.0,-14.4,0.0,0.0,4.0,21.0,4.0,18.2,1.0
2023-08-09,drc,37.0,2.0,8.0,-10.9,0.0,2.0,2.0,0.0,0.0,0.0,0.0
2023-08-09,europe_east,1199.0,158.0,158.0,1269.4,3.0,33.0,44.0,342.0,152.0,-43.8,72.0
2023-08-09,iran,1155.0,133.0,178.0,825.1,4.0,7.0,102.0,163.0,54.0,164.2,12.0
2023-08-09,israel,3299.0,550.0,655.0,-1485.7,14.0,1.0,197.0,505.0,261.0,-1167.2,32.0
2023-08-09,korea,787.0,95.0,90.0,760.8,5.0,6.0,43.0,69.0,28.0,-14.9,7.0
2023-08-09,libya,140.0,17.0,16.0,179.0,0.0,0.0,8.0,3.0,1.0,-11.5,0.0
2023-08-09,scs,3833.0,378.0,261.0,5897.4,1.0,4.0,142.0,425.0,161.0,50.3,9.0
2023-08-09,southasia,9436.0,1546.0,1388.0,2604.2,12.0,15.0,718.0,52.0,16.0,-8.0,6.0
2023-08-09,sudan,711.0,96.0,138.0,-102.4,3.0,2.0,26.0,8.0,3.0,-13.8,0.0
2023-08-09,taiwan,459.0,57.0,37.0,562.2,0.0,0.0,10.0,107.0,32.0,-26.5,2.0
2023-08-09,ukraine,3456.0,441.0,720.0,-449.2,28.0,21.0,226.0,1089.0,642.0,-3062.9,65.0
2023-08-09,venezuela,632.0,37.0,20.0,2094.7,0.0,0.0,13.0,51.0,5.0,158.7,0.0
2023-08-09,yemen,135.0,18.0,19.0,57.1,1.0,0.0,4.0,11.0,0.0,26.6,0.0
2023-08-10,drc,57.0,0.0,3.0,173.3,0.0,0.0,0.0,8.0,0.0,21.5,0.0
2023-08-10,europe_east,1356.0,141.0,216.0,1376.1,4.0,36.0,67.0,367.0,138.0,362.1,75.0
2023-08-10,iran,1419.0,188.0,273.0,912.7,4.0,3.0,189.0,405.0,161.0,255.7,82.0
2023-08-10,israel,3558.0,585.0,797.0,-2899.2,15.0,2.0,271.0,530.0,298.0,-1721.7,20.0
2023-08-10,korea,1130.0,156.0,126.0,1086.3,35.0,15.0,61.0,120.0,53.0,-83.2,9.0
2023-08-10,libya,159.0,6.0,33.0,122.3,2.0,1.0,11.0,1.0,0.0,0.0,0.0
2023-08-10,scs,2898.0,273.0,235.0,4362.1,0.0,16.0,84.0,302.0,106.0,77.5,9.0
2023-08-10,southasia,8690.0,1500.0,1162.0,3364.2,11.0,19.0,530.0,30.0,16.0,-51.4,6.0
2023-08-10,sudan,538.0,91.0,112.0,-196.4,4.0,3.0,30.0,4.0,4.0,-40.0,0.0
2023-08-10,taiwan,403.0,40.0,35.0,513.1,0.0,1.0,8.0,91.0,13.0,148.1,4.0
2023-08-10,ukraine,4359.0,583.0,974.0,-1392.2,23.0,49.0,238.0,1401.0,854.0,-4266.8,77.0
2023-08-10,venezuela,345.0,27.0,38.0,393.8,1.0,0.0,11.0,28.0,4.0,107.9,2.0
2023-08-10,yemen,235.0,20.0,81.0,-429.1,0.0,0.0,6.0,25.0,14.0,-100.6,0.0
2023-08-11,drc,34.0,0.0,0.0,136.1,0.0,0.0,0.0,3.0,0.0,10.2,0.0
2023-08-11,europe_east,1005.0,97.0,108.0,1372.6,2.0,21.0,29.0,217.0,89.0,-27.9,41.0
2023-08-11,iran,1608.0,180.0,299.0,1334.8,3.0,7.0,195.0,583.0,166.0,921.0,76.0
2023-08-11,israel,2726.0,380.0,621.0,-1689.8,4.0,2.0,176.0,433.0,258.0,-1803.9,29.0
2023-08-11,korea,767.0,84.0,119.0,436.7,14.0,14.0,46.0,58.0,34.0,-200.1,9.0
2023-08-11,libya,164.0,18.0,16.0,248.6,0.0,1.0,9.0,1.0,0.0,7.0,0.0
2023-08-11,scs,2885.0,271.0,297.0,3947.7,0.0,12.0,126.0,240.0,107.0,7.1,8.0
2023-08-11,southasia,8386.0,1302.0,1128.0,3503.0,11.0,18.0,522.0,24.0,7.0,2.9,1.0
2023-08-11,sudan,508.0,78.0,118.0,-285.9,2.0,1.0,22.0,9.0,2.0,5.7,0.0
2023-08-11,taiwan,475.0,37.0,63.0,371.2,2.0,6.0,27.0,130.0,29.0,78.0,18.0
2023-08-11,ukraine,3780.0,454.0,878.0,-2043.7,23.0,29.0,207.0,1173.0,765.0,-4594.9,75.0
2023-08-11,venezuela,174.0,13.0,28.0,120.7,0.0,0.0,11.0,14.0,5.0,8.8,0.0
2023-08-11,yemen,314.0,25.0,81.0,-175.3,0.0,0.0,4.0,17.0,4.0,1.5,1.0
2023-08-12,drc,13.0,2.0,0.0,7.0,0.0,0.0,0.0,3.0,0.0,11.2,0.0
2023-08-12,europe_east,591.0,62.0,69.0,652.1,0.0,16.0,27.0,251.0,76.0,205.6,20.0
2023-08-12,iran,911.0,85.0,151.0,1003.0,6.0,7.0,76.0,264.0,67.0,527.6,30.0
2023-08-12,israel,1333.0,186.0,238.0,-245.9,4.0,0.0,64.0,177.0,100.0,-597.5,12.0
2023-08-12,korea,397.0,54.0,41.0,470.8,9.0,2.0,10.0,30.0,5.0,20.1,0.0
2023-08-12,libya,48.0,5.0,9.0,12.9,0.0,0.0,3.0,1.0,0.0,3.4,0.0
2023-08-12,scs,2062.0,169.0,160.0,4078.5,3.0,4.0,85.0,187.0,67.0,132.9,5.0
2023-08-12,southasia,7254.0,1065.0,997.0,3487.5,14.0,26.0,522.0,43.0,13.0,32.1,5.0
2023-08-12,sudan,183.0,17.0,77.0,-487.8,2.0,3.0,11.0,4.0,4.0,-40.0,0.0
2023-08-12,taiwan,537.0,46.0,45.0,754.1,0.0,0.0,9.0,157.0,71.0,-151.8,23.0
2023-08-12,ukraine,2599.0,291.0,710.0,-2589.3,14.0,18.0,116.0,1037.0,671.0,-4052.7,55.0
2023-08-12,venezuela,113.0,15.0,13.0,131.0,0.0,0.0,8.0,2.0,0.0,4.7,0.0
2023-08-12,yemen,199.0,16.0,40.0,9.8,1.0,0.0,8.0,37.0,14.0,-18.7,6.0
2023-08-13,drc,27.0,1.0,7.0,-46.6,0.0,0.0,0.0,6.0,0.0,11.4,0.0
2023-08-13,europe_east,635.0,79.0,82.0,431.9,2.0,12.0,36.0,228.0,94.0,-23.0,30.0
2023-08-13,iran,1133.0,155.0,237.0,-180.2,19.0,1.0,95.0,244.0,59.0,495.3,19.0
2023-08-13,israel,2276.0,358.0,393.0,-262.4,9.0,3.0,98.0,361.0,162.0,-609.4,26.0
2023-08-13,korea,555.0,81.0,51.0,588.4,10.0,2.0,25.0,26.0,4.0,9.8,0.0
2023-08-13,libya,65.0,8.0,7.0,56.5,2.0,0.0,2.0,0.0,0.0,0.0,0.0
2023-08-13,scs,1845.0,159.0,206.0,2475.3,2.0,10.0,78.0,147.0,44.0,-7.2,0.0
2023-08-13,southasia,6929.0,1024.0,1187.0,92.7,31.0,39.0,426.0,36.0,10.0,12.4,1.0
2023-08-13,sudan,236.0,32.0,48.0,-130.5,2.0,0.0,8.0,8.0,6.0,-31.2,0.0
2023-08-13,taiwan,748.0,94.0,36.0,949.0,2.0,2.0,8.0,248.0,96.0,163.8,5.0
2023-08-13,ukraine,2257.0,285.0,645.0,-2992.4,38.0,14.0,83.0,1080.0,698.0,-4066.1,50.0
2023-08-13,venezuela,118.0,6.0,23.0,123.9,0.0,0.0,12.0,3.0,1.0,-5.3,0.0
2023-08-13,yemen,98.0,14.0,17.0,5.1,0.0,0.0,4.0,15.0,2.0,26.4,0.0
2023-08-14,drc,26.0,3.0,13.0,-55.6,0.0,0.0,8.0,12.0,1.0,20.4,1.0
2023-08-14,europe_east,926.0,116.0,151.0,505.6,1.0,13.0,86.0,270.0,108.0,72.9,61.0
2023-08-14,iran,1337.0,181.0,333.0,-958.4,16.0,5.0,157.0,177.0,48.0,223.9,13.0
2023-08-14,israel,2868.0,467.0,439.0,-53.6,24.0,4.0,158.0,297.0,137.0,-379.6,29.0
2023-08-14,korea,1005.0,113.0,122.0,975.4,12.0,6.0,32.0,118.0,37.0,-52.3,12.0
2023-08-14,libya,142.0,16.0,36.0,-84.1,2.0,0.0,5.0,0.0,0.0,0.0,0.0
2023-08-14,scs,2732.0,269.0,222.0,3703.1,2.0,14.0,58.0,243.0,74.0,119.6,1.0
2023-08-14,southasia,9116.0,1178.0,1309.0,4376.3,21.0,20.0,485.0,63.0,17.0,75.4,3.0
2023-08-14,sudan,476.0,48.0,119.0,-494.2,6.0,0.0,21.0,13.0,6.0,-6.8,0.0
2023-08-14,taiwan,960.0,162.0,63.0,1055.2,1.0,0.0,30.0,329.0,129.0,172.1,16.0
2023-08-14,ukraine,3485.0,428.0,856.0,-2916.4,51.0,19.0,120.0,1408.0,824.0,-4607.1,76.0
2023-08-14,venezuela,201.0,16.0,15.0,209.2,0.0,0.0,10.0,16.0,3.0,7.1,0.0
2023-08-14,yemen,162.0,14.0,16.0,193.6,1.0,1.0,1.0,19.0,7.0,-23.7,4.0
2023-08-15,drc,8.0,4.0,1.0,5.8,0.0,0.0,1.0,11.0,7.0,-8.9,1.0
2023-08-15,europe_east,865.0,101.0,116.0,847.6,2.0,18.0,54.0,239.0,133.0,-428.9,49.0
2023-08-15,iran,1162.0,163.0,283.0,-610.7,7.0,6.0,140.0,220.0,66.0,221.7,24.0
2023-08-15,israel,3173.0,468.0,693.0,-1802.0,15.0,3.0,200.0,488.0,263.0,-1327.2,38.0
2023-08-15,korea,1223.0,106.0,151.0,1357.2,5.0,6.0,46.0,182.0,63.0,-34.0,26.0
2023-08-15,libya,213.0,18.0,62.0,-167.3,0.0,0.0,15.0,3.0,2.0,-13.0,0.0
2023-08-15,scs,2502.0,260.0,228.0,3173.3,6.0,11.0,85.0,201.0,83.0,-53.8,2.0
2023-08-15,southasia,7972.0,1013.0,1032.0,3877.7,29.0,15.0,392.0,42.0,6.0,48.2,1.0
2023-08-15,sudan,571.0,81.0,126.0,-286.6,3.0,0.0,25.0,7.0,3.0,-14.9,0.0
2023-08-15,taiwan,555.0,52.0,38.0,936.6,2.0,0.0,13.0,136.0,38.0,77.9,9.0
2023-08-15,ukraine,3088.0,340.0,797.0,-2706.8,23.0,12.0,142.0,1062.0,621.0,-3640.4,52.0
2023-08-15,venezuela,163.0,29.0,27.0,-67.8,1.0,0.0,9.0,23.0,2.0,37.1,2.0
2023-08-15,yemen,128.0,11.0,23.0,12.5,0.0,0.0,1.0,29.0,11.0,-27.0,3.0
2023-08-16,drc,54.0,5.0,5.0,70.9,0.0,0.0,2.0,32.0,12.0,-16.2,4.0
2023-08-16,europe_east,1237.0,126.0,189.0,1308.4,1.0,20.0,119.0,251.0,127.0,-190.2,75.0
2023-08-16,iran,1203.0,169.0,221.0,475.3,4.0,3.0,135.0,218.0,74.0,200.6,21.0
2023-08-16,israel,2964.0,406.0,513.0,173.3,17.0,5.0,171.0,484.0,206.0,-622.6,32.0
2023-08-16,korea,2611.0,270.0,360.0,2721.0,6.0,5.0,136.0,745.0,245.0,90.4,65.0
2023-08-16,libya,417.0,24.0,107.0,-242.2,1.0,6.0,5.0,3.0,1.0,3.0,0.0
2023-08-16,scs,3217.0,279.0,258.0,5327.7,1.0,12.0,118.0,253.0,53.0,242.4,2.0
2023-08-16,southasia,8595.0,1263.0,1183.0,4624.4,14.0,32.0,602.0,47.0,10.0,15.4,10.0
2023-08-16,sudan,818.0,104.0,101.0,497.1,5.0,3.0,14.0,15.0,11.0,-62.0,0.0
2023-08-16,taiwan,439.0,69.0,37.0,449.3,4.0,0.0,25.0,115.0,41.0,67.0,0.0
2023-08-16,ukraine,2937.0,360.0,664.0,-1251.2,34.0,13.0,121.0,1106.0,638.0,-3436.4,44.0
2023-08-16,venezuela,176.0,43.0,34.0,-74.1,1.0,0.0,15.0,13.0,0.0,57.7,0.0
2023-08-16,yemen,243.0,25.0,63.0,-101.5,2.0,2.0,11.0,38.0,0.0,144.9,0.0
2023-08-17,drc,45.0,1.0,5.0,88.6,0.0,1.0,1.0,5.0,5.0,-14.0,0.0
2023-08-17,europe_east,1337.0,126.0,145.0,2030.6,1.0,12.0,78.0,296.0,73.0,576.6,24.0
2023-08-17,iran,1307.0,149.0,190.0,1512.1,5.0,6.0,115.0,252.0,98.0,110.6,32.0
2023-08-17,israel,3819.0,515.0,673.0,378.8,6.0,6.0,184.0,550.0,293.0,-1461.2,18.0
2023-08-17,korea,1623.0,197.0,154.0,2052.4,16.0,6.0,46.0,305.0,136.0,-232.2,10.0
2023-08-17,libya,364.0,45.0,84.0,-293.7,2.0,4.0,8.0,2.0,0.0,4.7,0.0
2023-08-17,scs,3194.0,269.0,239.0,5681.3,2.0,8.0,101.0,290.0,87.0,171.5,4.0
2023-08-17,southasia,9295.0,1478.0,1421.0,1362.3,26.0,33.0,666.0,38.0,23.0,-106.3,2.0
2023-08-17,sudan,512.0,72.0,66.0,240.6,5.0,4.0,13.0,7.0,6.0,-19.0,0.0
2023-08-17,taiwan,546.0,52.0,34.0,1052.8,0.0,5.0,13.0,128.0,49.0,-32.4,7.0
2023-08-17,ukraine,3698.0,393.0,623.0,1153.6,17.0,19.0,144.0,1062.0,522.0,-1863.9,59.0
2023-08-17,venezuela,189.0,41.0,17.0,168.2,3.0,0.0,9.0,18.0,5.0,51.7,2.0
2023-08-17,yemen,166.0,22.0,15.0,178.8,3.0,0.0,3.0,45.0,0.0,184.2,0.0
2023-08-18,drc,53.0,4.0,13.0,-34.7,0.0,0.0,4.0,16.0,14.0,-42.0,0.0
2023-08-18,europe_east,1148.0,92.0,124.0,1855.0,5.0,7.0,66.0,266.0,107.0,57.3,41.0
2023-08-18,iran,1501.0,150.0,202.0,1788.9,1.0,6.0,108.0,225.0,72.0,120.0,13.0
2023-08-18,israel,2500.0,335.0,425.0,-161.5,5.0,5.0,102.0,287.0,181.0,-1009.3,14.0
2023-08-18,korea,2131.0,234.0,180.0,3440.2,3.0,4.0,56.0,381.0,117.0,245.7,14.0
2023-08-18,libya,161.0,19.0,33.0,-29.4,0.0,0.0,3.0,3.0,0.0,11.7,0.0
2023-08-18,scs,2810.0,202.0,232.0,4908.5,6.0,11.0,143.0,232.0,86.0,9.8,13.0
2023-08-18,southasia,8666.0,1389.0,1521.0,-165.2,44.0,40.0,633.0,43.0,30.0,-118.2,17.0
2023-08-18,sudan,509.0,43.0,113.0,-265.6,2.0,1.0,16.0,16.0,10.0,-73.6,0.0
2023-08-18,taiwan,604.0,62.0,54.0,867.0,2.0,5.0,26.0,143.0,38.0,104.8,21.0
2023-08-18,ukraine,4666.0,613.0,918.0,-587.9,49.0,61.0,176.0,1596.0,909.0,-4160.6,85.0
2023-08-18,venezuela,112.0,19.0,14.0,33.9,2.0,0.0,5.0,11.0,4.0,4.2,0.0
2023-08-18,yemen,151.0,7.0,18.0,245.8,0.0,0.0,0.0,67.0,2.0,316.6,0.0
2023-08-19,drc,47.0,10.0,5.0,27.9,0.0,0.0,1.0,9.0,8.0,-19.6,0.0
2023-08-19,europe_east,433.0,47.0,38.0,667.1,1.0,4.0,18.0,80.0,44.0,-108.8,12.0
2023-08-19,iran,974.0,106.0,194.0,396.7,3.0,3.0,95.0,140.0,48.0,114.1,14.0
2023-08-19,israel,1779.0,273.0,559.0,-3575.7,6.0,0.0,118.0,476.0,357.0,-2782.1,27.0
2023-08-19,korea,907.0,93.0,68.0,1439.2,2.0,5.0,14.0,126.0,30.0,96.6,0.0
2023-08-19,libya,91.0,3.0,20.0,36.4,0.0,1.0,0.0,0.0,0.0,0.0,0.0
2023-08-19,scs,1511.0,139.0,111.0,2298.4,0.0,0.0,69.0,124.0,58.0,-46.8,7.0
2023-08-19,southasia,6784.0,966.0,1155.0,1196.4,4.0,12.0,580.0,13.0,6.0,-16.2,1.0
2023-08-19,sudan,250.0,34.0,40.0,42.7,0.0,0.0,2.0,2.0,2.0,-20.0,0.0
2023-08-19,taiwan,891.0,190.0,96.0,292.0,7.0,1.0,15.0,369.0,222.0,-557.5,49.0
2023-08-19,ukraine,3000.0,335.0,778.0,-2293.9,13.0,15.0,85.0,1243.0,839.0,-5473.5,67.0
2023-08-19,venezuela,97.0,8.0,18.0,25.6,0.0,0.0,6.0,22.0,5.0,13.2,1.0
2023-08-19,yemen,83.0,12.0,9.0,142.9,0.0,0.0,7.0,16.0,1.0,74.4,0.0
2023-08-20,drc,9.0,0.0,0.0,27.3,0.0,0.0,0.0,0.0,0.0,0.0,0.0
2023-08-20,europe_east,438.0,26.0,47.0,729.1,2.0,4.0,18.0,83.0,37.0,-131.9,16.0
2023-08-20,iran,894.0,114.0,179.0,154.5,2.0,0.0,110.0,113.0,27.0,194.8,8.0
2023-08-20,israel,2120.0,309.0,643.0,-3958.8,7.0,4.0,122.0,432.0,309.0,-2357.9,13.0
2023-08-20,korea,547.0,96.0,37.0,503.5,0.0,1.0,2.0,73.0,31.0,-76.8,3.0
2023-08-20,libya,122.0,6.0,14.0,130.1,1.0,0.0,1.0,2.0,0.0,8.0,0.0
2023-08-20,scs,2102.0,111.0,177.0,3655.9,8.0,5.0,58.0,136.0,35.0,155.5,4.0
2023-08-20,southasia,7260.0,1189.0,1149.0,5.4,8.0,18.0,518.0,20.0,12.0,-54.3,0.0
2023-08-20,sudan,314.0,31.0,97.0,-488.1,2.0,0.0,4.0,2.0,0.0,16.0,0.0
2023-08-20,taiwan,409.0,98.0,33.0,190.3,1.0,2.0,13.0,204.0,86.0,-147.9,25.0
2023-08-20,ukraine,2962.0,359.0,623.0,-923.9,41.0,15.0,88.0,1107.0,755.0,-4934.3,72.0
2023-08-20,venezuela,46.0,5.0,13.0,-41.9,1.0,0.0,10.0,5.0,0.0,8.2,0.0
2023-08-20,yemen,46.0,4.0,8.0,52.7,0.0,0.0,2.0,9.0,4.0,19.4,0.0
2023-08-21,drc,53.0,0.0,7.0,61.1,0.0,0.0,0.0,0.0,0.0,0.0,0.0
2023-08-21,europe_east,997.0,84.0,110.0,1802.3,7.0,7.0,57.0,166.0,70.0,-118.1,21.0
2023-08-21,iran,1540.0,173.0,266.0,903.6,5.0,6.0,147.0,235.0,65.0,198.2,14.0
2023-08-21,israel,3444.0,415.0,1020.0,-5002.4,8.0,9.0,173.0,746.0,510.0,-3849.8,23.0
2023-08-21,korea,1297.0,152.0,143.0,1179.3,37.0,9.0,37.0,156.0,37.0,194.4,21.0
2023-08-21,libya,306.0,16.0,37.0,650.6,0.0,0.0,20.0,2.0,0.0,8.0,0.0
2023-08-21,scs,2932.0,194.0,234.0,5299.0,5.0,4.0,74.0,175.0,38.0,266.3,3.0
2023-08-21,southasia,9409.0,1434.0,1396.0,2914.2,11.0,22.0,636.0,19.0,15.0,-77.0,8.0
2023-08-21,sudan,506.0,39.0,110.0,-51.2,1.0,0.0,9.0,9.0,5.0,-39.1,0.0
2023-08-21,taiwan,609.0,120.0,97.0,-10.0,2.0,3.0,38.0,209.0,106.0,-140.2,25.0
2023-08-21,ukraine,4659.0,490.0,756.0,2286.5,41.0,15.0,184.0,1352.0,742.0,-3674.7,74.0
2023-08-21,venezuela,182.0,7.0,6.0,935.1,1.0,0.0,1.0,8.0,1.0,-3.3,0.0
2023-08-21,yemen,156.0,21.0,45.0,-189.3,1.0,0.0,11.0,50.0,33.0,-187.2,2.0
2023-08-22,drc,139.0,15.0,33.0,-30.3,0.0,0.0,8.0,8.0,4.0,1.0,3.0
2023-08-22,europe_east,1075.0,101.0,131.0,1559.4,4.0,13.0,78.0,133.0,81.0,-254.0,16.0
2023-08-22,iran,1367.0,244.0,173.0,1008.6,10.0,3.0,80.0,246.0,79.0,175.2,12.0
2023-08-22,israel,3181.0,432.0,867.0,-4040.5,9.0,0.0,193.0,808.0,537.0,-3618.5,58.0
2023-08-22,korea,1595.0,220.0,152.0,1652.5,32.0,2.0,68.0,177.0,80.0,-258.6,41.0
2023-08-22,libya,340.0,19.0,49.0,435.5,0.0,1.0,16.0,3.0,1.0,-2.0,0.0
2023-08-22,scs,3656.0,277.0,281.0,6289.9,1.0,12.0,91.0,206.0,42.0,367.0,2.0
2023-08-22,southasia,10400.0,1511.0,1422.0,5864.4,9.0,30.0,647.0,53.0,22.0,-38.0,10.0
2023-08-22,sudan,406.0,32.0,140.0,-769.9,4.0,0.0,14.0,21.0,15.0,-133.1,0.0
2023-08-22,taiwan,521.0,92.0,61.0,411.8,6.0,1.0,33.0,162.0,57.0,23.0,8.0
2023-08-22,ukraine,5235.0,550.0,810.0,2840.0,27.0,9.0,175.0,1613.0,873.0,-4117.7,117.0
2023-08-22,venezuela,119.0,23.0,12.0,111.7,1.0,2.0,3.0,39.0,4.0,39.2,1.0
2023-08-22,yemen,154.0,13.0,35.0,-47.1,0.0,10.0,4.0,60.0,31.0,-107.4,15.0
2023-08-23,drc,57.0,10.0,6.0,82.9,0.0,0.0,4.0,8.0,3.0,20.4,0.0
2023-08-23,europe_east,1082.0,141.0,112.0,976.6,3.0,0.0,51.0,180.0,50.0,109.0,3.0
2023-08-23,iran,998.0,133.0,169.0,428.1,3.0,5.0,104.0,146.0,71.0,-163.7,27.0
2023-08-23,israel,2693.0,442.0,617.0,-2567.8,11.0,3.0,154.0,361.0,226.0,-1384.3,36.0
2023-08-23,korea,1459.0,212.0,204.0,707.2,20.0,3.0,91.0,184.0,100.0,-384.8,28.0
2023-08-23,libya,260.0,27.0,48.0,-39.4,0.0,0.0,7.0,7.0,1.0,20.0,0.0
2023-08-23,scs,3163.0,339.0,256.0,4392.0,1.0,7.0,109.0,251.0,110.0,-322.1,2.0
2023-08-23,southasia,9438.0,1176.0,1166.0,7505.5,15.0,21.0,506.0,28.0,12.0,-36.3,3.0
2023-08-23,sudan,335.0,45.0,102.0,-511.8,2.0,0.0,19.0,8.0,7.0,-60.6,0.0
2023-08-23,taiwan,653.0,65.0,94.0,623.5,1.0,0.0,43.0,204.0,72.0,-10.7,7.0
2023-08-23,ukraine,4954.0,570.0,867.0,866.4,20.0,11.0,184.0,1695.0,889.0,-4027.2,117.0
2023-08-23,venezuela,131.0,18.0,20.0,132.6,0.0,4.0,6.0,21.0,2.0,50.7,0.0
2023-08-23,yemen,131.0,23.0,29.0,-166.1,4.0,0.0,5.0,13.0,4.0,3.6,0.0
2023-08-24,drc,22.0,4.0,5.0,-33.9,0.0,0.0,2.0,13.0,9.0,-24.4,3.0
2023-08-24,europe_east,877.0,103.0,80.0,1323.5,0.0,1.0,34.0,145.0,29.0,204.1,8.0
2023-08-24,iran,1194.0,122.0,135.0,1685.4,2.0,0.0,68.0,168.0,73.0,-133.6,17.0
2023-08-24,israel,3362.0,532.0,832.0,-3160.5,11.0,5.0,247.0,466.0,301.0,-1708.3,43.0
2023-08-24,korea,1624.0,321.0,198.0,284.5,13.0,1.0,95.0,289.0,127.0,-190.5,4.0
2023-08-24,libya,188.0,10.0,34.0,165.6,1.0,4.0,0.0,1.0,0.0,0.0,0.0
2023-08-24,scs,2628.0,187.0,191.0,4548.4,2.0,7.0,80.0,140.0,48.0,-29.6,2.0
2023-08-24,southasia,8865.0,1047.0,970.0,8989.6,14.0,16.0,478.0,11.0,2.0,5.0,1.0
2023-08-24,sudan,403.0,53.0,114.0,-755.8,6.0,2.0,5.0,23.0,9.0,-64.4,0.0
2023-08-24,taiwan,547.0,66.0,61.0,726.0,1.0,0.0,33.0,190.0,53.0,296.8,4.0
2023-08-24,ukraine,6111.0,783.0,1040.0,828.9,59.0,24.0,229.0,1896.0,996.0,-4693.2,113.0
2023-08-24,venezuela,152.0,8.0,19.0,181.9,0.0,0.0,10.0,52.0,9.0,105.0,3.0
2023-08-24,yemen,54.0,9.0,16.0,-99.7,0.0,0.0,3.0,7.0,5.0,-14.6,2.0
2023-08-25,drc,15.0,0.0,1.0,42.7,0.0,0.0,0.0,0.0,0.0,0.0,0.0
2023-08-25,europe_east,958.0,65.0,107.0,1648.5,2.0,5.0,63.0,198.0,78.0,35.6,39.0
2023-08-25,iran,988.0,99.0,111.0,1328.8,2.0,0.0,64.0,105.0,33.0,112.0,12.0
2023-08-25,israel,2225.0,335.0,489.0,-1503.7,12.0,5.0,160.0,341.0,204.0,-1138.8,27.0
2023-08-25,korea,908.0,210.0,91.0,62.6,4.0,2.0,48.0,125.0,73.0,-191.6,5.0
2023-08-25,libya,236.0,30.0,54.0,-139.2,1.0,0.0,21.0,0.0,0.0,0.0,0.0
2023-08-25,scs,2909.0,172.0,230.0,5525.1,4.0,3.0,66.0,141.0,45.0,116.0,6.0
2023-08-25,southasia,9825.0,1347.0,1001.0,9130.7,15.0,24.0,549.0,9.0,4.0,-1.0,3.0
2023-08-25,sudan,523.0,64.0,91.0,1.6,14.0,2.0,5.0,39.0,21.0,-130.5,1.0
2023-08-25,taiwan,473.0,72.0,45.0,474.6,0.0,2.0,22.0,150.0,55.0,47.6,8.0
2023-08-25,ukraine,5103.0,603.0,855.0,1546.5,44.0,21.0,178.0,1496.0,834.0,-4059.5,79.0
2023-08-25,venezuela,140.0,20.0,9.0,171.2,0.0,0.0,4.0,32.0,1.0,104.8,0.0
2023-08-25,yemen,53.0,16.0,13.0,-132.9,3.0,0.0,2.0,3.0,2.0,-15.0,0.0
2023-08-26,drc,16.0,3.0,2.0,41.3,0.0,0.0,2.0,6.0,0.0,14.8,0.0
2023-08-26,europe_east,543.0,50.0,60.0,564.4,2.0,0.0,29.0,62.0,34.0,-76.1,20.0
2023-08-26,iran,770.0,100.0,133.0,444.0,0.0,7.0,98.0,109.0,54.0,-23.8,24.0
2023-08-26,israel,1493.0,261.0,436.0,-2674.1,4.0,0.0,134.0,324.0,219.0,-1475.0,21.0
2023-08-26,korea,547.0,122.0,86.0,-261.5,0.0,0.0,34.0,42.0,32.0,-111.4,6.0
2023-08-26,libya,94.0,12.0,33.0,-240.2,0.0,1.0,2.0,2.0,2.0,-19.0,0.0
2023-08-26,scs,1855.0,154.0,134.0,3444.6,0.0,0.0,55.0,85.0,26.0,73.4,3.0
2023-08-26,southasia,6967.0,828.0,836.0,5605.2,13.0,11.0,453.0,20.0,7.0,-44.5,6.0
2023-08-26,sudan,251.0,32.0,39.0,103.1,10.0,0.0,6.0,17.0,11.0,-86.9,3.0
2023-08-26,taiwan,327.0,44.0,38.0,335.5,6.0,0.0,11.0,134.0,64.0,-151.7,11.0
2023-08-26,ukraine,2878.0,348.0,651.0,-1511.7,16.0,4.0,144.0,1009.0,590.0,-3331.6,38.0
2023-08-26,venezuela,79.0,6.0,6.0,175.0,0.0,0.0,6.0,6.0,0.0,12.0,0.0
2023-08-26,yemen,67.0,8.0,14.0,-57.1,3.0,0.0,2.0,5.0,2.0,-7.7,1.0
2023-08-27,drc,6.0,1.0,0.0,6.8,0.0,0.0,0.0,2.0,0.0,14.8,0.0
2023-08-27,europe_east,511.0,42.0,50.0,633.3,4.0,0.0,14.0,61.0,22.0,-35.8,17.0
2023-08-27,iran,564.0,55.0,62.0,951.1,1.0,1.0,37.0,54.0,19.0,84.1,3.0
2023-08-27,israel,2197.0,333.0,405.0,-213.8,21.0,1.0,111.0,290.0,160.0,-824.0,29.0
2023-08-27,korea,519.0,76.0,53.0,617.0,0.0,0.0,17.0,23.0,8.0,12.4,0.0
2023-08-27,libya,340.0,20.0,12.0,823.3,0.0,0.0,7.0,0.0,0.0,0.0,0.0
2023-08-27,scs,1738.0,134.0,154.0,2850.4,0.0,6.0,56.0,77.0,13.0,142.4,3.0
2023-08-27,southasia,6214.0,809.0,793.0,3850.8,8.0,22.0,388.0,41.0,5.0,17.3,2.0
2023-08-27,sudan,249.0,37.0,30.0,303.6,5.0,1.0,6.0,10.0,3.0,3.1,2.0
2023-08-27,taiwan,214.0,27.0,17.0,321.8,0.0,0.0,5.0,77.0,33.0,-11.1,2.0
2023-08-27,ukraine,2792.0,362.0,685.0,-2703.9,19.0,12.0,131.0,967.0,599.0,-3580.8,46.0
2023-08-27,venezuela,41.0,2.0,10.0,28.4,0.0,0.0,7.0,6.0,3.0,-15.0,0.0
2023-08-27,yemen,146.0,15.0,38.0,-67.5,0.0,0.0,8.0,22.0,14.0,-94.6,1.0
2023-08-28,drc,34.0,9.0,12.0,-82.9,0.0,0.0,0.0,0.0,0.0,0.0,0.0
2023-08-28,europe_east,1467.0,163.0,140.0,2554.9,9.0,6.0,73.0,295.0,176.0,-575.7,45.0
2023-08-28,iran,980.0,119.0,160.0,651.6,5.0,4.0,56.0,94.0,27.0,118.5,10.0
2023-08-28,israel,3393.0,547.0,552.0,94.7,17.0,9.0,170.0,486.0,298.0,-1639.4,35.0
2023-08-28,korea,793.0,139.0,55.0,899.3,4.0,0.0,28.0,37.0,8.0,104.5,1.0
2023-08-28,libya,1195.0,225.0,115.0,933.3,0.0,0.0,74.0,0.0,0.0,0.0,0.0
2023-08-28,scs,2550.0,201.0,216.0,4542.4,3.0,8.0,74.0,107.0,33.0,110.0,5.0
2023-08-28,southasia,8115.0,1254.0,1141.0,2773.0,13.0,50.0,532.0,29.0,7.0,3.2,1.0
2023-08-28,sudan,722.0,75.0,94.0,714.5,5.0,2.0,13.0,38.0,8.0,-25.3,1.0
2023-08-28,taiwan,455.0,77.0,26.0,698.3,3.0,0.0,14.0,178.0,43.0,174.7,10.0
2023-08-28,ukraine,3859.0,500.0,813.0,-1724.9,23.0,13.0,188.0,1217.0,680.0,-3886.5,61.0
2023-08-28,venezuela,110.0,3.0,23.0,44.8,0.0,0.0,12.0,23.0,6.0,7.6,3.0
2023-08-28,yemen,181.0,11.0,36.0,187.8,0.0,0.0,8.0,41.0,25.0,-87.7,5.0
2023-08-29,drc,18.0,0.0,14.0,-109.0,0.0,0.0,0.0,2.0,0.0,14.8,0.0
2023-08-29,europe_east,1501.0,135.0,160.0,2642.3,11.0,2.0,87.0,285.0,137.0,-307.1,62.0
2023-08-29,iran,802.0,133.0,133.0,157.9,5.0,0.0,59.0,122.0,30.0,201.1,6.0
2023-08-29,israel,3269.0,498.0,507.0,539.9,8.0,8.0,160.0,332.0,226.0,-1239.3,33.0
2023-08-29,korea,1066.0,128.0,82.0,1550.2,24.0,4.0,27.0,149.0,69.0,47.9,28.0
2023-08-29,libya,807.0,120.0,43.0,1246.0,0.0,1.0,24.0,0.0,0.0,0.0,0.0
2023-08-29,scs,3044.0,222.0,284.0,4581.7,1.0,4.0,118.0,130.0,20.0,243.3,6.0
2023-08-29,southasia,8557.0,1335.0,1074.0,5329.5,10.0,29.0,552.0,40.0,16.0,-13.3,3.0
2023-08-29,sudan,965.0,99.0,162.0,486.4,5.0,3.0,24.0,39.0,23.0,-124.3,0.0
2023-08-29,taiwan,484.0,79.0,37.0,619.1,0.0,2.0,18.0,196.0,60.0,186.2,7.0
2023-08-29,ukraine,3983.0,429.0,768.0,-79.4,28.0,31.0,168.0,1147.0,641.0,-3406.7,86.0
2023-08-29,venezuela,180.0,32.0,51.0,-189.7,0.0,1.0,29.0,6.0,2.0,10.7,0.0
2023-08-29,yemen,168.0,8.0,47.0,-87.3,1.0,2.0,12.0,23.0,10.0,-71.8,5.0
2023-08-30,drc,75.0,3.0,26.0,-99.0,0.0,1.0,1.0,0.0,0.0,0.0,0.0
2023-08-30,europe_east,1099.0,107.0,127.0,1390.4,0.0,2.0,46.0,129.0,78.0,-437.5,24.0
2023-08-30,iran,833.0,135.0,114.0,393.8,10.0,0.0,54.0,134.0,47.0,-10.7,6.0
2023-08-30,israel,3680.0,538.0,904.0,-3741.3,17.0,1.0,213.0,612.0,396.0,-2435.6,49.0
2023-08-30,korea,1504.0,159.0,231.0,1132.7,9.0,1.0,40.0,361.0,163.0,-611.2,47.0
2023-08-30,libya,436.0,55.0,17.0,824.9,0.0,1.0,7.0,2.0,2.0,-8.0,0.0
2023-08-30,scs,3239.0,305.0,214.0,5954.7,3.0,10.0,103.0,143.0,72.0,-141.1,6.0
2023-08-30,southasia,8553.0,1335.0,1132.0,4339.3,30.0,26.0,536.0,20.0,10.0,-26.7,2.0
2023-08-30,sudan,945.0,66.0,152.0,696.5,2.0,0.0,11.0,28.0,10.0,-35.4,0.0
2023-08-30,taiwan,620.0,101.0,60.0,812.1,2.0,1.0,25.0,177.0,52.0,126.8,6.0
2023-08-30,ukraine,3938.0,496.0,886.0,-2443.4,30.0,18.0,149.0,1642.0,1028.0,-5705.9,119.0
2023-08-30,venezuela,133.0,14.0,15.0,44.6,2.0,0.0,6.0,29.0,2.0,70.6,1.0
2023-08-30,yemen,145.0,15.0,19.0,138.8,1.0,0.0,1.0,21.0,3.0,45.0,0.0
2023-08-31,drc,22.0,4.0,3.0,17.7,0.0,0.0,1.0,3.0,3.0,-10.0,0.0
2023-08-31,europe_east,1323.0,134.0,167.0,1507.5,8.0,2.0,80.0,168.0,82.0,-184.3,23.0
2023-08-31,iran,907.0,176.0,150.0,117.2,12.0,2.0,82.0,170.0,92.0,-92.5,15.0
2023-08-31,israel,3814.0,562.0,827.0,-1998.9,22.0,6.0,216.0,785.0,478.0,-2602.5,63.0
2023-08-31,korea,1923.0,201.0,317.0,828.4,4.0,13.0,27.0,416.0,196.0,-670.5,40.0
2023-08-31,libya,346.0,75.0,24.0,189.6,2.0,1.0,9.0,1.0,1.0,-10.0,0.0
2023-08-31,scs,2236.0,254.0,159.0,3103.2,0.0,10.0,58.0,268.0,151.0,-313.4,4.0
2023-08-31,southasia,9148.0,1336.0,1048.0,5804.8,32.0,14.0,484.0,22.0,14.0,-80.2,3.0
2023-08-31,sudan,447.0,75.0,71.0,12.6,0.0,2.0,23.0,9.0,4.0,-25.5,0.0
2023-08-31,taiwan,744.0,97.0,45.0,1337.2,5.0,0.0,17.0,272.0,119.0,-124.6,21.0
2023-08-31,ukraine,3946.0,459.0,717.0,501.9,22.0,15.0,147.0,1263.0,718.0,-3530.6,76.0
2023-08-31,venezuela,132.0,12.0,11.0,163.1,2.0,0.0,6.0,21.0,6.0,11.0,1.0
2023-08-31,yemen,128.0,17.0,14.0,83.2,0.0,0.0,1.0,24.0,2.0,62.5,0.0
2023-09-01,drc,47.0,4.0,9.0,42.5,0.0,0.0,1.0,11.0,6.0,8.0,0.0
2023-09-01,europe_east,1274.0,137.0,162.0,1087.9,4.0,1.0,57.0,157.0,104.0,-431.0,26.0
2023-09-01,iran,991.0,161.0,140.0,501.9,10.0,1.0,78.0,168.0,72.0,-44.1,6.0
2023-09-01,israel,2648.0,357.0,497.0,-276.8,5.0,4.0,146.0,513.0,272.0,-1344.5,26.0
2023-09-01,korea,1105.0,113.0,146.0,940.4,0.0,4.0,48.0,144.0,77.0,-333.0,14.0
2023-09-01,libya,313.0,37.0,34.0,498.3,2.0,0.0,15.0,0.0,0.0,0.0,0.0
2023-09-01,scs,2408.0,269.0,204.0,3003.5,0.0,0.0,78.0,284.0,136.0,-170.2,0.0
2023-09-01,southasia,8835.0,1226.0,1113.0,5863.1,19.0,48.0,480.0,16.0,7.0,-26.6,0.0
2023-09-01,sudan,511.0,47.0,100.0,61.3,2.0,3.0,23.0,7.0,6.0,-46.1,0.0
2023-09-01,taiwan,664.0,120.0,41.0,954.9,4.0,3.0,12.0,175.0,83.0,-75.0,2.0
2023-09-01,ukraine,4059.0,488.0,757.0,456.0,29.0,19.0,155.0,1378.0,771.0,-3712.5,73.0
2023-09-01,venezuela,145.0,19.0,16.0,88.7,0.0,2.0,10.0,38.0,2.0,114.2,0.0
2023-09-01,yemen,71.0,13.0,5.0,116.3,0.0,0.0,2.0,9.0,4.0,-12.1,0.0
2023-09-02,drc,22.0,3.0,10.0,-72.5,0.0,0.0,1.0,10.0,7.0,-8.0,0.0
2023-09-02,europe_east,530.0,81.0,86.0,-3.8,4.0,4.0,37.0,138.0,81.0,-345.4,20.0
2023-09-02,iran,824.0,66.0,119.0,873.2,1.0,0.0,65.0,82.0,26.0,67.9,5.0
2023-09-02,israel,1694.0,282.0,438.0,-2449.0,2.0,0.0,118.0,295.0,178.0,-1081.6,24.0
2023-09-02,korea,749.0,103.0,210.0,-869.5,0.0,4.0,30.0,216.0,142.0,-986.8,12.0
2023-09-02,libya,120.0,25.0,22.0,-40.0,0.0,0.0,12.0,8.0,0.0,18.8,0.0
2023-09-02,scs,1534.0,131.0,120.0,2382.5,0.0,1.0,53.0,128.0,48.0,-4.0,0.0
2023-09-02,southasia,6305.0,939.0,951.0,2232.5,28.0,31.0,431.0,16.0,4.0,16.3,1.0
2023-09-02,sudan,156.0,22.0,34.0,-20.3,0.0,0.0,6.0,18.0,5.0,-20.8,0.0
2023-09-02,taiwan,412.0,49.0,61.0,319.2,2.0,6.0,24.0,201.0,91.0,-255.7,24.0
2023-09-02,ukraine,2640.0,357.0,559.0,-1389.1,15.0,14.0,118.0,908.0,546.0,-3270.9,42.0
2023-09-02,venezuela,79.0,4.0,15.0,18.6,0.0,0.0,7.0,11.0,3.0,-15.6,2.0
2023-09-02,yemen,64.0,11.0,13.0,-53.4,1.0,0.0,8.0,9.0,6.0,-24.7,3.0
2023-09-03,drc,14.0,1.0,5.0,-21.8,0.0,0.0,3.0,5.0,1.0,23.4,0.0
2023-09-03,europe_east,328.0,52.0,67.0,-59.5,0.0,2.0,40.0,23.0,14.0,-80.2,5.0
2023-09-03,iran,718.0,85.0,141.0,129.4,2.0,1.0,67.0,62.0,21.0,15.7,0.0
2023-09-03,israel,2675.0,379.0,514.0,-1194.7,8.0,3.0,114.0,300.0,151.0,-730.5,7.0
2023-09-03,korea,854.0,160.0,169.0,-550.7,24.0,1.0,37.0,170.0,85.0,-410.8,27.0
2023-09-03,libya,323.0,54.0,29.0,113.2,0.0,0.0,11.0,8.0,0.0,18.8,0.0
2023-09-03,scs,1686.0,139.0,133.0,2695.5,0.0,2.0,61.0,83.0,44.0,-121.4,0.0
2023-09-03,southasia,6074.0,1020.0,813.0,1999.5,13.0,30.0,359.0,10.0,2.0,12.0,0.0
2023-09-03,sudan,322.0,32.0,85.0,-176.6,0.0,0.0,19.0,15.0,8.0,-28.8,0.0
2023-09-03,taiwan,358.0,51.0,68.0,96.8,0.0,8.0,33.0,117.0,60.0,-304.2,0.0
2023-09-03,ukraine,2326.0,389.0,535.0,-2186.2,9.0,17.0,86.0,943.0,556.0,-3012.3,25.0
2023-09-03,venezuela,66.0,9.0,16.0,-27.0,0.0,0.0,6.0,9.0,6.0,-23.4,2.0
2023-09-03,yemen,41.0,4.0,9.0,-32.7,0.0,0.0,2.0,2.0,2.0,-16.5,0.0
2023-09-04,drc,29.0,5.0,11.0,-67.3,0.0,0.0,5.0,13.0,3.0,48.2,3.0
2023-09-04,europe_east,1154.0,139.0,152.0,735.1,4.0,2.0,66.0,36.0,14.0,-18.8,0.0
2023-09-04,iran,1108.0,133.0,227.0,-113.9,4.0,6.0,132.0,106.0,39.0,3.2,7.0
2023-09-04,israel,3410.0,402.0,610.0,1176.0,13.0,1.0,201.0,440.0,241.0,-1133.1,49.0
2023-09-04,korea,1391.0,211.0,157.0,1091.9,11.0,10.0,48.0,233.0,117.0,-340.5,25.0
2023-09-04,libya,257.0,23.0,28.0,408.9,0.0,5.0,7.0,2.0,0.0,4.7,0.0
2023-09-04,scs,2696.0,248.0,203.0,4639.5,0.0,1.0,84.0,139.0,43.0,83.0,4.0
2023-09-04,southasia,9296.0,1496.0,1093.0,5895.3,13.0,35.0,471.0,15.0,5.0,2.2,0.0
2023-09-04,sudan,726.0,53.0,96.0,956.3,0.0,0.0,15.0,39.0,6.0,82.9,0.0
2023-09-04,taiwan,452.0,47.0,52.0,535.5,1.0,2.0,16.0,128.0,44.0,9.9,3.0
2023-09-04,ukraine,4526.0,589.0,789.0,498.4,27.0,19.0,178.0,1728.0,904.0,-3598.1,110.0
2023-09-04,venezuela,77.0,6.0,12.0,95.5,0.0,0.0,5.0,18.0,2.0,32.7,1.0
2023-09-04,yemen,34.0,7.0,8.0,-4.0,0.0,0.0,4.0,4.0,3.0,-8.6,2.0
2023-09-05,drc,24.0,1.0,4.0,55.4,0.0,0.0,3.0,2.0,0.0,6.8,0.0
2023-09-05,europe_east,1265.0,174.0,149.0,1110.1,9.0,2.0,62.0,76.0,35.0,-35.4,11.0
2023-09-05,iran,1194.0,125.0,248.0,724.1,1.0,6.0,194.0,135.0,35.0,160.4,9.0
2023-09-05,israel,3925.0,511.0,783.0,-323.4,12.0,3.0,228.0,541.0,299.0,-1537.5,52.0
2023-09-05,korea,2086.0,240.0,169.0,2845.8,13.0,15.0,76.0,315.0,137.0,-198.8,20.0
2023-09-05,libya,187.0,10.0,30.0,281.6,0.0,11.0,9.0,2.0,0.0,4.7,0.0
2023-09-05,scs,3581.0,334.0,228.0,6178.5,7.0,2.0,105.0,222.0,86.0,-21.0,0.0
2023-09-05,southasia,10425.0,1493.0,1125.0,8250.0,13.0,32.0,492.0,15.0,8.0,-21.2,3.0
2023-09-05,sudan,670.0,88.0,118.0,56.1,0.0,0.0,32.0,14.0,2.0,27.9,0.0
2023-09-05,taiwan,526.0,42.0,29.0,927.7,1.0,0.0,9.0,155.0,38.0,40.1,4.0
2023-09-05,ukraine,4250.0,533.0,768.0,637.3,33.0,29.0,183.0,1461.0,786.0,-3602.6,99.0
2023-09-05,venezuela,171.0,10.0,23.0,345.9,0.0,0.0,13.0,15.0,6.0,-8.0,3.0
2023-09-05,yemen,81.0,6.0,20.0,2.1,0.0,0.0,2.0,21.0,17.0,-133.6,4.0
2023-09-06,drc,97.0,11.0,18.0,-78.8,0.0,1.0,4.0,10.0,8.0,-12.2,1.0
2023-09-06,europe_east,1714.0,147.0,216.0,1157.9,4.0,2.0,98.0,88.0,34.0,12.8,10.0
2023-09-06,iran,1068.0,140.0,226.0,142.7,1.0,6.0,136.0,161.0,51.0,55.7,11.0
2023-09-06,israel,3569.0,458.0,679.0,130.2,20.0,6.0,207.0,564.0,284.0,-1204.1,55.0
2023-09-06,korea,1768.0,193.0,99.0,2984.5,7.0,1.0,43.0,262.0,83.0,154.4,11.0
2023-09-06,libya,137.0,20.0,30.0,-34.0,0.0,11.0,7.0,4.0,0.0,9.4,0.0
2023-09-06,scs,3405.0,315.0,213.0,6383.2,2.0,5.0,112.0,326.0,114.0,-89.2,8.0
2023-09-06,southasia,10446.0,1339.0,1141.0,8807.7,20.0,28.0,512.0,13.0,4.0,20.2,0.0
2023-09-06,sudan,778.0,102.0,187.0,-683.8,0.0,3.0,60.0,27.0,12.0,-98.4,0.0
2023-09-06,taiwan,466.0,54.0,29.0,707.8,2.0,1.0,11.0,138.0,74.0,-142.4,2.0
2023-09-06,ukraine,5868.0,676.0,1023.0,1134.1,20.0,19.0,205.0,1871.0,999.0,-4653.9,90.0
2023-09-06,venezuela,214.0,18.0,37.0,88.3,0.0,0.0,18.0,24.0,11.0,-12.2,5.0
2023-09-06,yemen,102.0,7.0,17.0,100.0,2.0,0.0,5.0,26.0,6.0,17.1,0.0
2023-09-07,drc,21.0,6.0,3.0,-8.3,0.0,0.0,1.0,8.0,2.0,5.2,2.0
2023-09-07,europe_east,1789.0,199.0,232.0,1278.0,3.0,15.0,85.0,79.0,33.0,-45.3,3.0
2023-09-07,iran,948.0,133.0,188.0,294.5,1.0,3.0,97.0,133.0,38.0,247.5,12.0
2023-09-07,israel,3568.0,556.0,578.0,929.1,17.0,3.0,193.0,394.0,213.0,-784.9,33.0
2023-09-07,korea,1618.0,153.0,124.0,2742.7,4.0,0.0,65.0,117.0,37.0,12.1,2.0
2023-09-07,libya,211.0,26.0,33.0,40.4,0.0,5.0,8.0,0.0,0.0,0.0,0.0
2023-09-07,scs,3741.0,274.0,202.0,7113.1,4.0,1.0,98.0,323.0,104.0,-36.3,8.0
2023-09-07,southasia,9999.0,1239.0,1079.0,9016.2,19.0,31.0,444.0,10.0,2.0,2.4,1.0
2023-09-07,sudan,888.0,94.0,174.0,276.9,0.0,5.0,54.0,15.0,10.0,-53.5,0.0
2023-09-07,taiwan,453.0,58.0,32.0,672.0,0.0,1.0,21.0,108.0,51.0,-109.1,5.0
2023-09-07,ukraine,5079.0,603.0,720.0,2994.4,23.0,14.0,146.0,1641.0,870.0,-3656.0,53.0
2023-09-07,venezuela,226.0,23.0,33.0,120.5,0.0,0.0,24.0,25.0,4.0,47.2,2.0
2023-09-07,yemen,128.0,14.0,23.0,49.5,1.0,0.0,8.0,21.0,3.0,6.8,0.0
2023-09-08,drc,46.0,1.0,10.0,7.9,0.0,2.0,1.0,8.0,1.0,6.7,0.0
2023-09-08,europe_east,1274.0,112.0,182.0,1247.5,0.0,4.0,105.0,56.0,27.0,-115.5,7.0
2023-09-08,iran,878.0,171.0,149.0,-294.8,8.0,2.0,68.0,160.0,56.0,51.1,7.0
2023-09-08,israel,2976.0,488.0,518.0,-443.8,17.0,1.0,135.0,383.0,201.0,-868.9,20.0
2023-09-08,korea,1592.0,169.0,200.0,1234.5,13.0,6.0,43.0,185.0,73.0,-331.7,16.0
2023-09-08,libya,141.0,15.0,22.0,73.3,0.0,0.0,10.0,0.0,0.0,0.0,0.0
2023-09-08,scs,3842.0,278.0,214.0,7865.4,7.0,7.0,104.0,402.0,150.0,67.4,9.0
2023-09-08,southasia,12611.0,1163.0,1053.0,19374.2,28.0,55.0,371.0,21.0,7.0,-11.7,1.0
2023-09-08,sudan,464.0,44.0,102.0,-29.0,1.0,0.0,28.0,9.0,7.0,-56.0,0.0
2023-09-08,taiwan,390.0,52.0,38.0,497.0,8.0,4.0,22.0,110.0,44.0,-12.4,8.0
2023-09-08,ukraine,4454.0,571.0,797.0,431.5,31.0,14.0,202.0,1667.0,908.0,-3598.7,107.0
2023-09-08,venezuela,240.0,18.0,26.0,428.8,0.0,0.0,13.0,43.0,8.0,52.4,0.0
2023-09-08,yemen,58.0,3.0,20.0,-80.7,0.0,0.0,8.0,9.0,0.0,31.6,0.0
2023-09-09,drc,38.0,1.0,7.0,6.5,0.0,2.0,0.0,8.0,3.0,2.0,0.0
2023-09-09,europe_east,715.0,75.0,81.0,462.5,6.0,1.0,19.0,45.0,18.0,-81.7,9.0
2023-09-09,iran,684.0,98.0,120.0,65.2,2.0,3.0,70.0,72.0,21.0,11.1,6.0
2023-09-09,israel,2016.0,223.0,467.0,-1008.5,4.0,0.0,92.0,314.0,180.0,-1050.4,19.0
2023-09-09,korea,1037.0,59.0,68.0,1907.1,5.0,0.0,28.0,103.0,37.0,4.8,14.0
2023-09-09,libya,109.0,9.0,20.0,10.4,1.0,2.0,6.0,0.0,0.0,0.0,0.0
2023-09-09,scs,3091.0,171.0,229.0,6338.2,1.0,2.0,145.0,341.0,83.0,512.4,1.0
2023-09-09,southasia,10982.0,1004.0,982.0,17302.5,17.0,40.0,474.0,7.0,5.0,-14.0,1.0
2023-09-09,sudan,201.0,10.0,27.0,268.3,0.0,0.0,11.0,2.0,0.0,3.8,0.0
2023-09-09,taiwan,242.0,26.0,15.0,260.8,1.0,2.0,3.0,50.0,14.0,-34.3,2.0
2023-09-09,ukraine,3574.0,559.0,485.0,1249.8,25.0,12.0,91.0,1308.0,706.0,-2626.5,53.0
2023-09-09,venezuela,104.0,10.0,13.0,120.8,0.0,0.0,4.0,13.0,2.0,23.5,1.0
2023-09-09,yemen,22.0,1.0,5.0,8.1,0.0,0.0,0.0,3.0,0.0,6.4,0.0
2023-09-10,drc,13.0,0.0,4.0,3.6,0.0,0.0,3.0,4.0,0.0,9.4,0.0
2023-09-10,europe_east,899.0,82.0,153.0,369.7,0.0,8.0,29.0,28.0,19.0,-167.1,5.0
2023-09-10,iran,801.0,104.0,150.0,578.6,3.0,0.0,106.0,205.0,71.0,194.6,41.0
2023-09-10,israel,2649.0,352.0,553.0,-1109.1,12.0,7.0,131.0,410.0,227.0,-1303.6,17.0
2023-09-10,korea,822.0,65.0,56.0,1676.0,1.0,1.0,26.0,50.0,15.0,36.0,0.0
2023-09-10,libya,70.0,5.0,6.0,132.6,0.0,0.0,2.0,0.0,0.0,0.0,0.0
2023-09-10,scs,2872.0,174.0,150.0,6403.9,1.0,6.0,100.0,326.0,83.0,289.7,2.0
2023-09-10,southasia,10416.0,962.0,862.0,15006.0,7.0,20.0,378.0,4.0,4.0,-27.0,1.0
2023-09-10,sudan,414.0,61.0,110.0,-391.0,3.0,5.0,16.0,21.0,15.0,-55.6,2.0
2023-09-10,taiwan,182.0,11.0,8.0,355.3,0.0,0.0,1.0,28.0,10.0,-14.9,0.0
2023-09-10,ukraine,3114.0,476.0,573.0,-632.3,7.0,16.0,98.0,1172.0,606.0,-2195.8,41.0
2023-09-10,venezuela,121.0,12.0,8.0,149.5,1.0,0.0,5.0,19.0,6.0,-4.2,0.0
2023-09-10,yemen,84.0,5.0,13.0,7.9,1.0,0.0,3.0,11.0,1.0,9.5,0.0
2023-09-11,drc,39.0,4.0,6.0,-12.5,0.0,0.0,1.0,8.0,3.0,-20.2,1.0
2023-09-11,europe_east,1248.0,112.0,163.0,1179.1,1.0,5.0,59.0,66.0,26.0,-91.4,3.0
2023-09-11,iran,1385.0,189.0,221.0,921.5,6.0,2.0,125.0,404.0,148.0,275.8,41.0
2023-09-11,israel,3718.0,511.0,640.0,-14.2,37.0,2.0,142.0,551.0,248.0,-908.4,27.0
2023-09-11,korea,1875.0,128.0,120.0,3149.6,16.0,10.0,56.0,216.0,85.0,-66.6,8.0
2023-09-11,libya,467.0,43.0,90.0,-24.5,0.0,11.0,20.0,10.0,6.0,-21.5,0.0
2023-09-11,scs,4638.0,272.0,238.0,10052.3,8.0,3.0,117.0,344.0,98.0,133.6,4.0
2023-09-11,southasia,10763.0,1233.0,1052.0,12637.6,30.0,28.0,409.0,4.0,0.0,28.0,0.0
2023-09-11,sudan,644.0,84.0,130.0,-302.8,0.0,6.0,15.0,35.0,14.0,-45.0,1.0
2023-09-11,taiwan,426.0,38.0,31.0,797.2,0.0,4.0,9.0,94.0,25.0,-4.8,6.0
2023-09-11,ukraine,3868.0,528.0,676.0,287.3,30.0,18.0,148.0,1214.0,628.0,-2601.0,67.0
2023-09-11,venezuela,179.0,23.0,12.0,328.0,1.0,0.0,1.0,6.0,2.0,5.2,0.0
2023-09-11,yemen,105.0,15.0,16.0,31.4,3.0,0.0,6.0,17.0,0.0,59.5,0.0
2023-09-12,drc,60.0,7.0,23.0,-103.7,0.0,0.0,15.0,0.0,0.0,0.0,0.0
2023-09-12,europe_east,1344.0,141.0,153.0,1696.0,0.0,3.0,90.0,132.0,63.0,-166.1,29.0
2023-09-12,iran,1920.0,297.0,279.0,1873.1,7.0,3.0,176.0,525.0,180.0,612.8,69.0
2023-09-12,israel,3558.0,548.0,633.0,-891.5,32.0,7.0,152.0,556.0,254.0,-946.7,19.0
2023-09-12,korea,2673.0,265.0,237.0,3543.6,13.0,7.0,81.0,416.0,146.0,-117.1,6.0
2023-09-12,libya,1188.0,43.0,127.0,1756.8,0.0,9.0,24.0,2.0,0.0,14.8,0.0
2023-09-12,scs,5265.0,414.0,355.0,9861.0,9.0,8.0,173.0,254.0,69.0,78.5,16.0
2023-09-12,southasia,10252.0,1391.0,1177.0,8798.7,17.0,20.0,575.0,2.0,2.0,-17.2,1.0
2023-09-12,sudan,617.0,85.0,118.0,-195.2,0.0,3.0,17.0,26.0,12.0,-89.3,1.0
2023-09-12,taiwan,503.0,56.0,22.0,1042.9,2.0,6.0,10.0,117.0,45.0,-112.9,17.0
2023-09-12,ukraine,4625.0,666.0,780.0,867.8,32.0,21.0,193.0,1331.0,726.0,-3386.3,54.0
2023-09-12,venezuela,351.0,34.0,27.0,1215.8,0.0,0.0,17.0,20.0,7.0,31.6,2.0
2023-09-12,yemen,77.0,10.0,11.0,27.3,1.0,0.0,2.0,25.0,5.0,36.0,0.0
2023-09-13,drc,37.0,8.0,10.0,2.1,0.0,0.0,10.0,0.0,0.0,0.0,0.0
2023-09-13,europe_east,1455.0,148.0,170.0,1715.9,6.0,9.0,88.0,154.0,68.0,-105.1,23.0
2023-09-13,iran,1647.0,285.0,286.0,974.9,8.0,8.0,153.0,353.0,107.0,447.0,31.0
2023-09-13,israel,3673.0,506.0,724.0,-886.0,10.0,2.0,129.0,754.0,344.0,-1293.9,24.0
2023-09-13,korea,3305.0,220.0,449.0,3119.5,14.0,5.0,111.0,619.0,270.0,-1013.5,6.0
2023-09-13,libya,1421.0,71.0,136.0,2110.2,1.0,2.0,33.0,5.0,0.0,0.0,0.0
2023-09-13,scs,3674.0,227.0,258.0,7382.8,1.0,6.0,117.0,210.0,42.0,295.9,7.0
2023-09-13,southasia,9479.0,1112.0,1138.0,7571.2,12.0,26.0,454.0,5.0,4.0,-40.0,0.0
2023-09-13,sudan,793.0,104.0,172.0,-489.9,4.0,5.0,17.0,21.0,9.0,-20.5,2.0
2023-09-13,taiwan,772.0,74.0,57.0,1313.3,1.0,8.0,24.0,218.0,40.0,298.7,6.0
2023-09-13,ukraine,4557.0,581.0,954.0,-1899.9,24.0,16.0,212.0,1438.0,852.0,-4575.6,104.0
2023-09-13,venezuela,258.0,19.0,31.0,487.2,0.0,0.0,22.0,30.0,7.0,44.0,5.0
2023-09-13,yemen,95.0,9.0,13.0,66.0,2.0,0.0,3.0,17.0,3.0,10.2,0.0
2023-09-14,drc,51.0,4.0,20.0,-58.0,0.0,0.0,14.0,3.0,3.0,-30.0,0.0
2023-09-14,europe_east,1414.0,164.0,150.0,1768.4,3.0,10.0,68.0,100.0,28.0,150.3,15.0
2023-09-14,iran,1655.0,262.0,208.0,783.4,13.0,7.0,98.0,256.0,100.0,8.0,25.0
2023-09-14,israel,3649.0,503.0,673.0,-278.4,22.0,8.0,161.0,551.0,313.0,-1628.5,48.0
2023-09-14,korea,2471.0,245.0,251.0,3219.0,5.0,1.0,109.0,337.0,132.0,-179.4,18.0
2023-09-14,libya,1324.0,117.0,137.0,1367.5,4.0,8.0,49.0,2.0,0.0,7.4,0.0
2023-09-14,scs,3166.0,200.0,269.0,5379.0,1.0,8.0,155.0,188.0,34.0,431.8,2.0
2023-09-14,southasia,9980.0,1476.0,1399.0,4432.5,23.0,18.0,588.0,50.0,12.0,30.8,1.0
2023-09-14,sudan,620.0,122.0,137.0,-879.9,16.0,8.0,14.0,11.0,10.0,-64.0,0.0
2023-09-14,taiwan,1129.0,159.0,97.0,1653.1,5.0,3.0,39.0,438.0,151.0,126.9,35.0
2023-09-14,ukraine,4705.0,510.0,923.0,-438.6,20.0,27.0,219.0,1500.0,859.0,-4467.7,84.0
2023-09-14,venezuela,402.0,21.0,5.0,1542.0,0.0,0.0,3.0,25.0,4.0,44.8,0.0
2023-09-14,yemen,154.0,6.0,25.0,206.5,1.0,0.0,11.0,61.0,5.0,181.9,3.0
2023-09-15,drc,89.0,14.0,10.0,57.1,0.0,0.0,6.0,6.0,4.0,-1.2,0.0
2023-09-15,europe_east,1417.0,116.0,171.0,1762.4,5.0,1.0,115.0,166.0,77.0,-143.5,47.0
2023-09-15,iran,1951.0,447.0,468.0,-1990.6,11.0,23.0,294.0,282.0,142.0,-256.2,24.0
2023-09-15,israel,2299.0,316.0,339.0,1159.8,3.0,7.0,118.0,308.0,185.0,-741.1,29.0
2023-09-15,korea,2296.0,314.0,145.0,3416.2,13.0,3.0,60.0,331.0,123.0,7.1,4.0
2023-09-15,libya,1289.0,154.0,159.0,1219.3,1.0,5.0,56.0,4.0,0.0,4.7,0.0
2023-09-15,scs,3096.0,246.0,297.0,4622.1,2.0,6.0,134.0,270.0,67.0,275.6,3.0
2023-09-15,southasia,9457.0,1388.0,1390.0,3152.0,27.0,12.0,629.0,14.0,5.0,-14.9,1.0
2023-09-15,sudan,484.0,48.0,96.0,-3.8,5.0,6.0,27.0,7.0,7.0,-28.5,1.0
2023-09-15,taiwan,839.0,77.0,68.0,1578.0,2.0,2.0,36.0,293.0,73.0,312.9,13.0
2023-09-15,ukraine,5410.0,502.0,870.0,2880.8,28.0,19.0,274.0,1269.0,616.0,-2368.3,64.0
2023-09-15,venezuela,301.0,25.0,18.0,571.7,1.0,0.0,13.0,13.0,5.0,-0.7,3.0
2023-09-15,yemen,169.0,20.0,12.0,264.0,2.0,5.0,2.0,93.0,9.0,266.0,2.0
2023-09-16,drc,18.0,3.0,0.0,16.1,0.0,0.0,0.0,18.0,0.0,43.6,0.0
2023-09-16,europe_east,595.0,47.0,121.0,399.8,1.0,2.0,87.0,89.0,36.0,-21.2,31.0
2023-09-16,iran,2014.0,535.0,540.0,-3646.4,6.0,36.0,341.0,270.0,163.0,-506.1,38.0
2023-09-16,israel,1416.0,177.0,374.0,-1519.9,0.0,7.0,68.0,263.0,176.0,-1174.6,22.0
2023-09-16,korea,1352.0,188.0,82.0,1735.3,7.0,0.0,28.0,179.0,88.0,-167.5,1.0
2023-09-16,libya,903.0,90.0,87.0,1079.6,1.0,2.0,43.0,1.0,0.0,0.0,0.0
2023-09-16,scs,3578.0,166.0,183.0,8321.3,6.0,13.0,72.0,458.0,37.0,1248.9,0.0
2023-09-16,southasia,7906.0,1143.0,1083.0,3741.9,6.0,18.0,494.0,16.0,3.0,18.2,1.0
2023-09-16,sudan,260.0,27.0,69.0,-188.5,0.0,0.0,10.0,4.0,4.0,-30.0,2.0
2023-09-16,taiwan,426.0,47.0,24.0,700.5,2.0,2.0,10.0,133.0,18.0,216.9,3.0
2023-09-16,ukraine,3134.0,291.0,695.0,-352.5,15.0,20.0,203.0,943.0,467.0,-1891.4,75.0
2023-09-16,venezuela,111.0,11.0,7.0,199.8,0.0,0.0,4.0,6.0,2.0,6.2,0.0
2023-09-16,yemen,82.0,11.0,3.0,94.6,0.0,0.0,2.0,36.0,9.0,45.2,0.0
2023-09-17,drc,9.0,2.0,2.0,-10.6,0.0,0.0,2.0,5.0,0.0,25.0,0.0
2023-09-17,europe_east,577.0,51.0,130.0,65.1,2.0,7.0,76.0,101.0,58.0,-196.5,47.0
2023-09-17,iran,1471.0,349.0,345.0,-1488.5,5.0,4.0,219.0,131.0,61.0,-96.5,23.0
2023-09-17,israel,1820.0,263.0,261.0,898.1,2.0,0.0,56.0,247.0,129.0,-539.6,11.0
2023-09-17,korea,1364.0,139.0,91.0,2089.6,6.0,5.0,35.0,104.0,44.0,-100.6,3.0
2023-09-17,libya,780.0,82.0,88.0,772.6,3.0,0.0,36.0,3.0,0.0,7.8,0.0
2023-09-17,scs,2262.0,135.0,180.0,4103.3,1.0,2.0,69.0,422.0,29.0,781.0,0.0
2023-09-17,southasia,6815.0,914.0,888.0,4531.7,14.0,12.0,457.0,12.0,4.0,24.2,3.0
2023-09-17,sudan,303.0,39.0,93.0,-550.2,4.0,0.0,5.0,17.0,9.0,-47.0,0.0
2023-09-17,taiwan,406.0,52.0,34.0,611.2,0.0,1.0,14.0,167.0,22.0,333.3,5.0
2023-09-17,ukraine,3259.0,322.0,711.0,-697.6,28.0,56.0,139.0,1091.0,606.0,-3311.2,57.0
2023-09-17,venezuela,52.0,9.0,2.0,104.8,0.0,0.0,1.0,7.0,2.0,17.2,0.0
2023-09-17,yemen,71.0,11.0,9.0,72.7,0.0,1.0,2.0,13.0,0.0,75.4,0.0
2023-09-18,drc,13.0,2.0,3.0,-11.2,0.0,0.0,0.0,0.0,0.0,0.0,0.0
2023-09-18,europe_east,1377.0,157.0,238.0,805.8,5.0,5.0,148.0,137.0,66.0,-51.5,37.0
2023-09-18,iran,3732.0,518.0,712.0,2599.5,12.0,5.0,529.0,1401.0,453.0,2038.1,255.0
2023-09-18,israel,3784.0,649.0,515.0,773.3,15.0,4.0,159.0,444.0,216.0,-709.2,27.0
2023-09-18,korea,1630.0,193.0,134.0,2528.8,14.0,3.0,88.0,108.0,41.0,-50.0,19.0
2023-09-18,libya,964.0,112.0,108.0,829.7,1.0,1.0,28.0,1.0,0.0,0.0,0.0
2023-09-18,scs,3359.0,212.0,180.0,6790.4,0.0,4.0,104.0,410.0,84.0,443.4,14.0
2023-09-18,southasia,8389.0,1218.0,1040.0,4960.9,15.0,20.0,533.0,22.0,5.0,31.7,2.0
2023-09-18,sudan,646.0,90.0,160.0,-537.9,3.0,0.0,16.0,22.0,13.0,-75.8,1.0
2023-09-18,taiwan,853.0,103.0,75.0,903.0,3.0,7.0,15.0,363.0,131.0,-211.3,43.0
2023-09-18,ukraine,5488.0,690.0,924.0,1462.2,57.0,53.0,255.0,1496.0,745.0,-3095.4,96.0
2023-09-18,venezuela,87.0,13.0,15.0,5.3,0.0,0.0,6.0,19.0,10.0,-37.6,6.0
2023-09-18,yemen,75.0,9.0,7.0,88.5,0.0,0.0,1.0,30.0,6.0,33.9,2.0
2023-09-19,drc,35.0,6.0,1.0,36.1,0.0,0.0,0.0,0.0,0.0,0.0,0.0
2023-09-19,europe_east,1711.0,182.0,234.0,2361.7,5.0,0.0,147.0,150.0,45.0,43.0,10.0
2023-09-19,iran,3114.0,372.0,545.0,2557.1,9.0,1.0,370.0,1157.0,383.0,1358.0,213.0
2023-09-19,israel,3599.0,576.0,607.0,-546.2,17.0,3.0,179.0,472.0,268.0,-1392.9,38.0
2023-09-19,korea,1296.0,136.0,91.0,2273.0,3.0,1.0,46.0,92.0,39.0,-56.0,0.0
2023-09-19,libya,834.0,172.0,122.0,-158.1,1.0,3.0,46.0,4.0,1.0,8.0,0.0
2023-09-19,scs,3147.0,286.0,225.0,5441.9,3.0,12.0,96.0,303.0,93.0,140.3,2.0
2023-09-19,southasia,10744.0,1852.0,1886.0,-2573.5,13.0,19.0,798.0,17.0,4.0,19.8,0.0
2023-09-19,sudan,731.0,72.0,169.0,-385.7,6.0,0.0,15.0,10.0,9.0,-90.4,0.0
2023-09-19,taiwan,650.0,100.0,37.0,982.6,5.0,1.0,13.0,201.0,84.0,-151.5,15.0
2023-09-19,ukraine,6750.0,911.0,972.0,3378.3,39.0,26.0,256.0,1595.0,793.0,-3035.9,55.0
2023-09-19,venezuela,108.0,26.0,7.0,93.6,0.0,0.0,5.0,35.0,20.0,-44.4,0.0
2023-09-19,yemen,146.0,8.0,8.0,289.5,0.0,0.0,0.0,56.0,4.0,204.8,2.0
2023-09-20,drc,23.0,3.0,5.0,-5.1,0.0,0.0,4.0,2.0,1.0,1.0,0.0
2023-09-20,europe_east,1686.0,215.0,242.0,1378.5,7.0,0.0,166.0,112.0,51.0,-48.8,23.0
2023-09-20,iran,2227.0,307.0,341.0,1267.5,4.0,1.0,189.0,634.0,242.0,290.0,69.0
2023-09-20,israel,4957.0,681.0,848.0,-85.0,5.0,3.0,221.0,823.0,508.0,-2927.9,63.0
2023-09-20,korea,1271.0,155.0,105.0,1996.2,1.0,1.0,66.0,115.0,31.0,33.1,4.0
2023-09-20,libya,675.0,89.0,100.0,233.4,2.0,4.0,51.0,0.0,0.0,0.0,0.0
2023-09-20,scs,3519.0,272.0,275.0,5931.3,6.0,1.0,131.0,364.0,71.0,552.8,10.0
2023-09-20,southasia,10531.0,1613.0,1663.0,1582.6,6.0,20.0,701.0,25.0,10.0,-10.8,0.0
2023-09-20,sudan,604.0,69.0,122.0,-243.7,4.0,0.0,9.0,21.0,8.0,-65.7,0.0
2023-09-20,taiwan,551.0,39.0,29.0,1151.9,1.0,0.0,15.0,121.0,43.0,-60.4,13.0
2023-09-20,ukraine,6356.0,960.0,761.0,4351.5,37.0,18.0,244.0,1643.0,748.0,-1616.8,65.0
2023-09-20,venezuela,452.0,82.0,60.0,166.8,0.0,0.0,32.0,105.0,43.0,-87.4,7.0
2023-09-20,yemen,355.0,11.0,23.0,663.0,0.0,0.0,9.0,216.0,18.0,639.3,7.0
2023-09-21,drc,49.0,5.0,7.0,29.2,0.0,2.0,3.0,0.0,0.0,0.0,0.0
2023-09-21,europe_east,2576.0,377.0,313.0,2627.3,8.0,2.0,201.0,142.0,65.0,-209.8,16.0
2023-09-21,iran,1909.0,222.0,306.0,890.1,0.0,11.0,150.0,440.0,144.0,139.7,44.0
2023-09-21,israel,3987.0,513.0,707.0,497.4,19.0,8.0,158.0,635.0,364.0,-1739.3,47.0
2023-09-21,korea,1514.0,207.0,164.0,1710.3,10.0,1.0,97.0,130.0,51.0,-54.8,7.0
2023-09-21,libya,655.0,69.0,63.0,791.9,1.0,0.0,19.0,0.0,0.0,0.0,0.0
2023-09-21,scs,3641.0,352.0,306.0,5408.3,1.0,8.0,141.0,172.0,50.0,141.1,13.0
2023-09-21,southasia,10607.0,1656.0,1557.0,2857.8,31.0,11.0,641.0,22.0,7.0,-6.8,1.0
2023-09-21,sudan,579.0,69.0,84.0,249.2,13.0,1.0,14.0,8.0,8.0,-49.0,2.0
2023-09-21,taiwan,616.0,37.0,51.0,956.4,2.0,4.0,28.0,91.0,19.0,55.7,5.0
2023-09-21,ukraine,7172.0,1002.0,1199.0,2108.5,34.0,13.0,363.0,1797.0,1032.0,-4714.0,85.0
2023-09-21,venezuela,528.0,76.0,70.0,439.2,2.0,4.0,31.0,206.0,57.0,152.8,5.0
2023-09-21,yemen,265.0,13.0,9.0,659.9,0.0,0.0,4.0,127.0,7.0,439.0,3.0
2023-09-22,drc,64.0,8.0,12.0,26.1,0.0,0.0,5.0,9.0,1.0,26.8,0.0
2023-09-22,europe_east,2115.0,269.0,261.0,1782.5,3.0,2.0,151.0,129.0,61.0,-123.8,6.0
2023-09-22,iran,1562.0,231.0,258.0,68.4,2.0,4.0,120.0,302.0,115.0,-24.8,23.0
2023-09-22,israel,3825.0,535.0,600.0,594.7,4.0,3.0,152.0,622.0,340.0,-1625.7,40.0
2023-09-22,korea,970.0,126.0,86.0,1251.8,0.0,4.0,47.0,59.0,35.0,-140.9,5.0
2023-09-22,libya,539.0,54.0,65.0,401.6,1.0,1.0,19.0,0.0,0.0,0.0,0.0
2023-09-22,scs,3301.0,241.0,203.0,5903.3,2.0,4.0,112.0,228.0,102.0,-222.6,11.0
2023-09-22,southasia,10889.0,1667.0,1574.0,3184.3,11.0,31.0,706.0,55.0,27.0,-74.1,8.0
2023-09-22,sudan,612.0,77.0,104.0,2.9,10.0,2.0,23.0,12.0,8.0,-70.0,1.0
2023-09-22,taiwan,445.0,32.0,34.0,717.9,2.0,5.0,13.0,130.0,22.0,146.8,10.0
2023-09-22,ukraine,7455.0,839.0,1025.0,5095.4,32.0,23.0,208.0,1617.0,937.0,-4999.9,58.0
2023-09-22,venezuela,403.0,36.0,65.0,515.6,0.0,0.0,31.0,110.0,23.0,100.1,6.0
2023-09-22,yemen,206.0,14.0,44.0,190.0,0.0,0.0,19.0,45.0,13.0,24.4,4.0
2023-09-23,drc,9.0,0.0,2.0,0.0,0.0,0.0,0.0,4.0,0.0,11.7,0.0
2023-09-23,europe_east,751.0,101.0,94.0,755.6,3.0,4.0,53.0,50.0,6.0,75.9,0.0
2023-09-23,iran,1043.0,127.0,124.0,1173.2,7.0,0.0,40.0,152.0,40.0,183.2,3.0
2023-09-23,israel,2071.0,295.0,404.0,-1126.9,4.0,0.0,78.0,403.0,232.0,-1470.0,20.0
2023-09-23,korea,565.0,78.0,35.0,656.9,0.0,2.0,8.0,60.0,22.0,-3.9,3.0
2023-09-23,libya,214.0,26.0,17.0,257.1,0.0,0.0,9.0,0.0,0.0,0.0,0.0
2023-09-23,scs,2237.0,168.0,169.0,3648.9,3.0,4.0,67.0,237.0,99.0,-9.0,0.0
2023-09-23,southasia,8129.0,1203.0,1137.0,2930.2,12.0,23.0,550.0,33.0,14.0,13.8,4.0
2023-09-23,sudan,299.0,30.0,35.0,331.1,1.0,0.0,11.0,7.0,2.0,-2.0,0.0
2023-09-23,taiwan,304.0,28.0,29.0,196.6,2.0,0.0,0.0,95.0,23.0,-5.0,9.0
2023-09-23,ukraine,4308.0,453.0,720.0,782.6,28.0,8.0,85.0,1216.0,694.0,-3663.5,61.0
2023-09-23,venezuela,237.0,30.0,29.0,183.2,0.0,1.0,8.0,48.0,12.0,32.0,0.0
2023-09-23,yemen,152.0,13.0,13.0,324.0,0.0,0.0,5.0,40.0,6.0,68.6,2.0
2023-09-24,drc,9.0,0.0,2.0,7.8,0.0,0.0,2.0,0.0,0.0,0.0,0.0
2023-09-24,europe_east,802.0,113.0,94.0,507.3,3.0,4.0,47.0,66.0,29.0,-14.2,7.0
2023-09-24,iran,1009.0,108.0,148.0,378.6,10.0,0.0,64.0,246.0,59.0,173.6,11.0
2023-09-24,israel,2536.0,338.0,637.0,-2774.7,25.0,5.0,90.0,651.0,461.0,-3115.1,36.0
2023-09-24,korea,563.0,91.0,9.0,981.7,3.0,1.0,2.0,34.0,14.0,-11.2,7.0
2023-09-24,libya,237.0,20.0,11.0,404.5,1.0,0.0,4.0,0.0,0.0,0.0,0.0
2023-09-24,scs,2922.0,262.0,188.0,4722.3,7.0,3.0,104.0,440.0,244.0,-471.5,36.0
2023-09-24,southasia,6982.0,1018.0,831.0,3385.7,19.0,11.0,366.0,14.0,3.0,24.8,3.0
2023-09-24,sudan,250.0,20.0,32.0,377.6,0.0,2.0,4.0,8.0,1.0,11.9,1.0
2023-09-24,taiwan,185.0,21.0,34.0,8.6,1.0,2.0,19.0,36.0,18.0,-26.1,8.0
2023-09-24,ukraine,3066.0,426.0,614.0,-1104.2,15.0,9.0,113.0,984.0,588.0,-3206.2,66.0
2023-09-24,venezuela,332.0,73.0,43.0,45.3,1.0,1.0,21.0,104.0,53.0,-22.0,0.0
2023-09-24,yemen,103.0,9.0,10.0,121.9,2.0,0.0,4.0,26.0,0.0,99.7,0.0
2023-09-25,drc,27.0,6.0,0.0,39.4,0.0,0.0,0.0,4.0,4.0,-8.0,0.0
2023-09-25,europe_east,1547.0,233.0,156.0,2050.1,7.0,5.0,67.0,105.0,46.0,44.9,7.0
2023-09-25,iran,947.0,115.0,145.0,561.6,3.0,4.0,84.0,191.0,55.0,89.1,12.0
2023-09-25,israel,2222.0,298.0,430.0,-709.4,14.0,18.0,113.0,414.0,221.0,-1037.0,31.0
2023-09-25,korea,1217.0,131.0,103.0,1762.0,3.0,0.0,37.0,122.0,30.0,167.4,1.0
2023-09-25,libya,438.0,57.0,39.0,514.2,1.0,0.0,24.0,0.0,0.0,0.0,0.0
2023-09-25,scs,3603.0,332.0,274.0,5862.1,4.0,12.0,147.0,466.0,238.0,-331.6,36.0
2023-09-25,southasia,10092.0,1702.0,1319.0,4117.5,10.0,23.0,645.0,23.0,12.0,-36.9,8.0
2023-09-25,sudan,401.0,32.0,76.0,284.0,1.0,0.0,26.0,10.0,4.0,6.0,2.0
2023-09-25,taiwan,394.0,45.0,46.0,194.2,3.0,2.0,9.0,66.0,24.0,-118.2,2.0
2023-09-25,ukraine,4650.0,582.0,961.0,-1682.0,34.0,25.0,171.0,1498.0,933.0,-5659.6,69.0
2023-09-25,venezuela,304.0,28.0,24.0,426.1,0.0,0.0,8.0,73.0,14.0,129.0,0.0
2023-09-25,yemen,171.0,11.0,46.0,-117.6,2.0,0.0,4.0,49.0,22.0,-122.1,4.0
2023-09-26,drc,20.0,4.0,7.0,-26.0,0.0,0.0,4.0,4.0,0.0,2.7,0.0
2023-09-26,europe_east,1642.0,215.0,240.0,1097.0,9.0,3.0,118.0,112.0,31.0,109.8,2.0
2023-09-26,iran,1128.0,150.0,124.0,1028.4,5.0,1.0,79.0,237.0,87.0,-12.0,21.0
2023-09-26,israel,3515.0,414.0,480.0,2127.8,16.0,11.0,185.0,557.0,224.0,-682.0,43.0
2023-09-26,korea,1800.0,186.0,158.0,2975.5,13.0,14.0,63.0,166.0,107.0,-462.5,27.0
2023-09-26,libya,340.0,38.0,44.0,359.4,0.0,0.0,35.0,7.0,0.0,25.4,0.0
2023-09-26,scs,3549.0,388.0,337.0,4396.0,7.0,10.0,119.0,589.0,261.0,-266.6,28.0
2023-09-26,southasia,11280.0,1919.0,1429.0,4943.0,28.0,16.0,746.0,92.0,41.0,-94.3,21.0
2023-09-26,sudan,380.0,62.0,70.0,-147.5,0.0,0.0,7.0,6.0,1.0,21.8,0.0
2023-09-26,taiwan,458.0,39.0,37.0,611.6,0.0,1.0,13.0,87.0,12.0,89.2,2.0
2023-09-26,ukraine,5227.0,716.0,1143.0,-2997.3,39.0,25.0,228.0,1743.0,1098.0,-6550.1,114.0
2023-09-26,venezuela,390.0,59.0,52.0,207.1,2.0,0.0,19.0,123.0,41.0,81.2,0.0
2023-09-26,yemen,227.0,34.0,70.0,-371.5,3.0,0.0,5.0,93.0,27.0,19.3,6.0
2023-09-27,drc,15.0,1.0,0.0,30.4,0.0,0.0,0.0,0.0,0.0,0.0,0.0
2023-09-27,europe_east,1490.0,149.0,197.0,1551.0,0.0,5.0,99.0,85.0,30.0,-38.1,12.0
2023-09-27,iran,1159.0,188.0,170.0,628.6,4.0,1.0,95.0,338.0,108.0,51.7,24.0
2023-09-27,israel,3786.0,533.0,580.0,893.5,17.0,7.0,205.0,556.0,275.0,-1078.6,65.0
2023-09-27,korea,3191.0,325.0,684.0,1449.2,2.0,8.0,300.0,1067.0,516.0,-1319.2,176.0
2023-09-27,libya,264.0,24.0,20.0,328.4,0.0,0.0,10.0,1.0,0.0,3.4,0.0
2023-09-27,scs,3784.0,284.0,223.0,7739.3,2.0,4.0,124.0,399.0,181.0,-189.9,29.0
2023-09-27,southasia,10168.0,1694.0,1270.0,4261.6,9.0,34.0,581.0,27.0,3.0,39.7,3.0
2023-09-27,sudan,338.0,29.0,54.0,136.9,0.0,0.0,5.0,5.0,1.0,11.8,0.0
2023-09-27,taiwan,436.0,74.0,75.0,-148.4,5.0,4.0,19.0,170.0,89.0,-308.1,27.0
2023-09-27,ukraine,4542.0,574.0,689.0,2031.4,38.0,18.0,148.0,1000.0,540.0,-2295.8,57.0
2023-09-27,venezuela,320.0,55.0,40.0,129.7,0.0,2.0,16.0,91.0,27.0,36.4,2.0
2023-09-27,yemen,124.0,11.0,27.0,-39.6,4.0,0.0,3.0,73.0,21.0,-25.0,5.0
2023-09-28,drc,23.0,2.0,7.0,-31.9,0.0,0.0,1.0,0.0,0.0,0.0,0.0
2023-09-28,europe_east,1357.0,166.0,150.0,1455.1,3.0,2.0,77.0,174.0,71.0,-146.0,5.0
2023-09-28,iran,984.0,154.0,162.0,414.9,4.0,0.0,101.0,208.0,85.0,61.8,13.0
2023-09-28,israel,3895.0,534.0,701.0,-3.8,16.0,6.0,240.0,593.0,328.0,-1432.4,58.0
2023-09-28,korea,2340.0,195.0,456.0,2578.8,7.0,6.0,215.0,807.0,276.0,245.5,97.0
2023-09-28,libya,301.0,28.0,22.0,436.9,0.0,0.0,12.0,3.0,0.0,2.7,0.0
2023-09-28,scs,2730.0,229.0,277.0,3886.7,1.0,2.0,156.0,213.0,74.0,156.9,6.0
2023-09-28,southasia,9939.0,1605.0,1209.0,4516.6,33.0,24.0,555.0,25.0,14.0,-66.8,0.0
2023-09-28,sudan,498.0,34.0,164.0,-758.8,0.0,0.0,45.0,5.0,3.0,-14.2,0.0
2023-09-28,taiwan,687.0,75.0,65.0,742.9,2.0,9.0,18.0,215.0,84.0,-105.2,9.0
2023-09-28,ukraine,4763.0,554.0,763.0,2446.6,35.0,8.0,182.0,1102.0,603.0,-2703.8,53.0
2023-09-28,venezuela,212.0,10.0,23.0,321.2,0.0,3.0,12.0,43.0,12.0,-15.1,4.0
2023-09-28,yemen,122.0,14.0,46.0,-288.6,3.0,0.0,11.0,53.0,15.0,12.9,0.0
2023-09-29,drc,76.0,7.0,10.0,35.2,0.0,0.0,1.0,23.0,5.0,-8.5,0.0
2023-09-29,europe_east,1169.0,126.0,170.0,1034.6,5.0,8.0,86.0,128.0,71.0,-335.5,26.0
2023-09-29,iran,869.0,155.0,143.0,10.1,2.0,2.0,57.0,138.0,63.0,-35.6,7.0
2023-09-29,israel,2665.0,416.0,511.0,-998.8,13.0,24.0,133.0,403.0,228.0,-1123.6,37.0
2023-09-29,korea,823.0,85.0,133.0,685.8,8.0,4.0,61.0,177.0,66.0,-66.3,33.0
2023-09-29,libya,380.0,35.0,35.0,686.3,2.0,2.0,15.0,0.0,0.0,0.0,0.0
2023-09-29,scs,2892.0,276.0,258.0,4411.2,5.0,3.0,109.0,224.0,89.0,-19.5,11.0
2023-09-29,southasia,10899.0,1989.0,1710.0,-410.1,30.0,49.0,624.0,25.0,13.0,-51.6,2.0
2023-09-29,sudan,697.0,59.0,180.0,-269.8,1.0,0.0,50.0,0.0,0.0,0.0,0.0
2023-09-29,taiwan,595.0,70.0,37.0,955.7,4.0,1.0,10.0,185.0,53.0,137.1,12.0
2023-09-29,ukraine,4629.0,493.0,753.0,2665.4,28.0,27.0,177.0,1021.0,526.0,-2426.0,50.0
2023-09-29,venezuela,234.0,24.0,20.0,345.3,0.0,1.0,5.0,51.0,10.0,33.5,0.0
2023-09-29,yemen,112.0,15.0,32.0,-141.3,0.0,1.0,5.0,19.0,14.0,-87.4,1.0
2023-09-30,drc,51.0,6.0,19.0,-90.7,0.0,0.0,14.0,1.0,1.0,-10.0,0.0
2023-09-30,europe_east,561.0,84.0,79.0,79.7,3.0,5.0,28.0,23.0,7.0,-17.4,1.0
2023-09-30,iran,630.0,107.0,121.0,-234.1,2.0,2.0,48.0,53.0,17.0,87.9,2.0
2023-09-30,israel,1499.0,178.0,355.0,-800.6,4.0,22.0,73.0,241.0,141.0,-798.0,16.0
2023-09-30,korea,459.0,52.0,69.0,410.7,1.0,4.0,38.0,120.0,57.0,-173.0,20.0
2023-09-30,libya,203.0,21.0,28.0,294.1,1.0,0.0,17.0,4.0,2.0,-2.6,0.0
2023-09-30,scs,2102.0,181.0,167.0,3934.6,3.0,1.0,88.0,124.0,57.0,-23.5,14.0
2023-09-30,southasia,7853.0,1312.0,1226.0,862.1,9.0,28.0,504.0,16.0,8.0,-20.2,1.0
2023-09-30,sudan,297.0,31.0,46.0,136.5,5.0,0.0,6.0,2.0,0.0,6.0,0.0
2023-09-30,taiwan,188.0,39.0,22.0,74.5,0.0,1.0,7.0,54.0,16.0,27.5,4.0
2023-09-30,ukraine,2616.0,331.0,495.0,159.4,21.0,9.0,109.0,744.0,371.0,-1676.5,39.0
2023-09-30,venezuela,120.0,11.0,18.0,40.9,0.0,0.0,9.0,25.0,4.0,-2.4,0.0
2023-09-30,yemen,151.0,17.0,43.0,-161.8,1.0,1.0,12.0,23.0,9.0,-42.3,4.0
2023-10-01,drc,11.0,1.0,0.0,22.9,0.0,0.0,0.0,3.0,0.0,7.5,0.0
2023-10-01,europe_east,534.0,66.0,59.0,523.5,2.0,2.0,27.0,14.0,5.0,-3.4,2.0
2023-10-01,iran,692.0,121.0,107.0,-43.9,3.0,1.0,37.0,101.0,51.0,-183.9,0.0
2023-10-01,israel,1628.0,282.0,304.0,-899.4,7.0,3.0,79.0,264.0,170.0,-970.8,14.0
2023-10-01,korea,475.0,75.0,43.0,585.9,1.0,2.0,16.0,110.0,46.0,35.2,4.0
2023-10-01,libya,226.0,12.0,33.0,313.9,0.0,0.0,20.0,0.0,0.0,0.0,0.0
2023-10-01,scs,2456.0,175.0,119.0,5740.4,1.0,1.0,78.0,131.0,22.0,89.3,10.0
2023-10-01,southasia,7414.0,1146.0,1205.0,1011.6,17.0,18.0,503.0,16.0,1.0,28.5,0.0
2023-10-01,sudan,197.0,22.0,37.0,124.9,0.0,1.0,4.0,1.0,1.0,-5.0,0.0
2023-10-01,taiwan,174.0,7.0,18.0,245.6,0.0,0.0,9.0,20.0,5.0,22.8,0.0
2023-10-01,ukraine,3320.0,379.0,523.0,2334.1,25.0,26.0,87.0,745.0,413.0,-2082.2,27.0
2023-10-01,venezuela,138.0,24.0,11.0,144.1,0.0,0.0,3.0,40.0,8.0,19.9,3.0
2023-10-01,yemen,101.0,9.0,17.0,58.3,0.0,1.0,8.0,13.0,1.0,20.1,0.0
2023-10-02,drc,181.0,18.0,36.0,36.8,1.0,2.0,0.0,4.0,3.0,-25.0,0.0
2023-10-02,europe_east,1133.0,125.0,112.0,1743.4,1.0,7.0,54.0,106.0,49.0,-150.4,11.0
2023-10-02,iran,1047.0,157.0,134.0,685.1,1.0,0.0,69.0,207.0,46.0,241.1,5.0
2023-10-02,israel,2376.0,323.0,444.0,-120.3,3.0,9.0,161.0,359.0,173.0,-646.3,27.0
2023-10-02,korea,550.0,95.0,39.0,556.0,1.0,0.0,21.0,58.0,20.0,32.8,9.0
2023-10-02,libya,299.0,24.0,25.0,563.7,1.0,0.0,14.0,3.0,0.0,18.2,0.0
2023-10-02,scs,2386.0,236.0,264.0,3615.3,6.0,1.0,153.0,95.0,49.0,2.6,11.0
2023-10-02,southasia,8607.0,1341.0,1304.0,1575.4,16.0,20.0,630.0,13.0,6.0,-15.8,2.0
2023-10-02,sudan,324.0,35.0,52.0,47.6,0.0,2.0,13.0,0.0,0.0,0.0,0.0
2023-10-02,taiwan,477.0,74.0,22.0,765.6,0.0,0.0,5.0,115.0,32.0,41.0,5.0
2023-10-02,ukraine,4931.0,565.0,699.0,3771.9,19.0,25.0,135.0,1118.0,606.0,-2808.9,65.0
2023-10-02,venezuela,107.0,12.0,12.0,148.7,2.0,0.0,3.0,30.0,4.0,56.5,0.0
2023-10-02,yemen,179.0,16.0,34.0,82.2,3.0,0.0,10.0,40.0,14.0,-65.3,0.0
2023-10-03,drc,104.0,17.0,17.0,-39.1,0.0,1.0,1.0,2.0,0.0,10.0,0.0
2023-10-03,europe_east,1201.0,176.0,103.0,1616.5,3.0,8.0,43.0,65.0,28.0,-51.4,7.0
2023-10-03,iran,1043.0,169.0,146.0,574.8,3.0,2.0,58.0,228.0,58.0,56.7,13.0
2023-10-03,israel,2616.0,414.0,449.0,-26.9,7.0,0.0,146.0,501.0,259.0,-1093.6,30.0
2023-10-03,korea,661.0,61.0,65.0,1102.9,0.0,0.0,39.0,76.0,28.0,-57.4,8.0
2023-10-03,libya,304.0,24.0,26.0,425.1,0.0,0.0,13.0,0.0,0.0,0.0,0.0
2023-10-03,scs,3166.0,298.0,283.0,5049.6,1.0,3.0,125.0,205.0,91.0,8.1,7.0
2023-10-03,southasia,9700.0,1641.0,1620.0,-900.9,11.0,18.0,736.0,15.0,7.0,-3.7,7.0
2023-10-03,sudan,587.0,63.0,138.0,-141.9,0.0,4.0,27.0,0.0,0.0,0.0,0.0
2023-10-03,taiwan,484.0,51.0,35.0,804.4,2.0,4.0,15.0,127.0,50.0,-43.3,6.0
2023-10-03,ukraine,4627.0,541.0,684.0,3728.1,19.0,15.0,194.0,1066.0,629.0,-3127.7,75.0
2023-10-03,venezuela,609.0,66.0,152.0,-151.0,1.0,0.0,60.0,57.0,19.0,21.4,11.0
2023-10-03,yemen,45.0,7.0,4.0,96.0,0.0,0.0,1.0,5.0,2.0,-5.3,1.0
2023-10-04,drc,60.0,9.0,9.0,6.1,0.0,0.0,2.0,8.0,6.0,-16.0,0.0
2023-10-04,europe_east,1287.0,141.0,119.0,1747.8,4.0,4.0,55.0,66.0,21.0,-28.1,3.0
2023-10-04,iran,1211.0,254.0,202.0,-296.4,5.0,1.0,82.0,207.0,101.0,-263.4,27.0
2023-10-04,israel,2765.0,424.0,459.0,-366.2,12.0,7.0,134.0,379.0,187.0,-704.0,20.0
2023-10-04,korea,777.0,110.0,70.0,1013.2,1.0,10.0,21.0,101.0,64.0,-205.8,12.0
2023-10-04,libya,160.0,19.0,35.0,-52.8,0.0,0.0,8.0,0.0,0.0,0.0,0.0
2023-10-04,scs,2976.0,339.0,258.0,4038.6,7.0,1.0,119.0,211.0,71.0,-3.4,10.0
2023-10-04,southasia,10214.0,1702.0,1538.0,1524.9,13.0,17.0,802.0,7.0,4.0,-7.0,4.0
2023-10-04,sudan,483.0,68.0,116.0,-457.0,2.0,0.0,23.0,9.0,4.0,-24.6,0.0
2023-10-04,taiwan,350.0,32.0,40.0,357.6,0.0,2.0,24.0,142.0,47.0,80.9,4.0
2023-10-04,ukraine,4495.0,480.0,704.0,2653.6,27.0,26.0,201.0,1095.0,577.0,-2675.2,118.0
2023-10-04,venezuela,354.0,26.0,21.0,548.0,0.0,0.0,12.0,41.0,7.0,56.4,0.0
2023-10-04,yemen,117.0,20.0,23.0,-48.0,0.0,1.0,9.0,30.0,12.0,-36.5,5.0
2023-10-05,drc,32.0,0.0,15.0,-42.6,0.0,0.0,8.0,3.0,3.0,-6.0,0.0
2023-10-05,europe_east,1202.0,151.0,130.0,1387.1,0.0,3.0,59.0,73.0,22.0,28.7,0.0
2023-10-05,iran,1284.0,228.0,242.0,-105.4,0.0,7.0,129.0,218.0,80.0,-117.7,22.0
2023-10-05,israel,3513.0,535.0,857.0,-3464.9,9.0,2.0,177.0,688.0,426.0,-2759.2,16.0
2023-10-05,korea,1078.0,128.0,105.0,1477.3,4.0,1.0,53.0,127.0,34.0,195.4,14.0
2023-10-05,libya,185.0,12.0,14.0,286.6,0.0,0.0,4.0,0.0,0.0,0.0,0.0
2023-10-05,scs,2735.0,245.0,222.0,4526.0,2.0,0.0,121.0,180.0,82.0,-43.1,3.0
2023-10-05,southasia,9441.0,1501.0,1478.0,2032.2,24.0,19.0,799.0,20.0,11.0,-47.6,3.0
2023-10-05,sudan,520.0,58.0,152.0,-759.3,6.0,0.0,16.0,9.0,7.0,-70.0,0.0
2023-10-05,taiwan,418.0,38.0,59.0,380.3,0.0,1.0,30.0,115.0,25.0,96.3,9.0
2023-10-05,ukraine,5684.0,722.0,931.0,2439.5,38.0,19.0,180.0,1617.0,928.0,-4637.8,92.0
2023-10-05,venezuela,315.0,26.0,56.0,275.6,0.0,0.0,28.0,74.0,9.0,155.5,5.0
2023-10-05,yemen,85.0,21.0,20.0,-112.0,0.0,0.0,15.0,43.0,10.0,40.2,5.0
2023-10-06,drc,47.0,9.0,4.0,38.7,0.0,0.0,1.0,6.0,5.0,-14.0,0.0
2023-10-06,europe_east,1226.0,177.0,143.0,1376.0,2.0,1.0,60.0,51.0,24.0,-35.9,3.0
2023-10-06,iran,1783.0,275.0,398.0,-444.4,9.0,5.0,276.0,252.0,97.0,59.5,30.0
2023-10-06,israel,3130.0,409.0,889.0,-3825.0,15.0,4.0,195.0,625.0,425.0,-2851.5,35.0
2023-10-06,korea,910.0,114.0,74.0,1164.2,8.0,2.0,49.0,85.0,19.0,150.4,5.0
2023-10-06,libya,187.0,21.0,27.0,199.6,4.0,0.0,10.0,0.0,0.0,0.0,0.0
2023-10-06,scs,2891.0,228.0,283.0,3950.2,14.0,8.0,125.0,210.0,76.0,-30.1,4.0
2023-10-06,southasia,8623.0,1318.0,1139.0,4236.5,19.0,15.0,606.0,23.0,7.0,16.6,7.0
2023-10-06,sudan,393.0,52.0,99.0,-396.3,1.0,0.0,13.0,3.0,2.0,-12.5,0.0
2023-10-06,taiwan,536.0,80.0,57.0,362.6,1.0,2.0,29.0,167.0,46.0,141.9,7.0
2023-10-06,ukraine,4817.0,748.0,927.0,-887.5,36.0,30.0,214.0,1428.0,779.0,-3564.4,70.0
2023-10-06,venezuela,599.0,121.0,120.0,-119.7,4.0,0.0,79.0,138.0,29.0,242.9,11.0
2023-10-06,yemen,58.0,8.0,10.0,-2.9,0.0,1.0,1.0,27.0,5.0,38.6,0.0
2023-10-07,drc,35.0,9.0,13.0,-73.9,0.0,0.0,11.0,14.0,8.0,-5.6,0.0
2023-10-07,europe_east,524.0,79.0,86.0,341.5,0.0,10.0,32.0,13.0,9.0,-65.4,3.0
2023-10-07,iran,1786.0,298.0,371.0,-256.6,13.0,1.0,156.0,508.0,208.0,-96.7,32.0
2023-10-07,israel,14425.0,2151.0,4279.0,-23096.3,150.0,103.0,505.0,4107.0,2677.0,-16789.5,265.0
2023-10-07,korea,571.0,80.0,38.0,824.4,0.0,1.0,21.0,95.0,44.0,-34.6,3.0
2023-10-07,libya,128.0,14.0,12.0,113.1,0.0,0.0,4.0,0.0,0.0,0.0,0.0
2023-10-07,scs,2347.0,158.0,151.0,4456.5,7.0,3.0,80.0,131.0,60.0,-132.4,0.0
2023-10-07,southasia,7198.0,1096.0,1096.0,1576.0,22.0,17.0,556.0,5.0,3.0,-22.4,0.0
2023-10-07,sudan,283.0,29.0,88.0,-399.6,1.0,0.0,11.0,16.0,15.0,-138.0,0.0
2023-10-07,taiwan,190.0,15.0,16.0,304.4,0.0,0.0,5.0,18.0,5.0,21.2,0.0
2023-10-07,ukraine,2629.0,339.0,669.0,-2273.2,14.0,12.0,125.0,778.0,495.0,-3008.0,50.0
2023-10-07,venezuela,287.0,42.0,47.0,201.6,1.0,0.0,35.0,93.0,17.0,207.4,15.0
2023-10-07,yemen,44.0,2.0,5.0,85.6,0.0,0.0,3.0,19.0,7.0,-16.8,0.0
2023-10-08,drc,21.0,0.0,11.0,-71.7,0.0,0.0,3.0,4.0,0.0,26.0,0.0
2023-10-08,europe_east,515.0,55.0,88.0,304.5,4.0,3.0,35.0,23.0,15.0,-91.6,4.0
2023-10-08,iran,2461.0,403.0,492.0,-301.7,51.0,14.0,119.0,856.0,370.0,-511.1,59.0
2023-10-08,israel,22130.0,2937.0,6933.0,-38603.6,220.0,106.0,1004.0,6257.0,3932.0,-25534.1,375.0
2023-10-08,korea,418.0,69.0,57.0,141.9,1.0,0.0,29.0,39.0,17.0,60.1,4.0
2023-10-08,libya,114.0,9.0,11.0,165.4,2.0,0.0,4.0,0.0,0.0,0.0,0.0
2023-10-08,scs,2833.0,166.0,323.0,4235.1,1.0,3.0,145.0,98.0,26.0,99.4,1.0
2023-10-08,southasia,5500.0,725.0,743.0,2545.3,20.0,9.0,329.0,6.0,1.0,11.0,0.0
2023-10-08,sudan,270.0,31.0,61.0,-94.3,2.0,5.0,16.0,12.0,5.0,-36.9,0.0
2023-10-08,taiwan,221.0,28.0,25.0,174.2,2.0,1.0,7.0,40.0,19.0,-3.6,1.0
2023-10-08,ukraine,1958.0,246.0,450.0,-1239.7,12.0,0.0,34.0,520.0,300.0,-1855.6,24.0
2023-10-08,venezuela,128.0,14.0,18.0,100.4,0.0,0.0,9.0,28.0,6.0,29.8,2.0
2023-10-08,yemen,108.0,13.0,12.0,32.8,0.0,0.0,1.0,28.0,19.0,-78.2,0.0
2023-10-09,drc,63.0,6.0,14.0,0.1,0.0,1.0,8.0,6.0,6.0,-16.0,0.0
2023-10-09,europe_east,1192.0,135.0,112.0,1655.0,0.0,1.0,46.0,44.0,16.0,-28.3,0.0
2023-10-09,iran,3890.0,662.0,694.0,-65.7,113.0,7.0,146.0,1365.0,554.0,-679.4,102.0
2023-10-09,israel,31033.0,4596.0,8555.0,-42269.9,390.0,152.0,1377.0,8321.0,5004.0,-30065.2,547.0
2023-10-09,korea,652.0,86.0,89.0,448.6,1.0,0.0,45.0,53.0,19.0,14.4,2.0
2023-10-09,libya,107.0,12.0,14.0,18.1,0.0,0.0,4.0,0.0,0.0,0.0,0.0
2023-10-09,scs,2404.0,240.0,236.0,3424.5,3.0,1.0,111.0,101.0,36.0,-29.1,4.0
2023-10-09,southasia,7749.0,1099.0,946.0,5717.2,5.0,10.0,380.0,19.0,5.0,25.5,2.0
2023-10-09,sudan,429.0,38.0,85.0,262.9,3.0,0.0,21.0,4.0,4.0,-39.5,0.0
2023-10-09,taiwan,431.0,45.0,30.0,582.7,2.0,2.0,2.0,108.0,45.0,-73.8,4.0
2023-10-09,ukraine,2913.0,384.0,574.0,-90.5,22.0,5.0,100.0,751.0,443.0,-2208.4,51.0
2023-10-09,venezuela,233.0,28.0,21.0,331.2,0.0,0.0,16.0,80.0,17.0,199.7,4.0
2023-10-09,yemen,86.0,14.0,14.0,-44.5,1.0,0.0,2.0,17.0,6.0,18.1,0.0
2023-10-10,drc,23.0,4.0,5.0,-16.8,0.0,0.0,0.0,4.0,3.0,-1.0,0.0
2023-10-10,europe_east,1884.0,156.0,157.0,3187.7,1.0,7.0,78.0,100.0,50.0,-209.3,6.0
2023-10-10,iran,3744.0,643.0,718.0,-1033.8,108.0,18.0,165.0,1330.0,552.0,-741.8,78.0
2023-10-10,israel,33389.0,5008.0,8732.0,-40302.6,424.0,184.0,1312.0,8523.0,5089.0,-30040.9,554.0
2023-10-10,korea,1125.0,105.0,126.0,1503.0,12.0,2.0,62.0,119.0,50.0,-121.4,13.0
2023-10-10,libya,184.0,12.0,19.0,282.6,0.0,0.0,10.0,0.0,0.0,0.0,0.0
2023-10-10,scs,2892.0,240.0,257.0,4503.9,3.0,22.0,112.0,198.0,89.0,-110.8,15.0
2023-10-10,southasia,7641.0,1136.0,1011.0,3819.8,12.0,21.0,484.0,10.0,8.0,-46.6,2.0
2023-10-10,sudan,354.0,52.0,87.0,-284.7,2.0,0.0,17.0,9.0,7.0,-67.0,0.0
2023-10-10,taiwan,602.0,114.0,42.0,651.1,2.0,1.0,15.0,240.0,82.0,118.1,12.0
2023-10-10,ukraine,3353.0,352.0,660.0,287.6,20.0,15.0,125.0,844.0,481.0,-2453.9,50.0
2023-10-10,venezuela,243.0,30.0,36.0,210.3,0.0,0.0,17.0,53.0,14.0,60.2,4.0
2023-10-10,yemen,206.0,30.0,36.0,-78.3,1.0,0.0,4.0,71.0,39.0,-126.9,4.0
2023-10-11,drc,27.0,4.0,7.0,-7.1,1.0,0.0,2.0,0.0,0.0,0.0,0.0
2023-10-11,europe_east,1859.0,191.0,223.0,2083.7,6.0,12.0,114.0,111.0,42.0,-1.7,4.0
2023-10-11,iran,3279.0,541.0,535.0,818.0,64.0,12.0,155.0,1113.0,491.0,-817.1,67.0
2023-10-11,israel,31813.0,4467.0,8019.0,-32659.4,332.0,141.0,1307.0,7543.0,4364.0,-25668.3,399.0
2023-10-11,korea,895.0,81.0,124.0,1105.0,11.0,1.0,51.0,68.0,34.0,-81.4,10.0
2023-10-11,libya,136.0,4.0,8.0,318.8,0.0,0.0,3.0,0.0,0.0,0.0,0.0
2023-10-11,scs,3403.0,324.0,318.0,4860.4,6.0,8.0,83.0,152.0,66.0,-39.4,9.0
2023-10-11,southasia,8636.0,1419.0,1310.0,1506.3,20.0,18.0,595.0,19.0,9.0,-24.7,4.0
2023-10-11,sudan,378.0,40.0,62.0,234.1,0.0,0.0,16.0,4.0,3.0,-19.0,0.0
2023-10-11,taiwan,595.0,110.0,48.0,698.4,6.0,3.0,22.0,145.0,30.0,222.0,9.0
2023-10-11,ukraine,4047.0,375.0,600.0,3405.9,17.0,20.0,135.0,816.0,408.0,-1552.5,45.0
2023-10-11,venezuela,242.0,34.0,45.0,103.5,1.0,0.0,23.0,82.0,20.0,41.8,4.0
2023-10-11,yemen,169.0,25.0,20.0,40.7,2.0,0.0,1.0,72.0,35.0,-116.3,5.0
2023-10-12,drc,39.0,3.0,12.0,-40.1,0.0,0.0,2.0,18.0,0.0,77.5,0.0
2023-10-12,europe_east,1591.0,178.0,152.0,2056.3,5.0,11.0,71.0,146.0,37.0,141.7,4.0
2023-10-12,iran,3468.0,521.0,583.0,880.0,55.0,12.0,189.0,1251.0,555.0,-1005.3,69.0
2023-10-12,israel,31715.0,4753.0,7247.0,-24767.6,350.0,171.0,1287.0,7506.0,4231.0,-22314.9,435.0
2023-10-12,korea,1120.0,96.0,132.0,1693.7,2.0,0.0,72.0,92.0,34.0,23.9,11.0
2023-10-12,libya,86.0,7.0,10.0,153.0,0.0,0.0,3.0,0.0,0.0,0.0,0.0
2023-10-12,scs,2836.0,240.0,350.0,3499.1,4.0,16.0,118.0,50.0,5.0,118.4,2.0
2023-10-12,southasia,8060.0,1091.0,1092.0,4913.1,12.0,13.0,500.0,33.0,10.0,54.7,3.0
2023-10-12,sudan,270.0,36.0,45.0,81.9,1.0,4.0,7.0,7.0,3.0,8.0,0.0
2023-10-12,taiwan,459.0,79.0,47.0,256.5,8.0,8.0,12.0,127.0,55.0,-132.2,17.0
2023-10-12,ukraine,3430.0,342.0,616.0,1226.3,23.0,24.0,118.0,828.0,455.0,-2291.4,53.0
2023-10-12,venezuela,190.0,32.0,37.0,-12.7,0.0,0.0,23.0,36.0,16.0,21.2,4.0
2023-10-12,yemen,234.0,23.0,21.0,337.4,1.0,0.0,13.0,49.0,13.0,45.5,4.0
2023-10-13,drc,53.0,9.0,15.0,-78.1,0.0,0.0,7.0,14.0,6.0,-12.9,0.0
2023-10-13,europe_east,1440.0,159.0,174.0,1430.8,21.0,4.0,90.0,68.0,15.0,108.4,6.0
2023-10-13,iran,3074.0,486.0,405.0,1484.0,54.0,8.0,127.0,1072.0,453.0,-788.0,63.0
2023-10-13,israel,33289.0,5348.0,7390.0,-25567.8,339.0,240.0,1641.0,7943.0,4459.0,-23441.4,588.0
2023-10-13,korea,1248.0,168.0,128.0,1855.2,10.0,1.0,59.0,149.0,56.0,128.3,5.0
2023-10-13,libya,102.0,8.0,4.0,193.1,0.0,1.0,0.0,0.0,0.0,0.0,0.0
2023-10-13,scs,3014.0,229.0,303.0,4312.1,5.0,12.0,82.0,113.0,15.0,259.7,0.0
2023-10-13,southasia,7960.0,1172.0,1078.0,3014.0,25.0,14.0,506.0,35.0,24.0,-153.5,6.0
2023-10-13,sudan,341.0,48.0,49.0,52.8,0.0,1.0,7.0,1.0,0.0,4.0,0.0
2023-10-13,taiwan,395.0,76.0,32.0,317.5,1.0,3.0,12.0,60.0,23.0,-54.6,4.0
2023-10-13,ukraine,2985.0,327.0,613.0,63.1,19.0,15.0,106.0,870.0,550.0,-3110.8,46.0
2023-10-13,venezuela,187.0,13.0,17.0,364.1,0.0,0.0,8.0,38.0,10.0,2.9,2.0
2023-10-13,yemen,155.0,46.0,38.0,-407.7,0.0,0.0,0.0,54.0,33.0,-113.9,1.0
2023-10-14,drc,23.0,5.0,1.0,-22.0,0.0,0.0,1.0,1.0,0.0,0.0,0.0
2023-10-14,europe_east,535.0,70.0,82.0,126.9,6.0,2.0,35.0,33.0,18.0,-46.8,2.0
2023-10-14,iran,1563.0,276.0,244.0,-29.3,40.0,7.0,70.0,507.0,242.0,-583.0,30.0
2023-10-14,israel,22917.0,3718.0,5463.0,-23342.2,293.0,139.0,1157.0,5939.0,3371.0,-17480.8,423.0
2023-10-14,korea,574.0,75.0,43.0,1185.1,11.0,0.0,21.0,77.0,34.0,50.8,0.0
2023-10-14,libya,51.0,3.0,15.0,-39.7,1.0,0.0,2.0,0.0,0.0,0.0,0.0
2023-10-14,scs,2136.0,120.0,229.0,2957.5,4.0,7.0,65.0,62.0,8.0,136.8,1.0
2023-10-14,southasia,5664.0,791.0,752.0,3143.9,14.0,4.0,364.0,20.0,8.0,-11.1,3.0
2023-10-14,sudan,225.0,11.0,28.0,179.9,0.0,2.0,4.0,0.0,0.0,0.0,0.0
2023-10-14,taiwan,195.0,31.0,17.0,75.3,0.0,1.0,8.0,55.0,21.0,-60.0,7.0
2023-10-14,ukraine,1616.0,172.0,397.0,-911.7,6.0,4.0,50.0,560.0,382.0,-2473.1,28.0
2023-10-14,venezuela,80.0,12.0,24.0,-97.4,0.0,0.0,11.0,26.0,10.0,-17.3,4.0
2023-10-14,yemen,70.0,14.0,10.0,-11.9,1.0,2.0,0.0,17.0,3.0,28.1,0.0
2023-10-15,drc,32.0,5.0,6.0,16.0,0.0,1.0,1.0,11.0,4.0,14.0,0.0
2023-10-15,europe_east,541.0,48.0,64.0,511.9,4.0,4.0,27.0,13.0,6.0,14.2,2.0
2023-10-15,iran,2376.0,388.0,368.0,-371.2,60.0,4.0,71.0,904.0,435.0,-1358.2,84.0
2023-10-15,israel,22899.0,3643.0,5396.0,-22713.7,323.0,156.0,1057.0,6193.0,3622.0,-19671.7,511.0
2023-10-15,korea,468.0,54.0,51.0,559.9,5.0,3.0,36.0,43.0,23.0,-44.9,0.0
2023-10-15,libya,58.0,6.0,10.0,28.4,0.0,0.0,3.0,0.0,0.0,0.0,0.0
2023-10-15,scs,2071.0,129.0,156.0,3921.1,3.0,2.0,53.0,50.0,6.0,104.8,2.0
2023-10-15,southasia,5227.0,791.0,691.0,2583.8,20.0,10.0,319.0,7.0,0.0,21.1,0.0
2023-10-15,sudan,276.0,12.0,27.0,484.2,1.0,2.0,12.0,4.0,3.0,-24.0,0.0
2023-10-15,taiwan,235.0,27.0,17.0,251.7,5.0,0.0,3.0,62.0,8.0,109.8,1.0
2023-10-15,ukraine,1828.0,197.0,486.0,-1471.0,10.0,1.0,79.0,596.0,391.0,-2578.6,24.0
2023-10-15,venezuela,88.0,10.0,16.0,-31.9,1.0,0.0,5.0,12.0,3.0,10.4,0.0
2023-10-15,yemen,47.0,5.0,7.0,24.5,0.0,0.0,0.0,22.0,13.0,-43.4,1.0
2023-10-16,drc,47.0,4.0,7.0,15.3,0.0,0.0,1.0,16.0,14.0,-119.0,0.0
2023-10-16,europe_east,1281.0,168.0,106.0,1526.8,11.0,6.0,41.0,61.0,16.0,11.5,0.0
2023-10-16,iran,2878.0,556.0,483.0,-846.4,106.0,18.0,117.0,964.0,485.0,-1688.2,101.0
2023-10-16,israel,27869.0,4016.0,6378.0,-18508.7,294.0,132.0,1371.0,7011.0,3800.0,-18857.1,536.0
2023-10-16,korea,993.0,108.0,100.0,1580.8,6.0,5.0,46.0,123.0,56.0,-17.7,8.0
2023-10-16,libya,105.0,6.0,17.0,57.8,0.0,0.0,7.0,0.0,0.0,0.0,0.0
2023-10-16,scs,2822.0,234.0,195.0,4622.7,3.0,4.0,95.0,237.0,80.0,-8.8,4.0
2023-10-16,southasia,7435.0,1113.0,947.0,5433.3,12.0,16.0,454.0,12.0,3.0,-5.4,0.0
2023-10-16,sudan,356.0,61.0,67.0,-76.0,4.0,0.0,12.0,6.0,4.0,-13.2,0.0
2023-10-16,taiwan,338.0,52.0,21.0,396.9,2.0,0.0,12.0,95.0,15.0,204.1,0.0
2023-10-16,ukraine,3015.0,344.0,545.0,362.7,26.0,4.0,112.0,946.0,536.0,-2884.5,53.0
2023-10-16,venezuela,424.0,31.0,49.0,846.7,1.0,0.0,37.0,69.0,15.0,82.2,6.0
2023-10-16,yemen,49.0,14.0,15.0,-104.8,2.0,0.0,8.0,11.0,10.0,-68.0,7.0
2023-10-17,drc,48.0,3.0,3.0,52.8,0.0,0.0,0.0,21.0,5.0,39.4,0.0
2023-10-17,europe_east,1585.0,143.0,83.0,2632.8,11.0,3.0,33.0,66.0,9.0,118.2,0.0
2023-10-17,iran,3007.0,542.0,537.0,-417.9,72.0,23.0,165.0,1010.0,468.0,-921.7,73.0
2023-10-17,israel,28678.0,4524.0,6262.0,-18492.1,255.0,146.0,1293.0,7159.0,3701.0,-16817.2,422.0
2023-10-17,korea,932.0,104.0,102.0,1052.7,3.0,9.0,50.0,80.0,25.0,100.8,3.0
2023-10-17,libya,124.0,12.0,27.0,65.9,0.0,1.0,19.0,2.0,0.0,4.7,0.0
2023-10-17,scs,3437.0,214.0,225.0,6258.7,2.0,14.0,88.0,257.0,50.0,294.9,1.0
2023-10-17,southasia,7594.0,1068.0,1000.0,4695.4,30.0,9.0,430.0,12.0,10.0,-93.0,0.0
2023-10-17,sudan,331.0,67.0,60.0,-215.4,0.0,0.0,6.0,10.0,9.0,-52.0,0.0
2023-10-17,taiwan,331.0,35.0,24.0,478.9,0.0,1.0,11.0,55.0,24.0,-26.6,2.0
2023-10-17,ukraine,3466.0,327.0,626.0,1322.8,18.0,33.0,113.0,1066.0,573.0,-3056.7,60.0
2023-10-17,venezuela,370.0,31.0,50.0,544.5,2.0,0.0,46.0,73.0,24.0,14.5,6.0
2023-10-17,yemen,115.0,9.0,68.0,-566.6,1.0,0.0,4.0,50.0,27.0,-116.3,13.0
2023-10-18,drc,34.0,2.0,12.0,-75.1,0.0,0.0,0.0,34.0,12.0,24.8,0.0
2023-10-18,europe_east,1270.0,103.0,90.0,2393.7,4.0,3.0,41.0,42.0,19.0,-40.1,10.0
2023-10-18,iran,3188.0,671.0,531.0,-936.4,62.0,11.0,169.0,1036.0,482.0,-1014.1,58.0
2023-10-18,israel,34118.0,7084.0,6896.0,-30275.0,268.0,102.0,1444.0,8072.0,4470.0,-19120.5,348.0
2023-10-18,korea,1251.0,109.0,114.0,1874.8,2.0,8.0,47.0,161.0,34.0,145.5,4.0
2023-10-18,libya,191.0,96.0,15.0,-166.7,0.0,0.0,0.0,0.0,0.0,0.0,0.0
2023-10-18,scs,4064.0,283.0,345.0,6675.9,8.0,17.0,145.0,276.0,62.0,305.0,0.0
2023-10-18,southasia,7987.0,1123.0,1113.0,4790.8,23.0,16.0,601.0,22.0,10.0,-44.9,3.0
2023-10-18,sudan,538.0,39.0,107.0,184.7,1.0,0.0,22.0,9.0,4.0,-40.3,0.0
2023-10-18,taiwan,431.0,53.0,37.0,476.2,0.0,2.0,16.0,60.0,7.0,159.4,0.0
2023-10-18,ukraine,3309.0,392.0,627.0,296.9,13.0,31.0,122.0,1023.0,563.0,-2654.9,55.0
2023-10-18,venezuela,460.0,58.0,66.0,537.6,0.0,4.0,49.0,93.0,19.0,136.1,6.0
2023-10-18,yemen,204.0,23.0,99.0,-838.7,2.0,0.0,6.0,49.0,24.0,-60.8,0.0
2023-10-19,drc,14.0,3.0,3.0,2.5,0.0,0.0,2.0,10.0,6.0,3.8,0.0
2023-10-19,europe_east,1168.0,138.0,118.0,1471.7,2.0,2.0,50.0,71.0,22.0,-11.4,5.0
2023-10-19,iran,2673.0,453.0,545.0,-1053.9,27.0,24.0,154.0,851.0,346.0,-577.0,49.0
2023-10-19,israel,30098.0,5268.0,6325.0,-22023.9,240.0,113.0,1385.0,7314.0,3836.0,-17007.0,379.0
2023-10-19,korea,1927.0,124.0,128.0,4578.1,2.0,8.0,34.0,163.0,62.0,106.0,19.0
2023-10-19,libya,107.0,26.0,12.0,66.7,0.0,0.0,1.0,0.0,0.0,0.0,0.0
2023-10-19,scs,3020.0,222.0,268.0,4741.6,12.0,11.0,90.0,176.0,38.0,232.3,3.0
2023-10-19,southasia,8070.0,1188.0,1083.0,5327.4,15.0,14.0,544.0,8.0,5.0,-27.0,3.0
2023-10-19,sudan,442.0,79.0,95.0,-415.6,1.0,2.0,26.0,9.0,7.0,-45.6,0.0
2023-10-19,taiwan,400.0,49.0,49.0,196.8,4.0,1.0,10.0,72.0,26.0,-49.8,8.0
2023-10-19,ukraine,3002.0,306.0,536.0,1582.5,15.0,15.0,112.0,833.0,461.0,-2379.1,47.0
2023-10-19,venezuela,855.0,84.0,138.0,1176.4,0.0,1.0,121.0,217.0,57.0,334.3,20.0
2023-10-19,yemen,255.0,24.0,93.0,-620.9,0.0,2.0,2.0,84.0,31.0,-98.5,0.0
2023-10-20,drc,27.0,6.0,16.0,-153.2,0.0,1.0,0.0,4.0,2.0,10.8,0.0
2023-10-20,europe_east,883.0,96.0,86.0,1292.1,2.0,1.0,53.0,71.0,23.0,15.7,3.0
2023-10-20,iran,2187.0,358.0,407.0,-634.6,40.0,16.0,95.0,745.0,358.0,-1178.9,48.0
2023-10-20,israel,25660.0,4073.0,5681.0,-18542.7,227.0,104.0,1232.0,6306.0,3240.0,-14707.2,410.0
2023-10-20,korea,1925.0,161.0,322.0,2213.8,3.0,6.0,171.0,392.0,123.0,335.7,58.0
2023-10-20,libya,80.0,5.0,21.0,-30.5,0.0,0.0,6.0,1.0,0.0,0.0,0.0
2023-10-20,scs,2969.0,219.0,244.0,5104.1,3.0,1.0,118.0,224.0,24.0,438.8,6.0
2023-10-20,southasia,8472.0,1279.0,1029.0,5811.4,29.0,11.0,508.0,19.0,12.0,-60.1,7.0
2023-10-20,sudan,277.0,48.0,43.0,48.2,0.0,0.0,11.0,3.0,3.0,-27.5,0.0
2023-10-20,taiwan,452.0,58.0,51.0,428.5,0.0,5.0,19.0,107.0,36.0,-16.2,18.0
2023-10-20,ukraine,3826.0,442.0,646.0,1735.8,31.0,14.0,133.0,764.0,407.0,-1993.7,51.0
2023-10-20,venezuela,577.0,74.0,77.0,787.7,0.0,2.0,48.0,143.0,34.0,319.0,16.0
2023-10-20,yemen,336.0,30.0,114.0,-653.9,5.0,3.0,5.0,137.0,72.0,-450.5,1.0
2023-10-21,drc,17.0,0.0,2.0,-22.8,0.0,0.0,0.0,1.0,0.0,0.4,0.0
2023-10-21,europe_east,411.0,30.0,39.0,644.8,1.0,0.0,27.0,31.0,8.0,29.1,0.0
2023-10-21,iran,1123.0,186.0,205.0,-343.7,19.0,4.0,54.0,378.0,163.0,-522.0,19.0
2023-10-21,israel,17366.0,2627.0,3861.0,-11855.5,125.0,83.0,754.0,3999.0,2098.0,-9843.6,251.0
2023-10-21,korea,621.0,75.0,65.0,915.8,8.0,4.0,24.0,75.0,33.0,63.8,8.0
2023-10-21,libya,60.0,6.0,5.0,91.6,0.0,0.0,3.0,0.0,0.0,0.0,0.0
2023-10-21,scs,2070.0,104.0,159.0,3984.0,0.0,16.0,85.0,63.0,1.0,96.8,1.0
2023-10-21,southasia,6290.0,984.0,781.0,2950.6,22.0,12.0,378.0,25.0,6.0,23.8,4.0
2023-10-21,sudan,167.0,32.0,35.0,-54.5,0.0,0.0,16.0,2.0,0.0,0.8,0.0
2023-10-21,taiwan,230.0,33.0,11.0,292.0,0.0,2.0,2.0,53.0,12.0,106.3,0.0
2023-10-21,ukraine,1929.0,150.0,422.0,-47.6,8.0,7.0,69.0,606.0,316.0,-1785.1,21.0
2023-10-21,venezuela,238.0,31.0,45.0,195.6,0.0,0.0,33.0,65.0,28.0,-43.5,14.0
2023-10-21,yemen,167.0,21.0,81.0,-654.5,0.0,26.0,3.0,43.0,20.0,-89.8,1.0
2023-10-22,drc,1.0,0.0,0.0,-0.4,0.0,0.0,0.0,1.0,1.0,-10.0,0.0
2023-10-22,europe_east,408.0,30.0,31.0,607.8,0.0,0.0,16.0,35.0,10.0,-3.1,0.0
2023-10-22,iran,1566.0,309.0,309.0,-997.6,38.0,18.0,100.0,532.0,296.0,-1200.2,70.0
2023-10-22,israel,16075.0,2590.0,3952.0,-18150.6,220.0,95.0,656.0,4211.0,2385.0,-12580.7,298.0
2023-10-22,korea,493.0,38.0,55.0,760.4,0.0,3.0,26.0,50.0,18.0,14.3,10.0
2023-10-22,libya,26.0,4.0,4.0,65.4,0.0,0.0,3.0,0.0,0.0,0.0,0.0
2023-10-22,scs,2605.0,316.0,148.0,4487.9,8.0,16.0,50.0,400.0,269.0,-691.3,28.0
2023-10-22,southasia,5309.0,885.0,714.0,1919.2,5.0,8.0,367.0,9.0,2.0,2.0,0.0
2023-10-22,sudan,130.0,4.0,2.0,452.5,0.0,0.0,0.0,2.0,0.0,8.0,0.0
2023-10-22,taiwan,289.0,23.0,35.0,127.8,0.0,1.0,20.0,76.0,21.0,-34.9,7.0
2023-10-22,ukraine,1526.0,154.0,405.0,-1469.6,8.0,5.0,46.0,600.0,398.0,-2840.9,22.0
2023-10-22,venezuela,239.0,38.0,24.0,346.2,3.0,0.0,18.0,50.0,17.0,18.4,7.0
2023-10-22,yemen,65.0,5.0,30.0,-221.0,0.0,0.0,1.0,18.0,13.0,-89.4,1.0
2023-10-23,drc,40.0,5.0,5.0,8.3,0.0,0.0,1.0,12.0,5.0,6.2,0.0
2023-10-23,europe_east,1116.0,111.0,53.0,2479.1,2.0,2.0,23.0,59.0,22.0,-58.6,9.0
2023-10-23,iran,2582.0,435.0,556.0,-1370.6,52.0,14.0,191.0,826.0,429.0,-1701.7,98.0
2023-10-23,israel,22451.0,3871.0,5025.0,-20368.5,240.0,110.0,874.0,5733.0,3159.0,-16001.6,334.0
2023-10-23,korea,966.0,84.0,95.0,1448.2,6.0,3.0,37.0,83.0,52.0,-138.7,17.0
2023-10-23,libya,78.0,11.0,23.0,-85.9,0.0,11.0,7.0,0.0,0.0,0.0,0.0
2023-10-23,scs,3106.0,463.0,318.0,2658.5,11.0,20.0,108.0,803.0,420.0,-838.8,23.0
2023-10-23,southasia,6849.0,1013.0,962.0,3271.7,13.0,21.0,552.0,13.0,3.0,-5.0,0.0
2023-10-23,sudan,244.0,8.0,49.0,130.1,0.0,2.0,8.0,8.0,4.0,-25.6,0.0
2023-10-23,taiwan,489.0,56.0,29.0,671.7,3.0,1.0,8.0,190.0,33.0,228.6,14.0
2023-10-23,ukraine,2939.0,335.0,635.0,-766.6,16.0,13.0,105.0,778.0,493.0,-3009.7,46.0
2023-10-23,venezuela,547.0,54.0,42.0,1114.7,1.0,0.0,37.0,83.0,17.0,94.4,5.0
2023-10-23,yemen,145.0,22.0,66.0,-546.3,3.0,2.0,11.0,31.0,24.0,-176.2,8.0
2023-10-24,drc,63.0,10.0,28.0,-238.8,0.0,0.0,0.0,24.0,22.0,-123.8,1.0
2023-10-24,europe_east,1356.0,163.0,122.0,2102.6,4.0,11.0,75.0,75.0,24.0,-2.9,0.0
2023-10-24,iran,2202.0,351.0,406.0,-456.8,39.0,21.0,78.0,810.0,387.0,-1040.8,63.0
2023-10-24,israel,22394.0,3447.0,4822.0,-14684.2,237.0,92.0,882.0,5639.0,2808.0,-12203.5,341.0
2023-10-24,korea,1014.0,156.0,126.0,598.6,2.0,3.0,53.0,137.0,74.0,-225.1,23.0
2023-10-24,libya,73.0,4.0,8.0,121.8,0.0,0.0,8.0,0.0,0.0,0.0,0.0
2023-10-24,scs,3719.0,294.0,235.0,6978.7,4.0,15.0,83.0,511.0,183.0,-63.7,4.0
2023-10-24,southasia,6096.0,829.0,860.0,2578.5,7.0,20.0,412.0,10.0,4.0,-11.0,0.0
2023-10-24,sudan,334.0,44.0,51.0,160.1,1.0,0.0,6.0,2.0,0.0,6.8,0.0
2023-10-24,taiwan,447.0,59.0,28.0,611.9,0.0,0.0,18.0,142.0,40.0,107.5,4.0
2023-10-24,ukraine,2871.0,333.0,473.0,1528.2,16.0,12.0,140.0,694.0,380.0,-1954.1,67.0
2023-10-24,venezuela,363.0,47.0,30.0,522.6,1.0,2.0,22.0,78.0,16.0,148.7,2.0
2023-10-24,yemen,140.0,24.0,53.0,-405.7,4.0,0.0,5.0,29.0,27.0,-227.8,5.0
2023-10-25,drc,63.0,10.0,13.0,17.4,0.0,0.0,1.0,44.0,33.0,-94.4,2.0
2023-10-25,europe_east,1187.0,122.0,83.0,1898.8,9.0,6.0,33.0,28.0,16.0,-48.7,10.0
2023-10-25,iran,2516.0,445.0,464.0,-715.0,72.0,13.0,111.0,779.0,420.0,-1462.1,59.0
2023-10-25,israel,22043.0,3583.0,4826.0,-18061.8,252.0,102.0,907.0,5596.0,2872.0,-13589.1,317.0
2023-10-25,korea,919.0,84.0,124.0,1115.8,1.0,1.0,61.0,63.0,36.0,-104.1,16.0
2023-10-25,libya,111.0,9.0,8.0,181.5,0.0,0.0,6.0,0.0,0.0,0.0,0.0
2023-10-25,scs,3220.0,339.0,349.0,4289.7,7.0,19.0,133.0,269.0,99.0,-43.9,7.0
2023-10-25,southasia,7195.0,1139.0,850.0,4717.8,11.0,22.0,383.0,16.0,2.0,22.2,0.0
2023-10-25,sudan,472.0,56.0,75.0,425.9,0.0,4.0,17.0,15.0,2.0,28.6,0.0
2023-10-25,taiwan,464.0,47.0,19.0,771.4,1.0,1.0,9.0,163.0,30.0,191.9,10.0
2023-10-25,ukraine,3147.0,300.0,590.0,1277.6,8.0,17.0,152.0,895.0,517.0,-2766.1,72.0
2023-10-25,venezuela,303.0,50.0,42.0,218.3,0.0,0.0,30.0,109.0,26.0,139.5,9.0
2023-10-25,yemen,125.0,22.0,54.0,-429.6,2.0,2.0,5.0,42.0,30.0,-235.8,2.0
2023-10-26,drc,68.0,11.0,22.0,-75.4,0.0,2.0,4.0,17.0,5.0,21.4,1.0
2023-10-26,europe_east,1049.0,106.0,67.0,1889.2,1.0,4.0,33.0,54.0,25.0,-24.2,3.0
2023-10-26,iran,2176.0,364.0,371.0,-39.2,39.0,10.0,76.0,686.0,353.0,-1050.1,37.0
2023-10-26,israel,20452.0,3470.0,4459.0,-16514.0,216.0,125.0,872.0,4909.0,2759.0,-15210.2,273.0
2023-10-26,korea,1031.0,182.0,84.0,1266.0,1.0,0.0,31.0,151.0,97.0,-169.5,9.0
2023-10-26,libya,65.0,9.0,6.0,58.6,0.0,0.0,1.0,0.0,0.0,0.0,0.0
2023-10-26,scs,3424.0,272.0,337.0,5057.2,17.0,23.0,136.0,377.0,121.0,245.1,9.0
2023-10-26,southasia,8747.0,1423.0,1209.0,3084.8,17.0,27.0,564.0,29.0,15.0,-41.3,5.0
2023-10-26,sudan,500.0,39.0,72.0,529.6,1.0,0.0,12.0,4.0,0.0,10.7,0.0
2023-10-26,taiwan,513.0,69.0,47.0,444.9,1.0,2.0,24.0,143.0,63.0,-147.8,8.0
2023-10-26,ukraine,3317.0,380.0,542.0,1907.2,14.0,9.0,120.0,792.0,424.0,-1901.4,29.0
2023-10-26,venezuela,413.0,69.0,62.0,232.2,0.0,0.0,49.0,79.0,16.0,183.2,8.0
2023-10-26,yemen,124.0,19.0,42.0,-280.9,2.0,1.0,1.0,33.0,22.0,-148.3,0.0
2023-10-27,drc,29.0,11.0,5.0,-43.1,0.0,0.0,0.0,9.0,4.0,-13.5,3.0
2023-10-27,europe_east,1016.0,91.0,84.0,1627.3,0.0,6.0,43.0,113.0,37.0,17.6,16.0
2023-10-27,iran,2678.0,428.0,583.0,-2116.3,75.0,10.0,60.0,898.0,522.0,-2733.5,52.0
2023-10-27,israel,18965.0,3232.0,4567.0,-20906.7,211.0,99.0,781.0,4868.0,2724.0,-15038.9,271.0
2023-10-27,korea,917.0,143.0,118.0,844.6,4.0,1.0,32.0,120.0,56.0,78.6,3.0
2023-10-27,libya,112.0,5.0,23.0,26.1,0.0,14.0,1.0,0.0,0.0,0.0,0.0
2023-10-27,scs,2302.0,182.0,183.0,3775.3,7.0,7.0,68.0,201.0,53.0,191.0,4.0
2023-10-27,southasia,8468.0,1151.0,1259.0,3882.5,12.0,23.0,647.0,45.0,10.0,18.7,4.0
2023-10-27,sudan,445.0,42.0,76.0,163.9,3.0,4.0,9.0,20.0,11.0,-60.8,1.0
2023-10-27,taiwan,487.0,69.0,54.0,410.9,1.0,1.0,11.0,128.0,39.0,106.1,4.0
2023-10-27,ukraine,3332.0,378.0,619.0,516.4,20.0,13.0,136.0,833.0,529.0,-3020.1,39.0
2023-10-27,venezuela,296.0,43.0,31.0,315.5,2.0,0.0,29.0,82.0,19.0,129.6,5.0
2023-10-27,yemen,157.0,28.0,62.0,-534.0,3.0,6.0,1.0,56.0,38.0,-276.8,9.0
2023-10-28,drc,13.0,8.0,4.0,-52.0,0.0,0.0,0.0,0.0,0.0,0.0,0.0
2023-10-28,europe_east,362.0,35.0,34.0,648.5,0.0,0.0,19.0,34.0,18.0,-40.9,1.0
2023-10-28,iran,1333.0,267.0,301.0,-1517.6,27.0,5.0,39.0,477.0,254.0,-1000.6,22.0
2023-10-28,israel,15888.0,2803.0,3378.0,-14180.7,140.0,98.0,573.0,4002.0,2071.0,-10246.3,203.0
2023-10-28,korea,309.0,55.0,48.0,-21.2,0.0,1.0,14.0,23.0,23.0,-70.0,0.0
2023-10-28,libya,180.0,5.0,14.0,209.2,0.0,0.0,0.0,2.0,0.0,4.7,0.0
2023-10-28,scs,2382.0,154.0,178.0,4540.1,0.0,23.0,84.0,194.0,37.0,337.5,4.0
2023-10-28,southasia,6198.0,1053.0,810.0,2243.5,13.0,18.0,430.0,17.0,5.0,4.8,2.0
2023-10-28,sudan,125.0,17.0,11.0,255.6,0.0,2.0,4.0,10.0,2.0,41.6,2.0
2023-10-28,taiwan,322.0,54.0,21.0,363.5,2.0,2.0,8.0,78.0,39.0,3.2,5.0
2023-10-28,ukraine,2151.0,236.0,480.0,-849.9,15.0,4.0,65.0,681.0,450.0,-2549.2,31.0
2023-10-28,venezuela,78.0,12.0,6.0,121.9,0.0,0.0,6.0,26.0,7.0,77.1,2.0
2023-10-28,yemen,88.0,10.0,33.0,-173.2,0.0,2.0,9.0,66.0,40.0,-205.1,3.0
2023-10-29,drc,21.0,0.0,5.0,13.5,0.0,0.0,2.0,6.0,2.0,18.0,0.0
2023-10-29,europe_east,377.0,67.0,22.0,539.8,2.0,0.0,10.0,41.0,9.0,18.9,7.0
2023-10-29,iran,1271.0,208.0,281.0,-1120.6,11.0,7.0,48.0,405.0,212.0,-814.1,23.0
2023-10-29,israel,15655.0,2835.0,3777.0,-20797.5,168.0,75.0,770.0,4192.0,2385.0,-13537.9,227.0
2023-10-29,korea,565.0,58.0,48.0,671.1,8.0,1.0,10.0,55.0,32.0,-123.5,6.0
2023-10-29,libya,53.0,1.0,7.0,49.9,0.0,0.0,0.0,0.0,0.0,0.0,0.0
2023-10-29,scs,1911.0,157.0,189.0,2711.9,6.0,32.0,69.0,182.0,36.0,260.4,8.0
2023-10-29,southasia,5946.0,920.0,824.0,1224.2,7.0,23.0,357.0,23.0,9.0,-32.1,3.0
2023-10-29,sudan,259.0,37.0,34.0,282.3,1.0,0.0,8.0,5.0,1.0,12.4,0.0
2023-10-29,taiwan,310.0,33.0,19.0,465.7,7.0,0.0,10.0,73.0,12.0,43.2,3.0
2023-10-29,ukraine,1812.0,216.0,361.0,-26.9,17.0,4.0,59.0,547.0,340.0,-1829.2,10.0
2023-10-29,venezuela,76.0,7.0,13.0,67.0,1.0,0.0,12.0,17.0,4.0,25.4,3.0
2023-10-29,yemen,78.0,10.0,18.0,-63.0,1.0,0.0,1.0,15.0,8.0,-28.4,0.0
2023-10-30,drc,60.0,6.0,16.0,-109.3,1.0,3.0,0.0,1.0,0.0,3.4,0.0
2023-10-30,europe_east,837.0,61.0,84.0,1317.5,1.0,5.0,41.0,56.0,14.0,5.6,12.0
2023-10-30,iran,1833.0,329.0,417.0,-1734.0,31.0,12.0,114.0,544.0,277.0,-937.3,36.0
2023-10-30,israel,19334.0,3226.0,4692.0,-22518.8,215.0,68.0,828.0,4833.0,2756.0,-15208.9,271.0
2023-10-30,korea,690.0,71.0,79.0,1038.7,1.0,0.0,39.0,73.0,27.0,4.0,3.0
2023-10-30,libya,88.0,6.0,13.0,94.5,0.0,0.0,0.0,0.0,0.0,0.0,0.0
2023-10-30,scs,3240.0,274.0,442.0,3414.8,10.0,20.0,171.0,286.0,95.0,191.6,5.0
2023-10-30,southasia,7775.0,1273.0,1067.0,1902.1,9.0,20.0,458.0,17.0,3.0,11.9,2.0
2023-10-30,sudan,395.0,27.0,92.0,138.0,1.0,0.0,7.0,11.0,8.0,-76.2,0.0
2023-10-30,taiwan,438.0,69.0,30.0,515.9,2.0,0.0,5.0,128.0,37.0,56.8,0.0
2023-10-30,ukraine,2950.0,429.0,543.0,-491.4,24.0,27.0,139.0,1106.0,657.0,-2797.1,63.0
2023-10-30,venezuela,212.0,30.0,25.0,162.5,0.0,4.0,6.0,59.0,16.0,43.0,2.0
2023-10-30,yemen,100.0,8.0,44.0,-306.2,0.0,10.0,3.0,28.0,16.0,-124.4,0.0
2023-10-31,drc,91.0,17.0,19.0,-56.2,0.0,3.0,7.0,0.0,0.0,0.0,0.0
2023-10-31,europe_east,895.0,95.0,78.0,1268.3,6.0,4.0,22.0,31.0,11.0,-5.4,0.0
2023-10-31,iran,1724.0,323.0,303.0,-790.5,36.0,4.0,53.0,571.0,286.0,-972.7,28.0
2023-10-31,israel,19651.0,3504.0,4651.0,-22385.3,184.0,70.0,853.0,4891.0,2790.0,-15139.6,275.0
2023-10-31,korea,728.0,74.0,90.0,863.8,0.0,1.0,62.0,53.0,11.0,56.6,2.0
2023-10-31,libya,106.0,9.0,16.0,104.9,0.0,2.0,4.0,0.0,0.0,0.0,0.0
2023-10-31,scs,3035.0,258.0,276.0,4426.6,5.0,19.0,90.0,285.0,142.0,-173.8,6.0
2023-10-31,southasia,8342.0,1366.0,1130.0,2298.1,27.0,27.0,444.0,10.0,3.0,6.2,1.0
2023-10-31,sudan,374.0,46.0,82.0,-1.7,0.0,3.0,7.0,9.0,4.0,-7.5,0.0
2023-10-31,taiwan,473.0,69.0,41.0,569.0,2.0,0.0,12.0,102.0,48.0,-167.0,2.0
2023-10-31,ukraine,3587.0,451.0,730.0,-467.7,24.0,14.0,181.0,1186.0,711.0,-3755.1,97.0
2023-10-31,venezuela,331.0,50.0,36.0,323.5,0.0,0.0,23.0,58.0,16.0,41.2,4.0
2023-10-31,yemen,212.0,22.0,88.0,-673.8,6.0,0.0,7.0,167.0,115.0,-866.4,15.0
2023-11-01,drc,24.0,2.0,3.0,58.5,0.0,0.0,0.0,0.0,0.0,0.0,0.0
2023-11-01,europe_east,933.0,67.0,119.0,1232.8,7.0,5.0,54.0,47.0,14.0,15.5,7.0
2023-11-01,iran,1848.0,373.0,338.0,-813.6,52.0,3.0,104.0,526.0,276.0,-905.1,50.0
2023-11-01,israel,19981.0,3683.0,4628.0,-22190.8,213.0,91.0,862.0,4529.0,2542.0,-13423.3,243.0
2023-11-01,korea,1247.0,86.0,121.0,2780.1,0.0,3.0,81.0,109.0,36.0,125.3,3.0
2023-11-01,libya,116.0,15.0,9.0,124.7,0.0,0.0,2.0,0.0,0.0,0.0,0.0
2023-11-01,scs,3636.0,279.0,268.0,6642.5,1.0,16.0,112.0,185.0,43.0,130.3,6.0
2023-11-01,southasia,8417.0,1282.0,1030.0,4828.6,23.0,17.0,462.0,19.0,9.0,3.9,0.0
2023-11-01,sudan,457.0,58.0,105.0,-337.3,2.0,4.0,13.0,9.0,3.0,-25.7,0.0
2023-11-01,taiwan,446.0,34.0,43.0,626.6,3.0,1.0,13.0,76.0,28.0,-43.8,2.0
2023-11-01,ukraine,3253.0,427.0,681.0,-951.9,15.0,4.0,137.0,974.0,602.0,-3378.2,60.0
2023-11-01,venezuela,310.0,42.0,41.0,272.2,0.0,0.0,23.0,64.0,30.0,-40.3,2.0
2023-11-01,yemen,306.0,36.0,123.0,-817.6,11.0,4.0,16.0,158.0,109.0,-791.3,18.0
2023-11-02,drc,48.0,3.0,6.0,74.1,0.0,0.0,0.0,7.0,5.0,-48.0,0.0
2023-11-02,europe_east,1037.0,109.0,78.0,1976.6,7.0,3.0,26.0,64.0,21.0,81.7,8.0
2023-11-02,iran,1655.0,271.0,363.0,-992.9,38.0,4.0,105.0,502.0,239.0,-695.5,36.0
2023-11-02,israel,19250.0,3164.0,4793.0,-21688.6,181.0,53.0,992.0,4685.0,2600.0,-13863.0,246.0
2023-11-02,korea,1495.0,135.0,153.0,2538.9,2.0,0.0,95.0,170.0,40.0,295.0,3.0
2023-11-02,libya,101.0,15.0,10.0,101.2,1.0,0.0,2.0,0.0,0.0,0.0,0.0
2023-11-02,scs,2709.0,206.0,243.0,4233.5,9.0,12.0,67.0,256.0,140.0,-238.9,9.0
2023-11-02,southasia,8910.0,1301.0,1045.0,6660.0,20.0,14.0,527.0,14.0,8.0,-39.9,3.0
2023-11-02,sudan,457.0,46.0,102.0,-94.4,1.0,0.0,34.0,11.0,4.0,-4.6,1.0
2023-11-02,taiwan,407.0,36.0,36.0,528.2,2.0,3.0,15.0,84.0,30.0,-15.4,6.0
2023-11-02,ukraine,2894.0,321.0,683.0,-1397.9,20.0,11.0,127.0,917.0,589.0,-3812.3,41.0
2023-11-02,venezuela,306.0,48.0,59.0,65.1,0.0,0.0,39.0,97.0,46.0,-75.9,13.0
2023-11-02,yemen,219.0,14.0,93.0,-571.1,5.0,2.0,13.0,99.0,68.0,-471.3,8.0
2023-11-03,drc,26.0,4.0,3.0,30.4,0.0,1.0,1.0,7.0,6.0,-48.4,4.0
2023-11-03,europe_east,885.0,80.0,99.0,1361.8,2.0,5.0,43.0,106.0,37.0,-24.3,7.0
2023-11-03,iran,1602.0,270.0,345.0,-1171.9,25.0,9.0,96.0,514.0,256.0,-1054.6,25.0
2023-11-03,israel,20663.0,3337.0,4703.0,-18126.8,259.0,74.0,882.0,5142.0,2723.0,-13214.7,264.0
2023-11-03,korea,1259.0,117.0,156.0,1640.8,3.0,0.0,90.0,145.0,38.0,28.3,7.0
2023-11-03,libya,42.0,5.0,7.0,16.4,0.0,0.0,4.0,0.0,0.0,0.0,0.0
2023-11-03,scs,3471.0,215.0,257.0,6197.2,3.0,7.0,73.0,227.0,73.0,51.1,5.0
2023-11-03,southasia,8333.0,1205.0,1152.0,4085.8,7.0,18.0,556.0,12.0,6.0,-51.0,0.0
2023-11-03,sudan,294.0,36.0,68.0,-181.7,0.0,0.0,14.0,4.0,2.0,-17.0,0.0
2023-11-03,taiwan,402.0,24.0,41.0,654.8,1.0,1.0,22.0,95.0,13.0,113.6,7.0
2023-11-03,ukraine,2904.0,377.0,615.0,-926.3,34.0,18.0,149.0,896.0,487.0,-2177.7,36.0
2023-11-03,venezuela,285.0,26.0,53.0,255.4,0.0,0.0,38.0,62.0,30.0,-42.0,15.0
2023-11-03,yemen,143.0,28.0,39.0,-238.7,3.0,2.0,1.0,71.0,43.0,-300.0,2.0
2023-11-04,drc,16.0,4.0,4.0,-39.1,0.0,0.0,0.0,2.0,0.0,12.8,0.0
2023-11-04,europe_east,402.0,63.0,33.0,331.7,0.0,3.0,10.0,69.0,31.0,-85.1,13.0
2023-11-04,iran,1158.0,217.0,206.0,-702.8,16.0,5.0,56.0,309.0,135.0,-300.6,15.0
2023-11-04,israel,15265.0,2589.0,3298.0,-11617.9,153.0,39.0,740.0,3598.0,1886.0,-9050.6,206.0
2023-11-04,korea,435.0,53.0,68.0,362.8,3.0,0.0,36.0,42.0,3.0,76.4,2.0
2023-11-04,libya,66.0,6.0,14.0,13.6,0.0,0.0,7.0,2.0,0.0,4.7,0.0
2023-11-04,scs,2312.0,132.0,154.0,4696.0,1.0,11.0,66.0,181.0,74.0,-143.3,9.0
2023-11-04,southasia,6757.0,1111.0,1272.0,-2037.8,28.0,16.0,532.0,13.0,5.0,-20.6,1.0
2023-11-04,sudan,170.0,11.0,47.0,-122.6,2.0,0.0,9.0,11.0,0.0,41.9,0.0
2023-11-04,taiwan,284.0,10.0,20.0,587.3,0.0,7.0,6.0,36.0,16.0,-76.1,5.0
2023-11-04,ukraine,2390.0,287.0,505.0,-823.9,23.0,13.0,65.0,811.0,443.0,-2080.5,28.0
2023-11-04,venezuela,168.0,24.0,13.0,156.8,0.0,0.0,13.0,28.0,8.0,29.2,3.0
2023-11-04,yemen,65.0,7.0,19.0,-63.7,5.0,0.0,1.0,31.0,14.0,-69.5,6.0
2023-11-05,drc,1.0,1.0,0.0,-6.5,0.0,0.0,0.0,1.0,1.0,-10.0,0.0
2023-11-05,europe_east,261.0,30.0,28.0,179.0,2.0,0.0,10.0,23.0,12.0,-30.8,0.0
2023-11-05,iran,1310.0,207.0,219.0,-243.9,13.0,2.0,50.0,380.0,170.0,-538.6,33.0
2023-11-05,israel,16625.0,3176.0,3693.0,-18543.6,110.0,27.0,656.0,4605.0,2479.0,-13029.5,211.0
2023-11-05,korea,471.0,61.0,36.0,693.5,2.0,2.0,17.0,34.0,10.0,34.2,0.0
2023-11-05,libya,50.0,4.0,2.0,95.0,0.0,0.0,0.0,0.0,0.0,0.0,0.0
2023-11-05,scs,3081.0,248.0,305.0,4348.3,3.0,3.0,83.0,175.0,19.0,456.4,2.0
2023-11-05,southasia,5919.0,876.0,893.0,1814.0,15.0,16.0,382.0,6.0,3.0,-18.4,0.0
2023-11-05,sudan,181.0,8.0,56.0,-229.7,1.0,0.0,6.0,2.0,0.0,6.8,0.0
2023-11-05,taiwan,221.0,22.0,24.0,233.6,0.0,0.0,5.0,32.0,5.0,33.4,0.0
2023-11-05,ukraine,1969.0,235.0,483.0,-1740.0,8.0,1.0,54.0,851.0,480.0,-2610.3,10.0
2023-11-05,venezuela,123.0,16.0,12.0,137.9,0.0,1.0,7.0,30.0,16.0,-24.5,5.0
2023-11-05,yemen,71.0,6.0,16.0,42.2,0.0,0.0,1.0,33.0,12.0,-9.5,0.0
2023-11-06,drc,34.0,1.0,8.0,21.4,0.0,1.0,5.0,3.0,1.0,9.8,1.0
2023-11-06,europe_east,950.0,85.0,79.0,1360.7,1.0,2.0,23.0,76.0,21.0,-12.9,7.0
2023-11-06,iran,2287.0,269.0,325.0,968.4,22.0,3.0,112.0,774.0,311.0,-489.5,27.0
2023-11-06,israel,19763.0,3378.0,4448.0,-18293.3,127.0,56.0,1114.0,5133.0,2676.0,-13528.4,289.0
2023-11-06,korea,889.0,62.0,128.0,859.4,12.0,0.0,67.0,82.0,40.0,-88.3,8.0
2023-11-06,libya,63.0,3.0,3.0,159.7,0.0,0.0,1.0,0.0,0.0,0.0,0.0
2023-11-06,scs,3504.0,286.0,394.0,4111.8,6.0,0.0,97.0,125.0,31.0,188.2,2.0
2023-11-06,southasia,7528.0,1150.0,1041.0,3193.9,6.0,21.0,412.0,3.0,1.0,-10.0,0.0
2023-11-06,sudan,657.0,51.0,162.0,-198.6,1.0,1.0,31.0,18.0,14.0,-119.0,3.0
2023-11-06,taiwan,352.0,39.0,35.0,535.2,2.0,4.0,14.0,85.0,17.0,76.7,7.0
2023-11-06,ukraine,2990.0,375.0,647.0,-1400.8,10.0,11.0,101.0,1021.0,591.0,-3218.7,44.0
2023-11-06,venezuela,201.0,38.0,21.0,175.3,0.0,0.0,17.0,51.0,27.0,-40.8,4.0
2023-11-06,yemen,95.0,15.0,16.0,-19.2,0.0,5.0,2.0,35.0,23.0,-145.3,1.0
2023-11-07,drc,95.0,9.0,29.0,-152.1,0.0,2.0,6.0,52.0,31.0,-75.8,6.0
2023-11-07,europe_east,1223.0,118.0,92.0,1978.4,0.0,1.0,40.0,68.0,36.0,-140.0,10.0
2023-11-07,iran,1743.0,282.0,294.0,-319.9,28.0,10.0,83.0,450.0,142.0,11.0,27.0
2023-11-07,israel,18746.0,3300.0,4338.0,-18530.0,149.0,53.0,1010.0,4524.0,2358.0,-11546.2,260.0
2023-11-07,korea,925.0,69.0,100.0,1221.2,4.0,0.0,33.0,69.0,22.0,19.5,3.0
2023-11-07,libya,79.0,4.0,23.0,28.5,0.0,0.0,13.0,0.0,0.0,0.0,0.0
2023-11-07,scs,3451.0,282.0,333.0,5248.8,10.0,4.0,132.0,260.0,55.0,280.6,4.0
2023-11-07,southasia,7773.0,1189.0,1136.0,2227.7,15.0,40.0,452.0,8.0,1.0,-8.0,0.0
2023-11-07,sudan,799.0,74.0,212.0,-515.0,3.0,5.0,33.0,20.0,20.0,-156.5,7.0
2023-11-07,taiwan,319.0,31.0,23.0,612.0,1.0,1.0,5.0,38.0,20.0,-19.3,1.0
2023-11-07,ukraine,3108.0,376.0,625.0,-315.6,16.0,13.0,146.0,769.0,414.0,-2118.3,43.0
2023-11-07,venezuela,386.0,52.0,35.0,466.9,0.0,2.0,22.0,57.0,16.0,48.0,5.0
2023-11-07,yemen,163.0,21.0,51.0,-304.9,2.0,6.0,4.0,63.0,41.0,-238.9,0.0
2023-11-08,drc,50.0,6.0,12.0,-31.0,0.0,0.0,3.0,5.0,2.0,-1.6,1.0
2023-11-08,europe_east,1127.0,123.0,90.0,2088.5,1.0,2.0,36.0,93.0,27.0,-60.7,8.0
2023-11-08,iran,1398.0,191.0,281.0,-472.0,10.0,2.0,68.0,334.0,148.0,-545.5,7.0
2023-11-08,israel,17521.0,3045.0,3992.0,-16065.0,174.0,37.0,885.0,4096.0,2157.0,-10820.5,215.0
2023-11-08,korea,1329.0,137.0,97.0,2261.1,3.0,0.0,51.0,144.0,62.0,4.1,5.0
2023-11-08,libya,82.0,5.0,10.0,56.9,0.0,0.0,3.0,0.0,0.0,0.0,0.0
2023-11-08,scs,3430.0,265.0,259.0,5537.6,11.0,9.0,93.0,185.0,57.0,219.4,11.0
2023-11-08,southasia,8101.0,1228.0,1123.0,3696.5,20.0,24.0,507.0,16.0,4.0,29.6,1.0
2023-11-08,sudan,642.0,47.0,256.0,-1627.9,1.0,0.0,14.0,17.0,12.0,-87.2,0.0
2023-11-08,taiwan,356.0,49.0,30.0,477.7,6.0,0.0,20.0,58.0,13.0,69.9,2.0
2023-11-08,ukraine,3872.0,392.0,772.0,410.9,19.0,12.0,167.0,1008.0,625.0,-3610.8,69.0
2023-11-08,venezuela,239.0,28.0,20.0,382.3,1.0,1.0,9.0,54.0,13.0,76.0,4.0
2023-11-08,yemen,193.0,25.0,50.0,-284.2,0.0,0.0,2.0,89.0,37.0,-184.2,0.0
2023-11-09,drc,31.0,0.0,0.0,98.9,0.0,0.0,0.0,11.0,6.0,-36.0,3.0
2023-11-09,europe_east,1071.0,71.0,110.0,1652.6,0.0,8.0,35.0,43.0,8.0,42.2,1.0
2023-11-09,iran,1965.0,313.0,473.0,-1553.9,21.0,5.0,75.0,574.0,311.0,-1357.5,50.0
2023-11-09,israel,18464.0,3206.0,4402.0,-18937.4,151.0,33.0,996.0,4352.0,2400.0,-12169.4,197.0
2023-11-09,korea,1513.0,167.0,119.0,2405.2,3.0,3.0,35.0,224.0,48.0,243.5,5.0
2023-11-09,libya,59.0,4.0,15.0,-48.6,0.0,0.0,2.0,0.0,0.0,0.0,0.0
2023-11-09,scs,2913.0,183.0,279.0,4475.1,0.0,5.0,68.0,101.0,31.0,63.4,10.0
2023-11-09,southasia,8184.0,1171.0,1047.0,4980.2,17.0,22.0,439.0,31.0,14.0,-62.3,0.0
2023-11-09,sudan,505.0,50.0,119.0,-190.4,3.0,0.0,25.0,21.0,13.0,-87.4,2.0
2023-11-09,taiwan,526.0,53.0,36.0,785.8,0.0,6.0,6.0,137.0,46.0,-139.7,15.0
2023-11-09,ukraine,3848.0,466.0,779.0,-295.4,20.0,7.0,173.0,1167.0,640.0,-2959.7,47.0
2023-11-09,venezuela,208.0,33.0,34.0,97.3,0.0,1.0,17.0,56.0,23.0,52.5,7.0
2023-11-09,yemen,372.0,36.0,174.0,-1387.0,2.0,0.0,4.0,205.0,129.0,-1027.4,2.0
2023-11-10,drc,43.0,3.0,6.0,9.7,0.0,0.0,0.0,2.0,0.0,4.7,0.0
2023-11-10,europe_east,1053.0,76.0,154.0,1389.3,1.0,9.0,61.0,34.0,16.0,-44.6,7.0
2023-11-10,iran,1505.0,268.0,390.0,-1739.9,17.0,3.0,121.0,340.0,188.0,-764.7,27.0
2023-11-10,israel,16885.0,3065.0,3944.0,-18197.9,153.0,41.0,938.0,3885.0,2227.0,-11625.6,242.0
2023-11-10,korea,1028.0,128.0,95.0,1135.8,8.0,2.0,28.0,165.0,51.0,98.8,9.0
2023-11-10,libya,53.0,7.0,13.0,-62.3,0.0,0.0,1.0,0.0,0.0,0.0,0.0
2023-11-10,scs,2934.0,221.0,244.0,4829.7,3.0,5.0,67.0,296.0,170.0,-373.8,10.0
2023-11-10,southasia,8005.0,1065.0,998.0,5121.7,10.0,10.0,445.0,14.0,7.0,-41.9,0.0
2023-11-10,sudan,524.0,64.0,122.0,-382.5,1.0,1.0,14.0,9.0,8.0,-79.0,0.0
2023-11-10,taiwan,577.0,47.0,37.0,1043.5,2.0,0.0,12.0,157.0,42.0,118.4,11.0
2023-11-10,ukraine,3209.0,332.0,588.0,1094.2,19.0,10.0,143.0,890.0,500.0,-2643.5,67.0
2023-11-10,venezuela,250.0,36.0,14.0,524.7,0.0,0.0,12.0,105.0,34.0,105.2,2.0
2023-11-10,yemen,196.0,24.0,85.0,-737.6,4.0,3.0,2.0,144.0,80.0,-689.5,4.0
2023-11-11,drc,8.0,0.0,2.0,1.3,0.0,1.0,0.0,7.0,5.0,-32.0,0.0
2023-11-11,europe_east,573.0,29.0,52.0,1249.6,1.0,4.0,18.0,22.0,9.0,19.4,3.0
2023-11-11,iran,1424.0,166.0,208.0,713.2,12.0,1.0,54.0,366.0,164.0,-452.7,17.0
2023-11-11,israel,13219.0,2730.0,2877.0,-16003.0,119.0,33.0,635.0,3021.0,1632.0,-8204.0,132.0
2023-11-11,korea,389.0,69.0,35.0,225.9,5.0,0.0,13.0,55.0,25.0,-47.3,1.0
2023-11-11,libya,40.0,3.0,4.0,61.5,0.0,0.0,0.0,0.0,0.0,0.0,0.0
2023-11-11,scs,2361.0,207.0,208.0,3342.3,4.0,7.0,64.0,274.0,171.0,-343.2,14.0
2023-11-11,southasia,6090.0,926.0,779.0,2886.2,15.0,6.0,405.0,13.0,8.0,-16.2,0.0
2023-11-11,sudan,368.0,59.0,87.0,-362.4,2.0,1.0,14.0,8.0,5.0,-31.8,0.0
2023-11-11,taiwan,245.0,43.0,22.0,325.7,3.0,0.0,15.0,49.0,13.0,57.5,3.0
2023-11-11,ukraine,2332.0,247.0,534.0,-915.8,23.0,9.0,82.0,923.0,512.0,-2585.0,54.0
2023-11-11,venezuela,130.0,17.0,17.0,175.0,0.0,1.0,8.0,32.0,1.0,107.6,1.0
2023-11-11,yemen,83.0,9.0,35.0,-284.9,1.0,0.0,3.0,23.0,17.0,-137.1,3.0
2023-11-12,drc,13.0,6.0,0.0,-4.6,0.0,0.0,0.0,7.0,7.0,-20.0,0.0
2023-11-12,europe_east,378.0,42.0,56.0,424.4,2.0,0.0,34.0,25.0,5.0,78.3,3.0
2023-11-12,iran,1048.0,158.0,143.0,447.5,11.0,3.0,33.0,276.0,120.0,-341.4,14.0
2023-11-12,israel,13714.0,2632.0,3300.0,-18488.6,132.0,36.0,694.0,3234.0,1792.0,-9414.5,182.0
2023-11-12,korea,585.0,80.0,64.0,663.7,15.0,0.0,35.0,89.0,41.0,-32.0,8.0
2023-11-12,libya,79.0,11.0,8.0,34.1,0.0,0.0,7.0,0.0,0.0,0.0,0.0
2023-11-12,scs,2383.0,198.0,288.0,2434.9,5.0,3.0,133.0,248.0,153.0,-488.1,22.0
2023-11-12,southasia,4691.0,623.0,588.0,3074.4,12.0,22.0,277.0,11.0,0.0,37.7,0.0
2023-11-12,sudan,341.0,34.0,122.0,-771.4,3.0,5.0,22.0,7.0,7.0,-70.0,0.0
2023-11-12,taiwan,274.0,37.0,25.0,294.1,2.0,0.0,5.0,74.0,20.0,41.4,0.0
2023-11-12,ukraine,2161.0,300.0,530.0,-1754.9,34.0,14.0,82.0,860.0,516.0,-2854.6,53.0
2023-11-12,venezuela,111.0,12.0,12.0,90.3,0.0,0.0,7.0,33.0,4.0,80.2,2.0
2023-11-12,yemen,118.0,8.0,29.0,-117.0,2.0,0.0,0.0,35.0,19.0,-102.6,6.0
2023-11-13,drc,8.0,2.0,0.0,9.5,0.0,0.0,0.0,13.0,6.0,1.0,0.0
2023-11-13,europe_east,1155.0,94.0,142.0,1805.6,1.0,6.0,79.0,154.0,31.0,255.8,16.0
2023-11-13,iran,1274.0,167.0,354.0,-1798.2,5.0,5.0,70.0,313.0,151.0,-618.3,10.0
2023-11-13,israel,15539.0,2891.0,3681.0,-18621.3,118.0,43.0,845.0,3337.0,1805.0,-9370.8,180.0
2023-11-13,korea,1275.0,149.0,112.0,1760.3,12.0,8.0,38.0,128.0,44.0,19.7,5.0
2023-11-13,libya,74.0,7.0,6.0,128.7,0.0,0.0,0.0,0.0,0.0,0.0,0.0
2023-11-13,scs,2876.0,281.0,248.0,4592.4,2.0,1.0,108.0,310.0,74.0,450.5,9.0
2023-11-13,southasia,6464.0,859.0,1021.0,3048.9,12.0,17.0,455.0,21.0,4.0,12.5,0.0
2023-11-13,sudan,384.0,55.0,83.0,-161.2,2.0,4.0,15.0,8.0,6.0,-55.3,0.0
2023-11-13,taiwan,418.0,31.0,32.0,748.1,0.0,1.0,17.0,133.0,40.0,90.3,8.0
2023-11-13,ukraine,3154.0,345.0,608.0,-103.5,23.0,21.0,107.0,1032.0,602.0,-3368.8,63.0
2023-11-13,venezuela,154.0,22.0,12.0,150.3,0.0,1.0,5.0,29.0,0.0,80.5,0.0
2023-11-13,yemen,77.0,9.0,15.0,-50.1,1.0,1.0,0.0,26.0,15.0,-60.2,0.0
2023-11-14,drc,84.0,14.0,28.0,-163.1,0.0,0.0,9.0,7.0,3.0,4.5,0.0
2023-11-14,europe_east,1108.0,106.0,94.0,1607.5,2.0,2.0,57.0,102.0,36.0,-53.4,10.0
2023-11-14,iran,1319.0,214.0,268.0,-359.0,7.0,5.0,92.0,306.0,138.0,-364.3,16.0
2023-11-14,israel,16311.0,2861.0,3663.0,-16140.7,128.0,59.0,800.0,3602.0,1869.0,-9004.2,203.0
2023-11-14,korea,1372.0,179.0,131.0,1936.2,16.0,10.0,44.0,117.0,58.0,-128.1,10.0
2023-11-14,libya,89.0,3.0,15.0,35.3,0.0,0.0,1.0,0.0,0.0,0.0,0.0
2023-11-14,scs,3340.0,252.0,258.0,5843.3,2.0,1.0,113.0,170.0,44.0,97.9,20.0
2023-11-14,southasia,8290.0,1042.0,1228.0,4469.9,21.0,15.0,525.0,27.0,3.0,86.7,0.0
2023-11-14,sudan,491.0,72.0,102.0,-58.2,3.0,0.0,19.0,8.0,5.0,-33.5,0.0
2023-11-14,taiwan,614.0,48.0,37.0,1085.0,0.0,4.0,15.0,194.0,38.0,196.0,12.0
2023-11-14,ukraine,3533.0,466.0,630.0,563.0,36.0,12.0,126.0,1025.0,559.0,-2577.3,60.0
2023-11-14,venezuela,217.0,30.0,24.0,133.9,0.0,0.0,17.0,44.0,16.0,-47.8,6.0
2023-11-14,yemen,113.0,22.0,35.0,-274.1,11.0,0.0,7.0,40.0,22.0,-134.1,7.0
2023-11-15,drc,49.0,4.0,8.0,36.3,0.0,0.0,2.0,14.0,3.0,65.0,0.0
2023-11-15,europe_east,906.0,94.0,81.0,1314.4,5.0,5.0,37.0,77.0,24.0,39.1,4.0
2023-11-15,iran,1281.0,176.0,262.0,-303.0,7.0,11.0,70.0,401.0,175.0,-537.5,18.0
2023-11-15,israel,17454.0,3413.0,3669.0,-16415.8,127.0,47.0,739.0,3790.0,2033.0,-10077.7,207.0
2023-11-15,korea,1246.0,164.0,94.0,2199.0,7.0,5.0,42.0,156.0,63.0,-47.5,10.0
2023-11-15,libya,52.0,0.0,8.0,89.0,0.0,0.0,1.0,0.0,0.0,0.0,0.0
2023-11-15,scs,2908.0,217.0,252.0,4970.3,11.0,6.0,114.0,88.0,32.0,-78.8,0.0
2023-11-15,southasia,7075.0,912.0,783.0,6219.5,17.0,15.0,365.0,15.0,10.0,-30.8,4.0
2023-11-15,sudan,457.0,42.0,97.0,-59.6,0.0,6.0,27.0,3.0,1.0,-11.9,0.0
2023-11-15,taiwan,598.0,73.0,24.0,1200.3,2.0,1.0,10.0,176.0,31.0,285.0,1.0
2023-11-15,ukraine,3818.0,411.0,631.0,1474.0,30.0,11.0,148.0,1047.0,542.0,-2188.5,74.0
2023-11-15,venezuela,237.0,29.0,52.0,37.7,0.0,2.0,33.0,53.0,17.0,-46.4,4.0
2023-11-15,yemen,249.0,50.0,85.0,-715.3,12.0,0.0,4.0,134.0,69.0,-462.2,9.0
2023-11-16,drc,40.0,4.0,4.0,45.5,1.0,0.0,2.0,14.0,6.0,1.0,0.0
2023-11-16,europe_east,1124.0,138.0,134.0,1024.7,5.0,1.0,88.0,174.0,104.0,-364.6,30.0
2023-11-16,iran,1113.0,159.0,255.0,-809.8,19.0,10.0,76.0,346.0,172.0,-805.7,15.0
2023-11-16,israel,18042.0,3445.0,3977.0,-18823.2,130.0,64.0,984.0,3553.0,1798.0,-8673.4,199.0
2023-11-16,korea,828.0,176.0,66.0,1082.5,1.0,5.0,33.0,69.0,27.0,-18.1,3.0
2023-11-16,libya,60.0,20.0,4.0,54.6,0.0,0.0,3.0,0.0,0.0,0.0,0.0
2023-11-16,scs,3327.0,237.0,215.0,6171.1,5.0,5.0,76.0,201.0,66.0,181.0,0.0
2023-11-16,southasia,7434.0,1096.0,1016.0,3188.7,22.0,19.0,403.0,12.0,5.0,-12.0,5.0
2023-11-16,sudan,411.0,50.0,89.0,74.5,1.0,8.0,25.0,2.0,2.0,-15.0,1.0
2023-11-16,taiwan,617.0,76.0,53.0,664.4,1.0,0.0,37.0,188.0,59.0,32.5,4.0
2023-11-16,ukraine,3842.0,363.0,612.0,3057.8,11.0,10.0,188.0,955.0,519.0,-2239.0,66.0
2023-11-16,venezuela,304.0,47.0,38.0,238.7,1.0,0.0,24.0,86.0,29.0,24.5,4.0
2023-11-16,yemen,288.0,44.0,94.0,-609.3,6.0,0.0,15.0,93.0,42.0,-176.8,4.0
2023-11-17,drc,37.0,8.0,6.0,-9.7,0.0,0.0,1.0,9.0,7.0,-14.6,0.0
2023-11-17,europe_east,1284.0,162.0,178.0,1337.8,5.0,0.0,111.0,172.0,113.0,-281.8,23.0
2023-11-17,iran,1090.0,182.0,201.0,-276.1,18.0,3.0,56.0,265.0,118.0,-518.5,18.0
2023-11-17,israel,16184.0,2818.0,3913.0,-18612.0,110.0,70.0,923.0,3630.0,1957.0,-10787.7,212.0
2023-11-17,korea,932.0,106.0,89.0,1390.0,1.0,1.0,64.0,52.0,20.0,0.6,5.0
2023-11-17,libya,64.0,6.0,9.0,36.3,0.0,1.0,1.0,3.0,3.0,-30.0,0.0
2023-11-17,scs,3578.0,182.0,258.0,7078.6,1.0,6.0,130.0,247.0,63.0,301.3,13.0
2023-11-17,southasia,7628.0,1077.0,1127.0,2887.6,18.0,23.0,459.0,18.0,10.0,-45.8,3.0
2023-11-17,sudan,595.0,69.0,81.0,436.9,3.0,1.0,19.0,16.0,2.0,33.0,0.0
2023-11-17,taiwan,557.0,59.0,41.0,796.3,1.0,3.0,24.0,164.0,43.0,156.0,11.0
2023-11-17,ukraine,3573.0,408.0,602.0,1480.6,15.0,14.0,142.0,1021.0,541.0,-2285.3,81.0
2023-11-17,venezuela,260.0,32.0,36.0,219.3,0.0,1.0,23.0,47.0,9.0,50.9,4.0
2023-11-17,yemen,207.0,38.0,51.0,-259.9,0.0,1.0,17.0,30.0,9.0,3.8,0.0
2023-11-18,drc,27.0,2.0,8.0,-49.1,0.0,2.0,0.0,10.0,5.0,-40.0,1.0
2023-11-18,europe_east,774.0,65.0,127.0,406.1,0.0,0.0,87.0,149.0,84.0,-147.5,22.0
2023-11-18,iran,656.0,93.0,136.0,-339.3,9.0,1.0,29.0,192.0,98.0,-475.5,13.0
2023-11-18,israel,10839.0,1850.0,2574.0,-12439.0,72.0,25.0,579.0,2660.0,1428.0,-7177.1,127.0
2023-11-18,korea,372.0,74.0,38.0,470.7,0.0,1.0,22.0,17.0,12.0,-22.4,0.0
2023-11-18,libya,43.0,8.0,7.0,-32.1,1.0,0.0,2.0,0.0,0.0,0.0,0.0
2023-11-18,scs,2395.0,117.0,163.0,4318.0,0.0,10.0,56.0,174.0,51.0,161.8,3.0
2023-11-18,southasia,6091.0,962.0,817.0,1860.5,17.0,12.0,324.0,7.0,4.0,-34.3,0.0
2023-11-18,sudan,200.0,34.0,36.0,-93.4,1.0,2.0,6.0,0.0,0.0,0.0,0.0
2023-11-18,taiwan,433.0,54.0,21.0,784.5,3.0,2.0,5.0,104.0,25.0,150.7,9.0
2023-11-18,ukraine,2199.0,330.0,434.0,-355.4,18.0,18.0,93.0,587.0,321.0,-1683.5,61.0
2023-11-18,venezuela,112.0,22.0,13.0,36.6,0.0,0.0,10.0,26.0,3.0,63.9,1.0
2023-11-18,yemen,44.0,13.0,11.0,-89.9,0.0,0.0,3.0,21.0,11.0,-75.4,0.0
2023-11-19,drc,58.0,7.0,1.0,59.0,0.0,0.0,0.0,6.0,5.0,-15.0,0.0
2023-11-19,europe_east,514.0,58.0,86.0,353.8,1.0,2.0,59.0,83.0,54.0,-136.2,10.0
2023-11-19,iran,931.0,171.0,189.0,-415.6,6.0,0.0,75.0,347.0,195.0,-515.0,15.0
2023-11-19,israel,10786.0,1708.0,2727.0,-12989.8,79.0,39.0,641.0,2648.0,1417.0,-6990.5,125.0
2023-11-19,korea,613.0,91.0,55.0,614.2,11.0,0.0,16.0,49.0,14.0,33.5,3.0
2023-11-19,libya,34.0,6.0,6.0,6.8,0.0,5.0,0.0,0.0,0.0,0.0,0.0
2023-11-19,scs,2047.0,154.0,118.0,3742.1,6.0,4.0,60.0,99.0,45.0,-19.7,2.0
2023-11-19,southasia,4949.0,702.0,753.0,1820.8,10.0,16.0,348.0,7.0,0.0,10.5,0.0
2023-11-19,sudan,202.0,29.0,58.0,-315.8,0.0,4.0,2.0,12.0,3.0,28.2,0.0
2023-11-19,taiwan,299.0,41.0,39.0,102.6,6.0,4.0,11.0,55.0,25.0,-43.3,7.0
2023-11-19,ukraine,1881.0,237.0,432.0,-1212.9,15.0,5.0,90.0,748.0,461.0,-2690.7,54.0
2023-11-19,venezuela,133.0,14.0,16.0,152.1,0.0,0.0,7.0,31.0,4.0,46.8,0.0
2023-11-19,yemen,120.0,25.0,27.0,-134.5,2.0,0.0,7.0,82.0,35.0,-90.0,5.0
2023-11-20,drc,157.0,15.0,8.0,290.6,0.0,0.0,3.0,10.0,8.0,-9.2,0.0
2023-11-20,europe_east,1290.0,137.0,183.0,1145.5,3.0,12.0,98.0,213.0,123.0,-355.6,23.0
2023-11-20,iran,1379.0,291.0,256.0,-1051.5,11.0,6.0,90.0,539.0,284.0,-900.5,29.0
2023-11-20,israel,13810.0,2176.0,3285.0,-12265.8,117.0,43.0,921.0,3172.0,1691.0,-8183.5,173.0
2023-11-20,korea,855.0,131.0,51.0,1448.2,2.0,0.0,36.0,97.0,18.0,178.9,0.0
2023-11-20,libya,52.0,2.0,10.0,54.5,0.0,0.0,3.0,1.0,1.0,-5.0,1.0
2023-11-20,scs,2516.0,213.0,146.0,5147.3,0.0,3.0,74.0,165.0,64.0,-33.6,0.0
2023-11-20,southasia,6971.0,1031.0,844.0,5302.1,9.0,13.0,449.0,20.0,9.0,-21.0,4.0
2023-11-20,sudan,343.0,43.0,129.0,-802.3,1.0,7.0,20.0,8.0,8.0,-56.6,0.0
2023-11-20,taiwan,382.0,52.0,32.0,321.3,3.0,4.0,12.0,121.0,30.0,54.1,4.0
2023-11-20,ukraine,3383.0,339.0,466.0,2483.5,13.0,6.0,123.0,775.0,372.0,-1567.5,39.0
2023-11-20,venezuela,170.0,26.0,19.0,186.3,1.0,0.0,10.0,51.0,4.0,167.0,0.0
2023-11-20,yemen,349.0,60.0,123.0,-904.2,7.0,2.0,7.0,203.0,134.0,-971.8,7.0
2023-11-21,drc,55.0,10.0,3.0,72.8,0.0,0.0,0.0,10.0,1.0,29.0,0.0
2023-11-21,europe_east,1242.0,148.0,121.0,1705.9,1.0,13.0,75.0,139.0,80.0,-168.6,15.0
2023-11-21,iran,1200.0,201.0,260.0,-689.9,10.0,3.0,71.0,349.0,158.0,-412.1,6.0
2023-11-21,israel,16111.0,2609.0,3857.0,-15484.5,107.0,50.0,932.0,3729.0,1878.0,-7791.0,188.0
2023-11-21,korea,1990.0,260.0,184.0,2160.4,5.0,2.0,90.0,333.0,123.0,-290.6,5.0
2023-11-21,libya,135.0,5.0,12.0,281.8,0.0,0.0,3.0,3.0,0.0,7.5,0.0
2023-11-21,scs,3046.0,243.0,230.0,5245.4,1.0,5.0,91.0,258.0,70.0,305.1,9.0
2023-11-21,southasia,7926.0,1067.0,1109.0,4722.7,17.0,22.0,489.0,9.0,7.0,-40.5,0.0
2023-11-21,sudan,578.0,56.0,111.0,54.1,3.0,8.0,15.0,20.0,6.0,18.5,0.0
2023-11-21,taiwan,349.0,48.0,23.0,449.9,4.0,0.0,10.0,112.0,43.0,-60.1,5.0
2023-11-21,ukraine,4116.0,458.0,578.0,2513.6,17.0,6.0,116.0,817.0,425.0,-2004.2,35.0
2023-11-21,venezuela,209.0,13.0,37.0,166.1,0.0,2.0,17.0,55.0,7.0,111.4,2.0
2023-11-21,yemen,201.0,19.0,75.0,-475.8,5.0,0.0,12.0,96.0,64.0,-346.1,5.0
2023-11-22,drc,42.0,7.0,5.0,68.2,0.0,0.0,1.0,33.0,12.0,62.8,1.0
2023-11-22,europe_east,1340.0,187.0,187.0,1014.9,2.0,3.0,104.0,240.0,136.0,-342.3,24.0
2023-11-22,iran,1260.0,155.0,295.0,-728.2,8.0,3.0,77.0,320.0,139.0,-481.8,16.0
2023-11-22,israel,16620.0,2349.0,3351.0,-2596.8,128.0,35.0,873.0,4286.0,1740.0,-3318.5,232.0
2023-11-22,korea,2173.0,251.0,203.0,2509.4,1.0,6.0,86.0,352.0,169.0,-576.7,26.0
2023-11-22,libya,74.0,4.0,6.0,132.4,0.0,0.0,2.0,0.0,0.0,0.0,0.0
2023-11-22,scs,3275.0,212.0,288.0,5628.9,2.0,6.0,115.0,164.0,27.0,520.1,3.0
2023-11-22,southasia,8329.0,1170.0,1016.0,6500.1,12.0,16.0,469.0,12.0,8.0,-46.0,6.0
2023-11-22,sudan,484.0,59.0,90.0,-127.8,5.0,6.0,5.0,5.0,3.0,-25.3,0.0
2023-11-22,taiwan,449.0,39.0,58.0,503.2,1.0,0.0,38.0,111.0,40.0,-55.3,2.0
2023-11-22,ukraine,3539.0,351.0,556.0,2335.4,21.0,4.0,102.0,849.0,450.0,-2106.1,33.0
2023-11-22,venezuela,259.0,25.0,30.0,406.3,0.0,3.0,19.0,75.0,8.0,148.4,1.0
2023-11-22,yemen,204.0,26.0,52.0,-136.2,1.0,1.0,14.0,61.0,23.0,2.4,1.0
2023-11-23,drc,36.0,4.0,6.0,-7.3,0.0,1.0,1.0,41.0,17.0,-15.8,0.0
2023-11-23,europe_east,1535.0,195.0,207.0,1712.1,1.0,3.0,147.0,307.0,166.0,-372.1,26.0
2023-11-23,iran,1013.0,117.0,217.0,-414.2,8.0,2.0,64.0,214.0,84.0,-269.2,18.0
2023-11-23,israel,13760.0,1808.0,3143.0,-5983.8,109.0,32.0,819.0,3544.0,1556.0,-4729.5,224.0
2023-11-23,korea,1590.0,224.0,175.0,1445.7,11.0,20.0,66.0,254.0,124.0,-240.7,20.0
2023-11-23,libya,67.0,5.0,10.0,151.1,0.0,0.0,3.0,0.0,0.0,0.0,0.0
2023-11-23,scs,3204.0,231.0,236.0,6013.5,6.0,3.0,111.0,156.0,51.0,156.8,11.0
2023-11-23,southasia,7484.0,974.0,1136.0,2799.9,12.0,20.0,409.0,23.0,5.0,20.2,2.0
2023-11-23,sudan,388.0,61.0,61.0,24.6,6.0,1.0,6.0,11.0,6.0,-43.6,0.0
2023-11-23,taiwan,370.0,30.0,36.0,477.0,0.0,0.0,15.0,126.0,25.0,187.5,8.0
2023-11-23,ukraine,2953.0,342.0,589.0,100.7,21.0,7.0,113.0,982.0,587.0,-3110.7,49.0
2023-11-23,venezuela,227.0,32.0,15.0,400.2,0.0,0.0,13.0,36.0,11.0,-4.6,0.0
2023-11-23,yemen,166.0,9.0,71.0,-430.1,0.0,0.0,9.0,75.0,50.0,-379.4,0.0
2023-11-24,drc,36.0,3.0,5.0,-25.6,0.0,0.0,1.0,11.0,1.0,24.0,0.0
2023-11-24,europe_east,1322.0,165.0,157.0,1594.0,5.0,3.0,84.0,196.0,124.0,-353.5,35.0
2023-11-24,iran,813.0,131.0,153.0,-11.4,5.0,4.0,54.0,163.0,56.0,3.2,9.0
2023-11-24,israel,13631.0,1595.0,2901.0,-328.9,129.0,26.0,803.0,3644.0,1460.0,-3417.8,231.0
2023-11-24,korea,1172.0,175.0,106.0,1602.0,5.0,7.0,60.0,108.0,51.0,-41.9,7.0
2023-11-24,libya,97.0,7.0,2.0,304.3,0.0,0.0,0.0,0.0,0.0,0.0,0.0
2023-11-24,scs,3065.0,195.0,200.0,6466.4,2.0,4.0,91.0,181.0,70.0,-27.5,20.0
2023-11-24,southasia,8080.0,1144.0,1153.0,4144.5,32.0,20.0,455.0,26.0,10.0,-48.1,0.0
2023-11-24,sudan,316.0,37.0,59.0,34.2,2.0,3.0,10.0,8.0,5.0,-16.7,0.0
2023-11-24,taiwan,449.0,84.0,28.0,364.7,1.0,2.0,19.0,146.0,35.0,122.7,2.0
2023-11-24,ukraine,2788.0,333.0,517.0,911.5,11.0,18.0,136.0,786.0,411.0,-1847.1,49.0
2023-11-24,venezuela,218.0,29.0,31.0,191.8,0.0,0.0,25.0,51.0,12.0,48.3,3.0
2023-11-24,yemen,147.0,12.0,35.0,-70.6,1.0,0.0,9.0,48.0,26.0,-149.2,2.0
2023-11-25,drc,57.0,3.0,13.0,-34.6,0.0,0.0,3.0,23.0,7.0,25.0,2.0
2023-11-25,europe_east,845.0,88.0,76.0,1255.5,0.0,3.0,46.0,111.0,59.0,-76.5,12.0
2023-11-25,iran,715.0,93.0,190.0,-758.8,8.0,5.0,48.0,162.0,101.0,-607.9,14.0
2023-11-25,israel,11527.0,1289.0,2347.0,2046.9,91.0,28.0,695.0,3181.0,1109.0,-405.5,202.0
2023-11-25,korea,654.0,88.0,47.0,938.4,4.0,0.0,17.0,58.0,33.0,-18.8,0.0
2023-11-25,libya,85.0,11.0,3.0,149.4,0.0,0.0,0.0,4.0,2.0,-8.0,0.0
2023-11-25,scs,2163.0,99.0,203.0,4495.2,0.0,4.0,86.0,97.0,63.0,-171.5,7.0
2023-11-25,southasia,6665.0,942.0,841.0,3791.1,13.0,16.0,361.0,18.0,11.0,-58.0,1.0
2023-11-25,sudan,135.0,11.0,13.0,220.7,0.0,0.0,4.0,2.0,1.0,1.2,0.0
2023-11-25,taiwan,276.0,17.0,9.0,669.7,0.0,0.0,8.0,58.0,6.0,90.6,1.0
2023-11-25,ukraine,2261.0,246.0,473.0,-247.4,5.0,11.0,66.0,793.0,429.0,-2197.3,33.0
2023-11-25,venezuela,110.0,19.0,15.0,49.6,1.0,0.0,9.0,26.0,7.0,15.5,3.0
2023-11-25,yemen,100.0,12.0,24.0,-28.8,0.0,0.0,7.0,43.0,23.0,-109.2,0.0
2023-11-26,drc,22.0,1.0,4.0,-2.6,0.0,0.0,0.0,6.0,6.0,-19.0,1.0
2023-11-26,europe_east,614.0,66.0,55.0,942.2,0.0,0.0,29.0,111.0,45.0,-54.6,15.0
2023-11-26,iran,770.0,85.0,102.0,521.5,6.0,1.0,23.0,144.0,72.0,-291.7,2.0
2023-11-26,israel,13255.0,1433.0,2611.0,3520.4,81.0,16.0,608.0,4075.0,1350.0,499.3,200.0
2023-11-26,korea,860.0,73.0,48.0,1630.3,2.0,1.0,27.0,88.0,31.0,-9.0,3.0
2023-11-26,libya,52.0,6.0,2.0,53.1,0.0,0.0,1.0,0.0,0.0,0.0,0.0
2023-11-26,scs,1945.0,84.0,152.0,4045.5,0.0,4.0,39.0,198.0,28.0,309.2,0.0
2023-11-26,southasia,5761.0,706.0,823.0,2804.6,12.0,5.0,389.0,53.0,27.0,-141.7,10.0
2023-11-26,sudan,251.0,31.0,30.0,252.3,0.0,3.0,6.0,7.0,4.0,-36.6,0.0
2023-11-26,taiwan,219.0,28.0,18.0,213.4,0.0,0.0,3.0,51.0,6.0,52.6,0.0
2023-11-26,ukraine,2069.0,230.0,449.0,-687.5,4.0,12.0,44.0,788.0,476.0,-2865.1,27.0
2023-11-26,venezuela,107.0,11.0,13.0,114.4,0.0,0.0,10.0,34.0,10.0,21.0,1.0
2023-11-26,yemen,96.0,22.0,22.0,-112.6,4.0,0.0,7.0,24.0,16.0,-95.7,3.0
2023-11-27,drc,49.0,10.0,5.0,-16.9,0.0,0.0,3.0,11.0,6.0,-5.3,0.0
2023-11-27,europe_east,1164.0,127.0,100.0,1893.7,5.0,3.0,51.0,160.0,51.0,157.9,14.0
2023-11-27,iran,1200.0,154.0,219.0,165.6,13.0,5.0,64.0,266.0,136.0,-542.0,22.0
2023-11-27,israel,16483.0,2032.0,3145.0,2915.8,99.0,24.0,772.0,4010.0,1347.0,-184.1,218.0
2023-11-27,korea,1406.0,142.0,249.0,1069.1,1.0,20.0,190.0,183.0,85.0,-179.0,20.0
2023-11-27,libya,111.0,4.0,2.0,368.8,1.0,0.0,0.0,0.0,0.0,0.0,0.0
2023-11-27,scs,1957.0,126.0,188.0,2856.9,2.0,1.0,59.0,137.0,29.0,138.5,9.0
2023-11-27,southasia,7495.0,1010.0,1054.0,4395.2,14.0,11.0,419.0,31.0,12.0,-6.2,5.0
2023-11-27,sudan,447.0,46.0,84.0,-28.2,0.0,0.0,8.0,8.0,8.0,-56.0,0.0
2023-11-27,taiwan,312.0,37.0,29.0,413.4,1.0,2.0,12.0,86.0,35.0,-149.2,10.0
2023-11-27,ukraine,2876.0,309.0,426.0,2009.5,12.0,10.0,87.0,774.0,434.0,-2335.4,32.0
2023-11-27,venezuela,221.0,26.0,28.0,223.8,0.0,0.0,24.0,75.0,17.0,57.5,10.0
2023-11-27,yemen,372.0,64.0,139.0,-938.7,8.0,2.0,21.0,96.0,55.0,-314.2,3.0
2023-11-28,drc,36.0,1.0,11.0,-35.4,0.0,0.0,3.0,10.0,1.0,29.0,0.0
2023-11-28,europe_east,1737.0,185.0,172.0,2321.7,2.0,4.0,131.0,326.0,182.0,-451.3,55.0
2023-11-28,iran,937.0,110.0,167.0,164.6,5.0,0.0,53.0,192.0,105.0,-635.7,19.0
2023-11-28,israel,14188.0,1794.0,2589.0,3649.0,94.0,27.0,660.0,3510.0,1237.0,-406.6,215.0
2023-11-28,korea,1513.0,242.0,279.0,110.0,4.0,7.0,195.0,304.0,117.0,-150.2,6.0
2023-11-28,libya,168.0,12.0,20.0,269.7,0.0,0.0,5.0,0.0,0.0,0.0,0.0
2023-11-28,scs,2331.0,201.0,238.0,3208.6,1.0,4.0,94.0,148.0,54.0,-57.9,3.0
2023-11-28,southasia,7721.0,1032.0,878.0,6952.9,13.0,15.0,415.0,5.0,2.0,-1.0,0.0
2023-11-28,sudan,344.0,37.0,53.0,248.4,1.0,0.0,4.0,7.0,2.0,1.0,0.0
2023-11-28,taiwan,363.0,42.0,25.0,585.1,3.0,0.0,14.0,71.0,22.0,-10.8,5.0
2023-11-28,ukraine,3360.0,384.0,489.0,1848.9,6.0,24.0,128.0,778.0,396.0,-1680.8,39.0
2023-11-28,venezuela,327.0,36.0,59.0,211.4,0.0,0.0,47.0,60.0,28.0,-30.1,19.0
2023-11-28,yemen,431.0,34.0,70.0,209.9,2.0,1.0,13.0,48.0,29.0,-183.5,4.0
2023-11-29,drc,53.0,9.0,18.0,-101.5,0.0,0.0,7.0,0.0,0.0,0.0,0.0
2023-11-29,europe_east,1937.0,285.0,247.0,1663.0,6.0,18.0,163.0,301.0,184.0,-413.3,52.0
2023-11-29,iran,863.0,118.0,186.0,-248.5,10.0,3.0,66.0,248.0,114.0,-357.5,21.0
2023-11-29,israel,15041.0,1884.0,2782.0,1827.6,96.0,35.0,650.0,3750.0,1473.0,-2470.7,188.0
2023-11-29,korea,819.0,86.0,82.0,953.9,2.0,2.0,48.0,99.0,26.0,-17.9,2.0
2023-11-29,libya,89.0,3.0,9.0,200.1,0.0,0.0,1.0,0.0,0.0,0.0,0.0
2023-11-29,scs,2696.0,201.0,281.0,4322.2,3.0,5.0,125.0,84.0,21.0,37.3,1.0
2023-11-29,southasia,8674.0,1247.0,1161.0,6002.4,8.0,18.0,548.0,32.0,0.0,70.3,0.0
2023-11-29,sudan,229.0,30.0,42.0,-47.8,0.0,1.0,7.0,4.0,1.0,-9.6,0.0
2023-11-29,taiwan,343.0,54.0,26.0,422.9,5.0,1.0,20.0,61.0,16.0,52.0,1.0
2023-11-29,ukraine,3655.0,606.0,519.0,1080.1,14.0,9.0,133.0,969.0,496.0,-1849.5,40.0
2023-11-29,venezuela,225.0,23.0,44.0,153.7,0.0,2.0,23.0,61.0,29.0,-38.7,8.0
2023-11-29,yemen,116.0,14.0,44.0,-330.7,5.0,0.0,1.0,39.0,22.0,-107.7,0.0
2023-11-30,drc,21.0,2.0,5.0,11.9,0.0,0.0,3.0,0.0,0.0,0.0,0.0
2023-11-30,europe_east,1496.0,292.0,179.0,778.8,2.0,7.0,107.0,232.0,109.0,-220.4,22.0
2023-11-30,iran,1000.0,142.0,188.0,-82.7,5.0,0.0,55.0,294.0,137.0,-422.4,20.0
2023-11-30,israel,15439.0,1931.0,3225.0,-2869.0,84.0,27.0,735.0,3986.0,1608.0,-3847.2,203.0
2023-11-30,korea,1058.0,143.0,119.0,944.4,8.0,2.0,59.0,120.0,28.0,70.2,2.0
2023-11-30,libya,84.0,8.0,16.0,42.5,0.0,0.0,4.0,0.0,0.0,0.0,0.0
2023-11-30,scs,2380.0,222.0,237.0,3429.6,2.0,1.0,108.0,133.0,22.0,236.1,2.0
2023-11-30,southasia,8112.0,1093.0,1076.0,5538.4,9.0,21.0,467.0,20.0,4.0,20.2,0.0
2023-11-30,sudan,248.0,21.0,56.0,-157.3,1.0,2.0,1.0,8.0,4.0,-11.2,0.0
2023-11-30,taiwan,395.0,66.0,43.0,187.9,10.0,5.0,25.0,118.0,48.0,-87.7,9.0
2023-11-30,ukraine,3127.0,385.0,533.0,856.6,9.0,13.0,91.0,902.0,517.0,-2861.9,44.0
2023-11-30,venezuela,211.0,32.0,23.0,200.9,0.0,3.0,11.0,78.0,19.0,151.6,8.0
2023-11-30,yemen,255.0,12.0,87.0,-507.4,3.0,1.0,4.0,71.0,47.0,-320.8,3.0
2023-12-01,drc,44.0,2.0,2.0,66.3,0.0,0.0,0.0,11.0,2.0,8.5,0.0
2023-12-01,europe_east,1271.0,213.0,128.0,952.5,2.0,7.0,75.0,169.0,99.0,-227.3,8.0
2023-12-01,iran,988.0,188.0,157.0,207.2,2.0,1.0,70.0,371.0,191.0,-292.3,13.0
2023-12-01,israel,13685.0,2040.0,2772.0,-4763.7,134.0,36.0,558.0,3962.0,1753.0,-4959.9,178.0
2023-12-01,korea,1207.0,157.0,192.0,232.4,3.0,11.0,120.0,192.0,86.0,-327.0,6.0
2023-12-01,libya,69.0,5.0,4.0,131.1,0.0,0.0,3.0,0.0,0.0,0.0,0.0
2023-12-01,scs,2083.0,156.0,199.0,3189.9,5.0,4.0,75.0,303.0,85.0,253.5,38.0
2023-12-01,southasia,7874.0,1057.0,903.0,6021.7,44.0,28.0,336.0,11.0,5.0,7.6,0.0
2023-12-01,sudan,339.0,39.0,59.0,140.9,0.0,1.0,14.0,3.0,3.0,-30.0,0.0
2023-12-01,taiwan,346.0,45.0,29.0,400.8,5.0,6.0,9.0,97.0,30.0,-34.3,12.0
2023-12-01,ukraine,3160.0,358.0,574.0,612.1,18.0,19.0,139.0,897.0,461.0,-2178.8,53.0
2023-12-01,venezuela,428.0,61.0,44.0,502.8,0.0,3.0,32.0,138.0,38.0,240.6,3.0
2023-12-01,yemen,228.0,14.0,47.0,-49.9,0.0,1.0,9.0,39.0,29.0,-198.2,1.0
2023-12-02,drc,10.0,1.0,0.0,23.2,0.0,0.0,0.0,1.0,1.0,-5.0,1.0
2023-12-02,europe_east,826.0,115.0,109.0,555.7,2.0,0.0,67.0,92.0,63.0,-291.8,14.0
2023-12-02,iran,599.0,91.0,144.0,-485.0,3.0,2.0,34.0,194.0,133.0,-701.8,4.0
2023-12-02,israel,9046.0,1364.0,2261.0,-9258.5,63.0,11.0,413.0,2579.0,1379.0,-6936.9,101.0
2023-12-02,korea,598.0,68.0,91.0,59.3,12.0,0.0,61.0,128.0,48.0,-273.9,5.0
2023-12-02,libya,114.0,4.0,18.0,299.2,0.0,0.0,15.0,0.0,0.0,0.0,0.0
2023-12-02,scs,1605.0,90.0,204.0,1736.5,1.0,1.0,79.0,244.0,44.0,227.0,14.0
2023-12-02,southasia,6370.0,859.0,786.0,4231.2,14.0,27.0,358.0,10.0,4.0,-18.8,0.0
2023-12-02,sudan,214.0,39.0,28.0,142.0,1.0,0.0,7.0,2.0,1.0,-6.6,0.0
2023-12-02,taiwan,152.0,10.0,8.0,296.2,1.0,0.0,1.0,19.0,5.0,22.2,0.0
2023-12-02,ukraine,1866.0,281.0,389.0,-795.6,17.0,19.0,108.0,551.0,317.0,-1670.9,41.0
2023-12-02,venezuela,296.0,43.0,24.0,540.6,1.0,2.0,16.0,122.0,28.0,262.3,3.0
2023-12-02,yemen,67.0,9.0,9.0,13.6,0.0,0.0,5.0,10.0,6.0,-21.3,0.0
2023-12-03,drc,35.0,7.0,7.0,51.7,0.0,3.0,0.0,4.0,3.0,-14.0,0.0
2023-12-03,europe_east,397.0,54.0,56.0,204.4,0.0,0.0,36.0,39.0,25.0,-99.1,3.0
2023-12-03,iran,821.0,147.0,168.0,-545.5,22.0,0.0,45.0,208.0,114.0,-363.9,8.0
2023-12-03,israel,9524.0,1388.0,2743.0,-14280.5,73.0,53.0,500.0,2709.0,1430.0,-6935.4,180.0
2023-12-03,korea,481.0,71.0,91.0,-290.7,4.0,1.0,55.0,72.0,29.0,-167.1,4.0
2023-12-03,libya,61.0,0.0,10.0,114.0,0.0,0.0,5.0,0.0,0.0,0.0,0.0
2023-12-03,scs,2602.0,420.0,521.0,-1503.3,33.0,18.0,86.0,130.0,49.0,-64.4,10.0
2023-12-03,southasia,6562.0,1013.0,777.0,4360.3,5.0,12.0,297.0,27.0,5.0,42.6,2.0
2023-12-03,sudan,121.0,18.0,26.0,-32.9,1.0,3.0,4.0,0.0,0.0,0.0,0.0
2023-12-03,taiwan,151.0,18.0,8.0,187.8,2.0,1.0,1.0,26.0,1.0,59.3,1.0
2023-12-03,ukraine,1703.0,234.0,416.0,-1325.9,13.0,11.0,55.0,692.0,446.0,-2417.6,34.0
2023-12-03,venezuela,304.0,32.0,37.0,449.1,0.0,4.0,23.0,160.0,30.0,321.5,7.0
2023-12-03,yemen,266.0,45.0,123.0,-1127.5,5.0,0.0,6.0,112.0,87.0,-697.8,4.0
2023-12-04,drc,52.0,7.0,9.0,29.1,0.0,4.0,1.0,7.0,6.0,-36.0,2.0
2023-12-04,europe_east,990.0,69.0,95.0,1836.8,2.0,10.0,54.0,102.0,54.0,-140.3,10.0
2023-12-04,iran,1053.0,152.0,256.0,-928.7,27.0,1.0,43.0,265.0,124.0,-279.1,26.0
2023-12-04,israel,10947.0,1764.0,2968.0,-15308.9,95.0,31.0,584.0,2636.0,1489.0,-8229.6,182.0
2023-12-04,korea,946.0,108.0,104.0,1206.1,9.0,11.0,55.0,140.0,41.0,11.2,6.0
2023-12-04,libya,58.0,2.0,7.0,164.9,0.0,0.0,6.0,2.0,0.0,4.7,0.0
2023-12-04,scs,2969.0,410.0,389.0,1768.0,18.0,30.0,64.0,207.0,90.0,-218.8,15.0
2023-12-04,southasia,7764.0,1001.0,965.0,6648.9,15.0,29.0,499.0,12.0,8.0,-57.0,3.0
2023-12-04,sudan,243.0,40.0,50.0,-50.4,3.0,1.0,27.0,2.0,2.0,-19.5,0.0
2023-12-04,taiwan,295.0,48.0,23.0,318.4,3.0,0.0,14.0,61.0,14.0,47.8,3.0
2023-12-04,ukraine,3245.0,397.0,615.0,200.6,26.0,21.0,131.0,953.0,566.0,-2880.7,37.0
2023-12-04,venezuela,527.0,97.0,70.0,191.5,0.0,11.0,45.0,201.0,78.0,63.8,20.0
2023-12-04,yemen,406.0,46.0,196.0,-1627.0,6.0,0.0,9.0,165.0,127.0,-995.8,3.0
2023-12-05,drc,31.0,1.0,5.0,54.4,0.0,0.0,0.0,12.0,12.0,-76.0,0.0
2023-12-05,europe_east,928.0,100.0,58.0,1804.5,3.0,1.0,32.0,62.0,29.0,-55.9,6.0
2023-12-05,iran,1098.0,167.0,145.0,873.0,9.0,0.0,39.0,195.0,114.0,-435.2,5.0
2023-12-05,israel,12302.0,1966.0,3197.0,-15932.7,104.0,31.0,688.0,2875.0,1565.0,-8427.3,175.0
2023-12-05,korea,801.0,94.0,83.0,774.2,10.0,0.0,41.0,110.0,26.0,-0.4,3.0
2023-12-05,libya,92.0,4.0,5.0,309.1,0.0,0.0,3.0,0.0,0.0,0.0,0.0
2023-12-05,scs,2654.0,286.0,274.0,2826.6,15.0,13.0,83.0,154.0,63.0,-66.3,8.0
2023-12-05,southasia,9286.0,1230.0,1468.0,3210.6,21.0,38.0,582.0,41.0,14.0,-46.0,2.0
2023-12-05,sudan,335.0,48.0,80.0,-198.4,3.0,0.0,30.0,7.0,7.0,-68.5,0.0
2023-12-05,taiwan,483.0,90.0,32.0,354.4,8.0,1.0,8.0,57.0,25.0,-19.8,10.0
2023-12-05,ukraine,3478.0,394.0,537.0,2109.7,39.0,12.0,102.0,928.0,474.0,-1852.0,69.0
2023-12-05,venezuela,501.0,62.0,51.0,557.0,2.0,3.0,28.0,164.0,51.0,148.5,9.0
2023-12-05,yemen,281.0,32.0,82.0,-282.4,4.0,0.0,18.0,116.0,78.0,-485.6,6.0
2023-12-06,drc,32.0,4.0,6.0,44.2,0.0,1.0,2.0,3.0,0.0,25.0,0.0
2023-12-06,europe_east,974.0,94.0,78.0,1562.3,9.0,3.0,35.0,65.0,24.0,37.4,3.0
2023-12-06,iran,966.0,137.0,181.0,-217.4,10.0,3.0,61.0,170.0,95.0,-342.5,4.0
2023-12-06,israel,12044.0,2047.0,2981.0,-14764.8,116.0,36.0,580.0,2883.0,1594.0,-8696.4,168.0
2023-12-06,korea,872.0,93.0,97.0,1073.3,0.0,3.0,53.0,96.0,26.0,94.8,5.0
2023-12-06,libya,115.0,9.0,32.0,-86.6,0.0,0.0,20.0,1.0,1.0,-9.2,1.0
2023-12-06,scs,2503.0,262.0,201.0,3416.8,11.0,4.0,49.0,124.0,37.0,66.4,3.0
2023-12-06,southasia,9426.0,1316.0,1249.0,4744.3,34.0,34.0,479.0,70.0,16.0,20.5,1.0
2023-12-06,sudan,339.0,48.0,94.0,-420.9,1.0,2.0,20.0,12.0,10.0,-75.6,0.0
2023-12-06,taiwan,425.0,52.0,24.0,512.2,8.0,3.0,6.0,78.0,39.0,-42.9,9.0
2023-12-06,ukraine,4435.0,558.0,719.0,2683.0,33.0,16.0,216.0,1135.0,610.0,-2472.7,92.0
2023-12-06,venezuela,624.0,125.0,77.0,456.0,0.0,6.0,42.0,268.0,110.0,149.7,14.0
2023-12-06,yemen,254.0,37.0,67.0,-316.8,1.0,0.0,9.0,97.0,55.0,-352.6,5.0
2023-12-07,drc,41.0,7.0,8.0,31.8,0.0,0.0,5.0,8.0,4.0,3.2,2.0
2023-12-07,europe_east,1301.0,118.0,131.0,2532.9,0.0,10.0,60.0,53.0,23.0,26.5,4.0
2023-12-07,iran,1353.0,190.0,226.0,267.0,18.0,4.0,59.0,263.0,142.0,-367.8,7.0
2023-12-07,israel,13324.0,2173.0,3151.0,-14130.4,117.0,29.0,552.0,3024.0,1644.0,-8493.5,169.0
2023-12-07,korea,861.0,92.0,86.0,1204.0,2.0,0.0,47.0,89.0,21.0,124.4,0.0
2023-12-07,libya,65.0,4.0,15.0,14.2,0.0,0.0,5.0,0.0,0.0,0.0,0.0
2023-12-07,scs,2336.0,228.0,284.0,2322.3,10.0,4.0,104.0,225.0,41.0,319.9,0.0
2023-12-07,southasia,8003.0,1123.0,984.0,5278.6,23.0,14.0,475.0,17.0,10.0,-23.9,1.0
2023-12-07,sudan,338.0,41.0,64.0,141.2,1.0,0.0,19.0,13.0,13.0,-103.0,0.0
2023-12-07,taiwan,446.0,43.0,40.0,825.3,5.0,1.0,19.0,103.0,56.0,-125.4,4.0
2023-12-07,ukraine,4236.0,521.0,650.0,3576.3,13.0,8.0,193.0,1106.0,563.0,-2132.8,63.0
2023-12-07,venezuela,721.0,134.0,78.0,576.9,3.0,9.0,47.0,407.0,119.0,484.6,23.0
2023-12-07,yemen,226.0,29.0,44.0,-129.8,1.0,0.0,5.0,113.0,37.0,-90.0,2.0
2023-12-08,drc,78.0,7.0,13.0,26.9,0.0,7.0,1.0,16.0,12.0,-91.4,4.0
2023-12-08,europe_east,1207.0,111.0,143.0,2707.0,2.0,6.0,100.0,112.0,58.0,-122.6,17.0
2023-12-08,iran,962.0,153.0,200.0,-237.9,16.0,7.0,62.0,170.0,89.0,-421.1,9.0
2023-12-08,israel,11588.0,1932.0,2847.0,-14173.7,96.0,32.0,590.0,2429.0,1346.0,-7478.3,152.0
2023-12-08,korea,942.0,117.0,53.0,1607.2,3.0,5.0,20.0,99.0,14.0,262.2,1.0
2023-12-08,libya,76.0,9.0,9.0,166.5,0.0,0.0,6.0,0.0,0.0,0.0,0.0
2023-12-08,scs,2190.0,170.0,272.0,2585.2,3.0,13.0,106.0,200.0,32.0,273.0,10.0
2023-12-08,southasia,7778.0,1165.0,861.0,6043.1,28.0,12.0,419.0,18.0,3.0,8.4,0.0
2023-12-08,sudan,348.0,57.0,89.0,-418.6,3.0,3.0,17.0,20.0,18.0,-157.4,0.0
2023-12-08,taiwan,526.0,59.0,67.0,477.5,2.0,2.0,28.0,108.0,41.0,9.6,6.0
2023-12-08,ukraine,3253.0,449.0,560.0,1533.3,11.0,15.0,175.0,779.0,413.0,-1557.2,61.0
2023-12-08,venezuela,669.0,124.0,79.0,470.0,0.0,8.0,42.0,281.0,89.0,265.4,17.0
2023-12-08,yemen,134.0,16.0,27.0,-95.2,1.0,0.0,6.0,42.0,17.0,-58.2,3.0
2023-12-09,drc,35.0,3.0,5.0,50.6,0.0,2.0,0.0,18.0,2.0,76.9,0.0
2023-12-09,europe_east,538.0,42.0,66.0,640.7,0.0,4.0,28.0,57.0,17.0,-13.4,12.0
2023-12-09,iran,960.0,192.0,154.0,-179.3,34.0,0.0,64.0,214.0,104.0,-333.7,19.0
2023-12-09,israel,9447.0,1800.0,2068.0,-11688.4,93.0,12.0,395.0,2192.0,1211.0,-6718.6,105.0
2023-12-09,korea,712.0,70.0,47.0,1573.4,3.0,3.0,15.0,214.0,34.0,416.8,7.0
2023-12-09,libya,35.0,2.0,2.0,80.2,0.0,0.0,2.0,0.0,0.0,0.0,0.0
2023-12-09,scs,1381.0,208.0,163.0,932.6,9.0,5.0,49.0,295.0,178.0,-560.4,15.0
2023-12-09,southasia,6181.0,901.0,906.0,2641.1,9.0,19.0,385.0,13.0,6.0,-12.4,1.0
2023-12-09,sudan,174.0,28.0,28.0,-43.5,1.0,0.0,4.0,0.0,0.0,0.0,0.0
2023-12-09,taiwan,320.0,50.0,20.0,436.3,8.0,2.0,11.0,79.0,32.0,-38.5,6.0
2023-12-09,ukraine,2437.0,293.0,487.0,-131.0,9.0,4.0,97.0,707.0,427.0,-2095.4,52.0
2023-12-09,venezuela,501.0,109.0,52.0,347.9,0.0,6.0,32.0,185.0,81.0,2.1,14.0
2023-12-09,yemen,140.0,15.0,17.0,105.2,6.0,0.0,1.0,57.0,21.0,-21.7,4.0
2023-12-10,drc,34.0,0.0,11.0,-23.6,0.0,0.0,1.0,24.0,4.0,94.9,0.0
2023-12-10,europe_east,374.0,57.0,43.0,421.2,0.0,1.0,19.0,32.0,9.0,20.6,0.0
2023-12-10,iran,1276.0,286.0,263.0,-1061.5,25.0,1.0,138.0,340.0,177.0,-783.1,34.0
2023-12-10,israel,9282.0,1807.0,2127.0,-11203.5,89.0,11.0,397.0,2453.0,1394.0,-7877.2,144.0
2023-12-10,korea,537.0,65.0,48.0,684.5,0.0,10.0,19.0,84.0,14.0,119.2,0.0
2023-12-10,libya,55.0,10.0,13.0,-71.2,0.0,0.0,0.0,0.0,0.0,0.0,0.0
2023-12-10,scs,1536.0,271.0,100.0,1815.5,11.0,1.0,32.0,508.0,295.0,-733.6,15.0
2023-12-10,southasia,6041.0,841.0,882.0,2282.0,12.0,8.0,435.0,10.0,3.0,-5.6,2.0
2023-12-10,sudan,265.0,31.0,33.0,219.7,0.0,0.0,5.0,4.0,0.0,13.0,0.0
2023-12-10,taiwan,256.0,41.0,10.0,380.6,2.0,0.0,1.0,53.0,16.0,37.8,1.0
2023-12-10,ukraine,2326.0,249.0,327.0,1931.3,11.0,3.0,61.0,586.0,310.0,-1245.5,18.0
2023-12-10,venezuela,558.0,106.0,43.0,664.1,0.0,3.0,21.0,268.0,75.0,391.0,3.0
2023-12-10,yemen,231.0,29.0,60.0,-375.7,8.0,0.0,4.0,107.0,42.0,-187.9,5.0
2023-12-11,drc,88.0,5.0,13.0,68.2,0.0,4.0,2.0,29.0,8.0,16.8,1.0
2023-12-11,europe_east,1232.0,162.0,96.0,1910.0,9.0,0.0,46.0,90.0,22.0,181.6,5.0
2023-12-11,iran,1338.0,245.0,286.0,-724.6,17.0,1.0,138.0,314.0,147.0,-554.5,53.0
2023-12-11,israel,11670.0,2165.0,2688.0,-12890.0,119.0,23.0,530.0,2880.0,1655.0,-9121.7,187.0
2023-12-11,korea,921.0,80.0,102.0,1388.1,0.0,2.0,44.0,52.0,23.0,-29.7,1.0
2023-12-11,libya,126.0,12.0,25.0,16.4,0.0,0.0,9.0,0.0,0.0,0.0,0.0
2023-12-11,scs,2755.0,378.0,239.0,3357.3,1.0,6.0,85.0,868.0,339.0,144.2,19.0
2023-12-11,southasia,8614.0,1486.0,992.0,5020.4,17.0,12.0,511.0,41.0,23.0,-46.0,9.0
2023-12-11,sudan,689.0,108.0,99.0,311.2,0.0,0.0,25.0,12.0,3.0,26.2,0.0
2023-12-11,taiwan,390.0,46.0,39.0,622.2,0.0,8.0,19.0,117.0,39.0,-31.7,4.0
2023-12-11,ukraine,4179.0,381.0,468.0,5585.1,18.0,3.0,131.0,821.0,395.0,-1568.5,39.0
2023-12-11,venezuela,483.0,76.0,40.0,756.9,0.0,3.0,32.0,237.0,45.0,592.7,0.0
2023-12-11,yemen,234.0,49.0,65.0,-425.0,5.0,0.0,12.0,74.0,31.0,-73.3,0.0
2023-12-12,drc,53.0,7.0,8.0,30.6,0.0,0.0,4.0,53.0,24.0,66.3,1.0
2023-12-12,europe_east,1660.0,189.0,135.0,2512.8,7.0,4.0,61.0,171.0,66.0,61.8,10.0
2023-12-12,iran,1246.0,230.0,251.0,-610.4,21.0,4.0,97.0,287.0,169.0,-775.7,30.0
2023-12-12,israel,11836.0,2077.0,2711.0,-12640.5,93.0,34.0,606.0,2622.0,1517.0,-8582.8,173.0
2023-12-12,korea,900.0,70.0,148.0,577.9,2.0,3.0,116.0,88.0,37.0,-140.5,1.0
2023-12-12,libya,83.0,7.0,10.0,94.2,0.0,0.0,1.0,0.0,0.0,0.0,0.0
2023-12-12,scs,2980.0,310.0,244.0,4451.7,5.0,4.0,101.0,1092.0,216.0,1711.5,12.0
2023-12-12,southasia,10209.0,1703.0,1422.0,1930.5,51.0,28.0,517.0,75.0,16.0,63.3,0.0
2023-12-12,sudan,448.0,92.0,43.0,403.7,3.0,0.0,7.0,13.0,4.0,10.2,0.0
2023-12-12,taiwan,464.0,61.0,42.0,585.1,3.0,11.0,15.0,166.0,34.0,172.5,9.0
2023-12-12,ukraine,4685.0,424.0,500.0,6580.8,30.0,16.0,139.0,729.0,320.0,-945.3,29.0
2023-12-12,venezuela,509.0,58.0,40.0,868.5,0.0,3.0,29.0,235.0,31.0,599.4,0.0
2023-12-12,yemen,508.0,88.0,168.0,-1313.5,11.0,0.0,18.0,171.0,81.0,-383.8,8.0
2023-12-13,drc,82.0,10.0,10.0,162.2,0.0,6.0,2.0,28.0,14.0,16.5,1.0
2023-12-13,europe_east,1314.0,109.0,92.0,2749.2,2.0,2.0,55.0,110.0,36.0,32.3,19.0
2023-12-13,iran,975.0,176.0,230.0,-803.4,14.0,1.0,76.0,254.0,101.0,-175.7,8.0
2023-12-13,israel,12479.0,2350.0,2556.0,-11114.6,99.0,32.0,466.0,2621.0,1434.0,-7541.9,142.0
2023-12-13,korea,955.0,113.0,94.0,1174.7,6.0,4.0,33.0,109.0,12.0,307.6,0.0
2023-12-13,libya,149.0,12.0,17.0,271.4,0.0,0.0,11.0,0.0,0.0,0.0,0.0
2023-12-13,scs,2787.0,242.0,182.0,4427.7,7.0,3.0,67.0,1109.0,172.0,2135.1,8.0
2023-12-13,southasia,8904.0,1760.0,1306.0,-552.7,31.0,21.0,569.0,20.0,8.0,-44.1,4.0
2023-12-13,sudan,426.0,44.0,63.0,168.9,3.0,0.0,9.0,5.0,1.0,7.0,0.0
2023-12-13,taiwan,428.0,47.0,27.0,556.0,0.0,0.0,17.0,183.0,42.0,179.5,8.0
2023-12-13,ukraine,5503.0,590.0,628.0,6385.9,16.0,9.0,169.0,958.0,507.0,-2293.5,43.0
2023-12-13,venezuela,525.0,69.0,59.0,720.5,0.0,4.0,44.0,220.0,59.0,469.1,11.0
2023-12-13,yemen,418.0,56.0,144.0,-921.6,7.0,0.0,29.0,122.0,71.0,-344.5,14.0
2023-12-14,drc,48.0,8.0,4.0,43.8,0.0,0.0,2.0,12.0,5.0,9.2,0.0
2023-12-14,europe_east,1426.0,135.0,162.0,2144.9,5.0,1.0,88.0,120.0,65.0,-162.2,9.0
2023-12-14,iran,1033.0,143.0,170.0,174.0,9.0,3.0,48.0,197.0,94.0,-324.6,5.0
2023-12-14,israel,11658.0,1916.0,2563.0,-10044.2,138.0,29.0,599.0,2498.0,1383.0,-7368.6,216.0
2023-12-14,korea,904.0,105.0,91.0,1310.9,3.0,5.0,31.0,61.0,24.0,-3.5,0.0
2023-12-14,libya,136.0,15.0,21.0,157.5,0.0,0.0,8.0,0.0,0.0,0.0,0.0
2023-12-14,scs,2563.0,196.0,178.0,4769.3,4.0,0.0,80.0,836.0,114.0,1946.7,12.0
2023-12-14,southasia,9793.0,2106.0,1368.0,-1278.3,38.0,25.0,668.0,14.0,6.0,-13.6,4.0
2023-12-14,sudan,324.0,54.0,43.0,186.2,4.0,5.0,10.0,3.0,3.0,-28.5,0.0
2023-12-14,taiwan,487.0,58.0,43.0,601.2,1.0,1.0,17.0,187.0,49.0,157.4,3.0
2023-12-14,ukraine,4431.0,546.0,499.0,5327.0,30.0,19.0,107.0,896.0,461.0,-1707.2,72.0
2023-12-14,venezuela,566.0,81.0,23.0,1045.4,0.0,1.0,16.0,287.0,62.0,519.4,7.0
2023-12-14,yemen,285.0,34.0,81.0,-475.6,10.0,0.0,6.0,127.0,59.0,-271.1,25.0
2023-12-15,drc,48.0,1.0,8.0,47.9,0.0,0.0,3.0,7.0,3.0,-5.0,0.0
2023-12-15,europe_east,1452.0,139.0,155.0,2220.7,0.0,10.0,78.0,151.0,71.0,-68.4,19.0
2023-12-15,iran,1080.0,171.0,348.0,-2189.7,12.0,5.0,69.0,180.0,75.0,-222.4,8.0
2023-12-15,israel,11664.0,1900.0,2709.0,-11116.7,149.0,41.0,585.0,2811.0,1464.0,-6500.5,183.0
2023-12-15,korea,564.0,84.0,64.0,635.1,0.0,8.0,20.0,76.0,17.0,74.0,0.0
2023-12-15,libya,72.0,8.0,15.0,-51.8,0.0,1.0,2.0,0.0,0.0,0.0,0.0
2023-12-15,scs,2034.0,178.0,149.0,3378.8,7.0,1.0,52.0,485.0,83.0,844.6,9.0
2023-12-15,southasia,9268.0,1704.0,1389.0,345.7,39.0,30.0,582.0,26.0,8.0,1.3,2.0
2023-12-15,sudan,387.0,62.0,102.0,-554.4,2.0,6.0,10.0,10.0,10.0,-99.5,0.0
2023-12-15,taiwan,370.0,62.0,34.0,367.0,0.0,0.0,21.0,134.0,58.0,-75.0,1.0
2023-12-15,ukraine,4217.0,485.0,372.0,7064.1,17.0,6.0,103.0,634.0,291.0,-821.0,43.0
2023-12-15,venezuela,471.0,70.0,29.0,921.2,0.0,0.0,16.0,263.0,53.0,652.8,6.0
2023-12-15,yemen,517.0,84.0,196.0,-1629.8,10.0,0.0,19.0,137.0,63.0,-329.0,16.0
2023-12-16,drc,147.0,15.0,42.0,-209.0,0.0,0.0,13.0,8.0,3.0,-1.0,1.0
2023-12-16,europe_east,615.0,66.0,55.0,923.4,0.0,4.0,33.0,74.0,48.0,-66.8,3.0
2023-12-16,iran,876.0,146.0,260.0,-1465.9,6.0,2.0,72.0,228.0,145.0,-716.7,30.0
2023-12-16,israel,8123.0,1242.0,1966.0,-8871.1,66.0,21.0,321.0,2266.0,1127.0,-5420.8,125.0
2023-12-16,korea,378.0,66.0,44.0,119.6,7.0,0.0,12.0,88.0,50.0,-230.1,6.0
2023-12-16,libya,77.0,6.0,16.0,-20.3,0.0,0.0,0.0,0.0,0.0,0.0,0.0
2023-12-16,scs,1201.0,91.0,80.0,2193.2,4.0,3.0,23.0,223.0,63.0,182.4,2.0
2023-12-16,southasia,7304.0,1239.0,964.0,2044.8,10.0,15.0,424.0,57.0,14.0,23.2,6.0
2023-12-16,sudan,317.0,44.0,92.0,-520.5,6.0,0.0,18.0,8.0,8.0,-79.5,0.0
2023-12-16,taiwan,227.0,34.0,13.0,132.1,0.0,0.0,4.0,88.0,29.0,-15.7,0.0
2023-12-16,ukraine,2048.0,270.0,335.0,1313.0,14.0,7.0,66.0,603.0,346.0,-1510.6,26.0
2023-12-16,venezuela,318.0,45.0,16.0,634.4,0.0,1.0,12.0,111.0,18.0,297.5,6.0
2023-12-16,yemen,368.0,74.0,142.0,-1167.8,7.0,4.0,5.0,134.0,74.0,-245.3,14.0
2023-12-17,drc,100.0,4.0,36.0,-174.2,0.0,0.0,16.0,15.0,6.0,-16.0,0.0
2023-12-17,europe_east,477.0,67.0,76.0,313.8,2.0,0.0,44.0,102.0,62.0,-123.6,16.0
2023-12-17,iran,576.0,92.0,157.0,-743.0,9.0,2.0,48.0,144.0,82.0,-412.9,17.0
2023-12-17,israel,8752.0,1261.0,2270.0,-10740.1,95.0,3.0,348.0,2173.0,1154.0,-6205.9,142.0
2023-12-17,korea,625.0,141.0,99.0,-380.9,20.0,1.0,14.0,178.0,107.0,-769.6,19.0
2023-12-17,libya,178.0,14.0,21.0,306.9,0.0,0.0,7.0,0.0,0.0,0.0,0.0
2023-12-17,scs,1155.0,142.0,127.0,1224.7,3.0,2.0,41.0,167.0,45.0,207.3,0.0
2023-12-17,southasia,5446.0,901.0,805.0,426.8,6.0,13.0,346.0,18.0,12.0,-66.5,4.0
2023-12-17,sudan,436.0,76.0,115.0,-567.5,5.0,5.0,38.0,12.0,10.0,-62.0,0.0
2023-12-17,taiwan,194.0,32.0,15.0,144.5,2.0,1.0,3.0,68.0,28.0,-22.1,4.0
2023-12-17,ukraine,1793.0,228.0,394.0,-515.7,15.0,9.0,70.0,652.0,405.0,-2204.5,51.0
2023-12-17,venezuela,232.0,28.0,19.0,453.7,0.0,0.0,13.0,83.0,19.0,126.5,7.0
2023-12-17,yemen,184.0,38.0,69.0,-617.9,10.0,0.0,3.0,93.0,58.0,-398.6,6.0
2023-12-18,drc,146.0,14.0,31.0,-103.9,0.0,1.0,9.0,15.0,0.0,76.7,0.0
2023-12-18,europe_east,1357.0,157.0,167.0,1738.6,7.0,21.0,73.0,154.0,86.0,-156.1,19.0
2023-12-18,iran,1134.0,196.0,227.0,-810.2,13.0,1.0,46.0,233.0,128.0,-320.0,0.0
2023-12-18,israel,11969.0,2086.0,2814.0,-13529.8,133.0,15.0,422.0,2815.0,1626.0,-9106.5,130.0
2023-12-18,korea,1917.0,424.0,402.0,-1749.2,49.0,7.0,82.0,651.0,428.0,-2388.5,96.0
2023-12-18,libya,182.0,16.0,36.0,106.2,0.0,0.0,9.0,1.0,0.0,7.4,0.0
2023-12-18,scs,2115.0,164.0,128.0,5192.2,1.0,7.0,55.0,273.0,51.0,352.1,2.0
2023-12-18,southasia,8311.0,1399.0,900.0,3891.3,5.0,5.0,381.0,21.0,3.0,46.8,3.0
2023-12-18,sudan,425.0,61.0,144.0,-706.8,4.0,3.0,46.0,15.0,11.0,-98.4,1.0
2023-12-18,taiwan,375.0,47.0,59.0,183.5,1.0,4.0,37.0,121.0,42.0,-63.2,8.0
2023-12-18,ukraine,3095.0,346.0,596.0,842.3,24.0,17.0,158.0,771.0,464.0,-2726.3,43.0
2023-12-18,venezuela,209.0,29.0,13.0,280.8,4.0,0.0,6.0,89.0,21.0,121.2,6.0
2023-12-18,yemen,414.0,74.0,137.0,-992.8,7.0,0.0,3.0,214.0,106.0,-595.6,13.0
2023-12-19,drc,167.0,14.0,40.0,-79.5,0.0,0.0,9.0,30.0,14.0,8.5,0.0
2023-12-19,europe_east,1341.0,113.0,115.0,3566.2,2.0,10.0,43.0,150.0,85.0,-173.7,31.0
2023-12-19,iran,1209.0,231.0,240.0,-710.6,11.0,8.0,78.0,302.0,134.0,-143.2,12.0
2023-12-19,israel,10789.0,1764.0,2596.0,-11719.5,109.0,6.0,503.0,2406.0,1296.0,-6758.8,136.0
2023-12-19,korea,1426.0,246.0,188.0,437.6,23.0,7.0,62.0,329.0,151.0,-595.2,31.0
2023-12-19,libya,117.0,18.0,24.0,-35.5,1.0,0.0,8.0,0.0,0.0,0.0,0.0
2023-12-19,scs,1891.0,212.0,116.0,3570.8,1.0,1.0,52.0,308.0,116.0,-11.2,6.0
2023-12-19,southasia,8661.0,1697.0,1063.0,2475.0,15.0,33.0,520.0,8.0,4.0,-16.6,0.0
2023-12-19,sudan,514.0,59.0,153.0,-655.0,4.0,0.0,20.0,24.0,14.0,-76.4,0.0
2023-12-19,taiwan,394.0,53.0,24.0,494.7,5.0,3.0,6.0,97.0,30.0,64.6,7.0
2023-12-19,ukraine,3033.0,389.0,498.0,1918.5,39.0,37.0,140.0,758.0,357.0,-1341.9,43.0
2023-12-19,venezuela,262.0,43.0,19.0,292.5,3.0,0.0,13.0,90.0,25.0,67.3,3.0
2023-12-19,yemen,581.0,93.0,182.0,-1229.4,5.0,1.0,12.0,220.0,127.0,-545.1,7.0
2023-12-20,drc,181.0,32.0,18.0,-44.4,1.0,3.0,10.0,15.0,12.0,-50.6,2.0
2023-12-20,europe_east,1260.0,151.0,139.0,1704.0,1.0,7.0,63.0,118.0,57.0,-159.4,29.0
2023-12-20,iran,1315.0,246.0,306.0,-643.1,9.0,3.0,138.0,244.0,112.0,-78.3,27.0
2023-12-20,israel,10137.0,1599.0,2230.0,-7794.3,106.0,14.0,518.0,2221.0,1159.0,-5644.2,119.0
2023-12-20,korea,763.0,112.0,108.0,486.7,7.0,1.0,41.0,104.0,53.0,-196.8,18.0
2023-12-20,libya,72.0,7.0,8.0,126.4,0.0,0.0,5.0,0.0,0.0,0.0,0.0
2023-12-20,scs,1611.0,154.0,131.0,2565.4,4.0,14.0,53.0,199.0,98.0,-72.0,9.0
2023-12-20,southasia,8323.0,1428.0,1077.0,3251.6,15.0,26.0,515.0,12.0,4.0,11.8,3.0
2023-12-20,sudan,448.0,49.0,105.0,-187.5,2.0,2.0,35.0,11.0,8.0,-37.5,3.0
2023-12-20,taiwan,407.0,87.0,39.0,290.3,4.0,2.0,19.0,91.0,38.0,-42.4,13.0
2023-12-20,ukraine,2926.0,372.0,524.0,877.9,19.0,28.0,142.0,817.0,432.0,-1690.3,43.0
2023-12-20,venezuela,1003.0,106.0,185.0,1596.0,0.0,2.0,153.0,576.0,172.0,1047.8,107.0
2023-12-20,yemen,478.0,101.0,102.0,-721.3,16.0,2.0,7.0,182.0,81.0,-301.3,9.0
2023-12-21,drc,139.0,36.0,7.0,-21.6,0.0,0.0,5.0,6.0,3.0,-7.6,0.0
2023-12-21,europe_east,1262.0,186.0,123.0,1835.3,0.0,8.0,48.0,65.0,30.0,-59.6,9.0
2023-12-21,iran,1295.0,193.0,264.0,-555.9,17.0,3.0,93.0,249.0,102.0,-220.0,21.0
2023-12-21,israel,9991.0,1564.0,2327.0,-9736.5,96.0,24.0,506.0,2440.0,1324.0,-6624.6,129.0
2023-12-21,korea,991.0,208.0,96.0,717.3,31.0,5.0,19.0,201.0,81.0,-225.3,19.0
2023-12-21,libya,166.0,24.0,52.0,-141.5,0.0,2.0,33.0,0.0,0.0,0.0,0.0
2023-12-21,scs,2066.0,306.0,140.0,2771.9,2.0,8.0,71.0,532.0,223.0,-109.1,11.0
2023-12-21,southasia,8517.0,1640.0,1378.0,-1179.1,9.0,17.0,712.0,4.0,1.0,6.0,0.0
2023-12-21,sudan,587.0,55.0,105.0,592.4,3.0,11.0,51.0,12.0,3.0,30.8,0.0
2023-12-21,taiwan,434.0,91.0,26.0,402.1,2.0,3.0,11.0,158.0,47.0,206.9,6.0
2023-12-21,ukraine,2955.0,339.0,521.0,1298.5,8.0,17.0,152.0,834.0,464.0,-2012.5,25.0
2023-12-21,venezuela,1217.0,100.0,273.0,1422.8,3.0,1.0,218.0,713.0,230.0,1097.0,170.0
2023-12-21,yemen,279.0,77.0,88.0,-856.5,10.0,0.0,3.0,96.0,54.0,-237.1,6.0
2023-12-22,drc,79.0,8.0,7.0,81.5,0.0,0.0,6.0,8.0,0.0,22.0,0.0
2023-12-22,europe_east,1140.0,120.0,132.0,1647.5,1.0,11.0,52.0,63.0,20.0,5.1,6.0
2023-12-22,iran,864.0,139.0,191.0,-630.0,17.0,1.0,67.0,178.0,78.0,-171.3,4.0
2023-12-22,israel,9438.0,1508.0,2186.0,-8781.5,97.0,37.0,397.0,2212.0,1155.0,-5727.3,118.0
2023-12-22,korea,681.0,94.0,78.0,675.2,10.0,1.0,52.0,114.0,28.0,15.9,14.0
2023-12-22,libya,61.0,8.0,9.0,-1.0,0.0,0.0,3.0,0.0,0.0,0.0,0.0
2023-12-22,scs,1480.0,115.0,107.0,2678.3,2.0,4.0,56.0,223.0,63.0,226.6,0.0
2023-12-22,southasia,8561.0,1597.0,1266.0,548.5,9.0,12.0,646.0,20.0,14.0,-81.3,3.0
2023-12-22,sudan,595.0,73.0,113.0,324.0,0.0,2.0,41.0,13.0,4.0,6.0,0.0
2023-12-22,taiwan,383.0,42.0,54.0,304.8,0.0,0.0,19.0,141.0,38.0,156.1,6.0
2023-12-22,ukraine,2837.0,292.0,545.0,733.1,15.0,9.0,139.0,696.0,428.0,-2608.3,30.0
2023-12-22,venezuela,445.0,32.0,85.0,453.4,0.0,0.0,63.0,186.0,58.0,284.5,38.0
2023-12-22,yemen,301.0,74.0,85.0,-639.6,17.0,1.0,10.0,118.0,69.0,-320.6,4.0
2023-12-23,drc,73.0,19.0,6.0,-63.4,0.0,0.0,3.0,1.0,0.0,5.0,0.0
2023-12-23,europe_east,704.0,62.0,72.0,1147.4,2.0,2.0,27.0,35.0,13.0,46.2,0.0
2023-12-23,iran,873.0,166.0,155.0,-573.7,20.0,0.0,30.0,206.0,124.0,-449.2,8.0
2023-12-23,israel,6469.0,985.0,1830.0,-9185.0,51.0,20.0,343.0,1827.0,1051.0,-5919.0,127.0
2023-12-23,korea,324.0,29.0,49.0,233.2,0.0,0.0,17.0,45.0,15.0,-33.2,1.0
2023-12-23,libya,42.0,2.0,1.0,87.9,0.0,0.0,0.0,0.0,0.0,0.0,0.0
2023-12-23,scs,913.0,84.0,75.0,1428.9,0.0,0.0,30.0,72.0,10.0,180.1,0.0
2023-12-23,southasia,6248.0,1049.0,871.0,1205.6,6.0,32.0,396.0,29.0,1.0,55.4,0.0
2023-12-23,sudan,296.0,41.0,48.0,88.4,0.0,1.0,6.0,8.0,7.0,-62.0,0.0
2023-12-23,taiwan,233.0,35.0,15.0,236.1,2.0,3.0,4.0,77.0,26.0,32.3,4.0
2023-12-23,ukraine,2164.0,254.0,400.0,414.1,19.0,12.0,82.0,531.0,326.0,-1695.4,32.0
2023-12-23,venezuela,279.0,30.0,36.0,450.3,0.0,0.0,32.0,114.0,34.0,191.0,13.0
2023-12-23,yemen,218.0,43.0,61.0,-412.3,12.0,0.0,4.0,64.0,48.0,-317.5,4.0
2023-12-24,drc,50.0,15.0,2.0,-26.6,0.0,0.0,1.0,0.0,0.0,0.0,0.0
2023-12-24,europe_east,527.0,65.0,62.0,588.4,1.0,15.0,31.0,26.0,9.0,3.4,5.0
2023-12-24,iran,996.0,183.0,253.0,-1556.1,15.0,0.0,58.0,213.0,150.0,-548.9,5.0
2023-12-24,israel,6351.0,1013.0,1541.0,-6713.0,70.0,32.0,299.0,1822.0,931.0,-4511.3,116.0
2023-12-24,korea,341.0,38.0,43.0,370.2,5.0,1.0,29.0,45.0,19.0,-37.7,6.0
2023-12-24,libya,80.0,4.0,5.0,152.9,0.0,0.0,3.0,1.0,0.0,0.0,0.0
2023-12-24,scs,770.0,52.0,102.0,904.9,0.0,2.0,28.0,29.0,3.0,111.0,0.0
2023-12-24,southasia,5619.0,852.0,874.0,-327.6,4.0,21.0,344.0,10.0,3.0,-8.5,2.0
2023-12-24,sudan,272.0,28.0,67.0,-347.2,0.0,2.0,13.0,18.0,11.0,-91.3,0.0
2023-12-24,taiwan,276.0,44.0,16.0,348.1,2.0,1.0,8.0,85.0,30.0,98.3,0.0
2023-12-24,ukraine,1657.0,208.0,307.0,90.3,15.0,3.0,74.0,543.0,321.0,-1793.5,38.0
2023-12-24,venezuela,133.0,27.0,13.0,186.4,0.0,1.0,9.0,54.0,24.0,22.6,11.0
2023-12-24,yemen,401.0,60.0,109.0,-269.4,4.0,1.0,5.0,116.0,87.0,-641.1,0.0
2023-12-25,drc,30.0,9.0,2.0,-41.7,0.0,1.0,0.0,0.0,0.0,0.0,0.0
2023-12-25,europe_east,321.0,28.0,32.0,462.8,0.0,0.0,16.0,51.0,8.0,28.1,8.0
2023-12-25,iran,1301.0,216.0,293.0,-1330.1,11.0,2.0,48.0,314.0,209.0,-1373.3,9.0
2023-12-25,israel,7015.0,1200.0,1822.0,-9572.8,88.0,16.0,271.0,2257.0,1307.0,-7486.1,141.0
2023-12-25,korea,426.0,47.0,59.0,334.5,4.0,0.0,20.0,58.0,19.0,-33.8,0.0
2023-12-25,libya,77.0,7.0,5.0,92.8,0.0,0.0,2.0,0.0,0.0,0.0,0.0
2023-12-25,scs,918.0,94.0,81.0,1233.6,1.0,0.0,21.0,88.0,20.0,124.3,1.0
2023-12-25,southasia,6283.0,810.0,1012.0,680.3,10.0,24.0,423.0,18.0,4.0,11.3,2.0
2023-12-25,sudan,214.0,19.0,70.0,-412.2,0.0,2.0,7.0,17.0,9.0,-53.0,2.0
2023-12-25,taiwan,215.0,35.0,22.0,28.9,3.0,2.0,14.0,92.0,32.0,-40.7,15.0
2023-12-25,ukraine,1979.0,181.0,447.0,-314.7,7.0,18.0,68.0,809.0,492.0,-3139.3,36.0
2023-12-25,venezuela,214.0,30.0,12.0,439.0,0.0,0.0,12.0,103.0,26.0,255.5,3.0
2023-12-25,yemen,265.0,42.0,72.0,-403.0,3.0,0.0,1.0,100.0,48.0,-209.7,2.0
2023-12-26,drc,57.0,16.0,8.0,-68.2,0.0,0.0,4.0,1.0,0.0,10.0,0.0
2023-12-26,europe_east,553.0,37.0,63.0,730.4,0.0,6.0,26.0,102.0,19.0,48.9,4.0
2023-12-26,iran,1646.0,313.0,404.0,-2510.9,33.0,8.0,32.0,654.0,424.0,-2078.4,33.0
2023-12-26,israel,9009.0,1553.0,2545.0,-15695.1,129.0,40.0,435.0,2881.0,1733.0,-9891.2,220.0
2023-12-26,korea,570.0,57.0,70.0,520.3,1.0,0.0,29.0,28.0,9.0,4.4,0.0
2023-12-26,libya,92.0,8.0,10.0,74.4,0.0,0.0,2.0,0.0,0.0,0.0,0.0
2023-12-26,scs,1184.0,180.0,127.0,837.7,1.0,3.0,45.0,262.0,104.0,83.8,8.0
2023-12-26,southasia,7642.0,1046.0,927.0,5294.7,48.0,20.0,401.0,35.0,6.0,84.2,0.0
2023-12-26,sudan,321.0,48.0,71.0,-193.3,3.0,2.0,10.0,6.0,2.0,0.4,0.0
2023-12-26,taiwan,367.0,43.0,25.0,664.0,0.0,2.0,15.0,136.0,40.0,102.2,6.0
2023-12-26,ukraine,3056.0,306.0,868.0,-3436.8,19.0,23.0,97.0,1525.0,960.0,-6291.6,87.0
2023-12-26,venezuela,148.0,12.0,12.0,221.6,0.0,1.0,7.0,59.0,9.0,138.9,0.0
2023-12-26,yemen,242.0,40.0,97.0,-752.5,1.0,1.0,6.0,105.0,66.0,-388.9,6.0
2023-12-27,drc,164.0,28.0,68.0,-483.9,0.0,2.0,46.0,6.0,4.0,-24.6,0.0
2023-12-27,europe_east,657.0,83.0,96.0,418.1,1.0,4.0,45.0,49.0,21.0,-38.3,8.0
2023-12-27,iran,1369.0,275.0,314.0,-1660.2,16.0,5.0,33.0,533.0,365.0,-1803.1,18.0
2023-12-27,israel,8924.0,1473.0,2522.0,-14305.3,117.0,30.0,451.0,2437.0,1500.0,-8706.5,165.0
2023-12-27,korea,1125.0,98.0,233.0,-380.2,3.0,0.0,77.0,127.0,44.0,-70.8,3.0
2023-12-27,libya,73.0,10.0,14.0,43.8,0.0,0.0,11.0,1.0,1.0,-5.0,1.0
2023-12-27,scs,1484.0,178.0,133.0,1830.5,5.0,0.0,62.0,226.0,77.0,79.0,9.0
2023-12-27,southasia,7614.0,1154.0,1117.0,2578.9,34.0,23.0,526.0,28.0,13.0,11.8,3.0
2023-12-27,sudan,483.0,47.0,97.0,-84.7,3.0,1.0,17.0,25.0,5.0,32.1,0.0
2023-12-27,taiwan,357.0,59.0,51.0,165.9,5.0,2.0,24.0,157.0,69.0,-143.8,9.0
2023-12-27,ukraine,2706.0,286.0,654.0,-1447.8,10.0,5.0,87.0,1277.0,699.0,-4102.8,67.0
2023-12-27,venezuela,329.0,29.0,47.0,422.0,0.0,0.0,37.0,80.0,20.0,95.7,4.0
2023-12-27,yemen,250.0,33.0,104.0,-770.8,7.0,0.0,6.0,99.0,70.0,-481.6,6.0
2023-12-28,drc,146.0,30.0,46.0,-293.7,0.0,4.0,23.0,16.0,10.0,-9.9,0.0
2023-12-28,europe_east,950.0,104.0,70.0,2314.8,0.0,6.0,35.0,68.0,32.0,-75.6,9.0
2023-12-28,iran,1290.0,214.0,320.0,-1705.1,28.0,3.0,45.0,421.0,267.0,-1279.3,27.0
2023-12-28,israel,8904.0,1393.0,2775.0,-17942.6,95.0,37.0,457.0,2798.0,1785.0,-11482.1,166.0
2023-12-28,korea,1097.0,162.0,136.0,643.2,12.0,16.0,35.0,96.0,39.0,17.6,13.0
2023-12-28,libya,72.0,12.0,19.0,-11.0,0.0,0.0,11.0,0.0,0.0,0.0,0.0
2023-12-28,scs,1285.0,131.0,156.0,1243.6,3.0,7.0,55.0,150.0,61.0,29.9,0.0
2023-12-28,southasia,8268.0,1210.0,1069.0,5453.2,26.0,22.0,634.0,29.0,10.0,-3.3,4.0
2023-12-28,sudan,607.0,38.0,108.0,83.6,4.0,1.0,20.0,31.0,7.0,1.9,3.0
2023-12-28,taiwan,380.0,74.0,21.0,355.3,5.0,1.0,11.0,135.0,61.0,-25.0,4.0
2023-12-28,ukraine,2964.0,344.0,544.0,937.6,20.0,15.0,100.0,1045.0,592.0,-3057.7,75.0
2023-12-28,venezuela,365.0,55.0,64.0,127.7,1.0,9.0,34.0,173.0,71.0,67.5,28.0
2023-12-28,yemen,291.0,38.0,58.0,-118.4,1.0,0.0,2.0,66.0,47.0,-285.3,2.0
2023-12-29,drc,37.0,6.0,5.0,-10.2,0.0,0.0,0.0,6.0,1.0,10.3,0.0
2023-12-29,europe_east,1180.0,198.0,222.0,-301.7,4.0,12.0,54.0,160.0,86.0,-446.1,18.0
2023-12-29,iran,1229.0,244.0,400.0,-2623.1,9.0,6.0,98.0,560.0,388.0,-1846.9,47.0
2023-12-29,israel,8177.0,1385.0,2376.0,-14506.8,65.0,38.0,447.0,2515.0,1523.0,-8708.1,145.0
2023-12-29,korea,672.0,118.0,68.0,307.0,8.0,1.0,26.0,93.0,21.0,71.7,14.0
2023-12-29,libya,61.0,4.0,15.0,38.2,0.0,0.0,9.0,0.0,0.0,0.0,0.0
2023-12-29,scs,1298.0,131.0,155.0,1427.6,4.0,5.0,56.0,93.0,36.0,97.4,0.0
2023-12-29,southasia,7572.0,1025.0,967.0,6699.5,22.0,19.0,555.0,53.0,25.0,-37.4,15.0
2023-12-29,sudan,415.0,40.0,75.0,-57.6,6.0,1.0,11.0,6.0,6.0,-43.0,0.0
2023-12-29,taiwan,310.0,39.0,43.0,207.3,1.0,3.0,20.0,72.0,21.0,95.4,2.0
2023-12-29,ukraine,3628.0,451.0,1283.0,-7699.0,65.0,21.0,110.0,1516.0,1096.0,-7778.6,90.0
2023-12-29,venezuela,461.0,98.0,98.0,-171.8,2.0,7.0,41.0,297.0,113.0,203.8,36.0
2023-12-29,yemen,250.0,40.0,64.0,-283.2,3.0,4.0,8.0,84.0,47.0,-195.8,1.0
2023-12-30,drc,33.0,10.0,4.0,-7.3,0.0,0.0,3.0,2.0,2.0,-4.0,0.0
2023-12-30,europe_east,826.0,169.0,147.0,-570.0,0.0,10.0,30.0,225.0,115.0,-392.1,13.0
2023-12-30,iran,623.0,119.0,182.0,-1104.6,6.0,3.0,44.0,231.0,165.0,-884.1,33.0
2023-12-30,israel,5616.0,958.0,1762.0,-11489.5,55.0,24.0,321.0,1590.0,1045.0,-6701.1,89.0
2023-12-30,korea,403.0,66.0,79.0,-265.4,0.0,3.0,6.0,28.0,1.0,89.9,0.0
2023-12-30,libya,48.0,5.0,13.0,-42.3,0.0,0.0,3.0,0.0,0.0,0.0,0.0
2023-12-30,scs,1041.0,120.0,156.0,659.5,1.0,2.0,62.0,120.0,50.0,131.3,3.0
2023-12-30,southasia,5980.0,852.0,877.0,3443.7,3.0,17.0,454.0,30.0,13.0,12.4,9.0
2023-12-30,sudan,263.0,22.0,70.0,-147.9,1.0,2.0,11.0,16.0,6.0,-15.8,0.0
2023-12-30,taiwan,271.0,44.0,18.0,257.4,0.0,2.0,6.0,142.0,23.0,168.4,5.0
2023-12-30,ukraine,2539.0,360.0,844.0,-5265.2,28.0,15.0,84.0,1220.0,880.0,-5994.3,67.0
2023-12-30,venezuela,282.0,49.0,77.0,-174.4,1.0,3.0,35.0,191.0,97.0,63.8,24.0
2023-12-30,yemen,91.0,24.0,22.0,-180.8,5.0,2.0,1.0,33.0,18.0,-64.4,1.0
2023-12-31,drc,61.0,23.0,14.0,-127.0,0.0,0.0,3.0,2.0,0.0,0.0,0.0
2023-12-31,europe_east,401.0,75.0,65.0,-96.8,1.0,1.0,19.0,85.0,42.0,-110.3,8.0
2023-12-31,iran,911.0,136.0,296.0,-1749.5,11.0,3.0,46.0,218.0,156.0,-816.0,19.0
2023-12-31,israel,6442.0,1008.0,2226.0,-15072.0,77.0,26.0,365.0,1977.0,1222.0,-7775.9,112.0
2023-12-31,korea,864.0,167.0,129.0,-60.0,47.0,12.0,45.0,166.0,97.0,-232.7,8.0
2023-12-31,libya,10.0,1.0,3.0,-5.3,0.0,0.0,3.0,0.0,0.0,0.0,0.0
2023-12-31,scs,850.0,51.0,122.0,782.4,1.0,0.0,35.0,64.0,25.0,61.8,0.0
2023-12-31,southasia,5602.0,810.0,1054.0,-472.9,19.0,39.0,440.0,10.0,2.0,13.5,2.0
2023-12-31,sudan,245.0,30.0,45.0,60.9,2.0,1.0,7.0,5.0,4.0,-33.0,0.0
2023-12-31,taiwan,374.0,67.0,21.0,186.2,2.0,1.0,4.0,191.0,54.0,61.8,6.0
2023-12-31,ukraine,2011.0,306.0,622.0,-3674.6,30.0,0.0,65.0,1138.0,781.0,-4943.8,65.0
2023-12-31,venezuela,258.0,30.0,50.0,165.0,0.0,16.0,9.0,87.0,34.0,210.9,5.0
2023-12-31,yemen,347.0,55.0,170.0,-1614.8,13.0,0.0,8.0,145.0,105.0,-800.0,7.0
