day,theatre,loc_all,loc_q3,loc_q4,loc_gold,loc_mil138,loc_mob,loc_coerce,dy_all,dy_q34,dy_gold,dy_force
2024-01-01,drc,45.0,19.0,11.0,-91.9,0.0,0.0,0.0,11.0,2.0,10.1,0.0
2024-01-01,europe_east,307.0,48.0,23.0,315.6,0.0,0.0,15.0,45.0,27.0,-98.3,2.0
2024-01-01,iran,821.0,105.0,231.0,-999.7,11.0,1.0,23.0,180.0,119.0,-657.7,8.0
2024-01-01,israel,5758.0,989.0,1797.0,-11343.1,81.0,19.0,259.0,1638.0,956.0,-5074.3,101.0
2024-01-01,korea,794.0,166.0,84.0,313.7,14.0,8.0,22.0,178.0,71.0,14.5,9.0
2024-01-01,libya,69.0,12.0,18.0,-80.5,0.0,0.0,1.0,0.0,0.0,0.0,0.0
2024-01-01,scs,654.0,60.0,69.0,661.0,0.0,1.0,25.0,63.0,16.0,62.0,0.0
2024-01-01,southasia,5707.0,1013.0,828.0,1364.1,18.0,33.0,366.0,21.0,13.0,-17.6,6.0
2024-01-01,sudan,269.0,34.0,31.0,320.6,1.0,1.0,9.0,0.0,0.0,0.0,0.0
2024-01-01,taiwan,420.0,61.0,27.0,334.0,0.0,0.0,8.0,235.0,52.0,128.1,0.0
2024-01-01,ukraine,1681.0,235.0,587.0,-4157.5,31.0,10.0,61.0,959.0,726.0,-4743.0,64.0
2024-01-01,venezuela,95.0,18.0,20.0,-31.5,0.0,8.0,12.0,36.0,5.0,83.4,1.0
2024-01-01,yemen,311.0,31.0,129.0,-919.7,5.0,0.0,8.0,115.0,62.0,-335.7,2.0
2024-01-02,drc,70.0,7.0,13.0,-6.2,0.0,1.0,0.0,8.0,1.0,3.7,0.0
2024-01-02,europe_east,591.0,58.0,84.0,609.2,2.0,2.0,17.0,117.0,55.0,-262.2,4.0
2024-01-02,iran,1332.0,178.0,416.0,-2332.8,17.0,4.0,74.0,366.0,204.0,-975.9,21.0
2024-01-02,israel,9513.0,1825.0,3064.0,-21422.5,190.0,34.0,485.0,2926.0,1925.0,-11423.6,235.0
2024-01-02,korea,1563.0,258.0,304.0,-808.0,16.0,5.0,76.0,100.0,39.0,-57.3,9.0
2024-01-02,libya,78.0,40.0,2.0,53.0,0.0,0.0,0.0,0.0,0.0,0.0,0.0
2024-01-02,scs,1227.0,79.0,132.0,1901.6,0.0,9.0,70.0,51.0,9.0,191.9,0.0
2024-01-02,southasia,7765.0,1140.0,1153.0,2661.4,6.0,28.0,449.0,26.0,3.0,84.6,0.0
2024-01-02,sudan,552.0,68.0,96.0,53.1,4.0,2.0,24.0,14.0,3.0,18.3,1.0
2024-01-02,taiwan,441.0,61.0,42.0,284.4,2.0,6.0,7.0,173.0,77.0,-232.1,14.0
2024-01-02,ukraine,2512.0,383.0,871.0,-5808.1,63.0,16.0,66.0,1468.0,1040.0,-6716.9,89.0
2024-01-02,venezuela,211.0,9.0,32.0,17.6,0.0,5.0,7.0,41.0,9.0,95.5,0.0
2024-01-02,yemen,344.0,55.0,122.0,-885.3,8.0,4.0,10.0,136.0,77.0,-286.4,8.0
2024-01-03,drc,110.0,32.0,18.0,-135.2,0.0,0.0,1.0,4.0,3.0,-27.0,0.0
2024-01-03,europe_east,648.0,65.0,75.0,775.5,0.0,2.0,15.0,93.0,26.0,48.3,5.0
2024-01-03,iran,2384.0,417.0,730.0,-5030.0,37.0,2.0,96.0,633.0,330.0,-1455.0,39.0
2024-01-03,israel,10920.0,2308.0,2894.0,-18974.6,212.0,69.0,452.0,3279.0,2085.0,-11214.4,270.0
2024-01-03,korea,986.0,159.0,148.0,184.6,13.0,8.0,46.0,79.0,32.0,-3.7,2.0
2024-01-03,libya,24.0,5.0,5.0,-13.5,0.0,0.0,1.0,0.0,0.0,0.0,0.0
2024-01-03,scs,1561.0,128.0,139.0,2588.5,3.0,5.0,64.0,126.0,40.0,252.4,1.0
2024-01-03,southasia,7819.0,1324.0,1142.0,973.2,19.0,12.0,504.0,24.0,2.0,32.9,1.0
2024-01-03,sudan,417.0,59.0,72.0,130.1,4.0,0.0,1.0,19.0,5.0,18.8,0.0
2024-01-03,taiwan,322.0,53.0,27.0,207.3,2.0,3.0,11.0,141.0,31.0,64.8,6.0
2024-01-03,ukraine,2700.0,319.0,740.0,-2300.7,28.0,12.0,87.0,1299.0,759.0,-4134.8,60.0
2024-01-03,venezuela,325.0,45.0,74.0,63.3,0.0,1.0,57.0,68.0,19.0,93.7,4.0
2024-01-03,yemen,247.0,53.0,81.0,-559.3,7.0,2.0,7.0,91.0,56.0,-244.3,6.0
2024-01-04,drc,45.0,12.0,6.0,-56.1,0.0,0.0,1.0,1.0,1.0,-10.0,0.0
2024-01-04,europe_east,840.0,118.0,74.0,1083.8,4.0,1.0,45.0,104.0,49.0,-111.0,15.0
2024-01-04,iran,3263.0,794.0,764.0,-5134.8,84.0,6.0,85.0,908.0,580.0,-2298.0,24.0
2024-01-04,israel,10984.0,2273.0,2645.0,-16582.2,183.0,56.0,410.0,3117.0,1895.0,-9757.4,229.0
2024-01-04,korea,1161.0,176.0,194.0,66.3,8.0,7.0,49.0,181.0,96.0,-316.9,8.0
2024-01-04,libya,55.0,2.0,14.0,-49.1,0.0,0.0,0.0,0.0,0.0,0.0,0.0
2024-01-04,scs,1790.0,189.0,199.0,1945.0,3.0,6.0,56.0,190.0,63.0,202.6,9.0
2024-01-04,southasia,7795.0,1173.0,1097.0,4482.2,17.0,24.0,610.0,14.0,7.0,-45.7,4.0
2024-01-04,sudan,470.0,54.0,74.0,191.0,3.0,0.0,8.0,28.0,12.0,-32.5,0.0
2024-01-04,taiwan,342.0,62.0,28.0,354.0,2.0,0.0,14.0,126.0,26.0,182.7,4.0
2024-01-04,ukraine,2764.0,272.0,665.0,-564.4,12.0,13.0,104.0,1145.0,649.0,-3098.1,72.0
2024-01-04,venezuela,242.0,22.0,38.0,122.6,0.0,3.0,18.0,95.0,20.0,181.7,12.0
2024-01-04,yemen,363.0,84.0,79.0,-480.0,16.0,5.0,3.0,125.0,63.0,-293.9,10.0
2024-01-05,drc,28.0,5.0,10.0,-57.6,0.0,0.0,7.0,0.0,0.0,0.0,0.0
2024-01-05,europe_east,627.0,62.0,80.0,769.9,1.0,0.0,45.0,112.0,38.0,22.4,8.0
2024-01-05,iran,2064.0,367.0,556.0,-2910.7,39.0,2.0,80.0,427.0,286.0,-1443.6,13.0
2024-01-05,israel,9281.0,1626.0,2141.0,-9624.4,128.0,15.0,350.0,2554.0,1343.0,-6660.0,125.0
2024-01-05,korea,1714.0,265.0,516.0,-2685.1,10.0,16.0,85.0,400.0,249.0,-1325.3,16.0
2024-01-05,libya,80.0,13.0,25.0,-89.9,0.0,0.0,11.0,1.0,1.0,-4.0,0.0
2024-01-05,scs,1306.0,157.0,143.0,1463.6,8.0,6.0,69.0,169.0,62.0,315.7,9.0
2024-01-05,southasia,8385.0,1381.0,1101.0,4542.8,30.0,20.0,541.0,12.0,7.0,-26.0,4.0
2024-01-05,sudan,474.0,67.0,60.0,243.7,8.0,0.0,26.0,17.0,13.0,-33.1,0.0
2024-01-05,taiwan,487.0,65.0,53.0,419.2,1.0,12.0,21.0,173.0,46.0,166.9,7.0
2024-01-05,ukraine,2901.0,338.0,748.0,-1985.7,14.0,0.0,153.0,1147.0,704.0,-3935.5,34.0
2024-01-05,venezuela,205.0,16.0,24.0,225.3,0.0,0.0,7.0,38.0,6.0,104.1,1.0
2024-01-05,yemen,225.0,39.0,60.0,-313.0,1.0,0.0,11.0,81.0,41.0,-201.2,2.0
2024-01-06,drc,16.0,5.0,3.0,-22.0,0.0,0.0,2.0,0.0,0.0,0.0,0.0
2024-01-06,europe_east,307.0,35.0,34.0,397.1,0.0,1.0,12.0,45.0,23.0,-52.2,10.0
2024-01-06,iran,1045.0,171.0,299.0,-1647.5,14.0,2.0,60.0,261.0,152.0,-729.0,6.0
2024-01-06,israel,7419.0,1174.0,1954.0,-10611.8,123.0,21.0,288.0,2166.0,1234.0,-7379.5,128.0
2024-01-06,korea,820.0,128.0,239.0,-1339.0,3.0,9.0,39.0,235.0,116.0,-534.0,10.0
2024-01-06,libya,28.0,2.0,6.0,-6.4,0.0,0.0,3.0,0.0,0.0,0.0,0.0
2024-01-06,scs,877.0,72.0,72.0,1361.4,4.0,4.0,34.0,59.0,19.0,84.1,0.0
2024-01-06,southasia,5780.0,846.0,689.0,3487.1,10.0,6.0,372.0,3.0,1.0,-7.2,1.0
2024-01-06,sudan,371.0,69.0,65.0,-230.0,3.0,1.0,18.0,23.0,3.0,57.4,0.0
2024-01-06,taiwan,270.0,51.0,22.0,99.9,2.0,5.0,5.0,53.0,19.0,-9.3,5.0
2024-01-06,ukraine,1926.0,245.0,438.0,-966.9,21.0,12.0,58.0,854.0,516.0,-2886.1,38.0
2024-01-06,venezuela,139.0,11.0,10.0,295.1,0.0,0.0,5.0,50.0,2.0,205.4,0.0
2024-01-06,yemen,251.0,53.0,59.0,-360.0,3.0,2.0,4.0,77.0,48.0,-303.4,4.0
2024-01-07,drc,16.0,2.0,4.0,-29.4,1.0,0.0,0.0,4.0,2.0,0.0,2.0
2024-01-07,europe_east,352.0,33.0,20.0,685.2,0.0,0.0,9.0,1.0,1.0,-2.0,0.0
2024-01-07,iran,712.0,100.0,168.0,-651.6,6.0,2.0,34.0,167.0,79.0,-323.9,1.0
2024-01-07,israel,8120.0,1267.0,2123.0,-11295.6,118.0,46.0,219.0,2137.0,1304.0,-8200.6,109.0
2024-01-07,korea,770.0,142.0,218.0,-1276.6,16.0,0.0,28.0,217.0,137.0,-662.0,16.0
2024-01-07,libya,41.0,5.0,0.0,66.3,0.0,0.0,0.0,0.0,0.0,0.0,0.0
2024-01-07,scs,999.0,90.0,83.0,1513.7,0.0,6.0,31.0,52.0,15.0,99.8,0.0
2024-01-07,southasia,6152.0,946.0,689.0,5242.3,12.0,17.0,352.0,10.0,5.0,1.5,0.0
2024-01-07,sudan,179.0,27.0,39.0,-102.6,0.0,2.0,6.0,10.0,10.0,-100.0,0.0
2024-01-07,taiwan,347.0,54.0,47.0,100.9,4.0,1.0,29.0,117.0,35.0,48.0,6.0
2024-01-07,ukraine,1630.0,173.0,418.0,-947.2,8.0,8.0,66.0,602.0,428.0,-2713.6,24.0
2024-01-07,venezuela,116.0,12.0,15.0,111.9,0.0,0.0,9.0,33.0,3.0,77.6,2.0
2024-01-07,yemen,160.0,31.0,34.0,-249.0,9.0,1.0,4.0,48.0,18.0,-5.5,2.0
2024-01-08,drc,22.0,3.0,5.0,-40.2,0.0,0.0,0.0,0.0,0.0,0.0,0.0
2024-01-08,europe_east,753.0,68.0,81.0,1032.5,0.0,6.0,56.0,29.0,13.0,-25.5,5.0
2024-01-08,iran,1149.0,195.0,311.0,-1671.5,16.0,2.0,77.0,297.0,153.0,-799.3,5.0
2024-01-08,israel,11072.0,1917.0,2914.0,-17241.2,182.0,44.0,349.0,2741.0,1652.0,-10275.2,136.0
2024-01-08,korea,864.0,156.0,177.0,-569.5,8.0,6.0,35.0,146.0,88.0,-438.8,3.0
2024-01-08,libya,80.0,6.0,9.0,118.3,0.0,0.0,2.0,3.0,0.0,4.7,0.0
2024-01-08,scs,1684.0,156.0,102.0,2954.6,1.0,15.0,40.0,91.0,22.0,105.6,2.0
2024-01-08,southasia,9919.0,1556.0,1177.0,7125.6,14.0,23.0,583.0,18.0,3.0,-11.8,0.0
2024-01-08,sudan,341.0,52.0,70.0,-276.9,1.0,0.0,10.0,17.0,14.0,-113.0,0.0
2024-01-08,taiwan,498.0,68.0,46.0,431.0,3.0,1.0,27.0,207.0,69.0,-47.7,21.0
2024-01-08,ukraine,2585.0,271.0,715.0,-2786.3,24.0,5.0,101.0,913.0,668.0,-4829.0,40.0
2024-01-08,venezuela,194.0,30.0,28.0,62.7,1.0,0.0,11.0,48.0,21.0,-49.8,8.0
2024-01-08,yemen,243.0,23.0,66.0,-283.2,6.0,0.0,9.0,112.0,52.0,-220.3,5.0
2024-01-09,drc,30.0,3.0,4.0,22.6,0.0,0.0,4.0,0.0,0.0,0.0,0.0
2024-01-09,europe_east,1002.0,88.0,125.0,1500.5,2.0,9.0,72.0,98.0,36.0,-47.1,4.0
2024-01-09,iran,1244.0,193.0,364.0,-2072.0,8.0,5.0,77.0,304.0,163.0,-788.4,6.0
2024-01-09,israel,11432.0,1833.0,2955.0,-15430.3,104.0,49.0,452.0,2761.0,1604.0,-9790.7,141.0
2024-01-09,korea,1038.0,135.0,167.0,231.8,6.0,2.0,52.0,104.0,49.0,-192.9,1.0
2024-01-09,libya,68.0,12.0,7.0,26.4,1.0,0.0,1.0,0.0,0.0,0.0,0.0
2024-01-09,scs,1536.0,136.0,110.0,2612.6,0.0,4.0,57.0,95.0,2.0,355.7,1.0
2024-01-09,southasia,9715.0,1352.0,1213.0,7491.9,6.0,9.0,629.0,38.0,7.0,67.2,0.0
2024-01-09,sudan,395.0,56.0,76.0,-4.3,3.0,3.0,16.0,5.0,5.0,-44.0,0.0
2024-01-09,taiwan,807.0,139.0,89.0,230.9,6.0,9.0,34.0,419.0,143.0,-0.4,36.0
2024-01-09,ukraine,2798.0,348.0,570.0,-524.8,22.0,7.0,79.0,920.0,577.0,-3385.1,35.0
2024-01-09,venezuela,230.0,34.0,36.0,36.9,0.0,2.0,14.0,66.0,19.0,20.7,3.0
2024-01-09,yemen,172.0,32.0,37.0,-221.2,1.0,0.0,2.0,49.0,24.0,-70.4,0.0
2024-01-10,drc,45.0,8.0,3.0,62.6,0.0,0.0,1.0,11.0,3.0,-6.4,0.0
2024-01-10,europe_east,1969.0,167.0,192.0,3178.2,1.0,8.0,139.0,121.0,42.0,5.8,8.0
2024-01-10,iran,1078.0,169.0,350.0,-2201.9,10.0,2.0,51.0,220.0,126.0,-509.6,2.0
2024-01-10,israel,11058.0,1728.0,2350.0,-8163.1,94.0,25.0,464.0,2746.0,1351.0,-6215.4,144.0
2024-01-10,korea,1018.0,196.0,154.0,25.0,3.0,7.0,37.0,192.0,87.0,-146.1,2.0
2024-01-10,libya,62.0,4.0,11.0,53.0,0.0,0.0,5.0,0.0,0.0,0.0,0.0
2024-01-10,scs,1912.0,192.0,123.0,3076.2,0.0,5.0,60.0,149.0,38.0,271.9,0.0
2024-01-10,southasia,8933.0,1429.0,1111.0,5616.8,10.0,18.0,558.0,12.0,3.0,-3.2,3.0
2024-01-10,sudan,391.0,50.0,86.0,-98.8,0.0,0.0,16.0,14.0,5.0,-9.8,0.0
2024-01-10,taiwan,889.0,172.0,71.0,566.2,2.0,5.0,35.0,445.0,135.0,132.9,16.0
2024-01-10,ukraine,3007.0,341.0,450.0,1635.4,11.0,6.0,93.0,835.0,434.0,-2290.3,34.0
2024-01-10,venezuela,218.0,33.0,44.0,8.9,0.0,4.0,12.0,43.0,9.0,18.5,0.0
2024-01-10,yemen,523.0,59.0,232.0,-1741.9,8.0,2.0,16.0,215.0,133.0,-1021.6,8.0
2024-01-11,drc,53.0,11.0,7.0,6.1,0.0,0.0,6.0,8.0,2.0,4.1,2.0
2024-01-11,europe_east,2413.0,238.0,224.0,3809.2,1.0,5.0,146.0,201.0,91.0,-132.8,9.0
2024-01-11,iran,1612.0,256.0,390.0,-1678.1,16.0,2.0,110.0,332.0,155.0,-340.6,14.0
2024-01-11,israel,11116.0,1969.0,2282.0,-8431.1,84.0,28.0,513.0,2507.0,1148.0,-4216.2,97.0
2024-01-11,korea,857.0,125.0,101.0,630.3,2.0,5.0,41.0,84.0,27.0,-55.6,0.0
2024-01-11,libya,49.0,9.0,8.0,20.8,0.0,0.0,4.0,0.0,0.0,0.0,0.0
2024-01-11,scs,2080.0,200.0,162.0,2988.4,1.0,1.0,71.0,121.0,38.0,135.3,6.0
2024-01-11,southasia,9253.0,1452.0,1111.0,5673.9,6.0,11.0,512.0,9.0,6.0,-31.2,6.0
2024-01-11,sudan,388.0,70.0,70.0,-42.8,3.0,2.0,36.0,20.0,11.0,-56.7,0.0
2024-01-11,taiwan,1437.0,264.0,95.0,945.9,20.0,3.0,48.0,636.0,191.0,184.5,26.0
2024-01-11,ukraine,3571.0,501.0,538.0,1403.5,35.0,14.0,112.0,956.0,569.0,-2858.1,51.0
2024-01-11,venezuela,185.0,28.0,36.0,-73.8,3.0,0.0,13.0,68.0,13.0,78.2,4.0
2024-01-11,yemen,680.0,139.0,161.0,-704.4,21.0,2.0,20.0,249.0,146.0,-915.3,15.0
2024-01-12,drc,29.0,9.0,0.0,19.7,0.0,0.0,0.0,24.0,8.0,17.2,2.0
2024-01-12,europe_east,1408.0,128.0,135.0,2220.0,3.0,4.0,81.0,183.0,55.0,41.9,18.0
2024-01-12,iran,2605.0,576.0,498.0,-1980.1,64.0,7.0,102.0,505.0,274.0,-952.0,33.0
2024-01-12,israel,9409.0,1859.0,2037.0,-10488.1,104.0,22.0,343.0,2058.0,1016.0,-4456.5,80.0
2024-01-12,korea,1105.0,279.0,111.0,101.5,4.0,2.0,47.0,106.0,45.0,-112.2,8.0
2024-01-12,libya,98.0,18.0,17.0,-30.9,1.0,2.0,6.0,0.0,0.0,0.0,0.0
2024-01-12,scs,1966.0,176.0,131.0,3652.3,6.0,4.0,80.0,146.0,22.0,359.0,5.0
2024-01-12,southasia,8807.0,1104.0,1132.0,6356.5,13.0,25.0,526.0,30.0,20.0,-66.4,13.0
2024-01-12,sudan,301.0,32.0,58.0,-47.1,3.0,0.0,11.0,16.0,14.0,-121.0,0.0
2024-01-12,taiwan,1186.0,208.0,114.0,753.1,17.0,10.0,50.0,474.0,161.0,143.2,44.0
2024-01-12,ukraine,3751.0,395.0,518.0,4032.9,22.0,18.0,170.0,888.0,455.0,-1479.7,61.0
2024-01-12,venezuela,121.0,24.0,21.0,-73.2,0.0,0.0,10.0,23.0,12.0,-15.8,3.0
2024-01-12,yemen,2682.0,569.0,647.0,-3295.9,103.0,10.0,34.0,1229.0,834.0,-5961.2,72.0
2024-01-13,drc,80.0,14.0,6.0,166.8,0.0,3.0,0.0,7.0,5.0,-11.3,0.0
2024-01-13,europe_east,568.0,59.0,62.0,620.8,2.0,7.0,23.0,58.0,31.0,-186.7,5.0
2024-01-13,iran,1446.0,303.0,262.0,-457.7,31.0,5.0,41.0,334.0,175.0,-638.0,19.0
2024-01-13,israel,6334.0,1319.0,1462.0,-8520.9,70.0,26.0,256.0,1668.0,905.0,-4627.6,80.0
2024-01-13,korea,397.0,98.0,30.0,156.0,2.0,1.0,8.0,32.0,11.0,-55.0,6.0
2024-01-13,libya,38.0,4.0,9.0,-51.7,0.0,2.0,1.0,0.0,0.0,0.0,0.0
2024-01-13,scs,1119.0,108.0,117.0,1645.4,4.0,7.0,57.0,106.0,29.0,153.6,6.0
2024-01-13,southasia,7365.0,1105.0,939.0,3911.5,16.0,20.0,390.0,23.0,8.0,10.3,2.0
2024-01-13,sudan,247.0,39.0,33.0,-9.3,0.0,0.0,3.0,2.0,2.0,-20.0,0.0
2024-01-13,taiwan,1673.0,298.0,91.0,1799.8,26.0,4.0,47.0,726.0,292.0,-106.9,58.0
2024-01-13,ukraine,2290.0,251.0,426.0,788.0,8.0,15.0,76.0,656.0,385.0,-2078.9,51.0
2024-01-13,venezuela,98.0,13.0,19.0,-10.3,3.0,0.0,7.0,7.0,4.0,-12.6,0.0
2024-01-13,yemen,1379.0,328.0,355.0,-2628.7,42.0,7.0,22.0,680.0,456.0,-2811.3,22.0
2024-01-14,drc,52.0,7.0,7.0,130.3,0.0,5.0,0.0,14.0,11.0,-47.6,8.0
2024-01-14,europe_east,392.0,40.0,47.0,347.7,0.0,0.0,22.0,24.0,10.0,5.2,5.0
2024-01-14,iran,1309.0,200.0,303.0,-389.2,34.0,11.0,114.0,210.0,113.0,-578.1,12.0
2024-01-14,israel,7694.0,1495.0,2096.0,-13558.5,95.0,38.0,353.0,1979.0,1150.0,-6408.0,120.0
2024-01-14,korea,744.0,77.0,183.0,-375.3,3.0,0.0,12.0,222.0,141.0,-1029.9,10.0
2024-01-14,libya,73.0,7.0,7.0,116.6,0.0,0.0,0.0,0.0,0.0,0.0,0.0
2024-01-14,scs,836.0,59.0,69.0,1548.1,0.0,2.0,37.0,54.0,13.0,64.9,3.0
2024-01-14,southasia,6530.0,966.0,841.0,3845.5,17.0,14.0,388.0,14.0,4.0,10.3,0.0
2024-01-14,sudan,213.0,46.0,58.0,-349.6,1.0,0.0,8.0,6.0,6.0,-60.0,0.0
2024-01-14,taiwan,1345.0,266.0,69.0,1347.4,14.0,4.0,21.0,600.0,228.0,99.3,17.0
2024-01-14,ukraine,1798.0,185.0,264.0,1633.2,6.0,7.0,57.0,540.0,295.0,-1418.3,27.0
2024-01-14,venezuela,94.0,5.0,14.0,142.0,0.0,0.0,6.0,12.0,4.0,20.4,0.0
2024-01-14,yemen,768.0,178.0,190.0,-1561.9,10.0,4.0,24.0,362.0,248.0,-1699.1,27.0
2024-01-15,drc,53.0,10.0,7.0,36.1,0.0,0.0,1.0,2.0,2.0,-4.0,0.0
2024-01-15,europe_east,1018.0,146.0,107.0,1194.8,3.0,7.0,44.0,93.0,42.0,-147.6,14.0
2024-01-15,iran,1947.0,281.0,417.0,-506.7,19.0,3.0,166.0,412.0,241.0,-1024.5,27.0
2024-01-15,israel,8802.0,1509.0,2303.0,-12581.3,80.0,57.0,443.0,2079.0,1185.0,-6517.4,136.0
2024-01-15,korea,1237.0,179.0,192.0,-21.2,10.0,6.0,20.0,269.0,160.0,-691.8,21.0
2024-01-15,libya,78.0,6.0,8.0,96.1,2.0,0.0,3.0,0.0,0.0,0.0,0.0
2024-01-15,scs,1727.0,138.0,95.0,3116.0,15.0,13.0,35.0,74.0,28.0,95.1,4.0
2024-01-15,southasia,7373.0,1074.0,859.0,5621.1,13.0,18.0,391.0,13.0,0.0,52.4,0.0
2024-01-15,sudan,366.0,35.0,113.0,-484.3,0.0,0.0,19.0,13.0,7.0,-58.6,0.0
2024-01-15,taiwan,1469.0,206.0,145.0,1612.0,6.0,8.0,88.0,525.0,235.0,-204.5,15.0
2024-01-15,ukraine,3347.0,318.0,543.0,2685.6,11.0,19.0,130.0,1002.0,485.0,-2076.2,82.0
2024-01-15,venezuela,120.0,11.0,11.0,159.0,0.0,0.0,1.0,30.0,10.0,-30.9,0.0
2024-01-15,yemen,1202.0,184.0,507.0,-4389.7,28.0,7.0,25.0,680.0,527.0,-4187.7,37.0
2024-01-16,drc,82.0,11.0,14.0,13.6,0.0,0.0,2.0,26.0,23.0,-125.0,0.0
2024-01-16,europe_east,1154.0,147.0,158.0,976.9,9.0,6.0,68.0,134.0,69.0,-198.8,38.0
2024-01-16,iran,2941.0,474.0,884.0,-5449.6,26.0,4.0,155.0,609.0,382.0,-1793.6,27.0
2024-01-16,israel,9206.0,1534.0,2224.0,-10475.6,109.0,24.0,418.0,2377.0,1294.0,-6347.5,124.0
2024-01-16,korea,1388.0,249.0,118.0,1370.7,22.0,2.0,37.0,306.0,130.0,-62.4,16.0
2024-01-16,libya,118.0,12.0,14.0,123.3,1.0,0.0,10.0,3.0,1.0,-2.0,0.0
2024-01-16,scs,1801.0,187.0,117.0,2935.5,4.0,8.0,44.0,219.0,93.0,-4.5,5.0
2024-01-16,southasia,8075.0,1313.0,1044.0,3720.3,31.0,26.0,532.0,10.0,2.0,28.1,0.0
2024-01-16,sudan,547.0,54.0,107.0,113.3,0.0,2.0,27.0,7.0,5.0,-42.0,0.0
2024-01-16,taiwan,1087.0,173.0,107.0,894.8,5.0,2.0,59.0,385.0,162.0,-110.9,19.0
2024-01-16,ukraine,3566.0,401.0,450.0,3288.7,27.0,24.0,127.0,923.0,442.0,-1833.6,71.0
2024-01-16,venezuela,212.0,35.0,29.0,147.9,1.0,0.0,14.0,45.0,11.0,-12.6,0.0
2024-01-16,yemen,1030.0,169.0,353.0,-2889.6,23.0,1.0,16.0,508.0,355.0,-2617.3,21.0
2024-01-17,drc,115.0,16.0,16.0,22.1,5.0,0.0,3.0,16.0,12.0,-79.8,1.0
2024-01-17,europe_east,1091.0,142.0,111.0,1461.2,1.0,3.0,66.0,95.0,41.0,-49.9,16.0
2024-01-17,iran,3818.0,748.0,1343.0,-10413.9,46.0,2.0,193.0,559.0,313.0,-1348.7,28.0
2024-01-17,israel,9480.0,1566.0,2285.0,-10338.9,110.0,15.0,417.0,2462.0,1387.0,-7573.2,146.0
2024-01-17,korea,1447.0,148.0,128.0,2602.2,9.0,2.0,36.0,170.0,65.0,-67.6,6.0
2024-01-17,libya,129.0,11.0,10.0,239.6,0.0,0.0,5.0,0.0,0.0,0.0,0.0
2024-01-17,scs,1855.0,205.0,130.0,2936.6,1.0,2.0,62.0,184.0,64.0,-28.3,0.0
2024-01-17,southasia,9248.0,1514.0,1438.0,1784.0,68.0,28.0,564.0,15.0,8.0,-18.3,3.0
2024-01-17,sudan,576.0,45.0,90.0,560.0,1.0,2.0,38.0,10.0,10.0,-85.5,0.0
2024-01-17,taiwan,817.0,143.0,56.0,724.0,2.0,3.0,33.0,285.0,104.0,75.6,9.0
2024-01-17,ukraine,4040.0,467.0,540.0,3699.6,32.0,26.0,111.0,1047.0,508.0,-1998.9,45.0
2024-01-17,venezuela,181.0,16.0,27.0,127.0,1.0,0.0,16.0,48.0,7.0,35.1,5.0
2024-01-17,yemen,858.0,132.0,266.0,-1663.4,12.0,7.0,18.0,344.0,240.0,-1721.8,10.0
2024-01-18,drc,39.0,6.0,0.0,70.1,0.0,0.0,0.0,18.0,5.0,-3.1,0.0
2024-01-18,europe_east,1216.0,133.0,107.0,1482.1,2.0,3.0,61.0,98.0,42.0,-43.9,17.0
2024-01-18,iran,4962.0,890.0,1740.0,-13016.8,49.0,8.0,274.0,556.0,339.0,-1433.6,23.0
2024-01-18,israel,9423.0,1643.0,2202.0,-9830.9,137.0,25.0,431.0,2414.0,1404.0,-7400.7,168.0
2024-01-18,korea,1183.0,126.0,129.0,1247.8,4.0,3.0,37.0,211.0,76.0,-46.2,5.0
2024-01-18,libya,78.0,1.0,6.0,171.9,0.0,0.0,0.0,0.0,0.0,0.0,0.0
2024-01-18,scs,1772.0,196.0,127.0,2927.4,5.0,3.0,57.0,376.0,106.0,322.6,21.0
2024-01-18,southasia,10899.0,1640.0,2004.0,-1855.1,41.0,40.0,609.0,29.0,15.0,-95.9,3.0
2024-01-18,sudan,526.0,41.0,67.0,474.9,0.0,8.0,24.0,2.0,2.0,-20.0,0.0
2024-01-18,taiwan,573.0,66.0,34.0,856.5,2.0,1.0,28.0,207.0,50.0,236.3,9.0
2024-01-18,ukraine,3441.0,365.0,622.0,1643.0,19.0,31.0,148.0,864.0,477.0,-2324.4,49.0
2024-01-18,venezuela,134.0,9.0,20.0,154.7,0.0,4.0,10.0,21.0,5.0,14.8,2.0
2024-01-18,yemen,924.0,163.0,304.0,-2266.7,13.0,3.0,38.0,384.0,270.0,-1782.3,23.0
2024-01-19,drc,59.0,1.0,3.0,171.9,0.0,0.0,1.0,6.0,0.0,20.0,0.0
2024-01-19,europe_east,1130.0,123.0,98.0,2077.9,7.0,3.0,37.0,154.0,51.0,134.9,6.0
2024-01-19,iran,3330.0,583.0,982.0,-6123.6,38.0,10.0,138.0,529.0,269.0,-1020.7,22.0
2024-01-19,israel,8719.0,1533.0,1969.0,-9143.6,132.0,33.0,399.0,2266.0,1264.0,-6375.0,144.0
2024-01-19,korea,1405.0,262.0,181.0,846.5,12.0,5.0,39.0,313.0,132.0,167.4,21.0
2024-01-19,libya,46.0,4.0,5.0,105.2,0.0,0.0,3.0,0.0,0.0,0.0,0.0
2024-01-19,scs,1865.0,134.0,141.0,3358.5,0.0,1.0,91.0,230.0,61.0,227.3,18.0
2024-01-19,southasia,9519.0,1394.0,1358.0,3953.2,20.0,19.0,505.0,10.0,0.0,13.4,0.0
2024-01-19,sudan,638.0,101.0,151.0,-650.2,1.0,2.0,34.0,11.0,7.0,-38.0,0.0
2024-01-19,taiwan,546.0,71.0,49.0,385.8,10.0,1.0,14.0,134.0,36.0,24.1,5.0
2024-01-19,ukraine,3128.0,417.0,595.0,331.6,24.0,26.0,122.0,845.0,477.0,-2346.7,72.0
2024-01-19,venezuela,169.0,17.0,11.0,303.5,0.0,0.0,3.0,32.0,9.0,36.2,0.0
2024-01-19,yemen,656.0,99.0,224.0,-1567.5,19.0,5.0,25.0,284.0,182.0,-1211.3,26.0
2024-01-20,drc,43.0,12.0,2.0,12.7,0.0,0.0,0.0,5.0,1.0,2.0,0.0
2024-01-20,europe_east,644.0,48.0,46.0,1313.0,0.0,5.0,16.0,63.0,14.0,58.4,2.0
2024-01-20,iran,2089.0,357.0,652.0,-4660.2,14.0,10.0,53.0,661.0,391.0,-2269.4,12.0
2024-01-20,israel,6948.0,1363.0,1717.0,-11209.8,74.0,28.0,226.0,2330.0,1394.0,-7788.0,100.0
2024-01-20,korea,520.0,92.0,111.0,-44.9,3.0,5.0,50.0,130.0,50.0,143.0,30.0
2024-01-20,libya,37.0,1.0,1.0,158.5,0.0,0.0,0.0,0.0,0.0,0.0,0.0
2024-01-20,scs,969.0,80.0,78.0,1363.7,0.0,3.0,37.0,57.0,10.0,103.2,0.0
2024-01-20,southasia,7436.0,1098.0,1103.0,2386.4,10.0,31.0,515.0,11.0,6.0,-1.0,1.0
2024-01-20,sudan,335.0,41.0,67.0,-164.0,0.0,1.0,18.0,8.0,1.0,6.0,0.0
2024-01-20,taiwan,277.0,39.0,20.0,279.6,2.0,1.0,8.0,78.0,16.0,107.6,2.0
2024-01-20,ukraine,1558.0,226.0,262.0,-89.1,11.0,13.0,41.0,487.0,260.0,-1208.0,34.0
2024-01-20,venezuela,242.0,20.0,35.0,73.7,4.0,0.0,18.0,19.0,13.0,-50.6,7.0
2024-01-20,yemen,286.0,38.0,87.0,-530.7,5.0,1.0,4.0,135.0,72.0,-466.2,7.0
2024-01-21,drc,30.0,6.0,3.0,2.4,0.0,0.0,2.0,2.0,2.0,-20.0,0.0
2024-01-21,europe_east,666.0,46.0,45.0,1202.8,3.0,8.0,15.0,35.0,11.0,-31.2,5.0
2024-01-21,iran,1620.0,320.0,484.0,-3870.1,36.0,4.0,32.0,435.0,288.0,-1454.5,26.0
2024-01-21,israel,7535.0,1411.0,2059.0,-13754.2,82.0,29.0,289.0,2276.0,1395.0,-7816.9,124.0
2024-01-21,korea,652.0,72.0,61.0,827.3,5.0,1.0,24.0,119.0,28.0,187.6,12.0
2024-01-21,libya,75.0,4.0,3.0,172.8,0.0,0.0,2.0,0.0,0.0,0.0,0.0
2024-01-21,scs,1209.0,80.0,66.0,2200.4,2.0,0.0,35.0,71.0,19.0,41.4,0.0
2024-01-21,southasia,6357.0,915.0,862.0,2455.7,7.0,35.0,357.0,9.0,2.0,5.7,1.0
2024-01-21,sudan,289.0,44.0,57.0,8.2,0.0,0.0,28.0,2.0,2.0,-4.0,0.0
2024-01-21,taiwan,328.0,49.0,24.0,247.7,1.0,0.0,15.0,86.0,34.0,-1.3,4.0
2024-01-21,ukraine,1747.0,235.0,451.0,-1678.4,12.0,16.0,75.0,736.0,495.0,-3045.7,44.0
2024-01-21,venezuela,112.0,14.0,17.0,50.7,3.0,0.0,4.0,18.0,4.0,26.6,0.0
2024-01-21,yemen,266.0,31.0,93.0,-648.9,4.0,2.0,5.0,105.0,63.0,-453.6,0.0
2024-01-22,drc,99.0,8.0,1.0,197.3,0.0,0.0,0.0,8.0,1.0,12.4,0.0
2024-01-22,europe_east,1793.0,145.0,122.0,3702.5,4.0,6.0,40.0,97.0,28.0,120.2,4.0
2024-01-22,iran,1766.0,254.0,490.0,-2288.1,31.0,2.0,96.0,345.0,191.0,-928.7,15.0
2024-01-22,israel,8896.0,1618.0,1906.0,-7808.6,91.0,26.0,327.0,2360.0,1276.0,-5818.2,120.0
2024-01-22,korea,1072.0,127.0,115.0,1251.1,11.0,5.0,65.0,135.0,59.0,-99.5,20.0
2024-01-22,libya,61.0,2.0,5.0,98.7,0.0,0.0,1.0,0.0,0.0,0.0,0.0
2024-01-22,scs,2152.0,184.0,188.0,3536.5,4.0,4.0,90.0,147.0,55.0,178.7,13.0
2024-01-22,southasia,8893.0,1333.0,1092.0,4686.9,17.0,41.0,451.0,11.0,10.0,-68.2,7.0
2024-01-22,sudan,405.0,54.0,74.0,-16.9,0.0,0.0,21.0,13.0,7.0,-39.4,0.0
2024-01-22,taiwan,398.0,50.0,31.0,461.8,1.0,2.0,8.0,116.0,52.0,-178.6,4.0
2024-01-22,ukraine,3273.0,481.0,544.0,1476.5,15.0,10.0,137.0,1136.0,631.0,-2622.9,61.0
2024-01-22,venezuela,145.0,12.0,35.0,41.5,1.0,0.0,19.0,27.0,18.0,-57.8,2.0
2024-01-22,yemen,348.0,52.0,119.0,-854.6,10.0,1.0,4.0,162.0,107.0,-790.9,0.0
2024-01-23,drc,94.0,16.0,8.0,76.1,1.0,0.0,4.0,33.0,10.0,57.8,0.0
2024-01-23,europe_east,1667.0,124.0,126.0,3218.7,3.0,3.0,52.0,81.0,32.0,-89.8,13.0
2024-01-23,iran,2155.0,362.0,618.0,-3307.0,24.0,4.0,176.0,334.0,184.0,-1004.3,21.0
2024-01-23,israel,9336.0,1444.0,2195.0,-9707.8,81.0,25.0,409.0,2401.0,1273.0,-6904.8,114.0
2024-01-23,korea,814.0,105.0,109.0,772.2,1.0,14.0,34.0,100.0,31.0,31.8,15.0
2024-01-23,libya,127.0,7.0,20.0,145.4,0.0,0.0,5.0,0.0,0.0,0.0,0.0
2024-01-23,scs,2235.0,221.0,182.0,3536.6,3.0,5.0,109.0,217.0,82.0,-86.0,11.0
2024-01-23,southasia,8345.0,1000.0,958.0,6922.0,8.0,33.0,425.0,13.0,8.0,-49.6,5.0
2024-01-23,sudan,374.0,89.0,116.0,-790.6,3.0,0.0,15.0,12.0,11.0,-84.6,0.0
2024-01-23,taiwan,499.0,87.0,60.0,266.5,2.0,3.0,28.0,148.0,65.0,-130.5,6.0
2024-01-23,ukraine,3556.0,433.0,702.0,-396.3,29.0,6.0,141.0,991.0,535.0,-2753.6,34.0
2024-01-23,venezuela,342.0,39.0,59.0,324.3,0.0,2.0,38.0,40.0,14.0,31.4,6.0
2024-01-23,yemen,803.0,123.0,288.0,-2121.3,20.0,6.0,25.0,475.0,329.0,-2291.1,14.0
2024-01-24,drc,63.0,12.0,10.0,27.9,0.0,0.0,9.0,10.0,5.0,11.2,0.0
2024-01-24,europe_east,1381.0,131.0,137.0,2512.0,6.0,7.0,67.0,113.0,48.0,-53.9,5.0
2024-01-24,iran,1649.0,268.0,401.0,-1548.9,17.0,4.0,116.0,394.0,191.0,-867.7,12.0
2024-01-24,israel,8972.0,1776.0,1982.0,-9545.5,102.0,16.0,437.0,2133.0,1177.0,-5707.6,104.0
2024-01-24,korea,1187.0,135.0,218.0,48.7,18.0,3.0,46.0,254.0,111.0,-424.1,9.0
2024-01-24,libya,75.0,5.0,10.0,90.7,0.0,0.0,4.0,0.0,0.0,0.0,0.0
2024-01-24,scs,2262.0,216.0,188.0,3479.2,2.0,2.0,99.0,180.0,58.0,53.8,4.0
2024-01-24,southasia,8605.0,1276.0,1052.0,4854.9,42.0,51.0,408.0,20.0,6.0,8.4,4.0
2024-01-24,sudan,330.0,34.0,43.0,248.0,0.0,0.0,9.0,16.0,10.0,-41.0,0.0
2024-01-24,taiwan,527.0,66.0,50.0,845.7,2.0,1.0,40.0,181.0,39.0,365.3,1.0
2024-01-24,ukraine,4077.0,516.0,782.0,912.2,22.0,18.0,120.0,1428.0,854.0,-4204.9,55.0
2024-01-24,venezuela,336.0,55.0,54.0,290.5,0.0,0.0,40.0,74.0,16.0,219.2,2.0
2024-01-24,yemen,720.0,118.0,224.0,-1678.3,20.0,2.0,12.0,333.0,251.0,-1700.7,27.0
2024-01-25,drc,53.0,15.0,9.0,-48.1,0.0,2.0,0.0,49.0,24.0,11.1,2.0
2024-01-25,europe_east,1417.0,97.0,163.0,2248.8,6.0,3.0,77.0,243.0,55.0,249.8,30.0
2024-01-25,iran,1384.0,251.0,360.0,-1951.0,26.0,5.0,78.0,305.0,161.0,-671.6,11.0
2024-01-25,israel,8930.0,1639.0,1864.0,-7226.8,77.0,31.0,364.0,2097.0,1115.0,-5265.0,95.0
2024-01-25,korea,1196.0,203.0,217.0,-267.4,15.0,13.0,68.0,225.0,102.0,-206.3,21.0
2024-01-25,libya,120.0,7.0,10.0,253.6,0.0,0.0,3.0,0.0,0.0,0.0,0.0
2024-01-25,scs,2028.0,194.0,183.0,3080.1,1.0,6.0,72.0,151.0,54.0,86.2,1.0
2024-01-25,southasia,10031.0,1464.0,1209.0,6292.9,18.0,39.0,451.0,13.0,8.0,-49.0,0.0
2024-01-25,sudan,455.0,44.0,77.0,89.9,0.0,3.0,23.0,15.0,13.0,-87.3,0.0
2024-01-25,taiwan,781.0,96.0,54.0,1078.3,3.0,0.0,32.0,200.0,53.0,99.3,2.0
2024-01-25,ukraine,4169.0,627.0,838.0,-1117.8,28.0,16.0,235.0,1761.0,1000.0,-4153.0,108.0
2024-01-25,venezuela,342.0,37.0,32.0,472.8,1.0,0.0,20.0,125.0,27.0,235.5,1.0
2024-01-25,yemen,490.0,82.0,211.0,-1677.5,12.0,6.0,23.0,202.0,148.0,-1033.8,20.0
2024-01-26,drc,70.0,12.0,16.0,-11.5,0.0,0.0,5.0,13.0,5.0,19.4,1.0
2024-01-26,europe_east,1318.0,144.0,155.0,1811.4,7.0,4.0,95.0,187.0,56.0,-68.9,22.0
2024-01-26,iran,1290.0,225.0,290.0,-1094.1,23.0,4.0,60.0,222.0,103.0,-401.5,14.0
2024-01-26,israel,9871.0,1867.0,1850.0,-5754.3,83.0,33.0,449.0,1937.0,1021.0,-4650.2,103.0
2024-01-26,korea,1232.0,156.0,157.0,896.5,8.0,9.0,46.0,137.0,49.0,-100.5,7.0
2024-01-26,libya,87.0,7.0,12.0,144.0,0.0,0.0,6.0,0.0,0.0,0.0,0.0
2024-01-26,scs,1665.0,163.0,109.0,2769.3,0.0,2.0,39.0,104.0,51.0,-20.1,2.0
2024-01-26,southasia,8320.0,1128.0,797.0,7442.4,18.0,33.0,298.0,26.0,16.0,-86.8,0.0
2024-01-26,sudan,363.0,34.0,71.0,30.5,0.0,0.0,30.0,1.0,0.0,7.0,0.0
2024-01-26,taiwan,515.0,53.0,43.0,651.8,0.0,2.0,19.0,156.0,44.0,66.4,9.0
2024-01-26,ukraine,3723.0,600.0,633.0,53.7,36.0,11.0,169.0,1142.0,638.0,-2832.1,80.0
2024-01-26,venezuela,373.0,49.0,59.0,322.6,1.0,1.0,38.0,103.0,19.0,214.5,2.0
2024-01-26,yemen,394.0,48.0,146.0,-928.7,5.0,2.0,11.0,171.0,122.0,-961.7,6.0
2024-01-27,drc,52.0,4.0,9.0,3.7,0.0,2.0,3.0,22.0,13.0,-2.3,0.0
2024-01-27,europe_east,930.0,81.0,125.0,1803.1,5.0,4.0,67.0,59.0,11.0,61.5,0.0
2024-01-27,iran,1144.0,156.0,309.0,-1406.9,14.0,4.0,45.0,126.0,57.0,-122.1,6.0
2024-01-27,israel,7304.0,1449.0,1416.0,-4315.9,46.0,18.0,305.0,1589.0,875.0,-3810.8,66.0
2024-01-27,korea,474.0,44.0,53.0,433.6,3.0,2.0,11.0,62.0,16.0,7.9,7.0
2024-01-27,libya,37.0,1.0,7.0,33.6,1.0,0.0,2.0,0.0,0.0,0.0,0.0
2024-01-27,scs,1192.0,96.0,182.0,945.5,0.0,0.0,47.0,85.0,30.0,-12.4,2.0
2024-01-27,southasia,7322.0,1047.0,858.0,4092.5,13.0,20.0,327.0,10.0,7.0,-35.5,1.0
2024-01-27,sudan,172.0,24.0,45.0,-157.6,0.0,1.0,15.0,2.0,2.0,-19.5,0.0
2024-01-27,taiwan,374.0,51.0,21.0,575.3,0.0,0.0,11.0,187.0,57.0,99.8,1.0
2024-01-27,ukraine,1791.0,259.0,290.0,450.6,8.0,6.0,42.0,571.0,319.0,-1477.9,16.0
2024-01-27,venezuela,245.0,80.0,44.0,-199.9,0.0,0.0,32.0,41.0,9.0,91.1,2.0
2024-01-27,yemen,375.0,52.0,160.0,-1241.5,0.0,1.0,2.0,198.0,142.0,-1127.6,3.0
2024-01-28,drc,38.0,0.0,0.0,62.9,0.0,0.0,0.0,0.0,0.0,0.0,0.0
2024-01-28,europe_east,1105.0,100.0,73.0,3709.7,0.0,3.0,33.0,65.0,14.0,50.2,4.0
2024-01-28,iran,1651.0,288.0,455.0,-2776.5,20.0,3.0,57.0,285.0,181.0,-840.6,11.0
2024-01-28,israel,7197.0,1251.0,1575.0,-4818.9,55.0,21.0,293.0,1885.0,967.0,-3798.1,98.0
2024-01-28,korea,616.0,67.0,158.0,-677.4,11.0,4.0,23.0,139.0,99.0,-643.4,16.0
2024-01-28,libya,49.0,3.0,4.0,68.5,0.0,0.0,0.0,0.0,0.0,0.0,0.0
2024-01-28,scs,1429.0,178.0,106.0,2009.1,0.0,5.0,61.0,25.0,12.0,-5.3,2.0
2024-01-28,southasia,6508.0,926.0,924.0,2469.3,18.0,15.0,343.0,7.0,7.0,-47.2,1.0
2024-01-28,sudan,269.0,13.0,85.0,-296.0,0.0,3.0,10.0,4.0,3.0,-21.6,1.0
2024-01-28,taiwan,423.0,56.0,15.0,1141.8,1.0,2.0,6.0,122.0,38.0,40.5,2.0
2024-01-28,ukraine,1586.0,213.0,376.0,-954.9,14.0,12.0,71.0,472.0,280.0,-1613.5,24.0
2024-01-28,venezuela,144.0,33.0,22.0,-6.5,0.0,0.0,20.0,26.0,9.0,3.6,1.0
2024-01-28,yemen,282.0,36.0,137.0,-1132.5,8.0,2.0,14.0,123.0,88.0,-671.6,10.0
2024-01-29,drc,39.0,2.0,1.0,111.8,0.0,0.0,0.0,0.0,0.0,0.0,0.0
2024-01-29,europe_east,1494.0,147.0,123.0,3418.3,3.0,3.0,68.0,134.0,54.0,-28.3,5.0
2024-01-29,iran,4021.0,844.0,1057.0,-6804.4,86.0,13.0,175.0,1101.0,695.0,-3056.9,82.0
2024-01-29,israel,10127.0,1759.0,2393.0,-9108.8,82.0,27.0,479.0,2791.0,1535.0,-6910.6,124.0
2024-01-29,korea,906.0,88.0,146.0,262.9,6.0,6.0,11.0,94.0,23.0,-2.3,4.0
2024-01-29,libya,61.0,5.0,6.0,133.0,0.0,0.0,0.0,0.0,0.0,0.0,0.0
2024-01-29,scs,2758.0,365.0,173.0,4465.4,0.0,6.0,73.0,150.0,34.0,238.8,2.0
2024-01-29,southasia,9137.0,1511.0,1165.0,3557.5,34.0,29.0,487.0,10.0,4.0,-19.0,3.0
2024-01-29,sudan,863.0,90.0,287.0,-1908.3,0.0,12.0,27.0,16.0,8.0,-43.6,2.0
2024-01-29,taiwan,305.0,42.0,20.0,446.2,2.0,1.0,11.0,81.0,24.0,39.9,4.0
2024-01-29,ukraine,3220.0,437.0,512.0,1493.0,26.0,24.0,132.0,698.0,403.0,-2044.7,37.0
2024-01-29,venezuela,288.0,61.0,67.0,22.3,0.0,0.0,62.0,98.0,34.0,77.0,13.0
2024-01-29,yemen,397.0,73.0,151.0,-1271.4,10.0,3.0,6.0,166.0,120.0,-964.5,3.0
2024-01-30,drc,35.0,3.0,6.0,-4.9,0.0,0.0,0.0,10.0,10.0,-67.0,2.0
2024-01-30,europe_east,1283.0,123.0,74.0,3533.2,0.0,0.0,41.0,57.0,34.0,-69.2,8.0
2024-01-30,iran,2959.0,642.0,829.0,-5640.7,79.0,19.0,144.0,828.0,469.0,-1576.1,70.0
2024-01-30,israel,10245.0,1748.0,2361.0,-8266.7,113.0,27.0,444.0,2877.0,1520.0,-6448.0,121.0
2024-01-30,korea,1020.0,116.0,206.0,-592.0,9.0,1.0,50.0,159.0,83.0,-655.9,5.0
2024-01-30,libya,85.0,9.0,10.0,101.6,0.0,0.0,3.0,0.0,0.0,0.0,0.0
2024-01-30,scs,2876.0,234.0,213.0,5293.8,1.0,3.0,68.0,267.0,74.0,369.8,25.0
2024-01-30,southasia,9220.0,1414.0,1622.0,-146.7,20.0,26.0,705.0,13.0,0.0,49.8,0.0
2024-01-30,sudan,722.0,95.0,228.0,-1496.7,2.0,0.0,31.0,12.0,6.0,-4.0,0.0
2024-01-30,taiwan,364.0,50.0,50.0,173.2,2.0,2.0,26.0,76.0,31.0,-19.4,6.0
2024-01-30,ukraine,2870.0,401.0,451.0,849.6,20.0,7.0,106.0,730.0,455.0,-2329.5,44.0
2024-01-30,venezuela,384.0,78.0,73.0,92.4,2.0,0.0,68.0,128.0,52.0,39.8,22.0
2024-01-30,yemen,318.0,56.0,106.0,-806.4,13.0,7.0,11.0,90.0,73.0,-553.4,1.0
2024-01-31,drc,55.0,8.0,5.0,60.9,0.0,0.0,0.0,6.0,6.0,-12.0,0.0
2024-01-31,europe_east,1203.0,136.0,94.0,2094.6,5.0,2.0,46.0,101.0,56.0,-180.8,12.0
2024-01-31,iran,2137.0,463.0,575.0,-4110.1,84.0,11.0,82.0,504.0,298.0,-1364.1,32.0
2024-01-31,israel,9395.0,1546.0,2184.0,-7326.8,104.0,27.0,454.0,2373.0,1289.0,-6294.5,137.0
2024-01-31,korea,1214.0,132.0,185.0,625.9,5.0,3.0,46.0,158.0,64.0,-224.5,12.0
2024-01-31,libya,168.0,9.0,12.0,283.8,0.0,0.0,7.0,0.0,0.0,0.0,0.0
2024-01-31,scs,2090.0,210.0,149.0,3485.2,0.0,1.0,61.0,208.0,50.0,266.7,9.0
2024-01-31,southasia,8786.0,1416.0,1431.0,1234.1,16.0,17.0,657.0,10.0,1.0,10.2,0.0
2024-01-31,sudan,411.0,68.0,105.0,-495.8,1.0,1.0,26.0,4.0,4.0,-16.0,0.0
2024-01-31,taiwan,476.0,78.0,55.0,177.6,1.0,4.0,20.0,188.0,77.0,-57.7,7.0
2024-01-31,ukraine,3792.0,524.0,569.0,1617.2,21.0,19.0,120.0,1127.0,582.0,-2141.0,61.0
2024-01-31,venezuela,396.0,66.0,49.0,393.8,0.0,0.0,44.0,97.0,36.0,60.2,9.0
2024-01-31,yemen,344.0,74.0,124.0,-1181.9,17.0,2.0,1.0,175.0,130.0,-978.7,16.0
2024-02-01,drc,33.0,0.0,12.0,-39.9,0.0,0.0,0.0,2.0,2.0,-20.0,0.0
2024-02-01,europe_east,1253.0,114.0,108.0,2953.8,1.0,4.0,59.0,81.0,31.0,-41.0,1.0
2024-02-01,iran,2322.0,387.0,590.0,-2256.1,56.0,5.0,85.0,600.0,364.0,-1924.0,24.0
2024-02-01,israel,9470.0,1668.0,2052.0,-6499.9,88.0,34.0,485.0,2252.0,1187.0,-4848.1,117.0
2024-02-01,korea,1050.0,146.0,139.0,828.2,9.0,6.0,49.0,172.0,69.0,-22.1,27.0
2024-02-01,libya,155.0,25.0,12.0,189.6,0.0,0.0,4.0,1.0,0.0,3.0,0.0
2024-02-01,scs,1834.0,263.0,137.0,2207.3,6.0,0.0,59.0,79.0,18.0,71.9,4.0
2024-02-01,southasia,8567.0,1157.0,1230.0,4694.4,15.0,22.0,620.0,10.0,3.0,0.8,0.0
2024-02-01,sudan,505.0,69.0,91.0,181.6,1.0,0.0,30.0,16.0,8.0,-2.8,0.0
2024-02-01,taiwan,517.0,76.0,57.0,510.2,3.0,1.0,22.0,104.0,43.0,-38.2,11.0
2024-02-01,ukraine,3615.0,528.0,513.0,1579.5,21.0,7.0,110.0,1071.0,536.0,-2152.0,53.0
2024-02-01,venezuela,242.0,51.0,40.0,86.1,2.0,0.0,36.0,87.0,37.0,-55.5,7.0
2024-02-01,yemen,476.0,65.0,188.0,-1426.9,11.0,3.0,8.0,256.0,173.0,-1256.2,15.0
2024-02-02,drc,42.0,3.0,8.0,24.8,0.0,0.0,2.0,8.0,0.0,22.0,0.0
2024-02-02,europe_east,921.0,89.0,88.0,1712.9,2.0,6.0,31.0,41.0,19.0,-90.6,8.0
2024-02-02,iran,2000.0,325.0,531.0,-2591.8,40.0,11.0,88.0,526.0,318.0,-1553.6,32.0
2024-02-02,israel,8249.0,1490.0,1692.0,-5500.8,90.0,21.0,454.0,2027.0,1044.0,-4571.3,123.0
2024-02-02,korea,929.0,126.0,185.0,-403.2,26.0,12.0,40.0,189.0,103.0,-516.1,23.0
2024-02-02,libya,87.0,6.0,5.0,116.5,0.0,0.0,0.0,0.0,0.0,0.0,0.0
2024-02-02,scs,1361.0,140.0,128.0,1925.3,2.0,4.0,72.0,61.0,9.0,134.6,4.0
2024-02-02,southasia,8877.0,1485.0,1302.0,871.1,48.0,62.0,461.0,37.0,17.0,-62.6,9.0
2024-02-02,sudan,475.0,33.0,110.0,-158.3,1.0,2.0,22.0,15.0,4.0,-2.0,0.0
2024-02-02,taiwan,389.0,43.0,37.0,361.9,4.0,4.0,16.0,126.0,52.0,-85.5,12.0
2024-02-02,ukraine,3138.0,448.0,572.0,-83.9,10.0,11.0,96.0,939.0,539.0,-2419.2,38.0
2024-02-02,venezuela,254.0,48.0,44.0,45.0,0.0,1.0,35.0,96.0,24.0,81.0,4.0
2024-02-02,yemen,295.0,35.0,118.0,-915.0,5.0,3.0,4.0,160.0,78.0,-454.2,0.0
2024-02-03,drc,30.0,0.0,8.0,4.8,0.0,0.0,1.0,3.0,1.0,2.7,0.0
2024-02-03,europe_east,573.0,55.0,25.0,1389.0,0.0,0.0,14.0,35.0,7.0,56.0,2.0
2024-02-03,iran,2347.0,513.0,650.0,-4390.0,35.0,8.0,63.0,594.0,379.0,-1591.6,28.0
2024-02-03,israel,5117.0,949.0,1171.0,-5221.1,60.0,33.0,210.0,1322.0,708.0,-3035.3,66.0
2024-02-03,korea,340.0,48.0,53.0,-35.4,4.0,0.0,15.0,43.0,17.0,-49.4,3.0
2024-02-03,libya,52.0,2.0,5.0,60.1,0.0,0.0,0.0,0.0,0.0,0.0,0.0
2024-02-03,scs,1085.0,156.0,125.0,780.0,0.0,0.0,66.0,105.0,47.0,-61.3,6.0
2024-02-03,southasia,7145.0,1144.0,973.0,2414.9,6.0,15.0,435.0,20.0,4.0,28.8,0.0
2024-02-03,sudan,214.0,25.0,39.0,-73.6,2.0,5.0,9.0,5.0,3.0,-25.4,0.0
2024-02-03,taiwan,182.0,22.0,24.0,65.8,0.0,1.0,8.0,35.0,14.0,-23.7,1.0
2024-02-03,ukraine,1999.0,258.0,377.0,-298.4,12.0,12.0,72.0,594.0,340.0,-1785.9,24.0
2024-02-03,venezuela,120.0,11.0,15.0,116.3,3.0,0.0,9.0,49.0,5.0,95.5,2.0
2024-02-03,yemen,284.0,47.0,104.0,-904.5,3.0,0.0,3.0,122.0,85.0,-613.6,9.0
2024-02-04,drc,31.0,4.0,11.0,-66.8,0.0,0.0,0.0,0.0,0.0,0.0,0.0
2024-02-04,europe_east,472.0,54.0,37.0,1028.4,0.0,2.0,13.0,37.0,18.0,-66.2,8.0
2024-02-04,iran,1617.0,403.0,446.0,-3087.0,34.0,4.0,52.0,477.0,348.0,-1863.0,15.0
2024-02-04,israel,5867.0,1035.0,1425.0,-7087.1,58.0,47.0,246.0,1619.0,895.0,-4350.3,94.0
2024-02-04,korea,541.0,88.0,41.0,510.6,2.0,3.0,9.0,82.0,23.0,27.4,0.0
2024-02-04,libya,47.0,3.0,2.0,150.5,0.0,0.0,0.0,0.0,0.0,0.0,0.0
2024-02-04,scs,1168.0,150.0,103.0,1214.7,2.0,0.0,41.0,91.0,36.0,-57.2,6.0
2024-02-04,southasia,5948.0,1069.0,916.0,320.9,7.0,7.0,542.0,42.0,21.0,-85.1,15.0
2024-02-04,sudan,162.0,18.0,40.0,-188.0,1.0,0.0,4.0,5.0,2.0,-8.0,0.0
2024-02-04,taiwan,174.0,21.0,23.0,150.5,1.0,0.0,9.0,45.0,23.0,-63.3,0.0
2024-02-04,ukraine,1768.0,207.0,393.0,-746.6,12.0,5.0,48.0,637.0,403.0,-2351.0,31.0
2024-02-04,venezuela,127.0,9.0,12.0,203.6,0.0,0.0,8.0,32.0,7.0,23.7,2.0
2024-02-04,yemen,643.0,103.0,253.0,-2092.0,16.0,3.0,7.0,429.0,353.0,-2851.2,10.0
2024-02-05,drc,47.0,3.0,12.0,-6.3,0.0,0.0,2.0,1.0,1.0,-10.0,0.0
2024-02-05,europe_east,1108.0,142.0,70.0,1859.0,14.0,8.0,36.0,63.0,19.0,-21.6,7.0
2024-02-05,iran,1794.0,352.0,405.0,-1770.4,36.0,2.0,47.0,554.0,310.0,-1204.8,25.0
2024-02-05,israel,8466.0,1395.0,1578.0,-2674.0,64.0,28.0,330.0,1832.0,828.0,-2574.2,64.0
2024-02-05,korea,895.0,123.0,146.0,591.4,7.0,1.0,92.0,51.0,21.0,31.0,10.0
2024-02-05,libya,51.0,2.0,11.0,-10.9,0.0,0.0,2.0,0.0,0.0,0.0,0.0
2024-02-05,scs,1539.0,170.0,202.0,1095.2,5.0,2.0,70.0,96.0,34.0,1.7,17.0
2024-02-05,southasia,8456.0,1345.0,1067.0,3376.3,4.0,21.0,502.0,39.0,11.0,-26.9,7.0
2024-02-05,sudan,603.0,55.0,130.0,-173.9,1.0,0.0,19.0,4.0,2.0,-10.0,0.0
2024-02-05,taiwan,301.0,46.0,27.0,451.3,6.0,1.0,12.0,33.0,15.0,-74.3,3.0
2024-02-05,ukraine,3350.0,448.0,496.0,1741.6,41.0,16.0,118.0,832.0,427.0,-1730.5,36.0
2024-02-05,venezuela,241.0,31.0,44.0,42.0,0.0,3.0,26.0,93.0,17.0,129.7,2.0
2024-02-05,yemen,553.0,99.0,174.0,-1168.8,14.0,0.0,7.0,311.0,237.0,-1610.0,11.0
2024-02-06,drc,22.0,2.0,0.0,74.6,0.0,0.0,0.0,0.0,0.0,0.0,0.0
2024-02-06,europe_east,844.0,92.0,66.0,1285.6,0.0,7.0,38.0,123.0,46.0,32.8,10.0
2024-02-06,iran,1687.0,346.0,335.0,-1199.8,10.0,1.0,56.0,394.0,223.0,-894.1,11.0
2024-02-06,israel,9174.0,1502.0,1635.0,-1687.1,45.0,19.0,370.0,1951.0,904.0,-2707.4,90.0
2024-02-06,korea,1001.0,154.0,118.0,1250.2,2.0,8.0,75.0,49.0,21.0,27.7,4.0
2024-02-06,libya,73.0,3.0,5.0,113.6,0.0,0.0,0.0,0.0,0.0,0.0,0.0
2024-02-06,scs,1733.0,228.0,191.0,1657.9,7.0,8.0,108.0,115.0,30.0,100.4,14.0
2024-02-06,southasia,8887.0,1307.0,1292.0,3110.9,10.0,37.0,652.0,14.0,11.0,-45.2,3.0
2024-02-06,sudan,438.0,50.0,85.0,-0.2,0.0,0.0,19.0,7.0,5.0,-21.0,0.0
2024-02-06,taiwan,335.0,42.0,28.0,660.6,0.0,1.0,17.0,65.0,25.0,-17.5,0.0
2024-02-06,ukraine,3748.0,536.0,562.0,2171.6,29.0,16.0,137.0,876.0,482.0,-2385.7,62.0
2024-02-06,venezuela,258.0,42.0,48.0,-42.2,3.0,1.0,35.0,73.0,24.0,-12.4,10.0
2024-02-06,yemen,533.0,97.0,167.0,-1062.0,14.0,3.0,15.0,217.0,163.0,-1037.0,14.0
2024-02-07,drc,66.0,10.0,7.0,65.0,0.0,0.0,0.0,1.0,1.0,-5.0,1.0
2024-02-07,europe_east,1046.0,125.0,110.0,1210.7,1.0,4.0,45.0,158.0,91.0,-225.9,16.0
2024-02-07,iran,1537.0,231.0,365.0,-1077.1,16.0,1.0,67.0,327.0,178.0,-832.7,6.0
2024-02-07,israel,10864.0,1661.0,2026.0,-3184.7,69.0,36.0,433.0,2711.0,1313.0,-5239.3,145.0
2024-02-07,korea,950.0,121.0,91.0,1242.6,6.0,0.0,58.0,92.0,25.0,42.8,9.0
2024-02-07,libya,103.0,2.0,10.0,178.7,0.0,0.0,3.0,0.0,0.0,0.0,0.0
2024-02-07,scs,1702.0,210.0,184.0,1719.8,10.0,2.0,108.0,99.0,22.0,175.7,2.0
2024-02-07,southasia,9651.0,1647.0,1351.0,1479.8,13.0,29.0,521.0,24.0,13.0,-42.2,0.0
2024-02-07,sudan,493.0,49.0,65.0,440.2,2.0,0.0,24.0,9.0,2.0,-1.8,0.0
2024-02-07,taiwan,397.0,49.0,24.0,609.5,0.0,3.0,11.0,106.0,38.0,-75.3,7.0
2024-02-07,ukraine,3914.0,615.0,657.0,611.0,31.0,13.0,136.0,957.0,525.0,-2552.1,45.0
2024-02-07,venezuela,218.0,22.0,38.0,4.7,0.0,3.0,22.0,81.0,14.0,103.3,9.0
2024-02-07,yemen,449.0,86.0,154.0,-1147.5,6.0,0.0,23.0,167.0,119.0,-815.2,4.0
2024-02-08,drc,104.0,5.0,21.0,-16.7,0.0,0.0,2.0,7.0,2.0,1.0,0.0
2024-02-08,europe_east,996.0,137.0,98.0,1484.5,1.0,13.0,52.0,110.0,64.0,-172.8,16.0
2024-02-08,iran,1284.0,181.0,362.0,-1498.1,23.0,10.0,63.0,279.0,155.0,-693.5,27.0
2024-02-08,israel,9589.0,1584.0,2034.0,-6325.5,83.0,29.0,412.0,2506.0,1299.0,-5373.2,171.0
2024-02-08,korea,959.0,122.0,157.0,437.8,6.0,6.0,81.0,169.0,51.0,-29.1,12.0
2024-02-08,libya,48.0,3.0,6.0,103.2,0.0,0.0,4.0,0.0,0.0,0.0,0.0
2024-02-08,scs,1586.0,159.0,143.0,2207.8,1.0,6.0,66.0,103.0,26.0,87.0,6.0
2024-02-08,southasia,9627.0,1818.0,1531.0,-1612.4,43.0,53.0,533.0,30.0,14.0,-17.6,7.0
2024-02-08,sudan,500.0,32.0,38.0,771.7,2.0,1.0,13.0,4.0,0.0,12.0,0.0
2024-02-08,taiwan,464.0,43.0,33.0,975.1,1.0,2.0,15.0,102.0,23.0,119.8,7.0
2024-02-08,ukraine,4267.0,616.0,615.0,2643.9,24.0,20.0,151.0,1145.0,534.0,-1460.4,55.0
2024-02-08,venezuela,239.0,30.0,42.0,206.5,1.0,6.0,28.0,54.0,15.0,40.7,6.0
2024-02-08,yemen,210.0,33.0,60.0,-344.3,2.0,0.0,7.0,110.0,57.0,-328.7,8.0
2024-02-09,drc,75.0,5.0,11.0,58.9,0.0,0.0,1.0,7.0,5.0,-12.9,0.0
2024-02-09,europe_east,1475.0,226.0,111.0,2246.3,4.0,4.0,62.0,137.0,54.0,183.0,4.0
2024-02-09,iran,1006.0,166.0,227.0,-570.7,15.0,2.0,41.0,226.0,97.0,-219.0,4.0
2024-02-09,israel,8470.0,1402.0,2062.0,-9093.7,102.0,34.0,483.0,2089.0,1161.0,-6041.6,121.0
2024-02-09,korea,710.0,78.0,81.0,646.0,4.0,1.0,27.0,103.0,43.0,-103.6,6.0
2024-02-09,libya,74.0,7.0,7.0,170.7,0.0,0.0,4.0,0.0,0.0,0.0,0.0
2024-02-09,scs,1694.0,164.0,198.0,2117.0,0.0,12.0,94.0,128.0,40.0,222.0,3.0
2024-02-09,southasia,9024.0,1394.0,1243.0,3438.3,24.0,41.0,490.0,18.0,1.0,39.9,1.0
2024-02-09,sudan,492.0,42.0,51.0,574.4,3.0,0.0,10.0,10.0,5.0,-6.0,0.0
2024-02-09,taiwan,417.0,48.0,55.0,540.3,4.0,4.0,17.0,72.0,23.0,-22.1,5.0
2024-02-09,ukraine,4148.0,628.0,524.0,3316.8,35.0,22.0,135.0,1410.0,618.0,-906.0,79.0
2024-02-09,venezuela,275.0,54.0,49.0,-55.6,2.0,12.0,20.0,113.0,51.0,-16.3,12.0
2024-02-09,yemen,214.0,37.0,61.0,-374.7,10.0,4.0,3.0,95.0,55.0,-308.4,2.0
2024-02-10,drc,31.0,3.0,10.0,-32.7,0.0,0.0,1.0,8.0,5.0,-27.3,1.0
2024-02-10,europe_east,740.0,110.0,102.0,613.9,6.0,6.0,59.0,81.0,42.0,-7.6,7.0
2024-02-10,iran,1036.0,128.0,170.0,251.3,23.0,0.0,38.0,241.0,57.0,213.5,4.0
2024-02-10,israel,6106.0,1010.0,1528.0,-7303.9,87.0,37.0,295.0,1793.0,971.0,-4946.4,107.0
2024-02-10,korea,584.0,42.0,47.0,958.8,2.0,0.0,27.0,116.0,36.0,70.2,14.0
2024-02-10,libya,52.0,8.0,8.0,22.9,0.0,0.0,0.0,0.0,0.0,0.0,0.0
2024-02-10,scs,876.0,73.0,86.0,1198.9,4.0,3.0,34.0,135.0,22.0,322.3,1.0
2024-02-10,southasia,8119.0,1329.0,1060.0,2595.1,16.0,42.0,429.0,12.0,0.0,28.8,0.0
2024-02-10,sudan,294.0,35.0,32.0,296.8,3.0,1.0,9.0,4.0,2.0,0.7,0.0
2024-02-10,taiwan,303.0,37.0,27.0,454.0,2.0,1.0,11.0,68.0,32.0,-55.6,3.0
2024-02-10,ukraine,2639.0,392.0,491.0,-17.8,20.0,20.0,98.0,727.0,410.0,-1963.9,32.0
2024-02-10,venezuela,202.0,27.0,34.0,59.7,0.0,1.0,14.0,122.0,35.0,248.7,9.0
2024-02-10,yemen,184.0,17.0,51.0,-249.5,3.0,0.0,7.0,84.0,47.0,-357.7,2.0
2024-02-11,drc,41.0,6.0,9.0,-22.5,0.0,0.0,1.0,7.0,0.0,27.7,0.0
2024-02-11,europe_east,577.0,91.0,70.0,433.3,0.0,7.0,23.0,99.0,41.0,43.7,5.0
2024-02-11,iran,1107.0,174.0,197.0,-289.5,10.0,3.0,49.0,270.0,114.0,-75.1,6.0
2024-02-11,israel,7113.0,1205.0,1682.0,-7134.6,94.0,33.0,391.0,2138.0,1087.0,-4810.9,130.0
2024-02-11,korea,241.0,29.0,31.0,120.7,0.0,1.0,12.0,25.0,11.0,-29.7,0.0
2024-02-11,libya,43.0,2.0,6.0,87.9,0.0,0.0,0.0,0.0,0.0,0.0,0.0
2024-02-11,scs,910.0,89.0,77.0,1194.6,4.0,4.0,30.0,185.0,96.0,-147.0,5.0
2024-02-11,southasia,7224.0,1160.0,915.0,2871.9,20.0,42.0,429.0,6.0,1.0,11.7,1.0
2024-02-11,sudan,221.0,41.0,31.0,46.3,0.0,0.0,4.0,4.0,2.0,-20.8,0.0
2024-02-11,taiwan,153.0,26.0,13.0,195.0,4.0,1.0,8.0,51.0,14.0,42.5,1.0
2024-02-11,ukraine,2288.0,377.0,483.0,-1320.7,14.0,5.0,72.0,703.0,416.0,-2032.9,15.0
2024-02-11,venezuela,159.0,42.0,23.0,21.1,0.0,0.0,14.0,62.0,35.0,6.1,6.0
2024-02-11,yemen,151.0,23.0,33.0,-133.1,1.0,0.0,5.0,63.0,39.0,-213.8,4.0
2024-02-12,drc,102.0,19.0,46.0,-420.1,0.0,2.0,11.0,6.0,2.0,4.0,1.0
2024-02-12,europe_east,1505.0,200.0,124.0,1750.3,16.0,2.0,42.0,198.0,57.0,107.3,4.0
2024-02-12,iran,925.0,137.0,193.0,-507.6,17.0,3.0,64.0,229.0,80.0,66.6,2.0
2024-02-12,israel,10788.0,1794.0,2292.0,-6752.3,115.0,39.0,519.0,3108.0,1464.0,-5083.7,149.0
2024-02-12,korea,568.0,92.0,65.0,290.6,7.0,0.0,24.0,79.0,34.0,-59.5,7.0
2024-02-12,libya,68.0,16.0,4.0,127.5,0.0,0.0,3.0,0.0,0.0,0.0,0.0
2024-02-12,scs,1656.0,207.0,197.0,1362.5,18.0,7.0,66.0,140.0,66.0,-27.0,1.0
2024-02-12,southasia,9599.0,1488.0,1254.0,5134.7,33.0,33.0,637.0,34.0,8.0,34.0,5.0
2024-02-12,sudan,378.0,42.0,59.0,162.8,1.0,6.0,12.0,13.0,10.0,-79.3,2.0
2024-02-12,taiwan,248.0,48.0,19.0,222.6,2.0,1.0,5.0,68.0,33.0,-106.4,5.0
2024-02-12,ukraine,3499.0,527.0,578.0,410.4,27.0,15.0,120.0,908.0,532.0,-2614.4,40.0
2024-02-12,venezuela,250.0,46.0,48.0,97.3,2.0,4.0,29.0,86.0,29.0,105.0,14.0
2024-02-12,yemen,264.0,27.0,119.0,-916.6,2.0,3.0,0.0,100.0,69.0,-466.5,3.0
2024-02-13,drc,149.0,22.0,54.0,-338.1,0.0,2.0,10.0,12.0,10.0,-58.2,0.0
2024-02-13,europe_east,1720.0,240.0,145.0,1537.7,8.0,6.0,77.0,254.0,170.0,-539.2,48.0
2024-02-13,iran,1218.0,176.0,220.0,-86.9,6.0,0.0,64.0,247.0,114.0,-326.7,13.0
2024-02-13,israel,11537.0,1899.0,2479.0,-7153.4,133.0,52.0,574.0,2857.0,1308.0,-4215.0,189.0
2024-02-13,korea,823.0,70.0,87.0,1124.9,2.0,3.0,31.0,84.0,19.0,12.7,2.0
2024-02-13,libya,76.0,0.0,3.0,203.2,0.0,0.0,1.0,0.0,0.0,0.0,0.0
2024-02-13,scs,1590.0,214.0,179.0,1206.3,24.0,4.0,66.0,116.0,69.0,-120.9,6.0
2024-02-13,southasia,9762.0,1614.0,1516.0,1750.1,20.0,87.0,737.0,28.0,12.0,-33.4,7.0
2024-02-13,sudan,348.0,38.0,95.0,-326.8,2.0,0.0,11.0,4.0,0.0,16.0,0.0
2024-02-13,taiwan,368.0,49.0,23.0,559.9,1.0,1.0,4.0,44.0,7.0,68.6,1.0
2024-02-13,ukraine,3940.0,600.0,528.0,3028.1,14.0,21.0,127.0,882.0,439.0,-1405.1,47.0
2024-02-13,venezuela,334.0,62.0,62.0,3.9,2.0,0.0,29.0,90.0,29.0,93.6,5.0
2024-02-13,yemen,242.0,20.0,95.0,-554.7,0.0,1.0,6.0,77.0,49.0,-357.3,0.0
2024-02-14,drc,71.0,10.0,30.0,-237.9,1.0,0.0,6.0,18.0,6.0,-22.8,0.0
2024-02-14,europe_east,1146.0,183.0,111.0,996.2,7.0,6.0,61.0,302.0,168.0,-331.5,65.0
2024-02-14,iran,1287.0,223.0,269.0,-846.5,7.0,4.0,64.0,294.0,155.0,-551.5,8.0
2024-02-14,israel,10906.0,1674.0,2529.0,-8940.7,112.0,46.0,488.0,2825.0,1366.0,-5302.5,124.0
2024-02-14,korea,1124.0,125.0,222.0,65.5,5.0,7.0,58.0,194.0,126.0,-909.3,9.0
2024-02-14,libya,130.0,5.0,15.0,216.9,0.0,1.0,11.0,0.0,0.0,0.0,0.0
2024-02-14,scs,1481.0,127.0,142.0,1801.6,3.0,6.0,54.0,88.0,29.0,-32.9,9.0
2024-02-14,southasia,9152.0,1470.0,1217.0,5293.4,14.0,55.0,559.0,31.0,7.0,43.7,4.0
2024-02-14,sudan,306.0,43.0,40.0,166.2,1.0,0.0,5.0,5.0,4.0,-26.0,0.0
2024-02-14,taiwan,576.0,118.0,34.0,709.5,1.0,1.0,11.0,102.0,34.0,78.9,1.0
2024-02-14,ukraine,4148.0,562.0,651.0,2061.3,18.0,17.0,151.0,1058.0,545.0,-2413.8,49.0
2024-02-14,venezuela,522.0,94.0,99.0,-281.5,4.0,3.0,60.0,92.0,45.0,-132.1,30.0
2024-02-14,yemen,268.0,34.0,70.0,-357.3,5.0,2.0,14.0,115.0,81.0,-658.5,2.0
2024-02-15,drc,87.0,14.0,22.0,-96.4,2.0,0.0,2.0,7.0,4.0,-19.6,0.0
2024-02-15,europe_east,1292.0,112.0,141.0,1892.2,10.0,19.0,67.0,212.0,91.0,-121.1,48.0
2024-02-15,iran,1238.0,171.0,224.0,64.8,12.0,5.0,51.0,263.0,104.0,-213.4,18.0
2024-02-15,israel,11492.0,2120.0,2588.0,-11861.2,156.0,45.0,518.0,2694.0,1383.0,-6108.0,144.0
2024-02-15,korea,1123.0,132.0,103.0,1620.8,1.0,3.0,40.0,169.0,66.0,-11.3,17.0
2024-02-15,libya,180.0,23.0,30.0,35.0,0.0,1.0,15.0,0.0,0.0,0.0,0.0
2024-02-15,scs,1454.0,137.0,116.0,2149.0,1.0,9.0,47.0,94.0,13.0,219.3,0.0
2024-02-15,southasia,8652.0,1539.0,967.0,4647.4,14.0,49.0,436.0,19.0,9.0,-7.2,1.0
2024-02-15,sudan,326.0,30.0,44.0,222.8,1.0,2.0,14.0,7.0,1.0,-5.0,0.0
2024-02-15,taiwan,491.0,103.0,40.0,369.7,0.0,9.0,16.0,196.0,97.0,-78.0,2.0
2024-02-15,ukraine,4510.0,560.0,807.0,1105.7,14.0,28.0,153.0,1244.0,689.0,-3182.2,57.0
2024-02-15,venezuela,430.0,63.0,104.0,-277.8,1.0,2.0,63.0,72.0,27.0,34.4,12.0
2024-02-15,yemen,415.0,67.0,103.0,-657.5,10.0,3.0,6.0,165.0,98.0,-608.9,7.0
2024-02-16,drc,95.0,10.0,20.0,-55.2,0.0,0.0,7.0,27.0,11.0,32.8,0.0
2024-02-16,europe_east,1275.0,152.0,137.0,1396.2,2.0,11.0,50.0,270.0,138.0,-376.5,16.0
2024-02-16,iran,951.0,142.0,165.0,-202.0,11.0,4.0,52.0,196.0,92.0,-317.4,15.0
2024-02-16,israel,9408.0,1682.0,2087.0,-9078.9,89.0,35.0,419.0,2036.0,1058.0,-5041.5,124.0
2024-02-16,korea,1151.0,133.0,156.0,1204.2,5.0,2.0,52.0,271.0,89.0,68.5,35.0
2024-02-16,libya,165.0,18.0,24.0,69.7,0.0,0.0,16.0,0.0,0.0,0.0,0.0
2024-02-16,scs,1549.0,141.0,165.0,2107.1,3.0,6.0,68.0,84.0,26.0,-6.1,0.0
2024-02-16,southasia,8531.0,1430.0,1103.0,3328.1,20.0,29.0,524.0,14.0,9.0,-34.6,1.0
2024-02-16,sudan,322.0,34.0,36.0,310.8,2.0,0.0,3.0,6.0,2.0,-15.7,0.0
2024-02-16,taiwan,588.0,66.0,69.0,876.5,1.0,1.0,40.0,120.0,39.0,-9.2,1.0
2024-02-16,ukraine,5365.0,619.0,850.0,5723.8,20.0,30.0,247.0,1170.0,670.0,-2874.3,57.0
2024-02-16,venezuela,382.0,84.0,69.0,-118.3,0.0,1.0,55.0,80.0,37.0,-60.2,10.0
2024-02-16,yemen,232.0,34.0,79.0,-546.8,1.0,4.0,8.0,107.0,76.0,-531.7,4.0
2024-02-17,drc,61.0,13.0,23.0,-205.5,1.0,8.0,0.0,60.0,40.0,-109.8,4.0
2024-02-17,europe_east,587.0,70.0,30.0,902.9,5.0,0.0,9.0,107.0,48.0,-161.9,2.0
2024-02-17,iran,690.0,95.0,215.0,-985.1,8.0,20.0,58.0,225.0,89.0,-130.3,7.0
2024-02-17,israel,5983.0,1126.0,1292.0,-5789.2,74.0,75.0,290.0,1412.0,715.0,-2925.2,79.0
2024-02-17,korea,447.0,70.0,40.0,453.9,4.0,0.0,8.0,99.0,36.0,-39.7,7.0
2024-02-17,libya,129.0,18.0,12.0,40.1,0.0,0.0,6.0,0.0,0.0,0.0,0.0
2024-02-17,scs,839.0,72.0,77.0,1083.1,5.0,3.0,26.0,98.0,49.0,-24.2,4.0
2024-02-17,southasia,6685.0,1223.0,760.0,2613.0,10.0,14.0,376.0,9.0,1.0,28.4,1.0
2024-02-17,sudan,260.0,34.0,75.0,-426.2,2.0,11.0,12.0,5.0,1.0,21.0,1.0
2024-02-17,taiwan,304.0,44.0,29.0,422.0,1.0,5.0,17.0,61.0,21.0,-22.7,0.0
2024-02-17,ukraine,4044.0,461.0,628.0,4509.9,20.0,18.0,166.0,1117.0,599.0,-1976.8,82.0
2024-02-17,venezuela,177.0,39.0,35.0,-44.9,0.0,0.0,30.0,70.0,21.0,85.2,5.0
2024-02-17,yemen,234.0,27.0,76.0,-534.2,3.0,2.0,2.0,116.0,75.0,-611.6,0.0
2024-02-18,drc,27.0,2.0,6.0,3.1,0.0,0.0,4.0,22.0,13.0,-42.0,3.0
2024-02-18,europe_east,368.0,37.0,28.0,553.6,2.0,0.0,13.0,37.0,4.0,59.8,0.0
2024-02-18,iran,585.0,94.0,87.0,54.5,4.0,5.0,9.0,130.0,56.0,-204.6,4.0
2024-02-18,israel,6981.0,1308.0,1658.0,-8619.3,64.0,21.0,372.0,1715.0,1039.0,-5489.7,127.0
2024-02-18,korea,350.0,48.0,24.0,480.4,2.0,0.0,10.0,47.0,11.0,-4.6,3.0
2024-02-18,libya,71.0,10.0,3.0,117.5,0.0,0.0,2.0,0.0,0.0,0.0,0.0
2024-02-18,scs,700.0,69.0,31.0,1349.7,0.0,0.0,10.0,52.0,26.0,27.4,0.0
2024-02-18,southasia,5734.0,1041.0,640.0,2755.3,9.0,22.0,275.0,9.0,2.0,8.8,2.0
2024-02-18,sudan,217.0,26.0,42.0,-66.2,1.0,10.0,4.0,5.0,2.0,-8.0,0.0
2024-02-18,taiwan,259.0,78.0,19.0,122.9,1.0,1.0,11.0,133.0,81.0,-173.0,5.0
2024-02-18,ukraine,3115.0,402.0,511.0,2446.6,22.0,22.0,81.0,954.0,522.0,-2333.2,47.0
2024-02-18,venezuela,105.0,12.0,25.0,-71.6,0.0,0.0,14.0,15.0,6.0,-18.2,0.0
2024-02-18,yemen,211.0,39.0,62.0,-528.5,8.0,0.0,2.0,89.0,54.0,-391.1,0.0
2024-02-19,drc,103.0,19.0,25.0,-128.4,0.0,0.0,2.0,109.0,64.0,-167.5,1.0
2024-02-19,europe_east,1335.0,165.0,88.0,1968.4,5.0,4.0,42.0,282.0,102.0,-136.7,17.0
2024-02-19,iran,840.0,115.0,171.0,-203.6,6.0,2.0,51.0,176.0,89.0,-411.5,5.0
2024-02-19,israel,9197.0,1825.0,2067.0,-9792.0,81.0,47.0,468.0,2495.0,1361.0,-6265.7,161.0
2024-02-19,korea,772.0,70.0,53.0,1476.3,5.0,2.0,23.0,57.0,18.0,25.7,6.0
2024-02-19,libya,137.0,20.0,21.0,81.8,0.0,1.0,8.0,0.0,0.0,0.0,0.0
2024-02-19,scs,1499.0,152.0,218.0,1107.3,3.0,3.0,70.0,81.0,45.0,-2.3,5.0
2024-02-19,southasia,8358.0,1357.0,821.0,7338.9,17.0,15.0,362.0,14.0,3.0,12.0,0.0
2024-02-19,sudan,468.0,48.0,61.0,459.5,0.0,0.0,6.0,4.0,4.0,-40.0,0.0
2024-02-19,taiwan,445.0,70.0,22.0,692.5,0.0,1.0,9.0,210.0,89.0,32.9,4.0
2024-02-19,ukraine,4549.0,572.0,749.0,1713.0,27.0,18.0,132.0,1332.0,723.0,-3054.3,69.0
2024-02-19,venezuela,220.0,41.0,37.0,114.5,1.0,0.0,24.0,31.0,15.0,-30.9,5.0
2024-02-19,yemen,403.0,63.0,164.0,-1424.4,8.0,2.0,11.0,182.0,141.0,-1152.1,5.0
2024-02-20,drc,45.0,5.0,7.0,-16.0,0.0,0.0,1.0,16.0,9.0,-40.5,0.0
2024-02-20,europe_east,1602.0,218.0,141.0,2080.3,7.0,3.0,98.0,301.0,98.0,161.9,34.0
2024-02-20,iran,718.0,78.0,127.0,106.8,3.0,5.0,36.0,155.0,64.0,-98.9,5.0
2024-02-20,israel,9379.0,1913.0,1909.0,-8638.5,105.0,33.0,460.0,2208.0,1189.0,-5607.3,126.0
2024-02-20,korea,1118.0,183.0,114.0,1023.7,2.0,3.0,71.0,117.0,57.0,-99.4,14.0
2024-02-20,libya,98.0,8.0,19.0,-58.5,0.0,1.0,2.0,0.0,0.0,0.0,0.0
2024-02-20,scs,1348.0,164.0,117.0,1847.2,4.0,9.0,37.0,109.0,52.0,33.7,8.0
2024-02-20,southasia,9278.0,1621.0,997.0,6980.2,6.0,37.0,501.0,19.0,3.0,39.9,1.0
2024-02-20,sudan,485.0,47.0,80.0,153.6,4.0,0.0,13.0,3.0,3.0,-25.0,1.0
2024-02-20,taiwan,686.0,98.0,27.0,1039.2,3.0,1.0,14.0,341.0,123.0,29.5,6.0
2024-02-20,ukraine,5477.0,755.0,1041.0,613.3,25.0,27.0,274.0,1641.0,889.0,-3739.4,90.0
2024-02-20,venezuela,252.0,27.0,37.0,161.0,1.0,0.0,25.0,48.0,21.0,-17.5,13.0
2024-02-20,yemen,316.0,39.0,159.0,-1377.9,7.0,2.0,8.0,146.0,90.0,-553.0,2.0
2024-02-21,drc,81.0,10.0,23.0,-68.7,0.0,3.0,7.0,59.0,29.0,53.6,0.0
2024-02-21,europe_east,1397.0,189.0,174.0,887.5,2.0,2.0,93.0,269.0,101.0,-60.0,32.0
2024-02-21,iran,1284.0,195.0,285.0,-860.5,10.0,7.0,64.0,424.0,272.0,-1106.1,12.0
2024-02-21,israel,9259.0,1867.0,1898.0,-8622.2,75.0,39.0,385.0,2242.0,1303.0,-6299.1,101.0
2024-02-21,korea,935.0,129.0,85.0,1190.1,4.0,0.0,53.0,100.0,19.0,218.2,4.0
2024-02-21,libya,122.0,11.0,17.0,188.1,3.0,0.0,9.0,0.0,0.0,0.0,0.0
2024-02-21,scs,1828.0,239.0,171.0,2149.2,4.0,2.0,98.0,117.0,52.0,25.6,15.0
2024-02-21,southasia,10144.0,1630.0,1130.0,7389.3,18.0,48.0,590.0,23.0,7.0,53.2,0.0
2024-02-21,sudan,379.0,39.0,59.0,110.6,0.0,0.0,2.0,14.0,0.0,40.6,0.0
2024-02-21,taiwan,525.0,80.0,50.0,436.3,0.0,3.0,23.0,221.0,79.0,-22.3,5.0
2024-02-21,ukraine,5323.0,708.0,943.0,1731.5,17.0,28.0,312.0,1668.0,770.0,-2520.5,92.0
2024-02-21,venezuela,304.0,31.0,30.0,351.8,0.0,1.0,15.0,37.0,8.0,51.5,2.0
2024-02-21,yemen,304.0,35.0,124.0,-848.7,4.0,2.0,8.0,111.0,63.0,-411.6,4.0
2024-02-22,drc,75.0,7.0,4.0,133.7,0.0,0.0,0.0,39.0,10.0,64.8,0.0
2024-02-22,europe_east,1506.0,172.0,139.0,2219.1,6.0,0.0,67.0,142.0,63.0,-145.4,14.0
2024-02-22,iran,1323.0,192.0,283.0,-370.8,7.0,2.0,97.0,319.0,182.0,-797.3,21.0
2024-02-22,israel,8702.0,1583.0,2004.0,-10221.9,107.0,14.0,391.0,1936.0,1094.0,-5839.0,95.0
2024-02-22,korea,1057.0,154.0,119.0,864.6,1.0,0.0,47.0,104.0,42.0,-19.1,4.0
2024-02-22,libya,149.0,8.0,22.0,124.6,0.0,0.0,9.0,0.0,0.0,0.0,0.0
2024-02-22,scs,1558.0,171.0,174.0,2209.0,2.0,8.0,78.0,115.0,50.0,-38.3,11.0
2024-02-22,southasia,9424.0,1548.0,1049.0,6659.8,15.0,25.0,473.0,8.0,4.0,-14.0,2.0
2024-02-22,sudan,282.0,28.0,36.0,124.9,7.0,0.0,5.0,5.0,3.0,-30.0,0.0
2024-02-22,taiwan,828.0,96.0,51.0,1144.7,0.0,3.0,28.0,337.0,112.0,0.2,3.0
2024-02-22,ukraine,5080.0,669.0,773.0,3295.1,36.0,22.0,220.0,1451.0,740.0,-2608.4,93.0
2024-02-22,venezuela,372.0,48.0,66.0,-92.8,0.0,0.0,14.0,43.0,11.0,1.6,8.0
2024-02-22,yemen,356.0,50.0,135.0,-1014.9,11.0,0.0,5.0,198.0,137.0,-1060.0,21.0
2024-02-23,drc,78.0,16.0,16.0,-107.0,1.0,5.0,2.0,39.0,25.0,-54.7,3.0
2024-02-23,europe_east,1325.0,138.0,133.0,1923.3,4.0,5.0,64.0,138.0,44.0,-46.7,22.0
2024-02-23,iran,1145.0,164.0,207.0,-9.6,7.0,3.0,109.0,235.0,129.0,-629.3,15.0
2024-02-23,israel,8401.0,1459.0,2019.0,-9442.1,83.0,26.0,391.0,2126.0,1196.0,-6215.5,111.0
2024-02-23,korea,997.0,90.0,119.0,1224.4,2.0,17.0,60.0,104.0,48.0,-155.7,25.0
2024-02-23,libya,157.0,5.0,38.0,90.6,0.0,0.0,18.0,0.0,0.0,0.0,0.0
2024-02-23,scs,1453.0,174.0,175.0,1469.9,2.0,2.0,60.0,66.0,26.0,43.4,0.0
2024-02-23,southasia,9315.0,1559.0,1078.0,5252.1,7.0,21.0,524.0,7.0,2.0,1.1,0.0
2024-02-23,sudan,428.0,28.0,81.0,27.5,0.0,2.0,0.0,7.0,4.0,-19.0,0.0
2024-02-23,taiwan,456.0,36.0,42.0,703.2,0.0,3.0,16.0,137.0,49.0,39.5,4.0
2024-02-23,ukraine,6654.0,755.0,1025.0,4679.4,33.0,25.0,375.0,1675.0,841.0,-3182.6,90.0
2024-02-23,venezuela,448.0,46.0,68.0,143.5,0.0,0.0,30.0,87.0,30.0,1.5,20.0
2024-02-23,yemen,263.0,37.0,116.0,-935.0,6.0,0.0,14.0,98.0,74.0,-508.1,14.0
2024-02-24,drc,26.0,5.0,5.0,-5.1,0.0,0.0,2.0,9.0,6.0,-2.8,2.0
2024-02-24,europe_east,676.0,119.0,73.0,555.6,2.0,0.0,32.0,102.0,48.0,-114.3,4.0
2024-02-24,iran,653.0,110.0,156.0,-529.7,5.0,2.0,38.0,98.0,41.0,-95.4,3.0
2024-02-24,israel,5576.0,1110.0,1142.0,-4783.4,62.0,8.0,269.0,1410.0,718.0,-3195.3,86.0
2024-02-24,korea,463.0,39.0,57.0,478.1,3.0,4.0,20.0,45.0,30.0,-114.2,13.0
2024-02-24,libya,72.0,6.0,9.0,48.3,0.0,0.0,5.0,0.0,0.0,0.0,0.0
2024-02-24,scs,937.0,94.0,96.0,1215.2,10.0,4.0,30.0,53.0,20.0,27.8,0.0
2024-02-24,southasia,7515.0,1331.0,1022.0,2004.8,15.0,8.0,530.0,12.0,2.0,6.8,0.0
2024-02-24,sudan,202.0,21.0,46.0,-123.5,0.0,0.0,11.0,3.0,1.0,9.0,1.0
2024-02-24,taiwan,265.0,31.0,11.0,485.9,0.0,0.0,3.0,86.0,20.0,145.2,7.0
2024-02-24,ukraine,7062.0,688.0,966.0,6557.2,30.0,28.0,224.0,2110.0,970.0,-3842.1,85.0
2024-02-24,venezuela,432.0,43.0,131.0,-454.9,0.0,2.0,48.0,93.0,54.0,-255.5,22.0
2024-02-24,yemen,187.0,25.0,91.0,-778.6,10.0,0.0,3.0,94.0,71.0,-606.2,2.0
2024-02-25,drc,24.0,3.0,8.0,5.6,0.0,4.0,4.0,12.0,8.0,-39.8,0.0
2024-02-25,europe_east,599.0,123.0,42.0,500.6,1.0,1.0,24.0,87.0,50.0,-92.7,10.0
2024-02-25,iran,495.0,92.0,80.0,-62.9,2.0,0.0,22.0,71.0,34.0,-100.4,0.0
2024-02-25,israel,6098.0,1083.0,1319.0,-4902.3,62.0,13.0,287.0,1389.0,669.0,-2942.4,61.0
2024-02-25,korea,328.0,38.0,24.0,441.8,1.0,3.0,5.0,11.0,7.0,-46.1,1.0
2024-02-25,libya,55.0,9.0,12.0,-24.4,0.0,0.0,6.0,0.0,0.0,0.0,0.0
2024-02-25,scs,992.0,90.0,111.0,1133.8,0.0,0.0,36.0,72.0,32.0,50.0,0.0
2024-02-25,southasia,6286.0,1073.0,911.0,1868.0,11.0,26.0,439.0,2.0,2.0,-4.0,0.0
2024-02-25,sudan,202.0,31.0,32.0,0.1,3.0,0.0,6.0,5.0,4.0,-28.6,0.0
2024-02-25,taiwan,249.0,30.0,40.0,70.7,1.0,1.0,18.0,69.0,20.0,37.4,4.0
2024-02-25,ukraine,4623.0,588.0,657.0,2713.8,15.0,28.0,158.0,1391.0,614.0,-2212.3,57.0
2024-02-25,venezuela,248.0,30.0,83.0,-401.2,0.0,0.0,27.0,76.0,44.0,-252.5,11.0
2024-02-25,yemen,370.0,56.0,151.0,-1124.3,6.0,1.0,5.0,198.0,163.0,-1342.8,5.0
2024-02-26,drc,26.0,0.0,4.0,24.3,0.0,0.0,1.0,8.0,1.0,14.0,1.0
2024-02-26,europe_east,1376.0,185.0,132.0,1804.3,1.0,0.0,74.0,171.0,74.0,-61.8,12.0
2024-02-26,iran,694.0,92.0,79.0,565.8,1.0,1.0,25.0,130.0,73.0,-337.3,4.0
2024-02-26,israel,9707.0,1843.0,2160.0,-10411.9,99.0,35.0,440.0,2398.0,1204.0,-5060.5,113.0
2024-02-26,korea,868.0,109.0,62.0,1103.1,3.0,5.0,39.0,28.0,15.0,-36.4,5.0
2024-02-26,libya,124.0,9.0,11.0,228.8,0.0,0.0,6.0,0.0,0.0,0.0,0.0
2024-02-26,scs,1769.0,219.0,179.0,1653.5,8.0,1.0,48.0,144.0,41.0,59.8,4.0
2024-02-26,southasia,8897.0,1493.0,1141.0,4406.7,17.0,18.0,529.0,26.0,11.0,11.9,1.0
2024-02-26,sudan,397.0,43.0,77.0,6.8,2.0,1.0,16.0,12.0,8.0,-36.9,0.0
2024-02-26,taiwan,517.0,51.0,75.0,327.5,2.0,1.0,22.0,117.0,42.0,-1.9,8.0
2024-02-26,ukraine,5751.0,760.0,807.0,3867.6,32.0,31.0,212.0,1575.0,727.0,-2655.0,89.0
2024-02-26,venezuela,456.0,36.0,170.0,-750.5,0.0,0.0,73.0,148.0,77.0,-303.1,32.0
2024-02-26,yemen,332.0,55.0,116.0,-686.8,7.0,1.0,6.0,157.0,122.0,-881.1,5.0
2024-02-27,drc,49.0,2.0,13.0,-20.7,0.0,0.0,7.0,17.0,6.0,-16.4,0.0
2024-02-27,europe_east,1871.0,314.0,159.0,2644.8,7.0,6.0,78.0,262.0,143.0,-435.3,49.0
2024-02-27,iran,926.0,132.0,160.0,-76.8,12.0,4.0,48.0,215.0,107.0,-558.1,13.0
2024-02-27,israel,9246.0,1586.0,1843.0,-5428.2,74.0,38.0,354.0,2182.0,997.0,-3872.3,89.0
2024-02-27,korea,982.0,102.0,81.0,1521.1,8.0,3.0,33.0,96.0,39.0,-100.2,6.0
2024-02-27,libya,117.0,12.0,15.0,86.5,0.0,0.0,7.0,1.0,0.0,-2.0,0.0
2024-02-27,scs,1920.0,190.0,253.0,1372.4,3.0,3.0,107.0,110.0,20.0,121.7,10.0
2024-02-27,southasia,9140.0,1493.0,1124.0,4517.6,11.0,6.0,529.0,13.0,3.0,20.5,0.0
2024-02-27,sudan,344.0,29.0,49.0,375.3,1.0,0.0,23.0,7.0,7.0,-54.0,0.0
2024-02-27,taiwan,415.0,46.0,90.0,-295.8,1.0,4.0,14.0,145.0,48.0,-6.0,12.0
2024-02-27,ukraine,5882.0,841.0,812.0,5699.9,49.0,65.0,186.0,1222.0,602.0,-2201.0,110.0
2024-02-27,venezuela,474.0,45.0,185.0,-961.2,0.0,0.0,77.0,142.0,94.0,-495.9,46.0
2024-02-27,yemen,255.0,36.0,65.0,-319.4,1.0,1.0,11.0,67.0,36.0,-276.3,3.0
2024-02-28,drc,86.0,5.0,19.0,91.2,0.0,3.0,9.0,23.0,14.0,-24.8,4.0
2024-02-28,europe_east,1301.0,149.0,134.0,1788.5,1.0,3.0,64.0,147.0,69.0,-234.4,22.0
2024-02-28,iran,785.0,99.0,186.0,-499.8,4.0,0.0,69.0,151.0,80.0,-288.2,3.0
2024-02-28,israel,8984.0,1642.0,1803.0,-6044.2,69.0,18.0,431.0,1859.0,934.0,-4037.0,80.0
2024-02-28,korea,1230.0,160.0,71.0,2178.1,3.0,2.0,27.0,112.0,33.0,61.5,4.0
2024-02-28,libya,74.0,8.0,7.0,75.9,2.0,0.0,4.0,0.0,0.0,0.0,0.0
2024-02-28,scs,2286.0,259.0,269.0,2894.5,4.0,0.0,129.0,151.0,64.0,11.3,10.0
2024-02-28,southasia,9124.0,1484.0,1069.0,5587.0,6.0,38.0,512.0,41.0,20.0,-105.1,2.0
2024-02-28,sudan,524.0,50.0,108.0,92.2,4.0,4.0,25.0,2.0,2.0,-20.0,0.0
2024-02-28,taiwan,463.0,73.0,62.0,10.2,1.0,0.0,22.0,125.0,51.0,-17.3,1.0
2024-02-28,ukraine,5822.0,820.0,710.0,6758.1,34.0,74.0,201.0,1133.0,555.0,-1932.9,88.0
2024-02-28,venezuela,516.0,77.0,174.0,-752.6,1.0,4.0,69.0,217.0,128.0,-505.8,44.0
2024-02-28,yemen,275.0,47.0,131.0,-1189.3,1.0,2.0,3.0,75.0,53.0,-405.8,3.0
2024-02-29,drc,74.0,4.0,22.0,53.5,0.0,0.0,11.0,10.0,4.0,7.4,2.0
2024-02-29,europe_east,1157.0,135.0,108.0,1499.1,2.0,8.0,56.0,173.0,86.0,-208.3,19.0
2024-02-29,iran,956.0,135.0,137.0,439.3,2.0,0.0,61.0,173.0,77.0,-192.3,4.0
2024-02-29,israel,9512.0,1598.0,2090.0,-8359.0,91.0,28.0,375.0,2103.0,1105.0,-5296.0,90.0
2024-02-29,korea,1227.0,158.0,60.0,1624.4,1.0,3.0,34.0,100.0,25.0,36.6,7.0
2024-02-29,libya,74.0,6.0,14.0,-16.7,0.0,0.0,1.0,0.0,0.0,0.0,0.0
2024-02-29,scs,2313.0,275.0,197.0,3791.6,0.0,11.0,89.0,123.0,43.0,68.2,6.0
2024-02-29,southasia,8948.0,1437.0,1112.0,4509.5,20.0,24.0,571.0,54.0,29.0,-37.9,5.0
2024-02-29,sudan,426.0,51.0,48.0,393.0,3.0,3.0,9.0,2.0,2.0,-20.0,0.0
2024-02-29,taiwan,422.0,37.0,36.0,701.5,2.0,2.0,22.0,126.0,35.0,22.2,6.0
2024-02-29,ukraine,4937.0,720.0,717.0,4176.4,42.0,50.0,195.0,1276.0,589.0,-1863.3,110.0
2024-02-29,venezuela,362.0,52.0,115.0,-562.5,0.0,2.0,50.0,147.0,87.0,-434.3,35.0
2024-02-29,yemen,135.0,19.0,51.0,-365.1,6.0,0.0,4.0,51.0,40.0,-319.2,13.0
2024-03-01,drc,64.0,6.0,17.0,-43.6,0.0,2.0,3.0,13.0,6.0,10.5,0.0
2024-03-01,europe_east,1061.0,163.0,125.0,663.1,4.0,3.0,65.0,79.0,33.0,40.1,15.0
2024-03-01,iran,955.0,153.0,211.0,-685.3,2.0,7.0,73.0,181.0,96.0,-341.5,1.0
2024-03-01,israel,8559.0,1614.0,1706.0,-6087.5,63.0,18.0,350.0,1847.0,1004.0,-4622.4,79.0
2024-03-01,korea,781.0,114.0,58.0,926.0,2.0,0.0,14.0,70.0,31.0,-33.1,3.0
2024-03-01,libya,82.0,2.0,9.0,158.9,0.0,0.0,2.0,0.0,0.0,0.0,0.0
2024-03-01,scs,1550.0,201.0,154.0,1911.2,3.0,3.0,74.0,38.0,12.0,-14.9,0.0
2024-03-01,southasia,9386.0,1568.0,1014.0,6397.7,11.0,18.0,492.0,39.0,9.0,32.1,2.0
2024-03-01,sudan,512.0,48.0,140.0,-479.4,2.0,0.0,33.0,14.0,8.0,-45.3,0.0
2024-03-01,taiwan,459.0,51.0,41.0,511.2,0.0,1.0,14.0,163.0,29.0,173.2,6.0
2024-03-01,ukraine,4277.0,509.0,612.0,3929.7,40.0,56.0,156.0,967.0,443.0,-1263.2,77.0
2024-03-01,venezuela,497.0,81.0,82.0,41.7,1.0,0.0,33.0,149.0,51.0,-8.3,20.0
2024-03-01,yemen,149.0,30.0,52.0,-394.3,3.0,0.0,1.0,43.0,25.0,-180.1,0.0
2024-03-02,drc,39.0,4.0,15.0,-98.1,0.0,1.0,3.0,15.0,7.0,-14.0,0.0
2024-03-02,europe_east,376.0,39.0,31.0,547.4,0.0,0.0,12.0,12.0,5.0,-12.6,1.0
2024-03-02,iran,564.0,103.0,108.0,-410.8,0.0,5.0,46.0,89.0,41.0,-114.2,0.0
2024-03-02,israel,6276.0,1153.0,1333.0,-4853.7,50.0,16.0,211.0,1395.0,731.0,-3426.7,54.0
2024-03-02,korea,362.0,45.0,33.0,445.1,1.0,2.0,10.0,45.0,19.0,15.6,4.0
2024-03-02,libya,63.0,4.0,9.0,36.2,0.0,0.0,5.0,0.0,0.0,0.0,0.0
2024-03-02,scs,934.0,95.0,99.0,1002.3,0.0,0.0,44.0,48.0,14.0,1.2,1.0
2024-03-02,southasia,7548.0,1335.0,958.0,3337.1,9.0,13.0,454.0,37.0,20.0,-100.4,6.0
2024-03-02,sudan,202.0,17.0,31.0,210.6,0.0,0.0,4.0,5.0,4.0,-35.0,0.0
2024-03-02,taiwan,293.0,29.0,16.0,508.3,0.0,0.0,2.0,79.0,19.0,90.4,4.0
2024-03-02,ukraine,2479.0,296.0,459.0,809.1,15.0,13.0,64.0,739.0,371.0,-1831.5,25.0
2024-03-02,venezuela,306.0,55.0,70.0,-213.4,1.0,3.0,27.0,79.0,30.0,-35.5,10.0
2024-03-02,yemen,192.0,22.0,53.0,-278.4,2.0,0.0,6.0,88.0,54.0,-344.2,4.0
2024-03-03,drc,14.0,0.0,0.0,38.3,0.0,0.0,0.0,4.0,4.0,-10.0,0.0
2024-03-03,europe_east,456.0,52.0,49.0,583.1,1.0,1.0,25.0,34.0,19.0,-79.1,14.0
2024-03-03,iran,505.0,74.0,106.0,-204.8,2.0,3.0,35.0,72.0,46.0,-173.9,6.0
2024-03-03,israel,6872.0,1160.0,1265.0,-2900.6,57.0,18.0,264.0,1558.0,732.0,-2584.2,69.0
2024-03-03,korea,434.0,65.0,41.0,171.4,2.0,1.0,7.0,14.0,2.0,-19.3,0.0
2024-03-03,libya,60.0,13.0,3.0,118.0,0.0,0.0,0.0,0.0,0.0,0.0,0.0
2024-03-03,scs,1083.0,127.0,93.0,1427.9,1.0,0.0,46.0,88.0,42.0,21.4,0.0
2024-03-03,southasia,6831.0,1108.0,716.0,5276.1,3.0,9.0,358.0,39.0,6.0,63.2,0.0
2024-03-03,sudan,243.0,10.0,88.0,-413.5,1.0,2.0,11.0,7.0,5.0,-45.4,0.0
2024-03-03,taiwan,173.0,16.0,10.0,296.2,0.0,1.0,7.0,51.0,11.0,52.5,2.0
2024-03-03,ukraine,2520.0,351.0,479.0,-94.2,18.0,15.0,45.0,851.0,413.0,-2188.3,25.0
2024-03-03,venezuela,229.0,47.0,46.0,-116.8,0.0,0.0,23.0,60.0,32.0,-109.4,8.0
2024-03-03,yemen,149.0,20.0,45.0,-327.8,4.0,0.0,3.0,59.0,52.0,-381.8,14.0
2024-03-04,drc,16.0,7.0,2.0,-33.1,0.0,0.0,0.0,12.0,7.0,-27.0,0.0
2024-03-04,europe_east,1011.0,121.0,88.0,1405.6,2.0,4.0,46.0,190.0,61.0,101.6,2.0
2024-03-04,iran,1072.0,159.0,164.0,275.3,7.0,2.0,51.0,237.0,87.0,-136.1,12.0
2024-03-04,israel,9286.0,1482.0,1833.0,-4946.1,64.0,21.0,349.0,2315.0,1082.0,-4158.1,97.0
2024-03-04,korea,903.0,151.0,131.0,202.5,12.0,7.0,36.0,117.0,58.0,-180.8,24.0
2024-03-04,libya,73.0,8.0,4.0,228.6,0.0,0.0,0.0,0.0,0.0,0.0,0.0
2024-03-04,scs,1843.0,214.0,148.0,2528.7,0.0,3.0,64.0,288.0,93.0,251.7,2.0
2024-03-04,southasia,9259.0,1545.0,1204.0,4720.6,29.0,13.0,585.0,36.0,11.0,-16.4,9.0
2024-03-04,sudan,306.0,43.0,73.0,-253.1,2.0,0.0,22.0,10.0,0.0,12.4,0.0
2024-03-04,taiwan,419.0,21.0,18.0,932.3,0.0,0.0,9.0,68.0,18.0,49.1,0.0
2024-03-04,ukraine,3579.0,473.0,583.0,1236.5,19.0,41.0,133.0,1100.0,492.0,-1950.1,73.0
2024-03-04,venezuela,305.0,30.0,65.0,514.9,0.0,0.0,28.0,71.0,48.0,-241.2,16.0
2024-03-04,yemen,281.0,67.0,85.0,-791.0,13.0,2.0,1.0,122.0,95.0,-634.4,19.0
2024-03-05,drc,36.0,3.0,4.0,37.8,0.0,0.0,0.0,20.0,10.0,-34.4,0.0
2024-03-05,europe_east,1312.0,190.0,146.0,1372.7,1.0,5.0,60.0,158.0,61.0,135.7,9.0
2024-03-05,iran,940.0,162.0,208.0,-735.6,12.0,0.0,42.0,213.0,98.0,-364.8,17.0
2024-03-05,israel,10295.0,1656.0,2229.0,-6706.0,99.0,13.0,508.0,2408.0,1242.0,-5574.8,156.0
2024-03-05,korea,1198.0,228.0,124.0,848.1,18.0,13.0,19.0,174.0,78.0,-169.9,27.0
2024-03-05,libya,88.0,15.0,9.0,100.6,0.0,0.0,3.0,0.0,0.0,0.0,0.0
2024-03-05,scs,2230.0,364.0,279.0,1058.3,5.0,12.0,105.0,495.0,272.0,-755.5,33.0
2024-03-05,southasia,10127.0,1803.0,1258.0,4728.2,74.0,24.0,592.0,47.0,19.0,-4.6,11.0
2024-03-05,sudan,384.0,56.0,63.0,31.0,2.0,1.0,31.0,5.0,4.0,-36.0,0.0
2024-03-05,taiwan,614.0,38.0,26.0,1211.0,1.0,1.0,8.0,98.0,31.0,-58.0,6.0
2024-03-05,ukraine,3993.0,525.0,631.0,2448.8,20.0,48.0,162.0,1214.0,555.0,-2199.9,76.0
2024-03-05,venezuela,310.0,33.0,94.0,-290.3,0.0,1.0,38.0,74.0,26.0,-19.4,9.0
2024-03-05,yemen,304.0,54.0,84.0,-624.8,9.0,1.0,7.0,100.0,71.0,-492.0,9.0
2024-03-06,drc,23.0,6.0,6.0,-49.8,0.0,0.0,0.0,13.0,1.0,45.6,0.0
2024-03-06,europe_east,1292.0,154.0,140.0,1530.1,3.0,5.0,56.0,137.0,70.0,-230.5,22.0
2024-03-06,iran,1037.0,147.0,236.0,-591.8,9.0,4.0,57.0,191.0,99.0,-340.8,7.0
2024-03-06,israel,9058.0,1468.0,1902.0,-5662.0,73.0,26.0,456.0,1912.0,976.0,-4354.9,119.0
2024-03-06,korea,1150.0,175.0,94.0,1315.7,1.0,4.0,39.0,112.0,43.0,-46.3,11.0
2024-03-06,libya,104.0,19.0,13.0,118.2,0.0,0.0,7.0,0.0,0.0,0.0,0.0
2024-03-06,scs,2205.0,370.0,264.0,1187.3,3.0,6.0,103.0,486.0,245.0,-509.9,5.0
2024-03-06,southasia,10262.0,1616.0,1145.0,8467.1,45.0,38.0,550.0,33.0,7.0,66.4,1.0
2024-03-06,sudan,729.0,124.0,105.0,188.5,8.0,3.0,26.0,4.0,4.0,-30.0,0.0
2024-03-06,taiwan,491.0,52.0,35.0,805.2,0.0,2.0,16.0,100.0,36.0,-71.1,1.0
2024-03-06,ukraine,4297.0,599.0,785.0,681.8,31.0,24.0,217.0,1407.0,762.0,-3802.0,110.0
2024-03-06,venezuela,323.0,55.0,72.0,-123.5,0.0,0.0,38.0,83.0,42.0,-135.7,11.0
2024-03-06,yemen,395.0,47.0,158.0,-1245.6,6.0,0.0,10.0,155.0,111.0,-893.0,9.0
2024-03-07,drc,69.0,7.0,13.0,-10.7,0.0,0.0,0.0,7.0,6.0,-42.0,1.0
2024-03-07,europe_east,1450.0,178.0,151.0,1582.5,12.0,7.0,54.0,159.0,67.0,-147.6,17.0
2024-03-07,iran,965.0,151.0,231.0,-873.6,8.0,9.0,76.0,186.0,94.0,-325.2,7.0
2024-03-07,israel,9717.0,1681.0,1988.0,-6451.9,54.0,19.0,501.0,2081.0,1037.0,-4271.7,105.0
2024-03-07,korea,1152.0,178.0,149.0,981.9,20.0,9.0,44.0,100.0,41.0,-63.3,18.0
2024-03-07,libya,82.0,13.0,13.0,26.5,0.0,0.0,3.0,3.0,2.0,3.4,0.0
2024-03-07,scs,2601.0,287.0,351.0,1793.5,7.0,5.0,114.0,355.0,201.0,-679.2,8.0
2024-03-07,southasia,9698.0,1414.0,1038.0,9044.6,23.0,54.0,473.0,46.0,5.0,87.1,0.0
2024-03-07,sudan,511.0,56.0,84.0,79.4,6.0,0.0,26.0,14.0,13.0,-124.4,0.0
2024-03-07,taiwan,492.0,76.0,50.0,458.3,0.0,2.0,29.0,174.0,61.0,29.4,5.0
2024-03-07,ukraine,4252.0,597.0,694.0,1291.2,58.0,27.0,136.0,1200.0,642.0,-3028.8,93.0
2024-03-07,venezuela,368.0,62.0,106.0,-406.5,0.0,0.0,56.0,111.0,54.0,-192.4,17.0
2024-03-07,yemen,561.0,64.0,205.0,-1555.0,12.0,0.0,13.0,158.0,108.0,-893.1,9.0
2024-03-08,drc,67.0,14.0,17.0,-98.0,0.0,0.0,5.0,9.0,7.0,-50.9,0.0
2024-03-08,europe_east,1292.0,147.0,110.0,1928.8,11.0,7.0,60.0,171.0,75.0,-174.4,14.0
2024-03-08,iran,905.0,154.0,159.0,-200.8,2.0,9.0,65.0,134.0,68.0,-303.4,5.0
2024-03-08,israel,8128.0,1352.0,1550.0,-3226.3,62.0,16.0,335.0,1731.0,771.0,-2735.7,81.0
2024-03-08,korea,775.0,133.0,139.0,-164.3,9.0,6.0,45.0,69.0,48.0,-246.7,8.0
2024-03-08,libya,77.0,8.0,9.0,96.0,0.0,0.0,4.0,0.0,0.0,0.0,0.0
2024-03-08,scs,2056.0,238.0,194.0,2430.6,1.0,4.0,77.0,150.0,57.0,9.7,1.0
2024-03-08,southasia,8926.0,1507.0,1016.0,6357.4,9.0,43.0,406.0,22.0,4.0,9.6,1.0
2024-03-08,sudan,482.0,77.0,67.0,106.2,6.0,2.0,29.0,10.0,9.0,-77.4,0.0
2024-03-08,taiwan,359.0,47.0,17.0,660.0,9.0,0.0,6.0,133.0,41.0,76.6,4.0
2024-03-08,ukraine,4041.0,493.0,648.0,2084.9,46.0,25.0,130.0,1012.0,554.0,-2617.7,53.0
2024-03-08,venezuela,528.0,80.0,169.0,-815.9,0.0,1.0,58.0,189.0,109.0,-535.9,23.0
2024-03-08,yemen,214.0,33.0,78.0,-610.6,4.0,5.0,3.0,54.0,28.0,-144.5,4.0
2024-03-09,drc,13.0,0.0,4.0,-20.9,0.0,0.0,0.0,1.0,1.0,-2.0,0.0
2024-03-09,europe_east,743.0,114.0,83.0,731.3,4.0,7.0,34.0,124.0,53.0,-194.9,10.0
2024-03-09,iran,641.0,125.0,146.0,-519.3,11.0,5.0,69.0,80.0,38.0,-132.1,8.0
2024-03-09,israel,5807.0,1036.0,1207.0,-3837.8,39.0,41.0,238.0,1265.0,651.0,-2705.7,58.0
2024-03-09,korea,290.0,35.0,63.0,-38.9,4.0,33.0,13.0,6.0,4.0,-16.8,1.0
2024-03-09,libya,55.0,4.0,3.0,128.8,0.0,0.0,1.0,0.0,0.0,0.0,0.0
2024-03-09,scs,1107.0,99.0,136.0,1091.3,1.0,5.0,45.0,102.0,39.0,-37.3,7.0
2024-03-09,southasia,7738.0,1199.0,882.0,5628.3,15.0,21.0,385.0,32.0,8.0,19.0,1.0
2024-03-09,sudan,448.0,27.0,47.0,522.8,1.0,0.0,7.0,7.0,6.0,-57.0,0.0
2024-03-09,taiwan,264.0,29.0,18.0,280.7,0.0,0.0,9.0,76.0,7.0,109.5,0.0
2024-03-09,ukraine,2709.0,338.0,440.0,1385.9,14.0,25.0,116.0,911.0,479.0,-1947.4,62.0
2024-03-09,venezuela,317.0,53.0,99.0,-535.5,0.0,2.0,28.0,99.0,50.0,-200.4,7.0
2024-03-09,yemen,168.0,21.0,91.0,-862.8,1.0,0.0,2.0,80.0,68.0,-615.6,5.0
2024-03-10,drc,18.0,5.0,2.0,6.2,0.0,0.0,1.0,1.0,1.0,-10.0,0.0
2024-03-10,europe_east,546.0,60.0,37.0,994.5,0.0,7.0,19.0,58.0,8.0,115.2,4.0
2024-03-10,iran,615.0,113.0,81.0,275.6,4.0,0.0,42.0,104.0,27.0,99.6,0.0
2024-03-10,israel,5760.0,1062.0,1316.0,-5943.7,58.0,34.0,213.0,1288.0,688.0,-3267.5,65.0
2024-03-10,korea,284.0,45.0,32.0,231.9,1.0,0.0,15.0,29.0,4.0,53.1,0.0
2024-03-10,libya,81.0,5.0,4.0,202.7,0.0,0.0,0.0,0.0,0.0,0.0,0.0
2024-03-10,scs,1177.0,98.0,137.0,1333.3,2.0,1.0,29.0,84.0,26.0,-7.8,2.0
2024-03-10,southasia,6669.0,1069.0,798.0,4776.8,16.0,39.0,340.0,23.0,14.0,-65.1,0.0
2024-03-10,sudan,405.0,32.0,21.0,686.6,0.0,0.0,1.0,5.0,0.0,3.4,0.0
2024-03-10,taiwan,234.0,34.0,20.0,205.0,0.0,0.0,16.0,49.0,14.0,1.5,0.0
2024-03-10,ukraine,2537.0,330.0,442.0,468.0,11.0,26.0,83.0,946.0,532.0,-2560.3,52.0
2024-03-10,venezuela,372.0,38.0,106.0,-270.3,0.0,2.0,41.0,78.0,32.0,-57.3,6.0
2024-03-10,yemen,162.0,24.0,69.0,-577.1,4.0,2.0,3.0,56.0,39.0,-312.0,1.0
2024-03-11,drc,33.0,1.0,9.0,-37.2,0.0,0.0,0.0,28.0,8.0,46.5,1.0
2024-03-11,europe_east,1045.0,142.0,95.0,1409.1,5.0,2.0,45.0,100.0,37.0,-45.0,14.0
2024-03-11,iran,782.0,122.0,129.0,311.8,3.0,0.0,62.0,107.0,44.0,-154.4,8.0
2024-03-11,israel,7217.0,1385.0,1424.0,-5689.6,86.0,23.0,310.0,1560.0,796.0,-3439.5,78.0
2024-03-11,korea,926.0,73.0,119.0,1333.1,3.0,2.0,59.0,50.0,8.0,79.6,4.0
2024-03-11,libya,137.0,5.0,16.0,301.0,0.0,0.0,9.0,1.0,1.0,-10.0,0.0
2024-03-11,scs,2237.0,172.0,197.0,3568.3,1.0,12.0,63.0,104.0,45.0,-87.2,5.0
2024-03-11,southasia,9054.0,1570.0,943.0,8465.8,31.0,20.0,488.0,49.0,15.0,-3.8,11.0
2024-03-11,sudan,379.0,45.0,50.0,252.5,1.0,0.0,5.0,5.0,5.0,-33.0,0.0
2024-03-11,taiwan,326.0,53.0,16.0,499.5,1.0,0.0,4.0,75.0,32.0,-41.8,5.0
2024-03-11,ukraine,4557.0,640.0,657.0,2643.5,25.0,53.0,122.0,1299.0,636.0,-2261.3,68.0
2024-03-11,venezuela,365.0,59.0,79.0,-139.6,2.0,0.0,27.0,81.0,53.0,-250.7,11.0
2024-03-11,yemen,260.0,26.0,80.0,-300.6,4.0,1.0,16.0,101.0,53.0,-239.5,5.0
2024-03-12,drc,64.0,3.0,11.0,66.9,0.0,0.0,3.0,84.0,19.0,205.7,0.0
2024-03-12,europe_east,1922.0,240.0,327.0,1049.7,13.0,3.0,212.0,183.0,97.0,-348.6,33.0
2024-03-12,iran,1152.0,177.0,184.0,811.0,15.0,9.0,51.0,192.0,78.0,-84.1,10.0
2024-03-12,israel,8389.0,1361.0,1793.0,-6547.4,71.0,33.0,310.0,1899.0,1027.0,-5158.1,112.0
2024-03-12,korea,1087.0,142.0,145.0,1116.0,3.0,8.0,79.0,60.0,27.0,-12.0,10.0
2024-03-12,libya,113.0,12.0,13.0,242.6,0.0,0.0,7.0,0.0,0.0,0.0,0.0
2024-03-12,scs,2438.0,232.0,189.0,3899.1,1.0,0.0,64.0,236.0,84.0,66.6,4.0
2024-03-12,southasia,10021.0,1607.0,1115.0,7923.3,30.0,45.0,616.0,82.0,19.0,55.7,12.0
2024-03-12,sudan,518.0,67.0,120.0,-325.7,0.0,8.0,14.0,14.0,9.0,-83.1,0.0
2024-03-12,taiwan,471.0,56.0,29.0,750.6,1.0,1.0,19.0,78.0,32.0,-24.8,6.0
2024-03-12,ukraine,4224.0,528.0,776.0,915.6,25.0,39.0,190.0,1284.0,685.0,-3424.1,75.0
2024-03-12,venezuela,395.0,60.0,70.0,175.2,0.0,0.0,35.0,97.0,42.0,-42.9,12.0
2024-03-12,yemen,277.0,25.0,114.0,-806.4,6.0,0.0,7.0,115.0,63.0,-414.0,1.0
2024-03-13,drc,42.0,0.0,1.0,129.1,0.0,0.0,0.0,5.0,3.0,2.4,0.0
2024-03-13,europe_east,2272.0,247.0,305.0,1895.9,17.0,12.0,154.0,430.0,254.0,-1121.4,46.0
2024-03-13,iran,955.0,143.0,174.0,129.2,8.0,3.0,60.0,193.0,94.0,-320.1,10.0
2024-03-13,israel,8104.0,1262.0,1861.0,-6515.0,53.0,29.0,283.0,1879.0,954.0,-4616.9,69.0
2024-03-13,korea,841.0,72.0,80.0,1319.5,3.0,2.0,36.0,55.0,18.0,80.7,3.0
2024-03-13,libya,87.0,6.0,8.0,167.2,0.0,0.0,3.0,0.0,0.0,0.0,0.0
2024-03-13,scs,2524.0,275.0,248.0,3267.0,1.0,13.0,88.0,157.0,49.0,3.7,5.0
2024-03-13,southasia,9092.0,1440.0,912.0,9430.4,25.0,26.0,554.0,23.0,5.0,7.4,4.0
2024-03-13,sudan,290.0,17.0,57.0,57.8,0.0,1.0,8.0,13.0,8.0,-77.6,0.0
2024-03-13,taiwan,424.0,48.0,18.0,798.4,1.0,2.0,9.0,122.0,34.0,75.6,3.0
2024-03-13,ukraine,4029.0,548.0,673.0,1979.2,35.0,47.0,136.0,1350.0,741.0,-3558.1,84.0
2024-03-13,venezuela,324.0,48.0,87.0,-249.0,0.0,0.0,52.0,78.0,38.0,-93.5,13.0
2024-03-13,yemen,125.0,5.0,59.0,-427.1,1.0,2.0,1.0,45.0,25.0,-191.7,0.0
2024-03-14,drc,84.0,11.0,25.0,-62.8,0.0,0.0,5.0,24.0,5.0,52.9,0.0
2024-03-14,europe_east,1787.0,184.0,219.0,2043.2,5.0,6.0,103.0,403.0,186.0,-500.3,30.0
2024-03-14,iran,1073.0,159.0,136.0,792.6,14.0,5.0,59.0,228.0,80.0,50.5,15.0
2024-03-14,israel,8799.0,1590.0,1961.0,-8412.0,82.0,40.0,428.0,1855.0,989.0,-4925.7,81.0
2024-03-14,korea,1003.0,129.0,151.0,788.1,10.0,18.0,62.0,71.0,31.0,-43.4,14.0
2024-03-14,libya,64.0,8.0,7.0,104.5,0.0,0.0,5.0,0.0,0.0,0.0,0.0
2024-03-14,scs,2403.0,231.0,222.0,3481.6,1.0,2.0,80.0,169.0,54.0,288.3,5.0
2024-03-14,southasia,9273.0,1490.0,926.0,8610.0,11.0,24.0,494.0,34.0,13.0,-42.6,9.0
2024-03-14,sudan,281.0,20.0,49.0,166.6,0.0,0.0,16.0,2.0,2.0,-20.0,0.0
2024-03-14,taiwan,468.0,56.0,58.0,433.9,0.0,10.0,27.0,139.0,35.0,220.5,7.0
2024-03-14,ukraine,3786.0,526.0,644.0,1057.9,22.0,36.0,148.0,1248.0,652.0,-2890.6,75.0
2024-03-14,venezuela,385.0,51.0,61.0,-52.2,0.0,0.0,29.0,58.0,19.0,-11.0,6.0
2024-03-14,yemen,307.0,73.0,60.0,-317.5,2.0,0.0,13.0,73.0,50.0,-370.8,4.0
2024-03-15,drc,8.0,1.0,0.0,6.2,0.0,0.0,0.0,4.0,2.0,-2.6,0.0
2024-03-15,europe_east,1527.0,122.0,107.0,3360.8,0.0,15.0,53.0,255.0,96.0,-11.4,24.0
2024-03-15,iran,908.0,127.0,141.0,270.2,6.0,9.0,40.0,225.0,90.0,-131.8,5.0
2024-03-15,israel,8398.0,1469.0,1448.0,-1355.7,83.0,36.0,351.0,1799.0,831.0,-2658.8,73.0
2024-03-15,korea,1243.0,116.0,247.0,778.0,1.0,8.0,104.0,60.0,21.0,28.9,5.0
2024-03-15,libya,79.0,4.0,7.0,133.7,1.0,0.0,5.0,0.0,0.0,0.0,0.0
2024-03-15,scs,2099.0,174.0,195.0,3073.1,0.0,4.0,96.0,177.0,67.0,75.3,8.0
2024-03-15,southasia,8401.0,1394.0,825.0,7702.3,12.0,42.0,407.0,26.0,16.0,-72.9,7.0
2024-03-15,sudan,404.0,54.0,65.0,179.7,8.0,0.0,24.0,12.0,7.0,-46.9,0.0
2024-03-15,taiwan,333.0,44.0,26.0,378.1,0.0,3.0,10.0,100.0,20.0,95.6,2.0
2024-03-15,ukraine,4061.0,598.0,711.0,328.1,13.0,33.0,155.0,1442.0,828.0,-4362.4,76.0
2024-03-15,venezuela,166.0,17.0,41.0,24.4,0.0,0.0,22.0,31.0,12.0,-6.7,6.0
2024-03-15,yemen,286.0,43.0,81.0,-511.5,11.0,1.0,11.0,108.0,67.0,-396.0,6.0
2024-03-16,drc,14.0,0.0,1.0,68.8,0.0,1.0,0.0,12.0,3.0,27.4,0.0
2024-03-16,europe_east,618.0,66.0,87.0,496.6,1.0,6.0,42.0,139.0,83.0,-356.1,4.0
2024-03-16,iran,621.0,95.0,103.0,32.4,1.0,7.0,36.0,182.0,81.0,-240.1,0.0
2024-03-16,israel,5476.0,931.0,1062.0,-1920.0,67.0,22.0,248.0,1435.0,658.0,-1636.8,66.0
2024-03-16,korea,461.0,51.0,87.0,70.0,6.0,3.0,44.0,24.0,13.0,-10.2,0.0
2024-03-16,libya,14.0,3.0,4.0,-15.3,0.0,0.0,3.0,0.0,0.0,0.0,0.0
2024-03-16,scs,1094.0,102.0,118.0,1169.6,4.0,1.0,35.0,76.0,20.0,70.9,5.0
2024-03-16,southasia,7819.0,1184.0,1260.0,2543.1,13.0,61.0,475.0,29.0,11.0,-2.1,7.0
2024-03-16,sudan,224.0,34.0,18.0,270.6,6.0,0.0,9.0,3.0,0.0,5.4,0.0
2024-03-16,taiwan,284.0,33.0,39.0,167.6,3.0,2.0,13.0,118.0,33.0,31.0,7.0
2024-03-16,ukraine,2495.0,393.0,555.0,-1314.9,25.0,35.0,78.0,1037.0,682.0,-4198.5,49.0
2024-03-16,venezuela,182.0,27.0,31.0,142.9,0.0,0.0,15.0,39.0,15.0,34.1,7.0
2024-03-16,yemen,150.0,15.0,56.0,-383.0,2.0,0.0,6.0,66.0,31.0,-190.7,2.0
2024-03-17,drc,35.0,6.0,10.0,32.7,0.0,0.0,1.0,4.0,3.0,-21.0,0.0
2024-03-17,europe_east,578.0,78.0,67.0,424.0,1.0,13.0,16.0,165.0,70.0,-161.0,14.0
2024-03-17,iran,509.0,69.0,81.0,329.4,6.0,3.0,30.0,82.0,38.0,-81.9,9.0
2024-03-17,israel,5910.0,1009.0,1298.0,-5145.3,74.0,17.0,241.0,1471.0,765.0,-3257.9,89.0
2024-03-17,korea,511.0,49.0,87.0,155.9,2.0,3.0,19.0,42.0,28.0,-135.8,4.0
2024-03-17,libya,42.0,2.0,7.0,11.7,0.0,0.0,3.0,0.0,0.0,0.0,0.0
2024-03-17,scs,903.0,59.0,86.0,1450.0,3.0,9.0,18.0,61.0,28.0,-46.8,0.0
2024-03-17,southasia,6299.0,948.0,869.0,3197.6,17.0,25.0,340.0,12.0,3.0,5.1,0.0
2024-03-17,sudan,215.0,26.0,26.0,240.4,2.0,0.0,10.0,2.0,0.0,6.8,0.0
2024-03-17,taiwan,235.0,33.0,28.0,176.6,4.0,2.0,2.0,82.0,33.0,-19.9,6.0
2024-03-17,ukraine,2490.0,426.0,593.0,-2566.0,20.0,23.0,89.0,1066.0,678.0,-4075.6,38.0
2024-03-17,venezuela,130.0,30.0,21.0,15.1,0.0,0.0,15.0,11.0,4.0,-9.2,0.0
2024-03-17,yemen,101.0,12.0,33.0,-209.8,3.0,0.0,3.0,70.0,43.0,-290.2,1.0
2024-03-18,drc,50.0,6.0,6.0,138.4,0.0,0.0,3.0,11.0,5.0,-1.0,0.0
2024-03-18,europe_east,1003.0,123.0,63.0,1874.2,7.0,3.0,31.0,121.0,56.0,-195.2,7.0
2024-03-18,iran,759.0,148.0,123.0,19.1,4.0,1.0,21.0,126.0,50.0,-62.3,2.0
2024-03-18,israel,8651.0,1585.0,1909.0,-8484.5,94.0,27.0,453.0,1929.0,1017.0,-4308.5,138.0
2024-03-18,korea,1854.0,180.0,402.0,-646.6,3.0,5.0,58.0,418.0,246.0,-1535.2,24.0
2024-03-18,libya,59.0,6.0,3.0,154.8,0.0,0.0,2.0,0.0,0.0,0.0,0.0
2024-03-18,scs,2070.0,175.0,223.0,3193.7,5.0,19.0,71.0,101.0,43.0,-111.5,3.0
2024-03-18,southasia,8792.0,1580.0,1341.0,747.9,28.0,19.0,508.0,10.0,0.0,29.2,0.0
2024-03-18,sudan,363.0,44.0,86.0,-295.0,4.0,1.0,23.0,3.0,3.0,-30.0,0.0
2024-03-18,taiwan,412.0,44.0,27.0,639.6,0.0,0.0,12.0,93.0,19.0,115.0,1.0
2024-03-18,ukraine,3464.0,539.0,602.0,339.6,33.0,34.0,117.0,1197.0,644.0,-3103.5,48.0
2024-03-18,venezuela,238.0,38.0,44.0,59.8,0.0,0.0,26.0,66.0,37.0,-105.7,13.0
2024-03-18,yemen,140.0,13.0,40.0,-129.9,2.0,0.0,2.0,77.0,53.0,-413.1,2.0
2024-03-19,drc,52.0,10.0,11.0,19.3,0.0,1.0,9.0,8.0,2.0,20.0,0.0
2024-03-19,europe_east,995.0,123.0,93.0,1357.9,7.0,6.0,50.0,180.0,95.0,-303.9,18.0
2024-03-19,iran,785.0,93.0,131.0,309.9,11.0,0.0,51.0,150.0,52.0,-19.1,11.0
2024-03-19,israel,9234.0,1659.0,2019.0,-8262.7,89.0,14.0,440.0,2108.0,1047.0,-4272.9,113.0
2024-03-19,korea,1243.0,110.0,120.0,1636.2,7.0,1.0,31.0,171.0,76.0,-236.9,13.0
2024-03-19,libya,59.0,9.0,14.0,-31.5,0.0,0.0,9.0,0.0,0.0,0.0,0.0
2024-03-19,scs,2590.0,243.0,225.0,3979.6,2.0,4.0,72.0,330.0,134.0,-287.0,5.0
2024-03-19,southasia,9498.0,1622.0,1243.0,4164.3,20.0,23.0,569.0,14.0,11.0,-12.3,0.0
2024-03-19,sudan,401.0,52.0,54.0,207.6,1.0,1.0,19.0,1.0,1.0,-10.0,0.0
2024-03-19,taiwan,382.0,65.0,25.0,447.7,0.0,2.0,15.0,146.0,62.0,-11.7,2.0
2024-03-19,ukraine,4044.0,527.0,644.0,2508.0,31.0,41.0,162.0,1189.0,652.0,-3275.6,51.0
2024-03-19,venezuela,236.0,41.0,47.0,-10.4,0.0,1.0,31.0,55.0,23.0,-50.1,10.0
2024-03-19,yemen,164.0,30.0,37.0,-149.1,0.0,0.0,6.0,49.0,25.0,-159.1,0.0
2024-03-20,drc,62.0,5.0,15.0,51.8,0.0,0.0,15.0,2.0,2.0,-20.0,0.0
2024-03-20,europe_east,1216.0,164.0,114.0,911.6,13.0,3.0,39.0,80.0,42.0,-128.5,9.0
2024-03-20,iran,779.0,116.0,84.0,629.6,9.0,4.0,22.0,115.0,44.0,-63.6,7.0
2024-03-20,israel,8933.0,1521.0,1925.0,-5851.9,62.0,12.0,492.0,1885.0,959.0,-4264.4,106.0
2024-03-20,korea,1122.0,118.0,142.0,839.1,2.0,6.0,34.0,191.0,79.0,-347.7,14.0
2024-03-20,libya,120.0,21.0,20.0,97.3,0.0,0.0,15.0,3.0,1.0,6.4,0.0
2024-03-20,scs,2386.0,312.0,213.0,3222.3,2.0,3.0,98.0,283.0,105.0,62.4,1.0
2024-03-20,southasia,9897.0,1568.0,1418.0,3426.1,14.0,22.0,562.0,26.0,7.0,10.1,1.0
2024-03-20,sudan,448.0,46.0,76.0,232.7,1.0,3.0,20.0,5.0,4.0,-40.4,0.0
2024-03-20,taiwan,432.0,51.0,26.0,584.8,0.0,3.0,13.0,109.0,31.0,37.6,2.0
2024-03-20,ukraine,3936.0,489.0,658.0,2196.4,26.0,21.0,192.0,1215.0,593.0,-2290.7,66.0
2024-03-20,venezuela,312.0,64.0,55.0,17.2,0.0,0.0,34.0,73.0,41.0,-172.1,24.0
2024-03-20,yemen,127.0,15.0,47.0,-291.6,0.0,0.0,9.0,47.0,34.0,-223.4,4.0
2024-03-21,drc,35.0,3.0,4.0,129.1,0.0,0.0,1.0,0.0,0.0,0.0,0.0
2024-03-21,europe_east,1227.0,121.0,101.0,2327.7,3.0,5.0,39.0,137.0,60.0,-47.4,19.0
2024-03-21,iran,653.0,129.0,131.0,-477.4,14.0,2.0,38.0,138.0,63.0,-199.9,16.0
2024-03-21,israel,9362.0,1483.0,1964.0,-5518.0,88.0,15.0,375.0,2044.0,1063.0,-5265.5,111.0
2024-03-21,korea,965.0,130.0,119.0,996.7,2.0,10.0,36.0,133.0,75.0,-270.8,18.0
2024-03-21,libya,71.0,11.0,12.0,25.8,0.0,0.0,9.0,0.0,0.0,0.0,0.0
2024-03-21,scs,2168.0,208.0,155.0,3606.2,0.0,1.0,82.0,95.0,25.0,85.2,1.0
2024-03-21,southasia,9215.0,1610.0,1412.0,1223.5,23.0,27.0,645.0,12.0,7.0,-28.6,3.0
2024-03-21,sudan,734.0,97.0,111.0,309.3,13.0,4.0,15.0,0.0,0.0,0.0,0.0
2024-03-21,taiwan,456.0,85.0,49.0,165.5,8.0,12.0,9.0,174.0,64.0,-134.9,34.0
2024-03-21,ukraine,4088.0,470.0,665.0,2317.6,36.0,23.0,159.0,1198.0,698.0,-3973.2,92.0
2024-03-21,venezuela,335.0,36.0,98.0,-253.6,0.0,1.0,49.0,60.0,35.0,-104.0,24.0
2024-03-21,yemen,173.0,31.0,33.0,-98.4,4.0,0.0,5.0,87.0,34.0,-26.8,3.0
2024-03-22,drc,75.0,1.0,5.0,270.3,0.0,0.0,3.0,14.0,8.0,8.2,0.0
2024-03-22,europe_east,1046.0,106.0,94.0,1844.7,6.0,7.0,48.0,170.0,80.0,-88.2,8.0
2024-03-22,iran,566.0,69.0,76.0,578.3,5.0,1.0,16.0,135.0,65.0,-217.8,10.0
2024-03-22,israel,9786.0,1533.0,1902.0,-4078.7,83.0,14.0,416.0,2084.0,1085.0,-5116.5,105.0
2024-03-22,korea,835.0,121.0,87.0,850.6,6.0,2.0,32.0,73.0,43.0,-190.6,21.0
2024-03-22,libya,106.0,9.0,27.0,-80.3,0.0,0.0,11.0,4.0,3.0,-15.6,1.0
2024-03-22,scs,1467.0,122.0,119.0,2396.4,1.0,7.0,64.0,171.0,70.0,-27.5,5.0
2024-03-22,southasia,9221.0,1764.0,1443.0,731.9,17.0,21.0,842.0,9.0,3.0,-12.2,0.0
2024-03-22,sudan,376.0,28.0,71.0,30.7,0.0,2.0,17.0,12.0,9.0,-71.6,2.0
2024-03-22,taiwan,445.0,53.0,28.0,560.5,3.0,3.0,17.0,170.0,59.0,63.3,22.0
2024-03-22,ukraine,3716.0,500.0,781.0,-1097.2,33.0,25.0,111.0,1456.0,853.0,-4689.8,81.0
2024-03-22,venezuela,378.0,94.0,60.0,33.3,0.0,2.0,39.0,99.0,45.0,-13.4,18.0
2024-03-22,yemen,121.0,15.0,36.0,-233.5,0.0,0.0,3.0,41.0,22.0,-138.4,0.0
2024-03-23,drc,31.0,4.0,6.0,9.4,0.0,0.0,3.0,0.0,0.0,0.0,0.0
2024-03-23,europe_east,691.0,38.0,49.0,1308.4,2.0,1.0,17.0,76.0,38.0,-175.0,0.0
2024-03-23,iran,489.0,108.0,70.0,-103.6,12.0,1.0,12.0,106.0,42.0,-91.6,9.0
2024-03-23,israel,5282.0,967.0,1165.0,-4570.6,37.0,17.0,225.0,1330.0,651.0,-2492.0,74.0
2024-03-23,korea,405.0,47.0,57.0,274.3,1.0,2.0,25.0,49.0,22.0,-54.5,8.0
2024-03-23,libya,60.0,9.0,4.0,29.6,0.0,0.0,0.0,0.0,0.0,0.0,0.0
2024-03-23,scs,1035.0,120.0,126.0,885.4,1.0,8.0,39.0,222.0,125.0,-444.0,17.0
2024-03-23,southasia,7954.0,1369.0,1170.0,2672.8,20.0,17.0,696.0,15.0,4.0,15.8,0.0
2024-03-23,sudan,203.0,32.0,33.0,234.5,1.0,0.0,7.0,0.0,0.0,0.0,0.0
2024-03-23,taiwan,296.0,39.0,37.0,134.2,0.0,0.0,19.0,85.0,32.0,36.7,10.0
2024-03-23,ukraine,2434.0,489.0,584.0,-3172.7,31.0,18.0,115.0,1191.0,717.0,-3529.2,78.0
2024-03-23,venezuela,243.0,60.0,44.0,-81.5,0.0,1.0,27.0,61.0,17.0,12.7,3.0
2024-03-23,yemen,131.0,33.0,33.0,-261.1,1.0,0.0,6.0,77.0,49.0,-336.6,2.0
2024-03-24,drc,6.0,0.0,2.0,-5.2,0.0,0.0,0.0,2.0,0.0,0.0,0.0
2024-03-24,europe_east,887.0,164.0,194.0,-907.0,2.0,9.0,31.0,351.0,265.0,-1490.4,60.0
2024-03-24,iran,432.0,73.0,92.0,-296.6,12.0,2.0,21.0,72.0,35.0,-163.4,5.0
2024-03-24,israel,5810.0,1036.0,1526.0,-8818.8,61.0,15.0,210.0,1476.0,788.0,-3909.8,60.0
2024-03-24,korea,448.0,55.0,42.0,603.4,3.0,0.0,21.0,41.0,7.0,69.5,3.0
2024-03-24,libya,65.0,4.0,4.0,142.9,0.0,0.0,2.0,4.0,0.0,20.0,0.0
2024-03-24,scs,1117.0,182.0,141.0,406.3,0.0,7.0,36.0,214.0,143.0,-495.5,6.0
2024-03-24,southasia,6654.0,1159.0,859.0,2866.7,17.0,20.0,455.0,15.0,6.0,-6.0,0.0
2024-03-24,sudan,260.0,24.0,55.0,-59.0,0.0,0.0,5.0,3.0,1.0,7.6,0.0
2024-03-24,taiwan,235.0,47.0,19.0,203.4,2.0,0.0,7.0,75.0,24.0,6.4,2.0
2024-03-24,ukraine,2799.0,529.0,784.0,-5066.2,26.0,20.0,95.0,1286.0,833.0,-5213.1,62.0
2024-03-24,venezuela,93.0,13.0,15.0,58.7,0.0,0.0,14.0,17.0,7.0,-5.3,3.0
2024-03-24,yemen,138.0,15.0,56.0,-430.8,1.0,0.0,0.0,32.0,25.0,-224.0,0.0
2024-03-25,drc,40.0,13.0,2.0,9.9,1.0,0.0,0.0,3.0,3.0,-16.0,2.0
2024-03-25,europe_east,1499.0,175.0,180.0,1648.2,3.0,9.0,54.0,339.0,172.0,-513.6,36.0
2024-03-25,iran,646.0,103.0,143.0,-234.9,8.0,2.0,52.0,129.0,54.0,-153.3,11.0
2024-03-25,israel,8615.0,1724.0,1658.0,-6539.9,72.0,12.0,425.0,1898.0,944.0,-3665.6,74.0
2024-03-25,korea,1324.0,122.0,129.0,2194.5,5.0,14.0,41.0,460.0,64.0,800.4,15.0
2024-03-25,libya,85.0,13.0,15.0,-34.4,2.0,0.0,6.0,0.0,0.0,0.0,0.0
2024-03-25,scs,2211.0,370.0,171.0,1863.6,16.0,1.0,55.0,602.0,334.0,-1084.7,26.0
2024-03-25,southasia,6699.0,1120.0,873.0,3073.9,16.0,14.0,373.0,7.0,4.0,2.0,0.0
2024-03-25,sudan,288.0,40.0,58.0,-67.7,1.0,1.0,2.0,10.0,8.0,-65.2,0.0
2024-03-25,taiwan,361.0,41.0,32.0,525.1,2.0,7.0,20.0,160.0,26.0,317.1,4.0
2024-03-25,ukraine,3282.0,549.0,835.0,-3802.7,40.0,41.0,170.0,1453.0,896.0,-5366.2,68.0
2024-03-25,venezuela,191.0,28.0,47.0,-89.7,0.0,0.0,25.0,25.0,10.0,-20.0,6.0
2024-03-25,yemen,211.0,22.0,59.0,-203.7,0.0,3.0,4.0,40.0,17.0,-35.0,1.0
2024-03-26,drc,47.0,6.0,6.0,31.2,0.0,0.0,0.0,11.0,10.0,-24.8,0.0
2024-03-26,europe_east,1484.0,191.0,145.0,2113.2,5.0,1.0,82.0,287.0,129.0,-450.9,23.0
2024-03-26,iran,1129.0,163.0,249.0,-546.2,6.0,3.0,44.0,230.0,117.0,-510.8,5.0
2024-03-26,israel,9213.0,1892.0,1830.0,-7254.5,79.0,7.0,504.0,1938.0,1004.0,-4320.1,96.0
2024-03-26,korea,933.0,116.0,83.0,1375.9,6.0,1.0,28.0,216.0,50.0,260.5,2.0
2024-03-26,libya,97.0,6.0,13.0,121.0,0.0,0.0,9.0,0.0,0.0,0.0,0.0
2024-03-26,scs,2446.0,273.0,243.0,2851.9,7.0,21.0,82.0,430.0,215.0,-484.4,18.0
2024-03-26,southasia,8575.0,1616.0,1481.0,-3687.7,22.0,37.0,401.0,22.0,7.0,53.0,0.0
2024-03-26,sudan,444.0,34.0,61.0,468.2,2.0,1.0,13.0,18.0,13.0,-99.8,0.0
2024-03-26,taiwan,397.0,48.0,39.0,316.5,6.0,10.0,15.0,175.0,38.0,121.9,4.0
2024-03-26,ukraine,3515.0,536.0,655.0,-355.7,35.0,22.0,171.0,1226.0,670.0,-3013.6,60.0
2024-03-26,venezuela,409.0,77.0,84.0,-148.9,2.0,0.0,50.0,79.0,30.0,24.4,11.0
2024-03-26,yemen,150.0,24.0,34.0,-149.0,1.0,2.0,10.0,35.0,10.0,5.0,0.0
2024-03-27,drc,62.0,5.0,10.0,2.1,0.0,0.0,0.0,7.0,7.0,-14.0,0.0
2024-03-27,europe_east,1281.0,114.0,114.0,1799.4,3.0,1.0,33.0,111.0,51.0,-180.2,18.0
2024-03-27,iran,845.0,129.0,146.0,30.6,3.0,2.0,47.0,263.0,119.0,-295.1,7.0
2024-03-27,israel,9050.0,1634.0,2098.0,-10313.4,65.0,19.0,436.0,2063.0,1169.0,-6188.9,87.0
2024-03-27,korea,839.0,107.0,96.0,783.0,1.0,4.0,36.0,135.0,47.0,-7.0,8.0
2024-03-27,libya,44.0,3.0,8.0,53.7,0.0,0.0,3.0,0.0,0.0,0.0,0.0
2024-03-27,scs,1998.0,206.0,179.0,2673.5,6.0,8.0,74.0,249.0,115.0,-235.2,4.0
2024-03-27,southasia,9879.0,1875.0,1399.0,729.9,25.0,28.0,555.0,16.0,10.0,-69.5,1.0
2024-03-27,sudan,488.0,44.0,41.0,774.4,1.0,1.0,15.0,10.0,7.0,-45.0,0.0
2024-03-27,taiwan,373.0,55.0,35.0,408.6,3.0,8.0,12.0,98.0,34.0,-93.5,8.0
2024-03-27,ukraine,3192.0,470.0,641.0,-730.5,25.0,19.0,158.0,1121.0,646.0,-3337.8,73.0
2024-03-27,venezuela,297.0,53.0,80.0,-231.3,0.0,4.0,47.0,99.0,53.0,-123.6,16.0
2024-03-27,yemen,145.0,15.0,58.0,-268.1,0.0,0.0,31.0,16.0,8.0,-54.7,0.0
2024-03-28,drc,70.0,1.0,7.0,177.7,0.0,0.0,0.0,20.0,9.0,2.3,0.0
2024-03-28,europe_east,1179.0,95.0,98.0,2357.5,2.0,5.0,51.0,121.0,62.0,-187.2,15.0
2024-03-28,iran,860.0,74.0,107.0,1124.4,6.0,3.0,29.0,150.0,50.0,-7.0,5.0
2024-03-28,israel,7898.0,1380.0,1706.0,-6300.8,51.0,21.0,403.0,1557.0,805.0,-3648.2,101.0
2024-03-28,korea,1229.0,150.0,99.0,1452.2,2.0,7.0,52.0,109.0,35.0,-130.1,1.0
2024-03-28,libya,87.0,13.0,10.0,117.5,0.0,0.0,6.0,0.0,0.0,0.0,0.0
2024-03-28,scs,1878.0,209.0,173.0,2425.5,6.0,3.0,69.0,306.0,184.0,-434.0,17.0
2024-03-28,southasia,9538.0,1544.0,1132.0,6472.6,21.0,40.0,503.0,23.0,4.0,10.1,1.0
2024-03-28,sudan,589.0,51.0,61.0,681.5,0.0,0.0,7.0,8.0,6.0,-55.0,0.0
2024-03-28,taiwan,552.0,55.0,34.0,955.5,3.0,1.0,14.0,140.0,14.0,272.1,0.0
2024-03-28,ukraine,3298.0,382.0,614.0,54.6,28.0,29.0,113.0,1113.0,585.0,-2813.7,61.0
2024-03-28,venezuela,315.0,63.0,64.0,-84.5,3.0,0.0,45.0,65.0,33.0,-88.9,7.0
2024-03-28,yemen,119.0,7.0,33.0,-66.0,1.0,4.0,9.0,28.0,5.0,38.8,0.0
2024-03-29,drc,45.0,8.0,5.0,50.8,1.0,0.0,0.0,8.0,7.0,-13.0,0.0
2024-03-29,europe_east,1153.0,172.0,132.0,959.6,11.0,3.0,52.0,117.0,58.0,-236.5,17.0
2024-03-29,iran,778.0,107.0,137.0,-36.6,9.0,5.0,38.0,166.0,84.0,-264.9,5.0
2024-03-29,israel,7671.0,1372.0,1842.0,-7916.0,35.0,17.0,380.0,1711.0,954.0,-4544.6,86.0
2024-03-29,korea,1143.0,150.0,137.0,673.4,0.0,3.0,71.0,332.0,77.0,259.7,8.0
2024-03-29,libya,96.0,11.0,16.0,43.8,0.0,0.0,3.0,0.0,0.0,0.0,0.0
2024-03-29,scs,1438.0,137.0,161.0,1541.6,1.0,8.0,50.0,168.0,96.0,-223.1,1.0
2024-03-29,southasia,8258.0,1457.0,1096.0,2677.4,13.0,38.0,545.0,9.0,2.0,4.6,1.0
2024-03-29,sudan,307.0,46.0,44.0,128.0,3.0,3.0,9.0,2.0,2.0,-20.0,0.0
2024-03-29,taiwan,579.0,53.0,53.0,798.5,2.0,1.0,25.0,133.0,28.0,142.3,4.0
2024-03-29,ukraine,3186.0,463.0,655.0,-1065.8,18.0,18.0,143.0,1291.0,730.0,-3715.6,72.0
2024-03-29,venezuela,167.0,30.0,32.0,38.6,0.0,0.0,14.0,50.0,25.0,-46.6,10.0
2024-03-29,yemen,104.0,15.0,24.0,-83.5,0.0,3.0,2.0,33.0,13.0,-38.5,2.0
2024-03-30,drc,19.0,0.0,0.0,35.5,0.0,0.0,0.0,0.0,0.0,0.0,0.0
2024-03-30,europe_east,602.0,68.0,70.0,570.7,13.0,0.0,25.0,62.0,37.0,-109.1,7.0
2024-03-30,iran,790.0,135.0,154.0,-327.0,7.0,3.0,53.0,107.0,44.0,-109.5,0.0
2024-03-30,israel,5730.0,1044.0,1373.0,-7186.3,45.0,11.0,260.0,1450.0,752.0,-3719.4,70.0
2024-03-30,korea,566.0,74.0,91.0,153.5,0.0,5.0,45.0,123.0,28.0,171.8,2.0
2024-03-30,libya,69.0,6.0,13.0,41.9,0.0,0.0,5.0,3.0,0.0,18.2,0.0
2024-03-30,scs,1114.0,108.0,114.0,1399.8,1.0,9.0,30.0,62.0,40.0,-119.9,4.0
2024-03-30,southasia,6876.0,1245.0,898.0,2645.1,12.0,25.0,469.0,7.0,5.0,-15.6,1.0
2024-03-30,sudan,155.0,30.0,29.0,-44.2,2.0,0.0,7.0,2.0,2.0,-14.5,1.0
2024-03-30,taiwan,259.0,36.0,29.0,218.3,0.0,0.0,11.0,42.0,23.0,-25.9,2.0
2024-03-30,ukraine,1908.0,309.0,426.0,-1437.6,22.0,15.0,65.0,804.0,499.0,-2962.2,31.0
2024-03-30,venezuela,185.0,41.0,53.0,-217.3,0.0,0.0,32.0,40.0,22.0,-60.4,9.0
2024-03-30,yemen,35.0,4.0,2.0,51.5,0.0,0.0,2.0,12.0,6.0,-0.7,1.0
2024-03-31,drc,0.0,0.0,0.0,0.0,0.0,0.0,0.0,0.0,0.0,0.0,0.0
2024-03-31,europe_east,409.0,35.0,38.0,675.9,1.0,1.0,6.0,49.0,19.0,-70.8,1.0
2024-03-31,iran,547.0,87.0,76.0,15.0,7.0,0.0,27.0,115.0,39.0,-95.9,3.0
2024-03-31,israel,7567.0,1466.0,1801.0,-9969.5,61.0,59.0,391.0,1735.0,819.0,-3089.6,77.0
2024-03-31,korea,525.0,40.0,53.0,688.5,0.0,1.0,25.0,53.0,22.0,-84.6,1.0
2024-03-31,libya,46.0,3.0,5.0,77.7,0.0,1.0,4.0,0.0,0.0,0.0,0.0
2024-03-31,scs,972.0,107.0,110.0,1010.5,0.0,1.0,29.0,115.0,47.0,21.0,9.0
2024-03-31,southasia,6042.0,1209.0,704.0,2368.3,16.0,27.0,355.0,14.0,1.0,47.4,0.0
2024-03-31,sudan,175.0,33.0,39.0,-140.8,0.0,2.0,10.0,2.0,2.0,-18.0,0.0
2024-03-31,taiwan,217.0,24.0,20.0,327.8,0.0,3.0,12.0,46.0,7.0,82.0,3.0
2024-03-31,ukraine,1996.0,267.0,541.0,-2624.6,15.0,18.0,46.0,807.0,496.0,-3102.8,34.0
2024-03-31,venezuela,80.0,8.0,7.0,133.5,0.0,0.0,5.0,18.0,5.0,-12.2,4.0
2024-03-31,yemen,68.0,10.0,15.0,-19.1,0.0,0.0,3.0,21.0,7.0,0.6,0.0
2024-04-01,drc,33.0,3.0,3.0,94.1,0.0,0.0,1.0,13.0,6.0,-12.1,0.0
2024-04-01,europe_east,785.0,51.0,58.0,1573.5,3.0,4.0,23.0,51.0,17.0,-36.1,4.0
2024-04-01,iran,1734.0,369.0,582.0,-4408.2,31.0,3.0,124.0,654.0,434.0,-2603.3,25.0
2024-04-01,israel,10459.0,2017.0,2724.0,-15515.4,102.0,18.0,496.0,2955.0,1637.0,-7216.2,163.0
2024-04-01,korea,705.0,89.0,85.0,366.5,0.0,1.0,38.0,44.0,21.0,-155.2,5.0
2024-04-01,libya,146.0,16.0,23.0,39.7,0.0,1.0,8.0,0.0,0.0,0.0,0.0
2024-04-01,scs,1745.0,282.0,138.0,2046.2,9.0,7.0,37.0,251.0,107.0,-160.2,20.0
2024-04-01,southasia,8627.0,1481.0,1194.0,2565.0,17.0,22.0,566.0,6.0,3.0,-15.5,0.0
2024-04-01,sudan,231.0,14.0,22.0,582.4,0.0,3.0,5.0,2.0,2.0,-20.0,0.0
2024-04-01,taiwan,448.0,60.0,14.0,629.6,0.0,0.0,8.0,275.0,19.0,530.9,2.0
2024-04-01,ukraine,2690.0,320.0,536.0,25.8,15.0,21.0,87.0,814.0,471.0,-2380.7,41.0
2024-04-01,venezuela,213.0,25.0,56.0,-21.4,0.0,0.0,32.0,50.0,11.0,59.5,7.0
2024-04-01,yemen,148.0,12.0,45.0,-54.2,0.0,0.0,7.0,35.0,27.0,-213.5,2.0
2024-04-02,drc,44.0,3.0,4.0,100.4,0.0,0.0,4.0,12.0,12.0,-60.9,4.0
2024-04-02,europe_east,2029.0,156.0,492.0,-1177.5,5.0,7.0,108.0,65.0,20.0,-3.7,13.0
2024-04-02,iran,2817.0,764.0,798.0,-7068.8,100.0,6.0,85.0,1373.0,940.0,-5108.1,107.0
2024-04-02,israel,12724.0,2521.0,3104.0,-16923.9,158.0,24.0,555.0,3372.0,2038.0,-9639.6,221.0
2024-04-02,korea,1203.0,187.0,282.0,-874.8,5.0,9.0,50.0,320.0,208.0,-1068.3,57.0
2024-04-02,libya,136.0,5.0,15.0,141.7,0.0,1.0,3.0,0.0,0.0,0.0,0.0
2024-04-02,scs,1703.0,222.0,165.0,1868.6,4.0,2.0,56.0,205.0,84.0,22.7,2.0
2024-04-02,southasia,8653.0,1682.0,1058.0,3781.0,29.0,21.0,559.0,34.0,17.0,-6.8,3.0
2024-04-02,sudan,260.0,26.0,56.0,-62.2,0.0,0.0,7.0,2.0,2.0,-12.0,0.0
2024-04-02,taiwan,463.0,51.0,39.0,693.3,0.0,5.0,12.0,175.0,33.0,98.2,8.0
2024-04-02,ukraine,3118.0,411.0,624.0,55.4,25.0,40.0,158.0,1074.0,646.0,-3621.9,80.0
2024-04-02,venezuela,340.0,38.0,83.0,-139.6,0.0,0.0,26.0,47.0,13.0,31.8,3.0
2024-04-02,yemen,196.0,20.0,32.0,59.6,1.0,0.0,6.0,60.0,26.0,-68.5,2.0
2024-04-03,drc,62.0,7.0,18.0,-49.7,0.0,1.0,1.0,7.0,6.0,-25.4,2.0
2024-04-03,europe_east,1868.0,186.0,323.0,482.9,5.0,9.0,52.0,72.0,38.0,-148.3,17.0
2024-04-03,iran,1711.0,501.0,359.0,-2974.3,61.0,4.0,50.0,722.0,475.0,-2408.1,47.0
2024-04-03,israel,11684.0,2297.0,2603.0,-13775.2,137.0,28.0,479.0,2415.0,1384.0,-6775.3,123.0
2024-04-03,korea,1228.0,149.0,198.0,469.1,3.0,4.0,45.0,169.0,118.0,-638.9,55.0
2024-04-03,libya,102.0,20.0,15.0,100.5,0.0,2.0,8.0,8.0,3.0,8.2,0.0
2024-04-03,scs,1736.0,173.0,205.0,1964.1,2.0,9.0,76.0,150.0,43.0,78.1,5.0
2024-04-03,southasia,9021.0,1627.0,959.0,6856.8,14.0,18.0,500.0,13.0,6.0,-10.0,3.0
2024-04-03,sudan,429.0,43.0,91.0,131.9,0.0,3.0,21.0,8.0,7.0,-65.4,1.0
2024-04-03,taiwan,932.0,74.0,104.0,1047.9,2.0,2.0,47.0,170.0,43.0,146.8,5.0
2024-04-03,ukraine,4028.0,455.0,756.0,2467.6,31.0,49.0,115.0,988.0,563.0,-2721.0,76.0
2024-04-03,venezuela,253.0,37.0,47.0,-12.1,0.0,4.0,19.0,69.0,26.0,-91.8,6.0
2024-04-03,yemen,166.0,17.0,54.0,-333.9,3.0,0.0,3.0,24.0,10.0,-62.4,0.0
2024-04-04,drc,15.0,2.0,6.0,-18.3,0.0,3.0,1.0,7.0,3.0,-9.2,0.0
2024-04-04,europe_east,1860.0,203.0,205.0,2486.7,19.0,14.0,87.0,170.0,86.0,-275.0,21.0
2024-04-04,iran,2015.0,366.0,712.0,-5702.2,63.0,11.0,65.0,734.0,437.0,-2206.0,82.0
2024-04-04,israel,11550.0,2216.0,2415.0,-10001.1,161.0,26.0,501.0,2567.0,1345.0,-6251.8,152.0
2024-04-04,korea,665.0,73.0,51.0,868.4,2.0,0.0,23.0,36.0,10.0,35.8,1.0
2024-04-04,libya,148.0,22.0,16.0,185.6,0.0,0.0,3.0,0.0,0.0,0.0,0.0
2024-04-04,scs,1787.0,175.0,153.0,2890.7,3.0,4.0,78.0,171.0,61.0,-30.6,2.0
2024-04-04,southasia,9537.0,1676.0,1389.0,2610.4,25.0,22.0,705.0,30.0,18.0,-39.9,13.0
2024-04-04,sudan,411.0,81.0,52.0,218.8,0.0,0.0,15.0,2.0,2.0,-20.0,0.0
2024-04-04,taiwan,747.0,57.0,68.0,1198.4,0.0,0.0,19.0,118.0,25.0,153.1,2.0
2024-04-04,ukraine,3842.0,459.0,551.0,3033.7,27.0,28.0,105.0,994.0,549.0,-2606.4,67.0
2024-04-04,venezuela,347.0,52.0,62.0,41.8,0.0,2.0,29.0,133.0,54.0,-19.2,12.0
2024-04-04,yemen,227.0,19.0,71.0,-364.5,3.0,0.0,5.0,50.0,28.0,-178.7,1.0
2024-04-05,drc,25.0,3.0,6.0,-6.9,0.0,0.0,0.0,17.0,7.0,9.0,3.0
2024-04-05,europe_east,1320.0,151.0,158.0,1631.0,2.0,4.0,81.0,152.0,64.0,-107.2,13.0
2024-04-05,iran,1607.0,335.0,429.0,-2960.7,62.0,8.0,68.0,767.0,410.0,-1620.0,70.0
2024-04-05,israel,10536.0,2016.0,2204.0,-8890.1,128.0,49.0,482.0,2408.0,1217.0,-4856.3,155.0
2024-04-05,korea,1059.0,142.0,85.0,972.2,1.0,7.0,25.0,99.0,35.0,-11.5,3.0
2024-04-05,libya,27.0,1.0,5.0,42.8,0.0,0.0,1.0,0.0,0.0,0.0,0.0
2024-04-05,scs,1542.0,141.0,128.0,2304.0,0.0,5.0,54.0,226.0,41.0,332.9,0.0
2024-04-05,southasia,8535.0,1525.0,1034.0,3863.0,23.0,18.0,460.0,20.0,14.0,-56.5,2.0
2024-04-05,sudan,379.0,42.0,84.0,-70.7,0.0,6.0,30.0,7.0,3.0,-20.6,0.0
2024-04-05,taiwan,584.0,29.0,33.0,1193.0,0.0,0.0,7.0,98.0,32.0,-22.7,9.0
2024-04-05,ukraine,3107.0,345.0,650.0,-618.2,19.0,31.0,94.0,1083.0,673.0,-4169.0,85.0
2024-04-05,venezuela,293.0,43.0,35.0,258.3,0.0,3.0,19.0,87.0,27.0,69.2,2.0
2024-04-05,yemen,150.0,28.0,45.0,-410.2,1.0,0.0,2.0,62.0,25.0,-110.6,4.0
2024-04-06,drc,12.0,3.0,1.0,14.6,0.0,0.0,1.0,8.0,7.0,-24.6,2.0
2024-04-06,europe_east,568.0,68.0,73.0,423.3,5.0,1.0,38.0,45.0,22.0,-78.4,2.0
2024-04-06,iran,1513.0,329.0,506.0,-4409.7,86.0,17.0,82.0,738.0,383.0,-1424.8,48.0
2024-04-06,israel,6819.0,1273.0,1543.0,-7333.3,86.0,37.0,252.0,1826.0,965.0,-4391.5,82.0
2024-04-06,korea,330.0,54.0,38.0,197.0,1.0,3.0,13.0,27.0,17.0,-82.8,0.0
2024-04-06,libya,51.0,2.0,6.0,136.8,0.0,0.0,1.0,0.0,0.0,0.0,0.0
2024-04-06,scs,1222.0,167.0,82.0,2271.4,3.0,7.0,32.0,253.0,102.0,-66.1,7.0
2024-04-06,southasia,7775.0,1538.0,1001.0,554.6,26.0,14.0,400.0,15.0,7.0,-5.4,0.0
2024-04-06,sudan,169.0,12.0,67.0,-211.7,0.0,2.0,33.0,4.0,4.0,-40.0,0.0
2024-04-06,taiwan,362.0,28.0,30.0,577.6,0.0,0.0,15.0,76.0,8.0,160.6,2.0
2024-04-06,ukraine,1780.0,249.0,461.0,-2113.4,8.0,31.0,67.0,737.0,495.0,-3318.3,48.0
2024-04-06,venezuela,208.0,42.0,46.0,-86.1,0.0,0.0,32.0,38.0,14.0,-26.8,4.0
2024-04-06,yemen,64.0,9.0,14.0,-41.6,1.0,0.0,2.0,24.0,11.0,-57.7,4.0
2024-04-07,drc,9.0,0.0,3.0,-4.8,0.0,0.0,1.0,4.0,2.0,0.0,2.0
2024-04-07,europe_east,318.0,39.0,29.0,332.2,1.0,5.0,10.0,30.0,15.0,-47.0,1.0
2024-04-07,iran,1126.0,258.0,269.0,-1868.3,41.0,7.0,41.0,508.0,324.0,-1607.4,44.0
2024-04-07,israel,8303.0,1462.0,2015.0,-8859.7,91.0,39.0,316.0,2513.0,1322.0,-5257.0,138.0
2024-04-07,korea,513.0,83.0,87.0,-38.3,2.0,8.0,16.0,61.0,42.0,-266.6,1.0
2024-04-07,libya,38.0,6.0,1.0,101.9,0.0,0.0,0.0,0.0,0.0,0.0,0.0
2024-04-07,scs,1400.0,138.0,108.0,2669.6,5.0,8.0,38.0,281.0,85.0,214.5,6.0
2024-04-07,southasia,6866.0,1370.0,1039.0,-1462.3,17.0,7.0,379.0,10.0,5.0,-50.0,0.0
2024-04-07,sudan,100.0,14.0,31.0,-213.5,0.0,1.0,6.0,3.0,3.0,-20.0,0.0
2024-04-07,taiwan,437.0,31.0,24.0,767.2,2.0,6.0,10.0,110.0,7.0,292.9,2.0
2024-04-07,ukraine,2048.0,347.0,497.0,-2339.8,10.0,26.0,60.0,834.0,518.0,-2683.0,38.0
2024-04-07,venezuela,130.0,52.0,8.0,11.3,0.0,0.0,6.0,44.0,9.0,85.3,5.0
2024-04-07,yemen,182.0,23.0,74.0,-506.0,1.0,0.0,9.0,105.0,89.0,-752.0,5.0
2024-04-08,drc,23.0,2.0,5.0,-10.7,0.0,0.0,0.0,32.0,7.0,15.4,4.0
2024-04-08,europe_east,911.0,76.0,97.0,1668.7,1.0,8.0,50.0,89.0,27.0,46.9,9.0
2024-04-08,iran,1432.0,306.0,333.0,-1824.3,59.0,14.0,55.0,573.0,354.0,-1552.6,55.0
2024-04-08,israel,10712.0,1725.0,2290.0,-6097.5,98.0,64.0,464.0,3065.0,1433.0,-4139.9,177.0
2024-04-08,korea,1009.0,111.0,80.0,1039.7,5.0,0.0,39.0,111.0,31.0,-91.9,3.0
2024-04-08,libya,31.0,3.0,4.0,51.7,0.0,0.0,1.0,0.0,0.0,0.0,0.0
2024-04-08,scs,2032.0,167.0,154.0,3917.2,2.0,4.0,67.0,384.0,108.0,312.1,20.0
2024-04-08,southasia,8977.0,1813.0,1218.0,1415.8,24.0,20.0,539.0,14.0,5.0,-8.0,0.0
2024-04-08,sudan,264.0,29.0,50.0,60.1,0.0,1.0,13.0,6.0,3.0,-14.2,0.0
2024-04-08,taiwan,501.0,21.0,29.0,1136.6,0.0,3.0,9.0,162.0,21.0,282.9,1.0
2024-04-08,ukraine,2996.0,563.0,507.0,-789.5,41.0,32.0,71.0,1218.0,740.0,-3156.5,42.0
2024-04-08,venezuela,220.0,58.0,43.0,-87.1,0.0,0.0,27.0,39.0,13.0,33.0,2.0
2024-04-08,yemen,205.0,27.0,56.0,-250.9,1.0,0.0,3.0,74.0,65.0,-421.4,2.0
2024-04-09,drc,27.0,5.0,6.0,-29.1,0.0,0.0,0.0,16.0,6.0,6.1,0.0
2024-04-09,europe_east,931.0,78.0,98.0,1481.9,1.0,8.0,58.0,80.0,28.0,-32.4,8.0
2024-04-09,iran,1151.0,224.0,281.0,-1566.3,30.0,3.0,51.0,485.0,281.0,-1083.7,36.0
2024-04-09,israel,9597.0,1642.0,2006.0,-6059.7,92.0,35.0,461.0,2427.0,1124.0,-3587.3,123.0
2024-04-09,korea,1055.0,97.0,48.0,1761.6,2.0,1.0,22.0,130.0,25.0,26.5,2.0
2024-04-09,libya,41.0,6.0,3.0,19.4,0.0,0.0,2.0,0.0,0.0,0.0,0.0
2024-04-09,scs,2363.0,209.0,191.0,4237.3,1.0,2.0,95.0,417.0,117.0,275.0,6.0
2024-04-09,southasia,9229.0,1738.0,1033.0,4507.8,31.0,37.0,459.0,42.0,6.0,100.8,1.0
2024-04-09,sudan,332.0,24.0,84.0,-155.9,0.0,4.0,10.0,7.0,7.0,-70.0,0.0
2024-04-09,taiwan,481.0,40.0,35.0,858.6,2.0,4.0,9.0,72.0,24.0,-59.7,6.0
2024-04-09,ukraine,3317.0,474.0,495.0,1792.5,18.0,16.0,131.0,1008.0,547.0,-2401.2,45.0
2024-04-09,venezuela,307.0,54.0,55.0,21.1,3.0,0.0,40.0,102.0,35.0,-49.7,2.0
2024-04-09,yemen,92.0,8.0,32.0,-181.7,0.0,1.0,3.0,29.0,22.0,-166.3,0.0
2024-04-10,drc,63.0,2.0,6.0,139.1,0.0,0.0,1.0,12.0,2.0,12.1,0.0
2024-04-10,europe_east,986.0,109.0,115.0,1094.0,6.0,3.0,53.0,139.0,48.0,50.0,15.0
2024-04-10,iran,1587.0,345.0,393.0,-2621.1,73.0,10.0,72.0,861.0,505.0,-2276.6,111.0
2024-04-10,israel,9330.0,1634.0,1926.0,-7078.3,127.0,34.0,366.0,2694.0,1382.0,-6188.4,197.0
2024-04-10,korea,988.0,106.0,95.0,743.2,1.0,2.0,25.0,63.0,16.0,33.2,0.0
2024-04-10,libya,51.0,3.0,7.0,91.9,0.0,0.0,2.0,1.0,0.0,3.4,0.0
2024-04-10,scs,2343.0,159.0,151.0,4579.0,2.0,4.0,73.0,308.0,65.0,497.8,5.0
2024-04-10,southasia,7985.0,1414.0,845.0,5344.4,12.0,23.0,405.0,22.0,8.0,30.4,0.0
2024-04-10,sudan,508.0,40.0,84.0,379.3,2.0,1.0,9.0,19.0,9.0,-34.8,0.0
2024-04-10,taiwan,836.0,83.0,43.0,1254.4,12.0,2.0,27.0,464.0,43.0,787.4,12.0
2024-04-10,ukraine,3615.0,493.0,563.0,1775.8,20.0,10.0,161.0,978.0,549.0,-2757.3,47.0
2024-04-10,venezuela,252.0,53.0,47.0,27.7,1.0,0.0,32.0,67.0,32.0,-42.4,9.0
2024-04-10,yemen,117.0,10.0,45.0,-259.5,1.0,0.0,4.0,53.0,41.0,-350.3,2.0
2024-04-11,drc,27.0,2.0,4.0,15.3,0.0,0.0,4.0,7.0,4.0,-9.8,2.0
2024-04-11,europe_east,1561.0,119.0,124.0,3160.9,7.0,5.0,58.0,75.0,30.0,-118.2,14.0
2024-04-11,iran,2663.0,603.0,576.0,-3878.9,125.0,17.0,94.0,1395.0,827.0,-3529.4,164.0
2024-04-11,israel,9015.0,1639.0,1778.0,-6396.7,139.0,31.0,358.0,2660.0,1522.0,-7115.2,205.0
2024-04-11,korea,1063.0,148.0,101.0,1199.0,4.0,24.0,25.0,99.0,23.0,162.9,0.0
2024-04-11,libya,20.0,3.0,3.0,-6.5,0.0,0.0,0.0,0.0,0.0,0.0,0.0
2024-04-11,scs,2805.0,269.0,330.0,3322.4,10.0,9.0,210.0,297.0,74.0,309.9,7.0
2024-04-11,southasia,6876.0,1152.0,916.0,2105.5,22.0,53.0,360.0,25.0,6.0,20.8,0.0
2024-04-11,sudan,482.0,34.0,94.0,145.2,0.0,0.0,23.0,8.0,8.0,-80.0,0.0
2024-04-11,taiwan,718.0,93.0,31.0,925.0,2.0,3.0,21.0,327.0,49.0,397.8,5.0
2024-04-11,ukraine,4101.0,538.0,697.0,1822.1,22.0,43.0,134.0,1207.0,727.0,-3889.3,89.0
2024-04-11,venezuela,296.0,38.0,61.0,-93.5,0.0,1.0,36.0,73.0,27.0,-133.4,3.0
2024-04-11,yemen,93.0,16.0,21.0,-74.6,0.0,0.0,2.0,41.0,22.0,-75.2,0.0
2024-04-12,drc,50.0,2.0,2.0,117.7,0.0,0.0,0.0,9.0,4.0,9.8,0.0
2024-04-12,europe_east,1162.0,114.0,98.0,2498.6,1.0,3.0,58.0,61.0,21.0,-33.6,2.0
2024-04-12,iran,3004.0,687.0,686.0,-5102.5,157.0,18.0,116.0,1663.0,957.0,-4487.8,164.0
2024-04-12,israel,9603.0,1712.0,2342.0,-12163.1,200.0,44.0,531.0,2946.0,1686.0,-8963.3,205.0
2024-04-12,korea,983.0,100.0,50.0,2132.5,0.0,2.0,30.0,88.0,12.0,296.0,6.0
2024-04-12,libya,75.0,3.0,26.0,-149.7,0.0,0.0,4.0,0.0,0.0,0.0,0.0
2024-04-12,scs,2626.0,235.0,290.0,3939.6,2.0,8.0,153.0,474.0,125.0,469.6,22.0
2024-04-12,southasia,6949.0,1269.0,836.0,3054.0,14.0,26.0,433.0,27.0,3.0,47.7,1.0
2024-04-12,sudan,550.0,50.0,110.0,48.8,3.0,1.0,20.0,14.0,13.0,-109.4,0.0
2024-04-12,taiwan,489.0,40.0,36.0,888.1,1.0,0.0,16.0,208.0,29.0,192.9,7.0
2024-04-12,ukraine,3676.0,466.0,564.0,2588.0,24.0,39.0,74.0,1066.0,538.0,-2049.1,28.0
2024-04-12,venezuela,312.0,44.0,48.0,197.8,1.0,0.0,35.0,68.0,9.0,219.0,2.0
2024-04-12,yemen,124.0,15.0,53.0,-366.0,3.0,24.0,7.0,37.0,18.0,-71.8,0.0
2024-04-13,drc,9.0,1.0,0.0,26.8,0.0,0.0,0.0,13.0,1.0,54.9,1.0
2024-04-13,europe_east,392.0,57.0,45.0,268.9,7.0,1.0,19.0,9.0,5.0,-4.4,0.0
2024-04-13,iran,3804.0,927.0,1041.0,-8876.1,196.0,46.0,149.0,2654.0,1596.0,-8499.4,288.0
2024-04-13,israel,8765.0,1596.0,2486.0,-17045.1,161.0,77.0,427.0,3383.0,2245.0,-14230.9,367.0
2024-04-13,korea,407.0,20.0,36.0,649.9,0.0,0.0,12.0,54.0,7.0,135.7,0.0
2024-04-13,libya,45.0,2.0,19.0,-138.1,0.0,0.0,0.0,0.0,0.0,0.0,0.0
2024-04-13,scs,1168.0,111.0,102.0,1528.2,1.0,0.0,51.0,139.0,38.0,69.0,1.0
2024-04-13,southasia,7096.0,1263.0,1157.0,-669.0,12.0,20.0,399.0,16.0,6.0,6.6,0.0
2024-04-13,sudan,219.0,22.0,34.0,10.9,1.0,0.0,11.0,0.0,0.0,0.0,0.0
2024-04-13,taiwan,363.0,48.0,36.0,288.3,4.0,6.0,16.0,122.0,22.0,120.9,11.0
2024-04-13,ukraine,2097.0,293.0,354.0,402.4,20.0,11.0,67.0,786.0,406.0,-1486.9,35.0
2024-04-13,venezuela,216.0,39.0,44.0,3.0,0.0,5.0,23.0,52.0,14.0,92.7,5.0
2024-04-13,yemen,91.0,13.0,33.0,-291.9,7.0,0.0,2.0,45.0,34.0,-293.4,0.0
2024-04-14,drc,16.0,5.0,5.0,-59.6,0.0,0.0,0.0,5.0,5.0,-34.0,0.0
2024-04-14,europe_east,350.0,62.0,52.0,98.6,1.0,2.0,21.0,47.0,18.0,-82.6,3.0
2024-04-14,iran,10642.0,2416.0,2916.0,-23289.2,331.0,70.0,252.0,6325.0,3886.0,-21081.0,413.0
2024-04-14,israel,14939.0,2627.0,3966.0,-25094.5,281.0,123.0,494.0,6576.0,4273.0,-25735.2,453.0
2024-04-14,korea,435.0,34.0,25.0,772.5,0.0,0.0,10.0,22.0,5.0,13.7,0.0
2024-04-14,libya,93.0,23.0,8.0,79.8,0.0,0.0,1.0,0.0,0.0,0.0,0.0
2024-04-14,scs,891.0,97.0,91.0,989.6,6.0,0.0,36.0,108.0,11.0,234.4,3.0
2024-04-14,southasia,6070.0,861.0,1153.0,-1313.8,5.0,37.0,343.0,5.0,4.0,-12.6,0.0
2024-04-14,sudan,485.0,59.0,120.0,-188.4,1.0,0.0,15.0,2.0,2.0,-8.0,0.0
2024-04-14,taiwan,174.0,13.0,20.0,270.5,2.0,0.0,12.0,33.0,9.0,37.4,4.0
2024-04-14,ukraine,1493.0,207.0,331.0,-812.6,15.0,15.0,57.0,494.0,311.0,-1761.3,20.0
2024-04-14,venezuela,101.0,20.0,10.0,32.7,0.0,0.0,8.0,28.0,6.0,42.4,2.0
2024-04-14,yemen,208.0,30.0,103.0,-916.0,7.0,0.0,3.0,171.0,116.0,-901.0,3.0
2024-04-15,drc,27.0,2.0,1.0,79.0,0.0,0.0,0.0,8.0,6.0,-20.2,0.0
2024-04-15,europe_east,785.0,65.0,69.0,1329.8,3.0,1.0,33.0,15.0,7.0,-40.4,5.0
2024-04-15,iran,8522.0,1778.0,2073.0,-14072.4,248.0,32.0,211.0,4383.0,2525.0,-12972.1,268.0
2024-04-15,israel,13173.0,2334.0,3158.0,-16600.2,210.0,55.0,518.0,5078.0,3012.0,-16577.3,316.0
2024-04-15,korea,818.0,65.0,66.0,1244.1,2.0,3.0,41.0,77.0,13.0,84.9,1.0
2024-04-15,libya,118.0,24.0,15.0,57.8,0.0,2.0,2.0,2.0,2.0,-12.0,0.0
2024-04-15,scs,1891.0,173.0,175.0,2925.8,1.0,1.0,83.0,167.0,42.0,288.0,7.0
2024-04-15,southasia,8828.0,1431.0,1275.0,1964.4,13.0,18.0,466.0,18.0,5.0,26.0,0.0
2024-04-15,sudan,1213.0,136.0,253.0,-3.3,15.0,3.0,73.0,31.0,18.0,-94.3,0.0
2024-04-15,taiwan,301.0,20.0,22.0,504.0,1.0,0.0,8.0,109.0,16.0,71.4,0.0
2024-04-15,ukraine,2655.0,303.0,432.0,1160.1,17.0,10.0,71.0,669.0,357.0,-1529.4,18.0
2024-04-15,venezuela,195.0,29.0,27.0,94.5,0.0,0.0,14.0,54.0,21.0,-40.9,2.0
2024-04-15,yemen,225.0,26.0,96.0,-758.0,1.0,1.0,5.0,102.0,56.0,-439.5,0.0
2024-04-16,drc,40.0,2.0,6.0,23.3,0.0,0.0,2.0,9.0,3.0,14.8,0.0
2024-04-16,europe_east,1004.0,108.0,96.0,1271.7,5.0,6.0,44.0,31.0,10.0,-11.5,4.0
2024-04-16,iran,5636.0,1041.0,1392.0,-8864.3,146.0,16.0,188.0,3040.0,1573.0,-7688.9,199.0
2024-04-16,israel,11344.0,2162.0,2642.0,-14684.3,190.0,27.0,506.0,4013.0,2271.0,-12391.8,263.0
2024-04-16,korea,942.0,110.0,76.0,1291.8,5.0,0.0,43.0,106.0,18.0,168.6,1.0
2024-04-16,libya,134.0,27.0,10.0,96.2,1.0,0.0,1.0,0.0,0.0,0.0,0.0
2024-04-16,scs,1734.0,214.0,169.0,2053.3,1.0,9.0,90.0,161.0,36.0,169.5,2.0
2024-04-16,southasia,8602.0,1425.0,1308.0,2219.3,21.0,39.0,572.0,25.0,17.0,-45.6,5.0
2024-04-16,sudan,898.0,92.0,182.0,242.2,12.0,1.0,54.0,28.0,13.0,-34.2,3.0
2024-04-16,taiwan,500.0,46.0,38.0,849.9,0.0,0.0,19.0,107.0,16.0,111.9,3.0
2024-04-16,ukraine,3210.0,432.0,432.0,2310.3,31.0,23.0,95.0,818.0,452.0,-1808.6,53.0
2024-04-16,venezuela,306.0,33.0,56.0,175.3,0.0,0.0,41.0,71.0,24.0,-1.3,2.0
2024-04-16,yemen,168.0,12.0,72.0,-557.2,0.0,1.0,2.0,53.0,26.0,-125.0,4.0
2024-04-17,drc,51.0,3.0,6.0,61.3,0.0,0.0,0.0,5.0,2.0,-9.0,0.0
2024-04-17,europe_east,1076.0,87.0,91.0,2024.0,4.0,2.0,47.0,59.0,20.0,49.6,0.0
2024-04-17,iran,4567.0,833.0,1080.0,-5967.2,120.0,13.0,219.0,2387.0,1387.0,-6965.9,173.0
2024-04-17,israel,11890.0,2090.0,2797.0,-14195.0,162.0,30.0,564.0,3742.0,2110.0,-11091.4,237.0
2024-04-17,korea,874.0,71.0,103.0,824.7,3.0,9.0,45.0,84.0,22.0,-100.3,1.0
2024-04-17,libya,274.0,59.0,66.0,-395.9,2.0,0.0,13.0,0.0,0.0,0.0,0.0
2024-04-17,scs,1821.0,201.0,182.0,2219.3,2.0,3.0,86.0,153.0,52.0,30.7,5.0
2024-04-17,southasia,7966.0,1255.0,1136.0,2696.0,28.0,32.0,487.0,35.0,7.0,37.5,0.0
2024-04-17,sudan,478.0,42.0,84.0,226.9,2.0,1.0,18.0,10.0,8.0,-75.3,0.0
2024-04-17,taiwan,525.0,62.0,49.0,686.7,12.0,6.0,24.0,118.0,39.0,-6.3,9.0
2024-04-17,ukraine,3936.0,473.0,614.0,2057.3,29.0,18.0,115.0,1008.0,583.0,-3273.8,75.0
2024-04-17,venezuela,550.0,99.0,126.0,-199.1,0.0,0.0,92.0,131.0,39.0,157.8,2.0
2024-04-17,yemen,163.0,20.0,49.0,-265.2,0.0,2.0,10.0,92.0,17.0,50.9,2.0
2024-04-18,drc,35.0,4.0,8.0,-25.4,0.0,0.0,0.0,8.0,3.0,34.0,0.0
2024-04-18,europe_east,1552.0,116.0,147.0,2315.7,10.0,8.0,87.0,158.0,65.0,-143.0,19.0
2024-04-18,iran,3639.0,795.0,973.0,-6632.2,100.0,15.0,268.0,1851.0,1191.0,-6540.9,129.0
2024-04-18,israel,10614.0,2064.0,2376.0,-12293.0,154.0,32.0,614.0,3038.0,1825.0,-9653.4,213.0
2024-04-18,korea,978.0,113.0,70.0,1242.5,3.0,3.0,22.0,132.0,26.0,111.1,2.0
2024-04-18,libya,107.0,14.0,7.0,197.1,2.0,0.0,2.0,0.0,0.0,0.0,0.0
2024-04-18,scs,1566.0,160.0,162.0,2029.2,2.0,9.0,68.0,183.0,51.0,19.6,2.0
2024-04-18,southasia,7872.0,1328.0,1029.0,3153.6,15.0,67.0,434.0,19.0,12.0,-56.0,8.0
2024-04-18,sudan,256.0,32.0,28.0,293.3,5.0,2.0,14.0,3.0,1.0,-6.0,0.0
2024-04-18,taiwan,359.0,38.0,20.0,566.3,3.0,1.0,8.0,63.0,23.0,20.9,4.0
2024-04-18,ukraine,4458.0,589.0,585.0,3545.8,36.0,6.0,172.0,852.0,492.0,-2291.1,47.0
2024-04-18,venezuela,440.0,58.0,75.0,133.8,0.0,0.0,49.0,135.0,56.0,-39.4,16.0
2024-04-18,yemen,147.0,18.0,30.0,-113.8,1.0,0.0,3.0,39.0,23.0,-163.2,1.0
2024-04-19,drc,16.0,0.0,3.0,14.5,0.0,1.0,0.0,4.0,2.0,-4.4,0.0
2024-04-19,europe_east,1434.0,137.0,264.0,949.9,7.0,4.0,192.0,322.0,196.0,-775.4,88.0
2024-04-19,iran,5771.0,1142.0,1622.0,-12410.6,158.0,12.0,330.0,3251.0,1920.0,-11246.6,200.0
2024-04-19,israel,11448.0,2377.0,2807.0,-18508.3,175.0,23.0,658.0,4152.0,2597.0,-15688.0,258.0
2024-04-19,korea,878.0,85.0,76.0,1403.4,4.0,4.0,46.0,54.0,16.0,-53.8,0.0
2024-04-19,libya,64.0,7.0,7.0,66.0,0.0,0.0,2.0,1.0,0.0,3.4,0.0
2024-04-19,scs,1573.0,166.0,123.0,2345.6,2.0,2.0,54.0,196.0,35.0,171.3,3.0
2024-04-19,southasia,8175.0,1267.0,1143.0,1521.5,9.0,68.0,376.0,12.0,3.0,-7.7,0.0
2024-04-19,sudan,501.0,61.0,112.0,-306.4,1.0,1.0,10.0,15.0,13.0,-109.3,0.0
2024-04-19,taiwan,414.0,54.0,30.0,603.6,3.0,0.0,10.0,90.0,37.0,12.1,3.0
2024-04-19,ukraine,3800.0,438.0,728.0,140.0,47.0,12.0,159.0,1038.0,633.0,-3727.5,73.0
2024-04-19,venezuela,340.0,41.0,74.0,92.4,0.0,2.0,41.0,79.0,24.0,17.3,0.0
2024-04-19,yemen,123.0,18.0,41.0,-285.1,0.0,0.0,3.0,37.0,19.0,-145.0,0.0
2024-04-20,drc,18.0,2.0,5.0,5.4,0.0,0.0,0.0,12.0,4.0,-17.9,0.0
2024-04-20,europe_east,417.0,45.0,60.0,307.5,0.0,0.0,36.0,82.0,33.0,-43.8,14.0
2024-04-20,iran,2666.0,528.0,723.0,-5601.7,74.0,6.0,100.0,1453.0,880.0,-5066.3,81.0
2024-04-20,israel,6806.0,1381.0,1784.0,-11779.6,86.0,9.0,378.0,2305.0,1451.0,-8819.7,112.0
2024-04-20,korea,509.0,63.0,33.0,697.6,1.0,3.0,13.0,22.0,8.0,-30.1,2.0
2024-04-20,libya,43.0,5.0,6.0,13.7,0.0,0.0,3.0,0.0,0.0,0.0,0.0
2024-04-20,scs,1083.0,144.0,87.0,1611.2,3.0,5.0,43.0,177.0,44.0,299.7,13.0
2024-04-20,southasia,6720.0,1262.0,945.0,258.8,18.0,26.0,390.0,32.0,8.0,-0.5,1.0
2024-04-20,sudan,401.0,27.0,101.0,-194.9,3.0,1.0,16.0,2.0,2.0,-20.0,0.0
2024-04-20,taiwan,456.0,72.0,34.0,585.1,5.0,0.0,23.0,82.0,39.0,-113.2,7.0
2024-04-20,ukraine,3333.0,381.0,724.0,-28.3,21.0,24.0,139.0,1083.0,673.0,-4114.1,55.0
2024-04-20,venezuela,231.0,29.0,35.0,178.3,2.0,0.0,22.0,52.0,16.0,35.7,5.0
2024-04-20,yemen,40.0,6.0,10.0,-76.5,0.0,0.0,1.0,17.0,12.0,-99.8,0.0
2024-04-21,drc,30.0,0.0,15.0,-45.7,0.0,1.0,5.0,7.0,7.0,-27.5,2.0
2024-04-21,europe_east,344.0,35.0,41.0,304.2,2.0,0.0,11.0,48.0,42.0,-248.0,12.0
2024-04-21,iran,1849.0,261.0,477.0,-2191.5,37.0,7.0,96.0,941.0,530.0,-3166.8,26.0
2024-04-21,israel,7331.0,1475.0,2112.0,-13794.5,88.0,15.0,503.0,2351.0,1472.0,-9407.3,121.0
2024-04-21,korea,360.0,56.0,18.0,559.6,0.0,0.0,16.0,84.0,9.0,415.8,0.0
2024-04-21,libya,69.0,1.0,10.0,90.0,0.0,0.0,8.0,0.0,0.0,0.0,0.0
2024-04-21,scs,1033.0,104.0,94.0,1730.3,6.0,10.0,31.0,104.0,28.0,249.5,2.0
2024-04-21,southasia,6246.0,1088.0,958.0,187.1,7.0,15.0,390.0,31.0,12.0,-48.0,0.0
2024-04-21,sudan,197.0,24.0,57.0,-361.1,0.0,1.0,4.0,2.0,2.0,-20.0,0.0
2024-04-21,taiwan,352.0,49.0,47.0,452.2,0.0,4.0,25.0,70.0,33.0,2.1,6.0
2024-04-21,ukraine,3058.0,383.0,439.0,3351.7,35.0,19.0,96.0,790.0,359.0,-1087.0,31.0
2024-04-21,venezuela,48.0,8.0,13.0,-44.3,0.0,0.0,7.0,13.0,7.0,-59.5,0.0
2024-04-21,yemen,80.0,18.0,10.0,18.4,3.0,0.0,5.0,15.0,10.0,-31.2,0.0
2024-04-22,drc,26.0,6.0,0.0,38.7,0.0,0.0,0.0,13.0,10.0,-7.0,0.0
2024-04-22,europe_east,1159.0,112.0,80.0,1975.1,11.0,9.0,28.0,170.0,59.0,-71.3,20.0
2024-04-22,iran,2709.0,284.0,531.0,52.5,20.0,6.0,149.0,782.0,429.0,-2627.9,34.0
2024-04-22,israel,10105.0,1957.0,2617.0,-14603.4,92.0,22.0,792.0,2362.0,1370.0,-7567.3,126.0
2024-04-22,korea,1085.0,125.0,177.0,252.1,1.0,2.0,20.0,193.0,114.0,-870.5,6.0
2024-04-22,libya,128.0,2.0,15.0,182.2,0.0,0.0,9.0,0.0,0.0,0.0,0.0
2024-04-22,scs,1780.0,182.0,255.0,1978.5,1.0,28.0,80.0,220.0,102.0,-106.0,18.0
2024-04-22,southasia,8800.0,1452.0,1171.0,3148.3,16.0,31.0,384.0,19.0,4.0,11.4,0.0
2024-04-22,sudan,596.0,65.0,89.0,157.4,5.0,11.0,15.0,10.0,10.0,-96.0,0.0
2024-04-22,taiwan,503.0,77.0,38.0,745.0,4.0,2.0,23.0,85.0,27.0,61.2,2.0
2024-04-22,ukraine,4168.0,489.0,567.0,4714.2,21.0,29.0,161.0,909.0,466.0,-1939.8,44.0
2024-04-22,venezuela,176.0,13.0,39.0,82.9,0.0,0.0,20.0,21.0,0.0,58.2,0.0
2024-04-22,yemen,97.0,11.0,18.0,30.9,0.0,0.0,8.0,33.0,18.0,-82.4,6.0
2024-04-23,drc,62.0,10.0,12.0,61.5,0.0,5.0,4.0,16.0,8.0,-27.2,0.0
2024-04-23,europe_east,1785.0,114.0,108.0,4578.3,4.0,13.0,34.0,146.0,67.0,-127.9,7.0
2024-04-23,iran,2355.0,304.0,431.0,-294.5,18.0,6.0,154.0,614.0,385.0,-2151.3,26.0
2024-04-23,israel,9855.0,2036.0,2400.0,-13712.9,69.0,21.0,792.0,2042.0,1180.0,-6311.7,118.0
2024-04-23,korea,1142.0,162.0,152.0,880.4,8.0,10.0,43.0,102.0,54.0,-269.7,4.0
2024-04-23,libya,118.0,16.0,12.0,100.4,0.0,0.0,7.0,0.0,0.0,0.0,0.0
2024-04-23,scs,1962.0,222.0,306.0,1421.9,4.0,5.0,134.0,164.0,68.0,18.7,20.0
2024-04-23,southasia,8553.0,1535.0,991.0,3631.8,10.0,30.0,390.0,17.0,10.0,-51.7,1.0
2024-04-23,sudan,391.0,42.0,82.0,-22.5,0.0,4.0,12.0,16.0,6.0,-41.2,1.0
2024-04-23,taiwan,452.0,58.0,31.0,841.9,1.0,2.0,19.0,76.0,20.0,36.8,5.0
2024-04-23,ukraine,4075.0,414.0,588.0,4397.0,30.0,21.0,131.0,902.0,508.0,-2716.5,51.0
2024-04-23,venezuela,153.0,13.0,29.0,160.8,0.0,0.0,25.0,40.0,13.0,36.0,3.0
2024-04-23,yemen,123.0,10.0,18.0,76.2,0.0,0.0,5.0,34.0,10.0,-23.0,0.0
2024-04-24,drc,32.0,2.0,10.0,-58.4,0.0,0.0,3.0,12.0,6.0,-43.8,0.0
2024-04-24,europe_east,1362.0,124.0,94.0,2702.8,4.0,4.0,45.0,133.0,66.0,-173.9,18.0
2024-04-24,iran,2736.0,401.0,475.0,208.8,18.0,5.0,183.0,593.0,334.0,-1586.8,19.0
2024-04-24,israel,11229.0,2273.0,2580.0,-13315.8,74.0,35.0,812.0,2144.0,1235.0,-6587.5,117.0
2024-04-24,korea,1124.0,150.0,124.0,770.2,4.0,8.0,32.0,101.0,55.0,-242.7,9.0
2024-04-24,libya,103.0,10.0,20.0,42.5,0.0,0.0,14.0,1.0,1.0,-9.2,1.0
2024-04-24,scs,1781.0,219.0,200.0,1909.0,3.0,2.0,82.0,105.0,23.0,218.4,6.0
2024-04-24,southasia,8519.0,1481.0,1018.0,4170.2,22.0,39.0,498.0,11.0,4.0,-15.6,0.0
2024-04-24,sudan,289.0,45.0,78.0,-393.8,1.0,2.0,27.0,18.0,11.0,-92.0,1.0
2024-04-24,taiwan,802.0,114.0,58.0,1526.6,5.0,3.0,43.0,234.0,76.0,80.1,16.0
2024-04-24,ukraine,4351.0,573.0,553.0,5558.5,63.0,21.0,178.0,891.0,479.0,-1934.4,76.0
2024-04-24,venezuela,222.0,28.0,45.0,-7.1,0.0,0.0,22.0,48.0,28.0,-153.9,6.0
2024-04-24,yemen,117.0,10.0,42.0,-257.0,0.0,1.0,5.0,34.0,19.0,-99.9,0.0
2024-04-25,drc,77.0,3.0,8.0,135.5,0.0,1.0,0.0,21.0,7.0,22.7,0.0
2024-04-25,europe_east,1380.0,139.0,101.0,2095.7,15.0,10.0,40.0,214.0,72.0,-16.4,13.0
2024-04-25,iran,1919.0,282.0,435.0,-867.6,23.0,7.0,151.0,571.0,332.0,-1820.1,25.0
2024-04-25,israel,11245.0,2325.0,2547.0,-13391.9,75.0,48.0,878.0,2275.0,1173.0,-5444.7,124.0
2024-04-25,korea,848.0,100.0,80.0,1316.7,2.0,2.0,37.0,96.0,24.0,151.3,5.0
2024-04-25,libya,125.0,13.0,28.0,59.6,0.0,1.0,13.0,1.0,1.0,-9.2,1.0
2024-04-25,scs,1796.0,243.0,199.0,1997.8,3.0,8.0,98.0,112.0,36.0,72.0,10.0
2024-04-25,southasia,8554.0,1543.0,1113.0,2702.9,10.0,38.0,486.0,14.0,1.0,20.4,0.0
2024-04-25,sudan,322.0,96.0,49.0,-113.8,2.0,2.0,18.0,5.0,3.0,-22.5,1.0
2024-04-25,taiwan,540.0,69.0,56.0,823.5,1.0,2.0,31.0,153.0,59.0,62.8,7.0
2024-04-25,ukraine,3647.0,460.0,563.0,3436.7,39.0,34.0,112.0,836.0,414.0,-1654.9,53.0
2024-04-25,venezuela,185.0,23.0,21.0,149.3,0.0,0.0,17.0,20.0,9.0,-14.4,0.0
2024-04-25,yemen,201.0,29.0,84.0,-690.9,0.0,2.0,6.0,40.0,24.0,-159.8,0.0
2024-04-26,drc,87.0,4.0,21.0,88.0,0.0,0.0,18.0,14.0,4.0,39.6,0.0
2024-04-26,europe_east,1294.0,149.0,152.0,1246.7,14.0,7.0,75.0,149.0,82.0,-416.7,25.0
2024-04-26,iran,1375.0,186.0,326.0,-681.1,9.0,2.0,132.0,404.0,210.0,-995.8,14.0
2024-04-26,israel,10897.0,2247.0,2395.0,-11528.0,64.0,33.0,823.0,2131.0,1081.0,-5061.4,104.0
2024-04-26,korea,755.0,91.0,58.0,987.6,1.0,1.0,33.0,62.0,27.0,-57.7,7.0
2024-04-26,libya,120.0,23.0,8.0,232.1,0.0,0.0,6.0,0.0,0.0,0.0,0.0
2024-04-26,scs,1920.0,212.0,281.0,1436.4,3.0,10.0,123.0,181.0,61.0,103.3,9.0
2024-04-26,southasia,8009.0,1492.0,1060.0,1599.7,20.0,23.0,537.0,13.0,2.0,24.1,1.0
2024-04-26,sudan,568.0,129.0,119.0,-438.2,6.0,1.0,28.0,11.0,10.0,-85.8,0.0
2024-04-26,taiwan,547.0,85.0,39.0,520.4,2.0,0.0,21.0,198.0,46.0,122.1,5.0
2024-04-26,ukraine,3761.0,487.0,622.0,1534.5,35.0,17.0,103.0,891.0,474.0,-1979.4,46.0
2024-04-26,venezuela,148.0,28.0,30.0,-40.0,4.0,0.0,18.0,35.0,16.0,-31.3,7.0
2024-04-26,yemen,115.0,14.0,51.0,-416.4,0.0,2.0,6.0,27.0,23.0,-168.2,0.0
2024-04-27,drc,16.0,1.0,4.0,13.8,0.0,0.0,4.0,8.0,4.0,-2.2,0.0
2024-04-27,europe_east,631.0,99.0,59.0,1059.7,7.0,4.0,27.0,116.0,65.0,-233.0,8.0
2024-04-27,iran,1057.0,142.0,207.0,-218.2,10.0,1.0,72.0,289.0,157.0,-830.5,12.0
2024-04-27,israel,7504.0,1563.0,1636.0,-7702.4,50.0,22.0,587.0,1498.0,741.0,-3298.6,72.0
2024-04-27,korea,318.0,38.0,20.0,374.0,0.0,0.0,7.0,27.0,8.0,17.2,0.0
2024-04-27,libya,79.0,11.0,13.0,50.3,0.0,0.0,9.0,0.0,0.0,0.0,0.0
2024-04-27,scs,1145.0,131.0,182.0,546.5,2.0,4.0,65.0,128.0,52.0,-104.5,3.0
2024-04-27,southasia,6352.0,1161.0,906.0,923.6,13.0,22.0,359.0,46.0,19.0,-44.2,9.0
2024-04-27,sudan,298.0,66.0,68.0,-509.7,6.0,0.0,16.0,11.0,8.0,-32.0,1.0
2024-04-27,taiwan,409.0,63.0,22.0,465.6,4.0,11.0,7.0,228.0,56.0,88.3,7.0
2024-04-27,ukraine,2388.0,280.0,610.0,-1288.8,24.0,19.0,86.0,869.0,601.0,-3959.9,34.0
2024-04-27,venezuela,74.0,4.0,21.0,-96.1,0.0,0.0,2.0,26.0,5.0,17.5,0.0
2024-04-27,yemen,188.0,22.0,101.0,-914.9,0.0,0.0,9.0,64.0,50.0,-474.3,0.0
2024-04-28,drc,19.0,4.0,3.0,6.8,0.0,0.0,2.0,6.0,1.0,13.0,0.0
2024-04-28,europe_east,359.0,42.0,25.0,419.9,2.0,5.0,4.0,21.0,15.0,-54.6,6.0
2024-04-28,iran,691.0,124.0,132.0,-244.6,2.0,5.0,61.0,158.0,101.0,-637.9,8.0
2024-04-28,israel,8067.0,1654.0,1629.0,-6294.2,71.0,26.0,587.0,1522.0,726.0,-3026.9,75.0
2024-04-28,korea,373.0,36.0,36.0,552.6,1.0,0.0,13.0,13.0,10.0,-82.3,4.0
2024-04-28,libya,45.0,3.0,9.0,-9.8,0.0,0.0,7.0,1.0,0.0,0.0,0.0
2024-04-28,scs,1032.0,157.0,134.0,546.8,9.0,1.0,64.0,86.0,25.0,61.1,2.0
2024-04-28,southasia,6348.0,1039.0,1003.0,1138.3,6.0,29.0,457.0,32.0,13.0,-22.8,11.0
2024-04-28,sudan,287.0,35.0,62.0,-150.5,0.0,0.0,9.0,5.0,4.0,-31.0,0.0
2024-04-28,taiwan,376.0,42.0,35.0,427.6,2.0,6.0,15.0,144.0,33.0,87.7,10.0
2024-04-28,ukraine,1960.0,237.0,502.0,-1150.6,13.0,21.0,77.0,742.0,484.0,-2988.7,45.0
2024-04-28,venezuela,151.0,4.0,4.0,548.5,0.0,0.0,3.0,4.0,2.0,1.8,1.0
2024-04-28,yemen,97.0,12.0,47.0,-436.4,5.0,0.0,0.0,31.0,24.0,-217.6,1.0
2024-04-29,drc,61.0,3.0,12.0,97.3,0.0,0.0,11.0,5.0,2.0,0.0,2.0
2024-04-29,europe_east,1103.0,135.0,144.0,1215.6,3.0,9.0,91.0,130.0,60.0,-173.8,8.0
2024-04-29,iran,1077.0,178.0,209.0,-319.6,11.0,0.0,93.0,290.0,162.0,-828.0,32.0
2024-04-29,israel,10893.0,2205.0,1998.0,-7055.9,83.0,30.0,746.0,1955.0,944.0,-4138.2,96.0
2024-04-29,korea,852.0,90.0,51.0,1587.6,0.0,6.0,20.0,29.0,15.0,-59.5,0.0
2024-04-29,libya,165.0,13.0,21.0,167.5,1.0,0.0,14.0,0.0,0.0,0.0,0.0
2024-04-29,scs,1652.0,176.0,198.0,1345.3,1.0,5.0,55.0,144.0,39.0,52.7,6.0
2024-04-29,southasia,8217.0,1415.0,1072.0,2364.1,12.0,13.0,477.0,32.0,12.0,-4.0,9.0
2024-04-29,sudan,404.0,52.0,79.0,0.6,0.0,1.0,19.0,15.0,3.0,12.6,1.0
2024-04-29,taiwan,427.0,51.0,40.0,621.4,2.0,1.0,26.0,239.0,62.0,263.6,6.0
2024-04-29,ukraine,3483.0,396.0,689.0,431.4,30.0,32.0,133.0,1048.0,597.0,-3101.4,86.0
2024-04-29,venezuela,108.0,13.0,17.0,43.8,0.0,0.0,13.0,15.0,9.0,-26.8,0.0
2024-04-29,yemen,166.0,24.0,76.0,-615.9,4.0,0.0,3.0,52.0,25.0,-99.7,2.0
2024-04-30,drc,74.0,15.0,11.0,66.0,0.0,0.0,8.0,26.0,4.0,109.4,2.0
2024-04-30,europe_east,1176.0,127.0,160.0,1491.9,6.0,20.0,89.0,113.0,61.0,-230.3,18.0
2024-04-30,iran,1030.0,162.0,205.0,-503.4,7.0,1.0,81.0,225.0,113.0,-504.8,12.0
2024-04-30,israel,12193.0,2484.0,2532.0,-10351.0,92.0,45.0,1066.0,2234.0,1006.0,-3326.3,132.0
2024-04-30,korea,889.0,101.0,97.0,765.7,4.0,3.0,40.0,67.0,31.0,-121.2,3.0
2024-04-30,libya,120.0,13.0,30.0,7.7,0.0,0.0,18.0,0.0,0.0,0.0,0.0
2024-04-30,scs,1655.0,258.0,234.0,285.5,1.0,10.0,88.0,330.0,211.0,-837.8,16.0
2024-04-30,southasia,8119.0,1388.0,1116.0,2120.0,34.0,40.0,459.0,20.0,6.0,-20.6,3.0
2024-04-30,sudan,443.0,50.0,95.0,-131.9,2.0,3.0,19.0,21.0,13.0,-106.8,0.0
2024-04-30,taiwan,351.0,37.0,30.0,503.4,0.0,1.0,17.0,178.0,54.0,124.4,15.0
2024-04-30,ukraine,3000.0,295.0,582.0,413.7,27.0,22.0,123.0,777.0,418.0,-2224.3,66.0
2024-04-30,venezuela,134.0,31.0,26.0,-0.4,0.0,1.0,17.0,22.0,15.0,-62.6,11.0
2024-04-30,yemen,192.0,27.0,86.0,-748.1,2.0,2.0,2.0,51.0,40.0,-293.1,2.0
2024-05-01,drc,32.0,3.0,3.0,76.8,0.0,2.0,1.0,27.0,7.0,52.3,0.0
2024-05-01,europe_east,898.0,71.0,107.0,1425.4,4.0,3.0,50.0,67.0,49.0,-193.4,8.0
2024-05-01,iran,962.0,144.0,246.0,-950.9,6.0,0.0,88.0,273.0,152.0,-794.5,12.0
2024-05-01,israel,13587.0,2830.0,2784.0,-12743.9,91.0,23.0,1159.0,2354.0,1075.0,-3760.7,126.0
2024-05-01,korea,903.0,128.0,78.0,965.3,14.0,0.0,40.0,82.0,33.0,-87.0,11.0
2024-05-01,libya,119.0,18.0,16.0,94.7,0.0,0.0,9.0,0.0,0.0,0.0,0.0
2024-05-01,scs,1602.0,276.0,169.0,785.9,7.0,2.0,63.0,187.0,115.0,-465.2,5.0
2024-05-01,southasia,7362.0,1296.0,901.0,2382.7,117.0,17.0,427.0,20.0,7.0,-3.3,2.0
2024-05-01,sudan,355.0,51.0,76.0,-288.3,0.0,3.0,14.0,4.0,0.0,6.7,0.0
2024-05-01,taiwan,337.0,37.0,35.0,285.1,3.0,1.0,28.0,116.0,25.0,68.0,13.0
2024-05-01,ukraine,2665.0,316.0,486.0,455.4,22.0,4.0,126.0,854.0,500.0,-3030.3,72.0
2024-05-01,venezuela,186.0,22.0,32.0,224.7,0.0,0.0,18.0,19.0,6.0,-6.6,2.0
2024-05-01,yemen,192.0,20.0,53.0,-286.1,1.0,0.0,6.0,45.0,20.0,-69.5,0.0
2024-05-02,drc,49.0,9.0,9.0,30.1,0.0,2.0,6.0,4.0,2.0,-6.0,0.0
2024-05-02,europe_east,893.0,85.0,129.0,682.8,3.0,7.0,71.0,120.0,74.0,-342.1,25.0
2024-05-02,iran,1048.0,152.0,272.0,-916.1,11.0,5.0,143.0,346.0,177.0,-827.1,20.0
2024-05-02,israel,14042.0,3079.0,2874.0,-13196.2,119.0,22.0,1224.0,2351.0,1132.0,-4249.5,145.0
2024-05-02,korea,757.0,112.0,87.0,440.8,6.0,7.0,36.0,62.0,37.0,-142.1,6.0
2024-05-02,libya,89.0,11.0,20.0,34.1,0.0,0.0,7.0,0.0,0.0,0.0,0.0
2024-05-02,scs,1771.0,282.0,216.0,1190.9,4.0,13.0,77.0,277.0,146.0,-496.1,15.0
2024-05-02,southasia,7900.0,1523.0,839.0,3604.0,52.0,16.0,372.0,17.0,4.0,2.5,3.0
2024-05-02,sudan,288.0,35.0,63.0,-117.9,0.0,0.0,10.0,1.0,0.0,5.0,0.0
2024-05-02,taiwan,404.0,32.0,30.0,647.7,1.0,1.0,12.0,132.0,43.0,-123.0,8.0
2024-05-02,ukraine,2852.0,342.0,562.0,236.5,27.0,50.0,115.0,1135.0,644.0,-3006.5,123.0
2024-05-02,venezuela,155.0,17.0,32.0,19.7,0.0,2.0,18.0,24.0,9.0,-39.1,0.0
2024-05-02,yemen,103.0,12.0,18.0,-7.1,1.0,0.0,2.0,50.0,27.0,-174.2,0.0
2024-05-03,drc,46.0,9.0,18.0,-132.6,0.0,0.0,6.0,14.0,7.0,-44.6,0.0
2024-05-03,europe_east,1037.0,129.0,107.0,1107.6,5.0,0.0,45.0,110.0,38.0,-53.5,12.0
2024-05-03,iran,1131.0,188.0,244.0,-661.8,13.0,1.0,110.0,257.0,157.0,-832.0,12.0
2024-05-03,israel,11754.0,2652.0,2472.0,-12372.5,117.0,29.0,1129.0,1870.0,967.0,-4248.4,132.0
2024-05-03,korea,1041.0,168.0,129.0,560.0,26.0,7.0,33.0,106.0,50.0,-102.6,12.0
2024-05-03,libya,28.0,6.0,10.0,-64.9,0.0,0.0,5.0,0.0,0.0,0.0,0.0
2024-05-03,scs,1980.0,288.0,277.0,1348.1,11.0,6.0,122.0,197.0,118.0,-335.3,20.0
2024-05-03,southasia,8487.0,1697.0,1192.0,217.3,49.0,17.0,556.0,18.0,8.0,-20.5,5.0
2024-05-03,sudan,435.0,49.0,95.0,-305.2,3.0,0.0,13.0,3.0,1.0,-5.3,0.0
2024-05-03,taiwan,374.0,40.0,71.0,225.8,2.0,2.0,22.0,85.0,16.0,78.5,6.0
2024-05-03,ukraine,2820.0,358.0,495.0,723.8,29.0,20.0,108.0,1019.0,586.0,-2775.1,68.0
2024-05-03,venezuela,158.0,31.0,19.0,-45.3,0.0,0.0,14.0,22.0,4.0,6.5,3.0
2024-05-03,yemen,142.0,28.0,25.0,-89.8,4.0,0.0,3.0,75.0,29.0,-115.1,3.0
2024-05-04,drc,43.0,14.0,7.0,-66.3,0.0,0.0,0.0,29.0,21.0,-95.5,0.0
2024-05-04,europe_east,394.0,58.0,50.0,259.6,0.0,3.0,24.0,84.0,46.0,-150.5,28.0
2024-05-04,iran,543.0,69.0,132.0,-298.9,4.0,5.0,46.0,166.0,102.0,-673.3,10.0
2024-05-04,israel,8346.0,1743.0,1784.0,-8603.4,73.0,17.0,723.0,1472.0,722.0,-3178.9,82.0
2024-05-04,korea,594.0,104.0,48.0,559.3,10.0,1.0,13.0,41.0,25.0,-117.1,4.0
2024-05-04,libya,33.0,1.0,12.0,-42.2,0.0,0.0,5.0,0.0,0.0,0.0,0.0
2024-05-04,scs,1206.0,179.0,147.0,761.3,5.0,4.0,53.0,145.0,52.0,2.8,5.0
2024-05-04,southasia,7331.0,1296.0,1194.0,144.2,15.0,10.0,539.0,26.0,14.0,-44.4,2.0
2024-05-04,sudan,277.0,33.0,61.0,-159.3,2.0,1.0,4.0,0.0,0.0,0.0,0.0
2024-05-04,taiwan,268.0,27.0,25.0,367.8,0.0,3.0,13.0,73.0,22.0,24.6,12.0
2024-05-04,ukraine,1393.0,199.0,354.0,-893.8,11.0,23.0,59.0,615.0,379.0,-1892.8,98.0
2024-05-04,venezuela,68.0,11.0,13.0,19.3,0.0,3.0,6.0,4.0,0.0,10.5,0.0
2024-05-04,yemen,83.0,14.0,22.0,-106.8,4.0,0.0,6.0,15.0,10.0,-56.7,2.0
2024-05-05,drc,35.0,6.0,11.0,-73.5,0.0,0.0,4.0,10.0,5.0,-16.6,0.0
2024-05-05,europe_east,464.0,47.0,74.0,356.7,8.0,4.0,46.0,55.0,34.0,-185.5,24.0
2024-05-05,iran,625.0,81.0,118.0,145.6,5.0,0.0,44.0,189.0,105.0,-558.8,1.0
2024-05-05,israel,8977.0,2008.0,2234.0,-13428.3,105.0,12.0,808.0,1881.0,1034.0,-5094.2,97.0
2024-05-05,korea,415.0,46.0,40.0,244.7,0.0,1.0,20.0,65.0,24.0,-87.8,4.0
2024-05-05,libya,29.0,2.0,3.0,23.1,0.0,0.0,1.0,0.0,0.0,0.0,0.0
2024-05-05,scs,994.0,179.0,121.0,404.4,7.0,0.0,53.0,121.0,52.0,-155.4,16.0
2024-05-05,southasia,7143.0,1255.0,1071.0,558.4,24.0,15.0,420.0,33.0,19.0,-99.6,6.0
2024-05-05,sudan,152.0,9.0,18.0,192.5,1.0,0.0,1.0,1.0,0.0,0.0,0.0
2024-05-05,taiwan,138.0,23.0,17.0,-0.1,3.0,0.0,6.0,38.0,9.0,28.9,0.0
2024-05-05,ukraine,1599.0,192.0,399.0,-1196.3,13.0,13.0,46.0,739.0,478.0,-3053.7,43.0
2024-05-05,venezuela,56.0,10.0,15.0,-79.9,0.0,3.0,3.0,16.0,8.0,-22.1,2.0
2024-05-05,yemen,60.0,6.0,11.0,11.2,1.0,0.0,1.0,9.0,3.0,10.5,2.0
2024-05-06,drc,99.0,14.0,26.0,35.1,0.0,0.0,22.0,19.0,15.0,-56.6,0.0
2024-05-06,europe_east,1413.0,121.0,119.0,2337.7,5.0,3.0,43.0,218.0,71.0,15.0,27.0
2024-05-06,iran,1198.0,149.0,207.0,-19.1,5.0,2.0,66.0,291.0,129.0,-475.7,23.0
2024-05-06,israel,13779.0,2817.0,2988.0,-13487.8,172.0,70.0,1094.0,3504.0,1800.0,-7247.3,255.0
2024-05-06,korea,715.0,108.0,97.0,354.3,0.0,0.0,62.0,138.0,63.0,-191.9,25.0
2024-05-06,libya,33.0,4.0,5.0,55.5,0.0,0.0,4.0,0.0,0.0,0.0,0.0
2024-05-06,scs,1937.0,233.0,206.0,2060.3,8.0,4.0,65.0,241.0,123.0,-312.6,11.0
2024-05-06,southasia,8148.0,1489.0,1169.0,1390.2,49.0,30.0,485.0,40.0,10.0,57.9,0.0
2024-05-06,sudan,242.0,26.0,44.0,60.0,4.0,1.0,8.0,4.0,3.0,-22.0,1.0
2024-05-06,taiwan,353.0,50.0,33.0,270.1,0.0,0.0,15.0,79.0,34.0,-34.1,6.0
2024-05-06,ukraine,2433.0,333.0,446.0,1015.2,18.0,23.0,73.0,848.0,502.0,-2327.2,56.0
2024-05-06,venezuela,164.0,36.0,55.0,-303.8,1.0,0.0,25.0,34.0,12.0,6.9,0.0
2024-05-06,yemen,140.0,18.0,24.0,-6.3,7.0,0.0,5.0,37.0,12.0,-3.2,5.0
2024-05-07,drc,94.0,10.0,18.0,131.1,0.0,0.0,14.0,29.0,14.0,-49.8,0.0
2024-05-07,europe_east,1446.0,175.0,151.0,1928.0,12.0,3.0,72.0,247.0,71.0,105.0,10.0
2024-05-07,iran,1165.0,184.0,215.0,-154.0,8.0,4.0,85.0,238.0,115.0,-451.9,19.0
2024-05-07,israel,14122.0,2919.0,2942.0,-12726.2,135.0,48.0,916.0,3397.0,1703.0,-6509.2,175.0
2024-05-07,korea,954.0,135.0,145.0,294.3,0.0,2.0,94.0,120.0,36.0,61.0,22.0
2024-05-07,libya,114.0,5.0,4.0,299.5,0.0,0.0,2.0,0.0,0.0,0.0,0.0
2024-05-07,scs,1762.0,222.0,225.0,1159.0,10.0,3.0,74.0,224.0,55.0,-15.3,6.0
2024-05-07,southasia,8624.0,1649.0,1140.0,1810.5,25.0,36.0,508.0,25.0,9.0,-14.6,1.0
2024-05-07,sudan,420.0,51.0,79.0,141.5,0.0,8.0,27.0,10.0,6.0,-21.6,0.0
2024-05-07,taiwan,391.0,47.0,32.0,556.1,3.0,2.0,13.0,81.0,35.0,-32.3,10.0
2024-05-07,ukraine,3303.0,471.0,634.0,415.4,43.0,23.0,187.0,1003.0,566.0,-2512.3,112.0
2024-05-07,venezuela,142.0,16.0,17.0,137.0,0.0,0.0,7.0,29.0,8.0,12.7,1.0
2024-05-07,yemen,102.0,17.0,13.0,79.8,0.0,0.0,3.0,32.0,14.0,-42.2,3.0
2024-05-08,drc,34.0,5.0,9.0,-8.4,0.0,1.0,1.0,17.0,10.0,-51.8,0.0
2024-05-08,europe_east,1258.0,141.0,151.0,1076.2,7.0,11.0,69.0,242.0,109.0,-416.8,32.0
2024-05-08,iran,917.0,147.0,170.0,-213.7,4.0,0.0,73.0,234.0,130.0,-526.5,7.0
2024-05-08,israel,12729.0,2527.0,2719.0,-10731.4,99.0,32.0,904.0,2665.0,1353.0,-5753.4,130.0
2024-05-08,korea,993.0,105.0,104.0,1091.8,0.0,2.0,58.0,147.0,18.0,219.1,7.0
2024-05-08,libya,49.0,6.0,8.0,24.3,0.0,0.0,4.0,0.0,0.0,0.0,0.0
2024-05-08,scs,1918.0,305.0,235.0,842.9,11.0,5.0,69.0,258.0,104.0,21.4,10.0
2024-05-08,southasia,8626.0,1543.0,1264.0,1189.6,24.0,10.0,587.0,38.0,18.0,-80.5,6.0
2024-05-08,sudan,297.0,26.0,37.0,326.8,0.0,1.0,3.0,2.0,2.0,-11.2,0.0
2024-05-08,taiwan,353.0,38.0,13.0,822.0,1.0,0.0,2.0,61.0,15.0,-10.4,3.0
2024-05-08,ukraine,2947.0,409.0,706.0,-1367.9,20.0,36.0,146.0,1016.0,601.0,-3197.6,78.0
2024-05-08,venezuela,232.0,26.0,60.0,-103.6,0.0,0.0,27.0,62.0,35.0,-154.2,14.0
2024-05-08,yemen,84.0,11.0,10.0,77.0,1.0,0.0,5.0,45.0,22.0,-119.1,9.0
2024-05-09,drc,50.0,6.0,18.0,-89.6,0.0,3.0,1.0,5.0,2.0,12.0,0.0
2024-05-09,europe_east,1122.0,100.0,85.0,2541.0,5.0,6.0,33.0,179.0,74.0,-149.4,18.0
2024-05-09,iran,1308.0,212.0,288.0,-973.9,18.0,3.0,118.0,407.0,230.0,-1231.7,12.0
2024-05-09,israel,12620.0,2511.0,2734.0,-11498.3,158.0,24.0,851.0,2611.0,1450.0,-6937.9,157.0
2024-05-09,korea,1051.0,97.0,105.0,1345.8,1.0,1.0,53.0,99.0,18.0,119.9,2.0
2024-05-09,libya,26.0,5.0,8.0,-58.9,0.0,0.0,2.0,0.0,0.0,0.0,0.0
2024-05-09,scs,1751.0,312.0,177.0,1040.2,1.0,9.0,55.0,276.0,129.0,-118.9,9.0
2024-05-09,southasia,8400.0,1552.0,1244.0,379.0,9.0,10.0,532.0,25.0,12.0,-81.3,8.0
2024-05-09,sudan,667.0,90.0,161.0,-626.2,5.0,2.0,26.0,22.0,21.0,-128.3,3.0
2024-05-09,taiwan,426.0,61.0,28.0,675.3,3.0,2.0,10.0,90.0,31.0,-20.8,2.0
2024-05-09,ukraine,2973.0,438.0,566.0,-353.7,33.0,25.0,98.0,880.0,553.0,-2980.1,62.0
2024-05-09,venezuela,215.0,23.0,58.0,-149.2,0.0,0.0,24.0,66.0,40.0,-169.5,18.0
2024-05-09,yemen,92.0,19.0,16.0,-83.6,3.0,0.0,0.0,91.0,55.0,-345.5,4.0
2024-05-10,drc,66.0,7.0,13.0,47.8,0.0,0.0,1.0,6.0,5.0,-7.0,0.0
2024-05-10,europe_east,1000.0,114.0,111.0,1030.6,2.0,11.0,46.0,150.0,60.0,-54.2,6.0
2024-05-10,iran,1108.0,153.0,200.0,607.3,3.0,2.0,96.0,237.0,139.0,-616.4,8.0
2024-05-10,israel,11384.0,2385.0,2574.0,-12654.9,116.0,37.0,852.0,2190.0,1152.0,-5278.2,111.0
2024-05-10,korea,698.0,68.0,55.0,1120.3,1.0,3.0,17.0,84.0,8.0,119.8,0.0
2024-05-10,libya,101.0,7.0,7.0,176.0,1.0,0.0,1.0,0.0,0.0,0.0,0.0
2024-05-10,scs,1572.0,203.0,200.0,1492.4,3.0,4.0,96.0,328.0,111.0,150.0,27.0
2024-05-10,southasia,8535.0,1551.0,1231.0,983.0,35.0,9.0,603.0,41.0,18.0,-54.1,12.0
2024-05-10,sudan,412.0,50.0,104.0,-396.8,4.0,0.0,12.0,15.0,12.0,-89.0,0.0
2024-05-10,taiwan,345.0,41.0,39.0,260.0,0.0,4.0,15.0,89.0,21.0,2.0,8.0
2024-05-10,ukraine,2801.0,359.0,562.0,9.0,20.0,7.0,123.0,984.0,581.0,-3127.8,61.0
2024-05-10,venezuela,256.0,39.0,37.0,151.1,0.0,1.0,26.0,59.0,20.0,58.8,10.0
2024-05-10,yemen,54.0,8.0,8.0,-7.5,0.0,0.0,1.0,68.0,23.0,-97.6,3.0
2024-05-11,drc,11.0,0.0,1.0,30.3,0.0,0.0,0.0,1.0,1.0,-2.0,0.0
2024-05-11,europe_east,416.0,67.0,43.0,235.7,0.0,1.0,12.0,76.0,26.0,38.9,2.0
2024-05-11,iran,580.0,64.0,116.0,289.0,4.0,1.0,58.0,143.0,71.0,-331.6,6.0
2024-05-11,israel,8383.0,1743.0,1922.0,-9480.5,71.0,15.0,689.0,1851.0,1008.0,-4631.1,119.0
2024-05-11,korea,461.0,45.0,57.0,458.9,4.0,3.0,9.0,52.0,30.0,-156.0,7.0
2024-05-11,libya,70.0,6.0,13.0,69.2,0.0,0.0,8.0,0.0,0.0,0.0,0.0
2024-05-11,scs,1003.0,117.0,108.0,1118.5,3.0,0.0,47.0,186.0,70.0,-47.8,17.0
2024-05-11,southasia,6841.0,1138.0,1022.0,1172.4,9.0,11.0,483.0,19.0,4.0,1.0,1.0
2024-05-11,sudan,262.0,40.0,93.0,-620.5,7.0,2.0,11.0,11.0,8.0,-53.2,0.0
2024-05-11,taiwan,231.0,38.0,16.0,212.8,1.0,1.0,7.0,73.0,18.0,37.1,0.0
2024-05-11,ukraine,1932.0,300.0,583.0,-2727.4,35.0,16.0,102.0,928.0,589.0,-3512.0,66.0
2024-05-11,venezuela,103.0,19.0,13.0,16.8,0.0,0.0,3.0,23.0,10.0,18.6,3.0
2024-05-11,yemen,30.0,7.0,15.0,-131.7,0.0,0.0,2.0,3.0,3.0,-22.0,0.0
2024-05-12,drc,24.0,5.0,1.0,23.6,1.0,0.0,1.0,7.0,5.0,-8.1,0.0
2024-05-12,europe_east,498.0,59.0,57.0,311.2,2.0,4.0,23.0,88.0,33.0,-97.0,5.0
2024-05-12,iran,551.0,106.0,96.0,-93.2,7.0,0.0,51.0,165.0,97.0,-449.2,18.0
2024-05-12,israel,7435.0,1607.0,1849.0,-11044.4,70.0,20.0,504.0,1854.0,1027.0,-5051.8,99.0
2024-05-12,korea,464.0,56.0,40.0,627.1,1.0,0.0,25.0,57.0,29.0,-54.4,4.0
2024-05-12,libya,48.0,6.0,10.0,44.8,0.0,0.0,10.0,0.0,0.0,0.0,0.0
2024-05-12,scs,885.0,115.0,95.0,734.7,5.0,0.0,38.0,162.0,61.0,-14.4,10.0
2024-05-12,southasia,6109.0,1094.0,886.0,-68.8,75.0,37.0,372.0,10.0,1.0,36.4,0.0
2024-05-12,sudan,238.0,23.0,78.0,-385.2,0.0,0.0,10.0,7.0,6.0,-40.5,0.0
2024-05-12,taiwan,212.0,25.0,21.0,246.6,0.0,0.0,11.0,45.0,18.0,-22.8,0.0
2024-05-12,ukraine,1936.0,252.0,643.0,-3731.3,15.0,25.0,91.0,918.0,634.0,-4136.8,61.0
2024-05-12,venezuela,78.0,10.0,11.0,64.7,0.0,0.0,3.0,33.0,1.0,144.9,0.0
2024-05-12,yemen,45.0,6.0,12.0,-82.5,0.0,0.0,2.0,5.0,1.0,3.6,0.0
2024-05-13,drc,36.0,6.0,1.0,62.8,0.0,0.0,0.0,5.0,5.0,-50.0,0.0
2024-05-13,europe_east,1093.0,126.0,77.0,1854.1,5.0,6.0,35.0,46.0,28.0,-103.2,2.0
2024-05-13,iran,1310.0,194.0,179.0,1165.1,5.0,0.0,102.0,197.0,109.0,-535.8,13.0
2024-05-13,israel,9168.0,1782.0,2072.0,-9555.8,90.0,17.0,655.0,1917.0,1063.0,-5102.8,110.0
2024-05-13,korea,1064.0,123.0,111.0,1433.3,1.0,1.0,64.0,68.0,36.0,-82.5,13.0
2024-05-13,libya,59.0,10.0,8.0,-8.0,1.0,0.0,4.0,0.0,0.0,0.0,0.0
2024-05-13,scs,1532.0,202.0,131.0,1772.5,1.0,10.0,47.0,245.0,87.0,-187.5,7.0
2024-05-13,southasia,8413.0,1376.0,1184.0,1464.4,101.0,45.0,434.0,47.0,15.0,-18.2,5.0
2024-05-13,sudan,398.0,50.0,103.0,-380.3,10.0,1.0,14.0,22.0,9.0,-29.4,0.0
2024-05-13,taiwan,279.0,39.0,16.0,418.8,3.0,1.0,10.0,95.0,33.0,34.2,3.0
2024-05-13,ukraine,3188.0,444.0,893.0,-3915.6,50.0,39.0,141.0,1309.0,858.0,-5105.0,79.0
2024-05-13,venezuela,141.0,16.0,21.0,141.0,0.0,0.0,15.0,22.0,10.0,-18.6,3.0
2024-05-13,yemen,111.0,16.0,19.0,53.0,2.0,1.0,4.0,31.0,7.0,5.0,2.0
2024-05-14,drc,68.0,15.0,11.0,-71.4,1.0,0.0,5.0,11.0,10.0,-62.0,0.0
2024-05-14,europe_east,1103.0,125.0,137.0,1448.3,2.0,4.0,51.0,61.0,35.0,-116.0,3.0
2024-05-14,iran,1231.0,195.0,184.0,804.0,4.0,2.0,97.0,245.0,114.0,-289.5,9.0
2024-05-14,israel,9488.0,1761.0,2314.0,-11860.9,62.0,25.0,567.0,1934.0,1115.0,-6175.4,127.0
2024-05-14,korea,923.0,116.0,86.0,1263.2,1.0,2.0,44.0,77.0,15.0,58.7,3.0
2024-05-14,libya,92.0,17.0,21.0,-60.1,0.0,0.0,10.0,0.0,0.0,0.0,0.0
2024-05-14,scs,1601.0,198.0,119.0,2338.2,0.0,4.0,49.0,213.0,58.0,187.7,4.0
2024-05-14,southasia,7902.0,1358.0,1246.0,-408.4,71.0,18.0,487.0,22.0,13.0,-86.7,0.0
2024-05-14,sudan,294.0,24.0,52.0,176.3,3.0,0.0,14.0,10.0,10.0,-99.5,0.0
2024-05-14,taiwan,424.0,37.0,27.0,741.6,0.0,2.0,6.0,95.0,36.0,-45.3,3.0
2024-05-14,ukraine,4076.0,461.0,850.0,-205.4,25.0,48.0,187.0,1559.0,935.0,-5327.3,99.0
2024-05-14,venezuela,210.0,24.0,52.0,-46.7,0.0,2.0,29.0,42.0,13.0,63.8,6.0
2024-05-14,yemen,197.0,46.0,40.0,-245.8,4.0,0.0,6.0,36.0,28.0,-167.4,7.0
2024-05-15,drc,30.0,4.0,8.0,-38.7,0.0,0.0,1.0,1.0,1.0,-10.0,0.0
2024-05-15,europe_east,1422.0,162.0,106.0,2205.6,6.0,4.0,40.0,65.0,31.0,-68.6,7.0
2024-05-15,iran,974.0,153.0,176.0,289.4,2.0,0.0,62.0,223.0,128.0,-591.5,3.0
2024-05-15,israel,9495.0,1777.0,2254.0,-10611.2,56.0,16.0,599.0,1945.0,1082.0,-5579.2,102.0
2024-05-15,korea,894.0,79.0,77.0,1381.5,2.0,3.0,37.0,74.0,30.0,-132.8,8.0
2024-05-15,libya,108.0,14.0,32.0,-192.5,0.0,0.0,6.0,0.0,0.0,0.0,0.0
2024-05-15,scs,1536.0,182.0,174.0,1409.2,5.0,5.0,71.0,278.0,104.0,-100.9,18.0
2024-05-15,southasia,8468.0,1596.0,1044.0,2956.9,109.0,10.0,487.0,32.0,16.0,-7.3,5.0
2024-05-15,sudan,441.0,63.0,98.0,-319.3,3.0,0.0,17.0,16.0,7.0,-14.0,0.0
2024-05-15,taiwan,606.0,69.0,65.0,620.8,0.0,2.0,32.0,205.0,70.0,124.3,7.0
2024-05-15,ukraine,4558.0,507.0,1149.0,-1516.5,46.0,68.0,320.0,1762.0,1089.0,-5801.9,143.0
2024-05-15,venezuela,186.0,21.0,31.0,109.2,0.0,4.0,19.0,44.0,17.0,25.6,5.0
2024-05-15,yemen,205.0,27.0,41.0,-39.1,1.0,5.0,7.0,61.0,28.0,-149.4,4.0
2024-05-16,drc,49.0,7.0,6.0,12.9,0.0,0.0,2.0,2.0,2.0,-16.5,0.0
2024-05-16,europe_east,1222.0,108.0,113.0,2546.4,4.0,5.0,48.0,89.0,29.0,25.4,12.0
2024-05-16,iran,884.0,152.0,168.0,101.6,4.0,3.0,80.0,170.0,81.0,-446.9,1.0
2024-05-16,israel,10394.0,2045.0,2484.0,-12579.7,83.0,34.0,703.0,2220.0,1284.0,-6995.4,120.0
2024-05-16,korea,904.0,143.0,101.0,1136.0,3.0,3.0,66.0,69.0,39.0,-41.6,10.0
2024-05-16,libya,218.0,29.0,37.0,7.1,0.0,0.0,14.0,6.0,0.0,24.2,0.0
2024-05-16,scs,1761.0,237.0,239.0,1350.2,3.0,8.0,127.0,250.0,113.0,-190.4,3.0
2024-05-16,southasia,7764.0,1323.0,889.0,4571.1,24.0,15.0,417.0,31.0,6.0,46.2,2.0
2024-05-16,sudan,371.0,64.0,82.0,-252.2,12.0,0.0,17.0,8.0,5.0,-26.0,3.0
2024-05-16,taiwan,602.0,82.0,35.0,715.5,4.0,2.0,19.0,164.0,55.0,19.9,4.0
2024-05-16,ukraine,4090.0,497.0,881.0,-173.9,35.0,38.0,235.0,1244.0,747.0,-3991.4,90.0
2024-05-16,venezuela,199.0,38.0,35.0,-8.8,0.0,0.0,25.0,24.0,7.0,-3.6,1.0
2024-05-16,yemen,114.0,22.0,22.0,-122.1,2.0,2.0,4.0,38.0,13.0,0.9,2.0
2024-05-17,drc,28.0,7.0,1.0,9.1,2.0,0.0,1.0,10.0,1.0,23.8,0.0
2024-05-17,europe_east,1180.0,64.0,105.0,3179.6,2.0,0.0,41.0,98.0,16.0,363.5,0.0
2024-05-17,iran,610.0,70.0,118.0,262.7,3.0,3.0,71.0,134.0,53.0,-159.6,5.0
2024-05-17,israel,9259.0,1628.0,2131.0,-8809.7,69.0,20.0,553.0,1907.0,1024.0,-5396.8,78.0
2024-05-17,korea,1352.0,205.0,280.0,-596.9,5.0,0.0,63.0,286.0,182.0,-1136.3,49.0
2024-05-17,libya,72.0,5.0,30.0,-122.4,1.0,0.0,18.0,0.0,0.0,0.0,0.0
2024-05-17,scs,1594.0,175.0,186.0,1561.2,7.0,5.0,98.0,263.0,64.0,206.5,12.0
2024-05-17,southasia,8090.0,1305.0,1190.0,1657.5,26.0,19.0,487.0,39.0,7.0,23.0,0.0
2024-05-17,sudan,490.0,54.0,67.0,163.3,13.0,0.0,10.0,18.0,3.0,5.1,0.0
2024-05-17,taiwan,657.0,86.0,50.0,975.0,3.0,0.0,25.0,199.0,59.0,106.7,4.0
2024-05-17,ukraine,3315.0,409.0,714.0,-21.2,25.0,30.0,161.0,1290.0,756.0,-3622.8,66.0
2024-05-17,venezuela,266.0,16.0,75.0,-3.9,0.0,0.0,45.0,14.0,5.0,-8.2,1.0
2024-05-17,yemen,122.0,15.0,43.0,-310.7,3.0,3.0,3.0,19.0,15.0,-103.6,0.0
2024-05-18,drc,11.0,0.0,0.0,23.2,0.0,0.0,0.0,4.0,0.0,22.2,0.0
2024-05-18,europe_east,511.0,42.0,63.0,857.3,2.0,0.0,19.0,68.0,25.0,-68.1,1.0
2024-05-18,iran,773.0,88.0,166.0,53.4,2.0,0.0,78.0,120.0,43.0,-8.5,1.0
2024-05-18,israel,6235.0,1129.0,1650.0,-9062.9,43.0,14.0,333.0,1482.0,823.0,-4781.9,63.0
2024-05-18,korea,511.0,72.0,87.0,188.4,2.0,0.0,29.0,130.0,53.0,-128.3,18.0
2024-05-18,libya,98.0,6.0,24.0,-76.4,0.0,2.0,4.0,0.0,0.0,0.0,0.0
2024-05-18,scs,1120.0,129.0,111.0,1357.8,6.0,5.0,58.0,145.0,49.0,77.4,6.0
2024-05-18,southasia,7501.0,1231.0,992.0,2131.6,21.0,23.0,371.0,43.0,8.0,11.4,3.0
2024-05-18,sudan,255.0,43.0,24.0,254.3,11.0,0.0,1.0,11.0,7.0,-47.1,1.0
2024-05-18,taiwan,428.0,60.0,50.0,255.3,3.0,6.0,14.0,130.0,32.0,97.8,3.0
2024-05-18,ukraine,2115.0,266.0,592.0,-2330.9,22.0,24.0,93.0,872.0,573.0,-3210.5,67.0
2024-05-18,venezuela,101.0,10.0,9.0,174.0,0.0,0.0,8.0,7.0,0.0,39.4,0.0
2024-05-18,yemen,125.0,21.0,54.0,-497.7,0.0,0.0,1.0,45.0,20.0,-126.4,0.0
2024-05-19,drc,103.0,11.0,32.0,-215.1,0.0,0.0,4.0,11.0,10.0,-71.6,5.0
2024-05-19,europe_east,312.0,45.0,33.0,230.1,1.0,1.0,11.0,48.0,22.0,-43.7,6.0
2024-05-19,iran,2226.0,155.0,252.0,2555.1,2.0,17.0,88.0,300.0,100.0,-210.0,6.0
2024-05-19,israel,6602.0,1200.0,1545.0,-7587.0,52.0,25.0,342.0,1567.0,898.0,-5396.9,81.0
2024-05-19,korea,470.0,58.0,32.0,790.6,0.0,0.0,14.0,34.0,14.0,-30.1,0.0
2024-05-19,libya,78.0,8.0,17.0,-38.7,0.0,0.0,0.0,0.0,0.0,0.0,0.0
2024-05-19,scs,925.0,128.0,95.0,786.8,1.0,0.0,45.0,127.0,43.0,-14.3,5.0
2024-05-19,southasia,6483.0,1188.0,1069.0,-1572.4,31.0,25.0,355.0,47.0,26.0,-140.9,2.0
2024-05-19,sudan,123.0,11.0,33.0,-20.2,1.0,0.0,2.0,3.0,3.0,-28.5,0.0
2024-05-19,taiwan,514.0,67.0,46.0,619.4,2.0,10.0,21.0,194.0,57.0,86.3,12.0
2024-05-19,ukraine,1541.0,212.0,520.0,-3089.7,13.0,14.0,73.0,754.0,513.0,-3255.9,23.0
2024-05-19,venezuela,102.0,21.0,24.0,-130.4,0.0,0.0,7.0,12.0,2.0,21.7,1.0
2024-05-19,yemen,65.0,17.0,16.0,-132.9,0.0,1.0,0.0,13.0,8.0,-62.9,0.0
2024-05-20,drc,172.0,34.0,67.0,-564.5,0.0,0.0,19.0,29.0,1.0,133.5,0.0
2024-05-20,europe_east,1016.0,70.0,86.0,2383.4,5.0,5.0,44.0,77.0,30.0,-138.0,8.0
2024-05-20,iran,7352.0,672.0,938.0,5346.9,11.0,10.0,282.0,1086.0,570.0,-2976.3,52.0
2024-05-20,israel,10124.0,1909.0,2607.0,-13082.4,79.0,6.0,986.0,2302.0,1370.0,-8021.5,190.0
2024-05-20,korea,786.0,118.0,72.0,792.7,2.0,1.0,33.0,75.0,40.0,-199.2,7.0
2024-05-20,libya,87.0,9.0,28.0,-38.0,0.0,0.0,19.0,0.0,0.0,0.0,0.0
2024-05-20,scs,1693.0,224.0,170.0,2064.6,6.0,3.0,90.0,213.0,110.0,-82.3,12.0
2024-05-20,southasia,8514.0,1545.0,1214.0,174.8,33.0,28.0,490.0,50.0,24.0,-76.8,9.0
2024-05-20,sudan,289.0,52.0,78.0,-301.4,3.0,0.0,31.0,3.0,2.0,-16.6,0.0
2024-05-20,taiwan,1044.0,152.0,68.0,1328.7,7.0,4.0,32.0,436.0,106.0,311.4,8.0
2024-05-20,ukraine,2421.0,254.0,596.0,-718.8,10.0,8.0,131.0,901.0,544.0,-3054.7,43.0
2024-05-20,venezuela,208.0,14.0,38.0,91.5,0.0,6.0,19.0,23.0,8.0,-22.7,4.0
2024-05-20,yemen,171.0,23.0,40.0,-96.6,1.0,0.0,7.0,42.0,20.0,-91.8,2.0
2024-05-21,drc,98.0,10.0,29.0,-140.7,1.0,0.0,7.0,9.0,3.0,36.0,0.0
2024-05-21,europe_east,1065.0,107.0,129.0,985.8,7.0,2.0,59.0,197.0,105.0,-429.2,29.0
2024-05-21,iran,3986.0,439.0,573.0,2127.6,4.0,0.0,204.0,614.0,289.0,-991.6,21.0
2024-05-21,israel,10078.0,2126.0,2476.0,-11530.9,68.0,21.0,1054.0,2176.0,1297.0,-7151.6,195.0
2024-05-21,korea,983.0,143.0,57.0,1632.9,2.0,0.0,36.0,34.0,21.0,-45.6,7.0
2024-05-21,libya,145.0,32.0,40.0,-198.2,0.0,0.0,17.0,0.0,0.0,0.0,0.0
2024-05-21,scs,1752.0,232.0,204.0,1276.0,3.0,2.0,54.0,223.0,109.0,-240.6,13.0
2024-05-21,southasia,8287.0,1484.0,1086.0,2328.8,30.0,25.0,502.0,49.0,13.0,22.4,3.0
2024-05-21,sudan,376.0,48.0,83.0,-10.6,1.0,2.0,33.0,2.0,2.0,-20.0,0.0
2024-05-21,taiwan,865.0,129.0,107.0,392.2,2.0,4.0,69.0,305.0,93.0,120.4,4.0
2024-05-21,ukraine,3161.0,361.0,647.0,407.2,18.0,18.0,148.0,1068.0,633.0,-3156.7,78.0
2024-05-21,venezuela,200.0,27.0,20.0,275.8,1.0,0.0,14.0,30.0,4.0,41.9,2.0
2024-05-21,yemen,122.0,16.0,36.0,-201.0,1.0,0.0,1.0,18.0,13.0,-101.4,0.0
2024-05-22,drc,75.0,5.0,23.0,-88.7,0.0,0.0,3.0,3.0,3.0,-21.0,0.0
2024-05-22,europe_east,1558.0,184.0,144.0,1668.6,5.0,6.0,74.0,376.0,134.0,-239.6,15.0
2024-05-22,iran,3222.0,323.0,442.0,1821.2,9.0,7.0,221.0,448.0,208.0,-803.3,24.0
2024-05-22,israel,11927.0,2150.0,2555.0,-7425.0,64.0,25.0,1001.0,2327.0,1201.0,-5614.7,111.0
2024-05-22,korea,852.0,69.0,62.0,1523.0,2.0,0.0,37.0,29.0,3.0,31.0,0.0
2024-05-22,libya,77.0,9.0,12.0,42.0,0.0,0.0,4.0,0.0,0.0,0.0,0.0
2024-05-22,scs,1648.0,203.0,184.0,1651.4,3.0,1.0,115.0,210.0,90.0,-104.6,8.0
2024-05-22,southasia,8186.0,1504.0,1096.0,1355.4,45.0,15.0,496.0,29.0,3.0,60.0,0.0
2024-05-22,sudan,308.0,42.0,73.0,-165.1,1.0,0.0,17.0,1.0,1.0,-9.0,0.0
2024-05-22,taiwan,672.0,107.0,68.0,377.6,1.0,2.0,49.0,166.0,59.0,46.2,0.0
2024-05-22,ukraine,2963.0,361.0,659.0,-799.7,23.0,39.0,151.0,1013.0,590.0,-2777.2,86.0
2024-05-22,venezuela,172.0,22.0,27.0,172.4,0.0,1.0,23.0,32.0,17.0,-56.2,12.0
2024-05-22,yemen,92.0,12.0,32.0,-218.3,0.0,0.0,2.0,12.0,6.0,-34.8,0.0
2024-05-23,drc,48.0,6.0,13.0,-39.9,0.0,0.0,2.0,3.0,2.0,-1.0,0.0
2024-05-23,europe_east,1273.0,144.0,118.0,1935.1,2.0,13.0,54.0,254.0,100.0,-190.6,29.0
2024-05-23,iran,2157.0,214.0,250.0,1992.0,13.0,1.0,112.0,331.0,84.0,109.2,8.0
2024-05-23,israel,9957.0,1850.0,2204.0,-7841.6,47.0,20.0,795.0,2006.0,1018.0,-4483.2,90.0
2024-05-23,korea,1089.0,61.0,77.0,2448.9,4.0,6.0,30.0,62.0,25.0,-29.9,9.0
2024-05-23,libya,58.0,8.0,10.0,23.4,1.0,0.0,7.0,2.0,0.0,2.0,0.0
2024-05-23,scs,1489.0,173.0,224.0,861.1,5.0,10.0,92.0,88.0,47.0,-200.2,2.0
2024-05-23,southasia,8129.0,1406.0,996.0,2437.5,63.0,24.0,402.0,7.0,1.0,23.5,0.0
2024-05-23,sudan,456.0,59.0,60.0,251.1,10.0,0.0,11.0,6.0,5.0,-42.0,1.0
2024-05-23,taiwan,1162.0,238.0,207.0,-302.1,3.0,10.0,60.0,499.0,280.0,-779.5,82.0
2024-05-23,ukraine,2877.0,400.0,631.0,-989.8,32.0,28.0,167.0,1098.0,666.0,-3619.8,83.0
2024-05-23,venezuela,192.0,21.0,29.0,44.8,0.0,0.0,16.0,41.0,15.0,-36.1,6.0
2024-05-23,yemen,86.0,3.0,24.0,-78.2,1.0,1.0,1.0,26.0,10.0,-18.8,0.0
2024-05-24,drc,49.0,5.0,9.0,27.4,0.0,0.0,2.0,12.0,2.0,4.3,0.0
2024-05-24,europe_east,982.0,107.0,108.0,897.1,0.0,24.0,47.0,204.0,67.0,-104.0,14.0
2024-05-24,iran,1366.0,126.0,186.0,912.2,7.0,1.0,71.0,163.0,67.0,-199.0,5.0
2024-05-24,israel,9295.0,1770.0,1940.0,-5528.8,69.0,29.0,740.0,1785.0,897.0,-3817.8,100.0
2024-05-24,korea,1015.0,70.0,136.0,1197.7,0.0,2.0,79.0,126.0,59.0,-227.8,14.0
2024-05-24,libya,118.0,12.0,27.0,23.3,0.0,0.0,19.0,0.0,0.0,0.0,0.0
2024-05-24,scs,1581.0,183.0,194.0,1414.4,0.0,4.0,80.0,153.0,79.0,-123.9,15.0
2024-05-24,southasia,7566.0,1323.0,1103.0,1180.7,29.0,33.0,487.0,38.0,12.0,30.2,5.0
2024-05-24,sudan,469.0,57.0,112.0,-257.2,0.0,0.0,20.0,5.0,4.0,-20.6,0.0
2024-05-24,taiwan,1155.0,238.0,188.0,-487.6,9.0,5.0,47.0,516.0,277.0,-842.4,81.0
2024-05-24,ukraine,3614.0,371.0,672.0,1649.7,16.0,31.0,170.0,1161.0,674.0,-3693.6,79.0
2024-05-24,venezuela,133.0,12.0,15.0,243.8,0.0,0.0,14.0,20.0,8.0,-2.2,4.0
2024-05-24,yemen,83.0,7.0,27.0,-139.4,4.0,0.0,1.0,58.0,24.0,-99.4,5.0
2024-05-25,drc,43.0,7.0,1.0,71.0,0.0,0.0,0.0,18.0,5.0,51.4,0.0
2024-05-25,europe_east,419.0,76.0,47.0,260.2,3.0,2.0,20.0,72.0,34.0,-79.8,10.0
2024-05-25,iran,1061.0,110.0,186.0,-42.1,4.0,0.0,74.0,173.0,86.0,-313.9,4.0
2024-05-25,israel,5831.0,1151.0,1307.0,-5959.3,58.0,15.0,337.0,1238.0,684.0,-3424.2,67.0
2024-05-25,korea,690.0,70.0,54.0,979.9,0.0,1.0,28.0,54.0,18.0,-44.5,5.0
2024-05-25,libya,59.0,8.0,6.0,14.7,3.0,0.0,0.0,1.0,1.0,-9.0,0.0
2024-05-25,scs,834.0,87.0,100.0,813.2,10.0,0.0,28.0,42.0,18.0,19.3,0.0
2024-05-25,southasia,6735.0,1225.0,964.0,235.9,12.0,29.0,399.0,19.0,10.0,-38.6,3.0
2024-05-25,sudan,286.0,32.0,64.0,-158.7,1.0,0.0,10.0,0.0,0.0,0.0,0.0
2024-05-25,taiwan,627.0,103.0,93.0,133.6,2.0,6.0,17.0,236.0,99.0,-193.8,34.0
2024-05-25,ukraine,2176.0,254.0,434.0,288.7,13.0,20.0,76.0,868.0,531.0,-3047.5,46.0
2024-05-25,venezuela,48.0,4.0,12.0,0.6,0.0,0.0,4.0,8.0,5.0,-18.3,3.0
2024-05-25,yemen,52.0,2.0,11.0,90.1,0.0,0.0,2.0,17.0,2.0,16.6,0.0
2024-05-26,drc,21.0,2.0,4.0,-3.0,0.0,0.0,0.0,7.0,0.0,11.3,0.0
2024-05-26,europe_east,534.0,54.0,46.0,594.4,9.0,3.0,9.0,121.0,53.0,-194.2,17.0
2024-05-26,iran,718.0,104.0,127.0,18.1,8.0,0.0,48.0,134.0,61.0,-218.3,4.0
2024-05-26,israel,6542.0,1164.0,1706.0,-8881.4,44.0,18.0,410.0,1564.0,926.0,-5177.7,67.0
2024-05-26,korea,1168.0,128.0,40.0,2674.6,5.0,5.0,23.0,148.0,79.0,-64.2,10.0
2024-05-26,libya,47.0,4.0,13.0,-28.5,0.0,0.0,5.0,0.0,0.0,0.0,0.0
2024-05-26,scs,660.0,74.0,95.0,411.4,0.0,2.0,28.0,43.0,16.0,14.4,4.0
2024-05-26,southasia,5904.0,969.0,906.0,-418.2,6.0,32.0,345.0,12.0,1.0,26.2,1.0
2024-05-26,sudan,183.0,16.0,40.0,8.7,1.0,0.0,9.0,2.0,2.0,-20.0,0.0
2024-05-26,taiwan,696.0,145.0,70.0,296.7,6.0,3.0,22.0,257.0,103.0,-102.0,43.0
2024-05-26,ukraine,1901.0,249.0,443.0,-1136.7,20.0,15.0,66.0,873.0,523.0,-2968.8,65.0
2024-05-26,venezuela,54.0,2.0,14.0,19.5,0.0,0.0,11.0,9.0,2.0,1.1,2.0
2024-05-26,yemen,81.0,5.0,20.0,20.1,0.0,0.0,2.0,16.0,10.0,-52.2,0.0
2024-05-27,drc,38.0,6.0,14.0,-58.6,0.0,0.0,9.0,2.0,2.0,-10.0,0.0
2024-05-27,europe_east,1240.0,110.0,118.0,1866.7,6.0,9.0,60.0,189.0,75.0,-153.9,24.0
2024-05-27,iran,971.0,117.0,129.0,822.9,2.0,4.0,73.0,109.0,52.0,-184.7,4.0
2024-05-27,israel,9440.0,1948.0,2255.0,-13401.4,81.0,14.0,412.0,2297.0,1370.0,-8173.0,79.0
2024-05-27,korea,1775.0,202.0,128.0,2651.3,9.0,7.0,48.0,339.0,147.0,-365.5,20.0
2024-05-27,libya,54.0,5.0,2.0,102.7,0.0,0.0,0.0,0.0,0.0,0.0,0.0
2024-05-27,scs,1512.0,167.0,177.0,1391.9,3.0,5.0,73.0,145.0,64.0,-90.3,27.0
2024-05-27,southasia,7616.0,1300.0,1186.0,13.0,27.0,18.0,468.0,45.0,16.0,-27.5,5.0
2024-05-27,sudan,297.0,25.0,53.0,105.2,1.0,0.0,6.0,9.0,5.0,-30.0,0.0
2024-05-27,taiwan,910.0,110.0,84.0,952.9,8.0,1.0,15.0,265.0,102.0,-135.7,36.0
2024-05-27,ukraine,3016.0,279.0,453.0,2902.2,16.0,17.0,98.0,860.0,466.0,-2280.1,67.0
2024-05-27,venezuela,73.0,18.0,13.0,7.0,0.0,0.0,10.0,4.0,2.0,-20.0,0.0
2024-05-27,yemen,106.0,14.0,23.0,-31.3,0.0,0.0,3.0,29.0,24.0,-131.5,0.0
2024-05-28,drc,88.0,6.0,19.0,-31.6,0.0,3.0,5.0,16.0,7.0,-34.2,0.0
2024-05-28,europe_east,1593.0,153.0,133.0,2637.1,4.0,11.0,64.0,156.0,81.0,-245.2,42.0
2024-05-28,iran,923.0,151.0,161.0,-116.5,5.0,0.0,57.0,168.0,97.0,-348.8,2.0
2024-05-28,israel,11157.0,2181.0,2530.0,-12065.7,108.0,24.0,576.0,2267.0,1238.0,-6233.5,103.0
2024-05-28,korea,1287.0,178.0,56.0,2007.0,5.0,6.0,17.0,220.0,70.0,-42.7,6.0
2024-05-28,libya,39.0,2.0,7.0,59.7,0.0,0.0,3.0,0.0,0.0,0.0,0.0
2024-05-28,scs,1616.0,183.0,149.0,2133.5,2.0,3.0,53.0,98.0,32.0,65.9,14.0
2024-05-28,southasia,7479.0,1291.0,1030.0,2121.1,35.0,10.0,484.0,30.0,13.0,-30.8,2.0
2024-05-28,sudan,509.0,40.0,93.0,248.7,0.0,1.0,21.0,8.0,6.0,-46.6,0.0
2024-05-28,taiwan,830.0,122.0,94.0,154.8,1.0,0.0,34.0,280.0,101.0,-319.5,30.0
2024-05-28,ukraine,3505.0,354.0,418.0,5666.4,33.0,17.0,100.0,820.0,442.0,-1951.3,60.0
2024-05-28,venezuela,136.0,17.0,23.0,110.5,0.0,0.0,12.0,20.0,10.0,-25.6,4.0
2024-05-28,yemen,116.0,15.0,42.0,-288.8,0.0,0.0,3.0,33.0,21.0,-101.4,3.0
2024-05-29,drc,75.0,3.0,16.0,62.4,0.0,1.0,4.0,2.0,2.0,-9.2,1.0
2024-05-29,europe_east,1195.0,125.0,128.0,1515.1,4.0,3.0,49.0,112.0,63.0,-239.2,14.0
2024-05-29,iran,1066.0,141.0,221.0,-152.0,7.0,0.0,94.0,177.0,66.0,-45.9,10.0
2024-05-29,israel,10611.0,2211.0,2422.0,-12885.0,102.0,24.0,558.0,2220.0,1219.0,-6507.5,91.0
2024-05-29,korea,1383.0,241.0,209.0,272.5,32.0,1.0,66.0,229.0,137.0,-638.7,18.0
2024-05-29,libya,78.0,4.0,20.0,-46.4,0.0,0.0,2.0,0.0,0.0,0.0,0.0
2024-05-29,scs,1336.0,130.0,159.0,1371.8,1.0,5.0,74.0,141.0,45.0,88.4,19.0
2024-05-29,southasia,8022.0,1318.0,1052.0,2847.3,28.0,10.0,483.0,38.0,13.0,34.1,2.0
2024-05-29,sudan,474.0,66.0,72.0,226.8,1.0,5.0,17.0,14.0,5.0,-13.5,0.0
2024-05-29,taiwan,767.0,77.0,83.0,592.5,3.0,1.0,24.0,165.0,46.0,-37.3,19.0
2024-05-29,ukraine,3543.0,355.0,492.0,3963.8,23.0,11.0,109.0,829.0,435.0,-1917.6,39.0
2024-05-29,venezuela,258.0,47.0,42.0,35.1,0.0,0.0,24.0,30.0,9.0,4.0,0.0
2024-05-29,yemen,183.0,16.0,99.0,-869.3,2.0,0.0,7.0,43.0,31.0,-191.3,2.0
2024-05-30,drc,96.0,11.0,21.0,-5.0,0.0,0.0,4.0,9.0,2.0,5.3,0.0
2024-05-30,europe_east,1068.0,98.0,105.0,1711.3,4.0,4.0,63.0,148.0,68.0,-157.5,22.0
2024-05-30,iran,1228.0,177.0,242.0,-391.6,7.0,0.0,72.0,246.0,124.0,-457.1,8.0
2024-05-30,israel,9455.0,1905.0,2147.0,-10689.1,102.0,31.0,547.0,2082.0,1157.0,-6095.8,107.0
2024-05-30,korea,1348.0,180.0,227.0,204.0,11.0,0.0,64.0,282.0,151.0,-823.0,13.0
2024-05-30,libya,42.0,3.0,8.0,57.4,0.0,1.0,4.0,0.0,0.0,0.0,0.0
2024-05-30,scs,1635.0,147.0,164.0,2083.4,3.0,5.0,84.0,140.0,71.0,-172.9,30.0
2024-05-30,southasia,7667.0,1345.0,1000.0,2091.0,18.0,16.0,446.0,16.0,3.0,54.0,0.0
2024-05-30,sudan,457.0,63.0,105.0,-340.0,5.0,7.0,12.0,13.0,4.0,-10.6,0.0
2024-05-30,taiwan,585.0,66.0,33.0,966.5,0.0,3.0,5.0,138.0,58.0,-131.1,14.0
2024-05-30,ukraine,3725.0,430.0,639.0,1305.3,40.0,29.0,140.0,1130.0,597.0,-2706.7,120.0
2024-05-30,venezuela,197.0,42.0,37.0,-38.9,0.0,0.0,22.0,36.0,21.0,-23.1,4.0
2024-05-30,yemen,167.0,20.0,64.0,-428.3,0.0,0.0,7.0,35.0,30.0,-177.2,0.0
2024-05-31,drc,86.0,7.0,18.0,-31.1,0.0,0.0,0.0,0.0,0.0,0.0,0.0
2024-05-31,europe_east,889.0,78.0,79.0,1609.8,2.0,0.0,49.0,70.0,32.0,-115.2,6.0
2024-05-31,iran,1117.0,183.0,233.0,-518.4,9.0,2.0,78.0,189.0,113.0,-502.9,9.0
2024-05-31,israel,8504.0,1642.0,1956.0,-8751.6,91.0,22.0,509.0,1818.0,971.0,-4502.4,74.0
2024-05-31,korea,1520.0,215.0,176.0,1119.6,0.0,2.0,57.0,203.0,84.0,-216.3,9.0
2024-05-31,libya,47.0,1.0,7.0,67.1,0.0,0.0,7.0,0.0,0.0,0.0,0.0
2024-05-31,scs,1321.0,159.0,124.0,1554.2,10.0,7.0,42.0,220.0,121.0,-395.8,17.0
2024-05-31,southasia,7905.0,1297.0,1124.0,2148.9,15.0,42.0,479.0,21.0,3.0,35.5,2.0
2024-05-31,sudan,494.0,101.0,89.0,-207.8,10.0,7.0,30.0,8.0,6.0,-24.2,2.0
2024-05-31,taiwan,804.0,93.0,65.0,948.4,7.0,0.0,22.0,290.0,87.0,20.3,20.0
2024-05-31,ukraine,4477.0,487.0,688.0,5060.8,46.0,22.0,160.0,1193.0,602.0,-2271.9,93.0
2024-05-31,venezuela,296.0,42.0,64.0,-66.0,0.0,0.0,42.0,59.0,22.0,8.7,6.0
2024-05-31,yemen,358.0,38.0,194.0,-1706.6,4.0,0.0,9.0,172.0,126.0,-978.8,10.0
2024-06-01,drc,17.0,1.0,7.0,-47.6,0.0,0.0,0.0,7.0,7.0,-60.0,0.0
2024-06-01,europe_east,548.0,58.0,69.0,568.8,7.0,2.0,34.0,60.0,24.0,-86.5,5.0
2024-06-01,iran,720.0,122.0,182.0,-677.4,13.0,2.0,69.0,106.0,63.0,-264.1,9.0
2024-06-01,israel,6285.0,1082.0,1412.0,-4989.5,57.0,13.0,349.0,1485.0,763.0,-3641.8,68.0
2024-06-01,korea,663.0,130.0,63.0,475.9,1.0,1.0,17.0,82.0,47.0,-96.6,0.0
2024-06-01,libya,30.0,3.0,2.0,56.0,0.0,0.0,2.0,0.0,0.0,0.0,0.0
2024-06-01,scs,941.0,110.0,114.0,696.0,3.0,9.0,50.0,151.0,88.0,-312.6,11.0
2024-06-01,southasia,6476.0,1164.0,927.0,484.3,82.0,49.0,410.0,11.0,10.0,-66.0,8.0
2024-06-01,sudan,148.0,24.0,15.0,29.6,6.0,0.0,6.0,3.0,3.0,-15.0,1.0
2024-06-01,taiwan,455.0,67.0,52.0,412.0,2.0,1.0,11.0,134.0,32.0,146.8,7.0
2024-06-01,ukraine,2361.0,291.0,403.0,1517.1,34.0,8.0,68.0,809.0,427.0,-1832.3,34.0
2024-06-01,venezuela,91.0,14.0,21.0,35.6,0.0,0.0,12.0,27.0,10.0,18.7,6.0
2024-06-01,yemen,204.0,54.0,87.0,-887.7,6.0,0.0,7.0,108.0,94.0,-738.8,11.0
2024-06-02,drc,27.0,8.0,3.0,-27.0,0.0,0.0,0.0,2.0,2.0,-12.0,0.0
2024-06-02,europe_east,265.0,27.0,24.0,282.0,4.0,4.0,11.0,50.0,21.0,-84.5,10.0
2024-06-02,iran,455.0,95.0,79.0,-234.0,2.0,0.0,34.0,94.0,45.0,-134.1,7.0
2024-06-02,israel,6099.0,1093.0,1448.0,-6051.1,62.0,8.0,345.0,1453.0,773.0,-3868.0,85.0
2024-06-02,korea,810.0,72.0,71.0,1204.0,2.0,1.0,18.0,83.0,25.0,-56.9,1.0
2024-06-02,libya,26.0,2.0,10.0,-63.5,0.0,0.0,4.0,0.0,0.0,0.0,0.0
2024-06-02,scs,891.0,120.0,80.0,1090.0,3.0,8.0,36.0,151.0,87.0,-170.0,10.0
2024-06-02,southasia,5309.0,804.0,702.0,2205.6,34.0,17.0,299.0,18.0,5.0,-4.2,1.0
2024-06-02,sudan,129.0,11.0,21.0,87.2,0.0,0.0,9.0,0.0,0.0,0.0,0.0
2024-06-02,taiwan,449.0,81.0,34.0,313.8,5.0,5.0,8.0,265.0,125.0,25.6,11.0
2024-06-02,ukraine,1957.0,238.0,325.0,680.8,17.0,2.0,61.0,811.0,437.0,-2096.3,30.0
2024-06-02,venezuela,40.0,5.0,5.0,21.9,0.0,0.0,5.0,12.0,3.0,12.3,0.0
2024-06-02,yemen,85.0,15.0,36.0,-273.3,0.0,0.0,7.0,32.0,26.0,-174.7,4.0
2024-06-03,drc,32.0,2.0,3.0,29.8,0.0,0.0,2.0,0.0,0.0,0.0,0.0
2024-06-03,europe_east,823.0,62.0,104.0,1071.3,1.0,4.0,40.0,120.0,36.0,76.0,17.0
2024-06-03,iran,1034.0,166.0,153.0,140.0,4.0,0.0,62.0,272.0,146.0,-728.0,3.0
2024-06-03,israel,9124.0,1450.0,2242.0,-9701.0,72.0,15.0,564.0,2226.0,1232.0,-6678.5,134.0
2024-06-03,korea,1181.0,106.0,90.0,2127.9,12.0,6.0,50.0,97.0,44.0,-117.8,14.0
2024-06-03,libya,52.0,9.0,9.0,-23.1,0.0,0.0,1.0,0.0,0.0,0.0,0.0
2024-06-03,scs,1772.0,215.0,151.0,1995.0,9.0,8.0,76.0,174.0,85.0,-212.4,6.0
2024-06-03,southasia,7449.0,1273.0,1224.0,757.7,37.0,38.0,644.0,35.0,6.0,4.0,6.0
2024-06-03,sudan,372.0,25.0,46.0,471.5,0.0,0.0,13.0,6.0,2.0,-4.0,0.0
2024-06-03,taiwan,437.0,55.0,38.0,605.4,1.0,3.0,17.0,106.0,43.0,48.6,7.0
2024-06-03,ukraine,3382.0,381.0,478.0,2374.9,29.0,7.0,91.0,866.0,491.0,-2316.3,52.0
2024-06-03,venezuela,184.0,21.0,64.0,-337.1,0.0,0.0,10.0,71.0,31.0,-113.6,5.0
2024-06-03,yemen,133.0,32.0,45.0,-419.1,4.0,0.0,2.0,71.0,51.0,-312.0,6.0
2024-06-04,drc,28.0,2.0,3.0,87.9,0.0,0.0,3.0,20.0,4.0,1.9,0.0
2024-06-04,europe_east,942.0,101.0,113.0,1040.2,1.0,10.0,51.0,103.0,44.0,-122.9,21.0
2024-06-04,iran,1111.0,126.0,220.0,-134.9,4.0,5.0,77.0,318.0,161.0,-694.2,9.0
2024-06-04,israel,9219.0,1452.0,2021.0,-6712.0,75.0,27.0,525.0,2097.0,1102.0,-5385.0,100.0
2024-06-04,korea,1361.0,90.0,94.0,2965.6,4.0,2.0,38.0,117.0,41.0,-3.8,3.0
2024-06-04,libya,71.0,16.0,12.0,-37.9,0.0,0.0,0.0,0.0,0.0,0.0,0.0
2024-06-04,scs,1671.0,163.0,140.0,2178.2,0.0,4.0,79.0,223.0,100.0,-305.4,6.0
2024-06-04,southasia,8390.0,1575.0,882.0,5100.0,14.0,56.0,380.0,28.0,8.0,-3.9,5.0
2024-06-04,sudan,303.0,39.0,57.0,-98.0,5.0,4.0,11.0,14.0,9.0,-72.9,3.0
2024-06-04,taiwan,607.0,111.0,50.0,793.6,2.0,2.0,23.0,160.0,57.0,-33.6,14.0
2024-06-04,ukraine,2544.0,314.0,383.0,1487.3,21.0,31.0,75.0,715.0,409.0,-1899.7,67.0
2024-06-04,venezuela,274.0,57.0,73.0,-263.4,0.0,1.0,25.0,70.0,28.0,-33.8,8.0
2024-06-04,yemen,94.0,8.0,39.0,-193.4,0.0,2.0,17.0,35.0,23.0,-107.4,6.0
2024-06-05,drc,47.0,1.0,9.0,43.9,0.0,0.0,3.0,8.0,1.0,9.3,0.0
2024-06-05,europe_east,936.0,81.0,86.0,1569.0,0.0,4.0,47.0,70.0,15.0,35.9,8.0
2024-06-05,iran,836.0,128.0,153.0,125.6,9.0,1.0,36.0,184.0,113.0,-594.7,11.0
2024-06-05,israel,8993.0,1580.0,2164.0,-9635.7,67.0,57.0,604.0,1802.0,963.0,-4734.0,93.0
2024-06-05,korea,1118.0,99.0,152.0,1314.1,10.0,6.0,62.0,95.0,39.0,-72.4,7.0
2024-06-05,libya,56.0,3.0,9.0,33.6,0.0,0.0,3.0,0.0,0.0,0.0,0.0
2024-06-05,scs,1382.0,134.0,153.0,1285.9,3.0,9.0,55.0,143.0,75.0,-281.3,13.0
2024-06-05,southasia,9115.0,1244.0,762.0,11843.8,16.0,11.0,376.0,7.0,7.0,-30.5,1.0
2024-06-05,sudan,309.0,50.0,62.0,-213.4,1.0,0.0,14.0,6.0,6.0,-55.0,1.0
2024-06-05,taiwan,507.0,104.0,34.0,532.3,1.0,3.0,14.0,92.0,27.0,26.2,9.0
2024-06-05,ukraine,3241.0,382.0,459.0,2670.7,24.0,21.0,146.0,776.0,394.0,-1562.6,53.0
2024-06-05,venezuela,246.0,33.0,76.0,-272.5,0.0,1.0,26.0,60.0,34.0,-165.6,11.0
2024-06-05,yemen,120.0,9.0,49.0,-301.9,1.0,0.0,8.0,52.0,20.0,-78.2,0.0
2024-06-06,drc,29.0,2.0,9.0,-29.4,0.0,0.0,4.0,10.0,1.0,6.0,0.0
2024-06-06,europe_east,945.0,107.0,193.0,-66.1,2.0,6.0,34.0,101.0,38.0,-47.1,9.0
2024-06-06,iran,753.0,130.0,175.0,-546.3,7.0,0.0,48.0,159.0,99.0,-516.1,11.0
2024-06-06,israel,9357.0,1586.0,2234.0,-9906.7,76.0,37.0,487.0,1871.0,1060.0,-5827.6,91.0
2024-06-06,korea,880.0,86.0,82.0,1532.9,0.0,3.0,31.0,52.0,26.0,-88.0,3.0
2024-06-06,libya,126.0,2.0,8.0,390.7,0.0,0.0,5.0,0.0,0.0,0.0,0.0
2024-06-06,scs,1659.0,163.0,173.0,1795.7,10.0,3.0,72.0,130.0,53.0,-76.6,4.0
2024-06-06,southasia,9031.0,1184.0,814.0,10432.1,11.0,6.0,355.0,10.0,4.0,-3.0,0.0
2024-06-06,sudan,564.0,132.0,202.0,-1808.3,15.0,0.0,12.0,19.0,17.0,-161.4,3.0
2024-06-06,taiwan,564.0,81.0,35.0,979.5,0.0,3.0,14.0,164.0,57.0,54.0,10.0
2024-06-06,ukraine,3414.0,387.0,482.0,2395.3,24.0,26.0,128.0,919.0,458.0,-1874.7,67.0
2024-06-06,venezuela,276.0,28.0,52.0,54.3,0.0,0.0,21.0,52.0,27.0,-87.2,5.0
2024-06-06,yemen,134.0,22.0,42.0,-311.1,1.0,0.0,5.0,45.0,21.0,-135.7,0.0
2024-06-07,drc,49.0,3.0,15.0,-55.6,0.0,0.0,7.0,11.0,1.0,19.5,0.0
2024-06-07,europe_east,705.0,86.0,85.0,894.9,4.0,7.0,28.0,95.0,41.0,-59.5,21.0
2024-06-07,iran,713.0,86.0,133.0,144.0,7.0,0.0,53.0,133.0,69.0,-318.7,3.0
2024-06-07,israel,7790.0,1413.0,1752.0,-7504.6,51.0,15.0,384.0,1596.0,890.0,-4676.4,75.0
2024-06-07,korea,1050.0,127.0,94.0,1413.6,8.0,4.0,35.0,76.0,25.0,-73.5,2.0
2024-06-07,libya,105.0,8.0,19.0,86.2,0.0,0.0,8.0,1.0,1.0,-10.0,0.0
2024-06-07,scs,1410.0,158.0,171.0,1378.3,2.0,12.0,77.0,176.0,90.0,-193.7,9.0
2024-06-07,southasia,8846.0,1307.0,784.0,10499.9,8.0,17.0,389.0,4.0,3.0,-23.0,0.0
2024-06-07,sudan,632.0,116.0,244.0,-2076.8,4.0,0.0,16.0,21.0,13.0,-99.7,1.0
2024-06-07,taiwan,513.0,67.0,37.0,750.6,6.0,0.0,16.0,211.0,74.0,-33.3,8.0
2024-06-07,ukraine,4077.0,419.0,587.0,3262.9,47.0,19.0,103.0,1051.0,566.0,-2652.5,66.0
2024-06-07,venezuela,154.0,14.0,29.0,69.6,0.0,0.0,7.0,22.0,4.0,26.2,1.0
2024-06-07,yemen,234.0,30.0,113.0,-823.8,4.0,0.0,46.0,53.0,33.0,-230.2,4.0
2024-06-08,drc,70.0,12.0,27.0,-210.9,0.0,0.0,7.0,23.0,8.0,-10.7,0.0
2024-06-08,europe_east,467.0,54.0,56.0,246.0,2.0,1.0,22.0,71.0,11.0,96.3,0.0
2024-06-08,iran,551.0,76.0,109.0,-31.1,2.0,0.0,41.0,110.0,48.0,-77.8,4.0
2024-06-08,israel,7226.0,978.0,1761.0,-5312.5,30.0,7.0,287.0,1640.0,764.0,-2836.4,53.0
2024-06-08,korea,570.0,59.0,78.0,341.4,2.0,6.0,28.0,53.0,25.0,-140.4,0.0
2024-06-08,libya,79.0,5.0,17.0,25.1,0.0,0.0,3.0,0.0,0.0,0.0,0.0
2024-06-08,scs,730.0,61.0,114.0,582.0,2.0,7.0,67.0,101.0,41.0,37.9,4.0
2024-06-08,southasia,7590.0,965.0,844.0,6028.5,8.0,27.0,354.0,14.0,3.0,8.0,0.0
2024-06-08,sudan,248.0,41.0,48.0,-180.2,2.0,0.0,1.0,5.0,2.0,-4.0,0.0
2024-06-08,taiwan,271.0,33.0,20.0,452.2,0.0,0.0,3.0,129.0,46.0,54.1,8.0
2024-06-08,ukraine,2152.0,239.0,398.0,344.2,12.0,9.0,73.0,612.0,324.0,-1419.9,37.0
2024-06-08,venezuela,229.0,10.0,13.0,568.8,0.0,0.0,4.0,26.0,0.0,90.2,0.0
2024-06-08,yemen,172.0,32.0,63.0,-336.1,5.0,0.0,42.0,27.0,14.0,-64.7,2.0
2024-06-09,drc,18.0,2.0,6.0,-35.8,0.0,0.0,1.0,7.0,0.0,11.3,0.0
2024-06-09,europe_east,416.0,37.0,36.0,613.9,2.0,1.0,24.0,41.0,24.0,-39.9,7.0
2024-06-09,iran,572.0,93.0,121.0,-197.0,4.0,0.0,46.0,114.0,62.0,-131.2,4.0
2024-06-09,israel,8386.0,1236.0,1965.0,-5652.1,35.0,21.0,382.0,1976.0,928.0,-3166.9,79.0
2024-06-09,korea,616.0,68.0,86.0,191.3,4.0,0.0,29.0,59.0,30.0,-149.3,0.0
2024-06-09,libya,34.0,4.0,5.0,19.9,1.0,0.0,0.0,0.0,0.0,0.0,0.0
2024-06-09,scs,821.0,114.0,80.0,919.2,3.0,7.0,39.0,118.0,57.0,-53.5,9.0
2024-06-09,southasia,7549.0,826.0,812.0,6235.0,7.0,21.0,248.0,17.0,1.0,32.2,0.0
2024-06-09,sudan,329.0,34.0,73.0,-68.3,3.0,0.0,3.0,4.0,4.0,-40.0,0.0
2024-06-09,taiwan,210.0,23.0,17.0,281.1,2.0,0.0,10.0,79.0,23.0,28.9,11.0
2024-06-09,ukraine,1361.0,180.0,277.0,-466.6,6.0,8.0,46.0,505.0,272.0,-1338.6,46.0
2024-06-09,venezuela,107.0,10.0,24.0,-20.6,0.0,0.0,9.0,25.0,7.0,-12.9,5.0
2024-06-09,yemen,188.0,18.0,47.0,-162.1,0.0,0.0,7.0,62.0,40.0,-283.4,1.0
2024-06-10,drc,46.0,7.0,15.0,-113.0,0.0,0.0,0.0,11.0,4.0,-26.7,0.0
2024-06-10,europe_east,777.0,58.0,116.0,740.5,1.0,2.0,49.0,64.0,52.0,-226.6,13.0
2024-06-10,iran,882.0,146.0,159.0,-36.3,4.0,1.0,67.0,131.0,66.0,-208.6,5.0
2024-06-10,israel,9860.0,1338.0,2035.0,-2779.6,35.0,9.0,379.0,2160.0,1047.0,-4192.4,69.0
2024-06-10,korea,1228.0,136.0,98.0,1464.1,10.0,4.0,40.0,125.0,50.0,-86.6,3.0
2024-06-10,libya,42.0,2.0,8.0,25.2,0.0,0.0,0.0,0.0,0.0,0.0,0.0
2024-06-10,scs,1407.0,176.0,147.0,1536.5,2.0,4.0,75.0,98.0,34.0,64.3,4.0
2024-06-10,southasia,9187.0,1258.0,1450.0,2413.7,17.0,20.0,396.0,44.0,19.0,-11.8,0.0
2024-06-10,sudan,423.0,61.0,114.0,-778.1,5.0,0.0,15.0,16.0,12.0,-116.5,0.0
2024-06-10,taiwan,280.0,66.0,34.0,40.1,1.0,2.0,13.0,76.0,42.0,-159.8,16.0
2024-06-10,ukraine,2210.0,276.0,364.0,1151.9,20.0,20.0,105.0,693.0,339.0,-1350.1,66.0
2024-06-10,venezuela,181.0,24.0,33.0,42.7,1.0,0.0,15.0,17.0,3.0,-5.3,1.0
2024-06-10,yemen,167.0,17.0,62.0,-340.7,2.0,0.0,20.0,61.0,35.0,-299.6,8.0
2024-06-11,drc,60.0,2.0,11.0,7.3,0.0,0.0,1.0,13.0,3.0,-0.2,0.0
2024-06-11,europe_east,1134.0,122.0,142.0,1248.0,5.0,12.0,69.0,128.0,60.0,-218.5,21.0
2024-06-11,iran,764.0,81.0,120.0,457.5,2.0,1.0,68.0,143.0,44.0,57.8,4.0
2024-06-11,israel,9605.0,1162.0,1874.0,-1395.4,46.0,11.0,396.0,2021.0,920.0,-3630.8,64.0
2024-06-11,korea,1296.0,115.0,158.0,1107.9,20.0,4.0,50.0,190.0,93.0,-570.5,30.0
2024-06-11,libya,51.0,4.0,8.0,37.2,0.0,0.0,5.0,0.0,0.0,0.0,0.0
2024-06-11,scs,1711.0,173.0,184.0,1731.6,4.0,2.0,106.0,138.0,55.0,-119.4,14.0
2024-06-11,southasia,9085.0,1309.0,1240.0,4571.3,32.0,24.0,444.0,31.0,5.0,20.7,0.0
2024-06-11,sudan,399.0,55.0,87.0,-367.6,5.0,0.0,10.0,0.0,0.0,0.0,0.0
2024-06-11,taiwan,359.0,39.0,51.0,143.8,1.0,5.0,23.0,151.0,57.0,-127.2,25.0
2024-06-11,ukraine,3381.0,354.0,527.0,2814.8,22.0,25.0,186.0,773.0,414.0,-1776.8,62.0
2024-06-11,venezuela,175.0,23.0,47.0,-138.4,0.0,0.0,30.0,17.0,3.0,27.8,1.0
2024-06-11,yemen,217.0,17.0,53.0,-54.0,0.0,0.0,27.0,70.0,25.0,-147.6,9.0
2024-06-12,drc,55.0,7.0,14.0,-62.2,1.0,2.0,0.0,16.0,2.0,33.8,1.0
2024-06-12,europe_east,947.0,90.0,135.0,840.6,1.0,6.0,69.0,46.0,31.0,-94.9,13.0
2024-06-12,iran,731.0,101.0,116.0,247.9,6.0,0.0,51.0,79.0,60.0,-418.4,11.0
2024-06-12,israel,7971.0,1189.0,1743.0,-5911.4,60.0,21.0,319.0,1708.0,940.0,-4786.3,69.0
2024-06-12,korea,1268.0,111.0,129.0,1858.4,9.0,2.0,49.0,155.0,52.0,14.7,16.0
2024-06-12,libya,58.0,3.0,10.0,51.2,0.0,0.0,6.0,0.0,0.0,0.0,0.0
2024-06-12,scs,1472.0,164.0,163.0,1930.2,0.0,6.0,94.0,152.0,54.0,-21.9,13.0
2024-06-12,southasia,8427.0,1220.0,1531.0,-370.3,28.0,26.0,503.0,64.0,41.0,-214.7,8.0
2024-06-12,sudan,467.0,69.0,95.0,-233.1,8.0,0.0,17.0,2.0,2.0,-20.0,0.0
2024-06-12,taiwan,379.0,54.0,53.0,142.5,2.0,0.0,32.0,164.0,64.0,-97.4,29.0
2024-06-12,ukraine,3864.0,343.0,568.0,3602.2,18.0,16.0,159.0,973.0,519.0,-2515.7,44.0
2024-06-12,venezuela,225.0,25.0,72.0,-327.4,0.0,1.0,23.0,41.0,9.0,53.5,3.0
2024-06-12,yemen,195.0,17.0,62.0,-299.0,0.0,1.0,18.0,24.0,9.0,-66.9,1.0
2024-06-13,drc,70.0,18.0,16.0,-161.3,1.0,0.0,0.0,9.0,1.0,10.5,1.0
2024-06-13,europe_east,905.0,81.0,83.0,1626.9,1.0,7.0,48.0,90.0,57.0,-188.1,23.0
2024-06-13,iran,1075.0,180.0,264.0,-854.0,24.0,4.0,121.0,144.0,90.0,-594.5,15.0
2024-06-13,israel,7233.0,1138.0,1818.0,-8447.7,87.0,22.0,349.0,1698.0,989.0,-5613.4,98.0
2024-06-13,korea,1311.0,82.0,112.0,2350.1,2.0,2.0,56.0,190.0,45.0,131.5,8.0
2024-06-13,libya,53.0,2.0,10.0,36.3,0.0,0.0,1.0,0.0,0.0,0.0,0.0
2024-06-13,scs,1796.0,176.0,182.0,2541.4,2.0,5.0,102.0,188.0,57.0,238.3,11.0
2024-06-13,southasia,8195.0,1123.0,1230.0,2386.8,16.0,22.0,491.0,55.0,25.0,-108.7,7.0
2024-06-13,sudan,560.0,78.0,112.0,-192.3,1.0,0.0,17.0,14.0,9.0,-60.5,0.0
2024-06-13,taiwan,475.0,34.0,32.0,787.2,1.0,1.0,17.0,166.0,35.0,183.6,13.0
2024-06-13,ukraine,4915.0,411.0,483.0,9565.4,31.0,23.0,191.0,1096.0,458.0,-676.5,92.0
2024-06-13,venezuela,184.0,19.0,37.0,-0.2,0.0,1.0,20.0,21.0,8.0,-2.0,6.0
2024-06-13,yemen,238.0,32.0,78.0,-418.5,0.0,0.0,19.0,49.0,27.0,-177.2,4.0
2024-06-14,drc,76.0,14.0,16.0,-61.3,0.0,0.0,1.0,16.0,7.0,2.1,2.0
2024-06-14,europe_east,1060.0,81.0,131.0,1712.7,2.0,3.0,79.0,84.0,48.0,-166.6,11.0
2024-06-14,iran,659.0,112.0,165.0,-716.3,9.0,2.0,58.0,105.0,60.0,-339.3,1.0
2024-06-14,israel,6522.0,1032.0,1617.0,-6443.6,42.0,26.0,386.0,1453.0,743.0,-3505.8,65.0
2024-06-14,korea,1293.0,107.0,95.0,2306.8,2.0,1.0,36.0,144.0,30.0,105.8,1.0
2024-06-14,libya,8.0,0.0,1.0,19.4,0.0,0.0,1.0,0.0,0.0,0.0,0.0
2024-06-14,scs,1725.0,142.0,206.0,1863.8,3.0,4.0,103.0,161.0,49.0,57.5,21.0
2024-06-14,southasia,8247.0,1092.0,1067.0,5653.2,9.0,25.0,454.0,29.0,9.0,29.8,4.0
2024-06-14,sudan,608.0,69.0,165.0,-543.8,0.0,0.0,17.0,37.0,30.0,-248.3,1.0
2024-06-14,taiwan,386.0,43.0,47.0,87.9,0.0,0.0,10.0,119.0,47.0,-139.6,14.0
2024-06-14,ukraine,5434.0,470.0,481.0,11297.5,23.0,19.0,183.0,1260.0,454.0,266.2,53.0
2024-06-14,venezuela,150.0,13.0,32.0,-2.2,0.0,1.0,12.0,23.0,6.0,9.7,3.0
2024-06-14,yemen,305.0,45.0,128.0,-889.6,4.0,0.0,39.0,59.0,42.0,-315.5,9.0
2024-06-15,drc,29.0,2.0,5.0,-21.3,1.0,0.0,0.0,15.0,2.0,22.1,0.0
2024-06-15,europe_east,954.0,120.0,186.0,46.7,6.0,4.0,80.0,127.0,62.0,-163.6,9.0
2024-06-15,iran,1405.0,240.0,402.0,-1206.6,11.0,6.0,205.0,288.0,186.0,-1016.4,23.0
2024-06-15,israel,6397.0,1012.0,1768.0,-9356.8,61.0,34.0,320.0,1626.0,937.0,-5329.5,59.0
2024-06-15,korea,802.0,101.0,92.0,400.4,7.0,7.0,23.0,172.0,68.0,-269.2,9.0
2024-06-15,libya,105.0,7.0,14.0,339.2,0.0,0.0,12.0,0.0,0.0,0.0,0.0
2024-06-15,scs,965.0,143.0,119.0,646.0,0.0,0.0,60.0,206.0,102.0,-258.4,18.0
2024-06-15,southasia,7172.0,961.0,945.0,3807.2,3.0,26.0,411.0,28.0,2.0,83.2,0.0
2024-06-15,sudan,416.0,52.0,81.0,-193.1,4.0,0.0,15.0,11.0,9.0,-66.0,0.0
2024-06-15,taiwan,360.0,50.0,39.0,231.0,0.0,4.0,9.0,117.0,46.0,5.5,8.0
2024-06-15,ukraine,4709.0,531.0,570.0,5983.8,18.0,16.0,130.0,1482.0,663.0,-1574.4,55.0
2024-06-15,venezuela,200.0,32.0,35.0,72.2,0.0,1.0,20.0,92.0,44.0,-69.9,14.0
2024-06-15,yemen,200.0,30.0,74.0,-455.0,2.0,2.0,9.0,42.0,36.0,-330.1,2.0
2024-06-16,drc,24.0,7.0,7.0,-72.7,0.0,0.0,0.0,16.0,6.0,-12.9,0.0
2024-06-16,europe_east,825.0,81.0,126.0,684.6,4.0,10.0,46.0,100.0,49.0,-153.3,8.0
2024-06-16,iran,1288.0,203.0,292.0,-450.7,12.0,3.0,127.0,283.0,167.0,-832.3,15.0
2024-06-16,israel,6928.0,1214.0,1793.0,-8868.1,99.0,25.0,355.0,1656.0,902.0,-4509.2,101.0
2024-06-16,korea,829.0,108.0,124.0,456.1,9.0,6.0,39.0,201.0,85.0,-214.1,10.0
2024-06-16,libya,91.0,2.0,3.0,424.1,0.0,0.0,3.0,0.0,0.0,0.0,0.0
2024-06-16,scs,997.0,138.0,131.0,627.0,0.0,5.0,54.0,143.0,84.0,-298.8,17.0
2024-06-16,southasia,6216.0,803.0,819.0,3207.4,11.0,37.0,344.0,6.0,1.0,25.6,1.0
2024-06-16,sudan,298.0,56.0,56.0,-123.9,2.0,1.0,8.0,5.0,3.0,-19.5,0.0
2024-06-16,taiwan,413.0,50.0,39.0,373.4,0.0,4.0,4.0,171.0,46.0,105.7,11.0
2024-06-16,ukraine,3917.0,469.0,515.0,4566.8,25.0,20.0,109.0,1232.0,562.0,-1308.3,59.0
2024-06-16,venezuela,154.0,19.0,31.0,-49.3,1.0,0.0,19.0,42.0,24.0,-66.2,13.0
2024-06-16,yemen,124.0,18.0,58.0,-488.7,1.0,0.0,4.0,44.0,23.0,-142.4,0.0
2024-06-17,drc,44.0,9.0,13.0,-81.1,0.0,1.0,4.0,13.0,2.0,29.7,0.0
2024-06-17,europe_east,1233.0,156.0,140.0,1277.4,0.0,1.0,65.0,102.0,47.0,-134.9,16.0
2024-06-17,iran,1143.0,191.0,244.0,-676.9,14.0,7.0,79.0,304.0,161.0,-820.1,12.0
2024-06-17,israel,8810.0,1418.0,2069.0,-8519.0,117.0,27.0,457.0,2010.0,1007.0,-4685.8,96.0
2024-06-17,korea,1614.0,194.0,155.0,2199.9,12.0,10.0,69.0,290.0,80.0,35.8,13.0
2024-06-17,libya,89.0,7.0,4.0,264.8,1.0,0.0,0.0,0.0,0.0,0.0,0.0
2024-06-17,scs,1776.0,264.0,223.0,1605.5,4.0,11.0,95.0,381.0,259.0,-767.1,19.0
2024-06-17,southasia,8008.0,1220.0,1002.0,3952.6,21.0,30.0,402.0,14.0,2.0,20.4,0.0
2024-06-17,sudan,357.0,44.0,44.0,269.1,0.0,0.0,11.0,6.0,3.0,4.0,0.0
2024-06-17,taiwan,567.0,156.0,35.0,424.8,0.0,1.0,14.0,181.0,77.0,-59.0,10.0
2024-06-17,ukraine,3810.0,475.0,513.0,3706.0,26.0,23.0,127.0,1132.0,564.0,-1833.8,65.0
2024-06-17,venezuela,192.0,27.0,36.0,-47.1,1.0,0.0,16.0,58.0,19.0,-25.8,1.0
2024-06-17,yemen,224.0,18.0,91.0,-540.9,1.0,2.0,7.0,55.0,46.0,-398.0,2.0
2024-06-18,drc,21.0,10.0,2.0,-29.0,4.0,0.0,1.0,9.0,1.0,8.3,0.0
2024-06-18,europe_east,921.0,87.0,113.0,921.0,6.0,5.0,64.0,136.0,55.0,-212.6,36.0
2024-06-18,iran,697.0,107.0,143.0,-233.4,6.0,1.0,66.0,135.0,43.0,-0.2,8.0
2024-06-18,israel,6819.0,1093.0,1426.0,-4455.8,82.0,15.0,358.0,1393.0,662.0,-2844.0,83.0
2024-06-18,korea,2065.0,299.0,221.0,1790.5,21.0,3.0,116.0,402.0,129.0,85.7,11.0
2024-06-18,libya,36.0,3.0,3.0,101.9,0.0,0.0,1.0,0.0,0.0,0.0,0.0
2024-06-18,scs,2175.0,479.0,276.0,48.6,13.0,7.0,92.0,468.0,288.0,-948.9,11.0
2024-06-18,southasia,6822.0,1099.0,748.0,3735.5,83.0,12.0,275.0,2.0,0.0,6.4,0.0
2024-06-18,sudan,480.0,53.0,71.0,456.6,2.0,0.0,9.0,7.0,6.0,-55.5,0.0
2024-06-18,taiwan,436.0,89.0,29.0,423.9,4.0,0.0,15.0,140.0,50.0,-56.5,7.0
2024-06-18,ukraine,2565.0,390.0,316.0,2227.1,22.0,10.0,98.0,767.0,361.0,-878.4,28.0
2024-06-18,venezuela,175.0,33.0,38.0,-73.7,0.0,0.0,17.0,33.0,9.0,3.1,2.0
2024-06-18,yemen,88.0,21.0,24.0,-165.7,2.0,0.0,7.0,45.0,16.0,-58.3,2.0
2024-06-19,drc,44.0,14.0,7.0,-42.2,4.0,0.0,2.0,12.0,0.0,27.3,0.0
2024-06-19,europe_east,1012.0,104.0,143.0,1088.5,7.0,0.0,89.0,77.0,36.0,-114.2,16.0
2024-06-19,iran,873.0,156.0,207.0,-727.0,13.0,2.0,92.0,183.0,98.0,-423.7,6.0
2024-06-19,israel,6426.0,1213.0,1512.0,-7861.4,106.0,16.0,367.0,1458.0,800.0,-3716.0,83.0
2024-06-19,korea,2565.0,239.0,196.0,4575.2,24.0,1.0,76.0,405.0,82.0,700.6,23.0
2024-06-19,libya,84.0,3.0,6.0,171.9,0.0,0.0,1.0,2.0,0.0,14.0,0.0
2024-06-19,scs,2358.0,347.0,263.0,2111.7,8.0,9.0,109.0,446.0,265.0,-1016.9,19.0
2024-06-19,southasia,7789.0,1098.0,1133.0,2098.6,61.0,33.0,430.0,4.0,1.0,0.7,0.0
2024-06-19,sudan,751.0,135.0,116.0,-10.4,6.0,0.0,17.0,8.0,6.0,-43.6,0.0
2024-06-19,taiwan,550.0,86.0,45.0,525.6,3.0,3.0,16.0,157.0,44.0,126.3,14.0
2024-06-19,ukraine,2534.0,296.0,333.0,3158.7,20.0,3.0,85.0,693.0,315.0,-888.9,22.0
2024-06-19,venezuela,156.0,23.0,34.0,-3.0,0.0,0.0,22.0,20.0,7.0,-20.2,0.0
2024-06-19,yemen,151.0,42.0,45.0,-425.1,8.0,0.0,4.0,29.0,22.0,-128.5,3.0
2024-06-20,drc,81.0,21.0,19.0,-109.5,4.0,0.0,4.0,10.0,0.0,14.2,0.0
2024-06-20,europe_east,1123.0,115.0,64.0,2433.6,0.0,8.0,36.0,88.0,45.0,-122.9,5.0
2024-06-20,iran,869.0,133.0,184.0,-388.0,11.0,0.0,96.0,165.0,83.0,-332.7,11.0
2024-06-20,israel,6683.0,1206.0,1510.0,-6789.3,154.0,57.0,334.0,1531.0,817.0,-3915.9,104.0
2024-06-20,korea,2339.0,282.0,158.0,4516.1,17.0,5.0,76.0,324.0,66.0,626.0,18.0
2024-06-20,libya,46.0,8.0,6.0,0.8,0.0,0.0,2.0,2.0,0.0,4.7,0.0
2024-06-20,scs,2873.0,338.0,237.0,4151.2,3.0,6.0,95.0,470.0,225.0,-661.2,14.0
2024-06-20,southasia,8325.0,1433.0,1059.0,2094.0,16.0,21.0,486.0,28.0,10.0,-37.1,3.0
2024-06-20,sudan,536.0,74.0,80.0,130.7,1.0,1.0,16.0,9.0,9.0,-77.8,0.0
2024-06-20,taiwan,376.0,48.0,50.0,221.1,1.0,4.0,18.0,71.0,24.0,2.3,6.0
2024-06-20,ukraine,2863.0,329.0,490.0,1178.5,21.0,9.0,113.0,922.0,457.0,-1623.4,43.0
2024-06-20,venezuela,222.0,23.0,44.0,121.0,0.0,0.0,29.0,43.0,2.0,84.1,0.0
2024-06-20,yemen,124.0,21.0,40.0,-248.8,0.0,1.0,4.0,35.0,32.0,-243.2,4.0
2024-06-21,drc,10.0,2.0,2.0,-11.6,0.0,0.0,0.0,10.0,0.0,24.1,0.0
2024-06-21,europe_east,877.0,60.0,66.0,1904.9,0.0,2.0,36.0,86.0,27.0,-26.0,6.0
2024-06-21,iran,874.0,151.0,169.0,-238.9,7.0,2.0,69.0,120.0,54.0,-209.9,3.0
2024-06-21,israel,6115.0,1078.0,1281.0,-5002.9,91.0,12.0,270.0,1252.0,669.0,-3377.5,78.0
2024-06-21,korea,2349.0,362.0,162.0,3541.8,40.0,4.0,50.0,378.0,132.0,42.8,31.0
2024-06-21,libya,20.0,2.0,5.0,-5.2,0.0,0.0,3.0,0.0,0.0,0.0,0.0
2024-06-21,scs,2252.0,304.0,229.0,2402.7,10.0,5.0,91.0,325.0,160.0,-415.4,17.0
2024-06-21,southasia,8909.0,1463.0,942.0,5085.6,17.0,16.0,432.0,11.0,10.0,-80.0,0.0
2024-06-21,sudan,545.0,53.0,61.0,529.8,1.0,0.0,12.0,7.0,7.0,-70.0,0.0
2024-06-21,taiwan,469.0,83.0,54.0,289.4,2.0,5.0,29.0,194.0,71.0,64.1,22.0
2024-06-21,ukraine,3285.0,396.0,522.0,2422.0,16.0,11.0,134.0,906.0,441.0,-1543.5,52.0
2024-06-21,venezuela,285.0,38.0,76.0,-72.9,0.0,0.0,40.0,88.0,59.0,-333.8,26.0
2024-06-21,yemen,116.0,11.0,25.0,-61.3,1.0,0.0,3.0,31.0,13.0,-29.5,0.0
2024-06-22,drc,58.0,5.0,0.0,125.4,0.0,0.0,0.0,13.0,5.0,-6.7,0.0
2024-06-22,europe_east,366.0,22.0,53.0,421.9,0.0,4.0,29.0,61.0,30.0,-118.1,15.0
2024-06-22,iran,575.0,99.0,98.0,119.7,0.0,1.0,54.0,84.0,30.0,38.3,0.0
2024-06-22,israel,3695.0,646.0,953.0,-5693.5,57.0,6.0,166.0,983.0,552.0,-3155.2,40.0
2024-06-22,korea,987.0,119.0,87.0,1697.6,10.0,0.0,17.0,116.0,31.0,37.6,9.0
2024-06-22,libya,24.0,3.0,6.0,0.2,0.0,1.0,3.0,0.0,0.0,0.0,0.0
2024-06-22,scs,993.0,155.0,131.0,373.0,4.0,3.0,62.0,175.0,92.0,-427.8,19.0
2024-06-22,southasia,7728.0,1209.0,999.0,3031.0,18.0,25.0,465.0,5.0,2.0,-7.4,2.0
2024-06-22,sudan,184.0,26.0,31.0,-24.1,0.0,0.0,1.0,4.0,4.0,-38.0,0.0
2024-06-22,taiwan,277.0,51.0,43.0,20.3,2.0,1.0,19.0,131.0,49.0,-65.9,14.0
2024-06-22,ukraine,1745.0,249.0,441.0,-1657.8,16.0,3.0,63.0,860.0,534.0,-2761.4,32.0
2024-06-22,venezuela,139.0,17.0,42.0,-51.6,0.0,0.0,18.0,42.0,26.0,-120.9,8.0
2024-06-22,yemen,70.0,15.0,30.0,-277.2,1.0,0.0,2.0,33.0,23.0,-150.3,0.0
2024-06-23,drc,8.0,2.0,2.0,-8.6,0.0,0.0,0.0,11.0,3.0,-12.7,0.0
2024-06-23,europe_east,342.0,20.0,47.0,396.1,0.0,0.0,22.0,66.0,33.0,-148.1,9.0
2024-06-23,iran,674.0,99.0,114.0,-37.3,8.0,0.0,41.0,135.0,74.0,-232.3,9.0
2024-06-23,israel,5138.0,914.0,1282.0,-6942.4,90.0,19.0,207.0,1310.0,727.0,-3732.1,78.0
2024-06-23,korea,938.0,94.0,91.0,1866.7,10.0,0.0,27.0,109.0,42.0,29.8,11.0
2024-06-23,libya,43.0,4.0,4.0,61.1,0.0,0.0,2.0,0.0,0.0,0.0,0.0
2024-06-23,scs,1246.0,169.0,153.0,945.9,4.0,3.0,56.0,281.0,147.0,-560.8,8.0
2024-06-23,southasia,6575.0,1077.0,924.0,1036.9,32.0,15.0,378.0,34.0,2.0,80.2,2.0
2024-06-23,sudan,182.0,24.0,33.0,-47.8,0.0,1.0,4.0,2.0,0.0,6.8,0.0
2024-06-23,taiwan,276.0,53.0,34.0,-30.3,5.0,2.0,11.0,139.0,52.0,-76.2,16.0
2024-06-23,ukraine,1674.0,233.0,447.0,-1624.3,11.0,3.0,57.0,814.0,510.0,-2885.7,28.0
2024-06-23,venezuela,111.0,16.0,30.0,-109.9,0.0,0.0,9.0,22.0,14.0,-73.2,5.0
2024-06-23,yemen,137.0,26.0,40.0,-240.8,4.0,0.0,9.0,59.0,42.0,-279.0,3.0
2024-06-24,drc,48.0,10.0,17.0,-114.3,1.0,0.0,1.0,30.0,16.0,-68.6,1.0
2024-06-24,europe_east,820.0,73.0,82.0,1189.0,1.0,5.0,41.0,81.0,43.0,-130.3,4.0
2024-06-24,iran,881.0,147.0,146.0,23.6,11.0,2.0,45.0,213.0,94.0,-254.5,8.0
2024-06-24,israel,7481.0,1329.0,1585.0,-6628.1,103.0,25.0,315.0,1780.0,826.0,-3170.2,81.0
2024-06-24,korea,1732.0,266.0,214.0,1490.5,18.0,5.0,67.0,236.0,99.0,-51.6,11.0
2024-06-24,libya,84.0,6.0,19.0,-29.3,0.0,1.0,2.0,1.0,0.0,9.0,0.0
2024-06-24,scs,1902.0,190.0,265.0,1763.6,6.0,6.0,95.0,258.0,97.0,-118.8,3.0
2024-06-24,southasia,7937.0,1337.0,949.0,3117.6,29.0,23.0,426.0,38.0,3.0,15.4,2.0
2024-06-24,sudan,320.0,52.0,48.0,-23.5,3.0,1.0,7.0,9.0,4.0,-15.0,1.0
2024-06-24,taiwan,310.0,54.0,20.0,237.8,4.0,1.0,8.0,139.0,68.0,-201.6,19.0
2024-06-24,ukraine,2854.0,487.0,554.0,-776.5,40.0,10.0,120.0,961.0,608.0,-3006.9,58.0
2024-06-24,venezuela,237.0,26.0,56.0,90.0,0.0,1.0,28.0,59.0,37.0,-159.6,15.0
2024-06-24,yemen,190.0,26.0,78.0,-561.5,2.0,0.0,12.0,50.0,34.0,-178.8,5.0
2024-06-25,drc,6.0,1.0,1.0,5.7,0.0,0.0,1.0,12.0,1.0,24.1,1.0
2024-06-25,europe_east,986.0,68.0,82.0,1710.4,3.0,3.0,50.0,69.0,34.0,-153.1,7.0
2024-06-25,iran,1397.0,219.0,252.0,-62.0,9.0,4.0,85.0,354.0,169.0,-396.4,25.0
2024-06-25,israel,7797.0,1487.0,1499.0,-5545.2,122.0,40.0,336.0,1765.0,835.0,-3421.6,83.0
2024-06-25,korea,1764.0,278.0,206.0,1491.6,8.0,10.0,59.0,199.0,85.0,-259.1,10.0
2024-06-25,libya,50.0,8.0,17.0,-80.7,0.0,0.0,12.0,0.0,0.0,0.0,0.0
2024-06-25,scs,1834.0,154.0,184.0,2446.3,3.0,1.0,56.0,336.0,73.0,327.9,0.0
2024-06-25,southasia,8538.0,1466.0,836.0,6691.8,18.0,13.0,414.0,12.0,4.0,-18.4,3.0
2024-06-25,sudan,456.0,45.0,92.0,-2.2,3.0,0.0,31.0,10.0,3.0,-3.6,1.0
2024-06-25,taiwan,426.0,76.0,36.0,404.6,0.0,1.0,17.0,115.0,44.0,-91.2,6.0
2024-06-25,ukraine,3383.0,468.0,489.0,3099.7,15.0,8.0,199.0,1011.0,550.0,-1775.2,80.0
2024-06-25,venezuela,203.0,44.0,55.0,-158.6,0.0,0.0,26.0,73.0,64.0,-348.3,9.0
2024-06-25,yemen,102.0,16.0,34.0,-256.5,1.0,1.0,4.0,41.0,18.0,-91.3,0.0
2024-06-26,drc,11.0,1.0,2.0,-8.0,0.0,0.0,0.0,9.0,0.0,7.3,0.0
2024-06-26,europe_east,1048.0,92.0,80.0,1577.7,0.0,5.0,37.0,45.0,17.0,-9.1,6.0
2024-06-26,iran,941.0,185.0,191.0,-398.1,7.0,0.0,88.0,188.0,110.0,-490.7,2.0
2024-06-26,israel,7159.0,1385.0,1298.0,-4721.0,117.0,20.0,326.0,1311.0,682.0,-3112.5,72.0
2024-06-26,korea,1595.0,214.0,237.0,1087.8,9.0,12.0,42.0,296.0,136.0,-277.8,37.0
2024-06-26,libya,53.0,1.0,10.0,49.4,0.0,0.0,3.0,0.0,0.0,0.0,0.0
2024-06-26,scs,1985.0,236.0,181.0,2253.5,7.0,7.0,83.0,382.0,82.0,275.7,8.0
2024-06-26,southasia,7930.0,1221.0,1029.0,4935.9,20.0,31.0,517.0,29.0,12.0,-9.7,2.0
2024-06-26,sudan,503.0,53.0,88.0,107.4,5.0,9.0,20.0,9.0,5.0,-26.0,1.0
2024-06-26,taiwan,426.0,57.0,45.0,330.3,2.0,7.0,15.0,113.0,44.0,-188.7,6.0
2024-06-26,ukraine,3018.0,437.0,458.0,2189.5,24.0,12.0,190.0,990.0,455.0,-940.8,89.0
2024-06-26,venezuela,229.0,27.0,58.0,-174.6,0.0,0.0,17.0,59.0,49.0,-294.6,11.0
2024-06-26,yemen,116.0,19.0,50.0,-336.9,0.0,0.0,17.0,65.0,43.0,-336.0,1.0
2024-06-27,drc,21.0,2.0,9.0,-40.8,0.0,0.0,2.0,19.0,3.0,26.3,0.0
2024-06-27,europe_east,1171.0,102.0,93.0,2050.4,3.0,8.0,35.0,64.0,30.0,-127.2,9.0
2024-06-27,iran,1097.0,189.0,194.0,49.0,5.0,4.0,88.0,161.0,81.0,-317.9,10.0
2024-06-27,israel,6777.0,1152.0,1475.0,-5553.3,111.0,29.0,382.0,1522.0,827.0,-4200.5,129.0
2024-06-27,korea,1486.0,198.0,146.0,1932.7,4.0,4.0,58.0,261.0,110.0,-169.0,15.0
2024-06-27,libya,143.0,7.0,25.0,63.8,0.0,0.0,3.0,0.0,0.0,0.0,0.0
2024-06-27,scs,1977.0,235.0,248.0,1148.6,7.0,2.0,88.0,445.0,112.0,26.3,5.0
2024-06-27,southasia,8306.0,1360.0,1009.0,4241.8,10.0,27.0,544.0,18.0,5.0,-9.4,3.0
2024-06-27,sudan,479.0,49.0,85.0,-16.1,10.0,3.0,16.0,9.0,7.0,-67.3,0.0
2024-06-27,taiwan,359.0,49.0,39.0,234.6,0.0,4.0,12.0,143.0,48.0,-41.5,11.0
2024-06-27,ukraine,2901.0,354.0,414.0,3559.6,11.0,19.0,98.0,613.0,347.0,-1424.0,30.0
2024-06-27,venezuela,215.0,47.0,66.0,-363.0,0.0,0.0,21.0,100.0,79.0,-480.4,19.0
2024-06-27,yemen,118.0,11.0,46.0,-207.6,1.0,1.0,13.0,42.0,38.0,-345.6,6.0
2024-06-28,drc,22.0,1.0,7.0,-28.5,0.0,0.0,1.0,22.0,3.0,48.8,0.0
2024-06-28,europe_east,949.0,79.0,80.0,2021.3,1.0,0.0,40.0,50.0,27.0,-105.8,6.0
2024-06-28,iran,1277.0,224.0,196.0,-17.8,15.0,0.0,74.0,250.0,118.0,-452.6,12.0
2024-06-28,israel,6739.0,1061.0,1865.0,-9773.2,65.0,19.0,432.0,1557.0,868.0,-4817.6,96.0
2024-06-28,korea,1067.0,143.0,116.0,1343.9,3.0,4.0,57.0,130.0,36.0,34.2,6.0
2024-06-28,libya,32.0,2.0,2.0,69.6,0.0,0.0,1.0,0.0,0.0,0.0,0.0
2024-06-28,scs,1675.0,148.0,177.0,2045.0,2.0,3.0,84.0,263.0,78.0,-52.8,7.0
2024-06-28,southasia,7195.0,1075.0,843.0,5123.3,16.0,19.0,438.0,25.0,6.0,-8.2,2.0
2024-06-28,sudan,339.0,49.0,43.0,80.9,4.0,5.0,5.0,5.0,4.0,-40.3,0.0
2024-06-28,taiwan,381.0,53.0,64.0,123.4,6.0,1.0,47.0,111.0,35.0,-12.7,13.0
2024-06-28,ukraine,2764.0,307.0,416.0,2711.9,17.0,21.0,109.0,684.0,342.0,-1235.9,31.0
2024-06-28,venezuela,237.0,51.0,67.0,-384.5,0.0,0.0,27.0,75.0,44.0,-207.2,15.0
2024-06-28,yemen,86.0,14.0,34.0,-207.4,1.0,0.0,6.0,60.0,45.0,-312.0,0.0
2024-06-29,drc,37.0,3.0,15.0,-100.1,1.0,0.0,0.0,15.0,6.0,-38.7,0.0
2024-06-29,europe_east,435.0,33.0,47.0,893.3,0.0,3.0,26.0,36.0,15.0,-32.0,5.0
2024-06-29,iran,950.0,189.0,124.0,99.9,35.0,1.0,50.0,202.0,98.0,-319.2,25.0
2024-06-29,israel,3768.0,646.0,913.0,-4136.3,59.0,7.0,195.0,1017.0,556.0,-2846.0,87.0
2024-06-29,korea,643.0,70.0,67.0,820.0,1.0,4.0,14.0,71.0,24.0,17.4,8.0
2024-06-29,libya,14.0,2.0,0.0,38.4,0.0,0.0,0.0,0.0,0.0,0.0,0.0
2024-06-29,scs,979.0,83.0,142.0,497.5,4.0,2.0,39.0,105.0,53.0,-180.9,9.0
2024-06-29,southasia,5752.0,857.0,701.0,3221.6,7.0,13.0,359.0,9.0,4.0,-8.6,0.0
2024-06-29,sudan,169.0,9.0,40.0,-80.5,1.0,0.0,9.0,4.0,4.0,-40.0,0.0
2024-06-29,taiwan,239.0,34.0,33.0,203.5,0.0,0.0,25.0,88.0,21.0,73.3,4.0
2024-06-29,ukraine,1484.0,141.0,331.0,107.4,6.0,25.0,51.0,597.0,333.0,-1568.3,56.0
2024-06-29,venezuela,141.0,22.0,49.0,-270.7,0.0,0.0,21.0,32.0,14.0,-66.6,5.0
2024-06-29,yemen,115.0,13.0,34.0,-112.9,2.0,0.0,4.0,49.0,23.0,-93.3,3.0
2024-06-30,drc,69.0,2.0,17.0,14.2,0.0,0.0,1.0,16.0,5.0,-28.2,0.0
2024-06-30,europe_east,326.0,32.0,29.0,643.0,0.0,2.0,13.0,30.0,11.0,-2.3,2.0
2024-06-30,iran,635.0,114.0,119.0,-316.9,24.0,6.0,22.0,243.0,143.0,-668.0,24.0
2024-06-30,israel,4402.0,877.0,1117.0,-6937.2,77.0,15.0,237.0,1235.0,688.0,-3805.6,106.0
2024-06-30,korea,861.0,160.0,120.0,434.3,3.0,1.0,30.0,153.0,89.0,-261.7,17.0
2024-06-30,libya,7.0,0.0,2.0,-5.3,0.0,0.0,2.0,0.0,0.0,0.0,0.0
2024-06-30,scs,1031.0,104.0,107.0,1237.8,1.0,4.0,39.0,82.0,28.0,84.0,10.0
2024-06-30,southasia,5219.0,792.0,740.0,1604.0,14.0,28.0,343.0,17.0,2.0,20.2,0.0
2024-06-30,sudan,306.0,44.0,100.0,-724.5,6.0,2.0,17.0,19.0,18.0,-179.0,0.0
2024-06-30,taiwan,212.0,27.0,19.0,377.1,0.0,5.0,9.0,42.0,24.0,-86.2,1.0
2024-06-30,ukraine,1252.0,152.0,322.0,-1158.5,11.0,9.0,34.0,533.0,344.0,-2159.1,31.0
2024-06-30,venezuela,81.0,7.0,15.0,85.1,0.0,0.0,9.0,24.0,14.0,-74.6,2.0
2024-06-30,yemen,94.0,17.0,17.0,-11.4,0.0,0.0,2.0,25.0,8.0,11.3,0.0
2024-07-01,drc,74.0,1.0,19.0,-47.5,0.0,0.0,2.0,12.0,5.0,-17.7,0.0
2024-07-01,europe_east,716.0,86.0,96.0,534.0,0.0,19.0,29.0,25.0,8.0,-43.6,1.0
2024-07-01,iran,817.0,131.0,137.0,-87.1,15.0,3.0,38.0,176.0,119.0,-670.9,14.0
2024-07-01,israel,5896.0,978.0,1599.0,-8030.2,76.0,31.0,405.0,1469.0,824.0,-4111.3,101.0
2024-07-01,korea,1588.0,200.0,270.0,205.5,1.0,4.0,52.0,281.0,145.0,-604.6,34.0
2024-07-01,libya,64.0,3.0,10.0,92.7,0.0,0.0,3.0,0.0,0.0,0.0,0.0
2024-07-01,scs,1805.0,187.0,165.0,2695.8,8.0,10.0,59.0,217.0,74.0,130.6,13.0
2024-07-01,southasia,7719.0,1408.0,949.0,3325.7,11.0,19.0,447.0,16.0,7.0,-12.4,2.0
2024-07-01,sudan,381.0,44.0,98.0,-316.5,2.0,2.0,23.0,10.0,8.0,-68.6,0.0
2024-07-01,taiwan,420.0,49.0,51.0,314.8,0.0,2.0,24.0,160.0,55.0,-50.6,21.0
2024-07-01,ukraine,2260.0,257.0,443.0,203.4,18.0,28.0,94.0,783.0,405.0,-1950.2,48.0
2024-07-01,venezuela,117.0,16.0,42.0,-227.3,2.0,0.0,22.0,41.0,32.0,-211.5,10.0
2024-07-01,yemen,65.0,8.0,14.0,23.6,0.0,2.0,5.0,18.0,7.0,23.6,3.0
2024-07-02,drc,50.0,5.0,13.0,-31.2,0.0,0.0,0.0,13.0,5.0,0.7,0.0
2024-07-02,europe_east,891.0,74.0,66.0,1706.5,1.0,7.0,28.0,67.0,40.0,-110.4,9.0
2024-07-02,iran,761.0,151.0,113.0,-13.6,14.0,1.0,49.0,123.0,72.0,-248.5,8.0
2024-07-02,israel,6136.0,991.0,1653.0,-7988.9,69.0,25.0,502.0,1471.0,838.0,-4104.2,131.0
2024-07-02,korea,1332.0,149.0,181.0,671.4,14.0,7.0,48.0,186.0,56.0,-63.7,15.0
2024-07-02,libya,65.0,4.0,20.0,-50.9,0.0,0.0,7.0,3.0,3.0,-28.0,0.0
2024-07-02,scs,2060.0,197.0,211.0,2304.5,1.0,0.0,72.0,466.0,162.0,83.2,20.0
2024-07-02,southasia,8346.0,1354.0,1089.0,2594.4,12.0,12.0,474.0,33.0,14.0,-33.6,6.0
2024-07-02,sudan,576.0,79.0,129.0,-219.1,1.0,0.0,31.0,17.0,15.0,-111.4,0.0
2024-07-02,taiwan,341.0,40.0,30.0,462.3,0.0,2.0,12.0,126.0,63.0,-162.7,19.0
2024-07-02,ukraine,3311.0,289.0,405.0,4503.9,31.0,11.0,99.0,813.0,354.0,-1210.7,54.0
2024-07-02,venezuela,339.0,30.0,55.0,430.3,0.0,2.0,31.0,134.0,21.0,432.3,1.0
2024-07-02,yemen,83.0,11.0,19.0,15.2,0.0,0.0,3.0,29.0,20.0,-119.5,0.0
2024-07-03,drc,116.0,13.0,26.0,-15.2,0.0,0.0,5.0,22.0,15.0,-90.5,4.0
2024-07-03,europe_east,838.0,102.0,72.0,1242.4,1.0,6.0,32.0,42.0,13.0,44.5,0.0
2024-07-03,iran,909.0,180.0,166.0,-516.3,21.0,4.0,46.0,195.0,92.0,-387.6,15.0
2024-07-03,israel,6999.0,1095.0,1876.0,-10112.6,88.0,17.0,393.0,1685.0,952.0,-5409.3,113.0
2024-07-03,korea,1034.0,93.0,102.0,1401.5,0.0,7.0,35.0,70.0,20.0,23.0,7.0
2024-07-03,libya,55.0,4.0,7.0,45.5,0.0,0.0,4.0,0.0,0.0,0.0,0.0
2024-07-03,scs,1828.0,159.0,206.0,1881.2,3.0,1.0,60.0,456.0,150.0,137.9,10.0
2024-07-03,southasia,8804.0,1381.0,1084.0,4007.3,13.0,22.0,474.0,9.0,5.0,-22.0,5.0
2024-07-03,sudan,452.0,48.0,83.0,-86.0,4.0,2.0,8.0,11.0,8.0,-55.5,2.0
2024-07-03,taiwan,509.0,80.0,104.0,-177.8,2.0,3.0,67.0,373.0,156.0,-375.1,72.0
2024-07-03,ukraine,3228.0,321.0,527.0,2079.9,19.0,24.0,117.0,913.0,473.0,-1917.6,58.0
2024-07-03,venezuela,241.0,26.0,34.0,182.0,0.0,0.0,18.0,42.0,11.0,54.0,7.0
2024-07-03,yemen,77.0,10.0,13.0,56.1,0.0,0.0,2.0,55.0,29.0,-118.2,2.0
2024-07-04,drc,56.0,5.0,24.0,-132.5,0.0,0.0,7.0,21.0,13.0,-46.7,1.0
2024-07-04,europe_east,868.0,102.0,49.0,1467.1,1.0,1.0,22.0,69.0,15.0,29.4,2.0
2024-07-04,iran,877.0,145.0,173.0,-284.0,10.0,2.0,44.0,126.0,80.0,-503.7,11.0
2024-07-04,israel,6120.0,960.0,1726.0,-9396.6,81.0,14.0,310.0,1486.0,807.0,-4637.7,102.0
2024-07-04,korea,782.0,97.0,55.0,970.7,1.0,1.0,22.0,37.0,9.0,38.2,0.0
2024-07-04,libya,48.0,2.0,10.0,-32.0,0.0,0.0,1.0,0.0,0.0,0.0,0.0
2024-07-04,scs,1742.0,155.0,165.0,2448.3,0.0,5.0,53.0,398.0,102.0,638.6,10.0
2024-07-04,southasia,8448.0,1130.0,1040.0,5766.9,26.0,50.0,430.0,35.0,30.0,-166.0,8.0
2024-07-04,sudan,377.0,35.0,82.0,-3.0,2.0,5.0,18.0,9.0,5.0,-30.3,1.0
2024-07-04,taiwan,352.0,50.0,43.0,256.0,0.0,1.0,27.0,150.0,49.0,-76.9,18.0
2024-07-04,ukraine,2718.0,253.0,429.0,2158.3,7.0,14.0,82.0,920.0,455.0,-1609.6,33.0
2024-07-04,venezuela,287.0,52.0,45.0,1.8,3.0,0.0,18.0,67.0,26.0,45.9,4.0
2024-07-04,yemen,64.0,12.0,20.0,-112.9,0.0,2.0,1.0,19.0,9.0,-48.0,0.0
2024-07-05,drc,66.0,3.0,27.0,-151.1,0.0,0.0,9.0,16.0,11.0,-7.0,1.0
2024-07-05,europe_east,1023.0,90.0,89.0,1620.9,5.0,2.0,44.0,91.0,18.0,115.7,0.0
2024-07-05,iran,859.0,147.0,131.0,9.7,3.0,2.0,57.0,164.0,61.0,-75.4,4.0
2024-07-05,israel,5264.0,886.0,1215.0,-4978.8,53.0,14.0,283.0,1330.0,686.0,-3319.0,63.0
2024-07-05,korea,886.0,71.0,114.0,878.2,3.0,5.0,59.0,75.0,26.0,12.1,2.0
2024-07-05,libya,55.0,3.0,12.0,30.2,0.0,0.0,0.0,0.0,0.0,0.0,0.0
2024-07-05,scs,1328.0,160.0,146.0,1157.7,6.0,0.0,59.0,139.0,60.0,-76.3,8.0
2024-07-05,southasia,8026.0,1094.0,963.0,5811.7,35.0,13.0,442.0,13.0,3.0,12.5,1.0
2024-07-05,sudan,371.0,20.0,96.0,-319.1,8.0,0.0,8.0,6.0,3.0,-19.0,0.0
2024-07-05,taiwan,397.0,52.0,48.0,191.9,0.0,1.0,30.0,195.0,84.0,-177.9,38.0
2024-07-05,ukraine,2870.0,325.0,342.0,3425.2,13.0,14.0,100.0,818.0,393.0,-1444.9,18.0
2024-07-05,venezuela,199.0,28.0,20.0,162.2,0.0,0.0,13.0,35.0,9.0,9.0,1.0
2024-07-05,yemen,91.0,14.0,23.0,-73.5,0.0,1.0,3.0,40.0,13.0,-32.4,0.0
2024-07-06,drc,29.0,1.0,8.0,-4.4,0.0,0.0,0.0,10.0,7.0,-37.4,1.0
2024-07-06,europe_east,380.0,34.0,47.0,428.1,1.0,0.0,26.0,32.0,7.0,40.0,2.0
2024-07-06,iran,1248.0,158.0,136.0,1375.6,2.0,0.0,70.0,157.0,66.0,-201.3,7.0
2024-07-06,israel,3580.0,598.0,979.0,-5471.5,25.0,3.0,202.0,892.0,502.0,-2643.6,58.0
2024-07-06,korea,345.0,21.0,33.0,523.2,2.0,2.0,19.0,20.0,6.0,-16.9,2.0
2024-07-06,libya,25.0,2.0,4.0,43.2,0.0,0.0,1.0,0.0,0.0,0.0,0.0
2024-07-06,scs,849.0,97.0,81.0,1066.3,4.0,4.0,30.0,138.0,52.0,58.2,7.0
2024-07-06,southasia,6750.0,1031.0,923.0,2093.0,10.0,18.0,405.0,10.0,8.0,-18.5,1.0
2024-07-06,sudan,154.0,10.0,29.0,90.2,1.0,2.0,13.0,3.0,2.0,-6.0,2.0
2024-07-06,taiwan,307.0,44.0,19.0,430.0,2.0,0.0,9.0,112.0,43.0,-20.3,10.0
2024-07-06,ukraine,1627.0,173.0,263.0,794.7,5.0,7.0,58.0,467.0,270.0,-1414.0,12.0
2024-07-06,venezuela,146.0,20.0,26.0,96.6,2.0,0.0,20.0,34.0,5.0,66.9,3.0
2024-07-06,yemen,66.0,12.0,15.0,-72.9,1.0,0.0,8.0,13.0,7.0,-57.0,0.0
2024-07-07,drc,1.0,0.0,0.0,-0.4,0.0,0.0,0.0,5.0,0.0,12.2,0.0
2024-07-07,europe_east,327.0,28.0,21.0,607.9,1.0,0.0,17.0,16.0,6.0,-12.0,1.0
2024-07-07,iran,753.0,102.0,100.0,515.0,5.0,0.0,32.0,92.0,43.0,-212.7,5.0
2024-07-07,israel,4211.0,682.0,1168.0,-6765.1,43.0,4.0,175.0,1036.0,585.0,-3274.0,68.0
2024-07-07,korea,500.0,61.0,39.0,944.2,0.0,4.0,8.0,36.0,13.0,-8.2,0.0
2024-07-07,libya,27.0,1.0,5.0,22.0,0.0,0.0,5.0,0.0,0.0,0.0,0.0
2024-07-07,scs,1028.0,90.0,106.0,1257.1,2.0,2.0,38.0,66.0,17.0,-26.7,0.0
2024-07-07,southasia,6552.0,882.0,958.0,1822.1,2.0,17.0,350.0,13.0,12.0,-35.0,5.0
2024-07-07,sudan,215.0,12.0,43.0,107.4,0.0,0.0,6.0,4.0,4.0,-40.0,0.0
2024-07-07,taiwan,288.0,23.0,20.0,587.5,1.0,0.0,10.0,20.0,7.0,-7.2,3.0
2024-07-07,ukraine,1746.0,154.0,302.0,852.1,6.0,11.0,58.0,645.0,327.0,-1544.9,23.0
2024-07-07,venezuela,95.0,14.0,22.0,-78.7,2.0,2.0,6.0,33.0,5.0,136.8,0.0
2024-07-07,yemen,108.0,12.0,9.0,208.0,0.0,0.0,7.0,26.0,14.0,-37.2,0.0
2024-07-08,drc,95.0,11.0,22.0,-91.2,0.0,0.0,5.0,48.0,19.0,80.0,2.0
2024-07-08,europe_east,1278.0,100.0,116.0,2324.9,18.0,2.0,42.0,122.0,34.0,48.2,8.0
2024-07-08,iran,1100.0,134.0,157.0,749.0,8.0,2.0,53.0,181.0,64.0,-73.8,1.0
2024-07-08,israel,5884.0,912.0,1543.0,-7739.6,60.0,5.0,292.0,1426.0,772.0,-3834.1,73.0
2024-07-08,korea,1189.0,150.0,71.0,1795.3,2.0,2.0,27.0,123.0,31.0,83.9,0.0
2024-07-08,libya,40.0,3.0,7.0,16.6,0.0,2.0,3.0,0.0,0.0,0.0,0.0
2024-07-08,scs,2298.0,227.0,211.0,4557.7,5.0,3.0,103.0,332.0,140.0,-59.9,5.0
2024-07-08,southasia,8712.0,1092.0,1413.0,1889.3,16.0,39.0,491.0,11.0,6.0,-17.8,0.0
2024-07-08,sudan,269.0,26.0,41.0,105.7,0.0,0.0,12.0,2.0,1.0,-1.6,0.0
2024-07-08,taiwan,453.0,47.0,36.0,742.2,0.0,0.0,15.0,81.0,50.0,-196.6,22.0
2024-07-08,ukraine,4571.0,485.0,832.0,2156.2,34.0,9.0,143.0,1637.0,847.0,-3912.1,49.0
2024-07-08,venezuela,111.0,22.0,19.0,1.3,0.0,0.0,15.0,18.0,7.0,-17.6,0.0
2024-07-08,yemen,160.0,19.0,23.0,133.5,0.0,1.0,5.0,54.0,22.0,18.1,3.0
2024-07-09,drc,68.0,7.0,22.0,-153.1,0.0,0.0,0.0,79.0,31.0,66.2,2.0
2024-07-09,europe_east,1032.0,110.0,126.0,1175.3,5.0,14.0,36.0,111.0,54.0,-106.9,20.0
2024-07-09,iran,1189.0,143.0,164.0,314.1,8.0,2.0,45.0,207.0,69.0,-150.0,4.0
2024-07-09,israel,5375.0,899.0,1397.0,-7329.6,41.0,6.0,271.0,1351.0,758.0,-4108.9,56.0
2024-07-09,korea,1262.0,148.0,74.0,2120.2,4.0,4.0,24.0,107.0,16.0,203.0,2.0
2024-07-09,libya,102.0,11.0,9.0,102.5,0.0,0.0,3.0,0.0,0.0,0.0,0.0
2024-07-09,scs,1804.0,202.0,231.0,1806.7,2.0,5.0,76.0,263.0,104.0,-159.6,10.0
2024-07-09,southasia,8748.0,1148.0,1293.0,2719.9,10.0,25.0,426.0,24.0,12.0,-42.0,0.0
2024-07-09,sudan,364.0,28.0,52.0,229.6,0.0,3.0,9.0,14.0,4.0,20.8,0.0
2024-07-09,taiwan,333.0,38.0,51.0,199.3,3.0,4.0,24.0,62.0,26.0,-48.0,10.0
2024-07-09,ukraine,4754.0,615.0,793.0,1466.8,41.0,13.0,119.0,1690.0,828.0,-3186.4,46.0
2024-07-09,venezuela,177.0,15.0,30.0,101.4,0.0,1.0,17.0,38.0,7.0,62.7,0.0
2024-07-09,yemen,112.0,14.0,35.0,-149.2,0.0,0.0,13.0,26.0,20.0,-92.7,4.0
2024-07-10,drc,22.0,1.0,3.0,16.1,0.0,0.0,2.0,28.0,8.0,30.6,0.0
2024-07-10,europe_east,1047.0,76.0,162.0,1157.9,7.0,69.0,35.0,96.0,42.0,-7.3,14.0
2024-07-10,iran,911.0,167.0,139.0,145.9,3.0,5.0,52.0,222.0,99.0,-198.8,10.0
2024-07-10,israel,5831.0,983.0,1507.0,-7281.9,47.0,13.0,344.0,1358.0,744.0,-3835.1,82.0
2024-07-10,korea,1347.0,151.0,83.0,2629.4,14.0,0.0,40.0,102.0,20.0,146.8,11.0
2024-07-10,libya,86.0,5.0,19.0,11.3,0.0,0.0,7.0,0.0,0.0,0.0,0.0
2024-07-10,scs,2218.0,256.0,312.0,1423.3,6.0,3.0,151.0,268.0,152.0,-530.3,43.0
2024-07-10,southasia,8393.0,1138.0,1252.0,2574.9,7.0,39.0,443.0,10.0,3.0,7.3,0.0
2024-07-10,sudan,455.0,38.0,71.0,460.8,2.0,2.0,35.0,4.0,2.0,-8.0,0.0
2024-07-10,taiwan,457.0,37.0,55.0,489.9,0.0,8.0,16.0,113.0,43.0,-102.2,17.0
2024-07-10,ukraine,5075.0,534.0,593.0,6000.8,48.0,19.0,121.0,1131.0,549.0,-2356.4,42.0
2024-07-10,venezuela,183.0,24.0,39.0,7.7,0.0,0.0,22.0,20.0,11.0,-26.7,2.0
2024-07-10,yemen,108.0,21.0,40.0,-285.8,1.0,0.0,7.0,54.0,40.0,-199.6,6.0
2024-07-11,drc,34.0,2.0,1.0,89.6,0.0,0.0,0.0,8.0,6.0,-18.0,1.0
2024-07-11,europe_east,1645.0,115.0,132.0,4096.2,8.0,5.0,75.0,115.0,53.0,-99.9,16.0
2024-07-11,iran,896.0,113.0,94.0,1008.0,2.0,7.0,30.0,212.0,83.0,-4.3,9.0
2024-07-11,israel,5565.0,970.0,1142.0,-3099.1,60.0,14.0,332.0,1293.0,635.0,-2315.7,88.0
2024-07-11,korea,1316.0,127.0,80.0,2515.3,12.0,2.0,22.0,155.0,37.0,95.5,4.0
2024-07-11,libya,97.0,10.0,23.0,-24.0,0.0,0.0,7.0,1.0,0.0,0.0,0.0
2024-07-11,scs,1960.0,200.0,255.0,1682.2,4.0,3.0,97.0,165.0,75.0,-258.2,13.0
2024-07-11,southasia,8382.0,1201.0,960.0,5301.4,16.0,14.0,417.0,7.0,4.0,-16.2,1.0
2024-07-11,sudan,442.0,48.0,54.0,531.3,0.0,0.0,24.0,4.0,4.0,-24.0,0.0
2024-07-11,taiwan,533.0,40.0,48.0,945.6,0.0,3.0,11.0,241.0,67.0,281.2,36.0
2024-07-11,ukraine,4775.0,472.0,483.0,7885.5,35.0,14.0,135.0,946.0,442.0,-1395.4,24.0
2024-07-11,venezuela,207.0,36.0,38.0,71.0,0.0,0.0,20.0,30.0,17.0,-75.1,2.0
2024-07-11,yemen,53.0,7.0,27.0,-213.1,0.0,0.0,0.0,38.0,33.0,-248.8,7.0
2024-07-12,drc,41.0,2.0,11.0,-54.3,0.0,0.0,3.0,9.0,5.0,-11.4,0.0
2024-07-12,europe_east,1432.0,171.0,171.0,2308.1,3.0,1.0,96.0,149.0,103.0,-488.4,23.0
2024-07-12,iran,746.0,129.0,77.0,442.0,1.0,4.0,35.0,116.0,42.0,-14.7,3.0
2024-07-12,israel,4859.0,830.0,1111.0,-4335.8,37.0,17.0,261.0,1066.0,537.0,-2363.2,60.0
2024-07-12,korea,1111.0,131.0,112.0,1406.1,11.0,6.0,25.0,91.0,44.0,-199.1,11.0
2024-07-12,libya,116.0,14.0,26.0,25.4,0.0,0.0,17.0,0.0,0.0,0.0,0.0
2024-07-12,scs,1757.0,197.0,194.0,1842.1,9.0,7.0,89.0,263.0,108.0,0.1,20.0
2024-07-12,southasia,7796.0,1195.0,957.0,4941.2,10.0,16.0,485.0,3.0,1.0,2.7,0.0
2024-07-12,sudan,548.0,56.0,99.0,331.1,0.0,0.0,32.0,5.0,5.0,-45.0,1.0
2024-07-12,taiwan,413.0,39.0,51.0,317.1,2.0,3.0,28.0,108.0,31.0,-10.9,21.0
2024-07-12,ukraine,4305.0,416.0,499.0,6461.9,22.0,15.0,128.0,913.0,379.0,-753.1,52.0
2024-07-12,venezuela,177.0,26.0,39.0,64.1,2.0,0.0,23.0,54.0,30.0,-64.4,10.0
2024-07-12,yemen,157.0,26.0,34.0,-161.1,3.0,2.0,3.0,71.0,27.0,12.4,2.0
2024-07-13,drc,11.0,2.0,4.0,-43.2,0.0,0.0,0.0,6.0,3.0,-22.3,0.0
2024-07-13,europe_east,568.0,67.0,74.0,545.9,2.0,0.0,26.0,71.0,34.0,-94.3,5.0
2024-07-13,iran,576.0,100.0,99.0,14.5,0.0,1.0,59.0,118.0,46.0,-6.1,4.0
2024-07-13,israel,3526.0,657.0,994.0,-6009.1,32.0,12.0,152.0,1027.0,564.0,-2719.5,56.0
2024-07-13,korea,483.0,106.0,41.0,268.2,2.0,12.0,8.0,32.0,21.0,-50.1,3.0
2024-07-13,libya,84.0,2.0,9.0,126.2,0.0,0.0,7.0,0.0,0.0,0.0,0.0
2024-07-13,scs,1223.0,146.0,117.0,1269.2,7.0,6.0,56.0,113.0,54.0,-135.4,7.0
2024-07-13,southasia,5945.0,911.0,796.0,3049.1,4.0,12.0,390.0,22.0,4.0,9.8,0.0
2024-07-13,sudan,239.0,39.0,18.0,155.2,5.0,0.0,9.0,1.0,1.0,-7.0,1.0
2024-07-13,taiwan,255.0,32.0,37.0,53.9,0.0,8.0,7.0,81.0,24.0,-27.7,6.0
2024-07-13,ukraine,2226.0,194.0,319.0,1953.4,16.0,11.0,47.0,640.0,293.0,-975.6,24.0
2024-07-13,venezuela,167.0,25.0,35.0,112.0,0.0,0.0,12.0,22.0,5.0,29.0,0.0
2024-07-13,yemen,75.0,14.0,17.0,-81.7,1.0,0.0,6.0,29.0,13.0,-49.6,1.0
2024-07-14,drc,4.0,0.0,1.0,0.0,0.0,0.0,0.0,3.0,0.0,7.7,0.0
2024-07-14,europe_east,455.0,59.0,82.0,274.1,1.0,0.0,24.0,50.0,12.0,14.5,2.0
2024-07-14,iran,345.0,63.0,51.0,7.7,6.0,6.0,14.0,61.0,28.0,-53.7,6.0
2024-07-14,israel,4033.0,703.0,1221.0,-8182.7,16.0,7.0,174.0,968.0,597.0,-3624.7,37.0
2024-07-14,korea,544.0,106.0,49.0,280.0,3.0,12.0,12.0,104.0,42.0,28.9,0.0
2024-07-14,libya,66.0,10.0,5.0,92.9,0.0,0.0,4.0,0.0,0.0,0.0,0.0
2024-07-14,scs,1015.0,128.0,134.0,456.7,6.0,1.0,47.0,60.0,30.0,-65.8,6.0
2024-07-14,southasia,5518.0,861.0,861.0,208.3,2.0,21.0,311.0,5.0,3.0,-23.8,0.0
2024-07-14,sudan,247.0,29.0,36.0,132.5,0.0,0.0,4.0,7.0,5.0,-24.0,0.0
2024-07-14,taiwan,228.0,29.0,44.0,-35.3,0.0,2.0,7.0,49.0,18.0,20.8,3.0
2024-07-14,ukraine,1385.0,162.0,270.0,517.8,4.0,6.0,45.0,475.0,263.0,-1299.0,16.0
2024-07-14,venezuela,131.0,25.0,20.0,101.2,0.0,0.0,8.0,36.0,17.0,16.6,0.0
2024-07-14,yemen,73.0,10.0,19.0,-97.7,1.0,0.0,5.0,22.0,12.0,-85.4,1.0
2024-07-15,drc,37.0,5.0,15.0,-137.9,0.0,0.0,2.0,16.0,13.0,-80.0,0.0
2024-07-15,europe_east,1110.0,109.0,168.0,1269.1,1.0,4.0,81.0,99.0,47.0,-158.2,13.0
2024-07-15,iran,664.0,96.0,131.0,-232.9,7.0,0.0,31.0,154.0,91.0,-425.3,7.0
2024-07-15,israel,4887.0,769.0,1361.0,-7208.7,24.0,7.0,267.0,1229.0,694.0,-3892.5,47.0
2024-07-15,korea,827.0,120.0,83.0,947.4,3.0,0.0,31.0,77.0,29.0,18.7,6.0
2024-07-15,libya,80.0,7.0,13.0,59.7,0.0,0.0,8.0,1.0,1.0,-9.0,0.0
2024-07-15,scs,1554.0,191.0,188.0,1469.9,1.0,7.0,95.0,135.0,53.0,-21.4,4.0
2024-07-15,southasia,7989.0,1333.0,1313.0,1052.5,23.0,24.0,697.0,20.0,10.0,-16.3,1.0
2024-07-15,sudan,302.0,31.0,49.0,91.0,0.0,0.0,11.0,14.0,8.0,-41.0,3.0
2024-07-15,taiwan,239.0,26.0,30.0,173.2,0.0,2.0,7.0,49.0,22.0,-33.9,10.0
2024-07-15,ukraine,2578.0,340.0,442.0,1017.2,14.0,28.0,77.0,840.0,408.0,-1596.3,47.0
2024-07-15,venezuela,142.0,31.0,17.0,24.8,3.0,0.0,5.0,21.0,8.0,6.2,0.0
2024-07-15,yemen,158.0,15.0,86.0,-770.2,5.0,0.0,4.0,56.0,43.0,-383.0,0.0
2024-07-16,drc,31.0,3.0,16.0,-131.8,0.0,0.0,1.0,28.0,22.0,-139.4,0.0
2024-07-16,europe_east,935.0,98.0,135.0,1052.4,3.0,3.0,65.0,80.0,26.0,-26.2,11.0
2024-07-16,iran,1129.0,228.0,311.0,-1934.4,23.0,8.0,49.0,234.0,126.0,-666.7,18.0
2024-07-16,israel,5305.0,801.0,1572.0,-8959.9,23.0,9.0,239.0,1366.0,882.0,-5901.3,69.0
2024-07-16,korea,1371.0,267.0,142.0,1139.7,6.0,0.0,88.0,347.0,134.0,-11.0,5.0
2024-07-16,libya,96.0,5.0,21.0,89.5,0.0,0.0,15.0,0.0,0.0,0.0,0.0
2024-07-16,scs,1675.0,172.0,174.0,1682.7,6.0,4.0,71.0,197.0,91.0,-373.6,8.0
2024-07-16,southasia,8904.0,1435.0,1731.0,-3241.7,26.0,25.0,549.0,11.0,7.0,-17.3,0.0
2024-07-16,sudan,409.0,48.0,49.0,320.9,5.0,1.0,6.0,0.0,0.0,0.0,0.0
2024-07-16,taiwan,357.0,34.0,42.0,319.7,1.0,3.0,11.0,74.0,27.0,1.3,7.0
2024-07-16,ukraine,2837.0,327.0,468.0,1418.5,6.0,16.0,138.0,749.0,338.0,-1011.6,38.0
2024-07-16,venezuela,199.0,31.0,43.0,-19.0,1.0,2.0,31.0,24.0,12.0,-15.4,6.0
2024-07-16,yemen,153.0,19.0,61.0,-425.8,2.0,4.0,2.0,37.0,25.0,-172.7,0.0
2024-07-17,drc,21.0,2.0,13.0,-107.0,0.0,0.0,0.0,2.0,0.0,8.0,0.0
2024-07-17,europe_east,1035.0,89.0,121.0,1295.8,10.0,7.0,47.0,77.0,39.0,-166.0,33.0
2024-07-17,iran,1304.0,207.0,363.0,-2107.0,27.0,3.0,68.0,354.0,193.0,-911.2,18.0
2024-07-17,israel,5608.0,878.0,1594.0,-8690.7,52.0,9.0,290.0,1169.0,676.0,-3557.9,70.0
2024-07-17,korea,1200.0,164.0,147.0,1028.2,3.0,1.0,91.0,183.0,95.0,-186.6,14.0
2024-07-17,libya,108.0,9.0,15.0,-10.9,0.0,0.0,3.0,0.0,0.0,0.0,0.0
2024-07-17,scs,2049.0,188.0,255.0,2177.3,3.0,5.0,104.0,253.0,85.0,43.0,3.0
2024-07-17,southasia,7708.0,1163.0,1249.0,138.8,15.0,36.0,434.0,4.0,3.0,-11.4,1.0
2024-07-17,sudan,426.0,64.0,99.0,-201.9,10.0,1.0,31.0,0.0,0.0,0.0,0.0
2024-07-17,taiwan,628.0,97.0,68.0,557.9,3.0,2.0,41.0,164.0,68.0,-9.7,10.0
2024-07-17,ukraine,3271.0,348.0,541.0,1868.2,18.0,13.0,133.0,904.0,407.0,-819.1,48.0
2024-07-17,venezuela,176.0,30.0,31.0,61.1,1.0,0.0,26.0,18.0,2.0,29.7,2.0
2024-07-17,yemen,166.0,14.0,43.0,-147.2,2.0,0.0,4.0,34.0,20.0,-148.4,0.0
2024-07-18,drc,14.0,0.0,9.0,-83.6,0.0,0.0,0.0,11.0,4.0,-1.0,0.0
2024-07-18,europe_east,880.0,73.0,110.0,1234.3,7.0,0.0,62.0,61.0,11.0,112.3,8.0
2024-07-18,iran,1135.0,181.0,212.0,-246.3,19.0,0.0,58.0,217.0,95.0,-318.3,11.0
2024-07-18,israel,6101.0,1100.0,1494.0,-7202.8,40.0,21.0,273.0,1238.0,676.0,-3085.0,67.0
2024-07-18,korea,1141.0,169.0,134.0,1194.6,5.0,1.0,77.0,167.0,70.0,32.2,11.0
2024-07-18,libya,93.0,2.0,3.0,275.9,0.0,0.0,0.0,0.0,0.0,0.0,0.0
2024-07-18,scs,1693.0,163.0,219.0,1823.4,0.0,1.0,136.0,115.0,46.0,-64.9,10.0
2024-07-18,southasia,7405.0,1118.0,1067.0,1576.8,32.0,11.0,500.0,18.0,14.0,-59.5,5.0
2024-07-18,sudan,267.0,39.0,32.0,194.1,5.0,0.0,14.0,2.0,2.0,-6.0,0.0
2024-07-18,taiwan,554.0,85.0,74.0,414.5,3.0,3.0,48.0,123.0,52.0,-56.7,5.0
2024-07-18,ukraine,3503.0,308.0,435.0,4592.6,11.0,9.0,101.0,843.0,362.0,-900.7,46.0
2024-07-18,venezuela,258.0,50.0,60.0,-199.9,1.0,0.0,44.0,61.0,29.0,-52.7,6.0
2024-07-18,yemen,107.0,4.0,28.0,-50.6,0.0,0.0,1.0,27.0,13.0,-70.9,1.0
2024-07-19,drc,49.0,4.0,16.0,-94.1,0.0,0.0,3.0,9.0,4.0,13.2,0.0
2024-07-19,europe_east,876.0,68.0,101.0,1460.5,7.0,0.0,43.0,76.0,28.0,-123.4,7.0
2024-07-19,iran,939.0,168.0,237.0,-1084.2,10.0,1.0,42.0,237.0,117.0,-549.0,12.0
2024-07-19,israel,6475.0,1222.0,1486.0,-7604.0,50.0,23.0,294.0,1373.0,756.0,-3876.4,86.0
2024-07-19,korea,1082.0,112.0,118.0,1755.4,1.0,1.0,49.0,149.0,45.0,-29.0,5.0
2024-07-19,libya,64.0,5.0,5.0,132.1,0.0,0.0,1.0,0.0,0.0,0.0,0.0
2024-07-19,scs,1522.0,102.0,161.0,2379.1,5.0,0.0,87.0,118.0,37.0,173.6,8.0
2024-07-19,southasia,7873.0,1183.0,1109.0,3392.0,13.0,24.0,523.0,11.0,4.0,2.0,1.0
2024-07-19,sudan,291.0,37.0,22.0,512.9,1.0,0.0,10.0,11.0,2.0,23.5,0.0
2024-07-19,taiwan,487.0,67.0,58.0,529.0,4.0,2.0,23.0,129.0,46.0,55.9,11.0
2024-07-19,ukraine,3214.0,327.0,504.0,2207.3,20.0,13.0,157.0,817.0,369.0,-1154.1,67.0
2024-07-19,venezuela,195.0,22.0,27.0,224.8,1.0,0.0,23.0,26.0,6.0,31.2,5.0
2024-07-19,yemen,211.0,38.0,58.0,-390.5,11.0,0.0,9.0,149.0,88.0,-615.3,11.0
2024-07-20,drc,39.0,1.0,20.0,-111.9,0.0,0.0,1.0,5.0,3.0,-6.0,0.0
2024-07-20,europe_east,453.0,21.0,62.0,604.2,0.0,0.0,19.0,15.0,7.0,-13.8,0.0
2024-07-20,iran,669.0,133.0,132.0,-585.2,10.0,0.0,27.0,212.0,95.0,-331.5,3.0
2024-07-20,israel,4401.0,844.0,1152.0,-6759.3,31.0,10.0,155.0,948.0,559.0,-3037.6,30.0
2024-07-20,korea,323.0,27.0,59.0,98.1,0.0,1.0,31.0,37.0,16.0,-74.7,0.0
2024-07-20,libya,34.0,2.0,1.0,97.5,0.0,0.0,1.0,0.0,0.0,0.0,0.0
2024-07-20,scs,1022.0,80.0,93.0,1611.0,1.0,4.0,28.0,119.0,20.0,175.9,3.0
2024-07-20,southasia,6708.0,1023.0,1011.0,1585.2,11.0,45.0,455.0,16.0,8.0,-50.8,3.0
2024-07-20,sudan,270.0,30.0,31.0,334.5,0.0,0.0,19.0,4.0,0.0,8.8,0.0
2024-07-20,taiwan,255.0,37.0,33.0,332.0,0.0,5.0,20.0,88.0,24.0,99.1,9.0
2024-07-20,ukraine,2179.0,248.0,435.0,-103.7,5.0,10.0,83.0,758.0,364.0,-1284.0,29.0
2024-07-20,venezuela,130.0,33.0,23.0,-20.1,0.0,0.0,15.0,51.0,20.0,-15.0,4.0
2024-07-20,yemen,331.0,53.0,128.0,-1131.5,10.0,0.0,6.0,301.0,235.0,-1906.2,10.0
2024-07-21,drc,15.0,1.0,2.0,5.0,0.0,0.0,0.0,7.0,0.0,11.4,0.0
2024-07-21,europe_east,339.0,29.0,51.0,238.6,0.0,0.0,13.0,27.0,17.0,-72.9,2.0
2024-07-21,iran,718.0,141.0,144.0,-528.6,10.0,2.0,31.0,258.0,155.0,-765.1,11.0
2024-07-21,israel,5009.0,913.0,1374.0,-8762.6,72.0,18.0,156.0,1041.0,658.0,-4008.9,45.0
2024-07-21,korea,512.0,61.0,35.0,690.7,8.0,1.0,17.0,65.0,30.0,-134.9,6.0
2024-07-21,libya,42.0,3.0,5.0,83.8,0.0,0.0,0.0,0.0,0.0,0.0,0.0
2024-07-21,scs,1501.0,119.0,163.0,1828.5,1.0,0.0,70.0,258.0,87.0,7.4,18.0
2024-07-21,southasia,5996.0,976.0,720.0,2393.5,5.0,24.0,290.0,14.0,6.0,-55.0,0.0
2024-07-21,sudan,136.0,6.0,6.0,323.5,0.0,0.0,3.0,4.0,0.0,13.6,0.0
2024-07-21,taiwan,295.0,53.0,46.0,46.3,2.0,6.0,11.0,104.0,50.0,-93.0,15.0
2024-07-21,ukraine,1423.0,168.0,321.0,-669.3,1.0,8.0,64.0,463.0,251.0,-1287.8,24.0
2024-07-21,venezuela,135.0,34.0,17.0,42.1,0.0,1.0,12.0,34.0,6.0,62.5,0.0
2024-07-21,yemen,737.0,174.0,283.0,-2783.4,26.0,11.0,4.0,561.0,448.0,-3423.8,35.0
2024-07-22,drc,32.0,4.0,0.0,91.2,0.0,0.0,0.0,7.0,0.0,12.8,0.0
2024-07-22,europe_east,1071.0,62.0,130.0,1681.7,0.0,10.0,71.0,48.0,11.0,69.7,2.0
2024-07-22,iran,950.0,164.0,175.0,-159.3,11.0,2.0,49.0,238.0,120.0,-445.9,12.0
2024-07-22,israel,6864.0,1110.0,1643.0,-7256.2,69.0,22.0,364.0,1436.0,836.0,-4305.8,88.0
2024-07-22,korea,885.0,107.0,67.0,1241.8,2.0,0.0,32.0,112.0,23.0,98.0,2.0
2024-07-22,libya,43.0,8.0,5.0,42.1,1.0,0.0,2.0,0.0,0.0,0.0,0.0
2024-07-22,scs,2203.0,242.0,192.0,2988.9,2.0,5.0,84.0,445.0,129.0,381.4,16.0
2024-07-22,southasia,7090.0,1255.0,929.0,2236.0,20.0,33.0,392.0,13.0,0.0,55.6,0.0
2024-07-22,sudan,484.0,62.0,89.0,37.3,0.0,0.0,39.0,8.0,5.0,-29.0,0.0
2024-07-22,taiwan,337.0,51.0,59.0,107.3,0.0,6.0,8.0,69.0,48.0,-170.7,14.0
2024-07-22,ukraine,2596.0,313.0,421.0,1361.9,10.0,3.0,130.0,805.0,413.0,-1796.9,48.0
2024-07-22,venezuela,346.0,48.0,44.0,359.2,0.0,0.0,35.0,32.0,4.0,79.8,2.0
2024-07-22,yemen,343.0,73.0,125.0,-1055.3,11.0,2.0,4.0,242.0,190.0,-1396.3,11.0
2024-07-23,drc,31.0,3.0,5.0,21.2,0.0,0.0,2.0,23.0,7.0,16.4,0.0
2024-07-23,europe_east,728.0,87.0,86.0,928.9,0.0,2.0,49.0,37.0,17.0,-21.6,8.0
2024-07-23,iran,922.0,137.0,138.0,430.9,10.0,1.0,49.0,204.0,75.0,-79.2,2.0
2024-07-23,israel,8825.0,1374.0,1765.0,-3810.2,62.0,19.0,507.0,1773.0,907.0,-3901.9,87.0
2024-07-23,korea,1002.0,111.0,56.0,1858.8,4.0,2.0,29.0,120.0,25.0,251.3,7.0
2024-07-23,libya,66.0,11.0,16.0,-16.0,0.0,2.0,7.0,0.0,0.0,0.0,0.0
2024-07-23,scs,2205.0,181.0,250.0,3012.3,1.0,2.0,159.0,288.0,73.0,313.8,21.0
2024-07-23,southasia,7276.0,1114.0,679.0,7723.1,5.0,10.0,308.0,18.0,7.0,20.3,4.0
2024-07-23,sudan,328.0,34.0,74.0,-253.1,1.0,0.0,5.0,8.0,4.0,-28.6,0.0
2024-07-23,taiwan,508.0,35.0,62.0,798.2,4.0,5.0,18.0,133.0,52.0,-38.0,23.0
2024-07-23,ukraine,2632.0,269.0,450.0,1866.5,19.0,32.0,142.0,698.0,329.0,-1080.6,50.0
2024-07-23,venezuela,254.0,21.0,33.0,194.9,2.0,3.0,18.0,18.0,2.0,25.6,0.0
2024-07-23,yemen,347.0,59.0,66.0,-302.8,9.0,2.0,7.0,142.0,88.0,-606.1,6.0
2024-07-24,drc,49.0,13.0,14.0,-95.9,0.0,0.0,2.0,20.0,8.0,-7.9,0.0
2024-07-24,europe_east,1068.0,133.0,119.0,1045.6,3.0,13.0,38.0,34.0,13.0,14.6,5.0
2024-07-24,iran,1297.0,281.0,244.0,-726.6,10.0,0.0,80.0,426.0,151.0,107.5,6.0
2024-07-24,israel,10888.0,2004.0,1921.0,-5229.4,57.0,11.0,611.0,1884.0,939.0,-3643.1,99.0
2024-07-24,korea,931.0,131.0,83.0,964.9,2.0,5.0,29.0,111.0,38.0,-58.1,6.0
2024-07-24,libya,88.0,10.0,18.0,13.7,1.0,0.0,8.0,0.0,0.0,0.0,0.0
2024-07-24,scs,2098.0,142.0,170.0,4014.0,2.0,9.0,104.0,208.0,54.0,318.7,9.0
2024-07-24,southasia,8207.0,1405.0,971.0,3586.1,18.0,18.0,425.0,20.0,5.0,4.9,2.0
2024-07-24,sudan,388.0,26.0,38.0,555.8,1.0,0.0,10.0,6.0,5.0,-46.0,0.0
2024-07-24,taiwan,397.0,51.0,48.0,344.4,4.0,2.0,20.0,139.0,45.0,115.8,22.0
2024-07-24,ukraine,2904.0,317.0,427.0,2080.5,8.0,15.0,121.0,879.0,419.0,-1557.2,18.0
2024-07-24,venezuela,358.0,59.0,64.0,127.3,0.0,1.0,43.0,43.0,18.0,15.1,6.0
2024-07-24,yemen,290.0,61.0,64.0,-335.2,7.0,0.0,4.0,124.0,82.0,-590.0,6.0
2024-07-25,drc,29.0,0.0,10.0,-23.8,0.0,0.0,3.0,2.0,1.0,4.4,0.0
2024-07-25,europe_east,1193.0,108.0,162.0,1109.8,2.0,11.0,60.0,70.0,25.0,-50.0,15.0
2024-07-25,iran,1343.0,263.0,264.0,-789.2,10.0,1.0,104.0,494.0,168.0,57.1,17.0
2024-07-25,israel,9599.0,1858.0,1760.0,-5864.5,65.0,18.0,576.0,1705.0,826.0,-2977.6,105.0
2024-07-25,korea,900.0,183.0,94.0,550.4,3.0,1.0,53.0,123.0,87.0,-299.1,26.0
2024-07-25,libya,103.0,5.0,12.0,149.1,0.0,0.0,5.0,0.0,0.0,0.0,0.0
2024-07-25,scs,2312.0,184.0,169.0,3875.9,2.0,2.0,56.0,164.0,49.0,-27.4,4.0
2024-07-25,southasia,8405.0,1318.0,1019.0,4446.5,16.0,21.0,410.0,19.0,3.0,44.7,1.0
2024-07-25,sudan,397.0,33.0,72.0,157.2,2.0,2.0,13.0,6.0,4.0,-40.0,0.0
2024-07-25,taiwan,320.0,26.0,45.0,175.1,4.0,0.0,8.0,80.0,21.0,27.3,12.0
2024-07-25,ukraine,2556.0,295.0,415.0,1566.6,13.0,10.0,122.0,859.0,383.0,-778.4,26.0
2024-07-25,venezuela,468.0,62.0,58.0,599.4,0.0,0.0,42.0,42.0,7.0,93.4,3.0
2024-07-25,yemen,166.0,10.0,37.0,-24.6,1.0,0.0,3.0,69.0,36.0,-226.3,3.0
2024-07-26,drc,39.0,5.0,24.0,-185.7,0.0,0.0,4.0,15.0,0.0,34.1,0.0
2024-07-26,europe_east,816.0,109.0,88.0,820.0,4.0,1.0,24.0,63.0,20.0,104.1,6.0
2024-07-26,iran,967.0,156.0,171.0,1.8,9.0,2.0,63.0,255.0,98.0,-34.3,4.0
2024-07-26,israel,7973.0,1402.0,1404.0,-2795.6,32.0,18.0,467.0,1387.0,655.0,-2386.9,70.0
2024-07-26,korea,1089.0,174.0,108.0,1153.6,4.0,2.0,39.0,116.0,49.0,-8.2,19.0
2024-07-26,libya,152.0,6.0,63.0,-184.9,0.0,0.0,53.0,0.0,0.0,0.0,0.0
2024-07-26,scs,1943.0,158.0,159.0,2853.5,4.0,4.0,69.0,160.0,63.0,-124.2,10.0
2024-07-26,southasia,8457.0,1302.0,1132.0,3036.8,8.0,31.0,396.0,57.0,12.0,114.1,4.0
2024-07-26,sudan,367.0,26.0,52.0,533.0,1.0,1.0,18.0,0.0,0.0,0.0,0.0
2024-07-26,taiwan,273.0,30.0,27.0,355.6,0.0,0.0,14.0,44.0,12.0,25.7,5.0
2024-07-26,ukraine,2095.0,244.0,426.0,41.6,7.0,9.0,147.0,741.0,328.0,-967.0,40.0
2024-07-26,venezuela,568.0,104.0,79.0,260.0,0.0,0.0,67.0,82.0,23.0,68.3,1.0
2024-07-26,yemen,93.0,4.0,14.0,19.3,0.0,0.0,0.0,59.0,32.0,-237.7,6.0
2024-07-27,drc,17.0,0.0,4.0,-8.6,0.0,0.0,2.0,4.0,4.0,-12.0,0.0
2024-07-27,europe_east,401.0,39.0,54.0,497.5,0.0,4.0,16.0,25.0,8.0,-2.7,0.0
2024-07-27,iran,496.0,64.0,49.0,601.6,3.0,0.0,20.0,92.0,36.0,-11.0,0.0
2024-07-27,israel,4587.0,843.0,971.0,-4032.3,42.0,9.0,238.0,934.0,545.0,-2915.1,50.0
2024-07-27,korea,550.0,68.0,41.0,556.9,4.0,4.0,10.0,37.0,19.0,-35.7,4.0
2024-07-27,libya,98.0,6.0,54.0,-266.1,0.0,0.0,45.0,0.0,0.0,0.0,0.0
2024-07-27,scs,1349.0,89.0,130.0,1780.8,0.0,6.0,36.0,391.0,126.0,75.7,14.0
2024-07-27,southasia,6610.0,997.0,961.0,1314.5,6.0,22.0,366.0,50.0,14.0,-8.9,4.0
2024-07-27,sudan,201.0,25.0,58.0,-223.2,0.0,0.0,13.0,4.0,2.0,-6.0,0.0
2024-07-27,taiwan,274.0,33.0,44.0,91.4,3.0,3.0,15.0,114.0,36.0,84.7,0.0
2024-07-27,ukraine,1404.0,118.0,269.0,430.4,8.0,2.0,56.0,569.0,260.0,-1069.0,14.0
2024-07-27,venezuela,435.0,80.0,78.0,-121.9,3.0,1.0,59.0,53.0,19.0,4.3,3.0
2024-07-27,yemen,105.0,15.0,30.0,-124.0,2.0,0.0,2.0,51.0,30.0,-143.6,2.0
2024-07-28,drc,48.0,7.0,12.0,9.1,0.0,0.0,9.0,2.0,2.0,-8.0,0.0
2024-07-28,europe_east,315.0,36.0,36.0,391.5,0.0,3.0,17.0,38.0,17.0,-21.4,5.0
2024-07-28,iran,663.0,108.0,97.0,88.1,12.0,0.0,21.0,191.0,101.0,-326.0,13.0
2024-07-28,israel,3831.0,767.0,846.0,-4330.0,54.0,9.0,124.0,1024.0,638.0,-3417.8,72.0
2024-07-28,korea,844.0,88.0,41.0,1981.6,10.0,0.0,14.0,128.0,22.0,420.8,3.0
2024-07-28,libya,117.0,5.0,51.0,-120.5,0.0,0.0,44.0,0.0,0.0,0.0,0.0
2024-07-28,scs,1310.0,135.0,102.0,2055.8,0.0,9.0,46.0,230.0,84.0,38.7,3.0
2024-07-28,southasia,5526.0,862.0,885.0,-178.2,13.0,5.0,299.0,34.0,16.0,-77.4,5.0
2024-07-28,sudan,263.0,49.0,55.0,-270.6,5.0,0.0,10.0,3.0,3.0,-22.5,0.0
2024-07-28,taiwan,224.0,40.0,17.0,119.3,1.0,3.0,4.0,84.0,32.0,-32.3,4.0
2024-07-28,ukraine,1096.0,109.0,250.0,-217.2,7.0,3.0,55.0,463.0,220.0,-786.5,39.0
2024-07-28,venezuela,493.0,62.0,65.0,70.6,2.0,2.0,38.0,49.0,19.0,-10.7,1.0
2024-07-28,yemen,59.0,4.0,24.0,-128.2,0.0,0.0,1.0,33.0,22.0,-129.8,0.0
2024-07-29,drc,19.0,4.0,0.0,21.5,0.0,0.0,0.0,0.0,0.0,0.0,0.0
2024-07-29,europe_east,772.0,93.0,68.0,1163.5,0.0,3.0,36.0,98.0,19.0,138.4,3.0
2024-07-29,iran,862.0,160.0,154.0,-329.6,6.0,1.0,42.0,224.0,130.0,-337.3,5.0
2024-07-29,israel,5710.0,1077.0,1268.0,-5907.2,107.0,23.0,321.0,1298.0,788.0,-4145.7,83.0
2024-07-29,korea,955.0,101.0,74.0,1830.3,9.0,10.0,29.0,84.0,14.0,214.7,3.0
2024-07-29,libya,189.0,17.0,54.0,-6.3,0.0,1.0,43.0,0.0,0.0,0.0,0.0
2024-07-29,scs,1914.0,207.0,216.0,2342.3,2.0,14.0,75.0,220.0,86.0,-232.1,3.0
2024-07-29,southasia,6934.0,1138.0,915.0,2565.1,10.0,8.0,387.0,22.0,1.0,57.1,0.0
2024-07-29,sudan,509.0,64.0,133.0,-676.8,5.0,0.0,18.0,3.0,3.0,-29.5,0.0
2024-07-29,taiwan,360.0,44.0,14.0,540.1,6.0,0.0,11.0,86.0,31.0,-5.4,3.0
2024-07-29,ukraine,1961.0,184.0,334.0,930.9,7.0,15.0,56.0,616.0,308.0,-1135.3,30.0
2024-07-29,venezuela,1716.0,335.0,175.0,463.0,1.0,2.0,122.0,230.0,70.0,34.9,6.0
2024-07-29,yemen,101.0,11.0,31.0,-114.7,0.0,0.0,4.0,27.0,15.0,-119.7,0.0
2024-07-30,drc,17.0,3.0,0.0,26.4,0.0,0.0,0.0,19.0,10.0,-1.0,0.0
2024-07-30,europe_east,820.0,78.0,90.0,1118.1,3.0,4.0,34.0,68.0,16.0,62.7,2.0
2024-07-30,iran,1421.0,186.0,183.0,965.9,16.0,4.0,84.0,350.0,152.0,-257.4,12.0
2024-07-30,israel,6857.0,1442.0,1784.0,-11841.1,130.0,18.0,458.0,1659.0,971.0,-5147.0,105.0
2024-07-30,korea,847.0,106.0,62.0,1348.6,3.0,3.0,40.0,61.0,17.0,50.7,4.0
2024-07-30,libya,117.0,6.0,35.0,-49.4,0.0,1.0,25.0,0.0,0.0,0.0,0.0
2024-07-30,scs,2781.0,230.0,269.0,4434.4,10.0,9.0,99.0,387.0,102.0,528.8,10.0
2024-07-30,southasia,7989.0,1110.0,1070.0,5408.8,13.0,48.0,448.0,0.0,0.0,0.0,0.0
2024-07-30,sudan,286.0,20.0,42.0,277.6,0.0,0.0,9.0,6.0,5.0,-39.0,0.0
2024-07-30,taiwan,479.0,64.0,43.0,561.9,0.0,0.0,23.0,177.0,63.0,23.6,15.0
2024-07-30,ukraine,2197.0,195.0,341.0,1740.6,6.0,3.0,92.0,693.0,360.0,-1596.5,38.0
2024-07-30,venezuela,2607.0,608.0,503.0,-1455.4,2.0,7.0,339.0,371.0,92.0,514.6,8.0
2024-07-30,yemen,53.0,2.0,19.0,-78.7,1.0,0.0,5.0,16.0,7.0,-27.1,1.0
2024-07-31,drc,46.0,14.0,11.0,-54.1,0.0,0.0,10.0,57.0,33.0,-98.1,4.0
2024-07-31,europe_east,631.0,68.0,87.0,700.4,3.0,2.0,35.0,46.0,32.0,-129.6,13.0
2024-07-31,iran,5101.0,832.0,1129.0,-6289.5,72.0,5.0,82.0,1620.0,906.0,-4345.4,73.0
2024-07-31,israel,12089.0,2383.0,3225.0,-21369.0,183.0,25.0,459.0,4207.0,2522.0,-13406.2,231.0
2024-07-31,korea,865.0,108.0,55.0,1444.6,0.0,0.0,35.0,42.0,11.0,-11.2,0.0
2024-07-31,libya,77.0,9.0,21.0,19.3,0.0,0.0,10.0,0.0,0.0,0.0,0.0
2024-07-31,scs,2230.0,168.0,234.0,3253.3,0.0,13.0,94.0,184.0,58.0,207.1,14.0
2024-07-31,southasia,7599.0,1038.0,954.0,5743.9,9.0,21.0,427.0,19.0,4.0,11.0,1.0
2024-07-31,sudan,495.0,43.0,124.0,-375.4,3.0,2.0,13.0,14.0,4.0,-15.9,0.0
2024-07-31,taiwan,441.0,67.0,43.0,440.3,0.0,1.0,27.0,116.0,44.0,75.9,2.0
2024-07-31,ukraine,1905.0,200.0,401.0,-139.7,7.0,15.0,66.0,639.0,332.0,-1492.4,40.0
2024-07-31,venezuela,1498.0,302.0,258.0,-243.7,7.0,5.0,157.0,231.0,69.0,1.2,9.0
2024-07-31,yemen,138.0,23.0,33.0,-201.1,2.0,0.0,1.0,37.0,18.0,-97.7,0.0
2024-08-01,drc,8.0,1.0,0.0,24.4,0.0,0.0,0.0,19.0,4.0,38.2,0.0
2024-08-01,europe_east,900.0,111.0,163.0,210.0,5.0,5.0,71.0,115.0,52.0,-126.9,31.0
2024-08-01,iran,4019.0,791.0,948.0,-6341.0,65.0,14.0,76.0,1518.0,876.0,-4395.5,78.0
2024-08-01,israel,10580.0,2044.0,2730.0,-18305.3,171.0,27.0,409.0,3595.0,2129.0,-11555.3,202.0
2024-08-01,korea,739.0,85.0,47.0,1166.1,1.0,2.0,23.0,106.0,20.0,191.0,0.0
2024-08-01,libya,103.0,8.0,25.0,-71.2,0.0,0.0,3.0,2.0,0.0,-0.8,0.0
2024-08-01,scs,2214.0,187.0,143.0,4093.8,2.0,4.0,75.0,125.0,29.0,200.9,3.0
2024-08-01,southasia,8133.0,1248.0,1048.0,4309.0,12.0,33.0,485.0,16.0,10.0,-55.7,1.0
2024-08-01,sudan,464.0,41.0,94.0,-138.1,0.0,2.0,17.0,8.0,5.0,-45.3,0.0
2024-08-01,taiwan,391.0,60.0,53.0,166.4,1.0,2.0,23.0,121.0,46.0,14.4,17.0
2024-08-01,ukraine,2376.0,301.0,483.0,522.7,9.0,5.0,202.0,775.0,407.0,-1528.4,46.0
2024-08-01,venezuela,1231.0,256.0,220.0,-107.2,7.0,4.0,144.0,181.0,78.0,-83.4,24.0
2024-08-01,yemen,164.0,15.0,52.0,-301.7,2.0,0.0,4.0,86.0,63.0,-451.8,3.0
2024-08-02,drc,15.0,0.0,2.0,11.5,0.0,0.0,1.0,23.0,6.0,42.2,1.0
2024-08-02,europe_east,996.0,89.0,121.0,2000.9,3.0,8.0,73.0,115.0,61.0,-114.0,31.0
2024-08-02,iran,2767.0,509.0,733.0,-5056.0,50.0,10.0,115.0,1026.0,625.0,-3271.3,44.0
2024-08-02,israel,8433.0,1392.0,2216.0,-10658.8,96.0,19.0,463.0,2269.0,1419.0,-8175.2,127.0
2024-08-02,korea,673.0,72.0,57.0,1339.3,3.0,0.0,37.0,84.0,20.0,137.0,1.0
2024-08-02,libya,48.0,3.0,13.0,27.4,0.0,4.0,4.0,0.0,0.0,0.0,0.0
2024-08-02,scs,1824.0,101.0,138.0,3899.5,1.0,6.0,57.0,160.0,57.0,128.3,27.0
2024-08-02,southasia,7513.0,1191.0,971.0,3729.7,28.0,27.0,441.0,16.0,5.0,2.2,0.0
2024-08-02,sudan,362.0,51.0,63.0,-28.1,5.0,5.0,17.0,4.0,3.0,-28.5,0.0
2024-08-02,taiwan,307.0,28.0,28.0,437.1,0.0,0.0,15.0,89.0,35.0,-22.9,12.0
2024-08-02,ukraine,1967.0,251.0,393.0,617.3,15.0,4.0,158.0,636.0,314.0,-811.5,45.0
2024-08-02,venezuela,1380.0,289.0,239.0,-184.4,2.0,4.0,163.0,257.0,98.0,50.9,16.0
2024-08-02,yemen,212.0,9.0,48.0,-64.9,3.0,1.0,11.0,63.0,52.0,-381.4,6.0
2024-08-03,drc,5.0,0.0,4.0,-29.6,0.0,0.0,2.0,25.0,7.0,51.8,1.0
2024-08-03,europe_east,343.0,28.0,53.0,287.7,4.0,0.0,24.0,55.0,20.0,-37.3,3.0
2024-08-03,iran,1862.0,370.0,521.0,-4072.6,41.0,22.0,65.0,676.0,444.0,-2614.0,42.0
2024-08-03,israel,5403.0,945.0,1547.0,-9565.3,65.0,36.0,285.0,1692.0,1152.0,-7284.2,90.0
2024-08-03,korea,474.0,62.0,30.0,895.8,6.0,0.0,14.0,67.0,22.0,32.7,0.0
2024-08-03,libya,69.0,9.0,7.0,72.3,4.0,0.0,3.0,0.0,0.0,0.0,0.0
2024-08-03,scs,1009.0,67.0,122.0,1061.3,1.0,4.0,34.0,84.0,21.0,63.9,5.0
2024-08-03,southasia,5933.0,1019.0,745.0,3331.2,22.0,14.0,350.0,10.0,5.0,-21.8,0.0
2024-08-03,sudan,186.0,37.0,27.0,-75.8,0.0,0.0,0.0,4.0,2.0,-18.0,0.0
2024-08-03,taiwan,140.0,26.0,16.0,-0.0,2.0,1.0,4.0,35.0,16.0,-38.3,5.0
2024-08-03,ukraine,1180.0,139.0,278.0,-479.6,10.0,3.0,77.0,466.0,300.0,-1704.7,30.0
2024-08-03,venezuela,788.0,147.0,113.0,145.6,1.0,1.0,73.0,116.0,52.0,-24.9,2.0
2024-08-03,yemen,129.0,39.0,36.0,-298.0,2.0,2.0,1.0,36.0,26.0,-182.0,5.0
2024-08-04,drc,10.0,0.0,6.0,-31.0,0.0,0.0,5.0,19.0,17.0,-56.7,3.0
2024-08-04,europe_east,398.0,34.0,54.0,528.0,0.0,2.0,40.0,45.0,35.0,-93.4,18.0
2024-08-04,iran,1844.0,342.0,442.0,-2768.9,51.0,8.0,57.0,770.0,412.0,-2028.9,36.0
2024-08-04,israel,6248.0,1165.0,1775.0,-11546.2,94.0,37.0,289.0,1902.0,1244.0,-7597.0,92.0
2024-08-04,korea,376.0,45.0,40.0,512.0,2.0,0.0,21.0,35.0,7.0,66.0,0.0
2024-08-04,libya,44.0,8.0,3.0,64.4,0.0,0.0,0.0,0.0,0.0,0.0,0.0
2024-08-04,scs,838.0,85.0,71.0,1374.5,4.0,1.0,26.0,104.0,29.0,143.7,2.0
2024-08-04,southasia,5094.0,791.0,683.0,2047.0,22.0,25.0,331.0,15.0,6.0,5.0,0.0
2024-08-04,sudan,172.0,16.0,51.0,-237.9,2.0,0.0,2.0,11.0,10.0,-93.8,1.0
2024-08-04,taiwan,158.0,18.0,17.0,176.7,0.0,1.0,9.0,41.0,16.0,-33.8,7.0
2024-08-04,ukraine,1190.0,157.0,252.0,-328.6,24.0,5.0,43.0,470.0,257.0,-1198.6,30.0
2024-08-04,venezuela,634.0,129.0,85.0,-57.5,5.0,3.0,61.0,146.0,64.0,-162.3,11.0
2024-08-04,yemen,155.0,16.0,74.0,-615.4,1.0,2.0,1.0,73.0,59.0,-490.6,3.0
2024-08-05,drc,9.0,3.0,0.0,-1.0,0.0,0.0,0.0,28.0,12.0,-24.3,2.0
2024-08-05,europe_east,695.0,71.0,74.0,1190.0,1.0,2.0,46.0,105.0,41.0,-60.7,26.0
2024-08-05,iran,2984.0,513.0,672.0,-3835.6,99.0,17.0,83.0,1200.0,646.0,-3315.9,101.0
2024-08-05,israel,8391.0,1486.0,2194.0,-12064.8,172.0,42.0,472.0,2552.0,1591.0,-9277.6,175.0
2024-08-05,korea,637.0,85.0,70.0,537.6,4.0,2.0,17.0,54.0,32.0,-103.4,1.0
2024-08-05,libya,68.0,8.0,9.0,59.8,0.0,0.0,6.0,0.0,0.0,0.0,0.0
2024-08-05,scs,1756.0,159.0,140.0,3061.1,1.0,3.0,58.0,195.0,64.0,135.6,7.0
2024-08-05,southasia,8765.0,1501.0,1149.0,2880.3,18.0,52.0,463.0,34.0,11.0,13.7,2.0
2024-08-05,sudan,414.0,54.0,120.0,-574.4,1.0,0.0,24.0,15.0,8.0,-61.6,0.0
2024-08-05,taiwan,229.0,28.0,18.0,251.4,3.0,5.0,8.0,54.0,14.0,26.8,0.0
2024-08-05,ukraine,1993.0,249.0,407.0,-65.5,15.0,6.0,80.0,615.0,321.0,-1376.1,21.0
2024-08-05,venezuela,717.0,127.0,81.0,785.0,1.0,0.0,50.0,81.0,22.0,21.5,0.0
2024-08-05,yemen,128.0,7.0,48.0,-299.0,0.0,1.0,1.0,54.0,41.0,-309.2,2.0
2024-08-06,drc,23.0,0.0,3.0,48.1,0.0,0.0,0.0,29.0,14.0,6.9,2.0
2024-08-06,europe_east,642.0,75.0,123.0,177.0,2.0,2.0,65.0,64.0,26.0,-74.2,12.0
2024-08-06,iran,3130.0,569.0,779.0,-4650.7,77.0,15.0,144.0,1128.0,655.0,-3268.0,98.0
2024-08-06,israel,8572.0,1590.0,2331.0,-15019.5,165.0,35.0,425.0,2448.0,1539.0,-8984.9,200.0
2024-08-06,korea,750.0,92.0,61.0,981.4,1.0,3.0,34.0,36.0,21.0,-66.4,3.0
2024-08-06,libya,55.0,7.0,6.0,52.9,0.0,0.0,2.0,0.0,0.0,0.0,0.0
2024-08-06,scs,1565.0,130.0,120.0,2481.6,6.0,2.0,70.0,109.0,30.0,55.8,7.0
2024-08-06,southasia,9238.0,1253.0,1056.0,7028.8,13.0,47.0,501.0,29.0,6.0,43.7,4.0
2024-08-06,sudan,518.0,69.0,92.0,-49.0,3.0,0.0,34.0,12.0,8.0,-51.6,1.0
2024-08-06,taiwan,251.0,28.0,17.0,299.0,1.0,1.0,11.0,41.0,10.0,2.1,1.0
2024-08-06,ukraine,1729.0,198.0,394.0,-390.3,13.0,3.0,89.0,617.0,389.0,-2254.5,31.0
2024-08-06,venezuela,640.0,129.0,72.0,115.1,0.0,1.0,38.0,67.0,18.0,37.8,1.0
2024-08-06,yemen,71.0,6.0,34.0,-269.1,0.0,1.0,1.0,30.0,20.0,-168.3,0.0
2024-08-07,drc,33.0,5.0,1.0,53.2,0.0,0.0,0.0,23.0,6.0,48.8,0.0
2024-08-07,europe_east,761.0,71.0,136.0,279.3,3.0,9.0,78.0,40.0,21.0,-64.9,14.0
2024-08-07,iran,2646.0,426.0,748.0,-4476.5,64.0,21.0,141.0,950.0,550.0,-3101.1,87.0
2024-08-07,israel,7684.0,1474.0,1941.0,-11458.8,132.0,24.0,389.0,2100.0,1255.0,-7099.0,160.0
2024-08-07,korea,706.0,75.0,65.0,808.2,3.0,0.0,23.0,39.0,13.0,-63.1,2.0
2024-08-07,libya,119.0,11.0,35.0,-9.7,1.0,0.0,24.0,1.0,1.0,-2.0,0.0
2024-08-07,scs,1645.0,173.0,209.0,1895.7,2.0,8.0,89.0,229.0,100.0,-158.4,25.0
2024-08-07,southasia,8055.0,1107.0,1041.0,4933.2,11.0,19.0,501.0,14.0,5.0,7.6,2.0
2024-08-07,sudan,423.0,51.0,89.0,23.3,0.0,0.0,49.0,9.0,7.0,-28.0,0.0
2024-08-07,taiwan,323.0,28.0,17.0,601.0,1.0,1.0,4.0,108.0,31.0,137.9,6.0
2024-08-07,ukraine,2403.0,302.0,678.0,-2593.0,10.0,12.0,136.0,1230.0,773.0,-4690.3,43.0
2024-08-07,venezuela,673.0,175.0,103.0,-324.7,1.0,1.0,60.0,120.0,34.0,-1.9,5.0
2024-08-07,yemen,156.0,22.0,40.0,-240.9,2.0,0.0,4.0,26.0,15.0,-108.2,1.0
2024-08-08,drc,45.0,7.0,6.0,1.3,0.0,0.0,4.0,41.0,7.0,80.8,2.0
2024-08-08,europe_east,814.0,126.0,132.0,411.7,0.0,2.0,83.0,53.0,19.0,8.2,12.0
2024-08-08,iran,2101.0,380.0,513.0,-3013.0,62.0,3.0,91.0,762.0,421.0,-2191.9,62.0
2024-08-08,israel,7289.0,1385.0,1727.0,-8954.9,119.0,17.0,408.0,2042.0,1159.0,-5960.6,150.0
2024-08-08,korea,768.0,128.0,80.0,684.1,1.0,0.0,45.0,83.0,48.0,-125.9,16.0
2024-08-08,libya,86.0,10.0,21.0,-60.9,0.0,0.0,9.0,1.0,0.0,3.0,0.0
2024-08-08,scs,1529.0,141.0,179.0,2192.4,1.0,0.0,104.0,162.0,42.0,152.5,8.0
2024-08-08,southasia,7748.0,1106.0,818.0,6389.3,5.0,7.0,449.0,15.0,1.0,79.0,1.0
2024-08-08,sudan,296.0,43.0,34.0,259.8,3.0,0.0,5.0,1.0,1.0,-10.0,0.0
2024-08-08,taiwan,307.0,52.0,26.0,244.6,2.0,0.0,10.0,73.0,17.0,79.1,4.0
2024-08-08,ukraine,2766.0,340.0,780.0,-2865.2,13.0,23.0,154.0,1424.0,897.0,-4843.5,107.0
2024-08-08,venezuela,695.0,170.0,113.0,-261.8,2.0,0.0,91.0,110.0,34.0,69.8,5.0
2024-08-08,yemen,186.0,23.0,80.0,-600.1,4.0,1.0,10.0,57.0,37.0,-283.1,1.0
2024-08-09,drc,110.0,23.0,11.0,79.7,0.0,0.0,4.0,35.0,13.0,67.1,1.0
2024-08-09,europe_east,705.0,77.0,99.0,642.4,5.0,3.0,46.0,45.0,13.0,6.6,5.0
2024-08-09,iran,1893.0,330.0,410.0,-1607.0,41.0,2.0,89.0,761.0,400.0,-1908.7,68.0
2024-08-09,israel,6617.0,1183.0,1709.0,-9308.0,87.0,14.0,331.0,1908.0,1087.0,-5897.2,99.0
2024-08-09,korea,582.0,57.0,101.0,166.8,5.0,3.0,38.0,64.0,27.0,-82.0,17.0
2024-08-09,libya,56.0,4.0,17.0,-60.2,1.0,0.0,13.0,0.0,0.0,0.0,0.0
2024-08-09,scs,1455.0,150.0,164.0,1608.2,2.0,3.0,81.0,109.0,26.0,113.3,0.0
2024-08-09,southasia,7790.0,1153.0,971.0,4568.1,16.0,15.0,514.0,17.0,5.0,-12.8,3.0
2024-08-09,sudan,402.0,30.0,84.0,13.3,0.0,5.0,25.0,4.0,1.0,-1.4,0.0
2024-08-09,taiwan,269.0,28.0,40.0,67.9,0.0,0.0,18.0,59.0,23.0,-17.0,6.0
2024-08-09,ukraine,2503.0,355.0,686.0,-2988.4,20.0,25.0,171.0,1421.0,875.0,-5098.5,101.0
2024-08-09,venezuela,783.0,159.0,155.0,-428.9,0.0,1.0,131.0,105.0,29.0,51.1,6.0
2024-08-09,yemen,183.0,25.0,76.0,-537.4,5.0,0.0,9.0,76.0,56.0,-399.0,2.0
2024-08-10,drc,17.0,2.0,0.0,31.5,0.0,0.0,0.0,5.0,5.0,-22.0,0.0
2024-08-10,europe_east,339.0,44.0,58.0,212.2,0.0,2.0,35.0,58.0,20.0,35.7,10.0
2024-08-10,iran,1246.0,208.0,343.0,-1793.8,17.0,4.0,61.0,446.0,249.0,-1143.4,30.0
2024-08-10,israel,4887.0,915.0,1237.0,-7067.2,50.0,8.0,149.0,1382.0,812.0,-4577.6,45.0
2024-08-10,korea,435.0,36.0,37.0,735.2,0.0,0.0,13.0,65.0,12.0,159.0,1.0
2024-08-10,libya,81.0,12.0,18.0,-29.6,0.0,2.0,4.0,0.0,0.0,0.0,0.0
2024-08-10,scs,1031.0,129.0,95.0,1544.3,1.0,0.0,46.0,225.0,112.0,-83.1,8.0
2024-08-10,southasia,6938.0,985.0,878.0,3822.1,19.0,24.0,367.0,7.0,0.0,25.0,0.0
2024-08-10,sudan,224.0,24.0,36.0,41.7,1.0,0.0,3.0,0.0,0.0,0.0,0.0
2024-08-10,taiwan,252.0,24.0,43.0,103.9,0.0,0.0,16.0,68.0,23.0,7.1,12.0
2024-08-10,ukraine,1842.0,238.0,543.0,-2656.7,19.0,49.0,113.0,974.0,601.0,-3563.4,117.0
2024-08-10,venezuela,478.0,100.0,59.0,105.2,3.0,2.0,47.0,59.0,17.0,50.8,3.0
2024-08-10,yemen,95.0,13.0,41.0,-261.3,1.0,1.0,7.0,42.0,39.0,-336.9,1.0
2024-08-11,drc,31.0,6.0,13.0,-48.6,0.0,0.0,9.0,22.0,13.0,18.7,0.0
2024-08-11,europe_east,261.0,40.0,27.0,193.8,0.0,0.0,12.0,27.0,7.0,41.2,2.0
2024-08-11,iran,1239.0,216.0,300.0,-1672.7,35.0,7.0,81.0,491.0,278.0,-1438.2,52.0
2024-08-11,israel,4297.0,906.0,1194.0,-8024.1,59.0,11.0,183.0,1155.0,751.0,-4683.8,60.0
2024-08-11,korea,324.0,37.0,30.0,429.2,1.0,0.0,7.0,16.0,5.0,24.0,0.0
2024-08-11,libya,56.0,9.0,17.0,-128.6,1.0,3.0,2.0,0.0,0.0,0.0,0.0
2024-08-11,scs,848.0,147.0,115.0,370.1,0.0,3.0,35.0,168.0,119.0,-308.3,4.0
2024-08-11,southasia,5915.0,909.0,922.0,862.0,13.0,21.0,332.0,6.0,0.0,10.7,0.0
2024-08-11,sudan,236.0,31.0,56.0,-310.4,1.0,0.0,8.0,7.0,1.0,3.2,0.0
2024-08-11,taiwan,159.0,14.0,17.0,179.4,1.0,0.0,4.0,23.0,6.0,-0.8,0.0
2024-08-11,ukraine,1916.0,266.0,609.0,-3367.8,13.0,46.0,91.0,1337.0,809.0,-4332.7,92.0
2024-08-11,venezuela,340.0,57.0,43.0,209.0,0.0,0.0,33.0,48.0,16.0,7.8,1.0
2024-08-11,yemen,15.0,4.0,6.0,-52.4,0.0,2.0,0.0,14.0,10.0,-71.1,0.0
2024-08-12,drc,48.0,1.0,10.0,22.9,0.0,0.0,1.0,20.0,7.0,33.9,0.0
2024-08-12,europe_east,625.0,62.0,74.0,845.5,1.0,0.0,43.0,70.0,34.0,-10.0,6.0
2024-08-12,iran,2233.0,445.0,517.0,-3512.1,109.0,18.0,89.0,901.0,506.0,-2739.2,82.0
2024-08-12,israel,7087.0,1359.0,1917.0,-11679.8,120.0,46.0,363.0,2031.0,1228.0,-7145.7,136.0
2024-08-12,korea,743.0,95.0,89.0,562.3,12.0,4.0,23.0,92.0,48.0,-166.0,13.0
2024-08-12,libya,121.0,12.0,13.0,229.6,0.0,1.0,5.0,0.0,0.0,0.0,0.0
2024-08-12,scs,1508.0,240.0,195.0,668.4,4.0,1.0,76.0,253.0,137.0,-226.1,9.0
2024-08-12,southasia,8380.0,1237.0,1189.0,2426.8,24.0,33.0,442.0,11.0,1.0,13.3,0.0
2024-08-12,sudan,678.0,75.0,105.0,186.3,0.0,0.0,31.0,24.0,9.0,-16.8,0.0
2024-08-12,taiwan,187.0,24.0,13.0,273.7,0.0,0.0,9.0,53.0,9.0,115.7,7.0
2024-08-12,ukraine,3153.0,529.0,858.0,-4209.9,19.0,58.0,141.0,2017.0,1255.0,-5958.2,104.0
2024-08-12,venezuela,480.0,93.0,91.0,-21.3,0.0,1.0,65.0,94.0,37.0,-0.5,9.0
2024-08-12,yemen,66.0,2.0,23.0,-113.4,0.0,0.0,1.0,41.0,27.0,-174.1,0.0
2024-08-13,drc,77.0,5.0,9.0,70.1,0.0,0.0,3.0,18.0,14.0,-47.4,7.0
2024-08-13,europe_east,870.0,72.0,101.0,1849.5,4.0,2.0,58.0,27.0,8.0,-20.8,5.0
2024-08-13,iran,2400.0,532.0,448.0,-2578.6,100.0,17.0,68.0,913.0,481.0,-2182.9,101.0
2024-08-13,israel,7374.0,1343.0,1930.0,-10503.3,104.0,32.0,419.0,1951.0,1185.0,-6405.9,121.0
2024-08-13,korea,739.0,107.0,59.0,900.8,5.0,0.0,26.0,56.0,17.0,82.1,0.0
2024-08-13,libya,98.0,12.0,20.0,-47.6,0.0,2.0,3.0,0.0,0.0,0.0,0.0
2024-08-13,scs,1784.0,262.0,161.0,1899.8,4.0,0.0,74.0,277.0,117.0,-30.1,1.0
2024-08-13,southasia,9188.0,1549.0,1552.0,-1710.6,28.0,30.0,552.0,23.0,11.0,-35.4,3.0
2024-08-13,sudan,485.0,64.0,68.0,193.2,0.0,1.0,19.0,12.0,10.0,-74.6,0.0
2024-08-13,taiwan,351.0,46.0,36.0,680.3,0.0,3.0,24.0,95.0,39.0,-9.7,21.0
2024-08-13,ukraine,3060.0,447.0,782.0,-3014.2,29.0,27.0,159.0,1940.0,1111.0,-5158.5,132.0
2024-08-13,venezuela,405.0,79.0,82.0,-254.7,1.0,1.0,43.0,125.0,43.0,-8.4,10.0
2024-08-13,yemen,134.0,11.0,50.0,-220.8,2.0,0.0,14.0,65.0,41.0,-352.2,0.0
2024-08-14,drc,124.0,6.0,6.0,258.1,0.0,0.0,0.0,14.0,4.0,17.8,2.0
2024-08-14,europe_east,1125.0,81.0,165.0,970.7,8.0,6.0,97.0,105.0,32.0,28.4,18.0
2024-08-14,iran,1809.0,360.0,373.0,-1908.8,49.0,11.0,71.0,771.0,394.0,-1697.8,59.0
2024-08-14,israel,7299.0,1418.0,1661.0,-7249.0,92.0,15.0,425.0,1940.0,1145.0,-6215.6,111.0
2024-08-14,korea,740.0,71.0,51.0,1274.5,0.0,1.0,26.0,43.0,15.0,13.0,1.0
2024-08-14,libya,58.0,4.0,15.0,-40.6,1.0,0.0,8.0,0.0,0.0,0.0,0.0
2024-08-14,scs,1493.0,169.0,126.0,2137.3,2.0,2.0,63.0,135.0,44.0,50.2,0.0
2024-08-14,southasia,8649.0,1387.0,1540.0,-1822.3,31.0,36.0,495.0,40.0,9.0,26.1,4.0
2024-08-14,sudan,645.0,105.0,78.0,434.0,1.0,3.0,29.0,16.0,13.0,-58.6,3.0
2024-08-14,taiwan,351.0,28.0,42.0,425.4,1.0,2.0,29.0,82.0,36.0,-40.7,30.0
2024-08-14,ukraine,3407.0,429.0,838.0,-2565.1,26.0,36.0,182.0,2056.0,1134.0,-5072.8,187.0
2024-08-14,venezuela,429.0,101.0,81.0,-217.0,1.0,2.0,61.0,99.0,30.0,21.6,8.0
2024-08-14,yemen,81.0,10.0,41.0,-287.3,0.0,0.0,6.0,24.0,17.0,-142.8,1.0
2024-08-15,drc,62.0,7.0,8.0,-8.3,2.0,0.0,1.0,21.0,3.0,1.8,0.0
2024-08-15,europe_east,774.0,76.0,124.0,667.0,0.0,6.0,66.0,83.0,36.0,-98.7,23.0
2024-08-15,iran,1439.0,259.0,351.0,-2220.3,39.0,8.0,65.0,533.0,317.0,-1681.3,48.0
2024-08-15,israel,7697.0,1453.0,1692.0,-7531.1,107.0,29.0,407.0,1822.0,1067.0,-5922.6,105.0
2024-08-15,korea,1054.0,129.0,74.0,1396.5,2.0,7.0,32.0,145.0,46.0,91.0,12.0
2024-08-15,libya,99.0,7.0,35.0,-81.9,0.0,0.0,30.0,1.0,0.0,3.0,0.0
2024-08-15,scs,1421.0,135.0,130.0,2284.4,1.0,1.0,61.0,158.0,38.0,192.0,7.0
2024-08-15,southasia,8237.0,1256.0,1461.0,-3211.0,18.0,18.0,458.0,27.0,9.0,-13.0,0.0
2024-08-15,sudan,807.0,130.0,90.0,498.6,2.0,0.0,21.0,26.0,15.0,-33.4,3.0
2024-08-15,taiwan,261.0,26.0,31.0,304.9,1.0,0.0,28.0,67.0,28.0,-56.8,22.0
2024-08-15,ukraine,3672.0,383.0,957.0,-2083.4,25.0,40.0,222.0,2097.0,1123.0,-4689.1,194.0
2024-08-15,venezuela,542.0,139.0,42.0,196.1,1.0,1.0,26.0,110.0,47.0,-37.8,10.0
2024-08-15,yemen,108.0,15.0,23.0,-2.9,3.0,1.0,11.0,21.0,12.0,-74.3,0.0
2024-08-16,drc,55.0,1.0,3.0,46.0,0.0,0.0,1.0,11.0,4.0,-2.4,0.0
2024-08-16,europe_east,715.0,96.0,113.0,375.5,0.0,5.0,71.0,54.0,15.0,67.4,9.0
2024-08-16,iran,1429.0,256.0,295.0,-1143.0,51.0,8.0,42.0,463.0,229.0,-1009.4,39.0
2024-08-16,israel,7327.0,1328.0,1711.0,-8128.3,80.0,16.0,402.0,1877.0,1062.0,-5588.2,111.0
2024-08-16,korea,836.0,102.0,62.0,1015.3,1.0,1.0,30.0,130.0,21.0,175.6,2.0
2024-08-16,libya,124.0,14.0,17.0,133.9,1.0,0.0,15.0,0.0,0.0,0.0,0.0
2024-08-16,scs,1601.0,156.0,187.0,2075.0,2.0,4.0,91.0,255.0,52.0,511.7,4.0
2024-08-16,southasia,8508.0,1442.0,1400.0,-2239.3,21.0,13.0,483.0,22.0,4.0,23.4,0.0
2024-08-16,sudan,673.0,66.0,96.0,700.2,1.0,0.0,37.0,12.0,2.0,24.5,0.0
2024-08-16,taiwan,271.0,46.0,44.0,101.6,3.0,0.0,27.0,45.0,24.0,-52.0,13.0
2024-08-16,ukraine,3364.0,404.0,824.0,-2162.2,34.0,41.0,175.0,1958.0,1057.0,-4467.4,145.0
2024-08-16,venezuela,530.0,112.0,78.0,-135.6,0.0,0.0,53.0,104.0,27.0,57.5,9.0
2024-08-16,yemen,159.0,39.0,48.0,-339.1,5.0,0.0,8.0,18.0,15.0,-67.0,2.0
2024-08-17,drc,36.0,2.0,2.0,63.6,0.0,0.0,1.0,5.0,0.0,16.3,0.0
2024-08-17,europe_east,325.0,38.0,64.0,12.1,0.0,0.0,32.0,37.0,10.0,77.0,4.0
2024-08-17,iran,828.0,176.0,174.0,-1080.2,41.0,1.0,26.0,361.0,186.0,-803.4,44.0
2024-08-17,israel,5169.0,963.0,1302.0,-7255.8,95.0,6.0,228.0,1625.0,1028.0,-5914.9,107.0
2024-08-17,korea,398.0,54.0,24.0,530.1,3.0,2.0,15.0,39.0,16.0,-34.1,4.0
2024-08-17,libya,85.0,7.0,12.0,76.9,1.0,0.0,9.0,0.0,0.0,0.0,0.0
2024-08-17,scs,892.0,98.0,99.0,978.9,2.0,3.0,43.0,130.0,37.0,205.6,0.0
2024-08-17,southasia,8311.0,1639.0,1502.0,-4590.3,56.0,17.0,549.0,37.0,18.0,-68.0,9.0
2024-08-17,sudan,574.0,79.0,92.0,89.9,3.0,0.0,26.0,18.0,3.0,25.8,0.0
2024-08-17,taiwan,204.0,22.0,15.0,236.0,0.0,2.0,5.0,34.0,9.0,-8.6,0.0
2024-08-17,ukraine,1881.0,242.0,461.0,-1276.9,11.0,11.0,76.0,1287.0,740.0,-3583.5,74.0
2024-08-17,venezuela,359.0,90.0,35.0,-0.7,2.0,3.0,13.0,54.0,18.0,1.1,0.0
2024-08-17,yemen,45.0,10.0,13.0,-79.1,0.0,0.0,0.0,7.0,7.0,-38.0,0.0
2024-08-18,drc,22.0,2.0,2.0,25.2,0.0,0.0,2.0,5.0,0.0,14.4,0.0
2024-08-18,europe_east,279.0,32.0,40.0,84.9,2.0,1.0,11.0,37.0,20.0,-76.2,0.0
2024-08-18,iran,681.0,157.0,148.0,-846.7,19.0,3.0,28.0,256.0,136.0,-527.6,26.0
2024-08-18,israel,5171.0,910.0,1277.0,-6200.1,57.0,7.0,239.0,1460.0,913.0,-5062.9,68.0
2024-08-18,korea,598.0,85.0,77.0,655.9,0.0,1.0,18.0,57.0,13.0,141.8,2.0
2024-08-18,libya,124.0,16.0,41.0,-118.2,0.0,0.0,27.0,0.0,0.0,0.0,0.0
2024-08-18,scs,1343.0,136.0,121.0,2351.4,0.0,9.0,48.0,378.0,73.0,515.5,4.0
2024-08-18,southasia,6520.0,1130.0,1053.0,-1125.0,33.0,11.0,336.0,19.0,9.0,-11.1,3.0
2024-08-18,sudan,219.0,24.0,69.0,-313.8,0.0,1.0,13.0,2.0,0.0,9.0,0.0
2024-08-18,taiwan,136.0,18.0,15.0,132.6,2.0,1.0,5.0,38.0,8.0,44.7,0.0
2024-08-18,ukraine,1879.0,274.0,554.0,-2610.1,18.0,57.0,77.0,1153.0,756.0,-4317.5,78.0
2024-08-18,venezuela,409.0,108.0,29.0,75.3,2.0,4.0,14.0,71.0,22.0,-26.8,0.0
2024-08-18,yemen,85.0,6.0,34.0,-224.9,1.0,0.0,11.0,21.0,10.0,-27.2,0.0
2024-08-19,drc,87.0,8.0,15.0,-17.3,0.0,0.0,1.0,7.0,1.0,17.7,0.0
2024-08-19,europe_east,953.0,67.0,92.0,1474.7,0.0,9.0,46.0,66.0,23.0,-83.1,11.0
2024-08-19,iran,976.0,196.0,215.0,-765.0,28.0,1.0,39.0,328.0,188.0,-817.0,32.0
2024-08-19,israel,8370.0,1534.0,1792.0,-7268.9,100.0,17.0,389.0,2156.0,1183.0,-5525.8,139.0
2024-08-19,korea,857.0,155.0,80.0,977.6,11.0,6.0,19.0,112.0,42.0,106.2,2.0
2024-08-19,libya,141.0,20.0,46.0,-159.8,0.0,3.0,16.0,0.0,0.0,0.0,0.0
2024-08-19,scs,2196.0,299.0,218.0,1779.4,1.0,6.0,85.0,835.0,264.0,772.8,7.0
2024-08-19,southasia,8983.0,1383.0,1484.0,-454.9,22.0,17.0,482.0,39.0,10.0,18.6,4.0
2024-08-19,sudan,575.0,53.0,110.0,228.6,0.0,1.0,20.0,1.0,0.0,3.4,0.0
2024-08-19,taiwan,348.0,48.0,20.0,623.7,1.0,0.0,11.0,99.0,46.0,-150.3,6.0
2024-08-19,ukraine,3499.0,454.0,773.0,-1090.9,20.0,50.0,164.0,2074.0,1066.0,-4114.8,134.0
2024-08-19,venezuela,260.0,52.0,45.0,-151.7,0.0,3.0,25.0,20.0,13.0,-30.1,0.0
2024-08-19,yemen,149.0,36.0,39.0,-215.0,0.0,2.0,6.0,40.0,26.0,-188.5,1.0
2024-08-20,drc,102.0,4.0,9.0,113.8,0.0,1.0,3.0,24.0,5.0,37.1,0.0
2024-08-20,europe_east,1222.0,108.0,139.0,1711.2,1.0,5.0,62.0,53.0,11.0,42.7,2.0
2024-08-20,iran,1029.0,248.0,222.0,-1051.2,23.0,0.0,79.0,354.0,196.0,-640.2,22.0
2024-08-20,israel,8587.0,1571.0,1656.0,-5440.0,87.0,12.0,370.0,2179.0,1055.0,-4566.7,102.0
2024-08-20,korea,1016.0,145.0,76.0,1458.7,6.0,1.0,20.0,163.0,66.0,70.8,8.0
2024-08-20,libya,102.0,9.0,22.0,52.0,0.0,2.0,10.0,1.0,0.0,10.0,0.0
2024-08-20,scs,2287.0,262.0,257.0,2038.2,9.0,3.0,103.0,706.0,197.0,755.6,16.0
2024-08-20,southasia,9311.0,1505.0,1630.0,-2086.4,32.0,28.0,520.0,9.0,4.0,-19.1,0.0
2024-08-20,sudan,440.0,56.0,46.0,424.7,0.0,0.0,13.0,6.0,0.0,16.0,0.0
2024-08-20,taiwan,379.0,38.0,74.0,50.1,0.0,1.0,14.0,78.0,27.0,-34.4,2.0
2024-08-20,ukraine,3731.0,400.0,754.0,541.1,20.0,48.0,204.0,1828.0,929.0,-3399.7,124.0
2024-08-20,venezuela,328.0,61.0,66.0,-259.7,0.0,3.0,29.0,30.0,15.0,-6.1,2.0
2024-08-20,yemen,150.0,23.0,37.0,-169.5,4.0,0.0,3.0,71.0,55.0,-365.8,5.0
2024-08-21,drc,46.0,4.0,1.0,42.7,0.0,0.0,0.0,7.0,1.0,18.0,0.0
2024-08-21,europe_east,1788.0,127.0,223.0,2113.4,1.0,5.0,103.0,139.0,33.0,211.6,7.0
2024-08-21,iran,1457.0,272.0,322.0,-1487.0,18.0,2.0,88.0,338.0,186.0,-1017.7,28.0
2024-08-21,israel,8128.0,1595.0,1877.0,-9541.7,58.0,9.0,441.0,2096.0,1164.0,-5876.7,84.0
2024-08-21,korea,776.0,122.0,46.0,1121.2,2.0,1.0,22.0,82.0,36.0,-21.3,3.0
2024-08-21,libya,97.0,11.0,26.0,-61.1,0.0,0.0,8.0,1.0,0.0,3.4,0.0
2024-08-21,scs,2033.0,252.0,161.0,2737.9,1.0,2.0,96.0,415.0,112.0,279.1,12.0
2024-08-21,southasia,9432.0,1545.0,1355.0,1644.0,26.0,25.0,489.0,13.0,7.0,-34.9,0.0
2024-08-21,sudan,466.0,47.0,116.0,-298.7,4.0,2.0,29.0,15.0,9.0,-74.3,0.0
2024-08-21,taiwan,463.0,60.0,61.0,312.2,2.0,1.0,17.0,119.0,39.0,35.7,5.0
2024-08-21,ukraine,3805.0,391.0,794.0,-381.3,22.0,13.0,204.0,1687.0,929.0,-4620.9,106.0
2024-08-21,venezuela,331.0,76.0,47.0,-54.9,0.0,0.0,27.0,59.0,33.0,-115.0,6.0
2024-08-21,yemen,108.0,16.0,42.0,-309.7,1.0,0.0,7.0,27.0,16.0,-96.3,2.0
2024-08-22,drc,64.0,4.0,5.0,107.2,1.0,0.0,3.0,5.0,0.0,10.4,0.0
2024-08-22,europe_east,1585.0,117.0,152.0,2273.6,2.0,2.0,81.0,157.0,19.0,233.2,9.0
2024-08-22,iran,1262.0,185.0,289.0,-955.9,14.0,7.0,67.0,348.0,175.0,-747.7,34.0
2024-08-22,israel,7526.0,1323.0,1745.0,-7494.9,61.0,16.0,449.0,1766.0,974.0,-4850.1,98.0
2024-08-22,korea,780.0,97.0,80.0,847.3,6.0,2.0,41.0,63.0,29.0,-77.4,11.0
2024-08-22,libya,85.0,16.0,8.0,85.7,0.0,0.0,2.0,2.0,0.0,6.8,0.0
2024-08-22,scs,1846.0,215.0,253.0,1341.3,4.0,6.0,110.0,241.0,63.0,172.1,14.0
2024-08-22,southasia,9992.0,1608.0,1684.0,-568.9,25.0,44.0,648.0,19.0,9.0,-36.8,3.0
2024-08-22,sudan,779.0,64.0,97.0,747.0,4.0,1.0,31.0,12.0,7.0,-37.0,0.0
2024-08-22,taiwan,509.0,63.0,62.0,567.6,4.0,1.0,43.0,166.0,59.0,-53.8,13.0
2024-08-22,ukraine,4118.0,441.0,896.0,-1186.9,25.0,31.0,196.0,2031.0,1120.0,-5362.5,140.0
2024-08-22,venezuela,413.0,79.0,102.0,-324.0,0.0,0.0,54.0,76.0,45.0,-123.1,9.0
2024-08-22,yemen,103.0,14.0,45.0,-395.2,0.0,0.0,3.0,28.0,21.0,-162.8,4.0
2024-08-23,drc,42.0,6.0,2.0,75.4,1.0,0.0,0.0,12.0,4.0,-0.9,1.0
2024-08-23,europe_east,1170.0,102.0,126.0,1686.2,0.0,2.0,72.0,115.0,41.0,75.0,15.0
2024-08-23,iran,1246.0,216.0,257.0,-846.9,28.0,6.0,86.0,330.0,163.0,-720.4,37.0
2024-08-23,israel,6201.0,1192.0,1300.0,-5924.8,57.0,16.0,342.0,1531.0,797.0,-3839.2,91.0
2024-08-23,korea,711.0,72.0,79.0,707.0,2.0,3.0,32.0,98.0,36.0,11.9,4.0
2024-08-23,libya,71.0,13.0,8.0,23.0,0.0,0.0,1.0,0.0,0.0,0.0,0.0
2024-08-23,scs,1547.0,172.0,211.0,1193.3,3.0,6.0,85.0,132.0,30.0,75.6,10.0
2024-08-23,southasia,9485.0,1388.0,1373.0,3845.9,28.0,25.0,511.0,15.0,6.0,-28.6,3.0
2024-08-23,sudan,654.0,81.0,67.0,634.3,1.0,0.0,8.0,21.0,5.0,21.1,0.0
2024-08-23,taiwan,456.0,56.0,60.0,363.1,4.0,2.0,14.0,230.0,63.0,134.6,5.0
2024-08-23,ukraine,4534.0,448.0,708.0,2749.2,38.0,17.0,167.0,1917.0,888.0,-2920.0,63.0
2024-08-23,venezuela,394.0,94.0,51.0,-44.3,0.0,0.0,19.0,87.0,42.0,-99.5,7.0
2024-08-23,yemen,101.0,13.0,33.0,-158.2,0.0,0.0,2.0,33.0,12.0,-66.4,0.0
2024-08-24,drc,24.0,3.0,0.0,25.6,0.0,0.0,0.0,17.0,0.0,87.8,0.0
2024-08-24,europe_east,610.0,44.0,92.0,781.6,1.0,1.0,50.0,41.0,10.0,36.7,4.0
2024-08-24,iran,871.0,146.0,176.0,-708.4,19.0,1.0,20.0,193.0,128.0,-753.6,23.0
2024-08-24,israel,3930.0,683.0,936.0,-4403.7,26.0,11.0,185.0,1004.0,635.0,-3600.8,55.0
2024-08-24,korea,270.0,33.0,19.0,475.6,1.0,0.0,7.0,29.0,15.0,19.1,0.0
2024-08-24,libya,76.0,13.0,16.0,-32.3,0.0,3.0,5.0,0.0,0.0,0.0,0.0
2024-08-24,scs,994.0,124.0,127.0,736.3,1.0,6.0,66.0,138.0,74.0,-217.1,5.0
2024-08-24,southasia,7775.0,1266.0,1158.0,650.4,23.0,26.0,380.0,18.0,9.0,-34.1,2.0
2024-08-24,sudan,432.0,71.0,85.0,-238.4,0.0,0.0,15.0,9.0,3.0,-25.6,0.0
2024-08-24,taiwan,328.0,59.0,37.0,80.2,0.0,3.0,12.0,142.0,58.0,-137.8,8.0
2024-08-24,ukraine,3278.0,343.0,537.0,2259.1,50.0,12.0,132.0,1556.0,712.0,-1874.6,96.0
2024-08-24,venezuela,387.0,85.0,34.0,330.1,0.0,3.0,23.0,45.0,22.0,-7.6,3.0
2024-08-24,yemen,79.0,16.0,24.0,-139.9,2.0,1.0,5.0,20.0,9.0,-32.6,2.0
2024-08-25,drc,34.0,4.0,10.0,-61.4,0.0,0.0,2.0,4.0,3.0,-14.6,0.0
2024-08-25,europe_east,437.0,53.0,49.0,455.0,0.0,1.0,22.0,49.0,35.0,-167.0,14.0
2024-08-25,iran,1342.0,165.0,363.0,-1656.1,32.0,23.0,50.0,375.0,208.0,-1045.7,33.0
2024-08-25,israel,7752.0,1201.0,2403.0,-15896.6,147.0,62.0,405.0,2215.0,1461.0,-9337.3,144.0
2024-08-25,korea,469.0,39.0,27.0,712.9,0.0,0.0,10.0,46.0,17.0,-3.6,4.0
2024-08-25,libya,39.0,4.0,9.0,-9.4,1.0,0.0,0.0,0.0,0.0,0.0,0.0
2024-08-25,scs,1232.0,219.0,156.0,613.2,3.0,8.0,52.0,333.0,213.0,-575.0,9.0
2024-08-25,southasia,6403.0,860.0,1103.0,-536.2,12.0,20.0,351.0,43.0,16.0,-23.5,1.0
2024-08-25,sudan,363.0,57.0,51.0,-28.7,0.0,1.0,19.0,15.0,8.0,-28.8,1.0
2024-08-25,taiwan,235.0,34.0,35.0,145.9,0.0,0.0,16.0,75.0,25.0,-50.9,3.0
2024-08-25,ukraine,2260.0,328.0,572.0,-1696.7,23.0,16.0,92.0,1243.0,695.0,-3065.8,62.0
2024-08-25,venezuela,291.0,73.0,62.0,-374.1,0.0,0.0,23.0,37.0,28.0,-76.0,7.0
2024-08-25,yemen,77.0,15.0,14.0,-76.7,5.0,0.0,1.0,31.0,22.0,-142.5,7.0
2024-08-26,drc,85.0,9.0,17.0,2.7,0.0,0.0,8.0,15.0,9.0,-40.0,2.0
2024-08-26,europe_east,904.0,109.0,144.0,258.0,2.0,12.0,44.0,107.0,64.0,-321.1,7.0
2024-08-26,iran,1296.0,212.0,325.0,-1652.4,35.0,6.0,56.0,462.0,261.0,-1265.6,35.0
2024-08-26,israel,6703.0,1136.0,1947.0,-11996.0,102.0,29.0,372.0,1884.0,1179.0,-6686.9,106.0
2024-08-26,korea,1085.0,124.0,127.0,1430.0,6.0,9.0,29.0,132.0,45.0,75.9,17.0
2024-08-26,libya,141.0,23.0,20.0,40.6,0.0,0.0,6.0,0.0,0.0,0.0,0.0
2024-08-26,scs,1915.0,291.0,227.0,1231.7,5.0,11.0,92.0,378.0,223.0,-600.0,6.0
2024-08-26,southasia,9050.0,1429.0,1616.0,-2895.8,15.0,13.0,367.0,35.0,9.0,54.4,2.0
2024-08-26,sudan,572.0,65.0,120.0,-281.2,5.0,1.0,21.0,12.0,8.0,-71.2,0.0
2024-08-26,taiwan,295.0,41.0,43.0,178.5,2.0,3.0,12.0,105.0,47.0,-144.0,22.0
2024-08-26,ukraine,3675.0,498.0,1023.0,-4562.2,26.0,42.0,154.0,1884.0,1076.0,-5372.4,105.0
2024-08-26,venezuela,270.0,70.0,34.0,-112.7,0.0,0.0,19.0,50.0,18.0,-13.5,1.0
2024-08-26,yemen,78.0,7.0,15.0,-55.6,4.0,0.0,0.0,37.0,29.0,-192.4,9.0
2024-08-27,drc,56.0,10.0,4.0,42.6,0.0,0.0,3.0,19.0,10.0,-20.9,2.0
2024-08-27,europe_east,1159.0,112.0,129.0,1268.4,0.0,3.0,30.0,163.0,55.0,33.2,8.0
2024-08-27,iran,1291.0,207.0,260.0,-663.7,36.0,4.0,40.0,433.0,233.0,-1016.9,27.0
2024-08-27,israel,6881.0,1105.0,1773.0,-7930.4,105.0,15.0,379.0,1864.0,1062.0,-5410.3,117.0
2024-08-27,korea,1456.0,126.0,237.0,1016.6,5.0,8.0,89.0,262.0,107.0,-166.8,56.0
2024-08-27,libya,133.0,18.0,12.0,217.1,0.0,1.0,7.0,0.0,0.0,0.0,0.0
2024-08-27,scs,2062.0,277.0,223.0,1735.1,8.0,12.0,106.0,382.0,200.0,-576.2,17.0
2024-08-27,southasia,10186.0,1731.0,1920.0,-4833.7,31.0,37.0,512.0,43.0,14.0,-32.6,2.0
2024-08-27,sudan,460.0,42.0,137.0,-515.7,1.0,1.0,31.0,21.0,14.0,-100.5,0.0
2024-08-27,taiwan,433.0,47.0,55.0,503.9,1.0,2.0,30.0,129.0,53.0,-44.3,21.0
2024-08-27,ukraine,4195.0,540.0,924.0,-2529.2,51.0,26.0,140.0,2081.0,1128.0,-5369.8,119.0
2024-08-27,venezuela,267.0,36.0,51.0,-57.2,0.0,0.0,26.0,51.0,14.0,11.3,7.0
2024-08-27,yemen,65.0,3.0,13.0,8.5,2.0,0.0,1.0,28.0,16.0,-79.0,4.0
2024-08-28,drc,70.0,4.0,5.0,134.7,0.0,0.0,1.0,4.0,1.0,7.8,0.0
2024-08-28,europe_east,975.0,78.0,65.0,1879.3,3.0,3.0,24.0,45.0,10.0,53.7,0.0
2024-08-28,iran,1218.0,196.0,238.0,-415.8,23.0,3.0,53.0,412.0,208.0,-804.4,40.0
2024-08-28,israel,7042.0,1098.0,2048.0,-10489.2,45.0,21.0,426.0,2345.0,1404.0,-8165.0,136.0
2024-08-28,korea,1073.0,114.0,113.0,1237.5,0.0,2.0,47.0,75.0,28.0,0.7,13.0
2024-08-28,libya,155.0,23.0,26.0,77.3,1.0,1.0,13.0,0.0,0.0,0.0,0.0
2024-08-28,scs,2213.0,266.0,270.0,1867.6,4.0,17.0,86.0,308.0,137.0,-275.1,15.0
2024-08-28,southasia,9395.0,1617.0,1549.0,-281.2,20.0,37.0,553.0,16.0,9.0,-46.9,2.0
2024-08-28,sudan,395.0,43.0,65.0,217.7,1.0,0.0,10.0,11.0,9.0,-83.2,0.0
2024-08-28,taiwan,358.0,39.0,44.0,487.5,0.0,1.0,24.0,139.0,40.0,52.3,14.0
2024-08-28,ukraine,3079.0,410.0,631.0,-1245.1,39.0,17.0,109.0,1487.0,812.0,-3844.3,100.0
2024-08-28,venezuela,460.0,90.0,69.0,-92.8,0.0,0.0,43.0,86.0,19.0,104.6,8.0
2024-08-28,yemen,109.0,11.0,31.0,-195.5,3.0,0.0,7.0,29.0,19.0,-107.6,7.0
2024-08-29,drc,50.0,6.0,6.0,28.0,0.0,0.0,1.0,8.0,3.0,-14.0,0.0
2024-08-29,europe_east,928.0,79.0,72.0,1714.1,1.0,9.0,37.0,53.0,22.0,-19.2,4.0
2024-08-29,iran,956.0,191.0,231.0,-870.6,13.0,0.0,80.0,218.0,115.0,-417.2,12.0
2024-08-29,israel,7268.0,1202.0,2151.0,-12027.2,61.0,17.0,454.0,2169.0,1392.0,-8493.1,124.0
2024-08-29,korea,849.0,107.0,124.0,383.7,5.0,1.0,45.0,61.0,32.0,-140.9,16.0
2024-08-29,libya,153.0,25.0,11.0,187.3,0.0,0.0,7.0,0.0,0.0,0.0,0.0
2024-08-29,scs,2061.0,216.0,261.0,1730.0,7.0,9.0,91.0,385.0,148.0,-310.6,8.0
2024-08-29,southasia,8916.0,1407.0,1325.0,1821.4,27.0,18.0,556.0,35.0,15.0,-34.7,5.0
2024-08-29,sudan,321.0,28.0,42.0,423.8,1.0,0.0,14.0,8.0,4.0,-30.6,0.0
2024-08-29,taiwan,483.0,60.0,52.0,397.5,1.0,1.0,11.0,192.0,60.0,-36.3,0.0
2024-08-29,ukraine,2998.0,357.0,656.0,-1215.2,18.0,29.0,108.0,1247.0,755.0,-4189.4,67.0
2024-08-29,venezuela,524.0,115.0,50.0,83.2,0.0,2.0,27.0,82.0,19.0,2.6,5.0
2024-08-29,yemen,152.0,11.0,28.0,-46.5,3.0,0.0,0.0,23.0,10.0,-70.4,3.0
2024-08-30,drc,36.0,4.0,6.0,-3.5,0.0,0.0,0.0,4.0,2.0,-3.1,0.0
2024-08-30,europe_east,812.0,73.0,95.0,1040.3,2.0,2.0,34.0,57.0,28.0,-136.1,6.0
2024-08-30,iran,875.0,164.0,203.0,-758.6,22.0,3.0,67.0,251.0,144.0,-597.5,15.0
2024-08-30,israel,6142.0,1098.0,1664.0,-9794.9,48.0,15.0,321.0,1807.0,1101.0,-6302.6,94.0
2024-08-30,korea,739.0,102.0,107.0,386.9,0.0,2.0,46.0,58.0,20.0,46.1,0.0
2024-08-30,libya,142.0,14.0,11.0,176.5,1.0,0.0,7.0,0.0,0.0,0.0,0.0
2024-08-30,scs,2000.0,238.0,203.0,2206.1,3.0,3.0,90.0,370.0,146.0,-152.1,15.0
2024-08-30,southasia,9502.0,1469.0,1303.0,3823.4,6.0,12.0,473.0,88.0,29.0,71.2,0.0
2024-08-30,sudan,469.0,53.0,88.0,-108.5,0.0,2.0,14.0,9.0,4.0,-27.6,0.0
2024-08-30,taiwan,509.0,80.0,37.0,621.9,0.0,1.0,14.0,168.0,53.0,4.1,6.0
2024-08-30,ukraine,3086.0,349.0,678.0,-1230.0,12.0,17.0,156.0,1313.0,686.0,-2988.7,76.0
2024-08-30,venezuela,449.0,131.0,58.0,-249.4,0.0,0.0,31.0,78.0,25.0,-13.5,4.0
2024-08-30,yemen,121.0,23.0,22.0,-101.4,4.0,0.0,1.0,40.0,25.0,-157.4,3.0
2024-08-31,drc,25.0,0.0,3.0,19.5,0.0,0.0,0.0,8.0,1.0,29.6,0.0
2024-08-31,europe_east,481.0,34.0,86.0,457.2,0.0,4.0,46.0,61.0,23.0,-47.5,8.0
2024-08-31,iran,542.0,141.0,130.0,-970.1,9.0,1.0,34.0,126.0,66.0,-219.3,2.0
2024-08-31,israel,3378.0,572.0,1112.0,-7538.0,16.0,5.0,166.0,1056.0,709.0,-4674.0,59.0
2024-08-31,korea,470.0,45.0,67.0,477.0,2.0,1.0,21.0,50.0,14.0,44.1,6.0
2024-08-31,libya,68.0,7.0,13.0,-9.7,0.0,2.0,3.0,0.0,0.0,0.0,0.0
2024-08-31,scs,1285.0,226.0,106.0,987.4,3.0,4.0,43.0,389.0,206.0,-452.8,13.0
2024-08-31,southasia,7133.0,1049.0,998.0,2505.9,3.0,17.0,388.0,20.0,5.0,13.8,3.0
2024-08-31,sudan,178.0,13.0,20.0,241.3,0.0,0.0,5.0,0.0,0.0,0.0,0.0
2024-08-31,taiwan,323.0,52.0,35.0,183.4,0.0,4.0,23.0,98.0,49.0,-77.9,4.0
2024-08-31,ukraine,1985.0,240.0,441.0,-893.2,10.0,13.0,62.0,975.0,546.0,-2906.9,56.0
2024-08-31,venezuela,270.0,39.0,44.0,149.5,2.0,0.0,31.0,42.0,12.0,21.0,4.0
2024-08-31,yemen,98.0,5.0,21.0,1.2,0.0,0.0,6.0,19.0,15.0,-91.6,10.0
2024-09-01,drc,18.0,1.0,2.0,26.8,0.0,0.0,0.0,0.0,0.0,0.0,0.0
2024-09-01,europe_east,486.0,41.0,79.0,26.6,2.0,7.0,20.0,39.0,14.0,-32.5,4.0
2024-09-01,iran,505.0,94.0,97.0,-370.8,11.0,0.0,25.0,114.0,56.0,-208.0,10.0
2024-09-01,israel,6445.0,1022.0,1827.0,-10514.8,56.0,11.0,266.0,2079.0,1118.0,-6341.7,76.0
2024-09-01,korea,452.0,47.0,38.0,626.5,5.0,0.0,13.0,19.0,7.0,-24.2,6.0
2024-09-01,libya,66.0,8.0,21.0,-79.6,0.0,0.0,13.0,0.0,0.0,0.0,0.0
2024-09-01,scs,1289.0,222.0,119.0,1110.6,2.0,7.0,45.0,367.0,215.0,-624.7,20.0
2024-09-01,southasia,6808.0,1163.0,904.0,1860.8,14.0,28.0,328.0,40.0,6.0,38.2,1.0
2024-09-01,sudan,197.0,16.0,22.0,218.3,1.0,0.0,6.0,2.0,2.0,-20.0,0.0
2024-09-01,taiwan,234.0,27.0,22.0,326.2,0.0,0.0,10.0,60.0,23.0,3.2,0.0
2024-09-01,ukraine,1870.0,217.0,431.0,-1131.6,10.0,18.0,50.0,776.0,519.0,-3108.8,38.0
2024-09-01,venezuela,129.0,41.0,16.0,-38.4,2.0,0.0,16.0,21.0,9.0,-10.8,4.0
2024-09-01,yemen,73.0,6.0,23.0,-89.5,1.0,0.0,7.0,16.0,8.0,-36.7,2.0
2024-09-02,drc,39.0,2.0,12.0,-41.6,0.0,0.0,1.0,2.0,1.0,-7.8,0.0
2024-09-02,europe_east,751.0,95.0,104.0,346.9,17.0,3.0,38.0,87.0,51.0,-323.6,11.0
2024-09-02,iran,726.0,94.0,154.0,-160.0,2.0,1.0,62.0,143.0,64.0,-271.6,5.0
2024-09-02,israel,8240.0,1394.0,1938.0,-8774.0,65.0,13.0,332.0,2176.0,1096.0,-5274.1,100.0
2024-09-02,korea,730.0,100.0,68.0,743.1,5.0,3.0,40.0,45.0,15.0,-6.9,4.0
2024-09-02,libya,163.0,30.0,40.0,-159.7,0.0,1.0,7.0,3.0,2.0,-13.0,0.0
2024-09-02,scs,1649.0,234.0,150.0,1850.2,1.0,8.0,69.0,330.0,193.0,-515.2,4.0
2024-09-02,southasia,8449.0,1433.0,1246.0,762.3,21.0,33.0,465.0,25.0,3.0,19.1,1.0
2024-09-02,sudan,349.0,36.0,52.0,357.8,0.0,0.0,18.0,1.0,0.0,3.4,0.0
2024-09-02,taiwan,389.0,40.0,25.0,758.0,0.0,5.0,13.0,151.0,53.0,129.3,13.0
2024-09-02,ukraine,2118.0,247.0,485.0,-1011.5,11.0,17.0,103.0,821.0,515.0,-2919.7,50.0
2024-09-02,venezuela,638.0,95.0,91.0,274.6,1.0,1.0,86.0,247.0,55.0,442.0,13.0
2024-09-02,yemen,91.0,13.0,33.0,-284.6,6.0,0.0,0.0,23.0,16.0,-119.0,3.0
2024-09-03,drc,274.0,26.0,120.0,-815.0,2.0,0.0,34.0,9.0,2.0,9.3,0.0
2024-09-03,europe_east,1031.0,86.0,113.0,1358.1,6.0,3.0,45.0,52.0,25.0,-148.0,3.0
2024-09-03,iran,1069.0,174.0,232.0,46.6,16.0,0.0,84.0,254.0,120.0,-449.8,17.0
2024-09-03,israel,7877.0,1505.0,1863.0,-9031.6,77.0,15.0,462.0,1932.0,1030.0,-4857.5,98.0
2024-09-03,korea,791.0,83.0,102.0,865.0,2.0,3.0,56.0,68.0,19.0,11.1,0.0
2024-09-03,libya,164.0,28.0,21.0,35.5,3.0,0.0,7.0,0.0,0.0,0.0,0.0
2024-09-03,scs,1373.0,135.0,134.0,1790.6,1.0,0.0,62.0,145.0,59.0,-44.4,10.0
2024-09-03,southasia,8855.0,1357.0,1406.0,780.8,23.0,36.0,452.0,45.0,12.0,44.2,0.0
2024-09-03,sudan,479.0,58.0,74.0,192.3,0.0,2.0,17.0,15.0,8.0,-34.0,0.0
2024-09-03,taiwan,475.0,54.0,53.0,525.0,1.0,4.0,41.0,112.0,42.0,-17.9,10.0
2024-09-03,ukraine,2900.0,374.0,614.0,-866.4,25.0,18.0,133.0,1078.0,651.0,-3522.4,73.0
2024-09-03,venezuela,972.0,306.0,140.0,-525.0,2.0,0.0,116.0,331.0,146.0,-83.4,42.0
2024-09-03,yemen,123.0,17.0,40.0,-281.2,0.0,0.0,2.0,21.0,19.0,-172.2,1.0
2024-09-04,drc,151.0,16.0,36.0,-62.7,0.0,0.0,18.0,0.0,0.0,0.0,0.0
2024-09-04,europe_east,998.0,97.0,136.0,1175.7,4.0,3.0,48.0,102.0,50.0,-224.3,12.0
2024-09-04,iran,1069.0,212.0,225.0,-894.1,14.0,0.0,73.0,267.0,142.0,-643.1,17.0
2024-09-04,israel,7901.0,1506.0,2025.0,-9687.0,53.0,26.0,524.0,2030.0,1120.0,-5425.4,107.0
2024-09-04,korea,1203.0,179.0,125.0,1339.5,1.0,4.0,62.0,152.0,81.0,-136.5,3.0
2024-09-04,libya,186.0,16.0,24.0,199.0,0.0,0.0,6.0,3.0,0.0,4.3,0.0
2024-09-04,scs,2249.0,327.0,296.0,1963.0,13.0,4.0,227.0,227.0,111.0,-182.6,37.0
2024-09-04,southasia,8805.0,1365.0,1165.0,5196.8,24.0,23.0,431.0,16.0,2.0,54.8,0.0
2024-09-04,sudan,415.0,55.0,55.0,318.7,1.0,0.0,21.0,9.0,8.0,-41.0,0.0
2024-09-04,taiwan,551.0,71.0,64.0,623.4,2.0,2.0,45.0,143.0,59.0,-34.2,10.0
2024-09-04,ukraine,4099.0,515.0,806.0,496.3,29.0,14.0,163.0,1439.0,885.0,-5292.2,76.0
2024-09-04,venezuela,764.0,212.0,171.0,-919.4,4.0,3.0,131.0,147.0,63.0,-62.4,41.0
2024-09-04,yemen,54.0,12.0,16.0,-86.4,1.0,0.0,2.0,32.0,14.0,-14.4,4.0
2024-09-05,drc,98.0,5.0,6.0,250.9,0.0,0.0,4.0,5.0,0.0,35.0,0.0
2024-09-05,europe_east,1188.0,107.0,167.0,1312.2,1.0,2.0,81.0,53.0,18.0,-9.5,6.0
2024-09-05,iran,751.0,111.0,142.0,-125.2,3.0,5.0,42.0,181.0,93.0,-394.7,2.0
2024-09-05,israel,6908.0,1126.0,1799.0,-8528.8,60.0,24.0,398.0,1591.0,929.0,-5079.2,84.0
2024-09-05,korea,831.0,124.0,75.0,978.4,4.0,3.0,32.0,46.0,17.0,-20.4,3.0
2024-09-05,libya,165.0,12.0,16.0,254.1,0.0,0.0,5.0,1.0,1.0,-9.0,0.0
2024-09-05,scs,2217.0,331.0,234.0,2401.2,1.0,3.0,163.0,177.0,68.0,-155.9,9.0
2024-09-05,southasia,9176.0,1400.0,1245.0,4935.3,16.0,28.0,529.0,28.0,8.0,21.7,1.0
2024-09-05,sudan,193.0,22.0,25.0,256.5,0.0,1.0,17.0,0.0,0.0,0.0,0.0
2024-09-05,taiwan,554.0,58.0,49.0,892.9,0.0,6.0,30.0,151.0,35.0,190.5,9.0
2024-09-05,ukraine,3182.0,391.0,576.0,1194.3,15.0,23.0,196.0,1061.0,557.0,-2128.9,69.0
2024-09-05,venezuela,522.0,120.0,123.0,-581.6,0.0,0.0,86.0,109.0,47.0,-90.9,23.0
2024-09-05,yemen,79.0,10.0,7.0,135.0,0.0,0.0,1.0,29.0,6.0,34.9,0.0
2024-09-06,drc,81.0,16.0,6.0,119.0,0.0,0.0,4.0,10.0,0.0,23.5,0.0
2024-09-06,europe_east,1161.0,127.0,136.0,1222.8,3.0,3.0,62.0,92.0,56.0,-226.5,16.0
2024-09-06,iran,672.0,121.0,101.0,-91.4,7.0,5.0,26.0,160.0,67.0,-316.3,6.0
2024-09-06,israel,7102.0,1243.0,2019.0,-12020.3,50.0,18.0,401.0,1798.0,1025.0,-5118.6,104.0
2024-09-06,korea,977.0,130.0,73.0,1387.6,0.0,9.0,30.0,57.0,23.0,-15.2,1.0
2024-09-06,libya,212.0,19.0,21.0,521.3,0.0,1.0,8.0,0.0,0.0,0.0,0.0
2024-09-06,scs,1849.0,263.0,204.0,1568.9,5.0,4.0,147.0,166.0,54.0,29.6,9.0
2024-09-06,southasia,8954.0,1394.0,1129.0,5172.3,28.0,18.0,487.0,32.0,12.0,-35.7,1.0
2024-09-06,sudan,405.0,50.0,87.0,-20.6,0.0,5.0,30.0,5.0,4.0,-15.1,0.0
2024-09-06,taiwan,373.0,57.0,57.0,240.7,1.0,8.0,37.0,79.0,42.0,-106.4,11.0
2024-09-06,ukraine,3911.0,402.0,605.0,3109.1,28.0,13.0,138.0,1317.0,743.0,-3518.8,92.0
2024-09-06,venezuela,347.0,68.0,55.0,34.1,1.0,0.0,40.0,92.0,41.0,-120.2,8.0
2024-09-06,yemen,92.0,20.0,11.0,-6.8,1.0,0.0,4.0,34.0,15.0,-47.1,1.0
2024-09-07,drc,6.0,2.0,0.0,-0.8,0.0,0.0,0.0,4.0,0.0,5.4,0.0
2024-09-07,europe_east,423.0,40.0,65.0,241.5,1.0,0.0,23.0,59.0,29.0,-167.9,10.0
2024-09-07,iran,696.0,151.0,115.0,-304.6,10.0,0.0,30.0,151.0,102.0,-607.8,10.0
2024-09-07,israel,5266.0,1123.0,1635.0,-13015.7,64.0,4.0,262.0,1436.0,918.0,-5455.5,53.0
2024-09-07,korea,432.0,52.0,30.0,492.9,2.0,0.0,20.0,33.0,10.0,-5.5,3.0
2024-09-07,libya,72.0,5.0,5.0,143.8,0.0,1.0,0.0,0.0,0.0,0.0,0.0
2024-09-07,scs,1277.0,154.0,198.0,619.3,5.0,3.0,103.0,95.0,35.0,-5.2,7.0
2024-09-07,southasia,6736.0,1113.0,1044.0,840.6,20.0,8.0,353.0,19.0,8.0,23.0,0.0
2024-09-07,sudan,223.0,19.0,26.0,292.2,0.0,0.0,9.0,0.0,0.0,0.0,0.0
2024-09-07,taiwan,292.0,25.0,52.0,319.0,0.0,0.0,39.0,94.0,27.0,-1.9,8.0
2024-09-07,ukraine,2371.0,262.0,449.0,52.0,19.0,6.0,71.0,971.0,586.0,-3350.7,57.0
2024-09-07,venezuela,366.0,73.0,94.0,-407.5,1.0,0.0,57.0,89.0,47.0,-197.3,25.0
2024-09-07,yemen,58.0,6.0,13.0,-5.9,0.0,0.0,2.0,13.0,12.0,-115.5,0.0
2024-09-08,drc,23.0,4.0,4.0,0.8,0.0,0.0,1.0,0.0,0.0,0.0,0.0
2024-09-08,europe_east,462.0,75.0,89.0,-199.0,0.0,6.0,13.0,57.0,32.0,-130.1,10.0
2024-09-08,iran,713.0,140.0,111.0,128.7,9.0,2.0,38.0,167.0,90.0,-505.9,3.0
2024-09-08,israel,5182.0,915.0,1655.0,-11748.0,27.0,14.0,220.0,1311.0,833.0,-5129.6,31.0
2024-09-08,korea,407.0,41.0,22.0,702.7,5.0,3.0,6.0,37.0,13.0,15.6,0.0
2024-09-08,libya,69.0,10.0,11.0,89.6,0.0,0.0,9.0,0.0,0.0,0.0,0.0
2024-09-08,scs,1467.0,171.0,197.0,1104.0,1.0,13.0,129.0,73.0,37.0,-68.8,6.0
2024-09-08,southasia,6741.0,1008.0,986.0,2109.0,9.0,22.0,337.0,22.0,7.0,37.9,1.0
2024-09-08,sudan,269.0,64.0,26.0,3.5,1.0,0.0,5.0,6.0,4.0,-35.3,0.0
2024-09-08,taiwan,216.0,15.0,23.0,315.8,1.0,0.0,17.0,45.0,18.0,-40.0,15.0
2024-09-08,ukraine,1784.0,195.0,314.0,164.5,12.0,6.0,38.0,797.0,422.0,-2076.8,19.0
2024-09-08,venezuela,813.0,176.0,109.0,553.0,0.0,0.0,92.0,83.0,33.0,-22.4,30.0
2024-09-08,yemen,113.0,6.0,42.0,-258.0,1.0,2.0,0.0,40.0,29.0,-223.2,2.0
2024-09-09,drc,64.0,7.0,13.0,-90.1,0.0,0.0,2.0,0.0,0.0,0.0,0.0
2024-09-09,europe_east,1116.0,192.0,172.0,-161.6,0.0,16.0,30.0,157.0,71.0,-221.3,12.0
2024-09-09,iran,1336.0,216.0,256.0,-537.6,12.0,0.0,85.0,289.0,152.0,-830.9,16.0
2024-09-09,israel,6828.0,1167.0,2071.0,-14089.8,52.0,12.0,382.0,2064.0,1318.0,-8725.8,89.0
2024-09-09,korea,908.0,86.0,32.0,1627.2,2.0,0.0,16.0,56.0,20.0,14.2,0.0
2024-09-09,libya,92.0,8.0,15.0,49.6,0.0,0.0,4.0,0.0,0.0,0.0,0.0
2024-09-09,scs,2463.0,375.0,337.0,1660.0,0.0,13.0,227.0,101.0,35.0,83.6,8.0
2024-09-09,southasia,9498.0,1469.0,1301.0,4114.9,14.0,42.0,490.0,35.0,12.0,22.3,3.0
2024-09-09,sudan,628.0,135.0,122.0,-506.7,3.0,4.0,20.0,5.0,2.0,-12.3,0.0
2024-09-09,taiwan,383.0,56.0,40.0,401.5,0.0,1.0,28.0,71.0,26.0,-24.4,3.0
2024-09-09,ukraine,2483.0,315.0,463.0,-384.1,16.0,20.0,73.0,914.0,467.0,-2133.8,37.0
2024-09-09,venezuela,788.0,160.0,77.0,538.1,12.0,0.0,64.0,82.0,28.0,-22.1,13.0
2024-09-09,yemen,98.0,9.0,26.0,-153.2,1.0,0.0,2.0,36.0,27.0,-240.0,0.0
2024-09-10,drc,68.0,3.0,0.0,150.5,0.0,0.0,0.0,5.0,0.0,21.5,0.0
2024-09-10,europe_east,1004.0,127.0,159.0,537.6,2.0,5.0,77.0,93.0,31.0,34.8,10.0
2024-09-10,iran,1804.0,355.0,366.0,-641.9,10.0,12.0,204.0,339.0,214.0,-1074.9,10.0
2024-09-10,israel,6896.0,1228.0,1999.0,-12571.6,48.0,11.0,412.0,1811.0,1063.0,-6348.4,86.0
2024-09-10,korea,1076.0,130.0,94.0,1337.8,4.0,2.0,42.0,84.0,24.0,49.6,2.0
2024-09-10,libya,188.0,25.0,30.0,123.8,0.0,0.0,23.0,1.0,1.0,-9.2,1.0
2024-09-10,scs,2276.0,326.0,233.0,2527.2,1.0,3.0,159.0,112.0,38.0,10.9,2.0
2024-09-10,southasia,9354.0,1470.0,1293.0,4354.8,14.0,20.0,574.0,24.0,2.0,42.0,1.0
2024-09-10,sudan,379.0,66.0,51.0,118.7,0.0,0.0,32.0,1.0,1.0,-2.0,0.0
2024-09-10,taiwan,422.0,63.0,40.0,444.0,1.0,2.0,15.0,123.0,50.0,-37.7,3.0
2024-09-10,ukraine,2723.0,389.0,465.0,1.7,16.0,12.0,110.0,1123.0,577.0,-2563.0,43.0
2024-09-10,venezuela,548.0,89.0,79.0,159.6,1.0,0.0,50.0,101.0,40.0,-38.6,14.0
2024-09-10,yemen,143.0,8.0,51.0,-322.3,0.0,3.0,2.0,57.0,40.0,-315.0,1.0
2024-09-11,drc,62.0,1.0,2.0,134.5,0.0,0.0,0.0,4.0,0.0,12.0,0.0
2024-09-11,europe_east,1144.0,126.0,133.0,1344.8,2.0,0.0,65.0,94.0,31.0,8.4,7.0
2024-09-11,iran,1979.0,334.0,300.0,970.5,16.0,18.0,124.0,398.0,237.0,-1129.8,6.0
2024-09-11,israel,6714.0,1169.0,1842.0,-11008.6,46.0,21.0,340.0,1765.0,1106.0,-6774.4,111.0
2024-09-11,korea,978.0,104.0,93.0,1335.0,2.0,0.0,52.0,63.0,32.0,-138.8,7.0
2024-09-11,libya,218.0,20.0,34.0,150.8,0.0,1.0,18.0,2.0,0.0,18.0,0.0
2024-09-11,scs,1903.0,236.0,191.0,2256.7,6.0,4.0,85.0,275.0,123.0,-56.7,17.0
2024-09-11,southasia,9373.0,1518.0,1178.0,5518.2,29.0,37.0,520.0,26.0,12.0,-40.9,0.0
2024-09-11,sudan,389.0,38.0,32.0,645.2,1.0,0.0,7.0,3.0,3.0,-29.0,0.0
2024-09-11,taiwan,397.0,44.0,67.0,398.5,0.0,2.0,45.0,129.0,62.0,-0.4,24.0
2024-09-11,ukraine,4157.0,465.0,541.0,3691.1,31.0,16.0,153.0,1371.0,641.0,-2229.1,84.0
2024-09-11,venezuela,479.0,93.0,89.0,-257.1,3.0,1.0,34.0,109.0,49.0,-117.9,5.0
2024-09-11,yemen,139.0,11.0,53.0,-377.0,0.0,0.0,5.0,52.0,38.0,-331.8,0.0
2024-09-12,drc,33.0,6.0,9.0,-66.4,0.0,1.0,1.0,0.0,0.0,0.0,0.0
2024-09-12,europe_east,1103.0,109.0,111.0,1222.3,1.0,3.0,43.0,164.0,82.0,-275.3,25.0
2024-09-12,iran,1462.0,209.0,260.0,83.9,13.0,4.0,71.0,245.0,156.0,-884.1,22.0
2024-09-12,israel,6630.0,1097.0,1903.0,-11027.6,71.0,26.0,352.0,1648.0,1071.0,-6603.7,130.0
2024-09-12,korea,1291.0,165.0,228.0,-168.8,3.0,2.0,30.0,259.0,136.0,-779.8,7.0
2024-09-12,libya,140.0,12.0,23.0,120.6,0.0,1.0,7.0,2.0,0.0,18.0,0.0
2024-09-12,scs,2058.0,237.0,243.0,2221.8,1.0,9.0,116.0,390.0,146.0,69.9,23.0
2024-09-12,southasia,9402.0,1530.0,1281.0,3691.4,35.0,23.0,507.0,18.0,9.0,0.8,3.0
2024-09-12,sudan,450.0,78.0,69.0,236.1,4.0,0.0,34.0,5.0,3.0,-10.0,0.0
2024-09-12,taiwan,382.0,56.0,24.0,592.3,5.0,2.0,12.0,109.0,31.0,77.8,9.0
2024-09-12,ukraine,3580.0,380.0,590.0,1984.6,39.0,9.0,98.0,1370.0,635.0,-2323.8,64.0
2024-09-12,venezuela,544.0,124.0,118.0,-413.8,1.0,0.0,70.0,128.0,54.0,-137.7,11.0
2024-09-12,yemen,114.0,14.0,32.0,-113.5,0.0,0.0,12.0,24.0,10.0,-0.2,0.0
2024-09-13,drc,101.0,10.0,24.0,-66.5,3.0,0.0,10.0,9.0,1.0,37.6,0.0
2024-09-13,europe_east,1168.0,124.0,116.0,1431.5,3.0,3.0,58.0,103.0,54.0,-133.3,14.0
2024-09-13,iran,1202.0,194.0,221.0,-340.2,11.0,1.0,59.0,252.0,138.0,-481.3,17.0
2024-09-13,israel,5698.0,939.0,1447.0,-7274.5,37.0,18.0,273.0,1401.0,806.0,-4331.5,58.0
2024-09-13,korea,1443.0,178.0,153.0,1429.5,4.0,6.0,70.0,315.0,77.0,112.6,7.0
2024-09-13,libya,121.0,12.0,18.0,66.2,0.0,0.0,11.0,0.0,0.0,0.0,0.0
2024-09-13,scs,1756.0,225.0,199.0,1443.9,0.0,4.0,117.0,125.0,53.0,6.5,8.0
2024-09-13,southasia,8810.0,1381.0,1306.0,3089.6,9.0,6.0,591.0,8.0,6.0,-32.0,0.0
2024-09-13,sudan,341.0,50.0,65.0,17.8,2.0,0.0,20.0,8.0,8.0,-72.0,0.0
2024-09-13,taiwan,433.0,53.0,29.0,684.2,0.0,2.0,12.0,91.0,22.0,-11.1,13.0
2024-09-13,ukraine,3813.0,533.0,627.0,538.8,43.0,13.0,105.0,1443.0,694.0,-2409.7,67.0
2024-09-13,venezuela,455.0,87.0,65.0,214.3,1.0,0.0,44.0,112.0,47.0,14.0,5.0
2024-09-13,yemen,148.0,26.0,37.0,-189.3,3.0,0.0,10.0,12.0,2.0,42.5,0.0
2024-09-14,drc,49.0,5.0,27.0,-141.8,0.0,0.0,24.0,0.0,0.0,0.0,0.0
2024-09-14,europe_east,498.0,36.0,63.0,772.9,1.0,0.0,34.0,24.0,7.0,16.6,0.0
2024-09-14,iran,938.0,139.0,192.0,-160.6,4.0,0.0,73.0,156.0,91.0,-413.4,9.0
2024-09-14,israel,3800.0,544.0,1142.0,-6646.2,14.0,4.0,196.0,930.0,550.0,-3212.6,66.0
2024-09-14,korea,548.0,60.0,38.0,904.5,0.0,1.0,12.0,105.0,26.0,23.6,0.0
2024-09-14,libya,35.0,6.0,5.0,-4.2,0.0,0.0,3.0,0.0,0.0,0.0,0.0
2024-09-14,scs,876.0,81.0,106.0,934.9,2.0,2.0,50.0,79.0,15.0,146.2,3.0
2024-09-14,southasia,7298.0,1105.0,1065.0,2119.5,11.0,8.0,443.0,6.0,3.0,-16.4,0.0
2024-09-14,sudan,272.0,37.0,43.0,141.3,0.0,0.0,9.0,10.0,6.0,-38.8,4.0
2024-09-14,taiwan,251.0,52.0,26.0,45.7,4.0,1.0,5.0,103.0,25.0,82.0,6.0
2024-09-14,ukraine,2380.0,305.0,397.0,738.3,41.0,4.0,82.0,961.0,472.0,-1758.8,59.0
2024-09-14,venezuela,197.0,35.0,32.0,18.4,4.0,2.0,25.0,47.0,24.0,-31.3,6.0
2024-09-14,yemen,114.0,29.0,27.0,-168.6,0.0,0.0,5.0,7.0,4.0,1.0,0.0
2024-09-15,drc,7.0,0.0,2.0,-7.3,0.0,0.0,2.0,0.0,0.0,0.0,0.0
2024-09-15,europe_east,523.0,51.0,69.0,366.3,2.0,5.0,23.0,14.0,12.0,-82.4,2.0
2024-09-15,iran,760.0,188.0,132.0,-566.9,8.0,2.0,55.0,209.0,111.0,-586.1,6.0
2024-09-15,israel,4017.0,627.0,1185.0,-7461.7,46.0,14.0,157.0,914.0,565.0,-3629.3,54.0
2024-09-15,korea,442.0,68.0,32.0,444.8,1.0,0.0,8.0,86.0,19.0,71.6,0.0
2024-09-15,libya,51.0,11.0,5.0,58.9,0.0,0.0,3.0,0.0,0.0,0.0,0.0
2024-09-15,scs,1140.0,109.0,113.0,1579.3,0.0,2.0,47.0,267.0,66.0,192.7,1.0
2024-09-15,southasia,6005.0,919.0,794.0,2776.7,13.0,14.0,356.0,3.0,3.0,-14.0,2.0
2024-09-15,sudan,199.0,24.0,23.0,140.0,0.0,0.0,2.0,0.0,0.0,0.0,0.0
2024-09-15,taiwan,224.0,23.0,35.0,260.9,2.0,6.0,18.0,45.0,26.0,-68.5,13.0
2024-09-15,ukraine,2044.0,258.0,398.0,-189.6,23.0,7.0,77.0,899.0,434.0,-1855.3,43.0
2024-09-15,venezuela,712.0,209.0,241.0,-1702.1,25.0,2.0,185.0,169.0,121.0,-547.5,61.0
2024-09-15,yemen,355.0,66.0,143.0,-1315.3,11.0,3.0,6.0,278.0,209.0,-1669.8,24.0
2024-09-16,drc,10.0,0.0,0.0,21.6,0.0,0.0,0.0,0.0,0.0,0.0,0.0
2024-09-16,europe_east,1250.0,98.0,102.0,1766.1,4.0,10.0,39.0,42.0,16.0,-51.1,6.0
2024-09-16,iran,1503.0,263.0,225.0,232.6,16.0,9.0,115.0,324.0,152.0,-487.7,15.0
2024-09-16,israel,5675.0,857.0,1342.0,-5922.4,49.0,27.0,260.0,1353.0,689.0,-3372.4,79.0
2024-09-16,korea,454.0,53.0,28.0,895.9,3.0,0.0,13.0,28.0,11.0,13.9,0.0
2024-09-16,libya,94.0,5.0,2.0,286.9,0.0,0.0,0.0,0.0,0.0,0.0,0.0
2024-09-16,scs,1774.0,188.0,183.0,1949.3,2.0,6.0,85.0,320.0,121.0,80.5,5.0
2024-09-16,southasia,7931.0,1255.0,993.0,4221.2,6.0,30.0,430.0,7.0,4.0,4.0,0.0
2024-09-16,sudan,365.0,36.0,80.0,-34.8,3.0,2.0,12.0,23.0,13.0,-79.3,0.0
2024-09-16,taiwan,270.0,39.0,24.0,290.5,1.0,7.0,8.0,111.0,41.0,-37.8,13.0
2024-09-16,ukraine,2873.0,366.0,512.0,560.1,30.0,15.0,108.0,1029.0,545.0,-2479.6,72.0
2024-09-16,venezuela,507.0,77.0,119.0,-376.0,4.0,0.0,73.0,112.0,59.0,-235.8,31.0
2024-09-16,yemen,352.0,51.0,130.0,-1117.4,13.0,3.0,9.0,240.0,167.0,-1305.3,20.0
2024-09-17,drc,74.0,10.0,3.0,96.3,0.0,0.0,1.0,3.0,0.0,7.7,0.0
2024-09-17,europe_east,1043.0,102.0,127.0,1425.1,4.0,2.0,67.0,73.0,21.0,9.7,3.0
2024-09-17,iran,1593.0,267.0,369.0,-1193.6,13.0,10.0,96.0,354.0,171.0,-426.2,13.0
2024-09-17,israel,7454.0,1392.0,1766.0,-10829.4,80.0,38.0,236.0,1615.0,983.0,-4775.8,99.0
2024-09-17,korea,500.0,40.0,65.0,540.3,0.0,0.0,25.0,72.0,30.0,-54.3,3.0
2024-09-17,libya,70.0,6.0,7.0,149.9,0.0,0.0,0.0,0.0,0.0,0.0,0.0
2024-09-17,scs,1638.0,219.0,143.0,2036.2,0.0,3.0,91.0,146.0,39.0,72.3,3.0
2024-09-17,southasia,8595.0,1255.0,1006.0,6709.9,9.0,44.0,395.0,20.0,1.0,39.2,0.0
2024-09-17,sudan,335.0,35.0,28.0,414.6,0.0,0.0,12.0,7.0,4.0,-20.5,3.0
2024-09-17,taiwan,369.0,50.0,27.0,531.0,3.0,4.0,6.0,77.0,25.0,37.6,8.0
2024-09-17,ukraine,2495.0,346.0,422.0,879.6,22.0,20.0,103.0,993.0,539.0,-2454.9,45.0
2024-09-17,venezuela,475.0,87.0,122.0,-456.4,0.0,1.0,93.0,107.0,67.0,-239.6,43.0
2024-09-17,yemen,173.0,11.0,76.0,-468.6,1.0,2.0,8.0,92.0,75.0,-648.9,1.0
2024-09-18,drc,67.0,8.0,27.0,-176.0,0.0,0.0,13.0,4.0,0.0,9.6,0.0
2024-09-18,europe_east,1345.0,144.0,115.0,1701.5,1.0,7.0,54.0,101.0,26.0,113.2,13.0
2024-09-18,iran,1822.0,371.0,429.0,-1942.6,32.0,1.0,100.0,520.0,302.0,-1162.4,42.0
2024-09-18,israel,10507.0,2189.0,2349.0,-14162.0,204.0,93.0,331.0,2317.0,1471.0,-7058.5,181.0
2024-09-18,korea,1071.0,129.0,273.0,-796.1,9.0,11.0,45.0,180.0,113.0,-900.3,18.0
2024-09-18,libya,50.0,1.0,1.0,141.7,0.0,0.0,1.0,0.0,0.0,0.0,0.0
2024-09-18,scs,1424.0,138.0,123.0,2318.3,1.0,2.0,65.0,96.0,23.0,118.1,2.0
2024-09-18,southasia,8376.0,1305.0,950.0,6381.3,15.0,32.0,404.0,18.0,9.0,-21.0,0.0
2024-09-18,sudan,360.0,38.0,31.0,654.2,1.0,1.0,9.0,9.0,2.0,15.7,0.0
2024-09-18,taiwan,748.0,123.0,96.0,99.9,3.0,10.0,25.0,169.0,59.0,38.8,31.0
2024-09-18,ukraine,2467.0,335.0,416.0,344.8,29.0,15.0,95.0,744.0,430.0,-2112.5,51.0
2024-09-18,venezuela,392.0,55.0,117.0,-365.7,2.0,0.0,74.0,90.0,47.0,-132.5,26.0
2024-09-18,yemen,147.0,25.0,40.0,-148.6,1.0,0.0,12.0,46.0,29.0,-190.4,5.0
2024-09-19,drc,31.0,2.0,2.0,71.4,0.0,0.0,2.0,7.0,2.0,17.5,0.0
2024-09-19,europe_east,1344.0,107.0,90.0,2907.1,5.0,7.0,43.0,37.0,15.0,-28.4,6.0
2024-09-19,iran,1925.0,312.0,446.0,-1913.1,20.0,10.0,100.0,827.0,413.0,-1566.5,104.0
2024-09-19,israel,10186.0,1969.0,2395.0,-14007.4,133.0,52.0,475.0,2516.0,1486.0,-7653.1,244.0
2024-09-19,korea,954.0,112.0,176.0,-131.0,5.0,8.0,38.0,133.0,69.0,-422.8,14.0
2024-09-19,libya,46.0,4.0,5.0,75.6,1.0,0.0,3.0,0.0,0.0,0.0,0.0
2024-09-19,scs,1606.0,190.0,184.0,1623.2,3.0,2.0,101.0,109.0,42.0,-42.2,9.0
2024-09-19,southasia,9096.0,1615.0,1081.0,3824.5,18.0,27.0,443.0,46.0,21.0,-28.2,0.0
2024-09-19,sudan,458.0,37.0,65.0,333.3,1.0,1.0,16.0,2.0,2.0,-20.0,0.0
2024-09-19,taiwan,583.0,100.0,61.0,468.6,5.0,3.0,25.0,163.0,73.0,-49.7,27.0
2024-09-19,ukraine,2594.0,236.0,377.0,2334.9,6.0,7.0,78.0,712.0,339.0,-1333.3,22.0
2024-09-19,venezuela,595.0,119.0,116.0,-210.7,4.0,0.0,77.0,80.0,37.0,-125.0,20.0
2024-09-19,yemen,111.0,15.0,30.0,-95.7,0.0,5.0,7.0,29.0,15.0,-53.3,3.0
2024-09-20,drc,84.0,15.0,12.0,-23.9,0.0,0.0,4.0,10.0,8.0,-13.5,0.0
2024-09-20,europe_east,869.0,84.0,76.0,1416.2,2.0,3.0,46.0,99.0,52.0,-152.9,25.0
2024-09-20,iran,1208.0,206.0,315.0,-1491.2,14.0,3.0,91.0,479.0,271.0,-1184.7,56.0
2024-09-20,israel,9701.0,1682.0,2667.0,-17578.3,134.0,46.0,350.0,2445.0,1532.0,-9174.4,129.0
2024-09-20,korea,1041.0,113.0,145.0,650.1,1.0,1.0,54.0,133.0,74.0,-355.4,18.0
2024-09-20,libya,74.0,4.0,9.0,106.4,0.0,0.0,6.0,4.0,0.0,12.4,0.0
2024-09-20,scs,1571.0,182.0,170.0,2008.7,2.0,6.0,118.0,146.0,62.0,-55.6,5.0
2024-09-20,southasia,8951.0,1559.0,1113.0,3871.6,8.0,24.0,432.0,29.0,5.0,52.6,0.0
2024-09-20,sudan,378.0,23.0,51.0,397.0,1.0,1.0,12.0,9.0,2.0,8.8,0.0
2024-09-20,taiwan,527.0,66.0,42.0,491.0,5.0,4.0,16.0,159.0,49.0,116.1,14.0
2024-09-20,ukraine,2453.0,329.0,381.0,1534.4,34.0,12.0,91.0,804.0,438.0,-1626.6,59.0
2024-09-20,venezuela,442.0,83.0,57.0,296.4,2.0,0.0,39.0,67.0,27.0,-33.1,7.0
2024-09-20,yemen,129.0,10.0,34.0,-105.5,0.0,6.0,2.0,38.0,27.0,-175.0,9.0
2024-09-21,drc,68.0,14.0,10.0,-39.7,0.0,0.0,1.0,8.0,6.0,4.0,0.0
2024-09-21,europe_east,451.0,36.0,63.0,382.5,1.0,1.0,23.0,33.0,14.0,-19.4,8.0
2024-09-21,iran,941.0,209.0,214.0,-1073.1,16.0,1.0,52.0,357.0,196.0,-546.9,15.0
2024-09-21,israel,6370.0,1248.0,1846.0,-13397.7,89.0,16.0,239.0,1577.0,1018.0,-5551.4,63.0
2024-09-21,korea,964.0,71.0,155.0,1096.3,3.0,0.0,75.0,207.0,58.0,177.6,26.0
2024-09-21,libya,82.0,6.0,4.0,180.2,0.0,0.0,0.0,1.0,0.0,3.4,0.0
2024-09-21,scs,1115.0,157.0,116.0,1293.1,0.0,6.0,58.0,96.0,57.0,-221.3,6.0
2024-09-21,southasia,7590.0,1264.0,985.0,2345.2,10.0,24.0,347.0,29.0,16.0,-50.3,0.0
2024-09-21,sudan,281.0,25.0,62.0,122.4,1.0,7.0,6.0,8.0,6.0,-57.5,0.0
2024-09-21,taiwan,251.0,45.0,23.0,87.8,0.0,0.0,4.0,67.0,24.0,25.8,5.0
2024-09-21,ukraine,1834.0,206.0,364.0,-328.3,12.0,8.0,85.0,772.0,413.0,-2346.9,29.0
2024-09-21,venezuela,161.0,28.0,33.0,-45.9,1.0,0.0,22.0,24.0,10.0,-36.3,7.0
2024-09-21,yemen,120.0,16.0,24.0,1.2,6.0,4.0,11.0,51.0,22.0,-83.2,11.0
2024-09-22,drc,57.0,5.0,14.0,-58.2,0.0,0.0,6.0,0.0,0.0,0.0,0.0
2024-09-22,europe_east,498.0,58.0,47.0,475.4,3.0,0.0,16.0,45.0,23.0,-48.8,9.0
2024-09-22,iran,1264.0,217.0,206.0,-445.3,7.0,1.0,35.0,452.0,244.0,-939.0,18.0
2024-09-22,israel,7600.0,1325.0,2464.0,-17833.4,111.0,19.0,367.0,2053.0,1307.0,-8181.2,86.0
2024-09-22,korea,614.0,48.0,87.0,741.6,0.0,2.0,38.0,73.0,34.0,-70.8,12.0
2024-09-22,libya,61.0,13.0,7.0,23.9,0.0,0.0,5.0,0.0,0.0,0.0,0.0
2024-09-22,scs,829.0,94.0,86.0,1059.2,1.0,6.0,41.0,72.0,47.0,-236.9,5.0
2024-09-22,southasia,6417.0,907.0,705.0,5394.0,12.0,8.0,292.0,51.0,25.0,3.3,1.0
2024-09-22,sudan,312.0,35.0,62.0,30.8,0.0,0.0,12.0,5.0,5.0,-44.0,0.0
2024-09-22,taiwan,226.0,35.0,22.0,215.6,3.0,0.0,9.0,71.0,20.0,67.2,3.0
2024-09-22,ukraine,1760.0,187.0,279.0,651.6,3.0,2.0,61.0,578.0,364.0,-2184.1,32.0
2024-09-22,venezuela,78.0,14.0,20.0,-86.5,0.0,0.0,8.0,43.0,34.0,-238.2,2.0
2024-09-22,yemen,110.0,12.0,23.0,-71.6,1.0,1.0,6.0,48.0,23.0,-124.6,4.0
2024-09-23,drc,26.0,3.0,3.0,60.5,0.0,0.0,3.0,6.0,2.0,16.6,0.0
2024-09-23,europe_east,1060.0,92.0,109.0,1756.8,3.0,1.0,60.0,82.0,31.0,-79.7,7.0
2024-09-23,iran,1528.0,251.0,283.0,-611.4,11.0,3.0,70.0,571.0,319.0,-1220.9,25.0
2024-09-23,israel,11411.0,2130.0,3290.0,-22728.5,169.0,43.0,457.0,3371.0,2137.0,-13317.7,141.0
2024-09-23,korea,753.0,54.0,65.0,1374.9,6.0,0.0,29.0,78.0,35.0,-44.6,18.0
2024-09-23,libya,54.0,8.0,5.0,8.6,0.0,0.0,5.0,0.0,0.0,0.0,0.0
2024-09-23,scs,1544.0,163.0,143.0,1964.8,0.0,6.0,74.0,97.0,41.0,-72.0,1.0
2024-09-23,southasia,9160.0,1387.0,1149.0,5180.1,12.0,8.0,465.0,22.0,10.0,-9.1,2.0
2024-09-23,sudan,516.0,102.0,52.0,191.0,1.0,0.0,7.0,0.0,0.0,0.0,0.0
2024-09-23,taiwan,349.0,40.0,35.0,469.6,0.0,7.0,20.0,96.0,23.0,32.3,9.0
2024-09-23,ukraine,2733.0,264.0,451.0,1307.3,16.0,8.0,80.0,850.0,415.0,-1822.8,37.0
2024-09-23,venezuela,328.0,62.0,59.0,-205.6,0.0,0.0,23.0,64.0,35.0,-229.1,10.0
2024-09-23,yemen,138.0,18.0,23.0,-24.1,0.0,0.0,3.0,49.0,8.0,115.4,0.0
2024-09-24,drc,35.0,6.0,4.0,51.7,0.0,0.0,3.0,1.0,0.0,7.4,0.0
2024-09-24,europe_east,842.0,72.0,85.0,1545.8,1.0,4.0,34.0,40.0,11.0,27.8,6.0
2024-09-24,iran,1880.0,367.0,376.0,-1490.0,18.0,5.0,76.0,638.0,349.0,-1451.1,27.0
2024-09-24,israel,13299.0,2347.0,3669.0,-22326.9,212.0,54.0,557.0,3441.0,2105.0,-11612.2,140.0
2024-09-24,korea,1024.0,91.0,82.0,1745.8,0.0,0.0,52.0,99.0,18.0,210.9,4.0
2024-09-24,libya,88.0,10.0,5.0,165.6,0.0,0.0,5.0,0.0,0.0,0.0,0.0
2024-09-24,scs,1880.0,233.0,168.0,2390.1,3.0,5.0,86.0,143.0,46.0,37.1,13.0
2024-09-24,southasia,9183.0,1515.0,1054.0,5526.0,23.0,12.0,401.0,14.0,5.0,16.7,0.0
2024-09-24,sudan,528.0,67.0,66.0,266.7,2.0,0.0,7.0,0.0,0.0,0.0,0.0
2024-09-24,taiwan,410.0,58.0,38.0,393.2,1.0,4.0,16.0,131.0,45.0,30.8,6.0
2024-09-24,ukraine,3952.0,387.0,527.0,3452.1,16.0,10.0,130.0,1120.0,488.0,-1489.3,59.0
2024-09-24,venezuela,443.0,100.0,70.0,-205.1,1.0,0.0,21.0,58.0,19.0,-29.9,2.0
2024-09-24,yemen,151.0,6.0,24.0,89.7,0.0,0.0,11.0,44.0,18.0,-66.5,5.0
2024-09-25,drc,50.0,8.0,5.0,87.0,0.0,0.0,0.0,3.0,0.0,27.0,0.0
2024-09-25,europe_east,924.0,93.0,79.0,1435.3,2.0,7.0,25.0,53.0,31.0,-132.9,9.0
2024-09-25,iran,1798.0,381.0,336.0,-1450.6,15.0,13.0,63.0,626.0,349.0,-1486.4,20.0
2024-09-25,israel,12048.0,1898.0,3103.0,-16038.4,172.0,84.0,381.0,3199.0,1847.0,-10427.4,154.0
2024-09-25,korea,734.0,99.0,94.0,578.9,2.0,0.0,25.0,63.0,37.0,-124.3,5.0
2024-09-25,libya,79.0,2.0,17.0,95.4,0.0,0.0,9.0,1.0,0.0,-2.0,0.0
2024-09-25,scs,1637.0,163.0,149.0,2244.2,3.0,6.0,66.0,132.0,59.0,-76.3,8.0
2024-09-25,southasia,8928.0,1383.0,990.0,5494.3,15.0,31.0,329.0,25.0,12.0,-5.4,0.0
2024-09-25,sudan,577.0,61.0,104.0,78.6,0.0,3.0,32.0,8.0,6.0,-38.0,0.0
2024-09-25,taiwan,413.0,55.0,40.0,389.8,2.0,0.0,5.0,104.0,49.0,-121.4,25.0
2024-09-25,ukraine,3762.0,515.0,394.0,2846.6,32.0,13.0,75.0,1057.0,531.0,-1727.0,35.0
2024-09-25,venezuela,317.0,66.0,91.0,-491.3,2.0,0.0,35.0,86.0,21.0,33.0,7.0
2024-09-25,yemen,100.0,8.0,22.0,-2.1,2.0,1.0,6.0,54.0,17.0,-33.8,2.0
2024-09-26,drc,26.0,1.0,0.0,78.6,0.0,0.0,0.0,9.0,5.0,6.0,0.0
2024-09-26,europe_east,949.0,98.0,65.0,1351.9,0.0,4.0,32.0,60.0,20.0,-7.7,9.0
2024-09-26,iran,1488.0,252.0,262.0,-549.2,18.0,8.0,65.0,451.0,240.0,-1060.6,10.0
2024-09-26,israel,12852.0,2042.0,2693.0,-9825.1,217.0,56.0,404.0,3254.0,1720.0,-8741.7,129.0
2024-09-26,korea,669.0,83.0,73.0,655.8,0.0,3.0,21.0,56.0,15.0,24.1,2.0
2024-09-26,libya,167.0,8.0,30.0,292.5,0.0,0.0,17.0,0.0,0.0,0.0,0.0
2024-09-26,scs,1735.0,110.0,140.0,2927.1,0.0,3.0,79.0,105.0,48.0,-82.9,12.0
2024-09-26,southasia,8700.0,1366.0,1143.0,3650.1,11.0,21.0,505.0,41.0,20.0,-54.0,3.0
2024-09-26,sudan,715.0,49.0,150.0,-55.0,0.0,1.0,21.0,25.0,20.0,-172.2,0.0
2024-09-26,taiwan,612.0,65.0,71.0,490.0,0.0,4.0,12.0,149.0,71.0,-204.6,22.0
2024-09-26,ukraine,4012.0,525.0,482.0,3019.2,46.0,23.0,107.0,1146.0,622.0,-2504.6,58.0
2024-09-26,venezuela,397.0,69.0,64.0,127.2,3.0,0.0,23.0,88.0,19.0,144.3,6.0
2024-09-26,yemen,134.0,18.0,28.0,12.8,2.0,0.0,8.0,53.0,26.0,-160.7,0.0
2024-09-27,drc,30.0,3.0,2.0,34.6,0.0,0.0,0.0,26.0,18.0,-78.1,0.0
2024-09-27,europe_east,1037.0,94.0,120.0,1370.7,2.0,3.0,51.0,103.0,39.0,-61.0,12.0
2024-09-27,iran,1736.0,357.0,302.0,-1076.9,34.0,1.0,82.0,679.0,372.0,-1595.7,40.0
2024-09-27,israel,11626.0,2179.0,2724.0,-16194.8,212.0,25.0,382.0,3102.0,1828.0,-9946.3,134.0
2024-09-27,korea,808.0,75.0,98.0,952.1,0.0,1.0,29.0,57.0,11.0,27.6,3.0
2024-09-27,libya,168.0,13.0,21.0,173.1,0.0,0.0,8.0,0.0,0.0,0.0,0.0
2024-09-27,scs,1422.0,107.0,137.0,2252.3,4.0,1.0,70.0,135.0,44.0,12.8,7.0
2024-09-27,southasia,9216.0,1427.0,1086.0,5204.5,5.0,14.0,458.0,35.0,6.0,32.5,3.0
2024-09-27,sudan,571.0,66.0,147.0,-467.8,1.0,1.0,25.0,27.0,23.0,-195.0,0.0
2024-09-27,taiwan,424.0,41.0,42.0,522.4,4.0,2.0,14.0,106.0,38.0,18.6,7.0
2024-09-27,ukraine,4363.0,494.0,456.0,4578.4,41.0,9.0,100.0,1180.0,538.0,-1652.9,54.0
2024-09-27,venezuela,335.0,66.0,64.0,-74.4,2.0,0.0,34.0,65.0,35.0,-106.3,6.0
2024-09-27,yemen,420.0,48.0,95.0,-433.8,1.0,3.0,7.0,137.0,82.0,-582.7,3.0
2024-09-28,drc,3.0,0.0,0.0,21.0,0.0,0.0,0.0,0.0,0.0,0.0,0.0
2024-09-28,europe_east,567.0,29.0,48.0,1086.5,2.0,3.0,20.0,67.0,18.0,53.1,6.0
2024-09-28,iran,2602.0,564.0,642.0,-4508.1,56.0,9.0,84.0,1088.0,654.0,-3037.0,70.0
2024-09-28,israel,11787.0,2288.0,3201.0,-22543.2,193.0,38.0,319.0,3198.0,1879.0,-10248.0,128.0
2024-09-28,korea,290.0,18.0,32.0,404.2,0.0,3.0,11.0,7.0,7.0,-46.5,3.0
2024-09-28,libya,46.0,1.0,8.0,10.6,0.0,0.0,2.0,0.0,0.0,0.0,0.0
2024-09-28,scs,1119.0,86.0,120.0,1886.8,2.0,0.0,74.0,80.0,40.0,-5.1,4.0
2024-09-28,southasia,7067.0,1242.0,991.0,944.7,11.0,49.0,380.0,37.0,16.0,17.3,1.0
2024-09-28,sudan,462.0,58.0,58.0,861.1,1.0,1.0,9.0,15.0,12.0,-101.6,0.0
2024-09-28,taiwan,272.0,20.0,47.0,116.7,1.0,2.0,7.0,83.0,25.0,-1.1,10.0
2024-09-28,ukraine,2074.0,273.0,377.0,-37.5,20.0,11.0,44.0,686.0,387.0,-1968.4,29.0
2024-09-28,venezuela,267.0,53.0,55.0,-116.4,0.0,0.0,25.0,49.0,29.0,-145.6,10.0
2024-09-28,yemen,310.0,24.0,55.0,-167.3,2.0,0.0,6.0,122.0,68.0,-424.4,0.0
2024-09-29,drc,16.0,4.0,5.0,-25.9,0.0,0.0,3.0,12.0,9.0,-11.3,0.0
2024-09-29,europe_east,424.0,47.0,33.0,793.6,0.0,1.0,10.0,33.0,17.0,-80.5,11.0
2024-09-29,iran,2378.0,461.0,533.0,-2847.1,59.0,14.0,51.0,968.0,505.0,-2005.3,39.0
2024-09-29,israel,12539.0,2322.0,3541.0,-25162.4,228.0,54.0,250.0,3246.0,1887.0,-10735.4,113.0
2024-09-29,korea,419.0,39.0,35.0,882.7,3.0,0.0,14.0,2.0,2.0,-8.8,0.0
2024-09-29,libya,67.0,15.0,1.0,132.5,0.0,0.0,1.0,0.0,0.0,0.0,0.0
2024-09-29,scs,985.0,77.0,94.0,1486.3,2.0,2.0,55.0,60.0,33.0,-93.6,6.0
2024-09-29,southasia,5805.0,1006.0,985.0,-2288.0,21.0,14.0,301.0,41.0,12.0,-14.2,0.0
2024-09-29,sudan,241.0,42.0,47.0,-121.2,0.0,1.0,7.0,11.0,5.0,-15.8,0.0
2024-09-29,taiwan,249.0,38.0,33.0,125.3,1.0,2.0,11.0,127.0,44.0,-58.2,10.0
2024-09-29,ukraine,1420.0,223.0,316.0,-882.3,16.0,6.0,43.0,612.0,394.0,-2325.8,24.0
2024-09-29,venezuela,184.0,31.0,41.0,-93.9,0.0,1.0,21.0,42.0,27.0,-166.8,0.0
2024-09-29,yemen,277.0,37.0,149.0,-1441.9,9.0,1.0,3.0,289.0,229.0,-1942.9,9.0
2024-09-30,drc,68.0,6.0,15.0,-21.4,0.0,0.0,0.0,5.0,1.0,23.0,0.0
2024-09-30,europe_east,839.0,91.0,70.0,1098.7,0.0,5.0,44.0,95.0,35.0,-31.1,4.0
2024-09-30,iran,2557.0,433.0,567.0,-2408.4,55.0,19.0,56.0,938.0,470.0,-1657.7,33.0
2024-09-30,israel,14195.0,2433.0,4150.0,-28583.7,239.0,67.0,341.0,3817.0,2264.0,-13150.0,146.0
2024-09-30,korea,847.0,96.0,102.0,1093.2,1.0,2.0,49.0,57.0,23.0,-14.2,4.0
2024-09-30,libya,122.0,21.0,10.0,173.2,0.0,0.0,4.0,0.0,0.0,0.0,0.0
2024-09-30,scs,1822.0,160.0,200.0,2313.3,5.0,8.0,83.0,107.0,29.0,50.0,3.0
2024-09-30,southasia,8691.0,1439.0,1216.0,2182.7,9.0,26.0,540.0,35.0,21.0,-68.2,10.0
2024-09-30,sudan,434.0,107.0,71.0,-238.3,0.0,1.0,13.0,24.0,13.0,-52.8,1.0
2024-09-30,taiwan,368.0,44.0,44.0,604.1,1.0,1.0,14.0,96.0,27.0,72.1,4.0
2024-09-30,ukraine,2218.0,292.0,428.0,-164.2,8.0,19.0,64.0,686.0,414.0,-2092.1,20.0
2024-09-30,venezuela,228.0,38.0,43.0,-103.0,1.0,0.0,20.0,36.0,12.0,-55.2,1.0
2024-09-30,yemen,417.0,57.0,227.0,-2130.2,8.0,3.0,3.0,344.0,262.0,-2306.8,5.0
2024-10-01,drc,54.0,0.0,4.0,84.3,0.0,0.0,0.0,17.0,8.0,-12.6,0.0
2024-10-01,europe_east,1107.0,95.0,99.0,1656.0,1.0,0.0,39.0,142.0,52.0,350.4,4.0
2024-10-01,iran,5119.0,1021.0,1710.0,-14241.5,178.0,30.0,119.0,3121.0,2057.0,-12461.2,245.0
2024-10-01,israel,19216.0,3301.0,6033.0,-43386.6,405.0,136.0,796.0,6609.0,4347.0,-27308.5,436.0
2024-10-01,korea,822.0,132.0,112.0,521.4,7.0,9.0,65.0,101.0,52.0,-120.3,11.0
2024-10-01,libya,63.0,12.0,10.0,-31.5,0.0,0.0,0.0,0.0,0.0,0.0,0.0
2024-10-01,scs,1545.0,149.0,137.0,2332.2,5.0,7.0,59.0,108.0,50.0,-244.4,0.0
2024-10-01,southasia,9029.0,1422.0,1098.0,4798.1,6.0,50.0,574.0,36.0,15.0,-50.4,5.0
2024-10-01,sudan,353.0,53.0,74.0,-321.7,1.0,0.0,6.0,27.0,14.0,-80.9,0.0
2024-10-01,taiwan,359.0,34.0,41.0,428.9,0.0,4.0,16.0,136.0,30.0,17.9,5.0
2024-10-01,ukraine,2346.0,273.0,299.0,1780.7,18.0,19.0,55.0,605.0,306.0,-1243.2,28.0
2024-10-01,venezuela,213.0,43.0,38.0,-6.3,0.0,0.0,28.0,39.0,8.0,87.5,0.0
2024-10-01,yemen,301.0,64.0,139.0,-1415.1,20.0,0.0,9.0,208.0,153.0,-1241.1,5.0
2024-10-02,drc,35.0,1.0,8.0,-58.1,0.0,1.0,0.0,10.0,0.0,25.9,0.0
2024-10-02,europe_east,1123.0,104.0,90.0,1863.5,2.0,7.0,31.0,58.0,12.0,85.1,2.0
2024-10-02,iran,7699.0,1573.0,2514.0,-20897.6,263.0,33.0,227.0,4759.0,3070.0,-18849.3,425.0
2024-10-02,israel,18928.0,3135.0,6271.0,-44171.0,398.0,101.0,875.0,7019.0,4758.0,-31216.7,475.0
2024-10-02,korea,1011.0,103.0,117.0,1087.0,6.0,12.0,65.0,82.0,33.0,-106.4,18.0
2024-10-02,libya,77.0,5.0,8.0,150.2,1.0,0.0,2.0,0.0,0.0,0.0,0.0
2024-10-02,scs,1486.0,186.0,161.0,1500.6,3.0,9.0,67.0,107.0,57.0,-218.1,8.0
2024-10-02,southasia,8021.0,1194.0,958.0,3627.0,34.0,23.0,409.0,22.0,6.0,-28.9,6.0
2024-10-02,sudan,285.0,58.0,55.0,-181.2,4.0,2.0,14.0,16.0,11.0,-76.8,0.0
2024-10-02,taiwan,330.0,41.0,46.0,380.5,2.0,3.0,24.0,81.0,39.0,-99.6,8.0
2024-10-02,ukraine,2183.0,256.0,379.0,1007.5,25.0,15.0,75.0,708.0,415.0,-1898.3,36.0
2024-10-02,venezuela,143.0,28.0,28.0,-46.3,0.0,0.0,13.0,27.0,11.0,-12.5,5.0
2024-10-02,yemen,247.0,26.0,98.0,-730.0,9.0,10.0,3.0,110.0,86.0,-749.0,11.0
2024-10-03,drc,102.0,8.0,9.0,75.5,0.0,1.0,0.0,8.0,2.0,25.2,0.0
2024-10-03,europe_east,1091.0,103.0,113.0,1291.6,3.0,2.0,46.0,89.0,13.0,163.6,1.0
2024-10-03,iran,4174.0,848.0,1329.0,-10616.8,143.0,13.0,139.0,2408.0,1507.0,-9203.6,198.0
2024-10-03,israel,13884.0,2340.0,4381.0,-28606.4,275.0,56.0,658.0,4914.0,3231.0,-20482.6,282.0
2024-10-03,korea,922.0,108.0,115.0,845.1,1.0,3.0,66.0,73.0,24.0,-24.1,8.0
2024-10-03,libya,95.0,14.0,9.0,66.5,2.0,0.0,2.0,2.0,0.0,4.7,0.0
2024-10-03,scs,1712.0,188.0,159.0,2272.7,3.0,3.0,69.0,171.0,100.0,-335.2,6.0
2024-10-03,southasia,8877.0,1424.0,1156.0,3628.9,23.0,12.0,497.0,24.0,5.0,26.3,2.0
2024-10-03,sudan,274.0,48.0,54.0,-116.1,1.0,0.0,10.0,2.0,2.0,-12.0,0.0
2024-10-03,taiwan,323.0,36.0,28.0,432.8,3.0,0.0,18.0,117.0,25.0,142.5,4.0
2024-10-03,ukraine,2266.0,231.0,367.0,1391.1,6.0,8.0,65.0,761.0,446.0,-2261.7,22.0
2024-10-03,venezuela,230.0,54.0,36.0,-125.8,2.0,1.0,13.0,40.0,20.0,-15.6,1.0
2024-10-03,yemen,150.0,19.0,57.0,-394.0,5.0,0.0,4.0,77.0,45.0,-346.2,1.0
2024-10-04,drc,65.0,3.0,10.0,3.5,0.0,0.0,0.0,2.0,0.0,4.7,0.0
2024-10-04,europe_east,833.0,90.0,81.0,1107.1,2.0,1.0,53.0,68.0,18.0,26.2,2.0
2024-10-04,iran,3532.0,685.0,947.0,-6631.4,128.0,13.0,116.0,1917.0,1092.0,-6159.7,140.0
2024-10-04,israel,12939.0,2190.0,3841.0,-24588.9,256.0,65.0,566.0,4429.0,2720.0,-16787.3,227.0
2024-10-04,korea,898.0,126.0,93.0,922.0,6.0,3.0,41.0,90.0,51.0,-183.9,3.0
2024-10-04,libya,109.0,18.0,27.0,-78.1,0.0,0.0,11.0,3.0,0.0,21.0,0.0
2024-10-04,scs,1706.0,158.0,173.0,2382.8,0.0,4.0,90.0,177.0,100.0,-419.4,18.0
2024-10-04,southasia,9312.0,1270.0,1203.0,5506.3,32.0,39.0,493.0,57.0,14.0,95.2,4.0
2024-10-04,sudan,366.0,45.0,91.0,-419.0,4.0,3.0,16.0,9.0,4.0,-26.8,0.0
2024-10-04,taiwan,258.0,26.0,27.0,198.2,1.0,0.0,5.0,66.0,27.0,-36.8,10.0
2024-10-04,ukraine,2439.0,246.0,539.0,-747.5,17.0,14.0,128.0,750.0,452.0,-2367.0,45.0
2024-10-04,venezuela,199.0,51.0,29.0,-71.7,0.0,0.0,14.0,29.0,14.0,-43.1,8.0
2024-10-04,yemen,253.0,30.0,106.0,-941.8,2.0,0.0,3.0,109.0,85.0,-770.1,3.0
2024-10-05,drc,39.0,0.0,1.0,75.4,0.0,0.0,0.0,7.0,0.0,38.0,0.0
2024-10-05,europe_east,467.0,44.0,49.0,535.2,1.0,2.0,24.0,37.0,9.0,21.1,6.0
2024-10-05,iran,2403.0,511.0,603.0,-4735.5,87.0,7.0,70.0,1296.0,772.0,-4596.9,104.0
2024-10-05,israel,10146.0,1807.0,3000.0,-21315.9,175.0,50.0,472.0,3277.0,2053.0,-12819.9,192.0
2024-10-05,korea,457.0,39.0,92.0,82.6,3.0,4.0,38.0,53.0,30.0,-160.6,1.0
2024-10-05,libya,120.0,16.0,67.0,-596.9,0.0,0.0,10.0,0.0,0.0,0.0,0.0
2024-10-05,scs,867.0,90.0,92.0,883.4,2.0,2.0,42.0,31.0,11.0,40.6,0.0
2024-10-05,southasia,8300.0,1352.0,1341.0,-269.6,17.0,61.0,490.0,89.0,16.0,131.1,3.0
2024-10-05,sudan,151.0,20.0,24.0,41.6,0.0,0.0,2.0,1.0,1.0,-10.0,0.0
2024-10-05,taiwan,208.0,35.0,20.0,110.7,3.0,0.0,8.0,60.0,25.0,-7.7,3.0
2024-10-05,ukraine,1128.0,124.0,226.0,297.9,3.0,5.0,43.0,424.0,215.0,-792.8,18.0
2024-10-05,venezuela,145.0,23.0,47.0,-250.0,0.0,8.0,14.0,25.0,15.0,-59.8,8.0
2024-10-05,yemen,147.0,31.0,63.0,-686.5,2.0,0.0,2.0,50.0,40.0,-351.8,0.0
2024-10-06,drc,35.0,9.0,2.0,24.3,0.0,0.0,0.0,8.0,3.0,12.0,0.0
2024-10-06,europe_east,259.0,67.0,25.0,115.9,1.0,1.0,15.0,20.0,13.0,-26.0,0.0
2024-10-06,iran,2261.0,419.0,635.0,-4338.3,74.0,6.0,93.0,1146.0,743.0,-4448.0,114.0
2024-10-06,israel,12193.0,2362.0,3519.0,-24838.9,239.0,43.0,573.0,3670.0,2358.0,-14752.5,281.0
2024-10-06,korea,649.0,65.0,43.0,862.6,3.0,0.0,11.0,85.0,26.0,-44.1,4.0
2024-10-06,libya,72.0,7.0,28.0,-185.0,0.0,0.0,2.0,0.0,0.0,0.0,0.0
2024-10-06,scs,1009.0,98.0,90.0,1424.8,0.0,4.0,38.0,32.0,15.0,-13.4,2.0
2024-10-06,southasia,6460.0,1099.0,1015.0,-460.6,20.0,25.0,394.0,27.0,4.0,55.9,0.0
2024-10-06,sudan,161.0,27.0,31.0,-103.7,5.0,1.0,8.0,1.0,0.0,0.4,0.0
2024-10-06,taiwan,276.0,15.0,32.0,280.2,0.0,0.0,7.0,62.0,15.0,-6.9,0.0
2024-10-06,ukraine,1098.0,103.0,288.0,-900.7,6.0,7.0,22.0,426.0,263.0,-1767.7,12.0
2024-10-06,venezuela,122.0,5.0,14.0,256.4,0.0,0.0,6.0,24.0,11.0,-51.8,2.0
2024-10-06,yemen,120.0,24.0,61.0,-588.0,1.0,4.0,2.0,71.0,54.0,-373.6,4.0
2024-10-07,drc,32.0,5.0,0.0,51.6,0.0,0.0,0.0,9.0,4.0,0.1,0.0
2024-10-07,europe_east,759.0,82.0,117.0,524.3,3.0,7.0,35.0,37.0,11.0,-12.1,1.0
2024-10-07,iran,2645.0,519.0,644.0,-4114.9,67.0,9.0,90.0,1329.0,817.0,-4729.3,159.0
2024-10-07,israel,18705.0,3059.0,5344.0,-33402.9,263.0,44.0,832.0,5297.0,3290.0,-20810.5,392.0
2024-10-07,korea,974.0,64.0,71.0,1820.0,0.0,4.0,25.0,39.0,19.0,-71.3,5.0
2024-10-07,libya,44.0,2.0,12.0,-41.6,0.0,0.0,2.0,0.0,0.0,0.0,0.0
2024-10-07,scs,1705.0,116.0,149.0,2851.3,4.0,4.0,43.0,87.0,38.0,-180.2,7.0
2024-10-07,southasia,9879.0,1559.0,1491.0,2441.3,21.0,50.0,539.0,29.0,16.0,-46.5,6.0
2024-10-07,sudan,423.0,53.0,83.0,-62.6,3.0,5.0,15.0,11.0,7.0,-46.9,0.0
2024-10-07,taiwan,405.0,47.0,50.0,349.7,0.0,0.0,19.0,79.0,32.0,-38.6,0.0
2024-10-07,ukraine,2323.0,254.0,475.0,1010.2,19.0,7.0,104.0,860.0,539.0,-2916.3,59.0
2024-10-07,venezuela,163.0,29.0,29.0,7.9,1.0,8.0,14.0,18.0,8.0,-14.5,7.0
2024-10-07,yemen,259.0,39.0,96.0,-662.3,3.0,2.0,15.0,167.0,107.0,-758.9,5.0
2024-10-08,drc,26.0,1.0,1.0,73.2,1.0,0.0,0.0,18.0,4.0,43.6,0.0
2024-10-08,europe_east,974.0,96.0,103.0,1160.7,0.0,3.0,51.0,57.0,17.0,9.9,1.0
2024-10-08,iran,2572.0,464.0,557.0,-2713.0,64.0,4.0,96.0,1148.0,682.0,-3762.7,94.0
2024-10-08,israel,14716.0,2447.0,3888.0,-22707.3,178.0,81.0,714.0,4051.0,2391.0,-14281.6,275.0
2024-10-08,korea,1322.0,132.0,186.0,1302.8,2.0,26.0,42.0,111.0,59.0,-148.3,7.0
2024-10-08,libya,20.0,2.0,4.0,18.5,0.0,0.0,1.0,0.0,0.0,0.0,0.0
2024-10-08,scs,1801.0,210.0,128.0,2667.7,7.0,1.0,58.0,165.0,56.0,60.5,0.0
2024-10-08,southasia,9347.0,1521.0,1033.0,5999.8,10.0,47.0,396.0,33.0,11.0,8.8,5.0
2024-10-08,sudan,251.0,30.0,76.0,-375.8,0.0,2.0,5.0,25.0,20.0,-143.8,1.0
2024-10-08,taiwan,461.0,48.0,36.0,574.6,1.0,1.0,6.0,82.0,26.0,1.8,2.0
2024-10-08,ukraine,2471.0,304.0,499.0,-98.4,14.0,13.0,122.0,897.0,486.0,-2277.6,46.0
2024-10-08,venezuela,189.0,14.0,27.0,165.6,0.0,0.0,14.0,34.0,12.0,-44.8,5.0
2024-10-08,yemen,109.0,10.0,31.0,-140.4,2.0,0.0,6.0,54.0,27.0,-169.1,0.0
2024-10-09,drc,27.0,5.0,3.0,-12.9,4.0,0.0,1.0,28.0,16.0,-32.6,2.0
2024-10-09,europe_east,900.0,70.0,69.0,1435.1,2.0,7.0,33.0,71.0,21.0,41.5,8.0
2024-10-09,iran,2155.0,391.0,417.0,-1227.0,36.0,3.0,74.0,1068.0,597.0,-2998.6,104.0
2024-10-09,israel,11531.0,1966.0,3083.0,-17899.7,189.0,62.0,639.0,3244.0,1952.0,-11252.9,253.0
2024-10-09,korea,1138.0,140.0,161.0,760.2,6.0,13.0,56.0,180.0,81.0,-223.6,19.0
2024-10-09,libya,56.0,7.0,9.0,31.5,0.0,1.0,0.0,0.0,0.0,0.0,0.0
2024-10-09,scs,1939.0,198.0,193.0,2481.7,1.0,5.0,81.0,239.0,102.0,-101.4,5.0
2024-10-09,southasia,9038.0,1396.0,1128.0,4681.9,19.0,19.0,465.0,14.0,7.0,-7.9,0.0
2024-10-09,sudan,568.0,70.0,97.0,145.5,0.0,8.0,23.0,18.0,14.0,-124.0,1.0
2024-10-09,taiwan,513.0,75.0,37.0,448.1,0.0,1.0,14.0,201.0,69.0,-106.7,6.0
2024-10-09,ukraine,2591.0,295.0,407.0,1581.8,10.0,13.0,98.0,802.0,445.0,-1817.5,47.0
2024-10-09,venezuela,230.0,37.0,49.0,-16.5,2.0,0.0,32.0,71.0,33.0,-103.1,30.0
2024-10-09,yemen,103.0,20.0,23.0,-109.9,0.0,0.0,5.0,34.0,23.0,-105.8,1.0
2024-10-10,drc,85.0,11.0,19.0,-85.5,0.0,0.0,16.0,12.0,2.0,60.0,0.0
2024-10-10,europe_east,838.0,78.0,123.0,634.7,0.0,6.0,41.0,27.0,10.0,-25.4,2.0
2024-10-10,iran,1884.0,283.0,429.0,-1673.0,37.0,7.0,82.0,909.0,560.0,-3278.9,75.0
2024-10-10,israel,10887.0,1991.0,3022.0,-17995.3,137.0,46.0,553.0,3076.0,1895.0,-11346.7,223.0
2024-10-10,korea,1391.0,138.0,156.0,1883.3,6.0,18.0,42.0,133.0,41.0,30.4,7.0
2024-10-10,libya,67.0,7.0,14.0,6.4,1.0,0.0,5.0,0.0,0.0,0.0,0.0
2024-10-10,scs,1483.0,162.0,139.0,1924.3,6.0,13.0,54.0,158.0,96.0,-307.4,10.0
2024-10-10,southasia,9059.0,1069.0,961.0,8587.4,17.0,13.0,418.0,8.0,2.0,6.8,2.0
2024-10-10,sudan,380.0,74.0,65.0,-216.8,0.0,1.0,13.0,9.0,6.0,-39.5,0.0
2024-10-10,taiwan,650.0,102.0,52.0,528.4,0.0,4.0,24.0,279.0,96.0,-154.9,18.0
2024-10-10,ukraine,3425.0,308.0,473.0,3707.7,19.0,20.0,118.0,757.0,416.0,-1965.5,54.0
2024-10-10,venezuela,194.0,21.0,33.0,153.7,0.0,0.0,22.0,52.0,24.0,-58.3,21.0
2024-10-10,yemen,84.0,12.0,21.0,-84.9,0.0,0.0,7.0,35.0,19.0,-74.6,4.0
2024-10-11,drc,25.0,3.0,5.0,-2.0,0.0,0.0,4.0,11.0,1.0,7.6,0.0
2024-10-11,europe_east,778.0,57.0,62.0,1248.1,3.0,12.0,18.0,56.0,12.0,77.0,1.0
2024-10-11,iran,2216.0,373.0,495.0,-2029.0,51.0,5.0,92.0,937.0,552.0,-3015.2,79.0
2024-10-11,israel,11182.0,2096.0,3096.0,-19885.9,160.0,55.0,456.0,3226.0,1891.0,-10979.2,181.0
2024-10-11,korea,1058.0,159.0,119.0,1021.6,16.0,5.0,24.0,139.0,97.0,-387.7,29.0
2024-10-11,libya,71.0,9.0,20.0,-35.0,0.0,1.0,7.0,0.0,0.0,0.0,0.0
2024-10-11,scs,1452.0,164.0,184.0,1560.0,10.0,7.0,78.0,297.0,163.0,-472.0,28.0
2024-10-11,southasia,8075.0,1073.0,1117.0,4110.9,9.0,50.0,367.0,5.0,1.0,5.0,0.0
2024-10-11,sudan,391.0,54.0,76.0,-311.2,0.0,0.0,17.0,2.0,2.0,-14.0,0.0
2024-10-11,taiwan,509.0,106.0,43.0,110.4,2.0,0.0,32.0,295.0,144.0,-400.2,42.0
2024-10-11,ukraine,3122.0,317.0,410.0,2881.0,19.0,22.0,97.0,857.0,443.0,-1705.4,70.0
2024-10-11,venezuela,266.0,48.0,62.0,-256.7,0.0,0.0,29.0,86.0,36.0,-82.3,12.0
2024-10-11,yemen,91.0,15.0,27.0,-118.3,0.0,0.0,11.0,41.0,23.0,-114.9,3.0
2024-10-12,drc,18.0,3.0,3.0,0.9,0.0,0.0,3.0,0.0,0.0,0.0,0.0
2024-10-12,europe_east,456.0,82.0,73.0,-29.8,5.0,4.0,15.0,93.0,72.0,-258.7,8.0
2024-10-12,iran,1570.0,270.0,332.0,-1012.2,33.0,5.0,78.0,743.0,452.0,-2609.6,46.0
2024-10-12,israel,7489.0,1352.0,2310.0,-15580.5,74.0,33.0,428.0,2442.0,1519.0,-8983.0,171.0
2024-10-12,korea,729.0,122.0,77.0,827.4,5.0,7.0,17.0,84.0,55.0,-128.2,13.0
2024-10-12,libya,46.0,8.0,16.0,-77.7,0.0,1.0,3.0,2.0,2.0,-10.0,2.0
2024-10-12,scs,920.0,89.0,103.0,1122.4,1.0,3.0,43.0,180.0,61.0,-15.6,17.0
2024-10-12,southasia,6173.0,935.0,1007.0,665.0,14.0,31.0,382.0,15.0,8.0,-16.2,6.0
2024-10-12,sudan,164.0,27.0,10.0,137.2,1.0,0.0,6.0,0.0,0.0,0.0,0.0
2024-10-12,taiwan,269.0,51.0,30.0,127.1,0.0,3.0,18.0,140.0,58.0,-62.2,7.0
2024-10-12,ukraine,1424.0,186.0,294.0,-605.9,5.0,14.0,61.0,557.0,316.0,-1691.7,42.0
2024-10-12,venezuela,294.0,45.0,49.0,-97.2,0.0,0.0,21.0,87.0,40.0,-179.1,7.0
2024-10-12,yemen,64.0,13.0,18.0,-125.5,4.0,0.0,10.0,23.0,7.0,-9.1,5.0
2024-10-13,drc,15.0,2.0,3.0,-10.8,0.0,0.0,3.0,16.0,0.0,128.0,0.0
2024-10-13,europe_east,534.0,78.0,60.0,652.6,0.0,1.0,23.0,75.0,69.0,-168.8,0.0
2024-10-13,iran,1544.0,254.0,343.0,-1069.7,31.0,24.0,72.0,819.0,462.0,-2153.9,53.0
2024-10-13,israel,8761.0,1609.0,2383.0,-14454.7,151.0,48.0,400.0,2696.0,1647.0,-8560.2,171.0
2024-10-13,korea,617.0,123.0,55.0,506.7,9.0,5.0,25.0,84.0,52.0,-169.3,8.0
2024-10-13,libya,66.0,9.0,12.0,-1.7,0.0,1.0,2.0,0.0,0.0,0.0,0.0
2024-10-13,scs,1204.0,94.0,113.0,1711.4,2.0,6.0,62.0,347.0,70.0,602.4,10.0
2024-10-13,southasia,7453.0,1176.0,1601.0,-4908.4,19.0,36.0,512.0,7.0,4.0,8.9,0.0
2024-10-13,sudan,168.0,42.0,36.0,-209.5,0.0,0.0,2.0,13.0,9.0,-64.8,3.0
2024-10-13,taiwan,285.0,51.0,37.0,-12.5,2.0,2.0,13.0,121.0,57.0,-148.3,11.0
2024-10-13,ukraine,1323.0,190.0,289.0,-630.5,10.0,7.0,55.0,577.0,365.0,-1982.7,40.0
2024-10-13,venezuela,183.0,33.0,29.0,-23.6,0.0,0.0,9.0,31.0,11.0,-38.1,0.0
2024-10-13,yemen,60.0,6.0,14.0,-14.1,1.0,0.0,7.0,20.0,14.0,-78.9,2.0
2024-10-14,drc,47.0,3.0,14.0,-73.3,0.0,0.0,0.0,25.0,13.0,-56.6,0.0
2024-10-14,europe_east,977.0,101.0,140.0,887.9,2.0,5.0,70.0,79.0,47.0,11.2,3.0
2024-10-14,iran,1964.0,313.0,516.0,-2389.4,46.0,42.0,82.0,1025.0,570.0,-2894.6,74.0
2024-10-14,israel,10074.0,1701.0,2785.0,-15164.3,129.0,95.0,395.0,2838.0,1742.0,-9554.4,208.0
2024-10-14,korea,1051.0,193.0,119.0,759.7,13.0,27.0,31.0,179.0,92.0,-219.5,20.0
2024-10-14,libya,121.0,12.0,9.0,192.2,1.0,0.0,8.0,0.0,0.0,0.0,0.0
2024-10-14,scs,1629.0,188.0,177.0,1678.6,3.0,0.0,82.0,335.0,71.0,449.3,14.0
2024-10-14,southasia,11959.0,1783.0,2009.0,1078.4,83.0,63.0,797.0,33.0,2.0,68.7,1.0
2024-10-14,sudan,311.0,54.0,48.0,-3.2,0.0,0.0,7.0,8.0,7.0,-44.6,2.0
2024-10-14,taiwan,1044.0,217.0,160.0,-69.2,0.0,22.0,54.0,530.0,254.0,-532.9,92.0
2024-10-14,ukraine,1955.0,226.0,321.0,649.2,24.0,13.0,83.0,598.0,306.0,-1110.4,64.0
2024-10-14,venezuela,198.0,36.0,49.0,-219.4,3.0,0.0,17.0,56.0,29.0,-103.7,6.0
2024-10-14,yemen,122.0,6.0,19.0,203.9,0.0,0.0,2.0,47.0,19.0,-105.2,0.0
2024-10-15,drc,28.0,1.0,0.0,76.9,0.0,0.0,0.0,4.0,2.0,4.0,0.0
2024-10-15,europe_east,824.0,102.0,90.0,994.0,0.0,1.0,41.0,43.0,29.0,-23.4,5.0
2024-10-15,iran,2131.0,389.0,442.0,-1981.7,67.0,20.0,78.0,886.0,535.0,-3074.7,77.0
2024-10-15,israel,10750.0,1965.0,2924.0,-16936.6,191.0,88.0,518.0,2819.0,1755.0,-10056.6,205.0
2024-10-15,korea,1719.0,360.0,220.0,630.8,22.0,23.0,54.0,295.0,186.0,-496.9,22.0
2024-10-15,libya,69.0,6.0,13.0,4.9,0.0,0.0,2.0,0.0,0.0,0.0,0.0
2024-10-15,scs,1546.0,160.0,177.0,1931.8,1.0,7.0,47.0,234.0,100.0,-43.5,28.0
2024-10-15,southasia,12568.0,1719.0,1824.0,6199.7,66.0,44.0,791.0,46.0,6.0,79.4,1.0
2024-10-15,sudan,370.0,64.0,43.0,197.7,0.0,0.0,14.0,5.0,3.0,-12.0,2.0
2024-10-15,taiwan,618.0,99.0,99.0,194.8,3.0,8.0,20.0,281.0,128.0,-265.7,61.0
2024-10-15,ukraine,2258.0,227.0,365.0,1232.2,17.0,10.0,87.0,525.0,283.0,-1356.6,29.0
2024-10-15,venezuela,285.0,50.0,62.0,-186.2,0.0,0.0,27.0,61.0,25.0,-81.5,14.0
2024-10-15,yemen,108.0,7.0,16.0,160.8,0.0,0.0,4.0,27.0,16.0,-121.4,0.0
2024-10-16,drc,27.0,3.0,8.0,-14.6,0.0,0.0,3.0,3.0,0.0,16.2,0.0
2024-10-16,europe_east,888.0,74.0,103.0,1203.3,0.0,3.0,47.0,54.0,26.0,-45.0,1.0
2024-10-16,iran,1736.0,324.0,341.0,-1201.1,36.0,6.0,73.0,703.0,403.0,-1943.9,48.0
2024-10-16,israel,10164.0,1854.0,2414.0,-12015.6,127.0,26.0,517.0,2566.0,1524.0,-7753.1,148.0
2024-10-16,korea,1671.0,257.0,181.0,1537.7,19.0,8.0,71.0,307.0,135.0,-503.3,20.0
2024-10-16,libya,70.0,5.0,9.0,93.6,0.0,0.0,1.0,0.0,0.0,0.0,0.0
2024-10-16,scs,1634.0,155.0,134.0,2962.5,8.0,3.0,58.0,83.0,34.0,-30.7,12.0
2024-10-16,southasia,11490.0,1752.0,1411.0,5643.0,160.0,28.0,581.0,45.0,10.0,33.9,3.0
2024-10-16,sudan,423.0,44.0,70.0,178.8,7.0,0.0,20.0,7.0,3.0,-18.6,0.0
2024-10-16,taiwan,661.0,86.0,68.0,563.9,5.0,7.0,17.0,244.0,71.0,101.1,28.0
2024-10-16,ukraine,3268.0,309.0,353.0,4129.2,20.0,20.0,92.0,816.0,351.0,-945.3,36.0
2024-10-16,venezuela,222.0,47.0,68.0,-440.0,2.0,0.0,29.0,80.0,37.0,-147.9,20.0
2024-10-16,yemen,122.0,26.0,28.0,-157.7,2.0,0.0,5.0,38.0,22.0,-136.7,3.0
2024-10-17,drc,38.0,7.0,4.0,11.6,0.0,0.0,1.0,21.0,12.0,-89.4,0.0
2024-10-17,europe_east,1176.0,117.0,91.0,2345.1,2.0,2.0,58.0,125.0,48.0,174.8,8.0
2024-10-17,iran,1922.0,399.0,422.0,-2382.4,54.0,9.0,62.0,828.0,528.0,-2800.9,88.0
2024-10-17,israel,10112.0,1733.0,2926.0,-17790.5,196.0,23.0,507.0,3274.0,2036.0,-11876.0,211.0
2024-10-17,korea,1466.0,230.0,190.0,1427.4,18.0,38.0,57.0,196.0,70.0,-81.8,4.0
2024-10-17,libya,93.0,6.0,28.0,-53.5,0.0,2.0,9.0,0.0,0.0,0.0,0.0
2024-10-17,scs,1733.0,221.0,188.0,2017.0,4.0,2.0,123.0,57.0,12.0,80.5,1.0
2024-10-17,southasia,10281.0,1735.0,1685.0,-705.4,84.0,24.0,708.0,52.0,23.0,-65.5,15.0
2024-10-17,sudan,332.0,41.0,58.0,104.6,0.0,1.0,18.0,7.0,5.0,-26.4,1.0
2024-10-17,taiwan,480.0,96.0,43.0,340.0,0.0,3.0,12.0,149.0,62.0,-44.0,9.0
2024-10-17,ukraine,3611.0,359.0,311.0,5830.2,21.0,9.0,83.0,801.0,288.0,-208.9,32.0
2024-10-17,venezuela,313.0,70.0,71.0,-265.5,1.0,0.0,39.0,67.0,37.0,-170.5,24.0
2024-10-17,yemen,255.0,47.0,85.0,-753.6,10.0,0.0,4.0,120.0,94.0,-646.6,3.0
2024-10-18,drc,21.0,0.0,5.0,-28.4,0.0,0.0,0.0,6.0,0.0,6.0,0.0
2024-10-18,europe_east,1095.0,134.0,116.0,1113.2,2.0,2.0,49.0,98.0,50.0,-62.0,16.0
2024-10-18,iran,1679.0,252.0,403.0,-1698.4,43.0,7.0,66.0,739.0,425.0,-2284.2,85.0
2024-10-18,israel,10437.0,1820.0,2653.0,-14622.9,220.0,40.0,400.0,3429.0,1916.0,-10287.2,253.0
2024-10-18,korea,2257.0,226.0,319.0,3270.5,27.0,83.0,72.0,382.0,103.0,393.0,26.0
2024-10-18,libya,63.0,2.0,7.0,91.3,0.0,0.0,1.0,0.0,0.0,0.0,0.0
2024-10-18,scs,1526.0,162.0,213.0,1345.2,1.0,1.0,84.0,55.0,12.0,102.6,2.0
2024-10-18,southasia,9676.0,1648.0,1685.0,-1843.3,34.0,23.0,685.0,44.0,23.0,-116.0,8.0
2024-10-18,sudan,286.0,31.0,83.0,-345.4,0.0,2.0,31.0,11.0,7.0,-23.6,2.0
2024-10-18,taiwan,473.0,52.0,33.0,788.1,3.0,0.0,17.0,141.0,55.0,-39.4,12.0
2024-10-18,ukraine,3305.0,439.0,316.0,4014.8,30.0,16.0,95.0,912.0,362.0,-311.5,41.0
2024-10-18,venezuela,322.0,46.0,58.0,74.6,0.0,0.0,20.0,63.0,32.0,-59.5,15.0
2024-10-18,yemen,181.0,16.0,44.0,-150.7,6.0,3.0,3.0,65.0,35.0,-204.4,6.0
2024-10-19,drc,2.0,0.0,2.0,-18.0,0.0,0.0,0.0,2.0,2.0,-20.0,0.0
2024-10-19,europe_east,552.0,60.0,38.0,783.2,0.0,3.0,11.0,27.0,12.0,33.1,1.0
2024-10-19,iran,1435.0,220.0,350.0,-1676.6,48.0,3.0,27.0,549.0,338.0,-1771.5,50.0
2024-10-19,israel,7799.0,1283.0,2329.0,-15150.4,131.0,36.0,223.0,2636.0,1587.0,-9441.7,143.0
2024-10-19,korea,1328.0,175.0,198.0,1059.4,20.0,72.0,10.0,241.0,91.0,-10.0,20.0
2024-10-19,libya,52.0,6.0,8.0,58.2,0.0,0.0,2.0,0.0,0.0,0.0,0.0
2024-10-19,scs,861.0,66.0,110.0,896.7,2.0,4.0,32.0,37.0,9.0,80.4,0.0
2024-10-19,southasia,7719.0,1417.0,1400.0,-2299.3,117.0,17.0,613.0,9.0,7.0,-38.0,2.0
2024-10-19,sudan,121.0,19.0,24.0,-37.2,0.0,0.0,2.0,0.0,0.0,0.0,0.0
2024-10-19,taiwan,341.0,39.0,34.0,458.3,1.0,0.0,13.0,75.0,32.0,-39.0,12.0
2024-10-19,ukraine,2184.0,277.0,297.0,2019.2,18.0,11.0,72.0,693.0,263.0,-26.2,51.0
2024-10-19,venezuela,236.0,46.0,33.0,171.3,0.0,0.0,19.0,80.0,28.0,56.4,18.0
2024-10-19,yemen,127.0,18.0,35.0,-202.6,0.0,1.0,4.0,83.0,49.0,-374.5,1.0
2024-10-20,drc,6.0,0.0,0.0,11.9,0.0,0.0,0.0,5.0,1.0,14.8,0.0
2024-10-20,europe_east,286.0,35.0,9.0,506.1,0.0,0.0,5.0,20.0,3.0,37.1,0.0
2024-10-20,iran,1361.0,283.0,349.0,-2240.5,47.0,10.0,28.0,658.0,463.0,-2823.7,80.0
2024-10-20,israel,6831.0,1327.0,2179.0,-16792.8,174.0,17.0,238.0,2318.0,1560.0,-9507.4,141.0
2024-10-20,korea,797.0,80.0,100.0,933.6,3.0,23.0,26.0,126.0,43.0,-33.1,8.0
2024-10-20,libya,79.0,22.0,16.0,-52.5,10.0,0.0,13.0,0.0,0.0,0.0,0.0
2024-10-20,scs,839.0,86.0,71.0,984.9,0.0,0.0,23.0,18.0,11.0,-65.0,4.0
2024-10-20,southasia,6743.0,1307.0,1091.0,-1595.7,94.0,16.0,456.0,12.0,6.0,-19.3,4.0
2024-10-20,sudan,184.0,24.0,20.0,230.3,1.0,0.0,4.0,4.0,3.0,-19.0,0.0
2024-10-20,taiwan,292.0,30.0,36.0,218.4,0.0,3.0,10.0,74.0,30.0,-48.7,8.0
2024-10-20,ukraine,1754.0,227.0,259.0,808.0,11.0,17.0,39.0,570.0,275.0,-1045.1,19.0
2024-10-20,venezuela,142.0,29.0,22.0,-12.7,0.0,0.0,14.0,32.0,5.0,40.4,1.0
2024-10-20,yemen,69.0,15.0,19.0,-114.5,2.0,0.0,2.0,24.0,15.0,-116.6,0.0
2024-10-21,drc,41.0,4.0,21.0,-175.8,0.0,0.0,3.0,7.0,2.0,24.8,0.0
2024-10-21,europe_east,697.0,70.0,76.0,1023.8,2.0,2.0,39.0,70.0,16.0,135.1,10.0
2024-10-21,iran,1640.0,263.0,412.0,-1630.0,30.0,3.0,71.0,822.0,513.0,-2829.7,93.0
2024-10-21,israel,8815.0,1543.0,2420.0,-13660.7,140.0,32.0,392.0,2832.0,1678.0,-9259.1,204.0
2024-10-21,korea,1944.0,299.0,209.0,2544.7,27.0,57.0,44.0,332.0,126.0,-241.8,32.0
2024-10-21,libya,124.0,3.0,15.0,306.8,1.0,2.0,8.0,0.0,0.0,0.0,0.0
2024-10-21,scs,1659.0,154.0,221.0,1726.8,3.0,3.0,114.0,75.0,29.0,47.8,2.0
2024-10-21,southasia,9337.0,1559.0,1342.0,2026.5,83.0,31.0,464.0,37.0,21.0,-29.6,0.0
2024-10-21,sudan,542.0,46.0,167.0,-851.7,0.0,1.0,21.0,31.0,19.0,-130.3,3.0
2024-10-21,taiwan,448.0,55.0,42.0,661.7,2.0,2.0,18.0,97.0,23.0,118.8,11.0
2024-10-21,ukraine,2938.0,417.0,437.0,1470.1,18.0,19.0,88.0,736.0,372.0,-1439.2,42.0
2024-10-21,venezuela,247.0,36.0,50.0,1.8,0.0,0.0,38.0,27.0,11.0,-24.9,6.0
2024-10-21,yemen,92.0,8.0,36.0,-235.8,0.0,0.0,4.0,23.0,21.0,-198.8,0.0
2024-10-22,drc,15.0,4.0,5.0,-30.0,0.0,0.0,1.0,7.0,2.0,24.8,0.0
2024-10-22,europe_east,1004.0,90.0,113.0,1598.2,2.0,6.0,59.0,101.0,58.0,-221.1,27.0
2024-10-22,iran,2290.0,320.0,549.0,-1733.6,38.0,3.0,123.0,1039.0,612.0,-3331.1,108.0
2024-10-22,israel,9987.0,1588.0,2547.0,-12564.4,108.0,35.0,479.0,3171.0,1710.0,-8554.7,200.0
2024-10-22,korea,1992.0,305.0,181.0,3096.2,15.0,49.0,32.0,313.0,90.0,172.6,5.0
2024-10-22,libya,75.0,2.0,12.0,88.9,1.0,0.0,4.0,0.0,0.0,0.0,0.0
2024-10-22,scs,1780.0,183.0,174.0,2601.4,2.0,8.0,81.0,104.0,26.0,40.0,2.0
2024-10-22,southasia,9442.0,1451.0,1204.0,4579.6,120.0,27.0,449.0,46.0,19.0,-49.9,5.0
2024-10-22,sudan,519.0,79.0,156.0,-865.2,2.0,0.0,20.0,16.0,14.0,-131.6,0.0
2024-10-22,taiwan,523.0,61.0,80.0,358.3,8.0,2.0,21.0,214.0,73.0,141.1,36.0
2024-10-22,ukraine,3253.0,441.0,426.0,2986.1,19.0,28.0,94.0,933.0,357.0,-202.3,28.0
2024-10-22,venezuela,306.0,43.0,56.0,215.0,3.0,0.0,39.0,50.0,22.0,-92.1,12.0
2024-10-22,yemen,130.0,9.0,41.0,-199.5,3.0,8.0,0.0,41.0,24.0,-134.3,5.0
2024-10-23,drc,31.0,2.0,6.0,-21.7,0.0,0.0,2.0,11.0,2.0,38.8,0.0
2024-10-23,europe_east,1042.0,98.0,98.0,1522.3,2.0,0.0,50.0,108.0,48.0,-58.8,12.0
2024-10-23,iran,2020.0,326.0,397.0,-796.4,31.0,5.0,99.0,697.0,435.0,-2581.1,93.0
2024-10-23,israel,9113.0,1481.0,2267.0,-11296.3,143.0,38.0,468.0,2430.0,1265.0,-6245.5,143.0
2024-10-23,korea,2549.0,282.0,275.0,4367.6,29.0,107.0,35.0,393.0,94.0,439.3,26.0
2024-10-23,libya,54.0,6.0,7.0,55.9,0.0,0.0,4.0,0.0,0.0,0.0,0.0
2024-10-23,scs,1819.0,202.0,222.0,2042.6,0.0,4.0,71.0,83.0,15.0,178.6,6.0
2024-10-23,southasia,9688.0,1423.0,1161.0,6854.4,56.0,44.0,535.0,27.0,8.0,47.0,2.0
2024-10-23,sudan,560.0,91.0,85.0,-81.4,1.0,0.0,18.0,9.0,8.0,-62.1,0.0
2024-10-23,taiwan,388.0,61.0,36.0,224.8,13.0,5.0,9.0,160.0,62.0,-246.4,16.0
2024-10-23,ukraine,3285.0,438.0,409.0,3324.8,27.0,32.0,97.0,1014.0,331.0,524.5,50.0
2024-10-23,venezuela,298.0,41.0,24.0,421.4,0.0,1.0,14.0,36.0,12.0,-18.9,5.0
2024-10-23,yemen,83.0,6.0,25.0,-41.5,0.0,0.0,1.0,48.0,20.0,-0.3,2.0
2024-10-24,drc,72.0,5.0,13.0,-16.4,0.0,0.0,1.0,24.0,13.0,-62.1,0.0
2024-10-24,europe_east,1073.0,116.0,138.0,1236.5,3.0,3.0,82.0,83.0,26.0,31.1,3.0
2024-10-24,iran,1359.0,186.0,239.0,-82.6,18.0,2.0,47.0,483.0,245.0,-1250.0,29.0
2024-10-24,israel,9054.0,1375.0,2192.0,-8521.2,103.0,37.0,398.0,2395.0,1272.0,-6630.9,132.0
2024-10-24,korea,2542.0,288.0,391.0,2901.2,34.0,127.0,55.0,332.0,120.0,-68.1,30.0
2024-10-24,libya,107.0,14.0,15.0,161.7,0.0,1.0,4.0,0.0,0.0,0.0,0.0
2024-10-24,scs,1789.0,164.0,248.0,1485.0,7.0,15.0,83.0,68.0,14.0,69.1,0.0
2024-10-24,southasia,9532.0,1386.0,1243.0,6237.0,85.0,49.0,468.0,21.0,12.0,1.3,0.0
2024-10-24,sudan,490.0,57.0,114.0,-373.1,0.0,0.0,20.0,7.0,5.0,-39.6,1.0
2024-10-24,taiwan,373.0,49.0,26.0,487.0,4.0,5.0,8.0,113.0,44.0,-141.9,6.0
2024-10-24,ukraine,2850.0,409.0,369.0,2281.3,36.0,41.0,76.0,897.0,371.0,-540.9,89.0
2024-10-24,venezuela,315.0,36.0,39.0,531.7,0.0,0.0,27.0,29.0,16.0,-14.5,9.0
2024-10-24,yemen,112.0,12.0,18.0,-7.5,0.0,0.0,3.0,40.0,30.0,-220.0,4.0
2024-10-25,drc,8.0,1.0,2.0,10.9,0.0,0.0,1.0,13.0,13.0,-90.0,3.0
2024-10-25,europe_east,973.0,121.0,80.0,1537.7,0.0,7.0,47.0,43.0,9.0,41.1,3.0
2024-10-25,iran,1207.0,196.0,305.0,-1325.4,27.0,49.0,67.0,461.0,264.0,-1510.9,61.0
2024-10-25,israel,8814.0,1522.0,2400.0,-13649.5,98.0,33.0,389.0,2460.0,1370.0,-7281.5,133.0
2024-10-25,korea,2267.0,198.0,354.0,3182.3,19.0,118.0,30.0,316.0,76.0,180.4,18.0
2024-10-25,libya,40.0,5.0,7.0,21.1,0.0,1.0,1.0,0.0,0.0,0.0,0.0
2024-10-25,scs,1771.0,137.0,207.0,2273.7,4.0,13.0,89.0,91.0,8.0,249.5,3.0
2024-10-25,southasia,9192.0,1334.0,1429.0,2273.5,53.0,27.0,494.0,39.0,19.0,-34.7,0.0
2024-10-25,sudan,396.0,45.0,65.0,172.9,4.0,0.0,23.0,8.0,6.0,-37.2,0.0
2024-10-25,taiwan,741.0,111.0,63.0,759.7,1.0,2.0,27.0,216.0,65.0,74.7,6.0
2024-10-25,ukraine,2854.0,394.0,390.0,1976.0,32.0,39.0,95.0,1078.0,472.0,-847.2,67.0
2024-10-25,venezuela,245.0,42.0,47.0,-66.3,0.0,0.0,33.0,30.0,18.0,-56.7,3.0
2024-10-25,yemen,88.0,9.0,8.0,70.7,0.0,0.0,0.0,31.0,14.0,-65.0,2.0
2024-10-26,drc,11.0,1.0,2.0,5.2,0.0,0.0,1.0,10.0,6.0,-20.6,2.0
2024-10-26,europe_east,257.0,28.0,28.0,405.5,0.0,0.0,15.0,9.0,2.0,-1.6,0.0
2024-10-26,iran,3499.0,804.0,1165.0,-10429.5,99.0,10.0,110.0,2076.0,1387.0,-9090.4,123.0
2024-10-26,israel,8017.0,1601.0,2558.0,-19520.8,127.0,35.0,277.0,3086.0,2045.0,-12835.1,153.0
2024-10-26,korea,827.0,90.0,119.0,983.2,7.0,49.0,18.0,144.0,36.0,92.0,13.0
2024-10-26,libya,71.0,2.0,14.0,120.4,0.0,0.0,2.0,0.0,0.0,0.0,0.0
2024-10-26,scs,840.0,45.0,101.0,1039.6,3.0,9.0,27.0,41.0,6.0,110.1,0.0
2024-10-26,southasia,7200.0,1227.0,1061.0,1212.1,73.0,19.0,384.0,17.0,4.0,-6.6,0.0
2024-10-26,sudan,261.0,58.0,97.0,-835.4,1.0,2.0,11.0,4.0,4.0,-24.0,0.0
2024-10-26,taiwan,341.0,36.0,39.0,335.0,2.0,0.0,21.0,102.0,39.0,-7.0,11.0
2024-10-26,ukraine,1472.0,174.0,301.0,229.6,15.0,17.0,63.0,579.0,303.0,-1335.7,19.0
2024-10-26,venezuela,184.0,40.0,37.0,-177.9,0.0,0.0,10.0,43.0,25.0,-115.8,6.0
2024-10-26,yemen,51.0,8.0,6.0,65.3,0.0,0.0,1.0,24.0,12.0,-65.6,0.0
2024-10-27,drc,4.0,1.0,0.0,-0.6,0.0,0.0,0.0,1.0,0.0,0.0,0.0
2024-10-27,europe_east,349.0,20.0,39.0,476.3,2.0,0.0,14.0,23.0,7.0,17.0,2.0
2024-10-27,iran,2408.0,543.0,688.0,-5933.3,48.0,3.0,44.0,1453.0,891.0,-5603.5,84.0
2024-10-27,israel,6871.0,1265.0,1900.0,-12658.7,118.0,18.0,241.0,2569.0,1644.0,-10176.6,140.0
2024-10-27,korea,741.0,110.0,132.0,51.4,12.0,33.0,14.0,84.0,24.0,-6.1,3.0
2024-10-27,libya,56.0,2.0,3.0,116.0,0.0,0.0,1.0,0.0,0.0,0.0,0.0
2024-10-27,scs,1040.0,63.0,82.0,1931.9,0.0,3.0,25.0,53.0,14.0,120.5,2.0
2024-10-27,southasia,6299.0,986.0,894.0,1677.3,70.0,20.0,337.0,28.0,10.0,-44.6,3.0
2024-10-27,sudan,334.0,50.0,133.0,-1072.6,3.0,0.0,8.0,7.0,2.0,-10.5,0.0
2024-10-27,taiwan,406.0,30.0,49.0,486.2,0.0,3.0,23.0,128.0,51.0,-68.0,18.0
2024-10-27,ukraine,1175.0,184.0,261.0,-773.0,17.0,2.0,31.0,522.0,299.0,-1672.9,19.0
2024-10-27,venezuela,99.0,17.0,19.0,-12.5,2.0,0.0,8.0,22.0,9.0,-15.0,7.0
2024-10-27,yemen,93.0,27.0,18.0,-91.7,0.0,0.0,3.0,19.0,17.0,-129.2,0.0
2024-10-28,drc,23.0,2.0,1.0,41.1,0.0,0.0,1.0,8.0,3.0,-14.5,0.0
2024-10-28,europe_east,715.0,69.0,45.0,1368.3,0.0,3.0,17.0,52.0,31.0,-197.8,9.0
2024-10-28,iran,2341.0,510.0,725.0,-5125.4,52.0,7.0,167.0,1190.0,774.0,-4601.1,86.0
2024-10-28,israel,8578.0,1451.0,2342.0,-12122.0,86.0,17.0,426.0,2883.0,1858.0,-10215.2,219.0
2024-10-28,korea,1995.0,218.0,282.0,2476.0,14.0,66.0,27.0,183.0,59.0,82.3,14.0
2024-10-28,libya,74.0,5.0,11.0,59.6,0.0,1.0,6.0,0.0,0.0,0.0,0.0
2024-10-28,scs,1594.0,196.0,136.0,2064.7,2.0,4.0,51.0,71.0,20.0,51.3,0.0
2024-10-28,southasia,8098.0,1279.0,945.0,5047.2,72.0,12.0,395.0,33.0,15.0,-11.3,0.0
2024-10-28,sudan,576.0,116.0,129.0,-709.9,1.0,0.0,10.0,13.0,12.0,-76.7,1.0
2024-10-28,taiwan,363.0,49.0,45.0,261.3,1.0,1.0,21.0,81.0,41.0,-100.8,7.0
2024-10-28,ukraine,2123.0,274.0,356.0,774.6,21.0,31.0,56.0,784.0,392.0,-1731.8,49.0
2024-10-28,venezuela,148.0,23.0,38.0,-128.4,2.0,0.0,17.0,30.0,14.0,-72.2,5.0
2024-10-28,yemen,87.0,15.0,23.0,-98.6,0.0,0.0,2.0,25.0,19.0,-128.6,1.0
2024-10-29,drc,20.0,3.0,2.0,12.1,0.0,0.0,0.0,4.0,2.0,-5.3,0.0
2024-10-29,europe_east,858.0,86.0,82.0,1184.7,3.0,0.0,46.0,74.0,45.0,-177.7,24.0
2024-10-29,iran,2340.0,545.0,665.0,-4470.0,59.0,0.0,219.0,1042.0,658.0,-3728.5,88.0
2024-10-29,israel,9929.0,1753.0,2757.0,-14096.5,73.0,26.0,732.0,3236.0,1908.0,-9477.6,214.0
2024-10-29,korea,2209.0,244.0,264.0,2927.3,18.0,75.0,51.0,297.0,71.0,250.1,16.0
2024-10-29,libya,80.0,3.0,22.0,-31.5,0.0,0.0,14.0,0.0,0.0,0.0,0.0
2024-10-29,scs,1804.0,227.0,219.0,1907.6,4.0,5.0,80.0,42.0,10.0,57.0,1.0
2024-10-29,southasia,7802.0,1250.0,1107.0,2868.2,55.0,18.0,420.0,37.0,6.0,100.8,2.0
2024-10-29,sudan,627.0,110.0,132.0,-618.8,4.0,0.0,8.0,18.0,13.0,-97.2,1.0
2024-10-29,taiwan,553.0,66.0,49.0,738.8,1.0,2.0,18.0,144.0,48.0,-20.0,11.0
2024-10-29,ukraine,2473.0,343.0,358.0,1548.8,25.0,36.0,63.0,726.0,381.0,-1731.5,63.0
2024-10-29,venezuela,200.0,52.0,23.0,52.2,4.0,0.0,13.0,55.0,15.0,32.5,3.0
2024-10-29,yemen,133.0,20.0,51.0,-348.7,2.0,0.0,6.0,44.0,27.0,-180.3,2.0
2024-10-30,drc,41.0,2.0,8.0,-0.5,0.0,0.0,1.0,13.0,1.0,27.9,1.0
2024-10-30,europe_east,804.0,73.0,77.0,1157.0,3.0,2.0,32.0,69.0,29.0,-57.8,5.0
2024-10-30,iran,1664.0,342.0,443.0,-2712.2,53.0,2.0,121.0,609.0,381.0,-2180.0,52.0
2024-10-30,israel,8557.0,1388.0,2151.0,-9900.0,75.0,23.0,473.0,2570.0,1431.0,-6724.6,185.0
2024-10-30,korea,2359.0,247.0,323.0,2339.8,21.0,94.0,34.0,367.0,114.0,-218.6,32.0
2024-10-30,libya,58.0,7.0,3.0,99.1,2.0,0.0,3.0,0.0,0.0,0.0,0.0
2024-10-30,scs,1838.0,153.0,221.0,2300.9,4.0,5.0,95.0,54.0,13.0,73.8,7.0
2024-10-30,southasia,8030.0,1280.0,1097.0,2851.8,48.0,24.0,435.0,14.0,4.0,18.6,0.0
2024-10-30,sudan,472.0,49.0,97.0,-27.2,3.0,2.0,8.0,9.0,6.0,-53.0,0.0
2024-10-30,taiwan,467.0,53.0,39.0,634.8,4.0,6.0,14.0,138.0,28.0,155.5,9.0
2024-10-30,ukraine,2422.0,313.0,412.0,526.1,20.0,35.0,84.0,772.0,391.0,-1462.6,66.0
2024-10-30,venezuela,409.0,47.0,62.0,85.5,0.0,3.0,25.0,40.0,20.0,-102.2,1.0
2024-10-30,yemen,75.0,8.0,23.0,-34.9,0.0,0.0,0.0,16.0,14.0,-133.2,0.0
2024-10-31,drc,23.0,1.0,3.0,22.3,0.0,0.0,1.0,13.0,3.0,20.1,0.0
2024-10-31,europe_east,878.0,109.0,102.0,755.2,2.0,5.0,41.0,109.0,51.0,-149.0,24.0
2024-10-31,iran,1459.0,286.0,371.0,-1818.7,29.0,3.0,127.0,680.0,379.0,-2027.7,67.0
2024-10-31,israel,9042.0,1443.0,2434.0,-12170.0,56.0,35.0,583.0,2709.0,1521.0,-7537.5,162.0
2024-10-31,korea,2762.0,449.0,430.0,774.3,19.0,78.0,66.0,819.0,334.0,-770.3,69.0
2024-10-31,libya,43.0,1.0,3.0,110.6,0.0,0.0,2.0,0.0,0.0,0.0,0.0
2024-10-31,scs,1703.0,132.0,225.0,1915.2,0.0,21.0,68.0,47.0,19.0,35.3,0.0
2024-10-31,southasia,5603.0,766.0,642.0,3717.5,22.0,11.0,251.0,13.0,4.0,19.8,0.0
2024-10-31,sudan,322.0,35.0,74.0,-189.0,6.0,1.0,7.0,6.0,6.0,-60.0,0.0
2024-10-31,taiwan,512.0,37.0,46.0,761.4,0.0,4.0,13.0,130.0,23.0,234.8,4.0
2024-10-31,ukraine,2782.0,318.0,499.0,1195.1,18.0,36.0,125.0,685.0,355.0,-1329.9,40.0
2024-10-31,venezuela,604.0,96.0,107.0,-139.5,1.0,10.0,71.0,55.0,7.0,57.7,4.0
2024-10-31,yemen,70.0,4.0,34.0,-251.7,0.0,0.0,1.0,42.0,19.0,-108.4,0.0
2024-11-01,drc,24.0,1.0,4.0,16.0,0.0,0.0,0.0,13.0,1.0,40.9,0.0
2024-11-01,europe_east,829.0,85.0,71.0,1199.3,0.0,5.0,36.0,57.0,29.0,-158.6,14.0
2024-11-01,iran,1381.0,241.0,359.0,-1714.5,42.0,0.0,116.0,625.0,340.0,-1986.6,65.0
2024-11-01,israel,8325.0,1389.0,2501.0,-15335.8,71.0,27.0,456.0,2556.0,1621.0,-9708.6,141.0
2024-11-01,korea,2682.0,398.0,371.0,2213.8,8.0,78.0,49.0,579.0,238.0,-694.5,27.0
2024-11-01,libya,33.0,0.0,1.0,125.3,0.0,0.0,0.0,0.0,0.0,0.0,0.0
2024-11-01,scs,1421.0,111.0,111.0,2550.2,3.0,8.0,44.0,103.0,32.0,7.9,4.0
2024-11-01,southasia,6597.0,992.0,845.0,2952.4,32.0,9.0,309.0,15.0,3.0,5.8,1.0
2024-11-01,sudan,497.0,56.0,116.0,-361.2,5.0,7.0,18.0,16.0,14.0,-97.0,5.0
2024-11-01,taiwan,323.0,37.0,68.0,93.7,1.0,0.0,27.0,82.0,22.0,136.9,0.0
2024-11-01,ukraine,2666.0,324.0,443.0,1457.1,15.0,41.0,88.0,813.0,402.0,-1327.4,51.0
2024-11-01,venezuela,701.0,103.0,103.0,356.5,2.0,9.0,56.0,58.0,18.0,-31.6,2.0
2024-11-01,yemen,73.0,10.0,14.0,-12.0,0.0,0.0,0.0,40.0,13.0,16.4,0.0
2024-11-02,drc,9.0,0.0,1.0,0.1,0.0,0.0,0.0,0.0,0.0,0.0,0.0
2024-11-02,europe_east,377.0,42.0,53.0,245.9,0.0,3.0,28.0,38.0,20.0,-95.3,7.0
2024-11-02,iran,1065.0,224.0,310.0,-2193.0,29.0,8.0,61.0,542.0,333.0,-1795.5,48.0
2024-11-02,israel,5324.0,919.0,1711.0,-12435.4,38.0,40.0,272.0,1898.0,1214.0,-7343.3,133.0
2024-11-02,korea,1107.0,157.0,121.0,1409.5,6.0,32.0,13.0,184.0,79.0,-133.2,13.0
2024-11-02,libya,34.0,1.0,10.0,-32.4,0.0,0.0,3.0,0.0,0.0,0.0,0.0
2024-11-02,scs,857.0,90.0,95.0,886.2,2.0,1.0,40.0,35.0,19.0,-3.8,0.0
2024-11-02,southasia,6293.0,1071.0,978.0,-888.2,25.0,18.0,303.0,30.0,15.0,-64.9,0.0
2024-11-02,sudan,189.0,26.0,38.0,-138.7,0.0,0.0,8.0,5.0,3.0,-17.8,0.0
2024-11-02,taiwan,300.0,34.0,39.0,130.9,2.0,0.0,18.0,88.0,26.0,22.6,5.0
2024-11-02,ukraine,1564.0,190.0,283.0,363.6,9.0,25.0,50.0,520.0,237.0,-475.5,18.0
2024-11-02,venezuela,362.0,49.0,65.0,-71.4,0.0,15.0,21.0,59.0,40.0,-233.3,11.0
2024-11-02,yemen,56.0,7.0,27.0,-128.8,0.0,0.0,20.0,17.0,4.0,19.8,4.0
2024-11-03,drc,1.0,0.0,0.0,1.9,0.0,0.0,0.0,1.0,1.0,-10.0,0.0
2024-11-03,europe_east,266.0,35.0,28.0,133.3,1.0,2.0,10.0,18.0,6.0,0.2,0.0
2024-11-03,iran,1529.0,269.0,374.0,-2059.4,51.0,3.0,117.0,741.0,413.0,-1647.1,84.0
2024-11-03,israel,5560.0,942.0,1783.0,-12450.6,49.0,18.0,271.0,1914.0,1214.0,-7255.0,140.0
2024-11-03,korea,671.0,81.0,69.0,1090.9,5.0,11.0,11.0,120.0,27.0,295.8,8.0
2024-11-03,libya,19.0,0.0,6.0,-22.1,0.0,0.0,1.0,0.0,0.0,0.0,0.0
2024-11-03,scs,857.0,70.0,83.0,1122.7,1.0,2.0,38.0,12.0,7.0,-16.0,0.0
2024-11-03,southasia,5201.0,783.0,731.0,946.4,25.0,17.0,241.0,15.0,8.0,-1.0,2.0
2024-11-03,sudan,198.0,23.0,34.0,-14.6,0.0,2.0,8.0,6.0,4.0,-24.0,0.0
2024-11-03,taiwan,317.0,29.0,38.0,177.2,2.0,2.0,6.0,67.0,29.0,-102.7,3.0
2024-11-03,ukraine,1412.0,252.0,242.0,65.9,14.0,23.0,48.0,466.0,261.0,-885.2,28.0
2024-11-03,venezuela,435.0,50.0,75.0,121.6,0.0,33.0,17.0,31.0,17.0,-103.2,3.0
2024-11-03,yemen,51.0,4.0,8.0,30.5,0.0,0.0,0.0,33.0,9.0,4.0,0.0
2024-11-04,drc,15.0,4.0,1.0,5.9,0.0,0.0,0.0,10.0,10.0,-37.0,0.0
2024-11-04,europe_east,787.0,55.0,89.0,1108.7,1.0,1.0,48.0,48.0,22.0,-19.2,9.0
2024-11-04,iran,2080.0,387.0,539.0,-2833.5,32.0,5.0,167.0,775.0,455.0,-2381.8,77.0
2024-11-04,israel,7279.0,1266.0,1998.0,-10889.0,63.0,16.0,468.0,2269.0,1427.0,-7999.9,182.0
2024-11-04,korea,1684.0,215.0,223.0,1517.4,20.0,38.0,46.0,233.0,74.0,35.0,18.0
2024-11-04,libya,21.0,1.0,1.0,54.8,0.0,0.0,1.0,0.0,0.0,0.0,0.0
2024-11-04,scs,1281.0,150.0,119.0,1132.7,3.0,2.0,38.0,92.0,37.0,-172.4,7.0
2024-11-04,southasia,7822.0,1421.0,954.0,3347.9,7.0,11.0,409.0,18.0,4.0,23.9,0.0
2024-11-04,sudan,352.0,61.0,82.0,-305.4,3.0,1.0,26.0,12.0,10.0,-51.8,4.0
2024-11-04,taiwan,288.0,29.0,30.0,283.4,1.0,5.0,13.0,65.0,28.0,-114.6,13.0
2024-11-04,ukraine,2900.0,354.0,437.0,1762.2,24.0,23.0,88.0,786.0,396.0,-1440.1,46.0
2024-11-04,venezuela,551.0,100.0,100.0,-285.5,2.0,16.0,38.0,32.0,23.0,-109.9,11.0
2024-11-04,yemen,125.0,21.0,15.0,79.5,2.0,0.0,7.0,39.0,12.0,-4.9,1.0
2024-11-05,drc,5.0,1.0,0.0,5.0,0.0,0.0,0.0,13.0,3.0,15.9,1.0
2024-11-05,europe_east,960.0,67.0,175.0,593.1,1.0,5.0,87.0,129.0,77.0,-344.2,26.0
2024-11-05,iran,1822.0,361.0,473.0,-2352.0,30.0,3.0,175.0,627.0,411.0,-2277.0,70.0
2024-11-05,israel,6939.0,1250.0,1769.0,-9138.7,58.0,27.0,421.0,1955.0,1224.0,-6695.6,114.0
2024-11-05,korea,1984.0,291.0,379.0,-251.8,11.0,34.0,56.0,488.0,259.0,-1502.7,16.0
2024-11-05,libya,24.0,0.0,7.0,-18.5,0.0,0.0,0.0,0.0,0.0,0.0,0.0
2024-11-05,scs,1364.0,155.0,131.0,1809.1,0.0,2.0,69.0,104.0,24.0,21.6,2.0
2024-11-05,southasia,7659.0,1285.0,922.0,3118.2,26.0,20.0,345.0,15.0,3.0,12.6,0.0
2024-11-05,sudan,403.0,44.0,71.0,210.2,0.0,0.0,21.0,8.0,5.0,-32.0,0.0
2024-11-05,taiwan,393.0,42.0,37.0,375.0,1.0,3.0,9.0,76.0,19.0,-32.8,9.0
2024-11-05,ukraine,2501.0,288.0,433.0,720.8,12.0,25.0,87.0,665.0,396.0,-2093.0,56.0
2024-11-05,venezuela,520.0,70.0,80.0,254.1,0.0,10.0,46.0,57.0,37.0,-139.6,9.0
2024-11-05,yemen,41.0,13.0,11.0,-115.5,2.0,0.0,0.0,14.0,11.0,-94.2,0.0
2024-11-06,drc,27.0,1.0,5.0,9.2,1.0,0.0,0.0,10.0,1.0,18.6,1.0
2024-11-06,europe_east,895.0,90.0,66.0,1616.8,2.0,0.0,41.0,30.0,12.0,-8.1,11.0
2024-11-06,iran,1316.0,241.0,316.0,-1510.2,20.0,1.0,93.0,530.0,274.0,-932.5,42.0
2024-11-06,israel,7633.0,1400.0,1708.0,-7539.5,81.0,21.0,357.0,1842.0,1059.0,-5279.0,114.0
2024-11-06,korea,1759.0,206.0,296.0,577.7,13.0,32.0,27.0,292.0,106.0,-231.7,9.0
2024-11-06,libya,42.0,1.0,7.0,51.3,0.0,0.0,4.0,0.0,0.0,0.0,0.0
2024-11-06,scs,1206.0,83.0,117.0,1763.9,1.0,2.0,36.0,113.0,41.0,-7.3,2.0
2024-11-06,southasia,6851.0,1027.0,737.0,5156.8,13.0,16.0,314.0,11.0,7.0,-27.5,0.0
2024-11-06,sudan,421.0,48.0,79.0,185.3,1.0,0.0,16.0,3.0,1.0,7.2,1.0
2024-11-06,taiwan,491.0,62.0,41.0,725.9,0.0,0.0,17.0,147.0,52.0,5.0,2.0
2024-11-06,ukraine,3236.0,367.0,409.0,2687.9,17.0,15.0,81.0,809.0,329.0,-643.9,30.0
2024-11-06,venezuela,348.0,66.0,51.0,42.0,0.0,0.0,40.0,28.0,11.0,-13.3,5.0
2024-11-06,yemen,51.0,9.0,15.0,-123.5,3.0,0.0,0.0,22.0,15.0,-127.2,0.0
2024-11-07,drc,17.0,1.0,4.0,-14.8,0.0,0.0,0.0,4.0,0.0,4.0,0.0
2024-11-07,europe_east,827.0,111.0,57.0,1169.8,4.0,3.0,31.0,37.0,8.0,95.2,0.0
2024-11-07,iran,1087.0,166.0,216.0,-307.7,30.0,3.0,55.0,459.0,196.0,-467.1,40.0
2024-11-07,israel,6832.0,1133.0,1761.0,-8676.9,81.0,14.0,364.0,1821.0,1042.0,-5328.6,106.0
2024-11-07,korea,1577.0,139.0,197.0,2046.5,4.0,25.0,54.0,250.0,34.0,323.9,0.0
2024-11-07,libya,34.0,2.0,3.0,65.7,0.0,0.0,2.0,0.0,0.0,0.0,0.0
2024-11-07,scs,1840.0,137.0,184.0,3248.8,2.0,9.0,66.0,123.0,57.0,-205.0,8.0
2024-11-07,southasia,8269.0,1229.0,1105.0,3807.1,15.0,11.0,426.0,21.0,10.0,-5.3,0.0
2024-11-07,sudan,356.0,31.0,32.0,489.0,0.0,1.0,10.0,4.0,3.0,-10.0,0.0
2024-11-07,taiwan,641.0,64.0,64.0,852.5,4.0,4.0,34.0,107.0,33.0,73.7,5.0
2024-11-07,ukraine,3272.0,381.0,391.0,3123.5,19.0,5.0,121.0,902.0,359.0,-689.8,53.0
2024-11-07,venezuela,337.0,33.0,33.0,514.9,0.0,2.0,23.0,54.0,13.0,52.8,0.0
2024-11-07,yemen,90.0,14.0,15.0,-3.0,2.0,0.0,0.0,21.0,2.0,29.2,0.0
2024-11-08,drc,21.0,1.0,0.0,70.2,0.0,0.0,0.0,22.0,10.0,-3.2,1.0
2024-11-08,europe_east,836.0,55.0,79.0,1366.4,5.0,4.0,43.0,33.0,14.0,-43.4,0.0
2024-11-08,iran,1257.0,228.0,390.0,-2501.6,22.0,1.0,117.0,529.0,288.0,-1227.9,67.0
2024-11-08,israel,5620.0,806.0,1408.0,-5693.1,42.0,9.0,310.0,1168.0,666.0,-3627.1,76.0
2024-11-08,korea,1194.0,121.0,166.0,810.7,14.0,20.0,26.0,180.0,81.0,-338.3,19.0
2024-11-08,libya,45.0,12.0,5.0,15.0,0.0,0.0,3.0,0.0,0.0,0.0,0.0
2024-11-08,scs,1523.0,154.0,154.0,1741.7,1.0,8.0,69.0,250.0,69.0,130.1,3.0
2024-11-08,southasia,7942.0,1389.0,1025.0,2214.4,26.0,14.0,415.0,37.0,18.0,-8.2,2.0
2024-11-08,sudan,392.0,51.0,73.0,-112.3,2.0,1.0,11.0,6.0,5.0,-30.0,0.0
2024-11-08,taiwan,448.0,55.0,58.0,264.4,1.0,3.0,23.0,110.0,36.0,39.8,17.0
2024-11-08,ukraine,2918.0,334.0,452.0,1464.4,25.0,18.0,102.0,1038.0,430.0,-1089.6,49.0
2024-11-08,venezuela,284.0,40.0,31.0,286.6,0.0,0.0,21.0,34.0,12.0,-7.1,8.0
2024-11-08,yemen,108.0,13.0,29.0,-155.0,0.0,0.0,2.0,75.0,43.0,-313.0,1.0
2024-11-09,drc,12.0,3.0,0.0,4.6,0.0,0.0,0.0,10.0,0.0,17.4,0.0
2024-11-09,europe_east,326.0,32.0,45.0,294.5,0.0,0.0,30.0,14.0,4.0,7.3,3.0
2024-11-09,iran,1532.0,269.0,437.0,-2324.4,31.0,1.0,127.0,630.0,332.0,-1551.3,70.0
2024-11-09,israel,3801.0,598.0,1007.0,-5445.9,43.0,6.0,189.0,1102.0,639.0,-3796.9,50.0
2024-11-09,korea,683.0,98.0,93.0,437.9,3.0,15.0,20.0,76.0,49.0,-271.1,5.0
2024-11-09,libya,18.0,3.0,2.0,6.8,0.0,0.0,0.0,0.0,0.0,0.0,0.0
2024-11-09,scs,980.0,69.0,92.0,1373.6,1.0,5.0,35.0,123.0,37.0,-13.5,0.0
2024-11-09,southasia,6650.0,1190.0,1001.0,-1271.3,12.0,17.0,290.0,35.0,12.0,-52.9,0.0
2024-11-09,sudan,250.0,29.0,48.0,-14.3,1.0,0.0,26.0,3.0,2.0,-12.0,0.0
2024-11-09,taiwan,206.0,25.0,21.0,170.5,2.0,1.0,7.0,33.0,9.0,-6.4,0.0
2024-11-09,ukraine,1801.0,213.0,256.0,1123.7,17.0,14.0,41.0,607.0,258.0,-584.5,22.0
2024-11-09,venezuela,250.0,56.0,37.0,-127.8,0.0,4.0,17.0,16.0,6.0,8.6,0.0
2024-11-09,yemen,64.0,10.0,20.0,-144.1,0.0,0.0,1.0,14.0,4.0,2.1,0.0
2024-11-10,drc,0.0,0.0,0.0,0.0,0.0,0.0,0.0,0.0,0.0,0.0,0.0
2024-11-10,europe_east,283.0,18.0,16.0,439.2,2.0,1.0,7.0,12.0,5.0,-18.4,2.0
2024-11-10,iran,1369.0,171.0,272.0,-303.1,19.0,5.0,58.0,480.0,215.0,-689.4,19.0
2024-11-10,israel,4964.0,785.0,1373.0,-7407.3,39.0,13.0,235.0,1415.0,795.0,-4243.4,56.0
2024-11-10,korea,778.0,93.0,120.0,820.4,4.0,19.0,24.0,61.0,29.0,-54.8,5.0
2024-11-10,libya,41.0,2.0,6.0,89.9,0.0,0.0,2.0,0.0,0.0,0.0,0.0
2024-11-10,scs,1028.0,92.0,106.0,1291.9,1.0,1.0,50.0,138.0,47.0,-63.3,4.0
2024-11-10,southasia,5909.0,967.0,1047.0,-996.1,11.0,12.0,357.0,14.0,1.0,30.7,0.0
2024-11-10,sudan,192.0,24.0,42.0,-38.3,0.0,0.0,6.0,3.0,3.0,-22.0,0.0
2024-11-10,taiwan,187.0,21.0,23.0,195.2,0.0,2.0,18.0,45.0,12.0,57.1,0.0
2024-11-10,ukraine,1774.0,211.0,307.0,162.9,14.0,21.0,30.0,722.0,355.0,-1526.4,43.0
2024-11-10,venezuela,289.0,74.0,41.0,-349.8,0.0,3.0,14.0,8.0,1.0,25.4,0.0
2024-11-10,yemen,113.0,9.0,63.0,-531.6,2.0,0.0,5.0,87.0,78.0,-742.6,1.0
2024-11-11,drc,3.0,0.0,1.0,3.8,0.0,1.0,0.0,0.0,0.0,0.0,0.0
2024-11-11,europe_east,789.0,76.0,68.0,1473.7,0.0,0.0,28.0,59.0,10.0,178.3,1.0
2024-11-11,iran,1390.0,182.0,253.0,115.5,15.0,3.0,72.0,357.0,177.0,-561.0,10.0
2024-11-11,israel,6491.0,1113.0,1538.0,-7330.8,50.0,15.0,292.0,1793.0,927.0,-4345.2,70.0
2024-11-11,korea,1020.0,108.0,140.0,1258.4,3.0,21.0,45.0,101.0,33.0,21.7,16.0
2024-11-11,libya,82.0,9.0,11.0,86.6,0.0,0.0,7.0,0.0,0.0,0.0,0.0
2024-11-11,scs,2040.0,189.0,227.0,2477.7,1.0,8.0,88.0,147.0,57.0,78.4,5.0
2024-11-11,southasia,8187.0,1283.0,1243.0,1759.8,22.0,24.0,454.0,12.0,2.0,32.6,2.0
2024-11-11,sudan,454.0,39.0,65.0,373.2,1.0,0.0,15.0,2.0,1.0,-7.0,0.0
2024-11-11,taiwan,447.0,59.0,25.0,584.9,0.0,0.0,16.0,93.0,36.0,-38.8,8.0
2024-11-11,ukraine,3279.0,411.0,516.0,409.1,29.0,37.0,63.0,1254.0,630.0,-2748.5,84.0
2024-11-11,venezuela,197.0,55.0,21.0,-58.6,0.0,0.0,12.0,15.0,2.0,41.6,0.0
2024-11-11,yemen,122.0,23.0,31.0,-185.9,0.0,0.0,2.0,45.0,26.0,-177.1,0.0
2024-11-12,drc,25.0,0.0,0.0,49.3,0.0,0.0,0.0,4.0,0.0,32.0,0.0
2024-11-12,europe_east,770.0,90.0,39.0,1353.7,1.0,4.0,17.0,72.0,30.0,-33.3,1.0
2024-11-12,iran,1502.0,244.0,312.0,-600.7,14.0,4.0,88.0,522.0,251.0,-912.7,15.0
2024-11-12,israel,7550.0,1360.0,1649.0,-6865.0,52.0,17.0,306.0,2046.0,1122.0,-5310.8,86.0
2024-11-12,korea,1375.0,148.0,201.0,1591.8,9.0,52.0,45.0,184.0,45.0,220.7,10.0
2024-11-12,libya,79.0,9.0,7.0,88.7,0.0,0.0,7.0,0.0,0.0,0.0,0.0
2024-11-12,scs,2012.0,183.0,170.0,3188.4,12.0,4.0,84.0,186.0,92.0,-240.1,4.0
2024-11-12,southasia,8151.0,1275.0,1157.0,2382.9,34.0,34.0,514.0,7.0,2.0,0.7,1.0
2024-11-12,sudan,347.0,38.0,55.0,81.8,0.0,0.0,29.0,8.0,4.0,-31.2,0.0
2024-11-12,taiwan,496.0,63.0,36.0,484.8,4.0,4.0,11.0,112.0,41.0,-169.3,7.0
2024-11-12,ukraine,2883.0,416.0,417.0,1617.2,24.0,34.0,106.0,807.0,435.0,-1544.7,75.0
2024-11-12,venezuela,374.0,53.0,73.0,-39.0,0.0,2.0,36.0,63.0,35.0,-167.3,7.0
2024-11-12,yemen,113.0,26.0,40.0,-375.7,1.0,0.0,6.0,62.0,34.0,-166.8,0.0
2024-11-13,drc,8.0,1.0,0.0,11.7,0.0,0.0,0.0,8.0,7.0,-29.1,3.0
2024-11-13,europe_east,897.0,63.0,65.0,1975.3,1.0,3.0,24.0,73.0,30.0,-24.1,7.0
2024-11-13,iran,1578.0,241.0,363.0,-1113.7,10.0,1.0,96.0,676.0,341.0,-1341.8,61.0
2024-11-13,israel,7173.0,1244.0,1560.0,-6859.6,72.0,12.0,310.0,1887.0,1048.0,-5603.7,98.0
2024-11-13,korea,1278.0,147.0,227.0,810.0,14.0,33.0,47.0,117.0,35.0,37.9,6.0
2024-11-13,libya,66.0,11.0,9.0,30.9,0.0,0.0,8.0,0.0,0.0,0.0,0.0
2024-11-13,scs,2043.0,196.0,143.0,3523.8,7.0,2.0,58.0,151.0,63.0,-119.9,2.0
2024-11-13,southasia,8292.0,1237.0,1134.0,3070.9,15.0,40.0,487.0,10.0,0.0,36.7,0.0
2024-11-13,sudan,558.0,84.0,97.0,16.8,1.0,2.0,34.0,15.0,11.0,-81.7,0.0
2024-11-13,taiwan,498.0,59.0,32.0,840.2,1.0,4.0,10.0,107.0,29.0,54.2,3.0
2024-11-13,ukraine,3101.0,354.0,525.0,1068.8,23.0,12.0,114.0,1009.0,568.0,-3203.6,58.0
2024-11-13,venezuela,281.0,45.0,47.0,8.1,1.0,3.0,21.0,24.0,3.0,10.6,0.0
2024-11-13,yemen,119.0,18.0,56.0,-481.8,0.0,0.0,3.0,28.0,17.0,-143.8,5.0
2024-11-14,drc,19.0,1.0,1.0,54.6,0.0,0.0,1.0,2.0,0.0,0.0,0.0
2024-11-14,europe_east,960.0,68.0,66.0,2005.6,0.0,3.0,25.0,45.0,18.0,-24.0,5.0
2024-11-14,iran,1648.0,243.0,291.0,-195.9,14.0,7.0,117.0,538.0,228.0,-638.7,21.0
2024-11-14,israel,7169.0,1086.0,1710.0,-7797.1,41.0,15.0,372.0,1788.0,869.0,-4345.8,62.0
2024-11-14,korea,1164.0,109.0,174.0,1150.6,3.0,34.0,35.0,100.0,23.0,160.5,2.0
2024-11-14,libya,71.0,14.0,5.0,79.7,3.0,1.0,1.0,0.0,0.0,0.0,0.0
2024-11-14,scs,1788.0,203.0,150.0,2526.3,4.0,4.0,77.0,128.0,41.0,-9.4,5.0
2024-11-14,southasia,8319.0,1395.0,1276.0,1068.8,55.0,23.0,538.0,24.0,6.0,-20.3,0.0
2024-11-14,sudan,448.0,59.0,109.0,-252.8,0.0,4.0,45.0,5.0,5.0,-40.0,0.0
2024-11-14,taiwan,480.0,38.0,53.0,652.4,2.0,8.0,30.0,99.0,27.0,23.0,16.0
2024-11-14,ukraine,2762.0,313.0,373.0,2723.7,15.0,16.0,90.0,863.0,405.0,-1326.0,59.0
2024-11-14,venezuela,275.0,46.0,37.0,245.7,0.0,3.0,14.0,78.0,12.0,186.2,5.0
2024-11-14,yemen,46.0,6.0,14.0,-103.9,0.0,0.0,7.0,17.0,4.0,-6.1,0.0
2024-11-15,drc,15.0,0.0,0.0,69.9,0.0,0.0,0.0,1.0,0.0,3.4,0.0
2024-11-15,europe_east,816.0,101.0,70.0,1253.3,0.0,5.0,16.0,19.0,8.0,19.2,3.0
2024-11-15,iran,1931.0,233.0,323.0,292.4,33.0,5.0,113.0,604.0,249.0,-673.1,35.0
2024-11-15,israel,7121.0,1193.0,1599.0,-6294.7,54.0,18.0,364.0,1748.0,938.0,-4438.1,83.0
2024-11-15,korea,1411.0,163.0,206.0,1514.0,24.0,38.0,75.0,234.0,63.0,40.8,12.0
2024-11-15,libya,79.0,3.0,13.0,70.3,0.0,0.0,2.0,0.0,0.0,0.0,0.0
2024-11-15,scs,1513.0,157.0,160.0,1878.0,0.0,4.0,91.0,183.0,81.0,-46.8,15.0
2024-11-15,southasia,8478.0,1194.0,1027.0,5539.4,15.0,25.0,425.0,16.0,4.0,7.1,2.0
2024-11-15,sudan,491.0,45.0,117.0,-297.4,0.0,2.0,24.0,2.0,2.0,-20.0,0.0
2024-11-15,taiwan,554.0,81.0,31.0,1052.2,5.0,5.0,12.0,145.0,44.0,186.5,13.0
2024-11-15,ukraine,2562.0,298.0,367.0,1532.9,10.0,12.0,85.0,775.0,331.0,-911.6,57.0
2024-11-15,venezuela,358.0,48.0,87.0,-143.7,0.0,3.0,33.0,76.0,26.0,55.1,13.0
2024-11-15,yemen,63.0,14.0,17.0,-46.9,0.0,0.0,6.0,54.0,21.0,0.1,1.0
2024-11-16,drc,13.0,2.0,5.0,-36.5,0.0,0.0,0.0,0.0,0.0,0.0,0.0
2024-11-16,europe_east,423.0,54.0,25.0,753.2,0.0,0.0,8.0,21.0,6.0,26.8,0.0
2024-11-16,iran,1410.0,188.0,230.0,-121.0,18.0,4.0,65.0,488.0,205.0,-811.5,41.0
2024-11-16,israel,4292.0,737.0,1175.0,-7054.6,34.0,10.0,204.0,1220.0,747.0,-4617.3,79.0
2024-11-16,korea,755.0,91.0,84.0,700.5,5.0,30.0,17.0,188.0,35.0,12.1,5.0
2024-11-16,libya,35.0,7.0,4.0,41.3,0.0,0.0,1.0,0.0,0.0,0.0,0.0
2024-11-16,scs,848.0,52.0,90.0,1245.5,2.0,2.0,52.0,28.0,7.0,-8.2,1.0
2024-11-16,southasia,6865.0,1118.0,1043.0,285.4,10.0,15.0,412.0,27.0,6.0,24.0,1.0
2024-11-16,sudan,270.0,16.0,57.0,177.1,0.0,0.0,4.0,1.0,1.0,-10.0,0.0
2024-11-16,taiwan,331.0,37.0,14.0,610.6,0.0,1.0,9.0,101.0,21.0,178.3,2.0
2024-11-16,ukraine,1865.0,231.0,189.0,1923.5,9.0,9.0,39.0,631.0,217.0,-289.1,30.0
2024-11-16,venezuela,241.0,37.0,55.0,-67.8,0.0,0.0,30.0,32.0,9.0,-3.7,1.0
2024-11-16,yemen,45.0,9.0,13.0,-82.9,0.0,0.0,2.0,33.0,18.0,-129.7,0.0
2024-11-17,drc,18.0,1.0,5.0,-15.1,0.0,0.0,0.0,0.0,0.0,0.0,0.0
2024-11-17,europe_east,437.0,45.0,72.0,105.6,1.0,0.0,10.0,25.0,17.0,-81.3,0.0
2024-11-17,iran,871.0,97.0,139.0,191.9,6.0,1.0,36.0,245.0,115.0,-429.7,17.0
2024-11-17,israel,4991.0,812.0,1616.0,-11268.6,47.0,17.0,220.0,1476.0,933.0,-6093.5,71.0
2024-11-17,korea,817.0,88.0,96.0,891.4,4.0,24.0,23.0,161.0,55.0,-140.1,5.0
2024-11-17,libya,27.0,1.0,6.0,21.0,0.0,0.0,4.0,0.0,0.0,0.0,0.0
2024-11-17,scs,985.0,71.0,82.0,1680.4,2.0,7.0,31.0,46.0,18.0,-35.2,2.0
2024-11-17,southasia,6495.0,1005.0,911.0,2091.3,11.0,20.0,414.0,4.0,2.0,-5.0,2.0
2024-11-17,sudan,153.0,13.0,34.0,-44.4,0.0,2.0,0.0,12.0,8.0,-65.2,0.0
2024-11-17,taiwan,292.0,24.0,31.0,263.2,0.0,1.0,10.0,112.0,30.0,-9.3,4.0
2024-11-17,ukraine,2268.0,337.0,501.0,-1427.2,28.0,14.0,61.0,1024.0,611.0,-3400.6,64.0
2024-11-17,venezuela,202.0,45.0,32.0,-43.0,0.0,0.0,25.0,16.0,11.0,-40.0,1.0
2024-11-17,yemen,54.0,6.0,10.0,-71.2,0.0,0.0,1.0,37.0,22.0,-187.6,0.0
2024-11-18,drc,9.0,1.0,0.0,23.1,0.0,0.0,0.0,0.0,0.0,0.0,0.0
2024-11-18,europe_east,1098.0,113.0,125.0,1306.6,7.0,12.0,49.0,85.0,11.0,98.6,0.0
2024-11-18,iran,1361.0,191.0,286.0,-526.7,16.0,1.0,94.0,319.0,142.0,-655.1,24.0
2024-11-18,israel,7035.0,1243.0,1841.0,-10140.0,49.0,31.0,409.0,1861.0,1058.0,-5577.7,100.0
2024-11-18,korea,1432.0,169.0,213.0,1512.6,27.0,68.0,49.0,193.0,80.0,-73.5,23.0
2024-11-18,libya,148.0,5.0,4.0,202.3,2.0,0.0,4.0,0.0,0.0,0.0,0.0
2024-11-18,scs,1636.0,128.0,150.0,3048.3,2.0,2.0,72.0,81.0,39.0,-84.8,5.0
2024-11-18,southasia,8453.0,1416.0,1132.0,3332.9,4.0,31.0,545.0,26.0,9.0,48.4,4.0
2024-11-18,sudan,501.0,79.0,76.0,97.0,1.0,1.0,18.0,23.0,12.0,-92.8,0.0
2024-11-18,taiwan,473.0,43.0,47.0,675.9,0.0,2.0,14.0,115.0,34.0,53.9,16.0
2024-11-18,ukraine,4239.0,607.0,829.0,-989.6,78.0,45.0,115.0,1518.0,869.0,-4312.2,126.0
2024-11-18,venezuela,266.0,65.0,64.0,-376.1,0.0,0.0,19.0,71.0,27.0,-14.1,2.0
2024-11-18,yemen,103.0,12.0,30.0,-137.4,1.0,0.0,6.0,45.0,30.0,-187.4,5.0
2024-11-19,drc,41.0,5.0,16.0,-99.3,0.0,0.0,9.0,7.0,5.0,-19.2,0.0
2024-11-19,europe_east,1514.0,173.0,148.0,1725.6,15.0,6.0,87.0,123.0,38.0,36.3,6.0
2024-11-19,iran,1452.0,283.0,342.0,-1300.9,11.0,11.0,94.0,390.0,250.0,-1326.2,34.0
2024-11-19,israel,7308.0,1096.0,1773.0,-6918.8,53.0,42.0,373.0,2028.0,1000.0,-4220.1,79.0
2024-11-19,korea,1216.0,149.0,186.0,771.2,12.0,43.0,58.0,135.0,58.0,-67.7,20.0
2024-11-19,libya,36.0,3.0,7.0,29.0,0.0,0.0,4.0,0.0,0.0,0.0,0.0
2024-11-19,scs,1893.0,144.0,108.0,3991.3,3.0,3.0,51.0,128.0,31.0,87.4,4.0
2024-11-19,southasia,9455.0,1336.0,1319.0,4554.7,23.0,61.0,549.0,21.0,8.0,2.4,4.0
2024-11-19,sudan,537.0,105.0,61.0,165.3,0.0,0.0,19.0,19.0,9.0,-63.8,1.0
2024-11-19,taiwan,475.0,48.0,36.0,890.0,5.0,6.0,21.0,78.0,25.0,53.0,9.0
2024-11-19,ukraine,4312.0,585.0,867.0,-782.6,46.0,57.0,115.0,1700.0,943.0,-4350.0,132.0
2024-11-19,venezuela,358.0,44.0,40.0,244.4,0.0,0.0,9.0,55.0,17.0,13.1,2.0
2024-11-19,yemen,110.0,16.0,41.0,-321.3,2.0,0.0,4.0,35.0,12.0,-73.3,3.0
2024-11-20,drc,28.0,3.0,3.0,11.9,0.0,0.0,1.0,19.0,7.0,2.4,2.0
2024-11-20,europe_east,1372.0,181.0,152.0,986.2,9.0,7.0,63.0,100.0,31.0,41.7,6.0
2024-11-20,iran,1425.0,232.0,273.0,-484.6,10.0,5.0,98.0,274.0,142.0,-634.4,13.0
2024-11-20,israel,6744.0,1098.0,1626.0,-6347.5,55.0,29.0,394.0,1843.0,921.0,-3992.0,81.0
2024-11-20,korea,1273.0,109.0,153.0,1668.8,1.0,39.0,32.0,97.0,24.0,-7.5,7.0
2024-11-20,libya,97.0,9.0,18.0,-46.3,0.0,0.0,4.0,0.0,0.0,0.0,0.0
2024-11-20,scs,2023.0,124.0,168.0,3893.2,1.0,5.0,81.0,78.0,13.0,80.4,0.0
2024-11-20,southasia,9631.0,1520.0,1312.0,3472.2,18.0,37.0,455.0,17.0,10.0,-13.2,4.0
2024-11-20,sudan,395.0,70.0,53.0,135.7,3.0,0.0,23.0,2.0,1.0,-2.0,0.0
2024-11-20,taiwan,475.0,40.0,34.0,923.2,0.0,2.0,13.0,129.0,48.0,-83.2,10.0
2024-11-20,ukraine,4192.0,625.0,851.0,-1197.4,76.0,46.0,156.0,1531.0,853.0,-4000.6,126.0
2024-11-20,venezuela,584.0,89.0,148.0,-517.8,1.0,0.0,64.0,135.0,73.0,-223.2,29.0
2024-11-20,yemen,90.0,18.0,20.0,-116.5,4.0,0.0,9.0,35.0,16.0,-15.5,3.0
2024-11-21,drc,73.0,4.0,5.0,178.8,0.0,0.0,4.0,6.0,3.0,-16.0,0.0
2024-11-21,europe_east,1466.0,168.0,220.0,1413.1,8.0,6.0,138.0,87.0,47.0,-220.4,15.0
2024-11-21,iran,1312.0,271.0,216.0,-435.5,15.0,0.0,76.0,352.0,199.0,-922.6,28.0
2024-11-21,israel,9135.0,1939.0,2304.0,-12623.4,42.0,6.0,821.0,2231.0,1338.0,-7087.0,142.0
2024-11-21,korea,1275.0,119.0,132.0,2333.6,6.0,39.0,34.0,82.0,30.0,3.6,13.0
2024-11-21,libya,51.0,4.0,7.0,37.9,0.0,0.0,4.0,0.0,0.0,0.0,0.0
2024-11-21,scs,2036.0,153.0,177.0,3638.3,3.0,4.0,97.0,107.0,42.0,-14.4,2.0
2024-11-21,southasia,9230.0,1646.0,1337.0,2075.0,13.0,28.0,591.0,6.0,2.0,-3.3,1.0
2024-11-21,sudan,496.0,87.0,76.0,-67.8,0.0,2.0,20.0,6.0,5.0,-37.6,0.0
2024-11-21,taiwan,440.0,38.0,39.0,622.1,0.0,0.0,12.0,126.0,50.0,-8.9,9.0
2024-11-21,ukraine,4395.0,626.0,1009.0,-2935.8,68.0,28.0,194.0,1849.0,1158.0,-6771.5,91.0
2024-11-21,venezuela,398.0,73.0,124.0,-573.2,0.0,0.0,64.0,105.0,43.0,-113.9,18.0
2024-11-21,yemen,59.0,6.0,18.0,-19.4,1.0,0.0,1.0,13.0,5.0,-17.4,0.0
2024-11-22,drc,37.0,0.0,2.0,70.4,0.0,0.0,0.0,14.0,0.0,24.5,0.0
2024-11-22,europe_east,1273.0,157.0,172.0,1200.9,2.0,3.0,119.0,84.0,31.0,-64.5,16.0
2024-11-22,iran,1087.0,228.0,155.0,87.6,7.0,2.0,60.0,249.0,114.0,-319.2,17.0
2024-11-22,israel,8333.0,1810.0,2225.0,-12676.8,43.0,13.0,895.0,1620.0,950.0,-4701.4,111.0
2024-11-22,korea,1295.0,161.0,160.0,1445.6,34.0,42.0,22.0,185.0,53.0,67.6,29.0
2024-11-22,libya,54.0,3.0,6.0,61.0,0.0,0.0,3.0,0.0,0.0,0.0,0.0
2024-11-22,scs,1477.0,142.0,125.0,2076.6,3.0,6.0,71.0,74.0,27.0,-51.3,0.0
2024-11-22,southasia,8212.0,1441.0,1183.0,2345.7,13.0,21.0,490.0,8.0,4.0,-11.3,0.0
2024-11-22,sudan,406.0,61.0,87.0,-204.1,0.0,6.0,23.0,1.0,0.0,4.0,0.0
2024-11-22,taiwan,432.0,59.0,39.0,436.0,3.0,2.0,21.0,68.0,19.0,57.3,4.0
2024-11-22,ukraine,3822.0,640.0,717.0,-1542.0,77.0,26.0,121.0,1711.0,913.0,-4496.9,114.0
2024-11-22,venezuela,368.0,55.0,80.0,85.3,3.0,0.0,39.0,93.0,47.0,-131.8,22.0
2024-11-22,yemen,93.0,20.0,32.0,-261.1,0.0,2.0,3.0,54.0,34.0,-185.1,0.0
2024-11-23,drc,40.0,3.0,11.0,-18.3,0.0,0.0,6.0,4.0,0.0,4.7,0.0
2024-11-23,europe_east,711.0,87.0,112.0,315.6,7.0,2.0,55.0,70.0,33.0,-113.2,5.0
2024-11-23,iran,615.0,88.0,147.0,-246.2,3.0,0.0,50.0,244.0,109.0,-415.5,3.0
2024-11-23,israel,5138.0,1035.0,1630.0,-11761.6,34.0,11.0,418.0,1274.0,794.0,-4677.8,52.0
2024-11-23,korea,670.0,75.0,61.0,840.1,20.0,6.0,8.0,107.0,29.0,74.8,10.0
2024-11-23,libya,38.0,1.0,4.0,85.9,0.0,0.0,2.0,0.0,0.0,0.0,0.0
2024-11-23,scs,1052.0,143.0,143.0,602.7,17.0,3.0,45.0,5.0,3.0,-20.0,2.0
2024-11-23,southasia,8194.0,1320.0,1132.0,2581.4,9.0,41.0,409.0,3.0,2.0,-7.5,0.0
2024-11-23,sudan,220.0,30.0,58.0,-325.9,0.0,0.0,16.0,7.0,4.0,-27.8,0.0
2024-11-23,taiwan,318.0,20.0,31.0,609.1,0.0,0.0,19.0,62.0,25.0,-24.5,7.0
2024-11-23,ukraine,2019.0,236.0,377.0,205.3,20.0,11.0,49.0,796.0,404.0,-1733.8,44.0
2024-11-23,venezuela,226.0,37.0,47.0,-139.8,0.0,0.0,27.0,40.0,15.0,-39.3,4.0
2024-11-23,yemen,57.0,2.0,21.0,-42.2,0.0,0.0,9.0,12.0,4.0,9.6,1.0
2024-11-24,drc,8.0,0.0,4.0,-35.6,0.0,0.0,2.0,0.0,0.0,0.0,0.0
2024-11-24,europe_east,482.0,43.0,47.0,700.1,3.0,5.0,24.0,25.0,15.0,-37.2,5.0
2024-11-24,iran,881.0,131.0,160.0,378.7,12.0,1.0,34.0,269.0,154.0,-765.3,24.0
2024-11-24,israel,5876.0,1072.0,1866.0,-13217.7,51.0,11.0,351.0,1467.0,886.0,-5162.6,78.0
2024-11-24,korea,792.0,73.0,122.0,641.6,5.0,17.0,45.0,84.0,16.0,25.1,3.0
2024-11-24,libya,17.0,0.0,1.0,85.2,0.0,0.0,1.0,0.0,0.0,0.0,0.0
2024-11-24,scs,1305.0,137.0,140.0,1460.9,3.0,16.0,50.0,27.0,14.0,-20.2,0.0
2024-11-24,southasia,6368.0,924.0,1041.0,391.9,16.0,29.0,392.0,0.0,0.0,0.0,0.0
2024-11-24,sudan,190.0,34.0,44.0,-238.8,5.0,0.0,16.0,4.0,3.0,-25.1,0.0
2024-11-24,taiwan,293.0,22.0,19.0,494.1,0.0,0.0,8.0,60.0,11.0,45.0,0.0
2024-11-24,ukraine,2120.0,299.0,441.0,-801.5,25.0,16.0,64.0,847.0,488.0,-2610.4,55.0
2024-11-24,venezuela,228.0,48.0,52.0,-177.1,0.0,0.0,26.0,69.0,14.0,21.4,4.0
2024-11-24,yemen,82.0,10.0,16.0,-56.8,0.0,0.0,2.0,11.0,5.0,-21.2,0.0
2024-11-25,drc,57.0,4.0,13.0,-19.2,0.0,0.0,6.0,8.0,0.0,11.0,0.0
2024-11-25,europe_east,1637.0,180.0,192.0,1955.9,3.0,2.0,79.0,94.0,50.0,-133.8,6.0
2024-11-25,iran,1337.0,234.0,242.0,37.2,20.0,0.0,91.0,425.0,213.0,-854.6,42.0
2024-11-25,israel,8312.0,1448.0,2189.0,-10795.1,62.0,16.0,609.0,2101.0,1090.0,-4782.7,118.0
2024-11-25,korea,1086.0,109.0,157.0,939.7,7.0,13.0,83.0,32.0,6.0,-14.6,2.0
2024-11-25,libya,91.0,8.0,31.0,-57.0,0.0,0.0,15.0,0.0,0.0,0.0,0.0
2024-11-25,scs,1931.0,214.0,280.0,1337.7,16.0,21.0,115.0,26.0,3.0,89.6,2.0
2024-11-25,southasia,9055.0,1381.0,1376.0,2243.6,9.0,39.0,608.0,2.0,2.0,-10.0,2.0
2024-11-25,sudan,427.0,33.0,77.0,89.9,0.0,1.0,17.0,7.0,0.0,33.0,0.0
2024-11-25,taiwan,360.0,23.0,47.0,470.6,0.0,6.0,28.0,84.0,21.0,66.2,3.0
2024-11-25,ukraine,3226.0,356.0,668.0,562.5,27.0,27.0,148.0,1128.0,633.0,-3150.0,94.0
2024-11-25,venezuela,247.0,49.0,52.0,-131.5,1.0,0.0,29.0,85.0,31.0,-22.3,17.0
2024-11-25,yemen,73.0,5.0,12.0,-15.0,1.0,2.0,2.0,23.0,1.0,64.7,0.0
2024-11-26,drc,40.0,7.0,14.0,-69.8,0.0,0.0,8.0,6.0,0.0,33.6,0.0
2024-11-26,europe_east,1305.0,147.0,143.0,1378.2,3.0,9.0,60.0,65.0,32.0,-85.9,0.0
2024-11-26,iran,1106.0,171.0,248.0,-555.1,12.0,4.0,98.0,334.0,160.0,-419.0,30.0
2024-11-26,israel,9912.0,1587.0,2165.0,-6206.8,121.0,64.0,521.0,2675.0,1252.0,-3554.6,174.0
2024-11-26,korea,1011.0,143.0,106.0,931.5,5.0,12.0,50.0,85.0,29.0,-7.5,2.0
2024-11-26,libya,77.0,8.0,32.0,-170.3,0.0,0.0,14.0,0.0,0.0,0.0,0.0
2024-11-26,scs,1978.0,250.0,237.0,1562.9,10.0,10.0,115.0,57.0,13.0,19.8,0.0
2024-11-26,southasia,9149.0,1418.0,1400.0,575.0,14.0,34.0,530.0,33.0,22.0,-127.8,3.0
2024-11-26,sudan,449.0,47.0,42.0,594.1,1.0,0.0,8.0,10.0,1.0,52.0,0.0
2024-11-26,taiwan,464.0,146.0,35.0,-35.2,2.0,3.0,20.0,94.0,39.0,-22.3,26.0
2024-11-26,ukraine,3254.0,426.0,584.0,840.3,44.0,27.0,151.0,1111.0,616.0,-3154.9,82.0
2024-11-26,venezuela,289.0,56.0,64.0,-125.7,1.0,0.0,26.0,72.0,38.0,-73.9,14.0
2024-11-26,yemen,57.0,2.0,19.0,-52.5,0.0,2.0,5.0,4.0,2.0,-13.2,0.0
2024-11-27,drc,49.0,8.0,9.0,4.6,0.0,0.0,6.0,13.0,1.0,41.3,1.0
2024-11-27,europe_east,1134.0,111.0,80.0,1653.2,1.0,1.0,38.0,73.0,23.0,36.4,11.0
2024-11-27,iran,1274.0,190.0,239.0,-167.7,7.0,4.0,58.0,475.0,232.0,-800.8,25.0
2024-11-27,israel,11629.0,1759.0,2157.0,191.8,136.0,118.0,516.0,3416.0,1413.0,-2017.3,183.0
2024-11-27,korea,1262.0,130.0,112.0,2011.4,2.0,12.0,33.0,109.0,13.0,338.1,3.0
2024-11-27,libya,57.0,6.0,5.0,108.9,0.0,0.0,3.0,0.0,0.0,0.0,0.0
2024-11-27,scs,2052.0,230.0,212.0,2596.6,7.0,2.0,112.0,109.0,14.0,258.8,1.0
2024-11-27,southasia,8924.0,1490.0,1194.0,2351.2,16.0,23.0,578.0,21.0,11.0,-44.0,0.0
2024-11-27,sudan,394.0,38.0,63.0,157.4,2.0,2.0,15.0,11.0,6.0,1.5,0.0
2024-11-27,taiwan,459.0,36.0,42.0,803.8,1.0,12.0,18.0,99.0,37.0,-7.1,21.0
2024-11-27,ukraine,2829.0,336.0,413.0,1645.0,17.0,15.0,99.0,818.0,398.0,-1626.2,50.0
2024-11-27,venezuela,405.0,77.0,69.0,-26.2,0.0,0.0,39.0,108.0,46.0,-175.0,13.0
2024-11-27,yemen,76.0,2.0,15.0,38.0,0.0,0.0,2.0,27.0,0.0,44.8,0.0
2024-11-28,drc,27.0,0.0,13.0,-29.0,0.0,0.0,13.0,1.0,0.0,5.0,0.0
2024-11-28,europe_east,1301.0,167.0,138.0,998.9,1.0,14.0,76.0,42.0,26.0,-91.0,6.0
2024-11-28,iran,1417.0,163.0,233.0,560.3,2.0,7.0,85.0,300.0,95.0,64.5,12.0
2024-11-28,israel,7832.0,1201.0,1685.0,-3616.6,60.0,81.0,477.0,2121.0,995.0,-2955.2,143.0
2024-11-28,korea,913.0,101.0,99.0,1230.8,5.0,9.0,26.0,71.0,22.0,20.5,1.0
2024-11-28,libya,67.0,0.0,12.0,53.9,0.0,0.0,7.0,0.0,0.0,0.0,0.0
2024-11-28,scs,1562.0,182.0,145.0,1938.3,8.0,5.0,77.0,68.0,17.0,23.8,2.0
2024-11-28,southasia,9338.0,1487.0,1151.0,4345.8,34.0,22.0,581.0,19.0,10.0,-33.5,5.0
2024-11-28,sudan,293.0,37.0,31.0,273.5,0.0,2.0,7.0,2.0,2.0,-11.0,0.0
2024-11-28,taiwan,474.0,50.0,50.0,524.9,4.0,4.0,27.0,113.0,30.0,24.4,11.0
2024-11-28,ukraine,2877.0,436.0,591.0,-1357.1,56.0,23.0,81.0,1252.0,752.0,-4223.2,84.0
2024-11-28,venezuela,272.0,66.0,66.0,-243.8,0.0,1.0,50.0,72.0,36.0,-84.9,6.0
2024-11-28,yemen,56.0,7.0,11.0,-12.9,0.0,0.0,0.0,20.0,8.0,-27.3,1.0
2024-11-29,drc,23.0,0.0,10.0,-18.7,0.0,0.0,8.0,0.0,0.0,0.0,0.0
2024-11-29,europe_east,878.0,106.0,77.0,1157.2,1.0,7.0,26.0,26.0,7.0,27.4,1.0
2024-11-29,iran,1482.0,221.0,199.0,1079.8,8.0,6.0,46.0,285.0,92.0,-123.9,8.0
2024-11-29,israel,5907.0,965.0,1349.0,-4723.6,44.0,63.0,377.0,1647.0,821.0,-2792.4,88.0
2024-11-29,korea,1446.0,125.0,109.0,2996.5,2.0,18.0,37.0,114.0,18.0,311.1,1.0
2024-11-29,libya,96.0,2.0,18.0,116.9,0.0,0.0,10.0,0.0,0.0,0.0,0.0
2024-11-29,scs,1481.0,187.0,158.0,1648.5,4.0,0.0,78.0,75.0,31.0,6.4,4.0
2024-11-29,southasia,8429.0,1466.0,1082.0,2783.6,41.0,16.0,592.0,8.0,3.0,2.2,2.0
2024-11-29,sudan,235.0,21.0,32.0,101.4,1.0,5.0,8.0,0.0,0.0,0.0,0.0
2024-11-29,taiwan,570.0,51.0,32.0,1077.6,1.0,5.0,13.0,179.0,41.0,241.4,7.0
2024-11-29,ukraine,2626.0,377.0,478.0,40.8,34.0,16.0,83.0,1066.0,573.0,-2216.7,72.0
2024-11-29,venezuela,286.0,64.0,62.0,-151.2,0.0,0.0,48.0,33.0,24.0,-87.3,15.0
2024-11-29,yemen,48.0,8.0,3.0,56.2,0.0,0.0,0.0,16.0,4.0,22.7,0.0
2024-11-30,drc,20.0,1.0,6.0,-36.7,0.0,0.0,2.0,2.0,0.0,16.0,0.0
2024-11-30,europe_east,612.0,85.0,49.0,700.4,0.0,6.0,26.0,95.0,30.0,71.5,0.0
2024-11-30,iran,1104.0,150.0,191.0,-9.8,10.0,1.0,49.0,236.0,106.0,-182.4,8.0
2024-11-30,israel,4435.0,655.0,1166.0,-5268.9,21.0,30.0,244.0,1365.0,668.0,-2292.2,54.0
2024-11-30,korea,901.0,107.0,69.0,1626.9,1.0,10.0,13.0,86.0,21.0,46.4,7.0
2024-11-30,libya,53.0,3.0,11.0,30.7,0.0,0.0,5.0,0.0,0.0,0.0,0.0
2024-11-30,scs,993.0,88.0,132.0,801.7,5.0,6.0,42.0,27.0,3.0,23.4,0.0
2024-11-30,southasia,7733.0,1292.0,1051.0,1643.4,20.0,15.0,498.0,13.0,7.0,-13.4,4.0
2024-11-30,sudan,168.0,19.0,31.0,28.6,0.0,4.0,9.0,0.0,0.0,0.0,0.0
2024-11-30,taiwan,548.0,24.0,36.0,1063.9,4.0,3.0,9.0,167.0,46.0,86.8,13.0
2024-11-30,ukraine,1858.0,251.0,290.0,664.5,24.0,11.0,49.0,698.0,348.0,-1350.2,45.0
2024-11-30,venezuela,160.0,43.0,21.0,22.1,0.0,0.0,16.0,11.0,5.0,4.0,4.0
2024-11-30,yemen,61.0,3.0,6.0,40.0,0.0,1.0,1.0,4.0,1.0,-4.5,1.0
2024-12-01,drc,8.0,1.0,0.0,9.1,0.0,0.0,0.0,4.0,4.0,-32.0,0.0
2024-12-01,europe_east,569.0,58.0,50.0,832.3,1.0,8.0,22.0,40.0,13.0,-1.9,7.0
2024-12-01,iran,1097.0,153.0,173.0,42.8,6.0,1.0,34.0,213.0,80.0,-96.9,6.0
2024-12-01,israel,4906.0,712.0,1208.0,-4671.0,30.0,18.0,241.0,1248.0,572.0,-2045.8,36.0
2024-12-01,korea,739.0,117.0,76.0,697.5,2.0,6.0,37.0,69.0,26.0,-82.5,1.0
2024-12-01,libya,21.0,4.0,5.0,-25.9,0.0,0.0,0.0,0.0,0.0,0.0,0.0
2024-12-01,scs,913.0,90.0,112.0,940.6,1.0,2.0,57.0,18.0,1.0,26.0,0.0
2024-12-01,southasia,6607.0,1019.0,875.0,2292.0,18.0,23.0,388.0,6.0,2.0,4.8,0.0
2024-12-01,sudan,172.0,27.0,31.0,-95.1,2.0,0.0,6.0,3.0,3.0,-22.0,0.0
2024-12-01,taiwan,614.0,68.0,33.0,1033.0,0.0,0.0,18.0,135.0,55.0,-55.8,11.0
2024-12-01,ukraine,1747.0,171.0,309.0,856.4,8.0,21.0,57.0,648.0,338.0,-1669.3,29.0
2024-12-01,venezuela,131.0,43.0,15.0,-62.7,0.0,0.0,11.0,21.0,11.0,-9.4,2.0
2024-12-01,yemen,89.0,16.0,28.0,-206.9,3.0,0.0,7.0,69.0,45.0,-361.8,0.0
2024-12-02,drc,40.0,4.0,11.0,-46.5,0.0,0.0,0.0,25.0,4.0,60.0,0.0
2024-12-02,europe_east,1028.0,156.0,105.0,1191.5,1.0,5.0,62.0,52.0,19.0,-17.9,13.0
2024-12-02,iran,1915.0,297.0,319.0,363.6,19.0,10.0,82.0,280.0,135.0,-142.2,12.0
2024-12-02,israel,6851.0,1183.0,1778.0,-7706.7,40.0,23.0,404.0,1985.0,1058.0,-3811.6,87.0
2024-12-02,korea,941.0,90.0,101.0,1112.9,5.0,5.0,39.0,38.0,17.0,-48.6,4.0
2024-12-02,libya,24.0,0.0,6.0,6.7,0.0,0.0,4.0,0.0,0.0,0.0,0.0
2024-12-02,scs,1701.0,194.0,192.0,1995.7,2.0,11.0,91.0,109.0,49.0,-35.4,8.0
2024-12-02,southasia,8381.0,1303.0,1148.0,3183.8,12.0,49.0,513.0,9.0,7.0,-56.6,2.0
2024-12-02,sudan,477.0,76.0,55.0,44.8,2.0,0.0,12.0,11.0,11.0,-88.5,1.0
2024-12-02,taiwan,747.0,86.0,28.0,1484.9,1.0,3.0,9.0,159.0,54.0,52.6,9.0
2024-12-02,ukraine,2967.0,415.0,394.0,2229.3,23.0,6.0,121.0,854.0,447.0,-2022.5,32.0
2024-12-02,venezuela,246.0,53.0,28.0,49.9,0.0,0.0,21.0,28.0,9.0,37.7,4.0
2024-12-02,yemen,125.0,22.0,32.0,-177.9,2.0,0.0,4.0,39.0,18.0,-115.2,1.0
2024-12-03,drc,51.0,6.0,11.0,-65.0,0.0,0.0,2.0,14.0,2.0,41.5,0.0
2024-12-03,europe_east,1001.0,135.0,96.0,801.2,1.0,4.0,45.0,52.0,26.0,-72.8,7.0
2024-12-03,iran,1885.0,205.0,374.0,239.9,8.0,11.0,82.0,312.0,174.0,-839.8,15.0
2024-12-03,israel,7000.0,1241.0,1743.0,-8200.9,47.0,23.0,373.0,1988.0,1162.0,-5050.5,115.0
2024-12-03,korea,3056.0,707.0,462.0,-142.2,17.0,50.0,264.0,212.0,99.0,-75.6,22.0
2024-12-03,libya,82.0,9.0,21.0,-30.5,0.0,0.0,14.0,0.0,0.0,0.0,0.0
2024-12-03,scs,1938.0,249.0,203.0,1983.0,1.0,4.0,90.0,126.0,55.0,-103.1,0.0
2024-12-03,southasia,8920.0,1316.0,1268.0,3128.9,18.0,41.0,570.0,6.0,1.0,-4.6,1.0
2024-12-03,sudan,438.0,51.0,87.0,109.4,2.0,1.0,21.0,5.0,5.0,-45.0,1.0
2024-12-03,taiwan,567.0,63.0,35.0,971.2,2.0,4.0,13.0,184.0,53.0,150.0,11.0
2024-12-03,ukraine,3078.0,361.0,384.0,3336.3,31.0,28.0,102.0,878.0,419.0,-1430.3,60.0
2024-12-03,venezuela,242.0,30.0,49.0,39.3,0.0,0.0,22.0,30.0,14.0,-67.6,6.0
2024-12-03,yemen,94.0,17.0,23.0,-64.6,4.0,8.0,2.0,30.0,23.0,-145.2,5.0
2024-12-04,drc,59.0,1.0,7.0,-27.7,0.0,0.0,1.0,2.0,0.0,8.0,0.0
2024-12-04,europe_east,1235.0,121.0,112.0,1730.5,0.0,4.0,64.0,93.0,35.0,96.8,8.0
2024-12-04,iran,1409.0,174.0,259.0,545.1,9.0,9.0,106.0,290.0,156.0,-614.2,31.0
2024-12-04,israel,6262.0,1013.0,1622.0,-6588.4,34.0,18.0,350.0,1669.0,923.0,-4060.6,133.0
2024-12-04,korea,4110.0,916.0,663.0,-773.0,24.0,47.0,418.0,163.0,62.0,-63.7,13.0
2024-12-04,libya,133.0,6.0,24.0,138.7,0.0,0.0,10.0,0.0,0.0,0.0,0.0
2024-12-04,scs,1752.0,244.0,175.0,2009.8,8.0,5.0,86.0,255.0,163.0,-409.7,0.0
2024-12-04,southasia,9108.0,1417.0,1238.0,3134.0,26.0,79.0,512.0,21.0,13.0,-89.4,3.0
2024-12-04,sudan,410.0,49.0,47.0,261.8,2.0,0.0,5.0,3.0,1.0,4.8,0.0
2024-12-04,taiwan,495.0,70.0,38.0,664.1,0.0,3.0,20.0,147.0,28.0,207.3,6.0
2024-12-04,ukraine,2946.0,378.0,411.0,2406.0,15.0,21.0,99.0,872.0,398.0,-1032.8,41.0
2024-12-04,venezuela,257.0,32.0,49.0,172.2,0.0,0.0,36.0,27.0,13.0,-42.5,5.0
2024-12-04,yemen,51.0,14.0,11.0,-95.1,3.0,0.0,5.0,14.0,4.0,-9.3,1.0
2024-12-05,drc,108.0,5.0,20.0,-28.4,0.0,12.0,1.0,5.0,3.0,8.8,0.0
2024-12-05,europe_east,1389.0,207.0,170.0,996.3,5.0,1.0,120.0,127.0,59.0,-9.1,16.0
2024-12-05,iran,1081.0,133.0,204.0,503.2,3.0,3.0,83.0,173.0,79.0,-222.2,13.0
2024-12-05,israel,5581.0,953.0,1199.0,-4218.5,33.0,22.0,343.0,1337.0,645.0,-2457.1,54.0
2024-12-05,korea,2586.0,506.0,401.0,173.5,10.0,34.0,257.0,103.0,29.0,-30.8,6.0
2024-12-05,libya,48.0,5.0,8.0,49.3,0.0,0.0,3.0,0.0,0.0,0.0,0.0
2024-12-05,scs,2048.0,258.0,277.0,1530.1,3.0,8.0,106.0,264.0,122.0,-176.0,8.0
2024-12-05,southasia,8804.0,1442.0,1187.0,3204.8,6.0,62.0,593.0,12.0,6.0,-27.0,3.0
2024-12-05,sudan,535.0,59.0,83.0,298.6,1.0,1.0,21.0,3.0,3.0,-25.0,1.0
2024-12-05,taiwan,706.0,72.0,43.0,1161.9,1.0,1.0,29.0,199.0,33.0,380.4,8.0
2024-12-05,ukraine,3107.0,413.0,476.0,970.1,15.0,16.0,182.0,937.0,470.0,-1484.2,69.0
2024-12-05,venezuela,233.0,25.0,37.0,177.1,0.0,0.0,30.0,48.0,5.0,59.5,3.0
2024-12-05,yemen,119.0,7.0,9.0,342.5,0.0,0.0,4.0,16.0,4.0,10.8,1.0
2024-12-06,drc,109.0,5.0,19.0,-26.2,0.0,2.0,3.0,13.0,5.0,8.5,0.0
2024-12-06,europe_east,1378.0,216.0,128.0,1154.1,4.0,1.0,67.0,77.0,33.0,-55.1,4.0
2024-12-06,iran,1445.0,212.0,200.0,1022.9,4.0,9.0,69.0,192.0,88.0,-277.0,12.0
2024-12-06,israel,4657.0,825.0,1132.0,-5153.1,20.0,21.0,294.0,977.0,552.0,-2749.1,77.0
2024-12-06,korea,2291.0,453.0,376.0,236.3,4.0,22.0,269.0,92.0,38.0,-50.5,7.0
2024-12-06,libya,66.0,9.0,7.0,109.7,0.0,0.0,5.0,0.0,0.0,0.0,0.0
2024-12-06,scs,1629.0,180.0,195.0,1751.3,9.0,6.0,92.0,141.0,90.0,-232.9,12.0
2024-12-06,southasia,9469.0,1522.0,1326.0,2339.1,25.0,66.0,584.0,15.0,3.0,25.8,0.0
2024-12-06,sudan,395.0,57.0,80.0,-190.7,1.0,1.0,11.0,2.0,0.0,14.8,0.0
2024-12-06,taiwan,587.0,64.0,43.0,874.5,4.0,2.0,23.0,168.0,53.0,31.9,11.0
2024-12-06,ukraine,2862.0,332.0,422.0,1925.7,12.0,25.0,117.0,823.0,384.0,-1147.5,50.0
2024-12-06,venezuela,151.0,14.0,28.0,54.3,1.0,0.0,19.0,31.0,18.0,-88.7,10.0
2024-12-06,yemen,88.0,8.0,16.0,63.6,1.0,0.0,3.0,10.0,4.0,5.6,0.0
2024-12-07,drc,60.0,4.0,4.0,42.8,0.0,0.0,0.0,10.0,2.0,56.0,0.0
2024-12-07,europe_east,739.0,128.0,91.0,362.7,5.0,1.0,45.0,8.0,6.0,-13.6,4.0
2024-12-07,iran,1556.0,177.0,203.0,1494.3,5.0,14.0,57.0,118.0,58.0,-203.0,7.0
2024-12-07,israel,3209.0,499.0,851.0,-3594.0,18.0,36.0,205.0,886.0,500.0,-2535.0,81.0
2024-12-07,korea,1850.0,477.0,289.0,-1042.0,0.0,21.0,216.0,43.0,16.0,46.2,0.0
2024-12-07,libya,54.0,5.0,15.0,-36.5,0.0,0.0,10.0,0.0,0.0,0.0,0.0
2024-12-07,scs,1000.0,95.0,108.0,913.7,2.0,5.0,36.0,63.0,28.0,-40.8,4.0
2024-12-07,southasia,6897.0,1198.0,937.0,1249.8,30.0,26.0,425.0,5.0,1.0,6.2,0.0
2024-12-07,sudan,97.0,5.0,11.0,124.5,0.0,0.0,3.0,0.0,0.0,0.0,0.0
2024-12-07,taiwan,339.0,37.0,42.0,277.9,1.0,2.0,24.0,131.0,43.0,61.7,22.0
2024-12-07,ukraine,1908.0,179.0,181.0,2729.3,8.0,10.0,43.0,437.0,185.0,-504.0,15.0
2024-12-07,venezuela,145.0,9.0,11.0,300.5,0.0,0.0,7.0,27.0,4.0,50.7,2.0
2024-12-07,yemen,46.0,10.0,9.0,-68.7,0.0,0.0,1.0,27.0,21.0,-138.3,5.0
2024-12-08,drc,13.0,0.0,2.0,9.5,0.0,0.0,1.0,0.0,0.0,0.0,0.0
2024-12-08,europe_east,578.0,102.0,71.0,210.6,0.0,0.0,38.0,36.0,9.0,70.8,3.0
2024-12-08,iran,2165.0,262.0,295.0,1094.9,9.0,20.0,66.0,317.0,160.0,-712.1,18.0
2024-12-08,israel,4355.0,644.0,1109.0,-4478.2,26.0,72.0,212.0,1473.0,790.0,-3771.3,141.0
2024-12-08,korea,1232.0,271.0,253.0,-669.9,2.0,10.0,201.0,34.0,9.0,6.8,6.0
2024-12-08,libya,105.0,7.0,22.0,22.5,0.0,0.0,5.0,0.0,0.0,0.0,0.0
2024-12-08,scs,1037.0,91.0,131.0,819.4,1.0,0.0,42.0,94.0,48.0,-132.4,3.0
2024-12-08,southasia,5653.0,959.0,805.0,1022.0,16.0,41.0,370.0,18.0,1.0,40.3,0.0
2024-12-08,sudan,205.0,13.0,59.0,-302.5,0.0,0.0,3.0,10.0,8.0,-67.7,1.0
2024-12-08,taiwan,381.0,36.0,22.0,605.0,1.0,1.0,9.0,121.0,41.0,-22.9,16.0
2024-12-08,ukraine,1739.0,194.0,170.0,1938.8,19.0,16.0,45.0,413.0,128.0,63.4,15.0
2024-12-08,venezuela,116.0,11.0,5.0,232.1,0.0,0.0,2.0,7.0,5.0,-10.0,0.0
2024-12-08,yemen,74.0,2.0,18.0,-38.2,0.0,0.0,2.0,16.0,13.0,-115.5,0.0
2024-12-09,drc,65.0,5.0,7.0,59.7,0.0,0.0,2.0,22.0,5.0,73.1,1.0
2024-12-09,europe_east,1021.0,125.0,113.0,1133.7,2.0,6.0,58.0,49.0,13.0,12.6,1.0
2024-12-09,iran,1875.0,197.0,268.0,1412.5,5.0,14.0,58.0,316.0,161.0,-640.6,21.0
2024-12-09,israel,6067.0,880.0,1597.0,-6396.2,45.0,90.0,299.0,2111.0,1075.0,-4973.6,150.0
2024-12-09,korea,1622.0,345.0,319.0,-697.8,1.0,18.0,228.0,34.0,19.0,-25.3,3.0
2024-12-09,libya,195.0,20.0,59.0,-211.4,1.0,0.0,25.0,0.0,0.0,0.0,0.0
2024-12-09,scs,1422.0,127.0,178.0,1571.7,4.0,4.0,79.0,59.0,30.0,-32.0,3.0
2024-12-09,southasia,8272.0,1510.0,993.0,3516.7,102.0,10.0,493.0,31.0,11.0,2.5,2.0
2024-12-09,sudan,335.0,19.0,103.0,-441.2,0.0,4.0,18.0,4.0,2.0,-1.0,1.0
2024-12-09,taiwan,524.0,58.0,53.0,460.0,2.0,13.0,10.0,157.0,58.0,-198.6,16.0
2024-12-09,ukraine,2686.0,292.0,311.0,2756.4,30.0,31.0,60.0,706.0,266.0,-152.6,39.0
2024-12-09,venezuela,238.0,29.0,18.0,306.9,1.0,0.0,13.0,16.0,9.0,-39.8,0.0
2024-12-09,yemen,108.0,21.0,29.0,-152.5,2.0,1.0,3.0,39.0,24.0,-143.5,0.0
2024-12-10,drc,42.0,13.0,6.0,-2.7,0.0,0.0,3.0,16.0,4.0,34.4,0.0
2024-12-10,europe_east,1003.0,114.0,99.0,1352.1,0.0,3.0,45.0,80.0,26.0,-23.2,6.0
2024-12-10,iran,1350.0,225.0,216.0,109.5,9.0,9.0,54.0,267.0,115.0,-280.0,5.0
2024-12-10,israel,7172.0,1362.0,1494.0,-5846.5,40.0,42.0,379.0,2213.0,1115.0,-4988.1,125.0
2024-12-10,korea,1487.0,239.0,265.0,282.5,3.0,13.0,194.0,85.0,31.0,-50.3,3.0
2024-12-10,libya,159.0,20.0,18.0,178.7,0.0,0.0,6.0,0.0,0.0,0.0,0.0
2024-12-10,scs,1499.0,134.0,169.0,1929.0,1.0,9.0,74.0,113.0,35.0,58.1,2.0
2024-12-10,southasia,8821.0,1561.0,1054.0,3876.5,41.0,18.0,499.0,6.0,3.0,-16.8,1.0
2024-12-10,sudan,548.0,61.0,167.0,-883.3,5.0,3.0,20.0,13.0,11.0,-89.5,0.0
2024-12-10,taiwan,646.0,51.0,79.0,434.8,2.0,31.0,13.0,246.0,73.0,-63.9,40.0
2024-12-10,ukraine,2283.0,242.0,328.0,2086.2,13.0,21.0,110.0,613.0,271.0,-674.1,38.0
2024-12-10,venezuela,233.0,42.0,38.0,-34.2,1.0,0.0,18.0,25.0,4.0,23.5,0.0
2024-12-10,yemen,102.0,10.0,38.0,-276.2,1.0,1.0,9.0,53.0,33.0,-232.6,2.0
2024-12-11,drc,128.0,16.0,40.0,-229.6,0.0,1.0,8.0,4.0,0.0,6.7,0.0
2024-12-11,europe_east,1190.0,96.0,104.0,1951.0,1.0,1.0,48.0,86.0,11.0,146.4,5.0
2024-12-11,iran,1497.0,342.0,202.0,109.9,23.0,8.0,61.0,335.0,178.0,-270.3,12.0
2024-12-11,israel,6930.0,1246.0,1549.0,-6209.7,34.0,42.0,392.0,2225.0,1144.0,-4290.4,116.0
2024-12-11,korea,1885.0,407.0,372.0,-1032.4,7.0,5.0,222.0,115.0,56.0,-69.8,12.0
2024-12-11,libya,67.0,10.0,7.0,45.8,0.0,0.0,1.0,0.0,0.0,0.0,0.0
2024-12-11,scs,1492.0,160.0,126.0,2091.3,2.0,2.0,62.0,101.0,25.0,113.7,0.0
2024-12-11,southasia,8382.0,1364.0,1008.0,3886.5,23.0,22.0,421.0,23.0,3.0,26.5,0.0
2024-12-11,sudan,501.0,79.0,168.0,-1090.0,0.0,3.0,8.0,7.0,5.0,-20.0,0.0
2024-12-11,taiwan,522.0,62.0,76.0,182.8,0.0,10.0,14.0,225.0,87.0,-172.1,30.0
2024-12-11,ukraine,2261.0,289.0,394.0,725.5,17.0,23.0,111.0,755.0,469.0,-2404.8,39.0
2024-12-11,venezuela,165.0,23.0,32.0,80.6,0.0,0.0,22.0,22.0,8.0,-28.1,5.0
2024-12-11,yemen,128.0,17.0,24.0,-58.1,1.0,0.0,10.0,18.0,13.0,-109.2,2.0
2024-12-12,drc,52.0,0.0,6.0,76.0,0.0,0.0,1.0,0.0,0.0,0.0,0.0
2024-12-12,europe_east,1440.0,136.0,131.0,2131.9,5.0,1.0,49.0,83.0,14.0,86.0,7.0
2024-12-12,iran,1196.0,177.0,181.0,70.6,8.0,6.0,53.0,349.0,122.0,-278.9,16.0
2024-12-12,israel,7091.0,954.0,1567.0,-2877.0,35.0,53.0,389.0,2052.0,940.0,-2802.3,118.0
2024-12-12,korea,1728.0,386.0,265.0,-661.7,32.0,12.0,172.0,65.0,32.0,-86.4,9.0
2024-12-12,libya,56.0,10.0,10.0,-29.7,0.0,0.0,0.0,0.0,0.0,0.0,0.0
2024-12-12,scs,1459.0,181.0,127.0,1823.5,2.0,4.0,56.0,36.0,13.0,7.0,0.0
2024-12-12,southasia,7966.0,1267.0,883.0,5174.0,26.0,17.0,400.0,22.0,13.0,-72.7,11.0
2024-12-12,sudan,354.0,42.0,81.0,-197.1,0.0,0.0,13.0,4.0,4.0,-24.0,0.0
2024-12-12,taiwan,542.0,50.0,63.0,446.7,1.0,7.0,12.0,165.0,48.0,11.4,17.0
2024-12-12,ukraine,2827.0,375.0,412.0,1859.1,26.0,16.0,112.0,809.0,463.0,-2230.3,80.0
2024-12-12,venezuela,308.0,61.0,51.0,68.3,0.0,2.0,29.0,47.0,26.0,-79.9,9.0
2024-12-12,yemen,60.0,10.0,10.0,-18.0,1.0,1.0,6.0,14.0,4.0,-0.9,0.0
2024-12-13,drc,55.0,3.0,11.0,-18.9,0.0,0.0,0.0,12.0,8.0,-35.0,0.0
2024-12-13,europe_east,1093.0,94.0,112.0,1537.5,3.0,13.0,40.0,47.0,12.0,-9.9,4.0
2024-12-13,iran,1423.0,197.0,269.0,-440.9,20.0,5.0,103.0,384.0,170.0,-700.1,25.0
2024-12-13,israel,5769.0,806.0,1336.0,-3587.8,43.0,22.0,310.0,1705.0,837.0,-3431.3,100.0
2024-12-13,korea,1399.0,270.0,214.0,49.5,23.0,20.0,122.0,76.0,34.0,-73.5,23.0
2024-12-13,libya,75.0,6.0,28.0,-132.2,0.0,0.0,9.0,0.0,0.0,0.0,0.0
2024-12-13,scs,1206.0,102.0,119.0,1948.4,0.0,4.0,61.0,60.0,23.0,11.9,2.0
2024-12-13,southasia,8342.0,1504.0,1125.0,2007.8,77.0,17.0,492.0,22.0,6.0,3.6,3.0
2024-12-13,sudan,415.0,56.0,110.0,-578.0,0.0,2.0,12.0,5.0,5.0,-26.0,0.0
2024-12-13,taiwan,401.0,45.0,48.0,160.2,2.0,3.0,23.0,160.0,51.0,-56.3,13.0
2024-12-13,ukraine,2789.0,318.0,551.0,270.3,18.0,19.0,130.0,898.0,474.0,-2108.3,41.0
2024-12-13,venezuela,357.0,53.0,105.0,-297.5,0.0,1.0,53.0,72.0,53.0,-280.6,22.0
2024-12-13,yemen,64.0,13.0,9.0,-33.3,0.0,1.0,0.0,49.0,21.0,-110.3,3.0
2024-12-14,drc,20.0,0.0,0.0,48.1,0.0,0.0,0.0,9.0,3.0,30.8,0.0
2024-12-14,europe_east,649.0,75.0,84.0,575.1,0.0,4.0,41.0,64.0,18.0,-35.5,4.0
2024-12-14,iran,800.0,123.0,156.0,-97.6,4.0,5.0,73.0,224.0,93.0,-124.5,29.0
2024-12-14,israel,3359.0,549.0,808.0,-3340.1,30.0,8.0,170.0,1100.0,576.0,-2736.5,49.0
2024-12-14,korea,1860.0,400.0,350.0,-244.7,15.0,16.0,228.0,97.0,28.0,176.1,5.0
2024-12-14,libya,50.0,6.0,7.0,46.0,0.0,2.0,2.0,0.0,0.0,0.0,0.0
2024-12-14,scs,718.0,71.0,58.0,947.3,1.0,2.0,19.0,18.0,15.0,-36.2,1.0
2024-12-14,southasia,7198.0,1240.0,1001.0,1712.8,37.0,20.0,434.0,14.0,0.0,38.2,0.0
2024-12-14,sudan,168.0,18.0,29.0,129.1,0.0,2.0,5.0,4.0,4.0,-8.0,0.0
2024-12-14,taiwan,267.0,33.0,37.0,175.9,3.0,4.0,20.0,113.0,38.0,-6.8,23.0
2024-12-14,ukraine,1370.0,137.0,321.0,-376.9,3.0,7.0,69.0,476.0,275.0,-1352.6,12.0
2024-12-14,venezuela,254.0,35.0,72.0,-318.8,0.0,0.0,30.0,64.0,33.0,-159.3,10.0
2024-12-14,yemen,31.0,3.0,8.0,-11.5,0.0,0.0,0.0,16.0,14.0,-116.8,0.0
2024-12-15,drc,35.0,4.0,3.0,84.1,0.0,0.0,0.0,37.0,9.0,132.1,0.0
2024-12-15,europe_east,374.0,36.0,46.0,714.4,0.0,1.0,31.0,25.0,8.0,-3.6,8.0
2024-12-15,iran,729.0,96.0,170.0,-387.7,9.0,3.0,52.0,174.0,87.0,-461.6,13.0
2024-12-15,israel,4382.0,605.0,1190.0,-4756.4,24.0,20.0,269.0,1396.0,707.0,-3632.3,67.0
2024-12-15,korea,1270.0,195.0,203.0,365.8,9.0,13.0,116.0,59.0,2.0,280.0,1.0
2024-12-15,libya,109.0,3.0,12.0,316.3,0.0,0.0,2.0,0.0,0.0,0.0,0.0
2024-12-15,scs,758.0,77.0,96.0,678.8,0.0,0.0,46.0,55.0,22.0,53.0,3.0
2024-12-15,southasia,6039.0,955.0,787.0,2111.5,21.0,19.0,356.0,13.0,1.0,32.8,0.0
2024-12-15,sudan,163.0,15.0,42.0,-88.6,0.0,0.0,7.0,2.0,1.0,-7.0,0.0
2024-12-15,taiwan,271.0,33.0,13.0,450.3,2.0,0.0,0.0,85.0,16.0,133.2,2.0
2024-12-15,ukraine,1168.0,110.0,207.0,356.3,6.0,5.0,33.0,387.0,207.0,-872.6,9.0
2024-12-15,venezuela,160.0,15.0,44.0,-109.5,0.0,2.0,23.0,26.0,13.0,-28.2,3.0
2024-12-15,yemen,42.0,1.0,11.0,-31.8,0.0,0.0,0.0,14.0,8.0,-65.9,0.0
2024-12-16,drc,38.0,7.0,7.0,-24.4,2.0,0.0,0.0,46.0,18.0,73.8,0.0
2024-12-16,europe_east,755.0,84.0,105.0,725.0,1.0,1.0,72.0,74.0,34.0,-60.5,7.0
2024-12-16,iran,860.0,150.0,159.0,-169.6,5.0,1.0,64.0,215.0,95.0,-261.6,13.0
2024-12-16,israel,6245.0,1085.0,1392.0,-4653.0,43.0,16.0,357.0,1737.0,814.0,-3391.1,106.0
2024-12-16,korea,1810.0,306.0,306.0,76.7,7.0,16.0,140.0,130.0,54.0,-24.8,13.0
2024-12-16,libya,115.0,11.0,21.0,-42.9,2.0,0.0,6.0,0.0,0.0,0.0,0.0
2024-12-16,scs,1442.0,139.0,120.0,2364.0,0.0,4.0,67.0,66.0,30.0,-99.0,1.0
2024-12-16,southasia,9464.0,1445.0,1112.0,6465.3,21.0,21.0,523.0,54.0,8.0,158.6,1.0
2024-12-16,sudan,512.0,72.0,149.0,-668.8,2.0,1.0,15.0,5.0,1.0,17.0,0.0
2024-12-16,taiwan,365.0,37.0,27.0,557.1,0.0,3.0,6.0,171.0,42.0,97.0,4.0
2024-12-16,ukraine,2005.0,310.0,338.0,767.7,11.0,12.0,109.0,652.0,305.0,-896.8,36.0
2024-12-16,venezuela,186.0,43.0,40.0,-63.4,0.0,0.0,23.0,16.0,7.0,-16.1,2.0
2024-12-16,yemen,157.0,19.0,70.0,-593.8,4.0,0.0,5.0,83.0,68.0,-596.4,2.0
2024-12-17,drc,53.0,9.0,8.0,-39.7,0.0,0.0,1.0,27.0,13.0,-28.5,0.0
2024-12-17,europe_east,1388.0,118.0,116.0,2497.9,0.0,5.0,71.0,82.0,27.0,17.7,3.0
2024-12-17,iran,1161.0,175.0,228.0,108.6,16.0,1.0,124.0,381.0,171.0,-342.2,60.0
2024-12-17,israel,6065.0,1006.0,1225.0,-2535.0,23.0,20.0,348.0,1582.0,700.0,-2282.6,81.0
2024-12-17,korea,1655.0,302.0,300.0,264.4,10.0,36.0,132.0,112.0,54.0,-105.8,8.0
2024-12-17,libya,135.0,18.0,18.0,63.3,0.0,0.0,5.0,0.0,0.0,0.0,0.0
2024-12-17,scs,1564.0,111.0,156.0,2522.8,0.0,1.0,93.0,86.0,31.0,-40.3,7.0
2024-12-17,southasia,8806.0,1432.0,872.0,7096.6,27.0,26.0,401.0,37.0,5.0,64.1,0.0
2024-12-17,sudan,358.0,47.0,66.0,111.0,1.0,5.0,11.0,12.0,1.0,51.2,0.0
2024-12-17,taiwan,434.0,40.0,30.0,635.1,1.0,0.0,13.0,175.0,29.0,298.9,14.0
2024-12-17,ukraine,3181.0,389.0,732.0,-693.4,10.0,23.0,221.0,1245.0,731.0,-3261.0,135.0
2024-12-17,venezuela,279.0,57.0,55.0,-64.3,0.0,0.0,40.0,36.0,21.0,-66.1,6.0
2024-12-17,yemen,131.0,20.0,62.0,-527.0,2.0,1.0,4.0,87.0,52.0,-370.9,3.0
2024-12-18,drc,41.0,3.0,5.0,21.0,0.0,0.0,3.0,16.0,13.0,-82.0,0.0
2024-12-18,europe_east,1170.0,129.0,102.0,1823.0,4.0,8.0,46.0,36.0,7.0,10.4,2.0
2024-12-18,iran,1120.0,164.0,168.0,461.9,14.0,1.0,69.0,254.0,97.0,-60.9,18.0
2024-12-18,israel,5443.0,909.0,1166.0,-3177.3,38.0,19.0,345.0,1612.0,694.0,-1996.5,79.0
2024-12-18,korea,1281.0,199.0,203.0,649.0,9.0,8.0,81.0,90.0,25.0,83.2,0.0
2024-12-18,libya,141.0,22.0,29.0,-58.6,0.0,0.0,20.0,0.0,0.0,0.0,0.0
2024-12-18,scs,1901.0,170.0,165.0,3132.5,3.0,5.0,92.0,35.0,7.0,98.3,2.0
2024-12-18,southasia,9166.0,1693.0,851.0,6225.6,24.0,22.0,416.0,40.0,4.0,64.5,2.0
2024-12-18,sudan,404.0,28.0,92.0,-83.6,0.0,0.0,11.0,8.0,0.0,29.2,0.0
2024-12-18,taiwan,436.0,50.0,34.0,558.7,6.0,1.0,18.0,176.0,34.0,265.6,13.0
2024-12-18,ukraine,3177.0,402.0,610.0,1081.6,19.0,21.0,194.0,1067.0,583.0,-2309.0,76.0
2024-12-18,venezuela,332.0,49.0,70.0,-0.8,0.0,0.0,42.0,88.0,18.0,130.0,5.0
2024-12-18,yemen,151.0,22.0,47.0,-347.3,1.0,0.0,5.0,68.0,47.0,-346.1,0.0
2024-12-19,drc,32.0,6.0,5.0,-32.1,0.0,0.0,1.0,18.0,8.0,-53.0,0.0
2024-12-19,europe_east,1044.0,137.0,145.0,1041.7,2.0,8.0,76.0,48.0,21.0,-17.4,8.0
2024-12-19,iran,1105.0,157.0,196.0,22.6,8.0,7.0,55.0,324.0,160.0,-527.1,11.0
2024-12-19,israel,5722.0,950.0,1516.0,-7454.0,51.0,10.0,406.0,1437.0,820.0,-4206.4,97.0
2024-12-19,korea,1254.0,241.0,254.0,-641.2,4.0,16.0,41.0,115.0,67.0,-236.1,6.0
2024-12-19,libya,206.0,29.0,35.0,132.8,0.0,0.0,21.0,4.0,0.0,18.4,0.0
2024-12-19,scs,1434.0,153.0,212.0,1256.2,3.0,5.0,123.0,49.0,15.0,4.8,3.0
2024-12-19,southasia,9015.0,2023.0,1028.0,1560.8,19.0,17.0,454.0,41.0,18.0,-49.1,9.0
2024-12-19,sudan,511.0,45.0,78.0,745.6,0.0,3.0,18.0,4.0,2.0,-11.0,0.0
2024-12-19,taiwan,336.0,34.0,29.0,364.9,0.0,2.0,15.0,100.0,16.0,98.5,5.0
2024-12-19,ukraine,2928.0,333.0,415.0,2675.8,22.0,24.0,118.0,882.0,443.0,-1443.6,61.0
2024-12-19,venezuela,278.0,32.0,36.0,214.9,0.0,0.0,16.0,58.0,14.0,65.0,3.0
2024-12-19,yemen,506.0,84.0,287.0,-2797.5,4.0,1.0,6.0,377.0,294.0,-2257.1,6.0
2024-12-20,drc,64.0,7.0,6.0,116.7,0.0,2.0,0.0,21.0,6.0,9.4,1.0
2024-12-20,europe_east,1178.0,165.0,121.0,1562.8,4.0,4.0,60.0,59.0,25.0,-61.8,7.0
2024-12-20,iran,1021.0,125.0,190.0,476.1,5.0,0.0,70.0,299.0,160.0,-535.0,26.0
2024-12-20,israel,5546.0,1007.0,1373.0,-6287.1,43.0,13.0,343.0,1412.0,768.0,-3614.5,91.0
2024-12-20,korea,1088.0,163.0,160.0,657.7,1.0,7.0,67.0,78.0,44.0,-180.9,7.0
2024-12-20,libya,117.0,15.0,28.0,-69.2,0.0,0.0,13.0,0.0,0.0,0.0,0.0
2024-12-20,scs,1303.0,147.0,139.0,1780.2,1.0,5.0,59.0,128.0,23.0,146.3,10.0
2024-12-20,southasia,9198.0,1886.0,1096.0,2107.2,45.0,16.0,498.0,21.0,6.0,-1.0,5.0
2024-12-20,sudan,759.0,107.0,124.0,87.3,2.0,3.0,15.0,18.0,5.0,-0.7,0.0
2024-12-20,taiwan,365.0,61.0,57.0,155.5,1.0,0.0,32.0,92.0,27.0,26.3,6.0
2024-12-20,ukraine,2603.0,369.0,548.0,-543.0,42.0,21.0,98.0,976.0,596.0,-3236.0,86.0
2024-12-20,venezuela,169.0,25.0,27.0,90.7,0.0,0.0,20.0,13.0,9.0,-44.6,3.0
2024-12-20,yemen,293.0,46.0,136.0,-1221.0,3.0,0.0,13.0,194.0,137.0,-883.0,3.0
2024-12-21,drc,42.0,2.0,5.0,85.0,0.0,0.0,1.0,8.0,1.0,31.1,0.0
2024-12-21,europe_east,517.0,61.0,59.0,666.3,2.0,3.0,26.0,43.0,15.0,-7.4,0.0
2024-12-21,iran,675.0,118.0,194.0,-1202.8,5.0,7.0,38.0,123.0,91.0,-576.5,19.0
2024-12-21,israel,3289.0,530.0,884.0,-4663.9,20.0,6.0,166.0,875.0,515.0,-2874.5,56.0
2024-12-21,korea,554.0,91.0,89.0,548.3,0.0,4.0,37.0,80.0,22.0,213.6,1.0
2024-12-21,libya,78.0,10.0,30.0,-59.7,0.0,0.0,28.0,0.0,0.0,0.0,0.0
2024-12-21,scs,721.0,39.0,82.0,1130.9,1.0,2.0,44.0,63.0,13.0,43.9,4.0
2024-12-21,southasia,6729.0,1215.0,1056.0,-390.7,24.0,13.0,509.0,9.0,4.0,6.0,1.0
2024-12-21,sudan,379.0,84.0,85.0,-423.4,2.0,7.0,7.0,6.0,0.0,28.4,0.0
2024-12-21,taiwan,280.0,28.0,36.0,404.9,1.0,0.0,22.0,71.0,16.0,124.7,2.0
2024-12-21,ukraine,1468.0,214.0,351.0,-1001.6,18.0,16.0,66.0,617.0,434.0,-2744.6,37.0
2024-12-21,venezuela,148.0,23.0,30.0,32.2,0.0,0.0,20.0,59.0,23.0,-8.3,8.0
2024-12-21,yemen,241.0,34.0,133.0,-1296.9,2.0,1.0,4.0,198.0,149.0,-1293.1,3.0
2024-12-22,drc,17.0,3.0,1.0,45.8,0.0,0.0,1.0,0.0,0.0,0.0,0.0
2024-12-22,europe_east,502.0,62.0,48.0,446.7,4.0,2.0,30.0,41.0,14.0,-38.0,2.0
2024-12-22,iran,830.0,129.0,177.0,-537.5,8.0,0.0,52.0,222.0,120.0,-436.1,19.0
2024-12-22,israel,4068.0,695.0,1215.0,-7045.4,27.0,14.0,277.0,1078.0,622.0,-3093.5,71.0
2024-12-22,korea,463.0,90.0,66.0,-85.7,0.0,2.0,33.0,25.0,15.0,12.0,4.0
2024-12-22,libya,89.0,10.0,18.0,13.9,0.0,0.0,7.0,0.0,0.0,0.0,0.0
2024-12-22,scs,664.0,61.0,53.0,862.2,0.0,0.0,27.0,22.0,7.0,19.3,3.0
2024-12-22,southasia,5957.0,1023.0,807.0,2004.7,29.0,12.0,404.0,26.0,18.0,-61.0,14.0
2024-12-22,sudan,213.0,27.0,44.0,-14.6,0.0,1.0,8.0,2.0,2.0,-20.0,0.0
2024-12-22,taiwan,301.0,66.0,16.0,477.4,1.0,0.0,9.0,93.0,31.0,151.6,0.0
2024-12-22,ukraine,1136.0,156.0,219.0,-372.4,23.0,4.0,31.0,471.0,276.0,-1637.8,33.0
2024-12-22,venezuela,55.0,7.0,5.0,151.6,0.0,0.0,2.0,6.0,2.0,8.0,0.0
2024-12-22,yemen,308.0,54.0,158.0,-1510.1,7.0,0.0,3.0,197.0,156.0,-1265.8,5.0
2024-12-23,drc,16.0,4.0,2.0,-8.8,0.0,0.0,0.0,6.0,0.0,42.0,0.0
2024-12-23,europe_east,829.0,82.0,85.0,1119.4,4.0,1.0,34.0,55.0,11.0,56.9,1.0
2024-12-23,iran,1055.0,139.0,198.0,-51.7,10.0,4.0,62.0,295.0,124.0,-326.2,16.0
2024-12-23,israel,5231.0,802.0,1312.0,-5716.8,35.0,15.0,252.0,1428.0,726.0,-2974.8,67.0
2024-12-23,korea,1068.0,201.0,182.0,59.2,10.0,28.0,67.0,116.0,41.0,101.1,12.0
2024-12-23,libya,123.0,15.0,18.0,83.8,0.0,0.0,12.0,0.0,0.0,0.0,0.0
2024-12-23,scs,1042.0,117.0,108.0,1342.4,1.0,5.0,40.0,60.0,18.0,-15.9,0.0
2024-12-23,southasia,8158.0,1200.0,1168.0,3529.9,24.0,26.0,514.0,16.0,13.0,-66.2,7.0
2024-12-23,sudan,390.0,77.0,42.0,178.7,1.0,0.0,8.0,1.0,1.0,-4.0,0.0
2024-12-23,taiwan,495.0,90.0,30.0,626.0,0.0,2.0,17.0,110.0,41.0,50.6,5.0
2024-12-23,ukraine,2124.0,273.0,406.0,-169.2,22.0,5.0,89.0,656.0,363.0,-1824.9,56.0
2024-12-23,venezuela,214.0,19.0,39.0,193.6,0.0,0.0,27.0,33.0,19.0,-56.8,2.0
2024-12-23,yemen,387.0,69.0,139.0,-1142.8,11.0,8.0,7.0,191.0,127.0,-903.9,7.0
2024-12-24,drc,16.0,0.0,11.0,-86.6,0.0,0.0,4.0,0.0,0.0,0.0,0.0
2024-12-24,europe_east,639.0,67.0,77.0,603.8,2.0,5.0,27.0,62.0,13.0,65.1,4.0
2024-12-24,iran,931.0,127.0,189.0,-328.6,11.0,2.0,57.0,291.0,151.0,-551.9,18.0
2024-12-24,israel,4981.0,737.0,1492.0,-8438.5,48.0,26.0,272.0,1559.0,901.0,-5226.1,123.0
2024-12-24,korea,1150.0,233.0,173.0,350.1,11.0,28.0,71.0,94.0,40.0,14.2,6.0
2024-12-24,libya,109.0,17.0,4.0,167.5,0.0,0.0,1.0,0.0,0.0,0.0,0.0
2024-12-24,scs,1133.0,113.0,94.0,1822.8,1.0,4.0,38.0,64.0,27.0,2.5,6.0
2024-12-24,southasia,8891.0,1606.0,1177.0,2961.5,14.0,49.0,543.0,10.0,3.0,8.7,0.0
2024-12-24,sudan,359.0,29.0,52.0,225.2,0.0,3.0,9.0,0.0,0.0,0.0,0.0
2024-12-24,taiwan,259.0,47.0,23.0,266.4,0.0,1.0,16.0,59.0,26.0,5.8,0.0
2024-12-24,ukraine,1654.0,238.0,341.0,-70.8,13.0,25.0,104.0,639.0,310.0,-1153.4,32.0
2024-12-24,venezuela,157.0,21.0,33.0,52.0,0.0,0.0,23.0,17.0,7.0,17.8,3.0
2024-12-24,yemen,337.0,72.0,147.0,-1415.0,11.0,9.0,9.0,183.0,148.0,-1133.6,12.0
2024-12-25,drc,13.0,4.0,0.0,13.2,0.0,0.0,0.0,1.0,1.0,-10.0,0.0
2024-12-25,europe_east,381.0,48.0,55.0,19.2,0.0,1.0,18.0,17.0,9.0,-22.1,2.0
2024-12-25,iran,696.0,117.0,127.0,-142.3,4.0,3.0,46.0,192.0,91.0,-412.4,19.0
2024-12-25,israel,3823.0,534.0,1033.0,-4660.4,22.0,11.0,183.0,1093.0,631.0,-3370.1,63.0
2024-12-25,korea,670.0,111.0,88.0,112.6,4.0,7.0,51.0,41.0,15.0,-6.0,4.0
2024-12-25,libya,105.0,1.0,16.0,88.3,0.0,0.0,8.0,0.0,0.0,0.0,0.0
2024-12-25,scs,729.0,91.0,86.0,770.2,0.0,1.0,46.0,68.0,35.0,12.0,0.0
2024-12-25,southasia,7188.0,1217.0,1016.0,536.0,21.0,20.0,362.0,19.0,6.0,-7.8,1.0
2024-12-25,sudan,287.0,32.0,55.0,-53.4,8.0,0.0,3.0,5.0,1.0,-3.3,0.0
2024-12-25,taiwan,236.0,24.0,26.0,156.2,0.0,0.0,10.0,80.0,23.0,-25.3,8.0
2024-12-25,ukraine,1863.0,290.0,510.0,-2340.3,13.0,2.0,52.0,864.0,586.0,-3399.9,19.0
2024-12-25,venezuela,66.0,12.0,21.0,-108.3,0.0,0.0,6.0,0.0,0.0,0.0,0.0
2024-12-25,yemen,185.0,24.0,86.0,-774.4,4.0,0.0,4.0,170.0,127.0,-883.6,15.0
2024-12-26,drc,6.0,0.0,1.0,16.0,0.0,0.0,1.0,8.0,7.0,-32.0,4.0
2024-12-26,europe_east,707.0,77.0,83.0,427.2,4.0,2.0,31.0,48.0,20.0,-32.4,8.0
2024-12-26,iran,609.0,109.0,150.0,-552.9,9.0,1.0,40.0,164.0,105.0,-552.8,15.0
2024-12-26,israel,4753.0,903.0,1297.0,-8052.0,52.0,29.0,233.0,1196.0,734.0,-3953.7,72.0
2024-12-26,korea,896.0,151.0,161.0,123.1,1.0,8.0,81.0,53.0,28.0,-54.3,2.0
2024-12-26,libya,95.0,10.0,19.0,41.5,0.0,0.0,9.0,0.0,0.0,0.0,0.0
2024-12-26,scs,934.0,96.0,79.0,1355.0,0.0,5.0,34.0,61.0,16.0,14.1,0.0
2024-12-26,southasia,8973.0,1382.0,1282.0,2858.8,21.0,18.0,592.0,36.0,3.0,136.9,0.0
2024-12-26,sudan,206.0,48.0,27.0,-46.5,5.0,1.0,3.0,2.0,2.0,-20.0,0.0
2024-12-26,taiwan,455.0,87.0,76.0,38.9,0.0,2.0,51.0,152.0,72.0,-235.4,36.0
2024-12-26,ukraine,2035.0,299.0,538.0,-1957.1,18.0,7.0,74.0,932.0,549.0,-2829.7,40.0
2024-12-26,venezuela,164.0,12.0,19.0,169.3,0.0,0.0,8.0,15.0,4.0,-3.7,1.0
2024-12-26,yemen,408.0,70.0,202.0,-1888.8,6.0,2.0,10.0,291.0,229.0,-1768.4,24.0
2024-12-27,drc,24.0,1.0,8.0,-33.3,0.0,1.0,1.0,8.0,8.0,-56.0,2.0
2024-12-27,europe_east,994.0,91.0,85.0,1456.4,1.0,1.0,47.0,97.0,31.0,-26.4,12.0
2024-12-27,iran,846.0,139.0,178.0,-308.6,5.0,0.0,84.0,223.0,137.0,-483.5,20.0
2024-12-27,israel,4742.0,904.0,1463.0,-9457.8,30.0,19.0,294.0,1120.0,696.0,-3642.5,55.0
2024-12-27,korea,1456.0,272.0,361.0,-979.0,2.0,36.0,153.0,104.0,55.0,-165.2,5.0
2024-12-27,libya,54.0,0.0,8.0,96.5,0.0,0.0,4.0,0.0,0.0,0.0,0.0
2024-12-27,scs,936.0,91.0,84.0,1233.2,0.0,0.0,44.0,46.0,18.0,-25.7,1.0
2024-12-27,southasia,9067.0,1144.0,1212.0,4661.9,20.0,13.0,500.0,55.0,9.0,33.5,1.0
2024-12-27,sudan,258.0,28.0,39.0,22.0,0.0,0.0,3.0,3.0,0.0,6.6,0.0
2024-12-27,taiwan,354.0,49.0,73.0,33.7,0.0,10.0,32.0,65.0,28.0,-28.5,6.0
2024-12-27,ukraine,2207.0,294.0,518.0,-1092.3,19.0,13.0,108.0,946.0,478.0,-1910.1,49.0
2024-12-27,venezuela,134.0,26.0,40.0,-166.7,2.0,0.0,26.0,24.0,10.0,-27.2,3.0
2024-12-27,yemen,543.0,129.0,200.0,-1745.4,18.0,1.0,19.0,336.0,259.0,-2017.8,17.0
2024-12-28,drc,21.0,1.0,1.0,44.5,0.0,1.0,0.0,9.0,4.0,13.9,0.0
2024-12-28,europe_east,586.0,54.0,63.0,707.3,0.0,3.0,40.0,74.0,18.0,-50.4,6.0
2024-12-28,iran,812.0,141.0,214.0,-940.6,1.0,1.0,109.0,127.0,64.0,-259.7,14.0
2024-12-28,israel,3242.0,592.0,1020.0,-6276.3,20.0,30.0,286.0,800.0,518.0,-2718.8,97.0
2024-12-28,korea,830.0,127.0,176.0,62.5,5.0,16.0,51.0,80.0,40.0,-178.8,8.0
2024-12-28,libya,48.0,4.0,14.0,-24.5,0.0,0.0,8.0,0.0,0.0,0.0,0.0
2024-12-28,scs,542.0,51.0,54.0,710.7,1.0,3.0,28.0,31.0,11.0,9.5,0.0
2024-12-28,southasia,6898.0,1033.0,975.0,1369.9,28.0,30.0,344.0,11.0,7.0,-22.6,3.0
2024-12-28,sudan,238.0,40.0,37.0,55.4,2.0,1.0,3.0,6.0,2.0,-13.4,0.0
2024-12-28,taiwan,187.0,28.0,24.0,171.3,0.0,0.0,11.0,46.0,14.0,4.9,1.0
2024-12-28,ukraine,1870.0,282.0,425.0,-972.1,20.0,15.0,85.0,827.0,443.0,-1812.0,45.0
2024-12-28,venezuela,138.0,24.0,46.0,-210.6,0.0,0.0,31.0,14.0,8.0,-28.6,8.0
2024-12-28,yemen,400.0,69.0,142.0,-1090.4,2.0,0.0,25.0,237.0,178.0,-1471.1,2.0
2024-12-29,drc,13.0,0.0,1.0,23.8,0.0,0.0,0.0,4.0,2.0,2.4,0.0
2024-12-29,europe_east,360.0,32.0,57.0,76.9,0.0,2.0,20.0,53.0,17.0,-82.9,8.0
2024-12-29,iran,773.0,67.0,210.0,-440.7,1.0,7.0,73.0,251.0,105.0,-319.1,16.0
2024-12-29,israel,3745.0,577.0,1167.0,-6135.7,22.0,41.0,303.0,947.0,582.0,-3209.8,75.0
2024-12-29,korea,1938.0,137.0,260.0,1938.0,2.0,20.0,69.0,175.0,27.0,241.2,0.0
2024-12-29,libya,43.0,12.0,4.0,21.8,0.0,0.0,2.0,0.0,0.0,0.0,0.0
2024-12-29,scs,731.0,68.0,78.0,1040.9,1.0,2.0,56.0,69.0,14.0,149.8,4.0
2024-12-29,southasia,5681.0,867.0,843.0,1006.9,8.0,14.0,333.0,12.0,2.0,15.2,1.0
2024-12-29,sudan,235.0,41.0,30.0,-46.5,0.0,6.0,3.0,2.0,2.0,-20.0,0.0
2024-12-29,taiwan,288.0,57.0,35.0,148.9,3.0,0.0,18.0,103.0,47.0,-44.9,4.0
2024-12-29,ukraine,1433.0,268.0,300.0,-691.7,9.0,6.0,69.0,464.0,262.0,-1349.5,28.0
2024-12-29,venezuela,138.0,30.0,29.0,-110.9,1.0,0.0,23.0,14.0,12.0,-51.0,9.0
2024-12-29,yemen,183.0,26.0,78.0,-560.7,3.0,0.0,22.0,68.0,56.0,-432.4,0.0
2024-12-30,drc,13.0,1.0,6.0,-39.0,0.0,0.0,1.0,8.0,6.0,-8.6,0.0
2024-12-30,europe_east,693.0,75.0,98.0,511.1,6.0,8.0,59.0,70.0,19.0,-38.4,13.0
2024-12-30,iran,1331.0,119.0,272.0,326.8,3.0,4.0,128.0,365.0,154.0,-349.1,30.0
2024-12-30,israel,4965.0,712.0,1311.0,-5963.9,20.0,19.0,308.0,1110.0,680.0,-3769.7,73.0
2024-12-30,korea,2138.0,170.0,272.0,1965.8,6.0,17.0,113.0,161.0,22.0,308.4,7.0
2024-12-30,libya,136.0,21.0,14.0,104.6,0.0,0.0,9.0,0.0,0.0,0.0,0.0
2024-12-30,scs,977.0,100.0,119.0,1135.2,0.0,5.0,56.0,27.0,4.0,67.1,2.0
2024-12-30,southasia,8090.0,1521.0,1057.0,1943.0,12.0,19.0,405.0,60.0,24.0,-70.2,5.0
2024-12-30,sudan,405.0,44.0,27.0,517.2,1.0,2.0,3.0,2.0,2.0,-20.0,0.0
2024-12-30,taiwan,312.0,34.0,26.0,463.0,1.0,3.0,9.0,78.0,17.0,65.2,4.0
2024-12-30,ukraine,2197.0,314.0,321.0,1850.4,5.0,5.0,94.0,692.0,309.0,-630.5,17.0
2024-12-30,venezuela,146.0,42.0,33.0,-325.6,0.0,0.0,13.0,8.0,8.0,-65.0,3.0
2024-12-30,yemen,264.0,24.0,102.0,-525.3,1.0,0.0,17.0,133.0,112.0,-876.3,2.0
2024-12-31,drc,3.0,1.0,1.0,-17.5,0.0,0.0,0.0,0.0,0.0,0.0,0.0
2024-12-31,europe_east,540.0,51.0,80.0,334.4,2.0,5.0,37.0,63.0,17.0,1.5,4.0
2024-12-31,iran,1167.0,157.0,253.0,-357.3,7.0,1.0,112.0,361.0,164.0,-595.3,23.0
2024-12-31,israel,4887.0,707.0,1302.0,-5408.2,23.0,12.0,282.0,1105.0,596.0,-2781.1,66.0
2024-12-31,korea,1597.0,254.0,172.0,796.9,2.0,8.0,96.0,71.0,25.0,16.2,0.0
2024-12-31,libya,72.0,4.0,14.0,-0.1,0.0,0.0,1.0,0.0,0.0,0.0,0.0
2024-12-31,scs,954.0,99.0,101.0,1251.1,1.0,0.0,43.0,77.0,25.0,13.1,5.0
2024-12-31,southasia,7198.0,1231.0,1099.0,1554.1,14.0,50.0,457.0,38.0,16.0,28.7,0.0
2024-12-31,sudan,198.0,24.0,36.0,4.6,1.0,0.0,13.0,3.0,3.0,-30.0,0.0
2024-12-31,taiwan,359.0,35.0,68.0,26.0,1.0,3.0,42.0,97.0,35.0,-88.5,3.0
2024-12-31,ukraine,1859.0,190.0,352.0,872.9,6.0,8.0,69.0,780.0,370.0,-1173.0,32.0
2024-12-31,venezuela,306.0,84.0,51.0,-133.4,0.0,1.0,36.0,55.0,22.0,15.5,3.0
2024-12-31,yemen,544.0,80.0,219.0,-1334.1,7.0,2.0,65.0,238.0,167.0,-1228.9,7.0
