day,theatre,loc_all,loc_q3,loc_q4,loc_gold,loc_mil138,loc_mob,loc_coerce,dy_all,dy_q34,dy_gold,dy_force
2025-01-01,drc,45.0,4.0,9.0,87.4,0.0,0.0,0.0,15.0,3.0,92.0,0.0
2025-01-01,europe_east,499.0,45.0,67.0,537.3,1.0,0.0,38.0,45.0,12.0,7.9,0.0
2025-01-01,iran,869.0,133.0,138.0,363.6,5.0,1.0,57.0,203.0,103.0,-552.6,7.0
2025-01-01,israel,3119.0,549.0,964.0,-6331.6,28.0,12.0,159.0,795.0,512.0,-3278.8,54.0
2025-01-01,korea,1023.0,140.0,133.0,624.7,13.0,8.0,54.0,72.0,22.0,2.3,4.0
2025-01-01,libya,97.0,6.0,15.0,125.7,3.0,0.0,5.0,1.0,1.0,-9.5,0.0
2025-01-01,scs,586.0,69.0,63.0,533.3,1.0,2.0,23.0,33.0,15.0,-52.3,0.0
2025-01-01,southasia,7039.0,1139.0,1272.0,-41.5,18.0,20.0,538.0,38.0,24.0,-95.2,12.0
2025-01-01,sudan,247.0,29.0,34.0,111.9,0.0,0.0,15.0,2.0,2.0,-20.0,0.0
2025-01-01,taiwan,345.0,56.0,32.0,250.0,7.0,3.0,20.0,128.0,40.0,59.2,2.0
2025-01-01,ukraine,1383.0,197.0,304.0,-393.4,12.0,5.0,66.0,683.0,379.0,-1817.5,26.0
2025-01-01,venezuela,85.0,6.0,19.0,12.1,0.0,0.0,11.0,8.0,0.0,14.6,0.0
2025-01-01,yemen,234.0,36.0,95.0,-656.3,1.0,0.0,20.0,79.0,68.0,-601.9,1.0
2025-01-02,drc,30.0,2.0,5.0,91.0,0.0,0.0,3.0,9.0,1.0,54.4,0.0
2025-01-02,europe_east,542.0,58.0,60.0,673.1,3.0,2.0,33.0,38.0,19.0,-56.6,2.0
2025-01-02,iran,1194.0,172.0,205.0,467.7,8.0,0.0,95.0,227.0,101.0,-393.9,14.0
2025-01-02,israel,4173.0,778.0,1302.0,-7909.9,33.0,18.0,279.0,1186.0,779.0,-4769.2,71.0
2025-01-02,korea,998.0,170.0,234.0,-1071.0,14.0,8.0,94.0,41.0,19.0,-94.4,1.0
2025-01-02,libya,109.0,11.0,29.0,-6.1,0.0,0.0,21.0,0.0,0.0,0.0,0.0
2025-01-02,scs,1003.0,110.0,134.0,918.2,1.0,0.0,44.0,88.0,50.0,-296.8,6.0
2025-01-02,southasia,7517.0,1127.0,1057.0,3496.5,8.0,19.0,508.0,49.0,36.0,-142.4,30.0
2025-01-02,sudan,121.0,18.0,26.0,-8.0,0.0,0.0,9.0,3.0,2.0,-4.0,2.0
2025-01-02,taiwan,441.0,47.0,71.0,291.5,0.0,6.0,38.0,189.0,37.0,318.2,13.0
2025-01-02,ukraine,1530.0,181.0,309.0,173.3,11.0,10.0,70.0,607.0,343.0,-1753.1,30.0
2025-01-02,venezuela,152.0,20.0,15.0,158.9,0.0,0.0,15.0,14.0,4.0,12.1,0.0
2025-01-02,yemen,320.0,22.0,101.0,-296.4,0.0,0.0,35.0,84.0,55.0,-384.7,4.0
2025-01-03,drc,5.0,0.0,3.0,-19.0,0.0,0.0,0.0,19.0,11.0,-59.8,0.0
2025-01-03,europe_east,717.0,101.0,75.0,901.4,7.0,6.0,37.0,27.0,12.0,-52.6,4.0
2025-01-03,iran,1461.0,221.0,269.0,74.1,5.0,3.0,123.0,304.0,135.0,-188.5,23.0
2025-01-03,israel,4758.0,810.0,1381.0,-7702.0,47.0,16.0,347.0,1371.0,788.0,-4101.1,84.0
2025-01-03,korea,1489.0,257.0,281.0,-381.3,11.0,15.0,181.0,70.0,23.0,155.5,0.0
2025-01-03,libya,87.0,10.0,27.0,-51.8,2.0,5.0,12.0,0.0,0.0,0.0,0.0
2025-01-03,scs,955.0,96.0,139.0,697.6,2.0,7.0,36.0,62.0,25.0,-107.0,4.0
2025-01-03,southasia,7762.0,1225.0,1161.0,1831.0,10.0,21.0,539.0,29.0,24.0,-120.4,15.0
2025-01-03,sudan,121.0,21.0,25.0,-47.1,0.0,0.0,13.0,4.0,3.0,-9.0,3.0
2025-01-03,taiwan,303.0,42.0,54.0,45.1,3.0,5.0,28.0,139.0,46.0,10.1,21.0
2025-01-03,ukraine,1801.0,231.0,354.0,-64.7,19.0,4.0,103.0,604.0,372.0,-2112.9,31.0
2025-01-03,venezuela,350.0,58.0,47.0,256.2,0.0,0.0,33.0,52.0,4.0,138.5,2.0
2025-01-03,yemen,244.0,22.0,116.0,-803.9,1.0,3.0,20.0,125.0,99.0,-868.4,0.0
2025-01-04,drc,0.0,0.0,0.0,0.0,0.0,0.0,0.0,2.0,0.0,0.0,0.0
2025-01-04,europe_east,358.0,54.0,44.0,350.5,0.0,0.0,18.0,22.0,11.0,-67.6,0.0
2025-01-04,iran,569.0,72.0,118.0,-66.3,1.0,2.0,25.0,112.0,54.0,-212.2,3.0
2025-01-04,israel,3306.0,496.0,973.0,-5398.6,18.0,7.0,168.0,964.0,532.0,-2721.0,45.0
2025-01-04,korea,957.0,161.0,140.0,258.9,3.0,4.0,101.0,31.0,22.0,-101.3,0.0
2025-01-04,libya,69.0,14.0,14.0,-12.4,0.0,0.0,9.0,0.0,0.0,0.0,0.0
2025-01-04,scs,758.0,94.0,130.0,127.3,0.0,1.0,34.0,32.0,9.0,44.5,0.0
2025-01-04,southasia,7191.0,1179.0,1064.0,1322.1,8.0,25.0,400.0,22.0,10.0,-21.6,0.0
2025-01-04,sudan,136.0,8.0,16.0,160.8,0.0,0.0,0.0,0.0,0.0,0.0,0.0
2025-01-04,taiwan,277.0,47.0,23.0,309.0,0.0,2.0,13.0,123.0,40.0,53.1,1.0
2025-01-04,ukraine,1334.0,203.0,311.0,-1105.4,20.0,5.0,62.0,574.0,350.0,-1882.5,30.0
2025-01-04,venezuela,256.0,32.0,46.0,61.6,2.0,1.0,28.0,56.0,15.0,-14.0,10.0
2025-01-04,yemen,152.0,15.0,57.0,-393.5,1.0,4.0,10.0,61.0,49.0,-411.0,0.0
2025-01-05,drc,29.0,0.0,14.0,-98.9,0.0,0.0,0.0,19.0,19.0,-111.4,2.0
2025-01-05,europe_east,280.0,29.0,38.0,220.9,0.0,2.0,16.0,15.0,10.0,-44.4,1.0
2025-01-05,iran,598.0,114.0,124.0,-409.8,11.0,9.0,43.0,139.0,92.0,-462.8,8.0
2025-01-05,israel,4252.0,764.0,1106.0,-4836.8,17.0,28.0,276.0,1337.0,642.0,-2144.9,81.0
2025-01-05,korea,901.0,174.0,157.0,-333.1,6.0,5.0,73.0,46.0,17.0,-65.0,3.0
2025-01-05,libya,87.0,15.0,22.0,-74.3,6.0,0.0,7.0,0.0,0.0,0.0,0.0
2025-01-05,scs,648.0,64.0,76.0,645.9,0.0,3.0,29.0,59.0,24.0,-63.4,2.0
2025-01-05,southasia,5687.0,925.0,788.0,1931.5,5.0,12.0,312.0,8.0,1.0,12.7,1.0
2025-01-05,sudan,182.0,26.0,48.0,-263.0,0.0,0.0,0.0,0.0,0.0,0.0,0.0
2025-01-05,taiwan,219.0,20.0,15.0,278.4,0.0,0.0,8.0,86.0,21.0,65.7,6.0
2025-01-05,ukraine,1382.0,203.0,444.0,-2652.1,20.0,18.0,52.0,874.0,615.0,-3760.0,53.0
2025-01-05,venezuela,208.0,28.0,38.0,2.4,3.0,0.0,22.0,39.0,16.0,-47.1,8.0
2025-01-05,yemen,183.0,24.0,74.0,-573.1,0.0,3.0,2.0,108.0,87.0,-797.4,0.0
2025-01-06,drc,44.0,4.0,16.0,-100.1,0.0,0.0,3.0,19.0,10.0,-16.5,0.0
2025-01-06,europe_east,574.0,56.0,62.0,554.2,2.0,0.0,39.0,58.0,18.0,-45.1,5.0
2025-01-06,iran,710.0,121.0,142.0,-96.9,8.0,7.0,59.0,148.0,66.0,-113.8,16.0
2025-01-06,israel,5352.0,762.0,1401.0,-5120.9,26.0,45.0,271.0,1551.0,810.0,-3718.7,95.0
2025-01-06,korea,2328.0,334.0,466.0,-219.0,7.0,22.0,146.0,420.0,169.0,-614.8,28.0
2025-01-06,libya,189.0,42.0,56.0,-120.5,5.0,2.0,26.0,0.0,0.0,0.0,0.0
2025-01-06,scs,1260.0,110.0,126.0,1923.3,0.0,13.0,63.0,112.0,25.0,17.1,5.0
2025-01-06,southasia,8869.0,1605.0,1164.0,1776.2,11.0,13.0,467.0,27.0,22.0,-77.2,0.0
2025-01-06,sudan,260.0,41.0,37.0,39.5,2.0,0.0,2.0,4.0,3.0,-8.6,0.0
2025-01-06,taiwan,413.0,41.0,32.0,435.1,1.0,5.0,19.0,103.0,32.0,-20.8,9.0
2025-01-06,ukraine,2100.0,316.0,515.0,-1733.0,16.0,23.0,94.0,1071.0,633.0,-3408.1,71.0
2025-01-06,venezuela,464.0,83.0,67.0,22.5,0.0,1.0,50.0,104.0,44.0,-68.6,17.0
2025-01-06,yemen,245.0,40.0,89.0,-545.5,2.0,3.0,20.0,79.0,68.0,-455.8,3.0
2025-01-07,drc,35.0,5.0,15.0,-108.9,0.0,0.0,0.0,16.0,11.0,-46.6,0.0
2025-01-07,europe_east,784.0,66.0,95.0,1103.3,0.0,0.0,70.0,56.0,16.0,6.3,2.0
2025-01-07,iran,786.0,137.0,117.0,189.2,8.0,3.0,46.0,155.0,58.0,-101.0,12.0
2025-01-07,israel,5519.0,855.0,1453.0,-5290.6,32.0,46.0,315.0,1464.0,812.0,-4153.4,88.0
2025-01-07,korea,1646.0,259.0,248.0,-7.6,7.0,22.0,78.0,197.0,69.0,-229.0,13.0
2025-01-07,libya,112.0,11.0,32.0,-50.2,1.0,0.0,12.0,0.0,0.0,0.0,0.0
2025-01-07,scs,1356.0,191.0,118.0,1423.2,0.0,6.0,39.0,135.0,46.0,-62.3,6.0
2025-01-07,southasia,8510.0,1306.0,1132.0,3960.9,19.0,26.0,446.0,5.0,2.0,9.6,0.0
2025-01-07,sudan,549.0,93.0,143.0,-724.7,1.0,8.0,33.0,36.0,31.0,-265.1,2.0
2025-01-07,taiwan,361.0,37.0,49.0,176.8,2.0,0.0,27.0,66.0,24.0,-113.1,6.0
2025-01-07,ukraine,1955.0,245.0,452.0,-1120.2,14.0,13.0,86.0,836.0,477.0,-2685.2,54.0
2025-01-07,venezuela,722.0,103.0,138.0,-112.0,3.0,3.0,93.0,247.0,102.0,-329.8,34.0
2025-01-07,yemen,247.0,26.0,79.0,-269.5,3.0,11.0,26.0,82.0,51.0,-275.3,11.0
2025-01-08,drc,20.0,6.0,6.0,-58.5,0.0,0.0,0.0,2.0,2.0,-4.0,0.0
2025-01-08,europe_east,993.0,83.0,120.0,1366.8,2.0,10.0,65.0,63.0,30.0,-75.1,17.0
2025-01-08,iran,1631.0,196.0,285.0,1099.9,7.0,5.0,141.0,210.0,108.0,-375.2,21.0
2025-01-08,israel,5420.0,860.0,1295.0,-4631.1,28.0,30.0,322.0,1403.0,736.0,-3383.5,68.0
2025-01-08,korea,1121.0,172.0,138.0,722.5,3.0,9.0,73.0,84.0,21.0,49.9,4.0
2025-01-08,libya,75.0,5.0,13.0,43.0,0.0,1.0,2.0,0.0,0.0,0.0,0.0
2025-01-08,scs,1153.0,133.0,126.0,1129.2,4.0,12.0,52.0,74.0,21.0,-40.9,8.0
2025-01-08,southasia,7761.0,1105.0,864.0,6004.4,29.0,17.0,384.0,8.0,1.0,12.1,1.0
2025-01-08,sudan,362.0,76.0,113.0,-598.8,0.0,1.0,32.0,27.0,13.0,-59.7,3.0
2025-01-08,taiwan,304.0,44.0,33.0,217.4,7.0,2.0,19.0,107.0,36.0,-20.3,13.0
2025-01-08,ukraine,1778.0,235.0,352.0,-137.3,17.0,13.0,68.0,603.0,347.0,-1896.7,29.0
2025-01-08,venezuela,711.0,119.0,171.0,-270.4,6.0,7.0,115.0,240.0,136.0,-585.9,41.0
2025-01-08,yemen,134.0,16.0,58.0,-390.5,0.0,1.0,15.0,43.0,37.0,-319.9,3.0
2025-01-09,drc,19.0,3.0,3.0,-2.1,0.0,0.0,1.0,8.0,1.0,28.2,0.0
2025-01-09,europe_east,1138.0,115.0,164.0,1516.6,1.0,7.0,111.0,52.0,24.0,-43.3,6.0
2025-01-09,iran,1565.0,207.0,293.0,407.7,7.0,7.0,139.0,286.0,122.0,-462.2,26.0
2025-01-09,israel,5854.0,977.0,1225.0,-2997.2,62.0,24.0,335.0,1370.0,660.0,-2529.3,100.0
2025-01-09,korea,1266.0,174.0,176.0,378.7,11.0,15.0,67.0,80.0,34.0,-144.0,6.0
2025-01-09,libya,56.0,16.0,7.0,-0.0,0.0,0.0,3.0,0.0,0.0,0.0,0.0
2025-01-09,scs,1478.0,142.0,138.0,2131.1,3.0,5.0,71.0,89.0,31.0,-25.6,3.0
2025-01-09,southasia,8095.0,1215.0,1054.0,4105.8,24.0,34.0,436.0,14.0,5.0,-2.3,3.0
2025-01-09,sudan,329.0,48.0,90.0,-374.6,0.0,5.0,26.0,4.0,2.0,-10.6,0.0
2025-01-09,taiwan,388.0,79.0,43.0,112.0,6.0,6.0,20.0,109.0,53.0,-152.8,12.0
2025-01-09,ukraine,2976.0,343.0,455.0,2198.7,19.0,22.0,113.0,742.0,394.0,-1683.1,16.0
2025-01-09,venezuela,1080.0,223.0,265.0,-1036.1,2.0,13.0,155.0,193.0,81.0,-189.7,33.0
2025-01-09,yemen,170.0,20.0,58.0,-279.9,0.0,1.0,10.0,59.0,47.0,-371.2,6.0
2025-01-10,drc,15.0,4.0,3.0,-11.4,0.0,0.0,1.0,11.0,8.0,-24.4,2.0
2025-01-10,europe_east,1043.0,129.0,103.0,971.5,4.0,2.0,57.0,93.0,33.0,7.3,3.0
2025-01-10,iran,809.0,111.0,131.0,112.0,9.0,4.0,67.0,173.0,64.0,-125.4,12.0
2025-01-10,israel,5172.0,765.0,1052.0,-1786.8,36.0,19.0,268.0,1110.0,513.0,-1764.6,81.0
2025-01-10,korea,1081.0,160.0,146.0,760.9,20.0,10.0,76.0,113.0,35.0,-49.6,3.0
2025-01-10,libya,124.0,21.0,24.0,56.1,0.0,4.0,10.0,0.0,0.0,0.0,0.0
2025-01-10,scs,1309.0,133.0,105.0,1972.0,0.0,6.0,48.0,89.0,27.0,36.4,6.0
2025-01-10,southasia,7111.0,1116.0,878.0,3607.4,46.0,3.0,429.0,11.0,3.0,8.4,1.0
2025-01-10,sudan,516.0,68.0,64.0,445.3,1.0,0.0,18.0,7.0,2.0,3.5,0.0
2025-01-10,taiwan,425.0,79.0,31.0,407.5,0.0,2.0,14.0,79.0,31.0,-60.3,3.0
2025-01-10,ukraine,2554.0,277.0,353.0,2030.5,14.0,16.0,81.0,625.0,291.0,-915.1,27.0
2025-01-10,venezuela,1473.0,381.0,289.0,-1133.8,2.0,13.0,211.0,241.0,86.0,-29.8,19.0
2025-01-10,yemen,217.0,43.0,73.0,-535.4,0.0,5.0,5.0,109.0,84.0,-587.8,6.0
2025-01-11,drc,1.0,0.0,1.0,-10.0,0.0,0.0,0.0,1.0,1.0,-9.5,0.0
2025-01-11,europe_east,490.0,36.0,66.0,322.2,3.0,5.0,32.0,30.0,7.0,0.0,3.0
2025-01-11,iran,763.0,94.0,133.0,324.9,1.0,5.0,61.0,125.0,65.0,-344.1,4.0
2025-01-11,israel,3123.0,382.0,683.0,-1477.8,19.0,7.0,117.0,649.0,329.0,-1417.7,20.0
2025-01-11,korea,815.0,73.0,184.0,-87.5,1.0,17.0,42.0,88.0,31.0,-17.9,2.0
2025-01-11,libya,30.0,2.0,7.0,8.0,0.0,0.0,1.0,0.0,0.0,0.0,0.0
2025-01-11,scs,712.0,43.0,103.0,982.4,0.0,5.0,41.0,30.0,19.0,-69.8,2.0
2025-01-11,southasia,6457.0,916.0,748.0,4394.9,17.0,9.0,337.0,16.0,5.0,42.1,0.0
2025-01-11,sudan,357.0,52.0,75.0,-381.6,0.0,0.0,12.0,26.0,20.0,-130.4,0.0
2025-01-11,taiwan,215.0,20.0,27.0,222.9,0.0,0.0,16.0,40.0,15.0,11.4,4.0
2025-01-11,ukraine,1344.0,162.0,263.0,116.1,6.0,13.0,76.0,515.0,284.0,-1364.5,26.0
2025-01-11,venezuela,962.0,258.0,150.0,-379.0,0.0,8.0,116.0,166.0,67.0,-215.5,7.0
2025-01-11,yemen,164.0,33.0,58.0,-441.4,2.0,2.0,8.0,79.0,51.0,-312.8,3.0
2025-01-12,drc,9.0,2.0,1.0,-0.2,0.0,0.0,0.0,5.0,5.0,-25.0,0.0
2025-01-12,europe_east,382.0,57.0,51.0,256.9,4.0,6.0,35.0,18.0,5.0,0.8,0.0
2025-01-12,iran,866.0,128.0,133.0,499.0,5.0,1.0,72.0,157.0,51.0,18.1,19.0
2025-01-12,israel,3327.0,448.0,795.0,-1868.4,21.0,22.0,178.0,843.0,423.0,-1591.9,48.0
2025-01-12,korea,888.0,142.0,258.0,-996.7,4.0,28.0,82.0,55.0,12.0,-6.3,4.0
2025-01-12,libya,87.0,26.0,14.0,-112.1,0.0,2.0,5.0,0.0,0.0,0.0,0.0
2025-01-12,scs,661.0,71.0,96.0,540.1,1.0,4.0,46.0,60.0,15.0,97.8,2.0
2025-01-12,southasia,6354.0,930.0,700.0,4003.1,5.0,16.0,334.0,19.0,7.0,-16.2,2.0
2025-01-12,sudan,350.0,65.0,105.0,-715.4,1.0,0.0,19.0,20.0,18.0,-140.7,0.0
2025-01-12,taiwan,254.0,20.0,31.0,309.2,1.0,2.0,18.0,42.0,13.0,-11.2,12.0
2025-01-12,ukraine,1195.0,170.0,277.0,-635.2,11.0,16.0,57.0,480.0,267.0,-1365.6,36.0
2025-01-12,venezuela,397.0,127.0,50.0,-103.7,0.0,0.0,33.0,51.0,21.0,-25.7,1.0
2025-01-12,yemen,170.0,30.0,58.0,-457.7,0.0,1.0,11.0,77.0,49.0,-240.2,7.0
2025-01-13,drc,25.0,3.0,12.0,-70.7,0.0,0.0,5.0,4.0,0.0,12.7,0.0
2025-01-13,europe_east,1172.0,111.0,112.0,1715.8,1.0,6.0,62.0,72.0,28.0,-42.7,2.0
2025-01-13,iran,1617.0,177.0,316.0,1281.4,2.0,8.0,189.0,154.0,72.0,-129.4,22.0
2025-01-13,israel,5511.0,685.0,998.0,690.9,32.0,13.0,248.0,1229.0,547.0,-1791.3,56.0
2025-01-13,korea,1742.0,234.0,362.0,240.3,6.0,33.0,101.0,221.0,102.0,-267.0,20.0
2025-01-13,libya,74.0,8.0,13.0,48.9,0.0,4.0,6.0,0.0,0.0,0.0,0.0
2025-01-13,scs,1387.0,232.0,94.0,1467.3,1.0,8.0,53.0,168.0,60.0,93.1,1.0
2025-01-13,southasia,8453.0,1058.0,948.0,7238.7,16.0,29.0,416.0,23.0,11.0,-21.4,5.0
2025-01-13,sudan,311.0,43.0,73.0,-313.1,0.0,0.0,17.0,16.0,10.0,-70.6,1.0
2025-01-13,taiwan,399.0,41.0,53.0,363.6,1.0,1.0,33.0,120.0,44.0,-81.7,11.0
2025-01-13,ukraine,2287.0,248.0,499.0,305.8,7.0,23.0,100.0,734.0,436.0,-2093.5,38.0
2025-01-13,venezuela,360.0,88.0,72.0,-308.6,3.0,0.0,40.0,47.0,21.0,-102.1,4.0
2025-01-13,yemen,204.0,29.0,48.0,-188.1,3.0,1.0,2.0,70.0,55.0,-431.7,5.0
2025-01-14,drc,20.0,5.0,5.0,-34.2,0.0,0.0,2.0,5.0,0.0,31.7,0.0
2025-01-14,europe_east,1981.0,126.0,131.0,3373.6,0.0,3.0,80.0,74.0,23.0,-26.3,6.0
2025-01-14,iran,1279.0,150.0,193.0,1394.1,5.0,5.0,106.0,187.0,91.0,-386.1,14.0
2025-01-14,israel,6476.0,841.0,1157.0,869.8,31.0,14.0,259.0,1507.0,680.0,-1988.8,70.0
2025-01-14,korea,1592.0,245.0,343.0,-767.2,9.0,25.0,92.0,216.0,132.0,-794.5,16.0
2025-01-14,libya,49.0,4.0,5.0,109.3,0.0,0.0,1.0,0.0,0.0,0.0,0.0
2025-01-14,scs,1750.0,190.0,130.0,2796.5,1.0,4.0,63.0,187.0,82.0,22.4,4.0
2025-01-14,southasia,7595.0,1091.0,949.0,4251.2,39.0,13.0,399.0,15.0,4.0,35.0,0.0
2025-01-14,sudan,441.0,76.0,85.0,-192.5,0.0,0.0,12.0,26.0,13.0,-51.3,0.0
2025-01-14,taiwan,314.0,37.0,22.0,406.9,2.0,1.0,9.0,63.0,26.0,5.4,4.0
2025-01-14,ukraine,2691.0,314.0,448.0,1594.5,17.0,14.0,95.0,749.0,418.0,-2080.9,41.0
2025-01-14,venezuela,265.0,63.0,61.0,-258.2,0.0,0.0,32.0,35.0,12.0,-18.2,1.0
2025-01-14,yemen,270.0,28.0,66.0,-346.2,2.0,0.0,0.0,130.0,98.0,-862.3,4.0
2025-01-15,drc,25.0,1.0,9.0,-17.7,0.0,0.0,6.0,8.0,8.0,-49.5,0.0
2025-01-15,europe_east,1866.0,145.0,189.0,2251.9,0.0,15.0,97.0,163.0,106.0,-324.8,8.0
2025-01-15,iran,1295.0,176.0,214.0,781.7,9.0,0.0,94.0,325.0,134.0,-444.2,14.0
2025-01-15,israel,8788.0,1059.0,1440.0,4944.9,45.0,12.0,377.0,2465.0,972.0,-1080.0,109.0
2025-01-15,korea,1988.0,317.0,485.0,-1089.3,30.0,33.0,267.0,121.0,66.0,-231.0,3.0
2025-01-15,libya,139.0,7.0,14.0,189.9,0.0,0.0,8.0,0.0,0.0,0.0,0.0
2025-01-15,scs,1980.0,218.0,144.0,3380.2,2.0,5.0,69.0,265.0,70.0,382.4,7.0
2025-01-15,southasia,8175.0,1143.0,1138.0,3814.6,39.0,19.0,538.0,10.0,6.0,-17.0,2.0
2025-01-15,sudan,590.0,71.0,138.0,-585.2,1.0,0.0,27.0,25.0,5.0,42.8,0.0
2025-01-15,taiwan,463.0,46.0,35.0,581.3,0.0,5.0,8.0,175.0,45.0,36.0,8.0
2025-01-15,ukraine,2911.0,397.0,575.0,-225.8,17.0,22.0,126.0,1076.0,574.0,-2559.3,35.0
2025-01-15,venezuela,326.0,72.0,55.0,49.1,1.0,0.0,42.0,64.0,31.0,-71.5,6.0
2025-01-15,yemen,119.0,20.0,45.0,-382.3,7.0,0.0,1.0,72.0,60.0,-489.1,8.0
2025-01-16,drc,73.0,7.0,28.0,-87.0,0.0,0.0,18.0,12.0,4.0,-14.1,0.0
2025-01-16,europe_east,1814.0,142.0,133.0,3545.9,3.0,7.0,76.0,141.0,67.0,-16.4,5.0
2025-01-16,iran,1500.0,184.0,255.0,668.4,20.0,2.0,72.0,404.0,152.0,-244.5,21.0
2025-01-16,israel,10594.0,1366.0,1690.0,7367.6,52.0,20.0,489.0,3110.0,1182.0,-489.4,134.0
2025-01-16,korea,1195.0,188.0,224.0,-118.0,11.0,11.0,116.0,70.0,38.0,-181.5,7.0
2025-01-16,libya,88.0,7.0,10.0,123.0,0.0,0.0,3.0,0.0,0.0,0.0,0.0
2025-01-16,scs,1756.0,182.0,131.0,2840.0,4.0,3.0,74.0,214.0,30.0,468.2,3.0
2025-01-16,southasia,9124.0,1202.0,1255.0,2968.9,18.0,15.0,476.0,4.0,2.0,-20.0,0.0
2025-01-16,sudan,718.0,118.0,180.0,-933.0,1.0,10.0,51.0,31.0,24.0,-154.4,0.0
2025-01-16,taiwan,496.0,61.0,52.0,302.0,1.0,2.0,33.0,113.0,36.0,17.8,15.0
2025-01-16,ukraine,3319.0,381.0,408.0,3712.2,23.0,19.0,110.0,920.0,417.0,-794.9,39.0
2025-01-16,venezuela,353.0,71.0,94.0,-303.8,0.0,0.0,62.0,49.0,18.0,-54.1,4.0
2025-01-16,yemen,183.0,13.0,52.0,-232.6,1.0,0.0,1.0,74.0,57.0,-407.9,4.0
2025-01-17,drc,105.0,13.0,15.0,92.0,0.0,1.0,5.0,6.0,6.0,-14.0,0.0
2025-01-17,europe_east,1469.0,143.0,138.0,1803.9,6.0,10.0,60.0,110.0,45.0,20.4,8.0
2025-01-17,iran,1542.0,141.0,223.0,2021.8,4.0,3.0,85.0,369.0,135.0,-210.5,18.0
2025-01-17,israel,8212.0,1064.0,1333.0,4620.4,57.0,18.0,417.0,2143.0,791.0,-167.7,121.0
2025-01-17,korea,1240.0,147.0,229.0,341.7,4.0,15.0,113.0,119.0,62.0,-170.5,18.0
2025-01-17,libya,27.0,4.0,3.0,12.8,0.0,0.0,2.0,0.0,0.0,0.0,0.0
2025-01-17,scs,1581.0,146.0,112.0,2558.6,0.0,3.0,63.0,135.0,26.0,198.5,3.0
2025-01-17,southasia,8848.0,1148.0,1285.0,4630.2,20.0,24.0,687.0,6.0,3.0,-9.0,1.0
2025-01-17,sudan,1307.0,294.0,373.0,-2556.7,9.0,18.0,150.0,56.0,46.0,-337.6,0.0
2025-01-17,taiwan,436.0,61.0,31.0,519.9,3.0,0.0,22.0,150.0,20.0,234.5,3.0
2025-01-17,ukraine,2789.0,251.0,442.0,2531.9,14.0,21.0,113.0,727.0,344.0,-961.1,57.0
2025-01-17,venezuela,355.0,35.0,106.0,-290.6,1.0,0.0,62.0,72.0,39.0,-219.3,9.0
2025-01-17,yemen,176.0,17.0,59.0,-330.2,3.0,0.0,26.0,52.0,30.0,-174.0,6.0
2025-01-18,drc,30.0,4.0,4.0,33.7,0.0,0.0,3.0,6.0,6.0,-14.0,0.0
2025-01-18,europe_east,659.0,44.0,61.0,937.3,1.0,7.0,28.0,24.0,11.0,-22.5,4.0
2025-01-18,iran,1293.0,148.0,319.0,-351.9,10.0,0.0,89.0,211.0,75.0,-106.4,11.0
2025-01-18,israel,6432.0,841.0,1106.0,3285.0,63.0,53.0,254.0,1901.0,669.0,536.4,103.0
2025-01-18,korea,577.0,68.0,128.0,17.2,0.0,5.0,84.0,14.0,5.0,41.2,0.0
2025-01-18,libya,94.0,3.0,14.0,120.7,0.0,0.0,4.0,1.0,0.0,3.4,0.0
2025-01-18,scs,1030.0,102.0,118.0,928.3,0.0,0.0,42.0,147.0,29.0,272.8,4.0
2025-01-18,southasia,7299.0,1004.0,1101.0,2790.1,19.0,15.0,502.0,5.0,3.0,2.0,0.0
2025-01-18,sudan,371.0,87.0,131.0,-1129.5,12.0,1.0,30.0,14.0,12.0,-86.6,1.0
2025-01-18,taiwan,270.0,45.0,14.0,324.7,0.0,0.0,8.0,125.0,23.0,153.3,4.0
2025-01-18,ukraine,1439.0,175.0,284.0,-109.4,8.0,10.0,50.0,565.0,314.0,-1519.4,33.0
2025-01-18,venezuela,156.0,13.0,54.0,-110.0,1.0,0.0,33.0,48.0,25.0,-88.9,6.0
2025-01-18,yemen,143.0,20.0,59.0,-480.9,2.0,1.0,8.0,76.0,49.0,-295.6,4.0
2025-01-19,drc,37.0,9.0,4.0,31.0,0.0,0.0,0.0,21.0,11.0,30.8,0.0
2025-01-19,europe_east,469.0,43.0,51.0,481.8,1.0,3.0,25.0,36.0,13.0,-28.8,2.0
2025-01-19,iran,934.0,110.0,221.0,-463.8,9.0,1.0,33.0,183.0,75.0,-297.7,11.0
2025-01-19,israel,8932.0,1043.0,1771.0,3300.8,53.0,39.0,409.0,2720.0,927.0,841.0,115.0
2025-01-19,korea,836.0,126.0,161.0,-150.2,4.0,8.0,98.0,45.0,11.0,9.0,0.0
2025-01-19,libya,47.0,1.0,8.0,33.8,0.0,0.0,5.0,0.0,0.0,0.0,0.0
2025-01-19,scs,1107.0,115.0,83.0,1643.5,0.0,9.0,30.0,182.0,69.0,-85.8,1.0
2025-01-19,southasia,5779.0,742.0,914.0,1824.3,15.0,8.0,450.0,6.0,4.0,-8.6,4.0
2025-01-19,sudan,208.0,43.0,55.0,-312.9,0.0,0.0,7.0,9.0,9.0,-49.8,0.0
2025-01-19,taiwan,140.0,12.0,10.0,229.5,3.0,0.0,4.0,25.0,11.0,-22.9,2.0
2025-01-19,ukraine,1038.0,144.0,213.0,-266.7,5.0,7.0,58.0,374.0,246.0,-1304.3,21.0
2025-01-19,venezuela,181.0,28.0,73.0,-483.0,4.0,1.0,30.0,23.0,14.0,-64.2,9.0
2025-01-19,yemen,231.0,39.0,70.0,-464.1,17.0,3.0,11.0,100.0,66.0,-473.9,15.0
2025-01-20,drc,23.0,5.0,12.0,-116.2,1.0,0.0,0.0,4.0,0.0,21.4,0.0
2025-01-20,europe_east,831.0,82.0,89.0,1250.0,1.0,2.0,37.0,50.0,20.0,-41.6,4.0
2025-01-20,iran,1081.0,110.0,154.0,826.5,1.0,2.0,68.0,236.0,70.0,96.7,0.0
2025-01-20,israel,7199.0,716.0,1209.0,6195.9,26.0,15.0,386.0,1923.0,571.0,1563.4,101.0
2025-01-20,korea,820.0,120.0,146.0,153.9,5.0,7.0,82.0,35.0,15.0,7.0,0.0
2025-01-20,libya,123.0,8.0,8.0,274.8,0.0,2.0,4.0,0.0,0.0,0.0,0.0
2025-01-20,scs,1648.0,152.0,116.0,2814.6,1.0,6.0,68.0,154.0,53.0,5.8,16.0
2025-01-20,southasia,8109.0,1313.0,1266.0,1329.2,16.0,19.0,598.0,8.0,6.0,-22.0,4.0
2025-01-20,sudan,598.0,98.0,180.0,-1164.3,0.0,10.0,29.0,17.0,14.0,-92.3,0.0
2025-01-20,taiwan,322.0,29.0,49.0,261.7,1.0,0.0,25.0,68.0,11.0,97.8,1.0
2025-01-20,ukraine,2062.0,298.0,331.0,827.7,12.0,6.0,104.0,705.0,363.0,-1344.6,26.0
2025-01-20,venezuela,314.0,27.0,89.0,-179.1,1.0,4.0,26.0,50.0,13.0,89.4,5.0
2025-01-20,yemen,90.0,14.0,23.0,-160.2,4.0,3.0,1.0,56.0,38.0,-252.6,10.0
2025-01-21,drc,33.0,1.0,11.0,-52.4,0.0,0.0,1.0,6.0,0.0,42.0,0.0
2025-01-21,europe_east,1001.0,90.0,94.0,1810.5,0.0,5.0,53.0,37.0,23.0,-77.2,3.0
2025-01-21,iran,1268.0,157.0,210.0,1135.5,5.0,2.0,118.0,243.0,70.0,252.6,8.0
2025-01-21,israel,7889.0,1089.0,1669.0,-937.8,51.0,24.0,521.0,1905.0,830.0,-2171.4,99.0
2025-01-21,korea,1281.0,160.0,179.0,703.9,2.0,14.0,85.0,119.0,30.0,63.4,0.0
2025-01-21,libya,161.0,16.0,34.0,158.1,0.0,0.0,25.0,0.0,0.0,0.0,0.0
2025-01-21,scs,1918.0,194.0,185.0,2694.2,2.0,1.0,110.0,94.0,49.0,-135.9,14.0
2025-01-21,southasia,8482.0,1167.0,1164.0,4746.0,8.0,29.0,493.0,26.0,5.0,22.4,4.0
2025-01-21,sudan,327.0,49.0,106.0,-543.2,0.0,1.0,35.0,2.0,2.0,-20.0,0.0
2025-01-21,taiwan,442.0,38.0,48.0,715.1,0.0,0.0,27.0,69.0,13.0,86.9,4.0
2025-01-21,ukraine,2060.0,264.0,272.0,1462.1,6.0,22.0,86.0,530.0,224.0,-708.2,26.0
2025-01-21,venezuela,337.0,44.0,75.0,-141.3,0.0,5.0,34.0,56.0,28.0,-159.7,5.0
2025-01-21,yemen,288.0,34.0,46.0,142.2,1.0,4.0,9.0,98.0,47.0,-185.4,3.0
2025-01-22,drc,26.0,5.0,2.0,38.3,0.0,0.0,0.0,10.0,5.0,-13.1,1.0
2025-01-22,europe_east,1149.0,102.0,97.0,1574.5,5.0,6.0,30.0,77.0,20.0,97.3,7.0
2025-01-22,iran,1252.0,173.0,219.0,904.4,6.0,4.0,98.0,306.0,132.0,-140.3,22.0
2025-01-22,israel,7008.0,1068.0,1518.0,-3310.3,53.0,22.0,419.0,1887.0,906.0,-2929.3,138.0
2025-01-22,korea,1033.0,166.0,138.0,517.6,9.0,6.0,66.0,110.0,31.0,52.4,1.0
2025-01-22,libya,385.0,32.0,59.0,328.2,0.0,0.0,30.0,0.0,0.0,0.0,0.0
2025-01-22,scs,1691.0,159.0,166.0,2235.0,3.0,1.0,95.0,99.0,25.0,19.2,5.0
2025-01-22,southasia,9086.0,1174.0,1070.0,8585.5,12.0,26.0,461.0,12.0,7.0,-46.5,0.0
2025-01-22,sudan,701.0,127.0,160.0,-758.6,2.0,0.0,57.0,21.0,20.0,-156.0,2.0
2025-01-22,taiwan,415.0,41.0,54.0,439.8,4.0,0.0,30.0,74.0,26.0,-17.4,6.0
2025-01-22,ukraine,2443.0,362.0,344.0,1643.1,14.0,9.0,132.0,697.0,319.0,-772.5,36.0
2025-01-22,venezuela,497.0,47.0,117.0,43.6,0.0,2.0,56.0,66.0,37.0,-239.6,6.0
2025-01-22,yemen,266.0,14.0,32.0,648.2,1.0,1.0,9.0,82.0,38.0,-62.5,16.0
2025-01-23,drc,87.0,8.0,20.0,-51.3,0.0,0.0,0.0,17.0,4.0,63.0,1.0
2025-01-23,europe_east,1139.0,147.0,129.0,1082.2,8.0,12.0,58.0,71.0,15.0,113.8,2.0
2025-01-23,iran,1277.0,232.0,174.0,967.6,13.0,1.0,69.0,312.0,125.0,-30.1,8.0
2025-01-23,israel,7109.0,984.0,1595.0,-3019.2,48.0,42.0,473.0,1836.0,863.0,-2778.4,153.0
2025-01-23,korea,1067.0,171.0,155.0,669.0,0.0,10.0,90.0,82.0,14.0,117.9,1.0
2025-01-23,libya,151.0,17.0,31.0,21.9,0.0,0.0,23.0,0.0,0.0,0.0,0.0
2025-01-23,scs,2032.0,182.0,193.0,3238.5,3.0,22.0,76.0,177.0,52.0,185.6,8.0
2025-01-23,southasia,8903.0,1254.0,885.0,8842.5,42.0,31.0,454.0,18.0,13.0,-56.4,3.0
2025-01-23,sudan,547.0,77.0,123.0,-448.5,2.0,0.0,43.0,17.0,13.0,-82.1,2.0
2025-01-23,taiwan,498.0,49.0,69.0,631.5,2.0,0.0,43.0,82.0,37.0,-74.8,18.0
2025-01-23,ukraine,2553.0,338.0,400.0,1346.1,15.0,23.0,146.0,712.0,310.0,-751.4,37.0
2025-01-23,venezuela,414.0,62.0,88.0,-65.7,0.0,2.0,39.0,124.0,50.0,-223.7,8.0
2025-01-23,yemen,364.0,34.0,55.0,600.4,3.0,0.0,23.0,86.0,34.0,-21.6,3.0
2025-01-24,drc,188.0,19.0,62.0,-383.4,0.0,0.0,1.0,59.0,36.0,-119.8,2.0
2025-01-24,europe_east,1087.0,108.0,98.0,1481.3,1.0,0.0,35.0,78.0,27.0,71.3,1.0
2025-01-24,iran,989.0,171.0,160.0,158.7,7.0,0.0,56.0,214.0,86.0,-29.1,9.0
2025-01-24,israel,6612.0,843.0,1401.0,959.1,42.0,48.0,468.0,1925.0,802.0,-849.8,130.0
2025-01-24,korea,975.0,122.0,103.0,1170.4,12.0,13.0,48.0,157.0,44.0,43.5,9.0
2025-01-24,libya,76.0,7.0,10.0,146.7,0.0,0.0,7.0,0.0,0.0,0.0,0.0
2025-01-24,scs,1458.0,147.0,174.0,1519.8,0.0,4.0,77.0,163.0,61.0,9.7,10.0
2025-01-24,southasia,9136.0,1255.0,1069.0,7622.9,27.0,36.0,551.0,21.0,8.0,-18.1,2.0
2025-01-24,sudan,368.0,66.0,95.0,-499.2,4.0,1.0,30.0,17.0,6.0,-36.7,0.0
2025-01-24,taiwan,347.0,31.0,24.0,584.0,2.0,2.0,6.0,149.0,40.0,108.0,13.0
2025-01-24,ukraine,2567.0,429.0,387.0,960.9,18.0,15.0,102.0,1023.0,472.0,-1360.0,42.0
2025-01-24,venezuela,409.0,48.0,84.0,57.2,1.0,3.0,35.0,63.0,29.0,-78.2,8.0
2025-01-24,yemen,199.0,17.0,52.0,-37.7,1.0,0.0,29.0,44.0,23.0,-97.6,0.0
2025-01-25,drc,123.0,5.0,46.0,-245.6,1.0,3.0,2.0,32.0,16.0,-0.2,1.0
2025-01-25,europe_east,494.0,53.0,56.0,378.7,0.0,2.0,21.0,27.0,10.0,-12.8,0.0
2025-01-25,iran,744.0,140.0,152.0,-431.1,6.0,2.0,50.0,129.0,64.0,-371.7,8.0
2025-01-25,israel,7094.0,746.0,1407.0,4921.0,27.0,76.0,428.0,2311.0,795.0,1146.7,142.0
2025-01-25,korea,542.0,68.0,86.0,461.9,0.0,4.0,46.0,55.0,20.0,35.8,6.0
2025-01-25,libya,41.0,3.0,3.0,95.7,0.0,0.0,0.0,0.0,0.0,0.0,0.0
2025-01-25,scs,942.0,101.0,95.0,1012.2,0.0,0.0,48.0,188.0,76.0,-105.8,20.0
2025-01-25,southasia,7523.0,1098.0,1111.0,3157.0,48.0,19.0,560.0,69.0,55.0,-253.6,32.0
2025-01-25,sudan,468.0,74.0,151.0,-672.2,0.0,4.0,38.0,15.0,8.0,-43.0,0.0
2025-01-25,taiwan,275.0,48.0,29.0,95.3,1.0,0.0,19.0,125.0,55.0,-268.4,4.0
2025-01-25,ukraine,1999.0,263.0,247.0,1838.9,11.0,4.0,87.0,571.0,243.0,-489.7,26.0
2025-01-25,venezuela,202.0,38.0,39.0,51.0,0.0,2.0,20.0,34.0,17.0,-24.6,7.0
2025-01-25,yemen,196.0,23.0,39.0,186.8,0.0,0.0,32.0,17.0,5.0,22.7,0.0
2025-01-26,drc,130.0,6.0,43.0,-229.9,0.0,0.0,9.0,116.0,62.0,-97.7,5.0
2025-01-26,europe_east,688.0,59.0,86.0,636.7,3.0,2.0,40.0,60.0,17.0,35.1,2.0
2025-01-26,iran,763.0,111.0,107.0,300.4,2.0,0.0,39.0,124.0,43.0,-94.8,5.0
2025-01-26,israel,8024.0,1209.0,1479.0,2167.5,29.0,71.0,414.0,2594.0,1038.0,38.2,170.0
2025-01-26,korea,943.0,152.0,280.0,-756.8,6.0,4.0,180.0,171.0,76.0,-225.0,21.0
2025-01-26,libya,71.0,4.0,22.0,-39.6,1.0,0.0,6.0,0.0,0.0,0.0,0.0
2025-01-26,scs,816.0,100.0,77.0,979.1,2.0,1.0,42.0,103.0,49.0,-140.4,7.0
2025-01-26,southasia,6292.0,879.0,772.0,4447.6,20.0,35.0,396.0,36.0,32.0,-166.1,23.0
2025-01-26,sudan,536.0,113.0,192.0,-1415.9,3.0,0.0,19.0,25.0,13.0,-101.3,0.0
2025-01-26,taiwan,139.0,23.0,8.0,109.6,0.0,0.0,3.0,59.0,24.0,-114.3,0.0
2025-01-26,ukraine,1441.0,192.0,213.0,708.8,8.0,7.0,77.0,386.0,184.0,-599.7,17.0
2025-01-26,venezuela,157.0,10.0,32.0,169.9,0.0,1.0,16.0,31.0,2.0,119.8,0.0
2025-01-26,yemen,141.0,22.0,13.0,150.4,0.0,0.0,8.0,13.0,9.0,-37.4,0.0
2025-01-27,drc,216.0,25.0,53.0,-223.2,2.0,1.0,11.0,338.0,133.0,116.0,8.0
2025-01-27,europe_east,2135.0,142.0,261.0,1802.1,10.0,5.0,102.0,177.0,42.0,239.4,2.0
2025-01-27,iran,993.0,122.0,143.0,837.5,1.0,0.0,49.0,318.0,119.0,-247.0,34.0
2025-01-27,israel,8765.0,1396.0,1571.0,634.2,26.0,46.0,489.0,2575.0,1027.0,-1331.6,117.0
2025-01-27,korea,730.0,82.0,162.0,265.9,2.0,4.0,108.0,72.0,8.0,150.3,0.0
2025-01-27,libya,93.0,8.0,10.0,167.4,1.0,0.0,5.0,0.0,0.0,0.0,0.0
2025-01-27,scs,1394.0,188.0,132.0,1579.7,0.0,4.0,68.0,188.0,86.0,-209.6,17.0
2025-01-27,southasia,8383.0,1231.0,979.0,5533.1,35.0,16.0,441.0,29.0,24.0,-136.8,19.0
2025-01-27,sudan,455.0,60.0,119.0,-369.0,3.0,5.0,26.0,15.0,10.0,-75.2,4.0
2025-01-27,taiwan,247.0,30.0,24.0,166.9,0.0,1.0,17.0,83.0,29.0,-75.7,0.0
2025-01-27,ukraine,2475.0,432.0,366.0,948.4,2.0,10.0,157.0,567.0,273.0,-819.6,23.0
2025-01-27,venezuela,312.0,42.0,78.0,-51.1,1.0,1.0,51.0,95.0,56.0,-173.0,14.0
2025-01-27,yemen,126.0,20.0,14.0,127.5,0.0,0.0,6.0,16.0,4.0,19.9,0.0
2025-01-28,drc,380.0,79.0,81.0,-369.7,0.0,0.0,15.0,350.0,144.0,51.4,2.0
2025-01-28,europe_east,1381.0,94.0,149.0,1548.3,2.0,1.0,53.0,83.0,25.0,19.2,0.0
2025-01-28,iran,1045.0,174.0,142.0,563.0,18.0,1.0,44.0,304.0,136.0,-249.4,34.0
2025-01-28,israel,7399.0,1078.0,1284.0,1484.5,22.0,18.0,465.0,1905.0,845.0,-1992.3,118.0
2025-01-28,korea,760.0,89.0,131.0,456.5,0.0,6.0,57.0,81.0,21.0,56.9,2.0
2025-01-28,libya,212.0,28.0,26.0,105.3,0.0,0.0,10.0,0.0,0.0,0.0,0.0
2025-01-28,scs,1451.0,168.0,158.0,1781.1,2.0,4.0,74.0,114.0,42.0,68.0,2.0
2025-01-28,southasia,8850.0,1443.0,999.0,5494.6,11.0,20.0,479.0,24.0,13.0,-52.5,9.0
2025-01-28,sudan,454.0,77.0,120.0,-531.5,2.0,2.0,37.0,10.0,10.0,-80.5,0.0
2025-01-28,taiwan,180.0,11.0,24.0,241.5,0.0,0.0,17.0,57.0,8.0,120.3,4.0
2025-01-28,ukraine,2114.0,295.0,335.0,1182.0,7.0,5.0,117.0,634.0,276.0,-667.8,25.0
2025-01-28,venezuela,289.0,34.0,63.0,-10.5,2.0,2.0,29.0,87.0,28.0,-68.0,10.0
2025-01-28,yemen,99.0,15.0,21.0,-69.8,0.0,0.0,8.0,8.0,2.0,1.6,0.0
2025-01-29,drc,254.0,65.0,60.0,-424.7,0.0,4.0,19.0,268.0,114.0,-126.5,8.0
2025-01-29,europe_east,1072.0,99.0,100.0,1316.1,0.0,1.0,43.0,73.0,30.0,-74.4,6.0
2025-01-29,iran,827.0,136.0,135.0,257.1,6.0,6.0,55.0,195.0,79.0,-150.8,11.0
2025-01-29,israel,6982.0,890.0,1354.0,664.8,26.0,10.0,429.0,1833.0,776.0,-1789.9,117.0
2025-01-29,korea,745.0,65.0,79.0,865.0,6.0,2.0,28.0,189.0,30.0,169.5,5.0
2025-01-29,libya,153.0,29.0,25.0,82.6,0.0,0.0,16.0,6.0,0.0,25.6,0.0
2025-01-29,scs,1458.0,159.0,150.0,1933.1,2.0,6.0,82.0,199.0,33.0,278.8,13.0
2025-01-29,southasia,8694.0,1302.0,1006.0,5463.8,12.0,16.0,471.0,18.0,4.0,14.0,2.0
2025-01-29,sudan,506.0,83.0,112.0,-454.6,3.0,0.0,25.0,12.0,10.0,-57.6,0.0
2025-01-29,taiwan,245.0,34.0,33.0,95.9,0.0,0.0,16.0,85.0,16.0,133.2,5.0
2025-01-29,ukraine,1852.0,247.0,332.0,294.3,8.0,18.0,81.0,717.0,365.0,-1097.0,30.0
2025-01-29,venezuela,495.0,70.0,142.0,-391.5,4.0,0.0,79.0,178.0,102.0,-452.8,33.0
2025-01-29,yemen,93.0,9.0,16.0,61.5,0.0,0.0,4.0,38.0,7.0,66.1,2.0
2025-01-30,drc,383.0,69.0,59.0,-50.4,1.0,0.0,12.0,328.0,99.0,138.5,2.0
2025-01-30,europe_east,1089.0,96.0,92.0,1525.3,3.0,3.0,47.0,46.0,11.0,47.4,2.0
2025-01-30,iran,962.0,130.0,145.0,620.0,5.0,3.0,85.0,201.0,43.0,201.4,7.0
2025-01-30,israel,8036.0,874.0,1600.0,4100.8,30.0,15.0,572.0,2209.0,842.0,-362.5,164.0
2025-01-30,korea,552.0,46.0,69.0,314.9,1.0,3.0,33.0,94.0,11.0,59.6,2.0
2025-01-30,libya,76.0,18.0,12.0,5.5,0.0,0.0,5.0,3.0,0.0,10.2,0.0
2025-01-30,scs,1429.0,125.0,130.0,2195.9,1.0,4.0,62.0,154.0,45.0,117.8,21.0
2025-01-30,southasia,8387.0,1175.0,1024.0,4962.9,9.0,26.0,439.0,10.0,5.0,-22.0,3.0
2025-01-30,sudan,313.0,26.0,95.0,-347.6,0.0,2.0,27.0,13.0,11.0,-97.2,0.0
2025-01-30,taiwan,188.0,23.0,17.0,267.3,0.0,1.0,12.0,50.0,17.0,-9.2,0.0
2025-01-30,ukraine,1846.0,225.0,343.0,-45.2,3.0,2.0,111.0,519.0,316.0,-1677.5,36.0
2025-01-30,venezuela,353.0,47.0,131.0,-584.4,2.0,0.0,73.0,113.0,81.0,-399.7,24.0
2025-01-30,yemen,55.0,14.0,5.0,7.3,4.0,0.0,2.0,18.0,9.0,-22.6,6.0
2025-01-31,drc,266.0,37.0,62.0,-180.4,5.0,4.0,12.0,191.0,100.0,-245.5,5.0
2025-01-31,europe_east,968.0,87.0,99.0,1704.9,2.0,0.0,55.0,60.0,38.0,-155.2,13.0
2025-01-31,iran,849.0,89.0,138.0,592.5,6.0,0.0,65.0,141.0,52.0,26.3,8.0
2025-01-31,israel,6332.0,770.0,1328.0,822.9,17.0,15.0,413.0,1830.0,689.0,-609.3,106.0
2025-01-31,korea,947.0,90.0,148.0,799.1,2.0,14.0,66.0,69.0,10.0,108.7,5.0
2025-01-31,libya,81.0,15.0,8.0,54.4,0.0,0.0,6.0,0.0,0.0,0.0,0.0
2025-01-31,scs,1291.0,154.0,144.0,1189.1,4.0,17.0,62.0,168.0,80.0,-112.6,32.0
2025-01-31,southasia,7397.0,1063.0,952.0,4009.5,9.0,21.0,434.0,22.0,16.0,-78.7,13.0
2025-01-31,sudan,479.0,33.0,101.0,9.2,0.0,3.0,15.0,28.0,10.0,-51.4,3.0
2025-01-31,taiwan,222.0,20.0,22.0,236.1,1.0,4.0,10.0,68.0,28.0,-64.1,7.0
2025-01-31,ukraine,2053.0,241.0,379.0,403.9,6.0,13.0,99.0,577.0,347.0,-1747.6,25.0
2025-01-31,venezuela,662.0,87.0,124.0,138.4,3.0,0.0,83.0,231.0,85.0,-31.4,37.0
2025-01-31,yemen,76.0,9.0,10.0,68.4,4.0,0.0,5.0,12.0,9.0,-40.8,6.0
2025-02-01,drc,172.0,12.0,31.0,14.4,0.0,1.0,13.0,115.0,65.0,-201.5,3.0
2025-02-01,europe_east,472.0,48.0,44.0,635.5,0.0,3.0,25.0,63.0,13.0,58.7,3.0
2025-02-01,iran,565.0,85.0,101.0,91.0,11.0,0.0,44.0,116.0,45.0,-81.9,13.0
2025-02-01,israel,6162.0,598.0,1116.0,4248.1,37.0,16.0,333.0,1945.0,669.0,108.4,118.0
2025-02-01,korea,401.0,23.0,80.0,360.6,0.0,4.0,27.0,32.0,1.0,123.5,0.0
2025-02-01,libya,41.0,0.0,5.0,100.4,0.0,0.0,1.0,0.0,0.0,0.0,0.0
2025-02-01,scs,844.0,92.0,111.0,657.4,1.0,0.0,46.0,58.0,28.0,-67.7,10.0
2025-02-01,southasia,6180.0,777.0,690.0,5590.9,3.0,12.0,251.0,16.0,4.0,14.8,4.0
2025-02-01,sudan,313.0,53.0,93.0,-645.2,0.0,0.0,7.0,19.0,8.0,-34.7,0.0
2025-02-01,taiwan,111.0,15.0,9.0,97.2,0.0,0.0,6.0,45.0,16.0,13.2,7.0
2025-02-01,ukraine,1286.0,169.0,353.0,-1304.0,11.0,17.0,64.0,659.0,426.0,-2297.5,42.0
2025-02-01,venezuela,918.0,115.0,126.0,1055.7,4.0,5.0,83.0,493.0,128.0,602.0,63.0
2025-02-01,yemen,52.0,12.0,3.0,60.5,0.0,0.0,3.0,14.0,0.0,40.6,0.0
2025-02-02,drc,148.0,11.0,38.0,-96.6,0.0,0.0,16.0,87.0,45.0,-176.7,0.0
2025-02-02,europe_east,250.0,37.0,30.0,263.1,0.0,8.0,11.0,45.0,11.0,154.4,0.0
2025-02-02,iran,628.0,71.0,88.0,417.8,4.0,0.0,36.0,140.0,38.0,200.3,0.0
2025-02-02,israel,5852.0,609.0,1227.0,933.6,33.0,28.0,284.0,1581.0,679.0,-1789.7,86.0
2025-02-02,korea,399.0,56.0,82.0,-2.3,0.0,3.0,29.0,18.0,7.0,37.7,0.0
2025-02-02,libya,16.0,0.0,5.0,-21.0,0.0,0.0,1.0,0.0,0.0,0.0,0.0
2025-02-02,scs,795.0,83.0,130.0,384.4,0.0,1.0,71.0,66.0,33.0,-49.9,3.0
2025-02-02,southasia,5420.0,816.0,722.0,2339.1,7.0,23.0,277.0,9.0,4.0,-1.6,0.0
2025-02-02,sudan,366.0,63.0,109.0,-677.1,1.0,1.0,13.0,18.0,14.0,-46.9,1.0
2025-02-02,taiwan,145.0,17.0,5.0,235.4,0.0,0.0,4.0,10.0,2.0,23.6,0.0
2025-02-02,ukraine,1489.0,284.0,396.0,-1479.3,6.0,15.0,66.0,844.0,541.0,-2803.7,59.0
2025-02-02,venezuela,349.0,47.0,63.0,212.9,0.0,0.0,47.0,168.0,41.0,256.5,28.0
2025-02-02,yemen,24.0,3.0,7.0,-25.0,0.0,0.0,3.0,5.0,0.0,28.0,0.0
2025-02-03,drc,193.0,27.0,37.0,-113.0,0.0,0.0,11.0,106.0,39.0,-93.6,6.0
2025-02-03,europe_east,751.0,75.0,88.0,847.3,0.0,3.0,36.0,56.0,11.0,63.2,0.0
2025-02-03,iran,1245.0,142.0,172.0,657.7,6.0,1.0,64.0,247.0,99.0,-168.8,19.0
2025-02-03,israel,5530.0,782.0,1010.0,482.3,28.0,16.0,243.0,1536.0,726.0,-2206.1,76.0
2025-02-03,korea,948.0,148.0,99.0,812.5,2.0,8.0,48.0,140.0,43.0,61.4,6.0
2025-02-03,libya,94.0,9.0,9.0,88.0,1.0,0.0,2.0,0.0,0.0,0.0,0.0
2025-02-03,scs,1258.0,121.0,123.0,1611.3,2.0,7.0,65.0,97.0,27.0,9.5,8.0
2025-02-03,southasia,7776.0,1195.0,893.0,4312.8,20.0,33.0,382.0,3.0,0.0,8.1,0.0
2025-02-03,sudan,626.0,113.0,156.0,-872.5,4.0,0.0,16.0,13.0,10.0,-50.9,0.0
2025-02-03,taiwan,366.0,74.0,37.0,277.5,0.0,1.0,24.0,83.0,26.0,44.4,2.0
2025-02-03,ukraine,2328.0,311.0,465.0,277.9,8.0,13.0,115.0,773.0,387.0,-1228.2,41.0
2025-02-03,venezuela,487.0,60.0,75.0,411.2,0.0,1.0,50.0,183.0,47.0,330.6,23.0
2025-02-03,yemen,63.0,5.0,13.0,17.9,0.0,0.0,7.0,21.0,3.0,80.7,0.0
2025-02-04,drc,143.0,34.0,6.0,117.4,2.0,1.0,1.0,88.0,19.0,199.8,5.0
2025-02-04,europe_east,772.0,76.0,75.0,1126.3,2.0,2.0,38.0,42.0,12.0,67.0,1.0
2025-02-04,iran,1267.0,187.0,195.0,322.7,9.0,1.0,79.0,395.0,122.0,171.5,14.0
2025-02-04,israel,6843.0,983.0,1149.0,2356.7,32.0,15.0,336.0,1693.0,676.0,-760.5,107.0
2025-02-04,korea,1022.0,115.0,160.0,965.1,2.0,8.0,86.0,57.0,17.0,15.8,0.0
2025-02-04,libya,87.0,6.0,13.0,101.6,0.0,0.0,7.0,0.0,0.0,0.0,0.0
2025-02-04,scs,1255.0,106.0,106.0,1950.2,1.0,2.0,52.0,155.0,42.0,-12.1,4.0
2025-02-04,southasia,8314.0,1209.0,864.0,7241.7,30.0,51.0,405.0,24.0,5.0,31.2,1.0
2025-02-04,sudan,525.0,84.0,140.0,-847.1,3.0,0.0,13.0,18.0,13.0,-47.6,1.0
2025-02-04,taiwan,302.0,33.0,45.0,125.8,1.0,15.0,24.0,42.0,14.0,-33.5,2.0
2025-02-04,ukraine,2224.0,262.0,322.0,2045.5,18.0,11.0,76.0,688.0,325.0,-917.4,33.0
2025-02-04,venezuela,520.0,79.0,104.0,206.3,0.0,1.0,76.0,151.0,49.0,73.1,29.0
2025-02-04,yemen,42.0,2.0,12.0,-22.9,0.0,0.0,4.0,11.0,3.0,25.0,0.0
2025-02-05,drc,178.0,25.0,43.0,-251.9,3.0,2.0,2.0,88.0,46.0,-137.3,4.0
2025-02-05,europe_east,787.0,81.0,70.0,1064.4,1.0,6.0,31.0,49.0,34.0,-125.8,19.0
2025-02-05,iran,1651.0,262.0,255.0,685.9,13.0,9.0,101.0,473.0,142.0,178.8,5.0
2025-02-05,israel,11420.0,2265.0,1514.0,2222.3,56.0,74.0,413.0,2866.0,1063.0,-1302.9,131.0
2025-02-05,korea,771.0,79.0,106.0,901.7,2.0,8.0,68.0,40.0,18.0,-77.9,4.0
2025-02-05,libya,171.0,34.0,28.0,21.8,1.0,1.0,19.0,2.0,0.0,0.8,0.0
2025-02-05,scs,1696.0,247.0,229.0,1360.0,4.0,0.0,145.0,60.0,22.0,31.3,9.0
2025-02-05,southasia,8427.0,1137.0,855.0,7399.5,25.0,37.0,428.0,62.0,14.0,40.4,1.0
2025-02-05,sudan,457.0,50.0,106.0,-79.6,0.0,4.0,19.0,5.0,5.0,-44.5,1.0
2025-02-05,taiwan,354.0,34.0,44.0,268.3,3.0,4.0,23.0,81.0,14.0,76.6,2.0
2025-02-05,ukraine,2439.0,303.0,353.0,2259.4,14.0,13.0,78.0,802.0,317.0,-290.6,36.0
2025-02-05,venezuela,376.0,59.0,57.0,282.9,0.0,0.0,30.0,91.0,26.0,39.6,13.0
2025-02-05,yemen,83.0,14.0,15.0,1.8,0.0,0.0,7.0,64.0,24.0,2.0,2.0
2025-02-06,drc,257.0,37.0,61.0,-337.8,5.0,3.0,3.0,101.0,54.0,-256.7,3.0
2025-02-06,europe_east,873.0,65.0,92.0,1304.6,2.0,3.0,49.0,89.0,27.0,61.0,9.0
2025-02-06,iran,1109.0,153.0,163.0,431.0,8.0,3.0,75.0,257.0,103.0,-68.1,14.0
2025-02-06,israel,9633.0,1822.0,1389.0,1460.5,73.0,44.0,439.0,2176.0,835.0,-1031.0,104.0
2025-02-06,korea,910.0,80.0,170.0,805.0,1.0,10.0,82.0,60.0,21.0,35.1,0.0
2025-02-06,libya,146.0,14.0,18.0,190.2,0.0,0.0,10.0,0.0,0.0,0.0,0.0
2025-02-06,scs,1736.0,239.0,211.0,1501.7,7.0,12.0,91.0,93.0,40.0,16.3,2.0
2025-02-06,southasia,8876.0,1284.0,1041.0,6119.2,11.0,25.0,500.0,41.0,4.0,95.9,0.0
2025-02-06,sudan,410.0,60.0,92.0,-101.8,0.0,0.0,21.0,18.0,14.0,-64.8,3.0
2025-02-06,taiwan,369.0,40.0,55.0,269.5,1.0,1.0,34.0,58.0,24.0,-21.4,2.0
2025-02-06,ukraine,2376.0,227.0,372.0,1622.8,11.0,11.0,109.0,793.0,346.0,-1157.0,48.0
2025-02-06,venezuela,441.0,90.0,70.0,159.3,1.0,2.0,47.0,93.0,50.0,-131.0,28.0
2025-02-06,yemen,69.0,17.0,11.0,28.0,0.0,0.0,9.0,7.0,7.0,-56.4,0.0
2025-02-07,drc,165.0,33.0,25.0,-39.2,3.0,0.0,4.0,120.0,54.0,-74.5,2.0
2025-02-07,europe_east,788.0,78.0,76.0,871.9,2.0,15.0,31.0,59.0,20.0,-67.7,10.0
2025-02-07,iran,1228.0,191.0,210.0,310.8,14.0,0.0,112.0,389.0,150.0,194.9,22.0
2025-02-07,israel,7321.0,1335.0,1235.0,337.0,36.0,23.0,507.0,1622.0,653.0,-903.6,102.0
2025-02-07,korea,709.0,72.0,111.0,853.3,0.0,17.0,52.0,37.0,4.0,87.4,1.0
2025-02-07,libya,41.0,6.0,5.0,50.6,0.0,0.0,4.0,0.0,0.0,0.0,0.0
2025-02-07,scs,1447.0,174.0,199.0,905.6,7.0,4.0,68.0,75.0,32.0,-36.3,7.0
2025-02-07,southasia,8682.0,1289.0,1058.0,4792.3,50.0,14.0,502.0,32.0,18.0,-66.9,8.0
2025-02-07,sudan,437.0,71.0,123.0,-534.7,1.0,0.0,28.0,14.0,14.0,-102.1,3.0
2025-02-07,taiwan,363.0,39.0,47.0,416.1,0.0,0.0,26.0,70.0,20.0,49.0,5.0
2025-02-07,ukraine,2424.0,284.0,371.0,1352.0,11.0,13.0,100.0,811.0,397.0,-1499.9,59.0
2025-02-07,venezuela,390.0,52.0,72.0,143.9,1.0,0.0,55.0,97.0,45.0,-48.7,18.0
2025-02-07,yemen,177.0,14.0,7.0,804.8,0.0,0.0,0.0,26.0,12.0,-12.5,3.0
2025-02-08,drc,128.0,24.0,33.0,-213.2,2.0,0.0,4.0,75.0,27.0,1.3,3.0
2025-02-08,europe_east,549.0,32.0,56.0,629.0,3.0,2.0,32.0,93.0,14.0,94.0,5.0
2025-02-08,iran,898.0,131.0,80.0,1024.0,5.0,0.0,45.0,262.0,83.0,238.7,2.0
2025-02-08,israel,5563.0,737.0,1042.0,1615.7,19.0,25.0,314.0,1473.0,534.0,11.8,74.0
2025-02-08,korea,501.0,50.0,70.0,428.1,1.0,17.0,10.0,108.0,19.0,129.8,0.0
2025-02-08,libya,67.0,2.0,11.0,82.8,0.0,0.0,7.0,0.0,0.0,0.0,0.0
2025-02-08,scs,904.0,96.0,124.0,771.1,2.0,8.0,55.0,49.0,23.0,35.8,7.0
2025-02-08,southasia,7576.0,1311.0,943.0,3424.4,14.0,13.0,445.0,21.0,17.0,-109.8,11.0
2025-02-08,sudan,182.0,17.0,37.0,89.3,1.0,0.0,14.0,2.0,0.0,4.7,0.0
2025-02-08,taiwan,257.0,27.0,12.0,412.7,0.0,0.0,6.0,37.0,7.0,54.3,0.0
2025-02-08,ukraine,1711.0,168.0,270.0,1338.3,1.0,6.0,77.0,569.0,284.0,-1329.0,49.0
2025-02-08,venezuela,314.0,53.0,55.0,105.7,2.0,0.0,39.0,55.0,23.0,-3.4,8.0
2025-02-08,yemen,29.0,6.0,12.0,-82.3,1.0,0.0,3.0,5.0,0.0,40.2,0.0
2025-02-09,drc,53.0,8.0,5.0,47.8,0.0,0.0,1.0,30.0,18.0,-33.8,0.0
2025-02-09,europe_east,456.0,34.0,64.0,446.0,2.0,0.0,44.0,134.0,78.0,-303.5,6.0
2025-02-09,iran,727.0,93.0,84.0,795.4,2.0,2.0,39.0,176.0,56.0,116.0,2.0
2025-02-09,israel,6291.0,967.0,1250.0,-713.0,26.0,17.0,273.0,1735.0,780.0,-1778.9,77.0
2025-02-09,korea,552.0,90.0,65.0,519.1,2.0,4.0,24.0,143.0,35.0,226.9,2.0
2025-02-09,libya,137.0,13.0,25.0,61.3,0.0,0.0,11.0,0.0,0.0,0.0,0.0
2025-02-09,scs,764.0,117.0,70.0,882.8,5.0,1.0,34.0,16.0,11.0,-4.9,0.0
2025-02-09,southasia,5735.0,851.0,719.0,3198.8,11.0,8.0,328.0,12.0,6.0,-27.5,5.0
2025-02-09,sudan,241.0,33.0,55.0,22.4,0.0,0.0,24.0,4.0,3.0,-11.6,3.0
2025-02-09,taiwan,188.0,15.0,27.0,107.1,0.0,3.0,9.0,56.0,28.0,-73.5,4.0
2025-02-09,ukraine,1401.0,126.0,249.0,364.6,8.0,18.0,60.0,555.0,236.0,-680.8,31.0
2025-02-09,venezuela,79.0,8.0,15.0,19.8,0.0,1.0,7.0,24.0,4.0,22.6,2.0
2025-02-09,yemen,66.0,11.0,19.0,-101.3,1.0,0.0,9.0,10.0,0.0,60.4,0.0
2025-02-10,drc,131.0,27.0,11.0,59.6,3.0,0.0,0.0,75.0,32.0,-13.4,0.0
2025-02-10,europe_east,1126.0,113.0,82.0,1692.0,3.0,6.0,50.0,109.0,29.0,56.5,3.0
2025-02-10,iran,978.0,149.0,88.0,1094.1,1.0,0.0,33.0,240.0,52.0,466.9,2.0
2025-02-10,israel,6994.0,1099.0,1217.0,604.3,22.0,18.0,319.0,1864.0,820.0,-1897.6,83.0
2025-02-10,korea,920.0,117.0,121.0,884.2,3.0,15.0,46.0,136.0,49.0,65.3,4.0
2025-02-10,libya,192.0,26.0,52.0,-45.6,0.0,1.0,20.0,1.0,1.0,-7.2,1.0
2025-02-10,scs,1235.0,152.0,141.0,894.3,7.0,3.0,63.0,63.0,11.0,-8.4,4.0
2025-02-10,southasia,8378.0,1136.0,895.0,8496.1,23.0,10.0,427.0,16.0,9.0,-18.4,4.0
2025-02-10,sudan,315.0,35.0,50.0,167.1,0.0,0.0,8.0,3.0,3.0,-17.5,0.0
2025-02-10,taiwan,371.0,45.0,28.0,514.6,1.0,2.0,12.0,103.0,35.0,-16.6,13.0
2025-02-10,ukraine,2291.0,249.0,256.0,2537.3,15.0,17.0,58.0,702.0,280.0,-641.9,46.0
2025-02-10,venezuela,262.0,24.0,50.0,225.4,1.0,0.0,38.0,76.0,24.0,10.7,12.0
2025-02-10,yemen,87.0,4.0,24.0,122.4,0.0,0.0,19.0,18.0,3.0,40.7,0.0
2025-02-11,drc,129.0,18.0,32.0,-146.3,0.0,0.0,5.0,37.0,23.0,-109.4,0.0
2025-02-11,europe_east,1017.0,92.0,110.0,1126.9,4.0,9.0,42.0,55.0,18.0,40.0,5.0
2025-02-11,iran,1044.0,192.0,131.0,470.5,5.0,0.0,69.0,159.0,54.0,108.5,3.0
2025-02-11,israel,7770.0,1252.0,1262.0,1355.2,37.0,43.0,396.0,1809.0,728.0,-1198.7,101.0
2025-02-11,korea,1009.0,141.0,131.0,686.2,5.0,18.0,51.0,122.0,38.0,-16.4,6.0
2025-02-11,libya,197.0,20.0,34.0,134.0,0.0,0.0,18.0,0.0,0.0,0.0,0.0
2025-02-11,scs,1593.0,172.0,157.0,1855.1,8.0,3.0,76.0,54.0,25.0,-33.6,5.0
2025-02-11,southasia,8258.0,1143.0,797.0,8293.7,6.0,14.0,368.0,32.0,7.0,-5.4,2.0
2025-02-11,sudan,396.0,57.0,54.0,189.5,2.0,0.0,15.0,3.0,1.0,-9.5,0.0
2025-02-11,taiwan,340.0,31.0,41.0,539.0,0.0,3.0,22.0,52.0,16.0,-1.4,0.0
2025-02-11,ukraine,2893.0,267.0,301.0,4436.3,10.0,14.0,92.0,930.0,330.0,-206.4,49.0
2025-02-11,venezuela,524.0,55.0,97.0,357.1,0.0,0.0,67.0,253.0,67.0,326.6,40.0
2025-02-11,yemen,224.0,19.0,50.0,206.0,1.0,0.0,31.0,35.0,24.0,-163.1,8.0
2025-02-12,drc,114.0,18.0,36.0,-243.4,2.0,2.0,3.0,47.0,20.0,-29.9,3.0
2025-02-12,europe_east,1017.0,110.0,77.0,1708.8,3.0,2.0,36.0,120.0,45.0,-11.8,13.0
2025-02-12,iran,764.0,154.0,74.0,553.4,6.0,0.0,43.0,174.0,70.0,58.5,14.0
2025-02-12,israel,7251.0,1309.0,1158.0,-152.4,75.0,41.0,356.0,1551.0,669.0,-1218.4,95.0
2025-02-12,korea,967.0,141.0,104.0,1327.6,2.0,1.0,62.0,79.0,34.0,-44.4,3.0
2025-02-12,libya,131.0,7.0,23.0,64.0,0.0,0.0,6.0,0.0,0.0,0.0,0.0
2025-02-12,scs,1430.0,174.0,159.0,1594.6,4.0,0.0,81.0,58.0,15.0,77.8,1.0
2025-02-12,southasia,8636.0,1070.0,819.0,9601.2,20.0,11.0,392.0,16.0,3.0,-15.3,0.0
2025-02-12,sudan,428.0,88.0,56.0,201.5,1.0,0.0,3.0,4.0,0.0,0.0,0.0
2025-02-12,taiwan,396.0,45.0,51.0,438.2,0.0,4.0,33.0,90.0,38.0,-93.3,11.0
2025-02-12,ukraine,4907.0,522.0,489.0,6935.4,18.0,16.0,156.0,1352.0,500.0,-646.8,81.0
2025-02-12,venezuela,367.0,31.0,82.0,122.0,1.0,0.0,48.0,107.0,46.0,-75.9,27.0
2025-02-12,yemen,106.0,14.0,31.0,-41.0,5.0,0.0,17.0,20.0,11.0,-44.2,7.0
2025-02-13,drc,128.0,29.0,28.0,-161.3,4.0,2.0,4.0,68.0,43.0,-138.0,8.0
2025-02-13,europe_east,1202.0,132.0,105.0,1859.3,1.0,0.0,53.0,82.0,31.0,-14.8,2.0
2025-02-13,iran,1214.0,251.0,138.0,559.2,26.0,3.0,80.0,336.0,147.0,-208.9,30.0
2025-02-13,israel,6797.0,1182.0,1113.0,647.5,79.0,30.0,303.0,1695.0,745.0,-1735.6,116.0
2025-02-13,korea,1054.0,116.0,138.0,942.2,3.0,7.0,86.0,117.0,30.0,81.2,12.0
2025-02-13,libya,141.0,18.0,19.0,79.3,0.0,0.0,7.0,0.0,0.0,0.0,0.0
2025-02-13,scs,1342.0,145.0,146.0,1702.0,1.0,4.0,70.0,78.0,28.0,-6.6,2.0
2025-02-13,southasia,9970.0,1212.0,1020.0,10970.7,4.0,27.0,499.0,53.0,16.0,-16.4,4.0
2025-02-13,sudan,548.0,56.0,90.0,490.5,0.0,2.0,20.0,9.0,1.0,32.8,1.0
2025-02-13,taiwan,522.0,71.0,74.0,225.7,3.0,6.0,37.0,122.0,55.0,-262.0,24.0
2025-02-13,ukraine,6511.0,919.0,583.0,8362.4,32.0,23.0,250.0,1732.0,569.0,570.8,75.0
2025-02-13,venezuela,362.0,40.0,89.0,1.3,0.0,0.0,45.0,93.0,47.0,-83.9,26.0
2025-02-13,yemen,177.0,38.0,44.0,-66.3,2.0,0.0,24.0,40.0,23.0,-113.7,5.0
2025-02-14,drc,145.0,21.0,32.0,-67.4,0.0,1.0,1.0,67.0,44.0,-182.2,4.0
2025-02-14,europe_east,1075.0,93.0,136.0,1345.1,0.0,1.0,84.0,75.0,41.0,-123.5,33.0
2025-02-14,iran,882.0,179.0,126.0,53.1,8.0,4.0,54.0,222.0,102.0,-127.2,15.0
2025-02-14,israel,6009.0,953.0,1110.0,70.1,50.0,31.0,340.0,1411.0,634.0,-1250.6,108.0
2025-02-14,korea,682.0,68.0,92.0,906.4,1.0,9.0,48.0,63.0,16.0,94.8,5.0
2025-02-14,libya,68.0,7.0,19.0,-24.0,1.0,0.0,11.0,0.0,0.0,0.0,0.0
2025-02-14,scs,1411.0,180.0,172.0,1500.9,6.0,4.0,83.0,51.0,17.0,25.8,3.0
2025-02-14,southasia,10478.0,1473.0,1273.0,8008.4,43.0,17.0,560.0,75.0,38.0,-122.5,16.0
2025-02-14,sudan,506.0,49.0,79.0,474.1,2.0,1.0,29.0,10.0,7.0,-35.1,4.0
2025-02-14,taiwan,343.0,23.0,43.0,455.8,0.0,2.0,24.0,47.0,15.0,46.3,2.0
2025-02-14,ukraine,5871.0,867.0,461.0,7153.9,18.0,29.0,158.0,1705.0,570.0,543.8,68.0
2025-02-14,venezuela,284.0,33.0,75.0,-113.6,0.0,0.0,43.0,53.0,26.0,-34.2,21.0
2025-02-14,yemen,154.0,16.0,44.0,-156.4,2.0,1.0,14.0,51.0,30.0,-188.9,2.0
2025-02-15,drc,176.0,36.0,48.0,-373.6,4.0,0.0,4.0,69.0,54.0,-285.3,6.0
2025-02-15,europe_east,659.0,72.0,48.0,750.0,3.0,2.0,9.0,39.0,10.0,22.2,0.0
2025-02-15,iran,969.0,169.0,165.0,-51.2,5.0,4.0,87.0,115.0,57.0,-178.7,3.0
2025-02-15,israel,5713.0,790.0,1044.0,1681.9,27.0,22.0,307.0,1474.0,533.0,209.6,78.0
2025-02-15,korea,337.0,50.0,35.0,202.0,0.0,1.0,15.0,63.0,6.0,105.7,0.0
2025-02-15,libya,31.0,4.0,6.0,54.0,0.0,0.0,3.0,0.0,0.0,0.0,0.0
2025-02-15,scs,742.0,77.0,69.0,968.7,1.0,0.0,38.0,68.0,10.0,45.0,0.0
2025-02-15,southasia,7598.0,967.0,896.0,5737.7,8.0,7.0,441.0,46.0,17.0,-24.1,8.0
2025-02-15,sudan,336.0,42.0,78.0,-151.8,0.0,0.0,9.0,17.0,12.0,-88.4,0.0
2025-02-15,taiwan,190.0,29.0,19.0,176.5,0.0,0.0,7.0,37.0,14.0,-7.0,2.0
2025-02-15,ukraine,4108.0,553.0,319.0,5531.7,29.0,37.0,107.0,1002.0,359.0,70.1,55.0
2025-02-15,venezuela,161.0,21.0,33.0,-6.2,0.0,0.0,25.0,26.0,8.0,9.9,4.0
2025-02-15,yemen,122.0,14.0,12.0,219.2,0.0,0.0,1.0,17.0,13.0,-94.4,0.0
2025-02-16,drc,180.0,31.0,31.0,-126.5,1.0,0.0,7.0,49.0,33.0,-134.7,2.0
2025-02-16,europe_east,531.0,60.0,41.0,629.3,3.0,1.0,18.0,101.0,26.0,82.6,0.0
2025-02-16,iran,934.0,146.0,160.0,39.9,5.0,1.0,74.0,284.0,104.0,-72.5,7.0
2025-02-16,israel,5880.0,911.0,944.0,1650.7,27.0,22.0,222.0,1685.0,697.0,-916.4,59.0
2025-02-16,korea,746.0,69.0,62.0,982.1,2.0,3.0,22.0,69.0,6.0,85.1,0.0
2025-02-16,libya,57.0,7.0,3.0,83.8,1.0,0.0,2.0,0.0,0.0,0.0,0.0
2025-02-16,scs,854.0,94.0,63.0,1357.7,1.0,2.0,29.0,59.0,24.0,5.2,2.0
2025-02-16,southasia,6050.0,749.0,806.0,4356.3,6.0,21.0,389.0,20.0,8.0,-26.1,3.0
2025-02-16,sudan,241.0,39.0,72.0,-436.4,0.0,0.0,13.0,10.0,10.0,-82.4,2.0
2025-02-16,taiwan,321.0,66.0,23.0,86.6,3.0,2.0,10.0,82.0,34.0,-74.5,8.0
2025-02-16,ukraine,4024.0,496.0,275.0,6453.1,16.0,17.0,102.0,1049.0,292.0,907.2,31.0
2025-02-16,venezuela,66.0,4.0,4.0,141.6,0.0,0.0,3.0,10.0,4.0,-22.1,0.0
2025-02-16,yemen,36.0,1.0,7.0,44.0,0.0,0.0,4.0,2.0,0.0,4.7,0.0
2025-02-17,drc,204.0,28.0,28.0,-39.9,5.0,1.0,6.0,64.0,37.0,-94.5,7.0
2025-02-17,europe_east,1122.0,138.0,93.0,2219.8,2.0,13.0,42.0,119.0,60.0,-186.2,10.0
2025-02-17,iran,1045.0,170.0,153.0,394.8,12.0,0.0,58.0,404.0,167.0,-191.0,23.0
2025-02-17,israel,6582.0,1064.0,1134.0,-114.5,71.0,28.0,231.0,1923.0,923.0,-2536.9,90.0
2025-02-17,korea,928.0,102.0,103.0,881.6,5.0,3.0,45.0,129.0,37.0,-48.2,5.0
2025-02-17,libya,81.0,13.0,11.0,118.3,1.0,0.0,9.0,0.0,0.0,0.0,0.0
2025-02-17,scs,1365.0,179.0,144.0,1400.4,6.0,5.0,53.0,44.0,11.0,36.2,2.0
2025-02-17,southasia,7850.0,1108.0,897.0,6028.7,6.0,32.0,418.0,17.0,4.0,-29.6,0.0
2025-02-17,sudan,417.0,29.0,57.0,392.4,0.0,1.0,12.0,4.0,3.0,-20.9,0.0
2025-02-17,taiwan,681.0,137.0,52.0,585.3,0.0,8.0,31.0,195.0,77.0,-154.4,9.0
2025-02-17,ukraine,6904.0,787.0,377.0,13253.1,25.0,59.0,137.0,1589.0,452.0,1106.4,76.0
2025-02-17,venezuela,139.0,34.0,15.0,21.2,0.0,0.0,7.0,36.0,9.0,39.3,4.0
2025-02-17,yemen,44.0,6.0,13.0,-74.4,0.0,0.0,1.0,6.0,2.0,-5.2,0.0
2025-02-18,drc,130.0,30.0,26.0,-66.3,1.0,3.0,0.0,61.0,44.0,-149.8,12.0
2025-02-18,europe_east,1269.0,170.0,92.0,2211.3,4.0,9.0,37.0,47.0,13.0,-2.7,4.0
2025-02-18,iran,917.0,144.0,157.0,196.4,9.0,0.0,90.0,200.0,86.0,-130.5,15.0
2025-02-18,israel,6536.0,869.0,1234.0,1265.2,25.0,60.0,275.0,1717.0,732.0,-1192.5,100.0
2025-02-18,korea,960.0,125.0,116.0,965.8,1.0,5.0,60.0,80.0,25.0,65.9,2.0
2025-02-18,libya,146.0,8.0,7.0,592.0,0.0,0.0,5.0,0.0,0.0,0.0,0.0
2025-02-18,scs,1648.0,272.0,168.0,1381.3,3.0,2.0,96.0,204.0,89.0,27.3,2.0
2025-02-18,southasia,8303.0,1209.0,920.0,7208.7,10.0,20.0,451.0,9.0,1.0,13.4,1.0
2025-02-18,sudan,720.0,87.0,191.0,-899.1,3.0,1.0,13.0,19.0,6.0,3.5,0.0
2025-02-18,taiwan,682.0,117.0,59.0,455.8,7.0,6.0,37.0,195.0,71.0,8.2,16.0
2025-02-18,ukraine,6329.0,779.0,463.0,11481.9,21.0,87.0,192.0,1658.0,434.0,1735.8,34.0
2025-02-18,venezuela,173.0,21.0,48.0,-163.7,0.0,0.0,17.0,62.0,36.0,-139.2,8.0
2025-02-18,yemen,76.0,3.0,11.0,56.0,1.0,0.0,3.0,16.0,6.0,-8.6,0.0
2025-02-19,drc,138.0,21.0,43.0,-341.8,0.0,7.0,1.0,40.0,25.0,-76.2,6.0
2025-02-19,europe_east,1244.0,129.0,114.0,2003.5,3.0,6.0,51.0,72.0,22.0,26.1,2.0
2025-02-19,iran,1170.0,123.0,172.0,850.8,8.0,3.0,77.0,200.0,76.0,-69.4,17.0
2025-02-19,israel,6109.0,910.0,1179.0,-258.3,27.0,21.0,349.0,1610.0,695.0,-1385.5,113.0
2025-02-19,korea,993.0,132.0,173.0,446.5,1.0,9.0,94.0,106.0,31.0,22.5,9.0
2025-02-19,libya,80.0,22.0,7.0,47.5,0.0,0.0,2.0,0.0,0.0,0.0,0.0
2025-02-19,scs,1600.0,226.0,206.0,1574.8,0.0,3.0,102.0,274.0,125.0,-70.8,13.0
2025-02-19,southasia,8981.0,1337.0,1114.0,5874.6,18.0,29.0,536.0,36.0,12.0,-16.1,6.0
2025-02-19,sudan,753.0,126.0,143.0,-295.7,4.0,3.0,19.0,11.0,9.0,-72.0,0.0
2025-02-19,taiwan,360.0,59.0,50.0,153.8,5.0,3.0,29.0,67.0,40.0,-156.3,7.0
2025-02-19,ukraine,7515.0,1300.0,630.0,9534.5,22.0,40.0,256.0,2175.0,783.0,392.1,53.0
2025-02-19,venezuela,202.0,26.0,37.0,-1.7,2.0,1.0,17.0,46.0,17.0,-50.1,4.0
2025-02-19,yemen,68.0,5.0,20.0,-34.3,0.0,1.0,8.0,27.0,14.0,-37.0,4.0
2025-02-20,drc,101.0,11.0,19.0,-13.5,0.0,2.0,3.0,37.0,12.0,23.5,1.0
2025-02-20,europe_east,1248.0,158.0,113.0,1354.7,4.0,5.0,57.0,77.0,24.0,54.8,4.0
2025-02-20,iran,935.0,111.0,167.0,132.3,6.0,2.0,53.0,145.0,51.0,-6.7,7.0
2025-02-20,israel,6980.0,910.0,1316.0,579.5,37.0,33.0,361.0,1626.0,637.0,-918.4,113.0
2025-02-20,korea,1167.0,165.0,157.0,843.2,3.0,8.0,93.0,153.0,45.0,51.7,6.0
2025-02-20,libya,146.0,10.0,14.0,229.1,0.0,0.0,4.0,0.0,0.0,0.0,0.0
2025-02-20,scs,1591.0,189.0,163.0,1840.8,4.0,3.0,65.0,170.0,51.0,257.1,5.0
2025-02-20,southasia,7919.0,1108.0,825.0,6932.9,36.0,30.0,378.0,34.0,10.0,-9.5,0.0
2025-02-20,sudan,521.0,66.0,82.0,294.2,3.0,3.0,32.0,10.0,5.0,-37.2,0.0
2025-02-20,taiwan,414.0,69.0,35.0,529.3,2.0,0.0,28.0,137.0,60.0,0.9,21.0
2025-02-20,ukraine,7259.0,1410.0,548.0,8257.5,28.0,40.0,172.0,1836.0,666.0,402.9,49.0
2025-02-20,venezuela,263.0,48.0,68.0,-196.9,0.0,0.0,50.0,51.0,23.0,-103.9,13.0
2025-02-20,yemen,52.0,7.0,13.0,-28.8,1.0,0.0,3.0,11.0,4.0,9.0,0.0
2025-02-21,drc,145.0,16.0,47.0,-204.8,0.0,0.0,14.0,50.0,21.0,-18.6,0.0
2025-02-21,europe_east,1139.0,138.0,116.0,1157.9,4.0,16.0,61.0,83.0,22.0,37.0,1.0
2025-02-21,iran,608.0,90.0,105.0,116.3,5.0,3.0,39.0,126.0,42.0,95.9,5.0
2025-02-21,israel,6690.0,1055.0,1526.0,-4364.5,69.0,45.0,386.0,1647.0,773.0,-2658.3,104.0
2025-02-21,korea,859.0,107.0,83.0,939.4,1.0,3.0,38.0,101.0,22.0,59.6,0.0
2025-02-21,libya,128.0,13.0,16.0,164.0,1.0,0.0,9.0,0.0,0.0,0.0,0.0
2025-02-21,scs,1349.0,137.0,110.0,2055.1,1.0,9.0,51.0,94.0,43.0,52.8,2.0
2025-02-21,southasia,7977.0,1084.0,935.0,7406.5,40.0,7.0,477.0,33.0,6.0,133.0,6.0
2025-02-21,sudan,521.0,58.0,122.0,-300.6,1.0,1.0,26.0,3.0,3.0,-30.0,0.0
2025-02-21,taiwan,417.0,52.0,19.0,755.4,2.0,3.0,6.0,78.0,27.0,-13.2,13.0
2025-02-21,ukraine,5608.0,957.0,476.0,6076.1,31.0,44.0,173.0,1468.0,520.0,376.5,62.0
2025-02-21,venezuela,414.0,51.0,105.0,-1.0,0.0,0.0,85.0,123.0,47.0,-42.0,26.0
2025-02-21,yemen,29.0,3.0,8.0,-49.6,0.0,0.0,3.0,8.0,2.0,14.0,0.0
2025-02-22,drc,84.0,14.0,25.0,-98.8,0.0,0.0,6.0,61.0,37.0,-122.8,1.0
2025-02-22,europe_east,598.0,45.0,57.0,994.5,0.0,9.0,20.0,40.0,13.0,8.0,1.0
2025-02-22,iran,519.0,75.0,120.0,-391.1,14.0,8.0,28.0,104.0,54.0,-187.1,12.0
2025-02-22,israel,5090.0,694.0,1066.0,-614.6,49.0,19.0,257.0,1547.0,574.0,-670.0,78.0
2025-02-22,korea,428.0,72.0,43.0,527.6,4.0,7.0,15.0,44.0,14.0,4.6,2.0
2025-02-22,libya,27.0,3.0,5.0,-11.0,3.0,0.0,3.0,0.0,0.0,0.0,0.0
2025-02-22,scs,903.0,49.0,72.0,1853.8,5.0,3.0,31.0,53.0,7.0,135.4,1.0
2025-02-22,southasia,6419.0,812.0,671.0,6604.7,20.0,7.0,276.0,14.0,3.0,18.0,1.0
2025-02-22,sudan,219.0,46.0,21.0,141.1,0.0,0.0,11.0,0.0,0.0,0.0,0.0
2025-02-22,taiwan,193.0,18.0,20.0,243.9,0.0,0.0,12.0,29.0,16.0,-73.2,1.0
2025-02-22,ukraine,3751.0,608.0,342.0,4369.2,13.0,22.0,110.0,878.0,315.0,19.2,69.0
2025-02-22,venezuela,283.0,55.0,45.0,85.8,0.0,0.0,27.0,80.0,29.0,-14.3,6.0
2025-02-22,yemen,21.0,6.0,6.0,-67.4,0.0,0.0,0.0,4.0,3.0,-30.0,0.0
2025-02-23,drc,49.0,7.0,6.0,22.0,0.0,0.0,0.0,28.0,18.0,-45.6,0.0
2025-02-23,europe_east,521.0,46.0,72.0,448.5,0.0,3.0,49.0,45.0,2.0,112.7,2.0
2025-02-23,iran,588.0,74.0,75.0,239.0,1.0,0.0,15.0,66.0,29.0,-67.7,0.0
2025-02-23,israel,4432.0,582.0,1065.0,-2174.6,36.0,67.0,224.0,1369.0,691.0,-2301.0,109.0
2025-02-23,korea,409.0,48.0,63.0,393.2,0.0,4.0,21.0,19.0,6.0,2.3,0.0
2025-02-23,libya,30.0,1.0,5.0,21.3,0.0,0.0,1.0,0.0,0.0,0.0,0.0
2025-02-23,scs,998.0,112.0,83.0,1303.2,0.0,1.0,24.0,42.0,20.0,-25.1,3.0
2025-02-23,southasia,5423.0,574.0,550.0,6014.8,19.0,15.0,243.0,0.0,0.0,0.0,0.0
2025-02-23,sudan,322.0,84.0,26.0,146.9,0.0,0.0,10.0,4.0,4.0,-15.5,0.0
2025-02-23,taiwan,220.0,18.0,30.0,305.2,0.0,0.0,10.0,65.0,31.0,-94.7,5.0
2025-02-23,ukraine,4334.0,635.0,414.0,4752.8,15.0,19.0,98.0,1248.0,446.0,-448.6,37.0
2025-02-23,venezuela,183.0,31.0,49.0,-202.4,0.0,0.0,36.0,33.0,19.0,-47.6,10.0
2025-02-23,yemen,57.0,7.0,16.0,-36.4,0.0,0.0,3.0,14.0,12.0,-104.0,0.0
2025-02-24,drc,119.0,21.0,36.0,-246.0,0.0,0.0,3.0,38.0,21.0,-79.8,0.0
2025-02-24,europe_east,990.0,90.0,73.0,1718.1,3.0,2.0,39.0,58.0,25.0,-56.0,3.0
2025-02-24,iran,662.0,108.0,101.0,355.5,3.0,6.0,37.0,195.0,69.0,-17.6,9.0
2025-02-24,israel,5169.0,878.0,1080.0,-3004.9,28.0,57.0,317.0,1411.0,793.0,-3543.2,135.0
2025-02-24,korea,808.0,128.0,107.0,808.0,3.0,22.0,46.0,70.0,33.0,9.1,10.0
2025-02-24,libya,100.0,3.0,2.0,305.8,0.0,0.0,0.0,0.0,0.0,0.0,0.0
2025-02-24,scs,1640.0,207.0,151.0,2432.3,1.0,5.0,55.0,132.0,72.0,-159.5,8.0
2025-02-24,southasia,7836.0,1078.0,856.0,7258.4,16.0,28.0,357.0,2.0,0.0,8.0,0.0
2025-02-24,sudan,544.0,100.0,103.0,-99.9,3.0,2.0,21.0,26.0,18.0,-105.8,0.0
2025-02-24,taiwan,271.0,39.0,14.0,461.3,0.0,1.0,6.0,32.0,6.0,55.9,0.0
2025-02-24,ukraine,8368.0,1263.0,649.0,11465.0,38.0,34.0,230.0,2122.0,733.0,60.3,54.0
2025-02-24,venezuela,308.0,51.0,44.0,47.5,0.0,0.0,28.0,123.0,23.0,137.7,10.0
2025-02-24,yemen,42.0,3.0,7.0,5.3,0.0,0.0,1.0,23.0,4.0,41.8,0.0
2025-02-25,drc,157.0,14.0,48.0,-283.6,0.0,0.0,8.0,38.0,22.0,-38.3,5.0
2025-02-25,europe_east,1072.0,109.0,97.0,1438.9,4.0,5.0,64.0,100.0,43.0,-69.9,13.0
2025-02-25,iran,1175.0,158.0,176.0,832.7,4.0,8.0,79.0,301.0,141.0,-280.5,20.0
2025-02-25,israel,6063.0,1031.0,1275.0,-3666.4,32.0,31.0,377.0,1579.0,861.0,-3683.5,112.0
2025-02-25,korea,981.0,165.0,155.0,568.4,3.0,4.0,91.0,107.0,39.0,112.4,6.0
2025-02-25,libya,139.0,2.0,21.0,156.6,0.0,1.0,12.0,0.0,0.0,0.0,0.0
2025-02-25,scs,1983.0,207.0,160.0,3079.2,6.0,6.0,83.0,106.0,40.0,-1.3,21.0
2025-02-25,southasia,8223.0,1176.0,1008.0,6575.9,9.0,31.0,504.0,24.0,5.0,33.0,1.0
2025-02-25,sudan,617.0,120.0,119.0,-322.5,3.0,6.0,23.0,22.0,15.0,-28.3,2.0
2025-02-25,taiwan,390.0,56.0,35.0,257.4,1.0,6.0,18.0,93.0,37.0,-92.2,17.0
2025-02-25,ukraine,6812.0,1095.0,479.0,9359.6,45.0,34.0,179.0,1551.0,571.0,-143.1,61.0
2025-02-25,venezuela,359.0,44.0,57.0,132.6,0.0,0.0,33.0,82.0,25.0,34.7,7.0
2025-02-25,yemen,43.0,3.0,4.0,82.7,0.0,1.0,0.0,9.0,6.0,-54.6,0.0
2025-02-26,drc,118.0,14.0,25.0,-91.6,0.0,1.0,10.0,18.0,11.0,-54.0,0.0
2025-02-26,europe_east,1232.0,168.0,119.0,1589.9,0.0,6.0,72.0,58.0,17.0,37.9,4.0
2025-02-26,iran,1100.0,140.0,162.0,940.4,10.0,3.0,72.0,241.0,106.0,-88.5,9.0
2025-02-26,israel,6268.0,925.0,1257.0,-1343.7,10.0,23.0,319.0,1616.0,692.0,-1485.4,57.0
2025-02-26,korea,963.0,108.0,97.0,986.0,10.0,11.0,40.0,50.0,20.0,14.8,1.0
2025-02-26,libya,86.0,3.0,14.0,83.2,0.0,0.0,6.0,0.0,0.0,0.0,0.0
2025-02-26,scs,1938.0,199.0,175.0,2784.3,1.0,1.0,74.0,117.0,33.0,150.4,2.0
2025-02-26,southasia,7357.0,882.0,884.0,6410.6,17.0,32.0,375.0,15.0,4.0,1.7,0.0
2025-02-26,sudan,603.0,66.0,123.0,-238.0,1.0,4.0,20.0,25.0,9.0,-29.3,1.0
2025-02-26,taiwan,497.0,71.0,71.0,119.2,1.0,1.0,40.0,211.0,110.0,-359.3,20.0
2025-02-26,ukraine,5058.0,731.0,457.0,7044.7,28.0,34.0,91.0,1150.0,432.0,-351.8,26.0
2025-02-26,venezuela,329.0,44.0,51.0,257.5,0.0,0.0,38.0,93.0,38.0,-16.7,24.0
2025-02-26,yemen,42.0,4.0,8.0,25.5,0.0,0.0,3.0,3.0,1.0,2.7,0.0
2025-02-27,drc,178.0,32.0,42.0,-191.6,2.0,0.0,18.0,43.0,28.0,-154.0,6.0
2025-02-27,europe_east,1712.0,220.0,239.0,1263.6,4.0,4.0,139.0,62.0,10.0,39.0,0.0
2025-02-27,iran,890.0,157.0,156.0,-2.9,8.0,3.0,69.0,203.0,95.0,61.1,15.0
2025-02-27,israel,6594.0,1011.0,1316.0,-1038.9,34.0,8.0,353.0,1727.0,674.0,-484.0,111.0
2025-02-27,korea,1275.0,172.0,138.0,1539.6,3.0,55.0,33.0,132.0,24.0,172.9,7.0
2025-02-27,libya,107.0,4.0,17.0,92.4,0.0,0.0,6.0,0.0,0.0,0.0,0.0
2025-02-27,scs,1607.0,155.0,218.0,1509.0,3.0,3.0,95.0,91.0,32.0,96.0,10.0
2025-02-27,southasia,8517.0,1304.0,925.0,6372.5,14.0,19.0,365.0,16.0,10.0,-41.0,2.0
2025-02-27,sudan,523.0,82.0,90.0,-123.9,9.0,3.0,31.0,11.0,3.0,-4.8,0.0
2025-02-27,taiwan,624.0,116.0,62.0,140.1,0.0,9.0,15.0,288.0,168.0,-661.1,19.0
2025-02-27,ukraine,4804.0,538.0,452.0,7904.9,20.0,20.0,126.0,1020.0,411.0,-606.5,21.0
2025-02-27,venezuela,368.0,47.0,59.0,237.6,0.0,3.0,47.0,83.0,25.0,49.4,8.0
2025-02-27,yemen,69.0,15.0,11.0,-30.6,0.0,0.0,5.0,19.0,6.0,12.1,2.0
2025-02-28,drc,172.0,27.0,31.0,-74.5,0.0,3.0,2.0,52.0,27.0,-104.1,1.0
2025-02-28,europe_east,1561.0,182.0,185.0,1672.8,2.0,3.0,110.0,73.0,31.0,-142.7,10.0
2025-02-28,iran,851.0,151.0,108.0,513.6,8.0,3.0,60.0,235.0,110.0,-118.1,13.0
2025-02-28,israel,5212.0,864.0,1200.0,-4069.3,23.0,34.0,305.0,1255.0,639.0,-2191.5,69.0
2025-02-28,korea,1066.0,121.0,137.0,1105.0,1.0,18.0,47.0,122.0,28.0,48.4,5.0
2025-02-28,libya,18.0,3.0,1.0,17.9,0.0,0.0,0.0,0.0,0.0,0.0,0.0
2025-02-28,scs,1478.0,126.0,165.0,1867.4,2.0,4.0,69.0,81.0,19.0,75.6,9.0
2025-02-28,southasia,8320.0,1208.0,1149.0,4280.4,30.0,39.0,424.0,25.0,20.0,-134.6,9.0
2025-02-28,sudan,447.0,54.0,59.0,496.0,6.0,1.0,22.0,7.0,6.0,-60.0,0.0
2025-02-28,taiwan,432.0,62.0,52.0,281.1,0.0,2.0,26.0,164.0,83.0,-113.6,12.0
2025-02-28,ukraine,7167.0,964.0,664.0,9344.0,43.0,23.0,266.0,1409.0,573.0,-645.8,74.0
2025-02-28,venezuela,281.0,30.0,33.0,318.6,1.0,0.0,25.0,50.0,16.0,4.5,6.0
2025-02-28,yemen,44.0,10.0,9.0,-89.6,3.0,0.0,1.0,21.0,7.0,-10.6,4.0
2025-03-01,drc,113.0,7.0,20.0,35.2,0.0,0.0,5.0,40.0,10.0,-8.0,0.0
2025-03-01,europe_east,847.0,99.0,73.0,1101.6,3.0,0.0,22.0,53.0,28.0,-76.0,0.0
2025-03-01,iran,472.0,59.0,75.0,468.8,2.0,0.0,28.0,61.0,26.0,14.5,0.0
2025-03-01,israel,3065.0,435.0,628.0,-875.0,6.0,22.0,173.0,723.0,344.0,-1019.6,46.0
2025-03-01,korea,426.0,45.0,60.0,304.0,0.0,5.0,20.0,17.0,9.0,-3.9,0.0
2025-03-01,libya,10.0,0.0,5.0,-32.9,0.0,2.0,1.0,0.0,0.0,0.0,0.0
2025-03-01,scs,1061.0,82.0,102.0,1749.8,1.0,4.0,39.0,50.0,15.0,43.2,2.0
2025-03-01,southasia,6173.0,805.0,827.0,3372.3,11.0,27.0,357.0,14.0,5.0,-17.8,3.0
2025-03-01,sudan,190.0,19.0,19.0,209.1,1.0,2.0,4.0,3.0,0.0,0.8,0.0
2025-03-01,taiwan,226.0,26.0,33.0,195.3,1.0,3.0,15.0,78.0,34.0,-82.5,21.0
2025-03-01,ukraine,9419.0,1315.0,824.0,11216.3,58.0,18.0,248.0,1566.0,574.0,21.6,40.0
2025-03-01,venezuela,234.0,55.0,31.0,-5.4,0.0,2.0,9.0,94.0,63.0,-114.9,3.0
2025-03-01,yemen,37.0,7.0,10.0,-62.7,0.0,0.0,3.0,9.0,7.0,-56.0,0.0
2025-03-02,drc,37.0,5.0,9.0,-33.9,0.0,0.0,1.0,14.0,9.0,-37.2,5.0
2025-03-02,europe_east,714.0,54.0,59.0,1264.3,0.0,8.0,27.0,30.0,5.0,35.4,1.0
2025-03-02,iran,344.0,52.0,73.0,-78.6,4.0,0.0,40.0,76.0,33.0,-8.8,11.0
2025-03-02,israel,4177.0,670.0,800.0,-398.8,21.0,9.0,301.0,1090.0,500.0,-1230.6,58.0
2025-03-02,korea,438.0,41.0,75.0,431.3,0.0,3.0,16.0,31.0,6.0,116.7,1.0
2025-03-02,libya,43.0,5.0,2.0,94.8,0.0,0.0,2.0,0.0,0.0,0.0,0.0
2025-03-02,scs,690.0,57.0,63.0,963.8,1.0,2.0,23.0,56.0,22.0,-48.6,11.0
2025-03-02,southasia,5137.0,744.0,711.0,2067.4,9.0,16.0,311.0,20.0,2.0,38.9,2.0
2025-03-02,sudan,192.0,31.0,48.0,-222.9,1.0,1.0,27.0,2.0,1.0,-10.0,0.0
2025-03-02,taiwan,231.0,30.0,32.0,85.9,0.0,0.0,9.0,45.0,25.0,-126.4,3.0
2025-03-02,ukraine,8111.0,999.0,654.0,12332.9,45.0,11.0,200.0,1096.0,382.0,327.7,17.0
2025-03-02,venezuela,227.0,80.0,37.0,-214.0,0.0,4.0,19.0,129.0,85.0,-228.4,4.0
2025-03-02,yemen,37.0,6.0,9.0,-35.8,3.0,0.0,3.0,22.0,7.0,-20.5,3.0
2025-03-03,drc,55.0,11.0,12.0,-99.5,0.0,0.0,1.0,70.0,35.0,-3.3,5.0
2025-03-03,europe_east,1382.0,108.0,131.0,2085.8,1.0,8.0,54.0,74.0,24.0,27.4,6.0
2025-03-03,iran,673.0,76.0,78.0,666.0,2.0,0.0,40.0,193.0,45.0,207.3,5.0
2025-03-03,israel,5871.0,1010.0,1149.0,-2294.6,17.0,16.0,386.0,1404.0,700.0,-2357.3,93.0
2025-03-03,korea,687.0,71.0,102.0,612.6,1.0,4.0,43.0,31.0,14.0,-36.2,7.0
2025-03-03,libya,89.0,10.0,13.0,21.2,0.0,0.0,4.0,0.0,0.0,0.0,0.0
2025-03-03,scs,1282.0,109.0,106.0,2054.9,3.0,1.0,43.0,91.0,19.0,174.4,5.0
2025-03-03,southasia,6986.0,1020.0,973.0,3467.7,14.0,6.0,415.0,8.0,2.0,-2.6,0.0
2025-03-03,sudan,263.0,56.0,45.0,-141.2,2.0,0.0,11.0,9.0,7.0,-44.0,0.0
2025-03-03,taiwan,339.0,43.0,13.0,602.9,2.0,0.0,6.0,53.0,10.0,-6.2,2.0
2025-03-03,ukraine,8952.0,1212.0,852.0,10651.3,36.0,51.0,198.0,1591.0,615.0,-42.7,54.0
2025-03-03,venezuela,294.0,61.0,41.0,147.4,0.0,1.0,21.0,109.0,62.0,-49.1,4.0
2025-03-03,yemen,50.0,6.0,7.0,35.0,0.0,0.0,1.0,15.0,5.0,12.2,0.0
2025-03-04,drc,75.0,14.0,20.0,-151.0,0.0,0.0,1.0,41.0,29.0,-172.7,2.0
2025-03-04,europe_east,1561.0,170.0,132.0,2524.9,4.0,2.0,73.0,65.0,33.0,-34.1,10.0
2025-03-04,iran,1213.0,222.0,142.0,699.5,6.0,4.0,54.0,242.0,68.0,70.2,7.0
2025-03-04,israel,6057.0,980.0,1172.0,-1250.3,26.0,37.0,324.0,1459.0,742.0,-2474.1,102.0
2025-03-04,korea,1197.0,157.0,118.0,1372.8,9.0,6.0,43.0,192.0,66.0,62.7,6.0
2025-03-04,libya,46.0,2.0,4.0,112.0,0.0,1.0,3.0,0.0,0.0,0.0,0.0
2025-03-04,scs,1547.0,158.0,123.0,2298.8,5.0,4.0,40.0,93.0,27.0,1.0,6.0
2025-03-04,southasia,7502.0,1264.0,1119.0,1145.6,19.0,9.0,454.0,29.0,8.0,-2.8,2.0
2025-03-04,sudan,383.0,47.0,101.0,-340.1,0.0,0.0,11.0,6.0,3.0,-18.5,0.0
2025-03-04,taiwan,532.0,83.0,36.0,673.8,2.0,2.0,15.0,120.0,48.0,-162.1,9.0
2025-03-04,ukraine,8845.0,1316.0,1117.0,8313.3,50.0,40.0,455.0,1606.0,589.0,392.4,55.0
2025-03-04,venezuela,407.0,82.0,79.0,-147.7,0.0,4.0,38.0,108.0,53.0,-134.6,14.0
2025-03-04,yemen,139.0,8.0,36.0,-13.1,1.0,0.0,16.0,40.0,8.0,75.0,0.0
2025-03-05,drc,52.0,5.0,11.0,-63.4,0.0,0.0,3.0,36.0,22.0,-15.3,3.0
2025-03-05,europe_east,1304.0,138.0,157.0,1192.7,1.0,1.0,107.0,49.0,20.0,10.8,4.0
2025-03-05,iran,930.0,125.0,110.0,712.8,5.0,1.0,37.0,199.0,46.0,106.4,5.0
2025-03-05,israel,5857.0,977.0,1014.0,-77.6,31.0,23.0,317.0,1396.0,599.0,-1142.9,82.0
2025-03-05,korea,922.0,127.0,97.0,1005.2,2.0,9.0,25.0,153.0,52.0,100.9,11.0
2025-03-05,libya,82.0,2.0,5.0,175.3,0.0,0.0,4.0,0.0,0.0,0.0,0.0
2025-03-05,scs,1557.0,157.0,160.0,1787.4,2.0,6.0,56.0,148.0,54.0,-1.3,9.0
2025-03-05,southasia,8376.0,1309.0,1351.0,404.9,14.0,23.0,636.0,25.0,7.0,27.8,6.0
2025-03-05,sudan,497.0,84.0,124.0,-564.3,0.0,3.0,40.0,4.0,2.0,-8.0,0.0
2025-03-05,taiwan,476.0,54.0,40.0,791.1,5.0,4.0,18.0,96.0,39.0,-116.9,8.0
2025-03-05,ukraine,7684.0,1052.0,952.0,7861.6,33.0,43.0,427.0,1614.0,583.0,12.6,59.0
2025-03-05,venezuela,453.0,60.0,112.0,-191.0,0.0,0.0,44.0,128.0,61.0,-170.2,16.0
2025-03-05,yemen,122.0,10.0,32.0,-45.5,2.0,1.0,12.0,44.0,15.0,-21.1,1.0
2025-03-06,drc,34.0,2.0,8.0,50.2,0.0,0.0,6.0,22.0,13.0,-51.0,3.0
2025-03-06,europe_east,1425.0,161.0,129.0,1996.7,7.0,5.0,82.0,74.0,19.0,53.6,5.0
2025-03-06,iran,862.0,122.0,125.0,328.1,6.0,1.0,64.0,226.0,66.0,110.1,11.0
2025-03-06,israel,6117.0,1065.0,994.0,-108.8,61.0,30.0,343.0,1417.0,580.0,-1137.5,95.0
2025-03-06,korea,1095.0,121.0,229.0,250.1,8.0,8.0,44.0,136.0,77.0,-225.5,32.0
2025-03-06,libya,72.0,7.0,10.0,47.0,3.0,0.0,4.0,2.0,0.0,6.8,0.0
2025-03-06,scs,1480.0,137.0,132.0,2535.2,0.0,4.0,59.0,61.0,12.0,78.9,2.0
2025-03-06,southasia,8424.0,1381.0,1242.0,3213.9,53.0,23.0,621.0,22.0,11.0,-0.6,7.0
2025-03-06,sudan,533.0,109.0,92.0,-56.4,1.0,0.0,46.0,10.0,5.0,-7.2,0.0
2025-03-06,taiwan,421.0,67.0,33.0,308.9,9.0,1.0,19.0,77.0,37.0,-110.3,11.0
2025-03-06,ukraine,6678.0,885.0,856.0,6625.5,48.0,39.0,311.0,1307.0,582.0,-1212.0,69.0
2025-03-06,venezuela,309.0,45.0,49.0,116.9,0.0,0.0,19.0,100.0,51.0,-73.9,8.0
2025-03-06,yemen,161.0,20.0,30.0,10.1,3.0,0.0,19.0,23.0,10.0,-40.9,0.0
2025-03-07,drc,57.0,5.0,1.0,106.6,1.0,0.0,0.0,11.0,4.0,0.5,0.0
2025-03-07,europe_east,1122.0,104.0,122.0,1471.4,4.0,3.0,64.0,58.0,13.0,10.6,5.0
2025-03-07,iran,1053.0,180.0,126.0,776.9,32.0,1.0,71.0,393.0,111.0,240.3,46.0
2025-03-07,israel,5074.0,838.0,1023.0,-1498.9,34.0,28.0,327.0,1184.0,580.0,-2058.2,110.0
2025-03-07,korea,1188.0,179.0,224.0,119.6,3.0,5.0,85.0,84.0,46.0,-182.8,4.0
2025-03-07,libya,79.0,6.0,6.0,178.1,0.0,0.0,1.0,0.0,0.0,0.0,0.0
2025-03-07,scs,1498.0,100.0,109.0,3000.6,6.0,1.0,57.0,99.0,27.0,-16.5,5.0
2025-03-07,southasia,7939.0,1258.0,904.0,5672.5,28.0,9.0,479.0,18.0,11.0,-36.2,0.0
2025-03-07,sudan,702.0,102.0,222.0,-1255.0,0.0,2.0,47.0,9.0,8.0,-54.5,0.0
2025-03-07,taiwan,489.0,83.0,42.0,499.1,3.0,0.0,24.0,139.0,56.0,-111.8,10.0
2025-03-07,ukraine,7038.0,829.0,910.0,8367.4,52.0,56.0,310.0,1655.0,717.0,-1385.7,60.0
2025-03-07,venezuela,278.0,62.0,44.0,-14.2,1.0,1.0,26.0,92.0,50.0,-67.9,14.0
2025-03-07,yemen,201.0,36.0,37.0,-61.7,2.0,0.0,27.0,31.0,20.0,-114.8,0.0
2025-03-08,drc,24.0,3.0,12.0,-70.4,0.0,0.0,8.0,4.0,2.0,2.8,0.0
2025-03-08,europe_east,582.0,68.0,78.0,390.8,4.0,4.0,28.0,40.0,23.0,-75.4,7.0
2025-03-08,iran,1111.0,250.0,126.0,219.0,23.0,0.0,54.0,315.0,101.0,227.8,28.0
2025-03-08,israel,3619.0,539.0,720.0,-1517.7,17.0,25.0,146.0,868.0,417.0,-1308.1,53.0
2025-03-08,korea,696.0,125.0,101.0,137.9,2.0,3.0,38.0,80.0,36.0,-138.0,3.0
2025-03-08,libya,33.0,1.0,1.0,77.3,0.0,0.0,0.0,0.0,0.0,0.0,0.0
2025-03-08,scs,916.0,79.0,97.0,1005.2,5.0,1.0,36.0,69.0,19.0,-43.8,0.0
2025-03-08,southasia,6663.0,993.0,1032.0,1392.7,18.0,13.0,407.0,14.0,1.0,20.8,1.0
2025-03-08,sudan,399.0,54.0,150.0,-1053.1,3.0,2.0,18.0,5.0,5.0,-50.0,0.0
2025-03-08,taiwan,206.0,30.0,22.0,172.1,1.0,0.0,14.0,79.0,29.0,-25.3,4.0
2025-03-08,ukraine,3774.0,536.0,620.0,1241.1,14.0,29.0,161.0,1265.0,682.0,-2982.5,72.0
2025-03-08,venezuela,177.0,37.0,26.0,91.2,0.0,0.0,17.0,57.0,24.0,0.8,9.0
2025-03-08,yemen,78.0,2.0,5.0,191.7,0.0,0.0,0.0,17.0,8.0,0.6,0.0
2025-03-09,drc,18.0,2.0,7.0,-25.2,0.0,0.0,0.0,33.0,30.0,-166.2,1.0
2025-03-09,europe_east,680.0,135.0,82.0,274.2,5.0,0.0,42.0,47.0,17.0,24.5,3.0
2025-03-09,iran,1117.0,216.0,101.0,1394.8,21.0,2.0,38.0,317.0,114.0,127.0,26.0
2025-03-09,israel,4247.0,691.0,847.0,-1831.8,28.0,17.0,278.0,981.0,487.0,-1704.6,87.0
2025-03-09,korea,763.0,107.0,102.0,744.9,0.0,4.0,24.0,30.0,19.0,-90.7,3.0
2025-03-09,libya,66.0,7.0,4.0,172.9,0.0,0.0,2.0,0.0,0.0,0.0,0.0
2025-03-09,scs,976.0,100.0,104.0,1180.0,1.0,6.0,71.0,68.0,29.0,15.8,4.0
2025-03-09,southasia,5133.0,728.0,938.0,-271.1,13.0,28.0,324.0,4.0,2.0,8.2,0.0
2025-03-09,sudan,469.0,84.0,124.0,-418.7,9.0,0.0,38.0,4.0,0.0,13.6,0.0
2025-03-09,taiwan,213.0,43.0,18.0,134.1,0.0,0.0,9.0,77.0,27.0,24.9,8.0
2025-03-09,ukraine,3424.0,501.0,612.0,290.5,29.0,10.0,142.0,1049.0,614.0,-3083.8,57.0
2025-03-09,venezuela,132.0,25.0,34.0,-68.8,1.0,0.0,18.0,26.0,18.0,-60.1,13.0
2025-03-09,yemen,34.0,4.0,2.0,14.6,0.0,0.0,1.0,8.0,5.0,-38.0,0.0
2025-03-10,drc,66.0,8.0,19.0,-93.5,0.0,0.0,4.0,31.0,19.0,-55.1,0.0
2025-03-10,europe_east,1279.0,215.0,175.0,703.5,2.0,4.0,90.0,65.0,20.0,-3.8,1.0
2025-03-10,iran,1367.0,237.0,163.0,1357.5,10.0,0.0,78.0,227.0,72.0,81.9,18.0
2025-03-10,israel,5875.0,1036.0,1304.0,-3822.5,24.0,19.0,587.0,1163.0,597.0,-2304.2,129.0
2025-03-10,korea,1499.0,222.0,389.0,-1104.3,16.0,11.0,39.0,258.0,173.0,-998.4,19.0
2025-03-10,libya,60.0,10.0,8.0,-4.9,0.0,0.0,1.0,0.0,0.0,0.0,0.0
2025-03-10,scs,2015.0,240.0,156.0,2668.8,2.0,19.0,70.0,120.0,34.0,117.4,4.0
2025-03-10,southasia,8280.0,1391.0,1128.0,3239.2,25.0,31.0,525.0,31.0,19.0,-94.7,0.0
2025-03-10,sudan,476.0,63.0,150.0,-702.4,2.0,3.0,33.0,8.0,6.0,-47.3,0.0
2025-03-10,taiwan,406.0,60.0,32.0,347.1,0.0,1.0,15.0,80.0,44.0,-105.2,17.0
2025-03-10,ukraine,5169.0,631.0,671.0,5268.5,35.0,20.0,217.0,1275.0,569.0,-1433.6,58.0
2025-03-10,venezuela,181.0,37.0,34.0,-51.9,0.0,1.0,18.0,38.0,17.0,4.6,2.0
2025-03-10,yemen,114.0,18.0,26.0,-119.7,1.0,0.0,13.0,28.0,5.0,33.4,2.0
2025-03-11,drc,95.0,7.0,27.0,-64.3,0.0,2.0,12.0,27.0,14.0,8.4,2.0
2025-03-11,europe_east,1383.0,152.0,168.0,1451.5,4.0,6.0,69.0,54.0,10.0,112.9,4.0
2025-03-11,iran,987.0,146.0,138.0,828.3,11.0,1.0,43.0,217.0,87.0,-45.2,24.0
2025-03-11,israel,6569.0,1249.0,1556.0,-6008.5,30.0,18.0,677.0,1428.0,759.0,-3123.1,144.0
2025-03-11,korea,872.0,140.0,139.0,-10.2,2.0,4.0,27.0,66.0,43.0,-240.5,8.0
2025-03-11,libya,55.0,9.0,8.0,5.7,0.0,0.0,3.0,0.0,0.0,0.0,0.0
2025-03-11,scs,3986.0,577.0,808.0,-619.6,15.0,24.0,493.0,109.0,37.0,3.3,11.0
2025-03-11,southasia,9167.0,1502.0,1333.0,1222.5,19.0,22.0,457.0,11.0,8.0,-48.4,2.0
2025-03-11,sudan,599.0,88.0,155.0,-369.7,5.0,29.0,38.0,8.0,3.0,13.0,0.0
2025-03-11,taiwan,311.0,33.0,20.0,499.3,0.0,0.0,4.0,77.0,22.0,5.3,9.0
2025-03-11,ukraine,6815.0,733.0,859.0,8053.8,20.0,20.0,245.0,1930.0,810.0,-1402.6,52.0
2025-03-11,venezuela,168.0,32.0,30.0,11.4,0.0,2.0,14.0,49.0,28.0,-75.7,9.0
2025-03-11,yemen,103.0,25.0,24.0,-174.0,1.0,0.0,6.0,37.0,18.0,-84.1,1.0
2025-03-12,drc,61.0,11.0,7.0,-19.0,1.0,0.0,0.0,48.0,20.0,62.4,4.0
2025-03-12,europe_east,1531.0,167.0,165.0,2163.1,1.0,17.0,75.0,85.0,41.0,-121.2,9.0
2025-03-12,iran,1584.0,245.0,169.0,2012.5,10.0,0.0,60.0,367.0,145.0,0.3,20.0
2025-03-12,israel,5996.0,1197.0,1131.0,-2515.1,32.0,8.0,503.0,1209.0,593.0,-1498.8,98.0
2025-03-12,korea,901.0,121.0,129.0,659.1,9.0,6.0,41.0,71.0,29.0,-0.1,0.0
2025-03-12,libya,89.0,8.0,17.0,41.1,0.0,0.0,9.0,0.0,0.0,0.0,0.0
2025-03-12,scs,3067.0,478.0,587.0,-139.8,6.0,0.0,357.0,70.0,18.0,-2.1,4.0
2025-03-12,southasia,9732.0,1463.0,1460.0,2736.3,22.0,25.0,549.0,17.0,6.0,-36.1,0.0
2025-03-12,sudan,609.0,89.0,150.0,-400.4,1.0,15.0,47.0,4.0,4.0,-24.0,0.0
2025-03-12,taiwan,400.0,45.0,32.0,600.5,1.0,1.0,17.0,58.0,20.0,-44.7,10.0
2025-03-12,ukraine,6084.0,659.0,714.0,8708.0,24.0,14.0,215.0,1752.0,721.0,-671.1,53.0
2025-03-12,venezuela,212.0,35.0,41.0,-40.0,0.0,0.0,26.0,71.0,26.0,-0.2,16.0
2025-03-12,yemen,116.0,12.0,22.0,-10.3,1.0,0.0,2.0,75.0,37.0,-107.5,16.0
2025-03-13,drc,114.0,7.0,17.0,200.0,0.0,0.0,3.0,80.0,11.0,236.3,0.0
2025-03-13,europe_east,1556.0,140.0,142.0,2400.0,0.0,2.0,68.0,99.0,21.0,149.0,10.0
2025-03-13,iran,1419.0,222.0,178.0,1384.6,12.0,1.0,99.0,296.0,105.0,107.5,15.0
2025-03-13,israel,6893.0,1296.0,1223.0,-1242.3,29.0,16.0,518.0,1416.0,698.0,-1944.6,118.0
2025-03-13,korea,885.0,104.0,181.0,26.6,1.0,5.0,74.0,54.0,14.0,-0.5,0.0
2025-03-13,libya,78.0,7.0,6.0,163.0,0.0,0.0,3.0,0.0,0.0,0.0,0.0
2025-03-13,scs,2201.0,327.0,430.0,-110.1,7.0,3.0,203.0,70.0,13.0,179.6,3.0
2025-03-13,southasia,8454.0,1242.0,1270.0,2048.3,13.0,51.0,490.0,13.0,6.0,-9.4,0.0
2025-03-13,sudan,545.0,73.0,124.0,-379.8,0.0,10.0,28.0,1.0,0.0,3.4,0.0
2025-03-13,taiwan,418.0,49.0,36.0,438.6,0.0,0.0,29.0,83.0,25.0,-32.9,4.0
2025-03-13,ukraine,5678.0,681.0,620.0,7387.2,27.0,30.0,163.0,2108.0,857.0,-955.1,84.0
2025-03-13,venezuela,281.0,46.0,33.0,375.3,0.0,0.0,31.0,73.0,24.0,118.7,12.0
2025-03-13,yemen,89.0,7.0,23.0,-68.0,0.0,0.0,5.0,43.0,21.0,-77.1,6.0
2025-03-14,drc,78.0,11.0,24.0,-136.8,0.0,0.0,4.0,10.0,7.0,-34.0,2.0
2025-03-14,europe_east,1126.0,123.0,153.0,1377.8,1.0,11.0,81.0,94.0,54.0,-139.0,39.0
2025-03-14,iran,1799.0,219.0,194.0,2341.0,10.0,2.0,114.0,318.0,115.0,179.4,7.0
2025-03-14,israel,6353.0,1115.0,1356.0,-3671.4,23.0,17.0,555.0,1528.0,710.0,-2189.8,130.0
2025-03-14,korea,613.0,89.0,67.0,696.6,0.0,7.0,35.0,117.0,43.0,178.5,7.0
2025-03-14,libya,58.0,11.0,18.0,-84.4,0.0,0.0,13.0,7.0,0.0,7.0,0.0
2025-03-14,scs,2253.0,278.0,383.0,901.3,7.0,1.0,219.0,26.0,0.0,62.6,0.0
2025-03-14,southasia,6412.0,908.0,962.0,1586.1,15.0,23.0,340.0,33.0,18.0,-48.7,11.0
2025-03-14,sudan,718.0,107.0,127.0,3.0,4.0,5.0,48.0,5.0,5.0,-34.0,0.0
2025-03-14,taiwan,407.0,61.0,44.0,281.6,0.0,3.0,17.0,97.0,33.0,-58.8,11.0
2025-03-14,ukraine,5301.0,651.0,597.0,6130.0,32.0,21.0,174.0,2138.0,869.0,-591.4,117.0
2025-03-14,venezuela,277.0,26.0,37.0,358.0,0.0,0.0,31.0,63.0,25.0,-56.3,7.0
2025-03-14,yemen,27.0,2.0,6.0,16.3,0.0,0.0,2.0,18.0,9.0,-6.9,2.0
2025-03-15,drc,35.0,2.0,6.0,49.8,0.0,0.0,1.0,4.0,3.0,-11.0,0.0
2025-03-15,europe_east,594.0,52.0,85.0,744.8,2.0,5.0,48.0,58.0,16.0,39.6,8.0
2025-03-15,iran,973.0,158.0,127.0,456.9,11.0,1.0,43.0,134.0,50.0,-17.8,3.0
2025-03-15,israel,4341.0,808.0,992.0,-3673.8,15.0,2.0,423.0,1039.0,513.0,-1779.5,88.0
2025-03-15,korea,496.0,66.0,94.0,158.6,0.0,8.0,55.0,32.0,11.0,-18.1,5.0
2025-03-15,libya,63.0,13.0,8.0,26.0,0.0,0.0,7.0,0.0,0.0,0.0,0.0
2025-03-15,scs,1270.0,142.0,172.0,1232.4,1.0,1.0,95.0,75.0,32.0,10.8,2.0
2025-03-15,southasia,6656.0,1041.0,1109.0,217.5,10.0,17.0,410.0,45.0,20.0,-76.3,2.0
2025-03-15,sudan,206.0,41.0,35.0,21.7,0.0,0.0,22.0,3.0,1.0,2.7,0.0
2025-03-15,taiwan,241.0,30.0,27.0,276.9,0.0,0.0,15.0,63.0,30.0,-75.7,8.0
2025-03-15,ukraine,3471.0,420.0,481.0,2818.4,13.0,27.0,124.0,1421.0,578.0,-733.9,87.0
2025-03-15,venezuela,261.0,28.0,63.0,-74.2,0.0,0.0,34.0,76.0,45.0,-127.9,10.0
2025-03-15,yemen,304.0,66.0,136.0,-1034.6,4.0,2.0,57.0,82.0,56.0,-356.7,5.0
2025-03-16,drc,21.0,0.0,2.0,25.7,0.0,0.0,0.0,12.0,5.0,12.0,0.0
2025-03-16,europe_east,413.0,50.0,43.0,529.1,0.0,0.0,21.0,45.0,9.0,79.1,0.0
2025-03-16,iran,1097.0,299.0,173.0,-804.2,45.0,4.0,22.0,309.0,156.0,-340.7,11.0
2025-03-16,israel,3971.0,808.0,903.0,-4066.2,44.0,9.0,266.0,881.0,447.0,-1574.5,49.0
2025-03-16,korea,416.0,65.0,71.0,86.8,1.0,3.0,28.0,28.0,3.0,21.2,0.0
2025-03-16,libya,54.0,4.0,13.0,14.2,0.0,0.0,8.0,0.0,0.0,0.0,0.0
2025-03-16,scs,1125.0,122.0,198.0,315.8,1.0,0.0,116.0,23.0,19.0,-88.0,2.0
2025-03-16,southasia,6800.0,914.0,1452.0,-2980.4,16.0,18.0,399.0,27.0,8.0,10.4,0.0
2025-03-16,sudan,169.0,45.0,40.0,-244.9,5.0,5.0,13.0,3.0,1.0,-3.2,0.0
2025-03-16,taiwan,162.0,28.0,10.0,125.1,0.0,0.0,6.0,62.0,30.0,-97.9,7.0
2025-03-16,ukraine,2645.0,371.0,289.0,2777.1,24.0,12.0,71.0,1199.0,463.0,161.2,35.0
2025-03-16,venezuela,666.0,172.0,146.0,-344.2,2.0,0.0,115.0,203.0,115.0,-289.9,48.0
2025-03-16,yemen,887.0,200.0,321.0,-2943.8,31.0,1.0,46.0,292.0,220.0,-1467.2,27.0
2025-03-17,drc,70.0,4.0,8.0,122.2,0.0,0.0,3.0,88.0,35.0,44.6,0.0
2025-03-17,europe_east,1068.0,113.0,147.0,900.1,4.0,3.0,74.0,142.0,77.0,-195.7,16.0
2025-03-17,iran,1686.0,391.0,257.0,-832.8,50.0,2.0,48.0,296.0,138.0,-220.2,3.0
2025-03-17,israel,5652.0,1130.0,1374.0,-6580.7,40.0,6.0,449.0,1060.0,612.0,-2942.4,77.0
2025-03-17,korea,1087.0,133.0,129.0,1242.9,2.0,14.0,63.0,78.0,22.0,-24.8,2.0
2025-03-17,libya,86.0,13.0,21.0,-9.7,0.0,0.0,15.0,0.0,0.0,0.0,0.0
2025-03-17,scs,2033.0,266.0,302.0,1025.7,7.0,5.0,157.0,60.0,23.0,128.9,1.0
2025-03-17,southasia,9896.0,1576.0,1629.0,-257.6,28.0,35.0,630.0,30.0,10.0,-28.1,2.0
2025-03-17,sudan,425.0,56.0,132.0,-719.5,7.0,5.0,11.0,6.0,3.0,-15.8,0.0
2025-03-17,taiwan,399.0,58.0,26.0,443.4,3.0,0.0,6.0,111.0,51.0,-126.6,19.0
2025-03-17,ukraine,4171.0,497.0,575.0,4231.4,29.0,49.0,174.0,1397.0,566.0,-293.2,49.0
2025-03-17,venezuela,1063.0,231.0,258.0,-607.0,0.0,1.0,185.0,271.0,142.0,-380.5,57.0
2025-03-17,yemen,873.0,213.0,290.0,-2771.6,22.0,4.0,13.0,350.0,244.0,-1556.0,26.0
2025-03-18,drc,120.0,13.0,9.0,251.8,0.0,0.0,2.0,96.0,31.0,86.0,0.0
2025-03-18,europe_east,1509.0,172.0,126.0,2581.4,5.0,6.0,68.0,113.0,49.0,-157.5,16.0
2025-03-18,iran,1421.0,316.0,244.0,-767.1,25.0,1.0,50.0,330.0,178.0,-524.5,16.0
2025-03-18,israel,8716.0,1822.0,1999.0,-10355.5,83.0,21.0,485.0,2188.0,1277.0,-6154.7,127.0
2025-03-18,korea,1162.0,126.0,125.0,1423.2,0.0,21.0,43.0,70.0,11.0,113.7,0.0
2025-03-18,libya,109.0,16.0,20.0,14.6,0.0,0.0,10.0,0.0,0.0,0.0,0.0
2025-03-18,scs,1790.0,213.0,223.0,1777.4,5.0,0.0,132.0,39.0,11.0,56.6,2.0
2025-03-18,southasia,8864.0,1441.0,1116.0,3527.5,17.0,24.0,431.0,26.0,18.0,-84.3,2.0
2025-03-18,sudan,451.0,87.0,134.0,-642.5,0.0,5.0,30.0,0.0,0.0,0.0,0.0
2025-03-18,taiwan,522.0,95.0,73.0,124.4,1.0,0.0,35.0,175.0,83.0,-216.9,27.0
2025-03-18,ukraine,4918.0,609.0,559.0,5657.8,28.0,44.0,192.0,1706.0,524.0,1088.7,50.0
2025-03-18,venezuela,1120.0,269.0,216.0,-532.5,3.0,0.0,153.0,272.0,104.0,-87.7,40.0
2025-03-18,yemen,742.0,169.0,230.0,-1995.1,28.0,5.0,8.0,261.0,154.0,-915.2,14.0
2025-03-19,drc,136.0,14.0,32.0,-50.9,0.0,0.0,3.0,160.0,52.0,241.0,3.0
2025-03-19,europe_east,1125.0,105.0,87.0,1854.7,6.0,5.0,33.0,124.0,56.0,-95.3,16.0
2025-03-19,iran,1014.0,190.0,151.0,43.3,19.0,0.0,18.0,245.0,107.0,-301.6,12.0
2025-03-19,israel,7804.0,1637.0,1790.0,-9436.9,70.0,36.0,420.0,1696.0,940.0,-4056.0,102.0
2025-03-19,korea,866.0,82.0,101.0,1132.8,2.0,7.0,38.0,83.0,24.0,2.2,10.0
2025-03-19,libya,159.0,22.0,27.0,80.5,0.0,0.0,18.0,0.0,0.0,0.0,0.0
2025-03-19,scs,1841.0,209.0,230.0,1815.4,4.0,6.0,123.0,82.0,27.0,16.2,7.0
2025-03-19,southasia,8940.0,1277.0,1160.0,5208.5,18.0,20.0,528.0,24.0,8.0,-10.6,4.0
2025-03-19,sudan,469.0,80.0,126.0,-633.5,6.0,7.0,6.0,13.0,11.0,-97.4,2.0
2025-03-19,taiwan,487.0,60.0,59.0,399.7,0.0,3.0,18.0,125.0,58.0,-110.4,18.0
2025-03-19,ukraine,5494.0,774.0,714.0,4727.2,40.0,22.0,146.0,2328.0,922.0,122.4,62.0
2025-03-19,venezuela,759.0,186.0,116.0,-132.6,0.0,0.0,91.0,139.0,60.0,-127.5,25.0
2025-03-19,yemen,428.0,104.0,157.0,-1451.0,28.0,4.0,15.0,184.0,141.0,-1069.2,14.0
2025-03-20,drc,96.0,11.0,30.0,-133.9,0.0,0.0,4.0,64.0,26.0,8.7,1.0
2025-03-20,europe_east,1334.0,109.0,108.0,2079.8,8.0,13.0,47.0,105.0,32.0,-146.6,8.0
2025-03-20,iran,1399.0,240.0,244.0,457.4,17.0,2.0,123.0,322.0,117.0,-16.0,11.0
2025-03-20,israel,7559.0,1533.0,1994.0,-11938.4,72.0,29.0,511.0,1730.0,987.0,-4872.1,117.0
2025-03-20,korea,839.0,81.0,119.0,828.1,4.0,7.0,44.0,45.0,33.0,-164.5,9.0
2025-03-20,libya,76.0,14.0,9.0,50.1,0.0,0.0,3.0,0.0,0.0,0.0,0.0
2025-03-20,scs,1912.0,224.0,260.0,1832.3,6.0,1.0,181.0,130.0,30.0,165.5,6.0
2025-03-20,southasia,8608.0,1396.0,1167.0,2471.8,26.0,26.0,535.0,35.0,19.0,-30.6,9.0
2025-03-20,sudan,438.0,48.0,92.0,-220.1,6.0,12.0,10.0,7.0,4.0,-14.5,0.0
2025-03-20,taiwan,407.0,53.0,43.0,335.6,0.0,0.0,21.0,98.0,31.0,-21.2,4.0
2025-03-20,ukraine,4907.0,650.0,649.0,4478.2,29.0,32.0,149.0,1936.0,831.0,-1196.2,70.0
2025-03-20,venezuela,738.0,163.0,128.0,-193.4,0.0,0.0,94.0,198.0,88.0,-125.5,29.0
2025-03-20,yemen,454.0,105.0,191.0,-1847.4,17.0,4.0,7.0,265.0,184.0,-1529.4,10.0
2025-03-21,drc,98.0,8.0,36.0,-253.4,0.0,0.0,4.0,47.0,17.0,-66.5,0.0
2025-03-21,europe_east,1302.0,118.0,191.0,1048.6,4.0,24.0,88.0,84.0,40.0,-14.5,6.0
2025-03-21,iran,1199.0,207.0,207.0,-232.2,13.0,2.0,86.0,356.0,138.0,-246.5,27.0
2025-03-21,israel,5949.0,1329.0,1385.0,-7314.2,61.0,37.0,417.0,1350.0,735.0,-3229.9,106.0
2025-03-21,korea,1438.0,145.0,211.0,1628.1,10.0,25.0,53.0,180.0,79.0,-115.7,37.0
2025-03-21,libya,43.0,1.0,13.0,-68.6,0.0,0.0,0.0,0.0,0.0,0.0,0.0
2025-03-21,scs,1829.0,220.0,285.0,953.5,4.0,8.0,159.0,112.0,30.0,117.8,11.0
2025-03-21,southasia,8448.0,1309.0,1121.0,3052.8,16.0,22.0,504.0,30.0,6.0,37.9,6.0
2025-03-21,sudan,608.0,102.0,199.0,-1348.6,6.0,9.0,31.0,61.0,44.0,-330.1,1.0
2025-03-21,taiwan,523.0,113.0,41.0,217.0,0.0,0.0,15.0,141.0,62.0,-96.1,16.0
2025-03-21,ukraine,3952.0,485.0,578.0,3387.0,17.0,14.0,137.0,1691.0,808.0,-1764.3,55.0
2025-03-21,venezuela,812.0,159.0,138.0,40.4,3.0,4.0,104.0,180.0,94.0,-207.1,43.0
2025-03-21,yemen,327.0,72.0,96.0,-813.8,7.0,2.0,4.0,154.0,112.0,-900.9,6.0
2025-03-22,drc,53.0,19.0,3.0,36.1,2.0,0.0,2.0,33.0,6.0,23.0,0.0
2025-03-22,europe_east,596.0,75.0,86.0,460.3,1.0,3.0,54.0,46.0,32.0,-131.8,9.0
2025-03-22,iran,767.0,156.0,138.0,-309.6,8.0,3.0,52.0,198.0,66.0,-116.3,11.0
2025-03-22,israel,5167.0,1117.0,1255.0,-8265.5,95.0,22.0,228.0,1484.0,825.0,-4094.7,68.0
2025-03-22,korea,755.0,77.0,67.0,1268.8,1.0,15.0,18.0,40.0,16.0,-30.2,6.0
2025-03-22,libya,35.0,8.0,13.0,-100.1,0.0,0.0,2.0,0.0,0.0,0.0,0.0
2025-03-22,scs,1189.0,110.0,122.0,1696.7,2.0,8.0,53.0,55.0,21.0,-55.6,6.0
2025-03-22,southasia,7850.0,1274.0,1077.0,1506.9,12.0,12.0,439.0,13.0,5.0,10.8,0.0
2025-03-22,sudan,424.0,67.0,147.0,-857.5,7.0,8.0,40.0,28.0,17.0,-59.4,5.0
2025-03-22,taiwan,205.0,15.0,30.0,215.6,2.0,3.0,17.0,25.0,11.0,-13.3,3.0
2025-03-22,ukraine,2138.0,263.0,356.0,954.7,9.0,7.0,74.0,1008.0,437.0,-1065.4,35.0
2025-03-22,venezuela,681.0,100.0,148.0,177.3,0.0,0.0,116.0,186.0,81.0,-82.6,32.0
2025-03-22,yemen,174.0,35.0,51.0,-469.7,6.0,0.0,4.0,83.0,57.0,-444.6,3.0
2025-03-23,drc,26.0,5.0,6.0,-20.7,0.0,0.0,2.0,8.0,6.0,-19.5,1.0
2025-03-23,europe_east,428.0,60.0,44.0,260.3,1.0,1.0,22.0,22.0,3.0,31.5,3.0
2025-03-23,iran,537.0,82.0,72.0,375.2,3.0,0.0,24.0,161.0,60.0,-125.1,9.0
2025-03-23,israel,5103.0,1028.0,1283.0,-7924.3,43.0,18.0,259.0,1335.0,803.0,-4547.8,63.0
2025-03-23,korea,451.0,52.0,65.0,466.6,1.0,6.0,25.0,18.0,6.0,1.8,0.0
2025-03-23,libya,23.0,1.0,12.0,-65.4,0.0,0.0,4.0,0.0,0.0,0.0,0.0
2025-03-23,scs,941.0,99.0,111.0,920.1,2.0,0.0,65.0,52.0,19.0,-29.8,3.0
2025-03-23,southasia,6596.0,945.0,1012.0,531.9,6.0,10.0,395.0,24.0,3.0,35.5,1.0
2025-03-23,sudan,230.0,41.0,82.0,-526.1,2.0,0.0,15.0,15.0,14.0,-91.6,0.0
2025-03-23,taiwan,180.0,23.0,12.0,264.3,1.0,0.0,10.0,37.0,16.0,-12.8,8.0
2025-03-23,ukraine,2147.0,252.0,273.0,2007.4,6.0,8.0,27.0,1017.0,385.0,-318.2,39.0
2025-03-23,venezuela,566.0,90.0,112.0,454.4,2.0,0.0,97.0,126.0,79.0,-275.6,29.0
2025-03-23,yemen,209.0,42.0,93.0,-820.5,2.0,3.0,6.0,129.0,105.0,-864.0,6.0
2025-03-24,drc,97.0,18.0,28.0,-165.4,0.0,0.0,1.0,30.0,8.0,21.4,0.0
2025-03-24,europe_east,968.0,104.0,109.0,1170.5,4.0,2.0,65.0,29.0,6.0,42.1,4.0
2025-03-24,iran,1008.0,171.0,187.0,-107.1,15.0,3.0,74.0,285.0,118.0,-227.7,14.0
2025-03-24,israel,6412.0,1289.0,1603.0,-8995.9,68.0,21.0,347.0,1551.0,876.0,-4194.6,82.0
2025-03-24,korea,1321.0,264.0,220.0,95.1,0.0,16.0,91.0,49.0,25.0,-71.0,6.0
2025-03-24,libya,53.0,6.0,11.0,39.6,0.0,1.0,7.0,0.0,0.0,0.0,0.0
2025-03-24,scs,1713.0,179.0,169.0,2321.4,0.0,18.0,80.0,74.0,43.0,-176.3,16.0
2025-03-24,southasia,8353.0,1541.0,1158.0,679.6,14.0,13.0,555.0,18.0,4.0,14.8,1.0
2025-03-24,sudan,506.0,108.0,158.0,-1055.6,14.0,7.0,42.0,7.0,7.0,-58.0,0.0
2025-03-24,taiwan,306.0,41.0,42.0,324.8,1.0,1.0,26.0,85.0,33.0,13.0,13.0
2025-03-24,ukraine,3958.0,390.0,540.0,4349.2,18.0,11.0,104.0,1600.0,615.0,-661.1,38.0
2025-03-24,venezuela,1172.0,194.0,227.0,578.3,1.0,0.0,171.0,368.0,182.0,-178.4,76.0
2025-03-24,yemen,732.0,125.0,194.0,-1492.3,7.0,1.0,15.0,253.0,145.0,-936.5,12.0
2025-03-25,drc,113.0,13.0,32.0,-91.3,1.0,1.0,7.0,43.0,19.0,-29.3,4.0
2025-03-25,europe_east,948.0,85.0,81.0,1406.4,2.0,0.0,35.0,73.0,17.0,96.7,2.0
2025-03-25,iran,1017.0,181.0,127.0,197.1,11.0,5.0,45.0,221.0,90.0,-128.0,6.0
2025-03-25,israel,7099.0,1295.0,2020.0,-11012.0,51.0,34.0,557.0,1640.0,1002.0,-4954.9,140.0
2025-03-25,korea,1327.0,177.0,198.0,926.3,0.0,18.0,84.0,48.0,19.0,-8.5,1.0
2025-03-25,libya,95.0,6.0,14.0,128.0,0.0,0.0,7.0,0.0,0.0,0.0,0.0
2025-03-25,scs,2127.0,219.0,222.0,2934.8,3.0,8.0,129.0,120.0,52.0,-102.4,11.0
2025-03-25,southasia,8709.0,1381.0,1195.0,3302.9,9.0,20.0,611.0,18.0,11.0,-9.2,5.0
2025-03-25,sudan,643.0,132.0,229.0,-1890.2,14.0,11.0,37.0,28.0,23.0,-177.1,0.0
2025-03-25,taiwan,421.0,56.0,47.0,291.5,0.0,1.0,29.0,89.0,34.0,-55.5,10.0
2025-03-25,ukraine,3981.0,464.0,552.0,4010.0,19.0,4.0,146.0,1741.0,660.0,213.3,58.0
2025-03-25,venezuela,868.0,126.0,169.0,209.4,0.0,0.0,138.0,260.0,101.0,-78.5,51.0
2025-03-25,yemen,2021.0,445.0,293.0,-2140.6,50.0,0.0,28.0,633.0,281.0,-1152.2,33.0
2025-03-26,drc,16.0,0.0,5.0,-27.5,0.0,1.0,0.0,17.0,8.0,-28.6,0.0
2025-03-26,europe_east,1274.0,131.0,147.0,1412.7,6.0,9.0,63.0,153.0,79.0,-340.7,33.0
2025-03-26,iran,918.0,148.0,123.0,578.5,11.0,6.0,53.0,251.0,88.0,-37.3,10.0
2025-03-26,israel,6117.0,1185.0,1495.0,-7367.6,50.0,22.0,503.0,1299.0,723.0,-3166.2,121.0
2025-03-26,korea,1184.0,139.0,205.0,348.3,1.0,6.0,83.0,34.0,14.0,-15.4,1.0
2025-03-26,libya,124.0,16.0,14.0,132.3,2.0,0.0,4.0,1.0,0.0,7.4,0.0
2025-03-26,scs,2265.0,247.0,209.0,3394.8,2.0,9.0,118.0,106.0,31.0,-5.8,2.0
2025-03-26,southasia,9122.0,1473.0,1283.0,2510.2,12.0,23.0,581.0,20.0,7.0,-3.8,0.0
2025-03-26,sudan,921.0,101.0,242.0,-423.7,11.0,11.0,18.0,57.0,35.0,-241.4,2.0
2025-03-26,taiwan,449.0,68.0,56.0,214.4,0.0,1.0,34.0,188.0,51.0,142.0,16.0
2025-03-26,ukraine,3495.0,551.0,470.0,2694.8,32.0,9.0,136.0,1639.0,793.0,-1035.6,73.0
2025-03-26,venezuela,665.0,102.0,123.0,234.6,0.0,0.0,89.0,129.0,71.0,-169.3,37.0
2025-03-26,yemen,1896.0,379.0,230.0,-1044.4,42.0,3.0,30.0,514.0,205.0,-751.0,36.0
2025-03-27,drc,83.0,1.0,28.0,-35.8,0.0,7.0,2.0,38.0,19.0,-111.5,11.0
2025-03-27,europe_east,1355.0,134.0,190.0,1490.0,6.0,11.0,78.0,141.0,70.0,-262.5,22.0
2025-03-27,iran,877.0,144.0,146.0,0.1,7.0,5.0,65.0,248.0,112.0,-129.7,28.0
2025-03-27,israel,6386.0,1196.0,1490.0,-6923.9,42.0,24.0,421.0,1283.0,757.0,-3893.4,73.0
2025-03-27,korea,1464.0,160.0,227.0,1053.0,7.0,15.0,64.0,144.0,31.0,213.6,0.0
2025-03-27,libya,130.0,16.0,25.0,38.7,0.0,0.0,17.0,0.0,0.0,0.0,0.0
2025-03-27,scs,1994.0,206.0,249.0,2242.8,2.0,4.0,144.0,131.0,43.0,74.2,5.0
2025-03-27,southasia,8763.0,1310.0,1291.0,2611.8,24.0,19.0,540.0,13.0,5.0,-25.4,3.0
2025-03-27,sudan,1460.0,252.0,350.0,-1335.4,33.0,13.0,94.0,47.0,25.0,-101.6,1.0
2025-03-27,taiwan,425.0,79.0,49.0,288.7,0.0,0.0,31.0,134.0,76.0,-251.4,24.0
2025-03-27,ukraine,3564.0,492.0,498.0,3207.6,14.0,52.0,116.0,1198.0,512.0,-282.6,45.0
2025-03-27,venezuela,774.0,141.0,132.0,353.9,6.0,0.0,101.0,282.0,150.0,-281.2,51.0
2025-03-27,yemen,1261.0,285.0,178.0,-1477.3,52.0,1.0,25.0,343.0,180.0,-1002.4,23.0
2025-03-28,drc,83.0,13.0,29.0,-165.0,2.0,6.0,7.0,48.0,19.0,-24.6,5.0
2025-03-28,europe_east,1053.0,106.0,133.0,1344.7,3.0,6.0,65.0,49.0,26.0,-92.5,5.0
2025-03-28,iran,992.0,171.0,143.0,-188.6,8.0,7.0,61.0,327.0,127.0,-203.2,22.0
2025-03-28,israel,6286.0,1406.0,1589.0,-9257.5,67.0,21.0,475.0,1445.0,877.0,-4289.8,109.0
2025-03-28,korea,962.0,126.0,145.0,572.6,4.0,7.0,48.0,71.0,36.0,-122.5,6.0
2025-03-28,libya,215.0,20.0,23.0,400.4,0.0,0.0,16.0,0.0,0.0,0.0,0.0
2025-03-28,scs,2264.0,226.0,189.0,3279.4,0.0,24.0,79.0,237.0,82.0,131.7,14.0
2025-03-28,southasia,8637.0,1344.0,1310.0,2469.6,10.0,35.0,618.0,9.0,2.0,3.0,0.0
2025-03-28,sudan,1032.0,165.0,199.0,-297.0,9.0,6.0,68.0,19.0,14.0,-94.9,0.0
2025-03-28,taiwan,388.0,60.0,57.0,210.9,0.0,6.0,28.0,116.0,69.0,-273.6,27.0
2025-03-28,ukraine,2988.0,422.0,437.0,2277.8,13.0,57.0,108.0,1224.0,559.0,-673.4,49.0
2025-03-28,venezuela,762.0,165.0,139.0,-13.9,5.0,1.0,101.0,243.0,130.0,-328.5,52.0
2025-03-28,yemen,937.0,186.0,144.0,-840.9,30.0,1.0,17.0,206.0,106.0,-595.6,5.0
2025-03-29,drc,29.0,3.0,12.0,-99.9,0.0,0.0,1.0,16.0,1.0,64.9,0.0
2025-03-29,europe_east,538.0,70.0,73.0,308.9,2.0,5.0,37.0,25.0,14.0,-64.9,4.0
2025-03-29,iran,622.0,145.0,58.0,83.1,12.0,5.0,19.0,165.0,65.0,-48.6,10.0
2025-03-29,israel,3808.0,805.0,1007.0,-5735.6,33.0,8.0,293.0,799.0,514.0,-2651.0,59.0
2025-03-29,korea,514.0,51.0,63.0,671.9,2.0,8.0,15.0,29.0,12.0,-12.8,2.0
2025-03-29,libya,81.0,2.0,7.0,179.1,0.0,0.0,2.0,0.0,0.0,0.0,0.0
2025-03-29,scs,1518.0,144.0,169.0,1745.5,1.0,18.0,77.0,45.0,27.0,-52.7,3.0
2025-03-29,southasia,7947.0,1174.0,1157.0,2056.6,10.0,36.0,474.0,24.0,9.0,0.2,1.0
2025-03-29,sudan,736.0,84.0,141.0,-127.4,3.0,3.0,46.0,21.0,13.0,-94.8,2.0
2025-03-29,taiwan,181.0,16.0,27.0,186.7,0.0,5.0,6.0,22.0,12.0,-29.6,2.0
2025-03-29,ukraine,1553.0,254.0,259.0,74.3,17.0,6.0,36.0,716.0,368.0,-1334.7,25.0
2025-03-29,venezuela,332.0,50.0,63.0,95.4,0.0,0.0,52.0,109.0,63.0,-289.0,36.0
2025-03-29,yemen,372.0,57.0,71.0,-340.3,3.0,1.0,15.0,112.0,51.0,-237.2,2.0
2025-03-30,drc,15.0,2.0,2.0,39.2,0.0,0.0,1.0,10.0,6.0,-26.7,2.0
2025-03-30,europe_east,450.0,43.0,58.0,503.3,1.0,5.0,27.0,42.0,13.0,44.5,2.0
2025-03-30,iran,1054.0,304.0,142.0,-612.0,49.0,3.0,56.0,409.0,213.0,-500.3,63.0
2025-03-30,israel,4244.0,760.0,1050.0,-4677.8,56.0,16.0,248.0,1078.0,614.0,-2805.5,97.0
2025-03-30,korea,470.0,64.0,41.0,568.2,4.0,1.0,14.0,19.0,0.0,82.4,0.0
2025-03-30,libya,35.0,3.0,6.0,17.7,0.0,0.0,6.0,0.0,0.0,0.0,0.0
2025-03-30,scs,1131.0,91.0,101.0,1781.6,2.0,9.0,40.0,45.0,19.0,-22.2,2.0
2025-03-30,southasia,6297.0,705.0,895.0,3480.8,11.0,40.0,364.0,5.0,2.0,-4.0,2.0
2025-03-30,sudan,313.0,48.0,42.0,227.2,11.0,0.0,9.0,29.0,15.0,25.3,5.0
2025-03-30,taiwan,224.0,21.0,19.0,254.0,0.0,2.0,8.0,23.0,18.0,-86.2,1.0
2025-03-30,ukraine,1579.0,299.0,294.0,-399.5,6.0,10.0,74.0,877.0,451.0,-1491.0,51.0
2025-03-30,venezuela,243.0,42.0,42.0,73.4,3.0,0.0,33.0,99.0,51.0,-74.5,25.0
2025-03-30,yemen,429.0,67.0,89.0,-577.4,8.0,4.0,3.0,117.0,59.0,-369.2,1.0
2025-03-31,drc,18.0,0.0,4.0,4.6,0.0,0.0,0.0,18.0,2.0,53.7,2.0
2025-03-31,europe_east,1167.0,124.0,141.0,1292.8,1.0,13.0,69.0,138.0,75.0,-247.4,11.0
2025-03-31,iran,1309.0,378.0,169.0,-818.9,67.0,5.0,51.0,476.0,221.0,-334.0,55.0
2025-03-31,israel,5262.0,962.0,1250.0,-5396.6,36.0,17.0,404.0,1133.0,623.0,-2576.5,90.0
2025-03-31,korea,752.0,132.0,74.0,566.7,4.0,13.0,23.0,30.0,11.0,23.9,2.0
2025-03-31,libya,70.0,5.0,11.0,2.5,0.0,0.0,5.0,0.0,0.0,0.0,0.0
2025-03-31,scs,1571.0,157.0,146.0,2210.4,2.0,21.0,56.0,69.0,41.0,-155.9,1.0
2025-03-31,southasia,7035.0,944.0,844.0,4753.4,12.0,20.0,418.0,10.0,6.0,-35.7,2.0
2025-03-31,sudan,604.0,88.0,70.0,574.1,12.0,3.0,15.0,22.0,14.0,-29.4,5.0
2025-03-31,taiwan,380.0,57.0,15.0,680.1,1.0,1.0,6.0,131.0,42.0,84.0,9.0
2025-03-31,ukraine,2935.0,486.0,462.0,912.8,21.0,19.0,156.0,1074.0,493.0,-717.5,28.0
2025-03-31,venezuela,371.0,74.0,65.0,193.2,1.0,0.0,45.0,68.0,33.0,-55.6,19.0
2025-03-31,yemen,462.0,82.0,103.0,-636.7,16.0,3.0,15.0,124.0,56.0,-288.8,5.0
2025-04-01,drc,51.0,6.0,14.0,-40.3,0.0,0.0,0.0,8.0,3.0,-0.6,0.0
2025-04-01,europe_east,1325.0,110.0,175.0,1965.7,2.0,18.0,86.0,105.0,36.0,30.4,9.0
2025-04-01,iran,1537.0,360.0,283.0,-1092.8,44.0,8.0,115.0,432.0,215.0,-538.7,32.0
2025-04-01,israel,5671.0,1257.0,1304.0,-6873.8,66.0,14.0,386.0,1219.0,720.0,-3100.6,63.0
2025-04-01,korea,913.0,125.0,105.0,989.7,4.0,6.0,55.0,72.0,5.0,174.9,1.0
2025-04-01,libya,59.0,9.0,10.0,15.0,0.0,0.0,6.0,0.0,0.0,0.0,0.0
2025-04-01,scs,1827.0,162.0,152.0,2767.3,3.0,16.0,51.0,52.0,17.0,33.5,3.0
2025-04-01,southasia,7639.0,1156.0,879.0,5425.7,5.0,31.0,418.0,21.0,13.0,-17.9,3.0
2025-04-01,sudan,673.0,79.0,160.0,-141.3,3.0,5.0,32.0,14.0,13.0,-116.5,0.0
2025-04-01,taiwan,905.0,195.0,146.0,-201.2,11.0,14.0,33.0,429.0,244.0,-746.4,81.0
2025-04-01,ukraine,2649.0,415.0,420.0,1202.9,15.0,7.0,129.0,1065.0,511.0,-1020.6,51.0
2025-04-01,venezuela,571.0,109.0,105.0,100.6,4.0,0.0,73.0,153.0,53.0,-7.6,25.0
2025-04-01,yemen,543.0,90.0,134.0,-890.9,5.0,1.0,6.0,136.0,56.0,-305.5,4.0
2025-04-02,drc,112.0,4.0,29.0,16.0,0.0,0.0,16.0,23.0,7.0,3.0,0.0
2025-04-02,europe_east,1237.0,94.0,153.0,1778.8,3.0,11.0,58.0,51.0,9.0,212.3,0.0
2025-04-02,iran,1076.0,230.0,180.0,-461.9,37.0,8.0,53.0,287.0,110.0,10.8,19.0
2025-04-02,israel,5579.0,1107.0,1352.0,-6484.8,64.0,28.0,399.0,1191.0,740.0,-3811.7,96.0
2025-04-02,korea,725.0,104.0,64.0,862.4,1.0,5.0,28.0,70.0,19.0,94.2,1.0
2025-04-02,libya,79.0,19.0,19.0,-39.3,0.0,0.0,9.0,0.0,0.0,0.0,0.0
2025-04-02,scs,2056.0,188.0,171.0,3299.1,2.0,10.0,74.0,137.0,38.0,57.4,0.0
2025-04-02,southasia,7835.0,1331.0,881.0,4128.7,9.0,12.0,409.0,74.0,48.0,-134.7,14.0
2025-04-02,sudan,480.0,82.0,79.0,-33.5,0.0,4.0,19.0,9.0,7.0,-45.2,0.0
2025-04-02,taiwan,854.0,173.0,131.0,-120.2,2.0,4.0,22.0,367.0,183.0,-483.9,65.0
2025-04-02,ukraine,2356.0,333.0,312.0,1989.1,13.0,16.0,96.0,779.0,396.0,-1074.1,23.0
2025-04-02,venezuela,426.0,59.0,67.0,332.0,0.0,0.0,52.0,153.0,63.0,-88.8,27.0
2025-04-02,yemen,420.0,81.0,137.0,-1138.0,12.0,11.0,16.0,88.0,65.0,-444.9,6.0
2025-04-03,drc,142.0,10.0,46.0,-168.3,0.0,0.0,17.0,22.0,9.0,6.0,0.0
2025-04-03,europe_east,1128.0,107.0,100.0,1902.0,4.0,7.0,52.0,87.0,20.0,162.4,0.0
2025-04-03,iran,847.0,181.0,144.0,-271.1,31.0,5.0,61.0,231.0,119.0,-402.1,17.0
2025-04-03,israel,6194.0,1306.0,1518.0,-7632.7,42.0,17.0,461.0,1289.0,803.0,-4129.6,68.0
2025-04-03,korea,1017.0,124.0,97.0,1354.4,5.0,2.0,48.0,30.0,8.0,9.9,6.0
2025-04-03,libya,205.0,15.0,50.0,30.1,2.0,0.0,22.0,1.0,1.0,-5.0,0.0
2025-04-03,scs,2184.0,200.0,203.0,3672.2,2.0,3.0,107.0,218.0,73.0,3.8,23.0
2025-04-03,southasia,8517.0,1432.0,959.0,5013.5,21.0,21.0,453.0,15.0,10.0,-22.4,0.0
2025-04-03,sudan,630.0,70.0,120.0,-93.2,10.0,0.0,16.0,13.0,11.0,-86.8,0.0
2025-04-03,taiwan,574.0,72.0,71.0,490.5,1.0,3.0,15.0,180.0,63.0,-65.1,22.0
2025-04-03,ukraine,2286.0,279.0,240.0,3127.3,12.0,14.0,79.0,672.0,296.0,-457.7,27.0
2025-04-03,venezuela,379.0,74.0,76.0,46.2,0.0,0.0,69.0,86.0,36.0,-38.3,19.0
2025-04-03,yemen,557.0,79.0,125.0,-893.9,13.0,0.0,10.0,165.0,76.0,-382.7,4.0
2025-04-04,drc,108.0,4.0,42.0,-164.3,3.0,0.0,6.0,22.0,13.0,-30.2,0.0
2025-04-04,europe_east,943.0,83.0,102.0,1915.1,0.0,4.0,66.0,40.0,10.0,16.9,6.0
2025-04-04,iran,953.0,206.0,140.0,82.5,15.0,14.0,36.0,231.0,100.0,-38.3,13.0
2025-04-04,israel,5802.0,1247.0,1560.0,-9344.9,63.0,21.0,366.0,1343.0,867.0,-4794.6,62.0
2025-04-04,korea,1585.0,259.0,303.0,257.0,3.0,33.0,203.0,61.0,14.0,52.1,7.0
2025-04-04,libya,110.0,17.0,12.0,152.9,0.0,0.0,9.0,0.0,0.0,0.0,0.0
2025-04-04,scs,1596.0,171.0,130.0,2232.0,1.0,3.0,78.0,167.0,47.0,37.5,26.0
2025-04-04,southasia,8759.0,1381.0,914.0,6235.4,13.0,21.0,421.0,6.0,0.0,33.6,0.0
2025-04-04,sudan,517.0,80.0,122.0,-376.5,6.0,3.0,32.0,18.0,15.0,-140.3,0.0
2025-04-04,taiwan,516.0,65.0,56.0,471.7,1.0,2.0,19.0,162.0,62.0,-144.5,24.0
2025-04-04,ukraine,2502.0,315.0,326.0,2269.6,18.0,8.0,98.0,867.0,391.0,-743.8,31.0
2025-04-04,venezuela,436.0,74.0,90.0,129.3,0.0,0.0,72.0,141.0,63.0,-59.7,43.0
2025-04-04,yemen,472.0,77.0,94.0,-498.8,2.0,3.0,17.0,135.0,69.0,-318.6,8.0
2025-04-05,drc,47.0,9.0,9.0,15.2,4.0,0.0,2.0,10.0,6.0,-18.8,0.0
2025-04-05,europe_east,370.0,48.0,48.0,280.8,1.0,0.0,23.0,32.0,22.0,-95.0,5.0
2025-04-05,iran,635.0,133.0,75.0,23.2,14.0,0.0,31.0,154.0,47.0,5.9,5.0
2025-04-05,israel,3596.0,620.0,654.0,-735.5,21.0,7.0,176.0,609.0,331.0,-1574.4,21.0
2025-04-05,korea,695.0,122.0,104.0,199.6,4.0,12.0,55.0,23.0,3.0,19.4,0.0
2025-04-05,libya,83.0,8.0,20.0,11.0,0.0,0.0,17.0,0.0,0.0,0.0,0.0
2025-04-05,scs,1060.0,94.0,111.0,1377.7,2.0,4.0,62.0,137.0,63.0,-128.6,23.0
2025-04-05,southasia,7381.0,1144.0,775.0,5486.8,11.0,27.0,351.0,8.0,3.0,2.7,0.0
2025-04-05,sudan,218.0,30.0,28.0,217.2,0.0,0.0,20.0,4.0,0.0,6.6,0.0
2025-04-05,taiwan,376.0,36.0,27.0,646.1,1.0,2.0,2.0,120.0,55.0,-171.5,18.0
2025-04-05,ukraine,1886.0,269.0,335.0,231.4,9.0,3.0,60.0,764.0,416.0,-1381.5,17.0
2025-04-05,venezuela,272.0,51.0,68.0,-84.6,0.0,0.0,45.0,98.0,32.0,29.8,21.0
2025-04-05,yemen,175.0,35.0,35.0,-233.8,7.0,2.0,2.0,44.0,22.0,-94.4,3.0
2025-04-06,drc,40.0,1.0,7.0,-2.4,0.0,0.0,0.0,11.0,2.0,9.4,0.0
2025-04-06,europe_east,304.0,28.0,53.0,255.7,1.0,4.0,20.0,15.0,11.0,-60.2,4.0
2025-04-06,iran,976.0,182.0,142.0,218.3,19.0,16.0,39.0,384.0,155.0,-242.5,18.0
2025-04-06,israel,4970.0,839.0,1257.0,-5762.0,30.0,33.0,344.0,1147.0,614.0,-3126.0,56.0
2025-04-06,korea,359.0,51.0,65.0,50.7,2.0,0.0,40.0,10.0,6.0,-31.8,3.0
2025-04-06,libya,59.0,8.0,29.0,-244.9,0.0,0.0,3.0,0.0,0.0,0.0,0.0
2025-04-06,scs,1140.0,116.0,91.0,1776.5,1.0,2.0,49.0,73.0,28.0,24.5,6.0
2025-04-06,southasia,6291.0,861.0,689.0,5044.6,4.0,33.0,349.0,29.0,4.0,60.0,3.0
2025-04-06,sudan,445.0,84.0,98.0,-316.9,6.0,0.0,37.0,22.0,5.0,0.3,0.0
2025-04-06,taiwan,257.0,32.0,24.0,325.1,3.0,1.0,7.0,64.0,29.0,-50.2,5.0
2025-04-06,ukraine,1591.0,271.0,349.0,-910.1,15.0,6.0,71.0,707.0,446.0,-2140.0,32.0
2025-04-06,venezuela,190.0,16.0,46.0,50.3,5.0,0.0,31.0,61.0,18.0,47.2,11.0
2025-04-06,yemen,297.0,32.0,78.0,-540.2,5.0,1.0,5.0,68.0,41.0,-306.2,0.0
2025-04-07,drc,74.0,5.0,18.0,-1.0,0.0,0.0,2.0,8.0,0.0,21.6,0.0
2025-04-07,europe_east,1081.0,91.0,103.0,1659.8,1.0,6.0,54.0,75.0,29.0,-41.2,10.0
2025-04-07,iran,1412.0,236.0,162.0,1126.6,16.0,11.0,44.0,688.0,158.0,1209.8,12.0
2025-04-07,israel,7544.0,1332.0,1625.0,-6267.7,49.0,19.0,402.0,1594.0,854.0,-4173.0,68.0
2025-04-07,korea,671.0,75.0,78.0,941.2,1.0,0.0,49.0,22.0,12.0,-39.2,0.0
2025-04-07,libya,88.0,14.0,10.0,16.3,2.0,0.0,3.0,0.0,0.0,0.0,0.0
2025-04-07,scs,1923.0,205.0,159.0,2876.0,2.0,15.0,89.0,186.0,55.0,56.1,15.0
2025-04-07,southasia,8777.0,1277.0,1043.0,5820.7,21.0,33.0,450.0,21.0,5.0,49.0,0.0
2025-04-07,sudan,481.0,86.0,116.0,-434.2,5.0,0.0,42.0,6.0,2.0,-8.8,0.0
2025-04-07,taiwan,515.0,77.0,53.0,589.5,9.0,0.0,28.0,162.0,58.0,-36.5,21.0
2025-04-07,ukraine,1847.0,238.0,309.0,1098.2,15.0,12.0,92.0,696.0,370.0,-1405.4,42.0
2025-04-07,venezuela,304.0,56.0,62.0,-23.0,3.0,0.0,50.0,41.0,24.0,-71.1,14.0
2025-04-07,yemen,293.0,30.0,77.0,-264.8,6.0,0.0,3.0,71.0,37.0,-142.6,0.0
2025-04-08,drc,71.0,7.0,23.0,-147.9,0.0,0.0,4.0,13.0,10.0,-90.1,0.0
2025-04-08,europe_east,1131.0,107.0,112.0,1659.9,9.0,15.0,58.0,68.0,48.0,-205.0,19.0
2025-04-08,iran,2383.0,378.0,232.0,2983.8,20.0,7.0,114.0,1160.0,228.0,2335.1,23.0
2025-04-08,israel,6879.0,1344.0,1174.0,-2076.2,54.0,16.0,347.0,1443.0,729.0,-2825.1,72.0
2025-04-08,korea,1370.0,173.0,219.0,926.7,17.0,11.0,79.0,169.0,106.0,-727.7,37.0
2025-04-08,libya,152.0,9.0,5.0,422.8,0.0,1.0,2.0,0.0,0.0,0.0,0.0
2025-04-08,scs,1825.0,221.0,182.0,2017.2,2.0,9.0,78.0,139.0,36.0,142.7,5.0
2025-04-08,southasia,8974.0,1244.0,1001.0,7051.7,20.0,35.0,473.0,21.0,13.0,-33.5,7.0
2025-04-08,sudan,476.0,85.0,86.0,-142.4,5.0,0.0,36.0,1.0,1.0,-5.0,0.0
2025-04-08,taiwan,440.0,69.0,48.0,369.6,7.0,5.0,8.0,120.0,42.0,-26.7,10.0
2025-04-08,ukraine,2420.0,304.0,385.0,1282.8,11.0,24.0,85.0,1006.0,445.0,-1261.2,40.0
2025-04-08,venezuela,574.0,105.0,112.0,3.4,1.0,0.0,88.0,148.0,84.0,-177.7,52.0
2025-04-08,yemen,329.0,38.0,64.0,59.5,2.0,2.0,19.0,106.0,39.0,-57.1,2.0
2025-04-09,drc,124.0,23.0,34.0,-112.4,0.0,0.0,15.0,27.0,4.0,53.0,0.0
2025-04-09,europe_east,949.0,88.0,116.0,1360.8,6.0,4.0,60.0,68.0,25.0,38.0,5.0
2025-04-09,iran,1745.0,249.0,202.0,2475.1,10.0,5.0,81.0,747.0,167.0,1362.8,14.0
2025-04-09,israel,5689.0,1005.0,1242.0,-3487.7,25.0,8.0,444.0,1101.0,550.0,-1964.4,76.0
2025-04-09,korea,1389.0,166.0,177.0,1782.9,16.0,12.0,49.0,182.0,124.0,-528.0,27.0
2025-04-09,libya,61.0,3.0,6.0,105.9,0.0,0.0,1.0,1.0,0.0,3.4,0.0
2025-04-09,scs,1921.0,222.0,143.0,2993.8,1.0,4.0,72.0,138.0,30.0,192.5,10.0
2025-04-09,southasia,9787.0,1615.0,1191.0,6325.7,30.0,22.0,606.0,70.0,30.0,-24.7,8.0
2025-04-09,sudan,564.0,104.0,133.0,-483.6,5.0,0.0,60.0,4.0,2.0,-1.0,1.0
2025-04-09,taiwan,451.0,44.0,29.0,751.9,5.0,3.0,4.0,78.0,14.0,118.0,5.0
2025-04-09,ukraine,2344.0,260.0,398.0,1280.6,13.0,19.0,112.0,913.0,401.0,-493.2,65.0
2025-04-09,venezuela,610.0,143.0,121.0,-315.0,0.0,0.0,89.0,144.0,78.0,-240.4,48.0
2025-04-09,yemen,204.0,37.0,43.0,-163.9,0.0,2.0,7.0,82.0,52.0,-291.3,0.0
2025-04-10,drc,81.0,6.0,30.0,-182.1,0.0,0.0,10.0,12.0,4.0,-3.2,0.0
2025-04-10,europe_east,1200.0,166.0,251.0,-187.6,1.0,120.0,77.0,87.0,37.0,-106.8,8.0
2025-04-10,iran,1394.0,264.0,202.0,442.5,41.0,5.0,94.0,596.0,185.0,341.0,26.0
2025-04-10,israel,6016.0,1041.0,1183.0,-2363.2,45.0,22.0,451.0,1235.0,577.0,-1961.6,107.0
2025-04-10,korea,889.0,106.0,88.0,1457.3,7.0,6.0,41.0,79.0,31.0,-90.8,6.0
2025-04-10,libya,79.0,7.0,7.0,217.1,0.0,0.0,3.0,0.0,0.0,0.0,0.0
2025-04-10,scs,1946.0,180.0,206.0,2395.3,0.0,4.0,71.0,140.0,34.0,187.8,13.0
2025-04-10,southasia,10835.0,2032.0,1667.0,1460.9,63.0,44.0,844.0,230.0,125.0,-401.5,22.0
2025-04-10,sudan,755.0,122.0,144.0,-307.1,7.0,0.0,39.0,19.0,15.0,-69.0,0.0
2025-04-10,taiwan,536.0,64.0,66.0,469.0,1.0,1.0,31.0,137.0,43.0,70.3,12.0
2025-04-10,ukraine,3100.0,318.0,414.0,3688.1,7.0,22.0,124.0,918.0,418.0,-594.1,65.0
2025-04-10,venezuela,322.0,58.0,78.0,-108.1,1.0,2.0,59.0,90.0,40.0,-47.3,22.0
2025-04-10,yemen,286.0,54.0,84.0,-613.0,1.0,0.0,5.0,83.0,65.0,-391.3,2.0
2025-04-11,drc,87.0,12.0,17.0,-90.5,0.0,0.0,5.0,13.0,2.0,19.2,0.0
2025-04-11,europe_east,1023.0,100.0,118.0,1349.4,6.0,3.0,74.0,108.0,35.0,-35.2,3.0
2025-04-11,iran,1854.0,271.0,204.0,2418.6,42.0,4.0,102.0,701.0,147.0,1120.3,7.0
2025-04-11,israel,5095.0,958.0,1086.0,-3528.0,38.0,9.0,423.0,1052.0,537.0,-1997.6,86.0
2025-04-11,korea,831.0,92.0,113.0,1136.5,3.0,10.0,58.0,56.0,21.0,18.9,7.0
2025-04-11,libya,109.0,5.0,20.0,84.8,1.0,0.0,11.0,0.0,0.0,0.0,0.0
2025-04-11,scs,1702.0,211.0,183.0,1718.0,2.0,1.0,89.0,358.0,72.0,598.5,15.0
2025-04-11,southasia,9870.0,1613.0,1280.0,5140.2,87.0,23.0,635.0,90.0,29.0,-41.4,11.0
2025-04-11,sudan,706.0,113.0,166.0,-648.8,17.0,6.0,38.0,10.0,8.0,-48.0,0.0
2025-04-11,taiwan,457.0,61.0,45.0,674.2,1.0,1.0,29.0,94.0,42.0,-104.9,16.0
2025-04-11,ukraine,3916.0,394.0,348.0,6841.9,24.0,18.0,115.0,1141.0,439.0,70.3,53.0
2025-04-11,venezuela,377.0,92.0,92.0,-439.1,0.0,0.0,72.0,53.0,41.0,-159.1,18.0
2025-04-11,yemen,228.0,42.0,65.0,-527.6,3.0,2.0,5.0,81.0,46.0,-207.5,2.0
2025-04-12,drc,42.0,8.0,8.0,-33.6,0.0,0.0,0.0,3.0,3.0,-12.0,0.0
2025-04-12,europe_east,437.0,32.0,43.0,682.1,0.0,0.0,22.0,27.0,4.0,51.8,3.0
2025-04-12,iran,1821.0,231.0,218.0,2238.2,34.0,3.0,93.0,720.0,169.0,1238.9,21.0
2025-04-12,israel,3640.0,732.0,822.0,-3494.1,19.0,11.0,350.0,847.0,399.0,-1471.3,42.0
2025-04-12,korea,296.0,38.0,33.0,383.6,0.0,0.0,16.0,28.0,4.0,104.2,2.0
2025-04-12,libya,129.0,3.0,28.0,119.4,0.0,0.0,9.0,0.0,0.0,0.0,0.0
2025-04-12,scs,1096.0,94.0,139.0,1139.3,0.0,3.0,60.0,181.0,25.0,326.0,2.0
2025-04-12,southasia,7455.0,1107.0,1254.0,-357.9,22.0,62.0,451.0,40.0,20.0,18.8,4.0
2025-04-12,sudan,343.0,60.0,137.0,-1144.7,5.0,3.0,2.0,2.0,2.0,-20.0,0.0
2025-04-12,taiwan,347.0,58.0,31.0,458.5,1.0,4.0,16.0,57.0,23.0,-16.8,9.0
2025-04-12,ukraine,2064.0,238.0,271.0,2085.3,17.0,25.0,81.0,695.0,262.0,-160.3,36.0
2025-04-12,venezuela,253.0,54.0,47.0,-67.2,1.0,0.0,38.0,41.0,29.0,-51.4,9.0
2025-04-12,yemen,99.0,22.0,25.0,-162.5,2.0,2.0,1.0,35.0,23.0,-99.6,0.0
2025-04-13,drc,32.0,3.0,8.0,-51.5,0.0,0.0,0.0,1.0,1.0,-2.0,0.0
2025-04-13,europe_east,342.0,29.0,36.0,358.2,1.0,1.0,17.0,34.0,9.0,-18.8,1.0
2025-04-13,iran,1548.0,194.0,215.0,1052.1,21.0,0.0,84.0,436.0,84.0,1015.9,7.0
2025-04-13,israel,3443.0,701.0,781.0,-4019.0,51.0,8.0,192.0,746.0,392.0,-1879.8,36.0
2025-04-13,korea,340.0,48.0,46.0,363.9,0.0,0.0,35.0,12.0,3.0,7.8,0.0
2025-04-13,libya,77.0,4.0,15.0,29.5,0.0,0.0,5.0,0.0,0.0,0.0,0.0
2025-04-13,scs,913.0,50.0,71.0,1512.5,0.0,1.0,27.0,129.0,9.0,383.8,0.0
2025-04-13,southasia,6284.0,973.0,1193.0,-2231.8,10.0,101.0,362.0,19.0,13.0,-56.3,4.0
2025-04-13,sudan,498.0,64.0,155.0,-919.4,3.0,0.0,3.0,9.0,7.0,-62.0,0.0
2025-04-13,taiwan,209.0,20.0,21.0,333.5,0.0,9.0,10.0,19.0,6.0,38.6,0.0
2025-04-13,ukraine,1922.0,315.0,361.0,-461.3,8.0,8.0,57.0,960.0,496.0,-1581.5,59.0
2025-04-13,venezuela,161.0,31.0,37.0,-52.3,0.0,0.0,24.0,25.0,6.0,17.0,4.0
2025-04-13,yemen,125.0,13.0,51.0,-413.9,2.0,3.0,3.0,57.0,27.0,-215.8,2.0
2025-04-14,drc,29.0,2.0,10.0,-25.0,0.0,0.0,2.0,13.0,1.0,27.3,0.0
2025-04-14,europe_east,727.0,85.0,78.0,707.5,0.0,2.0,23.0,75.0,30.0,-57.6,2.0
2025-04-14,iran,1511.0,197.0,197.0,1310.4,21.0,3.0,89.0,440.0,76.0,999.1,13.0
2025-04-14,israel,4697.0,828.0,987.0,-2534.6,36.0,12.0,284.0,960.0,494.0,-2082.7,61.0
2025-04-14,korea,778.0,103.0,81.0,1109.5,2.0,7.0,54.0,13.0,8.0,-9.5,0.0
2025-04-14,libya,106.0,8.0,25.0,68.6,0.0,0.0,15.0,0.0,0.0,0.0,0.0
2025-04-14,scs,2309.0,170.0,128.0,4383.1,2.0,7.0,62.0,890.0,121.0,1876.7,15.0
2025-04-14,southasia,8327.0,1349.0,1318.0,739.2,47.0,43.0,574.0,21.0,4.0,21.4,0.0
2025-04-14,sudan,920.0,135.0,251.0,-1199.5,9.0,2.0,28.0,24.0,20.0,-172.0,1.0
2025-04-14,taiwan,410.0,37.0,55.0,416.2,1.0,0.0,19.0,78.0,22.0,4.2,2.0
2025-04-14,ukraine,3156.0,576.0,593.0,-1194.6,13.0,16.0,85.0,1355.0,681.0,-2246.8,46.0
2025-04-14,venezuela,348.0,106.0,75.0,-267.8,0.0,1.0,60.0,96.0,65.0,-129.8,36.0
2025-04-14,yemen,231.0,35.0,109.0,-977.3,2.0,3.0,7.0,121.0,75.0,-599.2,0.0
2025-04-15,drc,56.0,3.0,23.0,-118.8,0.0,0.0,0.0,8.0,8.0,-42.5,0.0
2025-04-15,europe_east,1011.0,96.0,109.0,1371.7,1.0,2.0,47.0,113.0,55.0,-211.6,10.0
2025-04-15,iran,1767.0,233.0,142.0,3087.9,17.0,4.0,73.0,649.0,87.0,2010.8,8.0
2025-04-15,israel,5467.0,1092.0,1143.0,-4014.7,23.0,11.0,459.0,990.0,463.0,-1111.6,73.0
2025-04-15,korea,823.0,85.0,75.0,1452.3,1.0,7.0,35.0,37.0,12.0,47.4,6.0
2025-04-15,libya,107.0,12.0,16.0,65.9,0.0,0.0,9.0,0.0,0.0,0.0,0.0
2025-04-15,scs,2332.0,218.0,177.0,3712.5,4.0,6.0,63.0,852.0,120.0,1912.7,9.0
2025-04-15,southasia,8960.0,1499.0,1229.0,1562.3,42.0,56.0,505.0,25.0,13.0,-59.0,1.0
2025-04-15,sudan,1613.0,314.0,358.0,-1636.1,9.0,2.0,69.0,38.0,24.0,-147.5,0.0
2025-04-15,taiwan,374.0,43.0,27.0,658.3,0.0,0.0,21.0,53.0,20.0,12.7,4.0
2025-04-15,ukraine,3251.0,526.0,514.0,928.1,10.0,17.0,99.0,1219.0,603.0,-1695.6,61.0
2025-04-15,venezuela,378.0,68.0,78.0,-6.6,0.0,0.0,63.0,90.0,59.0,-174.9,30.0
2025-04-15,yemen,181.0,20.0,53.0,-379.3,1.0,0.0,5.0,48.0,20.0,-87.6,1.0
2025-04-16,drc,42.0,7.0,21.0,-211.1,0.0,0.0,2.0,3.0,1.0,-1.4,0.0
2025-04-16,europe_east,856.0,116.0,92.0,740.0,7.0,1.0,34.0,116.0,41.0,-14.5,7.0
2025-04-16,iran,1579.0,184.0,126.0,2485.5,10.0,0.0,69.0,458.0,71.0,1356.2,10.0
2025-04-16,israel,5801.0,1046.0,1264.0,-3970.5,25.0,8.0,473.0,1159.0,600.0,-1898.7,117.0
2025-04-16,korea,773.0,70.0,115.0,850.4,1.0,17.0,41.0,32.0,7.0,11.4,6.0
2025-04-16,libya,79.0,8.0,18.0,-16.7,1.0,0.0,11.0,1.0,1.0,-5.0,1.0
2025-04-16,scs,1927.0,167.0,133.0,3303.7,7.0,11.0,64.0,460.0,79.0,760.0,11.0
2025-04-16,southasia,8788.0,1564.0,1048.0,3297.8,25.0,31.0,449.0,23.0,8.0,-14.8,2.0
2025-04-16,sudan,827.0,171.0,134.0,-128.5,4.0,0.0,30.0,12.0,7.0,-51.8,0.0
2025-04-16,taiwan,408.0,60.0,37.0,449.0,2.0,5.0,16.0,88.0,27.0,22.0,12.0
2025-04-16,ukraine,2746.0,331.0,391.0,1944.3,9.0,13.0,84.0,888.0,419.0,-1088.3,53.0
2025-04-16,venezuela,434.0,89.0,117.0,-329.4,0.0,8.0,87.0,103.0,62.0,-141.5,25.0
2025-04-16,yemen,289.0,28.0,57.0,-148.1,2.0,0.0,8.0,67.0,27.0,-23.5,1.0
2025-04-17,drc,70.0,2.0,19.0,-32.2,0.0,0.0,2.0,1.0,1.0,-10.0,0.0
2025-04-17,europe_east,797.0,94.0,70.0,1278.9,3.0,2.0,39.0,85.0,37.0,-9.2,11.0
2025-04-17,iran,2487.0,260.0,222.0,3655.2,26.0,2.0,76.0,720.0,163.0,1341.7,27.0
2025-04-17,israel,5477.0,985.0,1268.0,-4279.8,42.0,9.0,516.0,1209.0,632.0,-2108.7,91.0
2025-04-17,korea,886.0,116.0,101.0,1281.7,4.0,14.0,33.0,61.0,34.0,-136.2,4.0
2025-04-17,libya,51.0,8.0,2.0,73.2,0.0,0.0,1.0,0.0,0.0,0.0,0.0
2025-04-17,scs,1385.0,90.0,126.0,2151.8,0.0,6.0,43.0,268.0,28.0,616.3,6.0
2025-04-17,southasia,8766.0,1406.0,1093.0,4493.6,20.0,33.0,456.0,48.0,27.0,-53.1,5.0
2025-04-17,sudan,751.0,100.0,156.0,-105.8,9.0,0.0,46.0,3.0,1.0,-4.8,0.0
2025-04-17,taiwan,442.0,79.0,22.0,741.9,1.0,0.0,11.0,117.0,33.0,19.4,10.0
2025-04-17,ukraine,3596.0,417.0,446.0,3858.6,24.0,18.0,88.0,1149.0,531.0,-1567.3,48.0
2025-04-17,venezuela,439.0,94.0,96.0,-116.5,2.0,1.0,86.0,115.0,52.0,-55.7,20.0
2025-04-17,yemen,230.0,23.0,72.0,-266.4,0.0,1.0,27.0,83.0,44.0,-237.9,0.0
2025-04-18,drc,28.0,1.0,1.0,56.9,0.0,0.0,1.0,7.0,2.0,2.9,0.0
2025-04-18,europe_east,562.0,51.0,65.0,671.3,0.0,4.0,25.0,40.0,20.0,-44.4,3.0
2025-04-18,iran,1813.0,253.0,215.0,1809.8,12.0,2.0,99.0,517.0,148.0,483.9,20.0
2025-04-18,israel,4643.0,855.0,1026.0,-3878.8,36.0,6.0,260.0,1064.0,578.0,-2328.6,61.0
2025-04-18,korea,687.0,70.0,62.0,954.5,0.0,2.0,37.0,41.0,8.0,38.4,2.0
2025-04-18,libya,78.0,13.0,5.0,114.1,1.0,0.0,3.0,0.0,0.0,0.0,0.0
2025-04-18,scs,1102.0,84.0,88.0,1992.1,0.0,5.0,47.0,199.0,25.0,489.7,0.0
2025-04-18,southasia,8283.0,1330.0,1199.0,2021.5,21.0,33.0,542.0,22.0,7.0,-1.8,1.0
2025-04-18,sudan,331.0,40.0,82.0,-190.0,1.0,0.0,12.0,7.0,6.0,-56.0,0.0
2025-04-18,taiwan,474.0,70.0,39.0,446.9,0.0,1.0,20.0,68.0,20.0,76.2,4.0
2025-04-18,ukraine,3914.0,489.0,458.0,4312.0,6.0,12.0,124.0,1245.0,542.0,-873.9,56.0
2025-04-18,venezuela,364.0,82.0,73.0,-202.0,0.0,0.0,61.0,87.0,44.0,-80.3,12.0
2025-04-18,yemen,436.0,74.0,157.0,-1284.6,6.0,0.0,10.0,169.0,85.0,-480.3,1.0
2025-04-19,drc,39.0,7.0,1.0,48.3,0.0,0.0,0.0,6.0,0.0,33.6,0.0
2025-04-19,europe_east,308.0,27.0,16.0,731.1,2.0,2.0,8.0,21.0,1.0,59.0,0.0
2025-04-19,iran,1875.0,195.0,118.0,3847.2,9.0,0.0,39.0,709.0,100.0,1786.3,5.0
2025-04-19,israel,3499.0,618.0,846.0,-3496.5,21.0,3.0,235.0,877.0,443.0,-1841.7,49.0
2025-04-19,korea,335.0,37.0,45.0,232.5,1.0,1.0,17.0,15.0,0.0,36.3,0.0
2025-04-19,libya,39.0,8.0,4.0,28.0,0.0,0.0,3.0,0.0,0.0,0.0,0.0
2025-04-19,scs,828.0,82.0,78.0,1044.6,0.0,0.0,42.0,129.0,13.0,334.1,4.0
2025-04-19,southasia,7449.0,1193.0,1014.0,2036.5,15.0,19.0,403.0,28.0,8.0,32.6,3.0
2025-04-19,sudan,197.0,15.0,44.0,-78.4,0.0,2.0,3.0,4.0,4.0,-40.0,0.0
2025-04-19,taiwan,254.0,25.0,22.0,319.9,0.0,0.0,7.0,48.0,9.0,51.3,3.0
2025-04-19,ukraine,3027.0,423.0,367.0,3019.2,13.0,4.0,95.0,1418.0,518.0,441.0,23.0
2025-04-19,venezuela,502.0,131.0,125.0,-505.5,1.0,0.0,103.0,185.0,112.0,-366.7,57.0
2025-04-19,yemen,279.0,55.0,102.0,-934.1,10.0,0.0,5.0,82.0,49.0,-357.5,1.0
2025-04-20,drc,35.0,9.0,3.0,-8.0,0.0,0.0,0.0,24.0,3.0,46.8,0.0
2025-04-20,europe_east,396.0,41.0,39.0,476.3,0.0,11.0,18.0,69.0,30.0,-52.3,23.0
2025-04-20,iran,1155.0,139.0,123.0,1365.9,10.0,3.0,45.0,380.0,67.0,731.1,13.0
2025-04-20,israel,4246.0,761.0,1012.0,-4945.2,50.0,21.0,195.0,1037.0,516.0,-2325.4,63.0
2025-04-20,korea,440.0,39.0,46.0,796.9,0.0,2.0,15.0,21.0,6.0,-4.8,0.0
2025-04-20,libya,56.0,4.0,11.0,33.2,0.0,0.0,2.0,0.0,0.0,0.0,0.0
2025-04-20,scs,749.0,66.0,118.0,633.7,2.0,8.0,60.0,91.0,20.0,94.0,6.0
2025-04-20,southasia,6686.0,1030.0,731.0,4495.6,12.0,17.0,317.0,36.0,16.0,-16.1,6.0
2025-04-20,sudan,218.0,29.0,58.0,-203.2,1.0,2.0,4.0,3.0,3.0,-29.5,0.0
2025-04-20,taiwan,261.0,38.0,12.0,372.3,0.0,1.0,4.0,60.0,20.0,-51.7,8.0
2025-04-20,ukraine,2669.0,467.0,471.0,186.5,18.0,8.0,106.0,1657.0,750.0,-885.8,25.0
2025-04-20,venezuela,357.0,96.0,69.0,-137.5,1.0,0.0,57.0,131.0,61.0,-121.7,27.0
2025-04-20,yemen,236.0,38.0,71.0,-537.4,5.0,0.0,7.0,67.0,53.0,-379.7,4.0
2025-04-21,drc,95.0,11.0,7.0,112.1,0.0,0.0,6.0,13.0,6.0,-6.6,0.0
2025-04-21,europe_east,469.0,33.0,46.0,726.9,0.0,3.0,13.0,18.0,14.0,-47.4,8.0
2025-04-21,iran,1058.0,131.0,83.0,1598.8,4.0,3.0,30.0,410.0,95.0,600.6,12.0
2025-04-21,israel,5635.0,859.0,976.0,-843.6,48.0,21.0,294.0,1268.0,560.0,-1922.8,91.0
2025-04-21,korea,812.0,53.0,79.0,1379.5,0.0,2.0,36.0,26.0,3.0,32.7,0.0
2025-04-21,libya,69.0,9.0,15.0,14.6,0.0,0.0,7.0,0.0,0.0,0.0,0.0
2025-04-21,scs,2047.0,205.0,185.0,2159.9,16.0,7.0,67.0,223.0,59.0,161.7,3.0
2025-04-21,southasia,9804.0,1109.0,1049.0,8982.5,20.0,26.0,415.0,18.0,6.0,3.4,3.0
2025-04-21,sudan,527.0,62.0,91.0,-62.1,0.0,1.0,20.0,3.0,2.0,-15.0,1.0
2025-04-21,taiwan,459.0,32.0,23.0,735.9,1.0,2.0,5.0,75.0,20.0,-40.5,7.0
2025-04-21,ukraine,3155.0,466.0,480.0,973.1,22.0,11.0,94.0,1414.0,754.0,-2471.4,26.0
2025-04-21,venezuela,750.0,175.0,205.0,-841.2,0.0,0.0,148.0,143.0,80.0,-271.6,50.0
2025-04-21,yemen,939.0,168.0,131.0,-671.2,10.0,4.0,20.0,257.0,89.0,-272.0,7.0
2025-04-22,drc,78.0,7.0,10.0,109.0,0.0,0.0,7.0,19.0,7.0,-32.4,0.0
2025-04-22,europe_east,815.0,63.0,52.0,1196.4,1.0,0.0,20.0,16.0,3.0,30.1,0.0
2025-04-22,iran,1413.0,165.0,186.0,1867.2,2.0,3.0,81.0,434.0,100.0,752.1,11.0
2025-04-22,israel,5839.0,1024.0,1190.0,-3847.4,49.0,22.0,392.0,1249.0,618.0,-2628.0,108.0
2025-04-22,korea,964.0,107.0,78.0,1403.8,6.0,2.0,30.0,47.0,19.0,-75.7,4.0
2025-04-22,libya,64.0,3.0,5.0,181.6,0.0,0.0,2.0,2.0,0.0,6.8,0.0
2025-04-22,scs,2411.0,216.0,249.0,3169.4,7.0,2.0,142.0,179.0,47.0,232.1,12.0
2025-04-22,southasia,12477.0,1755.0,1938.0,1609.2,42.0,37.0,526.0,40.0,11.0,-18.7,1.0
2025-04-22,sudan,443.0,56.0,87.0,-189.7,0.0,1.0,20.0,11.0,7.0,-54.1,0.0
2025-04-22,taiwan,511.0,42.0,52.0,702.3,1.0,3.0,5.0,70.0,10.0,131.9,0.0
2025-04-22,ukraine,3151.0,363.0,331.0,3444.9,13.0,10.0,92.0,947.0,457.0,-1334.5,29.0
2025-04-22,venezuela,441.0,91.0,92.0,-34.5,0.0,0.0,84.0,94.0,53.0,-164.2,33.0
2025-04-22,yemen,561.0,88.0,82.0,-274.0,6.0,0.0,13.0,209.0,68.0,-174.4,1.0
2025-04-23,drc,83.0,13.0,16.0,-29.4,1.0,0.0,2.0,14.0,7.0,-28.4,4.0
2025-04-23,europe_east,971.0,114.0,106.0,824.5,4.0,1.0,43.0,97.0,48.0,-91.5,11.0
2025-04-23,iran,1396.0,147.0,131.0,2607.8,7.0,1.0,71.0,423.0,113.0,630.4,18.0
2025-04-23,israel,5120.0,952.0,1006.0,-2974.8,50.0,14.0,363.0,1133.0,562.0,-2037.7,96.0
2025-04-23,korea,680.0,62.0,42.0,1228.1,0.0,6.0,13.0,24.0,2.0,60.1,0.0
2025-04-23,libya,110.0,12.0,27.0,-42.9,1.0,0.0,10.0,0.0,0.0,0.0,0.0
2025-04-23,scs,1941.0,189.0,204.0,2325.9,5.0,3.0,94.0,119.0,29.0,9.3,4.0
2025-04-23,southasia,18844.0,2970.0,3751.0,-11085.5,84.0,80.0,806.0,224.0,121.0,-278.2,10.0
2025-04-23,sudan,391.0,61.0,75.0,-80.8,0.0,0.0,19.0,0.0,0.0,0.0,0.0
2025-04-23,taiwan,443.0,33.0,28.0,746.4,0.0,0.0,14.0,67.0,12.0,52.8,2.0
2025-04-23,ukraine,5220.0,732.0,458.0,7420.6,21.0,14.0,145.0,1612.0,625.0,-104.7,38.0
2025-04-23,venezuela,442.0,64.0,104.0,39.4,1.0,0.0,88.0,93.0,46.0,-53.9,34.0
2025-04-23,yemen,395.0,45.0,103.0,-621.2,4.0,2.0,12.0,122.0,57.0,-349.5,5.0
2025-04-24,drc,38.0,3.0,3.0,55.1,0.0,0.0,2.0,31.0,22.0,-112.9,0.0
2025-04-24,europe_east,1081.0,115.0,126.0,1322.4,4.0,4.0,42.0,65.0,22.0,-50.6,0.0
2025-04-24,iran,1510.0,160.0,136.0,2595.8,10.0,2.0,67.0,467.0,106.0,940.9,15.0
2025-04-24,israel,5215.0,878.0,1103.0,-3362.1,35.0,12.0,368.0,1025.0,509.0,-2288.1,52.0
2025-04-24,korea,892.0,96.0,193.0,350.8,0.0,3.0,145.0,29.0,2.0,108.8,2.0
2025-04-24,libya,60.0,3.0,10.0,44.3,0.0,0.0,5.0,0.0,0.0,0.0,0.0
2025-04-24,scs,2013.0,227.0,241.0,1865.3,2.0,4.0,76.0,144.0,52.0,-54.0,14.0
2025-04-24,southasia,18147.0,3189.0,3517.0,-7404.0,126.0,71.0,1230.0,572.0,289.0,-680.0,33.0
2025-04-24,sudan,483.0,46.0,80.0,220.9,1.0,0.0,30.0,3.0,3.0,-30.0,0.0
2025-04-24,taiwan,464.0,53.0,20.0,820.2,0.0,1.0,14.0,122.0,33.0,71.9,2.0
2025-04-24,ukraine,5318.0,964.0,753.0,1299.9,30.0,23.0,178.0,2045.0,927.0,-1277.8,79.0
2025-04-24,venezuela,359.0,75.0,85.0,-216.1,0.0,0.0,52.0,74.0,34.0,-17.9,22.0
2025-04-24,yemen,356.0,49.0,74.0,-261.2,0.0,1.0,10.0,109.0,71.0,-516.8,6.0
2025-04-25,drc,90.0,4.0,14.0,122.0,0.0,0.0,2.0,56.0,18.0,11.3,0.0
2025-04-25,europe_east,955.0,79.0,123.0,1084.4,2.0,6.0,42.0,78.0,26.0,-20.4,5.0
2025-04-25,iran,1540.0,190.0,138.0,2372.7,12.0,3.0,52.0,404.0,96.0,811.6,7.0
2025-04-25,israel,4794.0,876.0,982.0,-3386.8,40.0,14.0,367.0,890.0,413.0,-1409.0,58.0
2025-04-25,korea,1066.0,99.0,127.0,1097.8,4.0,3.0,81.0,55.0,15.0,34.7,3.0
2025-04-25,libya,65.0,4.0,4.0,149.8,0.0,0.0,0.0,0.0,0.0,0.0,0.0
2025-04-25,scs,1712.0,196.0,149.0,2068.1,3.0,2.0,48.0,161.0,46.0,25.4,8.0
2025-04-25,southasia,16328.0,3047.0,3089.0,-7892.4,171.0,45.0,1038.0,444.0,226.0,-670.0,23.0
2025-04-25,sudan,432.0,58.0,63.0,140.5,4.0,1.0,11.0,4.0,4.0,-32.0,0.0
2025-04-25,taiwan,339.0,68.0,30.0,172.9,0.0,1.0,21.0,102.0,36.0,-14.7,11.0
2025-04-25,ukraine,4759.0,780.0,643.0,2513.7,34.0,14.0,130.0,1996.0,915.0,-1976.8,67.0
2025-04-25,venezuela,471.0,93.0,150.0,-590.6,1.0,0.0,96.0,107.0,54.0,-120.0,31.0
2025-04-25,yemen,316.0,46.0,83.0,-542.3,7.0,3.0,9.0,89.0,58.0,-362.5,4.0
2025-04-26,drc,43.0,5.0,1.0,127.7,0.0,1.0,0.0,56.0,17.0,137.2,0.0
2025-04-26,europe_east,570.0,49.0,57.0,650.3,4.0,0.0,17.0,75.0,37.0,-119.4,11.0
2025-04-26,iran,1796.0,203.0,212.0,1905.7,6.0,1.0,75.0,472.0,105.0,847.6,6.0
2025-04-26,israel,2996.0,520.0,648.0,-2076.7,27.0,12.0,193.0,779.0,404.0,-1467.9,39.0
2025-04-26,korea,561.0,63.0,58.0,810.2,2.0,17.0,7.0,29.0,6.0,5.7,2.0
2025-04-26,libya,58.0,4.0,3.0,144.5,0.0,0.0,0.0,0.0,0.0,0.0,0.0
2025-04-26,scs,1324.0,97.0,126.0,2054.2,0.0,5.0,47.0,48.0,19.0,-53.1,7.0
2025-04-26,southasia,12595.0,2323.0,2478.0,-7546.2,102.0,55.0,1003.0,398.0,204.0,-673.3,39.0
2025-04-26,sudan,265.0,30.0,56.0,-139.4,2.0,12.0,1.0,2.0,2.0,-20.0,0.0
2025-04-26,taiwan,254.0,40.0,16.0,272.0,0.0,0.0,4.0,53.0,11.0,19.0,4.0
2025-04-26,ukraine,4526.0,474.0,399.0,5620.0,19.0,22.0,93.0,1579.0,499.0,409.0,55.0
2025-04-26,venezuela,317.0,68.0,72.0,-183.4,0.0,0.0,49.0,67.0,31.0,-66.3,15.0
2025-04-26,yemen,182.0,21.0,55.0,-387.2,3.0,3.0,0.0,85.0,42.0,-323.0,3.0
2025-04-27,drc,18.0,4.0,1.0,29.8,0.0,0.0,1.0,33.0,18.0,-65.0,0.0
2025-04-27,europe_east,448.0,40.0,28.0,579.3,1.0,0.0,13.0,16.0,6.0,-9.8,0.0
2025-04-27,iran,1778.0,244.0,266.0,354.9,3.0,1.0,46.0,447.0,141.0,287.2,4.0
2025-04-27,israel,3845.0,727.0,918.0,-4783.1,23.0,4.0,199.0,929.0,492.0,-2048.6,24.0
2025-04-27,korea,646.0,52.0,104.0,617.7,1.0,18.0,16.0,33.0,17.0,-19.7,0.0
2025-04-27,libya,20.0,2.0,3.0,11.4,1.0,0.0,1.0,0.0,0.0,0.0,0.0
2025-04-27,scs,1999.0,141.0,289.0,773.5,1.0,13.0,62.0,120.0,68.0,-292.8,9.0
2025-04-27,southasia,10200.0,1880.0,2007.0,-7084.7,112.0,49.0,714.0,280.0,155.0,-419.2,30.0
2025-04-27,sudan,373.0,41.0,53.0,215.7,3.0,0.0,21.0,3.0,3.0,-30.0,0.0
2025-04-27,taiwan,269.0,46.0,18.0,236.0,0.0,0.0,12.0,59.0,26.0,-17.6,1.0
2025-04-27,ukraine,2561.0,308.0,375.0,1022.9,6.0,10.0,55.0,1308.0,480.0,-504.3,27.0
2025-04-27,venezuela,147.0,17.0,32.0,64.4,0.0,0.0,18.0,27.0,19.0,-61.0,10.0
2025-04-27,yemen,167.0,20.0,62.0,-436.1,2.0,0.0,3.0,89.0,53.0,-328.3,0.0
2025-04-28,drc,28.0,3.0,7.0,-12.9,0.0,0.0,1.0,19.0,13.0,-50.0,0.0
2025-04-28,europe_east,798.0,76.0,74.0,1159.1,3.0,3.0,32.0,38.0,5.0,58.6,0.0
2025-04-28,iran,1939.0,285.0,202.0,1792.8,8.0,2.0,71.0,514.0,149.0,629.7,1.0
2025-04-28,israel,4766.0,948.0,955.0,-3805.7,47.0,10.0,300.0,1166.0,626.0,-2255.6,76.0
2025-04-28,korea,1609.0,147.0,311.0,1109.3,8.0,87.0,32.0,174.0,69.0,-132.6,18.0
2025-04-28,libya,100.0,11.0,12.0,130.7,0.0,0.0,4.0,6.0,1.0,-0.3,0.0
2025-04-28,scs,3009.0,235.0,301.0,4380.8,3.0,17.0,80.0,355.0,164.0,-198.8,9.0
2025-04-28,southasia,11951.0,2174.0,2135.0,-4024.8,121.0,42.0,772.0,337.0,150.0,-318.4,25.0
2025-04-28,sudan,437.0,71.0,67.0,135.8,2.0,0.0,14.0,4.0,4.0,-8.0,0.0
2025-04-28,taiwan,256.0,41.0,27.0,151.4,2.0,0.0,10.0,51.0,19.0,41.6,2.0
2025-04-28,ukraine,3636.0,521.0,466.0,2486.2,30.0,25.0,89.0,1853.0,778.0,-987.3,104.0
2025-04-28,venezuela,241.0,51.0,61.0,-166.6,0.0,1.0,47.0,60.0,42.0,-143.0,28.0
2025-04-28,yemen,467.0,75.0,168.0,-1414.4,8.0,0.0,16.0,126.0,91.0,-613.3,1.0
2025-04-29,drc,66.0,5.0,19.0,-71.0,0.0,0.0,1.0,29.0,6.0,56.3,0.0
2025-04-29,europe_east,1106.0,92.0,99.0,1368.2,6.0,2.0,45.0,65.0,23.0,-59.3,14.0
2025-04-29,iran,1312.0,180.0,191.0,908.1,7.0,0.0,55.0,316.0,94.0,362.1,4.0
2025-04-29,israel,4837.0,874.0,1056.0,-3856.5,22.0,6.0,361.0,989.0,559.0,-2335.0,82.0
2025-04-29,korea,837.0,79.0,103.0,1369.3,2.0,16.0,32.0,56.0,19.0,-4.7,4.0
2025-04-29,libya,85.0,11.0,10.0,85.7,0.0,0.0,4.0,0.0,0.0,0.0,0.0
2025-04-29,scs,2551.0,245.0,278.0,3365.3,2.0,6.0,75.0,219.0,58.0,286.3,3.0
2025-04-29,southasia,12661.0,2144.0,2099.0,-1161.5,127.0,27.0,698.0,239.0,133.0,-430.9,23.0
2025-04-29,sudan,446.0,67.0,72.0,40.7,3.0,0.0,18.0,2.0,0.0,2.0,0.0
2025-04-29,taiwan,384.0,61.0,25.0,369.2,2.0,0.0,10.0,112.0,26.0,105.7,6.0
2025-04-29,ukraine,2797.0,440.0,356.0,1979.1,16.0,13.0,105.0,1242.0,533.0,-544.7,59.0
2025-04-29,venezuela,427.0,53.0,95.0,97.5,1.0,0.0,69.0,64.0,37.0,-77.1,22.0
2025-04-29,yemen,346.0,57.0,113.0,-918.7,8.0,0.0,5.0,90.0,57.0,-331.0,2.0
2025-04-30,drc,51.0,7.0,11.0,-27.6,0.0,0.0,2.0,14.0,0.0,83.5,0.0
2025-04-30,europe_east,792.0,93.0,105.0,727.9,3.0,14.0,53.0,59.0,20.0,-7.4,8.0
2025-04-30,iran,1651.0,249.0,266.0,869.7,3.0,0.0,161.0,411.0,139.0,259.2,33.0
2025-04-30,israel,5808.0,947.0,1378.0,-4402.2,40.0,16.0,512.0,1287.0,695.0,-2550.3,113.0
2025-04-30,korea,1339.0,133.0,170.0,1436.1,24.0,17.0,19.0,116.0,42.0,-20.7,15.0
2025-04-30,libya,122.0,6.0,11.0,247.2,0.0,1.0,5.0,0.0,0.0,0.0,0.0
2025-04-30,scs,3104.0,349.0,407.0,2925.9,5.0,54.0,94.0,235.0,72.0,-121.2,22.0
2025-04-30,southasia,12620.0,2284.0,1918.0,-377.6,139.0,29.0,709.0,240.0,99.0,-129.8,29.0
2025-04-30,sudan,410.0,64.0,77.0,-20.6,1.0,4.0,30.0,10.0,6.0,-27.5,0.0
2025-04-30,taiwan,426.0,50.0,36.0,513.9,0.0,5.0,16.0,87.0,13.0,113.4,5.0
2025-04-30,ukraine,3287.0,441.0,417.0,3112.6,17.0,14.0,104.0,1126.0,495.0,-1086.6,65.0
2025-04-30,venezuela,518.0,87.0,116.0,-124.7,0.0,0.0,76.0,117.0,56.0,-165.5,28.0
2025-04-30,yemen,276.0,45.0,96.0,-674.8,3.0,0.0,5.0,125.0,86.0,-585.0,2.0
2025-05-01,drc,120.0,32.0,18.0,-76.7,0.0,0.0,2.0,22.0,8.0,14.1,0.0
2025-05-01,europe_east,565.0,42.0,58.0,659.4,4.0,2.0,24.0,30.0,11.0,-29.1,2.0
2025-05-01,iran,1463.0,249.0,175.0,1084.6,9.0,3.0,87.0,428.0,116.0,538.5,6.0
2025-05-01,israel,4886.0,886.0,1111.0,-4454.0,21.0,7.0,384.0,1057.0,584.0,-2400.6,71.0
2025-05-01,korea,1261.0,168.0,182.0,1188.5,14.0,14.0,96.0,92.0,38.0,20.0,4.0
2025-05-01,libya,91.0,8.0,6.0,171.6,0.0,0.0,3.0,0.0,0.0,0.0,0.0
2025-05-01,scs,1902.0,171.0,214.0,2578.0,7.0,19.0,78.0,135.0,46.0,-3.4,18.0
2025-05-01,southasia,11024.0,2010.0,1848.0,-2927.0,152.0,50.0,654.0,250.0,127.0,-247.9,39.0
2025-05-01,sudan,413.0,45.0,104.0,-338.0,2.0,0.0,23.0,8.0,3.0,-11.5,0.0
2025-05-01,taiwan,354.0,59.0,32.0,261.4,3.0,5.0,14.0,77.0,20.0,43.4,2.0
2025-05-01,ukraine,3844.0,451.0,455.0,5748.1,20.0,14.0,130.0,988.0,442.0,-533.5,37.0
2025-05-01,venezuela,555.0,109.0,146.0,-349.1,2.0,0.0,118.0,165.0,99.0,-228.7,54.0
2025-05-01,yemen,446.0,62.0,69.0,-100.4,2.0,0.0,7.0,92.0,48.0,-264.9,0.0
2025-05-02,drc,74.0,13.0,17.0,-23.9,0.0,0.0,3.0,24.0,4.0,76.8,0.0
2025-05-02,europe_east,647.0,72.0,100.0,576.3,2.0,1.0,47.0,35.0,6.0,140.0,2.0
2025-05-02,iran,1194.0,193.0,125.0,1192.5,7.0,9.0,73.0,388.0,93.0,610.4,9.0
2025-05-02,israel,5242.0,1065.0,1232.0,-6520.8,51.0,18.0,319.0,1200.0,704.0,-3294.4,92.0
2025-05-02,korea,792.0,104.0,79.0,1101.5,0.0,3.0,39.0,37.0,9.0,37.1,2.0
2025-05-02,libya,75.0,14.0,8.0,60.3,0.0,0.0,3.0,0.0,0.0,0.0,0.0
2025-05-02,scs,1742.0,205.0,207.0,1641.2,9.0,6.0,73.0,79.0,21.0,59.7,2.0
2025-05-02,southasia,11324.0,1828.0,1720.0,-127.4,97.0,31.0,638.0,241.0,105.0,-228.8,23.0
2025-05-02,sudan,365.0,56.0,112.0,-316.8,2.0,4.0,27.0,7.0,3.0,-12.5,0.0
2025-05-02,taiwan,376.0,55.0,34.0,176.6,3.0,1.0,9.0,63.0,22.0,-42.6,5.0
2025-05-02,ukraine,2193.0,287.0,288.0,2523.4,7.0,11.0,69.0,703.0,303.0,-296.9,26.0
2025-05-02,venezuela,425.0,68.0,84.0,91.7,0.0,0.0,68.0,99.0,53.0,-141.7,27.0
2025-05-02,yemen,447.0,53.0,113.0,-688.0,4.0,4.0,15.0,140.0,72.0,-408.0,2.0
2025-05-03,drc,17.0,0.0,3.0,19.7,0.0,0.0,0.0,22.0,0.0,162.7,0.0
2025-05-03,europe_east,420.0,52.0,55.0,178.0,1.0,1.0,38.0,13.0,9.0,-43.6,6.0
2025-05-03,iran,710.0,118.0,85.0,548.0,1.0,2.0,44.0,220.0,43.0,521.7,2.0
2025-05-03,israel,3247.0,686.0,779.0,-4053.4,41.0,10.0,231.0,761.0,401.0,-1410.6,57.0
2025-05-03,korea,338.0,40.0,43.0,270.1,1.0,2.0,18.0,38.0,16.0,23.7,0.0
2025-05-03,libya,54.0,11.0,3.0,55.8,0.0,0.0,1.0,0.0,0.0,0.0,0.0
2025-05-03,scs,1170.0,116.0,103.0,1524.2,1.0,12.0,40.0,77.0,36.0,-60.4,5.0
2025-05-03,southasia,9130.0,1499.0,1694.0,-3451.7,102.0,42.0,540.0,237.0,111.0,-312.3,29.0
2025-05-03,sudan,294.0,73.0,93.0,-767.9,12.0,0.0,24.0,8.0,5.0,-36.7,1.0
2025-05-03,taiwan,285.0,37.0,12.0,328.5,2.0,0.0,7.0,52.0,11.0,96.4,1.0
2025-05-03,ukraine,1689.0,277.0,300.0,349.7,6.0,3.0,78.0,756.0,419.0,-1778.6,29.0
2025-05-03,venezuela,229.0,40.0,31.0,173.0,0.0,1.0,21.0,41.0,20.0,-28.8,11.0
2025-05-03,yemen,320.0,48.0,104.0,-664.8,2.0,6.0,24.0,100.0,63.0,-420.0,1.0
2025-05-04,drc,21.0,5.0,0.0,67.3,0.0,0.0,0.0,27.0,2.0,140.6,2.0
2025-05-04,europe_east,438.0,73.0,81.0,-129.8,7.0,3.0,32.0,9.0,2.0,3.4,2.0
2025-05-04,iran,872.0,164.0,231.0,-1044.8,27.0,0.0,109.0,226.0,122.0,-399.1,24.0
2025-05-04,israel,4475.0,741.0,1292.0,-7314.1,58.0,19.0,344.0,938.0,541.0,-2663.1,57.0
2025-05-04,korea,341.0,25.0,28.0,456.1,1.0,0.0,13.0,32.0,8.0,-17.6,0.0
2025-05-04,libya,34.0,9.0,3.0,24.1,0.0,0.0,1.0,0.0,0.0,0.0,0.0
2025-05-04,scs,1176.0,111.0,172.0,912.0,8.0,5.0,74.0,75.0,42.0,-62.6,9.0
2025-05-04,southasia,8163.0,1360.0,1519.0,-2970.1,94.0,22.0,618.0,222.0,136.0,-510.1,42.0
2025-05-04,sudan,461.0,95.0,146.0,-1078.0,5.0,0.0,15.0,9.0,6.0,-54.0,0.0
2025-05-04,taiwan,219.0,29.0,8.0,410.3,0.0,0.0,2.0,94.0,5.0,264.3,0.0
2025-05-04,ukraine,1553.0,183.0,246.0,652.1,7.0,4.0,49.0,760.0,346.0,-1014.0,26.0
2025-05-04,venezuela,165.0,27.0,32.0,40.8,0.0,2.0,20.0,19.0,11.0,-51.7,3.0
2025-05-04,yemen,422.0,68.0,166.0,-1423.4,14.0,0.0,12.0,312.0,211.0,-1652.0,17.0
2025-05-05,drc,46.0,5.0,2.0,110.0,0.0,0.0,0.0,18.0,10.0,5.6,2.0
2025-05-05,europe_east,943.0,136.0,125.0,600.2,6.0,2.0,77.0,49.0,18.0,-39.7,6.0
2025-05-05,iran,1616.0,276.0,318.0,-865.2,50.0,4.0,133.0,445.0,214.0,-460.9,46.0
2025-05-05,israel,5386.0,985.0,1197.0,-4924.1,67.0,11.0,341.0,1153.0,624.0,-2766.2,78.0
2025-05-05,korea,538.0,49.0,54.0,1038.7,3.0,11.0,24.0,27.0,3.0,82.4,0.0
2025-05-05,libya,35.0,11.0,1.0,-0.1,0.0,0.0,0.0,0.0,0.0,0.0,0.0
2025-05-05,scs,1829.0,204.0,147.0,2533.9,1.0,11.0,39.0,112.0,50.0,31.2,9.0
2025-05-05,southasia,12025.0,2015.0,1783.0,1501.1,111.0,45.0,669.0,305.0,137.0,-148.5,13.0
2025-05-05,sudan,641.0,130.0,139.0,-522.3,2.0,2.0,23.0,15.0,12.0,-82.6,0.0
2025-05-05,taiwan,303.0,33.0,16.0,570.9,3.0,2.0,5.0,90.0,9.0,171.3,4.0
2025-05-05,ukraine,2369.0,323.0,380.0,1278.3,10.0,16.0,101.0,924.0,430.0,-1307.5,60.0
2025-05-05,venezuela,221.0,63.0,35.0,15.2,0.0,2.0,21.0,78.0,47.0,-143.8,17.0
2025-05-05,yemen,482.0,71.0,202.0,-1719.8,10.0,1.0,13.0,344.0,283.0,-2284.6,10.0
2025-05-06,drc,79.0,15.0,8.0,72.6,0.0,0.0,0.0,16.0,7.0,24.6,0.0
2025-05-06,europe_east,1088.0,111.0,108.0,1621.5,1.0,3.0,61.0,73.0,28.0,-32.2,4.0
2025-05-06,iran,1479.0,216.0,233.0,660.4,19.0,3.0,103.0,450.0,226.0,-546.5,19.0
2025-05-06,israel,6063.0,1117.0,1379.0,-5424.2,65.0,21.0,362.0,1205.0,637.0,-2356.0,75.0
2025-05-06,korea,649.0,68.0,81.0,837.3,1.0,11.0,36.0,37.0,6.0,53.1,0.0
2025-05-06,libya,62.0,4.0,9.0,22.8,0.0,0.0,3.0,0.0,0.0,0.0,0.0
2025-05-06,scs,2240.0,244.0,200.0,2695.7,2.0,11.0,65.0,155.0,70.0,-102.2,12.0
2025-05-06,southasia,12285.0,2173.0,2290.0,-6071.9,142.0,90.0,553.0,258.0,186.0,-774.5,44.0
2025-05-06,sudan,970.0,189.0,255.0,-1263.8,9.0,4.0,42.0,29.0,25.0,-176.6,0.0
2025-05-06,taiwan,337.0,37.0,35.0,316.2,0.0,3.0,13.0,68.0,18.0,-40.0,3.0
2025-05-06,ukraine,2539.0,348.0,459.0,529.5,16.0,11.0,115.0,978.0,528.0,-2242.2,43.0
2025-05-06,venezuela,478.0,87.0,94.0,15.7,0.0,0.0,71.0,132.0,67.0,-127.2,42.0
2025-05-06,yemen,883.0,154.0,307.0,-2360.5,20.0,1.0,26.0,638.0,417.0,-2842.6,21.0
2025-05-07,drc,75.0,11.0,12.0,-23.6,1.0,0.0,2.0,8.0,2.0,16.0,0.0
2025-05-07,europe_east,1462.0,170.0,183.0,1135.3,7.0,5.0,100.0,100.0,25.0,51.0,13.0
2025-05-07,iran,1357.0,190.0,236.0,269.4,15.0,2.0,103.0,360.0,151.0,-166.9,26.0
2025-05-07,israel,6275.0,1054.0,1468.0,-5334.1,56.0,21.0,411.0,1286.0,637.0,-2269.0,62.0
2025-05-07,korea,590.0,67.0,66.0,685.0,4.0,6.0,31.0,16.0,3.0,12.2,0.0
2025-05-07,libya,244.0,47.0,29.0,274.1,0.0,0.0,21.0,0.0,0.0,0.0,0.0
2025-05-07,scs,1986.0,233.0,179.0,2415.1,0.0,11.0,97.0,98.0,32.0,-8.2,4.0
2025-05-07,southasia,25394.0,3967.0,7084.0,-43166.3,283.0,174.0,1144.0,714.0,441.0,-2160.0,37.0
2025-05-07,sudan,523.0,136.0,138.0,-752.1,10.0,12.0,35.0,15.0,14.0,-93.6,0.0
2025-05-07,taiwan,282.0,43.0,33.0,292.2,7.0,2.0,23.0,73.0,23.0,61.3,1.0
2025-05-07,ukraine,2577.0,350.0,364.0,1867.6,12.0,25.0,92.0,826.0,369.0,-739.3,40.0
2025-05-07,venezuela,519.0,103.0,92.0,225.1,2.0,0.0,72.0,120.0,66.0,-154.1,27.0
2025-05-07,yemen,697.0,95.0,224.0,-1369.1,19.0,3.0,13.0,412.0,260.0,-1515.6,19.0
2025-05-08,drc,49.0,12.0,8.0,-52.1,0.0,0.0,3.0,11.0,0.0,44.2,0.0
2025-05-08,europe_east,1418.0,133.0,143.0,1791.9,3.0,1.0,78.0,73.0,24.0,10.1,15.0
2025-05-08,iran,1444.0,226.0,216.0,654.6,25.0,3.0,109.0,374.0,164.0,-295.1,33.0
2025-05-08,israel,5985.0,1179.0,1561.0,-8605.9,76.0,18.0,498.0,1271.0,754.0,-3865.2,126.0
2025-05-08,korea,1094.0,140.0,219.0,-109.5,2.0,5.0,36.0,188.0,135.0,-958.5,5.0
2025-05-08,libya,328.0,69.0,48.0,215.1,1.0,0.0,32.0,0.0,0.0,0.0,0.0
2025-05-08,scs,1906.0,263.0,202.0,1747.4,0.0,4.0,89.0,97.0,62.0,-70.4,7.0
2025-05-08,southasia,18323.0,2750.0,4818.0,-25008.2,204.0,152.0,829.0,470.0,299.0,-1672.6,33.0
2025-05-08,sudan,456.0,80.0,116.0,-541.0,2.0,4.0,26.0,12.0,11.0,-69.0,0.0
2025-05-08,taiwan,430.0,68.0,41.0,429.6,3.0,2.0,22.0,100.0,31.0,50.5,5.0
2025-05-08,ukraine,2620.0,380.0,388.0,1448.1,15.0,12.0,67.0,980.0,529.0,-1800.4,16.0
2025-05-08,venezuela,432.0,97.0,48.0,341.9,0.0,0.0,29.0,95.0,18.0,106.3,3.0
2025-05-08,yemen,304.0,49.0,83.0,-479.0,3.0,0.0,4.0,194.0,121.0,-585.6,8.0
2025-05-09,drc,36.0,2.0,12.0,-33.9,0.0,2.0,2.0,8.0,0.0,27.0,0.0
2025-05-09,europe_east,1289.0,141.0,120.0,1852.9,3.0,1.0,85.0,103.0,24.0,102.0,11.0
2025-05-09,iran,1422.0,165.0,184.0,1686.9,15.0,7.0,89.0,494.0,124.0,765.2,24.0
2025-05-09,israel,4872.0,868.0,1050.0,-3088.3,51.0,24.0,378.0,1082.0,530.0,-1761.1,68.0
2025-05-09,korea,775.0,97.0,132.0,166.6,2.0,23.0,31.0,68.0,44.0,-334.0,2.0
2025-05-09,libya,157.0,27.0,25.0,39.6,0.0,0.0,15.0,0.0,0.0,0.0,0.0
2025-05-09,scs,1639.0,160.0,132.0,2724.1,0.0,16.0,58.0,127.0,31.0,176.0,2.0
2025-05-09,southasia,16582.0,2305.0,3988.0,-15194.7,106.0,133.0,744.0,692.0,385.0,-1878.9,42.0
2025-05-09,sudan,456.0,78.0,124.0,-544.2,2.0,3.0,26.0,9.0,8.0,-56.0,0.0
2025-05-09,taiwan,439.0,41.0,27.0,669.1,0.0,0.0,13.0,105.0,40.0,-20.1,4.0
2025-05-09,ukraine,3303.0,432.0,486.0,1488.2,21.0,16.0,158.0,977.0,482.0,-1320.7,34.0
2025-05-09,venezuela,296.0,43.0,52.0,252.7,0.0,1.0,43.0,63.0,32.0,-60.3,19.0
2025-05-09,yemen,293.0,36.0,124.0,-824.4,3.0,2.0,8.0,173.0,93.0,-486.3,6.0
2025-05-10,drc,39.0,1.0,20.0,-149.4,0.0,0.0,4.0,10.0,4.0,-10.0,3.0
2025-05-10,europe_east,1114.0,67.0,56.0,2441.6,2.0,4.0,23.0,113.0,20.0,276.4,0.0
2025-05-10,iran,836.0,107.0,103.0,901.4,4.0,0.0,61.0,258.0,62.0,635.5,9.0
2025-05-10,israel,3042.0,473.0,616.0,-1302.0,27.0,9.0,231.0,635.0,279.0,-772.8,48.0
2025-05-10,korea,407.0,42.0,58.0,397.4,3.0,9.0,27.0,17.0,14.0,-72.6,7.0
2025-05-10,libya,84.0,4.0,16.0,79.0,0.0,0.0,4.0,0.0,0.0,0.0,0.0
2025-05-10,scs,1149.0,128.0,147.0,994.0,4.0,0.0,66.0,30.0,9.0,-1.6,3.0
2025-05-10,southasia,18410.0,2625.0,3866.0,-10161.8,86.0,135.0,561.0,855.0,461.0,-1912.6,31.0
2025-05-10,sudan,410.0,41.0,107.0,-272.2,0.0,20.0,20.0,3.0,2.0,-20.0,0.0
2025-05-10,taiwan,171.0,25.0,7.0,281.4,1.0,1.0,2.0,48.0,9.0,73.7,0.0
2025-05-10,ukraine,3381.0,350.0,298.0,4654.2,41.0,15.0,89.0,915.0,408.0,-490.9,41.0
2025-05-10,venezuela,206.0,31.0,41.0,2.9,0.0,1.0,35.0,28.0,24.0,-107.3,20.0
2025-05-10,yemen,132.0,16.0,27.0,-23.1,0.0,0.0,12.0,63.0,38.0,-241.5,0.0
2025-05-11,drc,33.0,6.0,7.0,-72.7,0.0,0.0,2.0,13.0,5.0,-0.4,2.0
2025-05-11,europe_east,692.0,57.0,51.0,1094.1,6.0,2.0,14.0,80.0,49.0,-75.4,5.0
2025-05-11,iran,1170.0,154.0,117.0,1609.2,7.0,1.0,62.0,410.0,67.0,959.4,11.0
2025-05-11,israel,4436.0,564.0,657.0,2521.0,42.0,8.0,188.0,1071.0,396.0,-228.4,55.0
2025-05-11,korea,391.0,26.0,38.0,698.3,0.0,10.0,20.0,12.0,0.0,49.3,0.0
2025-05-11,libya,53.0,7.0,2.0,104.3,0.0,0.0,1.0,0.0,0.0,0.0,0.0
2025-05-11,scs,1378.0,148.0,165.0,1261.6,0.0,7.0,65.0,78.0,21.0,58.3,3.0
2025-05-11,southasia,12545.0,1698.0,2293.0,-2967.6,60.0,49.0,323.0,416.0,192.0,-767.7,6.0
2025-05-11,sudan,200.0,28.0,84.0,-622.4,0.0,3.0,17.0,10.0,9.0,-48.4,1.0
2025-05-11,taiwan,208.0,24.0,6.0,340.0,0.0,0.0,2.0,53.0,3.0,145.9,0.0
2025-05-11,ukraine,3504.0,418.0,274.0,5027.9,51.0,14.0,82.0,1463.0,503.0,699.5,35.0
2025-05-11,venezuela,104.0,18.0,8.0,93.8,0.0,0.0,7.0,10.0,2.0,2.8,2.0
2025-05-11,yemen,45.0,15.0,7.0,-12.6,0.0,0.0,2.0,42.0,27.0,-83.5,3.0
2025-05-12,drc,30.0,0.0,11.0,-48.5,0.0,0.0,4.0,0.0,0.0,0.0,0.0
2025-05-12,europe_east,1212.0,174.0,149.0,937.0,10.0,8.0,108.0,340.0,245.0,-808.4,75.0
2025-05-12,iran,1278.0,184.0,130.0,1763.6,5.0,2.0,77.0,399.0,78.0,1003.2,7.0
2025-05-12,israel,7887.0,922.0,1169.0,6890.3,29.0,18.0,343.0,1951.0,578.0,1182.2,66.0
2025-05-12,korea,835.0,93.0,87.0,1019.9,12.0,12.0,38.0,86.0,33.0,-46.4,3.0
2025-05-12,libya,79.0,4.0,19.0,-14.2,0.0,0.0,2.0,0.0,0.0,0.0,0.0
2025-05-12,scs,2017.0,234.0,284.0,1454.8,1.0,9.0,128.0,44.0,17.0,-34.2,2.0
2025-05-12,southasia,14243.0,1909.0,2394.0,-1176.7,108.0,60.0,470.0,371.0,166.0,-485.7,20.0
2025-05-12,sudan,382.0,48.0,88.0,-214.2,1.0,3.0,25.0,8.0,4.0,-33.0,0.0
2025-05-12,taiwan,323.0,31.0,30.0,402.0,0.0,5.0,10.0,86.0,29.0,-0.5,5.0
2025-05-12,ukraine,3549.0,430.0,335.0,4583.6,17.0,14.0,105.0,1130.0,419.0,243.3,39.0
2025-05-12,venezuela,205.0,25.0,35.0,108.5,4.0,0.0,26.0,30.0,16.0,-70.0,9.0
2025-05-12,yemen,151.0,29.0,38.0,-182.1,3.0,0.0,7.0,121.0,71.0,-323.7,2.0
2025-05-13,drc,46.0,7.0,15.0,-100.6,0.0,0.0,2.0,7.0,0.0,25.6,0.0
2025-05-13,europe_east,1144.0,129.0,108.0,1573.3,3.0,2.0,40.0,104.0,60.0,-152.2,11.0
2025-05-13,iran,1298.0,180.0,149.0,1411.3,7.0,0.0,69.0,414.0,128.0,476.5,15.0
2025-05-13,israel,6875.0,952.0,1207.0,1615.6,36.0,5.0,384.0,1462.0,551.0,-632.3,90.0
2025-05-13,korea,666.0,66.0,71.0,1006.0,1.0,4.0,43.0,25.0,5.0,35.8,0.0
2025-05-13,libya,301.0,28.0,114.0,-747.6,1.0,0.0,11.0,1.0,0.0,0.0,0.0
2025-05-13,scs,1420.0,177.0,169.0,1287.5,3.0,3.0,67.0,12.0,1.0,39.9,1.0
2025-05-13,southasia,12911.0,1804.0,2458.0,-4697.9,79.0,37.0,578.0,319.0,123.0,-272.1,19.0
2025-05-13,sudan,394.0,50.0,89.0,-257.5,7.0,2.0,25.0,6.0,4.0,-23.5,0.0
2025-05-13,taiwan,420.0,65.0,60.0,21.8,13.0,6.0,20.0,109.0,37.0,-35.5,5.0
2025-05-13,ukraine,3399.0,336.0,391.0,3656.2,6.0,12.0,102.0,1146.0,381.0,619.5,26.0
2025-05-13,venezuela,349.0,69.0,42.0,137.5,0.0,0.0,35.0,60.0,30.0,-77.1,11.0
2025-05-13,yemen,168.0,23.0,59.0,-367.8,3.0,0.0,4.0,96.0,59.0,-343.6,0.0
2025-05-14,drc,61.0,2.0,6.0,120.1,0.0,0.0,0.0,6.0,2.0,2.0,2.0
2025-05-14,europe_east,1182.0,154.0,126.0,1245.7,4.0,13.0,60.0,95.0,40.0,-54.1,2.0
2025-05-14,iran,1782.0,188.0,156.0,3179.8,5.0,2.0,82.0,419.0,86.0,780.7,4.0
2025-05-14,israel,6541.0,996.0,1276.0,-1789.3,38.0,12.0,308.0,1708.0,688.0,-1735.5,49.0
2025-05-14,korea,893.0,74.0,105.0,1183.8,1.0,14.0,53.0,59.0,19.0,76.7,3.0
2025-05-14,libya,279.0,29.0,77.0,-293.6,1.0,4.0,15.0,5.0,3.0,-24.0,2.0
2025-05-14,scs,1541.0,184.0,114.0,2304.0,9.0,0.0,49.0,72.0,10.0,134.6,1.0
2025-05-14,southasia,12233.0,1751.0,2119.0,1771.9,45.0,28.0,753.0,336.0,141.0,-184.3,49.0
2025-05-14,sudan,294.0,39.0,74.0,-78.9,0.0,0.0,27.0,4.0,4.0,-15.2,1.0
2025-05-14,taiwan,348.0,31.0,26.0,712.1,1.0,1.0,17.0,34.0,14.0,-49.0,4.0
2025-05-14,ukraine,2906.0,333.0,363.0,3079.4,9.0,30.0,96.0,1217.0,380.0,811.9,44.0
2025-05-14,venezuela,679.0,87.0,103.0,696.5,0.0,0.0,72.0,109.0,55.0,-97.0,24.0
2025-05-14,yemen,225.0,29.0,73.0,-273.6,3.0,1.0,27.0,206.0,133.0,-920.4,8.0
2025-05-15,drc,37.0,13.0,12.0,-131.3,8.0,0.0,2.0,4.0,1.0,6.5,0.0
2025-05-15,europe_east,1319.0,179.0,146.0,937.6,13.0,9.0,62.0,217.0,128.0,-414.6,23.0
2025-05-15,iran,1688.0,217.0,141.0,2608.6,8.0,0.0,74.0,482.0,119.0,608.0,20.0
2025-05-15,israel,6127.0,935.0,1371.0,-3537.0,31.0,13.0,393.0,1543.0,762.0,-3247.9,101.0
2025-05-15,korea,852.0,79.0,63.0,1523.6,4.0,7.0,32.0,42.0,15.0,6.9,2.0
2025-05-15,libya,298.0,28.0,70.0,-88.2,1.0,4.0,19.0,6.0,2.0,-16.0,2.0
2025-05-15,scs,1578.0,198.0,154.0,1952.8,0.0,2.0,83.0,79.0,18.0,89.5,5.0
2025-05-15,southasia,13085.0,2000.0,2026.0,1501.1,41.0,37.0,612.0,294.0,102.0,43.9,14.0
2025-05-15,sudan,403.0,42.0,100.0,-165.0,1.0,1.0,27.0,5.0,5.0,-50.0,0.0
2025-05-15,taiwan,372.0,53.0,27.0,423.6,0.0,0.0,11.0,113.0,41.0,-61.1,5.0
2025-05-15,ukraine,4147.0,448.0,321.0,7252.9,5.0,17.0,137.0,1863.0,454.0,3259.2,33.0
2025-05-15,venezuela,419.0,65.0,66.0,304.7,0.0,0.0,55.0,110.0,38.0,42.2,22.0
2025-05-15,yemen,170.0,26.0,32.0,-28.9,3.0,2.0,3.0,103.0,58.0,-316.3,0.0
2025-05-16,drc,57.0,7.0,8.0,42.1,0.0,0.0,6.0,21.0,6.0,51.6,0.0
2025-05-16,europe_east,1602.0,196.0,133.0,1596.6,3.0,1.0,73.0,128.0,58.0,-101.7,6.0
2025-05-16,iran,1475.0,192.0,104.0,2397.3,4.0,0.0,50.0,365.0,67.0,837.5,6.0
2025-05-16,israel,5250.0,868.0,1097.0,-3285.9,65.0,1.0,289.0,1329.0,592.0,-1892.3,57.0
2025-05-16,korea,844.0,67.0,53.0,1627.5,0.0,1.0,18.0,45.0,12.0,18.5,0.0
2025-05-16,libya,263.0,20.0,44.0,152.4,0.0,0.0,7.0,0.0,0.0,0.0,0.0
2025-05-16,scs,1332.0,163.0,151.0,1261.7,5.0,4.0,78.0,66.0,13.0,51.7,0.0
2025-05-16,southasia,12034.0,1774.0,1677.0,5326.7,78.0,24.0,620.0,267.0,95.0,59.3,10.0
2025-05-16,sudan,369.0,36.0,93.0,-180.0,5.0,0.0,27.0,2.0,0.0,0.0,0.0
2025-05-16,taiwan,464.0,65.0,22.0,633.4,0.0,1.0,14.0,99.0,40.0,-72.6,4.0
2025-05-16,ukraine,4722.0,459.0,386.0,7959.0,16.0,9.0,175.0,2023.0,517.0,3305.7,51.0
2025-05-16,venezuela,444.0,89.0,91.0,-145.2,1.0,0.0,70.0,85.0,56.0,-189.9,33.0
2025-05-16,yemen,204.0,48.0,59.0,-402.0,6.0,0.0,11.0,141.0,86.0,-529.6,12.0
2025-05-17,drc,4.0,0.0,0.0,15.2,0.0,0.0,0.0,7.0,7.0,-38.5,0.0
2025-05-17,europe_east,890.0,122.0,124.0,314.6,5.0,4.0,46.0,96.0,56.0,-188.1,10.0
2025-05-17,iran,1372.0,181.0,146.0,1696.1,6.0,2.0,95.0,284.0,68.0,545.7,4.0
2025-05-17,israel,4447.0,720.0,1021.0,-4181.5,56.0,12.0,207.0,1113.0,516.0,-1884.4,53.0
2025-05-17,korea,423.0,38.0,30.0,726.0,0.0,0.0,17.0,17.0,4.0,9.2,0.0
2025-05-17,libya,330.0,53.0,54.0,-19.7,1.0,0.0,13.0,0.0,0.0,0.0,0.0
2025-05-17,scs,798.0,83.0,75.0,1055.9,0.0,1.0,39.0,14.0,0.0,37.6,0.0
2025-05-17,southasia,9707.0,1342.0,1493.0,2415.7,70.0,16.0,623.0,358.0,144.0,-319.7,73.0
2025-05-17,sudan,173.0,25.0,35.0,-14.2,2.0,0.0,6.0,4.0,4.0,-40.0,0.0
2025-05-17,taiwan,198.0,16.0,14.0,354.8,1.0,0.0,13.0,52.0,11.0,35.6,5.0
2025-05-17,ukraine,3300.0,405.0,299.0,4859.7,8.0,8.0,129.0,1649.0,476.0,2398.9,22.0
2025-05-17,venezuela,362.0,80.0,70.0,-133.9,0.0,0.0,53.0,84.0,57.0,-204.6,28.0
2025-05-17,yemen,116.0,20.0,32.0,-266.6,1.0,0.0,1.0,63.0,51.0,-410.4,1.0
2025-05-18,drc,32.0,8.0,11.0,-117.0,0.0,0.0,2.0,4.0,3.0,-12.0,0.0
2025-05-18,europe_east,933.0,127.0,104.0,385.0,14.0,2.0,60.0,65.0,32.0,-75.2,14.0
2025-05-18,iran,1173.0,147.0,120.0,1902.3,3.0,0.0,70.0,302.0,93.0,249.4,10.0
2025-05-18,israel,4912.0,783.0,1092.0,-3412.6,45.0,16.0,173.0,1379.0,671.0,-2670.5,43.0
2025-05-18,korea,331.0,35.0,33.0,392.7,2.0,0.0,12.0,11.0,3.0,2.2,0.0
2025-05-18,libya,269.0,34.0,34.0,121.0,2.0,0.0,8.0,1.0,0.0,9.0,0.0
2025-05-18,scs,964.0,87.0,96.0,1329.9,1.0,1.0,55.0,23.0,15.0,-24.3,1.0
2025-05-18,southasia,8562.0,1203.0,1598.0,-884.9,29.0,24.0,626.0,276.0,122.0,-281.3,58.0
2025-05-18,sudan,85.0,22.0,25.0,-163.0,1.0,0.0,1.0,3.0,3.0,-30.0,0.0
2025-05-18,taiwan,271.0,36.0,21.0,241.7,0.0,1.0,6.0,46.0,11.0,70.6,3.0
2025-05-18,ukraine,2964.0,274.0,341.0,3435.8,11.0,12.0,84.0,1074.0,383.0,524.2,19.0
2025-05-18,venezuela,185.0,41.0,33.0,-103.2,0.0,0.0,17.0,34.0,15.0,-4.1,6.0
2025-05-18,yemen,140.0,21.0,66.0,-614.4,3.0,0.0,2.0,78.0,53.0,-385.0,1.0
2025-05-19,drc,31.0,8.0,13.0,-156.2,0.0,0.0,3.0,5.0,0.0,16.0,0.0
2025-05-19,europe_east,1610.0,230.0,136.0,1708.4,8.0,3.0,81.0,143.0,52.0,15.4,15.0
2025-05-19,iran,1366.0,155.0,143.0,2095.8,3.0,0.0,84.0,332.0,96.0,295.1,10.0
2025-05-19,israel,6155.0,1121.0,1200.0,-2841.4,83.0,19.0,310.0,1486.0,650.0,-1953.5,72.0
2025-05-19,korea,863.0,96.0,94.0,911.8,0.0,3.0,48.0,42.0,21.0,-73.6,2.0
2025-05-19,libya,226.0,28.0,47.0,16.9,0.0,0.0,13.0,6.0,0.0,27.7,0.0
2025-05-19,scs,1486.0,144.0,164.0,1811.4,2.0,0.0,85.0,78.0,12.0,198.7,10.0
2025-05-19,southasia,11544.0,1647.0,2066.0,-1364.3,43.0,32.0,831.0,359.0,151.0,-507.3,90.0
2025-05-19,sudan,319.0,36.0,77.0,-158.0,0.0,0.0,7.0,10.0,0.0,33.4,0.0
2025-05-19,taiwan,613.0,46.0,67.0,812.2,2.0,4.0,39.0,136.0,30.0,180.5,12.0
2025-05-19,ukraine,4344.0,425.0,347.0,6869.7,14.0,11.0,122.0,1728.0,487.0,2224.9,57.0
2025-05-19,venezuela,424.0,90.0,60.0,172.8,1.0,0.0,51.0,91.0,39.0,-62.8,26.0
2025-05-19,yemen,113.0,27.0,42.0,-403.7,7.0,3.0,9.0,57.0,41.0,-238.5,11.0
2025-05-20,drc,42.0,6.0,14.0,-83.2,0.0,1.0,5.0,27.0,15.0,-4.2,0.0
2025-05-20,europe_east,1265.0,182.0,176.0,840.1,2.0,5.0,95.0,126.0,67.0,-181.2,13.0
2025-05-20,iran,1477.0,215.0,170.0,1821.2,6.0,0.0,101.0,352.0,108.0,228.3,15.0
2025-05-20,israel,7251.0,1557.0,1283.0,-3449.1,98.0,17.0,411.0,1437.0,716.0,-2487.5,80.0
2025-05-20,korea,656.0,67.0,68.0,920.7,2.0,0.0,43.0,28.0,6.0,47.8,0.0
2025-05-20,libya,232.0,21.0,61.0,-129.1,0.0,0.0,18.0,0.0,0.0,0.0,0.0
2025-05-20,scs,1880.0,174.0,168.0,2726.4,3.0,7.0,73.0,121.0,21.0,169.9,4.0
2025-05-20,southasia,11545.0,1731.0,1715.0,3277.0,56.0,23.0,678.0,358.0,119.0,-146.8,54.0
2025-05-20,sudan,613.0,84.0,188.0,-718.2,7.0,4.0,30.0,14.0,8.0,-51.7,0.0
2025-05-20,taiwan,674.0,96.0,56.0,854.3,2.0,16.0,25.0,157.0,38.0,126.6,10.0
2025-05-20,ukraine,3120.0,359.0,316.0,4524.5,7.0,8.0,151.0,1369.0,361.0,2179.7,33.0
2025-05-20,venezuela,624.0,93.0,118.0,198.9,0.0,0.0,87.0,174.0,64.0,-7.5,44.0
2025-05-20,yemen,105.0,18.0,32.0,-183.7,2.0,0.0,4.0,70.0,43.0,-238.8,6.0
2025-05-21,drc,24.0,2.0,1.0,57.1,0.0,0.0,1.0,9.0,0.0,47.5,0.0
2025-05-21,europe_east,1329.0,239.0,149.0,612.9,5.0,7.0,59.0,119.0,20.0,191.0,3.0
2025-05-21,iran,1412.0,227.0,219.0,557.1,21.0,2.0,86.0,529.0,140.0,492.2,17.0
2025-05-21,israel,7877.0,1509.0,1531.0,-5354.3,121.0,7.0,397.0,1806.0,900.0,-3615.3,110.0
2025-05-21,korea,837.0,106.0,76.0,1246.9,0.0,8.0,31.0,45.0,11.0,44.2,2.0
2025-05-21,libya,229.0,30.0,51.0,-36.9,0.0,0.0,22.0,2.0,2.0,-10.0,1.0
2025-05-21,scs,1982.0,214.0,238.0,2476.5,2.0,7.0,127.0,139.0,32.0,140.2,10.0
2025-05-21,southasia,11982.0,1848.0,2066.0,-1037.4,48.0,39.0,662.0,277.0,117.0,-208.3,45.0
2025-05-21,sudan,829.0,150.0,177.0,-222.3,7.0,1.0,80.0,13.0,10.0,-90.9,0.0
2025-05-21,taiwan,535.0,60.0,50.0,645.6,0.0,11.0,22.0,226.0,102.0,-195.2,39.0
2025-05-21,ukraine,3024.0,316.0,682.0,-1214.2,10.0,6.0,166.0,1152.0,511.0,-1581.4,55.0
2025-05-21,venezuela,722.0,79.0,124.0,719.9,0.0,0.0,96.0,278.0,81.0,226.1,60.0
2025-05-21,yemen,121.0,32.0,22.0,-115.6,7.0,0.0,7.0,54.0,28.0,-102.3,11.0
2025-05-22,drc,85.0,5.0,31.0,-109.4,0.0,0.0,19.0,3.0,0.0,15.8,0.0
2025-05-22,europe_east,1368.0,169.0,154.0,1764.2,10.0,8.0,70.0,143.0,43.0,-6.2,15.0
2025-05-22,iran,1248.0,205.0,197.0,423.9,19.0,4.0,89.0,514.0,161.0,413.1,28.0
2025-05-22,israel,10364.0,1849.0,2865.0,-16185.3,106.0,28.0,686.0,1612.0,811.0,-2809.5,114.0
2025-05-22,korea,1256.0,166.0,149.0,450.5,4.0,17.0,25.0,123.0,40.0,-248.1,4.0
2025-05-22,libya,99.0,14.0,16.0,67.6,0.0,0.0,6.0,2.0,2.0,-20.0,0.0
2025-05-22,scs,1891.0,286.0,227.0,1516.9,6.0,4.0,120.0,124.0,71.0,-194.9,0.0
2025-05-22,southasia,11888.0,1790.0,1869.0,937.6,65.0,24.0,579.0,303.0,126.0,-244.9,45.0
2025-05-22,sudan,683.0,151.0,112.0,264.4,2.0,0.0,68.0,7.0,4.0,-13.2,0.0
2025-05-22,taiwan,437.0,49.0,31.0,594.2,0.0,8.0,14.0,115.0,34.0,-50.2,28.0
2025-05-22,ukraine,2388.0,242.0,374.0,1260.6,7.0,5.0,85.0,985.0,402.0,-713.8,23.0
2025-05-22,venezuela,433.0,82.0,62.0,383.3,2.0,0.0,52.0,115.0,50.0,-111.4,18.0
2025-05-22,yemen,160.0,25.0,48.0,-159.0,0.0,1.0,10.0,81.0,61.0,-476.0,0.0
2025-05-23,drc,83.0,24.0,12.0,-9.9,0.0,0.0,1.0,18.0,5.0,6.9,2.0
2025-05-23,europe_east,1203.0,123.0,127.0,1657.2,7.0,17.0,51.0,183.0,63.0,-35.3,24.0
2025-05-23,iran,1476.0,242.0,200.0,854.2,20.0,5.0,90.0,611.0,198.0,444.2,38.0
2025-05-23,israel,8529.0,1636.0,2099.0,-10196.9,73.0,13.0,545.0,1414.0,687.0,-2074.3,97.0
2025-05-23,korea,1025.0,127.0,85.0,1145.4,11.0,9.0,33.0,91.0,29.0,-43.6,2.0
2025-05-23,libya,76.0,6.0,19.0,-47.6,2.0,0.0,4.0,0.0,0.0,0.0,0.0
2025-05-23,scs,1810.0,178.0,166.0,2594.4,7.0,7.0,91.0,169.0,70.0,-96.9,3.0
2025-05-23,southasia,10871.0,1626.0,1483.0,3763.4,50.0,22.0,523.0,156.0,64.0,-131.3,15.0
2025-05-23,sudan,619.0,116.0,178.0,-764.2,2.0,3.0,87.0,20.0,15.0,-58.2,0.0
2025-05-23,taiwan,345.0,53.0,29.0,357.8,0.0,0.0,15.0,74.0,29.0,-10.1,5.0
2025-05-23,ukraine,2598.0,251.0,387.0,2629.4,18.0,5.0,121.0,1185.0,428.0,360.2,71.0
2025-05-23,venezuela,392.0,53.0,77.0,159.3,0.0,0.0,53.0,113.0,55.0,-167.1,17.0
2025-05-23,yemen,144.0,31.0,38.0,-188.5,2.0,2.0,4.0,59.0,34.0,-143.3,0.0
2025-05-24,drc,21.0,2.0,3.0,4.9,0.0,0.0,0.0,15.0,7.0,-28.2,0.0
2025-05-24,europe_east,607.0,88.0,85.0,377.6,0.0,5.0,17.0,103.0,50.0,-122.9,3.0
2025-05-24,iran,873.0,105.0,123.0,586.5,5.0,5.0,61.0,257.0,93.0,33.0,14.0
2025-05-24,israel,3677.0,655.0,889.0,-4275.2,27.0,4.0,206.0,814.0,405.0,-1524.1,48.0
2025-05-24,korea,414.0,36.0,42.0,542.0,2.0,2.0,19.0,11.0,8.0,-48.4,0.0
2025-05-24,libya,65.0,13.0,11.0,-14.9,0.0,0.0,6.0,0.0,0.0,0.0,0.0
2025-05-24,scs,1259.0,164.0,145.0,1222.4,2.0,7.0,89.0,170.0,53.0,59.2,8.0
2025-05-24,southasia,9572.0,1291.0,1351.0,3474.9,34.0,14.0,481.0,235.0,94.0,-254.8,29.0
2025-05-24,sudan,185.0,35.0,26.0,150.4,0.0,0.0,19.0,3.0,3.0,-13.5,0.0
2025-05-24,taiwan,268.0,44.0,31.0,124.1,4.0,4.0,4.0,55.0,17.0,-20.7,6.0
2025-05-24,ukraine,2005.0,221.0,371.0,809.5,6.0,10.0,74.0,933.0,365.0,-142.1,25.0
2025-05-24,venezuela,267.0,57.0,57.0,-71.7,1.0,0.0,43.0,38.0,14.0,-9.4,4.0
2025-05-24,yemen,65.0,12.0,24.0,-185.1,0.0,0.0,4.0,12.0,8.0,-56.0,0.0
2025-05-25,drc,24.0,1.0,1.0,73.7,0.0,0.0,1.0,5.0,3.0,4.4,0.0
2025-05-25,europe_east,652.0,71.0,70.0,849.1,2.0,3.0,32.0,79.0,22.0,84.2,7.0
2025-05-25,iran,652.0,86.0,92.0,334.2,4.0,1.0,47.0,152.0,48.0,170.4,7.0
2025-05-25,israel,4060.0,683.0,1051.0,-4585.3,32.0,7.0,270.0,772.0,420.0,-1971.2,31.0
2025-05-25,korea,465.0,61.0,47.0,338.8,0.0,5.0,27.0,33.0,1.0,8.0,0.0
2025-05-25,libya,36.0,5.0,6.0,-14.5,0.0,0.0,1.0,0.0,0.0,0.0,0.0
2025-05-25,scs,1310.0,100.0,134.0,1777.6,1.0,5.0,44.0,51.0,5.0,86.4,0.0
2025-05-25,southasia,7815.0,979.0,1131.0,2789.0,26.0,12.0,308.0,84.0,29.0,-40.5,8.0
2025-05-25,sudan,196.0,34.0,34.0,-15.6,0.0,0.0,12.0,2.0,2.0,-19.0,0.0
2025-05-25,taiwan,206.0,23.0,22.0,113.5,2.0,0.0,3.0,33.0,13.0,-44.0,4.0
2025-05-25,ukraine,1855.0,244.0,441.0,-1219.0,10.0,5.0,60.0,965.0,470.0,-1612.1,27.0
2025-05-25,venezuela,238.0,52.0,33.0,-95.8,0.0,0.0,30.0,46.0,15.0,-6.0,3.0
2025-05-25,yemen,97.0,10.0,45.0,-348.5,0.0,0.0,3.0,57.0,46.0,-327.9,1.0
2025-05-26,drc,56.0,12.0,8.0,-11.7,0.0,1.0,2.0,15.0,3.0,47.8,1.0
2025-05-26,europe_east,1068.0,129.0,129.0,1158.8,3.0,9.0,59.0,147.0,48.0,-52.5,10.0
2025-05-26,iran,1419.0,208.0,104.0,1845.7,13.0,2.0,52.0,360.0,137.0,-11.8,24.0
2025-05-26,israel,5945.0,1073.0,1410.0,-5727.4,60.0,11.0,396.0,1257.0,655.0,-2575.9,69.0
2025-05-26,korea,781.0,72.0,82.0,792.2,2.0,1.0,42.0,44.0,4.0,105.1,0.0
2025-05-26,libya,77.0,4.0,9.0,58.9,0.0,0.0,1.0,1.0,0.0,0.0,0.0
2025-05-26,scs,2196.0,198.0,198.0,3205.9,1.0,10.0,71.0,151.0,57.0,-166.8,3.0
2025-05-26,southasia,10396.0,1336.0,1421.0,4700.0,24.0,36.0,524.0,208.0,84.0,-183.6,30.0
2025-05-26,sudan,342.0,38.0,61.0,170.4,0.0,0.0,28.0,3.0,3.0,-22.0,0.0
2025-05-26,taiwan,322.0,29.0,46.0,113.8,1.0,6.0,14.0,116.0,24.0,61.0,4.0
2025-05-26,ukraine,3055.0,579.0,607.0,-1410.5,25.0,13.0,104.0,1488.0,718.0,-2152.0,53.0
2025-05-26,venezuela,331.0,75.0,37.0,20.0,0.0,0.0,30.0,44.0,22.0,-29.1,4.0
2025-05-26,yemen,138.0,16.0,37.0,-136.2,0.0,0.0,8.0,59.0,37.0,-200.0,0.0
2025-05-27,drc,45.0,3.0,10.0,-8.3,0.0,0.0,3.0,11.0,0.0,31.4,0.0
2025-05-27,europe_east,1178.0,153.0,105.0,1570.2,3.0,4.0,48.0,132.0,50.0,-44.7,1.0
2025-05-27,iran,1529.0,125.0,136.0,2270.6,3.0,3.0,47.0,330.0,87.0,460.9,12.0
2025-05-27,israel,6087.0,1089.0,1308.0,-4539.1,65.0,23.0,330.0,1251.0,627.0,-2107.9,85.0
2025-05-27,korea,943.0,132.0,101.0,1083.2,8.0,2.0,70.0,74.0,36.0,11.6,4.0
2025-05-27,libya,74.0,8.0,11.0,17.1,0.0,0.0,5.0,0.0,0.0,0.0,0.0
2025-05-27,scs,2299.0,179.0,187.0,3997.1,8.0,1.0,71.0,118.0,36.0,70.9,0.0
2025-05-27,southasia,10206.0,1500.0,1274.0,5118.6,47.0,28.0,405.0,171.0,83.0,-352.8,23.0
2025-05-27,sudan,507.0,91.0,87.0,-9.0,3.0,0.0,23.0,2.0,1.0,-9.5,0.0
2025-05-27,taiwan,484.0,50.0,44.0,610.2,1.0,8.0,15.0,109.0,45.0,-72.6,10.0
2025-05-27,ukraine,3148.0,559.0,648.0,-1170.8,25.0,23.0,152.0,1453.0,727.0,-2562.5,87.0
2025-05-27,venezuela,427.0,56.0,73.0,269.4,1.0,4.0,52.0,92.0,27.0,77.0,20.0
2025-05-27,yemen,116.0,17.0,48.0,-333.7,0.0,1.0,4.0,74.0,52.0,-410.6,2.0
2025-05-28,drc,35.0,6.0,6.0,1.0,0.0,0.0,1.0,7.0,6.0,-52.4,2.0
2025-05-28,europe_east,1451.0,139.0,180.0,1921.4,1.0,7.0,81.0,64.0,24.0,-32.7,1.0
2025-05-28,iran,1707.0,249.0,234.0,633.9,13.0,0.0,109.0,568.0,235.0,-360.2,59.0
2025-05-28,israel,6926.0,1159.0,1582.0,-5833.3,56.0,10.0,411.0,1549.0,774.0,-3019.9,97.0
2025-05-28,korea,721.0,102.0,60.0,747.4,6.0,3.0,27.0,44.0,24.0,-63.8,4.0
2025-05-28,libya,80.0,14.0,10.0,18.9,2.0,0.0,9.0,0.0,0.0,0.0,0.0
2025-05-28,scs,1887.0,197.0,216.0,1928.4,8.0,3.0,107.0,86.0,16.0,45.1,0.0
2025-05-28,southasia,10496.0,1632.0,1336.0,4010.1,45.0,64.0,438.0,114.0,57.0,-101.6,7.0
2025-05-28,sudan,550.0,89.0,104.0,-33.2,13.0,3.0,36.0,4.0,3.0,-5.8,0.0
2025-05-28,taiwan,459.0,34.0,31.0,714.0,1.0,11.0,6.0,111.0,25.0,38.9,8.0
2025-05-28,ukraine,3592.0,655.0,550.0,1276.4,33.0,44.0,126.0,1727.0,769.0,-1457.6,96.0
2025-05-28,venezuela,455.0,86.0,66.0,169.3,2.0,0.0,55.0,115.0,36.0,59.8,21.0
2025-05-28,yemen,236.0,34.0,92.0,-671.9,4.0,0.0,13.0,121.0,98.0,-748.5,2.0
2025-05-29,drc,84.0,10.0,8.0,104.0,0.0,0.0,2.0,31.0,9.0,8.3,2.0
2025-05-29,europe_east,1127.0,171.0,96.0,1336.2,3.0,1.0,49.0,51.0,13.0,71.6,1.0
2025-05-29,iran,1337.0,174.0,159.0,1168.3,14.0,0.0,98.0,427.0,110.0,382.6,32.0
2025-05-29,israel,7355.0,1367.0,1685.0,-6932.7,68.0,22.0,466.0,1733.0,821.0,-2978.7,114.0
2025-05-29,korea,853.0,78.0,90.0,989.8,1.0,14.0,43.0,42.0,3.0,103.8,0.0
2025-05-29,libya,100.0,9.0,19.0,-28.9,2.0,0.0,10.0,0.0,0.0,0.0,0.0
2025-05-29,scs,2021.0,207.0,220.0,2268.3,6.0,4.0,98.0,103.0,26.0,146.6,3.0
2025-05-29,southasia,10778.0,1703.0,1419.0,3788.0,54.0,37.0,486.0,244.0,90.0,-138.8,21.0
2025-05-29,sudan,451.0,51.0,87.0,236.9,4.0,6.0,35.0,3.0,1.0,3.7,1.0
2025-05-29,taiwan,428.0,48.0,42.0,442.1,0.0,7.0,12.0,108.0,31.0,-9.7,12.0
2025-05-29,ukraine,2574.0,367.0,376.0,1605.4,15.0,21.0,95.0,1364.0,538.0,-417.6,69.0
2025-05-29,venezuela,490.0,73.0,64.0,324.0,6.0,1.0,46.0,102.0,26.0,69.7,12.0
2025-05-29,yemen,192.0,25.0,52.0,-186.0,1.0,0.0,11.0,72.0,50.0,-325.6,5.0
2025-05-30,drc,30.0,4.0,10.0,-14.1,0.0,2.0,1.0,7.0,2.0,5.4,0.0
2025-05-30,europe_east,981.0,138.0,128.0,475.0,0.0,3.0,70.0,35.0,17.0,-76.0,0.0
2025-05-30,iran,1093.0,174.0,113.0,1023.8,19.0,3.0,65.0,317.0,109.0,170.3,27.0
2025-05-30,israel,5654.0,1022.0,1108.0,-1833.9,36.0,28.0,394.0,1265.0,558.0,-1355.8,91.0
2025-05-30,korea,913.0,77.0,105.0,1173.8,7.0,6.0,59.0,85.0,21.0,87.5,7.0
2025-05-30,libya,112.0,25.0,21.0,-96.9,0.0,1.0,4.0,0.0,0.0,0.0,0.0
2025-05-30,scs,1404.0,140.0,139.0,1727.4,1.0,1.0,85.0,66.0,15.0,86.8,2.0
2025-05-30,southasia,10996.0,1701.0,1570.0,2856.5,82.0,63.0,524.0,248.0,126.0,-388.6,29.0
2025-05-30,sudan,546.0,49.0,126.0,-59.1,2.0,9.0,34.0,3.0,3.0,-18.5,0.0
2025-05-30,taiwan,351.0,49.0,46.0,193.7,0.0,4.0,25.0,100.0,24.0,-10.7,4.0
2025-05-30,ukraine,2455.0,296.0,325.0,1768.2,15.0,12.0,81.0,1088.0,391.0,-6.6,46.0
2025-05-30,venezuela,480.0,85.0,116.0,-173.1,1.0,0.0,84.0,108.0,56.0,-136.3,22.0
2025-05-30,yemen,150.0,27.0,34.0,-155.3,0.0,1.0,8.0,41.0,25.0,-153.9,3.0
2025-05-31,drc,22.0,3.0,1.0,23.8,0.0,0.0,1.0,11.0,1.0,15.0,0.0
2025-05-31,europe_east,611.0,69.0,86.0,478.5,4.0,0.0,56.0,82.0,32.0,35.2,11.0
2025-05-31,iran,851.0,152.0,92.0,649.2,7.0,2.0,40.0,231.0,80.0,190.7,10.0
2025-05-31,israel,4264.0,737.0,963.0,-3447.9,26.0,19.0,261.0,1123.0,545.0,-1897.4,59.0
2025-05-31,korea,426.0,62.0,56.0,212.7,5.0,4.0,23.0,29.0,8.0,44.0,0.0
2025-05-31,libya,38.0,6.0,9.0,-17.8,0.0,0.0,5.0,0.0,0.0,0.0,0.0
2025-05-31,scs,1061.0,76.0,123.0,1360.5,2.0,0.0,65.0,63.0,21.0,-16.2,0.0
2025-05-31,southasia,8591.0,1269.0,1277.0,1006.6,26.0,37.0,431.0,163.0,80.0,-243.6,18.0
2025-05-31,sudan,162.0,41.0,45.0,-260.1,1.0,0.0,13.0,2.0,2.0,-7.0,0.0
2025-05-31,taiwan,294.0,55.0,27.0,162.4,7.0,2.0,2.0,114.0,48.0,-124.7,14.0
2025-05-31,ukraine,1574.0,213.0,262.0,341.4,5.0,12.0,55.0,810.0,369.0,-1155.2,38.0
2025-05-31,venezuela,225.0,55.0,36.0,-0.8,0.0,0.0,25.0,41.0,22.0,-49.8,6.0
2025-05-31,yemen,59.0,11.0,18.0,-105.2,0.0,1.0,4.0,19.0,7.0,2.8,0.0
2025-06-01,drc,21.0,9.0,0.0,7.6,0.0,0.0,0.0,6.0,0.0,42.0,0.0
2025-06-01,europe_east,559.0,82.0,53.0,439.8,2.0,0.0,26.0,21.0,12.0,-78.1,0.0
2025-06-01,iran,729.0,116.0,62.0,850.3,4.0,0.0,34.0,195.0,60.0,218.4,2.0
2025-06-01,israel,3896.0,729.0,830.0,-2989.9,22.0,12.0,159.0,958.0,438.0,-1564.0,35.0
2025-06-01,korea,518.0,96.0,62.0,195.7,1.0,0.0,36.0,36.0,16.0,-57.3,4.0
2025-06-01,libya,18.0,1.0,3.0,-0.0,0.0,0.0,1.0,0.0,0.0,0.0,0.0
2025-06-01,scs,1101.0,144.0,108.0,1183.3,4.0,1.0,65.0,65.0,41.0,-153.6,1.0
2025-06-01,southasia,7180.0,1186.0,1225.0,-1102.3,26.0,22.0,436.0,119.0,81.0,-357.9,29.0
2025-06-01,sudan,148.0,26.0,30.0,-88.2,0.0,0.0,9.0,3.0,3.0,-25.0,0.0
2025-06-01,taiwan,237.0,54.0,33.0,-108.6,3.0,0.0,5.0,102.0,47.0,-123.2,6.0
2025-06-01,ukraine,2191.0,329.0,499.0,-1473.0,35.0,6.0,78.0,1595.0,720.0,-2140.3,76.0
2025-06-01,venezuela,184.0,56.0,30.0,-113.9,2.0,0.0,26.0,39.0,9.0,50.1,4.0
2025-06-01,yemen,56.0,12.0,18.0,-172.5,0.0,0.0,1.0,26.0,18.0,-156.8,0.0
2025-06-02,drc,17.0,0.0,2.0,9.0,0.0,0.0,2.0,8.0,0.0,27.2,0.0
2025-06-02,europe_east,1858.0,263.0,204.0,1460.1,13.0,2.0,62.0,66.0,40.0,-184.0,5.0
2025-06-02,iran,1226.0,177.0,118.0,881.9,7.0,4.0,54.0,276.0,64.0,321.0,10.0
2025-06-02,israel,5701.0,1078.0,1424.0,-7280.0,52.0,6.0,368.0,1117.0,595.0,-2289.7,94.0
2025-06-02,korea,935.0,142.0,89.0,835.4,1.0,5.0,57.0,60.0,35.0,-129.7,11.0
2025-06-02,libya,157.0,25.0,38.0,-81.0,0.0,0.0,16.0,0.0,0.0,0.0,0.0
2025-06-02,scs,1622.0,157.0,108.0,2541.5,0.0,8.0,46.0,99.0,36.0,-81.8,10.0
2025-06-02,southasia,10003.0,1422.0,1329.0,6235.5,18.0,17.0,572.0,71.0,27.0,-72.4,0.0
2025-06-02,sudan,354.0,50.0,73.0,-151.3,1.0,0.0,15.0,0.0,0.0,0.0,0.0
2025-06-02,taiwan,256.0,45.0,30.0,72.6,3.0,2.0,14.0,74.0,25.0,-53.9,5.0
2025-06-02,ukraine,4493.0,577.0,873.0,649.5,42.0,19.0,195.0,2804.0,1139.0,-1358.9,98.0
2025-06-02,venezuela,211.0,52.0,35.0,-55.0,0.0,0.0,24.0,48.0,22.0,-61.7,14.0
2025-06-02,yemen,135.0,22.0,40.0,-210.1,1.0,0.0,3.0,61.0,36.0,-202.4,5.0
2025-06-03,drc,22.0,0.0,6.0,15.9,0.0,2.0,1.0,5.0,2.0,-3.6,0.0
2025-06-03,europe_east,1494.0,193.0,133.0,2051.4,3.0,3.0,70.0,66.0,31.0,-75.7,0.0
2025-06-03,iran,1441.0,218.0,185.0,491.6,13.0,3.0,79.0,399.0,119.0,344.1,21.0
2025-06-03,israel,5395.0,896.0,1336.0,-6032.2,41.0,5.0,432.0,1031.0,581.0,-2992.9,82.0
2025-06-03,korea,1176.0,119.0,163.0,1022.7,2.0,6.0,95.0,66.0,22.0,-40.2,2.0
2025-06-03,libya,74.0,3.0,14.0,7.9,0.0,0.0,8.0,0.0,0.0,0.0,0.0
2025-06-03,scs,1797.0,180.0,131.0,2906.2,0.0,5.0,66.0,99.0,36.0,9.7,0.0
2025-06-03,southasia,11104.0,1487.0,1699.0,3101.4,34.0,15.0,631.0,136.0,87.0,-313.6,25.0
2025-06-03,sudan,466.0,71.0,120.0,-672.6,4.0,0.0,14.0,18.0,13.0,-93.3,0.0
2025-06-03,taiwan,321.0,41.0,39.0,232.1,2.0,1.0,18.0,66.0,31.0,-66.3,8.0
2025-06-03,ukraine,3664.0,507.0,672.0,410.0,26.0,17.0,150.0,2009.0,903.0,-1511.3,67.0
2025-06-03,venezuela,200.0,47.0,30.0,91.3,0.0,0.0,18.0,36.0,19.0,-70.8,10.0
2025-06-03,yemen,140.0,29.0,40.0,-239.2,1.0,0.0,9.0,59.0,29.0,-150.5,4.0
2025-06-04,drc,46.0,9.0,11.0,-5.3,0.0,0.0,7.0,16.0,8.0,-46.8,1.0
2025-06-04,europe_east,1384.0,149.0,120.0,1846.3,1.0,7.0,59.0,72.0,34.0,-73.8,10.0
2025-06-04,iran,1573.0,231.0,130.0,1673.9,14.0,0.0,55.0,446.0,138.0,229.4,26.0
2025-06-04,israel,5923.0,1131.0,1274.0,-5613.4,45.0,8.0,359.0,1275.0,626.0,-2546.9,64.0
2025-06-04,korea,1503.0,140.0,107.0,2750.5,5.0,0.0,71.0,94.0,24.0,162.5,2.0
2025-06-04,libya,135.0,20.0,27.0,-13.4,1.0,0.0,3.0,0.0,0.0,0.0,0.0
2025-06-04,scs,1833.0,170.0,132.0,2878.9,0.0,1.0,73.0,33.0,13.0,-10.2,0.0
2025-06-04,southasia,10427.0,1352.0,1417.0,4121.1,40.0,10.0,491.0,142.0,35.0,177.4,9.0
2025-06-04,sudan,423.0,71.0,105.0,-528.3,4.0,0.0,9.0,3.0,1.0,2.7,0.0
2025-06-04,taiwan,362.0,35.0,42.0,455.2,1.0,1.0,25.0,95.0,32.0,9.9,10.0
2025-06-04,ukraine,3686.0,524.0,545.0,1252.6,45.0,28.0,107.0,1777.0,754.0,-1303.7,80.0
2025-06-04,venezuela,259.0,31.0,51.0,128.4,0.0,0.0,36.0,42.0,22.0,-63.1,13.0
2025-06-04,yemen,125.0,24.0,38.0,-231.7,1.0,0.0,9.0,40.0,25.0,-127.2,2.0
2025-06-05,drc,31.0,6.0,5.0,2.7,0.0,0.0,1.0,4.0,4.0,-31.5,0.0
2025-06-05,europe_east,1133.0,111.0,113.0,1632.5,3.0,1.0,74.0,61.0,23.0,-121.3,7.0
2025-06-05,iran,1379.0,209.0,291.0,-17.5,13.0,0.0,208.0,471.0,178.0,52.6,80.0
2025-06-05,israel,6927.0,1428.0,1444.0,-6046.5,34.0,14.0,434.0,1366.0,648.0,-2077.9,84.0
2025-06-05,korea,1022.0,129.0,81.0,1479.1,0.0,3.0,37.0,57.0,20.0,32.1,1.0
2025-06-05,libya,219.0,41.0,71.0,-292.6,0.0,0.0,36.0,0.0,0.0,0.0,0.0
2025-06-05,scs,1683.0,191.0,171.0,2006.3,6.0,1.0,91.0,50.0,13.0,27.9,3.0
2025-06-05,southasia,9223.0,1191.0,1063.0,6431.1,25.0,18.0,404.0,82.0,35.0,-11.1,4.0
2025-06-05,sudan,468.0,82.0,178.0,-1075.9,5.0,1.0,68.0,13.0,11.0,-86.0,0.0
2025-06-05,taiwan,430.0,58.0,43.0,498.7,0.0,3.0,27.0,129.0,54.0,-131.4,15.0
2025-06-05,ukraine,3126.0,448.0,558.0,-672.5,55.0,11.0,101.0,1359.0,701.0,-2960.2,70.0
2025-06-05,venezuela,711.0,127.0,270.0,-1110.2,3.0,0.0,230.0,143.0,72.0,-202.9,39.0
2025-06-05,yemen,506.0,49.0,264.0,-1393.6,0.0,0.0,156.0,130.0,88.0,-333.9,66.0
2025-06-06,drc,55.0,5.0,2.0,117.2,0.0,0.0,0.0,6.0,0.0,26.3,0.0
2025-06-06,europe_east,894.0,109.0,99.0,918.2,5.0,4.0,41.0,31.0,13.0,-37.9,5.0
2025-06-06,iran,1072.0,175.0,131.0,638.2,9.0,3.0,52.0,381.0,130.0,313.7,37.0
2025-06-06,israel,5629.0,1234.0,1242.0,-5524.8,31.0,8.0,457.0,1212.0,637.0,-2261.3,78.0
2025-06-06,korea,893.0,94.0,77.0,1370.0,2.0,3.0,28.0,42.0,22.0,-35.5,4.0
2025-06-06,libya,114.0,14.0,43.0,-211.9,0.0,1.0,19.0,0.0,0.0,0.0,0.0
2025-06-06,scs,1630.0,146.0,168.0,2275.1,1.0,6.0,89.0,74.0,25.0,-34.7,2.0
2025-06-06,southasia,9390.0,1230.0,1175.0,5148.4,41.0,30.0,463.0,100.0,39.0,-10.3,0.0
2025-06-06,sudan,226.0,27.0,49.0,-6.1,0.0,0.0,25.0,3.0,1.0,2.8,0.0
2025-06-06,taiwan,379.0,54.0,28.0,494.0,1.0,0.0,23.0,136.0,50.0,-53.5,3.0
2025-06-06,ukraine,2433.0,365.0,564.0,-1922.7,27.0,9.0,83.0,1195.0,726.0,-3607.7,92.0
2025-06-06,venezuela,476.0,74.0,73.0,579.0,0.0,0.0,51.0,69.0,33.0,-29.9,14.0
2025-06-06,yemen,287.0,30.0,96.0,-282.7,2.0,0.0,50.0,111.0,49.0,-152.7,15.0
2025-06-07,drc,8.0,1.0,5.0,-19.0,0.0,0.0,5.0,3.0,3.0,-28.5,0.0
2025-06-07,europe_east,662.0,57.0,145.0,-48.7,2.0,2.0,16.0,20.0,0.0,30.5,0.0
2025-06-07,iran,818.0,138.0,172.0,-186.3,5.0,0.0,119.0,227.0,103.0,-121.7,32.0
2025-06-07,israel,4031.0,790.0,1060.0,-5971.7,39.0,7.0,253.0,1089.0,585.0,-2804.5,47.0
2025-06-07,korea,361.0,54.0,52.0,30.0,0.0,7.0,26.0,42.0,0.0,132.9,0.0
2025-06-07,libya,65.0,5.0,24.0,-130.2,0.0,0.0,6.0,0.0,0.0,0.0,0.0
2025-06-07,scs,1026.0,154.0,125.0,653.9,0.0,2.0,65.0,43.0,14.0,-13.2,0.0
2025-06-07,southasia,7492.0,946.0,1026.0,3043.7,45.0,32.0,423.0,95.0,30.0,-17.7,5.0
2025-06-07,sudan,159.0,28.0,34.0,-77.0,0.0,0.0,9.0,8.0,8.0,-58.0,0.0
2025-06-07,taiwan,226.0,26.0,18.0,557.4,0.0,1.0,12.0,39.0,24.0,-94.4,0.0
2025-06-07,ukraine,1629.0,266.0,462.0,-2291.3,7.0,6.0,45.0,1023.0,609.0,-3035.8,25.0
2025-06-07,venezuela,274.0,49.0,46.0,-29.4,0.0,0.0,30.0,45.0,14.0,8.9,9.0
2025-06-07,yemen,170.0,32.0,59.0,-441.2,2.0,0.0,15.0,68.0,42.0,-265.8,17.0
2025-06-08,drc,14.0,11.0,0.0,-24.5,0.0,0.0,0.0,48.0,28.0,19.6,0.0
2025-06-08,europe_east,338.0,46.0,34.0,234.6,3.0,3.0,7.0,18.0,10.0,-19.3,4.0
2025-06-08,iran,769.0,146.0,114.0,32.8,2.0,0.0,81.0,237.0,98.0,-103.3,32.0
2025-06-08,israel,4392.0,742.0,1086.0,-5135.5,31.0,15.0,270.0,1037.0,528.0,-2396.1,73.0
2025-06-08,korea,225.0,13.0,13.0,450.4,0.0,0.0,5.0,4.0,3.0,-3.0,1.0
2025-06-08,libya,60.0,3.0,19.0,-34.5,0.0,0.0,7.0,1.0,1.0,-9.0,0.0
2025-06-08,scs,956.0,94.0,122.0,978.3,1.0,6.0,68.0,39.0,11.0,27.7,2.0
2025-06-08,southasia,5348.0,770.0,747.0,1228.2,10.0,19.0,261.0,38.0,14.0,-1.7,0.0
2025-06-08,sudan,84.0,11.0,15.0,1.6,0.0,0.0,5.0,2.0,1.0,2.0,0.0
2025-06-08,taiwan,183.0,22.0,9.0,291.4,0.0,2.0,4.0,59.0,30.0,-66.4,0.0
2025-06-08,ukraine,1601.0,234.0,390.0,-1321.2,5.0,4.0,80.0,1020.0,527.0,-1984.3,46.0
2025-06-08,venezuela,139.0,30.0,23.0,-44.7,0.0,0.0,13.0,10.0,5.0,-13.1,2.0
2025-06-08,yemen,133.0,23.0,56.0,-402.9,0.0,1.0,29.0,54.0,39.0,-224.1,20.0
2025-06-09,drc,36.0,8.0,5.0,0.3,0.0,0.0,0.0,77.0,19.0,258.2,0.0
2025-06-09,europe_east,751.0,86.0,78.0,1016.2,5.0,3.0,39.0,72.0,42.0,-183.1,7.0
2025-06-09,iran,1095.0,217.0,142.0,345.2,8.0,0.0,86.0,450.0,185.0,-87.3,58.0
2025-06-09,israel,6023.0,1155.0,1347.0,-5063.2,39.0,11.0,491.0,1243.0,618.0,-2129.6,88.0
2025-06-09,korea,682.0,72.0,59.0,908.4,1.0,3.0,26.0,28.0,10.0,47.2,6.0
2025-06-09,libya,97.0,4.0,27.0,-39.3,0.0,1.0,10.0,2.0,2.0,-10.0,2.0
2025-06-09,scs,1717.0,199.0,184.0,1808.6,1.0,7.0,77.0,88.0,25.0,63.5,0.0
2025-06-09,southasia,8222.0,1097.0,1170.0,4014.9,27.0,21.0,459.0,41.0,19.0,-26.6,0.0
2025-06-09,sudan,251.0,29.0,68.0,-60.8,2.0,0.0,26.0,5.0,5.0,-50.0,0.0
2025-06-09,taiwan,262.0,35.0,15.0,350.0,1.0,0.0,10.0,69.0,21.0,46.6,6.0
2025-06-09,ukraine,1912.0,243.0,446.0,-957.8,17.0,7.0,55.0,1044.0,530.0,-2172.0,30.0
2025-06-09,venezuela,310.0,65.0,81.0,-248.9,1.0,3.0,56.0,34.0,15.0,-39.4,5.0
2025-06-09,yemen,186.0,24.0,116.0,-698.4,0.0,0.0,82.0,50.0,26.0,-106.1,15.0
2025-06-10,drc,27.0,3.0,6.0,-22.6,0.0,0.0,2.0,31.0,23.0,-63.4,0.0
2025-06-10,europe_east,1122.0,130.0,137.0,1021.2,0.0,10.0,65.0,71.0,19.0,131.7,2.0
2025-06-10,iran,1447.0,262.0,158.0,675.2,24.0,0.0,55.0,592.0,191.0,271.6,43.0
2025-06-10,israel,7810.0,1468.0,1765.0,-6395.7,55.0,24.0,772.0,1534.0,755.0,-2865.5,131.0
2025-06-10,korea,834.0,75.0,78.0,1118.6,0.0,1.0,27.0,64.0,10.0,76.0,1.0
2025-06-10,libya,117.0,13.0,44.0,-231.0,0.0,1.0,11.0,0.0,0.0,0.0,0.0
2025-06-10,scs,1942.0,298.0,202.0,1815.3,2.0,13.0,97.0,85.0,28.0,10.7,1.0
2025-06-10,southasia,8830.0,1244.0,1277.0,3452.7,22.0,26.0,487.0,60.0,32.0,-48.7,4.0
2025-06-10,sudan,287.0,43.0,56.0,176.5,2.0,0.0,28.0,16.0,11.0,-49.1,0.0
2025-06-10,taiwan,296.0,50.0,29.0,227.1,4.0,2.0,20.0,73.0,39.0,-89.0,9.0
2025-06-10,ukraine,1870.0,275.0,464.0,-1436.0,19.0,9.0,87.0,1007.0,603.0,-2526.5,42.0
2025-06-10,venezuela,365.0,66.0,52.0,143.0,0.0,0.0,35.0,101.0,38.0,2.3,10.0
2025-06-10,yemen,342.0,50.0,134.0,-1054.4,1.0,1.0,20.0,282.0,182.0,-1402.1,15.0
2025-06-11,drc,25.0,3.0,2.0,25.1,0.0,0.0,0.0,17.0,0.0,46.3,0.0
2025-06-11,europe_east,1224.0,154.0,154.0,743.4,9.0,3.0,73.0,145.0,83.0,-461.8,28.0
2025-06-11,iran,1600.0,316.0,232.0,450.1,26.0,5.0,117.0,532.0,184.0,484.0,30.0
2025-06-11,israel,6925.0,1593.0,1544.0,-7012.5,33.0,15.0,657.0,1199.0,628.0,-2489.3,76.0
2025-06-11,korea,978.0,126.0,94.0,894.0,2.0,2.0,50.0,167.0,47.0,62.1,6.0
2025-06-11,libya,203.0,31.0,20.0,306.2,0.0,0.0,0.0,0.0,0.0,0.0,0.0
2025-06-11,scs,1948.0,288.0,160.0,2308.3,3.0,2.0,86.0,37.0,3.0,53.3,0.0
2025-06-11,southasia,8182.0,1175.0,1090.0,3502.0,36.0,17.0,383.0,63.0,23.0,-1.3,0.0
2025-06-11,sudan,361.0,77.0,61.0,-12.0,2.0,0.0,20.0,13.0,10.0,-65.2,0.0
2025-06-11,taiwan,352.0,36.0,38.0,409.7,0.0,5.0,20.0,170.0,36.0,189.1,8.0
2025-06-11,ukraine,2319.0,262.0,467.0,524.2,7.0,48.0,71.0,932.0,466.0,-1855.1,28.0
2025-06-11,venezuela,268.0,55.0,32.0,51.1,2.0,0.0,21.0,51.0,18.0,27.0,6.0
2025-06-11,yemen,138.0,17.0,67.0,-483.0,0.0,2.0,23.0,85.0,71.0,-551.9,10.0
2025-06-12,drc,42.0,6.0,13.0,-58.2,0.0,0.0,6.0,21.0,5.0,41.4,0.0
2025-06-12,europe_east,1011.0,112.0,135.0,1005.5,10.0,1.0,75.0,49.0,18.0,-15.1,9.0
2025-06-12,iran,2837.0,675.0,392.0,-456.5,88.0,18.0,133.0,1265.0,539.0,-971.1,92.0
2025-06-12,israel,6161.0,1353.0,1410.0,-6607.4,94.0,20.0,643.0,1456.0,824.0,-3707.4,159.0
2025-06-12,korea,840.0,104.0,72.0,999.7,0.0,0.0,46.0,166.0,36.0,154.7,2.0
2025-06-12,libya,141.0,20.0,34.0,-75.5,1.0,0.0,6.0,1.0,1.0,-10.0,0.0
2025-06-12,scs,1803.0,193.0,152.0,2804.2,1.0,3.0,79.0,37.0,12.0,3.0,0.0
2025-06-12,southasia,8876.0,937.0,1257.0,3234.0,16.0,32.0,385.0,74.0,29.0,12.2,0.0
2025-06-12,sudan,259.0,39.0,34.0,195.2,0.0,0.0,6.0,4.0,3.0,-30.0,0.0
2025-06-12,taiwan,407.0,38.0,42.0,370.2,0.0,1.0,30.0,150.0,57.0,-133.0,36.0
2025-06-12,ukraine,2271.0,210.0,444.0,382.9,11.0,10.0,77.0,870.0,464.0,-2164.2,45.0
2025-06-12,venezuela,340.0,48.0,76.0,-139.3,1.0,3.0,50.0,75.0,30.0,26.8,24.0
2025-06-12,yemen,133.0,21.0,16.0,71.0,1.0,0.0,3.0,42.0,22.0,-99.9,2.0
2025-06-13,drc,47.0,3.0,9.0,3.7,0.0,2.0,0.0,14.0,4.0,30.0,0.0
2025-06-13,europe_east,814.0,71.0,125.0,471.4,1.0,1.0,44.0,42.0,23.0,-46.7,6.0
2025-06-13,iran,11637.0,2242.0,2828.0,-16031.4,300.0,45.0,511.0,6353.0,3532.0,-16264.9,344.0
2025-06-13,israel,12958.0,2845.0,3089.0,-17897.3,301.0,61.0,729.0,5649.0,3483.0,-19297.6,369.0
2025-06-13,korea,871.0,92.0,70.0,1403.9,1.0,1.0,32.0,83.0,12.0,154.7,0.0
2025-06-13,libya,76.0,6.0,22.0,-25.1,0.0,1.0,0.0,4.0,1.0,5.0,0.0
2025-06-13,scs,1682.0,212.0,181.0,1958.6,2.0,13.0,85.0,36.0,5.0,92.0,0.0
2025-06-13,southasia,8418.0,846.0,1034.0,5748.2,21.0,21.0,320.0,28.0,17.0,-49.6,0.0
2025-06-13,sudan,311.0,45.0,42.0,109.7,0.0,1.0,11.0,10.0,3.0,-25.0,0.0
2025-06-13,taiwan,352.0,28.0,49.0,303.6,0.0,1.0,25.0,88.0,47.0,-183.4,24.0
2025-06-13,ukraine,1595.0,157.0,272.0,530.3,8.0,6.0,39.0,638.0,283.0,-819.4,18.0
2025-06-13,venezuela,313.0,48.0,52.0,105.7,0.0,2.0,34.0,76.0,23.0,39.3,12.0
2025-06-13,yemen,140.0,15.0,42.0,-176.6,3.0,0.0,3.0,92.0,44.0,-174.4,0.0
2025-07-02,drc,95.0,2.0,5.0,274.4,0.0,0.0,0.0,95.0,12.0,375.0,0.0
2025-07-02,europe_east,946.0,97.0,108.0,874.4,3.0,5.0,51.0,49.0,15.0,38.0,1.0
2025-07-02,iran,3661.0,620.0,789.0,-2061.6,62.0,8.0,270.0,1513.0,679.0,-1851.0,86.0
2025-07-02,israel,6861.0,1125.0,1353.0,-1758.1,66.0,18.0,361.0,2289.0,957.0,-2226.4,132.0
2025-07-02,korea,947.0,103.0,98.0,1300.0,2.0,17.0,31.0,77.0,30.0,-35.5,11.0
2025-07-02,libya,217.0,29.0,11.0,382.9,0.0,0.0,3.0,0.0,0.0,0.0,0.0
2025-07-02,scs,1755.0,210.0,183.0,2270.3,0.0,2.0,99.0,103.0,24.0,118.9,9.0
2025-07-02,southasia,9040.0,1409.0,1168.0,4027.4,21.0,15.0,456.0,27.0,14.0,-36.9,3.0
2025-07-02,sudan,306.0,35.0,64.0,-117.9,1.0,0.0,18.0,5.0,1.0,16.4,0.0
2025-07-02,taiwan,272.0,37.0,42.0,153.3,0.0,1.0,16.0,60.0,25.0,-20.0,8.0
2025-07-02,ukraine,2492.0,302.0,470.0,292.6,16.0,27.0,112.0,785.0,448.0,-2164.0,54.0
2025-07-02,venezuela,178.0,30.0,23.0,72.2,3.0,0.0,15.0,23.0,2.0,47.5,0.0
2025-07-02,yemen,159.0,27.0,31.0,-145.6,10.0,0.0,2.0,85.0,69.0,-502.9,30.0
2025-07-03,drc,63.0,2.0,7.0,121.2,0.0,0.0,3.0,42.0,6.0,161.4,3.0
2025-07-03,europe_east,795.0,71.0,83.0,1137.1,1.0,1.0,37.0,26.0,12.0,-80.3,0.0
2025-07-03,iran,3304.0,570.0,609.0,-1353.4,30.0,11.0,213.0,1400.0,559.0,-1279.5,59.0
2025-07-03,israel,6553.0,1069.0,1303.0,-1841.9,43.0,13.0,426.0,1970.0,806.0,-1692.7,83.0
2025-07-03,korea,968.0,104.0,108.0,1358.0,1.0,5.0,77.0,58.0,22.0,-12.0,1.0
2025-07-03,libya,144.0,12.0,21.0,83.4,0.0,2.0,6.0,0.0,0.0,0.0,0.0
2025-07-03,scs,1635.0,188.0,158.0,2403.7,3.0,2.0,91.0,127.0,44.0,21.0,16.0
2025-07-03,southasia,8382.0,1218.0,1035.0,4751.8,15.0,32.0,382.0,31.0,13.0,-68.5,1.0
2025-07-03,sudan,476.0,59.0,91.0,226.8,6.0,1.0,34.0,14.0,4.0,-16.8,0.0
2025-07-03,taiwan,295.0,40.0,40.0,159.0,2.0,1.0,12.0,61.0,27.0,-25.9,4.0
2025-07-03,ukraine,2996.0,349.0,607.0,-502.6,15.0,13.0,85.0,1200.0,644.0,-2956.9,41.0
2025-07-03,venezuela,182.0,29.0,38.0,-77.2,1.0,0.0,21.0,42.0,29.0,-118.7,10.0
2025-07-03,yemen,82.0,13.0,16.0,-34.6,3.0,0.0,0.0,22.0,13.0,-52.4,2.0
2025-07-04,drc,48.0,10.0,7.0,55.3,0.0,0.0,3.0,49.0,12.0,154.7,0.0
2025-07-04,europe_east,713.0,86.0,102.0,673.6,0.0,0.0,52.0,96.0,55.0,-149.1,9.0
2025-07-04,iran,2722.0,379.0,481.0,526.0,40.0,9.0,165.0,1080.0,434.0,-772.2,54.0
2025-07-04,israel,5484.0,870.0,1252.0,-3465.2,34.0,13.0,343.0,1664.0,716.0,-2008.6,80.0
2025-07-04,korea,853.0,121.0,139.0,230.8,12.0,3.0,59.0,202.0,116.0,-421.7,25.0
2025-07-04,libya,73.0,8.0,17.0,-30.8,0.0,0.0,10.0,0.0,0.0,0.0,0.0
2025-07-04,scs,1692.0,171.0,164.0,2440.4,4.0,3.0,89.0,85.0,46.0,-125.3,8.0
2025-07-04,southasia,8243.0,1224.0,1049.0,4019.9,16.0,22.0,348.0,39.0,9.0,11.2,1.0
2025-07-04,sudan,597.0,128.0,112.0,-275.2,6.0,2.0,58.0,7.0,3.0,-2.0,0.0
2025-07-04,taiwan,343.0,48.0,44.0,118.6,1.0,6.0,18.0,79.0,39.0,-76.2,0.0
2025-07-04,ukraine,3027.0,412.0,603.0,-201.6,15.0,14.0,156.0,1284.0,674.0,-2818.1,76.0
2025-07-04,venezuela,104.0,14.0,11.0,96.2,0.0,0.0,3.0,18.0,9.0,-35.5,0.0
2025-07-04,yemen,49.0,6.0,17.0,-85.3,0.0,0.0,2.0,10.0,3.0,-1.3,1.0
2025-07-05,drc,20.0,0.0,1.0,65.2,0.0,0.0,0.0,33.0,2.0,179.0,1.0
2025-07-05,europe_east,340.0,26.0,37.0,472.5,1.0,1.0,10.0,28.0,14.0,-25.3,1.0
2025-07-05,iran,1594.0,226.0,282.0,-18.6,13.0,4.0,70.0,612.0,222.0,-384.2,18.0
2025-07-05,israel,4061.0,662.0,965.0,-3241.8,26.0,17.0,264.0,1227.0,534.0,-1438.8,64.0
2025-07-05,korea,253.0,32.0,43.0,119.4,6.0,0.0,21.0,42.0,24.0,-139.3,5.0
2025-07-05,libya,116.0,6.0,7.0,333.3,0.0,0.0,2.0,0.0,0.0,0.0,0.0
2025-07-05,scs,854.0,71.0,78.0,1231.3,1.0,0.0,35.0,20.0,6.0,4.8,1.0
2025-07-05,southasia,6771.0,998.0,1109.0,325.9,18.0,37.0,349.0,35.0,13.0,16.6,5.0
2025-07-05,sudan,263.0,35.0,41.0,126.4,4.0,0.0,26.0,0.0,0.0,0.0,0.0
2025-07-05,taiwan,222.0,45.0,12.0,135.7,2.0,0.0,0.0,49.0,28.0,-78.6,3.0
2025-07-05,ukraine,1467.0,178.0,335.0,-560.8,12.0,4.0,78.0,627.0,339.0,-1716.5,31.0
2025-07-05,venezuela,101.0,11.0,10.0,167.7,0.0,0.0,9.0,16.0,6.0,-6.1,5.0
2025-07-05,yemen,33.0,6.0,9.0,-64.7,0.0,0.0,3.0,14.0,5.0,-26.2,0.0
2025-07-06,drc,34.0,15.0,7.0,-50.1,0.0,2.0,0.0,14.0,10.0,-17.0,0.0
2025-07-06,europe_east,431.0,47.0,42.0,535.3,0.0,1.0,16.0,7.0,1.0,2.7,0.0
2025-07-06,iran,2149.0,277.0,391.0,-429.9,38.0,6.0,99.0,735.0,325.0,-1023.6,41.0
2025-07-06,israel,5369.0,883.0,1156.0,-3074.2,44.0,4.0,266.0,1652.0,727.0,-2101.3,62.0
2025-07-06,korea,355.0,52.0,34.0,496.2,3.0,0.0,20.0,11.0,11.0,-65.5,1.0
2025-07-06,libya,32.0,0.0,1.0,105.5,0.0,0.0,0.0,0.0,0.0,0.0,0.0
2025-07-06,scs,810.0,83.0,70.0,1093.7,3.0,0.0,44.0,20.0,12.0,-30.8,2.0
2025-07-06,southasia,5802.0,856.0,781.0,1453.8,6.0,33.0,254.0,22.0,11.0,-35.1,2.0
2025-07-06,sudan,188.0,11.0,50.0,9.0,0.0,2.0,27.0,0.0,0.0,0.0,0.0
2025-07-06,taiwan,243.0,51.0,23.0,196.1,4.0,1.0,9.0,34.0,26.0,-71.7,6.0
2025-07-06,ukraine,1087.0,133.0,237.0,-173.0,3.0,4.0,54.0,493.0,292.0,-1790.1,18.0
2025-07-06,venezuela,64.0,6.0,22.0,-86.0,2.0,1.0,8.0,26.0,4.0,56.4,4.0
2025-07-06,yemen,190.0,36.0,83.0,-848.3,8.0,2.0,1.0,141.0,87.0,-651.2,5.0
2025-07-07,drc,59.0,5.0,5.0,131.4,0.0,0.0,0.0,51.0,6.0,193.9,0.0
2025-07-07,europe_east,967.0,127.0,117.0,1019.3,1.0,10.0,58.0,48.0,20.0,-70.8,0.0
2025-07-07,iran,2476.0,411.0,402.0,-120.5,31.0,4.0,112.0,1146.0,515.0,-1350.8,45.0
2025-07-07,israel,6995.0,1022.0,1615.0,-4829.7,49.0,16.0,390.0,2303.0,1000.0,-2733.6,130.0
2025-07-07,korea,914.0,100.0,75.0,1394.9,7.0,3.0,40.0,25.0,7.0,34.2,3.0
2025-07-07,libya,202.0,19.0,30.0,294.4,0.0,1.0,8.0,3.0,0.0,9.8,0.0
2025-07-07,scs,1519.0,151.0,92.0,2730.2,1.0,1.0,61.0,78.0,17.0,209.7,0.0
2025-07-07,southasia,8047.0,1352.0,1147.0,1458.1,30.0,33.0,439.0,105.0,42.0,-59.3,6.0
2025-07-07,sudan,369.0,48.0,82.0,-21.4,5.0,0.0,33.0,0.0,0.0,0.0,0.0
2025-07-07,taiwan,327.0,36.0,37.0,286.6,2.0,0.0,11.0,99.0,21.0,29.7,6.0
2025-07-07,ukraine,1808.0,226.0,422.0,-682.3,13.0,18.0,99.0,698.0,406.0,-2021.7,45.0
2025-07-07,venezuela,91.0,11.0,23.0,-17.5,0.0,0.0,18.0,25.0,10.0,-4.3,6.0
2025-07-07,yemen,377.0,54.0,170.0,-1474.3,7.0,0.0,10.0,348.0,252.0,-2017.8,8.0
2025-07-08,drc,62.0,0.0,3.0,174.4,0.0,0.0,2.0,73.0,6.0,211.6,0.0
2025-07-08,europe_east,785.0,88.0,101.0,796.8,0.0,4.0,64.0,17.0,11.0,-61.8,0.0
2025-07-08,iran,2397.0,346.0,355.0,972.3,26.0,7.0,62.0,1425.0,434.0,773.1,48.0
2025-07-08,israel,7368.0,1129.0,1334.0,-1054.5,63.0,14.0,308.0,2318.0,892.0,-1417.2,78.0
2025-07-08,korea,1004.0,110.0,70.0,1819.1,4.0,3.0,32.0,43.0,10.0,44.1,6.0
2025-07-08,libya,349.0,49.0,52.0,310.9,0.0,0.0,36.0,3.0,0.0,5.5,0.0
2025-07-08,scs,1793.0,194.0,160.0,2473.2,8.0,4.0,80.0,160.0,48.0,148.9,13.0
2025-07-08,southasia,8045.0,1398.0,955.0,3610.0,39.0,12.0,418.0,41.0,24.0,-80.9,2.0
2025-07-08,sudan,337.0,23.0,88.0,-208.5,0.0,5.0,23.0,0.0,0.0,0.0,0.0
2025-07-08,taiwan,339.0,35.0,30.0,433.0,0.0,4.0,11.0,101.0,23.0,22.1,7.0
2025-07-08,ukraine,2623.0,384.0,391.0,1261.3,16.0,3.0,115.0,792.0,412.0,-1550.1,21.0
2025-07-08,venezuela,163.0,23.0,44.0,-4.4,0.0,0.0,39.0,23.0,20.0,-112.5,14.0
2025-07-08,yemen,465.0,65.0,183.0,-1132.9,4.0,0.0,48.0,99.0,63.0,-382.1,5.0
2025-07-09,drc,31.0,6.0,3.0,34.1,0.0,0.0,2.0,16.0,1.0,64.3,0.0
2025-07-09,europe_east,894.0,109.0,89.0,783.8,5.0,4.0,32.0,35.0,9.0,46.9,3.0
2025-07-09,iran,1981.0,311.0,376.0,-563.3,16.0,6.0,106.0,912.0,383.0,-753.6,35.0
2025-07-09,israel,6537.0,1049.0,1393.0,-3117.2,27.0,8.0,416.0,1791.0,797.0,-2406.6,99.0
2025-07-09,korea,1078.0,141.0,103.0,1210.7,5.0,9.0,57.0,108.0,24.0,98.4,6.0
2025-07-09,libya,460.0,49.0,44.0,738.6,0.0,1.0,28.0,0.0,0.0,0.0,0.0
2025-07-09,scs,1694.0,159.0,140.0,2646.5,2.0,0.0,62.0,102.0,21.0,212.9,0.0
2025-07-09,southasia,8845.0,1415.0,1076.0,4373.3,31.0,35.0,492.0,31.0,19.0,-93.8,1.0
2025-07-09,sudan,405.0,60.0,80.0,57.6,1.0,0.0,41.0,6.0,2.0,-3.0,1.0
2025-07-09,taiwan,511.0,72.0,89.0,-65.1,1.0,4.0,16.0,211.0,115.0,-471.4,43.0
2025-07-09,ukraine,3352.0,484.0,622.0,-254.8,26.0,10.0,119.0,1096.0,664.0,-2875.5,68.0
2025-07-09,venezuela,222.0,40.0,46.0,112.3,0.0,0.0,42.0,47.0,21.0,49.2,13.0
2025-07-09,yemen,461.0,46.0,149.0,-654.0,2.0,0.0,43.0,67.0,37.0,-192.0,10.0
2025-07-10,drc,43.0,2.0,6.0,93.3,0.0,0.0,0.0,37.0,5.0,131.2,1.0
2025-07-10,europe_east,939.0,129.0,150.0,210.2,3.0,7.0,64.0,61.0,26.0,-110.1,14.0
2025-07-10,iran,1978.0,331.0,366.0,-653.5,30.0,3.0,128.0,693.0,295.0,-672.6,67.0
2025-07-10,israel,6860.0,1151.0,1538.0,-4730.6,43.0,9.0,480.0,1651.0,733.0,-2328.7,108.0
2025-07-10,korea,916.0,139.0,139.0,572.4,8.0,1.0,88.0,43.0,16.0,-4.6,0.0
2025-07-10,libya,355.0,38.0,45.0,460.4,0.0,2.0,20.0,3.0,0.0,3.0,0.0
2025-07-10,scs,1851.0,207.0,141.0,2602.0,3.0,1.0,62.0,147.0,27.0,303.2,2.0
2025-07-10,southasia,8737.0,1219.0,1154.0,3914.6,31.0,8.0,496.0,32.0,13.0,-25.7,5.0
2025-07-10,sudan,342.0,27.0,98.0,-366.1,1.0,2.0,20.0,2.0,0.0,4.7,0.0
2025-07-10,taiwan,458.0,51.0,72.0,170.4,1.0,7.0,13.0,123.0,63.0,-226.3,20.0
2025-07-10,ukraine,3490.0,357.0,599.0,1918.5,24.0,22.0,141.0,1156.0,602.0,-2556.1,48.0
2025-07-10,venezuela,228.0,26.0,22.0,194.2,0.0,0.0,16.0,39.0,18.0,9.9,7.0
2025-07-10,yemen,535.0,64.0,127.0,-30.0,1.0,0.0,44.0,148.0,82.0,-400.3,13.0
2025-07-11,drc,61.0,5.0,8.0,94.2,0.0,0.0,3.0,10.0,0.0,36.8,0.0
2025-07-11,europe_east,820.0,92.0,110.0,598.6,3.0,1.0,45.0,85.0,39.0,-91.3,7.0
2025-07-11,iran,1851.0,353.0,327.0,-634.1,33.0,1.0,97.0,796.0,358.0,-1205.9,39.0
2025-07-11,israel,5784.0,1077.0,1290.0,-4911.1,54.0,8.0,480.0,1496.0,707.0,-2377.0,96.0
2025-07-11,korea,1235.0,93.0,100.0,2100.7,1.0,10.0,29.0,172.0,49.0,-41.7,21.0
2025-07-11,libya,216.0,30.0,14.0,364.7,0.0,0.0,5.0,0.0,0.0,0.0,0.0
2025-07-11,scs,1713.0,169.0,146.0,2473.9,10.0,0.0,87.0,133.0,26.0,332.6,0.0
2025-07-11,southasia,8179.0,1179.0,1096.0,3339.5,6.0,14.0,421.0,37.0,21.0,-58.7,4.0
2025-07-11,sudan,467.0,78.0,105.0,-225.5,8.0,0.0,48.0,5.0,3.0,-5.2,2.0
2025-07-11,taiwan,329.0,52.0,53.0,93.3,0.0,4.0,16.0,72.0,36.0,-106.5,13.0
2025-07-11,ukraine,3151.0,318.0,499.0,1963.2,15.0,10.0,96.0,979.0,524.0,-2355.6,41.0
2025-07-11,venezuela,216.0,45.0,37.0,32.3,0.0,0.0,29.0,55.0,32.0,-118.1,20.0
2025-07-11,yemen,203.0,30.0,43.0,-69.1,2.0,0.0,17.0,55.0,25.0,-97.2,5.0
2025-07-12,drc,40.0,6.0,10.0,-47.0,0.0,0.0,2.0,37.0,8.0,137.5,0.0
2025-07-12,europe_east,360.0,33.0,69.0,108.9,2.0,1.0,22.0,35.0,16.0,-84.1,4.0
2025-07-12,iran,1351.0,232.0,259.0,-430.3,12.0,1.0,86.0,460.0,185.0,-334.5,8.0
2025-07-12,israel,4201.0,749.0,1117.0,-5127.7,22.0,6.0,326.0,1121.0,551.0,-2077.1,31.0
2025-07-12,korea,827.0,63.0,56.0,1736.1,0.0,15.0,10.0,35.0,14.0,-10.4,8.0
2025-07-12,libya,107.0,9.0,5.0,343.2,0.0,0.0,2.0,0.0,0.0,0.0,0.0
2025-07-12,scs,1076.0,132.0,80.0,1499.8,0.0,0.0,54.0,109.0,28.0,132.0,0.0
2025-07-12,southasia,6631.0,933.0,893.0,2493.7,12.0,7.0,356.0,19.0,12.0,-69.9,0.0
2025-07-12,sudan,181.0,23.0,38.0,-29.5,0.0,0.0,19.0,0.0,0.0,0.0,0.0
2025-07-12,taiwan,235.0,22.0,30.0,179.3,0.0,5.0,5.0,87.0,32.0,-84.0,12.0
2025-07-12,ukraine,1777.0,187.0,404.0,-410.9,12.0,7.0,73.0,575.0,338.0,-1727.7,18.0
2025-07-12,venezuela,120.0,24.0,10.0,214.8,0.0,0.0,5.0,26.0,12.0,5.5,1.0
2025-07-12,yemen,146.0,15.0,35.0,-28.9,0.0,0.0,22.0,14.0,6.0,-40.2,2.0
2025-07-13,drc,5.0,2.0,3.0,-33.0,0.0,0.0,0.0,0.0,0.0,0.0,0.0
2025-07-13,europe_east,336.0,34.0,46.0,229.6,0.0,0.0,11.0,15.0,6.0,7.4,0.0
2025-07-13,iran,1003.0,163.0,272.0,-1284.6,14.0,3.0,84.0,416.0,207.0,-1023.7,10.0
2025-07-13,israel,3989.0,681.0,1217.0,-7324.2,19.0,5.0,309.0,1135.0,659.0,-3570.3,59.0
2025-07-13,korea,948.0,99.0,109.0,1315.8,3.0,41.0,33.0,75.0,34.0,-27.3,15.0
2025-07-13,libya,58.0,7.0,12.0,56.4,0.0,0.0,4.0,0.0,0.0,0.0,0.0
2025-07-13,scs,885.0,102.0,84.0,1029.3,0.0,0.0,51.0,47.0,24.0,-56.3,0.0
2025-07-13,southasia,6278.0,849.0,1030.0,170.9,18.0,26.0,338.0,34.0,12.0,-9.9,7.0
2025-07-13,sudan,226.0,41.0,49.0,-122.3,0.0,3.0,15.0,9.0,7.0,-48.4,2.0
2025-07-13,taiwan,287.0,36.0,34.0,259.1,1.0,8.0,4.0,98.0,43.0,-139.9,10.0
2025-07-13,ukraine,1414.0,173.0,330.0,-632.6,5.0,10.0,41.0,596.0,373.0,-2221.1,30.0
2025-07-13,venezuela,70.0,7.0,16.0,22.9,0.0,0.0,7.0,6.0,6.0,-38.0,4.0
2025-07-13,yemen,165.0,20.0,49.0,-183.3,0.0,0.0,18.0,22.0,7.0,-14.1,3.0
2025-07-14,drc,33.0,0.0,9.0,-12.6,0.0,0.0,6.0,4.0,1.0,5.0,0.0
2025-07-14,europe_east,695.0,94.0,103.0,308.2,2.0,1.0,35.0,35.0,9.0,44.5,1.0
2025-07-14,iran,1416.0,194.0,270.0,-214.7,9.0,1.0,70.0,490.0,247.0,-927.3,22.0
2025-07-14,israel,5523.0,948.0,1497.0,-7340.6,22.0,23.0,341.0,1454.0,756.0,-3292.5,58.0
2025-07-14,korea,1003.0,120.0,110.0,1152.5,5.0,11.0,30.0,54.0,37.0,-110.4,6.0
2025-07-14,libya,152.0,31.0,21.0,37.3,0.0,0.0,4.0,2.0,0.0,4.7,0.0
2025-07-14,scs,1617.0,155.0,144.0,2625.8,1.0,4.0,64.0,81.0,26.0,55.4,7.0
2025-07-14,southasia,8499.0,1142.0,1026.0,5404.3,50.0,43.0,395.0,12.0,1.0,23.0,1.0
2025-07-14,sudan,312.0,31.0,115.0,-796.4,0.0,0.0,15.0,9.0,9.0,-89.0,0.0
2025-07-14,taiwan,290.0,36.0,40.0,128.3,5.0,4.0,5.0,74.0,27.0,-119.6,8.0
2025-07-14,ukraine,3722.0,495.0,432.0,4179.5,31.0,8.0,97.0,1157.0,521.0,-1333.9,34.0
2025-07-14,venezuela,216.0,26.0,50.0,-59.5,0.0,0.0,33.0,48.0,19.0,-46.3,16.0
2025-07-14,yemen,342.0,24.0,98.0,-264.4,0.0,0.0,47.0,29.0,9.0,34.5,0.0
2025-07-15,drc,18.0,4.0,5.0,-51.2,0.0,2.0,0.0,10.0,3.0,-2.0,0.0
2025-07-15,europe_east,957.0,94.0,97.0,937.9,1.0,0.0,43.0,52.0,17.0,42.3,3.0
2025-07-15,iran,1731.0,270.0,311.0,-117.8,25.0,6.0,110.0,573.0,271.0,-853.9,30.0
2025-07-15,israel,6083.0,1184.0,1535.0,-7603.0,42.0,17.0,408.0,1607.0,893.0,-3876.8,82.0
2025-07-15,korea,635.0,84.0,64.0,639.7,3.0,4.0,15.0,16.0,11.0,-74.2,2.0
2025-07-15,libya,100.0,11.0,9.0,168.4,0.0,0.0,6.0,0.0,0.0,0.0,0.0
2025-07-15,scs,1569.0,129.0,132.0,2231.7,1.0,1.0,68.0,49.0,14.0,42.3,2.0
2025-07-15,southasia,8522.0,1322.0,947.0,5452.7,77.0,22.0,425.0,12.0,11.0,-35.0,0.0
2025-07-15,sudan,343.0,33.0,91.0,-344.0,3.0,0.0,19.0,6.0,6.0,-60.0,0.0
2025-07-15,taiwan,371.0,29.0,63.0,181.7,1.0,7.0,12.0,97.0,46.0,-141.9,19.0
2025-07-15,ukraine,4021.0,590.0,446.0,3737.8,65.0,5.0,147.0,1295.0,542.0,-650.6,70.0
2025-07-15,venezuela,197.0,43.0,53.0,-225.6,0.0,0.0,26.0,41.0,21.0,-81.5,11.0
2025-07-15,yemen,591.0,57.0,158.0,-472.8,0.0,0.0,68.0,40.0,23.0,-159.3,4.0
2025-07-16,drc,48.0,2.0,10.0,12.5,0.0,0.0,3.0,24.0,8.0,24.4,0.0
2025-07-16,europe_east,824.0,82.0,99.0,889.8,3.0,3.0,47.0,73.0,37.0,-161.0,19.0
2025-07-16,iran,1766.0,297.0,311.0,-173.6,24.0,1.0,84.0,631.0,284.0,-548.3,18.0
2025-07-16,israel,6999.0,1459.0,1652.0,-9089.1,60.0,36.0,353.0,2271.0,1259.0,-5774.3,78.0
2025-07-16,korea,719.0,118.0,71.0,912.6,4.0,2.0,32.0,64.0,19.0,79.8,7.0
2025-07-16,libya,94.0,21.0,8.0,-8.8,1.0,0.0,0.0,0.0,0.0,0.0,0.0
2025-07-16,scs,1595.0,124.0,185.0,2075.3,3.0,3.0,104.0,68.0,27.0,-16.0,9.0
2025-07-16,southasia,8774.0,1410.0,1208.0,3378.7,96.0,32.0,477.0,24.0,12.0,-8.9,2.0
2025-07-16,sudan,611.0,79.0,111.0,56.0,0.0,0.0,38.0,7.0,6.0,-38.0,0.0
2025-07-16,taiwan,380.0,78.0,61.0,-130.5,0.0,8.0,13.0,72.0,38.0,-156.7,11.0
2025-07-16,ukraine,3034.0,400.0,427.0,2668.9,32.0,5.0,99.0,917.0,426.0,-1003.3,36.0
2025-07-16,venezuela,144.0,28.0,23.0,-0.8,0.0,0.0,11.0,17.0,14.0,-71.0,12.0
2025-07-16,yemen,557.0,55.0,181.0,-767.0,2.0,2.0,71.0,60.0,30.0,-196.2,7.0
2025-07-17,drc,39.0,3.0,12.0,-35.3,2.0,0.0,1.0,41.0,9.0,102.0,0.0
2025-07-17,europe_east,976.0,119.0,113.0,931.5,3.0,5.0,43.0,71.0,19.0,44.8,6.0
2025-07-17,iran,1528.0,249.0,291.0,-374.6,19.0,7.0,89.0,600.0,291.0,-899.2,49.0
2025-07-17,israel,6587.0,1423.0,1511.0,-7133.1,39.0,18.0,401.0,2010.0,1015.0,-3606.7,85.0
2025-07-17,korea,751.0,100.0,87.0,532.4,1.0,4.0,45.0,34.0,3.0,61.9,0.0
2025-07-17,libya,111.0,14.0,12.0,133.5,0.0,0.0,6.0,0.0,0.0,0.0,0.0
2025-07-17,scs,1522.0,171.0,175.0,1782.7,1.0,6.0,97.0,89.0,37.0,24.1,5.0
2025-07-17,southasia,8478.0,1141.0,1267.0,3334.9,21.0,22.0,432.0,16.0,5.0,-14.4,1.0
2025-07-17,sudan,412.0,46.0,103.0,-235.3,0.0,0.0,34.0,4.0,2.0,-10.0,0.0
2025-07-17,taiwan,405.0,73.0,94.0,-385.2,1.0,3.0,23.0,80.0,44.0,-192.6,16.0
2025-07-17,ukraine,2938.0,327.0,414.0,2716.7,18.0,21.0,95.0,827.0,376.0,-990.6,42.0
2025-07-17,venezuela,177.0,38.0,43.0,-178.6,3.0,0.0,30.0,48.0,26.0,-94.4,16.0
2025-07-17,yemen,328.0,24.0,144.0,-647.9,0.0,1.0,63.0,50.0,35.0,-185.4,2.0
2025-07-18,drc,35.0,0.0,6.0,78.8,0.0,0.0,0.0,26.0,2.0,91.0,0.0
2025-07-18,europe_east,711.0,106.0,83.0,958.1,2.0,0.0,42.0,41.0,26.0,-58.7,3.0
2025-07-18,iran,1327.0,230.0,273.0,-480.9,17.0,4.0,105.0,386.0,184.0,-503.5,23.0
2025-07-18,israel,6132.0,1282.0,1338.0,-6238.3,33.0,13.0,311.0,1738.0,869.0,-3249.3,82.0
2025-07-18,korea,792.0,73.0,80.0,1208.8,0.0,2.0,46.0,74.0,29.0,-25.1,7.0
2025-07-18,libya,274.0,27.0,40.0,138.7,0.0,0.0,22.0,9.0,0.0,24.5,0.0
2025-07-18,scs,1459.0,166.0,181.0,1583.8,3.0,4.0,93.0,77.0,50.0,-126.3,3.0
2025-07-18,southasia,9022.0,1404.0,1296.0,2429.3,84.0,15.0,464.0,48.0,15.0,52.5,0.0
2025-07-18,sudan,293.0,36.0,69.0,-63.6,0.0,0.0,33.0,0.0,0.0,0.0,0.0
2025-07-18,taiwan,439.0,63.0,59.0,180.3,0.0,1.0,16.0,121.0,60.0,-201.7,11.0
2025-07-18,ukraine,2265.0,317.0,394.0,1171.1,12.0,7.0,142.0,580.0,250.0,-471.0,31.0
2025-07-18,venezuela,817.0,77.0,226.0,536.1,0.0,0.0,187.0,308.0,141.0,21.3,113.0
2025-07-18,yemen,291.0,18.0,82.0,-131.3,1.0,0.0,41.0,33.0,19.0,-126.7,2.0
2025-07-19,drc,65.0,4.0,10.0,77.1,1.0,0.0,0.0,80.0,6.0,384.0,0.0
2025-07-19,europe_east,480.0,64.0,52.0,455.9,2.0,1.0,19.0,61.0,29.0,66.0,9.0
2025-07-19,iran,918.0,159.0,177.0,-322.0,5.0,3.0,63.0,215.0,94.0,-255.1,10.0
2025-07-19,israel,4236.0,640.0,1004.0,-2811.6,18.0,19.0,286.0,1311.0,538.0,-918.5,51.0
2025-07-19,korea,384.0,43.0,100.0,-103.6,3.0,2.0,65.0,46.0,19.0,-80.7,4.0
2025-07-19,libya,166.0,6.0,22.0,153.6,0.0,0.0,10.0,9.0,0.0,19.2,0.0
2025-07-19,scs,907.0,86.0,93.0,1347.7,0.0,6.0,41.0,13.0,8.0,-26.5,4.0
2025-07-19,southasia,7779.0,1150.0,1444.0,-1680.6,29.0,4.0,517.0,55.0,31.0,-120.2,0.0
2025-07-19,sudan,295.0,62.0,61.0,-230.7,2.0,1.0,25.0,2.0,0.0,4.7,0.0
2025-07-19,taiwan,197.0,28.0,26.0,126.3,2.0,3.0,8.0,38.0,11.0,-8.8,1.0
2025-07-19,ukraine,1495.0,222.0,349.0,-893.1,18.0,2.0,70.0,691.0,319.0,-828.7,18.0
2025-07-19,venezuela,731.0,58.0,183.0,624.1,0.0,0.0,150.0,298.0,116.0,326.6,81.0
2025-07-19,yemen,144.0,9.0,45.0,-152.2,1.0,4.0,17.0,39.0,24.0,-188.7,1.0
2025-07-20,drc,41.0,2.0,1.0,108.4,0.0,0.0,0.0,64.0,5.0,341.6,0.0
2025-07-20,europe_east,326.0,25.0,50.0,110.4,0.0,0.0,19.0,4.0,0.0,20.0,0.0
2025-07-20,iran,1022.0,150.0,168.0,421.2,15.0,1.0,53.0,223.0,117.0,-394.4,21.0
2025-07-20,israel,4236.0,774.0,953.0,-4311.7,48.0,20.0,221.0,1154.0,575.0,-1839.9,61.0
2025-07-20,korea,290.0,33.0,38.0,290.7,0.0,1.0,18.0,17.0,5.0,20.1,2.0
2025-07-20,libya,62.0,2.0,11.0,66.6,0.0,0.0,10.0,0.0,0.0,0.0,0.0
2025-07-20,scs,982.0,109.0,87.0,1434.9,0.0,2.0,47.0,68.0,16.0,146.1,0.0
2025-07-20,southasia,6347.0,911.0,1086.0,-213.2,15.0,32.0,370.0,29.0,12.0,20.4,2.0
2025-07-20,sudan,177.0,26.0,40.0,-110.5,0.0,0.0,13.0,3.0,0.0,6.6,0.0
2025-07-20,taiwan,220.0,44.0,13.0,160.5,1.0,1.0,2.0,67.0,18.0,-3.5,6.0
2025-07-20,ukraine,1277.0,154.0,264.0,-85.5,2.0,6.0,62.0,834.0,272.0,84.1,23.0
2025-07-20,venezuela,312.0,14.0,80.0,373.7,0.0,0.0,70.0,142.0,46.0,131.9,29.0
2025-07-20,yemen,60.0,4.0,21.0,-116.5,3.0,2.0,2.0,27.0,15.0,-100.1,0.0
2025-07-21,drc,24.0,0.0,3.0,76.5,0.0,0.0,1.0,32.0,5.0,142.6,0.0
2025-07-21,europe_east,667.0,70.0,77.0,753.9,0.0,2.0,24.0,33.0,9.0,27.8,5.0
2025-07-21,iran,1853.0,249.0,272.0,1955.1,11.0,3.0,114.0,378.0,198.0,-565.9,31.0
2025-07-21,israel,5863.0,1133.0,1316.0,-5332.6,55.0,33.0,368.0,1485.0,768.0,-2664.0,96.0
2025-07-21,korea,778.0,72.0,85.0,1156.9,0.0,1.0,38.0,59.0,11.0,66.8,2.0
2025-07-21,libya,148.0,5.0,37.0,9.5,0.0,0.0,14.0,0.0,0.0,0.0,0.0
2025-07-21,scs,1878.0,168.0,217.0,2370.0,0.0,3.0,113.0,128.0,45.0,91.0,6.0
2025-07-21,southasia,8467.0,1361.0,1228.0,2057.0,29.0,15.0,431.0,33.0,17.0,-54.1,1.0
2025-07-21,sudan,385.0,60.0,81.0,-48.1,3.0,0.0,34.0,1.0,1.0,-9.5,0.0
2025-07-21,taiwan,380.0,59.0,46.0,135.2,0.0,6.0,12.0,50.0,25.0,-87.0,13.0
2025-07-21,ukraine,2333.0,267.0,412.0,809.3,9.0,4.0,83.0,967.0,435.0,-1346.3,33.0
2025-07-21,venezuela,346.0,31.0,81.0,104.3,0.0,0.0,53.0,92.0,30.0,50.6,15.0
2025-07-21,yemen,161.0,28.0,44.0,-219.0,10.0,0.0,6.0,106.0,89.0,-725.7,7.0
2025-07-22,drc,24.0,4.0,4.0,14.8,0.0,0.0,0.0,16.0,6.0,28.0,0.0
2025-07-22,europe_east,772.0,73.0,81.0,1409.5,1.0,4.0,43.0,52.0,15.0,40.2,2.0
2025-07-22,iran,1901.0,282.0,245.0,1832.6,17.0,0.0,76.0,526.0,222.0,-462.7,37.0
2025-07-22,israel,6841.0,1373.0,1373.0,-3637.3,55.0,15.0,407.0,1404.0,699.0,-2840.1,68.0
2025-07-22,korea,785.0,91.0,68.0,1065.3,6.0,1.0,33.0,39.0,10.0,19.7,2.0
2025-07-22,libya,118.0,19.0,17.0,85.4,0.0,0.0,8.0,0.0,0.0,0.0,0.0
2025-07-22,scs,2171.0,187.0,166.0,3786.5,5.0,6.0,65.0,145.0,32.0,123.3,3.0
2025-07-22,southasia,8582.0,1271.0,1165.0,4040.6,49.0,25.0,519.0,65.0,35.0,-90.6,8.0
2025-07-22,sudan,335.0,51.0,51.0,25.5,3.0,0.0,13.0,2.0,0.0,4.7,0.0
2025-07-22,taiwan,360.0,42.0,26.0,576.1,1.0,1.0,19.0,32.0,13.0,-30.3,4.0
2025-07-22,ukraine,2514.0,312.0,384.0,2057.0,12.0,11.0,112.0,972.0,339.0,29.9,33.0
2025-07-22,venezuela,402.0,64.0,72.0,-27.0,0.0,0.0,36.0,77.0,25.0,66.1,16.0
2025-07-22,yemen,290.0,30.0,62.0,363.5,6.0,0.0,14.0,95.0,69.0,-535.1,9.0
2025-07-23,drc,28.0,4.0,2.0,42.8,0.0,0.0,0.0,4.0,0.0,28.0,0.0
2025-07-23,europe_east,759.0,76.0,110.0,567.2,1.0,6.0,48.0,29.0,12.0,-54.3,1.0
2025-07-23,iran,1540.0,294.0,203.0,691.7,18.0,4.0,84.0,444.0,202.0,-516.9,28.0
2025-07-23,israel,6709.0,1289.0,1328.0,-4288.1,56.0,7.0,363.0,1548.0,811.0,-3563.3,74.0
2025-07-23,korea,716.0,57.0,81.0,834.7,1.0,10.0,22.0,54.0,7.0,88.7,0.0
2025-07-23,libya,160.0,8.0,9.0,408.2,0.0,0.0,6.0,0.0,0.0,0.0,0.0
2025-07-23,scs,2238.0,181.0,153.0,4350.6,2.0,6.0,75.0,151.0,33.0,155.1,8.0
2025-07-23,southasia,8648.0,1166.0,1240.0,4389.5,35.0,27.0,559.0,41.0,26.0,-83.4,8.0
2025-07-23,sudan,306.0,43.0,31.0,188.0,3.0,0.0,8.0,5.0,0.0,21.7,0.0
2025-07-23,taiwan,363.0,58.0,44.0,205.8,5.0,4.0,25.0,83.0,41.0,-82.5,4.0
2025-07-23,ukraine,2847.0,525.0,338.0,1476.8,24.0,8.0,148.0,965.0,358.0,150.3,59.0
2025-07-23,venezuela,466.0,54.0,137.0,-149.6,0.0,1.0,84.0,112.0,62.0,-192.0,39.0
2025-07-23,yemen,167.0,20.0,40.0,-127.4,1.0,0.0,10.0,55.0,36.0,-204.8,3.0
2025-07-24,drc,84.0,12.0,11.0,32.7,1.0,0.0,0.0,43.0,10.0,89.9,0.0
2025-07-24,europe_east,789.0,76.0,90.0,905.6,0.0,2.0,45.0,49.0,30.0,-103.8,13.0
2025-07-24,iran,1321.0,244.0,214.0,101.3,22.0,3.0,90.0,341.0,169.0,-616.7,9.0
2025-07-24,israel,7118.0,1379.0,1350.0,-4075.1,35.0,11.0,389.0,1634.0,815.0,-3566.2,68.0
2025-07-24,korea,608.0,71.0,88.0,629.6,0.0,9.0,27.0,25.0,9.0,-27.7,0.0
2025-07-24,libya,123.0,11.0,14.0,130.1,2.0,2.0,5.0,0.0,0.0,0.0,0.0
2025-07-24,scs,1563.0,141.0,96.0,3191.6,0.0,3.0,41.0,77.0,9.0,239.0,0.0
2025-07-24,southasia,8415.0,1153.0,955.0,7385.8,17.0,8.0,454.0,34.0,21.0,-20.7,1.0
2025-07-24,sudan,354.0,56.0,79.0,-232.4,1.0,0.0,24.0,4.0,2.0,-15.3,0.0
2025-07-24,taiwan,334.0,39.0,28.0,563.5,2.0,0.0,21.0,39.0,15.0,14.0,0.0
2025-07-24,ukraine,2666.0,383.0,324.0,2577.0,13.0,10.0,102.0,961.0,375.0,-82.0,45.0
2025-07-24,venezuela,575.0,64.0,142.0,-10.3,0.0,0.0,94.0,117.0,51.0,-99.4,35.0
2025-07-24,yemen,128.0,14.0,44.0,-346.8,0.0,0.0,17.0,22.0,6.0,-5.7,0.0
2025-07-25,drc,71.0,16.0,5.0,4.8,0.0,0.0,1.0,18.0,3.0,37.4,0.0
2025-07-25,europe_east,705.0,72.0,48.0,1339.6,0.0,1.0,25.0,65.0,36.0,-147.7,14.0
2025-07-25,iran,1424.0,232.0,191.0,1342.0,50.0,8.0,59.0,452.0,237.0,-788.6,76.0
2025-07-25,israel,7646.0,1629.0,1133.0,286.9,41.0,19.0,432.0,1734.0,759.0,-1416.0,87.0
2025-07-25,korea,800.0,92.0,103.0,926.1,3.0,2.0,51.0,53.0,19.0,47.0,5.0
2025-07-25,libya,83.0,6.0,5.0,120.6,0.0,0.0,2.0,0.0,0.0,0.0,0.0
2025-07-25,scs,1529.0,191.0,168.0,1680.8,3.0,5.0,82.0,59.0,30.0,-19.1,6.0
2025-07-25,southasia,8364.0,1153.0,925.0,7595.5,25.0,10.0,432.0,32.0,20.0,-102.4,0.0
2025-07-25,sudan,433.0,50.0,91.0,-102.8,1.0,0.0,17.0,11.0,7.0,-61.5,1.0
2025-07-25,taiwan,374.0,101.0,29.0,142.2,3.0,2.0,12.0,54.0,22.0,-3.8,7.0
2025-07-25,ukraine,1986.0,277.0,247.0,1534.4,17.0,3.0,64.0,661.0,275.0,-556.6,21.0
2025-07-25,venezuela,472.0,58.0,150.0,-363.0,0.0,0.0,107.0,125.0,48.0,-25.7,39.0
2025-07-25,yemen,83.0,11.0,12.0,16.7,0.0,0.0,2.0,15.0,7.0,-36.5,2.0
2025-07-26,drc,67.0,16.0,12.0,3.8,3.0,9.0,2.0,24.0,3.0,73.8,3.0
2025-07-26,europe_east,316.0,35.0,41.0,321.9,0.0,2.0,12.0,36.0,17.0,-62.1,0.0
2025-07-26,iran,1375.0,239.0,359.0,-1753.0,19.0,2.0,41.0,258.0,93.0,33.7,21.0
2025-07-26,israel,4569.0,927.0,969.0,-3553.3,39.0,5.0,308.0,1173.0,544.0,-1453.5,51.0
2025-07-26,korea,366.0,16.0,39.0,732.0,0.0,0.0,21.0,23.0,2.0,73.9,2.0
2025-07-26,libya,63.0,6.0,10.0,5.6,0.0,0.0,4.0,0.0,0.0,0.0,0.0
2025-07-26,scs,920.0,128.0,112.0,699.6,0.0,8.0,49.0,16.0,6.0,33.0,1.0
2025-07-26,southasia,7207.0,954.0,1049.0,2801.2,39.0,23.0,373.0,39.0,19.0,-33.2,6.0
2025-07-26,sudan,200.0,33.0,32.0,-4.9,0.0,0.0,4.0,8.0,8.0,-80.0,0.0
2025-07-26,taiwan,331.0,69.0,38.0,48.7,1.0,6.0,20.0,75.0,41.0,-144.2,4.0
2025-07-26,ukraine,1436.0,198.0,263.0,15.9,10.0,5.0,65.0,596.0,257.0,-776.3,21.0
2025-07-26,venezuela,154.0,10.0,44.0,44.7,0.0,1.0,37.0,23.0,7.0,40.8,7.0
2025-07-26,yemen,106.0,21.0,50.0,-453.8,0.0,0.0,11.0,26.0,18.0,-135.8,4.0
2025-07-27,drc,79.0,8.0,24.0,-138.3,0.0,9.0,0.0,27.0,3.0,81.6,3.0
2025-07-27,europe_east,285.0,30.0,56.0,101.3,2.0,0.0,31.0,20.0,13.0,-45.6,2.0
2025-07-27,iran,1007.0,168.0,239.0,-986.4,8.0,0.0,82.0,223.0,107.0,-430.3,21.0
2025-07-27,israel,4185.0,838.0,868.0,-2756.3,26.0,5.0,289.0,1016.0,481.0,-1581.5,40.0
2025-07-27,korea,444.0,23.0,38.0,1198.2,0.0,9.0,9.0,47.0,5.0,180.6,3.0
2025-07-27,libya,70.0,2.0,3.0,159.9,0.0,0.0,2.0,0.0,0.0,0.0,0.0
2025-07-27,scs,1006.0,96.0,122.0,1107.3,2.0,4.0,52.0,13.0,6.0,-24.8,6.0
2025-07-27,southasia,6224.0,769.0,890.0,2907.7,34.0,8.0,367.0,16.0,11.0,-38.9,4.0
2025-07-27,sudan,201.0,38.0,34.0,66.3,1.0,0.0,8.0,8.0,5.0,-39.8,0.0
2025-07-27,taiwan,260.0,50.0,19.0,252.5,2.0,2.0,7.0,48.0,26.0,-43.4,3.0
2025-07-27,ukraine,880.0,152.0,159.0,97.3,14.0,4.0,42.0,378.0,205.0,-738.4,17.0
2025-07-27,venezuela,164.0,21.0,30.0,94.1,0.0,3.0,20.0,15.0,7.0,-13.1,7.0
2025-07-27,yemen,71.0,8.0,10.0,78.5,1.0,0.0,6.0,9.0,4.0,-12.0,0.0
2025-07-28,drc,130.0,16.0,51.0,-389.1,0.0,0.0,4.0,47.0,10.0,88.0,0.0
2025-07-28,europe_east,856.0,80.0,100.0,776.3,2.0,6.0,45.0,117.0,46.0,-103.3,20.0
2025-07-28,iran,1290.0,200.0,229.0,-75.0,10.0,2.0,95.0,367.0,177.0,-554.0,40.0
2025-07-28,israel,6414.0,1173.0,1181.0,-2339.1,42.0,12.0,378.0,1452.0,668.0,-2200.4,72.0
2025-07-28,korea,1088.0,136.0,89.0,1811.0,7.0,7.0,23.0,205.0,62.0,170.6,16.0
2025-07-28,libya,77.0,8.0,11.0,42.3,0.0,0.0,4.0,0.0,0.0,0.0,0.0
2025-07-28,scs,1446.0,146.0,131.0,2091.6,2.0,4.0,88.0,36.0,2.0,71.2,1.0
2025-07-28,southasia,9305.0,1538.0,1519.0,-1151.7,42.0,16.0,493.0,45.0,25.0,-60.4,0.0
2025-07-28,sudan,524.0,60.0,85.0,217.0,0.0,2.0,29.0,13.0,13.0,-130.0,0.0
2025-07-28,taiwan,413.0,65.0,35.0,372.0,5.0,0.0,13.0,80.0,30.0,-21.4,0.0
2025-07-28,ukraine,1958.0,255.0,410.0,-470.9,13.0,6.0,124.0,728.0,343.0,-1075.1,20.0
2025-07-28,venezuela,294.0,58.0,81.0,-235.3,0.0,2.0,51.0,68.0,44.0,-160.1,26.0
2025-07-28,yemen,209.0,18.0,29.0,130.4,1.0,0.0,5.0,29.0,24.0,-162.7,4.0
2025-07-29,drc,138.0,25.0,40.0,-292.7,0.0,0.0,1.0,21.0,3.0,56.2,0.0
2025-07-29,europe_east,817.0,75.0,107.0,612.2,4.0,7.0,35.0,80.0,55.0,-291.9,10.0
2025-07-29,iran,1087.0,188.0,210.0,-481.8,15.0,1.0,59.0,300.0,161.0,-729.1,19.0
2025-07-29,israel,8644.0,1677.0,1650.0,-4418.9,55.0,12.0,547.0,1825.0,919.0,-3616.0,89.0
2025-07-29,korea,1281.0,163.0,56.0,2281.0,4.0,3.0,22.0,273.0,50.0,541.9,7.0
2025-07-29,libya,70.0,5.0,11.0,98.9,0.0,0.0,2.0,0.0,0.0,0.0,0.0
2025-07-29,scs,1502.0,147.0,128.0,2170.1,1.0,2.0,76.0,23.0,6.0,50.8,3.0
2025-07-29,southasia,11275.0,1940.0,1911.0,-3065.1,48.0,18.0,533.0,119.0,35.0,92.7,1.0
2025-07-29,sudan,397.0,67.0,80.0,-223.3,3.0,1.0,12.0,16.0,10.0,-54.0,0.0
2025-07-29,taiwan,449.0,57.0,38.0,592.1,1.0,0.0,23.0,85.0,28.0,-30.9,6.0
2025-07-29,ukraine,2064.0,325.0,450.0,-1169.4,13.0,7.0,105.0,976.0,570.0,-2397.1,34.0
2025-07-29,venezuela,341.0,64.0,54.0,181.7,0.0,1.0,39.0,39.0,9.0,105.3,3.0
2025-07-29,yemen,279.0,24.0,72.0,-100.8,0.0,0.0,29.0,26.0,18.0,-118.5,3.0
2025-07-30,drc,118.0,10.0,38.0,-150.9,0.0,1.0,2.0,17.0,5.0,62.4,0.0
2025-07-30,europe_east,998.0,100.0,92.0,1003.7,0.0,3.0,43.0,87.0,18.0,-24.2,3.0
2025-07-30,iran,992.0,172.0,204.0,-345.6,12.0,4.0,82.0,294.0,153.0,-588.7,11.0
2025-07-30,israel,7720.0,1489.0,1275.0,-849.2,33.0,6.0,487.0,1476.0,697.0,-2169.1,74.0
2025-07-30,korea,946.0,76.0,50.0,2323.9,0.0,12.0,25.0,64.0,13.0,123.3,0.0
2025-07-30,libya,94.0,4.0,14.0,181.9,0.0,0.0,4.0,1.0,1.0,-5.0,1.0
2025-07-30,scs,1409.0,171.0,94.0,2040.4,1.0,1.0,58.0,35.0,4.0,71.5,1.0
2025-07-30,southasia,9120.0,1658.0,1261.0,1990.1,34.0,3.0,434.0,65.0,23.0,-58.0,0.0
2025-07-30,sudan,496.0,85.0,82.0,343.5,0.0,10.0,14.0,3.0,3.0,-13.5,0.0
2025-07-30,taiwan,366.0,41.0,34.0,408.4,4.0,2.0,26.0,69.0,31.0,-73.3,1.0
2025-07-30,ukraine,1704.0,266.0,341.0,-572.9,12.0,10.0,62.0,592.0,298.0,-1119.4,20.0
2025-07-30,venezuela,161.0,54.0,28.0,-92.7,0.0,1.0,14.0,20.0,12.0,-32.6,5.0
2025-07-30,yemen,117.0,13.0,40.0,-205.5,0.0,0.0,15.0,29.0,5.0,45.5,2.0
2025-07-31,drc,101.0,9.0,28.0,-120.6,0.0,0.0,4.0,29.0,3.0,186.8,0.0
2025-07-31,europe_east,1013.0,98.0,120.0,1140.2,1.0,7.0,46.0,88.0,46.0,-262.8,0.0
2025-07-31,iran,1367.0,271.0,246.0,-327.0,19.0,1.0,106.0,416.0,192.0,-418.4,10.0
2025-07-31,israel,9165.0,1773.0,1433.0,-134.9,51.0,11.0,499.0,1889.0,859.0,-2371.7,62.0
2025-07-31,korea,1167.0,89.0,77.0,2683.6,0.0,1.0,52.0,69.0,7.0,228.6,0.0
2025-07-31,libya,88.0,9.0,14.0,11.9,2.0,0.0,2.0,0.0,0.0,0.0,0.0
2025-07-31,scs,1776.0,161.0,151.0,2935.8,4.0,2.0,71.0,68.0,28.0,-54.2,3.0
2025-07-31,southasia,10011.0,1752.0,1179.0,7283.9,30.0,13.0,651.0,75.0,30.0,-47.2,10.0
2025-07-31,sudan,350.0,51.0,79.0,-311.3,0.0,8.0,11.0,7.0,4.0,-26.3,0.0
2025-07-31,taiwan,400.0,38.0,20.0,670.0,0.0,2.0,6.0,66.0,13.0,75.0,1.0
2025-07-31,ukraine,2046.0,320.0,353.0,-290.6,17.0,9.0,79.0,767.0,442.0,-2290.3,54.0
2025-07-31,venezuela,137.0,16.0,14.0,165.2,0.0,0.0,6.0,50.0,8.0,118.1,6.0
2025-07-31,yemen,116.0,16.0,21.0,-12.3,0.0,0.0,11.0,16.0,5.0,6.4,0.0
2025-08-01,drc,54.0,3.0,12.0,71.3,0.0,0.0,0.0,23.0,3.0,84.4,0.0
2025-08-01,europe_east,1082.0,119.0,90.0,1461.1,0.0,6.0,34.0,95.0,28.0,53.0,9.0
2025-08-01,iran,1626.0,385.0,230.0,4.2,10.0,0.0,105.0,395.0,197.0,-506.4,19.0
2025-08-01,israel,8774.0,1569.0,1494.0,-61.8,36.0,18.0,558.0,1730.0,762.0,-1996.4,73.0
2025-08-01,korea,860.0,94.0,55.0,1670.2,6.0,4.0,27.0,75.0,26.0,24.6,6.0
2025-08-01,libya,383.0,36.0,70.0,158.9,0.0,1.0,15.0,7.0,2.0,-7.2,0.0
2025-08-01,scs,1611.0,151.0,171.0,2157.3,0.0,10.0,57.0,44.0,17.0,-40.3,0.0
2025-08-01,southasia,10301.0,1678.0,1341.0,4892.5,15.0,24.0,553.0,55.0,35.0,-92.4,2.0
2025-08-01,sudan,424.0,60.0,98.0,-333.9,0.0,1.0,20.0,13.0,5.0,-26.1,0.0
2025-08-01,taiwan,444.0,66.0,29.0,566.9,0.0,2.0,11.0,63.0,9.0,96.3,2.0
2025-08-01,ukraine,2158.0,315.0,389.0,220.0,18.0,17.0,112.0,889.0,418.0,-1270.1,31.0
2025-08-01,venezuela,277.0,55.0,47.0,45.8,0.0,0.0,29.0,38.0,10.0,56.0,0.0
2025-08-01,yemen,169.0,28.0,45.0,-198.0,0.0,1.0,9.0,19.0,6.0,-15.5,0.0
2025-08-02,drc,29.0,1.0,3.0,75.2,0.0,0.0,0.0,19.0,8.0,-0.8,0.0
2025-08-02,europe_east,456.0,47.0,47.0,684.4,0.0,2.0,21.0,14.0,9.0,-28.7,0.0
2025-08-02,iran,1168.0,114.0,135.0,1314.3,3.0,0.0,68.0,203.0,96.0,-164.4,23.0
2025-08-02,israel,4397.0,738.0,699.0,256.1,15.0,2.0,229.0,978.0,434.0,-1258.6,38.0
2025-08-02,korea,280.0,45.0,15.0,427.0,0.0,0.0,8.0,29.0,19.0,-14.1,4.0
2025-08-02,libya,106.0,2.0,4.0,266.2,0.0,0.0,2.0,0.0,0.0,0.0,0.0
2025-08-02,scs,867.0,86.0,115.0,830.6,1.0,4.0,57.0,15.0,9.0,-38.8,0.0
2025-08-02,southasia,7766.0,1134.0,1031.0,3775.0,18.0,14.0,430.0,31.0,23.0,-73.4,0.0
2025-08-02,sudan,159.0,18.0,25.0,51.6,0.0,0.0,8.0,3.0,3.0,-29.5,0.0
2025-08-02,taiwan,170.0,18.0,13.0,257.5,1.0,0.0,5.0,25.0,13.0,-49.2,5.0
2025-08-02,ukraine,1216.0,184.0,242.0,-490.3,18.0,4.0,46.0,567.0,285.0,-960.7,19.0
2025-08-02,venezuela,156.0,26.0,43.0,-102.2,0.0,0.0,25.0,17.0,8.0,13.1,7.0
2025-08-02,yemen,81.0,9.0,26.0,-112.7,2.0,0.0,6.0,22.0,12.0,-84.4,1.0
2025-08-03,drc,50.0,0.0,4.0,93.5,0.0,0.0,0.0,17.0,2.0,82.4,0.0
2025-08-03,europe_east,339.0,35.0,72.0,21.8,1.0,7.0,26.0,18.0,15.0,-69.7,3.0
2025-08-03,iran,1180.0,142.0,123.0,1312.7,9.0,3.0,26.0,189.0,91.0,-215.7,8.0
2025-08-03,israel,4459.0,918.0,811.0,-2452.4,22.0,10.0,230.0,1163.0,532.0,-1633.1,44.0
2025-08-03,korea,442.0,60.0,39.0,480.4,0.0,3.0,18.0,21.0,12.0,-43.3,1.0
2025-08-03,libya,75.0,5.0,9.0,64.3,0.0,0.0,3.0,0.0,0.0,0.0,0.0
2025-08-03,scs,854.0,72.0,67.0,1291.4,5.0,0.0,38.0,59.0,17.0,63.0,10.0
2025-08-03,southasia,6967.0,1030.0,1159.0,1296.1,24.0,25.0,421.0,48.0,28.0,-99.7,0.0
2025-08-03,sudan,154.0,14.0,47.0,-129.8,0.0,2.0,21.0,0.0,0.0,0.0,0.0
2025-08-03,taiwan,190.0,28.0,16.0,214.7,0.0,3.0,8.0,35.0,12.0,-3.5,0.0
2025-08-03,ukraine,1172.0,164.0,296.0,-920.5,7.0,4.0,66.0,665.0,371.0,-1756.7,17.0
2025-08-03,venezuela,68.0,20.0,9.0,9.6,0.0,0.0,7.0,11.0,6.0,-8.0,4.0
2025-08-03,yemen,103.0,3.0,16.0,23.4,0.0,0.0,3.0,15.0,5.0,-33.4,0.0
2025-08-04,drc,20.0,2.0,0.0,54.4,0.0,0.0,0.0,2.0,1.0,-10.0,0.0
2025-08-04,europe_east,848.0,69.0,75.0,1278.5,2.0,5.0,30.0,33.0,16.0,-65.4,1.0
2025-08-04,iran,1214.0,202.0,149.0,701.7,8.0,6.0,69.0,326.0,150.0,-264.5,12.0
2025-08-04,israel,6184.0,1261.0,1055.0,-2503.4,35.0,4.0,282.0,1351.0,650.0,-2339.5,51.0
2025-08-04,korea,836.0,86.0,91.0,876.4,0.0,4.0,65.0,83.0,29.0,-38.6,3.0
2025-08-04,libya,104.0,2.0,6.0,266.9,0.0,0.0,4.0,0.0,0.0,0.0,0.0
2025-08-04,scs,1846.0,164.0,156.0,3219.9,4.0,10.0,71.0,106.0,31.0,93.2,4.0
2025-08-04,southasia,9497.0,1545.0,1159.0,5102.1,14.0,17.0,457.0,20.0,14.0,-54.2,1.0
2025-08-04,sudan,412.0,41.0,96.0,-188.1,0.0,2.0,32.0,6.0,5.0,-27.6,3.0
2025-08-04,taiwan,248.0,37.0,11.0,431.5,0.0,0.0,6.0,56.0,17.0,39.3,0.0
2025-08-04,ukraine,1729.0,288.0,277.0,290.2,7.0,10.0,58.0,885.0,466.0,-1540.7,39.0
2025-08-04,venezuela,137.0,21.0,25.0,93.9,0.0,0.0,17.0,40.0,16.0,10.6,10.0
2025-08-04,yemen,259.0,17.0,27.0,63.5,0.0,0.0,7.0,47.0,13.0,-38.2,4.0
2025-08-05,drc,31.0,2.0,7.0,-20.6,0.0,0.0,0.0,30.0,3.0,120.6,0.0
2025-08-05,europe_east,964.0,128.0,112.0,819.6,3.0,2.0,46.0,72.0,36.0,-97.6,14.0
2025-08-05,iran,1012.0,152.0,160.0,271.3,7.0,3.0,68.0,206.0,99.0,-155.0,17.0
2025-08-05,israel,6250.0,1118.0,981.0,209.6,35.0,13.0,353.0,1124.0,499.0,-1316.6,58.0
2025-08-05,korea,702.0,75.0,43.0,1238.8,2.0,3.0,17.0,55.0,8.0,175.6,1.0
2025-08-05,libya,163.0,7.0,13.0,330.9,0.0,0.0,9.0,0.0,0.0,0.0,0.0
2025-08-05,scs,2035.0,166.0,142.0,4087.2,0.0,5.0,57.0,108.0,44.0,-41.8,3.0
2025-08-05,southasia,10267.0,1812.0,1181.0,5111.7,39.0,42.0,503.0,63.0,37.0,-172.5,8.0
2025-08-05,sudan,606.0,92.0,108.0,-187.9,6.0,2.0,36.0,13.0,6.0,-46.4,0.0
2025-08-05,taiwan,299.0,47.0,38.0,189.1,0.0,0.0,28.0,40.0,14.0,32.0,3.0
2025-08-05,ukraine,2363.0,326.0,428.0,578.8,13.0,11.0,147.0,921.0,455.0,-1401.5,44.0
2025-08-05,venezuela,169.0,30.0,40.0,-16.2,0.0,1.0,14.0,33.0,15.0,-21.4,4.0
2025-08-05,yemen,172.0,19.0,29.0,-91.7,0.0,0.0,4.0,64.0,38.0,-295.1,6.0
2025-08-06,drc,37.0,2.0,14.0,-69.0,0.0,0.0,6.0,27.0,1.0,139.7,0.0
2025-08-06,europe_east,975.0,123.0,118.0,866.7,8.0,3.0,51.0,72.0,40.0,-172.6,18.0
2025-08-06,iran,1080.0,189.0,204.0,-249.5,6.0,3.0,85.0,333.0,145.0,-390.3,21.0
2025-08-06,israel,6340.0,1249.0,1164.0,-3507.3,64.0,11.0,377.0,1364.0,616.0,-2026.7,80.0
2025-08-06,korea,816.0,86.0,79.0,1126.9,3.0,6.0,31.0,52.0,18.0,32.4,5.0
2025-08-06,libya,141.0,21.0,11.0,242.2,0.0,0.0,10.0,1.0,0.0,0.0,0.0
2025-08-06,scs,1703.0,164.0,127.0,2633.3,1.0,8.0,54.0,91.0,13.0,282.6,0.0
2025-08-06,southasia,10162.0,1762.0,1117.0,6522.2,49.0,34.0,518.0,34.0,15.0,-38.6,5.0
2025-08-06,sudan,633.0,108.0,97.0,-36.4,2.0,2.0,28.0,19.0,10.0,-31.2,0.0
2025-08-06,taiwan,437.0,35.0,47.0,349.8,2.0,6.0,9.0,82.0,33.0,-98.2,3.0
2025-08-06,ukraine,2885.0,358.0,423.0,1997.6,11.0,5.0,128.0,1343.0,520.0,-582.4,38.0
2025-08-06,venezuela,152.0,27.0,21.0,102.7,0.0,0.0,13.0,28.0,14.0,-37.2,6.0
2025-08-06,yemen,136.0,12.0,45.0,-248.1,0.0,0.0,13.0,30.0,25.0,-219.2,0.0
2025-08-07,drc,78.0,8.0,19.0,-57.6,0.0,0.0,6.0,51.0,6.0,223.4,0.0
2025-08-07,europe_east,1014.0,116.0,108.0,1008.3,7.0,0.0,52.0,117.0,41.0,20.4,11.0
2025-08-07,iran,1142.0,182.0,193.0,-209.9,17.0,1.0,63.0,329.0,162.0,-638.8,33.0
2025-08-07,israel,6843.0,1252.0,1319.0,-3135.4,63.0,8.0,431.0,1463.0,688.0,-2436.6,86.0
2025-08-07,korea,819.0,86.0,89.0,1006.8,0.0,0.0,40.0,74.0,40.0,-126.6,16.0
2025-08-07,libya,54.0,9.0,7.0,-2.7,0.0,0.0,5.0,0.0,0.0,0.0,0.0
2025-08-07,scs,1801.0,227.0,159.0,2310.1,3.0,5.0,75.0,89.0,21.0,155.1,2.0
2025-08-07,southasia,9644.0,1589.0,1097.0,6839.9,18.0,19.0,476.0,35.0,21.0,-79.9,2.0
2025-08-07,sudan,521.0,93.0,125.0,-419.7,2.0,1.0,33.0,42.0,10.0,16.6,3.0
2025-08-07,taiwan,447.0,61.0,31.0,528.4,0.0,1.0,15.0,55.0,13.0,67.3,3.0
2025-08-07,ukraine,3365.0,288.0,291.0,5129.1,10.0,2.0,85.0,1315.0,365.0,1034.4,29.0
2025-08-07,venezuela,182.0,26.0,37.0,9.3,0.0,0.0,25.0,31.0,9.0,26.2,7.0
2025-08-07,yemen,65.0,8.0,8.0,53.3,0.0,0.0,3.0,14.0,10.0,-68.8,0.0
2025-08-08,drc,103.0,16.0,25.0,-72.5,0.0,0.0,9.0,24.0,2.0,74.4,0.0
2025-08-08,europe_east,912.0,78.0,93.0,976.2,3.0,0.0,45.0,77.0,30.0,-144.3,1.0
2025-08-08,iran,856.0,133.0,143.0,-50.9,4.0,9.0,44.0,202.0,70.0,-101.5,8.0
2025-08-08,israel,7512.0,1575.0,1270.0,-3429.7,55.0,30.0,318.0,1489.0,717.0,-2388.6,64.0
2025-08-08,korea,626.0,58.0,47.0,1168.7,0.0,1.0,16.0,32.0,11.0,-8.0,5.0
2025-08-08,libya,95.0,11.0,27.0,-21.4,0.0,0.0,15.0,0.0,0.0,0.0,0.0
2025-08-08,scs,1894.0,194.0,194.0,2317.8,0.0,9.0,76.0,171.0,91.0,-37.0,1.0
2025-08-08,southasia,9527.0,1562.0,988.0,7363.6,19.0,32.0,420.0,49.0,24.0,-1.0,2.0
2025-08-08,sudan,456.0,58.0,92.0,-168.6,2.0,0.0,34.0,12.0,5.0,-18.9,1.0
2025-08-08,taiwan,370.0,47.0,38.0,360.3,0.0,0.0,14.0,60.0,12.0,49.1,3.0
2025-08-08,ukraine,3250.0,308.0,353.0,3924.5,7.0,25.0,135.0,1138.0,345.0,527.6,34.0
2025-08-08,venezuela,544.0,147.0,105.0,-457.6,2.0,3.0,85.0,202.0,100.0,-216.5,41.0
2025-08-08,yemen,60.0,10.0,4.0,67.9,0.0,0.0,3.0,0.0,0.0,0.0,0.0
2025-08-09,drc,22.0,2.0,1.0,76.2,0.0,0.0,0.0,27.0,2.0,119.4,0.0
2025-08-09,europe_east,733.0,53.0,30.0,1210.5,0.0,0.0,13.0,72.0,8.0,49.9,2.0
2025-08-09,iran,700.0,119.0,132.0,-288.1,3.0,3.0,41.0,136.0,64.0,-238.6,4.0
2025-08-09,israel,5235.0,1218.0,1081.0,-5121.9,30.0,25.0,411.0,990.0,483.0,-1585.6,41.0
2025-08-09,korea,380.0,67.0,54.0,101.6,1.0,0.0,26.0,52.0,21.0,-25.3,1.0
2025-08-09,libya,103.0,17.0,32.0,-118.7,0.0,0.0,15.0,0.0,0.0,0.0,0.0
2025-08-09,scs,1000.0,94.0,79.0,1400.6,1.0,0.0,33.0,62.0,26.0,44.3,3.0
2025-08-09,southasia,6891.0,1083.0,1048.0,593.9,15.0,23.0,343.0,52.0,35.0,-213.0,4.0
2025-08-09,sudan,195.0,24.0,40.0,53.9,0.0,0.0,7.0,1.0,1.0,-9.5,0.0
2025-08-09,taiwan,238.0,45.0,8.0,240.5,0.0,1.0,2.0,45.0,17.0,-34.1,2.0
2025-08-09,ukraine,3350.0,363.0,270.0,4899.0,19.0,6.0,80.0,1280.0,463.0,-84.0,18.0
2025-08-09,venezuela,210.0,59.0,36.0,-70.8,3.0,0.0,20.0,33.0,21.0,-28.3,1.0
2025-08-09,yemen,55.0,17.0,5.0,-22.0,0.0,0.0,1.0,6.0,6.0,-24.0,0.0
2025-08-10,drc,20.0,2.0,9.0,-39.4,0.0,0.0,0.0,15.0,5.0,36.8,0.0
2025-08-10,europe_east,855.0,83.0,46.0,1164.6,4.0,2.0,17.0,66.0,11.0,19.6,2.0
2025-08-10,iran,825.0,144.0,158.0,-336.8,6.0,0.0,64.0,169.0,69.0,-259.4,9.0
2025-08-10,israel,5267.0,1099.0,959.0,-2371.6,42.0,16.0,401.0,976.0,448.0,-1191.7,63.0
2025-08-10,korea,366.0,45.0,30.0,548.9,0.0,1.0,13.0,37.0,15.0,-8.6,1.0
2025-08-10,libya,46.0,7.0,6.0,45.3,0.0,0.0,0.0,0.0,0.0,0.0,0.0
2025-08-10,scs,820.0,73.0,110.0,860.4,0.0,3.0,55.0,22.0,4.0,27.7,0.0
2025-08-10,southasia,6423.0,935.0,838.0,2850.6,18.0,7.0,319.0,43.0,26.0,-126.8,4.0
2025-08-10,sudan,184.0,22.0,43.0,-179.3,0.0,4.0,4.0,5.0,2.0,-12.3,0.0
2025-08-10,taiwan,172.0,17.0,24.0,175.0,0.0,0.0,7.0,34.0,7.0,19.7,0.0
2025-08-10,ukraine,3157.0,400.0,281.0,3833.3,11.0,0.0,94.0,1063.0,357.0,218.4,17.0
2025-08-10,venezuela,99.0,24.0,27.0,-159.7,3.0,0.0,9.0,21.0,17.0,-45.8,5.0
2025-08-10,yemen,51.0,2.0,15.0,-58.7,0.0,0.0,2.0,12.0,5.0,-38.7,0.0
2025-08-11,drc,40.0,0.0,16.0,-25.8,0.0,0.0,0.0,8.0,3.0,13.2,0.0
2025-08-11,europe_east,1176.0,104.0,75.0,1756.4,2.0,1.0,30.0,98.0,25.0,69.5,6.0
2025-08-11,iran,1409.0,221.0,204.0,801.9,9.0,2.0,81.0,335.0,129.0,-0.9,11.0
2025-08-11,israel,8115.0,1878.0,1561.0,-6982.8,69.0,15.0,388.0,1360.0,689.0,-2454.3,48.0
2025-08-11,korea,799.0,104.0,65.0,980.3,7.0,2.0,27.0,88.0,41.0,-36.9,9.0
2025-08-11,libya,80.0,22.0,20.0,-103.1,0.0,0.0,12.0,0.0,0.0,0.0,0.0
2025-08-11,scs,1644.0,169.0,198.0,1998.9,2.0,3.0,67.0,299.0,137.0,-29.3,18.0
2025-08-11,southasia,9346.0,1772.0,1153.0,2299.5,37.0,21.0,575.0,92.0,65.0,-215.9,8.0
2025-08-11,sudan,459.0,63.0,103.0,-342.4,4.0,4.0,16.0,14.0,9.0,-60.7,2.0
2025-08-11,taiwan,303.0,43.0,25.0,426.2,2.0,3.0,5.0,36.0,19.0,-28.5,1.0
2025-08-11,ukraine,4414.0,556.0,385.0,5942.5,26.0,20.0,126.0,1430.0,483.0,-110.5,40.0
2025-08-11,venezuela,181.0,29.0,23.0,21.6,2.0,1.0,10.0,26.0,8.0,16.0,1.0
2025-08-11,yemen,80.0,7.0,11.0,67.4,0.0,0.0,7.0,13.0,1.0,9.8,1.0
2025-08-12,drc,95.0,10.0,15.0,149.0,0.0,1.0,7.0,33.0,9.0,26.7,0.0
2025-08-12,europe_east,1029.0,89.0,71.0,2320.5,5.0,1.0,33.0,111.0,33.0,-1.2,7.0
2025-08-12,iran,1160.0,183.0,198.0,259.8,3.0,3.0,68.0,356.0,148.0,-264.4,19.0
2025-08-12,israel,7280.0,1580.0,1263.0,-3075.7,43.0,13.0,383.0,1152.0,579.0,-2074.6,68.0
2025-08-12,korea,1047.0,112.0,115.0,1423.9,3.0,5.0,61.0,53.0,18.0,14.5,8.0
2025-08-12,libya,36.0,6.0,7.0,-8.0,0.0,0.0,4.0,0.0,0.0,0.0,0.0
2025-08-12,scs,1672.0,224.0,200.0,1615.8,2.0,3.0,85.0,240.0,130.0,-151.6,10.0
2025-08-12,southasia,9411.0,1768.0,1185.0,2786.9,69.0,32.0,524.0,76.0,40.0,-70.4,10.0
2025-08-12,sudan,557.0,104.0,141.0,-695.1,2.0,0.0,22.0,16.0,11.0,-70.6,0.0
2025-08-12,taiwan,298.0,29.0,20.0,398.9,0.0,0.0,7.0,18.0,11.0,-48.2,2.0
2025-08-12,ukraine,4483.0,633.0,450.0,5846.4,15.0,28.0,105.0,1576.0,650.0,-599.1,51.0
2025-08-12,venezuela,262.0,43.0,43.0,196.0,0.0,1.0,35.0,93.0,42.0,-18.0,17.0
2025-08-12,yemen,88.0,9.0,11.0,90.4,0.0,0.0,3.0,13.0,7.0,-6.6,0.0
2025-08-13,drc,28.0,1.0,4.0,57.1,0.0,1.0,1.0,10.0,2.0,48.7,0.0
2025-08-13,europe_east,1261.0,103.0,122.0,1760.6,2.0,2.0,75.0,165.0,64.0,-37.9,6.0
2025-08-13,iran,1332.0,208.0,182.0,1066.3,7.0,0.0,83.0,334.0,136.0,-75.7,14.0
2025-08-13,israel,6578.0,1325.0,1241.0,-3503.4,41.0,11.0,317.0,1301.0,614.0,-1718.4,54.0
2025-08-13,korea,1042.0,91.0,133.0,1599.2,6.0,23.0,55.0,102.0,7.0,338.8,0.0
2025-08-13,libya,80.0,5.0,7.0,117.9,0.0,0.0,1.0,0.0,0.0,0.0,0.0
2025-08-13,scs,1503.0,188.0,146.0,1772.5,3.0,3.0,62.0,129.0,72.0,-244.9,6.0
2025-08-13,southasia,8939.0,1424.0,1157.0,4000.9,55.0,26.0,531.0,96.0,35.0,-90.3,17.0
2025-08-13,sudan,815.0,126.0,141.0,42.4,2.0,0.0,14.0,1.0,1.0,-9.0,0.0
2025-08-13,taiwan,329.0,38.0,19.0,560.2,0.0,0.0,12.0,50.0,11.0,48.2,0.0
2025-08-13,ukraine,5062.0,690.0,460.0,6432.1,45.0,26.0,149.0,1653.0,616.0,-180.6,67.0
2025-08-13,venezuela,305.0,69.0,62.0,-35.3,0.0,0.0,50.0,96.0,57.0,-142.9,27.0
2025-08-13,yemen,100.0,9.0,18.0,40.3,0.0,6.0,1.0,27.0,15.0,-36.2,0.0
2025-08-14,drc,34.0,0.0,2.0,114.0,0.0,0.0,2.0,18.0,4.0,42.0,0.0
2025-08-14,europe_east,1351.0,77.0,102.0,2117.6,5.0,2.0,48.0,140.0,27.0,164.5,5.0
2025-08-14,iran,1018.0,150.0,172.0,231.5,3.0,9.0,72.0,247.0,121.0,-332.7,15.0
2025-08-14,israel,5742.0,1102.0,1034.0,-1884.8,16.0,15.0,315.0,1251.0,560.0,-1406.8,56.0
2025-08-14,korea,910.0,124.0,56.0,997.4,0.0,11.0,19.0,116.0,54.0,-119.0,6.0
2025-08-14,libya,80.0,6.0,17.0,43.3,0.0,0.0,5.0,2.0,0.0,8.0,0.0
2025-08-14,scs,1620.0,212.0,160.0,1996.7,7.0,3.0,66.0,165.0,79.0,-345.8,9.0
2025-08-14,southasia,9494.0,1509.0,1357.0,2813.5,60.0,46.0,508.0,97.0,41.0,30.8,4.0
2025-08-14,sudan,517.0,73.0,62.0,357.6,3.0,0.0,26.0,0.0,0.0,0.0,0.0
2025-08-14,taiwan,312.0,30.0,20.0,590.8,0.0,1.0,14.0,33.0,13.0,5.8,4.0
2025-08-14,ukraine,4873.0,603.0,414.0,6803.7,45.0,24.0,139.0,1619.0,531.0,795.3,73.0
2025-08-14,venezuela,260.0,53.0,51.0,-76.5,0.0,1.0,33.0,67.0,43.0,-146.1,13.0
2025-08-14,yemen,161.0,27.0,29.0,-4.8,0.0,0.0,10.0,45.0,33.0,-201.9,2.0
2025-08-15,drc,14.0,0.0,3.0,-13.7,0.0,0.0,0.0,5.0,0.0,12.0,0.0
2025-08-15,europe_east,810.0,78.0,79.0,991.0,4.0,6.0,21.0,145.0,36.0,241.5,2.0
2025-08-15,iran,972.0,197.0,139.0,-181.2,4.0,6.0,59.0,254.0,125.0,-354.3,12.0
2025-08-15,israel,5250.0,1174.0,992.0,-4021.8,35.0,13.0,339.0,1082.0,533.0,-1898.4,70.0
2025-08-15,korea,1060.0,87.0,84.0,1600.9,3.0,5.0,36.0,121.0,29.0,55.8,7.0
2025-08-15,libya,103.0,15.0,23.0,-55.6,0.0,0.0,13.0,0.0,0.0,0.0,0.0
2025-08-15,scs,1440.0,146.0,151.0,2108.0,0.0,0.0,83.0,116.0,76.0,-259.6,6.0
2025-08-15,southasia,8104.0,1012.0,1011.0,4737.8,39.0,27.0,345.0,80.0,36.0,-120.5,11.0
2025-08-15,sudan,430.0,44.0,76.0,15.4,2.0,0.0,16.0,5.0,3.0,-17.6,0.0
2025-08-15,taiwan,333.0,39.0,41.0,337.9,0.0,0.0,25.0,62.0,15.0,77.2,4.0
2025-08-15,ukraine,5413.0,674.0,478.0,7090.2,23.0,32.0,168.0,2020.0,569.0,1390.6,55.0
2025-08-15,venezuela,169.0,26.0,31.0,117.7,0.0,1.0,26.0,36.0,20.0,-74.8,4.0
2025-08-15,yemen,109.0,20.0,38.0,-244.0,0.0,0.0,6.0,36.0,28.0,-149.0,0.0
2025-08-16,drc,26.0,5.0,9.0,-69.3,0.0,0.0,0.0,0.0,0.0,0.0,0.0
2025-08-16,europe_east,414.0,32.0,36.0,692.7,0.0,1.0,16.0,70.0,8.0,184.2,0.0
2025-08-16,iran,703.0,91.0,120.0,274.0,3.0,0.0,35.0,117.0,42.0,-3.4,0.0
2025-08-16,israel,3415.0,754.0,718.0,-2918.6,35.0,3.0,235.0,671.0,368.0,-1624.3,44.0
2025-08-16,korea,442.0,39.0,41.0,628.5,0.0,0.0,17.0,40.0,12.0,6.2,4.0
2025-08-16,libya,54.0,6.0,15.0,-46.1,0.0,0.0,2.0,0.0,0.0,0.0,0.0
2025-08-16,scs,988.0,97.0,118.0,1067.5,0.0,0.0,57.0,53.0,34.0,-92.2,6.0
2025-08-16,southasia,7112.0,925.0,797.0,5351.3,17.0,28.0,329.0,54.0,27.0,-69.7,20.0
2025-08-16,sudan,242.0,41.0,35.0,-25.8,1.0,0.0,5.0,13.0,8.0,-64.0,0.0
2025-08-16,taiwan,221.0,30.0,7.0,242.6,0.0,0.0,3.0,70.0,25.0,-61.2,5.0
2025-08-16,ukraine,6057.0,714.0,446.0,8585.0,21.0,13.0,148.0,2255.0,672.0,1162.0,53.0
2025-08-16,venezuela,83.0,4.0,21.0,69.2,0.0,0.0,13.0,10.0,5.0,3.0,5.0
2025-08-16,yemen,34.0,12.0,5.0,-52.9,0.0,0.0,1.0,4.0,1.0,17.2,1.0
2025-08-17,drc,23.0,6.0,4.0,-28.8,0.0,0.0,1.0,26.0,0.0,112.0,0.0
2025-08-17,europe_east,494.0,19.0,41.0,929.4,0.0,0.0,19.0,56.0,6.0,100.5,0.0
2025-08-17,iran,488.0,96.0,119.0,-566.4,0.0,1.0,31.0,107.0,55.0,-120.0,0.0
2025-08-17,israel,3782.0,889.0,718.0,-3340.3,44.0,11.0,266.0,779.0,395.0,-1310.9,54.0
2025-08-17,korea,405.0,49.0,27.0,582.0,0.0,0.0,7.0,17.0,0.0,58.5,0.0
2025-08-17,libya,62.0,8.0,11.0,10.8,0.0,0.0,4.0,0.0,0.0,0.0,0.0
2025-08-17,scs,807.0,70.0,121.0,559.3,0.0,3.0,32.0,32.0,17.0,-66.9,3.0
2025-08-17,southasia,6286.0,949.0,706.0,3445.5,14.0,13.0,265.0,37.0,11.0,72.4,3.0
2025-08-17,sudan,163.0,18.0,54.0,-412.4,0.0,0.0,4.0,6.0,6.0,-60.0,0.0
2025-08-17,taiwan,240.0,27.0,7.0,411.7,3.0,0.0,6.0,40.0,7.0,-6.8,0.0
2025-08-17,ukraine,5129.0,594.0,349.0,7806.3,28.0,6.0,84.0,1599.0,511.0,670.6,30.0
2025-08-17,venezuela,72.0,14.0,2.0,107.0,0.0,0.0,0.0,11.0,0.0,32.1,0.0
2025-08-17,yemen,125.0,30.0,43.0,-450.6,2.0,0.0,4.0,105.0,81.0,-684.9,2.0
2025-08-18,drc,74.0,25.0,18.0,-209.7,2.0,0.0,5.0,59.0,13.0,142.1,1.0
2025-08-18,europe_east,1197.0,86.0,81.0,2237.6,1.0,6.0,23.0,70.0,17.0,34.5,7.0
2025-08-18,iran,1051.0,171.0,153.0,260.4,24.0,2.0,51.0,252.0,127.0,-467.9,35.0
2025-08-18,israel,6152.0,1258.0,1189.0,-3348.4,58.0,10.0,397.0,1301.0,655.0,-2286.8,85.0
2025-08-18,korea,862.0,80.0,107.0,1207.9,0.0,0.0,40.0,82.0,31.0,58.7,3.0
2025-08-18,libya,77.0,9.0,11.0,25.0,0.0,0.0,1.0,0.0,0.0,0.0,0.0
2025-08-18,scs,1386.0,142.0,199.0,1001.0,0.0,3.0,89.0,91.0,52.0,-181.8,7.0
2025-08-18,southasia,8873.0,1379.0,837.0,7746.5,59.0,22.0,385.0,35.0,23.0,-91.1,7.0
2025-08-18,sudan,269.0,60.0,38.0,-45.6,0.0,0.0,12.0,0.0,0.0,0.0,0.0
2025-08-18,taiwan,315.0,28.0,16.0,457.3,0.0,0.0,7.0,61.0,22.0,-66.2,5.0
2025-08-18,ukraine,9969.0,1146.0,897.0,14141.9,35.0,62.0,205.0,2704.0,872.0,859.0,84.0
2025-08-18,venezuela,244.0,59.0,15.0,100.5,0.0,2.0,5.0,78.0,25.0,34.3,2.0
2025-08-18,yemen,116.0,15.0,35.0,-205.6,1.0,0.0,8.0,53.0,41.0,-302.2,2.0
2025-08-19,drc,100.0,26.0,31.0,-252.1,0.0,0.0,0.0,28.0,15.0,-14.0,0.0
2025-08-19,europe_east,1387.0,86.0,76.0,2236.0,2.0,3.0,30.0,88.0,12.0,115.8,0.0
2025-08-19,iran,697.0,117.0,110.0,71.3,7.0,1.0,47.0,184.0,104.0,-574.2,13.0
2025-08-19,israel,6053.0,1085.0,1172.0,-1902.0,53.0,37.0,402.0,1157.0,499.0,-1436.4,83.0
2025-08-19,korea,1058.0,97.0,127.0,1131.9,13.0,21.0,57.0,195.0,56.0,-4.1,20.0
2025-08-19,libya,84.0,3.0,9.0,187.6,0.0,0.0,5.0,0.0,0.0,0.0,0.0
2025-08-19,scs,1592.0,147.0,158.0,2272.0,4.0,4.0,69.0,57.0,17.0,-35.2,1.0
2025-08-19,southasia,9493.0,1191.0,923.0,11151.5,27.0,32.0,403.0,39.0,9.0,23.1,2.0
2025-08-19,sudan,499.0,56.0,107.0,-118.1,2.0,1.0,21.0,0.0,0.0,0.0,0.0
2025-08-19,taiwan,390.0,34.0,40.0,626.0,0.0,2.0,14.0,114.0,34.0,1.2,3.0
2025-08-19,ukraine,8762.0,939.0,595.0,14863.4,26.0,47.0,158.0,2511.0,643.0,2479.3,45.0
2025-08-19,venezuela,354.0,72.0,89.0,-298.2,0.0,9.0,54.0,103.0,63.0,-153.8,18.0
2025-08-19,yemen,152.0,43.0,41.0,-225.3,12.0,1.0,22.0,27.0,16.0,-76.4,8.0
2025-08-20,drc,150.0,23.0,43.0,-225.9,0.0,0.0,4.0,40.0,18.0,48.1,0.0
2025-08-20,europe_east,1348.0,149.0,184.0,1114.4,6.0,16.0,43.0,177.0,72.0,-106.0,10.0
2025-08-20,iran,1180.0,148.0,170.0,876.9,11.0,0.0,60.0,323.0,176.0,-642.6,14.0
2025-08-20,israel,6666.0,1355.0,1253.0,-2886.9,35.0,33.0,516.0,1447.0,672.0,-1967.2,60.0
2025-08-20,korea,1098.0,166.0,147.0,916.1,12.0,6.0,84.0,240.0,104.0,-120.0,10.0
2025-08-20,libya,58.0,3.0,5.0,104.8,0.0,0.0,4.0,0.0,0.0,0.0,0.0
2025-08-20,scs,1635.0,170.0,139.0,2566.7,0.0,5.0,68.0,78.0,15.0,59.4,1.0
2025-08-20,southasia,9531.0,1487.0,1173.0,6009.0,82.0,35.0,605.0,52.0,17.0,48.6,4.0
2025-08-20,sudan,525.0,70.0,139.0,-505.3,1.0,0.0,42.0,6.0,6.0,-34.0,0.0
2025-08-20,taiwan,377.0,38.0,47.0,345.2,0.0,2.0,33.0,81.0,18.0,30.6,6.0
2025-08-20,ukraine,5410.0,636.0,555.0,6845.6,19.0,40.0,121.0,1739.0,556.0,600.4,51.0
2025-08-20,venezuela,318.0,71.0,63.0,-205.3,2.0,11.0,34.0,55.0,31.0,-112.7,12.0
2025-08-20,yemen,50.0,5.0,15.0,-81.1,0.0,0.0,1.0,20.0,6.0,-7.2,0.0
2025-08-21,drc,68.0,14.0,13.0,-32.7,2.0,0.0,1.0,21.0,4.0,90.0,0.0
2025-08-21,europe_east,1042.0,145.0,115.0,1015.1,4.0,9.0,45.0,153.0,85.0,-330.7,14.0
2025-08-21,iran,999.0,167.0,181.0,-49.9,9.0,3.0,95.0,254.0,129.0,-202.6,16.0
2025-08-21,israel,7427.0,1502.0,1441.0,-3649.7,68.0,30.0,547.0,1476.0,740.0,-2284.3,128.0
2025-08-21,korea,1160.0,135.0,110.0,1531.1,6.0,6.0,40.0,191.0,47.0,180.5,6.0
2025-08-21,libya,123.0,12.0,17.0,85.3,0.0,0.0,4.0,0.0,0.0,0.0,0.0
2025-08-21,scs,1430.0,168.0,142.0,1812.7,2.0,4.0,76.0,51.0,18.0,-22.1,3.0
2025-08-21,southasia,9484.0,1415.0,1184.0,6945.0,53.0,35.0,555.0,30.0,7.0,35.6,2.0
2025-08-21,sudan,465.0,50.0,131.0,-487.8,1.0,5.0,26.0,9.0,7.0,-38.0,0.0
2025-08-21,taiwan,339.0,24.0,31.0,516.9,0.0,1.0,19.0,74.0,15.0,75.5,7.0
2025-08-21,ukraine,4600.0,574.0,613.0,3462.3,12.0,43.0,105.0,1668.0,664.0,-1116.1,63.0
2025-08-21,venezuela,356.0,67.0,92.0,-363.7,4.0,8.0,49.0,80.0,47.0,-136.3,10.0
2025-08-21,yemen,80.0,10.0,12.0,8.7,0.0,0.0,3.0,34.0,8.0,40.8,0.0
2025-08-22,drc,63.0,19.0,22.0,-178.4,4.0,0.0,6.0,27.0,16.0,-44.2,2.0
2025-08-22,europe_east,870.0,68.0,57.0,1871.6,3.0,2.0,26.0,61.0,11.0,44.0,4.0
2025-08-22,iran,1350.0,213.0,302.0,-895.0,9.0,0.0,66.0,238.0,122.0,-454.4,11.0
2025-08-22,israel,5838.0,1127.0,1050.0,-1715.2,54.0,10.0,393.0,1249.0,581.0,-1726.9,81.0
2025-08-22,korea,1215.0,135.0,123.0,1611.4,9.0,19.0,33.0,127.0,48.0,49.4,6.0
2025-08-22,libya,85.0,8.0,28.0,-101.6,0.0,0.0,11.0,0.0,0.0,0.0,0.0
2025-08-22,scs,1445.0,129.0,137.0,2172.4,1.0,2.0,82.0,126.0,42.0,-85.5,4.0
2025-08-22,southasia,9466.0,1386.0,1177.0,7578.9,36.0,21.0,531.0,33.0,9.0,26.0,1.0
2025-08-22,sudan,386.0,51.0,99.0,-444.5,5.0,0.0,21.0,10.0,6.0,-20.0,0.0
2025-08-22,taiwan,467.0,63.0,27.0,670.8,1.0,6.0,14.0,75.0,17.0,16.1,6.0
2025-08-22,ukraine,3537.0,482.0,482.0,2010.6,31.0,39.0,121.0,1362.0,553.0,-622.6,57.0
2025-08-22,venezuela,499.0,100.0,90.0,-234.1,4.0,15.0,34.0,105.0,48.0,-119.0,13.0
2025-08-22,yemen,57.0,6.0,15.0,-66.7,0.0,0.0,3.0,40.0,18.0,-105.4,2.0
2025-08-23,drc,44.0,5.0,15.0,-76.7,0.0,0.0,6.0,37.0,6.0,181.0,0.0
2025-08-23,europe_east,622.0,49.0,55.0,1100.3,0.0,6.0,28.0,39.0,16.0,8.7,6.0
2025-08-23,iran,1174.0,203.0,252.0,-687.4,5.0,4.0,72.0,171.0,70.0,-211.7,9.0
2025-08-23,israel,3287.0,606.0,573.0,-1268.8,19.0,7.0,166.0,731.0,354.0,-1100.8,36.0
2025-08-23,korea,650.0,119.0,113.0,-460.1,32.0,7.0,6.0,150.0,109.0,-688.9,29.0
2025-08-23,libya,31.0,0.0,3.0,44.2,0.0,0.0,2.0,0.0,0.0,0.0,0.0
2025-08-23,scs,982.0,84.0,104.0,1063.3,4.0,0.0,53.0,76.0,24.0,19.3,1.0
2025-08-23,southasia,7179.0,990.0,901.0,4588.2,26.0,5.0,465.0,21.0,13.0,-38.2,2.0
2025-08-23,sudan,146.0,18.0,36.0,-62.3,0.0,0.0,9.0,7.0,3.0,-5.0,0.0
2025-08-23,taiwan,262.0,35.0,23.0,297.7,1.0,0.0,20.0,32.0,2.0,56.1,0.0
2025-08-23,ukraine,2251.0,276.0,275.0,1624.5,15.0,13.0,58.0,757.0,291.0,-422.8,25.0
2025-08-23,venezuela,262.0,67.0,67.0,-388.0,4.0,9.0,30.0,70.0,36.0,-54.4,8.0
2025-08-23,yemen,56.0,8.0,20.0,-144.5,0.0,0.0,2.0,44.0,32.0,-247.1,1.0
2025-08-24,drc,24.0,2.0,16.0,-121.4,0.0,0.0,3.0,7.0,1.0,22.0,0.0
2025-08-24,europe_east,575.0,32.0,62.0,897.1,0.0,8.0,22.0,25.0,20.0,-91.2,10.0
2025-08-24,iran,647.0,101.0,120.0,-91.5,4.0,2.0,41.0,209.0,93.0,-191.9,8.0
2025-08-24,israel,3807.0,735.0,831.0,-3450.5,35.0,22.0,255.0,879.0,390.0,-1188.6,54.0
2025-08-24,korea,813.0,127.0,117.0,500.1,16.0,1.0,24.0,117.0,63.0,-143.1,27.0
2025-08-24,libya,58.0,7.0,13.0,-6.4,0.0,0.0,10.0,0.0,0.0,0.0,0.0
2025-08-24,scs,1084.0,104.0,105.0,1268.2,7.0,5.0,47.0,60.0,16.0,35.5,4.0
2025-08-24,southasia,6627.0,875.0,693.0,6286.0,8.0,18.0,285.0,22.0,18.0,-67.7,10.0
2025-08-24,sudan,256.0,57.0,90.0,-673.8,1.0,0.0,24.0,7.0,7.0,-68.5,0.0
2025-08-24,taiwan,297.0,43.0,33.0,364.0,0.0,4.0,17.0,78.0,15.0,153.1,0.0
2025-08-24,ukraine,2847.0,313.0,327.0,2974.8,13.0,8.0,72.0,1382.0,524.0,-194.6,31.0
2025-08-24,venezuela,246.0,50.0,40.0,-74.9,1.0,6.0,12.0,66.0,29.0,-36.2,3.0
2025-08-24,yemen,163.0,38.0,59.0,-569.4,1.0,0.0,4.0,132.0,90.0,-670.7,2.0
2025-08-25,drc,30.0,1.0,7.0,11.7,0.0,0.0,1.0,11.0,2.0,56.0,0.0
2025-08-25,europe_east,976.0,93.0,71.0,1751.3,2.0,4.0,43.0,65.0,24.0,1.0,8.0
2025-08-25,iran,1153.0,170.0,132.0,982.0,8.0,4.0,39.0,211.0,101.0,-192.7,10.0
2025-08-25,israel,6483.0,1333.0,1385.0,-6014.9,32.0,17.0,281.0,1300.0,568.0,-1287.5,50.0
2025-08-25,korea,1679.0,185.0,140.0,2128.8,10.0,2.0,52.0,315.0,96.0,-11.0,13.0
2025-08-25,libya,159.0,20.0,17.0,222.5,0.0,1.0,2.0,11.0,6.0,-12.4,0.0
2025-08-25,scs,1742.0,205.0,253.0,1668.8,2.0,4.0,157.0,144.0,63.0,-137.9,1.0
2025-08-25,southasia,9157.0,1381.0,1106.0,6809.1,16.0,10.0,504.0,66.0,35.0,-116.6,13.0
2025-08-25,sudan,333.0,52.0,69.0,-215.6,2.0,0.0,8.0,8.0,5.0,-17.9,0.0
2025-08-25,taiwan,271.0,29.0,52.0,160.8,1.0,0.0,29.0,81.0,26.0,105.7,8.0
2025-08-25,ukraine,3595.0,379.0,423.0,4157.7,20.0,17.0,106.0,1264.0,509.0,-877.6,49.0
2025-08-25,venezuela,382.0,68.0,49.0,184.5,0.0,4.0,22.0,77.0,29.0,-3.1,4.0
2025-08-25,yemen,136.0,24.0,51.0,-404.7,4.0,0.0,8.0,83.0,59.0,-485.0,4.0
2025-08-26,drc,81.0,13.0,19.0,-64.4,0.0,0.0,3.0,28.0,2.0,123.1,0.0
2025-08-26,europe_east,1285.0,148.0,82.0,2131.1,2.0,11.0,32.0,71.0,27.0,33.6,5.0
2025-08-26,iran,1904.0,434.0,316.0,-672.0,11.0,3.0,120.0,329.0,185.0,-428.0,7.0
2025-08-26,israel,7600.0,1608.0,1535.0,-5909.3,50.0,20.0,369.0,1478.0,731.0,-2240.0,78.0
2025-08-26,korea,1516.0,119.0,95.0,2945.8,1.0,5.0,41.0,166.0,31.0,191.5,4.0
2025-08-26,libya,132.0,14.0,23.0,49.2,0.0,0.0,6.0,9.0,4.0,-4.2,0.0
2025-08-26,scs,1518.0,125.0,195.0,1932.3,1.0,2.0,139.0,69.0,11.0,51.7,1.0
2025-08-26,southasia,8686.0,1292.0,1018.0,6403.0,15.0,38.0,442.0,36.0,16.0,-1.4,1.0
2025-08-26,sudan,295.0,48.0,45.0,100.4,0.0,1.0,12.0,1.0,1.0,-10.0,0.0
2025-08-26,taiwan,331.0,35.0,40.0,299.4,0.0,4.0,28.0,73.0,15.0,73.9,3.0
2025-08-26,ukraine,3006.0,359.0,315.0,3174.8,11.0,14.0,87.0,771.0,281.0,-263.5,30.0
2025-08-26,venezuela,377.0,66.0,96.0,-103.3,1.0,18.0,47.0,140.0,67.0,-115.5,25.0
2025-08-26,yemen,77.0,16.0,21.0,-150.9,0.0,0.0,3.0,43.0,29.0,-207.5,4.0
2025-08-27,drc,57.0,9.0,0.0,155.9,0.0,0.0,0.0,21.0,2.0,143.0,0.0
2025-08-27,europe_east,1197.0,108.0,198.0,588.0,7.0,6.0,42.0,85.0,36.0,-65.6,7.0
2025-08-27,iran,2125.0,357.0,333.0,-152.9,13.0,7.0,140.0,415.0,181.0,-268.1,15.0
2025-08-27,israel,7433.0,1384.0,1437.0,-4209.8,32.0,28.0,413.0,1544.0,692.0,-1920.4,75.0
2025-08-27,korea,1182.0,130.0,85.0,2111.1,1.0,3.0,37.0,236.0,69.0,137.8,3.0
2025-08-27,libya,66.0,9.0,5.0,149.3,0.0,0.0,2.0,0.0,0.0,0.0,0.0
2025-08-27,scs,1398.0,177.0,96.0,2046.7,1.0,3.0,45.0,119.0,49.0,-39.4,3.0
2025-08-27,southasia,7747.0,1149.0,856.0,7279.0,19.0,36.0,371.0,34.0,9.0,21.7,0.0
2025-08-27,sudan,461.0,38.0,47.0,633.3,3.0,0.0,17.0,3.0,3.0,-6.0,0.0
2025-08-27,taiwan,403.0,33.0,34.0,562.3,2.0,0.0,26.0,95.0,16.0,116.0,3.0
2025-08-27,ukraine,3033.0,350.0,339.0,3057.3,29.0,22.0,92.0,808.0,323.0,-345.6,35.0
2025-08-27,venezuela,392.0,74.0,59.0,-28.0,2.0,16.0,16.0,129.0,38.0,59.9,7.0
2025-08-27,yemen,90.0,6.0,30.0,-155.3,0.0,0.0,4.0,65.0,43.0,-334.9,1.0
2025-08-28,drc,27.0,0.0,3.0,43.3,0.0,0.0,0.0,20.0,0.0,80.3,0.0
2025-08-28,europe_east,1174.0,83.0,148.0,992.3,0.0,5.0,33.0,116.0,33.0,-5.0,4.0
2025-08-28,iran,1817.0,334.0,250.0,422.0,6.0,4.0,98.0,347.0,136.0,-246.2,11.0
2025-08-28,israel,6993.0,1189.0,1492.0,-4165.6,46.0,21.0,445.0,1354.0,689.0,-2820.5,82.0
2025-08-28,korea,1180.0,96.0,78.0,2118.7,0.0,2.0,42.0,104.0,14.0,180.9,0.0
2025-08-28,libya,109.0,4.0,17.0,137.5,0.0,2.0,11.0,0.0,0.0,0.0,0.0
2025-08-28,scs,1679.0,146.0,148.0,2620.0,4.0,7.0,57.0,150.0,55.0,-7.0,7.0
2025-08-28,southasia,8464.0,1343.0,1061.0,5750.7,30.0,44.0,437.0,30.0,19.0,-110.1,5.0
2025-08-28,sudan,540.0,59.0,107.0,-72.0,2.0,0.0,27.0,7.0,6.0,-46.6,0.0
2025-08-28,taiwan,414.0,66.0,49.0,325.7,0.0,4.0,40.0,71.0,14.0,95.2,0.0
2025-08-28,ukraine,3407.0,397.0,578.0,1319.4,7.0,15.0,141.0,1166.0,552.0,-2048.9,46.0
2025-08-28,venezuela,375.0,66.0,75.0,-130.0,5.0,3.0,38.0,87.0,39.0,-57.4,10.0
2025-08-28,yemen,163.0,16.0,50.0,-287.0,1.0,0.0,7.0,93.0,63.0,-470.2,0.0
2025-08-29,drc,26.0,2.0,8.0,16.8,0.0,0.0,2.0,19.0,7.0,13.0,0.0
2025-08-29,europe_east,1187.0,95.0,87.0,1980.6,1.0,3.0,29.0,61.0,36.0,-225.9,2.0
2025-08-29,iran,1536.0,389.0,204.0,261.9,21.0,2.0,101.0,322.0,120.0,136.2,17.0
2025-08-29,israel,5889.0,1038.0,1250.0,-3480.5,39.0,18.0,398.0,1144.0,575.0,-2282.2,69.0
2025-08-29,korea,954.0,111.0,174.0,446.3,3.0,0.0,129.0,65.0,14.0,90.3,8.0
2025-08-29,libya,115.0,5.0,15.0,205.0,0.0,3.0,6.0,0.0,0.0,0.0,0.0
2025-08-29,scs,1623.0,182.0,122.0,2265.0,0.0,5.0,45.0,121.0,28.0,117.7,0.0
2025-08-29,southasia,8505.0,1346.0,962.0,6790.8,14.0,48.0,374.0,30.0,9.0,-12.3,1.0
2025-08-29,sudan,322.0,41.0,63.0,-82.1,1.0,0.0,9.0,2.0,2.0,-20.0,0.0
2025-08-29,taiwan,487.0,67.0,32.0,725.9,2.0,0.0,21.0,120.0,47.0,93.4,1.0
2025-08-29,ukraine,3146.0,435.0,435.0,2257.3,23.0,14.0,85.0,1026.0,444.0,-899.7,36.0
2025-08-29,venezuela,533.0,149.0,95.0,-431.7,11.0,15.0,32.0,136.0,70.0,-125.4,8.0
2025-08-29,yemen,205.0,24.0,63.0,-434.7,3.0,1.0,3.0,121.0,73.0,-491.4,2.0
2025-08-30,drc,42.0,1.0,2.0,80.2,0.0,0.0,1.0,15.0,2.0,18.8,0.0
2025-08-30,europe_east,513.0,25.0,49.0,701.9,0.0,1.0,26.0,64.0,32.0,-134.1,6.0
2025-08-30,iran,897.0,200.0,148.0,-98.2,5.0,0.0,43.0,189.0,104.0,-299.1,14.0
2025-08-30,israel,4367.0,847.0,996.0,-4726.6,38.0,17.0,292.0,844.0,445.0,-2020.8,44.0
2025-08-30,korea,331.0,36.0,58.0,213.4,0.0,1.0,32.0,19.0,11.0,-76.9,1.0
2025-08-30,libya,17.0,0.0,0.0,38.1,0.0,0.0,0.0,0.0,0.0,0.0,0.0
2025-08-30,scs,1183.0,188.0,121.0,1067.0,0.0,5.0,58.0,85.0,40.0,23.5,4.0
2025-08-30,southasia,7867.0,1150.0,964.0,4460.5,15.0,15.0,390.0,40.0,14.0,-8.6,0.0
2025-08-30,sudan,242.0,15.0,64.0,-175.4,0.0,0.0,15.0,0.0,0.0,0.0,0.0
2025-08-30,taiwan,320.0,30.0,21.0,408.6,0.0,0.0,3.0,83.0,29.0,72.3,3.0
2025-08-30,ukraine,2466.0,281.0,601.0,-1779.8,20.0,10.0,95.0,853.0,418.0,-1434.8,31.0
2025-08-30,venezuela,307.0,75.0,42.0,-88.2,10.0,10.0,15.0,59.0,28.0,-82.8,9.0
2025-08-30,yemen,307.0,58.0,132.0,-1098.6,4.0,0.0,4.0,161.0,112.0,-737.2,3.0
2025-08-31,drc,11.0,0.0,4.0,-30.2,0.0,0.0,0.0,0.0,0.0,0.0,0.0
2025-08-31,europe_east,499.0,49.0,40.0,693.7,3.0,0.0,17.0,122.0,17.0,218.4,2.0
2025-08-31,iran,670.0,93.0,119.0,120.2,7.0,0.0,41.0,139.0,65.0,-235.3,5.0
2025-08-31,israel,4288.0,757.0,1037.0,-5224.0,42.0,18.0,238.0,898.0,445.0,-1992.7,49.0
2025-08-31,korea,362.0,28.0,39.0,591.7,0.0,1.0,20.0,38.0,7.0,-4.8,2.0
2025-08-31,libya,55.0,6.0,18.0,-75.8,0.0,1.0,9.0,0.0,0.0,0.0,0.0
2025-08-31,scs,1003.0,100.0,47.0,1731.0,2.0,4.0,28.0,182.0,14.0,341.6,0.0
2025-08-31,southasia,6428.0,848.0,661.0,5604.7,4.0,19.0,257.0,37.0,15.0,-18.5,0.0
2025-08-31,sudan,216.0,35.0,62.0,-299.0,1.0,0.0,25.0,10.0,7.0,-55.3,2.0
2025-08-31,taiwan,132.0,12.0,16.0,130.4,0.0,2.0,5.0,25.0,6.0,56.0,4.0
2025-08-31,ukraine,1792.0,220.0,376.0,-546.4,27.0,7.0,44.0,627.0,345.0,-1441.4,35.0
2025-08-31,venezuela,175.0,52.0,25.0,-152.5,10.0,11.0,7.0,46.0,35.0,-142.7,11.0
2025-08-31,yemen,455.0,90.0,172.0,-1321.3,13.0,7.0,38.0,196.0,115.0,-729.7,11.0
2025-09-01,drc,51.0,4.0,25.0,-192.1,0.0,0.0,6.0,3.0,2.0,-5.0,2.0
2025-09-01,europe_east,1177.0,116.0,195.0,794.6,5.0,1.0,142.0,137.0,27.0,122.7,6.0
2025-09-01,iran,1015.0,183.0,139.0,441.3,15.0,6.0,60.0,196.0,85.0,-134.3,12.0
2025-09-01,israel,5556.0,1040.0,1251.0,-6237.8,47.0,13.0,329.0,952.0,471.0,-2065.2,57.0
2025-09-01,korea,856.0,72.0,60.0,1227.1,0.0,7.0,23.0,86.0,28.0,0.0,0.0
2025-09-01,libya,72.0,5.0,11.0,27.2,0.0,0.0,2.0,1.0,1.0,-4.4,0.0
2025-09-01,scs,1766.0,149.0,130.0,2914.2,1.0,5.0,63.0,222.0,30.0,345.1,0.0
2025-09-01,southasia,9095.0,1323.0,817.0,9814.4,19.0,35.0,335.0,30.0,10.0,2.4,0.0
2025-09-01,sudan,334.0,69.0,76.0,-371.5,2.0,0.0,32.0,4.0,1.0,-2.3,1.0
2025-09-01,taiwan,295.0,34.0,23.0,259.0,1.0,0.0,8.0,69.0,12.0,71.0,1.0
2025-09-01,ukraine,2563.0,282.0,461.0,307.7,20.0,8.0,128.0,731.0,386.0,-1360.6,42.0
2025-09-01,venezuela,430.0,79.0,61.0,-62.0,3.0,15.0,14.0,129.0,83.0,-363.8,17.0
2025-09-01,yemen,454.0,90.0,161.0,-1309.4,7.0,2.0,38.0,173.0,118.0,-789.7,8.0
2025-09-02,drc,93.0,22.0,22.0,-90.9,1.0,5.0,7.0,8.0,0.0,56.0,0.0
2025-09-02,europe_east,1103.0,103.0,199.0,863.4,2.0,6.0,122.0,112.0,34.0,-5.4,12.0
2025-09-02,iran,1080.0,159.0,137.0,862.1,2.0,5.0,68.0,210.0,92.0,-166.8,3.0
2025-09-02,israel,5625.0,984.0,1170.0,-3496.3,51.0,11.0,407.0,1013.0,463.0,-1524.8,62.0
2025-09-02,korea,1576.0,71.0,169.0,2362.2,0.0,15.0,60.0,147.0,28.0,164.5,0.0
2025-09-02,libya,140.0,9.0,31.0,-15.4,0.0,3.0,5.0,0.0,0.0,0.0,0.0
2025-09-02,scs,1849.0,164.0,171.0,2150.4,3.0,7.0,79.0,181.0,28.0,233.5,4.0
2025-09-02,southasia,9746.0,1565.0,1000.0,7792.7,14.0,44.0,380.0,19.0,8.0,2.5,0.0
2025-09-02,sudan,664.0,91.0,108.0,169.2,4.0,2.0,33.0,25.0,6.0,41.3,0.0
2025-09-02,taiwan,402.0,47.0,40.0,585.6,4.0,0.0,24.0,143.0,34.0,124.9,9.0
2025-09-02,ukraine,2299.0,315.0,371.0,702.3,22.0,14.0,90.0,731.0,345.0,-947.8,32.0
2025-09-02,venezuela,640.0,151.0,150.0,-1003.2,20.0,27.0,35.0,233.0,148.0,-669.1,30.0
2025-09-02,yemen,197.0,32.0,64.0,-457.4,0.0,0.0,17.0,122.0,71.0,-423.0,10.0
2025-09-03,drc,81.0,8.0,11.0,87.7,0.0,1.0,8.0,15.0,5.0,23.3,1.0
2025-09-03,europe_east,1554.0,135.0,107.0,2897.4,1.0,7.0,48.0,94.0,26.0,81.3,6.0
2025-09-03,iran,980.0,153.0,148.0,314.5,5.0,4.0,68.0,184.0,92.0,-332.2,11.0
2025-09-03,israel,5765.0,1126.0,1094.0,-3291.3,47.0,19.0,358.0,1001.0,482.0,-1737.7,90.0
2025-09-03,korea,1521.0,122.0,118.0,2971.9,6.0,19.0,33.0,145.0,25.0,237.3,2.0
2025-09-03,libya,125.0,15.0,8.0,94.7,0.0,2.0,3.0,0.0,0.0,0.0,0.0
2025-09-03,scs,1521.0,133.0,126.0,2102.7,3.0,2.0,78.0,60.0,4.0,137.1,3.0
2025-09-03,southasia,9520.0,1351.0,1161.0,7094.0,14.0,29.0,518.0,34.0,16.0,-1.7,0.0
2025-09-03,sudan,480.0,62.0,91.0,-140.7,5.0,4.0,32.0,11.0,5.0,-26.0,0.0
2025-09-03,taiwan,421.0,58.0,47.0,299.4,3.0,0.0,32.0,134.0,43.0,78.6,8.0
2025-09-03,ukraine,2408.0,339.0,364.0,1137.6,14.0,26.0,71.0,863.0,386.0,-789.4,51.0
2025-09-03,venezuela,1291.0,278.0,250.0,-1123.2,20.0,25.0,72.0,366.0,169.0,-567.9,17.0
2025-09-03,yemen,154.0,26.0,70.0,-542.3,1.0,0.0,22.0,80.0,52.0,-330.8,6.0
2025-09-04,drc,147.0,25.0,28.0,22.1,0.0,0.0,11.0,46.0,7.0,162.2,2.0
2025-09-04,europe_east,1310.0,121.0,108.0,1815.0,10.0,16.0,50.0,111.0,49.0,-132.0,12.0
2025-09-04,iran,790.0,138.0,168.0,-500.0,6.0,3.0,60.0,140.0,83.0,-404.6,9.0
2025-09-04,israel,6174.0,1167.0,1188.0,-3886.5,34.0,20.0,355.0,1182.0,630.0,-2717.1,80.0
2025-09-04,korea,1197.0,95.0,76.0,2606.9,2.0,14.0,29.0,94.0,19.0,103.8,5.0
2025-09-04,libya,47.0,4.0,8.0,12.6,0.0,0.0,3.0,3.0,0.0,0.8,0.0
2025-09-04,scs,1664.0,225.0,131.0,2301.0,2.0,6.0,69.0,154.0,19.0,283.0,0.0
2025-09-04,southasia,8680.0,1212.0,1009.0,6372.7,11.0,36.0,379.0,19.0,9.0,-12.6,0.0
2025-09-04,sudan,515.0,68.0,61.0,444.1,3.0,0.0,23.0,3.0,1.0,-3.2,0.0
2025-09-04,taiwan,326.0,55.0,33.0,260.6,0.0,2.0,17.0,85.0,30.0,61.0,2.0
2025-09-04,ukraine,3187.0,338.0,324.0,3731.2,10.0,47.0,81.0,776.0,306.0,-298.7,49.0
2025-09-04,venezuela,1036.0,208.0,192.0,-698.9,9.0,26.0,59.0,304.0,153.0,-528.7,29.0
2025-09-04,yemen,187.0,21.0,93.0,-799.2,7.0,0.0,9.0,143.0,80.0,-636.7,12.0
2025-09-05,drc,49.0,22.0,0.0,24.1,2.0,0.0,0.0,27.0,8.0,74.4,2.0
2025-09-05,europe_east,1103.0,118.0,129.0,1378.0,0.0,12.0,64.0,91.0,42.0,-103.5,14.0
2025-09-05,iran,679.0,133.0,125.0,-326.7,6.0,1.0,34.0,150.0,73.0,-269.1,13.0
2025-09-05,israel,5444.0,954.0,1023.0,-2054.5,49.0,18.0,418.0,927.0,413.0,-1304.3,73.0
2025-09-05,korea,1348.0,101.0,240.0,581.1,3.0,11.0,138.0,87.0,26.0,-46.9,8.0
2025-09-05,libya,62.0,4.0,12.0,-10.1,0.0,0.0,7.0,0.0,0.0,0.0,0.0
2025-09-05,scs,1490.0,144.0,160.0,1922.9,2.0,0.0,85.0,121.0,13.0,125.3,0.0
2025-09-05,southasia,7953.0,1194.0,831.0,6342.5,25.0,39.0,320.0,58.0,35.0,-144.4,6.0
2025-09-05,sudan,359.0,71.0,66.0,-156.6,1.0,0.0,24.0,3.0,3.0,-29.0,0.0
2025-09-05,taiwan,421.0,34.0,25.0,1004.5,0.0,0.0,14.0,61.0,12.0,38.7,1.0
2025-09-05,ukraine,2782.0,368.0,310.0,2812.4,14.0,25.0,85.0,910.0,331.0,298.7,48.0
2025-09-05,venezuela,1087.0,206.0,201.0,-159.7,20.0,17.0,38.0,282.0,127.0,-327.4,46.0
2025-09-05,yemen,66.0,8.0,24.0,-180.4,4.0,1.0,4.0,30.0,17.0,-150.8,4.0
2025-09-06,drc,22.0,2.0,0.0,65.8,0.0,0.0,0.0,6.0,4.0,-18.1,2.0
2025-09-06,europe_east,589.0,73.0,73.0,519.3,1.0,9.0,30.0,56.0,16.0,22.8,0.0
2025-09-06,iran,637.0,102.0,130.0,-296.6,4.0,0.0,43.0,157.0,66.0,-138.6,8.0
2025-09-06,israel,4375.0,834.0,926.0,-3298.4,24.0,22.0,390.0,932.0,447.0,-1701.0,49.0
2025-09-06,korea,935.0,92.0,203.0,-89.0,5.0,2.0,111.0,44.0,15.0,-43.3,3.0
2025-09-06,libya,35.0,2.0,1.0,61.0,0.0,0.0,1.0,0.0,0.0,0.0,0.0
2025-09-06,scs,949.0,124.0,88.0,980.7,1.0,4.0,54.0,41.0,15.0,-18.9,0.0
2025-09-06,southasia,6654.0,1143.0,807.0,2889.2,37.0,36.0,340.0,20.0,15.0,-63.0,8.0
2025-09-06,sudan,326.0,56.0,51.0,35.3,1.0,0.0,17.0,4.0,4.0,-24.4,0.0
2025-09-06,taiwan,190.0,32.0,17.0,179.0,1.0,3.0,8.0,47.0,15.0,-16.4,1.0
2025-09-06,ukraine,1517.0,200.0,237.0,979.5,5.0,18.0,68.0,510.0,189.0,-68.2,16.0
2025-09-06,venezuela,725.0,147.0,142.0,-656.5,16.0,12.0,28.0,267.0,129.0,-436.2,30.0
2025-09-06,yemen,84.0,19.0,33.0,-278.6,0.0,0.0,6.0,38.0,26.0,-172.2,0.0
2025-09-07,drc,12.0,1.0,0.0,26.3,0.0,0.0,0.0,13.0,9.0,-27.0,0.0
2025-09-07,europe_east,419.0,41.0,121.0,-557.4,1.0,17.0,24.0,36.0,14.0,0.6,6.0
2025-09-07,iran,547.0,113.0,68.0,-20.2,4.0,0.0,19.0,138.0,72.0,-262.3,1.0
2025-09-07,israel,4546.0,873.0,1070.0,-4719.6,27.0,30.0,398.0,910.0,457.0,-1819.1,68.0
2025-09-07,korea,1070.0,105.0,164.0,767.1,1.0,1.0,91.0,48.0,6.0,39.8,0.0
2025-09-07,libya,31.0,4.0,4.0,11.4,0.0,0.0,2.0,0.0,0.0,0.0,0.0
2025-09-07,scs,923.0,106.0,73.0,1262.5,0.0,2.0,34.0,24.0,6.0,-1.6,0.0
2025-09-07,southasia,5406.0,903.0,612.0,2996.7,26.0,22.0,219.0,7.0,4.0,-19.5,0.0
2025-09-07,sudan,128.0,8.0,16.0,160.0,0.0,0.0,7.0,4.0,0.0,13.6,0.0
2025-09-07,taiwan,278.0,43.0,28.0,163.9,0.0,6.0,12.0,77.0,27.0,-91.1,8.0
2025-09-07,ukraine,1763.0,273.0,531.0,-2890.2,29.0,14.0,59.0,718.0,488.0,-2923.7,29.0
2025-09-07,venezuela,439.0,108.0,99.0,-616.6,8.0,9.0,16.0,133.0,59.0,-197.6,14.0
2025-09-07,yemen,129.0,24.0,54.0,-438.7,3.0,1.0,11.0,90.0,71.0,-460.0,3.0
2025-09-08,drc,57.0,9.0,2.0,121.6,0.0,0.0,0.0,6.0,5.0,-14.1,0.0
2025-09-08,europe_east,1029.0,147.0,121.0,1040.5,14.0,17.0,31.0,131.0,74.0,-255.5,19.0
2025-09-08,iran,814.0,148.0,129.0,-59.5,6.0,1.0,47.0,164.0,79.0,-163.4,7.0
2025-09-08,israel,6485.0,1244.0,1623.0,-7991.1,62.0,22.0,488.0,1261.0,699.0,-3215.4,93.0
2025-09-08,korea,1544.0,136.0,280.0,960.3,2.0,0.0,161.0,53.0,16.0,32.3,6.0
2025-09-08,libya,91.0,6.0,5.0,195.7,1.0,1.0,1.0,0.0,0.0,0.0,0.0
2025-09-08,scs,1443.0,196.0,150.0,1478.4,5.0,5.0,85.0,56.0,8.0,90.3,3.0
2025-09-08,southasia,8137.0,1199.0,987.0,6228.7,17.0,40.0,434.0,28.0,25.0,-203.0,3.0
2025-09-08,sudan,273.0,22.0,54.0,-15.0,3.0,1.0,16.0,4.0,1.0,-2.0,0.0
2025-09-08,taiwan,373.0,33.0,30.0,546.3,0.0,1.0,9.0,73.0,23.0,-12.1,4.0
2025-09-08,ukraine,2478.0,356.0,579.0,-1820.9,24.0,11.0,126.0,825.0,478.0,-2171.2,50.0
2025-09-08,venezuela,664.0,150.0,150.0,-839.6,13.0,32.0,22.0,159.0,78.0,-220.8,19.0
2025-09-08,yemen,108.0,17.0,42.0,-289.9,2.0,0.0,4.0,77.0,55.0,-405.6,2.0
2025-09-09,drc,117.0,21.0,15.0,70.2,0.0,0.0,1.0,15.0,10.0,-66.7,3.0
2025-09-09,europe_east,1074.0,130.0,156.0,972.5,8.0,19.0,74.0,227.0,140.0,-433.0,68.0
2025-09-09,iran,1355.0,194.0,192.0,793.0,3.0,0.0,59.0,303.0,161.0,-643.6,10.0
2025-09-09,israel,8831.0,1893.0,1827.0,-7790.8,97.0,25.0,519.0,1950.0,1069.0,-4776.2,111.0
2025-09-09,korea,1215.0,143.0,170.0,993.8,1.0,7.0,91.0,34.0,6.0,112.0,0.0
2025-09-09,libya,121.0,17.0,20.0,94.6,2.0,0.0,9.0,0.0,0.0,0.0,0.0
2025-09-09,scs,1490.0,188.0,128.0,2010.4,8.0,0.0,93.0,58.0,26.0,-69.7,8.0
2025-09-09,southasia,8152.0,1147.0,1082.0,4848.8,49.0,34.0,438.0,46.0,9.0,91.5,4.0
2025-09-09,sudan,479.0,51.0,79.0,65.8,0.0,3.0,19.0,3.0,1.0,4.5,0.0
2025-09-09,taiwan,319.0,18.0,16.0,747.0,0.0,3.0,9.0,68.0,11.0,130.7,3.0
2025-09-09,ukraine,2642.0,321.0,639.0,-1588.4,11.0,10.0,162.0,640.0,337.0,-1737.7,33.0
2025-09-09,venezuela,687.0,128.0,121.0,-270.8,9.0,20.0,37.0,191.0,75.0,-173.3,16.0
2025-09-09,yemen,161.0,38.0,49.0,-347.0,0.0,0.0,6.0,73.0,57.0,-414.3,2.0
2025-09-10,drc,54.0,12.0,21.0,-157.7,0.0,0.0,6.0,27.0,10.0,15.9,1.0
2025-09-10,europe_east,4519.0,857.0,955.0,-4461.2,37.0,62.0,95.0,1676.0,1026.0,-5242.0,219.0
2025-09-10,iran,1434.0,167.0,241.0,600.3,5.0,0.0,66.0,342.0,163.0,-536.3,8.0
2025-09-10,israel,8656.0,1947.0,1787.0,-8118.8,81.0,21.0,491.0,1687.0,921.0,-4269.7,90.0
2025-09-10,korea,1305.0,105.0,225.0,934.0,4.0,3.0,120.0,35.0,10.0,2.6,5.0
2025-09-10,libya,92.0,10.0,10.0,98.8,0.0,0.0,2.0,0.0,0.0,0.0,0.0
2025-09-10,scs,1716.0,199.0,136.0,2593.3,3.0,1.0,62.0,88.0,43.0,-59.5,2.0
2025-09-10,southasia,8176.0,1117.0,944.0,7527.8,15.0,38.0,515.0,21.0,3.0,33.3,0.0
2025-09-10,sudan,379.0,35.0,54.0,543.5,0.0,4.0,24.0,4.0,4.0,-40.0,0.0
2025-09-10,taiwan,379.0,55.0,27.0,584.8,4.0,0.0,12.0,62.0,24.0,28.0,0.0
2025-09-10,ukraine,3827.0,679.0,1004.0,-4846.4,37.0,35.0,213.0,872.0,550.0,-2779.1,48.0
2025-09-10,venezuela,373.0,79.0,61.0,-34.0,6.0,10.0,20.0,95.0,41.0,-58.3,17.0
2025-09-10,yemen,175.0,41.0,71.0,-701.6,1.0,0.0,6.0,127.0,96.0,-749.0,0.0
2025-09-11,drc,48.0,6.0,12.0,-49.1,0.0,0.0,2.0,18.0,10.0,-18.4,1.0
2025-09-11,europe_east,3301.0,467.0,665.0,-678.5,19.0,17.0,150.0,1098.0,622.0,-2678.4,171.0
2025-09-11,iran,901.0,125.0,170.0,224.8,6.0,3.0,54.0,250.0,122.0,-259.4,14.0
2025-09-11,israel,7347.0,1455.0,1618.0,-6984.7,64.0,10.0,426.0,1360.0,750.0,-3559.6,87.0
2025-09-11,korea,1305.0,113.0,299.0,31.7,3.0,1.0,147.0,41.0,15.0,3.4,2.0
2025-09-11,libya,102.0,7.0,19.0,87.5,0.0,1.0,4.0,2.0,0.0,18.0,0.0
2025-09-11,scs,1565.0,208.0,139.0,1766.1,1.0,8.0,46.0,118.0,68.0,-125.2,2.0
2025-09-11,southasia,8589.0,1101.0,1032.0,7557.3,17.0,21.0,474.0,36.0,15.0,-39.3,11.0
2025-09-11,sudan,598.0,70.0,197.0,-830.1,2.0,1.0,84.0,0.0,0.0,0.0,0.0
2025-09-11,taiwan,298.0,36.0,28.0,317.2,3.0,0.0,17.0,87.0,30.0,5.6,0.0
2025-09-11,ukraine,3652.0,426.0,815.0,-272.2,15.0,12.0,225.0,571.0,325.0,-1430.4,27.0
2025-09-11,venezuela,342.0,74.0,87.0,-528.0,15.0,18.0,20.0,69.0,37.0,-136.6,6.0
2025-09-11,yemen,238.0,26.0,101.0,-759.7,1.0,0.0,11.0,109.0,85.0,-683.9,4.0
2025-09-12,drc,69.0,11.0,5.0,37.3,0.0,0.0,2.0,4.0,4.0,-40.0,0.0
2025-09-12,europe_east,2905.0,408.0,643.0,-1454.6,11.0,32.0,166.0,980.0,560.0,-2523.4,176.0
2025-09-12,iran,1012.0,178.0,171.0,-95.5,1.0,3.0,57.0,179.0,75.0,-120.7,9.0
2025-09-12,israel,6359.0,1372.0,1254.0,-4745.2,74.0,8.0,395.0,1149.0,614.0,-2672.5,80.0
2025-09-12,korea,1193.0,121.0,224.0,541.2,0.0,5.0,99.0,17.0,9.0,-32.6,3.0
2025-09-12,libya,118.0,16.0,20.0,74.2,0.0,1.0,3.0,2.0,0.0,18.0,0.0
2025-09-12,scs,1243.0,178.0,108.0,1361.4,3.0,3.0,35.0,92.0,54.0,-119.0,0.0
2025-09-12,southasia,8185.0,1177.0,988.0,5110.7,79.0,19.0,389.0,36.0,8.0,34.5,0.0
2025-09-12,sudan,638.0,101.0,198.0,-944.4,3.0,0.0,70.0,1.0,1.0,-10.0,0.0
2025-09-12,taiwan,448.0,51.0,39.0,455.2,0.0,6.0,10.0,137.0,50.0,3.2,8.0
2025-09-12,ukraine,3556.0,344.0,669.0,1395.3,21.0,18.0,186.0,755.0,401.0,-1331.9,52.0
2025-09-12,venezuela,409.0,74.0,76.0,-148.9,9.0,20.0,14.0,100.0,49.0,-155.1,10.0
2025-09-12,yemen,136.0,18.0,48.0,-333.4,0.0,0.0,13.0,61.0,43.0,-331.7,0.0
2025-09-13,drc,30.0,3.0,3.0,71.0,0.0,0.0,2.0,0.0,0.0,0.0,0.0
2025-09-13,europe_east,1231.0,221.0,265.0,-1036.2,6.0,28.0,50.0,396.0,259.0,-1418.9,69.0
2025-09-13,iran,521.0,91.0,101.0,-203.2,1.0,3.0,25.0,122.0,40.0,44.4,3.0
2025-09-13,israel,4333.0,785.0,881.0,-3009.3,41.0,16.0,187.0,900.0,501.0,-2408.1,47.0
2025-09-13,korea,488.0,39.0,76.0,517.4,1.0,2.0,36.0,3.0,2.0,-9.4,0.0
2025-09-13,libya,40.0,4.0,6.0,69.3,0.0,0.0,0.0,0.0,0.0,0.0,0.0
2025-09-13,scs,828.0,140.0,107.0,249.1,1.0,1.0,48.0,80.0,43.0,-125.0,1.0
2025-09-13,southasia,7288.0,1086.0,1013.0,2189.4,70.0,28.0,361.0,34.0,22.0,-45.2,5.0
2025-09-13,sudan,211.0,30.0,51.0,-100.3,0.0,5.0,23.0,0.0,0.0,0.0,0.0
2025-09-13,taiwan,222.0,25.0,19.0,109.9,0.0,3.0,5.0,81.0,11.0,105.9,1.0
2025-09-13,ukraine,1628.0,224.0,356.0,-729.5,26.0,10.0,74.0,396.0,220.0,-931.5,32.0
2025-09-13,venezuela,271.0,76.0,50.0,-237.6,3.0,5.0,17.0,48.0,24.0,-23.4,9.0
2025-09-13,yemen,97.0,11.0,34.0,-219.9,0.0,2.0,8.0,47.0,16.0,-60.4,1.0
2025-09-14,drc,29.0,1.0,0.0,88.2,0.0,0.0,0.0,7.0,1.0,8.4,0.0
2025-09-14,europe_east,1086.0,265.0,290.0,-2300.3,15.0,35.0,39.0,269.0,158.0,-818.9,52.0
2025-09-14,iran,527.0,70.0,78.0,533.1,3.0,0.0,26.0,95.0,46.0,-16.8,3.0
2025-09-14,israel,4666.0,751.0,966.0,-2851.0,26.0,17.0,246.0,984.0,471.0,-1788.9,42.0
2025-09-14,korea,544.0,70.0,75.0,545.6,0.0,0.0,18.0,66.0,46.0,-128.7,15.0
2025-09-14,libya,90.0,8.0,14.0,69.1,0.0,0.0,5.0,0.0,0.0,0.0,0.0
2025-09-14,scs,717.0,95.0,71.0,545.1,0.0,7.0,34.0,45.0,23.0,-44.3,5.0
2025-09-14,southasia,4742.0,621.0,567.0,3695.8,2.0,10.0,226.0,21.0,4.0,34.6,0.0
2025-09-14,sudan,232.0,40.0,55.0,-161.7,0.0,0.0,20.0,5.0,4.0,-16.0,4.0
2025-09-14,taiwan,219.0,28.0,9.0,388.6,0.0,0.0,2.0,33.0,7.0,10.7,1.0
2025-09-14,ukraine,1430.0,171.0,334.0,-903.2,12.0,8.0,45.0,567.0,329.0,-1661.0,36.0
2025-09-14,venezuela,290.0,70.0,62.0,-342.7,5.0,4.0,20.0,93.0,44.0,-118.3,7.0
2025-09-14,yemen,58.0,7.0,26.0,-219.8,0.0,0.0,4.0,16.0,6.0,-41.2,0.0
2025-09-15,drc,69.0,7.0,10.0,51.2,0.0,4.0,0.0,11.0,3.0,13.6,0.0
2025-09-15,europe_east,1799.0,290.0,388.0,-1114.3,8.0,13.0,90.0,435.0,275.0,-1530.2,69.0
2025-09-15,iran,853.0,151.0,151.0,-187.9,4.0,0.0,37.0,219.0,139.0,-681.0,5.0
2025-09-15,israel,6954.0,1251.0,1353.0,-3785.0,38.0,10.0,411.0,1347.0,699.0,-3194.0,79.0
2025-09-15,korea,1003.0,135.0,103.0,891.7,2.0,2.0,36.0,76.0,24.0,-10.8,10.0
2025-09-15,libya,73.0,11.0,14.0,-27.8,0.0,0.0,2.0,0.0,0.0,0.0,0.0
2025-09-15,scs,1542.0,224.0,121.0,1688.5,0.0,8.0,73.0,74.0,46.0,-139.8,2.0
2025-09-15,southasia,7161.0,1061.0,817.0,4796.2,21.0,14.0,280.0,12.0,6.0,-18.0,0.0
2025-09-15,sudan,462.0,77.0,75.0,169.1,0.0,0.0,37.0,7.0,7.0,-27.5,2.0
2025-09-15,taiwan,255.0,27.0,26.0,298.2,1.0,4.0,11.0,59.0,23.0,-16.0,9.0
2025-09-15,ukraine,2492.0,317.0,489.0,135.8,31.0,15.0,104.0,724.0,422.0,-1934.9,66.0
2025-09-15,venezuela,596.0,186.0,122.0,-1121.3,16.0,20.0,19.0,171.0,102.0,-408.6,19.0
2025-09-15,yemen,126.0,22.0,30.0,-198.5,0.0,0.0,4.0,44.0,23.0,-154.4,0.0
2025-09-16,drc,18.0,1.0,0.0,49.6,0.0,0.0,0.0,8.0,0.0,58.0,0.0
2025-09-16,europe_east,1620.0,185.0,250.0,768.5,8.0,13.0,83.0,437.0,232.0,-976.2,86.0
2025-09-16,iran,770.0,139.0,87.0,327.2,9.0,3.0,29.0,132.0,65.0,-200.9,4.0
2025-09-16,israel,7674.0,1520.0,1468.0,-4971.6,85.0,23.0,428.0,1506.0,720.0,-2735.9,55.0
2025-09-16,korea,743.0,87.0,63.0,958.7,5.0,0.0,29.0,57.0,18.0,20.7,4.0
2025-09-16,libya,129.0,15.0,17.0,103.1,0.0,0.0,3.0,1.0,0.0,0.0,0.0
2025-09-16,scs,1546.0,214.0,224.0,846.3,1.0,6.0,93.0,227.0,150.0,-576.7,1.0
2025-09-16,southasia,7794.0,1005.0,888.0,7209.1,25.0,19.0,295.0,19.0,12.0,-76.9,0.0
2025-09-16,sudan,544.0,79.0,161.0,-798.9,7.0,1.0,57.0,1.0,1.0,-10.0,0.0
2025-09-16,taiwan,352.0,35.0,34.0,521.3,0.0,1.0,21.0,51.0,23.0,8.0,2.0
2025-09-16,ukraine,2352.0,248.0,435.0,543.5,8.0,17.0,121.0,567.0,273.0,-953.4,29.0
2025-09-16,venezuela,792.0,197.0,154.0,-967.0,21.0,7.0,39.0,192.0,108.0,-414.3,10.0
2025-09-16,yemen,217.0,46.0,50.0,-361.4,9.0,0.0,10.0,127.0,90.0,-606.9,12.0
2025-09-17,drc,51.0,11.0,2.0,74.7,1.0,0.0,0.0,18.0,6.0,4.8,0.0
2025-09-17,europe_east,982.0,129.0,153.0,496.5,4.0,7.0,64.0,184.0,102.0,-361.6,36.0
2025-09-17,iran,1025.0,171.0,183.0,451.2,5.0,4.0,94.0,244.0,118.0,-182.3,30.0
2025-09-17,israel,7056.0,1346.0,1274.0,-2505.9,56.0,33.0,454.0,1370.0,647.0,-2176.6,85.0
2025-09-17,korea,802.0,66.0,77.0,1248.4,2.0,0.0,44.0,44.0,4.0,150.5,0.0
2025-09-17,libya,136.0,22.0,29.0,19.2,1.0,0.0,10.0,0.0,0.0,0.0,0.0
2025-09-17,scs,1626.0,201.0,166.0,1619.0,2.0,1.0,62.0,205.0,108.0,-422.9,2.0
2025-09-17,southasia,8424.0,1103.0,930.0,6962.4,30.0,14.0,322.0,46.0,10.0,22.8,3.0
2025-09-17,sudan,407.0,43.0,82.0,45.3,0.0,1.0,17.0,5.0,5.0,-24.0,2.0
2025-09-17,taiwan,422.0,39.0,42.0,713.1,0.0,5.0,22.0,39.0,14.0,3.8,8.0
2025-09-17,ukraine,2168.0,244.0,313.0,1953.5,9.0,9.0,71.0,570.0,216.0,-182.3,39.0
2025-09-17,venezuela,503.0,121.0,87.0,-409.3,12.0,4.0,35.0,104.0,69.0,-243.9,13.0
2025-09-17,yemen,104.0,18.0,35.0,-211.5,0.0,3.0,7.0,65.0,50.0,-372.3,15.0
2025-09-18,drc,69.0,3.0,15.0,-14.5,0.0,4.0,0.0,17.0,2.0,73.5,0.0
2025-09-18,europe_east,1317.0,133.0,197.0,1011.7,10.0,8.0,77.0,234.0,129.0,-625.4,42.0
2025-09-18,iran,845.0,118.0,121.0,471.3,10.0,1.0,54.0,192.0,85.0,-181.7,8.0
2025-09-18,israel,7824.0,1457.0,1713.0,-6651.3,60.0,25.0,514.0,1463.0,728.0,-2786.3,99.0
2025-09-18,korea,652.0,100.0,79.0,480.5,4.0,1.0,45.0,28.0,11.0,-21.6,1.0
2025-09-18,libya,133.0,16.0,27.0,86.1,0.0,1.0,7.0,1.0,1.0,-4.4,0.0
2025-09-18,scs,1596.0,197.0,152.0,1925.1,0.0,14.0,59.0,46.0,23.0,-1.6,2.0
2025-09-18,southasia,8457.0,1143.0,1178.0,5562.4,21.0,20.0,447.0,64.0,23.0,-14.4,3.0
2025-09-18,sudan,369.0,43.0,88.0,-123.3,3.0,0.0,42.0,0.0,0.0,0.0,0.0
2025-09-18,taiwan,398.0,34.0,30.0,748.3,3.0,2.0,14.0,85.0,34.0,-98.0,4.0
2025-09-18,ukraine,2324.0,241.0,405.0,1067.9,14.0,11.0,92.0,650.0,319.0,-1203.2,45.0
2025-09-18,venezuela,562.0,122.0,95.0,-367.2,11.0,13.0,22.0,96.0,47.0,-176.2,11.0
2025-09-18,yemen,106.0,12.0,36.0,-307.2,3.0,0.0,6.0,75.0,42.0,-314.6,4.0
2025-09-19,drc,35.0,3.0,4.0,29.4,0.0,3.0,0.0,0.0,0.0,0.0,0.0
2025-09-19,europe_east,1971.0,351.0,372.0,-593.1,10.0,9.0,70.0,745.0,406.0,-1737.6,152.0
2025-09-19,iran,1074.0,205.0,150.0,448.6,9.0,1.0,73.0,175.0,110.0,-389.9,11.0
2025-09-19,israel,5647.0,1124.0,1116.0,-4024.3,53.0,18.0,330.0,1016.0,519.0,-1955.1,41.0
2025-09-19,korea,859.0,62.0,77.0,1448.5,0.0,1.0,36.0,35.0,6.0,32.0,0.0
2025-09-19,libya,58.0,2.0,12.0,-15.2,0.0,0.0,1.0,0.0,0.0,0.0,0.0
2025-09-19,scs,1542.0,189.0,143.0,1882.2,0.0,3.0,60.0,63.0,16.0,126.3,6.0
2025-09-19,southasia,8683.0,1380.0,1098.0,4685.1,39.0,15.0,421.0,60.0,27.0,-86.1,2.0
2025-09-19,sudan,394.0,62.0,134.0,-895.0,3.0,0.0,25.0,4.0,3.0,-17.0,0.0
2025-09-19,taiwan,527.0,76.0,37.0,915.2,0.0,4.0,20.0,114.0,39.0,92.7,4.0
2025-09-19,ukraine,2023.0,300.0,343.0,142.2,10.0,7.0,95.0,484.0,225.0,-621.8,25.0
2025-09-19,venezuela,329.0,76.0,62.0,-131.2,3.0,2.0,22.0,96.0,50.0,-129.0,11.0
2025-09-19,yemen,104.0,22.0,21.0,-77.8,2.0,0.0,4.0,39.0,28.0,-98.8,5.0
2025-09-20,drc,20.0,7.0,1.0,-4.7,0.0,0.0,0.0,3.0,2.0,-4.5,0.0
2025-09-20,europe_east,1531.0,292.0,326.0,-1055.5,9.0,27.0,12.0,747.0,421.0,-1721.0,136.0
2025-09-20,iran,733.0,197.0,92.0,-355.9,5.0,0.0,49.0,81.0,45.0,-188.8,5.0
2025-09-20,israel,3918.0,734.0,886.0,-3804.9,27.0,4.0,210.0,819.0,485.0,-2796.9,52.0
2025-09-20,korea,355.0,30.0,48.0,321.1,0.0,1.0,13.0,11.0,6.0,-49.0,0.0
2025-09-20,libya,23.0,2.0,4.0,22.4,0.0,0.0,0.0,0.0,0.0,0.0,0.0
2025-09-20,scs,1044.0,160.0,76.0,1045.3,0.0,2.0,26.0,23.0,8.0,-36.4,0.0
2025-09-20,southasia,6837.0,1000.0,915.0,3179.4,88.0,25.0,380.0,32.0,10.0,-11.8,4.0
2025-09-20,sudan,255.0,34.0,80.0,-414.3,1.0,0.0,18.0,10.0,10.0,-90.5,0.0
2025-09-20,taiwan,281.0,38.0,6.0,605.5,0.0,0.0,3.0,47.0,17.0,41.6,2.0
2025-09-20,ukraine,1396.0,225.0,379.0,-1703.5,8.0,12.0,34.0,667.0,397.0,-1908.7,44.0
2025-09-20,venezuela,452.0,137.0,108.0,-727.6,10.0,7.0,33.0,158.0,104.0,-315.3,19.0
2025-09-20,yemen,135.0,11.0,48.0,-310.9,1.0,0.0,9.0,46.0,23.0,-87.4,2.0
2025-09-21,drc,39.0,10.0,11.0,-82.0,0.0,0.0,3.0,0.0,0.0,0.0,0.0
2025-09-21,europe_east,920.0,156.0,187.0,-549.3,5.0,8.0,7.0,349.0,188.0,-821.7,68.0
2025-09-21,iran,552.0,113.0,96.0,-127.9,4.0,0.0,43.0,108.0,33.0,-13.0,3.0
2025-09-21,israel,6518.0,1269.0,1023.0,-1145.6,49.0,8.0,278.0,1391.0,620.0,-1756.4,57.0
2025-09-21,korea,423.0,44.0,37.0,591.6,0.0,0.0,19.0,13.0,2.0,20.6,1.0
2025-09-21,libya,31.0,1.0,3.0,89.3,0.0,0.0,1.0,0.0,0.0,0.0,0.0
2025-09-21,scs,1324.0,252.0,159.0,467.1,1.0,18.0,75.0,14.0,7.0,2.2,4.0
2025-09-21,southasia,5699.0,798.0,790.0,2145.6,7.0,13.0,267.0,19.0,16.0,-79.2,2.0
2025-09-21,sudan,246.0,62.0,60.0,-338.7,3.0,0.0,13.0,4.0,4.0,-21.5,2.0
2025-09-21,taiwan,238.0,33.0,23.0,335.4,0.0,4.0,15.0,66.0,27.0,58.2,0.0
2025-09-21,ukraine,833.0,122.0,208.0,-958.7,12.0,3.0,22.0,296.0,179.0,-1046.2,26.0
2025-09-21,venezuela,218.0,77.0,38.0,-376.8,5.0,6.0,13.0,78.0,50.0,-125.9,12.0
2025-09-21,yemen,99.0,12.0,24.0,-115.8,0.0,0.0,5.0,44.0,20.0,-101.8,0.0
2025-09-22,drc,63.0,5.0,18.0,-90.1,0.0,1.0,0.0,18.0,4.0,60.3,0.0
2025-09-22,europe_east,1816.0,286.0,293.0,490.7,5.0,5.0,52.0,496.0,308.0,-1301.2,82.0
2025-09-22,iran,941.0,124.0,129.0,540.1,1.0,2.0,41.0,208.0,86.0,-90.1,10.0
2025-09-22,israel,8542.0,1725.0,1407.0,-2294.8,71.0,8.0,413.0,1722.0,835.0,-2921.4,72.0
2025-09-22,korea,1197.0,106.0,74.0,2296.7,0.0,1.0,44.0,193.0,27.0,410.4,6.0
2025-09-22,libya,52.0,11.0,5.0,17.0,0.0,1.0,2.0,0.0,0.0,0.0,0.0
2025-09-22,scs,2216.0,394.0,321.0,105.6,3.0,5.0,157.0,87.0,23.0,7.8,0.0
2025-09-22,southasia,7939.0,1072.0,1010.0,5011.5,23.0,18.0,371.0,10.0,1.0,20.0,0.0
2025-09-22,sudan,671.0,140.0,190.0,-1327.0,5.0,0.0,41.0,9.0,9.0,-64.5,0.0
2025-09-22,taiwan,357.0,28.0,38.0,553.6,0.0,1.0,23.0,66.0,28.0,-37.5,6.0
2025-09-22,ukraine,2240.0,291.0,408.0,580.2,7.0,9.0,80.0,651.0,345.0,-1168.1,25.0
2025-09-22,venezuela,512.0,111.0,88.0,-154.0,4.0,12.0,34.0,148.0,60.0,54.8,15.0
2025-09-22,yemen,100.0,18.0,16.0,1.8,1.0,0.0,7.0,33.0,8.0,36.3,0.0
2025-09-23,drc,72.0,14.0,8.0,29.2,0.0,0.0,0.0,71.0,15.0,324.3,0.0
2025-09-23,europe_east,1625.0,235.0,273.0,529.9,9.0,6.0,51.0,458.0,262.0,-1096.6,90.0
2025-09-23,iran,1217.0,172.0,111.0,1468.0,17.0,2.0,47.0,311.0,88.0,210.6,12.0
2025-09-23,israel,8192.0,1479.0,1096.0,1768.9,51.0,12.0,395.0,1410.0,649.0,-1812.1,71.0
2025-09-23,korea,929.0,92.0,136.0,692.3,2.0,1.0,82.0,64.0,13.0,74.8,1.0
2025-09-23,libya,67.0,11.0,1.0,137.6,0.0,0.0,1.0,0.0,0.0,0.0,0.0
2025-09-23,scs,1887.0,261.0,346.0,331.0,5.0,3.0,198.0,67.0,29.0,9.2,5.0
2025-09-23,southasia,8100.0,1142.0,931.0,6685.8,15.0,18.0,412.0,18.0,10.0,-15.5,1.0
2025-09-23,sudan,492.0,82.0,90.0,-320.9,6.0,1.0,18.0,6.0,5.0,-50.0,0.0
2025-09-23,taiwan,492.0,37.0,36.0,825.7,2.0,0.0,15.0,70.0,20.0,-21.4,3.0
2025-09-23,ukraine,3227.0,296.0,420.0,2745.3,11.0,22.0,83.0,828.0,373.0,-1323.1,39.0
2025-09-23,venezuela,353.0,81.0,58.0,-159.9,5.0,9.0,17.0,81.0,26.0,71.6,2.0
2025-09-23,yemen,140.0,15.0,19.0,132.7,0.0,0.0,14.0,33.0,8.0,5.5,0.0
2025-09-24,drc,27.0,5.0,7.0,-48.5,2.0,0.0,1.0,19.0,3.0,83.9,1.0
2025-09-24,europe_east,1764.0,255.0,227.0,648.4,8.0,15.0,38.0,418.0,245.0,-919.0,71.0
2025-09-24,iran,1705.0,276.0,192.0,1735.9,5.0,3.0,98.0,559.0,245.0,-167.4,12.0
2025-09-24,israel,6846.0,1134.0,1074.0,-167.6,34.0,10.0,218.0,1473.0,737.0,-2630.8,44.0
2025-09-24,korea,900.0,116.0,73.0,1220.3,1.0,0.0,44.0,72.0,2.0,213.8,1.0
2025-09-24,libya,67.0,14.0,13.0,-64.2,0.0,0.0,5.0,0.0,0.0,0.0,0.0
2025-09-24,scs,1840.0,226.0,219.0,1832.8,1.0,1.0,104.0,70.0,8.0,219.3,4.0
2025-09-24,southasia,8954.0,1355.0,1045.0,6677.4,18.0,19.0,413.0,43.0,15.0,4.8,2.0
2025-09-24,sudan,388.0,51.0,56.0,95.3,1.0,3.0,10.0,6.0,4.0,-32.7,0.0
2025-09-24,taiwan,472.0,44.0,52.0,524.3,4.0,5.0,18.0,88.0,16.0,85.8,5.0
2025-09-24,ukraine,3873.0,506.0,457.0,2240.3,26.0,13.0,81.0,1161.0,534.0,-1734.3,46.0
2025-09-24,venezuela,322.0,73.0,57.0,-173.2,2.0,5.0,28.0,79.0,27.0,-4.4,7.0
2025-09-24,yemen,137.0,7.0,41.0,-194.7,0.0,0.0,6.0,72.0,53.0,-351.7,3.0
2025-09-25,drc,48.0,4.0,0.0,97.6,0.0,0.0,0.0,30.0,2.0,145.0,0.0
2025-09-25,europe_east,1717.0,226.0,258.0,321.7,5.0,11.0,39.0,413.0,243.0,-1244.0,93.0
2025-09-25,iran,1298.0,234.0,246.0,-265.4,1.0,0.0,101.0,319.0,143.0,-376.4,13.0
2025-09-25,israel,7180.0,1410.0,1306.0,-4064.3,53.0,10.0,366.0,1475.0,779.0,-3247.9,65.0
2025-09-25,korea,861.0,94.0,62.0,1266.0,4.0,4.0,29.0,58.0,22.0,10.7,1.0
2025-09-25,libya,242.0,27.0,83.0,-162.5,4.0,0.0,52.0,0.0,0.0,0.0,0.0
2025-09-25,scs,1938.0,206.0,168.0,2504.8,8.0,4.0,96.0,142.0,16.0,229.1,0.0
2025-09-25,southasia,8649.0,1139.0,876.0,9674.8,16.0,38.0,355.0,26.0,12.0,-3.3,9.0
2025-09-25,sudan,422.0,68.0,60.0,104.2,3.0,3.0,13.0,6.0,5.0,-41.0,0.0
2025-09-25,taiwan,462.0,35.0,49.0,779.1,0.0,0.0,36.0,107.0,35.0,70.2,16.0
2025-09-25,ukraine,3030.0,419.0,371.0,1984.6,20.0,7.0,132.0,711.0,314.0,-716.0,30.0
2025-09-25,venezuela,297.0,40.0,49.0,135.4,0.0,10.0,10.0,28.0,11.0,-8.2,4.0
2025-09-25,yemen,263.0,43.0,78.0,-681.4,2.0,0.0,4.0,136.0,87.0,-571.3,0.0
2025-09-26,drc,31.0,7.0,1.0,41.8,0.0,0.0,0.0,20.0,8.0,-19.9,0.0
2025-09-26,europe_east,1398.0,196.0,243.0,30.1,5.0,8.0,52.0,253.0,155.0,-963.9,59.0
2025-09-26,iran,1485.0,340.0,154.0,791.4,10.0,0.0,67.0,336.0,153.0,-242.2,8.0
2025-09-26,israel,7837.0,1587.0,1350.0,-4124.7,52.0,8.0,542.0,1726.0,813.0,-2096.0,102.0
2025-09-26,korea,827.0,115.0,82.0,744.4,18.0,0.0,47.0,82.0,54.0,-232.9,11.0
2025-09-26,libya,127.0,12.0,17.0,123.1,0.0,0.0,12.0,0.0,0.0,0.0,0.0
2025-09-26,scs,1258.0,180.0,128.0,1261.1,0.0,6.0,64.0,99.0,33.0,88.8,4.0
2025-09-26,southasia,9501.0,1306.0,1043.0,8183.2,8.0,16.0,440.0,55.0,25.0,-29.9,7.0
2025-09-26,sudan,404.0,63.0,61.0,90.8,3.0,0.0,16.0,3.0,3.0,-15.4,0.0
2025-09-26,taiwan,415.0,45.0,38.0,648.0,2.0,3.0,23.0,77.0,28.0,-39.3,16.0
2025-09-26,ukraine,2254.0,302.0,313.0,1051.9,12.0,9.0,112.0,495.0,214.0,-785.6,25.0
2025-09-26,venezuela,282.0,56.0,40.0,48.4,1.0,7.0,16.0,79.0,26.0,-35.8,6.0
2025-09-26,yemen,152.0,20.0,62.0,-531.5,0.0,0.0,2.0,109.0,63.0,-416.4,3.0
2025-09-27,drc,7.0,0.0,0.0,15.6,0.0,0.0,0.0,0.0,0.0,0.0,0.0
2025-09-27,europe_east,754.0,96.0,127.0,-21.2,2.0,0.0,41.0,162.0,86.0,-445.9,24.0
2025-09-27,iran,1540.0,329.0,258.0,-223.0,15.0,0.0,175.0,358.0,180.0,-473.7,15.0
2025-09-27,israel,5126.0,1083.0,1011.0,-4704.2,39.0,5.0,278.0,1189.0,643.0,-2953.7,72.0
2025-09-27,korea,514.0,56.0,31.0,710.1,3.0,0.0,13.0,28.0,7.0,27.1,0.0
2025-09-27,libya,62.0,11.0,7.0,15.3,0.0,0.0,5.0,0.0,0.0,0.0,0.0
2025-09-27,scs,947.0,109.0,100.0,1108.6,0.0,7.0,31.0,39.0,11.0,-9.6,0.0
2025-09-27,southasia,8457.0,1430.0,1147.0,1877.0,47.0,29.0,449.0,49.0,31.0,-189.6,2.0
2025-09-27,sudan,185.0,25.0,32.0,19.6,2.0,0.0,4.0,5.0,4.0,-38.0,0.0
2025-09-27,taiwan,279.0,40.0,23.0,402.4,4.0,0.0,12.0,48.0,21.0,-31.7,3.0
2025-09-27,ukraine,1534.0,228.0,229.0,268.2,10.0,8.0,80.0,320.0,189.0,-904.8,23.0
2025-09-27,venezuela,384.0,85.0,69.0,-263.7,0.0,4.0,35.0,116.0,52.0,-57.4,3.0
2025-09-27,yemen,98.0,6.0,21.0,28.0,0.0,0.0,2.0,30.0,12.0,-45.4,2.0
2025-09-28,drc,12.0,1.0,0.0,17.7,0.0,0.0,0.0,3.0,0.0,3.4,0.0
2025-09-28,europe_east,589.0,64.0,143.0,-453.0,6.0,4.0,31.0,136.0,88.0,-417.2,27.0
2025-09-28,iran,1389.0,314.0,203.0,-245.7,20.0,2.0,126.0,305.0,132.0,-235.6,11.0
2025-09-28,israel,4231.0,718.0,851.0,-2412.2,43.0,9.0,221.0,1032.0,522.0,-2182.4,50.0
2025-09-28,korea,347.0,43.0,22.0,464.9,0.0,0.0,11.0,17.0,8.0,-14.8,1.0
2025-09-28,libya,29.0,6.0,3.0,45.3,0.0,0.0,3.0,0.0,0.0,0.0,0.0
2025-09-28,scs,991.0,124.0,117.0,757.1,1.0,1.0,76.0,42.0,17.0,-19.5,8.0
2025-09-28,southasia,6086.0,870.0,728.0,3516.1,52.0,35.0,286.0,21.0,11.0,-29.0,2.0
2025-09-28,sudan,178.0,21.0,32.0,-71.4,0.0,0.0,1.0,1.0,0.0,3.4,0.0
2025-09-28,taiwan,213.0,35.0,10.0,254.4,1.0,3.0,3.0,60.0,20.0,-110.4,5.0
2025-09-28,ukraine,1472.0,285.0,336.0,-1717.5,24.0,8.0,70.0,496.0,340.0,-2142.2,17.0
2025-09-28,venezuela,213.0,34.0,35.0,36.0,2.0,5.0,13.0,47.0,13.0,38.6,4.0
2025-09-28,yemen,70.0,5.0,18.0,2.9,0.0,0.0,4.0,14.0,10.0,-54.4,2.0
2025-09-29,drc,29.0,6.0,6.0,-28.0,1.0,0.0,0.0,9.0,2.0,16.3,0.0
2025-09-29,europe_east,1285.0,160.0,213.0,425.2,10.0,9.0,78.0,259.0,141.0,-634.3,50.0
2025-09-29,iran,1164.0,249.0,205.0,-287.7,8.0,2.0,94.0,369.0,202.0,-692.0,14.0
2025-09-29,israel,7527.0,1192.0,1088.0,2049.3,86.0,25.0,257.0,1835.0,826.0,-2396.3,96.0
2025-09-29,korea,882.0,69.0,78.0,1403.9,3.0,4.0,24.0,70.0,8.0,164.5,0.0
2025-09-29,libya,62.0,11.0,14.0,-5.8,0.0,0.0,10.0,4.0,0.0,9.4,0.0
2025-09-29,scs,1347.0,198.0,126.0,1267.1,3.0,0.0,54.0,30.0,9.0,26.5,4.0
2025-09-29,southasia,7374.0,1040.0,900.0,4971.9,44.0,31.0,358.0,36.0,17.0,10.7,4.0
2025-09-29,sudan,487.0,104.0,81.0,-218.5,5.0,0.0,13.0,7.0,6.0,-11.7,0.0
2025-09-29,taiwan,391.0,43.0,36.0,601.7,0.0,2.0,21.0,76.0,13.0,101.3,3.0
2025-09-29,ukraine,2668.0,401.0,374.0,1261.7,38.0,8.0,112.0,568.0,294.0,-1269.9,29.0
2025-09-29,venezuela,313.0,53.0,59.0,-38.5,2.0,7.0,18.0,72.0,38.0,-30.4,7.0
2025-09-29,yemen,96.0,15.0,44.0,-421.4,3.0,0.0,2.0,71.0,52.0,-446.5,4.0
2025-09-30,drc,132.0,16.0,54.0,-296.4,5.0,0.0,29.0,29.0,7.0,66.2,4.0
2025-09-30,europe_east,1271.0,154.0,196.0,497.8,9.0,2.0,106.0,168.0,107.0,-465.3,37.0
2025-09-30,iran,1106.0,178.0,191.0,486.7,0.0,1.0,90.0,391.0,131.0,130.8,43.0
2025-09-30,israel,9205.0,1452.0,1141.0,6333.6,96.0,50.0,335.0,1916.0,658.0,141.6,101.0
2025-09-30,korea,862.0,76.0,75.0,1365.8,1.0,2.0,33.0,69.0,4.0,176.7,0.0
2025-09-30,libya,43.0,3.0,8.0,26.2,0.0,0.0,8.0,6.0,0.0,13.2,0.0
2025-09-30,scs,1392.0,151.0,106.0,1767.0,4.0,2.0,48.0,28.0,10.0,-0.6,0.0
2025-09-30,southasia,8253.0,1227.0,1065.0,4609.3,29.0,48.0,390.0,18.0,7.0,2.2,1.0
2025-09-30,sudan,358.0,72.0,76.0,-422.2,6.0,0.0,30.0,8.0,6.0,-31.0,1.0
2025-09-30,taiwan,359.0,53.0,19.0,583.3,2.0,2.0,5.0,71.0,32.0,-84.9,3.0
2025-09-30,ukraine,2506.0,346.0,491.0,1.6,32.0,7.0,169.0,658.0,364.0,-1684.1,41.0
2025-09-30,venezuela,350.0,56.0,77.0,-295.0,5.0,2.0,29.0,67.0,24.0,6.8,4.0
2025-09-30,yemen,70.0,18.0,20.0,-159.3,0.0,0.0,2.0,28.0,18.0,-138.0,0.0
2025-10-01,drc,183.0,25.0,85.0,-544.1,5.0,0.0,41.0,54.0,11.0,113.7,0.0
2025-10-01,europe_east,1072.0,151.0,184.0,341.7,5.0,7.0,74.0,191.0,113.0,-461.2,41.0
2025-10-01,iran,784.0,129.0,145.0,-157.1,0.0,0.0,75.0,152.0,56.0,-28.7,10.0
2025-10-01,israel,7362.0,1258.0,1278.0,-780.7,55.0,32.0,430.0,1415.0,614.0,-1363.3,80.0
2025-10-01,korea,893.0,81.0,79.0,1489.4,8.0,11.0,39.0,63.0,5.0,198.8,0.0
2025-10-01,libya,17.0,0.0,1.0,24.0,0.0,1.0,0.0,0.0,0.0,0.0,0.0
2025-10-01,scs,1512.0,153.0,135.0,1997.0,1.0,4.0,58.0,28.0,7.0,42.6,2.0
2025-10-01,southasia,7234.0,990.0,977.0,4452.4,12.0,23.0,462.0,16.0,14.0,-99.9,0.0
2025-10-01,sudan,306.0,48.0,62.0,-144.2,2.0,0.0,8.0,8.0,6.0,-28.0,0.0
2025-10-01,taiwan,473.0,76.0,34.0,586.9,2.0,1.0,14.0,71.0,39.0,-167.9,7.0
2025-10-01,ukraine,2166.0,271.0,308.0,1347.1,11.0,12.0,93.0,591.0,298.0,-969.9,22.0
2025-10-01,venezuela,304.0,50.0,48.0,8.5,4.0,6.0,21.0,53.0,21.0,-46.6,9.0
2025-10-01,yemen,117.0,8.0,34.0,-222.8,0.0,0.0,2.0,18.0,14.0,-96.0,0.0
2025-10-02,drc,139.0,10.0,27.0,89.0,0.0,0.0,12.0,32.0,2.0,125.1,0.0
2025-10-02,europe_east,928.0,116.0,128.0,485.3,5.0,9.0,45.0,144.0,104.0,-553.1,26.0
2025-10-02,iran,698.0,109.0,124.0,226.1,6.0,2.0,77.0,186.0,96.0,-205.4,15.0
2025-10-02,israel,7775.0,1654.0,1554.0,-5240.6,34.0,27.0,648.0,1218.0,590.0,-2159.4,93.0
2025-10-02,korea,999.0,92.0,79.0,1804.9,0.0,2.0,41.0,100.0,19.0,124.7,1.0
2025-10-02,libya,61.0,7.0,1.0,176.7,0.0,0.0,0.0,0.0,0.0,0.0,0.0
2025-10-02,scs,1329.0,183.0,98.0,1572.2,0.0,3.0,37.0,27.0,5.0,100.3,0.0
2025-10-02,southasia,7496.0,1294.0,1053.0,1430.2,29.0,41.0,399.0,62.0,24.0,-119.5,10.0
2025-10-02,sudan,477.0,66.0,105.0,-307.2,2.0,1.0,15.0,30.0,6.0,45.2,0.0
2025-10-02,taiwan,386.0,72.0,21.0,354.8,2.0,2.0,4.0,69.0,44.0,-156.5,6.0
2025-10-02,ukraine,2255.0,334.0,285.0,1734.4,58.0,12.0,65.0,724.0,322.0,-396.8,47.0
2025-10-02,venezuela,363.0,95.0,72.0,-460.7,7.0,7.0,21.0,56.0,41.0,-181.9,6.0
2025-10-02,yemen,59.0,5.0,9.0,9.0,0.0,0.0,6.0,15.0,2.0,21.1,0.0
2025-10-03,drc,59.0,15.0,5.0,53.3,0.0,0.0,3.0,26.0,3.0,108.0,0.0
2025-10-03,europe_east,973.0,125.0,176.0,-25.3,14.0,7.0,91.0,134.0,79.0,-354.5,28.0
2025-10-03,iran,558.0,99.0,108.0,-84.7,0.0,5.0,63.0,111.0,47.0,-135.8,12.0
2025-10-03,israel,8198.0,1768.0,1391.0,-2524.1,38.0,41.0,597.0,1443.0,628.0,-1065.9,86.0
2025-10-03,korea,508.0,61.0,38.0,646.9,2.0,0.0,22.0,27.0,5.0,6.6,0.0
2025-10-03,libya,41.0,6.0,5.0,20.8,0.0,0.0,1.0,0.0,0.0,0.0,0.0
2025-10-03,scs,1042.0,126.0,62.0,1723.9,0.0,6.0,28.0,29.0,7.0,62.7,1.0
2025-10-03,southasia,8795.0,1505.0,1089.0,3060.5,35.0,48.0,429.0,68.0,29.0,-95.1,11.0
2025-10-03,sudan,249.0,34.0,71.0,-427.9,0.0,0.0,15.0,7.0,4.0,-1.8,0.0
2025-10-03,taiwan,270.0,22.0,29.0,372.5,0.0,3.0,16.0,42.0,6.0,66.4,1.0
2025-10-03,ukraine,1913.0,293.0,293.0,557.3,27.0,6.0,59.0,648.0,296.0,-720.3,20.0
2025-10-03,venezuela,734.0,182.0,154.0,-868.2,4.0,13.0,34.0,200.0,100.0,-315.2,21.0
2025-10-03,yemen,76.0,8.0,23.0,-65.5,0.0,0.0,10.0,28.0,17.0,-51.0,4.0
2025-10-04,drc,21.0,0.0,7.0,-22.1,0.0,0.0,0.0,24.0,2.0,112.7,0.0
2025-10-04,europe_east,316.0,36.0,90.0,-195.2,0.0,12.0,45.0,60.0,21.0,-26.5,5.0
2025-10-04,iran,338.0,62.0,121.0,-704.0,1.0,0.0,45.0,100.0,58.0,-299.5,7.0
2025-10-04,israel,6955.0,1254.0,1102.0,452.0,33.0,41.0,444.0,1469.0,529.0,271.6,70.0
2025-10-04,korea,308.0,26.0,31.0,497.3,0.0,2.0,13.0,11.0,0.0,23.1,0.0
2025-10-04,libya,54.0,11.0,12.0,-26.1,0.0,2.0,5.0,0.0,0.0,0.0,0.0
2025-10-04,scs,734.0,76.0,76.0,927.7,0.0,0.0,28.0,24.0,4.0,30.8,0.0
2025-10-04,southasia,6855.0,943.0,774.0,5449.1,24.0,26.0,344.0,42.0,19.0,-6.0,3.0
2025-10-04,sudan,169.0,28.0,35.0,-180.7,0.0,0.0,7.0,0.0,0.0,0.0,0.0
2025-10-04,taiwan,245.0,21.0,18.0,351.1,0.0,2.0,11.0,69.0,13.0,77.3,0.0
2025-10-04,ukraine,1133.0,184.0,312.0,-1719.2,8.0,3.0,43.0,456.0,354.0,-2418.9,27.0
2025-10-04,venezuela,518.0,97.0,141.0,-619.1,0.0,5.0,69.0,74.0,38.0,-148.8,7.0
2025-10-04,yemen,24.0,4.0,2.0,15.5,0.0,0.0,0.0,13.0,5.0,8.8,0.0
2025-10-05,drc,28.0,1.0,11.0,-40.5,0.0,0.0,0.0,13.0,2.0,24.0,0.0
2025-10-05,europe_east,407.0,79.0,133.0,-799.4,7.0,6.0,52.0,110.0,38.0,-24.6,9.0
2025-10-05,iran,376.0,83.0,57.0,44.7,2.0,0.0,18.0,93.0,54.0,-198.8,7.0
2025-10-05,israel,6390.0,1058.0,1063.0,338.0,37.0,34.0,405.0,1295.0,471.0,-91.3,60.0
2025-10-05,korea,273.0,48.0,29.0,184.2,0.0,1.0,8.0,42.0,9.0,46.4,2.0
2025-10-05,libya,33.0,4.0,4.0,25.4,0.0,0.0,4.0,0.0,0.0,0.0,0.0
2025-10-05,scs,648.0,63.0,77.0,750.9,0.0,3.0,28.0,15.0,5.0,-22.1,5.0
2025-10-05,southasia,5446.0,844.0,639.0,3227.1,3.0,19.0,261.0,21.0,18.0,-90.0,3.0
2025-10-05,sudan,115.0,11.0,24.0,-19.6,0.0,0.0,4.0,0.0,0.0,0.0,0.0
2025-10-05,taiwan,208.0,11.0,15.0,358.5,0.0,0.0,9.0,60.0,11.0,51.8,2.0
2025-10-05,ukraine,961.0,159.0,324.0,-2159.8,15.0,9.0,43.0,398.0,277.0,-1783.0,19.0
2025-10-05,venezuela,287.0,56.0,66.0,-280.2,3.0,1.0,33.0,47.0,19.0,3.0,7.0
2025-10-05,yemen,38.0,2.0,10.0,-55.0,0.0,0.0,0.0,34.0,22.0,-198.0,1.0
2025-10-06,drc,49.0,9.0,10.0,-11.3,0.0,0.0,7.0,9.0,2.0,33.5,0.0
2025-10-06,europe_east,915.0,110.0,145.0,725.2,1.0,4.0,86.0,135.0,53.0,-104.7,7.0
2025-10-06,iran,622.0,89.0,97.0,430.4,4.0,3.0,46.0,130.0,58.0,-141.8,8.0
2025-10-06,israel,8618.0,1347.0,1682.0,-919.2,60.0,38.0,729.0,1702.0,670.0,-931.0,78.0
2025-10-06,korea,600.0,51.0,63.0,816.1,4.0,5.0,13.0,82.0,23.0,21.7,15.0
2025-10-06,libya,60.0,6.0,9.0,86.8,0.0,0.0,7.0,0.0,0.0,0.0,0.0
2025-10-06,scs,1011.0,111.0,89.0,1505.4,0.0,2.0,43.0,28.0,9.0,-15.5,1.0
2025-10-06,southasia,7675.0,1287.0,849.0,4912.1,11.0,28.0,360.0,23.0,6.0,24.8,0.0
2025-10-06,sudan,649.0,93.0,195.0,-834.8,0.0,1.0,77.0,9.0,7.0,-51.0,1.0
2025-10-06,taiwan,330.0,24.0,29.0,463.9,0.0,6.0,12.0,45.0,14.0,6.7,1.0
2025-10-06,ukraine,1419.0,194.0,314.0,-656.0,13.0,5.0,61.0,440.0,287.0,-1685.6,23.0
2025-10-06,venezuela,436.0,106.0,86.0,-426.5,8.0,7.0,33.0,82.0,47.0,-199.5,13.0
2025-10-06,yemen,113.0,13.0,41.0,-188.2,0.0,2.0,21.0,19.0,12.0,-85.8,3.0
2025-10-07,drc,60.0,12.0,8.0,1.8,0.0,0.0,5.0,6.0,6.0,-19.0,1.0
2025-10-07,europe_east,959.0,124.0,113.0,1036.7,7.0,5.0,51.0,110.0,68.0,-309.8,21.0
2025-10-07,iran,1402.0,223.0,234.0,160.6,6.0,8.0,73.0,322.0,150.0,-435.6,2.0
2025-10-07,israel,10488.0,1765.0,2246.0,-5352.1,86.0,35.0,630.0,2278.0,1085.0,-3903.7,102.0
2025-10-07,korea,795.0,73.0,45.0,1537.9,6.0,4.0,24.0,75.0,27.0,-7.6,5.0
2025-10-07,libya,284.0,46.0,45.0,32.8,0.0,3.0,6.0,0.0,0.0,0.0,0.0
2025-10-07,scs,1138.0,177.0,92.0,1345.6,3.0,2.0,40.0,22.0,8.0,3.2,0.0
2025-10-07,southasia,8464.0,1378.0,1136.0,3502.2,28.0,44.0,417.0,62.0,32.0,-131.5,4.0
2025-10-07,sudan,553.0,71.0,169.0,-558.4,5.0,0.0,85.0,5.0,3.0,-22.6,0.0
2025-10-07,taiwan,276.0,36.0,14.0,339.7,0.0,0.0,4.0,66.0,22.0,0.7,9.0
2025-10-07,ukraine,2348.0,306.0,390.0,638.4,24.0,3.0,78.0,715.0,390.0,-1562.3,37.0
2025-10-07,venezuela,573.0,125.0,117.0,-480.5,21.0,6.0,45.0,139.0,58.0,-93.9,8.0
2025-10-07,yemen,107.0,24.0,35.0,-173.1,1.0,3.0,11.0,32.0,18.0,-140.3,0.0
2025-10-08,drc,23.0,2.0,2.0,49.4,0.0,0.0,2.0,2.0,2.0,-8.0,0.0
2025-10-08,europe_east,1256.0,167.0,104.0,1476.2,3.0,2.0,43.0,146.0,67.0,-206.0,27.0
2025-10-08,iran,672.0,158.0,114.0,-212.8,7.0,11.0,36.0,172.0,99.0,-382.8,10.0
2025-10-08,israel,8162.0,1254.0,1588.0,-1192.3,52.0,16.0,527.0,1753.0,683.0,-973.2,87.0
2025-10-08,korea,486.0,39.0,30.0,1006.7,1.0,1.0,14.0,18.0,2.0,24.0,2.0
2025-10-08,libya,81.0,4.0,22.0,13.4,0.0,0.0,13.0,0.0,0.0,0.0,0.0
2025-10-08,scs,1238.0,155.0,126.0,1267.2,0.0,4.0,59.0,40.0,17.0,-6.3,4.0
2025-10-08,southasia,8704.0,1217.0,1133.0,5051.8,50.0,17.0,435.0,30.0,25.0,-146.9,5.0
2025-10-08,sudan,476.0,64.0,122.0,-319.5,3.0,0.0,41.0,16.0,6.0,-16.9,4.0
2025-10-08,taiwan,431.0,69.0,42.0,278.7,6.0,10.0,17.0,63.0,23.0,29.8,2.0
2025-10-08,ukraine,1454.0,162.0,282.0,493.2,8.0,13.0,60.0,532.0,273.0,-936.4,29.0
2025-10-08,venezuela,326.0,73.0,76.0,-325.4,7.0,8.0,32.0,81.0,40.0,-99.4,10.0
2025-10-08,yemen,56.0,3.0,21.0,-87.7,0.0,0.0,7.0,34.0,21.0,-138.4,5.0
2025-10-09,drc,60.0,11.0,12.0,-27.4,0.0,0.0,4.0,42.0,22.0,-67.7,0.0
2025-10-09,europe_east,900.0,94.0,66.0,1462.0,4.0,0.0,35.0,56.0,31.0,-120.5,9.0
2025-10-09,iran,776.0,127.0,179.0,-359.2,11.0,3.0,59.0,220.0,100.0,-162.0,7.0
2025-10-09,israel,11892.0,1357.0,1544.0,13338.4,60.0,29.0,542.0,3116.0,885.0,3804.8,125.0
2025-10-09,korea,748.0,54.0,49.0,1331.4,3.0,1.0,20.0,72.0,21.0,11.5,4.0
2025-10-09,libya,71.0,11.0,18.0,-52.9,0.0,0.0,8.0,0.0,0.0,0.0,0.0
2025-10-09,scs,1151.0,121.0,94.0,1745.7,0.0,3.0,40.0,56.0,13.0,11.7,5.0
2025-10-09,southasia,9178.0,1185.0,1003.0,8808.3,28.0,24.0,425.0,25.0,11.0,-27.5,0.0
2025-10-09,sudan,355.0,30.0,93.0,-291.7,6.0,2.0,11.0,15.0,10.0,-63.0,0.0
2025-10-09,taiwan,459.0,60.0,46.0,402.1,3.0,4.0,11.0,121.0,49.0,-72.8,13.0
2025-10-09,ukraine,1684.0,227.0,291.0,215.3,8.0,13.0,70.0,569.0,325.0,-1548.3,29.0
2025-10-09,venezuela,416.0,102.0,73.0,-254.2,3.0,9.0,21.0,95.0,51.0,-122.4,13.0
2025-10-09,yemen,94.0,6.0,45.0,-281.0,0.0,3.0,4.0,26.0,13.0,-80.1,0.0
2025-10-10,drc,52.0,7.0,1.0,92.7,0.0,0.0,1.0,45.0,14.0,90.2,0.0
2025-10-10,europe_east,1215.0,125.0,94.0,1818.8,16.0,5.0,39.0,110.0,47.0,-63.3,14.0
2025-10-10,iran,655.0,114.0,113.0,112.6,4.0,0.0,69.0,192.0,97.0,-358.8,14.0
2025-10-10,israel,9907.0,1284.0,1439.0,8587.5,61.0,51.0,453.0,2353.0,730.0,2267.8,126.0
2025-10-10,korea,878.0,61.0,80.0,1362.1,4.0,4.0,40.0,60.0,17.0,67.8,4.0
2025-10-10,libya,46.0,1.0,8.0,53.8,0.0,0.0,5.0,0.0,0.0,0.0,0.0
2025-10-10,scs,1415.0,159.0,141.0,1571.5,1.0,4.0,75.0,54.0,7.0,79.8,0.0
2025-10-10,southasia,8975.0,1346.0,1120.0,5408.4,34.0,13.0,481.0,45.0,25.0,-102.0,6.0
2025-10-10,sudan,424.0,61.0,99.0,-221.1,0.0,7.0,36.0,6.0,6.0,-37.0,1.0
2025-10-10,taiwan,408.0,68.0,28.0,368.8,0.0,2.0,3.0,162.0,52.0,74.4,3.0
2025-10-10,ukraine,1952.0,246.0,319.0,824.1,13.0,12.0,78.0,625.0,336.0,-1217.4,34.0
2025-10-10,venezuela,1623.0,307.0,215.0,748.6,19.0,1.0,127.0,315.0,91.0,204.7,8.0
2025-10-10,yemen,45.0,4.0,5.0,30.6,0.0,0.0,2.0,14.0,7.0,-15.3,0.0
2025-10-11,drc,33.0,6.0,9.0,-59.4,0.0,1.0,3.0,30.0,9.0,84.2,0.0
2025-10-11,europe_east,626.0,73.0,121.0,120.0,3.0,2.0,67.0,98.0,56.0,-230.0,12.0
2025-10-11,iran,535.0,85.0,110.0,-74.2,0.0,0.0,51.0,153.0,72.0,-365.1,5.0
2025-10-11,israel,6293.0,828.0,1032.0,3273.0,38.0,34.0,282.0,1562.0,526.0,160.1,63.0
2025-10-11,korea,902.0,54.0,64.0,1594.6,0.0,1.0,30.0,113.0,26.0,206.1,8.0
2025-10-11,libya,45.0,1.0,6.0,114.0,0.0,0.0,3.0,0.0,0.0,0.0,0.0
2025-10-11,scs,1061.0,105.0,77.0,1758.1,1.0,4.0,27.0,9.0,0.0,34.2,0.0
2025-10-11,southasia,8406.0,1130.0,1229.0,2395.6,13.0,24.0,484.0,66.0,33.0,-163.6,16.0
2025-10-11,sudan,270.0,38.0,116.0,-782.4,4.0,0.0,8.0,26.0,23.0,-198.1,0.0
2025-10-11,taiwan,326.0,51.0,28.0,140.1,0.0,0.0,6.0,113.0,30.0,-30.1,2.0
2025-10-11,ukraine,1129.0,123.0,236.0,-194.8,5.0,3.0,44.0,465.0,247.0,-1098.4,18.0
2025-10-11,venezuela,816.0,163.0,111.0,321.3,6.0,9.0,47.0,190.0,69.0,35.6,11.0
2025-10-11,yemen,33.0,2.0,6.0,19.8,1.0,0.0,4.0,8.0,4.0,-24.6,2.0
2025-10-12,drc,6.0,2.0,1.0,-14.4,0.0,0.0,0.0,12.0,0.0,90.8,0.0
2025-10-12,europe_east,330.0,36.0,45.0,200.5,1.0,0.0,23.0,43.0,38.0,-218.0,19.0
2025-10-12,iran,530.0,72.0,66.0,386.3,1.0,0.0,27.0,107.0,34.0,115.8,1.0
2025-10-12,israel,7122.0,803.0,1129.0,4756.3,29.0,37.0,302.0,1755.0,556.0,567.1,96.0
2025-10-12,korea,510.0,69.0,65.0,353.3,2.0,6.0,25.0,15.0,9.0,-50.0,0.0
2025-10-12,libya,30.0,0.0,4.0,42.3,0.0,0.0,1.0,0.0,0.0,0.0,0.0
2025-10-12,scs,1015.0,178.0,111.0,730.0,4.0,9.0,45.0,242.0,166.0,-480.0,0.0
2025-10-12,southasia,7558.0,1323.0,1155.0,-454.5,16.0,21.0,392.0,42.0,16.0,-14.6,6.0
2025-10-12,sudan,165.0,31.0,49.0,-307.4,4.0,0.0,8.0,7.0,7.0,-60.0,2.0
2025-10-12,taiwan,166.0,18.0,21.0,110.0,0.0,0.0,7.0,49.0,12.0,70.3,6.0
2025-10-12,ukraine,912.0,124.0,136.0,100.7,22.0,9.0,16.0,368.0,178.0,-787.3,29.0
2025-10-12,venezuela,375.0,98.0,50.0,-75.8,1.0,3.0,21.0,65.0,28.0,-18.4,5.0
2025-10-12,yemen,54.0,8.0,5.0,0.3,2.0,0.0,0.0,17.0,7.0,-1.1,0.0
2025-10-13,drc,44.0,0.0,1.0,112.8,0.0,0.0,0.0,22.0,2.0,153.0,0.0
2025-10-13,europe_east,704.0,85.0,71.0,929.4,3.0,2.0,33.0,92.0,49.0,-228.2,29.0
2025-10-13,iran,1054.0,140.0,89.0,1518.5,4.0,0.0,37.0,375.0,121.0,150.3,18.0
2025-10-13,israel,15816.0,1354.0,2010.0,21530.3,41.0,47.0,615.0,4127.0,1010.0,5329.0,151.0
2025-10-13,korea,677.0,56.0,65.0,914.6,0.0,8.0,26.0,34.0,9.0,10.0,0.0
2025-10-13,libya,49.0,1.0,21.0,-16.1,0.0,0.0,18.0,0.0,0.0,0.0,0.0
2025-10-13,scs,1159.0,154.0,114.0,1229.6,0.0,0.0,57.0,141.0,71.0,-185.1,0.0
2025-10-13,southasia,9434.0,1390.0,1396.0,2448.6,15.0,21.0,438.0,41.0,20.0,-62.7,9.0
2025-10-13,sudan,353.0,47.0,87.0,-417.0,1.0,0.0,14.0,10.0,8.0,-70.0,2.0
2025-10-13,taiwan,274.0,34.0,11.0,460.8,0.0,2.0,3.0,44.0,23.0,-16.2,2.0
2025-10-13,ukraine,2040.0,274.0,252.0,1543.1,41.0,8.0,80.0,715.0,277.0,-193.7,39.0
2025-10-13,venezuela,431.0,90.0,57.0,98.1,2.0,3.0,29.0,80.0,39.0,-81.0,6.0
2025-10-13,yemen,52.0,4.0,3.0,78.2,0.0,0.0,0.0,17.0,8.0,-39.2,0.0
2025-10-14,drc,53.0,4.0,4.0,120.5,0.0,0.0,0.0,69.0,9.0,294.2,0.0
2025-10-14,europe_east,1075.0,122.0,153.0,850.6,0.0,2.0,81.0,156.0,67.0,-134.8,38.0
2025-10-14,iran,846.0,179.0,95.0,625.8,8.0,2.0,42.0,235.0,106.0,-251.8,12.0
2025-10-14,israel,11401.0,1265.0,1597.0,10860.1,40.0,47.0,464.0,2747.0,854.0,1343.1,145.0
2025-10-14,korea,838.0,88.0,68.0,1121.1,2.0,2.0,35.0,47.0,10.0,44.2,6.0
2025-10-14,libya,132.0,14.0,27.0,-48.0,0.0,2.0,4.0,0.0,0.0,0.0,0.0
2025-10-14,scs,1547.0,196.0,137.0,1748.2,0.0,7.0,37.0,98.0,53.0,-184.7,5.0
2025-10-14,southasia,9305.0,1406.0,1208.0,4471.1,27.0,25.0,412.0,43.0,21.0,-31.9,6.0
2025-10-14,sudan,477.0,72.0,124.0,-433.9,4.0,0.0,25.0,11.0,9.0,-75.3,2.0
2025-10-14,taiwan,294.0,37.0,25.0,259.2,1.0,0.0,11.0,46.0,13.0,9.7,0.0
2025-10-14,ukraine,2119.0,280.0,326.0,1058.9,33.0,4.0,90.0,762.0,352.0,-748.1,45.0
2025-10-14,venezuela,859.0,190.0,176.0,-659.5,13.0,7.0,74.0,174.0,84.0,-169.8,10.0
2025-10-14,yemen,101.0,14.0,15.0,8.8,0.0,0.0,4.0,37.0,13.0,-24.6,0.0
2025-10-15,drc,39.0,7.0,8.0,-21.4,0.0,0.0,1.0,4.0,0.0,27.0,0.0
2025-10-15,europe_east,1063.0,83.0,110.0,1423.8,2.0,8.0,35.0,94.0,37.0,-77.1,15.0
2025-10-15,iran,636.0,132.0,119.0,-279.4,6.0,0.0,64.0,173.0,79.0,-175.8,18.0
2025-10-15,israel,7678.0,989.0,1381.0,1940.5,26.0,28.0,446.0,1911.0,695.0,-391.9,108.0
2025-10-15,korea,877.0,66.0,89.0,1157.0,1.0,2.0,49.0,30.0,17.0,-99.0,1.0
2025-10-15,libya,113.0,9.0,15.0,150.4,0.0,0.0,3.0,0.0,0.0,0.0,0.0
2025-10-15,scs,1377.0,181.0,84.0,2127.9,5.0,2.0,31.0,94.0,44.0,-86.6,5.0
2025-10-15,southasia,9208.0,1275.0,1439.0,3174.6,17.0,18.0,425.0,34.0,12.0,32.1,0.0
2025-10-15,sudan,367.0,55.0,95.0,-348.8,0.0,0.0,12.0,6.0,6.0,-44.0,0.0
2025-10-15,taiwan,303.0,56.0,31.0,169.5,0.0,7.0,3.0,43.0,17.0,1.5,1.0
2025-10-15,ukraine,2228.0,269.0,309.0,1404.5,20.0,10.0,85.0,537.0,253.0,-673.0,29.0
2025-10-15,venezuela,729.0,175.0,112.0,-352.7,6.0,12.0,34.0,110.0,60.0,-113.6,2.0
2025-10-15,yemen,64.0,10.0,22.0,-151.0,0.0,0.0,5.0,29.0,16.0,-110.2,0.0
2025-10-16,drc,28.0,1.0,4.0,45.7,0.0,0.0,3.0,4.0,0.0,29.0,0.0
2025-10-16,europe_east,906.0,104.0,105.0,874.6,4.0,6.0,51.0,76.0,38.0,-114.6,16.0
2025-10-16,iran,775.0,173.0,145.0,-528.9,6.0,0.0,45.0,114.0,59.0,-252.8,12.0
2025-10-16,israel,7187.0,1056.0,1371.0,-1059.0,68.0,19.0,352.0,1614.0,610.0,-740.1,92.0
2025-10-16,korea,923.0,94.0,116.0,978.9,5.0,20.0,46.0,42.0,15.0,-0.2,6.0
2025-10-16,libya,99.0,14.0,6.0,190.6,1.0,0.0,0.0,0.0,0.0,0.0,0.0
2025-10-16,scs,1350.0,165.0,118.0,1448.8,0.0,2.0,72.0,57.0,38.0,-155.6,5.0
2025-10-16,southasia,9691.0,1321.0,1250.0,6066.1,14.0,11.0,425.0,35.0,14.0,-45.5,3.0
2025-10-16,sudan,401.0,46.0,62.0,321.0,4.0,0.0,17.0,3.0,3.0,-30.0,0.0
2025-10-16,taiwan,239.0,24.0,16.0,463.7,0.0,0.0,8.0,40.0,4.0,49.3,0.0
2025-10-16,ukraine,3105.0,313.0,377.0,3442.0,36.0,9.0,79.0,1135.0,370.0,221.8,42.0
2025-10-16,venezuela,1100.0,239.0,201.0,-807.0,15.0,21.0,47.0,318.0,138.0,-40.0,13.0
2025-10-16,yemen,300.0,64.0,89.0,-671.0,13.0,0.0,23.0,71.0,44.0,-167.6,0.0
2025-10-17,drc,23.0,0.0,2.0,75.3,0.0,0.0,0.0,12.0,0.0,88.0,0.0
2025-10-17,europe_east,886.0,113.0,120.0,504.2,3.0,3.0,58.0,87.0,32.0,-61.0,13.0
2025-10-17,iran,715.0,138.0,142.0,-316.6,5.0,0.0,68.0,176.0,91.0,-139.3,13.0
2025-10-17,israel,6501.0,989.0,1296.0,-1545.5,41.0,35.0,417.0,1462.0,618.0,-1422.0,112.0
2025-10-17,korea,897.0,69.0,136.0,718.6,5.0,2.0,72.0,27.0,7.0,20.6,2.0
2025-10-17,libya,244.0,33.0,19.0,278.8,2.0,1.0,9.0,0.0,0.0,0.0,0.0
2025-10-17,scs,1201.0,139.0,90.0,2013.3,1.0,1.0,46.0,60.0,17.0,72.3,6.0
2025-10-17,southasia,8949.0,1305.0,1384.0,2315.7,33.0,44.0,442.0,32.0,20.0,-78.1,0.0
2025-10-17,sudan,287.0,35.0,62.0,-96.5,1.0,0.0,18.0,1.0,1.0,-10.0,0.0
2025-10-17,taiwan,264.0,27.0,37.0,254.2,3.0,0.0,25.0,69.0,32.0,-76.3,14.0
2025-10-17,ukraine,4473.0,362.0,417.0,7112.4,28.0,14.0,146.0,1359.0,352.0,1253.4,52.0
2025-10-17,venezuela,1395.0,302.0,237.0,-558.0,9.0,28.0,71.0,329.0,139.0,-239.8,22.0
2025-10-17,yemen,118.0,36.0,43.0,-442.3,11.0,0.0,5.0,49.0,32.0,-138.4,3.0
2025-10-18,drc,16.0,0.0,9.0,-31.6,0.0,0.0,5.0,1.0,0.0,0.0,0.0
2025-10-18,europe_east,464.0,48.0,64.0,343.6,0.0,3.0,25.0,65.0,38.0,-118.9,8.0
2025-10-18,iran,646.0,85.0,87.0,932.1,2.0,0.0,46.0,90.0,21.0,241.1,0.0
2025-10-18,israel,4183.0,704.0,714.0,-50.6,33.0,16.0,226.0,967.0,374.0,-472.0,36.0
2025-10-18,korea,594.0,47.0,77.0,450.0,0.0,0.0,42.0,77.0,16.0,55.3,2.0
2025-10-18,libya,86.0,7.0,22.0,-11.6,0.0,0.0,5.0,0.0,0.0,0.0,0.0
2025-10-18,scs,910.0,121.0,124.0,457.8,4.0,6.0,48.0,13.0,5.0,-21.0,2.0
2025-10-18,southasia,6115.0,1004.0,831.0,2022.1,11.0,22.0,314.0,15.0,8.0,-17.7,0.0
2025-10-18,sudan,185.0,21.0,7.0,287.1,0.0,1.0,3.0,8.0,0.0,11.4,0.0
2025-10-18,taiwan,153.0,22.0,22.0,111.5,0.0,0.0,11.0,33.0,11.0,1.9,5.0
2025-10-18,ukraine,2532.0,270.0,271.0,2700.8,13.0,9.0,50.0,857.0,313.0,-368.3,23.0
2025-10-18,venezuela,636.0,158.0,113.0,-569.5,15.0,15.0,17.0,191.0,81.0,-71.3,5.0
2025-10-18,yemen,105.0,14.0,32.0,-185.1,0.0,0.0,7.0,49.0,5.0,69.9,0.0
2025-10-19,drc,26.0,2.0,11.0,-51.8,0.0,0.0,2.0,0.0,0.0,0.0,0.0
2025-10-19,europe_east,320.0,41.0,50.0,105.8,0.0,1.0,17.0,73.0,32.0,-46.9,11.0
2025-10-19,iran,378.0,70.0,62.0,-64.7,4.0,1.0,30.0,67.0,39.0,-61.7,1.0
2025-10-19,israel,4862.0,780.0,1088.0,-3236.4,59.0,7.0,243.0,1582.0,775.0,-2644.7,74.0
2025-10-19,korea,628.0,87.0,65.0,574.5,1.0,1.0,27.0,119.0,31.0,114.6,3.0
2025-10-19,libya,65.0,9.0,11.0,8.1,0.0,0.0,4.0,0.0,0.0,0.0,0.0
2025-10-19,scs,766.0,80.0,92.0,617.0,2.0,2.0,56.0,24.0,10.0,-34.2,5.0
2025-10-19,southasia,5295.0,817.0,675.0,2679.7,11.0,28.0,224.0,22.0,5.0,21.4,0.0
2025-10-19,sudan,131.0,17.0,35.0,-192.3,2.0,2.0,4.0,1.0,1.0,-7.2,1.0
2025-10-19,taiwan,143.0,31.0,16.0,-34.5,0.0,0.0,4.0,66.0,25.0,-55.5,6.0
2025-10-19,ukraine,1378.0,214.0,167.0,451.2,11.0,3.0,32.0,531.0,221.0,-593.8,20.0
2025-10-19,venezuela,527.0,109.0,87.0,-200.0,9.0,10.0,29.0,85.0,41.0,-75.2,5.0
2025-10-19,yemen,116.0,13.0,49.0,-270.8,0.0,0.0,34.0,29.0,15.0,-69.0,7.0
2025-10-20,drc,21.0,5.0,3.0,25.1,0.0,0.0,3.0,24.0,0.0,188.8,0.0
2025-10-20,europe_east,1046.0,95.0,129.0,992.7,4.0,6.0,37.0,75.0,29.0,-83.7,7.0
2025-10-20,iran,896.0,175.0,134.0,203.7,4.0,1.0,76.0,264.0,113.0,-355.8,9.0
2025-10-20,israel,5821.0,888.0,1194.0,-2092.9,25.0,23.0,293.0,1490.0,662.0,-1970.4,60.0
2025-10-20,korea,1022.0,88.0,123.0,1139.9,2.0,10.0,60.0,91.0,12.0,182.9,1.0
2025-10-20,libya,96.0,7.0,18.0,34.0,0.0,0.0,9.0,0.0,0.0,0.0,0.0
2025-10-20,scs,1343.0,143.0,92.0,1928.5,2.0,1.0,41.0,39.0,10.0,35.0,0.0
2025-10-20,southasia,5362.0,748.0,570.0,4914.0,13.0,18.0,210.0,10.0,2.0,15.4,0.0
2025-10-20,sudan,362.0,59.0,74.0,-161.5,1.0,1.0,11.0,1.0,1.0,-2.0,0.0
2025-10-20,taiwan,328.0,33.0,38.0,346.0,3.0,3.0,14.0,66.0,16.0,55.6,2.0
2025-10-20,ukraine,3759.0,474.0,292.0,4767.4,23.0,4.0,90.0,1056.0,405.0,-276.0,26.0
2025-10-20,venezuela,452.0,90.0,84.0,-216.5,4.0,7.0,29.0,134.0,64.0,-124.2,6.0
2025-10-20,yemen,246.0,30.0,68.0,-287.1,6.0,0.0,20.0,77.0,23.0,51.8,1.0
2025-10-21,drc,46.0,7.0,1.0,115.0,0.0,0.0,0.0,5.0,2.0,0.2,2.0
2025-10-21,europe_east,1277.0,134.0,125.0,1699.8,2.0,2.0,66.0,75.0,41.0,-72.0,6.0
2025-10-21,iran,645.0,136.0,89.0,-33.3,2.0,4.0,34.0,152.0,47.0,-103.1,3.0
2025-10-21,israel,6762.0,890.0,1217.0,831.9,32.0,29.0,329.0,1485.0,577.0,-1457.7,60.0
2025-10-21,korea,881.0,78.0,77.0,1317.3,0.0,4.0,29.0,42.0,6.0,80.7,0.0
2025-10-21,libya,250.0,13.0,24.0,529.9,0.0,0.0,18.0,2.0,0.0,2.0,0.0
2025-10-21,scs,1642.0,192.0,157.0,2348.0,1.0,3.0,87.0,35.0,9.0,23.2,0.0
2025-10-21,southasia,6956.0,1078.0,857.0,3923.0,24.0,17.0,361.0,24.0,18.0,-83.2,2.0
2025-10-21,sudan,568.0,89.0,115.0,-409.1,2.0,4.0,12.0,11.0,9.0,-63.4,1.0
2025-10-21,taiwan,420.0,40.0,23.0,710.7,0.0,2.0,11.0,135.0,27.0,79.0,6.0
2025-10-21,ukraine,3758.0,432.0,378.0,4572.5,9.0,8.0,101.0,1159.0,413.0,-443.1,39.0
2025-10-21,venezuela,552.0,132.0,102.0,-367.7,5.0,8.0,32.0,140.0,76.0,-301.3,14.0
2025-10-21,yemen,174.0,31.0,37.0,-149.8,5.0,0.0,13.0,38.0,10.0,13.4,0.0
2025-10-22,drc,38.0,3.0,3.0,32.1,0.0,0.0,0.0,8.0,2.0,4.7,0.0
2025-10-22,europe_east,1410.0,125.0,165.0,2020.9,1.0,5.0,95.0,110.0,55.0,-149.9,27.0
2025-10-22,iran,748.0,90.0,126.0,428.1,5.0,3.0,51.0,189.0,70.0,-170.7,3.0
2025-10-22,israel,6092.0,868.0,999.0,926.1,22.0,22.0,305.0,1290.0,519.0,-987.8,76.0
2025-10-22,korea,1640.0,88.0,343.0,279.0,3.0,4.0,91.0,375.0,177.0,-960.0,26.0
2025-10-22,libya,161.0,8.0,27.0,191.3,0.0,1.0,14.0,2.0,0.0,2.0,0.0
2025-10-22,scs,1640.0,186.0,149.0,1902.3,4.0,2.0,83.0,39.0,16.0,-48.3,0.0
2025-10-22,southasia,7603.0,1163.0,961.0,4316.8,14.0,12.0,378.0,26.0,18.0,-77.4,1.0
2025-10-22,sudan,364.0,46.0,76.0,-203.6,0.0,0.0,10.0,15.0,8.0,-59.6,0.0
2025-10-22,taiwan,449.0,54.0,44.0,525.9,2.0,0.0,30.0,135.0,40.0,24.5,7.0
2025-10-22,ukraine,3781.0,452.0,582.0,2900.3,19.0,24.0,195.0,1175.0,566.0,-1758.7,49.0
2025-10-22,venezuela,726.0,164.0,157.0,-659.4,5.0,16.0,51.0,124.0,72.0,-270.0,3.0
2025-10-22,yemen,145.0,13.0,33.0,-53.1,0.0,1.0,16.0,28.0,12.0,-5.5,2.0
2025-10-23,drc,11.0,0.0,1.0,26.0,0.0,0.0,0.0,12.0,3.0,15.0,0.0
2025-10-23,europe_east,1390.0,142.0,139.0,1811.0,1.0,3.0,78.0,194.0,112.0,-456.1,40.0
2025-10-23,iran,667.0,81.0,93.0,502.5,6.0,1.0,42.0,179.0,60.0,-3.0,10.0
2025-10-23,israel,6509.0,1134.0,990.0,813.1,30.0,26.0,310.0,1251.0,575.0,-1483.5,72.0
2025-10-23,korea,1314.0,95.0,140.0,1747.6,3.0,8.0,41.0,103.0,32.0,-84.7,7.0
2025-10-23,libya,107.0,11.0,16.0,161.4,0.0,0.0,12.0,0.0,0.0,0.0,0.0
2025-10-23,scs,1686.0,230.0,121.0,1943.3,6.0,5.0,65.0,36.0,4.0,81.1,0.0
2025-10-23,southasia,7399.0,1061.0,1062.0,3261.7,14.0,24.0,407.0,18.0,11.0,-31.4,4.0
2025-10-23,sudan,280.0,39.0,38.0,45.5,0.0,0.0,7.0,7.0,4.0,-33.2,0.0
2025-10-23,taiwan,337.0,55.0,28.0,316.3,4.0,1.0,17.0,94.0,28.0,5.0,0.0
2025-10-23,ukraine,3347.0,377.0,625.0,979.6,21.0,14.0,246.0,1289.0,604.0,-1708.6,52.0
2025-10-23,venezuela,587.0,145.0,123.0,-699.9,7.0,11.0,22.0,127.0,61.0,-85.4,9.0
2025-10-23,yemen,83.0,16.0,24.0,-118.5,0.0,0.0,12.0,26.0,11.0,-5.6,1.0
2025-10-24,drc,23.0,7.0,3.0,-28.6,0.0,0.0,0.0,12.0,4.0,-1.3,0.0
2025-10-24,europe_east,1105.0,170.0,146.0,613.4,4.0,1.0,61.0,265.0,158.0,-585.6,55.0
2025-10-24,iran,526.0,96.0,74.0,148.6,3.0,0.0,29.0,79.0,39.0,-73.7,0.0
2025-10-24,israel,5097.0,950.0,811.0,202.9,25.0,26.0,258.0,1155.0,506.0,-1230.8,56.0
2025-10-24,korea,1795.0,79.0,147.0,3200.1,5.0,19.0,50.0,263.0,35.0,349.0,7.0
2025-10-24,libya,61.0,3.0,3.0,132.1,0.0,0.0,1.0,1.0,0.0,-2.0,0.0
2025-10-24,scs,1558.0,174.0,154.0,1726.6,6.0,0.0,76.0,45.0,8.0,107.4,2.0
2025-10-24,southasia,7807.0,1039.0,954.0,5020.4,48.0,11.0,411.0,33.0,12.0,-5.3,4.0
2025-10-24,sudan,448.0,49.0,95.0,-158.8,0.0,2.0,44.0,3.0,3.0,-29.0,0.0
2025-10-24,taiwan,378.0,61.0,30.0,441.1,0.0,0.0,19.0,130.0,31.0,162.7,1.0
2025-10-24,ukraine,3045.0,322.0,454.0,2298.8,18.0,15.0,166.0,886.0,418.0,-1202.9,74.0
2025-10-24,venezuela,917.0,219.0,188.0,-867.2,13.0,19.0,39.0,219.0,75.0,-12.5,15.0
2025-10-24,yemen,92.0,16.0,22.0,-28.8,0.0,1.0,16.0,18.0,6.0,-17.7,0.0
2025-10-25,drc,12.0,0.0,0.0,28.7,0.0,0.0,0.0,1.0,0.0,3.4,0.0
2025-10-25,europe_east,494.0,55.0,49.0,580.6,0.0,7.0,25.0,42.0,18.0,-25.9,2.0
2025-10-25,iran,354.0,54.0,64.0,-123.5,1.0,1.0,26.0,67.0,37.0,-98.6,0.0
2025-10-25,israel,3339.0,528.0,688.0,-1503.2,15.0,12.0,125.0,785.0,392.0,-1575.5,31.0
2025-10-25,korea,1514.0,63.0,64.0,3475.1,0.0,2.0,25.0,255.0,26.0,489.1,5.0
2025-10-25,libya,35.0,3.0,8.0,-0.8,0.0,0.0,2.0,0.0,0.0,0.0,0.0
2025-10-25,scs,992.0,104.0,68.0,1545.9,2.0,1.0,30.0,33.0,17.0,9.4,0.0
2025-10-25,southasia,6119.0,877.0,859.0,2220.2,33.0,13.0,356.0,45.0,15.0,46.2,2.0
2025-10-25,sudan,197.0,22.0,62.0,-281.2,1.0,0.0,17.0,12.0,9.0,-86.0,0.0
2025-10-25,taiwan,329.0,36.0,13.0,422.2,0.0,0.0,9.0,173.0,39.0,81.0,13.0
2025-10-25,ukraine,1554.0,128.0,324.0,-80.8,11.0,11.0,75.0,582.0,311.0,-1578.1,25.0
2025-10-25,venezuela,730.0,216.0,119.0,-757.8,13.0,16.0,35.0,184.0,89.0,-235.4,17.0
2025-10-25,yemen,66.0,9.0,24.0,-70.5,0.0,0.0,21.0,7.0,1.0,0.5,0.0
2025-10-26,drc,12.0,0.0,3.0,-15.0,0.0,0.0,0.0,6.0,6.0,-44.0,0.0
2025-10-26,europe_east,289.0,40.0,35.0,115.2,1.0,0.0,15.0,25.0,14.0,-35.0,2.0
2025-10-26,iran,291.0,67.0,53.0,-212.5,2.0,0.0,20.0,58.0,26.0,-36.1,0.0
2025-10-26,israel,3605.0,662.0,744.0,-2674.6,35.0,17.0,179.0,747.0,420.0,-1909.7,47.0
2025-10-26,korea,1035.0,53.0,44.0,2439.6,6.0,0.0,10.0,101.0,7.0,259.1,0.0
2025-10-26,libya,19.0,2.0,0.0,62.1,0.0,0.0,0.0,0.0,0.0,0.0,0.0
2025-10-26,scs,1031.0,88.0,66.0,2012.4,0.0,1.0,28.0,30.0,13.0,-42.8,3.0
2025-10-26,southasia,6694.0,859.0,838.0,4747.6,39.0,12.0,350.0,24.0,8.0,-9.3,0.0
2025-10-26,sudan,248.0,16.0,58.0,-72.1,0.0,1.0,10.0,17.0,11.0,-83.5,1.0
2025-10-26,taiwan,276.0,38.0,14.0,329.5,1.0,0.0,5.0,160.0,19.0,347.2,2.0
2025-10-26,ukraine,1175.0,116.0,269.0,-478.3,7.0,12.0,66.0,503.0,289.0,-1575.3,27.0
2025-10-26,venezuela,450.0,113.0,70.0,-291.4,6.0,10.0,13.0,105.0,60.0,-170.3,7.0
2025-10-26,yemen,91.0,5.0,17.0,57.6,0.0,0.0,7.0,14.0,5.0,-16.2,1.0
2025-10-27,drc,40.0,2.0,9.0,-19.3,0.0,0.0,5.0,4.0,3.0,-8.6,3.0
2025-10-27,europe_east,1034.0,127.0,136.0,1014.2,2.0,5.0,75.0,154.0,88.0,-249.5,18.0
2025-10-27,iran,486.0,100.0,104.0,-280.9,5.0,4.0,39.0,113.0,57.0,-259.3,4.0
2025-10-27,israel,5209.0,787.0,1017.0,-1207.2,26.0,27.0,254.0,1183.0,589.0,-2286.2,70.0
2025-10-27,korea,1696.0,98.0,87.0,3636.9,5.0,1.0,40.0,205.0,15.0,505.2,3.0
2025-10-27,libya,45.0,4.0,7.0,20.8,0.0,0.0,2.0,0.0,0.0,0.0,0.0
2025-10-27,scs,1568.0,147.0,92.0,3269.1,0.0,8.0,43.0,68.0,24.0,29.2,4.0
2025-10-27,southasia,8682.0,1257.0,919.0,7532.9,25.0,15.0,443.0,30.0,18.0,-70.6,6.0
2025-10-27,sudan,789.0,114.0,239.0,-1359.4,12.0,0.0,38.0,41.0,32.0,-259.3,1.0
2025-10-27,taiwan,472.0,60.0,32.0,517.3,1.0,1.0,12.0,191.0,33.0,234.9,7.0
2025-10-27,ukraine,2008.0,241.0,381.0,37.6,12.0,4.0,99.0,742.0,356.0,-1605.6,32.0
2025-10-27,venezuela,815.0,232.0,111.0,-241.3,13.0,11.0,30.0,164.0,81.0,-142.8,9.0
2025-10-27,yemen,73.0,14.0,23.0,-102.8,1.0,0.0,8.0,21.0,7.0,8.4,2.0
2025-10-28,drc,18.0,0.0,4.0,-27.8,0.0,0.0,1.0,0.0,0.0,0.0,0.0
2025-10-28,europe_east,1263.0,135.0,133.0,1470.6,4.0,2.0,63.0,196.0,87.0,-151.3,23.0
2025-10-28,iran,595.0,90.0,99.0,61.0,2.0,1.0,51.0,75.0,48.0,-251.8,1.0
2025-10-28,israel,6064.0,963.0,1235.0,-2537.0,38.0,23.0,330.0,1445.0,715.0,-3028.2,82.0
2025-10-28,korea,2055.0,115.0,172.0,3679.5,0.0,8.0,36.0,322.0,140.0,-590.4,23.0
2025-10-28,libya,82.0,9.0,7.0,137.5,0.0,0.0,6.0,0.0,0.0,0.0,0.0
2025-10-28,scs,1998.0,172.0,150.0,3317.5,7.0,17.0,54.0,150.0,40.0,165.2,1.0
2025-10-28,southasia,8170.0,1222.0,1027.0,5511.4,28.0,42.0,480.0,42.0,19.0,-56.5,5.0
2025-10-28,sudan,1074.0,244.0,289.0,-1673.0,10.0,0.0,36.0,53.0,31.0,-135.6,1.0
2025-10-28,taiwan,535.0,65.0,35.0,625.8,0.0,0.0,20.0,188.0,47.0,59.7,14.0
2025-10-28,ukraine,1981.0,210.0,304.0,1340.3,7.0,13.0,77.0,671.0,328.0,-1183.6,32.0
2025-10-28,venezuela,1001.0,219.0,201.0,-346.2,9.0,12.0,89.0,197.0,104.0,-183.8,15.0
2025-10-28,yemen,70.0,7.0,20.0,-81.4,1.0,0.0,7.0,11.0,5.0,-15.8,1.0
2025-10-29,drc,21.0,0.0,3.0,23.0,0.0,0.0,3.0,3.0,0.0,19.2,0.0
2025-10-29,europe_east,1362.0,199.0,145.0,1415.1,2.0,11.0,52.0,159.0,94.0,-225.3,29.0
2025-10-29,iran,693.0,118.0,139.0,-274.0,5.0,1.0,74.0,144.0,74.0,-168.0,6.0
2025-10-29,israel,5474.0,975.0,1120.0,-3203.4,38.0,27.0,299.0,1313.0,698.0,-2832.9,56.0
2025-10-29,korea,3745.0,208.0,262.0,7114.2,2.0,12.0,76.0,426.0,157.0,-348.2,66.0
2025-10-29,libya,107.0,17.0,19.0,60.3,0.0,0.0,13.0,0.0,0.0,0.0,0.0
2025-10-29,scs,1816.0,167.0,149.0,2993.9,2.0,11.0,79.0,75.0,35.0,-68.2,6.0
2025-10-29,southasia,9428.0,1435.0,1263.0,5140.6,33.0,25.0,564.0,60.0,26.0,-31.7,6.0
2025-10-29,sudan,1433.0,307.0,387.0,-2251.8,15.0,0.0,71.0,58.0,39.0,-163.3,0.0
2025-10-29,taiwan,577.0,66.0,41.0,680.1,0.0,2.0,16.0,167.0,45.0,7.8,5.0
2025-10-29,ukraine,1845.0,274.0,381.0,-502.7,13.0,27.0,120.0,600.0,317.0,-1192.6,43.0
2025-10-29,venezuela,778.0,177.0,121.0,-290.9,7.0,4.0,51.0,159.0,67.0,-11.7,5.0
2025-10-29,yemen,104.0,18.0,31.0,-263.2,2.0,1.0,3.0,16.0,9.0,-35.4,0.0
2025-10-30,drc,27.0,3.0,0.0,72.6,0.0,0.0,0.0,0.0,0.0,0.0,0.0
2025-10-30,europe_east,1428.0,166.0,137.0,1741.4,4.0,9.0,75.0,109.0,41.0,37.4,15.0
2025-10-30,iran,740.0,108.0,162.0,-65.5,2.0,0.0,67.0,154.0,57.0,-126.3,3.0
2025-10-30,israel,5293.0,982.0,1105.0,-3498.6,34.0,31.0,248.0,1045.0,515.0,-1862.8,53.0
2025-10-30,korea,3204.0,189.0,136.0,7016.2,1.0,4.0,70.0,155.0,40.0,135.6,18.0
2025-10-30,libya,73.0,9.0,23.0,-57.7,0.0,0.0,19.0,0.0,0.0,0.0,0.0
2025-10-30,scs,1599.0,120.0,127.0,2507.5,0.0,2.0,67.0,57.0,25.0,-93.9,0.0
2025-10-30,southasia,8394.0,1450.0,1237.0,1715.1,23.0,26.0,427.0,31.0,22.0,-86.5,2.0
2025-10-30,sudan,1465.0,238.0,387.0,-1962.5,2.0,0.0,53.0,27.0,16.0,-90.5,4.0
2025-10-30,taiwan,655.0,55.0,39.0,1086.4,0.0,2.0,29.0,252.0,43.0,336.7,17.0
2025-10-30,ukraine,1743.0,190.0,387.0,-273.7,5.0,20.0,87.0,629.0,332.0,-1404.8,48.0
2025-10-30,venezuela,634.0,143.0,107.0,-228.8,2.0,7.0,33.0,106.0,50.0,-13.5,12.0
2025-10-30,yemen,26.0,4.0,11.0,-85.1,1.0,0.0,5.0,8.0,7.0,-72.0,0.0
2025-10-31,drc,36.0,6.0,16.0,-106.7,0.0,0.0,7.0,25.0,6.0,39.5,0.0
2025-10-31,europe_east,1108.0,150.0,217.0,426.4,3.0,5.0,113.0,165.0,98.0,-241.0,44.0
2025-10-31,iran,625.0,116.0,134.0,-394.6,4.0,0.0,48.0,176.0,99.0,-378.8,4.0
2025-10-31,israel,4305.0,772.0,867.0,-1868.5,32.0,36.0,184.0,942.0,455.0,-1488.0,35.0
2025-10-31,korea,2332.0,115.0,89.0,5320.4,0.0,7.0,40.0,121.0,6.0,280.7,0.0
2025-10-31,libya,76.0,14.0,8.0,58.5,1.0,0.0,3.0,0.0,0.0,0.0,0.0
2025-10-31,scs,1362.0,92.0,162.0,1955.7,1.0,10.0,64.0,64.0,22.0,20.8,3.0
2025-10-31,southasia,8549.0,1179.0,1029.0,6754.2,28.0,20.0,415.0,18.0,12.0,-45.0,7.0
2025-10-31,sudan,1217.0,245.0,317.0,-1789.0,2.0,0.0,58.0,34.0,25.0,-128.6,1.0
2025-10-31,taiwan,489.0,60.0,30.0,594.2,2.0,6.0,14.0,180.0,47.0,-45.5,11.0
2025-10-31,ukraine,2116.0,251.0,462.0,-689.0,12.0,11.0,161.0,713.0,373.0,-1744.4,59.0
2025-10-31,venezuela,922.0,193.0,139.0,-319.5,20.0,18.0,32.0,251.0,120.0,-368.4,14.0
2025-10-31,yemen,84.0,13.0,15.0,-5.4,0.0,0.0,7.0,13.0,4.0,14.2,3.0
2025-11-01,drc,9.0,2.0,5.0,-49.0,0.0,0.0,0.0,0.0,0.0,0.0,0.0
2025-11-01,europe_east,491.0,45.0,68.0,526.7,2.0,1.0,45.0,57.0,22.0,17.3,13.0
2025-11-01,iran,575.0,102.0,105.0,-74.6,2.0,2.0,31.0,154.0,50.0,92.0,1.0
2025-11-01,israel,3170.0,544.0,577.0,-919.4,14.0,17.0,126.0,782.0,350.0,-1038.3,29.0
2025-11-01,korea,1487.0,112.0,34.0,3429.9,0.0,2.0,13.0,140.0,42.0,257.9,1.0
2025-11-01,libya,39.0,6.0,5.0,45.3,0.0,1.0,1.0,0.0,0.0,0.0,0.0
2025-11-01,scs,981.0,63.0,106.0,1356.8,1.0,2.0,42.0,102.0,39.0,-118.8,2.0
2025-11-01,southasia,6677.0,995.0,903.0,2755.4,21.0,13.0,410.0,21.0,11.0,-38.6,4.0
2025-11-01,sudan,1027.0,198.0,285.0,-1546.9,8.0,2.0,43.0,20.0,11.0,-17.0,0.0
2025-11-01,taiwan,246.0,35.0,12.0,315.1,8.0,3.0,4.0,99.0,34.0,-45.0,15.0
2025-11-01,ukraine,1442.0,167.0,397.0,-1407.2,8.0,21.0,117.0,691.0,382.0,-1923.2,69.0
2025-11-01,venezuela,717.0,141.0,101.0,-173.4,11.0,16.0,15.0,186.0,88.0,-260.0,18.0
2025-11-01,yemen,60.0,7.0,9.0,11.6,0.0,0.0,4.0,6.0,3.0,-11.6,3.0
2025-11-02,drc,13.0,0.0,9.0,-77.5,0.0,0.0,0.0,0.0,0.0,0.0,0.0
2025-11-02,europe_east,327.0,26.0,45.0,155.7,0.0,1.0,14.0,49.0,28.0,-106.1,6.0
2025-11-02,iran,541.0,79.0,92.0,233.7,3.0,0.0,41.0,194.0,78.0,-98.3,14.0
2025-11-02,israel,3691.0,566.0,609.0,-451.8,33.0,12.0,152.0,902.0,414.0,-1339.6,50.0
2025-11-02,korea,956.0,36.0,50.0,2095.0,0.0,1.0,24.0,48.0,14.0,46.8,5.0
2025-11-02,libya,77.0,12.0,10.0,100.0,0.0,1.0,8.0,0.0,0.0,0.0,0.0
2025-11-02,scs,1220.0,89.0,111.0,2424.6,1.0,6.0,36.0,159.0,62.0,-132.0,8.0
2025-11-02,southasia,5662.0,846.0,806.0,1110.1,17.0,13.0,309.0,15.0,6.0,4.0,0.0
2025-11-02,sudan,546.0,83.0,129.0,-325.8,0.0,0.0,33.0,23.0,14.0,-40.0,0.0
2025-11-02,taiwan,387.0,49.0,13.0,689.4,2.0,1.0,7.0,159.0,34.0,119.0,7.0
2025-11-02,ukraine,772.0,87.0,261.0,-1537.4,8.0,12.0,27.0,441.0,297.0,-1949.5,17.0
2025-11-02,venezuela,506.0,105.0,82.0,-86.9,6.0,9.0,17.0,99.0,43.0,-98.3,10.0
2025-11-02,yemen,21.0,5.0,5.0,-26.7,0.0,0.0,2.0,8.0,0.0,28.0,0.0
2025-11-03,drc,30.0,4.0,1.0,53.8,0.0,0.0,0.0,6.0,0.0,31.4,0.0
2025-11-03,europe_east,776.0,65.0,87.0,1135.7,0.0,5.0,40.0,117.0,58.0,-97.9,15.0
2025-11-03,iran,891.0,185.0,121.0,301.5,11.0,3.0,52.0,312.0,121.0,84.6,3.0
2025-11-03,israel,5524.0,888.0,1148.0,-2922.0,56.0,17.0,301.0,1260.0,653.0,-2620.8,65.0
2025-11-03,korea,1400.0,83.0,66.0,2956.0,2.0,1.0,28.0,176.0,24.0,316.1,6.0
2025-11-03,libya,134.0,29.0,20.0,60.1,0.0,5.0,7.0,0.0,0.0,0.0,0.0
2025-11-03,scs,1471.0,151.0,133.0,2288.4,11.0,8.0,51.0,105.0,41.0,1.1,2.0
2025-11-03,southasia,7979.0,1061.0,952.0,6164.5,13.0,7.0,385.0,47.0,26.0,-66.6,3.0
2025-11-03,sudan,1121.0,169.0,302.0,-1732.3,8.0,3.0,41.0,30.0,21.0,-181.3,0.0
2025-11-03,taiwan,395.0,41.0,30.0,446.6,0.0,2.0,18.0,99.0,21.0,4.9,3.0
2025-11-03,ukraine,1505.0,197.0,244.0,580.9,11.0,12.0,50.0,523.0,320.0,-1768.1,25.0
2025-11-03,venezuela,782.0,160.0,104.0,-0.8,12.0,13.0,26.0,185.0,74.0,-139.8,13.0
2025-11-03,yemen,55.0,5.0,6.0,104.3,0.0,0.0,3.0,20.0,2.0,42.9,0.0
2025-11-04,drc,25.0,2.0,15.0,-87.0,0.0,0.0,9.0,1.0,0.0,0.0,0.0
2025-11-04,europe_east,1177.0,105.0,105.0,1802.9,3.0,6.0,55.0,95.0,29.0,37.2,8.0
2025-11-04,iran,732.0,134.0,108.0,72.7,9.0,0.0,50.0,182.0,81.0,-261.4,6.0
2025-11-04,israel,4744.0,809.0,821.0,-693.6,31.0,27.0,205.0,825.0,384.0,-1104.0,31.0
2025-11-04,korea,1662.0,96.0,119.0,3312.4,2.0,3.0,31.0,319.0,52.0,585.2,2.0
2025-11-04,libya,65.0,8.0,5.0,157.9,0.0,0.0,2.0,0.0,0.0,0.0,0.0
2025-11-04,scs,1318.0,130.0,107.0,1989.0,5.0,4.0,44.0,59.0,7.0,96.4,0.0
2025-11-04,southasia,8287.0,1220.0,1017.0,5067.9,14.0,5.0,391.0,44.0,20.0,-93.7,2.0
2025-11-04,sudan,1036.0,173.0,241.0,-958.3,9.0,1.0,42.0,31.0,18.0,-95.1,0.0
2025-11-04,taiwan,435.0,39.0,47.0,423.2,0.0,2.0,27.0,91.0,24.0,17.7,3.0
2025-11-04,ukraine,1806.0,228.0,301.0,479.2,10.0,9.0,76.0,527.0,283.0,-1502.4,41.0
2025-11-04,venezuela,509.0,113.0,75.0,-211.6,7.0,13.0,22.0,135.0,44.0,-6.3,7.0
2025-11-04,yemen,92.0,13.0,10.0,107.9,0.0,0.0,4.0,30.0,3.0,154.6,0.0
2025-11-05,drc,33.0,3.0,4.0,34.6,0.0,0.0,2.0,11.0,3.0,33.0,1.0
2025-11-05,europe_east,1053.0,109.0,118.0,1241.4,2.0,10.0,46.0,59.0,24.0,-18.2,7.0
2025-11-05,iran,787.0,134.0,138.0,17.8,8.0,2.0,66.0,157.0,69.0,-152.5,11.0
2025-11-05,israel,4329.0,742.0,743.0,-381.2,32.0,11.0,227.0,786.0,347.0,-922.5,42.0
2025-11-05,korea,1025.0,111.0,75.0,1733.1,2.0,4.0,25.0,183.0,53.0,183.4,5.0
2025-11-05,libya,188.0,18.0,26.0,295.0,0.0,0.0,12.0,3.0,0.0,21.0,0.0
2025-11-05,scs,1398.0,127.0,132.0,2012.2,1.0,4.0,63.0,28.0,15.0,-50.0,0.0
2025-11-05,southasia,7939.0,1185.0,890.0,5040.5,14.0,7.0,409.0,32.0,11.0,13.3,0.0
2025-11-05,sudan,981.0,169.0,252.0,-1348.8,8.0,4.0,55.0,27.0,16.0,-73.4,1.0
2025-11-05,taiwan,427.0,40.0,65.0,237.2,0.0,0.0,40.0,81.0,33.0,-58.4,1.0
2025-11-05,ukraine,1644.0,174.0,240.0,1032.2,8.0,9.0,56.0,548.0,248.0,-1044.2,30.0
2025-11-05,venezuela,611.0,120.0,100.0,-56.4,12.0,8.0,35.0,181.0,58.0,40.5,12.0
2025-11-05,yemen,57.0,6.0,18.0,-47.6,0.0,0.0,7.0,39.0,21.0,-107.1,2.0
2025-11-06,drc,35.0,2.0,6.0,28.3,0.0,0.0,2.0,6.0,0.0,14.1,0.0
2025-11-06,europe_east,1201.0,133.0,123.0,1592.6,2.0,0.0,64.0,124.0,59.0,-133.8,22.0
2025-11-06,iran,786.0,112.0,153.0,-52.8,2.0,0.0,71.0,156.0,75.0,-282.7,4.0
2025-11-06,israel,5658.0,899.0,990.0,-473.8,19.0,35.0,248.0,1237.0,573.0,-1656.4,70.0
2025-11-06,korea,900.0,94.0,90.0,1206.3,0.0,11.0,35.0,104.0,31.0,73.9,8.0
2025-11-06,libya,150.0,14.0,23.0,106.1,0.0,0.0,9.0,0.0,0.0,0.0,0.0
2025-11-06,scs,1574.0,185.0,202.0,1431.9,6.0,12.0,75.0,52.0,32.0,-217.6,1.0
2025-11-06,southasia,8032.0,1251.0,964.0,4422.7,42.0,45.0,353.0,34.0,23.0,-110.5,5.0
2025-11-06,sudan,1100.0,149.0,215.0,-63.0,13.0,6.0,29.0,50.0,19.0,-11.4,3.0
2025-11-06,taiwan,330.0,60.0,46.0,8.0,1.0,0.0,20.0,84.0,25.0,-18.8,2.0
2025-11-06,ukraine,1931.0,227.0,323.0,714.3,8.0,16.0,86.0,549.0,286.0,-1423.2,43.0
2025-11-06,venezuela,615.0,93.0,101.0,19.0,10.0,11.0,28.0,124.0,51.0,-1.4,12.0
2025-11-06,yemen,38.0,2.0,4.0,68.6,0.0,0.0,2.0,7.0,5.0,-42.4,4.0
2025-11-07,drc,72.0,7.0,14.0,5.0,0.0,0.0,5.0,7.0,0.0,20.6,0.0
2025-11-07,europe_east,1110.0,134.0,143.0,881.1,1.0,4.0,65.0,78.0,40.0,-125.1,17.0
2025-11-07,iran,931.0,142.0,239.0,-734.5,4.0,2.0,96.0,363.0,199.0,-873.4,24.0
2025-11-07,israel,5246.0,904.0,1017.0,-1889.9,33.0,20.0,268.0,1304.0,666.0,-2451.5,47.0
2025-11-07,korea,1102.0,85.0,218.0,269.9,1.0,20.0,57.0,280.0,143.0,-777.0,8.0
2025-11-07,libya,66.0,11.0,13.0,17.0,0.0,0.0,7.0,0.0,0.0,0.0,0.0
2025-11-07,scs,1321.0,154.0,115.0,1844.5,5.0,4.0,41.0,55.0,16.0,-14.7,1.0
2025-11-07,southasia,8233.0,1305.0,839.0,5518.7,30.0,16.0,343.0,66.0,38.0,-90.0,3.0
2025-11-07,sudan,1180.0,157.0,198.0,423.3,4.0,0.0,30.0,77.0,25.0,-38.9,0.0
2025-11-07,taiwan,403.0,53.0,27.0,481.2,0.0,0.0,12.0,109.0,34.0,73.4,5.0
2025-11-07,ukraine,1831.0,231.0,291.0,641.9,5.0,10.0,90.0,490.0,260.0,-1009.0,43.0
2025-11-07,venezuela,584.0,119.0,102.0,-281.3,8.0,10.0,21.0,136.0,79.0,-331.5,18.0
2025-11-07,yemen,57.0,3.0,15.0,-19.8,0.0,0.0,4.0,20.0,12.0,-99.4,0.0
2025-11-08,drc,11.0,3.0,0.0,23.0,0.0,0.0,0.0,3.0,1.0,12.0,0.0
2025-11-08,europe_east,502.0,59.0,58.0,573.5,3.0,3.0,33.0,19.0,10.0,-36.9,2.0
2025-11-08,iran,509.0,147.0,114.0,-857.9,3.0,0.0,21.0,231.0,175.0,-823.5,3.0
2025-11-08,israel,3392.0,558.0,950.0,-4752.4,35.0,7.0,201.0,915.0,522.0,-2521.5,51.0
2025-11-08,korea,565.0,120.0,49.0,368.5,14.0,1.0,13.0,156.0,80.0,-85.0,10.0
2025-11-08,libya,43.0,10.0,9.0,-36.7,0.0,0.0,0.0,3.0,3.0,-21.0,0.0
2025-11-08,scs,1115.0,143.0,168.0,723.8,2.0,10.0,84.0,41.0,12.0,-20.2,5.0
2025-11-08,southasia,6376.0,926.0,850.0,3123.6,15.0,9.0,374.0,22.0,14.0,-55.6,5.0
2025-11-08,sudan,517.0,80.0,104.0,-92.6,2.0,1.0,25.0,26.0,13.0,-68.1,0.0
2025-11-08,taiwan,269.0,22.0,20.0,361.5,1.0,0.0,15.0,71.0,25.0,3.1,0.0
2025-11-08,ukraine,1183.0,164.0,304.0,-935.3,4.0,12.0,65.0,532.0,295.0,-1486.1,39.0
2025-11-08,venezuela,290.0,59.0,40.0,-40.5,6.0,2.0,14.0,53.0,16.0,-41.2,5.0
2025-11-08,yemen,15.0,5.0,3.0,-20.3,0.0,0.0,2.0,9.0,3.0,-11.0,2.0
2025-11-09,drc,10.0,1.0,0.0,22.6,0.0,0.0,0.0,3.0,0.0,10.2,0.0
2025-11-09,europe_east,271.0,24.0,62.0,-66.0,0.0,0.0,13.0,34.0,13.0,28.8,0.0
2025-11-09,iran,455.0,85.0,57.0,-27.6,5.0,1.0,31.0,101.0,33.0,95.9,0.0
2025-11-09,israel,3622.0,493.0,907.0,-2950.3,18.0,20.0,208.0,870.0,411.0,-1614.7,45.0
2025-11-09,korea,382.0,44.0,52.0,239.6,3.0,2.0,16.0,39.0,25.0,-12.2,0.0
2025-11-09,libya,17.0,1.0,4.0,15.1,0.0,0.0,2.0,0.0,0.0,0.0,0.0
2025-11-09,scs,902.0,104.0,92.0,935.6,5.0,3.0,66.0,22.0,8.0,-5.4,0.0
2025-11-09,southasia,6120.0,1042.0,754.0,2373.4,24.0,21.0,332.0,17.0,6.0,-20.5,3.0
2025-11-09,sudan,501.0,55.0,119.0,-217.7,2.0,1.0,31.0,14.0,3.0,11.1,0.0
2025-11-09,taiwan,187.0,34.0,12.0,195.8,0.0,1.0,4.0,52.0,26.0,-23.1,2.0
2025-11-09,ukraine,968.0,125.0,240.0,-633.1,2.0,6.0,36.0,417.0,240.0,-1151.5,31.0
2025-11-09,venezuela,283.0,63.0,45.0,-95.5,0.0,9.0,5.0,34.0,14.0,-50.9,4.0
2025-11-09,yemen,65.0,11.0,14.0,-56.4,0.0,0.0,8.0,91.0,35.0,-11.6,19.0
2025-11-10,drc,46.0,2.0,1.0,172.2,0.0,0.0,0.0,24.0,6.0,48.4,0.0
2025-11-10,europe_east,846.0,93.0,100.0,987.8,1.0,5.0,57.0,77.0,30.0,17.4,10.0
2025-11-10,iran,813.0,160.0,124.0,-127.7,3.0,0.0,63.0,219.0,124.0,-618.8,13.0
2025-11-10,israel,5060.0,846.0,1057.0,-2424.1,30.0,54.0,282.0,1181.0,538.0,-1919.0,77.0
2025-11-10,korea,806.0,115.0,108.0,709.7,3.0,1.0,88.0,60.0,35.0,-97.8,8.0
2025-11-10,libya,188.0,15.0,30.0,347.9,0.0,0.0,21.0,0.0,0.0,0.0,0.0
2025-11-10,scs,1600.0,144.0,190.0,1529.3,1.0,10.0,69.0,25.0,13.0,-71.6,3.0
2025-11-10,southasia,9494.0,1414.0,1445.0,1815.0,20.0,122.0,548.0,16.0,12.0,-67.4,2.0
2025-11-10,sudan,691.0,104.0,133.0,-205.6,2.0,1.0,25.0,11.0,10.0,-58.0,0.0
2025-11-10,taiwan,438.0,65.0,31.0,363.4,0.0,0.0,16.0,64.0,25.0,-47.6,0.0
2025-11-10,ukraine,1384.0,171.0,234.0,350.6,14.0,10.0,52.0,431.0,202.0,-705.8,32.0
2025-11-10,venezuela,372.0,99.0,76.0,-457.8,10.0,5.0,32.0,52.0,31.0,-127.9,6.0
2025-11-10,yemen,80.0,16.0,24.0,-194.8,1.0,0.0,5.0,52.0,25.0,-87.5,4.0
2025-11-11,drc,19.0,1.0,3.0,-11.8,0.0,1.0,0.0,3.0,3.0,-30.0,0.0
2025-11-11,europe_east,1013.0,107.0,118.0,1237.5,4.0,2.0,63.0,145.0,37.0,214.7,7.0
2025-11-11,iran,641.0,101.0,99.0,51.1,3.0,3.0,60.0,222.0,95.0,-165.6,17.0
2025-11-11,israel,4771.0,796.0,913.0,-1421.1,22.0,9.0,297.0,1031.0,461.0,-1247.8,65.0
2025-11-11,korea,563.0,61.0,56.0,780.1,2.0,3.0,22.0,30.0,4.0,76.7,0.0
2025-11-11,libya,137.0,10.0,15.0,298.0,0.0,0.0,4.0,0.0,0.0,0.0,0.0
2025-11-11,scs,1655.0,165.0,175.0,1646.9,1.0,4.0,55.0,36.0,4.0,100.6,0.0
2025-11-11,southasia,11238.0,1753.0,2032.0,-2347.2,63.0,138.0,679.0,68.0,53.0,-223.0,12.0
2025-11-11,sudan,728.0,90.0,163.0,-457.8,5.0,13.0,20.0,26.0,22.0,-135.6,0.0
2025-11-11,taiwan,376.0,45.0,41.0,351.3,2.0,2.0,27.0,90.0,29.0,13.4,2.0
2025-11-11,ukraine,1485.0,168.0,303.0,7.2,7.0,10.0,73.0,575.0,307.0,-1449.6,27.0
2025-11-11,venezuela,478.0,118.0,98.0,-491.4,16.0,10.0,15.0,85.0,56.0,-297.1,2.0
2025-11-11,yemen,73.0,6.0,18.0,13.9,0.0,1.0,6.0,24.0,5.0,90.6,2.0
2025-11-12,drc,23.0,0.0,3.0,35.7,0.0,0.0,0.0,12.0,0.0,92.0,0.0
2025-11-12,europe_east,1061.0,108.0,116.0,1384.4,2.0,6.0,55.0,149.0,66.0,-93.7,14.0
2025-11-12,iran,814.0,167.0,108.0,157.5,8.0,1.0,54.0,210.0,78.0,-4.1,14.0
2025-11-12,israel,5001.0,850.0,1051.0,-2595.1,29.0,23.0,316.0,1093.0,535.0,-2050.8,70.0
2025-11-12,korea,786.0,87.0,122.0,571.4,0.0,1.0,69.0,30.0,10.0,-12.1,1.0
2025-11-12,libya,69.0,6.0,16.0,1.2,0.0,0.0,6.0,2.0,0.0,14.0,0.0
2025-11-12,scs,1797.0,157.0,152.0,2614.8,1.0,4.0,76.0,57.0,11.0,187.1,1.0
2025-11-12,southasia,10502.0,1650.0,1576.0,2296.4,70.0,64.0,683.0,115.0,68.0,-188.7,7.0
2025-11-12,sudan,689.0,81.0,151.0,-389.3,4.0,4.0,24.0,21.0,15.0,-112.8,0.0
2025-11-12,taiwan,404.0,62.0,39.0,357.9,2.0,2.0,22.0,75.0,16.0,79.9,0.0
2025-11-12,ukraine,1993.0,277.0,313.0,934.9,11.0,7.0,100.0,641.0,302.0,-942.5,43.0
2025-11-12,venezuela,737.0,132.0,169.0,-514.1,10.0,31.0,40.0,135.0,62.0,-133.1,26.0
2025-11-12,yemen,71.0,1.0,41.0,-152.6,0.0,0.0,28.0,12.0,6.0,-1.1,6.0
2025-11-13,drc,30.0,0.0,6.0,22.8,0.0,0.0,2.0,0.0,0.0,0.0,0.0
2025-11-13,europe_east,1043.0,96.0,118.0,1431.4,0.0,10.0,72.0,125.0,56.0,-23.2,26.0
2025-11-13,iran,937.0,197.0,157.0,-341.0,15.0,3.0,79.0,229.0,91.0,-219.0,24.0
2025-11-13,israel,4809.0,834.0,1050.0,-3181.5,18.0,8.0,282.0,1101.0,603.0,-3111.1,73.0
2025-11-13,korea,655.0,54.0,87.0,539.5,1.0,5.0,32.0,30.0,4.0,49.1,1.0
2025-11-13,libya,155.0,20.0,51.0,-226.2,0.0,1.0,15.0,0.0,0.0,0.0,0.0
2025-11-13,scs,1477.0,159.0,129.0,2036.3,9.0,3.0,78.0,28.0,1.0,113.9,1.0
2025-11-13,southasia,9337.0,1580.0,1261.0,3014.5,64.0,41.0,611.0,77.0,49.0,-163.2,4.0
2025-11-13,sudan,659.0,105.0,151.0,-610.9,10.0,0.0,34.0,21.0,18.0,-157.8,0.0
2025-11-13,taiwan,466.0,50.0,48.0,513.3,0.0,0.0,23.0,75.0,37.0,-89.3,15.0
2025-11-13,ukraine,1913.0,224.0,303.0,785.6,14.0,13.0,96.0,552.0,280.0,-1127.3,48.0
2025-11-13,venezuela,670.0,112.0,132.0,-233.5,14.0,17.0,37.0,164.0,80.0,-233.1,23.0
2025-11-13,yemen,49.0,4.0,7.0,0.7,0.0,0.0,3.0,26.0,6.0,-30.0,2.0
2025-11-14,drc,36.0,4.0,2.0,65.1,0.0,0.0,0.0,4.0,4.0,-27.8,0.0
2025-11-14,europe_east,909.0,103.0,89.0,1262.0,4.0,7.0,46.0,113.0,64.0,-145.7,24.0
2025-11-14,iran,675.0,152.0,109.0,-344.3,16.0,5.0,58.0,133.0,71.0,-111.1,11.0
2025-11-14,israel,3939.0,646.0,776.0,-1107.6,22.0,8.0,184.0,827.0,390.0,-1176.3,36.0
2025-11-14,korea,1035.0,103.0,59.0,2080.4,0.0,5.0,21.0,69.0,28.0,46.0,5.0
2025-11-14,libya,34.0,3.0,0.0,80.8,1.0,0.0,0.0,0.0,0.0,0.0,0.0
2025-11-14,scs,1662.0,157.0,170.0,2266.9,7.0,4.0,94.0,50.0,8.0,90.6,0.0
2025-11-14,southasia,8388.0,1167.0,973.0,6628.9,22.0,39.0,478.0,18.0,5.0,-2.3,2.0
2025-11-14,sudan,956.0,174.0,199.0,-802.6,10.0,7.0,47.0,30.0,18.0,-102.0,5.0
2025-11-14,taiwan,496.0,79.0,44.0,376.6,1.0,4.0,18.0,177.0,72.0,-234.4,5.0
2025-11-14,ukraine,1991.0,267.0,407.0,-647.7,8.0,11.0,81.0,701.0,425.0,-2206.0,36.0
2025-11-14,venezuela,731.0,121.0,133.0,-328.3,10.0,20.0,31.0,163.0,87.0,-287.8,18.0
2025-11-14,yemen,43.0,11.0,8.0,-44.2,0.0,0.0,1.0,24.0,8.0,14.6,0.0
2025-11-15,drc,23.0,4.0,3.0,32.8,0.0,0.0,0.0,33.0,9.0,59.1,0.0
2025-11-15,europe_east,438.0,27.0,52.0,695.9,0.0,0.0,34.0,48.0,7.0,102.4,1.0
2025-11-15,iran,450.0,77.0,93.0,-448.9,0.0,3.0,38.0,124.0,60.0,-299.8,2.0
2025-11-15,israel,2425.0,417.0,479.0,-653.5,16.0,15.0,144.0,496.0,244.0,-771.9,28.0
2025-11-15,korea,331.0,52.0,35.0,213.9,2.0,0.0,9.0,42.0,22.0,-91.6,0.0
2025-11-15,libya,55.0,6.0,6.0,70.3,0.0,0.0,2.0,0.0,0.0,0.0,0.0
2025-11-15,scs,995.0,97.0,76.0,1557.6,3.0,4.0,54.0,20.0,3.0,59.4,0.0
2025-11-15,southasia,6962.0,869.0,864.0,4309.3,24.0,14.0,400.0,46.0,5.0,70.3,1.0
2025-11-15,sudan,413.0,82.0,76.0,-127.4,1.0,2.0,18.0,6.0,5.0,-36.9,2.0
2025-11-15,taiwan,323.0,52.0,19.0,323.9,1.0,5.0,5.0,116.0,49.0,-101.8,4.0
2025-11-15,ukraine,1120.0,148.0,231.0,-165.3,1.0,0.0,46.0,389.0,230.0,-1173.4,8.0
2025-11-15,venezuela,560.0,95.0,95.0,18.7,5.0,16.0,26.0,140.0,71.0,-272.3,21.0
2025-11-15,yemen,43.0,10.0,6.0,-13.7,0.0,0.0,0.0,9.0,4.0,-0.4,2.0
2025-11-16,drc,24.0,3.0,2.0,4.3,0.0,0.0,0.0,27.0,7.0,82.0,0.0
2025-11-16,europe_east,289.0,43.0,33.0,203.4,2.0,1.0,11.0,30.0,12.0,10.7,0.0
2025-11-16,iran,691.0,115.0,108.0,-101.3,14.0,12.0,38.0,252.0,113.0,-325.2,15.0
2025-11-16,israel,3393.0,648.0,668.0,-2315.8,11.0,19.0,154.0,746.0,435.0,-2096.1,42.0
2025-11-16,korea,479.0,33.0,53.0,642.1,0.0,0.0,20.0,15.0,10.0,-14.6,1.0
2025-11-16,libya,35.0,0.0,9.0,-6.2,0.0,1.0,0.0,0.0,0.0,0.0,0.0
2025-11-16,scs,1101.0,136.0,131.0,1129.0,0.0,11.0,72.0,38.0,10.0,43.7,2.0
2025-11-16,southasia,5696.0,807.0,760.0,2801.5,17.0,23.0,380.0,28.0,7.0,20.1,2.0
2025-11-16,sudan,228.0,37.0,57.0,-342.0,0.0,0.0,13.0,10.0,7.0,-61.4,0.0
2025-11-16,taiwan,241.0,35.0,23.0,74.5,3.0,1.0,18.0,77.0,31.0,-134.7,12.0
2025-11-16,ukraine,1134.0,107.0,244.0,58.1,2.0,6.0,37.0,510.0,249.0,-927.4,13.0
2025-11-16,venezuela,520.0,96.0,97.0,72.2,0.0,11.0,29.0,117.0,38.0,53.2,14.0
2025-11-16,yemen,22.0,3.0,4.0,-1.5,0.0,0.0,0.0,7.0,0.0,13.0,0.0
2025-11-17,drc,72.0,7.0,6.0,123.8,0.0,0.0,0.0,19.0,6.0,38.0,0.0
2025-11-17,europe_east,1100.0,118.0,167.0,750.9,11.0,8.0,104.0,169.0,91.0,-199.0,38.0
2025-11-17,iran,812.0,106.0,117.0,349.5,1.0,2.0,24.0,225.0,108.0,-303.1,8.0
2025-11-17,israel,4624.0,844.0,819.0,-1245.8,21.0,32.0,233.0,1047.0,564.0,-2097.0,62.0
2025-11-17,korea,817.0,70.0,53.0,1678.3,1.0,3.0,30.0,65.0,15.0,183.9,0.0
2025-11-17,libya,46.0,10.0,2.0,32.5,0.0,0.0,0.0,0.0,0.0,0.0,0.0
2025-11-17,scs,1660.0,181.0,117.0,2435.5,5.0,10.0,37.0,42.0,13.0,56.2,0.0
2025-11-17,southasia,8995.0,1163.0,1250.0,5070.5,25.0,28.0,670.0,34.0,16.0,-15.6,1.0
2025-11-17,sudan,532.0,74.0,133.0,-576.0,0.0,3.0,35.0,19.0,14.0,-103.8,0.0
2025-11-17,taiwan,470.0,67.0,30.0,519.8,4.0,3.0,17.0,160.0,49.0,-2.9,1.0
2025-11-17,ukraine,2230.0,196.0,349.0,2176.6,22.0,15.0,85.0,557.0,278.0,-1187.1,29.0
2025-11-17,venezuela,961.0,193.0,164.0,133.1,8.0,25.0,51.0,252.0,98.0,138.3,19.0
2025-11-17,yemen,30.0,3.0,7.0,-9.6,0.0,0.0,2.0,24.0,2.0,38.2,0.0
2025-11-18,drc,111.0,2.0,13.0,94.9,0.0,0.0,0.0,24.0,0.0,151.0,0.0
2025-11-18,europe_east,1195.0,160.0,166.0,789.0,16.0,7.0,76.0,280.0,151.0,-393.2,42.0
2025-11-18,iran,803.0,110.0,129.0,548.7,3.0,5.0,54.0,116.0,59.0,-151.0,5.0
2025-11-18,israel,5636.0,1046.0,990.0,-1039.6,23.0,32.0,330.0,1085.0,611.0,-2670.2,87.0
2025-11-18,korea,925.0,109.0,65.0,1413.0,0.0,1.0,31.0,85.0,35.0,0.8,2.0
2025-11-18,libya,139.0,16.0,13.0,460.2,0.0,0.0,9.0,0.0,0.0,0.0,0.0
2025-11-18,scs,1556.0,207.0,151.0,1858.7,4.0,2.0,84.0,55.0,12.0,70.3,0.0
2025-11-18,southasia,9376.0,1318.0,1417.0,2603.1,67.0,16.0,583.0,26.0,20.0,-63.3,7.0
2025-11-18,sudan,576.0,100.0,143.0,-661.9,0.0,2.0,33.0,30.0,22.0,-191.3,0.0
2025-11-18,taiwan,403.0,55.0,51.0,292.6,2.0,4.0,20.0,102.0,42.0,-103.7,15.0
2025-11-18,ukraine,2372.0,277.0,350.0,2184.0,13.0,17.0,94.0,612.0,273.0,-424.3,17.0
2025-11-18,venezuela,685.0,139.0,126.0,-94.5,12.0,17.0,36.0,176.0,78.0,-59.9,26.0
2025-11-18,yemen,27.0,6.0,3.0,-5.4,0.0,0.0,1.0,15.0,8.0,-52.6,4.0
2025-11-19,drc,38.0,4.0,8.0,29.0,0.0,0.0,4.0,18.0,5.0,40.4,0.0
2025-11-19,europe_east,1393.0,192.0,245.0,414.3,4.0,19.0,103.0,368.0,203.0,-492.5,57.0
2025-11-19,iran,679.0,83.0,103.0,488.4,3.0,5.0,32.0,201.0,78.0,-21.3,5.0
2025-11-19,israel,4558.0,854.0,933.0,-2761.7,19.0,9.0,240.0,1043.0,641.0,-3232.9,70.0
2025-11-19,korea,851.0,73.0,61.0,1571.7,1.0,7.0,21.0,41.0,15.0,23.6,1.0
2025-11-19,libya,63.0,4.0,15.0,0.3,0.0,0.0,5.0,0.0,0.0,0.0,0.0
2025-11-19,scs,1664.0,187.0,97.0,2634.9,2.0,0.0,57.0,4.0,2.0,-12.5,0.0
2025-11-19,southasia,8743.0,1223.0,1104.0,5596.9,22.0,14.0,500.0,28.0,21.0,-90.9,2.0
2025-11-19,sudan,594.0,81.0,109.0,-216.4,2.0,1.0,23.0,24.0,14.0,-88.2,0.0
2025-11-19,taiwan,461.0,62.0,34.0,616.2,5.0,4.0,17.0,111.0,31.0,-10.2,5.0
2025-11-19,ukraine,3467.0,567.0,587.0,319.8,19.0,22.0,138.0,979.0,465.0,-1634.8,25.0
2025-11-19,venezuela,645.0,136.0,90.0,47.6,5.0,10.0,28.0,103.0,35.0,-5.1,6.0
2025-11-19,yemen,68.0,10.0,14.0,44.6,0.0,0.0,8.0,34.0,13.0,-12.8,8.0
2025-11-20,drc,26.0,4.0,1.0,25.4,0.0,0.0,0.0,5.0,0.0,35.0,0.0
2025-11-20,europe_east,1107.0,148.0,166.0,615.5,8.0,9.0,86.0,216.0,95.0,-68.3,35.0
2025-11-20,iran,823.0,172.0,81.0,380.2,6.0,0.0,45.0,170.0,62.0,19.8,7.0
2025-11-20,israel,4999.0,889.0,991.0,-2878.5,16.0,22.0,278.0,1227.0,730.0,-3553.0,91.0
2025-11-20,korea,673.0,58.0,69.0,887.7,2.0,1.0,36.0,39.0,17.0,-42.1,4.0
2025-11-20,libya,64.0,11.0,8.0,128.7,0.0,0.0,6.0,4.0,0.0,9.4,0.0
2025-11-20,scs,1906.0,212.0,292.0,1562.5,7.0,14.0,221.0,128.0,72.0,-191.5,31.0
2025-11-20,southasia,8435.0,1236.0,1093.0,3731.5,49.0,17.0,427.0,32.0,19.0,-110.2,2.0
2025-11-20,sudan,835.0,111.0,126.0,51.1,4.0,5.0,33.0,16.0,9.0,-71.5,0.0
2025-11-20,taiwan,393.0,53.0,41.0,315.8,2.0,0.0,13.0,78.0,45.0,-203.4,10.0
2025-11-20,ukraine,3689.0,504.0,460.0,2916.3,13.0,8.0,137.0,1156.0,494.0,-1083.9,39.0
2025-11-20,venezuela,539.0,91.0,98.0,-20.0,9.0,4.0,42.0,90.0,29.0,73.3,0.0
2025-11-20,yemen,60.0,9.0,5.0,79.5,0.0,0.0,1.0,20.0,4.0,21.2,0.0
2025-11-21,drc,66.0,3.0,5.0,123.3,0.0,0.0,0.0,16.0,3.0,16.8,0.0
2025-11-21,europe_east,1073.0,129.0,117.0,1070.1,2.0,17.0,47.0,119.0,56.0,-169.7,8.0
2025-11-21,iran,878.0,160.0,126.0,294.9,2.0,3.0,74.0,268.0,113.0,-169.9,20.0
2025-11-21,israel,4590.0,772.0,996.0,-3321.3,31.0,9.0,297.0,942.0,525.0,-2686.3,63.0
2025-11-21,korea,525.0,72.0,62.0,528.7,0.0,6.0,38.0,37.0,12.0,7.7,1.0
2025-11-21,libya,64.0,9.0,18.0,-47.6,0.0,0.0,7.0,0.0,0.0,0.0,0.0
2025-11-21,scs,1415.0,151.0,140.0,1706.8,4.0,4.0,83.0,51.0,15.0,-7.7,8.0
2025-11-21,southasia,7828.0,1044.0,897.0,5762.3,18.0,20.0,391.0,27.0,17.0,-53.3,2.0
2025-11-21,sudan,517.0,80.0,92.0,-72.0,2.0,6.0,41.0,4.0,4.0,-23.0,0.0
2025-11-21,taiwan,383.0,48.0,38.0,372.4,3.0,2.0,16.0,84.0,30.0,-95.3,9.0
2025-11-21,ukraine,4602.0,600.0,466.0,5068.2,18.0,22.0,170.0,1325.0,492.0,-224.7,64.0
2025-11-21,venezuela,541.0,110.0,66.0,-2.3,8.0,2.0,28.0,123.0,41.0,111.1,6.0
2025-11-21,yemen,70.0,5.0,15.0,-0.8,1.0,0.0,10.0,8.0,5.0,-44.7,0.0
2025-11-22,drc,45.0,7.0,15.0,-71.1,0.0,0.0,0.0,8.0,0.0,19.4,0.0
2025-11-22,europe_east,613.0,57.0,97.0,278.3,3.0,1.0,47.0,98.0,49.0,-232.1,15.0
2025-11-22,iran,689.0,95.0,57.0,736.6,4.0,0.0,23.0,77.0,32.0,-71.6,9.0
2025-11-22,israel,3072.0,488.0,795.0,-3771.2,10.0,8.0,158.0,712.0,446.0,-2717.9,49.0
2025-11-22,korea,318.0,13.0,13.0,621.8,0.0,0.0,6.0,14.0,0.0,-7.2,0.0
2025-11-22,libya,6.0,0.0,0.0,30.8,0.0,0.0,0.0,0.0,0.0,0.0,0.0
2025-11-22,scs,938.0,98.0,80.0,1633.9,6.0,5.0,48.0,42.0,7.0,99.8,0.0
2025-11-22,southasia,5979.0,767.0,783.0,2950.6,5.0,24.0,323.0,21.0,9.0,-27.9,5.0
2025-11-22,sudan,287.0,32.0,37.0,18.8,3.0,2.0,2.0,8.0,6.0,-49.0,0.0
2025-11-22,taiwan,286.0,23.0,16.0,425.7,0.0,1.0,10.0,102.0,29.0,65.0,1.0
2025-11-22,ukraine,3981.0,507.0,317.0,5775.5,19.0,10.0,130.0,1014.0,377.0,46.4,53.0
2025-11-22,venezuela,321.0,87.0,55.0,-243.2,14.0,1.0,25.0,58.0,29.0,-126.9,5.0
2025-11-22,yemen,45.0,3.0,25.0,-114.4,0.0,0.0,25.0,31.0,8.0,-24.0,6.0
2025-11-23,drc,18.0,1.0,4.0,-5.3,0.0,0.0,2.0,6.0,0.0,11.4,0.0
2025-11-23,europe_east,437.0,48.0,47.0,433.1,0.0,1.0,25.0,47.0,18.0,-34.2,10.0
2025-11-23,iran,667.0,103.0,76.0,315.2,7.0,0.0,28.0,110.0,48.0,-20.1,4.0
2025-11-23,israel,3981.0,803.0,1009.0,-6402.5,37.0,14.0,162.0,1008.0,643.0,-3357.7,52.0
2025-11-23,korea,314.0,33.0,34.0,268.1,0.0,1.0,11.0,21.0,5.0,-0.3,2.0
2025-11-23,libya,32.0,5.0,4.0,-2.7,0.0,0.0,0.0,0.0,0.0,0.0,0.0
2025-11-23,scs,1005.0,117.0,110.0,1245.4,0.0,10.0,63.0,27.0,10.0,30.2,6.0
2025-11-23,southasia,5581.0,768.0,749.0,1976.7,12.0,23.0,332.0,37.0,10.0,14.6,2.0
2025-11-23,sudan,166.0,22.0,43.0,-134.6,2.0,0.0,3.0,5.0,5.0,-50.0,0.0
2025-11-23,taiwan,191.0,26.0,14.0,207.9,5.0,3.0,5.0,68.0,27.0,-68.6,3.0
2025-11-23,ukraine,4316.0,500.0,254.0,7598.9,21.0,14.0,80.0,945.0,369.0,-428.1,31.0
2025-11-23,venezuela,445.0,71.0,110.0,-289.4,3.0,13.0,43.0,88.0,31.0,-52.6,7.0
2025-11-23,yemen,133.0,17.0,43.0,-143.3,0.0,0.0,32.0,47.0,22.0,-100.7,17.0
2025-11-24,drc,49.0,1.0,17.0,-41.8,0.0,0.0,0.0,32.0,0.0,128.6,0.0
2025-11-24,europe_east,840.0,91.0,88.0,992.6,0.0,4.0,58.0,74.0,44.0,-227.1,16.0
2025-11-24,iran,749.0,117.0,123.0,82.8,3.0,0.0,50.0,201.0,98.0,-161.0,7.0
2025-11-24,israel,4975.0,934.0,1317.0,-7767.1,53.0,14.0,200.0,1281.0,791.0,-4073.0,87.0
2025-11-24,korea,692.0,49.0,84.0,804.2,6.0,2.0,32.0,39.0,19.0,-107.5,2.0
2025-11-24,libya,46.0,4.0,8.0,51.2,0.0,0.0,4.0,0.0,0.0,0.0,0.0
2025-11-24,scs,1462.0,154.0,132.0,1804.7,0.0,3.0,67.0,96.0,21.0,217.8,0.0
2025-11-24,southasia,8303.0,1150.0,1046.0,3888.4,13.0,30.0,404.0,37.0,9.0,-15.4,0.0
2025-11-24,sudan,514.0,99.0,72.0,-9.2,5.0,0.0,7.0,30.0,12.0,-18.7,0.0
2025-11-24,taiwan,592.0,87.0,77.0,217.7,2.0,1.0,45.0,233.0,68.0,-126.5,7.0
2025-11-24,ukraine,4785.0,596.0,438.0,6181.1,22.0,21.0,147.0,1132.0,412.0,-44.0,51.0
2025-11-24,venezuela,834.0,206.0,184.0,-945.9,10.0,23.0,78.0,146.0,60.0,-160.1,11.0
2025-11-24,yemen,135.0,13.0,58.0,-377.9,0.0,2.0,25.0,75.0,43.0,-274.4,20.0
2025-11-25,drc,10.0,0.0,3.0,-2.6,0.0,0.0,0.0,3.0,0.0,11.0,0.0
2025-11-25,europe_east,1150.0,154.0,162.0,431.4,4.0,4.0,45.0,39.0,14.0,-31.0,8.0
2025-11-25,iran,706.0,119.0,127.0,-32.7,6.0,0.0,57.0,163.0,84.0,-283.6,8.0
2025-11-25,israel,4843.0,651.0,1011.0,-1892.1,25.0,26.0,225.0,973.0,478.0,-1889.7,61.0
2025-11-25,korea,775.0,74.0,73.0,1088.2,0.0,11.0,35.0,56.0,16.0,61.3,0.0
2025-11-25,libya,51.0,4.0,5.0,87.5,0.0,0.0,3.0,0.0,0.0,0.0,0.0
2025-11-25,scs,1324.0,125.0,119.0,1953.1,1.0,1.0,51.0,53.0,6.0,129.2,3.0
2025-11-25,southasia,8560.0,1268.0,1109.0,3908.1,18.0,16.0,421.0,25.0,15.0,-96.7,5.0
2025-11-25,sudan,827.0,167.0,134.0,-150.4,5.0,0.0,22.0,39.0,14.0,38.1,0.0
2025-11-25,taiwan,804.0,100.0,56.0,867.8,2.0,3.0,26.0,342.0,111.0,-91.8,5.0
2025-11-25,ukraine,5234.0,548.0,564.0,6875.1,10.0,11.0,147.0,1546.0,550.0,-399.5,26.0
2025-11-25,venezuela,903.0,194.0,164.0,-371.9,16.0,15.0,74.0,261.0,91.0,112.8,20.0
2025-11-25,yemen,109.0,12.0,45.0,-344.6,0.0,1.0,8.0,27.0,15.0,-87.8,0.0
2025-11-26,drc,55.0,5.0,5.0,100.6,0.0,0.0,1.0,19.0,1.0,81.9,0.0
2025-11-26,europe_east,1068.0,101.0,102.0,1419.2,2.0,0.0,44.0,87.0,37.0,-27.5,9.0
2025-11-26,iran,695.0,99.0,66.0,951.9,4.0,0.0,28.0,128.0,59.0,-107.6,3.0
2025-11-26,israel,4474.0,610.0,859.0,-448.9,25.0,29.0,249.0,887.0,396.0,-1349.0,61.0
2025-11-26,korea,738.0,49.0,101.0,691.2,4.0,2.0,61.0,24.0,9.0,-14.9,0.0
2025-11-26,libya,155.0,10.0,22.0,277.2,0.0,1.0,11.0,0.0,0.0,0.0,0.0
2025-11-26,scs,1690.0,179.0,187.0,1965.6,9.0,4.0,84.0,26.0,2.0,111.2,2.0
2025-11-26,southasia,8139.0,1286.0,1069.0,2926.9,22.0,16.0,449.0,54.0,33.0,-163.8,6.0
2025-11-26,sudan,625.0,91.0,83.0,167.8,6.0,0.0,18.0,16.0,10.0,-44.0,0.0
2025-11-26,taiwan,679.0,98.0,54.0,759.8,2.0,7.0,24.0,188.0,75.0,-94.1,5.0
2025-11-26,ukraine,4303.0,424.0,345.0,7350.9,14.0,12.0,102.0,1271.0,371.0,725.7,19.0
2025-11-26,venezuela,722.0,156.0,107.0,98.8,7.0,5.0,70.0,157.0,53.0,161.6,8.0
2025-11-26,yemen,43.0,6.0,3.0,16.7,0.0,0.0,0.0,6.0,1.0,4.0,0.0
2025-11-27,drc,7.0,0.0,2.0,8.8,0.0,0.0,0.0,1.0,1.0,-2.0,0.0
2025-11-27,europe_east,937.0,89.0,90.0,1455.1,6.0,4.0,43.0,79.0,56.0,-200.4,20.0
2025-11-27,iran,700.0,158.0,105.0,-188.4,6.0,1.0,39.0,139.0,65.0,-228.2,2.0
2025-11-27,israel,3976.0,598.0,909.0,-2844.9,25.0,28.0,235.0,1030.0,546.0,-2510.2,79.0
2025-11-27,korea,630.0,51.0,62.0,815.3,1.0,0.0,40.0,27.0,8.0,42.1,1.0
2025-11-27,libya,112.0,14.0,22.0,39.5,0.0,0.0,11.0,0.0,0.0,0.0,0.0
2025-11-27,scs,1323.0,145.0,106.0,2185.8,2.0,2.0,61.0,62.0,9.0,233.0,0.0
2025-11-27,southasia,7383.0,1206.0,856.0,4213.3,24.0,15.0,387.0,43.0,16.0,9.9,5.0
2025-11-27,sudan,406.0,35.0,52.0,355.5,0.0,1.0,18.0,8.0,2.0,13.5,0.0
2025-11-27,taiwan,394.0,65.0,26.0,333.7,1.0,0.0,12.0,119.0,31.0,16.2,4.0
2025-11-27,ukraine,2593.0,264.0,289.0,3579.9,11.0,19.0,93.0,756.0,276.0,-2.4,20.0
2025-11-27,venezuela,463.0,107.0,76.0,-256.5,6.0,0.0,33.0,67.0,22.0,-1.2,6.0
2025-11-27,yemen,104.0,10.0,18.0,77.5,0.0,0.0,8.0,16.0,6.0,-18.6,1.0
2025-11-28,drc,17.0,0.0,0.0,49.3,0.0,0.0,0.0,5.0,3.0,-8.0,0.0
2025-11-28,europe_east,986.0,116.0,115.0,1242.5,3.0,3.0,56.0,81.0,50.0,-156.8,21.0
2025-11-28,iran,484.0,92.0,89.0,-217.6,1.0,1.0,39.0,87.0,47.0,-196.4,0.0
2025-11-28,israel,4007.0,719.0,1043.0,-5034.8,31.0,36.0,231.0,1167.0,753.0,-4018.1,78.0
2025-11-28,korea,505.0,75.0,85.0,178.9,0.0,3.0,48.0,33.0,15.0,-21.4,3.0
2025-11-28,libya,43.0,0.0,20.0,-54.4,0.0,0.0,14.0,0.0,0.0,0.0,0.0
2025-11-28,scs,1679.0,231.0,132.0,2419.3,2.0,2.0,52.0,52.0,8.0,170.5,2.0
2025-11-28,southasia,7020.0,1075.0,831.0,4034.6,20.0,14.0,403.0,18.0,5.0,-11.1,4.0
2025-11-28,sudan,325.0,42.0,62.0,-16.1,1.0,5.0,16.0,5.0,2.0,-5.5,0.0
2025-11-28,taiwan,364.0,47.0,25.0,397.1,4.0,2.0,12.0,117.0,36.0,-8.9,6.0
2025-11-28,ukraine,2673.0,363.0,347.0,2220.7,7.0,5.0,127.0,783.0,304.0,-384.1,28.0
2025-11-28,venezuela,654.0,137.0,127.0,-327.0,8.0,30.0,60.0,147.0,56.0,-52.9,14.0
2025-11-28,yemen,57.0,5.0,20.0,-63.6,0.0,0.0,6.0,33.0,16.0,-85.8,6.0
2025-11-29,drc,52.0,10.0,12.0,-53.3,0.0,1.0,3.0,40.0,12.0,56.6,2.0
2025-11-29,europe_east,375.0,43.0,74.0,139.1,2.0,8.0,43.0,48.0,12.0,22.0,3.0
2025-11-29,iran,340.0,50.0,64.0,12.1,0.0,2.0,19.0,101.0,44.0,-144.6,5.0
2025-11-29,israel,3257.0,594.0,754.0,-2969.4,17.0,23.0,193.0,898.0,549.0,-2601.8,41.0
2025-11-29,korea,220.0,15.0,25.0,183.1,3.0,0.0,11.0,19.0,15.0,-99.7,5.0
2025-11-29,libya,61.0,7.0,4.0,147.0,0.0,0.0,3.0,0.0,0.0,0.0,0.0
2025-11-29,scs,1047.0,135.0,106.0,951.0,1.0,4.0,37.0,54.0,25.0,-1.9,1.0
2025-11-29,southasia,6586.0,1107.0,825.0,2694.3,22.0,36.0,389.0,10.0,6.0,-35.0,2.0
2025-11-29,sudan,267.0,55.0,28.0,147.6,0.0,0.0,4.0,3.0,3.0,-6.0,0.0
2025-11-29,taiwan,197.0,16.0,13.0,232.1,0.0,1.0,6.0,40.0,7.0,59.6,0.0
2025-11-29,ukraine,1942.0,250.0,279.0,896.3,14.0,6.0,53.0,551.0,240.0,-816.1,18.0
2025-11-29,venezuela,947.0,218.0,164.0,-698.1,15.0,13.0,78.0,261.0,126.0,-343.1,37.0
2025-11-29,yemen,84.0,7.0,36.0,-165.0,1.0,1.0,26.0,42.0,19.0,-69.4,6.0
2025-11-30,drc,35.0,0.0,0.0,103.3,0.0,0.0,0.0,6.0,0.0,24.0,0.0
2025-11-30,europe_east,432.0,43.0,66.0,474.9,0.0,7.0,32.0,42.0,26.0,-56.8,7.0
2025-11-30,iran,373.0,50.0,80.0,-61.2,0.0,2.0,27.0,107.0,54.0,-127.8,5.0
2025-11-30,israel,4087.0,663.0,698.0,-629.5,9.0,12.0,235.0,713.0,403.0,-1962.9,49.0
2025-11-30,korea,413.0,40.0,41.0,452.1,0.0,5.0,10.0,21.0,3.0,61.3,0.0
2025-11-30,libya,13.0,2.0,1.0,1.9,0.0,0.0,0.0,0.0,0.0,0.0,0.0
2025-11-30,scs,1216.0,225.0,158.0,328.9,3.0,16.0,41.0,5.0,0.0,33.0,0.0
2025-11-30,southasia,4853.0,663.0,737.0,1652.7,7.0,19.0,297.0,13.0,13.0,-71.4,11.0
2025-11-30,sudan,221.0,34.0,13.0,254.3,1.0,0.0,0.0,11.0,5.0,-30.6,0.0
2025-11-30,taiwan,207.0,29.0,36.0,33.4,4.0,3.0,14.0,36.0,16.0,-59.0,2.0
2025-11-30,ukraine,2020.0,235.0,262.0,1796.7,7.0,4.0,51.0,659.0,224.0,-35.2,14.0
2025-11-30,venezuela,784.0,193.0,152.0,-619.8,12.0,13.0,83.0,207.0,85.0,-162.7,26.0
2025-11-30,yemen,40.0,2.0,9.0,-4.7,0.0,0.0,7.0,17.0,6.0,-1.0,1.0
2025-12-01,drc,36.0,5.0,1.0,60.7,0.0,0.0,0.0,24.0,1.0,108.0,0.0
2025-12-01,europe_east,943.0,119.0,71.0,1050.6,4.0,5.0,30.0,107.0,46.0,-119.6,8.0
2025-12-01,iran,665.0,69.0,99.0,613.6,5.0,4.0,51.0,121.0,33.0,84.9,10.0
2025-12-01,israel,5200.0,776.0,958.0,-1171.6,29.0,18.0,278.0,910.0,504.0,-2344.5,60.0
2025-12-01,korea,580.0,92.0,60.0,416.2,0.0,0.0,39.0,27.0,11.0,-5.5,0.0
2025-12-01,libya,94.0,2.0,10.0,89.0,0.0,0.0,4.0,0.0,0.0,0.0,0.0
2025-12-01,scs,1557.0,210.0,129.0,1782.6,2.0,11.0,53.0,65.0,11.0,85.6,0.0
2025-12-01,southasia,7370.0,1130.0,867.0,4200.8,22.0,21.0,396.0,43.0,17.0,-64.2,11.0
2025-12-01,sudan,430.0,66.0,78.0,-177.8,0.0,1.0,16.0,8.0,3.0,-6.7,0.0
2025-12-01,taiwan,275.0,52.0,18.0,213.3,0.0,1.0,9.0,56.0,25.0,-38.2,3.0
2025-12-01,ukraine,3109.0,359.0,318.0,3754.9,14.0,24.0,97.0,953.0,313.0,-5.0,37.0
2025-12-01,venezuela,1714.0,409.0,233.0,-298.6,23.0,31.0,101.0,529.0,190.0,84.9,35.0
2025-12-01,yemen,33.0,2.0,2.0,66.4,0.0,0.0,0.0,2.0,0.0,3.4,0.0
2025-12-02,drc,34.0,9.0,13.0,-90.4,0.0,0.0,0.0,32.0,7.0,132.8,0.0
2025-12-02,europe_east,987.0,123.0,95.0,1306.9,3.0,9.0,26.0,118.0,65.0,-236.5,14.0
2025-12-02,iran,638.0,121.0,120.0,-49.1,1.0,3.0,58.0,110.0,31.0,86.8,4.0
2025-12-02,israel,5215.0,724.0,1108.0,-2431.6,20.0,43.0,308.0,1075.0,557.0,-2360.8,77.0
2025-12-02,korea,791.0,123.0,68.0,842.7,4.0,7.0,26.0,95.0,26.0,118.1,1.0
2025-12-02,libya,137.0,13.0,34.0,-86.5,2.0,0.0,17.0,2.0,0.0,8.0,0.0
2025-12-02,scs,1476.0,149.0,134.0,2305.0,4.0,4.0,72.0,25.0,4.0,60.6,1.0
2025-12-02,southasia,8204.0,1432.0,1096.0,1526.1,41.0,48.0,404.0,41.0,25.0,-70.2,8.0
2025-12-02,sudan,335.0,34.0,69.0,-188.4,0.0,0.0,8.0,20.0,17.0,-148.2,0.0
2025-12-02,taiwan,361.0,50.0,46.0,128.2,2.0,2.0,21.0,64.0,22.0,-31.5,2.0
2025-12-02,ukraine,4102.0,431.0,508.0,4258.5,37.0,19.0,174.0,1498.0,553.0,-587.9,104.0
2025-12-02,venezuela,1676.0,345.0,249.0,-268.2,29.0,25.0,91.0,509.0,172.0,86.7,26.0
2025-12-02,yemen,86.0,8.0,24.0,-77.9,0.0,0.0,14.0,34.0,16.0,-90.7,6.0
2025-12-03,drc,34.0,5.0,2.0,24.3,0.0,0.0,0.0,36.0,10.0,105.5,0.0
2025-12-03,europe_east,1093.0,105.0,103.0,1449.4,3.0,1.0,50.0,91.0,35.0,-112.6,14.0
2025-12-03,iran,617.0,103.0,141.0,-207.7,2.0,7.0,66.0,141.0,68.0,-305.9,24.0
2025-12-03,israel,5408.0,702.0,853.0,2064.7,14.0,19.0,258.0,1399.0,502.0,-417.4,58.0
2025-12-03,korea,791.0,111.0,93.0,641.2,0.0,3.0,67.0,46.0,18.0,16.7,8.0
2025-12-03,libya,122.0,9.0,27.0,49.8,2.0,0.0,12.0,0.0,0.0,0.0,0.0
2025-12-03,scs,1392.0,162.0,89.0,1999.1,0.0,4.0,45.0,31.0,15.0,-4.8,0.0
2025-12-03,southasia,9125.0,1427.0,1032.0,5817.0,51.0,27.0,376.0,27.0,16.0,-41.5,3.0
2025-12-03,sudan,741.0,111.0,210.0,-1113.0,3.0,1.0,55.0,28.0,23.0,-176.5,5.0
2025-12-03,taiwan,329.0,30.0,38.0,355.0,1.0,0.0,14.0,111.0,37.0,-1.2,3.0
2025-12-03,ukraine,3240.0,438.0,304.0,4223.1,31.0,13.0,125.0,1210.0,441.0,-425.3,75.0
2025-12-03,venezuela,1231.0,302.0,234.0,-747.4,30.0,14.0,114.0,295.0,138.0,-201.9,36.0
2025-12-03,yemen,451.0,31.0,302.0,-2139.1,1.0,0.0,136.0,57.0,37.0,-200.1,4.0
2025-12-04,drc,94.0,19.0,7.0,150.3,0.0,0.0,2.0,259.0,48.0,890.8,3.0
2025-12-04,europe_east,1134.0,111.0,88.0,1864.3,3.0,3.0,53.0,45.0,18.0,26.8,0.0
2025-12-04,iran,610.0,106.0,87.0,333.9,7.0,3.0,34.0,177.0,78.0,-109.3,11.0
2025-12-04,israel,5082.0,728.0,1017.0,-1270.1,26.0,18.0,275.0,1365.0,573.0,-984.6,63.0
2025-12-04,korea,824.0,98.0,106.0,989.8,0.0,6.0,74.0,68.0,25.0,78.1,14.0
2025-12-04,libya,69.0,9.0,9.0,90.9,0.0,0.0,7.0,0.0,0.0,0.0,0.0
2025-12-04,scs,1309.0,153.0,118.0,1817.8,1.0,0.0,64.0,18.0,4.0,-0.4,3.0
2025-12-04,southasia,9607.0,1344.0,908.0,9072.1,34.0,28.0,488.0,25.0,16.0,-71.3,8.0
2025-12-04,sudan,446.0,60.0,106.0,-368.3,2.0,0.0,19.0,7.0,4.0,-39.0,0.0
2025-12-04,taiwan,360.0,53.0,47.0,231.6,1.0,4.0,32.0,137.0,60.0,-106.0,23.0
2025-12-04,ukraine,3582.0,449.0,446.0,3294.9,21.0,4.0,174.0,1281.0,503.0,-424.8,49.0
2025-12-04,venezuela,1006.0,216.0,161.0,-512.6,17.0,8.0,57.0,230.0,90.0,-129.5,21.0
2025-12-04,yemen,398.0,60.0,72.0,-226.1,5.0,0.0,13.0,93.0,30.0,5.0,1.0
2025-12-05,drc,61.0,5.0,14.0,0.5,0.0,0.0,0.0,185.0,18.0,776.4,0.0
2025-12-05,europe_east,887.0,106.0,82.0,1105.2,1.0,0.0,39.0,102.0,52.0,-114.4,11.0
2025-12-05,iran,480.0,92.0,90.0,-118.3,6.0,1.0,31.0,123.0,59.0,-310.7,8.0
2025-12-05,israel,4110.0,690.0,815.0,-1979.6,23.0,18.0,199.0,985.0,464.0,-1491.8,40.0
2025-12-05,korea,601.0,78.0,76.0,671.1,0.0,2.0,46.0,53.0,26.0,-95.3,10.0
2025-12-05,libya,41.0,2.0,6.0,50.6,0.0,0.0,1.0,0.0,0.0,0.0,0.0
2025-12-05,scs,1217.0,110.0,134.0,1455.9,1.0,3.0,63.0,42.0,7.0,60.6,0.0
2025-12-05,southasia,9351.0,1269.0,929.0,9319.8,24.0,28.0,512.0,14.0,5.0,-17.6,3.0
2025-12-05,sudan,553.0,84.0,79.0,-16.2,4.0,2.0,16.0,15.0,8.0,-45.0,2.0
2025-12-05,taiwan,421.0,76.0,59.0,-44.4,2.0,7.0,35.0,167.0,80.0,-325.1,36.0
2025-12-05,ukraine,2500.0,336.0,316.0,1766.1,7.0,7.0,121.0,860.0,302.0,-205.5,43.0
2025-12-05,venezuela,689.0,140.0,115.0,-267.7,23.0,9.0,34.0,136.0,55.0,-141.5,12.0
2025-12-05,yemen,160.0,22.0,44.0,-239.2,0.0,0.0,5.0,37.0,22.0,-90.7,1.0
2025-12-06,drc,29.0,3.0,8.0,-54.2,0.0,0.0,0.0,51.0,19.0,35.0,0.0
2025-12-06,europe_east,418.0,42.0,62.0,65.2,0.0,1.0,32.0,31.0,12.0,2.0,4.0
2025-12-06,iran,338.0,51.0,62.0,10.1,7.0,3.0,35.0,47.0,20.0,2.4,3.0
2025-12-06,israel,2625.0,409.0,473.0,-446.5,9.0,12.0,111.0,652.0,315.0,-796.5,25.0
2025-12-06,korea,200.0,17.0,18.0,309.9,0.0,1.0,6.0,14.0,1.0,44.4,1.0
2025-12-06,libya,53.0,4.0,11.0,-21.6,0.0,0.0,1.0,0.0,0.0,0.0,0.0
2025-12-06,scs,828.0,76.0,74.0,1380.8,1.0,2.0,50.0,44.0,7.0,78.0,0.0
2025-12-06,southasia,7173.0,1040.0,818.0,4776.8,19.0,26.0,362.0,34.0,9.0,27.9,1.0
2025-12-06,sudan,298.0,49.0,113.0,-850.0,0.0,0.0,4.0,9.0,7.0,-64.3,0.0
2025-12-06,taiwan,209.0,59.0,18.0,35.7,1.0,2.0,4.0,49.0,24.0,-53.0,8.0
2025-12-06,ukraine,1669.0,230.0,240.0,934.0,2.0,8.0,54.0,685.0,291.0,-591.5,22.0
2025-12-06,venezuela,476.0,102.0,81.0,-138.1,6.0,5.0,40.0,98.0,33.0,-5.0,3.0
2025-12-06,yemen,57.0,12.0,8.0,-27.1,0.0,1.0,1.0,13.0,2.0,26.4,0.0
2025-12-07,drc,7.0,1.0,2.0,-4.8,0.0,0.0,0.0,38.0,3.0,162.5,2.0
2025-12-07,europe_east,303.0,27.0,48.0,96.9,0.0,2.0,25.0,31.0,19.0,-88.0,3.0
2025-12-07,iran,346.0,62.0,56.0,68.9,2.0,1.0,19.0,102.0,47.0,-93.1,8.0
2025-12-07,israel,3408.0,520.0,568.0,578.9,9.0,34.0,171.0,802.0,380.0,-881.1,48.0
2025-12-07,korea,259.0,42.0,39.0,165.4,1.0,1.0,21.0,20.0,15.0,-40.9,0.0
2025-12-07,libya,50.0,0.0,4.0,97.7,0.0,0.0,0.0,0.0,0.0,0.0,0.0
2025-12-07,scs,858.0,78.0,80.0,1257.6,3.0,1.0,29.0,22.0,11.0,-36.3,0.0
2025-12-07,southasia,5413.0,750.0,654.0,3556.0,23.0,15.0,265.0,24.0,12.0,-22.6,1.0
2025-12-07,sudan,354.0,57.0,110.0,-716.6,4.0,0.0,13.0,7.0,7.0,-54.0,0.0
2025-12-07,taiwan,255.0,69.0,20.0,48.6,3.0,0.0,4.0,67.0,25.0,-91.3,4.0
2025-12-07,ukraine,1624.0,205.0,256.0,738.2,1.0,15.0,51.0,609.0,270.0,-681.6,11.0
2025-12-07,venezuela,450.0,99.0,63.0,-112.1,6.0,4.0,30.0,90.0,36.0,-98.9,6.0
2025-12-07,yemen,172.0,85.0,27.0,-562.1,2.0,0.0,8.0,42.0,25.0,-144.1,4.0
2025-12-08,drc,50.0,6.0,22.0,-163.0,0.0,1.0,0.0,72.0,10.0,286.7,0.0
2025-12-08,europe_east,885.0,66.0,73.0,1597.5,3.0,6.0,27.0,55.0,21.0,-14.1,5.0
2025-12-08,iran,826.0,125.0,94.0,498.0,3.0,3.0,33.0,173.0,66.0,-119.4,12.0
2025-12-08,israel,4339.0,611.0,834.0,-554.2,17.0,28.0,241.0,906.0,447.0,-1589.2,57.0
2025-12-08,korea,706.0,78.0,70.0,997.7,4.0,3.0,37.0,67.0,20.0,56.2,2.0
2025-12-08,libya,93.0,4.0,6.0,191.9,0.0,0.0,1.0,3.0,0.0,10.2,0.0
2025-12-08,scs,1309.0,150.0,157.0,1381.8,6.0,1.0,85.0,37.0,8.0,44.9,2.0
2025-12-08,southasia,7697.0,1137.0,1004.0,4627.1,5.0,16.0,470.0,24.0,13.0,-55.1,4.0
2025-12-08,sudan,620.0,121.0,172.0,-1076.7,1.0,1.0,22.0,19.0,16.0,-131.5,0.0
2025-12-08,taiwan,388.0,85.0,32.0,206.5,0.0,3.0,20.0,88.0,46.0,-188.7,7.0
2025-12-08,ukraine,3062.0,383.0,304.0,3991.7,3.0,6.0,77.0,783.0,313.0,-423.0,21.0
2025-12-08,venezuela,641.0,91.0,104.0,135.8,1.0,5.0,46.0,111.0,44.0,-21.5,3.0
2025-12-08,yemen,86.0,10.0,26.0,-131.6,0.0,1.0,8.0,52.0,30.0,-193.0,13.0
2025-12-09,drc,78.0,17.0,21.0,-134.4,2.0,0.0,0.0,67.0,26.0,95.3,0.0
2025-12-09,europe_east,887.0,122.0,84.0,1276.1,2.0,2.0,56.0,127.0,83.0,-331.1,25.0
2025-12-09,iran,568.0,67.0,97.0,320.8,7.0,0.0,43.0,138.0,40.0,57.7,12.0
2025-12-09,israel,4286.0,662.0,935.0,-2571.5,16.0,28.0,271.0,989.0,472.0,-1770.4,72.0
2025-12-09,korea,589.0,40.0,58.0,912.6,1.0,5.0,18.0,26.0,4.0,76.0,4.0
2025-12-09,libya,67.0,6.0,7.0,84.8,1.0,0.0,1.0,2.0,0.0,2.0,0.0
2025-12-09,scs,1467.0,191.0,103.0,2302.2,0.0,1.0,70.0,13.0,3.0,-8.1,0.0
2025-12-09,southasia,7709.0,1258.0,861.0,4797.2,15.0,22.0,409.0,18.0,11.0,-32.0,2.0
2025-12-09,sudan,670.0,108.0,194.0,-963.8,5.0,1.0,54.0,12.0,7.0,-51.1,1.0
2025-12-09,taiwan,353.0,43.0,38.0,492.4,1.0,0.0,22.0,143.0,28.0,130.2,5.0
2025-12-09,ukraine,3172.0,391.0,313.0,3404.0,19.0,9.0,76.0,756.0,304.0,-428.0,16.0
2025-12-09,venezuela,855.0,179.0,116.0,-52.4,25.0,3.0,55.0,155.0,65.0,-46.7,18.0
2025-12-09,yemen,133.0,16.0,26.0,-14.0,0.0,1.0,6.0,65.0,13.0,74.3,0.0
2025-12-10,drc,128.0,14.0,37.0,-170.1,0.0,0.0,2.0,105.0,50.0,54.9,0.0
2025-12-10,europe_east,1062.0,112.0,74.0,1637.5,3.0,4.0,34.0,74.0,36.0,-79.2,10.0
2025-12-10,iran,620.0,72.0,140.0,-241.9,4.0,2.0,51.0,103.0,54.0,-138.8,5.0
2025-12-10,israel,4280.0,769.0,801.0,-1829.4,15.0,14.0,253.0,769.0,367.0,-1183.7,55.0
2025-12-10,korea,840.0,119.0,86.0,802.3,0.0,2.0,15.0,80.0,20.0,81.9,0.0
2025-12-10,libya,68.0,3.0,9.0,87.1,0.0,0.0,4.0,2.0,0.0,2.0,0.0
2025-12-10,scs,1316.0,139.0,95.0,2037.5,0.0,2.0,43.0,48.0,8.0,-21.5,0.0
2025-12-10,southasia,8053.0,1112.0,898.0,5986.7,35.0,9.0,459.0,23.0,7.0,36.4,3.0
2025-12-10,sudan,566.0,97.0,176.0,-1249.5,5.0,0.0,38.0,24.0,18.0,-122.0,0.0
2025-12-10,taiwan,313.0,41.0,24.0,368.1,4.0,4.0,10.0,78.0,22.0,93.1,4.0
2025-12-10,ukraine,3083.0,403.0,371.0,3243.9,11.0,17.0,118.0,678.0,247.0,46.5,37.0
2025-12-10,venezuela,1505.0,313.0,226.0,-401.4,38.0,13.0,116.0,294.0,132.0,-197.1,36.0
2025-12-10,yemen,227.0,41.0,29.0,36.0,1.0,0.0,6.0,117.0,23.0,219.7,5.0
2025-12-11,drc,172.0,10.0,29.0,141.2,0.0,0.0,2.0,96.0,33.0,238.4,2.0
2025-12-11,europe_east,1179.0,150.0,141.0,1212.5,5.0,1.0,70.0,117.0,61.0,-194.4,31.0
2025-12-11,iran,876.0,111.0,162.0,189.7,4.0,5.0,64.0,108.0,49.0,-69.2,14.0
2025-12-11,israel,4134.0,709.0,789.0,-2086.9,20.0,9.0,254.0,705.0,372.0,-1448.0,48.0
2025-12-11,korea,816.0,94.0,91.0,1063.7,0.0,4.0,56.0,35.0,7.0,68.5,2.0
2025-12-11,libya,51.0,2.0,8.0,52.9,0.0,0.0,6.0,0.0,0.0,0.0,0.0
2025-12-11,scs,1375.0,147.0,120.0,2202.9,4.0,4.0,69.0,26.0,11.0,-18.7,0.0
2025-12-11,southasia,8174.0,1210.0,959.0,5812.2,14.0,14.0,525.0,15.0,7.0,-20.1,4.0
2025-12-11,sudan,489.0,73.0,88.0,0.5,1.0,0.0,19.0,9.0,7.0,-46.9,0.0
2025-12-11,taiwan,463.0,75.0,37.0,401.3,11.0,1.0,15.0,126.0,46.0,-42.9,11.0
2025-12-11,ukraine,3282.0,410.0,356.0,3748.5,26.0,14.0,124.0,804.0,311.0,-482.3,27.0
2025-12-11,venezuela,2304.0,518.0,334.0,-235.6,28.0,37.0,181.0,562.0,229.0,1.2,39.0
2025-12-11,yemen,182.0,34.0,42.0,-218.7,2.0,0.0,5.0,58.0,15.0,-45.1,2.0
2025-12-12,drc,154.0,13.0,30.0,51.0,0.0,2.0,2.0,63.0,22.0,154.0,0.0
2025-12-12,europe_east,824.0,115.0,95.0,913.7,5.0,6.0,50.0,57.0,36.0,-108.8,12.0
2025-12-12,iran,913.0,128.0,166.0,88.4,2.0,0.0,70.0,137.0,77.0,-348.7,11.0
2025-12-12,israel,3489.0,545.0,717.0,-1400.8,27.0,25.0,231.0,690.0,348.0,-1310.1,53.0
2025-12-12,korea,735.0,88.0,73.0,1047.8,0.0,1.0,45.0,26.0,5.0,74.4,0.0
2025-12-12,libya,101.0,11.0,22.0,3.8,0.0,0.0,3.0,0.0,0.0,0.0,0.0
2025-12-12,scs,1106.0,165.0,92.0,1559.2,2.0,8.0,37.0,54.0,23.0,12.3,0.0
2025-12-12,southasia,7110.0,994.0,897.0,4518.1,27.0,9.0,448.0,13.0,8.0,-46.0,4.0
2025-12-12,sudan,482.0,74.0,125.0,-659.0,2.0,1.0,20.0,12.0,9.0,-60.5,0.0
2025-12-12,taiwan,359.0,64.0,19.0,459.4,0.0,0.0,7.0,80.0,27.0,-8.2,6.0
2025-12-12,ukraine,2747.0,403.0,296.0,2691.8,31.0,12.0,94.0,863.0,353.0,-352.6,52.0
2025-12-12,venezuela,1603.0,369.0,287.0,-908.6,14.0,21.0,149.0,405.0,224.0,-601.4,27.0
2025-12-12,yemen,115.0,24.0,30.0,-155.9,1.0,1.0,7.0,34.0,8.0,12.4,0.0
2025-12-13,drc,130.0,20.0,19.0,-25.9,1.0,1.0,0.0,91.0,22.0,328.9,0.0
2025-12-13,europe_east,437.0,35.0,48.0,664.2,5.0,0.0,25.0,49.0,8.0,114.5,5.0
2025-12-13,iran,816.0,123.0,189.0,-508.6,0.0,1.0,131.0,84.0,36.0,-53.0,3.0
2025-12-13,israel,2297.0,393.0,487.0,-1342.2,24.0,12.0,129.0,561.0,336.0,-1627.2,38.0
2025-12-13,korea,378.0,22.0,47.0,417.3,0.0,7.0,9.0,14.0,2.0,23.6,0.0
2025-12-13,libya,50.0,8.0,16.0,-112.9,0.0,0.0,6.0,0.0,0.0,0.0,0.0
2025-12-13,scs,807.0,108.0,71.0,872.8,1.0,0.0,24.0,124.0,81.0,-391.9,2.0
2025-12-13,southasia,5352.0,697.0,705.0,3403.2,19.0,9.0,380.0,31.0,14.0,-69.4,6.0
2025-12-13,sudan,336.0,56.0,114.0,-617.1,2.0,4.0,8.0,13.0,9.0,-48.0,0.0
2025-12-13,taiwan,245.0,55.0,26.0,162.4,2.0,0.0,15.0,33.0,16.0,-19.6,0.0
2025-12-13,ukraine,2554.0,287.0,269.0,4129.3,25.0,3.0,113.0,716.0,345.0,-789.7,37.0
2025-12-13,venezuela,846.0,181.0,147.0,-209.4,16.0,7.0,86.0,167.0,77.0,-127.8,7.0
2025-12-13,yemen,53.0,8.0,18.0,-139.3,2.0,0.0,1.0,23.0,4.0,24.6,0.0
2025-12-14,drc,66.0,5.0,6.0,93.7,3.0,0.0,0.0,22.0,7.0,71.2,0.0
2025-12-14,europe_east,543.0,37.0,53.0,850.3,0.0,0.0,27.0,53.0,15.0,102.1,10.0
2025-12-14,iran,645.0,127.0,149.0,-639.4,2.0,0.0,61.0,111.0,51.0,-91.3,0.0
2025-12-14,israel,2995.0,637.0,710.0,-4313.3,22.0,7.0,120.0,633.0,347.0,-1435.5,37.0
2025-12-14,korea,386.0,25.0,53.0,598.2,1.0,7.0,23.0,5.0,5.0,-45.0,0.0
2025-12-14,libya,88.0,2.0,24.0,-22.9,0.0,0.0,6.0,0.0,0.0,0.0,0.0
2025-12-14,scs,725.0,95.0,67.0,843.3,0.0,5.0,33.0,68.0,43.0,-152.9,2.0
2025-12-14,southasia,4643.0,661.0,611.0,1927.2,17.0,10.0,258.0,10.0,1.0,17.4,0.0
2025-12-14,sudan,385.0,77.0,108.0,-496.0,0.0,3.0,4.0,8.0,6.0,-15.2,0.0
2025-12-14,taiwan,186.0,40.0,30.0,74.0,1.0,1.0,15.0,31.0,18.0,-22.2,1.0
2025-12-14,ukraine,2105.0,228.0,222.0,3535.7,5.0,4.0,87.0,533.0,253.0,-284.4,13.0
2025-12-14,venezuela,451.0,79.0,60.0,209.6,1.0,5.0,19.0,75.0,29.0,57.3,1.0
2025-12-14,yemen,25.0,5.0,5.0,-34.2,2.0,0.0,1.0,9.0,4.0,-12.2,0.0
2025-12-15,drc,50.0,8.0,4.0,2.3,7.0,0.0,3.0,24.0,6.0,50.6,0.0
2025-12-15,europe_east,907.0,98.0,75.0,1705.3,1.0,8.0,36.0,105.0,24.0,156.9,11.0
2025-12-15,iran,988.0,198.0,201.0,-626.6,4.0,0.0,81.0,116.0,43.0,-86.4,2.0
2025-12-15,israel,4373.0,809.0,929.0,-3651.3,34.0,10.0,232.0,828.0,427.0,-1708.4,54.0
2025-12-15,korea,776.0,93.0,122.0,477.5,1.0,1.0,68.0,23.0,10.0,5.2,1.0
2025-12-15,libya,41.0,3.0,8.0,15.5,0.0,3.0,1.0,0.0,0.0,0.0,0.0
2025-12-15,scs,1361.0,170.0,115.0,1825.7,3.0,13.0,40.0,98.0,66.0,-291.9,1.0
2025-12-15,southasia,6977.0,918.0,934.0,3860.0,17.0,17.0,312.0,28.0,22.0,-162.7,0.0
2025-12-15,sudan,532.0,87.0,110.0,-175.3,1.0,0.0,16.0,15.0,7.0,-17.2,0.0
2025-12-15,taiwan,317.0,41.0,32.0,266.8,3.0,1.0,21.0,77.0,20.0,48.0,2.0
2025-12-15,ukraine,3277.0,377.0,292.0,5537.0,21.0,10.0,111.0,755.0,316.0,65.5,25.0
2025-12-15,venezuela,688.0,168.0,116.0,-455.5,5.0,14.0,42.0,125.0,56.0,-46.2,3.0
2025-12-15,yemen,66.0,15.0,21.0,-168.5,0.0,0.0,0.0,18.0,10.0,-35.6,0.0
2025-12-16,drc,101.0,11.0,19.0,3.1,0.0,0.0,1.0,48.0,11.0,152.9,0.0
2025-12-16,europe_east,1158.0,96.0,86.0,2190.2,13.0,5.0,44.0,76.0,23.0,65.3,7.0
2025-12-16,iran,686.0,109.0,164.0,-440.6,1.0,2.0,75.0,78.0,36.0,-58.4,5.0
2025-12-16,israel,3928.0,747.0,816.0,-3076.5,27.0,12.0,234.0,644.0,333.0,-1506.4,31.0
2025-12-16,korea,717.0,62.0,72.0,908.8,4.0,0.0,29.0,69.0,12.0,98.7,0.0
2025-12-16,libya,48.0,3.0,6.0,118.7,0.0,0.0,3.0,0.0,0.0,0.0,0.0
2025-12-16,scs,1895.0,231.0,246.0,633.3,0.0,5.0,44.0,87.0,57.0,-222.4,2.0
2025-12-16,southasia,7500.0,1027.0,897.0,5223.0,18.0,14.0,326.0,62.0,24.0,-91.2,1.0
2025-12-16,sudan,396.0,54.0,53.0,204.1,0.0,1.0,15.0,13.0,7.0,-24.5,0.0
2025-12-16,taiwan,347.0,41.0,47.0,282.0,6.0,0.0,30.0,79.0,29.0,-65.9,1.0
2025-12-16,ukraine,2821.0,367.0,303.0,3528.9,22.0,20.0,89.0,865.0,348.0,-390.5,22.0
2025-12-16,venezuela,822.0,216.0,162.0,-847.2,11.0,22.0,73.0,182.0,83.0,-145.5,13.0
2025-12-16,yemen,56.0,7.0,5.0,42.1,0.0,0.0,0.0,25.0,11.0,-14.9,1.0
2025-12-17,drc,97.0,14.0,15.0,72.8,0.0,0.0,3.0,46.0,3.0,240.0,0.0
2025-12-17,europe_east,800.0,90.0,104.0,723.5,7.0,4.0,56.0,71.0,29.0,-130.0,3.0
2025-12-17,iran,1214.0,189.0,217.0,-130.7,13.0,2.0,97.0,241.0,97.0,-78.0,15.0
2025-12-17,israel,4350.0,850.0,894.0,-3591.2,37.0,13.0,301.0,814.0,454.0,-1964.1,73.0
2025-12-17,korea,721.0,124.0,100.0,260.5,1.0,4.0,53.0,81.0,25.0,69.2,3.0
2025-12-17,libya,61.0,5.0,10.0,118.5,0.0,0.0,6.0,0.0,0.0,0.0,0.0
2025-12-17,scs,1679.0,219.0,215.0,815.6,1.0,1.0,50.0,57.0,23.0,35.6,0.0
2025-12-17,southasia,7576.0,1321.0,997.0,1891.6,36.0,17.0,418.0,44.0,21.0,-106.3,1.0
2025-12-17,sudan,347.0,43.0,60.0,50.1,0.0,2.0,20.0,1.0,1.0,-5.0,1.0
2025-12-17,taiwan,443.0,62.0,55.0,272.8,4.0,0.0,39.0,125.0,39.0,-89.6,5.0
2025-12-17,ukraine,2130.0,321.0,257.0,1676.7,18.0,19.0,71.0,674.0,306.0,-486.8,39.0
2025-12-17,venezuela,1604.0,394.0,216.0,-98.0,16.0,14.0,113.0,501.0,154.0,193.1,15.0
2025-12-17,yemen,146.0,13.0,62.0,-425.2,3.0,0.0,9.0,21.0,12.0,-37.3,5.0
2025-12-18,drc,49.0,11.0,2.0,122.8,0.0,0.0,0.0,24.0,11.0,47.9,0.0
2025-12-18,europe_east,1358.0,199.0,180.0,892.6,5.0,1.0,87.0,158.0,75.0,-328.2,20.0
2025-12-18,iran,592.0,107.0,132.0,-501.4,7.0,2.0,44.0,179.0,81.0,-227.2,10.0
2025-12-18,israel,4361.0,767.0,802.0,-1413.6,25.0,18.0,272.0,703.0,361.0,-1516.4,43.0
2025-12-18,korea,573.0,79.0,27.0,1211.8,4.0,0.0,19.0,30.0,4.0,111.0,0.0
2025-12-18,libya,101.0,8.0,6.0,186.2,4.0,0.0,5.0,1.0,0.0,1.0,0.0
2025-12-18,scs,1638.0,200.0,188.0,1599.6,6.0,6.0,69.0,76.0,33.0,-51.9,2.0
2025-12-18,southasia,7392.0,1232.0,821.0,4593.2,43.0,18.0,367.0,26.0,11.0,-14.8,0.0
2025-12-18,sudan,666.0,124.0,176.0,-833.7,0.0,5.0,22.0,17.0,13.0,-112.6,0.0
2025-12-18,taiwan,655.0,91.0,49.0,1118.6,3.0,5.0,18.0,164.0,51.0,116.5,9.0
2025-12-18,ukraine,2314.0,316.0,323.0,2095.3,19.0,27.0,115.0,691.0,326.0,-625.3,71.0
2025-12-18,venezuela,1596.0,322.0,236.0,5.1,20.0,16.0,103.0,366.0,141.0,-14.4,14.0
2025-12-18,yemen,137.0,20.0,38.0,-204.9,3.0,1.0,13.0,21.0,4.0,48.1,0.0
2025-12-19,drc,40.0,1.0,8.0,42.8,0.0,0.0,2.0,26.0,8.0,39.0,0.0
2025-12-19,europe_east,1238.0,130.0,165.0,1295.5,3.0,5.0,101.0,133.0,56.0,-128.2,6.0
2025-12-19,iran,576.0,78.0,121.0,-241.8,3.0,3.0,46.0,165.0,65.0,-102.4,8.0
2025-12-19,israel,3714.0,589.0,650.0,-67.1,20.0,9.0,233.0,721.0,307.0,-665.3,38.0
2025-12-19,korea,540.0,45.0,72.0,503.1,2.0,5.0,41.0,11.0,2.0,27.0,0.0
2025-12-19,libya,52.0,7.0,7.0,21.1,0.0,0.0,2.0,0.0,0.0,0.0,0.0
2025-12-19,scs,1546.0,151.0,212.0,1172.7,0.0,6.0,90.0,11.0,6.0,-7.2,2.0
2025-12-19,southasia,7166.0,1263.0,846.0,3318.9,22.0,14.0,377.0,29.0,14.0,1.7,0.0
2025-12-19,sudan,532.0,74.0,116.0,-329.4,7.0,7.0,17.0,3.0,1.0,-4.0,0.0
2025-12-19,taiwan,577.0,105.0,69.0,256.9,3.0,7.0,21.0,148.0,62.0,-68.4,12.0
2025-12-19,ukraine,2378.0,257.0,245.0,3218.9,15.0,17.0,59.0,665.0,259.0,-138.2,37.0
2025-12-19,venezuela,816.0,184.0,116.0,-96.9,15.0,10.0,61.0,236.0,116.0,-213.4,21.0
2025-12-19,yemen,102.0,22.0,20.0,22.6,1.0,0.0,7.0,22.0,5.0,16.8,0.0
2025-12-20,drc,30.0,9.0,0.0,103.8,0.0,0.0,0.0,19.0,5.0,29.4,0.0
2025-12-20,europe_east,522.0,66.0,67.0,283.6,8.0,1.0,38.0,59.0,16.0,41.5,6.0
2025-12-20,iran,693.0,123.0,131.0,-261.6,10.0,1.0,54.0,358.0,134.0,-28.6,32.0
2025-12-20,israel,3039.0,421.0,624.0,-1025.1,22.0,10.0,154.0,832.0,380.0,-1255.0,61.0
2025-12-20,korea,145.0,27.0,13.0,92.1,0.0,0.0,1.0,9.0,0.0,37.0,0.0
2025-12-20,libya,98.0,11.0,13.0,60.5,0.0,0.0,1.0,0.0,0.0,0.0,0.0
2025-12-20,scs,1015.0,133.0,98.0,833.8,4.0,1.0,43.0,22.0,4.0,50.9,0.0
2025-12-20,southasia,5427.0,1024.0,666.0,1516.7,13.0,10.0,358.0,15.0,10.0,-41.4,1.0
2025-12-20,sudan,273.0,44.0,57.0,-98.0,0.0,3.0,15.0,2.0,0.0,10.0,0.0
2025-12-20,taiwan,278.0,42.0,43.0,-22.8,5.0,2.0,14.0,45.0,20.0,-68.4,4.0
2025-12-20,ukraine,1593.0,170.0,192.0,1812.5,28.0,2.0,43.0,563.0,207.0,-160.2,21.0
2025-12-20,venezuela,706.0,164.0,138.0,-559.0,8.0,6.0,75.0,250.0,131.0,-399.4,21.0
2025-12-20,yemen,82.0,5.0,53.0,-465.8,0.0,0.0,3.0,8.0,7.0,-64.0,0.0
2025-12-21,drc,14.0,5.0,0.0,53.4,0.0,0.0,0.0,9.0,0.0,27.1,0.0
2025-12-21,europe_east,210.0,29.0,31.0,177.1,2.0,0.0,17.0,12.0,4.0,6.4,0.0
2025-12-21,iran,514.0,100.0,83.0,-123.5,7.0,0.0,36.0,230.0,87.0,-182.4,16.0
2025-12-21,israel,2856.0,444.0,665.0,-2290.4,16.0,15.0,180.0,804.0,424.0,-2061.2,66.0
2025-12-21,korea,366.0,65.0,38.0,220.5,0.0,5.0,17.0,48.0,8.0,111.8,0.0
2025-12-21,libya,47.0,3.0,7.0,37.8,0.0,0.0,4.0,0.0,0.0,0.0,0.0
2025-12-21,scs,841.0,97.0,70.0,710.6,3.0,4.0,19.0,22.0,7.0,-20.6,4.0
2025-12-21,southasia,4319.0,673.0,552.0,1621.2,8.0,14.0,225.0,11.0,5.0,-12.2,4.0
2025-12-21,sudan,297.0,22.0,75.0,-44.9,0.0,7.0,22.0,13.0,2.0,7.6,0.0
2025-12-21,taiwan,183.0,28.0,25.0,39.4,1.0,1.0,7.0,28.0,9.0,7.3,2.0
2025-12-21,ukraine,1585.0,157.0,181.0,1681.3,12.0,10.0,54.0,630.0,230.0,-225.8,12.0
2025-12-21,venezuela,877.0,209.0,126.0,-316.8,3.0,12.0,74.0,308.0,129.0,-261.4,47.0
2025-12-21,yemen,51.0,6.0,8.0,-37.7,2.0,0.0,1.0,19.0,2.0,10.7,0.0
2025-12-22,drc,61.0,4.0,7.0,141.6,0.0,0.0,1.0,16.0,7.0,-24.5,0.0
2025-12-22,europe_east,569.0,78.0,76.0,605.9,0.0,1.0,42.0,24.0,14.0,-66.4,2.0
2025-12-22,iran,801.0,118.0,166.0,-397.2,15.0,1.0,60.0,312.0,143.0,-463.9,22.0
2025-12-22,israel,3842.0,706.0,773.0,-2636.8,17.0,12.0,181.0,972.0,489.0,-2183.9,58.0
2025-12-22,korea,583.0,75.0,50.0,686.6,1.0,0.0,31.0,46.0,9.0,110.8,1.0
2025-12-22,libya,104.0,2.0,17.0,129.3,0.0,0.0,9.0,0.0,0.0,0.0,0.0
2025-12-22,scs,1293.0,140.0,160.0,1256.5,5.0,4.0,74.0,24.0,12.0,-54.6,2.0
2025-12-22,southasia,6637.0,1043.0,791.0,3879.2,14.0,28.0,360.0,22.0,4.0,40.5,0.0
2025-12-22,sudan,437.0,34.0,110.0,-307.0,4.0,10.0,19.0,9.0,6.0,-43.7,0.0
2025-12-22,taiwan,380.0,67.0,36.0,257.0,7.0,8.0,6.0,59.0,20.0,34.1,2.0
2025-12-22,ukraine,2327.0,237.0,443.0,163.2,7.0,12.0,87.0,940.0,417.0,-1273.5,36.0
2025-12-22,venezuela,1203.0,259.0,151.0,337.8,12.0,2.0,105.0,307.0,122.0,-29.8,25.0
2025-12-22,yemen,40.0,2.0,18.0,-113.4,0.0,0.0,5.0,15.0,7.0,-46.2,1.0
2025-12-23,drc,63.0,8.0,16.0,-55.1,0.0,0.0,2.0,13.0,4.0,15.7,0.0
2025-12-23,europe_east,713.0,77.0,118.0,510.6,2.0,3.0,56.0,74.0,45.0,-191.4,14.0
2025-12-23,iran,552.0,86.0,89.0,244.4,9.0,4.0,32.0,192.0,69.0,-121.2,6.0
2025-12-23,israel,4218.0,868.0,1000.0,-4972.5,37.0,15.0,399.0,902.0,449.0,-1877.3,54.0
2025-12-23,korea,616.0,83.0,53.0,757.9,0.0,1.0,34.0,61.0,32.0,3.9,14.0
2025-12-23,libya,336.0,12.0,43.0,542.0,0.0,4.0,9.0,12.0,0.0,68.0,0.0
2025-12-23,scs,1134.0,124.0,146.0,1078.8,1.0,6.0,58.0,29.0,5.0,59.9,3.0
2025-12-23,southasia,7626.0,1415.0,1046.0,1188.2,44.0,23.0,445.0,21.0,8.0,-29.9,3.0
2025-12-23,sudan,497.0,56.0,86.0,38.0,11.0,0.0,21.0,8.0,8.0,-62.5,0.0
2025-12-23,taiwan,266.0,43.0,22.0,366.7,0.0,2.0,8.0,27.0,13.0,-28.6,6.0
2025-12-23,ukraine,1962.0,241.0,437.0,-655.9,22.0,7.0,60.0,766.0,442.0,-2293.3,33.0
2025-12-23,venezuela,1464.0,320.0,212.0,37.6,8.0,14.0,120.0,364.0,168.0,-249.3,30.0
2025-12-23,yemen,201.0,10.0,21.0,323.0,3.0,0.0,5.0,24.0,0.0,52.8,0.0
2025-12-24,drc,31.0,3.0,6.0,-22.7,0.0,0.0,1.0,19.0,12.0,-70.5,0.0
2025-12-24,europe_east,414.0,49.0,46.0,343.3,0.0,3.0,24.0,29.0,13.0,-35.2,2.0
2025-12-24,iran,594.0,107.0,96.0,-109.1,12.0,3.0,22.0,210.0,71.0,-8.0,6.0
2025-12-24,israel,4303.0,803.0,874.0,-2843.1,45.0,17.0,329.0,869.0,396.0,-1241.8,69.0
2025-12-24,korea,682.0,65.0,72.0,1071.6,5.0,6.0,32.0,61.0,14.0,144.9,8.0
2025-12-24,libya,519.0,7.0,38.0,829.5,1.0,2.0,5.0,33.0,4.0,46.1,1.0
2025-12-24,scs,773.0,69.0,115.0,677.2,1.0,5.0,47.0,29.0,13.0,-10.5,0.0
2025-12-24,southasia,6884.0,1021.0,898.0,3085.6,13.0,22.0,408.0,28.0,8.0,-10.6,3.0
2025-12-24,sudan,264.0,26.0,33.0,132.9,4.0,3.0,7.0,1.0,1.0,-2.0,0.0
2025-12-24,taiwan,354.0,54.0,54.0,95.1,1.0,1.0,30.0,131.0,61.0,-100.7,10.0
2025-12-24,ukraine,2238.0,261.0,325.0,2222.7,9.0,15.0,62.0,905.0,417.0,-824.9,27.0
2025-12-24,venezuela,1010.0,255.0,177.0,-589.9,11.0,19.0,95.0,177.0,91.0,-282.4,6.0
2025-12-24,yemen,146.0,5.0,18.0,260.9,1.0,0.0,4.0,34.0,11.0,-20.2,8.0
2025-12-25,drc,14.0,0.0,1.0,13.4,0.0,0.0,0.0,0.0,0.0,0.0,0.0
2025-12-25,europe_east,295.0,24.0,67.0,-76.3,1.0,4.0,22.0,58.0,44.0,-226.4,18.0
2025-12-25,iran,607.0,64.0,143.0,-371.5,5.0,0.0,50.0,259.0,129.0,-550.4,53.0
2025-12-25,israel,3128.0,517.0,694.0,-2918.9,25.0,10.0,230.0,918.0,458.0,-1736.5,103.0
2025-12-25,korea,587.0,75.0,51.0,805.7,2.0,4.0,10.0,110.0,58.0,-21.2,4.0
2025-12-25,libya,132.0,2.0,19.0,181.4,0.0,5.0,2.0,5.0,0.0,18.6,0.0
2025-12-25,scs,654.0,54.0,56.0,941.9,0.0,2.0,22.0,21.0,11.0,-75.0,0.0
2025-12-25,southasia,5563.0,776.0,726.0,2025.1,12.0,17.0,235.0,21.0,6.0,-0.2,0.0
2025-12-25,sudan,169.0,16.0,14.0,334.8,0.0,1.0,5.0,0.0,0.0,0.0,0.0
2025-12-25,taiwan,143.0,25.0,12.0,117.1,2.0,0.0,7.0,74.0,49.0,-100.8,5.0
2025-12-25,ukraine,1532.0,199.0,264.0,417.8,12.0,6.0,58.0,645.0,288.0,-622.0,31.0
2025-12-25,venezuela,377.0,69.0,65.0,-76.3,3.0,7.0,34.0,80.0,38.0,-90.7,1.0
2025-12-25,yemen,191.0,17.0,15.0,393.0,1.0,0.0,2.0,75.0,28.0,16.1,3.0
2025-12-26,drc,15.0,0.0,5.0,-39.1,0.0,0.0,1.0,2.0,2.0,-19.0,0.0
2025-12-26,europe_east,333.0,58.0,54.0,46.4,0.0,4.0,23.0,40.0,31.0,-151.5,14.0
2025-12-26,iran,415.0,63.0,105.0,-471.3,3.0,2.0,22.0,162.0,81.0,-462.3,12.0
2025-12-26,israel,3158.0,523.0,799.0,-3526.7,29.0,21.0,191.0,760.0,419.0,-2247.8,56.0
2025-12-26,korea,632.0,88.0,83.0,437.5,2.0,1.0,58.0,82.0,35.0,-50.6,3.0
2025-12-26,libya,128.0,9.0,12.0,255.3,0.0,0.0,3.0,6.0,5.0,-33.8,4.0
2025-12-26,scs,832.0,82.0,106.0,671.8,0.0,2.0,68.0,48.0,6.0,222.2,0.0
2025-12-26,southasia,6505.0,1051.0,883.0,1482.3,17.0,17.0,348.0,19.0,5.0,21.9,0.0
2025-12-26,sudan,245.0,38.0,40.0,-10.1,4.0,0.0,0.0,4.0,1.0,-6.0,0.0
2025-12-26,taiwan,292.0,57.0,51.0,45.6,0.0,1.0,40.0,96.0,44.0,-46.0,1.0
2025-12-26,ukraine,2191.0,209.0,242.0,2865.6,6.0,16.0,56.0,794.0,280.0,109.3,18.0
2025-12-26,venezuela,438.0,81.0,63.0,37.9,1.0,1.0,31.0,97.0,53.0,-133.0,13.0
2025-12-26,yemen,214.0,54.0,43.0,-253.1,2.0,1.0,7.0,92.0,44.0,-30.8,0.0
2025-12-27,drc,15.0,4.0,0.0,47.8,0.0,0.0,0.0,6.0,0.0,14.1,0.0
2025-12-27,europe_east,319.0,51.0,65.0,-53.7,4.0,8.0,21.0,42.0,30.0,-239.8,8.0
2025-12-27,iran,508.0,80.0,120.0,-345.9,3.0,0.0,48.0,196.0,91.0,-244.4,16.0
2025-12-27,israel,2720.0,538.0,597.0,-2210.0,13.0,14.0,163.0,464.0,260.0,-1126.1,39.0
2025-12-27,korea,378.0,47.0,49.0,353.1,1.0,4.0,22.0,45.0,10.0,23.6,0.0
2025-12-27,libya,130.0,6.0,8.0,208.3,0.0,0.0,0.0,6.0,1.0,9.0,0.0
2025-12-27,scs,656.0,69.0,81.0,305.9,1.0,8.0,29.0,21.0,7.0,-2.8,0.0
2025-12-27,southasia,6139.0,1055.0,866.0,934.7,8.0,15.0,362.0,19.0,6.0,-14.2,5.0
2025-12-27,sudan,141.0,26.0,26.0,-192.4,1.0,0.0,1.0,12.0,3.0,9.0,0.0
2025-12-27,taiwan,262.0,24.0,31.0,332.2,1.0,5.0,21.0,67.0,21.0,17.0,1.0
2025-12-27,ukraine,2317.0,261.0,324.0,1903.5,14.0,18.0,42.0,900.0,405.0,-936.9,22.0
2025-12-27,venezuela,223.0,62.0,47.0,-268.8,2.0,0.0,20.0,45.0,29.0,-92.0,10.0
2025-12-27,yemen,211.0,36.0,38.0,-111.5,4.0,2.0,5.0,92.0,47.0,-93.1,0.0
2025-12-28,drc,16.0,4.0,3.0,-8.3,0.0,0.0,1.0,9.0,9.0,-72.5,0.0
2025-12-28,europe_east,361.0,29.0,44.0,588.9,0.0,0.0,11.0,36.0,19.0,-101.4,1.0
2025-12-28,iran,601.0,105.0,116.0,-363.7,12.0,1.0,38.0,255.0,105.0,-167.6,8.0
2025-12-28,israel,2893.0,537.0,596.0,-1535.4,14.0,15.0,157.0,685.0,344.0,-1103.4,45.0
2025-12-28,korea,328.0,45.0,47.0,248.2,0.0,4.0,20.0,17.0,3.0,17.3,0.0
2025-12-28,libya,48.0,4.0,9.0,18.1,0.0,0.0,1.0,1.0,1.0,-10.0,0.0
2025-12-28,scs,697.0,86.0,61.0,1012.3,3.0,1.0,37.0,30.0,7.0,-2.6,0.0
2025-12-28,southasia,5270.0,893.0,799.0,-10.2,12.0,15.0,303.0,7.0,5.0,-27.7,0.0
2025-12-28,sudan,127.0,21.0,28.0,-119.2,0.0,4.0,8.0,1.0,0.0,0.0,0.0
2025-12-28,taiwan,199.0,23.0,13.0,199.2,2.0,3.0,6.0,62.0,10.0,71.5,3.0
2025-12-28,ukraine,2837.0,308.0,257.0,4122.4,17.0,10.0,33.0,1092.0,437.0,-489.6,19.0
2025-12-28,venezuela,214.0,59.0,33.0,-41.9,5.0,0.0,18.0,33.0,10.0,62.6,2.0
2025-12-28,yemen,205.0,27.0,26.0,155.6,1.0,0.0,4.0,45.0,13.0,37.1,0.0
2025-12-29,drc,5.0,2.0,2.0,-23.8,0.0,0.0,0.0,36.0,9.0,99.4,0.0
2025-12-29,europe_east,487.0,42.0,55.0,542.4,7.0,1.0,27.0,32.0,12.0,-8.6,6.0
2025-12-29,iran,1011.0,176.0,129.0,42.4,26.0,0.0,37.0,598.0,222.0,-366.7,21.0
2025-12-29,israel,4407.0,727.0,616.0,1392.8,37.0,27.0,142.0,1178.0,491.0,-1163.4,50.0
2025-12-29,korea,717.0,129.0,109.0,54.2,5.0,3.0,48.0,65.0,29.0,-52.7,1.0
2025-12-29,libya,95.0,3.0,8.0,166.8,0.0,2.0,2.0,2.0,0.0,3.0,0.0
2025-12-29,scs,940.0,85.0,107.0,1433.7,3.0,4.0,64.0,17.0,6.0,20.2,4.0
2025-12-29,southasia,7586.0,1252.0,1135.0,308.3,9.0,19.0,422.0,30.0,11.0,6.9,0.0
2025-12-29,sudan,260.0,28.0,34.0,223.7,0.0,0.0,11.0,12.0,5.0,-21.0,0.0
2025-12-29,taiwan,824.0,191.0,181.0,-870.3,4.0,27.0,23.0,451.0,260.0,-817.2,68.0
2025-12-29,ukraine,4181.0,539.0,344.0,5479.9,24.0,11.0,56.0,1645.0,631.0,-365.8,34.0
2025-12-29,venezuela,648.0,175.0,92.0,-264.2,3.0,10.0,41.0,211.0,93.0,-251.9,4.0
2025-12-29,yemen,204.0,43.0,32.0,-95.8,7.0,0.0,7.0,75.0,48.0,-177.2,3.0
2025-12-30,drc,48.0,4.0,7.0,80.2,0.0,0.0,3.0,8.0,2.0,40.0,0.0
2025-12-30,europe_east,635.0,66.0,87.0,529.5,0.0,6.0,21.0,84.0,18.0,107.8,8.0
2025-12-30,iran,1271.0,304.0,146.0,-71.7,46.0,6.0,42.0,610.0,232.0,-455.9,37.0
2025-12-30,israel,4746.0,911.0,707.0,-273.1,52.0,11.0,191.0,1172.0,508.0,-1455.6,60.0
2025-12-30,korea,677.0,87.0,61.0,884.6,6.0,1.0,22.0,43.0,15.0,-1.2,7.0
2025-12-30,libya,123.0,17.0,9.0,73.0,0.0,0.0,6.0,0.0,0.0,0.0,0.0
2025-12-30,scs,1061.0,109.0,139.0,844.4,3.0,4.0,51.0,17.0,0.0,48.9,0.0
2025-12-30,southasia,6949.0,1061.0,1028.0,1655.2,10.0,30.0,380.0,8.0,1.0,22.1,0.0
2025-12-30,sudan,306.0,54.0,69.0,-271.8,3.0,0.0,18.0,1.0,1.0,-2.0,0.0
2025-12-30,taiwan,847.0,156.0,172.0,-622.9,6.0,10.0,22.0,451.0,196.0,-609.0,62.0
2025-12-30,ukraine,2833.0,452.0,402.0,870.4,17.0,15.0,61.0,1135.0,515.0,-679.1,34.0
2025-12-30,venezuela,846.0,201.0,123.0,-352.5,11.0,10.0,48.0,230.0,112.0,-230.3,13.0
2025-12-30,yemen,756.0,161.0,119.0,-402.2,4.0,6.0,29.0,422.0,170.0,-152.2,14.0
2025-12-31,drc,58.0,7.0,16.0,-68.1,2.0,1.0,1.0,18.0,10.0,7.6,0.0
2025-12-31,europe_east,659.0,50.0,109.0,418.7,0.0,5.0,46.0,101.0,24.0,248.3,9.0
2025-12-31,iran,892.0,243.0,139.0,-806.8,14.0,2.0,48.0,318.0,125.0,-158.6,10.0
2025-12-31,israel,3469.0,679.0,684.0,-2046.3,22.0,7.0,207.0,841.0,440.0,-1787.0,55.0
2025-12-31,korea,597.0,62.0,51.0,912.2,0.0,0.0,20.0,51.0,15.0,78.7,0.0
2025-12-31,libya,33.0,9.0,2.0,20.7,0.0,0.0,0.0,1.0,0.0,5.0,0.0
2025-12-31,scs,812.0,74.0,119.0,753.1,0.0,0.0,63.0,52.0,15.0,62.0,4.0
2025-12-31,southasia,6850.0,1054.0,838.0,3679.2,4.0,30.0,359.0,20.0,11.0,-27.4,3.0
2025-12-31,sudan,388.0,40.0,57.0,402.0,0.0,1.0,28.0,0.0,0.0,0.0,0.0
2025-12-31,taiwan,596.0,113.0,96.0,-297.1,7.0,9.0,20.0,276.0,109.0,-210.8,28.0
2025-12-31,ukraine,2138.0,317.0,379.0,-79.5,22.0,14.0,48.0,956.0,500.0,-1799.6,41.0
2025-12-31,venezuela,705.0,159.0,136.0,-689.7,5.0,9.0,44.0,187.0,66.0,-50.7,19.0
2025-12-31,yemen,456.0,87.0,54.0,169.6,2.0,0.0,16.0,216.0,83.0,70.0,20.0
