day,theatre,loc_all,loc_q3,loc_q4,loc_gold,loc_mil138,loc_mob,loc_coerce,dy_all,dy_q34,dy_gold,dy_force
2026-01-01,drc,11.0,3.0,1.0,7.8,0.0,0.0,0.0,14.0,6.0,4.7,0.0
2026-01-01,europe_east,411.0,41.0,45.0,302.2,0.0,1.0,21.0,41.0,15.0,-17.4,8.0
2026-01-01,iran,683.0,132.0,224.0,-1771.1,7.0,3.0,57.0,140.0,78.0,-401.0,8.0
2026-01-01,israel,2619.0,430.0,475.0,-696.8,12.0,7.0,181.0,533.0,271.0,-1023.8,52.0
2026-01-01,korea,411.0,36.0,32.0,839.2,0.0,0.0,18.0,73.0,12.0,144.1,2.0
2026-01-01,libya,28.0,0.0,2.0,63.7,0.0,1.0,1.0,1.0,0.0,5.0,0.0
2026-01-01,scs,661.0,89.0,86.0,485.9,0.0,1.0,51.0,43.0,19.0,-58.7,0.0
2026-01-01,southasia,5775.0,774.0,744.0,2959.8,6.0,47.0,254.0,42.0,15.0,13.9,10.0
2026-01-01,sudan,256.0,31.0,35.0,41.1,0.0,0.0,9.0,3.0,1.0,6.6,0.0
2026-01-01,taiwan,486.0,80.0,65.0,43.4,11.0,7.0,15.0,244.0,94.0,-188.2,29.0
2026-01-01,ukraine,1874.0,299.0,382.0,-786.7,9.0,11.0,40.0,851.0,469.0,-1658.2,22.0
2026-01-01,venezuela,442.0,124.0,82.0,-431.9,2.0,3.0,45.0,95.0,45.0,-88.8,21.0
2026-01-01,yemen,270.0,42.0,40.0,-28.6,2.0,2.0,2.0,102.0,45.0,-16.9,1.0
2026-01-02,drc,6.0,0.0,3.0,-13.8,0.0,0.0,0.0,20.0,10.0,32.7,0.0
2026-01-02,europe_east,425.0,49.0,57.0,199.3,0.0,2.0,32.0,34.0,10.0,46.4,4.0
2026-01-02,iran,1485.0,469.0,401.0,-3854.8,18.0,8.0,78.0,357.0,188.0,-363.4,20.0
2026-01-02,israel,3217.0,600.0,677.0,-2436.5,16.0,3.0,213.0,704.0,352.0,-1090.4,55.0
2026-01-02,korea,799.0,78.0,48.0,1437.3,0.0,0.0,35.0,124.0,19.0,239.9,10.0
2026-01-02,libya,83.0,7.0,4.0,121.3,0.0,0.0,0.0,0.0,0.0,0.0,0.0
2026-01-02,scs,669.0,57.0,75.0,704.6,0.0,6.0,25.0,24.0,6.0,21.0,0.0
2026-01-02,southasia,5606.0,946.0,735.0,1882.2,10.0,39.0,316.0,20.0,9.0,27.0,5.0
2026-01-02,sudan,242.0,35.0,59.0,-278.4,1.0,0.0,18.0,5.0,1.0,-3.5,0.0
2026-01-02,taiwan,400.0,79.0,44.0,-43.5,3.0,0.0,10.0,156.0,65.0,-202.8,24.0
2026-01-02,ukraine,1671.0,259.0,370.0,-1277.1,11.0,5.0,59.0,596.0,374.0,-1528.6,23.0
2026-01-02,venezuela,535.0,97.0,107.0,-213.2,4.0,2.0,55.0,128.0,41.0,45.3,15.0
2026-01-02,yemen,593.0,108.0,153.0,-863.4,13.0,2.0,17.0,315.0,136.0,-460.7,12.0
2026-01-03,drc,23.0,2.0,15.0,-144.1,0.0,0.0,0.0,9.0,6.0,-18.6,0.0
2026-01-03,europe_east,281.0,32.0,57.0,-60.3,0.0,2.0,31.0,15.0,5.0,4.5,5.0
2026-01-03,iran,1635.0,603.0,318.0,-2944.8,9.0,8.0,75.0,376.0,243.0,-657.8,9.0
2026-01-03,israel,1829.0,386.0,378.0,-1268.6,12.0,1.0,134.0,375.0,215.0,-852.3,32.0
2026-01-03,korea,307.0,24.0,27.0,407.0,0.0,0.0,14.0,7.0,4.0,-26.0,4.0
2026-01-03,libya,51.0,11.0,9.0,39.1,0.0,0.0,6.0,0.0,0.0,0.0,0.0
2026-01-03,scs,597.0,64.0,64.0,627.3,2.0,1.0,41.0,25.0,7.0,48.9,0.0
2026-01-03,southasia,4407.0,886.0,527.0,827.3,13.0,10.0,233.0,16.0,13.0,-72.4,7.0
2026-01-03,sudan,109.0,11.0,42.0,-269.4,0.0,0.0,7.0,4.0,2.0,-15.0,0.0
2026-01-03,taiwan,244.0,51.0,29.0,78.6,2.0,0.0,8.0,80.0,45.0,-76.4,22.0
2026-01-03,ukraine,1429.0,191.0,283.0,-323.3,15.0,2.0,56.0,539.0,272.0,-1187.6,15.0
2026-01-03,venezuela,8149.0,1966.0,1566.0,-6415.0,68.0,85.0,740.0,2714.0,1393.0,-4387.3,375.0
2026-01-03,yemen,425.0,55.0,79.0,44.4,1.0,1.0,18.0,241.0,59.0,231.0,9.0
2026-01-04,drc,10.0,4.0,2.0,-13.9,0.0,0.0,0.0,1.0,1.0,-10.0,0.0
2026-01-04,europe_east,248.0,36.0,31.0,123.2,0.0,0.0,13.0,16.0,3.0,-2.9,0.0
2026-01-04,iran,1052.0,334.0,266.0,-2477.2,9.0,8.0,46.0,329.0,184.0,-447.2,5.0
2026-01-04,israel,2174.0,364.0,565.0,-2718.7,9.0,3.0,111.0,553.0,266.0,-1152.0,25.0
2026-01-04,korea,1049.0,99.0,183.0,185.3,0.0,7.0,20.0,231.0,115.0,-592.0,9.0
2026-01-04,libya,60.0,6.0,10.0,4.2,0.0,0.0,4.0,0.0,0.0,0.0,0.0
2026-01-04,scs,668.0,58.0,77.0,717.9,0.0,14.0,24.0,52.0,0.0,185.6,0.0
2026-01-04,southasia,4239.0,727.0,663.0,-346.4,9.0,8.0,262.0,8.0,4.0,-4.6,0.0
2026-01-04,sudan,123.0,35.0,28.0,-261.8,0.0,0.0,2.0,6.0,3.0,-9.6,0.0
2026-01-04,taiwan,284.0,53.0,47.0,-95.1,5.0,2.0,15.0,120.0,55.0,-145.0,15.0
2026-01-04,ukraine,859.0,131.0,143.0,-14.4,8.0,1.0,24.0,309.0,184.0,-959.3,11.0
2026-01-04,venezuela,11099.0,2511.0,1732.0,-3838.3,71.0,90.0,712.0,3608.0,1605.0,-3601.9,313.0
2026-01-04,yemen,246.0,27.0,37.0,169.1,1.0,0.0,9.0,149.0,44.0,-68.9,0.0
2026-01-05,drc,27.0,8.0,4.0,13.8,0.0,0.0,0.0,10.0,5.0,-2.0,0.0
2026-01-05,europe_east,574.0,61.0,73.0,499.8,0.0,4.0,40.0,40.0,24.0,-137.8,7.0
2026-01-05,iran,1773.0,512.0,395.0,-3377.6,20.0,11.0,77.0,416.0,186.0,-202.6,23.0
2026-01-05,israel,3168.0,536.0,645.0,-1880.5,29.0,11.0,177.0,780.0,370.0,-1164.4,68.0
2026-01-05,korea,1244.0,156.0,192.0,646.4,3.0,1.0,52.0,188.0,82.0,-293.5,12.0
2026-01-05,libya,93.0,20.0,15.0,2.3,1.0,2.0,6.0,0.0,0.0,0.0,0.0
2026-01-05,scs,1187.0,159.0,118.0,1533.8,2.0,6.0,76.0,45.0,14.0,42.5,2.0
2026-01-05,southasia,6263.0,1012.0,751.0,2904.6,8.0,13.0,309.0,14.0,6.0,-18.2,0.0
2026-01-05,sudan,289.0,34.0,61.0,7.9,1.0,2.0,18.0,6.0,2.0,-6.2,0.0
2026-01-05,taiwan,430.0,92.0,47.0,-13.4,7.0,2.0,20.0,171.0,75.0,-250.8,19.0
2026-01-05,ukraine,1776.0,285.0,318.0,-323.2,12.0,12.0,69.0,651.0,349.0,-1662.4,35.0
2026-01-05,venezuela,11614.0,2546.0,1914.0,-6002.2,99.0,60.0,748.0,3460.0,1519.0,-3889.5,344.0
2026-01-05,yemen,339.0,53.0,62.0,-61.9,0.0,0.0,4.0,174.0,43.0,80.9,2.0
2026-01-06,drc,25.0,2.0,8.0,-40.7,0.0,0.0,0.0,15.0,6.0,22.0,0.0
2026-01-06,europe_east,634.0,84.0,62.0,722.4,0.0,3.0,36.0,28.0,2.0,92.0,0.0
2026-01-06,iran,1605.0,461.0,432.0,-3958.5,17.0,14.0,137.0,319.0,165.0,-611.8,21.0
2026-01-06,israel,3789.0,672.0,684.0,-1289.8,29.0,16.0,227.0,935.0,427.0,-1304.8,74.0
2026-01-06,korea,907.0,58.0,99.0,1204.8,0.0,9.0,31.0,69.0,34.0,-121.6,11.0
2026-01-06,libya,68.0,15.0,12.0,-27.7,0.0,0.0,5.0,0.0,0.0,0.0,0.0
2026-01-06,scs,1137.0,164.0,139.0,863.9,2.0,2.0,61.0,45.0,21.0,-53.5,1.0
2026-01-06,southasia,6712.0,1228.0,926.0,772.5,22.0,5.0,389.0,19.0,10.0,-46.0,8.0
2026-01-06,sudan,343.0,41.0,71.0,-91.5,3.0,4.0,6.0,12.0,8.0,-32.6,2.0
2026-01-06,taiwan,545.0,75.0,68.0,413.4,3.0,10.0,21.0,165.0,55.0,-44.7,19.0
2026-01-06,ukraine,2361.0,211.0,343.0,2844.9,6.0,56.0,53.0,635.0,286.0,-873.1,23.0
2026-01-06,venezuela,9275.0,1890.0,1490.0,-4360.2,76.0,46.0,584.0,2695.0,1053.0,-2253.2,207.0
2026-01-06,yemen,404.0,27.0,40.0,1058.8,1.0,1.0,6.0,187.0,43.0,235.7,4.0
2026-01-07,drc,30.0,9.0,5.0,-23.4,0.0,0.0,0.0,7.0,5.0,-15.3,0.0
2026-01-07,europe_east,748.0,102.0,77.0,840.9,1.0,6.0,24.0,34.0,8.0,28.6,0.0
2026-01-07,iran,1652.0,480.0,382.0,-3374.5,24.0,13.0,101.0,375.0,213.0,-730.1,24.0
2026-01-07,israel,3402.0,623.0,681.0,-2548.6,18.0,6.0,192.0,701.0,356.0,-1375.3,39.0
2026-01-07,korea,895.0,83.0,38.0,1978.7,0.0,7.0,13.0,68.0,16.0,117.0,0.0
2026-01-07,libya,70.0,8.0,11.0,30.6,1.0,0.0,6.0,0.0,0.0,0.0,0.0
2026-01-07,scs,1141.0,123.0,92.0,1773.9,0.0,5.0,48.0,20.0,4.0,24.3,0.0
2026-01-07,southasia,6897.0,1247.0,875.0,2524.9,16.0,23.0,363.0,14.0,4.0,11.9,2.0
2026-01-07,sudan,315.0,50.0,68.0,-297.6,2.0,0.0,13.0,11.0,9.0,-45.0,0.0
2026-01-07,taiwan,428.0,74.0,67.0,111.8,2.0,4.0,25.0,138.0,70.0,-223.1,21.0
2026-01-07,ukraine,2481.0,268.0,276.0,3976.6,21.0,76.0,54.0,571.0,257.0,-669.3,39.0
2026-01-07,venezuela,7822.0,1445.0,1469.0,-3244.9,61.0,42.0,620.0,2072.0,823.0,-1655.7,137.0
2026-01-07,yemen,457.0,82.0,93.0,-171.1,1.0,2.0,24.0,259.0,72.0,245.0,6.0
2026-01-08,drc,58.0,7.0,1.0,161.2,0.0,0.0,0.0,16.0,6.0,29.3,3.0
2026-01-08,europe_east,731.0,80.0,92.0,919.6,1.0,21.0,42.0,25.0,6.0,25.9,1.0
2026-01-08,iran,1760.0,491.0,395.0,-3383.1,21.0,9.0,112.0,332.0,178.0,-489.3,13.0
2026-01-08,israel,4176.0,794.0,866.0,-3326.3,37.0,10.0,274.0,943.0,456.0,-1726.7,64.0
2026-01-08,korea,570.0,77.0,38.0,1062.8,5.0,0.0,13.0,24.0,14.0,-37.2,2.0
2026-01-08,libya,65.0,11.0,13.0,25.6,0.0,1.0,10.0,0.0,0.0,0.0,0.0
2026-01-08,scs,1144.0,116.0,107.0,1524.9,0.0,11.0,49.0,36.0,2.0,156.2,0.0
2026-01-08,southasia,7179.0,1163.0,941.0,2923.4,13.0,23.0,365.0,15.0,5.0,-35.0,0.0
2026-01-08,sudan,235.0,25.0,32.0,102.6,1.0,0.0,14.0,0.0,0.0,0.0,0.0
2026-01-08,taiwan,309.0,53.0,34.0,126.7,2.0,1.0,15.0,99.0,36.0,17.9,0.0
2026-01-08,ukraine,1626.0,232.0,229.0,970.9,13.0,42.0,51.0,482.0,232.0,-682.0,19.0
2026-01-08,venezuela,5834.0,1185.0,962.0,-2019.6,52.0,28.0,358.0,1645.0,677.0,-1017.7,103.0
2026-01-08,yemen,583.0,63.0,73.0,572.1,1.0,4.0,27.0,292.0,94.0,-4.3,5.0
2026-01-09,drc,27.0,2.0,2.0,29.8,0.0,0.0,0.0,3.0,1.0,9.4,0.0
2026-01-09,europe_east,685.0,123.0,69.0,604.2,4.0,1.0,32.0,39.0,10.0,30.7,1.0
2026-01-09,iran,3042.0,907.0,573.0,-4362.8,45.0,18.0,150.0,552.0,290.0,-621.9,33.0
2026-01-09,israel,3621.0,637.0,699.0,-1701.9,23.0,10.0,179.0,882.0,433.0,-1585.4,41.0
2026-01-09,korea,554.0,63.0,50.0,789.0,0.0,1.0,33.0,37.0,17.0,-21.1,1.0
2026-01-09,libya,15.0,3.0,2.0,-1.6,0.0,0.0,1.0,1.0,0.0,0.0,0.0
2026-01-09,scs,1451.0,154.0,162.0,1505.3,2.0,17.0,51.0,24.0,2.0,62.3,0.0
2026-01-09,southasia,7020.0,1207.0,859.0,2573.4,16.0,13.0,368.0,10.0,5.0,-26.1,2.0
2026-01-09,sudan,368.0,41.0,52.0,264.5,0.0,1.0,8.0,18.0,2.0,40.4,0.0
2026-01-09,taiwan,355.0,55.0,47.0,28.4,3.0,0.0,28.0,122.0,52.0,-184.6,16.0
2026-01-09,ukraine,2370.0,382.0,520.0,-1468.0,37.0,36.0,76.0,888.0,590.0,-3152.7,53.0
2026-01-09,venezuela,5317.0,846.0,935.0,170.2,31.0,18.0,348.0,1609.0,583.0,-572.9,85.0
2026-01-09,yemen,313.0,26.0,41.0,332.3,0.0,1.0,23.0,164.0,34.0,169.4,4.0
2026-01-10,drc,26.0,3.0,5.0,-7.3,0.0,0.0,2.0,1.0,1.0,-5.0,1.0
2026-01-10,europe_east,335.0,45.0,29.0,584.0,2.0,2.0,10.0,38.0,16.0,-29.6,2.0
2026-01-10,iran,2936.0,910.0,535.0,-4550.3,31.0,10.0,177.0,469.0,230.0,-340.3,13.0
2026-01-10,israel,1970.0,409.0,320.0,-786.5,10.0,11.0,88.0,501.0,249.0,-784.5,18.0
2026-01-10,korea,610.0,179.0,56.0,-177.4,3.0,13.0,11.0,204.0,131.0,-388.2,13.0
2026-01-10,libya,16.0,5.0,2.0,-4.3,0.0,0.0,0.0,0.0,0.0,0.0,0.0
2026-01-10,scs,922.0,99.0,107.0,882.0,1.0,11.0,33.0,28.0,6.0,19.4,5.0
2026-01-10,southasia,5727.0,866.0,755.0,1727.4,12.0,12.0,284.0,43.0,4.0,47.7,3.0
2026-01-10,sudan,151.0,3.0,24.0,162.3,0.0,0.0,8.0,6.0,0.0,21.4,0.0
2026-01-10,taiwan,208.0,28.0,26.0,-23.0,3.0,4.0,9.0,50.0,16.0,-44.9,9.0
2026-01-10,ukraine,1243.0,139.0,305.0,-604.8,11.0,19.0,26.0,527.0,304.0,-1697.0,23.0
2026-01-10,venezuela,3533.0,559.0,549.0,1398.2,23.0,12.0,186.0,979.0,326.0,-309.3,57.0
2026-01-10,yemen,133.0,22.0,16.0,113.0,0.0,0.0,9.0,76.0,24.0,44.4,4.0
2026-01-11,drc,27.0,4.0,3.0,68.7,0.0,1.0,0.0,6.0,2.0,12.0,0.0
2026-01-11,europe_east,241.0,28.0,34.0,62.7,0.0,4.0,7.0,12.0,3.0,-1.7,0.0
2026-01-11,iran,3591.0,1099.0,608.0,-5399.9,74.0,20.0,212.0,1004.0,501.0,-1695.2,50.0
2026-01-11,israel,3169.0,653.0,572.0,-2444.7,34.0,12.0,157.0,990.0,486.0,-2099.7,75.0
2026-01-11,korea,556.0,121.0,68.0,-74.7,0.0,10.0,30.0,129.0,68.0,-200.1,14.0
2026-01-11,libya,9.0,3.0,1.0,-1.0,0.0,0.0,1.0,0.0,0.0,0.0,0.0
2026-01-11,scs,793.0,102.0,72.0,890.8,0.0,8.0,22.0,13.0,0.0,31.1,0.0
2026-01-11,southasia,5360.0,858.0,653.0,1493.8,10.0,14.0,241.0,33.0,3.0,-10.0,0.0
2026-01-11,sudan,194.0,28.0,23.0,121.6,0.0,0.0,8.0,5.0,5.0,-42.0,0.0
2026-01-11,taiwan,122.0,17.0,17.0,56.5,0.0,0.0,5.0,29.0,9.0,25.9,5.0
2026-01-11,ukraine,736.0,114.0,177.0,-590.9,8.0,12.0,29.0,320.0,217.0,-1201.6,12.0
2026-01-11,venezuela,2485.0,437.0,427.0,-378.2,14.0,7.0,155.0,721.0,279.0,-616.7,45.0
2026-01-11,yemen,95.0,13.0,18.0,57.2,0.0,0.0,12.0,52.0,19.0,51.5,4.0
2026-01-12,drc,15.0,0.0,3.0,9.6,0.0,0.0,0.0,14.0,0.0,87.1,0.0
2026-01-12,europe_east,720.0,73.0,88.0,812.4,1.0,0.0,60.0,65.0,23.0,80.4,17.0
2026-01-12,iran,4977.0,1397.0,887.0,-6246.1,95.0,47.0,319.0,1207.0,554.0,-1134.9,80.0
2026-01-12,israel,3992.0,646.0,779.0,-867.6,34.0,25.0,270.0,957.0,473.0,-1374.2,77.0
2026-01-12,korea,702.0,115.0,66.0,300.8,2.0,6.0,34.0,74.0,40.0,-142.7,6.0
2026-01-12,libya,98.0,4.0,22.0,98.8,0.0,0.0,8.0,2.0,0.0,16.0,0.0
2026-01-12,scs,993.0,112.0,87.0,1476.0,0.0,5.0,30.0,29.0,0.0,78.5,0.0
2026-01-12,southasia,7746.0,977.0,944.0,5425.3,14.0,22.0,346.0,30.0,4.0,20.8,3.0
2026-01-12,sudan,659.0,87.0,144.0,-327.7,0.0,1.0,34.0,33.0,20.0,-133.8,0.0
2026-01-12,taiwan,272.0,28.0,33.0,259.5,0.0,3.0,16.0,46.0,17.0,2.2,5.0
2026-01-12,ukraine,1261.0,177.0,257.0,-373.0,10.0,8.0,49.0,420.0,265.0,-1431.2,12.0
2026-01-12,venezuela,3362.0,558.0,699.0,-1345.6,35.0,15.0,334.0,925.0,313.0,-201.3,49.0
2026-01-12,yemen,135.0,33.0,16.0,106.3,0.0,0.0,6.0,58.0,32.0,-12.9,2.0
2026-01-13,drc,26.0,0.0,5.0,66.6,0.0,0.0,1.0,24.0,0.0,114.8,0.0
2026-01-13,europe_east,939.0,110.0,107.0,1092.3,0.0,6.0,56.0,88.0,35.0,-26.4,10.0
2026-01-13,iran,5710.0,1504.0,974.0,-4856.1,85.0,52.0,386.0,1376.0,614.0,-950.2,62.0
2026-01-13,israel,3928.0,816.0,825.0,-3276.8,42.0,20.0,282.0,803.0,461.0,-1925.0,64.0
2026-01-13,korea,1257.0,170.0,147.0,1141.4,4.0,8.0,97.0,95.0,41.0,-28.2,3.0
2026-01-13,libya,35.0,1.0,5.0,48.3,0.0,0.0,1.0,0.0,0.0,0.0,0.0
2026-01-13,scs,1225.0,122.0,137.0,1174.1,4.0,5.0,53.0,38.0,8.0,6.3,0.0
2026-01-13,southasia,7910.0,1194.0,1002.0,4275.2,11.0,39.0,370.0,50.0,20.0,-37.5,2.0
2026-01-13,sudan,421.0,42.0,116.0,-383.1,0.0,1.0,19.0,15.0,11.0,-71.7,0.0
2026-01-13,taiwan,414.0,51.0,26.0,729.7,0.0,1.0,18.0,99.0,35.0,33.5,6.0
2026-01-13,ukraine,1782.0,268.0,374.0,-960.8,9.0,8.0,51.0,570.0,371.0,-1978.3,22.0
2026-01-13,venezuela,2603.0,432.0,477.0,-538.4,31.0,7.0,185.0,754.0,297.0,-615.2,87.0
2026-01-13,yemen,110.0,17.0,31.0,-164.7,1.0,0.0,12.0,37.0,12.0,21.4,0.0
2026-01-14,drc,41.0,2.0,7.0,64.6,0.0,0.0,3.0,8.0,0.0,24.0,0.0
2026-01-14,europe_east,832.0,84.0,82.0,926.4,3.0,0.0,47.0,135.0,65.0,-105.8,28.0
2026-01-14,iran,6029.0,1522.0,1096.0,-7139.4,116.0,29.0,457.0,1403.0,709.0,-2181.8,80.0
2026-01-14,israel,4314.0,813.0,798.0,-2185.6,51.0,17.0,272.0,1022.0,517.0,-1713.6,65.0
2026-01-14,korea,945.0,145.0,141.0,281.4,1.0,6.0,104.0,74.0,26.0,18.1,0.0
2026-01-14,libya,50.0,6.0,7.0,58.0,0.0,0.0,2.0,0.0,0.0,0.0,0.0
2026-01-14,scs,1314.0,118.0,113.0,1945.8,1.0,5.0,55.0,60.0,9.0,126.6,4.0
2026-01-14,southasia,7253.0,1001.0,779.0,4712.4,16.0,29.0,312.0,18.0,9.0,-19.5,2.0
2026-01-14,sudan,440.0,62.0,53.0,355.7,1.0,0.0,7.0,11.0,7.0,-55.0,0.0
2026-01-14,taiwan,504.0,156.0,52.0,-78.0,0.0,0.0,42.0,144.0,56.0,-125.7,7.0
2026-01-14,ukraine,1498.0,172.0,318.0,-193.5,7.0,6.0,80.0,400.0,219.0,-1043.3,25.0
2026-01-14,venezuela,2335.0,360.0,448.0,221.8,28.0,6.0,208.0,741.0,265.0,-276.1,82.0
2026-01-14,yemen,116.0,16.0,11.0,176.4,2.0,0.0,3.0,44.0,20.0,-45.8,2.0
2026-01-15,drc,22.0,1.0,2.0,57.5,0.0,0.0,2.0,9.0,0.0,48.0,0.0
2026-01-15,europe_east,925.0,92.0,100.0,1222.1,3.0,6.0,52.0,49.0,31.0,-158.4,16.0
2026-01-15,iran,5876.0,1391.0,1227.0,-6613.0,98.0,31.0,610.0,1360.0,655.0,-2011.4,100.0
2026-01-15,israel,4395.0,851.0,889.0,-2576.5,46.0,16.0,347.0,1103.0,579.0,-2025.7,64.0
2026-01-15,korea,678.0,78.0,56.0,911.6,2.0,1.0,38.0,33.0,10.0,-3.2,3.0
2026-01-15,libya,97.0,7.0,8.0,212.5,0.0,0.0,5.0,1.0,0.0,4.0,0.0
2026-01-15,scs,1466.0,167.0,165.0,1740.2,1.0,7.0,96.0,84.0,11.0,301.7,3.0
2026-01-15,southasia,7351.0,1014.0,964.0,3276.2,18.0,33.0,440.0,21.0,12.0,-66.4,6.0
2026-01-15,sudan,365.0,44.0,53.0,196.9,1.0,0.0,19.0,9.0,4.0,-22.0,0.0
2026-01-15,taiwan,380.0,51.0,25.0,551.1,4.0,2.0,12.0,68.0,27.0,-57.1,11.0
2026-01-15,ukraine,1672.0,217.0,254.0,542.7,3.0,12.0,65.0,528.0,266.0,-865.3,23.0
2026-01-15,venezuela,3042.0,569.0,526.0,-503.0,36.0,16.0,200.0,1076.0,363.0,-121.9,89.0
2026-01-15,yemen,186.0,32.0,29.0,35.7,0.0,0.0,2.0,45.0,19.0,6.5,1.0
2026-01-16,drc,26.0,3.0,6.0,24.6,0.0,0.0,5.0,0.0,0.0,0.0,0.0
2026-01-16,europe_east,960.0,111.0,101.0,1425.5,1.0,2.0,49.0,97.0,59.0,-261.0,12.0
2026-01-16,iran,4121.0,961.0,739.0,-3548.7,50.0,9.0,280.0,982.0,429.0,-1249.5,43.0
2026-01-16,israel,3945.0,653.0,827.0,-2403.1,28.0,13.0,223.0,898.0,424.0,-1449.4,41.0
2026-01-16,korea,851.0,120.0,172.0,-76.0,0.0,6.0,123.0,30.0,16.0,-45.4,5.0
2026-01-16,libya,79.0,11.0,15.0,1.6,0.0,0.0,8.0,0.0,0.0,0.0,0.0
2026-01-16,scs,1335.0,202.0,200.0,685.1,0.0,1.0,76.0,93.0,44.0,-143.7,2.0
2026-01-16,southasia,7186.0,1050.0,819.0,5250.4,14.0,23.0,302.0,18.0,5.0,11.0,3.0
2026-01-16,sudan,363.0,32.0,35.0,517.2,1.0,0.0,9.0,9.0,5.0,-41.0,0.0
2026-01-16,taiwan,439.0,46.0,19.0,1017.3,0.0,0.0,6.0,123.0,36.0,161.6,1.0
2026-01-16,ukraine,1738.0,185.0,226.0,1322.2,4.0,9.0,63.0,445.0,194.0,-468.0,28.0
2026-01-16,venezuela,2734.0,420.0,378.0,886.2,16.0,5.0,175.0,897.0,226.0,463.2,46.0
2026-01-16,yemen,170.0,26.0,24.0,64.1,3.0,4.0,3.0,55.0,21.0,-66.2,5.0
2026-01-17,drc,13.0,1.0,0.0,33.5,0.0,0.0,0.0,3.0,0.0,14.0,0.0
2026-01-17,europe_east,656.0,140.0,53.0,767.9,2.0,9.0,26.0,28.0,15.0,-36.5,12.0
2026-01-17,iran,2811.0,686.0,542.0,-3343.0,30.0,9.0,161.0,617.0,258.0,-326.8,7.0
2026-01-17,israel,2708.0,463.0,414.0,318.5,20.0,9.0,78.0,652.0,308.0,-713.4,18.0
2026-01-17,korea,292.0,35.0,32.0,315.6,0.0,1.0,25.0,15.0,1.0,27.0,0.0
2026-01-17,libya,63.0,5.0,9.0,8.9,0.0,0.0,3.0,0.0,0.0,0.0,0.0
2026-01-17,scs,787.0,87.0,103.0,601.9,5.0,1.0,47.0,50.0,17.0,-33.3,0.0
2026-01-17,southasia,6336.0,882.0,680.0,4996.2,11.0,25.0,280.0,28.0,1.0,72.2,0.0
2026-01-17,sudan,295.0,41.0,31.0,376.7,4.0,0.0,7.0,8.0,5.0,-27.0,0.0
2026-01-17,taiwan,258.0,36.0,22.0,382.1,0.0,1.0,13.0,45.0,12.0,1.7,3.0
2026-01-17,ukraine,1055.0,127.0,129.0,904.6,4.0,3.0,35.0,305.0,165.0,-486.1,7.0
2026-01-17,venezuela,1335.0,188.0,188.0,366.7,4.0,3.0,77.0,389.0,91.0,190.0,9.0
2026-01-17,yemen,49.0,8.0,5.0,2.8,0.0,0.0,2.0,29.0,10.0,-5.8,0.0
2026-01-18,drc,43.0,8.0,4.0,62.5,1.0,0.0,0.0,5.0,0.0,37.0,0.0
2026-01-18,europe_east,771.0,150.0,55.0,1445.3,1.0,0.0,18.0,41.0,15.0,-11.1,5.0
2026-01-18,iran,2067.0,562.0,402.0,-3146.6,27.0,12.0,121.0,495.0,274.0,-863.6,24.0
2026-01-18,israel,2898.0,493.0,545.0,-735.8,23.0,22.0,136.0,688.0,354.0,-1202.6,39.0
2026-01-18,korea,285.0,42.0,12.0,475.6,0.0,1.0,9.0,5.0,3.0,-19.2,1.0
2026-01-18,libya,69.0,4.0,7.0,130.8,0.0,0.0,5.0,0.0,0.0,0.0,0.0
2026-01-18,scs,739.0,73.0,65.0,935.0,0.0,1.0,36.0,60.0,4.0,129.3,0.0
2026-01-18,southasia,5255.0,698.0,604.0,3288.4,10.0,20.0,205.0,17.0,9.0,-52.0,0.0
2026-01-18,sudan,211.0,27.0,21.0,171.8,5.0,0.0,1.0,2.0,0.0,6.8,0.0
2026-01-18,taiwan,174.0,29.0,18.0,177.9,0.0,1.0,7.0,42.0,16.0,-39.5,6.0
2026-01-18,ukraine,828.0,89.0,192.0,-107.4,4.0,9.0,37.0,325.0,197.0,-1149.5,10.0
2026-01-18,venezuela,1048.0,163.0,163.0,1032.7,21.0,4.0,59.0,209.0,63.0,15.5,17.0
2026-01-18,yemen,55.0,8.0,16.0,-97.9,2.0,0.0,1.0,32.0,5.0,17.1,0.0
2026-01-19,drc,62.0,5.0,12.0,24.3,2.0,0.0,0.0,37.0,15.0,-13.3,0.0
2026-01-19,europe_east,1353.0,342.0,73.0,1404.6,4.0,7.0,28.0,67.0,22.0,-32.1,2.0
2026-01-19,iran,2245.0,563.0,424.0,-2513.8,41.0,9.0,145.0,546.0,291.0,-883.4,33.0
2026-01-19,israel,3696.0,650.0,486.0,1450.4,27.0,16.0,136.0,780.0,371.0,-900.8,45.0
2026-01-19,korea,626.0,80.0,62.0,697.4,3.0,3.0,35.0,41.0,7.0,136.0,2.0
2026-01-19,libya,103.0,14.0,1.0,235.4,0.0,0.0,1.0,0.0,0.0,0.0,0.0
2026-01-19,scs,1183.0,167.0,122.0,1024.4,2.0,2.0,57.0,20.0,6.0,9.3,1.0
2026-01-19,southasia,7766.0,1058.0,768.0,7821.6,28.0,22.0,299.0,25.0,15.0,-93.6,3.0
2026-01-19,sudan,342.0,47.0,42.0,168.7,1.0,0.0,4.0,8.0,4.0,-27.2,0.0
2026-01-19,taiwan,295.0,25.0,26.0,447.4,0.0,1.0,13.0,43.0,8.0,44.7,1.0
2026-01-19,ukraine,1478.0,210.0,223.0,553.5,20.0,13.0,49.0,378.0,204.0,-986.7,32.0
2026-01-19,venezuela,1240.0,213.0,221.0,-160.3,10.0,11.0,83.0,318.0,129.0,-301.9,31.0
2026-01-19,yemen,172.0,18.0,20.0,118.0,0.0,0.0,8.0,73.0,23.0,-34.8,0.0
2026-01-20,drc,23.0,0.0,6.0,-16.7,0.0,0.0,0.0,20.0,8.0,1.8,0.0
2026-01-20,europe_east,1090.0,100.0,79.0,2256.9,11.0,8.0,35.0,61.0,30.0,-79.6,8.0
2026-01-20,iran,1887.0,485.0,339.0,-1901.3,37.0,9.0,156.0,421.0,190.0,-628.7,28.0
2026-01-20,israel,4147.0,789.0,772.0,-1547.7,14.0,6.0,311.0,972.0,511.0,-1742.1,91.0
2026-01-20,korea,651.0,90.0,53.0,694.5,5.0,1.0,22.0,54.0,25.0,-61.6,3.0
2026-01-20,libya,60.0,5.0,10.0,68.1,0.0,0.0,8.0,0.0,0.0,0.0,0.0
2026-01-20,scs,1413.0,181.0,150.0,1631.5,9.0,3.0,111.0,32.0,18.0,-24.1,0.0
2026-01-20,southasia,8253.0,1163.0,698.0,9643.7,15.0,19.0,311.0,26.0,10.0,37.6,3.0
2026-01-20,sudan,392.0,51.0,90.0,-354.6,0.0,0.0,16.0,12.0,7.0,-40.0,1.0
2026-01-20,taiwan,348.0,45.0,41.0,324.0,1.0,2.0,22.0,71.0,20.0,57.0,5.0
2026-01-20,ukraine,2253.0,261.0,263.0,2352.7,15.0,8.0,52.0,485.0,206.0,-836.9,20.0
2026-01-20,venezuela,1082.0,203.0,207.0,-571.4,6.0,5.0,90.0,225.0,88.0,-197.5,13.0
2026-01-20,yemen,260.0,48.0,35.0,-0.4,0.0,0.0,4.0,110.0,57.0,-162.8,0.0
2026-01-21,drc,12.0,3.0,5.0,-48.1,0.0,1.0,2.0,2.0,0.0,4.7,0.0
2026-01-21,europe_east,1045.0,90.0,68.0,2418.5,2.0,11.0,25.0,57.0,17.0,-9.5,11.0
2026-01-21,iran,1812.0,484.0,385.0,-2935.4,45.0,8.0,111.0,364.0,198.0,-791.4,31.0
2026-01-21,israel,4629.0,691.0,842.0,-232.6,21.0,26.0,227.0,892.0,452.0,-1708.7,52.0
2026-01-21,korea,879.0,113.0,155.0,492.6,2.0,4.0,112.0,95.0,37.0,42.6,4.0
2026-01-21,libya,58.0,3.0,9.0,74.2,0.0,1.0,6.0,2.0,0.0,2.0,0.0
2026-01-21,scs,1867.0,193.0,211.0,2687.9,5.0,3.0,106.0,74.0,12.0,206.0,0.0
2026-01-21,southasia,7677.0,949.0,706.0,9176.9,12.0,20.0,300.0,26.0,20.0,-136.8,3.0
2026-01-21,sudan,379.0,42.0,79.0,-127.5,5.0,1.0,11.0,12.0,10.0,-77.0,0.0
2026-01-21,taiwan,369.0,46.0,25.0,380.6,1.0,0.0,14.0,66.0,13.0,96.8,5.0
2026-01-21,ukraine,1972.0,291.0,207.0,1751.7,16.0,0.0,54.0,532.0,230.0,-589.7,12.0
2026-01-21,venezuela,1086.0,195.0,212.0,-346.2,4.0,4.0,113.0,323.0,105.0,-92.7,27.0
2026-01-21,yemen,109.0,19.0,12.0,9.2,3.0,0.0,0.0,20.0,13.0,-65.9,0.0
2026-01-22,drc,35.0,4.0,15.0,-88.4,0.0,0.0,8.0,6.0,3.0,-17.0,0.0
2026-01-22,europe_east,912.0,104.0,74.0,1647.5,3.0,5.0,46.0,56.0,23.0,-43.2,5.0
2026-01-22,iran,1840.0,406.0,395.0,-2269.6,22.0,10.0,147.0,401.0,201.0,-573.8,16.0
2026-01-22,israel,5087.0,776.0,880.0,266.0,20.0,23.0,244.0,983.0,463.0,-1572.7,63.0
2026-01-22,korea,710.0,89.0,93.0,619.0,0.0,4.0,64.0,43.0,13.0,57.4,0.0
2026-01-22,libya,89.0,8.0,9.0,132.7,0.0,1.0,5.0,4.0,1.0,-2.5,0.0
2026-01-22,scs,1739.0,187.0,225.0,2762.5,2.0,8.0,146.0,88.0,25.0,72.6,1.0
2026-01-22,southasia,7360.0,1047.0,799.0,5933.6,17.0,18.0,355.0,31.0,20.0,-116.4,9.0
2026-01-22,sudan,420.0,31.0,90.0,-25.7,1.0,4.0,30.0,6.0,4.0,-36.8,0.0
2026-01-22,taiwan,275.0,32.0,19.0,534.6,1.0,2.0,9.0,33.0,10.0,-4.2,7.0
2026-01-22,ukraine,2785.0,351.0,239.0,3971.2,15.0,4.0,92.0,779.0,247.0,235.5,21.0
2026-01-22,venezuela,1177.0,211.0,207.0,-73.0,8.0,5.0,103.0,370.0,132.0,-84.7,19.0
2026-01-22,yemen,118.0,24.0,33.0,-275.9,1.0,0.0,2.0,36.0,18.0,-82.3,0.0
2026-01-23,drc,35.0,0.0,4.0,55.4,0.0,0.0,0.0,11.0,3.0,56.0,0.0
2026-01-23,europe_east,745.0,58.0,79.0,1370.3,4.0,5.0,42.0,25.0,9.0,8.1,0.0
2026-01-23,iran,2163.0,501.0,449.0,-2439.3,32.0,13.0,123.0,467.0,225.0,-519.8,38.0
2026-01-23,israel,4263.0,666.0,678.0,934.2,14.0,9.0,239.0,778.0,364.0,-986.0,46.0
2026-01-23,korea,708.0,105.0,107.0,563.1,1.0,4.0,58.0,76.0,21.0,102.8,3.0
2026-01-23,libya,68.0,10.0,3.0,128.1,0.0,1.0,2.0,0.0,0.0,0.0,0.0
2026-01-23,scs,1483.0,196.0,172.0,1623.5,0.0,7.0,108.0,135.0,28.0,346.9,2.0
2026-01-23,southasia,7075.0,1008.0,762.0,5826.4,51.0,33.0,315.0,16.0,5.0,-8.1,0.0
2026-01-23,sudan,322.0,32.0,80.0,-164.9,1.0,0.0,13.0,1.0,1.0,-10.0,0.0
2026-01-23,taiwan,392.0,34.0,48.0,397.8,0.0,1.0,4.0,81.0,34.0,-61.2,10.0
2026-01-23,ukraine,2976.0,370.0,212.0,4888.6,11.0,6.0,60.0,951.0,276.0,975.2,29.0
2026-01-23,venezuela,1054.0,177.0,184.0,-8.7,4.0,13.0,85.0,263.0,114.0,-163.0,18.0
2026-01-23,yemen,127.0,20.0,33.0,-149.1,2.0,0.0,8.0,43.0,23.0,-131.0,0.0
2026-01-24,drc,8.0,0.0,3.0,-11.2,0.0,0.0,0.0,1.0,0.0,0.0,0.0
2026-01-24,europe_east,431.0,41.0,61.0,372.4,0.0,0.0,15.0,23.0,6.0,28.8,1.0
2026-01-24,iran,1722.0,443.0,441.0,-3168.0,28.0,24.0,184.0,381.0,181.0,-393.8,22.0
2026-01-24,israel,2528.0,356.0,519.0,-808.0,13.0,17.0,160.0,606.0,294.0,-1053.2,31.0
2026-01-24,korea,331.0,46.0,25.0,390.1,1.0,1.0,13.0,38.0,6.0,58.9,1.0
2026-01-24,libya,81.0,4.0,5.0,302.4,0.0,0.0,1.0,0.0,0.0,0.0,0.0
2026-01-24,scs,848.0,100.0,85.0,835.4,0.0,1.0,47.0,67.0,12.0,138.5,4.0
2026-01-24,southasia,5865.0,828.0,794.0,2650.2,11.0,34.0,383.0,10.0,3.0,-14.5,0.0
2026-01-24,sudan,236.0,42.0,43.0,-29.6,1.0,5.0,10.0,1.0,0.0,0.0,0.0
2026-01-24,taiwan,263.0,38.0,23.0,135.6,1.0,1.0,7.0,50.0,13.0,-3.8,10.0
2026-01-24,ukraine,1918.0,210.0,285.0,1989.5,0.0,7.0,68.0,800.0,309.0,112.6,26.0
2026-01-24,venezuela,558.0,92.0,98.0,-102.1,8.0,1.0,36.0,191.0,68.0,-28.3,10.0
2026-01-24,yemen,49.0,4.0,4.0,59.4,0.0,0.0,0.0,17.0,2.0,56.0,0.0
2026-01-25,drc,9.0,0.0,0.0,30.1,0.0,0.0,0.0,0.0,0.0,0.0,0.0
2026-01-25,europe_east,396.0,28.0,47.0,556.6,3.0,1.0,16.0,91.0,30.0,-42.9,2.0
2026-01-25,iran,1237.0,296.0,328.0,-2265.6,17.0,14.0,104.0,229.0,117.0,-177.7,12.0
2026-01-25,israel,2883.0,446.0,696.0,-2810.7,7.0,16.0,173.0,751.0,365.0,-1694.7,38.0
2026-01-25,korea,419.0,62.0,32.0,392.3,0.0,3.0,16.0,27.0,10.0,24.0,3.0
2026-01-25,libya,84.0,3.0,3.0,320.7,0.0,0.0,2.0,0.0,0.0,0.0,0.0
2026-01-25,scs,841.0,86.0,105.0,824.5,0.0,7.0,32.0,75.0,25.0,103.4,0.0
2026-01-25,southasia,5377.0,663.0,685.0,3236.2,9.0,11.0,282.0,15.0,7.0,-18.9,2.0
2026-01-25,sudan,252.0,33.0,58.0,-216.9,0.0,2.0,13.0,6.0,3.0,-21.0,0.0
2026-01-25,taiwan,226.0,25.0,22.0,204.9,0.0,0.0,11.0,55.0,20.0,-96.7,6.0
2026-01-25,ukraine,1348.0,161.0,234.0,555.4,8.0,7.0,37.0,516.0,241.0,-498.9,7.0
2026-01-25,venezuela,530.0,78.0,88.0,-28.4,2.0,2.0,25.0,125.0,56.0,-222.1,8.0
2026-01-25,yemen,43.0,8.0,17.0,-121.8,2.0,0.0,0.0,27.0,13.0,-40.6,1.0
2026-01-26,drc,18.0,3.0,2.0,12.9,0.0,0.0,0.0,9.0,1.0,44.0,0.0
2026-01-26,europe_east,997.0,81.0,84.0,1344.7,5.0,4.0,44.0,138.0,41.0,20.9,11.0
2026-01-26,iran,1854.0,436.0,439.0,-2925.8,47.0,16.0,132.0,493.0,236.0,-641.6,54.0
2026-01-26,israel,4627.0,625.0,1021.0,-2515.0,24.0,16.0,232.0,1222.0,529.0,-1889.4,73.0
2026-01-26,korea,795.0,36.0,45.0,1623.5,0.0,5.0,16.0,85.0,16.0,45.8,0.0
2026-01-26,libya,151.0,4.0,5.0,472.1,0.0,1.0,0.0,0.0,0.0,0.0,0.0
2026-01-26,scs,1858.0,200.0,208.0,1921.2,0.0,7.0,92.0,230.0,80.0,92.4,3.0
2026-01-26,southasia,6562.0,803.0,876.0,4485.3,15.0,27.0,307.0,24.0,10.0,-39.4,2.0
2026-01-26,sudan,451.0,64.0,129.0,-590.1,3.0,3.0,46.0,10.0,3.0,-5.7,0.0
2026-01-26,taiwan,358.0,44.0,40.0,175.0,6.0,3.0,18.0,76.0,32.0,-144.1,12.0
2026-01-26,ukraine,1498.0,190.0,241.0,961.3,8.0,12.0,46.0,524.0,203.0,-145.7,28.0
2026-01-26,venezuela,804.0,139.0,133.0,54.8,7.0,3.0,63.0,171.0,86.0,-234.5,20.0
2026-01-26,yemen,113.0,22.0,13.0,108.6,15.0,0.0,2.0,35.0,18.0,-36.6,2.0
2026-01-27,drc,33.0,1.0,15.0,-80.8,0.0,1.0,0.0,21.0,11.0,-70.9,0.0
2026-01-27,europe_east,1191.0,65.0,117.0,1954.0,1.0,7.0,46.0,55.0,13.0,115.8,4.0
2026-01-27,iran,2231.0,519.0,556.0,-3933.5,67.0,26.0,141.0,575.0,345.0,-1522.5,50.0
2026-01-27,israel,4527.0,664.0,917.0,-2001.5,39.0,22.0,220.0,1043.0,512.0,-1855.3,65.0
2026-01-27,korea,1307.0,189.0,135.0,1264.2,19.0,7.0,30.0,221.0,130.0,-691.0,12.0
2026-01-27,libya,117.0,4.0,22.0,88.8,0.0,1.0,14.0,0.0,0.0,0.0,0.0
2026-01-27,scs,1513.0,129.0,167.0,1969.0,1.0,6.0,71.0,125.0,41.0,46.9,6.0
2026-01-27,southasia,8451.0,1205.0,813.0,8122.9,30.0,30.0,335.0,12.0,5.0,-5.4,0.0
2026-01-27,sudan,412.0,39.0,93.0,-287.1,0.0,5.0,27.0,11.0,0.0,33.2,0.0
2026-01-27,taiwan,376.0,31.0,45.0,272.5,2.0,2.0,24.0,98.0,42.0,-94.0,11.0
2026-01-27,ukraine,1754.0,196.0,265.0,1244.4,9.0,5.0,69.0,564.0,237.0,-404.4,12.0
2026-01-27,venezuela,1024.0,180.0,202.0,-547.1,12.0,3.0,68.0,248.0,130.0,-480.1,22.0
2026-01-27,yemen,65.0,10.0,25.0,-218.4,0.0,0.0,3.0,35.0,22.0,-108.8,1.0
2026-01-28,drc,29.0,4.0,8.0,-39.6,0.0,0.0,1.0,17.0,10.0,-70.1,0.0
2026-01-28,europe_east,983.0,93.0,62.0,1354.4,3.0,8.0,26.0,56.0,29.0,-28.6,3.0
2026-01-28,iran,2934.0,699.0,542.0,-2749.2,69.0,34.0,169.0,809.0,413.0,-1362.6,66.0
2026-01-28,israel,3342.0,538.0,644.0,-1400.7,28.0,11.0,202.0,838.0,408.0,-1524.8,66.0
2026-01-28,korea,932.0,108.0,165.0,411.2,3.0,1.0,89.0,97.0,60.0,-366.6,2.0
2026-01-28,libya,108.0,6.0,3.0,364.9,2.0,0.0,2.0,0.0,0.0,0.0,0.0
2026-01-28,scs,1418.0,144.0,140.0,1494.6,0.0,5.0,55.0,76.0,23.0,37.4,0.0
2026-01-28,southasia,8058.0,940.0,731.0,7872.6,21.0,26.0,266.0,9.0,3.0,-16.0,2.0
2026-01-28,sudan,389.0,37.0,83.0,-136.7,3.0,2.0,30.0,1.0,0.0,3.4,0.0
2026-01-28,taiwan,397.0,53.0,35.0,469.5,4.0,2.0,10.0,69.0,19.0,-12.2,2.0
2026-01-28,ukraine,1590.0,222.0,275.0,-187.0,2.0,16.0,51.0,551.0,246.0,-636.7,19.0
2026-01-28,venezuela,1305.0,239.0,223.0,-227.9,9.0,13.0,90.0,330.0,121.0,-34.6,14.0
2026-01-28,yemen,73.0,9.0,13.0,19.4,4.0,0.0,6.0,24.0,15.0,-62.6,8.0
2026-01-29,drc,46.0,8.0,5.0,-7.2,0.0,0.0,0.0,2.0,1.0,-3.1,0.0
2026-01-29,europe_east,936.0,87.0,90.0,1310.2,3.0,6.0,51.0,108.0,57.0,-146.9,35.0
2026-01-29,iran,3696.0,796.0,689.0,-2485.4,104.0,30.0,259.0,838.0,408.0,-1241.5,86.0
2026-01-29,israel,3828.0,556.0,780.0,-1891.2,26.0,13.0,276.0,881.0,413.0,-1509.6,57.0
2026-01-29,korea,721.0,82.0,63.0,861.3,1.0,1.0,42.0,11.0,3.0,-12.0,0.0
2026-01-29,libya,98.0,6.0,9.0,277.7,0.0,0.0,5.0,0.0,0.0,0.0,0.0
2026-01-29,scs,1555.0,183.0,128.0,1931.4,0.0,0.0,46.0,101.0,42.0,90.8,3.0
2026-01-29,southasia,7608.0,1047.0,778.0,6221.9,44.0,27.0,313.0,6.0,4.0,-1.4,0.0
2026-01-29,sudan,407.0,56.0,63.0,96.2,0.0,2.0,6.0,4.0,4.0,-32.0,0.0
2026-01-29,taiwan,376.0,59.0,54.0,153.6,4.0,2.0,10.0,80.0,30.0,-77.0,10.0
2026-01-29,ukraine,1941.0,237.0,262.0,1830.5,21.0,7.0,88.0,692.0,235.0,149.9,35.0
2026-01-29,venezuela,1348.0,205.0,244.0,-22.9,6.0,0.0,111.0,455.0,132.0,250.1,21.0
2026-01-29,yemen,109.0,17.0,27.0,-103.7,2.0,0.0,13.0,24.0,17.0,-89.0,7.0
2026-01-30,drc,35.0,3.0,6.0,5.9,0.0,0.0,0.0,24.0,4.0,62.7,0.0
2026-01-30,europe_east,658.0,72.0,61.0,942.3,0.0,3.0,27.0,106.0,46.0,-132.4,9.0
2026-01-30,iran,2959.0,643.0,553.0,-2295.0,93.0,19.0,210.0,750.0,346.0,-976.3,65.0
2026-01-30,israel,3979.0,755.0,732.0,-1435.8,28.0,8.0,273.0,880.0,407.0,-1424.7,58.0
2026-01-30,korea,678.0,106.0,65.0,703.1,1.0,5.0,24.0,16.0,6.0,6.8,0.0
2026-01-30,libya,67.0,2.0,5.0,187.6,2.0,0.0,3.0,0.0,0.0,0.0,0.0
2026-01-30,scs,1306.0,141.0,157.0,1216.9,0.0,0.0,61.0,102.0,35.0,164.4,0.0
2026-01-30,southasia,6976.0,932.0,851.0,3889.1,51.0,13.0,367.0,21.0,8.0,-59.6,2.0
2026-01-30,sudan,401.0,47.0,94.0,-356.2,0.0,2.0,20.0,7.0,7.0,-61.4,2.0
2026-01-30,taiwan,334.0,46.0,31.0,295.7,2.0,4.0,8.0,67.0,20.0,-54.8,9.0
2026-01-30,ukraine,2073.0,267.0,300.0,1448.3,28.0,7.0,66.0,871.0,332.0,-332.2,36.0
2026-01-30,venezuela,1181.0,134.0,210.0,609.2,7.0,6.0,96.0,399.0,111.0,142.0,23.0
2026-01-30,yemen,58.0,11.0,15.0,-62.3,1.0,1.0,8.0,12.0,4.0,-9.7,0.0
2026-01-31,drc,32.0,2.0,10.0,-12.9,0.0,0.0,2.0,5.0,2.0,-7.0,0.0
2026-01-31,europe_east,434.0,21.0,64.0,537.0,0.0,23.0,13.0,18.0,10.0,-49.3,5.0
2026-01-31,iran,2021.0,457.0,315.0,-1248.5,55.0,17.0,95.0,553.0,260.0,-673.3,35.0
2026-01-31,israel,2869.0,639.0,636.0,-3404.2,27.0,11.0,150.0,699.0,439.0,-2344.9,49.0
2026-01-31,korea,288.0,28.0,17.0,381.8,0.0,0.0,9.0,15.0,1.0,40.0,0.0
2026-01-31,libya,72.0,10.0,3.0,113.2,0.0,0.0,3.0,0.0,0.0,0.0,0.0
2026-01-31,scs,792.0,74.0,107.0,517.0,1.0,1.0,33.0,26.0,13.0,-25.3,5.0
2026-01-31,southasia,6647.0,867.0,936.0,1872.6,27.0,18.0,233.0,55.0,26.0,-97.6,6.0
2026-01-31,sudan,291.0,22.0,51.0,43.8,2.0,0.0,16.0,11.0,2.0,8.4,0.0
2026-01-31,taiwan,173.0,13.0,12.0,298.4,0.0,0.0,5.0,22.0,7.0,-51.9,3.0
2026-01-31,ukraine,1070.0,140.0,190.0,222.7,10.0,4.0,40.0,449.0,155.0,-13.3,14.0
2026-01-31,venezuela,824.0,132.0,107.0,570.7,1.0,3.0,54.0,229.0,62.0,209.9,10.0
2026-01-31,yemen,55.0,12.0,3.0,28.9,0.0,0.0,1.0,13.0,1.0,20.0,0.0
2026-02-01,drc,21.0,7.0,6.0,-62.7,0.0,0.0,2.0,3.0,1.0,1.0,0.0
2026-02-01,europe_east,335.0,50.0,14.0,484.1,2.0,4.0,4.0,26.0,9.0,-9.7,6.0
2026-02-01,iran,2342.0,537.0,357.0,-1036.4,71.0,18.0,127.0,816.0,344.0,-168.9,45.0
2026-02-01,israel,3164.0,587.0,622.0,-1979.3,16.0,8.0,187.0,762.0,397.0,-1548.5,49.0
2026-02-01,korea,276.0,34.0,26.0,356.4,0.0,1.0,14.0,10.0,0.0,38.4,0.0
2026-02-01,libya,71.0,4.0,3.0,141.7,0.0,0.0,0.0,0.0,0.0,0.0,0.0
2026-02-01,scs,741.0,74.0,84.0,870.7,1.0,7.0,32.0,29.0,12.0,-4.7,0.0
2026-02-01,southasia,6529.0,895.0,936.0,2607.6,14.0,27.0,195.0,31.0,15.0,-25.7,1.0
2026-02-01,sudan,215.0,14.0,27.0,321.4,0.0,1.0,2.0,8.0,6.0,-55.3,0.0
2026-02-01,taiwan,260.0,28.0,15.0,309.3,2.0,0.0,4.0,57.0,12.0,81.5,3.0
2026-02-01,ukraine,1229.0,126.0,239.0,347.5,3.0,6.0,44.0,536.0,196.0,-8.8,15.0
2026-02-01,venezuela,638.0,90.0,105.0,599.5,2.0,7.0,53.0,197.0,49.0,306.6,9.0
2026-02-01,yemen,74.0,21.0,7.0,-38.4,2.0,0.0,1.0,23.0,7.0,33.3,2.0
2026-02-02,drc,33.0,3.0,6.0,0.2,0.0,0.0,1.0,4.0,1.0,-9.0,0.0
2026-02-02,europe_east,668.0,65.0,74.0,768.4,1.0,4.0,36.0,57.0,29.0,-73.6,9.0
2026-02-02,iran,2812.0,584.0,373.0,350.0,88.0,29.0,150.0,962.0,349.0,48.7,72.0
2026-02-02,israel,3909.0,597.0,782.0,-1358.8,28.0,15.0,241.0,987.0,435.0,-1331.3,59.0
2026-02-02,korea,558.0,60.0,44.0,843.7,0.0,1.0,30.0,24.0,4.0,56.7,0.0
2026-02-02,libya,126.0,3.0,3.0,451.7,0.0,0.0,2.0,6.0,0.0,23.0,0.0
2026-02-02,scs,1229.0,178.0,114.0,1411.3,1.0,2.0,58.0,42.0,11.0,33.9,3.0
2026-02-02,southasia,7850.0,1237.0,1000.0,3009.7,21.0,23.0,331.0,27.0,21.0,-98.5,3.0
2026-02-02,sudan,476.0,39.0,53.0,339.0,1.0,0.0,16.0,4.0,2.0,-12.2,0.0
2026-02-02,taiwan,308.0,16.0,18.0,739.9,0.0,5.0,9.0,51.0,16.0,33.3,9.0
2026-02-02,ukraine,1317.0,143.0,291.0,46.4,12.0,11.0,71.0,593.0,243.0,-394.9,24.0
2026-02-02,venezuela,609.0,94.0,118.0,-16.5,9.0,5.0,58.0,154.0,70.0,-190.5,17.0
2026-02-02,yemen,83.0,24.0,15.0,-85.6,4.0,0.0,6.0,33.0,13.0,-61.4,0.0
2026-02-03,drc,50.0,10.0,8.0,-16.4,1.0,2.0,0.0,12.0,4.0,-4.6,0.0
2026-02-03,europe_east,844.0,56.0,94.0,1067.1,0.0,18.0,44.0,109.0,31.0,5.9,3.0
2026-02-03,iran,3213.0,533.0,450.0,1116.2,62.0,23.0,185.0,1135.0,378.0,253.3,44.0
2026-02-03,israel,4121.0,616.0,764.0,-613.8,17.0,11.0,212.0,1015.0,424.0,-1219.9,44.0
2026-02-03,korea,650.0,75.0,38.0,1166.9,1.0,1.0,17.0,31.0,6.0,42.5,0.0
2026-02-03,libya,428.0,51.0,102.0,-177.9,4.0,0.0,36.0,7.0,0.0,19.4,0.0
2026-02-03,scs,1306.0,160.0,139.0,1598.8,0.0,7.0,77.0,57.0,6.0,155.7,5.0
2026-02-03,southasia,8693.0,1202.0,890.0,8572.4,8.0,10.0,340.0,14.0,5.0,-17.7,0.0
2026-02-03,sudan,488.0,47.0,67.0,389.0,0.0,0.0,6.0,25.0,15.0,-56.3,0.0
2026-02-03,taiwan,322.0,42.0,26.0,358.0,2.0,3.0,12.0,115.0,30.0,6.0,4.0
2026-02-03,ukraine,1855.0,216.0,360.0,222.7,9.0,20.0,75.0,784.0,335.0,-571.9,24.0
2026-02-03,venezuela,865.0,138.0,144.0,196.6,6.0,2.0,60.0,305.0,107.0,-31.4,17.0
2026-02-03,yemen,77.0,11.0,14.0,-56.2,3.0,1.0,3.0,28.0,5.0,1.8,1.0
2026-02-04,drc,169.0,2.0,8.0,312.0,0.0,0.0,0.0,8.0,2.0,1.0,0.0
2026-02-04,europe_east,768.0,59.0,112.0,763.1,0.0,14.0,50.0,56.0,24.0,-115.6,4.0
2026-02-04,iran,3042.0,495.0,482.0,-298.2,29.0,26.0,170.0,939.0,327.0,-285.5,27.0
2026-02-04,israel,4127.0,683.0,802.0,-1729.3,24.0,11.0,269.0,934.0,408.0,-1488.9,48.0
2026-02-04,korea,602.0,42.0,51.0,900.9,0.0,3.0,25.0,27.0,0.0,56.1,0.0
2026-02-04,libya,782.0,92.0,274.0,-1788.8,3.0,0.0,79.0,2.0,2.0,-15.0,0.0
2026-02-04,scs,1218.0,151.0,142.0,1006.3,0.0,9.0,65.0,105.0,39.0,-34.3,6.0
2026-02-04,southasia,8076.0,1164.0,1013.0,4472.3,9.0,24.0,329.0,19.0,5.0,26.4,0.0
2026-02-04,sudan,616.0,82.0,139.0,-562.1,0.0,2.0,21.0,21.0,20.0,-158.8,0.0
2026-02-04,taiwan,578.0,83.0,38.0,660.3,4.0,0.0,15.0,193.0,57.0,31.9,13.0
2026-02-04,ukraine,2013.0,226.0,296.0,1769.6,17.0,13.0,57.0,903.0,330.0,137.0,32.0
2026-02-04,venezuela,895.0,135.0,205.0,-519.5,3.0,4.0,105.0,229.0,83.0,-77.6,17.0
2026-02-04,yemen,114.0,14.0,16.0,93.2,0.0,3.0,4.0,27.0,8.0,-0.8,0.0
2026-02-05,drc,34.0,1.0,1.0,79.6,0.0,0.0,1.0,15.0,2.0,76.0,0.0
2026-02-05,europe_east,871.0,106.0,77.0,1046.4,1.0,5.0,31.0,76.0,26.0,-7.1,10.0
2026-02-05,iran,2719.0,460.0,381.0,644.5,41.0,12.0,159.0,915.0,243.0,876.7,22.0
2026-02-05,israel,3995.0,617.0,856.0,-2151.1,22.0,9.0,352.0,790.0,383.0,-1280.7,38.0
2026-02-05,korea,741.0,65.0,38.0,1527.7,1.0,1.0,14.0,67.0,11.0,148.8,3.0
2026-02-05,libya,228.0,38.0,83.0,-565.1,0.0,0.0,27.0,0.0,0.0,0.0,0.0
2026-02-05,scs,1296.0,169.0,125.0,1396.9,2.0,0.0,55.0,51.0,19.0,-33.1,6.0
2026-02-05,southasia,8143.0,1216.0,840.0,6745.5,34.0,23.0,330.0,48.0,27.0,-144.9,2.0
2026-02-05,sudan,403.0,51.0,100.0,-286.0,5.0,0.0,22.0,9.0,5.0,-20.6,4.0
2026-02-05,taiwan,548.0,62.0,12.0,891.4,3.0,0.0,8.0,199.0,41.0,199.0,4.0
2026-02-05,ukraine,2265.0,192.0,263.0,3458.0,16.0,10.0,60.0,1097.0,279.0,1897.3,28.0
2026-02-05,venezuela,778.0,124.0,146.0,-121.7,4.0,2.0,86.0,195.0,78.0,-70.8,35.0
2026-02-05,yemen,130.0,24.0,21.0,-36.3,0.0,0.0,4.0,65.0,22.0,16.1,4.0
2026-02-06,drc,130.0,13.0,14.0,97.3,0.0,0.0,1.0,27.0,11.0,54.5,0.0
2026-02-06,europe_east,1002.0,133.0,76.0,1372.7,6.0,1.0,41.0,59.0,18.0,-36.4,1.0
2026-02-06,iran,2789.0,425.0,397.0,1232.9,28.0,19.0,186.0,929.0,244.0,1001.0,46.0
2026-02-06,israel,3577.0,565.0,658.0,-293.2,23.0,2.0,236.0,671.0,306.0,-976.3,40.0
2026-02-06,korea,691.0,67.0,57.0,960.1,0.0,1.0,24.0,48.0,21.0,-40.2,4.0
2026-02-06,libya,321.0,29.0,163.0,-939.2,0.0,0.0,77.0,0.0,0.0,0.0,0.0
2026-02-06,scs,1142.0,125.0,124.0,1425.8,0.0,8.0,44.0,38.0,21.0,-79.7,2.0
2026-02-06,southasia,8219.0,1167.0,1081.0,4600.2,11.0,34.0,350.0,26.0,12.0,-21.9,4.0
2026-02-06,sudan,356.0,62.0,83.0,-428.2,3.0,2.0,17.0,23.0,18.0,-131.2,0.0
2026-02-06,taiwan,414.0,35.0,15.0,958.2,2.0,0.0,7.0,90.0,31.0,-32.6,8.0
2026-02-06,ukraine,2089.0,216.0,388.0,652.6,14.0,11.0,43.0,914.0,373.0,-355.8,31.0
2026-02-06,venezuela,588.0,105.0,127.0,-50.3,0.0,3.0,66.0,159.0,73.0,-143.6,22.0
2026-02-06,yemen,107.0,27.0,17.0,-48.1,0.0,0.0,5.0,47.0,10.0,81.6,1.0
2026-02-07,drc,21.0,4.0,4.0,-17.5,0.0,0.0,0.0,0.0,0.0,0.0,0.0
2026-02-07,europe_east,346.0,35.0,76.0,17.5,1.0,9.0,43.0,38.0,13.0,23.9,0.0
2026-02-07,iran,1952.0,281.0,263.0,1114.7,22.0,8.0,115.0,782.0,231.0,445.1,24.0
2026-02-07,israel,2436.0,343.0,515.0,-1147.0,11.0,3.0,142.0,593.0,237.0,-556.2,11.0
2026-02-07,korea,259.0,34.0,23.0,229.1,2.0,0.0,6.0,30.0,8.0,6.8,2.0
2026-02-07,libya,153.0,21.0,64.0,-458.4,0.0,0.0,25.0,0.0,0.0,0.0,0.0
2026-02-07,scs,698.0,88.0,76.0,524.5,1.0,0.0,13.0,18.0,0.0,68.0,0.0
2026-02-07,southasia,6230.0,924.0,765.0,3008.7,14.0,16.0,302.0,23.0,12.0,-12.6,0.0
2026-02-07,sudan,246.0,36.0,79.0,-397.7,1.0,0.0,16.0,2.0,0.0,0.8,0.0
2026-02-07,taiwan,260.0,44.0,20.0,232.6,4.0,0.0,4.0,81.0,24.0,92.4,9.0
2026-02-07,ukraine,1530.0,248.0,235.0,175.6,13.0,6.0,41.0,720.0,272.0,-157.1,21.0
2026-02-07,venezuela,263.0,43.0,52.0,-40.8,3.0,2.0,19.0,49.0,24.0,-68.0,7.0
2026-02-07,yemen,69.0,2.0,4.0,162.7,0.0,0.0,0.0,41.0,7.0,56.4,1.0
2026-02-08,drc,5.0,0.0,0.0,26.4,0.0,0.0,0.0,2.0,0.0,8.0,0.0
2026-02-08,europe_east,281.0,30.0,47.0,63.8,2.0,0.0,24.0,19.0,9.0,-58.6,0.0
2026-02-08,iran,1768.0,277.0,229.0,1203.8,41.0,4.0,101.0,910.0,192.0,1543.8,33.0
2026-02-08,israel,3037.0,416.0,459.0,773.3,13.0,9.0,142.0,793.0,242.0,131.6,26.0
2026-02-08,korea,384.0,23.0,32.0,638.2,2.0,2.0,7.0,31.0,11.0,-35.5,5.0
2026-02-08,libya,78.0,12.0,22.0,-117.1,0.0,0.0,6.0,0.0,0.0,0.0,0.0
2026-02-08,scs,791.0,104.0,53.0,1245.6,2.0,1.0,31.0,40.0,19.0,45.0,0.0
2026-02-08,southasia,5553.0,768.0,684.0,3155.2,5.0,13.0,296.0,94.0,15.0,83.9,2.0
2026-02-08,sudan,140.0,32.0,31.0,-149.3,1.0,0.0,0.0,6.0,6.0,-60.0,0.0
2026-02-08,taiwan,212.0,44.0,32.0,-69.0,4.0,0.0,14.0,47.0,28.0,-142.0,11.0
2026-02-08,ukraine,1140.0,180.0,219.0,-132.0,7.0,2.0,68.0,611.0,280.0,-511.5,31.0
2026-02-08,venezuela,259.0,49.0,28.0,256.7,5.0,0.0,10.0,44.0,18.0,-82.2,1.0
2026-02-08,yemen,54.0,4.0,14.0,-45.8,1.0,0.0,2.0,35.0,17.0,-29.2,0.0
2026-02-09,drc,39.0,2.0,6.0,86.1,0.0,0.0,0.0,12.0,5.0,5.4,0.0
2026-02-09,europe_east,487.0,54.0,74.0,309.2,1.0,10.0,37.0,71.0,16.0,20.4,7.0
2026-02-09,iran,2246.0,384.0,406.0,-49.4,27.0,12.0,235.0,774.0,244.0,573.1,46.0
2026-02-09,israel,4687.0,940.0,859.0,-2525.3,19.0,24.0,266.0,1088.0,545.0,-1758.8,79.0
2026-02-09,korea,566.0,72.0,44.0,700.3,0.0,5.0,20.0,14.0,2.0,37.1,1.0
2026-02-09,libya,141.0,7.0,17.0,187.9,0.0,0.0,2.0,2.0,0.0,6.8,0.0
2026-02-09,scs,1168.0,164.0,96.0,1353.7,3.0,4.0,52.0,18.0,5.0,-0.8,1.0
2026-02-09,southasia,7619.0,1125.0,713.0,6566.7,61.0,25.0,286.0,46.0,15.0,64.4,2.0
2026-02-09,sudan,402.0,62.0,77.0,-105.7,4.0,3.0,18.0,4.0,3.0,-25.6,0.0
2026-02-09,taiwan,414.0,65.0,16.0,531.5,2.0,0.0,9.0,96.0,54.0,-131.5,17.0
2026-02-09,ukraine,1209.0,199.0,244.0,-430.1,10.0,14.0,70.0,568.0,272.0,-785.5,42.0
2026-02-09,venezuela,894.0,151.0,181.0,409.2,2.0,0.0,103.0,115.0,54.0,-227.3,13.0
2026-02-09,yemen,65.0,3.0,19.0,-19.5,0.0,0.0,11.0,7.0,1.0,8.3,1.0
2026-02-10,drc,56.0,8.0,3.0,79.5,0.0,0.0,1.0,11.0,7.0,-34.4,0.0
2026-02-10,europe_east,782.0,79.0,61.0,1128.5,3.0,2.0,30.0,61.0,21.0,19.1,2.0
2026-02-10,iran,2457.0,353.0,318.0,1497.4,34.0,6.0,147.0,1216.0,330.0,1053.9,59.0
2026-02-10,israel,5262.0,1052.0,858.0,-1336.2,57.0,20.0,317.0,1408.0,569.0,-1200.3,86.0
2026-02-10,korea,685.0,101.0,92.0,166.0,0.0,4.0,33.0,45.0,26.0,-104.2,0.0
2026-02-10,libya,147.0,16.0,26.0,124.7,0.0,0.0,7.0,0.0,0.0,0.0,0.0
2026-02-10,scs,1343.0,182.0,103.0,1401.7,1.0,3.0,49.0,74.0,37.0,-69.5,3.0
2026-02-10,southasia,7702.0,1133.0,870.0,5318.8,10.0,22.0,368.0,12.0,7.0,1.7,0.0
2026-02-10,sudan,411.0,69.0,77.0,-201.5,8.0,1.0,16.0,3.0,2.0,-6.1,0.0
2026-02-10,taiwan,393.0,48.0,41.0,309.9,2.0,1.0,16.0,160.0,47.0,34.6,8.0
2026-02-10,ukraine,1413.0,182.0,246.0,484.7,14.0,6.0,60.0,461.0,218.0,-463.7,27.0
2026-02-10,venezuela,661.0,121.0,113.0,128.6,1.0,2.0,67.0,110.0,32.0,47.9,10.0
2026-02-10,yemen,37.0,9.0,3.0,51.0,0.0,0.0,1.0,22.0,10.0,-9.8,1.0
2026-02-11,drc,44.0,5.0,8.0,17.1,1.0,0.0,0.0,22.0,1.0,79.2,0.0
2026-02-11,europe_east,750.0,67.0,57.0,1431.1,7.0,5.0,32.0,50.0,18.0,-54.7,9.0
2026-02-11,iran,3026.0,464.0,370.0,1196.6,37.0,9.0,173.0,1315.0,329.0,1504.7,35.0
2026-02-11,israel,5017.0,801.0,746.0,466.2,23.0,12.0,261.0,1313.0,449.0,-298.2,72.0
2026-02-11,korea,528.0,67.0,47.0,669.8,1.0,1.0,27.0,28.0,16.0,-60.5,2.0
2026-02-11,libya,130.0,8.0,24.0,82.0,0.0,2.0,4.0,0.0,0.0,0.0,0.0
2026-02-11,scs,1225.0,166.0,143.0,1242.2,0.0,2.0,79.0,129.0,62.0,-29.6,15.0
2026-02-11,southasia,7474.0,1140.0,850.0,4352.9,44.0,17.0,330.0,8.0,7.0,-33.9,3.0
2026-02-11,sudan,614.0,104.0,146.0,-602.7,5.0,6.0,32.0,5.0,2.0,1.2,0.0
2026-02-11,taiwan,305.0,47.0,46.0,176.8,6.0,0.0,37.0,54.0,24.0,-68.0,4.0
2026-02-11,ukraine,1585.0,194.0,253.0,411.6,7.0,7.0,47.0,606.0,292.0,-1043.5,28.0
2026-02-11,venezuela,731.0,125.0,114.0,292.0,3.0,1.0,63.0,135.0,46.0,36.7,4.0
2026-02-11,yemen,64.0,11.0,13.0,-54.0,0.0,0.0,1.0,14.0,6.0,9.4,0.0
2026-02-12,drc,87.0,9.0,10.0,139.0,1.0,2.0,1.0,16.0,0.0,92.0,0.0
2026-02-12,europe_east,729.0,70.0,37.0,1439.9,0.0,3.0,17.0,40.0,10.0,67.8,0.0
2026-02-12,iran,2441.0,451.0,308.0,581.9,37.0,6.0,126.0,1118.0,272.0,1314.4,39.0
2026-02-12,israel,4622.0,811.0,722.0,-288.5,39.0,17.0,259.0,1145.0,453.0,-850.8,72.0
2026-02-12,korea,810.0,80.0,68.0,1350.6,0.0,2.0,51.0,76.0,7.0,178.3,0.0
2026-02-12,libya,100.0,2.0,5.0,304.1,0.0,0.0,2.0,1.0,1.0,-2.0,0.0
2026-02-12,scs,1433.0,168.0,138.0,1478.7,0.0,3.0,81.0,117.0,65.0,-133.1,21.0
2026-02-12,southasia,7690.0,1190.0,926.0,4100.0,28.0,15.0,413.0,29.0,13.0,-43.4,1.0
2026-02-12,sudan,425.0,73.0,80.0,-239.7,1.0,1.0,11.0,4.0,4.0,-39.5,0.0
2026-02-12,taiwan,403.0,75.0,54.0,100.5,10.0,1.0,24.0,102.0,58.0,-182.9,15.0
2026-02-12,ukraine,1675.0,237.0,355.0,-515.6,8.0,6.0,54.0,683.0,358.0,-1472.2,19.0
2026-02-12,venezuela,764.0,116.0,118.0,373.7,0.0,2.0,71.0,160.0,49.0,50.6,13.0
2026-02-12,yemen,132.0,18.0,24.0,19.6,2.0,0.0,5.0,33.0,16.0,-37.9,0.0
2026-02-13,drc,45.0,1.0,6.0,117.6,0.0,0.0,2.0,5.0,3.0,-1.3,0.0
2026-02-13,europe_east,729.0,58.0,42.0,1451.3,1.0,1.0,21.0,17.0,7.0,20.4,2.0
2026-02-13,iran,2272.0,396.0,278.0,1042.9,49.0,9.0,108.0,868.0,221.0,1030.7,23.0
2026-02-13,israel,4048.0,660.0,839.0,-1025.5,22.0,12.0,422.0,877.0,360.0,-754.8,84.0
2026-02-13,korea,839.0,107.0,75.0,994.7,5.0,3.0,23.0,106.0,37.0,-5.9,9.0
2026-02-13,libya,100.0,6.0,18.0,132.2,0.0,0.0,12.0,0.0,0.0,0.0,0.0
2026-02-13,scs,1133.0,144.0,101.0,1353.5,2.0,4.0,51.0,45.0,8.0,70.7,0.0
2026-02-13,southasia,7406.0,1092.0,910.0,3684.5,49.0,24.0,387.0,7.0,4.0,-6.5,2.0
2026-02-13,sudan,368.0,55.0,44.0,208.7,4.0,0.0,10.0,8.0,8.0,-56.0,0.0
2026-02-13,taiwan,448.0,45.0,13.0,1085.8,2.0,0.0,5.0,95.0,34.0,-4.5,3.0
2026-02-13,ukraine,1857.0,229.0,305.0,913.2,6.0,7.0,71.0,591.0,253.0,-547.4,18.0
2026-02-13,venezuela,950.0,93.0,210.0,-195.9,4.0,3.0,75.0,317.0,114.0,-327.2,19.0
2026-02-13,yemen,146.0,13.0,12.0,300.7,0.0,0.0,2.0,35.0,3.0,69.6,2.0
2026-02-14,drc,34.0,3.0,12.0,-55.9,0.0,0.0,4.0,0.0,0.0,0.0,0.0
2026-02-14,europe_east,388.0,25.0,33.0,701.3,0.0,0.0,21.0,9.0,4.0,-26.5,0.0
2026-02-14,iran,2262.0,459.0,275.0,695.8,78.0,18.0,104.0,793.0,179.0,1032.8,32.0
2026-02-14,israel,2535.0,471.0,370.0,363.7,16.0,21.0,157.0,665.0,235.0,126.5,42.0
2026-02-14,korea,261.0,28.0,37.0,193.9,0.0,0.0,12.0,18.0,8.0,8.9,1.0
2026-02-14,libya,122.0,5.0,24.0,82.8,0.0,0.0,10.0,0.0,0.0,0.0,0.0
2026-02-14,scs,950.0,112.0,107.0,951.3,0.0,0.0,63.0,98.0,28.0,185.6,7.0
2026-02-14,southasia,5896.0,780.0,728.0,2467.2,25.0,10.0,319.0,14.0,2.0,17.0,1.0
2026-02-14,sudan,264.0,43.0,47.0,-92.8,4.0,0.0,12.0,3.0,3.0,-30.0,0.0
2026-02-14,taiwan,207.0,14.0,17.0,382.4,0.0,1.0,2.0,51.0,14.0,-1.8,0.0
2026-02-14,ukraine,1766.0,195.0,225.0,1457.2,5.0,12.0,50.0,589.0,214.0,137.0,15.0
2026-02-14,venezuela,747.0,99.0,149.0,-49.8,3.0,1.0,75.0,235.0,88.0,-228.2,31.0
2026-02-14,yemen,53.0,13.0,8.0,-34.9,0.0,1.0,0.0,16.0,2.0,7.6,0.0
2026-02-15,drc,22.0,0.0,2.0,64.9,0.0,0.0,0.0,9.0,2.0,38.7,0.0
2026-02-15,europe_east,352.0,25.0,25.0,619.2,0.0,2.0,15.0,38.0,2.0,99.1,0.0
2026-02-15,iran,1818.0,404.0,210.0,329.6,44.0,10.0,90.0,721.0,190.0,965.5,26.0
2026-02-15,israel,3127.0,585.0,656.0,-2019.6,8.0,14.0,166.0,777.0,347.0,-796.3,21.0
2026-02-15,korea,263.0,30.0,43.0,-0.8,0.0,2.0,15.0,17.0,5.0,-8.6,1.0
2026-02-15,libya,46.0,6.0,1.0,85.7,0.0,0.0,1.0,0.0,0.0,0.0,0.0
2026-02-15,scs,821.0,72.0,109.0,753.1,2.0,3.0,56.0,77.0,23.0,73.7,0.0
2026-02-15,southasia,5355.0,626.0,644.0,3191.6,5.0,17.0,262.0,11.0,7.0,-18.0,2.0
2026-02-15,sudan,310.0,44.0,54.0,-45.4,0.0,0.0,10.0,13.0,6.0,-38.1,0.0
2026-02-15,taiwan,122.0,25.0,11.0,78.5,0.0,0.0,8.0,83.0,47.0,-142.4,11.0
2026-02-15,ukraine,1399.0,175.0,192.0,1050.5,7.0,2.0,65.0,492.0,188.0,23.5,16.0
2026-02-15,venezuela,283.0,45.0,70.0,-256.8,0.0,1.0,42.0,68.0,32.0,-106.8,8.0
2026-02-15,yemen,51.0,4.0,19.0,-50.6,0.0,0.0,9.0,12.0,3.0,-0.4,1.0
2026-02-16,drc,57.0,8.0,5.0,48.1,0.0,0.0,2.0,9.0,0.0,24.2,0.0
2026-02-16,europe_east,854.0,63.0,52.0,1565.4,8.0,2.0,19.0,80.0,28.0,-50.1,10.0
2026-02-16,iran,2362.0,338.0,284.0,1553.1,33.0,15.0,87.0,849.0,245.0,613.7,40.0
2026-02-16,israel,4835.0,787.0,942.0,-1642.6,16.0,23.0,266.0,1184.0,565.0,-2057.6,78.0
2026-02-16,korea,495.0,51.0,86.0,172.1,0.0,16.0,16.0,47.0,10.0,23.5,1.0
2026-02-16,libya,64.0,6.0,16.0,-19.8,0.0,0.0,3.0,7.0,1.0,32.8,0.0
2026-02-16,scs,1300.0,154.0,159.0,1507.3,2.0,6.0,100.0,73.0,2.0,272.1,1.0
2026-02-16,southasia,7780.0,987.0,900.0,5171.7,61.0,26.0,361.0,5.0,5.0,-30.4,0.0
2026-02-16,sudan,568.0,72.0,80.0,16.3,12.0,0.0,12.0,20.0,17.0,-124.9,4.0
2026-02-16,taiwan,230.0,34.0,13.0,369.6,1.0,4.0,6.0,60.0,24.0,-22.6,5.0
2026-02-16,ukraine,2086.0,292.0,294.0,998.8,12.0,10.0,93.0,706.0,245.0,175.0,28.0
2026-02-16,venezuela,442.0,60.0,83.0,-45.9,1.0,3.0,30.0,126.0,53.0,-176.5,14.0
2026-02-16,yemen,80.0,6.0,22.0,-38.1,0.0,0.0,12.0,12.0,2.0,19.8,0.0
2026-02-17,drc,22.0,1.0,0.0,69.6,0.0,0.0,0.0,7.0,4.0,-16.8,0.0
2026-02-17,europe_east,796.0,65.0,61.0,1494.4,8.0,2.0,37.0,63.0,31.0,-82.6,3.0
2026-02-17,iran,3145.0,450.0,442.0,1847.0,79.0,52.0,163.0,1103.0,286.0,1667.3,72.0
2026-02-17,israel,3628.0,638.0,648.0,-736.1,18.0,16.0,235.0,774.0,371.0,-1009.8,105.0
2026-02-17,korea,495.0,43.0,51.0,614.1,0.0,1.0,36.0,26.0,7.0,24.9,3.0
2026-02-17,libya,83.0,10.0,21.0,-41.2,0.0,0.0,11.0,0.0,0.0,0.0,0.0
2026-02-17,scs,1225.0,111.0,145.0,1413.9,1.0,1.0,63.0,170.0,52.0,300.3,9.0
2026-02-17,southasia,9174.0,1207.0,1031.0,7095.3,59.0,36.0,411.0,33.0,23.0,-126.0,19.0
2026-02-17,sudan,338.0,38.0,85.0,-124.0,1.0,4.0,19.0,15.0,15.0,-104.4,2.0
2026-02-17,taiwan,227.0,30.0,10.0,451.0,0.0,1.0,2.0,61.0,12.0,136.7,1.0
2026-02-17,ukraine,1983.0,216.0,355.0,502.1,6.0,11.0,62.0,876.0,340.0,-350.1,14.0
2026-02-17,venezuela,454.0,57.0,100.0,-243.3,3.0,8.0,37.0,112.0,56.0,-194.1,14.0
2026-02-17,yemen,96.0,12.0,33.0,-199.1,0.0,2.0,7.0,22.0,16.0,-92.0,2.0
2026-02-18,drc,57.0,1.0,3.0,210.1,0.0,2.0,0.0,15.0,2.0,12.1,0.0
2026-02-18,europe_east,958.0,84.0,53.0,1534.0,1.0,1.0,28.0,40.0,20.0,-49.1,2.0
2026-02-18,iran,2975.0,488.0,436.0,728.7,62.0,41.0,153.0,948.0,283.0,666.6,74.0
2026-02-18,israel,4468.0,785.0,763.0,-442.1,29.0,37.0,280.0,951.0,416.0,-1250.2,76.0
2026-02-18,korea,626.0,78.0,63.0,551.2,2.0,7.0,32.0,59.0,16.0,45.3,0.0
2026-02-18,libya,97.0,10.0,24.0,-14.7,0.0,0.0,6.0,0.0,0.0,0.0,0.0
2026-02-18,scs,1420.0,200.0,159.0,1105.9,0.0,6.0,69.0,73.0,26.0,53.5,8.0
2026-02-18,southasia,8871.0,976.0,904.0,9023.0,19.0,26.0,338.0,37.0,19.0,-39.6,3.0
2026-02-18,sudan,413.0,56.0,79.0,-46.0,1.0,1.0,8.0,6.0,6.0,-54.0,0.0
2026-02-18,taiwan,301.0,42.0,15.0,585.5,0.0,3.0,4.0,109.0,40.0,88.4,8.0
2026-02-18,ukraine,2631.0,304.0,324.0,2700.5,9.0,9.0,122.0,950.0,331.0,402.6,19.0
2026-02-18,venezuela,621.0,90.0,112.0,74.6,4.0,1.0,51.0,115.0,48.0,-114.6,6.0
2026-02-18,yemen,56.0,4.0,9.0,19.9,0.0,0.0,1.0,8.0,6.0,-39.2,0.0
2026-02-19,drc,16.0,3.0,3.0,-5.5,0.0,0.0,1.0,8.0,0.0,48.0,0.0
2026-02-19,europe_east,1020.0,101.0,86.0,1728.2,2.0,5.0,45.0,94.0,48.0,-248.2,21.0
2026-02-19,iran,3931.0,730.0,641.0,-680.3,134.0,64.0,224.0,1247.0,460.0,-453.2,120.0
2026-02-19,israel,5656.0,773.0,927.0,1227.8,35.0,45.0,297.0,1233.0,552.0,-1934.5,108.0
2026-02-19,korea,1287.0,174.0,355.0,-498.6,6.0,13.0,293.0,60.0,20.0,31.3,4.0
2026-02-19,libya,92.0,21.0,11.0,-17.9,2.0,0.0,2.0,1.0,1.0,-10.0,0.0
2026-02-19,scs,1503.0,168.0,172.0,1853.1,4.0,2.0,94.0,76.0,31.0,-23.6,3.0
2026-02-19,southasia,8205.0,965.0,838.0,8513.8,29.0,14.0,319.0,14.0,6.0,-19.8,4.0
2026-02-19,sudan,642.0,95.0,198.0,-1324.9,1.0,0.0,32.0,23.0,20.0,-179.8,0.0
2026-02-19,taiwan,293.0,51.0,21.0,335.2,0.0,0.0,9.0,92.0,25.0,98.5,0.0
2026-02-19,ukraine,1954.0,277.0,253.0,1842.1,7.0,11.0,98.0,675.0,234.0,464.9,15.0
2026-02-19,venezuela,690.0,75.0,73.0,684.8,3.0,1.0,33.0,189.0,65.0,9.2,10.0
2026-02-19,yemen,72.0,10.0,31.0,-238.6,0.0,22.0,1.0,20.0,8.0,-4.4,3.0
2026-02-20,drc,67.0,7.0,11.0,-5.4,0.0,0.0,2.0,34.0,5.0,51.0,2.0
2026-02-20,europe_east,845.0,61.0,77.0,1259.1,2.0,2.0,39.0,46.0,7.0,20.6,2.0
2026-02-20,iran,3223.0,614.0,531.0,-220.6,89.0,57.0,179.0,1076.0,418.0,-378.7,133.0
2026-02-20,israel,4575.0,732.0,863.0,-1098.5,42.0,72.0,212.0,941.0,439.0,-1611.2,91.0
2026-02-20,korea,1009.0,113.0,164.0,908.5,5.0,7.0,133.0,64.0,21.0,-7.6,5.0
2026-02-20,libya,91.0,10.0,9.0,63.7,0.0,0.0,1.0,1.0,0.0,3.4,0.0
2026-02-20,scs,1324.0,139.0,151.0,1358.5,0.0,8.0,75.0,52.0,16.0,50.3,0.0
2026-02-20,southasia,7426.0,959.0,783.0,6250.7,26.0,22.0,318.0,26.0,5.0,41.4,0.0
2026-02-20,sudan,533.0,91.0,120.0,-469.5,0.0,0.0,20.0,20.0,12.0,-91.2,0.0
2026-02-20,taiwan,263.0,39.0,15.0,522.2,0.0,0.0,3.0,67.0,17.0,157.4,1.0
2026-02-20,ukraine,1592.0,157.0,297.0,621.9,16.0,6.0,89.0,452.0,172.0,-317.2,28.0
2026-02-20,venezuela,591.0,82.0,110.0,198.6,6.0,3.0,58.0,103.0,50.0,-121.7,8.0
2026-02-20,yemen,57.0,17.0,11.0,-82.8,1.0,0.0,4.0,19.0,7.0,15.0,0.0
2026-02-21,drc,31.0,1.0,9.0,-29.7,0.0,0.0,1.0,3.0,0.0,10.2,0.0
2026-02-21,europe_east,349.0,39.0,38.0,221.4,1.0,2.0,19.0,27.0,13.0,-42.0,4.0
2026-02-21,iran,1957.0,455.0,369.0,-1495.0,51.0,33.0,149.0,609.0,280.0,-554.7,59.0
2026-02-21,israel,3026.0,570.0,644.0,-2619.0,17.0,31.0,133.0,758.0,394.0,-1765.7,39.0
2026-02-21,korea,405.0,47.0,40.0,518.2,0.0,0.0,31.0,36.0,19.0,-110.9,0.0
2026-02-21,libya,35.0,4.0,5.0,14.9,0.0,0.0,1.0,0.0,0.0,0.0,0.0
2026-02-21,scs,1140.0,98.0,108.0,1424.0,0.0,4.0,53.0,38.0,6.0,99.4,0.0
2026-02-21,southasia,6521.0,1121.0,828.0,1372.3,13.0,32.0,316.0,23.0,9.0,2.8,7.0
2026-02-21,sudan,275.0,33.0,29.0,151.5,2.0,0.0,7.0,3.0,0.0,9.4,0.0
2026-02-21,taiwan,134.0,10.0,5.0,241.6,0.0,0.0,0.0,12.0,3.0,29.0,0.0
2026-02-21,ukraine,1229.0,199.0,265.0,-553.8,10.0,15.0,55.0,417.0,209.0,-832.1,19.0
2026-02-21,venezuela,388.0,65.0,74.0,94.6,2.0,2.0,29.0,63.0,35.0,-140.4,10.0
2026-02-21,yemen,34.0,7.0,12.0,-78.9,0.0,0.0,3.0,22.0,13.0,-77.2,0.0
2026-02-22,drc,6.0,1.0,4.0,-43.5,0.0,0.0,0.0,4.0,4.0,-8.0,0.0
2026-02-22,europe_east,271.0,34.0,23.0,289.9,2.0,0.0,11.0,51.0,6.0,45.5,0.0
2026-02-22,iran,2304.0,487.0,404.0,-1458.6,55.0,45.0,119.0,669.0,259.0,-217.3,49.0
2026-02-22,israel,3113.0,765.0,476.0,-1403.9,25.0,23.0,121.0,630.0,301.0,-1135.7,42.0
2026-02-22,korea,463.0,79.0,45.0,394.3,3.0,0.0,30.0,19.0,3.0,26.3,0.0
2026-02-22,libya,43.0,6.0,2.0,63.9,0.0,0.0,0.0,1.0,0.0,7.4,0.0
2026-02-22,scs,1083.0,136.0,80.0,1427.5,1.0,3.0,45.0,55.0,29.0,-62.9,4.0
2026-02-22,southasia,6401.0,1068.0,1168.0,-2471.9,28.0,16.0,375.0,38.0,17.0,-59.8,5.0
2026-02-22,sudan,340.0,54.0,39.0,153.3,2.0,0.0,9.0,10.0,8.0,-42.6,2.0
2026-02-22,taiwan,155.0,17.0,13.0,161.1,0.0,2.0,3.0,35.0,5.0,-11.3,5.0
2026-02-22,ukraine,1343.0,219.0,333.0,-1098.1,9.0,14.0,81.0,442.0,249.0,-1314.8,26.0
2026-02-22,venezuela,305.0,46.0,64.0,-42.4,3.0,0.0,27.0,71.0,34.0,-147.8,8.0
2026-02-22,yemen,25.0,6.0,4.0,-25.1,0.0,0.0,1.0,8.0,1.0,18.4,0.0
2026-02-23,drc,36.0,5.0,16.0,-123.4,0.0,0.0,6.0,5.0,1.0,30.0,0.0
2026-02-23,europe_east,664.0,80.0,65.0,728.4,3.0,11.0,32.0,76.0,33.0,-117.7,7.0
2026-02-23,iran,3196.0,607.0,530.0,-963.4,91.0,39.0,193.0,969.0,361.0,-57.3,67.0
2026-02-23,israel,3913.0,677.0,736.0,-1761.0,42.0,11.0,261.0,784.0,398.0,-1779.4,68.0
2026-02-23,korea,837.0,98.0,78.0,989.6,2.0,2.0,32.0,23.0,5.0,8.8,1.0
2026-02-23,libya,40.0,3.0,4.0,35.4,0.0,0.0,2.0,0.0,0.0,0.0,0.0
2026-02-23,scs,1623.0,270.0,219.0,697.2,8.0,1.0,149.0,94.0,44.0,-53.4,10.0
2026-02-23,southasia,8270.0,1281.0,1241.0,1426.3,69.0,37.0,447.0,24.0,12.0,-30.2,1.0
2026-02-23,sudan,349.0,48.0,63.0,-12.1,0.0,1.0,20.0,14.0,6.0,14.4,2.0
2026-02-23,taiwan,263.0,21.0,30.0,523.2,0.0,0.0,20.0,46.0,6.0,147.0,2.0
2026-02-23,ukraine,2597.0,382.0,481.0,-145.5,20.0,16.0,108.0,818.0,411.0,-1627.0,45.0
2026-02-23,venezuela,551.0,109.0,134.0,-519.1,0.0,0.0,68.0,142.0,63.0,-192.8,8.0
2026-02-23,yemen,56.0,11.0,17.0,-127.0,3.0,0.0,9.0,19.0,11.0,-54.6,0.0
2026-02-24,drc,54.0,7.0,11.0,-19.1,0.0,0.0,0.0,22.0,8.0,38.6,0.0
2026-02-24,europe_east,746.0,55.0,70.0,1121.1,1.0,1.0,41.0,87.0,40.0,-115.7,12.0
2026-02-24,iran,3274.0,659.0,501.0,-1102.2,79.0,41.0,152.0,888.0,346.0,-547.5,73.0
2026-02-24,israel,4047.0,768.0,655.0,-717.9,53.0,16.0,224.0,813.0,387.0,-1397.5,66.0
2026-02-24,korea,758.0,119.0,102.0,473.2,4.0,2.0,66.0,52.0,22.0,34.3,0.0
2026-02-24,libya,39.0,5.0,5.0,12.2,0.0,0.0,1.0,0.0,0.0,0.0,0.0
2026-02-24,scs,1631.0,224.0,243.0,604.5,1.0,1.0,107.0,87.0,19.0,24.9,2.0
2026-02-24,southasia,8854.0,1289.0,1209.0,3633.1,42.0,16.0,474.0,13.0,6.0,-15.0,0.0
2026-02-24,sudan,399.0,35.0,106.0,-328.5,1.0,2.0,25.0,7.0,5.0,-27.0,0.0
2026-02-24,taiwan,337.0,33.0,43.0,361.3,2.0,6.0,15.0,72.0,20.0,41.9,6.0
2026-02-24,ukraine,4623.0,604.0,632.0,3269.7,33.0,32.0,195.0,1573.0,697.0,-1760.6,74.0
2026-02-24,venezuela,555.0,61.0,129.0,-115.4,1.0,6.0,50.0,134.0,51.0,-20.6,21.0
2026-02-24,yemen,42.0,5.0,6.0,13.2,0.0,0.0,1.0,5.0,3.0,-26.6,0.0
2026-02-25,drc,38.0,3.0,12.0,-75.7,0.0,0.0,0.0,8.0,7.0,-37.2,0.0
2026-02-25,europe_east,993.0,87.0,100.0,1483.7,5.0,0.0,65.0,92.0,35.0,-19.6,9.0
2026-02-25,iran,3030.0,583.0,449.0,-579.2,63.0,37.0,162.0,969.0,336.0,-85.6,69.0
2026-02-25,israel,5421.0,756.0,838.0,719.0,60.0,26.0,261.0,923.0,418.0,-1321.2,72.0
2026-02-25,korea,818.0,85.0,76.0,1105.7,1.0,2.0,51.0,59.0,16.0,12.8,0.0
2026-02-25,libya,32.0,1.0,12.0,-48.7,0.0,0.0,0.0,0.0,0.0,0.0,0.0
2026-02-25,scs,1430.0,153.0,223.0,490.9,7.0,4.0,88.0,57.0,13.0,100.3,1.0
2026-02-25,southasia,8191.0,1215.0,1094.0,3439.2,28.0,16.0,387.0,23.0,17.0,-140.0,1.0
2026-02-25,sudan,447.0,59.0,138.0,-794.2,8.0,0.0,49.0,9.0,4.0,-11.6,0.0
2026-02-25,taiwan,340.0,62.0,32.0,256.0,3.0,0.0,19.0,58.0,16.0,55.1,0.0
2026-02-25,ukraine,3012.0,416.0,413.0,1936.0,18.0,24.0,93.0,836.0,367.0,-1100.0,36.0
2026-02-25,venezuela,643.0,79.0,149.0,-196.7,3.0,1.0,64.0,151.0,71.0,-310.5,9.0
2026-02-25,yemen,37.0,2.0,8.0,-24.5,0.0,0.0,2.0,25.0,10.0,-46.7,1.0
2026-02-26,drc,56.0,9.0,23.0,-208.4,3.0,0.0,1.0,11.0,3.0,-5.9,0.0
2026-02-26,europe_east,900.0,97.0,83.0,1256.3,0.0,0.0,55.0,51.0,17.0,10.0,3.0
2026-02-26,iran,3667.0,655.0,505.0,381.7,90.0,44.0,189.0,1348.0,461.0,587.3,117.0
2026-02-26,israel,5159.0,728.0,854.0,599.6,43.0,22.0,311.0,1034.0,509.0,-1969.6,120.0
2026-02-26,korea,1021.0,149.0,96.0,1229.7,6.0,7.0,53.0,123.0,25.0,146.6,3.0
2026-02-26,libya,85.0,13.0,21.0,-71.5,0.0,0.0,7.0,2.0,2.0,-17.0,0.0
2026-02-26,scs,1408.0,200.0,156.0,1122.9,1.0,10.0,72.0,51.0,14.0,86.8,5.0
2026-02-26,southasia,8783.0,1354.0,1204.0,2535.9,21.0,30.0,485.0,44.0,17.0,-56.1,8.0
2026-02-26,sudan,577.0,67.0,149.0,-460.3,1.0,2.0,59.0,9.0,8.0,-47.0,0.0
2026-02-26,taiwan,244.0,31.0,18.0,239.1,0.0,1.0,6.0,40.0,17.0,-64.4,1.0
2026-02-26,ukraine,2634.0,238.0,352.0,2931.6,12.0,12.0,93.0,767.0,293.0,-621.8,23.0
2026-02-26,venezuela,642.0,109.0,144.0,-212.9,3.0,0.0,70.0,144.0,84.0,-344.8,26.0
2026-02-26,yemen,64.0,21.0,13.0,-101.2,0.0,0.0,1.0,35.0,18.0,-87.3,0.0
2026-02-27,drc,48.0,13.0,6.0,-9.3,0.0,0.0,0.0,13.0,7.0,3.0,0.0
2026-02-27,europe_east,1042.0,92.0,100.0,1224.7,2.0,5.0,64.0,98.0,32.0,40.6,10.0
2026-02-27,iran,3614.0,585.0,497.0,1055.7,79.0,40.0,183.0,1373.0,415.0,1151.0,103.0
2026-02-27,israel,4984.0,904.0,828.0,-887.3,51.0,25.0,310.0,961.0,398.0,-1174.8,76.0
2026-02-27,korea,808.0,99.0,48.0,1055.1,1.0,3.0,25.0,98.0,28.0,35.6,2.0
2026-02-27,libya,67.0,8.0,18.0,-41.9,0.0,0.0,11.0,0.0,0.0,0.0,0.0
2026-02-27,scs,1353.0,155.0,170.0,1294.6,2.0,6.0,77.0,43.0,24.0,-44.7,1.0
2026-02-27,southasia,10520.0,1775.0,1813.0,-3153.5,47.0,23.0,463.0,71.0,49.0,-156.0,0.0
2026-02-27,sudan,421.0,78.0,122.0,-801.9,6.0,2.0,36.0,2.0,2.0,-11.0,0.0
2026-02-27,taiwan,217.0,29.0,23.0,174.3,2.0,0.0,11.0,30.0,13.0,-44.9,3.0
2026-02-27,ukraine,1941.0,262.0,281.0,1070.7,11.0,9.0,85.0,574.0,270.0,-797.2,31.0
2026-02-27,venezuela,595.0,106.0,132.0,-247.1,3.0,1.0,59.0,136.0,52.0,-69.0,18.0
2026-02-27,yemen,47.0,7.0,9.0,18.6,0.0,1.0,5.0,29.0,14.0,4.4,3.0
2026-02-28,drc,9.0,4.0,2.0,-17.5,0.0,0.0,0.0,17.0,4.0,23.0,0.0
2026-02-28,europe_east,369.0,33.0,36.0,524.6,0.0,0.0,21.0,7.0,2.0,6.7,2.0
2026-02-28,iran,14730.0,2937.0,3744.0,-22363.0,288.0,67.0,626.0,6553.0,3723.0,-18141.4,310.0
2026-02-28,israel,9331.0,1528.0,2716.0,-15562.2,126.0,31.0,643.0,3569.0,2203.0,-12625.3,184.0
2026-02-28,korea,349.0,33.0,33.0,385.3,0.0,0.0,1.0,60.0,14.0,25.2,0.0
2026-02-28,libya,69.0,8.0,13.0,15.4,1.0,0.0,9.0,0.0,0.0,0.0,0.0
2026-02-28,scs,999.0,129.0,125.0,712.1,4.0,1.0,71.0,22.0,8.0,-26.4,1.0
2026-02-28,southasia,7655.0,1070.0,1324.0,-221.5,21.0,37.0,386.0,37.0,23.0,-44.1,1.0
2026-02-28,sudan,159.0,20.0,41.0,-47.6,0.0,0.0,16.0,0.0,0.0,0.0,0.0
2026-02-28,taiwan,203.0,25.0,24.0,130.2,0.0,0.0,9.0,24.0,11.0,4.2,4.0
2026-02-28,ukraine,841.0,103.0,137.0,35.1,3.0,3.0,39.0,223.0,116.0,-483.8,11.0
2026-02-28,venezuela,461.0,90.0,95.0,-216.2,1.0,1.0,30.0,93.0,49.0,-190.5,11.0
2026-02-28,yemen,169.0,26.0,29.0,-242.9,9.0,0.0,1.0,38.0,12.0,25.6,0.0
2026-03-01,drc,25.0,2.0,7.0,-36.7,0.0,0.0,0.0,9.0,7.0,-62.0,0.0
2026-03-01,europe_east,309.0,37.0,37.0,308.9,0.0,0.0,26.0,15.0,5.0,-20.3,2.0
2026-03-01,iran,20859.0,4408.0,5362.0,-39542.6,350.0,70.0,716.0,8125.0,4728.0,-24734.9,332.0
2026-03-01,israel,9986.0,2172.0,3062.0,-24328.4,159.0,44.0,478.0,4518.0,2963.0,-18293.7,179.0
2026-03-01,korea,428.0,68.0,50.0,229.2,1.0,0.0,13.0,69.0,21.0,126.2,3.0
2026-03-01,libya,67.0,5.0,20.0,-17.9,0.0,3.0,4.0,0.0,0.0,0.0,0.0
2026-03-01,scs,794.0,97.0,120.0,283.8,6.0,1.0,47.0,11.0,2.0,28.2,2.0
2026-03-01,southasia,7531.0,1417.0,1517.0,-7609.3,21.0,20.0,484.0,22.0,20.0,-124.5,2.0
2026-03-01,sudan,111.0,28.0,9.0,13.4,0.0,0.0,2.0,0.0,0.0,0.0,0.0
2026-03-01,taiwan,114.0,19.0,12.0,24.6,3.0,0.0,4.0,15.0,5.0,-20.9,2.0
2026-03-01,ukraine,617.0,71.0,142.0,-226.6,2.0,6.0,39.0,233.0,102.0,-336.0,13.0
2026-03-01,venezuela,348.0,67.0,83.0,-319.1,4.0,0.0,19.0,52.0,31.0,-163.1,7.0
2026-03-01,yemen,140.0,22.0,30.0,-75.9,5.0,0.0,3.0,25.0,10.0,-6.8,0.0
2026-03-02,drc,25.0,3.0,13.0,-76.4,0.0,0.0,8.0,36.0,8.0,71.1,0.0
2026-03-02,europe_east,620.0,51.0,79.0,984.6,0.0,1.0,41.0,36.0,19.0,-24.2,0.0
2026-03-02,iran,19582.0,3956.0,4855.0,-31711.4,408.0,99.0,652.0,7710.0,4206.0,-20876.5,330.0
2026-03-02,israel,11281.0,2181.0,3403.0,-24883.1,242.0,56.0,498.0,4750.0,2982.0,-17929.1,229.0
2026-03-02,korea,659.0,63.0,54.0,1133.3,1.0,3.0,31.0,63.0,21.0,16.4,0.0
2026-03-02,libya,100.0,16.0,23.0,-92.2,0.0,0.0,0.0,0.0,0.0,0.0,0.0
2026-03-02,scs,1058.0,94.0,141.0,789.9,2.0,13.0,38.0,28.0,13.0,14.3,2.0
2026-03-02,southasia,8473.0,1298.0,1423.0,-1891.3,54.0,62.0,513.0,9.0,4.0,-25.2,0.0
2026-03-02,sudan,316.0,32.0,128.0,-909.1,2.0,2.0,6.0,0.0,0.0,0.0,0.0
2026-03-02,taiwan,256.0,33.0,30.0,230.5,1.0,0.0,26.0,52.0,14.0,-3.2,2.0
2026-03-02,ukraine,1103.0,108.0,253.0,-367.1,10.0,13.0,46.0,369.0,196.0,-879.4,11.0
2026-03-02,venezuela,467.0,60.0,118.0,-472.4,0.0,4.0,39.0,96.0,43.0,-169.0,6.0
2026-03-02,yemen,238.0,18.0,28.0,153.1,5.0,0.0,1.0,69.0,38.0,-219.5,6.0
2026-03-03,drc,78.0,14.0,11.0,25.2,0.0,0.0,10.0,61.0,17.0,84.5,0.0
2026-03-03,europe_east,740.0,80.0,76.0,946.9,2.0,0.0,54.0,45.0,1.0,89.4,0.0
2026-03-03,iran,17341.0,3558.0,4343.0,-28433.3,318.0,125.0,566.0,6982.0,3900.0,-18814.7,346.0
2026-03-03,israel,10476.0,1923.0,3123.0,-21622.9,157.0,117.0,482.0,4480.0,2825.0,-16955.6,229.0
2026-03-03,korea,618.0,83.0,58.0,614.0,3.0,0.0,20.0,67.0,20.0,-42.8,1.0
2026-03-03,libya,123.0,23.0,43.0,-307.8,3.0,1.0,5.0,4.0,2.0,-18.0,0.0
2026-03-03,scs,1420.0,115.0,143.0,2050.5,1.0,4.0,57.0,20.0,5.0,34.6,0.0
2026-03-03,southasia,7209.0,958.0,1149.0,328.8,31.0,47.0,347.0,14.0,12.0,-94.8,5.0
2026-03-03,sudan,536.0,87.0,170.0,-996.8,8.0,1.0,59.0,7.0,4.0,-7.1,3.0
2026-03-03,taiwan,365.0,30.0,26.0,729.1,0.0,0.0,7.0,59.0,21.0,-17.0,3.0
2026-03-03,ukraine,1307.0,172.0,229.0,-126.5,10.0,2.0,44.0,353.0,159.0,-458.1,14.0
2026-03-03,venezuela,562.0,88.0,138.0,-456.3,0.0,2.0,41.0,142.0,71.0,-323.5,8.0
2026-03-03,yemen,138.0,14.0,41.0,-215.3,0.0,0.0,5.0,59.0,21.0,-66.9,0.0
2026-03-04,drc,28.0,4.0,11.0,-93.4,0.0,0.0,0.0,5.0,0.0,23.5,0.0
2026-03-04,europe_east,829.0,63.0,70.0,1402.1,0.0,3.0,31.0,24.0,8.0,-45.8,0.0
2026-03-04,iran,15418.0,3036.0,3496.0,-19565.9,253.0,110.0,534.0,5598.0,3046.0,-15304.6,308.0
2026-03-04,israel,9194.0,1802.0,2801.0,-19742.2,191.0,69.0,492.0,3659.0,2362.0,-14233.7,275.0
2026-03-04,korea,827.0,68.0,86.0,744.0,2.0,1.0,47.0,66.0,28.0,-33.0,0.0
2026-03-04,libya,201.0,37.0,25.0,52.2,2.0,5.0,4.0,0.0,0.0,0.0,0.0
2026-03-04,scs,1462.0,197.0,125.0,1762.2,3.0,1.0,59.0,57.0,18.0,-12.7,2.0
2026-03-04,southasia,6110.0,794.0,682.0,4153.0,19.0,15.0,206.0,16.0,7.0,11.0,0.0
2026-03-04,sudan,269.0,43.0,55.0,-216.6,1.0,0.0,3.0,2.0,1.0,-4.1,0.0
2026-03-04,taiwan,302.0,15.0,45.0,203.3,0.0,1.0,23.0,38.0,11.0,10.3,6.0
2026-03-04,ukraine,1582.0,257.0,245.0,295.8,8.0,1.0,63.0,444.0,235.0,-834.1,11.0
2026-03-04,venezuela,559.0,89.0,117.0,-240.2,5.0,1.0,54.0,137.0,46.0,-37.4,18.0
2026-03-04,yemen,119.0,17.0,36.0,-186.9,0.0,7.0,2.0,28.0,18.0,-126.7,0.0
2026-03-05,drc,37.0,6.0,5.0,16.6,0.0,0.0,0.0,12.0,1.0,77.6,0.0
2026-03-05,europe_east,1086.0,97.0,96.0,1826.0,1.0,0.0,44.0,48.0,11.0,-6.5,6.0
2026-03-05,iran,15397.0,3206.0,3484.0,-20851.1,259.0,123.0,468.0,5285.0,3010.0,-14906.8,204.0
2026-03-05,israel,8455.0,1656.0,2482.0,-17448.3,129.0,73.0,431.0,3219.0,2230.0,-14021.1,162.0
2026-03-05,korea,741.0,97.0,86.0,805.9,6.0,2.0,41.0,84.0,27.0,49.4,5.0
2026-03-05,libya,198.0,30.0,55.0,-258.9,3.0,3.0,5.0,3.0,3.0,-30.0,0.0
2026-03-05,scs,1327.0,172.0,121.0,1491.1,5.0,2.0,52.0,55.0,33.0,-168.4,15.0
2026-03-05,southasia,7109.0,1003.0,792.0,5076.7,36.0,27.0,292.0,13.0,8.0,-43.7,2.0
2026-03-05,sudan,340.0,57.0,75.0,-238.7,1.0,0.0,3.0,5.0,2.0,2.6,0.0
2026-03-05,taiwan,331.0,39.0,28.0,423.8,0.0,0.0,16.0,81.0,10.0,158.1,2.0
2026-03-05,ukraine,1869.0,322.0,264.0,809.0,23.0,5.0,67.0,624.0,290.0,-375.8,26.0
2026-03-05,venezuela,729.0,100.0,129.0,132.6,10.0,4.0,55.0,202.0,66.0,-61.0,28.0
2026-03-05,yemen,112.0,20.0,19.0,-22.9,3.0,0.0,0.0,21.0,11.0,-60.3,0.0
2026-03-06,drc,46.0,0.0,9.0,46.2,0.0,0.0,1.0,13.0,2.0,19.6,0.0
2026-03-06,europe_east,1052.0,83.0,92.0,1950.9,4.0,3.0,55.0,94.0,45.0,-152.8,11.0
2026-03-06,iran,12807.0,2496.0,2905.0,-16123.2,212.0,90.0,500.0,4521.0,2365.0,-10807.3,180.0
2026-03-06,israel,7090.0,1396.0,2078.0,-14572.0,119.0,52.0,395.0,2888.0,1843.0,-11147.4,133.0
2026-03-06,korea,502.0,49.0,60.0,541.8,5.0,5.0,21.0,16.0,2.0,-17.8,0.0
2026-03-06,libya,114.0,19.0,50.0,-362.3,1.0,0.0,12.0,0.0,0.0,0.0,0.0
2026-03-06,scs,1293.0,165.0,142.0,1394.1,2.0,6.0,91.0,58.0,16.0,-20.3,7.0
2026-03-06,southasia,7298.0,910.0,880.0,4971.3,18.0,18.0,318.0,8.0,2.0,-5.0,0.0
2026-03-06,sudan,292.0,33.0,76.0,-209.6,0.0,0.0,25.0,0.0,0.0,0.0,0.0
2026-03-06,taiwan,218.0,38.0,28.0,148.2,0.0,0.0,15.0,20.0,8.0,-8.0,5.0
2026-03-06,ukraine,2325.0,352.0,349.0,1071.5,14.0,12.0,133.0,531.0,224.0,-403.1,30.0
2026-03-06,venezuela,823.0,87.0,143.0,426.0,5.0,1.0,56.0,317.0,74.0,359.9,16.0
2026-03-06,yemen,78.0,9.0,15.0,-17.7,1.0,1.0,2.0,20.0,6.0,-36.0,0.0
2026-03-07,drc,19.0,1.0,0.0,52.6,0.0,0.0,0.0,13.0,5.0,12.0,0.0
2026-03-07,europe_east,427.0,38.0,49.0,496.2,1.0,9.0,21.0,82.0,44.0,-158.4,0.0
2026-03-07,iran,10081.0,1923.0,2290.0,-11574.9,180.0,90.0,349.0,3775.0,2052.0,-9237.6,163.0
2026-03-07,israel,6082.0,1110.0,2053.0,-15228.7,63.0,36.0,249.0,2829.0,1817.0,-11506.4,99.0
2026-03-07,korea,544.0,24.0,40.0,898.2,2.0,3.0,24.0,22.0,4.0,57.8,3.0
2026-03-07,libya,61.0,5.0,11.0,9.7,0.0,0.0,2.0,0.0,0.0,0.0,0.0
2026-03-07,scs,682.0,90.0,83.0,533.1,0.0,5.0,28.0,13.0,10.0,-30.0,4.0
2026-03-07,southasia,6275.0,864.0,737.0,4265.1,6.0,10.0,279.0,0.0,0.0,0.0,0.0
2026-03-07,sudan,229.0,32.0,35.0,163.2,0.0,1.0,12.0,3.0,1.0,-4.8,0.0
2026-03-07,taiwan,125.0,23.0,8.0,100.3,1.0,0.0,3.0,33.0,10.0,-5.0,0.0
2026-03-07,ukraine,1360.0,205.0,310.0,-720.0,12.0,9.0,93.0,459.0,243.0,-974.3,32.0
2026-03-07,venezuela,451.0,58.0,72.0,247.1,5.0,0.0,22.0,138.0,40.0,71.5,8.0
2026-03-07,yemen,62.0,5.0,21.0,-95.1,0.0,4.0,1.0,13.0,11.0,-104.0,0.0
2026-03-08,drc,11.0,2.0,0.0,0.5,0.0,0.0,0.0,3.0,3.0,-15.0,0.0
2026-03-08,europe_east,253.0,19.0,35.0,209.8,1.0,1.0,16.0,17.0,11.0,-47.5,6.0
2026-03-08,iran,8863.0,1943.0,2155.0,-14414.2,166.0,68.0,257.0,3224.0,1950.0,-10738.9,186.0
2026-03-08,israel,6409.0,1259.0,2017.0,-15422.9,81.0,35.0,209.0,2660.0,1842.0,-12710.6,124.0
2026-03-08,korea,336.0,52.0,38.0,219.5,6.0,10.0,6.0,13.0,10.0,-51.0,0.0
2026-03-08,libya,49.0,5.0,11.0,-22.3,0.0,2.0,3.0,0.0,0.0,0.0,0.0
2026-03-08,scs,781.0,94.0,74.0,726.0,4.0,4.0,36.0,42.0,4.0,117.0,3.0
2026-03-08,southasia,5217.0,824.0,792.0,335.4,16.0,15.0,245.0,7.0,2.0,0.6,2.0
2026-03-08,sudan,199.0,17.0,53.0,-100.4,0.0,0.0,19.0,13.0,11.0,-70.0,6.0
2026-03-08,taiwan,174.0,27.0,3.0,200.6,0.0,0.0,3.0,48.0,13.0,-1.7,4.0
2026-03-08,ukraine,927.0,123.0,177.0,-176.9,1.0,5.0,32.0,303.0,162.0,-576.8,15.0
2026-03-08,venezuela,292.0,41.0,45.0,-36.3,4.0,2.0,7.0,101.0,30.0,10.5,4.0
2026-03-08,yemen,53.0,6.0,12.0,5.5,1.0,0.0,1.0,12.0,7.0,-14.0,2.0
2026-03-09,drc,13.0,0.0,0.0,21.9,0.0,0.0,0.0,2.0,0.0,-0.3,0.0
2026-03-09,europe_east,560.0,52.0,55.0,746.2,0.0,7.0,25.0,39.0,18.0,-15.8,2.0
2026-03-09,iran,10800.0,2199.0,2585.0,-15753.9,182.0,76.0,396.0,3593.0,1982.0,-9468.0,155.0
2026-03-09,israel,7065.0,1341.0,1971.0,-13217.4,101.0,45.0,271.0,2737.0,1685.0,-9919.1,125.0
2026-03-09,korea,600.0,68.0,87.0,562.0,6.0,5.0,29.0,44.0,19.0,-14.5,1.0
2026-03-09,libya,68.0,0.0,12.0,39.8,0.0,0.0,4.0,0.0,0.0,0.0,0.0
2026-03-09,scs,1077.0,104.0,102.0,1221.1,0.0,0.0,45.0,26.0,3.0,46.0,3.0
2026-03-09,southasia,6381.0,1038.0,780.0,2890.3,15.0,18.0,310.0,6.0,0.0,20.4,0.0
2026-03-09,sudan,462.0,73.0,84.0,-25.6,4.0,1.0,40.0,14.0,8.0,-20.1,8.0
2026-03-09,taiwan,245.0,46.0,20.0,139.0,3.0,2.0,10.0,68.0,33.0,-74.5,2.0
2026-03-09,ukraine,1334.0,181.0,228.0,98.7,8.0,4.0,46.0,321.0,166.0,-638.6,13.0
2026-03-09,venezuela,539.0,73.0,104.0,-108.5,3.0,5.0,35.0,120.0,30.0,49.0,7.0
2026-03-09,yemen,86.0,12.0,28.0,-155.3,0.0,0.0,5.0,15.0,11.0,-86.0,0.0
2026-03-10,drc,6.0,3.0,1.0,-10.2,0.0,0.0,0.0,11.0,7.0,-10.0,0.0
2026-03-10,europe_east,730.0,71.0,49.0,1320.4,1.0,3.0,24.0,82.0,28.0,-6.1,2.0
2026-03-10,iran,10113.0,2030.0,2191.0,-13430.7,259.0,81.0,329.0,3458.0,1821.0,-8521.7,196.0
2026-03-10,israel,6217.0,1203.0,1716.0,-11829.9,123.0,38.0,289.0,2340.0,1434.0,-8466.1,145.0
2026-03-10,korea,949.0,141.0,109.0,798.7,7.0,17.0,27.0,146.0,69.0,-75.7,13.0
2026-03-10,libya,95.0,9.0,10.0,145.3,0.0,1.0,1.0,0.0,0.0,0.0,0.0
2026-03-10,scs,1134.0,130.0,83.0,1605.2,6.0,0.0,42.0,76.0,28.0,-7.2,8.0
2026-03-10,southasia,7033.0,1026.0,784.0,4309.1,52.0,18.0,328.0,7.0,2.0,-14.6,2.0
2026-03-10,sudan,386.0,85.0,67.0,-100.7,1.0,3.0,30.0,1.0,0.0,0.0,0.0
2026-03-10,taiwan,222.0,23.0,12.0,390.4,0.0,4.0,5.0,40.0,10.0,36.6,0.0
2026-03-10,ukraine,1511.0,183.0,259.0,482.6,8.0,6.0,45.0,549.0,231.0,-467.5,21.0
2026-03-10,venezuela,434.0,42.0,74.0,129.8,2.0,0.0,40.0,99.0,31.0,17.9,8.0
2026-03-10,yemen,118.0,8.0,32.0,-79.6,1.0,0.0,2.0,17.0,5.0,-5.7,0.0
2026-03-11,drc,79.0,20.0,27.0,-210.3,0.0,0.0,8.0,7.0,0.0,23.3,0.0
2026-03-11,europe_east,899.0,92.0,54.0,1749.6,3.0,4.0,25.0,53.0,29.0,-130.2,3.0
2026-03-11,iran,9940.0,2109.0,2227.0,-13672.8,221.0,71.0,361.0,3594.0,1983.0,-9469.0,216.0
2026-03-11,israel,6854.0,1263.0,1903.0,-12017.2,98.0,54.0,301.0,2408.0,1535.0,-9308.6,119.0
2026-03-11,korea,871.0,147.0,117.0,356.8,2.0,7.0,29.0,113.0,81.0,-335.7,6.0
2026-03-11,libya,134.0,5.0,15.0,271.5,0.0,0.0,7.0,0.0,0.0,0.0,0.0
2026-03-11,scs,1156.0,138.0,107.0,1293.4,3.0,3.0,53.0,12.0,5.0,-4.8,2.0
2026-03-11,southasia,6691.0,947.0,779.0,4014.5,20.0,13.0,319.0,21.0,8.0,-38.0,3.0
2026-03-11,sudan,375.0,66.0,90.0,-452.2,3.0,0.0,12.0,14.0,9.0,-74.5,0.0
2026-03-11,taiwan,300.0,23.0,25.0,346.8,0.0,2.0,9.0,57.0,8.0,43.1,2.0
2026-03-11,ukraine,1644.0,262.0,287.0,-291.7,19.0,12.0,48.0,546.0,257.0,-897.8,31.0
2026-03-11,venezuela,484.0,59.0,94.0,44.5,1.0,0.0,34.0,103.0,37.0,-43.8,3.0
2026-03-11,yemen,78.0,16.0,13.0,22.6,2.0,0.0,5.0,21.0,13.0,-95.6,0.0
2026-03-12,drc,104.0,15.0,27.0,-171.1,0.0,0.0,9.0,5.0,4.0,-30.0,1.0
2026-03-12,europe_east,977.0,103.0,77.0,1544.4,1.0,9.0,34.0,48.0,29.0,-101.5,10.0
2026-03-12,iran,10156.0,2178.0,2310.0,-14917.9,202.0,44.0,303.0,3576.0,1905.0,-8490.3,211.0
2026-03-12,israel,7622.0,1519.0,2006.0,-12267.3,112.0,48.0,368.0,2518.0,1530.0,-9018.4,163.0
2026-03-12,korea,805.0,81.0,80.0,958.8,2.0,4.0,15.0,49.0,23.0,-29.0,3.0
2026-03-12,libya,94.0,9.0,3.0,224.2,1.0,0.0,2.0,0.0,0.0,0.0,0.0
2026-03-12,scs,1303.0,142.0,116.0,1911.6,2.0,0.0,61.0,60.0,14.0,105.6,0.0
2026-03-12,southasia,7252.0,1088.0,871.0,3403.4,40.0,17.0,330.0,12.0,7.0,0.7,1.0
2026-03-12,sudan,366.0,33.0,99.0,-348.9,1.0,0.0,15.0,7.0,3.0,-30.0,0.0
2026-03-12,taiwan,264.0,30.0,18.0,336.7,0.0,0.0,15.0,86.0,23.0,22.9,5.0
2026-03-12,ukraine,1701.0,208.0,269.0,598.8,20.0,13.0,49.0,395.0,207.0,-849.2,32.0
2026-03-12,venezuela,420.0,60.0,73.0,-20.0,3.0,3.0,20.0,92.0,35.0,-36.0,5.0
2026-03-12,yemen,67.0,7.0,10.0,51.5,2.0,3.0,1.0,23.0,8.0,-14.5,1.0
2026-03-13,drc,45.0,5.0,6.0,40.6,0.0,0.0,0.0,6.0,0.0,25.4,0.0
2026-03-13,europe_east,777.0,94.0,72.0,1245.2,3.0,4.0,24.0,21.0,7.0,28.5,5.0
2026-03-13,iran,10012.0,2109.0,2239.0,-14602.4,231.0,59.0,288.0,3673.0,2036.0,-9655.8,193.0
2026-03-13,israel,7511.0,1563.0,2166.0,-15829.0,122.0,38.0,361.0,3012.0,1851.0,-10136.4,143.0
2026-03-13,korea,839.0,77.0,80.0,1054.4,1.0,9.0,23.0,45.0,25.0,-57.5,0.0
2026-03-13,libya,100.0,7.0,23.0,-30.7,0.0,0.0,1.0,0.0,0.0,0.0,0.0
2026-03-13,scs,1179.0,114.0,130.0,1500.9,4.0,5.0,82.0,75.0,18.0,74.8,6.0
2026-03-13,southasia,7197.0,1034.0,833.0,4320.6,10.0,18.0,246.0,13.0,11.0,-22.6,0.0
2026-03-13,sudan,499.0,54.0,92.0,9.5,1.0,0.0,22.0,2.0,0.0,0.0,0.0
2026-03-13,taiwan,273.0,50.0,17.0,212.6,3.0,2.0,7.0,36.0,15.0,-48.5,0.0
2026-03-13,ukraine,1525.0,186.0,245.0,737.6,3.0,2.0,57.0,495.0,228.0,-382.0,7.0
2026-03-13,venezuela,569.0,77.0,113.0,-99.3,8.0,2.0,48.0,119.0,61.0,-312.3,2.0
2026-03-13,yemen,67.0,3.0,23.0,-83.1,0.0,0.0,1.0,25.0,14.0,-119.7,0.0
2026-03-14,drc,10.0,0.0,0.0,23.1,0.0,0.0,0.0,2.0,0.0,0.0,0.0
2026-03-14,europe_east,321.0,43.0,37.0,330.0,2.0,1.0,7.0,35.0,27.0,-169.1,0.0
2026-03-14,iran,7750.0,1510.0,1938.0,-12375.9,158.0,47.0,235.0,2541.0,1488.0,-7999.8,114.0
2026-03-14,israel,5573.0,1046.0,1642.0,-10900.7,66.0,38.0,202.0,2049.0,1191.0,-6370.4,94.0
2026-03-14,korea,1039.0,142.0,296.0,-1308.8,7.0,10.0,11.0,415.0,239.0,-1434.4,36.0
2026-03-14,libya,173.0,13.0,58.0,-230.8,7.0,6.0,3.0,1.0,1.0,-7.0,1.0
2026-03-14,scs,1124.0,113.0,129.0,1035.0,6.0,5.0,55.0,64.0,14.0,41.7,1.0
2026-03-14,southasia,5632.0,868.0,745.0,1618.6,22.0,12.0,259.0,15.0,7.0,-17.2,0.0
2026-03-14,sudan,86.0,12.0,14.0,-67.9,0.0,0.0,4.0,3.0,0.0,10.4,0.0
2026-03-14,taiwan,225.0,18.0,27.0,254.3,2.0,3.0,9.0,49.0,16.0,1.3,6.0
2026-03-14,ukraine,1166.0,183.0,231.0,-534.5,16.0,4.0,43.0,372.0,236.0,-1071.2,10.0
2026-03-14,venezuela,351.0,43.0,81.0,-128.0,0.0,0.0,42.0,97.0,35.0,-75.1,7.0
2026-03-14,yemen,45.0,5.0,10.0,-17.8,0.0,0.0,0.0,17.0,8.0,-35.6,0.0
2026-03-15,drc,13.0,2.0,0.0,13.4,0.0,0.0,0.0,2.0,0.0,0.0,0.0
2026-03-15,europe_east,204.0,21.0,23.0,192.6,0.0,0.0,15.0,9.0,3.0,9.7,1.0
2026-03-15,iran,6996.0,1511.0,1637.0,-11241.7,187.0,22.0,251.0,2660.0,1543.0,-7312.3,228.0
2026-03-15,israel,5357.0,1008.0,1647.0,-11601.7,70.0,26.0,238.0,2360.0,1437.0,-7718.1,177.0
2026-03-15,korea,818.0,115.0,175.0,-549.2,4.0,5.0,27.0,141.0,71.0,-318.7,16.0
2026-03-15,libya,109.0,9.0,38.0,-213.4,0.0,2.0,2.0,0.0,0.0,0.0,0.0
2026-03-15,scs,860.0,87.0,76.0,1020.2,4.0,3.0,45.0,56.0,10.0,32.0,0.0
2026-03-15,southasia,5211.0,894.0,779.0,63.7,6.0,32.0,271.0,9.0,5.0,-6.0,0.0
2026-03-15,sudan,63.0,11.0,23.0,-184.0,0.0,0.0,2.0,2.0,2.0,-20.0,0.0
2026-03-15,taiwan,201.0,17.0,20.0,206.0,0.0,7.0,2.0,40.0,8.0,12.3,0.0
2026-03-15,ukraine,957.0,162.0,196.0,-443.7,3.0,4.0,40.0,353.0,190.0,-782.1,13.0
2026-03-15,venezuela,311.0,49.0,37.0,163.8,3.0,3.0,14.0,66.0,12.0,108.7,4.0
2026-03-15,yemen,57.0,9.0,10.0,-24.5,1.0,0.0,4.0,12.0,5.0,-14.9,0.0
2026-03-16,drc,31.0,7.0,9.0,-11.0,0.0,0.0,6.0,5.0,1.0,-2.5,1.0
2026-03-16,europe_east,613.0,58.0,51.0,954.2,1.0,4.0,37.0,31.0,8.0,31.2,0.0
2026-03-16,iran,9267.0,1731.0,1870.0,-7720.5,187.0,36.0,343.0,3126.0,1628.0,-7011.6,185.0
2026-03-16,israel,6947.0,1349.0,1852.0,-11265.3,75.0,28.0,283.0,2630.0,1593.0,-8791.3,136.0
2026-03-16,korea,1031.0,119.0,107.0,982.1,1.0,12.0,13.0,103.0,22.0,70.2,5.0
2026-03-16,libya,70.0,5.0,23.0,-65.4,0.0,0.0,2.0,0.0,0.0,0.0,0.0
2026-03-16,scs,1313.0,175.0,82.0,1717.8,1.0,4.0,36.0,180.0,18.0,224.9,3.0
2026-03-16,southasia,6823.0,1036.0,894.0,2529.1,20.0,16.0,323.0,6.0,0.0,4.0,0.0
2026-03-16,sudan,202.0,21.0,63.0,-274.0,0.0,2.0,25.0,5.0,5.0,-28.4,2.0
2026-03-16,taiwan,242.0,34.0,18.0,256.3,3.0,1.0,9.0,42.0,16.0,-28.9,0.0
2026-03-16,ukraine,1892.0,302.0,302.0,-170.8,15.0,8.0,63.0,504.0,271.0,-1037.3,39.0
2026-03-16,venezuela,323.0,63.0,60.0,-34.1,2.0,0.0,32.0,64.0,43.0,-171.2,12.0
2026-03-16,yemen,107.0,15.0,18.0,-7.6,0.0,1.0,4.0,15.0,7.0,-33.2,2.0
2026-03-17,drc,101.0,12.0,10.0,45.2,0.0,0.0,4.0,2.0,0.0,4.7,0.0
2026-03-17,europe_east,781.0,99.0,54.0,1158.3,4.0,7.0,19.0,18.0,6.0,16.1,0.0
2026-03-17,iran,10695.0,2134.0,2401.0,-12636.4,170.0,73.0,450.0,3804.0,1993.0,-8953.9,181.0
2026-03-17,israel,7326.0,1413.0,1878.0,-10436.6,64.0,28.0,368.0,2860.0,1799.0,-10316.4,117.0
2026-03-17,korea,824.0,100.0,48.0,1107.9,3.0,4.0,12.0,45.0,10.0,8.8,1.0
2026-03-17,libya,115.0,3.0,30.0,60.9,0.0,8.0,9.0,0.0,0.0,0.0,0.0
2026-03-17,scs,1291.0,150.0,96.0,1893.7,6.0,1.0,48.0,125.0,19.0,215.9,7.0
2026-03-17,southasia,7938.0,1380.0,1254.0,-954.4,16.0,22.0,380.0,17.0,12.0,-20.6,1.0
2026-03-17,sudan,237.0,41.0,72.0,-452.2,6.0,1.0,9.0,1.0,1.0,-2.0,0.0
2026-03-17,taiwan,315.0,39.0,19.0,310.9,2.0,1.0,5.0,66.0,17.0,-37.1,0.0
2026-03-17,ukraine,2347.0,316.0,314.0,1717.6,10.0,14.0,79.0,491.0,214.0,-544.0,30.0
2026-03-17,venezuela,460.0,60.0,95.0,-11.3,0.0,0.0,40.0,85.0,38.0,-97.7,9.0
2026-03-17,yemen,125.0,29.0,24.0,-199.7,1.0,1.0,5.0,21.0,10.0,-34.3,3.0
2026-03-18,drc,23.0,5.0,8.0,-86.5,1.0,0.0,1.0,11.0,5.0,-15.8,0.0
2026-03-18,europe_east,696.0,85.0,64.0,932.4,2.0,4.0,39.0,61.0,24.0,-53.2,9.0
2026-03-18,iran,10835.0,2330.0,2538.0,-17149.5,184.0,54.0,357.0,4315.0,2453.0,-13046.0,198.0
2026-03-18,israel,7948.0,1665.0,2386.0,-17749.4,92.0,29.0,318.0,3490.0,2298.0,-14590.8,152.0
2026-03-18,korea,817.0,92.0,78.0,965.2,3.0,10.0,29.0,21.0,18.0,-98.5,9.0
2026-03-18,libya,108.0,7.0,30.0,-79.0,1.0,5.0,5.0,0.0,0.0,0.0,0.0
2026-03-18,scs,1306.0,134.0,147.0,1716.4,5.0,7.0,78.0,126.0,6.0,375.8,2.0
2026-03-18,southasia,7054.0,1092.0,979.0,1877.4,20.0,26.0,379.0,14.0,4.0,34.4,0.0
2026-03-18,sudan,193.0,22.0,74.0,-465.5,1.0,3.0,16.0,8.0,5.0,-13.8,2.0
2026-03-18,taiwan,307.0,34.0,33.0,260.5,0.0,2.0,11.0,99.0,30.0,15.6,3.0
2026-03-18,ukraine,2027.0,289.0,279.0,1135.3,3.0,8.0,66.0,509.0,253.0,-598.1,22.0
2026-03-18,venezuela,488.0,80.0,97.0,-155.0,3.0,0.0,38.0,93.0,35.0,45.5,8.0
2026-03-18,yemen,93.0,19.0,15.0,-99.3,0.0,1.0,2.0,15.0,4.0,8.7,0.0
2026-03-19,drc,24.0,5.0,8.0,-42.5,0.0,0.0,2.0,20.0,2.0,71.2,0.0
2026-03-19,europe_east,817.0,89.0,82.0,1184.6,0.0,9.0,32.0,118.0,37.0,9.2,15.0
2026-03-19,iran,10550.0,2582.0,2337.0,-15796.4,331.0,100.0,382.0,4031.0,2247.0,-10283.7,290.0
2026-03-19,israel,7645.0,1621.0,2013.0,-13696.5,165.0,32.0,269.0,2961.0,1911.0,-11459.3,163.0
2026-03-19,korea,666.0,67.0,48.0,1229.3,1.0,4.0,15.0,22.0,14.0,-62.0,5.0
2026-03-19,libya,109.0,4.0,25.0,8.3,0.0,2.0,5.0,0.0,0.0,0.0,0.0
2026-03-19,scs,1060.0,108.0,95.0,1327.7,2.0,4.0,50.0,116.0,2.0,389.4,1.0
2026-03-19,southasia,6512.0,1050.0,758.0,3445.6,11.0,18.0,272.0,10.0,2.0,12.4,0.0
2026-03-19,sudan,367.0,42.0,87.0,-281.0,4.0,1.0,19.0,10.0,7.0,-58.0,0.0
2026-03-19,taiwan,376.0,57.0,17.0,567.3,1.0,1.0,8.0,84.0,28.0,-63.3,2.0
2026-03-19,ukraine,1874.0,253.0,217.0,2192.8,4.0,13.0,97.0,346.0,164.0,-217.5,14.0
2026-03-19,venezuela,426.0,63.0,66.0,180.5,4.0,0.0,31.0,146.0,44.0,0.5,12.0
2026-03-19,yemen,68.0,8.0,11.0,4.5,0.0,0.0,4.0,10.0,5.0,-27.6,0.0
2026-03-20,drc,20.0,0.0,4.0,22.3,0.0,0.0,2.0,11.0,1.0,41.2,0.0
2026-03-20,europe_east,717.0,60.0,65.0,1064.1,3.0,4.0,23.0,75.0,16.0,68.6,10.0
2026-03-20,iran,8882.0,1880.0,2072.0,-12070.9,182.0,103.0,319.0,3229.0,1724.0,-7673.5,204.0
2026-03-20,israel,6253.0,1280.0,1657.0,-11013.8,91.0,33.0,274.0,2480.0,1513.0,-8383.8,151.0
2026-03-20,korea,587.0,62.0,98.0,402.6,2.0,6.0,30.0,47.0,23.0,-88.2,10.0
2026-03-20,libya,100.0,10.0,23.0,-21.3,1.0,1.0,4.0,0.0,0.0,0.0,0.0
2026-03-20,scs,947.0,109.0,98.0,1120.0,2.0,10.0,34.0,108.0,15.0,230.3,2.0
2026-03-20,southasia,5834.0,952.0,653.0,3181.8,39.0,25.0,243.0,22.0,11.0,-18.5,0.0
2026-03-20,sudan,260.0,39.0,40.0,111.7,1.0,1.0,12.0,3.0,2.0,-12.0,0.0
2026-03-20,taiwan,293.0,49.0,30.0,156.3,0.0,0.0,20.0,44.0,14.0,-8.5,2.0
2026-03-20,ukraine,1508.0,204.0,249.0,693.6,3.0,15.0,70.0,361.0,165.0,-210.5,15.0
2026-03-20,venezuela,305.0,44.0,56.0,-0.3,3.0,0.0,21.0,55.0,32.0,-197.0,10.0
2026-03-20,yemen,72.0,10.0,11.0,47.4,1.0,0.0,1.0,27.0,3.0,58.7,0.0
2026-03-21,drc,16.0,1.0,4.0,-8.6,0.0,0.0,2.0,4.0,0.0,20.7,0.0
2026-03-21,europe_east,395.0,26.0,47.0,1209.9,0.0,4.0,28.0,34.0,23.0,-89.1,11.0
2026-03-21,iran,6934.0,1404.0,1565.0,-8926.8,187.0,68.0,175.0,2343.0,1266.0,-6077.9,111.0
2026-03-21,israel,3811.0,816.0,1093.0,-8433.5,76.0,31.0,131.0,1674.0,1105.0,-7074.4,89.0
2026-03-21,korea,365.0,36.0,57.0,179.2,2.0,4.0,23.0,13.0,8.0,-42.9,4.0
2026-03-21,libya,111.0,5.0,31.0,-9.6,0.0,5.0,10.0,1.0,0.0,0.0,0.0
2026-03-21,scs,841.0,54.0,95.0,1093.7,3.0,6.0,21.0,31.0,5.0,12.0,0.0
2026-03-21,southasia,4592.0,682.0,541.0,2447.9,12.0,29.0,242.0,11.0,6.0,-12.6,1.0
2026-03-21,sudan,112.0,21.0,30.0,-160.3,0.0,2.0,4.0,2.0,2.0,-4.0,0.0
2026-03-21,taiwan,227.0,12.0,16.0,451.9,0.0,1.0,10.0,38.0,16.0,-46.1,0.0
2026-03-21,ukraine,756.0,109.0,162.0,-211.6,3.0,2.0,30.0,269.0,144.0,-469.1,10.0
2026-03-21,venezuela,177.0,21.0,19.0,205.1,0.0,3.0,9.0,26.0,13.0,-27.4,2.0
2026-03-21,yemen,22.0,6.0,4.0,-45.4,1.0,0.0,0.0,10.0,4.0,-24.6,0.0
2026-03-22,drc,23.0,1.0,5.0,3.0,0.0,0.0,0.0,0.0,0.0,0.0,0.0
2026-03-22,europe_east,154.0,13.0,27.0,-14.7,0.0,0.0,4.0,24.0,17.0,-50.0,5.0
2026-03-22,iran,6056.0,1452.0,1409.0,-10429.9,191.0,47.0,193.0,2302.0,1344.0,-7166.5,135.0
2026-03-22,israel,4946.0,1016.0,1550.0,-13207.8,134.0,23.0,145.0,1999.0,1317.0,-8733.4,91.0
2026-03-22,korea,247.0,24.0,28.0,228.3,0.0,3.0,14.0,3.0,0.0,12.0,0.0
2026-03-22,libya,30.0,2.0,8.0,-14.3,0.0,0.0,5.0,0.0,0.0,0.0,0.0
2026-03-22,scs,622.0,87.0,77.0,495.3,4.0,2.0,34.0,49.0,24.0,-45.6,7.0
2026-03-22,southasia,3967.0,635.0,529.0,1305.2,20.0,15.0,253.0,36.0,29.0,-113.0,7.0
2026-03-22,sudan,226.0,37.0,57.0,-256.8,1.0,0.0,4.0,4.0,2.0,-12.6,0.0
2026-03-22,taiwan,215.0,28.0,17.0,205.0,0.0,0.0,7.0,34.0,22.0,-114.5,0.0
2026-03-22,ukraine,748.0,111.0,146.0,-216.6,8.0,1.0,24.0,328.0,159.0,-420.8,4.0
2026-03-22,venezuela,171.0,29.0,72.0,-371.3,1.0,1.0,37.0,79.0,68.0,-482.6,24.0
2026-03-22,yemen,40.0,6.0,12.0,-102.0,2.0,0.0,0.0,20.0,5.0,11.4,2.0
2026-03-23,drc,4.0,0.0,1.0,-3.2,0.0,0.0,0.0,5.0,2.0,-16.6,0.0
2026-03-23,europe_east,614.0,75.0,46.0,905.7,0.0,8.0,17.0,74.0,18.0,4.9,2.0
2026-03-23,iran,8205.0,1718.0,1549.0,-7453.2,217.0,35.0,244.0,3198.0,1589.0,-5943.3,123.0
2026-03-23,israel,6010.0,1233.0,1723.0,-13203.3,128.0,25.0,215.0,2469.0,1570.0,-9659.2,131.0
2026-03-23,korea,643.0,66.0,64.0,839.1,1.0,3.0,28.0,82.0,19.0,32.9,1.0
2026-03-23,libya,70.0,15.0,11.0,-28.9,1.0,0.0,1.0,0.0,0.0,0.0,0.0
2026-03-23,scs,1106.0,116.0,115.0,1519.4,2.0,7.0,37.0,28.0,5.0,-0.8,0.0
2026-03-23,southasia,6379.0,944.0,705.0,4724.5,27.0,21.0,346.0,27.0,11.0,-8.9,7.0
2026-03-23,sudan,200.0,40.0,56.0,-298.1,2.0,1.0,12.0,7.0,4.0,-5.2,0.0
2026-03-23,taiwan,290.0,26.0,20.0,381.1,0.0,0.0,12.0,40.0,7.0,-3.9,0.0
2026-03-23,ukraine,1170.0,123.0,193.0,590.9,5.0,7.0,41.0,376.0,190.0,-764.8,28.0
2026-03-23,venezuela,493.0,67.0,146.0,-413.1,0.0,0.0,67.0,202.0,98.0,-343.9,39.0
2026-03-23,yemen,15.0,3.0,3.0,-23.7,0.0,0.0,0.0,8.0,2.0,6.6,0.0
2026-03-24,drc,31.0,8.0,5.0,-38.9,0.0,0.0,0.0,0.0,0.0,0.0,0.0
2026-03-24,europe_east,837.0,75.0,65.0,1520.0,7.0,5.0,28.0,79.0,29.0,-23.1,9.0
2026-03-24,iran,9401.0,1747.0,1818.0,-6316.7,204.0,63.0,339.0,3211.0,1304.0,-2703.2,144.0
2026-03-24,israel,6731.0,1369.0,1897.0,-13151.5,156.0,30.0,371.0,2548.0,1520.0,-8750.1,201.0
2026-03-24,korea,671.0,89.0,61.0,905.7,2.0,5.0,24.0,112.0,32.0,146.0,1.0
2026-03-24,libya,85.0,14.0,18.0,-44.8,0.0,0.0,7.0,2.0,2.0,-18.0,0.0
2026-03-24,scs,1105.0,108.0,127.0,1457.8,2.0,2.0,64.0,56.0,23.0,24.7,2.0
2026-03-24,southasia,7196.0,1047.0,788.0,5989.0,25.0,19.0,356.0,14.0,12.0,-52.4,8.0
2026-03-24,sudan,290.0,56.0,70.0,-399.2,0.0,0.0,15.0,4.0,3.0,-29.0,0.0
2026-03-24,taiwan,298.0,30.0,30.0,392.6,0.0,1.0,18.0,63.0,6.0,142.6,1.0
2026-03-24,ukraine,1479.0,187.0,335.0,-875.9,20.0,4.0,71.0,483.0,273.0,-1292.3,25.0
2026-03-24,venezuela,633.0,91.0,165.0,-254.5,2.0,0.0,79.0,282.0,94.0,-92.0,27.0
2026-03-24,yemen,57.0,12.0,12.0,-73.2,1.0,0.0,2.0,14.0,4.0,-15.2,0.0
2026-03-25,drc,34.0,4.0,2.0,48.0,0.0,0.0,0.0,5.0,5.0,-10.0,0.0
2026-03-25,europe_east,870.0,81.0,93.0,1073.9,3.0,2.0,32.0,96.0,51.0,-190.9,14.0
2026-03-25,iran,9458.0,1689.0,1698.0,-3684.2,138.0,104.0,308.0,3811.0,1557.0,-2843.4,140.0
2026-03-25,israel,6971.0,1444.0,1778.0,-10842.9,95.0,45.0,351.0,2616.0,1452.0,-7337.8,141.0
2026-03-25,korea,883.0,82.0,81.0,1323.6,1.0,2.0,35.0,69.0,15.0,85.2,1.0
2026-03-25,libya,109.0,8.0,30.0,-74.9,1.0,1.0,3.0,0.0,0.0,0.0,0.0
2026-03-25,scs,1256.0,125.0,116.0,1752.3,3.0,3.0,60.0,41.0,3.0,107.9,0.0
2026-03-25,southasia,7097.0,1027.0,756.0,5510.6,26.0,28.0,312.0,39.0,18.0,-29.5,8.0
2026-03-25,sudan,293.0,35.0,58.0,-63.7,0.0,1.0,10.0,1.0,1.0,-10.0,0.0
2026-03-25,taiwan,369.0,63.0,36.0,184.8,1.0,5.0,13.0,93.0,15.0,56.7,0.0
2026-03-25,ukraine,1689.0,174.0,415.0,-952.0,7.0,6.0,73.0,562.0,369.0,-2394.1,39.0
2026-03-25,venezuela,534.0,52.0,154.0,-245.7,2.0,0.0,62.0,188.0,83.0,-305.7,21.0
2026-03-25,yemen,81.0,6.0,26.0,-157.4,0.0,1.0,2.0,18.0,15.0,-127.0,0.0
2026-03-26,drc,37.0,6.0,1.0,152.7,0.0,0.0,1.0,5.0,2.0,15.6,2.0
2026-03-26,europe_east,1027.0,103.0,113.0,1294.7,5.0,2.0,69.0,100.0,28.0,64.8,4.0
2026-03-26,iran,9045.0,1765.0,1700.0,-4951.1,139.0,64.0,344.0,3575.0,1709.0,-5507.5,168.0
2026-03-26,israel,6048.0,1199.0,1675.0,-10675.5,53.0,36.0,266.0,2266.0,1451.0,-8513.7,104.0
2026-03-26,korea,897.0,73.0,81.0,1500.4,4.0,2.0,34.0,51.0,5.0,154.7,0.0
2026-03-26,libya,89.0,13.0,20.0,-118.4,3.0,1.0,1.0,0.0,0.0,0.0,0.0
2026-03-26,scs,1296.0,111.0,165.0,1339.5,1.0,2.0,81.0,84.0,33.0,41.3,3.0
2026-03-26,southasia,6635.0,953.0,799.0,3925.5,10.0,28.0,265.0,48.0,22.0,-104.1,3.0
2026-03-26,sudan,281.0,29.0,84.0,-406.9,1.0,4.0,14.0,1.0,1.0,-10.0,0.0
2026-03-26,taiwan,375.0,53.0,58.0,76.6,0.0,2.0,40.0,82.0,39.0,-115.2,16.0
2026-03-26,ukraine,1984.0,312.0,338.0,431.6,28.0,16.0,79.0,617.0,339.0,-1091.5,43.0
2026-03-26,venezuela,770.0,110.0,199.0,-639.3,0.0,3.0,69.0,289.0,170.0,-840.2,58.0
2026-03-26,yemen,140.0,28.0,29.0,-166.2,5.0,0.0,4.0,11.0,8.0,-38.0,0.0
2026-03-27,drc,15.0,3.0,4.0,-29.2,0.0,0.0,0.0,18.0,10.0,-52.0,0.0
2026-03-27,europe_east,945.0,73.0,80.0,1535.2,2.0,5.0,39.0,132.0,30.0,59.2,7.0
2026-03-27,iran,7594.0,1499.0,1409.0,-5678.7,180.0,83.0,242.0,2534.0,1254.0,-4930.8,145.0
2026-03-27,israel,5373.0,1114.0,1583.0,-11906.3,115.0,31.0,229.0,1877.0,1221.0,-7706.6,158.0
2026-03-27,korea,657.0,65.0,61.0,1156.7,3.0,11.0,25.0,54.0,13.0,134.0,0.0
2026-03-27,libya,60.0,3.0,8.0,63.6,0.0,0.0,0.0,0.0,0.0,0.0,0.0
2026-03-27,scs,1397.0,159.0,164.0,1619.0,4.0,3.0,81.0,70.0,24.0,117.3,2.0
2026-03-27,southasia,5648.0,806.0,672.0,3686.9,8.0,23.0,277.0,18.0,5.0,18.0,2.0
2026-03-27,sudan,165.0,15.0,34.0,-52.4,0.0,1.0,6.0,0.0,0.0,0.0,0.0
2026-03-27,taiwan,335.0,60.0,50.0,-41.5,5.0,3.0,26.0,52.0,26.0,-90.5,6.0
2026-03-27,ukraine,1979.0,230.0,244.0,2803.1,14.0,3.0,75.0,429.0,208.0,-685.0,19.0
2026-03-27,venezuela,516.0,86.0,117.0,-370.8,4.0,0.0,39.0,174.0,85.0,-379.6,19.0
2026-03-27,yemen,98.0,24.0,5.0,77.1,1.0,0.0,1.0,23.0,8.0,18.4,0.0
2026-03-28,drc,2.0,1.0,0.0,3.6,0.0,0.0,0.0,4.0,1.0,-5.0,1.0
2026-03-28,europe_east,364.0,35.0,54.0,303.2,1.0,0.0,35.0,21.0,11.0,-45.9,3.0
2026-03-28,iran,6289.0,1096.0,1234.0,-4531.9,99.0,54.0,137.0,2066.0,1113.0,-4722.9,111.0
2026-03-28,israel,4806.0,1001.0,1575.0,-12983.8,69.0,28.0,156.0,1652.0,1160.0,-7323.4,115.0
2026-03-28,korea,251.0,22.0,27.0,256.0,0.0,0.0,11.0,16.0,1.0,8.7,0.0
2026-03-28,libya,99.0,11.0,29.0,-105.1,0.0,4.0,2.0,0.0,0.0,0.0,0.0
2026-03-28,scs,974.0,127.0,84.0,979.6,2.0,2.0,44.0,50.0,5.0,105.8,0.0
2026-03-28,southasia,5774.0,728.0,645.0,5308.6,18.0,4.0,254.0,13.0,3.0,17.5,0.0
2026-03-28,sudan,71.0,7.0,4.0,96.4,0.0,0.0,3.0,0.0,0.0,0.0,0.0
2026-03-28,taiwan,200.0,24.0,15.0,251.0,0.0,2.0,7.0,49.0,2.0,95.9,1.0
2026-03-28,ukraine,1463.0,146.0,225.0,1151.6,5.0,1.0,48.0,289.0,159.0,-867.0,4.0
2026-03-28,venezuela,301.0,41.0,75.0,-193.9,1.0,0.0,33.0,82.0,40.0,-158.4,15.0
2026-03-28,yemen,273.0,60.0,102.0,-862.2,5.0,3.0,9.0,226.0,167.0,-1426.5,8.0
2026-03-29,drc,6.0,0.0,3.0,-26.2,0.0,1.0,0.0,2.0,2.0,-15.0,1.0
2026-03-29,europe_east,244.0,33.0,56.0,-274.1,1.0,4.0,19.0,39.0,23.0,-191.2,2.0
2026-03-29,iran,6439.0,1307.0,1407.0,-7024.9,131.0,103.0,158.0,2416.0,1475.0,-6987.4,124.0
2026-03-29,israel,5844.0,1261.0,1773.0,-13985.6,62.0,32.0,193.0,1844.0,1351.0,-9169.8,94.0
2026-03-29,korea,288.0,26.0,27.0,314.0,0.0,1.0,7.0,43.0,10.0,-55.8,2.0
2026-03-29,libya,204.0,12.0,49.0,-58.9,2.0,7.0,0.0,0.0,0.0,0.0,0.0
2026-03-29,scs,1077.0,105.0,121.0,996.0,2.0,13.0,28.0,59.0,8.0,163.1,5.0
2026-03-29,southasia,6081.0,760.0,578.0,7676.0,20.0,13.0,230.0,3.0,2.0,3.4,0.0
2026-03-29,sudan,79.0,3.0,23.0,-84.7,0.0,0.0,2.0,1.0,1.0,-10.0,0.0
2026-03-29,taiwan,164.0,17.0,15.0,222.7,3.0,0.0,6.0,38.0,9.0,4.8,4.0
2026-03-29,ukraine,871.0,96.0,129.0,826.8,12.0,1.0,19.0,224.0,142.0,-726.6,12.0
2026-03-29,venezuela,244.0,31.0,53.0,61.4,2.0,0.0,18.0,47.0,16.0,16.2,6.0
2026-03-29,yemen,227.0,29.0,104.0,-826.7,7.0,3.0,9.0,140.0,120.0,-1098.6,3.0
2026-03-30,drc,8.0,3.0,0.0,26.0,0.0,0.0,0.0,8.0,2.0,41.0,0.0
2026-03-30,europe_east,784.0,79.0,81.0,978.0,0.0,2.0,45.0,61.0,4.0,135.9,0.0
2026-03-30,iran,8695.0,1732.0,1825.0,-8576.3,180.0,87.0,247.0,2944.0,1450.0,-5061.5,122.0
2026-03-30,israel,7302.0,1344.0,2418.0,-17287.3,85.0,28.0,390.0,2211.0,1455.0,-9367.8,141.0
2026-03-30,korea,633.0,57.0,50.0,1173.7,3.0,6.0,20.0,51.0,12.0,98.1,2.0
2026-03-30,libya,110.0,11.0,27.0,-104.1,0.0,1.0,1.0,0.0,0.0,0.0,0.0
2026-03-30,scs,1134.0,136.0,122.0,1148.6,0.0,6.0,52.0,113.0,21.0,66.7,2.0
2026-03-30,southasia,7818.0,1009.0,1023.0,4845.4,44.0,48.0,382.0,18.0,9.0,-21.7,5.0
2026-03-30,sudan,329.0,41.0,93.0,-495.1,1.0,0.0,21.0,0.0,0.0,0.0,0.0
2026-03-30,taiwan,585.0,51.0,24.0,1033.8,0.0,0.0,12.0,234.0,26.0,522.4,2.0
2026-03-30,ukraine,1499.0,169.0,234.0,1113.0,2.0,2.0,51.0,351.0,186.0,-917.5,24.0
2026-03-30,venezuela,463.0,38.0,105.0,74.0,2.0,1.0,32.0,96.0,28.0,84.5,5.0
2026-03-30,yemen,193.0,36.0,67.0,-516.5,1.0,4.0,9.0,101.0,63.0,-501.0,1.0
2026-03-31,drc,22.0,2.0,4.0,-10.4,0.0,0.0,0.0,0.0,0.0,0.0,0.0
2026-03-31,europe_east,753.0,99.0,70.0,741.4,3.0,4.0,41.0,43.0,20.0,-23.4,0.0
2026-03-31,iran,7537.0,1413.0,1589.0,-6784.4,163.0,79.0,291.0,2488.0,1153.0,-3656.7,121.0
2026-03-31,israel,7003.0,1478.0,2010.0,-14459.8,85.0,30.0,444.0,1991.0,1269.0,-7606.6,165.0
2026-03-31,korea,625.0,50.0,78.0,774.2,1.0,1.0,38.0,83.0,29.0,31.3,1.0
2026-03-31,libya,106.0,8.0,24.0,-46.0,4.0,4.0,5.0,0.0,0.0,0.0,0.0
2026-03-31,scs,1088.0,114.0,123.0,1152.7,0.0,5.0,37.0,64.0,24.0,30.2,1.0
2026-03-31,southasia,6807.0,998.0,800.0,4799.5,21.0,20.0,304.0,19.0,7.0,-23.4,2.0
2026-03-31,sudan,207.0,39.0,57.0,-393.4,0.0,0.0,6.0,3.0,3.0,-14.0,0.0
2026-03-31,taiwan,304.0,24.0,35.0,334.9,0.0,6.0,12.0,77.0,13.0,93.8,4.0
2026-03-31,ukraine,1492.0,145.0,230.0,1158.7,10.0,3.0,28.0,419.0,198.0,-769.8,22.0
2026-03-31,venezuela,322.0,39.0,63.0,93.0,5.0,0.0,26.0,82.0,31.0,-43.3,2.0
2026-03-31,yemen,119.0,18.0,34.0,-261.4,1.0,2.0,3.0,61.0,32.0,-162.5,0.0
2026-04-01,drc,27.0,2.0,6.0,-3.3,1.0,0.0,0.0,10.0,6.0,-22.0,4.0
2026-04-01,europe_east,836.0,84.0,94.0,1033.8,2.0,7.0,42.0,33.0,16.0,-104.4,3.0
2026-04-01,iran,7993.0,1497.0,1532.0,-3564.7,152.0,73.0,285.0,2684.0,1253.0,-3989.7,143.0
2026-04-01,israel,5822.0,1228.0,1540.0,-9845.2,93.0,29.0,264.0,1760.0,1138.0,-6430.3,127.0
2026-04-01,korea,783.0,91.0,52.0,1149.8,3.0,2.0,26.0,44.0,11.0,21.3,0.0
2026-04-01,libya,78.0,9.0,19.0,-48.8,0.0,1.0,2.0,0.0,0.0,0.0,0.0
2026-04-01,scs,1113.0,112.0,85.0,1738.5,6.0,1.0,43.0,57.0,23.0,31.9,3.0
2026-04-01,southasia,6078.0,852.0,734.0,4160.1,24.0,12.0,278.0,9.0,8.0,-40.6,0.0
2026-04-01,sudan,255.0,45.0,55.0,-228.4,1.0,0.0,4.0,1.0,1.0,-9.5,0.0
2026-04-01,taiwan,333.0,33.0,44.0,229.5,0.0,2.0,27.0,88.0,26.0,-45.5,0.0
2026-04-01,ukraine,1791.0,209.0,268.0,1389.4,9.0,6.0,44.0,520.0,259.0,-854.9,15.0
2026-04-01,venezuela,478.0,66.0,105.0,-82.4,0.0,0.0,61.0,153.0,46.0,32.3,20.0
2026-04-01,yemen,162.0,47.0,37.0,-286.7,1.0,0.0,8.0,106.0,72.0,-475.6,16.0
2026-04-02,drc,59.0,11.0,10.0,-76.2,0.0,0.0,1.0,12.0,0.0,50.0,0.0
2026-04-02,europe_east,664.0,52.0,76.0,905.2,0.0,8.0,41.0,33.0,18.0,-46.0,11.0
2026-04-02,iran,7274.0,1511.0,1354.0,-5982.5,173.0,40.0,279.0,2513.0,1122.0,-3681.8,149.0
2026-04-02,israel,4382.0,1014.0,1135.0,-7760.1,63.0,20.0,244.0,1439.0,894.0,-4825.6,123.0
2026-04-02,korea,717.0,93.0,51.0,1122.8,9.0,4.0,16.0,16.0,4.0,68.8,1.0
2026-04-02,libya,128.0,8.0,20.0,74.8,0.0,0.0,2.0,4.0,2.0,-16.6,0.0
2026-04-02,scs,1016.0,136.0,99.0,1020.3,3.0,3.0,51.0,45.0,17.0,1.2,0.0
2026-04-02,southasia,6671.0,996.0,802.0,4055.3,17.0,22.0,285.0,11.0,8.0,-24.4,2.0
2026-04-02,sudan,253.0,33.0,44.0,-64.9,2.0,3.0,10.0,2.0,2.0,-20.0,0.0
2026-04-02,taiwan,296.0,27.0,28.0,562.1,0.0,2.0,19.0,73.0,20.0,-30.5,4.0
2026-04-02,ukraine,1219.0,157.0,219.0,239.4,6.0,4.0,76.0,306.0,166.0,-662.7,10.0
2026-04-02,venezuela,475.0,50.0,99.0,214.2,2.0,0.0,59.0,136.0,43.0,80.8,16.0
2026-04-02,yemen,85.0,15.0,30.0,-168.8,3.0,6.0,2.0,55.0,36.0,-255.7,2.0
2026-04-03,drc,24.0,3.0,2.0,28.2,0.0,0.0,0.0,18.0,5.0,12.7,0.0
2026-04-03,europe_east,517.0,65.0,33.0,746.7,0.0,2.0,18.0,16.0,4.0,16.0,2.0
2026-04-03,iran,7256.0,1466.0,1582.0,-8410.5,154.0,45.0,283.0,2439.0,1112.0,-4074.5,120.0
2026-04-03,israel,4116.0,734.0,1267.0,-8314.6,61.0,28.0,250.0,1240.0,748.0,-4283.3,103.0
2026-04-03,korea,632.0,42.0,56.0,950.0,1.0,0.0,14.0,17.0,4.0,5.5,0.0
2026-04-03,libya,47.0,11.0,12.0,-25.4,0.0,0.0,1.0,0.0,0.0,0.0,0.0
2026-04-03,scs,763.0,68.0,71.0,922.5,1.0,0.0,29.0,28.0,3.0,115.7,0.0
2026-04-03,southasia,5628.0,953.0,720.0,1965.8,19.0,19.0,320.0,27.0,20.0,-49.0,6.0
2026-04-03,sudan,197.0,32.0,58.0,-377.5,3.0,0.0,8.0,2.0,2.0,-15.0,1.0
2026-04-03,taiwan,206.0,22.0,17.0,274.0,0.0,0.0,14.0,56.0,11.0,27.6,0.0
2026-04-03,ukraine,1402.0,159.0,289.0,-199.1,4.0,0.0,52.0,406.0,234.0,-979.5,17.0
2026-04-03,venezuela,311.0,34.0,67.0,37.6,0.0,0.0,24.0,78.0,29.0,-24.3,12.0
2026-04-03,yemen,97.0,7.0,48.0,-350.5,0.0,0.0,2.0,62.0,39.0,-318.7,0.0
2026-04-04,drc,18.0,0.0,5.0,-15.6,0.0,0.0,0.0,0.0,0.0,0.0,0.0
2026-04-04,europe_east,254.0,27.0,42.0,27.7,0.0,1.0,22.0,4.0,0.0,9.4,0.0
2026-04-04,iran,5896.0,969.0,1615.0,-8820.3,80.0,22.0,306.0,2140.0,1162.0,-6005.2,118.0
2026-04-04,israel,3243.0,554.0,1094.0,-8138.7,37.0,12.0,165.0,1257.0,850.0,-5821.9,68.0
2026-04-04,korea,270.0,13.0,26.0,352.2,0.0,0.0,9.0,13.0,9.0,-63.4,1.0
2026-04-04,libya,44.0,5.0,2.0,68.0,0.0,0.0,0.0,0.0,0.0,0.0,0.0
2026-04-04,scs,690.0,62.0,86.0,544.4,2.0,2.0,34.0,33.0,9.0,-1.2,3.0
2026-04-04,southasia,4899.0,758.0,578.0,2762.9,8.0,10.0,246.0,31.0,18.0,-34.3,9.0
2026-04-04,sudan,131.0,20.0,37.0,-182.9,0.0,2.0,5.0,2.0,1.0,-9.0,0.0
2026-04-04,taiwan,158.0,24.0,22.0,123.8,0.0,0.0,15.0,41.0,2.0,91.0,0.0
2026-04-04,ukraine,1083.0,121.0,230.0,114.4,1.0,0.0,41.0,442.0,259.0,-1052.0,19.0
2026-04-04,venezuela,85.0,9.0,22.0,16.9,0.0,0.0,9.0,17.0,12.0,-89.4,6.0
2026-04-04,yemen,40.0,15.0,9.0,-106.0,4.0,0.0,1.0,37.0,18.0,-106.6,0.0
2026-04-05,drc,8.0,0.0,0.0,18.2,0.0,0.0,0.0,0.0,0.0,0.0,0.0
2026-04-05,europe_east,208.0,28.0,33.0,26.7,0.0,0.0,10.0,13.0,8.0,-28.0,2.0
2026-04-05,iran,7009.0,1296.0,1695.0,-8197.9,152.0,36.0,288.0,2281.0,1206.0,-5034.9,166.0
2026-04-05,israel,3735.0,741.0,1165.0,-8541.4,83.0,7.0,233.0,1387.0,936.0,-5809.7,110.0
2026-04-05,korea,234.0,24.0,24.0,348.0,1.0,0.0,14.0,7.0,5.0,-30.0,0.0
2026-04-05,libya,30.0,3.0,9.0,-56.4,0.0,0.0,0.0,0.0,0.0,0.0,0.0
2026-04-05,scs,628.0,67.0,127.0,-23.4,1.0,4.0,62.0,20.0,9.0,-5.6,0.0
2026-04-05,southasia,4131.0,677.0,529.0,1100.7,39.0,5.0,221.0,27.0,16.0,-68.7,12.0
2026-04-05,sudan,58.0,10.0,2.0,46.9,2.0,0.0,1.0,0.0,0.0,0.0,0.0
2026-04-05,taiwan,142.0,10.0,11.0,238.3,0.0,1.0,3.0,43.0,4.0,80.6,0.0
2026-04-05,ukraine,900.0,86.0,127.0,808.7,6.0,3.0,12.0,254.0,120.0,-372.8,6.0
2026-04-05,venezuela,80.0,10.0,20.0,-49.0,1.0,0.0,2.0,17.0,9.0,-40.7,0.0
2026-04-05,yemen,39.0,11.0,12.0,-117.1,2.0,0.0,2.0,24.0,14.0,-106.4,0.0
2026-04-06,drc,28.0,0.0,2.0,61.5,0.0,0.0,2.0,5.0,1.0,7.4,0.0
2026-04-06,europe_east,330.0,39.0,51.0,156.9,0.0,0.0,27.0,12.0,7.0,2.6,0.0
2026-04-06,iran,8732.0,2012.0,1803.0,-9722.1,263.0,25.0,352.0,3277.0,1687.0,-6484.1,183.0
2026-04-06,israel,5063.0,1069.0,1575.0,-11665.1,109.0,5.0,220.0,1955.0,1291.0,-7444.7,90.0
2026-04-06,korea,790.0,102.0,75.0,652.0,1.0,1.0,37.0,92.0,24.0,127.9,0.0
2026-04-06,libya,71.0,6.0,16.0,-7.3,0.0,1.0,2.0,2.0,0.0,14.0,0.0
2026-04-06,scs,879.0,89.0,85.0,977.5,0.0,6.0,38.0,23.0,1.0,85.6,0.0
2026-04-06,southasia,6190.0,1146.0,800.0,761.4,75.0,12.0,337.0,87.0,47.0,-136.9,14.0
2026-04-06,sudan,163.0,29.0,26.0,-20.6,2.0,0.0,7.0,0.0,0.0,0.0,0.0
2026-04-06,taiwan,257.0,19.0,11.0,446.0,0.0,1.0,4.0,88.0,12.0,143.1,4.0
2026-04-06,ukraine,1117.0,187.0,206.0,-262.4,15.0,3.0,31.0,467.0,289.0,-1496.7,12.0
2026-04-06,venezuela,232.0,26.0,36.0,58.9,0.0,0.0,13.0,44.0,16.0,-80.3,2.0
2026-04-06,yemen,74.0,19.0,22.0,-135.1,1.0,0.0,1.0,27.0,21.0,-147.9,0.0
2026-04-07,drc,34.0,3.0,11.0,-71.6,0.0,0.0,1.0,9.0,0.0,72.0,0.0
2026-04-07,europe_east,640.0,60.0,43.0,970.2,3.0,0.0,21.0,79.0,25.0,-40.9,2.0
2026-04-07,iran,10398.0,2644.0,1920.0,-10426.8,361.0,44.0,417.0,3731.0,1854.0,-6107.0,243.0
2026-04-07,israel,4891.0,976.0,1568.0,-11478.4,88.0,14.0,255.0,1775.0,1168.0,-6855.0,117.0
2026-04-07,korea,751.0,92.0,59.0,1144.4,1.0,2.0,31.0,63.0,15.0,68.4,0.0
2026-04-07,libya,132.0,13.0,34.0,-155.4,0.0,2.0,11.0,1.0,0.0,0.0,0.0
2026-04-07,scs,1187.0,128.0,125.0,1442.3,3.0,4.0,47.0,36.0,1.0,137.0,0.0
2026-04-07,southasia,7067.0,1150.0,868.0,3520.2,45.0,14.0,407.0,86.0,52.0,-195.6,34.0
2026-04-07,sudan,288.0,26.0,22.0,483.1,0.0,0.0,8.0,2.0,0.0,2.0,0.0
2026-04-07,taiwan,636.0,49.0,38.0,968.3,1.0,3.0,16.0,421.0,32.0,795.3,4.0
2026-04-07,ukraine,1270.0,192.0,225.0,-65.5,11.0,2.0,38.0,501.0,285.0,-1353.4,25.0
2026-04-07,venezuela,265.0,27.0,51.0,135.4,0.0,0.0,21.0,70.0,24.0,-41.6,2.0
2026-04-07,yemen,69.0,12.0,22.0,-132.2,0.0,0.0,0.0,41.0,18.0,-30.2,0.0
2026-04-08,drc,16.0,3.0,7.0,-50.0,0.0,0.0,0.0,2.0,1.0,3.0,0.0
2026-04-08,europe_east,633.0,82.0,44.0,1167.3,2.0,1.0,26.0,15.0,11.0,-31.4,0.0
2026-04-08,iran,13823.0,2683.0,1785.0,6949.6,274.0,17.0,359.0,6077.0,1953.0,3933.7,146.0
2026-04-08,israel,8901.0,1931.0,1760.0,-5765.5,188.0,25.0,209.0,3403.0,1826.0,-6702.5,129.0
2026-04-08,korea,1172.0,144.0,183.0,271.5,0.0,2.0,24.0,228.0,111.0,-587.0,6.0
2026-04-08,libya,94.0,8.0,21.0,31.2,0.0,0.0,10.0,4.0,4.0,-16.0,0.0
2026-04-08,scs,1302.0,121.0,117.0,1898.5,2.0,6.0,49.0,47.0,5.0,145.8,2.0
2026-04-08,southasia,8388.0,1105.0,825.0,10030.5,38.0,23.0,347.0,44.0,18.0,-3.7,3.0
2026-04-08,sudan,243.0,30.0,39.0,-2.3,0.0,0.0,16.0,3.0,3.0,-30.0,0.0
2026-04-08,taiwan,453.0,43.0,27.0,550.2,8.0,1.0,9.0,307.0,32.0,479.3,7.0
2026-04-08,ukraine,960.0,139.0,144.0,277.5,10.0,2.0,25.0,228.0,108.0,-422.7,13.0
2026-04-08,venezuela,239.0,30.0,61.0,-189.3,1.0,0.0,23.0,58.0,19.0,-56.7,2.0
2026-04-08,yemen,54.0,13.0,5.0,29.2,0.0,0.0,0.0,7.0,3.0,0.1,0.0
2026-04-09,drc,29.0,6.0,7.0,-48.5,1.0,0.0,0.0,8.0,2.0,24.0,0.0
2026-04-09,europe_east,742.0,65.0,52.0,1508.3,0.0,0.0,22.0,31.0,23.0,-102.2,13.0
2026-04-09,iran,9934.0,2022.0,1219.0,3336.7,175.0,28.0,229.0,4408.0,1574.0,1223.7,152.0
2026-04-09,israel,10443.0,2241.0,2027.0,-7554.5,184.0,29.0,266.0,3794.0,1970.0,-6792.7,186.0
2026-04-09,korea,855.0,108.0,114.0,489.7,3.0,5.0,30.0,99.0,36.0,-189.5,1.0
2026-04-09,libya,70.0,9.0,14.0,9.6,0.0,1.0,8.0,4.0,4.0,-16.0,0.0
2026-04-09,scs,1217.0,120.0,110.0,1559.1,2.0,13.0,43.0,125.0,16.0,297.9,0.0
2026-04-09,southasia,7691.0,995.0,774.0,8312.7,34.0,16.0,333.0,33.0,16.0,-58.9,4.0
2026-04-09,sudan,329.0,26.0,40.0,228.2,1.0,0.0,9.0,8.0,8.0,-54.0,2.0
2026-04-09,taiwan,280.0,18.0,26.0,394.0,0.0,3.0,20.0,162.0,21.0,281.0,7.0
2026-04-09,ukraine,1178.0,183.0,180.0,720.2,3.0,8.0,51.0,402.0,148.0,167.6,29.0
2026-04-09,venezuela,240.0,23.0,56.0,-38.6,0.0,2.0,20.0,52.0,15.0,-13.3,2.0
2026-04-09,yemen,63.0,8.0,7.0,75.1,3.0,0.0,1.0,6.0,5.0,-47.0,0.0
2026-04-10,drc,36.0,2.0,14.0,-79.1,0.0,0.0,5.0,4.0,2.0,-4.0,2.0
2026-04-10,europe_east,423.0,65.0,37.0,332.6,2.0,15.0,11.0,42.0,29.0,-100.7,3.0
2026-04-10,iran,7875.0,1545.0,937.0,3420.0,121.0,23.0,231.0,3044.0,1112.0,536.5,128.0
2026-04-10,israel,9174.0,1746.0,1662.0,-2228.7,132.0,10.0,300.0,3289.0,1398.0,-2222.4,130.0
2026-04-10,korea,700.0,81.0,48.0,1109.0,2.0,2.0,25.0,45.0,13.0,39.2,0.0
2026-04-10,libya,52.0,8.0,5.0,66.7,0.0,0.0,0.0,0.0,0.0,0.0,0.0
2026-04-10,scs,1290.0,133.0,127.0,1451.6,1.0,4.0,54.0,62.0,8.0,148.5,0.0
2026-04-10,southasia,7599.0,977.0,696.0,8684.3,22.0,20.0,342.0,24.0,11.0,-33.0,2.0
2026-04-10,sudan,233.0,33.0,53.0,-197.6,3.0,0.0,14.0,7.0,7.0,-54.0,0.0
2026-04-10,taiwan,698.0,94.0,36.0,878.9,2.0,0.0,19.0,539.0,95.0,733.5,12.0
2026-04-10,ukraine,1500.0,204.0,224.0,1322.3,7.0,7.0,54.0,587.0,197.0,553.3,18.0
2026-04-10,venezuela,280.0,35.0,52.0,9.9,3.0,3.0,14.0,55.0,23.0,-33.7,3.0
2026-04-10,yemen,65.0,4.0,19.0,-30.4,2.0,0.0,9.0,29.0,17.0,-53.0,6.0
2026-04-11,drc,19.0,2.0,3.0,-21.9,0.0,0.0,1.0,0.0,0.0,0.0,0.0
2026-04-11,europe_east,212.0,25.0,38.0,31.1,0.0,2.0,27.0,27.0,17.0,-46.4,4.0
2026-04-11,iran,5963.0,870.0,762.0,4114.4,40.0,15.0,173.0,2485.0,745.0,2002.3,57.0
2026-04-11,israel,5873.0,1001.0,1346.0,-3705.6,40.0,13.0,307.0,2098.0,910.0,-1682.1,61.0
2026-04-11,korea,278.0,18.0,40.0,281.1,0.0,1.0,16.0,25.0,9.0,-9.9,0.0
2026-04-11,libya,56.0,3.0,7.0,90.0,0.0,0.0,1.0,0.0,0.0,0.0,0.0
2026-04-11,scs,707.0,80.0,100.0,344.2,0.0,3.0,34.0,21.0,2.0,64.7,0.0
2026-04-11,southasia,6930.0,705.0,661.0,9447.9,13.0,33.0,302.0,34.0,6.0,48.8,1.0
2026-04-11,sudan,104.0,18.0,15.0,3.0,0.0,0.0,5.0,7.0,6.0,-24.6,0.0
2026-04-11,taiwan,256.0,34.0,12.0,293.3,2.0,0.0,4.0,162.0,31.0,198.0,5.0
2026-04-11,ukraine,1043.0,125.0,220.0,-100.4,5.0,2.0,52.0,540.0,207.0,3.7,20.0
2026-04-11,venezuela,153.0,26.0,30.0,-83.3,2.0,3.0,7.0,9.0,6.0,-19.5,0.0
2026-04-11,yemen,41.0,4.0,13.0,-55.8,0.0,1.0,2.0,9.0,5.0,-43.3,0.0
2026-04-12,drc,5.0,2.0,0.0,1.3,0.0,0.0,0.0,0.0,0.0,0.0,0.0
2026-04-12,europe_east,266.0,10.0,44.0,172.1,2.0,1.0,17.0,22.0,8.0,-14.0,2.0
2026-04-12,iran,5514.0,979.0,810.0,1741.4,67.0,10.0,395.0,2112.0,759.0,1186.3,85.0
2026-04-12,israel,4660.0,994.0,1086.0,-4352.4,30.0,23.0,316.0,1385.0,662.0,-1794.5,78.0
2026-04-12,korea,337.0,28.0,14.0,877.9,0.0,0.0,6.0,17.0,2.0,28.2,0.0
2026-04-12,libya,31.0,6.0,9.0,-47.8,0.0,1.0,3.0,0.0,0.0,0.0,0.0
2026-04-12,scs,514.0,60.0,55.0,476.1,0.0,0.0,35.0,26.0,2.0,68.2,0.0
2026-04-12,southasia,5526.0,675.0,559.0,6048.9,7.0,17.0,263.0,30.0,7.0,51.8,4.0
2026-04-12,sudan,150.0,28.0,32.0,-172.5,0.0,0.0,5.0,6.0,6.0,-59.5,0.0
2026-04-12,taiwan,350.0,37.0,30.0,453.8,0.0,1.0,22.0,206.0,53.0,231.4,11.0
2026-04-12,ukraine,1162.0,241.0,281.0,-1320.6,4.0,2.0,28.0,716.0,441.0,-1477.9,11.0
2026-04-12,venezuela,131.0,27.0,27.0,-123.6,0.0,0.0,11.0,18.0,10.0,-15.8,0.0
2026-04-12,yemen,33.0,6.0,2.0,37.6,1.0,0.0,1.0,14.0,6.0,11.6,0.0
2026-04-13,drc,35.0,2.0,3.0,45.0,0.0,0.0,0.0,16.0,2.0,56.0,0.0
2026-04-13,europe_east,740.0,54.0,53.0,1269.8,1.0,3.0,25.0,42.0,8.0,68.4,0.0
2026-04-13,iran,7007.0,1553.0,961.0,895.0,116.0,23.0,410.0,2481.0,926.0,902.0,95.0
2026-04-13,israel,5270.0,1022.0,1269.0,-5448.9,44.0,14.0,323.0,1768.0,833.0,-2217.0,112.0
2026-04-13,korea,506.0,32.0,51.0,783.8,0.0,13.0,17.0,23.0,7.0,9.5,4.0
2026-04-13,libya,59.0,3.0,6.0,70.2,0.0,0.0,1.0,1.0,0.0,3.4,0.0
2026-04-13,scs,1004.0,136.0,103.0,1364.9,2.0,6.0,59.0,97.0,52.0,-81.0,10.0
2026-04-13,southasia,6592.0,920.0,849.0,4334.6,21.0,35.0,394.0,18.0,11.0,-32.2,3.0
2026-04-13,sudan,306.0,36.0,70.0,-205.9,0.0,0.0,27.0,2.0,2.0,-20.0,0.0
2026-04-13,taiwan,488.0,42.0,21.0,822.7,1.0,1.0,13.0,139.0,24.0,189.3,9.0
2026-04-13,ukraine,1490.0,269.0,242.0,38.4,2.0,6.0,41.0,463.0,303.0,-1246.5,6.0
2026-04-13,venezuela,339.0,84.0,38.0,176.2,1.0,0.0,16.0,54.0,16.0,62.2,0.0
2026-04-13,yemen,60.0,14.0,17.0,-142.3,2.0,0.0,3.0,19.0,5.0,-11.0,2.0
2026-04-14,drc,42.0,3.0,6.0,13.3,0.0,0.0,0.0,10.0,4.0,-16.7,0.0
2026-04-14,europe_east,697.0,87.0,71.0,710.3,0.0,7.0,27.0,32.0,20.0,-101.0,3.0
2026-04-14,iran,6738.0,1370.0,877.0,2300.7,80.0,19.0,398.0,2417.0,878.0,939.8,57.0
2026-04-14,israel,7319.0,1287.0,1369.0,-1428.6,40.0,7.0,351.0,2636.0,978.0,-345.2,60.0
2026-04-14,korea,700.0,62.0,73.0,1017.0,3.0,3.0,30.0,77.0,11.0,138.7,0.0
2026-04-14,libya,87.0,10.0,11.0,55.9,1.0,1.0,1.0,1.0,0.0,3.4,0.0
2026-04-14,scs,1373.0,129.0,123.0,2344.9,3.0,3.0,42.0,158.0,31.0,273.6,0.0
2026-04-14,southasia,7142.0,925.0,792.0,5674.0,19.0,20.0,353.0,9.0,3.0,7.4,0.0
2026-04-14,sudan,404.0,59.0,71.0,19.4,6.0,0.0,13.0,1.0,1.0,-4.4,0.0
2026-04-14,taiwan,276.0,17.0,22.0,557.2,0.0,2.0,15.0,59.0,11.0,40.8,5.0
2026-04-14,ukraine,1584.0,177.0,266.0,789.7,8.0,9.0,51.0,422.0,230.0,-1090.6,19.0
2026-04-14,venezuela,385.0,79.0,52.0,140.0,8.0,0.0,24.0,77.0,25.0,53.5,9.0
2026-04-14,yemen,72.0,15.0,14.0,-5.5,0.0,0.0,1.0,10.0,5.0,18.0,0.0
2026-04-15,drc,36.0,4.0,9.0,-49.1,0.0,0.0,1.0,0.0,0.0,0.0,0.0
2026-04-15,europe_east,696.0,101.0,47.0,850.6,2.0,0.0,19.0,51.0,26.0,-55.4,6.0
2026-04-15,iran,7163.0,1424.0,923.0,2242.6,71.0,35.0,356.0,2463.0,897.0,548.6,85.0
2026-04-15,israel,6796.0,1185.0,1238.0,-1200.9,53.0,16.0,329.0,2346.0,905.0,-479.1,71.0
2026-04-15,korea,909.0,83.0,119.0,816.3,0.0,0.0,90.0,80.0,23.0,68.1,12.0
2026-04-15,libya,70.0,5.0,5.0,151.5,2.0,0.0,0.0,0.0,0.0,0.0,0.0
2026-04-15,scs,1503.0,114.0,116.0,2527.5,0.0,1.0,29.0,196.0,23.0,502.9,7.0
2026-04-15,southasia,6887.0,911.0,800.0,5563.7,15.0,47.0,402.0,13.0,5.0,-5.6,2.0
2026-04-15,sudan,937.0,158.0,134.0,84.4,7.0,11.0,25.0,15.0,5.0,-18.2,0.0
2026-04-15,taiwan,314.0,18.0,30.0,506.7,0.0,0.0,26.0,62.0,15.0,54.5,1.0
2026-04-15,ukraine,1439.0,150.0,241.0,569.3,5.0,3.0,54.0,360.0,169.0,-573.2,29.0
2026-04-15,venezuela,266.0,57.0,58.0,-160.6,1.0,0.0,26.0,57.0,22.0,19.0,2.0
2026-04-15,yemen,52.0,3.0,10.0,58.1,0.0,0.0,3.0,9.0,2.0,5.2,2.0
2026-04-16,drc,21.0,5.0,0.0,19.2,0.0,0.0,0.0,6.0,1.0,7.4,0.0
2026-04-16,europe_east,754.0,93.0,52.0,1191.6,14.0,4.0,22.0,53.0,40.0,-164.4,8.0
2026-04-16,iran,7071.0,1367.0,903.0,2300.8,99.0,39.0,322.0,2417.0,870.0,798.1,80.0
2026-04-16,israel,9289.0,1315.0,1520.0,4578.7,62.0,26.0,406.0,3581.0,1200.0,1913.8,125.0
2026-04-16,korea,762.0,66.0,112.0,904.7,0.0,0.0,96.0,36.0,20.0,-60.7,11.0
2026-04-16,libya,39.0,5.0,11.0,-14.1,0.0,0.0,1.0,0.0,0.0,0.0,0.0
2026-04-16,scs,1327.0,127.0,144.0,1586.0,3.0,3.0,75.0,141.0,21.0,233.6,4.0
2026-04-16,southasia,7105.0,984.0,840.0,5482.6,14.0,31.0,386.0,14.0,1.0,32.8,1.0
2026-04-16,sudan,551.0,83.0,59.0,447.0,3.0,0.0,22.0,9.0,7.0,-62.5,0.0
2026-04-16,taiwan,328.0,30.0,24.0,490.6,0.0,0.0,12.0,106.0,22.0,118.3,3.0
2026-04-16,ukraine,1693.0,197.0,393.0,-709.5,9.0,8.0,48.0,508.0,334.0,-1962.3,36.0
2026-04-16,venezuela,327.0,77.0,55.0,-42.3,2.0,0.0,20.0,63.0,29.0,-1.7,2.0
2026-04-16,yemen,61.0,21.0,19.0,-185.0,3.0,0.0,4.0,27.0,10.0,-8.0,0.0
2026-04-17,drc,53.0,4.0,4.0,137.4,0.0,0.0,4.0,2.0,0.0,2.0,0.0
2026-04-17,europe_east,754.0,133.0,88.0,486.5,5.0,0.0,41.0,47.0,30.0,-104.7,3.0
2026-04-17,iran,5959.0,984.0,740.0,3387.4,49.0,15.0,238.0,2252.0,717.0,1265.9,42.0
2026-04-17,israel,8195.0,1269.0,1236.0,4059.8,50.0,32.0,359.0,2788.0,1049.0,918.5,100.0
2026-04-17,korea,618.0,28.0,38.0,1124.8,0.0,0.0,16.0,24.0,8.0,-55.2,0.0
2026-04-17,libya,75.0,6.0,16.0,-56.5,1.0,0.0,0.0,1.0,0.0,5.2,0.0
2026-04-17,scs,1296.0,119.0,161.0,1441.4,3.0,0.0,61.0,162.0,8.0,507.7,0.0
2026-04-17,southasia,7005.0,994.0,870.0,4337.1,15.0,28.0,347.0,12.0,4.0,10.3,2.0
2026-04-17,sudan,330.0,42.0,52.0,-60.6,4.0,0.0,11.0,9.0,3.0,-21.6,0.0
2026-04-17,taiwan,259.0,25.0,8.0,495.0,1.0,1.0,5.0,91.0,18.0,60.4,0.0
2026-04-17,ukraine,1270.0,171.0,269.0,-423.0,3.0,3.0,37.0,350.0,213.0,-1106.5,9.0
2026-04-17,venezuela,318.0,36.0,34.0,486.5,0.0,0.0,24.0,71.0,10.0,161.3,2.0
2026-04-17,yemen,57.0,5.0,13.0,-39.0,0.0,0.0,9.0,13.0,3.0,9.7,2.0
2026-04-18,drc,25.0,1.0,4.0,32.3,0.0,0.0,4.0,0.0,0.0,0.0,0.0
2026-04-18,europe_east,236.0,44.0,20.0,134.1,1.0,0.0,13.0,17.0,13.0,-69.5,5.0
2026-04-18,iran,4730.0,875.0,638.0,1309.5,28.0,17.0,194.0,1626.0,596.0,564.2,45.0
2026-04-18,israel,4570.0,740.0,949.0,-559.9,39.0,33.0,200.0,1573.0,679.0,-1023.6,84.0
2026-04-18,korea,312.0,76.0,31.0,87.6,2.0,2.0,8.0,46.0,18.0,-4.5,0.0
2026-04-18,libya,58.0,11.0,13.0,-69.9,1.0,0.0,3.0,0.0,0.0,0.0,0.0
2026-04-18,scs,857.0,70.0,130.0,855.3,0.0,3.0,58.0,60.0,5.0,156.4,3.0
2026-04-18,southasia,5032.0,821.0,606.0,2446.1,10.0,10.0,325.0,7.0,4.0,-29.0,0.0
2026-04-18,sudan,184.0,28.0,25.0,61.1,3.0,2.0,10.0,0.0,0.0,0.0,0.0
2026-04-18,taiwan,141.0,15.0,17.0,64.8,0.0,0.0,6.0,69.0,9.0,158.6,0.0
2026-04-18,ukraine,1176.0,142.0,318.0,-1214.0,5.0,9.0,29.0,300.0,164.0,-803.9,11.0
2026-04-18,venezuela,193.0,22.0,37.0,9.1,0.0,0.0,10.0,37.0,11.0,20.9,4.0
2026-04-18,yemen,37.0,3.0,14.0,-96.4,0.0,0.0,2.0,2.0,2.0,-4.0,0.0
2026-04-19,drc,18.0,0.0,5.0,23.0,0.0,0.0,4.0,0.0,0.0,0.0,0.0
2026-04-19,europe_east,218.0,19.0,12.0,463.0,0.0,0.0,6.0,5.0,5.0,-33.0,2.0
2026-04-19,iran,5131.0,1008.0,793.0,78.5,44.0,22.0,238.0,1703.0,626.0,729.6,84.0
2026-04-19,israel,4216.0,691.0,858.0,-1005.6,14.0,31.0,161.0,1325.0,541.0,-832.8,53.0
2026-04-19,korea,772.0,69.0,154.0,-185.4,1.0,0.0,11.0,167.0,78.0,-399.5,10.0
2026-04-19,libya,33.0,3.0,8.0,-54.5,0.0,0.0,1.0,0.0,0.0,0.0,0.0
2026-04-19,scs,849.0,126.0,90.0,805.3,3.0,1.0,33.0,24.0,4.0,51.6,3.0
2026-04-19,southasia,5323.0,770.0,673.0,2926.1,15.0,43.0,279.0,5.0,3.0,0.8,2.0
2026-04-19,sudan,168.0,7.0,15.0,359.5,0.0,0.0,12.0,0.0,0.0,0.0,0.0
2026-04-19,taiwan,164.0,8.0,14.0,222.5,0.0,0.0,9.0,42.0,5.0,50.8,1.0
2026-04-19,ukraine,738.0,112.0,220.0,-1328.4,6.0,5.0,16.0,301.0,199.0,-1016.8,11.0
2026-04-19,venezuela,172.0,23.0,31.0,67.8,1.0,0.0,21.0,60.0,26.0,-25.3,16.0
2026-04-19,yemen,83.0,19.0,11.0,-6.8,0.0,1.0,1.0,27.0,14.0,-66.6,0.0
2026-04-20,drc,42.0,5.0,3.0,131.2,1.0,0.0,0.0,18.0,7.0,-13.9,0.0
2026-04-20,europe_east,805.0,73.0,51.0,1325.8,1.0,4.0,24.0,54.0,19.0,-14.8,8.0
2026-04-20,iran,6590.0,1353.0,1069.0,-1497.6,101.0,28.0,326.0,2465.0,983.0,-164.6,135.0
2026-04-20,israel,5790.0,999.0,1105.0,-1043.6,32.0,15.0,301.0,1675.0,697.0,-679.7,123.0
2026-04-20,korea,1095.0,83.0,134.0,1230.2,1.0,5.0,21.0,72.0,26.0,-85.7,6.0
2026-04-20,libya,81.0,5.0,22.0,-7.4,0.0,3.0,2.0,0.0,0.0,0.0,0.0
2026-04-20,scs,1233.0,191.0,155.0,933.2,8.0,2.0,39.0,105.0,53.0,-24.2,10.0
2026-04-20,southasia,7506.0,1170.0,909.0,4116.6,23.0,32.0,336.0,23.0,12.0,-69.2,2.0
2026-04-20,sudan,445.0,51.0,59.0,309.9,0.0,0.0,26.0,2.0,0.0,2.0,0.0
2026-04-20,taiwan,311.0,50.0,13.0,372.7,1.0,0.0,8.0,81.0,16.0,130.5,1.0
2026-04-20,ukraine,1246.0,173.0,268.0,-528.0,14.0,14.0,32.0,388.0,271.0,-1527.0,34.0
2026-04-20,venezuela,239.0,28.0,42.0,39.2,0.0,0.0,19.0,54.0,13.0,8.0,3.0
2026-04-20,yemen,95.0,11.0,23.0,-106.8,0.0,1.0,0.0,33.0,17.0,-113.8,0.0
2026-04-21,drc,47.0,2.0,9.0,55.2,0.0,0.0,6.0,6.0,1.0,22.8,0.0
2026-04-21,europe_east,628.0,67.0,42.0,1142.9,0.0,0.0,18.0,47.0,3.0,15.8,0.0
2026-04-21,iran,6863.0,1379.0,986.0,584.6,113.0,28.0,369.0,2296.0,872.0,91.8,87.0
2026-04-21,israel,6024.0,955.0,1338.0,-2861.0,25.0,25.0,395.0,1673.0,779.0,-1956.3,123.0
2026-04-21,korea,937.0,93.0,50.0,1522.1,1.0,2.0,14.0,55.0,14.0,71.9,1.0
2026-04-21,libya,42.0,4.0,9.0,-42.7,0.0,0.0,1.0,0.0,0.0,0.0,0.0
2026-04-21,scs,1702.0,172.0,196.0,2025.4,5.0,0.0,77.0,98.0,49.0,-65.7,10.0
2026-04-21,southasia,8009.0,1241.0,1028.0,4151.8,24.0,20.0,382.0,21.0,17.0,-94.3,5.0
2026-04-21,sudan,263.0,39.0,42.0,-57.7,1.0,0.0,10.0,0.0,0.0,0.0,0.0
2026-04-21,taiwan,431.0,44.0,44.0,495.9,3.0,0.0,19.0,82.0,37.0,-116.6,0.0
2026-04-21,ukraine,1225.0,154.0,263.0,-462.9,11.0,11.0,59.0,382.0,186.0,-755.3,33.0
2026-04-21,venezuela,246.0,37.0,49.0,25.0,3.0,0.0,30.0,27.0,13.0,-39.5,3.0
2026-04-21,yemen,35.0,7.0,13.0,-98.7,0.0,0.0,10.0,8.0,4.0,-7.9,0.0
2026-04-22,drc,51.0,6.0,10.0,25.3,0.0,0.0,10.0,7.0,2.0,-1.0,0.0
2026-04-22,europe_east,857.0,82.0,59.0,1665.8,0.0,2.0,34.0,29.0,18.0,-93.6,0.0
2026-04-22,iran,5769.0,1086.0,987.0,-895.9,63.0,20.0,308.0,1974.0,782.0,-570.5,93.0
2026-04-22,israel,5823.0,945.0,1330.0,-3897.7,34.0,13.0,304.0,1727.0,761.0,-1771.2,111.0
2026-04-22,korea,893.0,85.0,96.0,1198.6,2.0,1.0,58.0,29.0,8.0,39.6,0.0
2026-04-22,libya,58.0,4.0,11.0,34.0,0.0,0.0,1.0,0.0,0.0,0.0,0.0
2026-04-22,scs,1483.0,281.0,167.0,995.3,8.0,0.0,84.0,75.0,14.0,143.9,8.0
2026-04-22,southasia,7683.0,1200.0,1158.0,1279.2,24.0,35.0,352.0,31.0,20.0,-140.6,5.0
2026-04-22,sudan,288.0,29.0,57.0,-42.4,0.0,0.0,20.0,5.0,3.0,-24.8,0.0
2026-04-22,taiwan,400.0,75.0,36.0,350.8,0.0,0.0,26.0,108.0,50.0,-68.2,3.0
2026-04-22,ukraine,1703.0,251.0,256.0,448.4,13.0,12.0,70.0,516.0,208.0,-307.1,38.0
2026-04-22,venezuela,188.0,26.0,39.0,-19.9,2.0,0.0,20.0,17.0,10.0,-29.8,3.0
2026-04-22,yemen,57.0,9.0,8.0,37.5,2.0,0.0,4.0,28.0,7.0,5.9,0.0
2026-04-23,drc,46.0,5.0,1.0,84.2,0.0,0.0,0.0,4.0,0.0,17.4,0.0
2026-04-23,europe_east,919.0,92.0,57.0,1875.8,0.0,4.0,26.0,62.0,23.0,-3.0,4.0
2026-04-23,iran,5629.0,1034.0,957.0,-946.6,54.0,12.0,297.0,1575.0,654.0,-892.0,76.0
2026-04-23,israel,6763.0,1157.0,1415.0,-2895.0,36.0,14.0,319.0,1998.0,866.0,-1468.2,87.0
2026-04-23,korea,908.0,135.0,56.0,1356.9,3.0,2.0,22.0,36.0,6.0,77.5,0.0
2026-04-23,libya,68.0,3.0,10.0,64.8,0.0,0.0,4.0,0.0,0.0,0.0,0.0
2026-04-23,scs,1875.0,212.0,283.0,1120.2,2.0,1.0,119.0,30.0,10.0,-8.6,5.0
2026-04-23,southasia,7168.0,1078.0,1016.0,1899.8,23.0,76.0,392.0,35.0,12.0,4.1,0.0
2026-04-23,sudan,329.0,57.0,49.0,12.8,0.0,1.0,22.0,4.0,2.0,-12.6,0.0
2026-04-23,taiwan,512.0,82.0,47.0,624.5,0.0,0.0,31.0,160.0,73.0,-97.3,4.0
2026-04-23,ukraine,1936.0,218.0,237.0,1537.3,14.0,13.0,39.0,457.0,203.0,-631.2,27.0
2026-04-23,venezuela,271.0,22.0,58.0,110.6,11.0,0.0,38.0,42.0,19.0,-10.9,6.0
2026-04-23,yemen,29.0,3.0,3.0,44.8,0.0,0.0,0.0,0.0,0.0,0.0,0.0
2026-04-24,drc,20.0,1.0,0.0,33.9,0.0,0.0,0.0,0.0,0.0,0.0,0.0
2026-04-24,europe_east,634.0,72.0,59.0,740.1,2.0,4.0,26.0,52.0,31.0,-133.2,7.0
2026-04-24,iran,5618.0,842.0,805.0,2898.1,58.0,13.0,260.0,1853.0,607.0,671.1,73.0
2026-04-24,israel,7170.0,1102.0,1377.0,-1120.4,51.0,12.0,282.0,2397.0,907.0,-598.3,69.0
2026-04-24,korea,794.0,77.0,90.0,928.4,1.0,0.0,60.0,30.0,14.0,-29.3,8.0
2026-04-24,libya,53.0,6.0,7.0,65.0,0.0,1.0,2.0,2.0,2.0,-14.4,2.0
2026-04-24,scs,1706.0,178.0,203.0,1745.5,6.0,3.0,69.0,46.0,9.0,50.4,3.0
2026-04-24,southasia,7251.0,966.0,853.0,6500.2,16.0,24.0,382.0,26.0,16.0,-34.6,16.0
2026-04-24,sudan,217.0,32.0,28.0,47.2,0.0,0.0,13.0,1.0,0.0,3.4,0.0
2026-04-24,taiwan,322.0,39.0,39.0,398.8,1.0,0.0,24.0,57.0,13.0,14.7,2.0
2026-04-24,ukraine,1774.0,218.0,288.0,687.9,13.0,14.0,58.0,475.0,251.0,-1020.6,41.0
2026-04-24,venezuela,541.0,61.0,99.0,571.8,6.0,1.0,51.0,87.0,31.0,-18.6,14.0
2026-04-24,yemen,51.0,1.0,17.0,-44.6,0.0,0.0,2.0,3.0,3.0,-30.0,0.0
2026-04-25,drc,20.0,1.0,0.0,31.9,0.0,0.0,0.0,0.0,0.0,0.0,0.0
2026-04-25,europe_east,383.0,75.0,59.0,-50.2,3.0,1.0,19.0,18.0,9.0,-28.9,0.0
2026-04-25,iran,4894.0,645.0,607.0,4350.5,37.0,11.0,332.0,1629.0,449.0,1927.6,38.0
2026-04-25,israel,3952.0,687.0,864.0,-2666.1,55.0,9.0,165.0,1520.0,650.0,-1417.1,77.0
2026-04-25,korea,265.0,41.0,20.0,349.2,0.0,0.0,6.0,25.0,14.0,-27.0,2.0
2026-04-25,libya,32.0,5.0,9.0,-44.9,0.0,3.0,1.0,0.0,0.0,0.0,0.0
2026-04-25,scs,807.0,97.0,122.0,475.3,1.0,0.0,49.0,21.0,7.0,60.1,4.0
2026-04-25,southasia,6643.0,856.0,824.0,6425.5,7.0,11.0,393.0,18.0,13.0,-48.8,8.0
2026-04-25,sudan,59.0,7.0,10.0,25.9,0.0,0.0,2.0,0.0,0.0,0.0,0.0
2026-04-25,taiwan,288.0,35.0,19.0,393.8,0.0,0.0,16.0,62.0,5.0,120.0,2.0
2026-04-25,ukraine,1157.0,90.0,250.0,98.5,1.0,5.0,27.0,442.0,244.0,-1178.3,14.0
2026-04-25,venezuela,258.0,31.0,40.0,191.7,3.0,1.0,17.0,65.0,19.0,35.9,8.0
2026-04-25,yemen,19.0,1.0,8.0,-62.9,0.0,0.0,0.0,2.0,2.0,-20.0,0.0
2026-04-26,drc,17.0,0.0,1.0,17.5,0.0,0.0,1.0,0.0,0.0,0.0,0.0
2026-04-26,europe_east,258.0,33.0,31.0,217.2,0.0,0.0,14.0,18.0,7.0,-23.3,2.0
2026-04-26,iran,3591.0,530.0,643.0,423.1,33.0,14.0,303.0,1172.0,416.0,442.2,26.0
2026-04-26,israel,3854.0,633.0,973.0,-3977.0,62.0,8.0,206.0,1298.0,685.0,-2553.1,67.0
2026-04-26,korea,401.0,43.0,35.0,703.9,0.0,10.0,14.0,18.0,4.0,25.9,2.0
2026-04-26,libya,11.0,0.0,0.0,47.4,0.0,0.0,0.0,0.0,0.0,0.0,0.0
2026-04-26,scs,768.0,95.0,110.0,87.9,4.0,3.0,29.0,14.0,1.0,73.2,0.0
2026-04-26,southasia,6026.0,772.0,745.0,4620.8,13.0,13.0,374.0,16.0,7.0,-21.7,0.0
2026-04-26,sudan,117.0,17.0,19.0,-9.9,0.0,0.0,2.0,2.0,2.0,-20.0,0.0
2026-04-26,taiwan,219.0,31.0,18.0,236.4,3.0,0.0,14.0,56.0,14.0,8.8,1.0
2026-04-26,ukraine,1061.0,120.0,216.0,-295.6,6.0,3.0,37.0,395.0,224.0,-1038.8,31.0
2026-04-26,venezuela,155.0,45.0,29.0,-129.1,2.0,0.0,13.0,45.0,15.0,62.5,10.0
2026-04-26,yemen,11.0,0.0,3.0,-12.6,0.0,0.0,1.0,3.0,0.0,-6.0,0.0
2026-04-27,drc,16.0,2.0,0.0,46.3,0.0,0.0,0.0,8.0,6.0,-29.0,3.0
2026-04-27,europe_east,606.0,79.0,55.0,622.5,1.0,12.0,17.0,57.0,24.0,-32.3,8.0
2026-04-27,iran,5004.0,689.0,652.0,2939.7,27.0,13.0,247.0,1336.0,431.0,781.2,28.0
2026-04-27,israel,4454.0,815.0,1003.0,-2996.9,42.0,9.0,255.0,1397.0,698.0,-2238.9,47.0
2026-04-27,korea,974.0,65.0,139.0,1193.1,1.0,17.0,37.0,42.0,15.0,-37.5,4.0
2026-04-27,libya,77.0,1.0,2.0,281.8,0.0,0.0,0.0,0.0,0.0,0.0,0.0
2026-04-27,scs,1320.0,174.0,163.0,831.1,7.0,5.0,45.0,26.0,6.0,85.6,3.0
2026-04-27,southasia,7099.0,881.0,878.0,5748.6,29.0,11.0,324.0,4.0,4.0,-20.0,4.0
2026-04-27,sudan,318.0,29.0,73.0,-117.7,0.0,0.0,24.0,1.0,1.0,-10.0,0.0
2026-04-27,taiwan,367.0,32.0,37.0,437.7,1.0,0.0,29.0,87.0,15.0,159.6,1.0
2026-04-27,ukraine,1463.0,147.0,256.0,507.6,8.0,12.0,44.0,437.0,258.0,-1144.1,21.0
2026-04-27,venezuela,270.0,81.0,50.0,-316.3,0.0,0.0,18.0,36.0,24.0,-109.0,8.0
2026-04-27,yemen,40.0,2.0,13.0,-54.1,0.0,0.0,4.0,26.0,7.0,-28.8,1.0
2026-04-28,drc,38.0,13.0,6.0,-75.0,0.0,0.0,1.0,0.0,0.0,0.0,0.0
2026-04-28,europe_east,815.0,64.0,90.0,1487.5,2.0,4.0,55.0,125.0,29.0,298.4,18.0
2026-04-28,iran,4762.0,728.0,606.0,2161.9,29.0,6.0,195.0,1445.0,542.0,-204.5,29.0
2026-04-28,israel,4804.0,901.0,1001.0,-3272.9,25.0,26.0,308.0,1274.0,650.0,-2031.3,61.0
2026-04-28,korea,1021.0,81.0,115.0,1237.0,0.0,5.0,70.0,46.0,11.0,-4.3,4.0
2026-04-28,libya,96.0,6.0,5.0,285.5,0.0,0.0,1.0,1.0,0.0,5.0,0.0
2026-04-28,scs,1202.0,163.0,121.0,1062.7,2.0,4.0,44.0,36.0,11.0,49.0,4.0
2026-04-28,southasia,7244.0,994.0,942.0,4438.9,23.0,40.0,398.0,19.0,4.0,29.0,2.0
2026-04-28,sudan,341.0,54.0,69.0,-96.7,3.0,0.0,11.0,8.0,8.0,-55.0,0.0
2026-04-28,taiwan,309.0,41.0,24.0,355.1,1.0,1.0,16.0,104.0,30.0,23.4,17.0
2026-04-28,ukraine,1730.0,242.0,279.0,758.2,12.0,7.0,64.0,449.0,260.0,-1315.5,19.0
2026-04-28,venezuela,290.0,47.0,37.0,191.8,0.0,0.0,19.0,63.0,32.0,-150.9,5.0
2026-04-28,yemen,72.0,7.0,15.0,-82.3,3.0,0.0,1.0,28.0,5.0,-3.9,1.0
2026-04-29,drc,35.0,5.0,5.0,62.4,0.0,0.0,0.0,2.0,0.0,4.7,0.0
2026-04-29,europe_east,648.0,84.0,56.0,868.7,2.0,4.0,31.0,63.0,25.0,26.3,9.0
2026-04-29,iran,4464.0,872.0,556.0,579.0,39.0,24.0,166.0,1272.0,546.0,-903.7,45.0
2026-04-29,israel,4701.0,877.0,1018.0,-3921.1,27.0,26.0,262.0,1232.0,682.0,-2853.0,87.0
2026-04-29,korea,648.0,61.0,80.0,786.2,1.0,1.0,52.0,34.0,6.0,-15.2,0.0
2026-04-29,libya,65.0,9.0,4.0,92.1,0.0,0.0,1.0,0.0,0.0,0.0,0.0
2026-04-29,scs,1435.0,188.0,193.0,896.3,6.0,19.0,60.0,22.0,4.0,15.5,4.0
2026-04-29,southasia,6377.0,975.0,890.0,1730.4,5.0,60.0,256.0,13.0,6.0,-10.3,0.0
2026-04-29,sudan,441.0,42.0,68.0,83.6,2.0,0.0,18.0,3.0,3.0,-14.0,0.0
2026-04-29,taiwan,408.0,35.0,30.0,849.5,0.0,4.0,22.0,114.0,27.0,91.9,8.0
2026-04-29,ukraine,2042.0,303.0,332.0,122.4,15.0,6.0,72.0,581.0,327.0,-1539.8,25.0
2026-04-29,venezuela,411.0,52.0,45.0,430.2,0.0,1.0,21.0,91.0,26.0,-32.5,2.0
2026-04-29,yemen,82.0,13.0,8.0,-7.4,4.0,0.0,1.0,33.0,9.0,-26.5,3.0
2026-04-30,drc,25.0,4.0,1.0,102.8,0.0,0.0,1.0,1.0,0.0,6.0,0.0
2026-04-30,europe_east,604.0,75.0,76.0,592.3,1.0,2.0,33.0,31.0,18.0,-33.0,5.0
2026-04-30,iran,4325.0,882.0,620.0,-642.7,75.0,20.0,180.0,1228.0,514.0,-875.5,41.0
2026-04-30,israel,5153.0,867.0,1170.0,-3750.5,38.0,16.0,378.0,1115.0,617.0,-2671.6,63.0
2026-04-30,korea,623.0,61.0,74.0,531.4,2.0,2.0,38.0,26.0,14.0,-70.3,5.0
2026-04-30,libya,80.0,9.0,16.0,62.6,0.0,0.0,6.0,0.0,0.0,0.0,0.0
2026-04-30,scs,1353.0,156.0,137.0,1500.5,1.0,6.0,52.0,46.0,25.0,-105.2,3.0
2026-04-30,southasia,6301.0,867.0,811.0,3969.9,17.0,28.0,325.0,15.0,6.0,-19.2,2.0
2026-04-30,sudan,311.0,33.0,50.0,35.5,0.0,0.0,10.0,2.0,2.0,-13.5,0.0
2026-04-30,taiwan,368.0,27.0,34.0,455.8,0.0,0.0,19.0,103.0,27.0,13.3,3.0
2026-04-30,ukraine,1587.0,198.0,258.0,428.2,10.0,6.0,58.0,492.0,226.0,-878.4,11.0
2026-04-30,venezuela,628.0,51.0,119.0,629.8,2.0,0.0,73.0,272.0,63.0,287.7,25.0
2026-04-30,yemen,108.0,24.0,21.0,-127.0,2.0,0.0,4.0,11.0,5.0,-42.6,0.0
2026-05-01,drc,49.0,8.0,9.0,9.7,0.0,0.0,3.0,0.0,0.0,0.0,0.0
2026-05-01,europe_east,446.0,41.0,63.0,290.4,0.0,3.0,31.0,18.0,5.0,19.6,0.0
2026-05-01,iran,4422.0,865.0,600.0,58.0,53.0,12.0,182.0,1161.0,487.0,-844.7,38.0
2026-05-01,israel,4362.0,805.0,1080.0,-4629.7,25.0,8.0,334.0,924.0,517.0,-2299.7,63.0
2026-05-01,korea,491.0,55.0,36.0,593.0,0.0,4.0,12.0,41.0,5.0,19.6,2.0
2026-05-01,libya,50.0,7.0,6.0,38.0,0.0,0.0,2.0,0.0,0.0,0.0,0.0
2026-05-01,scs,1169.0,158.0,159.0,711.0,2.0,6.0,53.0,9.0,3.0,17.6,0.0
2026-05-01,southasia,5457.0,812.0,653.0,3299.9,12.0,17.0,268.0,9.0,8.0,-9.0,0.0
2026-05-01,sudan,357.0,32.0,42.0,396.2,0.0,0.0,9.0,2.0,0.0,16.6,0.0
2026-05-01,taiwan,266.0,33.0,7.0,482.7,2.0,0.0,3.0,86.0,8.0,148.1,0.0
2026-05-01,ukraine,1256.0,156.0,250.0,-265.3,7.0,5.0,41.0,379.0,223.0,-1230.6,17.0
2026-05-01,venezuela,547.0,43.0,80.0,739.7,0.0,0.0,56.0,297.0,79.0,301.8,43.0
2026-05-01,yemen,97.0,20.0,11.0,70.2,0.0,0.0,7.0,29.0,9.0,9.2,0.0
2026-05-02,drc,18.0,4.0,1.0,36.6,0.0,0.0,1.0,0.0,0.0,0.0,0.0
2026-05-02,europe_east,293.0,30.0,39.0,346.4,3.0,4.0,13.0,17.0,11.0,-47.6,0.0
2026-05-02,iran,3738.0,757.0,559.0,297.4,30.0,13.0,207.0,1129.0,477.0,-734.3,75.0
2026-05-02,israel,3212.0,625.0,759.0,-3099.8,14.0,18.0,265.0,720.0,434.0,-2286.2,77.0
2026-05-02,korea,405.0,60.0,43.0,372.5,0.0,3.0,20.0,49.0,19.0,-64.4,2.0
2026-05-02,libya,32.0,8.0,9.0,-75.7,0.0,0.0,2.0,0.0,0.0,0.0,0.0
2026-05-02,scs,1027.0,98.0,139.0,828.0,1.0,8.0,56.0,8.0,4.0,-19.0,1.0
2026-05-02,southasia,4948.0,664.0,701.0,3041.3,3.0,14.0,379.0,33.0,20.0,-57.5,9.0
2026-05-02,sudan,105.0,13.0,19.0,-18.3,0.0,0.0,2.0,0.0,0.0,0.0,0.0
2026-05-02,taiwan,337.0,14.0,15.0,698.3,0.0,4.0,6.0,88.0,20.0,85.6,0.0
2026-05-02,ukraine,910.0,99.0,185.0,-76.1,6.0,2.0,24.0,321.0,187.0,-1085.6,16.0
2026-05-02,venezuela,289.0,28.0,56.0,97.0,0.0,3.0,41.0,164.0,55.0,36.9,25.0
2026-05-02,yemen,86.0,4.0,12.0,90.1,0.0,0.0,3.0,27.0,3.0,81.1,2.0
2026-05-03,drc,25.0,2.0,8.0,4.0,0.0,0.0,4.0,5.0,0.0,12.9,0.0
2026-05-03,europe_east,331.0,46.0,44.0,152.4,7.0,2.0,16.0,45.0,13.0,55.9,7.0
2026-05-03,iran,3034.0,578.0,420.0,6.8,53.0,8.0,157.0,1049.0,379.0,-376.4,51.0
2026-05-03,israel,3601.0,656.0,1005.0,-5368.8,38.0,20.0,297.0,895.0,556.0,-3228.8,74.0
2026-05-03,korea,449.0,59.0,66.0,296.7,2.0,8.0,35.0,36.0,18.0,-63.7,4.0
2026-05-03,libya,30.0,8.0,4.0,-29.3,1.0,0.0,1.0,0.0,0.0,0.0,0.0
2026-05-03,scs,814.0,95.0,59.0,1059.9,2.0,1.0,28.0,45.0,25.0,-1.1,2.0
2026-05-03,southasia,4424.0,608.0,616.0,1524.3,14.0,41.0,204.0,7.0,0.0,21.7,0.0
2026-05-03,sudan,189.0,29.0,29.0,21.0,3.0,4.0,5.0,1.0,1.0,-9.5,0.0
2026-05-03,taiwan,298.0,24.0,7.0,692.2,0.0,0.0,5.0,71.0,13.0,145.4,2.0
2026-05-03,ukraine,946.0,104.0,214.0,-447.8,5.0,1.0,21.0,389.0,232.0,-1325.2,10.0
2026-05-03,venezuela,158.0,11.0,36.0,88.0,2.0,0.0,27.0,41.0,18.0,-22.5,17.0
2026-05-03,yemen,38.0,5.0,11.0,-34.4,0.0,0.0,5.0,7.0,3.0,-14.6,2.0
2026-05-04,drc,12.0,0.0,0.0,32.4,0.0,0.0,0.0,4.0,0.0,32.0,0.0
2026-05-04,europe_east,597.0,56.0,30.0,1092.9,2.0,1.0,14.0,44.0,13.0,29.3,9.0
2026-05-04,iran,5243.0,1088.0,999.0,-3824.2,97.0,17.0,240.0,1538.0,711.0,-1999.8,112.0
2026-05-04,israel,3828.0,624.0,893.0,-3549.8,30.0,15.0,262.0,965.0,567.0,-2894.0,72.0
2026-05-04,korea,662.0,78.0,91.0,361.8,2.0,1.0,12.0,44.0,30.0,-183.6,0.0
2026-05-04,libya,104.0,22.0,9.0,54.9,0.0,0.0,1.0,0.0,0.0,0.0,0.0
2026-05-04,scs,1122.0,136.0,107.0,999.3,8.0,10.0,39.0,50.0,20.0,8.8,0.0
2026-05-04,southasia,6824.0,1172.0,853.0,2574.3,11.0,70.0,262.0,11.0,4.0,1.4,4.0
2026-05-04,sudan,294.0,53.0,58.0,-173.8,1.0,0.0,12.0,2.0,2.0,-20.0,0.0
2026-05-04,taiwan,447.0,39.0,22.0,722.3,0.0,1.0,13.0,89.0,21.0,83.5,1.0
2026-05-04,ukraine,1705.0,175.0,239.0,1143.1,8.0,9.0,39.0,467.0,245.0,-975.1,21.0
2026-05-04,venezuela,194.0,36.0,41.0,-133.0,0.0,0.0,20.0,41.0,20.0,-10.2,2.0
2026-05-04,yemen,78.0,10.0,14.0,-0.3,0.0,0.0,5.0,20.0,6.0,-3.8,4.0
2026-05-05,drc,31.0,8.0,14.0,-127.8,0.0,0.0,3.0,3.0,1.0,-4.8,0.0
2026-05-05,europe_east,737.0,106.0,65.0,834.2,1.0,0.0,39.0,36.0,7.0,22.7,3.0
2026-05-05,iran,5279.0,1184.0,1039.0,-5514.7,112.0,25.0,169.0,1526.0,778.0,-2525.2,100.0
2026-05-05,israel,4248.0,800.0,1027.0,-5341.9,53.0,27.0,302.0,1058.0,543.0,-2281.5,67.0
2026-05-05,korea,682.0,86.0,110.0,231.2,4.0,2.0,33.0,59.0,12.0,56.4,0.0
2026-05-05,libya,62.0,7.0,13.0,12.8,0.0,2.0,4.0,0.0,0.0,0.0,0.0
2026-05-05,scs,1360.0,139.0,136.0,1518.9,2.0,3.0,29.0,48.0,21.0,14.9,2.0
2026-05-05,southasia,7616.0,1085.0,944.0,5011.7,16.0,32.0,352.0,17.0,3.0,15.8,1.0
2026-05-05,sudan,420.0,102.0,95.0,-497.3,2.0,4.0,36.0,6.0,5.0,-41.0,0.0
2026-05-05,taiwan,338.0,47.0,17.0,454.7,0.0,0.0,7.0,108.0,24.0,156.7,0.0
2026-05-05,ukraine,1537.0,186.0,316.0,-172.4,22.0,15.0,43.0,611.0,348.0,-1572.0,46.0
2026-05-05,venezuela,189.0,26.0,27.0,41.2,0.0,0.0,19.0,44.0,17.0,24.8,4.0
2026-05-05,yemen,48.0,9.0,13.0,-68.5,0.0,0.0,0.0,5.0,2.0,20.0,0.0
2026-05-06,drc,74.0,4.0,14.0,-6.2,0.0,0.0,1.0,6.0,0.0,16.2,0.0
2026-05-06,europe_east,629.0,94.0,70.0,679.3,2.0,2.0,38.0,25.0,13.0,-36.2,5.0
2026-05-06,iran,5593.0,967.0,815.0,-134.1,57.0,18.0,204.0,1637.0,650.0,-738.9,71.0
2026-05-06,israel,5045.0,917.0,1195.0,-5672.6,43.0,25.0,364.0,1205.0,618.0,-2465.3,78.0
2026-05-06,korea,641.0,40.0,102.0,455.6,0.0,1.0,34.0,51.0,18.0,16.0,6.0
2026-05-06,libya,40.0,10.0,5.0,1.4,0.0,0.0,1.0,0.0,0.0,0.0,0.0
2026-05-06,scs,1827.0,202.0,175.0,2241.6,4.0,4.0,92.0,70.0,13.0,26.4,4.0
2026-05-06,southasia,7984.0,1027.0,875.0,6862.1,20.0,34.0,324.0,23.0,8.0,-19.2,1.0
2026-05-06,sudan,405.0,112.0,68.0,-308.1,0.0,0.0,28.0,13.0,10.0,-23.5,0.0
2026-05-06,taiwan,394.0,48.0,21.0,585.6,0.0,0.0,12.0,109.0,26.0,125.0,2.0
2026-05-06,ukraine,1512.0,248.0,377.0,-1688.5,18.0,6.0,59.0,733.0,461.0,-2235.1,29.0
2026-05-06,venezuela,205.0,33.0,24.0,102.8,0.0,1.0,7.0,38.0,12.0,4.8,8.0
2026-05-06,yemen,70.0,20.0,25.0,-210.9,0.0,0.0,7.0,19.0,11.0,-35.2,5.0
2026-05-07,drc,91.0,10.0,19.0,-28.1,0.0,0.0,0.0,9.0,0.0,64.8,0.0
2026-05-07,europe_east,834.0,92.0,85.0,852.6,0.0,5.0,31.0,65.0,22.0,-100.8,2.0
2026-05-07,iran,5155.0,968.0,773.0,-283.7,38.0,13.0,203.0,1575.0,614.0,-355.4,39.0
2026-05-07,israel,5272.0,957.0,1166.0,-4379.4,43.0,1.0,318.0,1258.0,654.0,-2391.6,63.0
2026-05-07,korea,708.0,64.0,109.0,616.8,3.0,0.0,68.0,43.0,18.0,-75.4,5.0
2026-05-07,libya,36.0,6.0,2.0,15.7,0.0,0.0,0.0,0.0,0.0,0.0,0.0
2026-05-07,scs,1707.0,184.0,118.0,2865.6,1.0,10.0,58.0,81.0,38.0,-44.0,7.0
2026-05-07,southasia,8342.0,1074.0,1265.0,1684.4,32.0,53.0,343.0,42.0,27.0,-124.8,10.0
2026-05-07,sudan,303.0,60.0,73.0,-250.1,0.0,1.0,19.0,2.0,2.0,-12.0,0.0
2026-05-07,taiwan,422.0,45.0,39.0,424.9,0.0,0.0,29.0,118.0,33.0,-55.5,7.0
2026-05-07,ukraine,1687.0,269.0,353.0,-872.6,19.0,5.0,82.0,769.0,437.0,-1784.7,29.0
2026-05-07,venezuela,228.0,27.0,42.0,82.1,0.0,2.0,24.0,29.0,7.0,13.5,2.0
2026-05-07,yemen,33.0,15.0,6.0,-61.8,0.0,0.0,0.0,11.0,8.0,-19.8,2.0
2026-05-08,drc,41.0,5.0,17.0,-107.3,0.0,0.0,0.0,10.0,8.0,-43.3,0.0
2026-05-08,europe_east,706.0,82.0,58.0,886.8,1.0,2.0,27.0,63.0,16.0,18.0,3.0
2026-05-08,iran,5291.0,1111.0,1159.0,-6011.2,41.0,19.0,200.0,1603.0,787.0,-2561.0,51.0
2026-05-08,israel,4531.0,772.0,985.0,-3135.2,27.0,13.0,248.0,1335.0,686.0,-2599.2,90.0
2026-05-08,korea,794.0,70.0,91.0,698.0,1.0,0.0,56.0,40.0,5.0,49.4,3.0
2026-05-08,libya,68.0,5.0,15.0,-19.3,2.0,0.0,3.0,0.0,0.0,0.0,0.0
2026-05-08,scs,1680.0,160.0,161.0,1980.6,0.0,4.0,73.0,96.0,30.0,-24.6,2.0
2026-05-08,southasia,7334.0,1024.0,920.0,3785.7,35.0,14.0,326.0,23.0,18.0,-132.2,9.0
2026-05-08,sudan,424.0,72.0,103.0,-510.9,1.0,0.0,11.0,7.0,7.0,-46.0,0.0
2026-05-08,taiwan,407.0,38.0,29.0,711.0,0.0,1.0,23.0,78.0,13.0,112.7,1.0
2026-05-08,ukraine,2034.0,271.0,362.0,414.5,21.0,13.0,76.0,946.0,471.0,-1154.9,45.0
2026-05-08,venezuela,335.0,47.0,51.0,189.2,0.0,0.0,31.0,57.0,13.0,56.3,3.0
2026-05-08,yemen,23.0,1.0,1.0,66.3,0.0,0.0,0.0,8.0,2.0,-14.4,0.0
2026-05-09,drc,39.0,3.0,21.0,-162.9,1.0,0.0,2.0,11.0,4.0,24.0,2.0
2026-05-09,europe_east,380.0,38.0,15.0,812.9,1.0,2.0,4.0,18.0,4.0,25.6,1.0
2026-05-09,iran,2646.0,493.0,524.0,-1940.5,32.0,4.0,126.0,760.0,346.0,-969.8,23.0
2026-05-09,israel,2645.0,441.0,709.0,-3385.6,34.0,11.0,150.0,785.0,424.0,-1680.3,61.0
2026-05-09,korea,440.0,44.0,51.0,517.8,2.0,6.0,17.0,23.0,8.0,-5.3,3.0
2026-05-09,libya,30.0,0.0,8.0,-0.2,0.0,0.0,2.0,0.0,0.0,0.0,0.0
2026-05-09,scs,934.0,107.0,77.0,993.8,0.0,1.0,45.0,26.0,0.0,92.8,0.0
2026-05-09,southasia,5924.0,793.0,700.0,3275.7,14.0,23.0,254.0,14.0,5.0,1.8,1.0
2026-05-09,sudan,115.0,15.0,25.0,-72.5,0.0,0.0,5.0,4.0,4.0,-32.0,0.0
2026-05-09,taiwan,241.0,24.0,19.0,323.2,0.0,3.0,7.0,17.0,2.0,11.2,0.0
2026-05-09,ukraine,1720.0,185.0,300.0,1014.0,14.0,16.0,38.0,769.0,373.0,-617.8,26.0
2026-05-09,venezuela,216.0,23.0,25.0,197.8,0.0,0.0,8.0,64.0,20.0,70.7,9.0
2026-05-09,yemen,37.0,3.0,6.0,22.4,1.0,0.0,5.0,12.0,6.0,-38.6,3.0
2026-05-10,drc,11.0,0.0,5.0,0.0,0.0,0.0,3.0,7.0,3.0,-5.2,1.0
2026-05-10,europe_east,455.0,59.0,51.0,189.4,0.0,5.0,28.0,54.0,16.0,8.6,4.0
2026-05-10,iran,3488.0,735.0,524.0,-1497.7,62.0,7.0,139.0,1116.0,422.0,-494.3,30.0
2026-05-10,israel,2790.0,525.0,813.0,-5047.7,37.0,14.0,172.0,843.0,484.0,-2353.6,51.0
2026-05-10,korea,504.0,65.0,53.0,412.9,3.0,5.0,16.0,19.0,7.0,-6.4,3.0
2026-05-10,libya,29.0,6.0,7.0,-31.2,0.0,0.0,4.0,0.0,0.0,0.0,0.0
2026-05-10,scs,755.0,100.0,84.0,478.5,1.0,2.0,42.0,39.0,15.0,42.2,4.0
2026-05-10,southasia,6269.0,754.0,824.0,2957.2,16.0,20.0,258.0,31.0,17.0,-68.8,1.0
2026-05-10,sudan,117.0,26.0,6.0,125.5,1.0,0.0,1.0,0.0,0.0,0.0,0.0
2026-05-10,taiwan,326.0,52.0,34.0,161.0,3.0,4.0,18.0,122.0,40.0,-25.9,4.0
2026-05-10,ukraine,1189.0,154.0,215.0,377.9,9.0,10.0,26.0,565.0,278.0,-636.2,8.0
2026-05-10,venezuela,182.0,17.0,19.0,168.7,0.0,0.0,12.0,20.0,8.0,-5.7,1.0
2026-05-10,yemen,26.0,0.0,2.0,48.0,0.0,0.0,2.0,9.0,2.0,10.4,2.0
2026-05-11,drc,43.0,6.0,18.0,-128.5,0.0,0.0,2.0,7.0,1.0,31.7,1.0
2026-05-11,europe_east,808.0,97.0,59.0,1316.7,0.0,6.0,24.0,86.0,18.0,84.7,0.0
2026-05-11,iran,4828.0,1043.0,646.0,-188.2,64.0,5.0,215.0,1493.0,554.0,-579.0,45.0
2026-05-11,israel,4663.0,948.0,1067.0,-5073.6,48.0,19.0,310.0,1367.0,688.0,-2930.2,85.0
2026-05-11,korea,789.0,94.0,56.0,1106.9,2.0,2.0,13.0,35.0,7.0,65.9,0.0
2026-05-11,libya,73.0,4.0,20.0,31.2,0.0,0.0,0.0,3.0,0.0,17.0,0.0
2026-05-11,scs,1448.0,219.0,229.0,494.3,9.0,6.0,147.0,27.0,5.0,13.0,1.0
2026-05-11,southasia,8107.0,1059.0,1001.0,4775.5,27.0,28.0,421.0,20.0,1.0,45.6,0.0
2026-05-11,sudan,253.0,44.0,45.0,-79.7,4.0,0.0,12.0,11.0,9.0,-39.2,2.0
2026-05-11,taiwan,625.0,72.0,43.0,803.6,0.0,2.0,22.0,260.0,54.0,282.6,12.0
2026-05-11,ukraine,1785.0,248.0,309.0,321.7,17.0,7.0,47.0,656.0,394.0,-1563.1,35.0
2026-05-11,venezuela,392.0,56.0,36.0,389.0,4.0,1.0,15.0,92.0,25.0,117.6,6.0
2026-05-11,yemen,63.0,8.0,11.0,-32.9,1.0,0.0,2.0,11.0,4.0,-22.5,3.0
2026-05-12,drc,36.0,5.0,11.0,-47.4,0.0,0.0,1.0,18.0,5.0,30.1,0.0
2026-05-12,europe_east,870.0,62.0,49.0,1617.9,4.0,7.0,15.0,34.0,8.0,42.3,0.0
2026-05-12,iran,4637.0,947.0,577.0,730.3,76.0,14.0,202.0,1297.0,561.0,-1095.5,50.0
2026-05-12,israel,4810.0,941.0,1138.0,-5645.7,47.0,14.0,378.0,1206.0,604.0,-2290.4,72.0
2026-05-12,korea,994.0,78.0,75.0,2001.0,2.0,8.0,34.0,49.0,14.0,10.5,3.0
2026-05-12,libya,54.0,4.0,8.0,89.7,0.0,0.0,2.0,2.0,0.0,14.8,0.0
2026-05-12,scs,1803.0,251.0,285.0,1079.3,9.0,8.0,185.0,32.0,11.0,-14.0,0.0
2026-05-12,southasia,7589.0,1108.0,1019.0,2881.5,16.0,16.0,382.0,12.0,4.0,-18.2,0.0
2026-05-12,sudan,289.0,36.0,61.0,-27.1,4.0,0.0,13.0,0.0,0.0,0.0,0.0
2026-05-12,taiwan,867.0,105.0,73.0,969.8,4.0,4.0,27.0,430.0,123.0,150.7,24.0
2026-05-12,ukraine,1786.0,231.0,342.0,58.2,10.0,12.0,98.0,611.0,334.0,-1153.8,43.0
2026-05-12,venezuela,320.0,43.0,40.0,206.2,5.0,0.0,20.0,72.0,24.0,-3.6,6.0
2026-05-12,yemen,65.0,16.0,8.0,-30.7,2.0,0.0,0.0,13.0,7.0,-24.2,2.0
2026-05-13,drc,24.0,4.0,3.0,27.6,1.0,0.0,1.0,16.0,1.0,85.8,0.0
2026-05-13,europe_east,943.0,78.0,60.0,1636.0,3.0,2.0,16.0,29.0,13.0,-55.8,0.0
2026-05-13,iran,4305.0,687.0,570.0,1763.6,39.0,7.0,204.0,1193.0,467.0,-732.5,49.0
2026-05-13,israel,4860.0,773.0,1086.0,-3709.2,21.0,28.0,303.0,1242.0,619.0,-2569.9,82.0
2026-05-13,korea,1172.0,120.0,80.0,2067.4,5.0,1.0,45.0,72.0,27.0,26.3,2.0
2026-05-13,libya,72.0,8.0,24.0,-53.5,0.0,1.0,15.0,0.0,0.0,0.0,0.0
2026-05-13,scs,2132.0,320.0,347.0,326.0,9.0,11.0,159.0,31.0,16.0,-40.9,5.0
2026-05-13,southasia,7593.0,926.0,993.0,5208.2,17.0,19.0,511.0,16.0,5.0,-9.5,0.0
2026-05-13,sudan,264.0,32.0,56.0,-72.0,5.0,0.0,12.0,5.0,5.0,-49.2,1.0
2026-05-13,taiwan,980.0,105.0,77.0,1385.0,4.0,4.0,41.0,449.0,80.0,743.0,10.0
2026-05-13,ukraine,1485.0,197.0,313.0,-774.1,18.0,7.0,45.0,490.0,298.0,-1380.5,32.0
2026-05-13,venezuela,305.0,48.0,39.0,170.5,0.0,0.0,24.0,82.0,26.0,91.9,5.0
2026-05-13,yemen,130.0,25.0,18.0,-5.7,1.0,0.0,7.0,49.0,19.0,-15.4,6.0
2026-05-14,drc,31.0,2.0,5.0,32.1,0.0,0.0,1.0,13.0,7.0,-6.2,0.0
2026-05-14,europe_east,1275.0,155.0,124.0,1725.1,0.0,18.0,42.0,94.0,48.0,-193.5,10.0
2026-05-14,iran,4438.0,803.0,524.0,1566.1,31.0,6.0,174.0,1209.0,501.0,-693.8,25.0
2026-05-14,israel,6055.0,1070.0,1220.0,-4331.9,33.0,17.0,325.0,1631.0,737.0,-2197.7,69.0
2026-05-14,korea,735.0,74.0,61.0,1228.3,0.0,1.0,42.0,45.0,12.0,41.2,1.0
2026-05-14,libya,127.0,18.0,9.0,103.2,0.0,0.0,1.0,0.0,0.0,0.0,0.0
2026-05-14,scs,1732.0,251.0,286.0,108.5,8.0,12.0,126.0,29.0,4.0,49.5,0.0
2026-05-14,southasia,7732.0,914.0,905.0,6132.2,15.0,9.0,422.0,15.0,5.0,-2.7,0.0
2026-05-14,sudan,366.0,64.0,54.0,-72.4,0.0,0.0,16.0,5.0,3.0,-25.3,0.0
2026-05-14,taiwan,1725.0,244.0,70.0,2692.3,11.0,4.0,32.0,841.0,204.0,816.3,18.0
2026-05-14,ukraine,1893.0,285.0,413.0,-994.0,28.0,12.0,81.0,693.0,403.0,-2030.1,30.0
2026-05-14,venezuela,247.0,37.0,31.0,171.8,2.0,0.0,16.0,60.0,16.0,52.6,3.0
2026-05-14,yemen,120.0,8.0,11.0,384.7,2.0,0.0,8.0,27.0,16.0,-50.6,2.0
2026-05-15,drc,109.0,9.0,18.0,8.3,0.0,0.0,4.0,17.0,0.0,59.7,0.0
2026-05-15,europe_east,1243.0,148.0,171.0,773.1,10.0,17.0,45.0,59.0,27.0,-100.8,5.0
2026-05-15,iran,4018.0,705.0,435.0,2193.1,24.0,4.0,132.0,1016.0,420.0,-573.3,38.0
2026-05-15,israel,5255.0,807.0,1165.0,-3143.3,26.0,25.0,283.0,1512.0,709.0,-2041.1,88.0
2026-05-15,korea,650.0,60.0,41.0,1140.8,2.0,0.0,18.0,28.0,9.0,-27.7,0.0
2026-05-15,libya,67.0,3.0,11.0,143.5,0.0,3.0,3.0,0.0,0.0,0.0,0.0
2026-05-15,scs,1659.0,211.0,237.0,898.6,4.0,0.0,94.0,27.0,10.0,0.5,4.0
2026-05-15,southasia,7080.0,943.0,784.0,5615.8,13.0,23.0,337.0,18.0,11.0,-48.9,2.0
2026-05-15,sudan,412.0,55.0,54.0,336.2,1.0,1.0,11.0,1.0,1.0,-9.5,0.0
2026-05-15,taiwan,1066.0,137.0,45.0,1666.7,3.0,1.0,24.0,487.0,118.0,517.8,5.0
2026-05-15,ukraine,1652.0,240.0,299.0,354.6,17.0,6.0,59.0,715.0,406.0,-1556.1,47.0
2026-05-15,venezuela,323.0,33.0,41.0,362.4,0.0,0.0,25.0,71.0,26.0,-46.4,1.0
2026-05-15,yemen,60.0,6.0,5.0,150.9,0.0,0.0,5.0,2.0,1.0,-6.6,0.0
2026-05-16,drc,132.0,11.0,14.0,13.7,0.0,0.0,0.0,32.0,6.0,64.8,2.0
2026-05-16,europe_east,549.0,54.0,30.0,1189.8,0.0,7.0,16.0,19.0,7.0,-40.0,0.0
2026-05-16,iran,2291.0,395.0,361.0,26.4,21.0,7.0,98.0,703.0,307.0,-386.9,19.0
2026-05-16,israel,3550.0,628.0,1000.0,-5464.8,15.0,16.0,222.0,1025.0,598.0,-3022.3,68.0
2026-05-16,korea,247.0,19.0,22.0,471.6,0.0,8.0,5.0,6.0,0.0,28.4,0.0
2026-05-16,libya,73.0,3.0,15.0,22.5,0.0,0.0,4.0,0.0,0.0,0.0,0.0
2026-05-16,scs,794.0,99.0,97.0,526.7,1.0,4.0,42.0,12.0,0.0,52.0,0.0
2026-05-16,southasia,5495.0,731.0,763.0,2233.4,17.0,14.0,318.0,5.0,3.0,-12.4,2.0
2026-05-16,sudan,263.0,24.0,35.0,143.5,0.0,0.0,3.0,4.0,3.0,-25.0,0.0
2026-05-16,taiwan,900.0,152.0,25.0,1097.4,6.0,0.0,12.0,462.0,130.0,530.1,2.0
2026-05-16,ukraine,907.0,107.0,158.0,429.9,14.0,2.0,26.0,368.0,191.0,-726.8,20.0
2026-05-16,venezuela,253.0,29.0,41.0,224.1,2.0,3.0,28.0,65.0,23.0,23.0,10.0
2026-05-16,yemen,29.0,5.0,4.0,-10.5,3.0,0.0,0.0,6.0,2.0,-7.2,0.0
2026-05-17,drc,141.0,13.0,2.0,216.5,0.0,0.0,0.0,50.0,3.0,139.3,1.0
2026-05-17,europe_east,402.0,48.0,41.0,360.7,8.0,2.0,18.0,17.0,3.0,-3.5,0.0
2026-05-17,iran,2533.0,476.0,357.0,-63.2,22.0,8.0,88.0,879.0,388.0,-852.5,13.0
2026-05-17,israel,3495.0,642.0,991.0,-5980.3,22.0,7.0,235.0,1066.0,625.0,-3350.1,45.0
2026-05-17,korea,391.0,68.0,31.0,293.1,5.0,0.0,13.0,8.0,6.0,-29.3,0.0
2026-05-17,libya,60.0,3.0,20.0,-111.4,0.0,0.0,1.0,3.0,2.0,-13.4,2.0
2026-05-17,scs,857.0,134.0,155.0,-63.3,1.0,0.0,73.0,27.0,11.0,-45.2,4.0
2026-05-17,southasia,5162.0,682.0,593.0,3267.6,3.0,9.0,191.0,45.0,5.0,95.2,0.0
2026-05-17,sudan,143.0,21.0,23.0,41.9,0.0,1.0,8.0,4.0,3.0,-25.0,0.0
2026-05-17,taiwan,676.0,130.0,32.0,733.7,1.0,1.0,12.0,312.0,91.0,193.0,7.0
2026-05-17,ukraine,940.0,132.0,317.0,-1756.8,8.0,3.0,34.0,453.0,324.0,-2013.4,4.0
2026-05-17,venezuela,409.0,71.0,101.0,-170.0,0.0,3.0,70.0,170.0,81.0,-110.2,41.0
2026-05-17,yemen,53.0,4.0,7.0,61.0,0.0,0.0,3.0,7.0,1.0,4.4,0.0
2026-05-18,drc,196.0,15.0,23.0,14.1,0.0,0.0,4.0,68.0,14.0,21.0,0.0
2026-05-18,europe_east,701.0,88.0,32.0,1079.6,6.0,0.0,18.0,55.0,14.0,61.9,0.0
2026-05-18,iran,3423.0,693.0,511.0,-231.7,64.0,17.0,212.0,1333.0,606.0,-1107.3,72.0
2026-05-18,israel,4438.0,865.0,1037.0,-4941.4,46.0,10.0,329.0,1089.0,628.0,-2940.3,79.0
2026-05-18,korea,849.0,100.0,69.0,1246.6,3.0,3.0,34.0,41.0,13.0,-25.2,9.0
2026-05-18,libya,83.0,9.0,3.0,88.9,0.0,0.0,0.0,0.0,0.0,0.0,0.0
2026-05-18,scs,1494.0,190.0,181.0,1289.1,3.0,8.0,83.0,18.0,8.0,12.6,0.0
2026-05-18,southasia,7630.0,1027.0,862.0,5789.3,21.0,46.0,353.0,9.0,0.0,34.0,0.0
2026-05-18,sudan,236.0,23.0,23.0,337.0,1.0,0.0,4.0,6.0,2.0,12.0,0.0
2026-05-18,taiwan,703.0,85.0,43.0,994.5,3.0,8.0,18.0,284.0,99.0,56.7,11.0
2026-05-18,ukraine,1541.0,223.0,346.0,-959.7,8.0,17.0,63.0,650.0,387.0,-1997.4,25.0
2026-05-18,venezuela,349.0,41.0,80.0,-177.6,0.0,2.0,39.0,89.0,44.0,-168.3,14.0
2026-05-18,yemen,143.0,7.0,23.0,64.7,0.0,0.0,4.0,40.0,7.0,68.1,3.0
2026-05-19,drc,225.0,15.0,21.0,193.9,0.0,4.0,8.0,102.0,25.0,-0.3,7.0
2026-05-19,europe_east,1153.0,126.0,166.0,786.1,4.0,20.0,35.0,119.0,86.0,-507.1,17.0
2026-05-19,iran,3509.0,685.0,546.0,-482.9,56.0,17.0,247.0,1215.0,478.0,-624.6,71.0
2026-05-19,israel,4911.0,922.0,1210.0,-4867.7,34.0,10.0,517.0,1016.0,575.0,-2420.1,98.0
2026-05-19,korea,889.0,110.0,101.0,801.9,2.0,4.0,44.0,57.0,11.0,89.6,0.0
2026-05-19,libya,122.0,21.0,33.0,-254.4,0.0,2.0,10.0,0.0,0.0,0.0,0.0
2026-05-19,scs,1414.0,169.0,195.0,893.6,2.0,1.0,85.0,79.0,13.0,229.2,5.0
2026-05-19,southasia,7106.0,847.0,986.0,4647.0,11.0,40.0,393.0,5.0,2.0,-9.6,0.0
2026-05-19,sudan,338.0,40.0,59.0,-66.0,2.0,0.0,11.0,6.0,6.0,-28.0,0.0
2026-05-19,taiwan,703.0,97.0,36.0,953.3,3.0,0.0,18.0,260.0,86.0,106.6,3.0
2026-05-19,ukraine,1528.0,209.0,415.0,-1792.9,8.0,27.0,64.0,568.0,354.0,-1894.7,22.0
2026-05-19,venezuela,510.0,75.0,139.0,-522.7,0.0,2.0,74.0,128.0,75.0,-332.0,36.0
2026-05-19,yemen,39.0,4.0,15.0,-81.3,1.0,0.0,4.0,4.0,0.0,10.2,0.0
2026-05-20,drc,180.0,9.0,17.0,233.1,1.0,0.0,10.0,61.0,12.0,79.2,7.0
2026-05-20,europe_east,1465.0,191.0,144.0,1490.5,8.0,19.0,51.0,140.0,99.0,-510.0,6.0
2026-05-20,iran,3551.0,736.0,477.0,-40.2,57.0,25.0,142.0,1133.0,493.0,-924.7,69.0
2026-05-20,israel,5423.0,1163.0,1186.0,-5553.4,49.0,15.0,458.0,1023.0,624.0,-3189.9,96.0
2026-05-20,korea,934.0,122.0,59.0,1349.4,9.0,5.0,36.0,35.0,4.0,38.6,2.0
2026-05-20,libya,61.0,11.0,13.0,-27.0,0.0,0.0,4.0,1.0,0.0,5.0,0.0
2026-05-20,scs,1519.0,232.0,189.0,695.7,7.0,0.0,61.0,32.0,9.0,52.2,4.0
2026-05-20,southasia,7794.0,1011.0,796.0,6953.5,16.0,33.0,357.0,9.0,6.0,-32.6,4.0
2026-05-20,sudan,250.0,43.0,29.0,35.6,0.0,0.0,11.0,5.0,1.0,-1.2,0.0
2026-05-20,taiwan,566.0,75.0,20.0,856.1,0.0,1.0,6.0,230.0,39.0,390.6,0.0
2026-05-20,ukraine,1633.0,207.0,274.0,612.6,14.0,13.0,60.0,431.0,239.0,-915.2,22.0
2026-05-20,venezuela,378.0,68.0,110.0,-298.0,0.0,0.0,80.0,83.0,47.0,-143.5,25.0
2026-05-20,yemen,32.0,10.0,4.0,-29.1,1.0,0.0,0.0,4.0,3.0,-20.6,0.0
2026-05-21,drc,135.0,17.0,22.0,32.3,0.0,2.0,14.0,63.0,10.0,64.3,3.0
2026-05-21,europe_east,1380.0,185.0,134.0,1665.4,9.0,15.0,53.0,171.0,82.0,-339.0,10.0
2026-05-21,iran,3424.0,549.0,414.0,1729.7,42.0,5.0,130.0,1232.0,428.0,-117.6,31.0
2026-05-21,israel,5992.0,1241.0,1205.0,-3608.6,43.0,7.0,558.0,1165.0,579.0,-1912.6,89.0
2026-05-21,korea,881.0,91.0,75.0,1439.3,2.0,3.0,32.0,72.0,14.0,158.1,0.0
2026-05-21,libya,92.0,4.0,24.0,-1.3,0.0,0.0,11.0,0.0,0.0,0.0,0.0
2026-05-21,scs,1305.0,186.0,160.0,805.0,1.0,3.0,94.0,7.0,3.0,-11.2,0.0
2026-05-21,southasia,7705.0,1020.0,1024.0,4065.3,37.0,25.0,346.0,38.0,30.0,-266.4,9.0
2026-05-21,sudan,299.0,42.0,38.0,207.8,3.0,0.0,15.0,12.0,4.0,19.6,0.0
2026-05-21,taiwan,718.0,94.0,51.0,930.4,1.0,1.0,24.0,261.0,65.0,289.8,0.0
2026-05-21,ukraine,1621.0,231.0,291.0,154.3,18.0,4.0,49.0,491.0,298.0,-1648.5,32.0
2026-05-21,venezuela,330.0,59.0,98.0,-321.7,1.0,1.0,59.0,70.0,34.0,-96.4,8.0
2026-05-21,yemen,38.0,9.0,5.0,7.3,0.0,0.0,4.0,17.0,3.0,26.9,0.0
2026-05-22,drc,119.0,12.0,10.0,116.4,0.0,0.0,3.0,50.0,5.0,77.5,1.0
2026-05-22,europe_east,1763.0,189.0,151.0,3954.6,1.0,51.0,39.0,120.0,52.0,-69.4,19.0
2026-05-22,iran,3480.0,649.0,354.0,2148.1,33.0,6.0,139.0,1126.0,397.0,-103.6,28.0
2026-05-22,israel,4610.0,863.0,1017.0,-2288.5,22.0,12.0,402.0,966.0,478.0,-1386.4,67.0
2026-05-22,korea,709.0,66.0,72.0,930.2,4.0,1.0,35.0,56.0,8.0,32.5,0.0
2026-05-22,libya,63.0,7.0,10.0,71.3,1.0,1.0,1.0,0.0,0.0,0.0,0.0
2026-05-22,scs,1214.0,179.0,170.0,501.4,4.0,1.0,77.0,24.0,9.0,2.2,0.0
2026-05-22,southasia,7609.0,992.0,838.0,6516.2,22.0,15.0,316.0,36.0,17.0,-73.4,7.0
2026-05-22,sudan,209.0,36.0,30.0,-60.6,0.0,0.0,6.0,3.0,1.0,1.5,0.0
2026-05-22,taiwan,596.0,72.0,43.0,939.2,3.0,0.0,23.0,186.0,41.0,287.5,9.0
2026-05-22,ukraine,1887.0,291.0,376.0,-629.9,25.0,17.0,67.0,615.0,343.0,-1533.4,40.0
2026-05-22,venezuela,402.0,49.0,88.0,-62.7,0.0,0.0,35.0,82.0,24.0,-63.6,0.0
2026-05-22,yemen,45.0,6.0,7.0,-7.8,1.0,0.0,3.0,6.0,3.0,-15.5,1.0
2026-05-23,drc,89.0,8.0,5.0,188.8,1.0,0.0,5.0,39.0,8.0,35.4,2.0
2026-05-23,europe_east,544.0,54.0,68.0,843.2,2.0,17.0,23.0,44.0,33.0,-179.4,7.0
2026-05-23,iran,3219.0,446.0,300.0,3220.9,25.0,5.0,94.0,1106.0,353.0,429.6,23.0
2026-05-23,israel,2947.0,506.0,787.0,-3554.5,19.0,2.0,247.0,650.0,359.0,-1538.3,31.0
2026-05-23,korea,323.0,39.0,25.0,369.0,0.0,0.0,7.0,28.0,8.0,30.5,0.0
2026-05-23,libya,63.0,10.0,10.0,-0.8,0.0,0.0,1.0,0.0,0.0,0.0,0.0
2026-05-23,scs,1023.0,130.0,100.0,906.1,2.0,0.0,50.0,20.0,8.0,-17.8,4.0
2026-05-23,southasia,7536.0,722.0,773.0,8862.6,16.0,14.0,321.0,27.0,9.0,-19.2,2.0
2026-05-23,sudan,94.0,0.0,20.0,34.4,0.0,0.0,8.0,0.0,0.0,0.0,0.0
2026-05-23,taiwan,361.0,47.0,17.0,392.6,0.0,5.0,5.0,138.0,42.0,-12.5,14.0
2026-05-23,ukraine,1099.0,219.0,225.0,-905.8,18.0,7.0,26.0,447.0,293.0,-1418.4,21.0
2026-05-23,venezuela,293.0,41.0,68.0,-222.1,0.0,1.0,20.0,69.0,23.0,-8.3,10.0
2026-05-23,yemen,39.0,8.0,7.0,-34.0,0.0,0.0,0.0,11.0,3.0,-17.4,0.0
2026-05-24,drc,90.0,1.0,8.0,169.5,0.0,0.0,6.0,22.0,0.0,24.4,0.0
2026-05-24,europe_east,326.0,29.0,49.0,454.7,1.0,2.0,24.0,26.0,14.0,-12.8,8.0
2026-05-24,iran,4331.0,581.0,357.0,4573.3,23.0,8.0,88.0,1577.0,461.0,1108.0,50.0
2026-05-24,israel,3943.0,740.0,787.0,-2294.7,38.0,14.0,212.0,1013.0,481.0,-1463.0,55.0
2026-05-24,korea,273.0,23.0,21.0,381.5,1.0,0.0,9.0,4.0,0.0,17.8,0.0
2026-05-24,libya,28.0,1.0,3.0,8.4,0.0,0.0,0.0,0.0,0.0,0.0,0.0
2026-05-24,scs,887.0,69.0,124.0,738.5,1.0,2.0,59.0,5.0,1.0,7.4,0.0
2026-05-24,southasia,6879.0,704.0,721.0,4948.4,12.0,13.0,195.0,19.0,5.0,9.2,2.0
2026-05-24,sudan,212.0,25.0,24.0,54.5,1.0,1.0,10.0,6.0,4.0,-17.5,0.0
2026-05-24,taiwan,223.0,38.0,17.0,139.7,1.0,7.0,6.0,89.0,21.0,63.0,5.0
2026-05-24,ukraine,1137.0,274.0,431.0,-4201.9,33.0,9.0,28.0,695.0,541.0,-3629.2,30.0
2026-05-24,venezuela,213.0,13.0,37.0,122.3,0.0,1.0,9.0,39.0,17.0,-101.3,1.0
2026-05-24,yemen,37.0,7.0,5.0,61.3,0.0,0.0,2.0,5.0,4.0,-36.6,0.0
2026-05-25,drc,155.0,9.0,22.0,37.3,0.0,0.0,9.0,32.0,6.0,29.9,2.0
2026-05-25,europe_east,605.0,54.0,63.0,860.3,5.0,6.0,35.0,21.0,3.0,36.0,2.0
2026-05-25,iran,4269.0,670.0,415.0,4648.2,24.0,10.0,103.0,1547.0,445.0,1327.8,13.0
2026-05-25,israel,4577.0,824.0,853.0,-1264.3,47.0,11.0,197.0,1145.0,564.0,-2131.6,41.0
2026-05-25,korea,379.0,44.0,24.0,660.6,0.0,3.0,14.0,24.0,5.0,43.4,2.0
2026-05-25,libya,103.0,6.0,24.0,40.4,0.0,0.0,11.0,0.0,0.0,0.0,0.0
2026-05-25,scs,1294.0,144.0,125.0,1302.9,3.0,4.0,36.0,44.0,6.0,96.4,0.0
2026-05-25,southasia,8246.0,853.0,799.0,8419.5,3.0,11.0,319.0,38.0,0.0,89.0,0.0
2026-05-25,sudan,474.0,62.0,54.0,398.5,8.0,0.0,15.0,3.0,3.0,-15.0,0.0
2026-05-25,taiwan,316.0,37.0,24.0,397.1,1.0,8.0,7.0,127.0,30.0,20.5,11.0
2026-05-25,ukraine,1585.0,247.0,407.0,-1880.3,34.0,8.0,49.0,723.0,427.0,-2349.1,36.0
2026-05-25,venezuela,304.0,55.0,56.0,-117.1,2.0,2.0,19.0,66.0,28.0,-59.3,8.0
2026-05-25,yemen,23.0,4.0,0.0,26.9,0.0,0.0,0.0,2.0,0.0,4.7,0.0
2026-05-26,drc,102.0,4.0,9.0,82.6,0.0,0.0,1.0,25.0,1.0,67.0,0.0
2026-05-26,europe_east,771.0,94.0,86.0,1097.0,3.0,10.0,50.0,106.0,41.0,-16.3,12.0
2026-05-26,iran,4721.0,731.0,608.0,3240.6,89.0,10.0,120.0,1488.0,576.0,-357.9,73.0
2026-05-26,israel,5900.0,1136.0,1163.0,-2535.5,124.0,29.0,290.0,1744.0,874.0,-2720.4,166.0
2026-05-26,korea,898.0,100.0,119.0,778.2,1.0,2.0,30.0,83.0,25.0,-111.5,3.0
2026-05-26,libya,27.0,2.0,7.0,4.6,0.0,0.0,4.0,0.0,0.0,0.0,0.0
2026-05-26,scs,1500.0,156.0,185.0,1372.9,2.0,2.0,70.0,35.0,13.0,33.8,4.0
2026-05-26,southasia,8512.0,1072.0,651.0,11007.6,22.0,8.0,313.0,45.0,15.0,7.5,4.0
2026-05-26,sudan,399.0,68.0,60.0,107.2,2.0,8.0,7.0,9.0,8.0,-54.8,1.0
2026-05-26,taiwan,463.0,53.0,38.0,391.7,1.0,6.0,10.0,161.0,51.0,-95.0,3.0
2026-05-26,ukraine,1744.0,312.0,342.0,-928.7,29.0,9.0,68.0,758.0,418.0,-1832.1,37.0
2026-05-26,venezuela,213.0,40.0,49.0,-281.3,0.0,3.0,15.0,67.0,30.0,-143.0,7.0
2026-05-26,yemen,32.0,7.0,2.0,32.6,0.0,0.0,1.0,20.0,6.0,25.5,0.0
2026-05-27,drc,108.0,7.0,30.0,-23.7,0.0,0.0,21.0,33.0,22.0,-78.3,12.0
2026-05-27,europe_east,862.0,87.0,106.0,1266.0,3.0,15.0,39.0,75.0,29.0,8.7,8.0
2026-05-27,iran,3595.0,681.0,516.0,182.7,46.0,8.0,103.0,1347.0,529.0,-331.8,28.0
2026-05-27,israel,5698.0,1107.0,1403.0,-6841.3,82.0,26.0,299.0,1553.0,877.0,-3822.9,77.0
2026-05-27,korea,991.0,99.0,119.0,986.6,2.0,4.0,49.0,77.0,18.0,86.5,0.0
2026-05-27,libya,20.0,1.0,3.0,21.9,1.0,0.0,0.0,0.0,0.0,0.0,0.0
2026-05-27,scs,1790.0,186.0,203.0,1956.2,3.0,4.0,82.0,18.0,1.0,87.6,0.0
2026-05-27,southasia,8037.0,1096.0,1011.0,3844.3,29.0,50.0,424.0,42.0,4.0,81.6,2.0
2026-05-27,sudan,273.0,41.0,40.0,89.1,0.0,4.0,10.0,6.0,4.0,-31.5,0.0
2026-05-27,taiwan,370.0,39.0,22.0,496.0,3.0,0.0,12.0,88.0,23.0,52.2,0.0
2026-05-27,ukraine,1541.0,220.0,292.0,-453.3,19.0,6.0,40.0,570.0,373.0,-2032.9,24.0
2026-05-27,venezuela,288.0,41.0,44.0,145.9,0.0,0.0,18.0,78.0,28.0,-113.6,5.0
2026-05-27,yemen,25.0,2.0,5.0,-2.5,0.0,1.0,0.0,7.0,2.0,-3.1,0.0
2026-05-28,drc,178.0,16.0,47.0,-6.0,1.0,0.0,32.0,27.0,10.0,14.9,7.0
2026-05-28,europe_east,887.0,88.0,64.0,1699.3,1.0,8.0,19.0,56.0,35.0,-122.8,5.0
2026-05-28,iran,3406.0,662.0,644.0,-2000.2,48.0,16.0,132.0,1335.0,599.0,-1715.5,33.0
2026-05-28,israel,5041.0,867.0,1308.0,-6068.0,69.0,37.0,303.0,1338.0,821.0,-4370.8,66.0
2026-05-28,korea,799.0,74.0,72.0,922.1,1.0,0.0,31.0,48.0,11.0,14.3,0.0
2026-05-28,libya,15.0,3.0,3.0,-11.7,0.0,0.0,2.0,0.0,0.0,0.0,0.0
2026-05-28,scs,1557.0,151.0,172.0,1762.4,3.0,3.0,73.0,52.0,20.0,2.2,8.0
2026-05-28,southasia,7200.0,824.0,618.0,8356.4,18.0,13.0,265.0,17.0,3.0,15.4,2.0
2026-05-28,sudan,263.0,45.0,22.0,465.7,4.0,0.0,8.0,2.0,2.0,-20.0,0.0
2026-05-28,taiwan,377.0,39.0,28.0,423.1,1.0,1.0,19.0,86.0,21.0,-11.3,0.0
2026-05-28,ukraine,1926.0,217.0,272.0,1364.5,22.0,8.0,33.0,542.0,290.0,-1578.6,19.0
2026-05-28,venezuela,395.0,53.0,63.0,-35.1,0.0,0.0,28.0,98.0,46.0,-124.3,7.0
2026-05-28,yemen,81.0,7.0,5.0,150.4,1.0,0.0,4.0,24.0,9.0,-19.8,4.0
2026-05-29,drc,165.0,11.0,27.0,53.6,0.0,0.0,10.0,21.0,1.0,54.0,0.0
2026-05-29,europe_east,1726.0,330.0,274.0,-446.5,22.0,15.0,38.0,81.0,45.0,-149.9,10.0
2026-05-29,iran,3442.0,575.0,504.0,1110.1,31.0,14.0,139.0,1264.0,476.0,-424.4,30.0
2026-05-29,israel,4637.0,841.0,1060.0,-4382.6,39.0,14.0,265.0,1227.0,658.0,-2684.9,64.0
2026-05-29,korea,571.0,76.0,31.0,783.1,3.0,5.0,14.0,63.0,12.0,52.1,0.0
2026-05-29,libya,38.0,5.0,3.0,24.3,0.0,0.0,0.0,0.0,0.0,0.0,0.0
2026-05-29,scs,1328.0,132.0,92.0,2274.4,2.0,8.0,26.0,54.0,12.0,72.9,7.0
2026-05-29,southasia,7624.0,951.0,748.0,7970.7,4.0,13.0,331.0,18.0,5.0,-6.9,3.0
2026-05-29,sudan,272.0,64.0,37.0,-58.0,0.0,0.0,8.0,6.0,2.0,1.6,0.0
2026-05-29,taiwan,603.0,79.0,34.0,687.2,1.0,4.0,17.0,138.0,32.0,-7.7,2.0
2026-05-29,ukraine,2064.0,356.0,475.0,-1776.6,22.0,18.0,68.0,682.0,440.0,-2295.3,24.0
2026-05-29,venezuela,433.0,66.0,126.0,-498.6,3.0,3.0,51.0,110.0,61.0,-212.3,10.0
2026-05-29,yemen,50.0,7.0,11.0,3.7,0.0,1.0,2.0,10.0,3.0,22.2,3.0
2026-05-30,drc,117.0,4.0,11.0,181.5,0.0,2.0,4.0,14.0,1.0,26.4,0.0
2026-05-30,europe_east,714.0,123.0,117.0,-251.7,3.0,1.0,24.0,71.0,38.0,-165.5,4.0
2026-05-30,iran,2029.0,394.0,279.0,128.6,35.0,4.0,86.0,783.0,290.0,-143.5,30.0
2026-05-30,israel,2911.0,491.0,718.0,-2616.8,41.0,7.0,139.0,944.0,514.0,-2006.6,44.0
2026-05-30,korea,285.0,19.0,14.0,462.3,1.0,0.0,3.0,9.0,8.0,-53.0,0.0
2026-05-30,libya,0.0,0.0,0.0,0.0,0.0,0.0,0.0,0.0,0.0,0.0,0.0
2026-05-30,scs,880.0,71.0,93.0,1196.7,1.0,2.0,43.0,38.0,15.0,27.6,2.0
2026-05-30,southasia,5858.0,829.0,704.0,3793.2,24.0,16.0,319.0,36.0,13.0,17.4,11.0
2026-05-30,sudan,114.0,15.0,24.0,-90.0,2.0,6.0,4.0,0.0,0.0,0.0,0.0
2026-05-30,taiwan,399.0,51.0,37.0,242.0,1.0,2.0,15.0,117.0,34.0,35.1,6.0
2026-05-30,ukraine,843.0,170.0,238.0,-1432.7,24.0,4.0,24.0,400.0,267.0,-1660.5,40.0
2026-05-30,venezuela,278.0,40.0,90.0,-389.2,0.0,0.0,31.0,83.0,62.0,-342.3,12.0
2026-05-30,yemen,12.0,0.0,4.0,-28.7,0.0,0.0,0.0,5.0,0.0,11.6,0.0
2026-05-31,drc,82.0,1.0,5.0,119.8,0.0,0.0,2.0,9.0,0.0,32.3,0.0
2026-05-31,europe_east,327.0,35.0,42.0,250.6,2.0,6.0,18.0,34.0,11.0,24.0,0.0
2026-05-31,iran,1737.0,335.0,333.0,-1053.3,15.0,4.0,86.0,721.0,290.0,-560.8,16.0
2026-05-31,israel,4257.0,842.0,1158.0,-6684.6,66.0,12.0,268.0,1397.0,816.0,-3524.3,81.0
2026-05-31,korea,379.0,48.0,18.0,600.9,1.0,0.0,7.0,4.0,0.0,32.0,0.0
2026-05-31,libya,13.0,0.0,3.0,48.8,0.0,0.0,3.0,0.0,0.0,0.0,0.0
2026-05-31,scs,924.0,84.0,48.0,1632.9,0.0,3.0,25.0,45.0,16.0,11.7,0.0
2026-05-31,southasia,5198.0,704.0,622.0,2906.6,8.0,27.0,266.0,23.0,15.0,-70.2,13.0
2026-05-31,sudan,165.0,11.0,34.0,166.6,0.0,0.0,2.0,2.0,2.0,-20.0,0.0
2026-05-31,taiwan,236.0,27.0,14.0,310.3,2.0,1.0,6.0,49.0,30.0,-138.8,3.0
2026-05-31,ukraine,956.0,187.0,266.0,-1816.1,24.0,12.0,24.0,459.0,304.0,-1577.8,31.0
2026-05-31,venezuela,201.0,40.0,40.0,-101.6,4.0,1.0,18.0,37.0,17.0,-29.4,8.0
2026-05-31,yemen,12.0,2.0,0.0,40.6,0.0,0.0,0.0,15.0,3.0,-6.5,0.0
2026-06-01,drc,109.0,9.0,27.0,-103.0,0.0,1.0,4.0,45.0,6.0,79.6,0.0
2026-06-01,europe_east,683.0,121.0,48.0,755.0,0.0,1.0,13.0,29.0,16.0,-94.7,0.0
2026-06-01,iran,3672.0,694.0,728.0,-1848.6,57.0,6.0,186.0,1645.0,756.0,-1581.9,49.0
2026-06-01,israel,7918.0,1446.0,1791.0,-7009.4,124.0,26.0,382.0,2535.0,1397.0,-5647.1,117.0
2026-06-01,korea,829.0,76.0,77.0,1382.2,6.0,1.0,35.0,20.0,10.0,-34.7,0.0
2026-06-01,libya,52.0,4.0,11.0,-30.7,0.0,1.0,3.0,0.0,0.0,0.0,0.0
2026-06-01,scs,1756.0,183.0,171.0,2308.4,3.0,4.0,99.0,86.0,12.0,171.3,0.0
2026-06-01,southasia,6719.0,845.0,654.0,6869.5,9.0,12.0,307.0,7.0,6.0,-34.6,2.0
2026-06-01,sudan,206.0,40.0,43.0,-238.8,0.0,1.0,12.0,0.0,0.0,0.0,0.0
2026-06-01,taiwan,548.0,67.0,33.0,814.7,1.0,1.0,12.0,115.0,51.0,-84.1,11.0
2026-06-01,ukraine,1198.0,199.0,215.0,-305.9,10.0,2.0,26.0,442.0,261.0,-1244.5,20.0
2026-06-01,venezuela,329.0,77.0,74.0,-277.7,2.0,0.0,18.0,61.0,32.0,-131.6,4.0
2026-06-01,yemen,56.0,12.0,9.0,21.9,0.0,0.0,6.0,7.0,3.0,-4.8,3.0
2026-06-02,drc,120.0,14.0,16.0,104.8,0.0,0.0,6.0,42.0,13.0,-14.6,2.0
2026-06-02,europe_east,757.0,74.0,97.0,887.8,0.0,7.0,22.0,49.0,26.0,-97.0,10.0
2026-06-02,iran,3633.0,716.0,593.0,-141.3,64.0,4.0,230.0,1741.0,692.0,-662.0,51.0
2026-06-02,israel,7915.0,1704.0,1622.0,-6245.8,138.0,12.0,418.0,2477.0,1292.0,-4418.1,161.0
2026-06-02,korea,822.0,55.0,62.0,1547.2,4.0,1.0,30.0,10.0,3.0,-11.6,0.0
2026-06-02,libya,46.0,9.0,5.0,63.7,0.0,0.0,1.0,0.0,0.0,0.0,0.0
2026-06-02,scs,1356.0,191.0,137.0,1268.2,0.0,3.0,76.0,66.0,14.0,24.9,2.0
2026-06-02,southasia,7474.0,949.0,877.0,5707.5,7.0,11.0,366.0,22.0,9.0,-23.6,0.0
2026-06-02,sudan,242.0,33.0,47.0,-43.0,0.0,0.0,5.0,3.0,2.0,-14.0,0.0
2026-06-02,taiwan,649.0,54.0,37.0,1100.5,0.0,5.0,5.0,93.0,11.0,104.5,0.0
2026-06-02,ukraine,1830.0,321.0,571.0,-3529.2,47.0,10.0,59.0,876.0,632.0,-3737.5,51.0
2026-06-02,venezuela,273.0,37.0,44.0,110.5,0.0,2.0,10.0,51.0,15.0,0.6,0.0
2026-06-02,yemen,22.0,3.0,6.0,-5.3,0.0,0.0,1.0,7.0,2.0,-11.0,0.0
2026-06-03,drc,67.0,11.0,7.0,37.9,0.0,0.0,5.0,14.0,3.0,17.5,0.0
2026-06-03,europe_east,769.0,72.0,74.0,844.4,1.0,3.0,16.0,24.0,13.0,-50.8,4.0
2026-06-03,iran,4108.0,860.0,912.0,-4389.0,48.0,10.0,202.0,1727.0,800.0,-2049.1,47.0
2026-06-03,israel,5847.0,1057.0,1369.0,-6004.8,62.0,8.0,309.0,1716.0,889.0,-3270.3,77.0
2026-06-03,korea,762.0,53.0,63.0,1486.2,1.0,1.0,37.0,44.0,11.0,40.8,2.0
2026-06-03,libya,26.0,4.0,6.0,-15.6,0.0,0.0,5.0,0.0,0.0,0.0,0.0
2026-06-03,scs,1179.0,99.0,113.0,1623.3,0.0,0.0,59.0,48.0,10.0,87.2,1.0
2026-06-03,southasia,6926.0,827.0,879.0,4554.5,6.0,24.0,391.0,22.0,17.0,-106.3,11.0
2026-06-03,sudan,270.0,35.0,47.0,-33.3,0.0,2.0,5.0,6.0,2.0,6.8,0.0
2026-06-03,taiwan,423.0,63.0,27.0,469.1,2.0,1.0,10.0,85.0,17.0,134.0,2.0
2026-06-03,ukraine,1798.0,218.0,430.0,-1233.8,21.0,2.0,55.0,778.0,484.0,-2867.7,48.0
2026-06-03,venezuela,332.0,34.0,42.0,474.3,1.0,0.0,28.0,82.0,34.0,-70.6,13.0
2026-06-03,yemen,48.0,2.0,19.0,-81.2,0.0,0.0,6.0,7.0,6.0,-50.3,0.0
2026-06-04,drc,70.0,11.0,4.0,141.5,0.0,0.0,1.0,21.0,2.0,91.5,0.0
2026-06-04,europe_east,761.0,79.0,75.0,946.2,0.0,3.0,37.0,43.0,11.0,11.5,1.0
2026-06-04,iran,4059.0,941.0,637.0,-1956.7,50.0,11.0,149.0,1667.0,727.0,-1613.5,36.0
2026-06-04,israel,6703.0,1299.0,1326.0,-3501.3,84.0,17.0,271.0,2147.0,1004.0,-1998.9,82.0
2026-06-04,korea,863.0,91.0,38.0,1446.5,0.0,0.0,20.0,55.0,11.0,72.2,0.0
2026-06-04,libya,77.0,15.0,16.0,-82.0,0.0,1.0,9.0,0.0,0.0,0.0,0.0
2026-06-04,scs,1517.0,215.0,159.0,1684.5,3.0,2.0,65.0,43.0,14.0,37.2,5.0
2026-06-04,southasia,6696.0,928.0,839.0,3831.9,22.0,18.0,371.0,25.0,17.0,-71.0,3.0
2026-06-04,sudan,232.0,17.0,24.0,345.7,1.0,4.0,6.0,5.0,5.0,-44.0,0.0
2026-06-04,taiwan,635.0,88.0,74.0,420.9,2.0,1.0,44.0,260.0,79.0,85.5,20.0
2026-06-04,ukraine,2112.0,257.0,421.0,-339.8,16.0,9.0,48.0,956.0,476.0,-2167.0,40.0
2026-06-04,venezuela,393.0,36.0,50.0,356.7,4.0,0.0,24.0,64.0,29.0,-138.1,8.0
2026-06-04,yemen,64.0,7.0,13.0,-17.0,0.0,0.0,3.0,30.0,15.0,-59.2,5.0
2026-06-05,drc,110.0,11.0,16.0,100.3,0.0,0.0,4.0,45.0,7.0,123.2,0.0
2026-06-05,europe_east,828.0,104.0,114.0,638.0,3.0,14.0,29.0,54.0,29.0,-115.1,5.0
2026-06-05,iran,2961.0,567.0,496.0,-821.1,41.0,6.0,146.0,1297.0,512.0,-867.3,49.0
2026-06-05,israel,5541.0,1167.0,1259.0,-5665.1,61.0,25.0,305.0,1604.0,800.0,-2293.7,59.0
2026-06-05,korea,990.0,62.0,60.0,1992.8,0.0,2.0,35.0,105.0,16.0,192.3,3.0
2026-06-05,libya,99.0,34.0,13.0,-169.2,0.0,0.0,5.0,0.0,0.0,0.0,0.0
2026-06-05,scs,1212.0,161.0,106.0,1285.4,2.0,4.0,61.0,44.0,7.0,69.4,2.0
2026-06-05,southasia,6518.0,947.0,767.0,3994.8,19.0,24.0,295.0,35.0,13.0,3.1,3.0
2026-06-05,sudan,241.0,39.0,39.0,-23.4,0.0,1.0,8.0,2.0,2.0,-20.0,0.0
2026-06-05,taiwan,381.0,58.0,39.0,171.6,3.0,2.0,19.0,138.0,39.0,96.4,5.0
2026-06-05,ukraine,2181.0,312.0,302.0,1155.5,19.0,3.0,61.0,999.0,402.0,-762.2,22.0
2026-06-05,venezuela,276.0,21.0,25.0,434.9,0.0,0.0,13.0,47.0,3.0,107.0,0.0
2026-06-05,yemen,58.0,24.0,7.0,-85.9,0.0,0.0,3.0,14.0,6.0,-5.8,0.0
2026-06-06,drc,51.0,2.0,8.0,-2.9,0.0,0.0,2.0,34.0,5.0,111.3,1.0
2026-06-06,europe_east,374.0,47.0,41.0,285.8,0.0,5.0,14.0,12.0,4.0,-7.0,0.0
2026-06-06,iran,2481.0,484.0,477.0,-1843.2,27.0,8.0,79.0,909.0,351.0,-729.2,25.0
2026-06-06,israel,3939.0,698.0,1023.0,-4859.8,20.0,12.0,159.0,1130.0,621.0,-2608.9,41.0
2026-06-06,korea,416.0,35.0,28.0,695.2,0.0,4.0,16.0,34.0,4.0,73.3,1.0
2026-06-06,libya,68.0,10.0,19.0,-69.7,1.0,0.0,10.0,0.0,0.0,0.0,0.0
2026-06-06,scs,914.0,122.0,102.0,696.2,1.0,0.0,46.0,29.0,2.0,90.9,0.0
2026-06-06,southasia,5682.0,893.0,688.0,2611.9,4.0,43.0,274.0,11.0,7.0,-22.7,2.0
2026-06-06,sudan,101.0,11.0,17.0,4.3,0.0,0.0,2.0,0.0,0.0,0.0,0.0
2026-06-06,taiwan,261.0,22.0,23.0,245.2,0.0,6.0,4.0,78.0,15.0,6.2,3.0
2026-06-06,ukraine,1328.0,202.0,239.0,-106.8,8.0,7.0,22.0,696.0,363.0,-1289.6,13.0
2026-06-06,venezuela,126.0,9.0,15.0,90.0,0.0,0.0,7.0,15.0,2.0,9.2,2.0
2026-06-06,yemen,55.0,11.0,16.0,-93.1,0.0,0.0,0.0,3.0,1.0,-2.7,0.0
2026-06-07,drc,15.0,5.0,3.0,-39.8,0.0,0.0,1.0,5.0,3.0,-7.3,0.0
2026-06-07,europe_east,330.0,23.0,37.0,540.7,1.0,7.0,15.0,12.0,2.0,18.6,0.0
2026-06-07,iran,3001.0,575.0,566.0,-2303.5,82.0,2.0,86.0,1199.0,582.0,-2136.0,74.0
2026-06-07,israel,4982.0,923.0,1434.0,-9540.4,120.0,28.0,228.0,1716.0,1054.0,-5568.1,107.0
2026-06-07,korea,741.0,71.0,50.0,967.6,4.0,1.0,23.0,69.0,14.0,90.3,0.0
2026-06-07,libya,24.0,2.0,5.0,-28.7,0.0,0.0,1.0,0.0,0.0,0.0,0.0
2026-06-07,scs,810.0,90.0,97.0,834.6,0.0,3.0,42.0,9.0,7.0,-63.0,1.0
2026-06-07,southasia,5383.0,714.0,629.0,3756.0,4.0,15.0,248.0,36.0,6.0,47.2,0.0
2026-06-07,sudan,107.0,7.0,19.0,32.5,3.0,0.0,0.0,0.0,0.0,0.0,0.0
2026-06-07,taiwan,327.0,48.0,14.0,423.3,4.0,0.0,7.0,88.0,31.0,-40.2,7.0
2026-06-07,ukraine,1174.0,137.0,175.0,550.0,8.0,3.0,20.0,525.0,245.0,-762.2,10.0
2026-06-07,venezuela,99.0,9.0,17.0,18.1,0.0,0.0,5.0,6.0,0.0,-1.3,0.0
2026-06-07,yemen,63.0,22.0,4.0,-1.4,0.0,0.0,2.0,11.0,2.0,10.7,0.0
2026-06-08,drc,28.0,3.0,0.0,50.2,0.0,0.0,0.0,10.0,2.0,13.5,2.0
2026-06-08,europe_east,824.0,109.0,183.0,-327.5,0.0,11.0,40.0,40.0,17.0,-10.4,3.0
2026-06-08,iran,5822.0,1331.0,1643.0,-12605.7,156.0,22.0,302.0,3605.0,2110.0,-10687.3,166.0
2026-06-08,israel,7987.0,1679.0,2248.0,-15499.1,173.0,32.0,364.0,4197.0,2527.0,-13611.1,229.0
2026-06-08,korea,1702.0,124.0,85.0,3914.8,2.0,2.0,43.0,240.0,30.0,562.3,4.0
2026-06-08,libya,23.0,2.0,6.0,-0.9,1.0,0.0,4.0,0.0,0.0,0.0,0.0
2026-06-08,scs,1600.0,148.0,121.0,2209.8,2.0,9.0,58.0,18.0,7.0,-22.0,3.0
2026-06-08,southasia,6678.0,971.0,859.0,2839.0,24.0,42.0,331.0,10.0,4.0,-7.4,0.0
2026-06-08,sudan,224.0,29.0,37.0,33.3,5.0,8.0,4.0,10.0,2.0,33.4,0.0
2026-06-08,taiwan,346.0,41.0,27.0,424.4,1.0,0.0,22.0,122.0,32.0,-64.9,6.0
2026-06-08,ukraine,1669.0,171.0,284.0,707.1,10.0,14.0,36.0,614.0,248.0,-484.5,11.0
2026-06-08,venezuela,156.0,22.0,38.0,-92.1,0.0,0.0,11.0,31.0,6.0,45.8,6.0
2026-06-08,yemen,146.0,18.0,78.0,-753.3,0.0,0.0,8.0,268.0,184.0,-1474.2,45.0
2026-06-09,drc,79.0,14.0,27.0,-161.8,0.0,0.0,3.0,17.0,6.0,-27.8,2.0
2026-06-09,europe_east,839.0,56.0,89.0,1465.4,3.0,2.0,24.0,31.0,4.0,69.8,0.0
2026-06-09,iran,3745.0,781.0,889.0,-4908.8,72.0,13.0,112.0,2217.0,1122.0,-4251.4,94.0
2026-06-09,israel,6593.0,1405.0,1681.0,-10281.3,110.0,26.0,367.0,2517.0,1461.0,-6803.9,120.0
2026-06-09,korea,1355.0,103.0,77.0,2715.2,1.0,1.0,37.0,153.0,24.0,286.0,0.0
2026-06-09,libya,58.0,4.0,21.0,-104.7,1.0,1.0,8.0,0.0,0.0,0.0,0.0
2026-06-09,scs,1535.0,154.0,150.0,1879.3,1.0,18.0,64.0,61.0,25.0,-48.9,0.0
2026-06-09,southasia,8164.0,1183.0,1001.0,4154.3,23.0,18.0,352.0,31.0,21.0,-73.5,2.0
2026-06-09,sudan,366.0,39.0,65.0,119.7,1.0,1.0,22.0,1.0,1.0,-10.0,0.0
2026-06-09,taiwan,353.0,34.0,32.0,299.8,0.0,0.0,22.0,104.0,27.0,-23.9,10.0
2026-06-09,ukraine,1992.0,178.0,313.0,1484.5,9.0,3.0,55.0,530.0,248.0,-751.7,13.0
2026-06-09,venezuela,188.0,16.0,29.0,114.9,2.0,0.0,10.0,21.0,5.0,5.9,2.0
2026-06-09,yemen,119.0,19.0,27.0,-182.6,0.0,0.0,3.0,67.0,52.0,-348.4,8.0
2026-06-10,drc,189.0,13.0,37.0,-5.2,0.0,1.0,6.0,7.0,3.0,-12.3,0.0
2026-06-10,europe_east,899.0,83.0,85.0,1194.1,3.0,2.0,33.0,76.0,16.0,34.0,2.0
2026-06-10,iran,4429.0,1020.0,1272.0,-10237.0,142.0,1.0,85.0,1913.0,1121.0,-5750.9,69.0
2026-06-10,israel,5518.0,1122.0,1472.0,-8618.4,59.0,11.0,305.0,1696.0,1070.0,-5763.8,70.0
2026-06-10,korea,1076.0,82.0,48.0,2176.9,0.0,1.0,24.0,114.0,12.0,283.2,0.0
2026-06-10,libya,45.0,4.0,8.0,-9.4,0.0,1.0,2.0,0.0,0.0,0.0,0.0
2026-06-10,scs,1469.0,153.0,150.0,1965.1,0.0,8.0,81.0,89.0,32.0,-19.4,2.0
2026-06-10,southasia,8201.0,1246.0,971.0,4149.5,59.0,14.0,334.0,30.0,15.0,8.1,3.0
2026-06-10,sudan,639.0,110.0,173.0,-898.2,10.0,1.0,52.0,9.0,7.0,-33.6,0.0
2026-06-10,taiwan,371.0,53.0,64.0,11.0,0.0,8.0,14.0,134.0,52.0,-207.3,13.0
2026-06-10,ukraine,1419.0,177.0,283.0,-177.9,11.0,3.0,65.0,422.0,255.0,-1345.5,18.0
2026-06-10,venezuela,177.0,28.0,17.0,105.9,0.0,0.0,7.0,27.0,9.0,-23.1,0.0
2026-06-10,yemen,100.0,13.0,29.0,-128.5,3.0,0.0,3.0,28.0,18.0,-68.9,4.0
2026-06-11,drc,94.0,6.0,20.0,-33.0,0.0,0.0,6.0,11.0,0.0,38.0,0.0
2026-06-11,europe_east,729.0,61.0,76.0,1005.1,1.0,2.0,38.0,41.0,10.0,7.9,4.0
2026-06-11,iran,5330.0,1227.0,1344.0,-9325.2,140.0,9.0,173.0,1789.0,941.0,-3382.9,76.0
2026-06-11,israel,4501.0,857.0,1049.0,-4427.4,35.0,12.0,301.0,1195.0,693.0,-3224.8,56.0
2026-06-11,korea,1003.0,90.0,59.0,1930.9,0.0,2.0,21.0,56.0,19.0,-29.3,9.0
2026-06-11,libya,33.0,6.0,8.0,-27.2,0.0,0.0,3.0,0.0,0.0,0.0,0.0
2026-06-11,scs,1155.0,126.0,108.0,1618.0,2.0,11.0,63.0,91.0,49.0,-196.9,9.0
2026-06-11,southasia,7692.0,1087.0,930.0,3557.8,26.0,18.0,306.0,7.0,3.0,7.6,0.0
2026-06-11,sudan,517.0,83.0,157.0,-879.1,3.0,0.0,42.0,1.0,0.0,0.0,0.0
2026-06-11,taiwan,394.0,35.0,30.0,500.2,1.0,0.0,5.0,112.0,42.0,-116.7,5.0
2026-06-11,ukraine,1203.0,138.0,194.0,773.3,9.0,8.0,39.0,362.0,208.0,-833.6,20.0
2026-06-11,venezuela,164.0,17.0,51.0,-236.2,3.0,1.0,10.0,33.0,19.0,-118.8,6.0
2026-06-11,yemen,77.0,12.0,17.0,-56.4,0.0,1.0,2.0,18.0,13.0,-61.4,0.0
2026-06-12,drc,105.0,8.0,18.0,31.5,0.0,0.0,14.0,22.0,9.0,-17.8,5.0
2026-06-12,europe_east,780.0,77.0,65.0,1208.4,0.0,2.0,36.0,46.0,18.0,-58.2,4.0
2026-06-12,iran,4120.0,755.0,648.0,135.1,69.0,6.0,187.0,1576.0,596.0,-416.5,51.0
2026-06-12,israel,4288.0,737.0,900.0,-1901.6,16.0,3.0,360.0,1134.0,536.0,-1426.2,62.0
2026-06-12,korea,709.0,78.0,124.0,488.9,0.0,6.0,106.0,58.0,34.0,-89.0,19.0
2026-06-12,libya,45.0,9.0,9.0,-38.5,0.0,0.0,1.0,0.0,0.0,0.0,0.0
2026-06-12,scs,1179.0,110.0,109.0,1491.8,0.0,6.0,63.0,139.0,95.0,-335.1,14.0
2026-06-12,southasia,7360.0,1135.0,867.0,3720.7,10.0,23.0,313.0,20.0,6.0,17.2,3.0
2026-06-12,sudan,276.0,38.0,62.0,-212.7,3.0,0.0,17.0,0.0,0.0,0.0,0.0
2026-06-12,taiwan,342.0,28.0,25.0,482.3,3.0,0.0,13.0,102.0,28.0,43.9,11.0
2026-06-12,ukraine,1299.0,168.0,271.0,-94.8,14.0,7.0,64.0,433.0,249.0,-1106.6,24.0
2026-06-12,venezuela,166.0,16.0,24.0,120.7,2.0,0.0,8.0,33.0,8.0,49.4,1.0
2026-06-12,yemen,35.0,10.0,6.0,-26.4,0.0,0.0,2.0,17.0,7.0,-26.7,1.0
2026-06-13,drc,46.0,8.0,17.0,-140.5,0.0,0.0,5.0,12.0,5.0,-25.0,4.0
2026-06-13,europe_east,364.0,62.0,30.0,331.2,2.0,0.0,14.0,17.0,3.0,27.8,2.0
2026-06-13,iran,3265.0,556.0,428.0,919.6,63.0,3.0,89.0,1157.0,425.0,-227.1,49.0
2026-06-13,israel,2535.0,450.0,660.0,-3294.9,12.0,3.0,175.0,824.0,456.0,-2113.0,40.0
2026-06-13,korea,403.0,68.0,35.0,457.9,0.0,4.0,21.0,55.0,32.0,-5.8,2.0
2026-06-13,libya,24.0,5.0,8.0,-50.1,0.0,0.0,2.0,0.0,0.0,0.0,0.0
2026-06-13,scs,754.0,80.0,68.0,739.1,0.0,0.0,41.0,66.0,38.0,-163.4,9.0
2026-06-13,southasia,5984.0,837.0,573.0,4747.5,8.0,15.0,186.0,21.0,13.0,-32.3,6.0
2026-06-13,sudan,169.0,25.0,33.0,-123.7,0.0,0.0,13.0,3.0,1.0,2.8,0.0
2026-06-13,taiwan,280.0,32.0,17.0,417.4,0.0,1.0,5.0,104.0,30.0,82.0,3.0
2026-06-13,ukraine,1048.0,99.0,204.0,615.0,7.0,5.0,32.0,296.0,180.0,-1023.4,8.0
2026-06-13,venezuela,451.0,94.0,162.0,-1118.6,3.0,3.0,36.0,119.0,64.0,-171.2,12.0
2026-06-13,yemen,23.0,7.0,2.0,-2.7,2.0,0.0,1.0,4.0,2.0,-9.1,0.0
2026-06-14,drc,17.0,1.0,3.0,-4.7,0.0,0.0,0.0,0.0,0.0,0.0,0.0
2026-06-14,europe_east,294.0,32.0,23.0,377.0,1.0,1.0,11.0,34.0,7.0,41.6,4.0
2026-06-14,iran,3157.0,600.0,333.0,1992.3,35.0,1.0,79.0,1270.0,487.0,140.9,28.0
2026-06-14,israel,3899.0,842.0,869.0,-4463.6,48.0,9.0,167.0,1249.0,735.0,-3553.6,64.0
2026-06-14,korea,345.0,52.0,28.0,492.4,0.0,3.0,12.0,43.0,23.0,-36.5,0.0
2026-06-14,libya,28.0,3.0,3.0,40.8,0.0,0.0,1.0,0.0,0.0,0.0,0.0
2026-06-14,scs,652.0,96.0,71.0,388.2,0.0,1.0,26.0,55.0,21.0,-5.2,10.0
2026-06-14,southasia,5710.0,752.0,572.0,4830.5,9.0,16.0,207.0,14.0,1.0,24.7,1.0
2026-06-14,sudan,78.0,10.0,14.0,25.1,0.0,0.0,8.0,0.0,0.0,0.0,0.0
2026-06-14,taiwan,151.0,17.0,16.0,126.4,0.0,3.0,8.0,67.0,13.0,35.6,2.0
2026-06-14,ukraine,910.0,124.0,143.0,306.2,8.0,3.0,35.0,308.0,110.0,87.1,13.0
2026-06-14,venezuela,211.0,41.0,62.0,-301.4,0.0,1.0,16.0,27.0,15.0,-85.6,2.0
2026-06-14,yemen,29.0,4.0,1.0,35.3,0.0,0.0,1.0,10.0,6.0,-22.5,0.0
2026-06-15,drc,37.0,3.0,9.0,-29.1,0.0,0.0,2.0,6.0,1.0,2.7,0.0
2026-06-15,europe_east,621.0,52.0,101.0,455.9,2.0,12.0,53.0,43.0,10.0,14.0,6.0
2026-06-15,iran,6414.0,828.0,594.0,9403.8,88.0,7.0,150.0,2752.0,787.0,2859.2,69.0
2026-06-15,israel,6717.0,1263.0,1259.0,-2296.0,92.0,12.0,441.0,2059.0,1052.0,-3634.9,118.0
2026-06-15,korea,703.0,66.0,97.0,926.1,3.0,14.0,65.0,57.0,20.0,-43.6,4.0
2026-06-15,libya,40.0,4.0,1.0,75.9,0.0,0.0,0.0,0.0,0.0,0.0,0.0
2026-06-15,scs,976.0,86.0,72.0,1625.3,0.0,1.0,40.0,35.0,18.0,-17.6,5.0
2026-06-15,southasia,7824.0,929.0,742.0,8772.0,13.0,16.0,290.0,5.0,0.0,8.0,0.0
2026-06-15,sudan,287.0,37.0,97.0,-552.1,3.0,1.0,27.0,7.0,6.0,-60.0,0.0
2026-06-15,taiwan,244.0,38.0,15.0,305.5,0.0,0.0,9.0,69.0,20.0,-9.0,2.0
2026-06-15,ukraine,2543.0,310.0,562.0,-1236.5,9.0,0.0,112.0,1074.0,497.0,-1734.1,45.0
2026-06-15,venezuela,183.0,30.0,31.0,-51.4,1.0,2.0,13.0,42.0,15.0,4.7,3.0
2026-06-15,yemen,19.0,1.0,8.0,-52.4,0.0,1.0,0.0,8.0,1.0,-1.6,0.0
2026-06-16,drc,97.0,4.0,7.0,165.9,0.0,0.0,4.0,18.0,4.0,6.9,3.0
2026-06-16,europe_east,892.0,79.0,200.0,-107.9,0.0,5.0,71.0,215.0,134.0,-847.0,11.0
2026-06-16,iran,5262.0,719.0,477.0,7479.0,50.0,13.0,170.0,2300.0,702.0,2607.4,49.0
2026-06-16,israel,5787.0,1166.0,902.0,139.9,42.0,15.0,250.0,2043.0,954.0,-1784.8,92.0
2026-06-16,korea,708.0,80.0,52.0,960.0,0.0,6.0,17.0,75.0,19.0,96.5,1.0
2026-06-16,libya,12.0,1.0,3.0,-9.4,0.0,0.0,2.0,0.0,0.0,0.0,0.0
2026-06-16,scs,1233.0,147.0,121.0,1537.5,0.0,0.0,80.0,92.0,27.0,-4.2,3.0
2026-06-16,southasia,7322.0,891.0,744.0,6952.3,21.0,14.0,306.0,34.0,20.0,-81.7,13.0
2026-06-16,sudan,394.0,35.0,101.0,-204.7,0.0,0.0,41.0,1.0,1.0,-2.0,0.0
2026-06-16,taiwan,284.0,30.0,26.0,317.6,0.0,0.0,6.0,36.0,5.0,35.3,1.0
2026-06-16,ukraine,2593.0,276.0,372.0,1943.5,11.0,16.0,101.0,906.0,371.0,-927.9,25.0
2026-06-16,venezuela,177.0,20.0,20.0,141.1,0.0,0.0,7.0,50.0,6.0,100.6,0.0
2026-06-16,yemen,104.0,10.0,8.0,133.9,2.0,0.0,3.0,11.0,5.0,-5.0,0.0
2026-06-17,drc,77.0,2.0,17.0,-19.4,0.0,0.0,3.0,18.0,1.0,52.2,0.0
2026-06-17,europe_east,1063.0,150.0,161.0,811.5,1.0,0.0,77.0,182.0,122.0,-840.0,18.0
2026-06-17,iran,4990.0,692.0,463.0,6939.6,45.0,8.0,153.0,2042.0,667.0,2066.4,56.0
2026-06-17,israel,5251.0,1045.0,1008.0,-2825.5,52.0,20.0,288.0,1789.0,958.0,-3064.2,95.0
2026-06-17,korea,826.0,58.0,71.0,1928.5,1.0,0.0,27.0,68.0,9.0,132.9,2.0
2026-06-17,libya,31.0,2.0,1.0,96.9,0.0,0.0,1.0,0.0,0.0,0.0,0.0
2026-06-17,scs,1208.0,140.0,124.0,1364.8,1.0,3.0,62.0,50.0,19.0,-38.1,1.0
2026-06-17,southasia,7362.0,889.0,804.0,6481.6,6.0,13.0,385.0,33.0,17.0,-11.7,10.0
2026-06-17,sudan,340.0,37.0,47.0,204.9,2.0,0.0,22.0,4.0,0.0,17.1,0.0
2026-06-17,taiwan,328.0,48.0,23.0,385.6,0.0,1.0,11.0,81.0,21.0,50.4,4.0
2026-06-17,ukraine,1947.0,191.0,277.0,1334.0,10.0,3.0,82.0,545.0,206.0,-194.6,14.0
2026-06-17,venezuela,230.0,20.0,45.0,85.7,1.0,1.0,20.0,49.0,3.0,135.3,2.0
2026-06-17,yemen,83.0,15.0,10.0,47.4,1.0,0.0,5.0,17.0,10.0,-33.8,0.0
2026-06-18,drc,52.0,4.0,11.0,-12.5,0.0,0.0,3.0,23.0,2.0,37.0,0.0
2026-06-18,europe_east,1023.0,122.0,117.0,1592.2,1.0,8.0,61.0,164.0,113.0,-544.3,52.0
2026-06-18,iran,5923.0,837.0,475.0,10137.8,62.0,11.0,139.0,2455.0,664.0,4040.4,30.0
2026-06-18,israel,5981.0,1169.0,1069.0,-1356.5,69.0,17.0,250.0,1885.0,869.0,-2149.1,68.0
2026-06-18,korea,598.0,50.0,55.0,1235.1,1.0,2.0,36.0,23.0,6.0,10.3,2.0
2026-06-18,libya,51.0,7.0,6.0,58.8,0.0,0.0,6.0,0.0,0.0,0.0,0.0
2026-06-18,scs,1304.0,141.0,155.0,1217.0,1.0,2.0,89.0,19.0,7.0,45.0,0.0
2026-06-18,southasia,7932.0,1096.0,780.0,7911.9,10.0,21.0,340.0,22.0,15.0,-26.5,2.0
2026-06-18,sudan,276.0,56.0,42.0,-99.2,2.0,1.0,8.0,4.0,1.0,12.8,0.0
2026-06-18,taiwan,457.0,58.0,28.0,606.0,1.0,0.0,7.0,105.0,34.0,13.4,0.0
2026-06-18,ukraine,2096.0,261.0,392.0,214.0,13.0,12.0,67.0,726.0,421.0,-2128.7,40.0
2026-06-18,venezuela,144.0,13.0,18.0,124.3,0.0,0.0,5.0,18.0,7.0,-15.8,4.0
2026-06-18,yemen,30.0,7.0,7.0,-38.7,0.0,0.0,1.0,17.0,7.0,-14.7,2.0
2026-06-19,drc,56.0,5.0,5.0,143.4,0.0,0.0,1.0,2.0,1.0,-2.5,0.0
2026-06-19,europe_east,826.0,74.0,71.0,1311.4,0.0,1.0,45.0,55.0,23.0,-64.6,12.0
2026-06-19,iran,4838.0,820.0,590.0,5843.3,56.0,3.0,217.0,2374.0,798.0,2745.1,43.0
2026-06-19,israel,6150.0,1099.0,1437.0,-4534.9,81.0,12.0,322.0,2062.0,1091.0,-4082.3,60.0
2026-06-19,korea,568.0,51.0,27.0,1025.0,2.0,0.0,14.0,66.0,11.0,121.5,0.0
2026-06-19,libya,41.0,3.0,7.0,40.6,0.0,0.0,0.0,0.0,0.0,0.0,0.0
2026-06-19,scs,1118.0,110.0,123.0,1118.2,2.0,1.0,64.0,10.0,5.0,-4.8,0.0
2026-06-19,southasia,7740.0,1060.0,748.0,7898.5,22.0,18.0,314.0,29.0,21.0,-97.0,2.0
2026-06-19,sudan,333.0,31.0,61.0,91.2,1.0,4.0,15.0,3.0,3.0,-25.0,0.0
2026-06-19,taiwan,335.0,53.0,21.0,379.3,4.0,0.0,6.0,75.0,28.0,-12.1,15.0
2026-06-19,ukraine,1729.0,213.0,291.0,595.2,15.0,5.0,69.0,523.0,308.0,-1502.2,45.0
2026-06-19,venezuela,147.0,18.0,19.0,137.0,1.0,4.0,8.0,36.0,8.0,5.4,6.0
2026-06-19,yemen,38.0,5.0,14.0,-33.0,0.0,0.0,7.0,12.0,3.0,13.7,0.0
2026-06-20,drc,42.0,4.0,1.0,99.5,0.0,0.0,0.0,2.0,1.0,-2.5,0.0
2026-06-20,europe_east,599.0,86.0,37.0,757.4,2.0,0.0,8.0,62.0,23.0,-33.1,1.0
2026-06-20,iran,3531.0,495.0,331.0,5155.7,30.0,0.0,126.0,1491.0,474.0,1963.2,36.0
2026-06-20,israel,4578.0,808.0,1167.0,-4884.6,56.0,0.0,183.0,1625.0,823.0,-2370.5,54.0
2026-06-20,korea,171.0,16.0,14.0,293.5,0.0,0.0,9.0,7.0,1.0,1.7,0.0
2026-06-20,libya,13.0,2.0,4.0,-26.8,0.0,0.0,1.0,0.0,0.0,0.0,0.0
2026-06-20,scs,658.0,66.0,85.0,791.9,0.0,1.0,49.0,10.0,2.0,15.8,0.0
2026-06-20,southasia,6138.0,752.0,646.0,5282.1,9.0,39.0,232.0,17.0,6.0,-39.2,3.0
2026-06-20,sudan,192.0,28.0,56.0,-312.2,0.0,0.0,14.0,2.0,0.0,3.4,0.0
2026-06-20,taiwan,154.0,16.0,16.0,180.6,2.0,0.0,3.0,27.0,10.0,-31.6,0.0
2026-06-20,ukraine,1310.0,218.0,249.0,-462.6,37.0,3.0,51.0,326.0,215.0,-1215.7,33.0
2026-06-20,venezuela,61.0,9.0,19.0,-87.3,1.0,0.0,7.0,13.0,4.0,-9.0,3.0
2026-06-20,yemen,35.0,8.0,2.0,19.6,0.0,0.0,0.0,5.0,2.0,-9.6,0.0
2026-06-21,drc,9.0,0.0,2.0,-10.4,0.0,0.0,0.0,9.0,0.0,32.7,0.0
2026-06-21,europe_east,538.0,51.0,28.0,1402.2,0.0,0.0,14.0,30.0,18.0,-89.8,0.0
2026-06-21,iran,4574.0,580.0,361.0,7963.5,36.0,3.0,147.0,1896.0,530.0,2963.4,38.0
2026-06-21,israel,4760.0,846.0,1044.0,-2919.0,22.0,24.0,181.0,1585.0,803.0,-2027.2,59.0
2026-06-21,korea,285.0,30.0,17.0,416.2,0.0,0.0,10.0,6.0,1.0,10.0,0.0
2026-06-21,libya,55.0,2.0,10.0,53.8,0.0,0.0,2.0,0.0,0.0,0.0,0.0
2026-06-21,scs,638.0,63.0,100.0,576.2,3.0,2.0,60.0,9.0,4.0,18.4,0.0
2026-06-21,southasia,6490.0,670.0,508.0,8786.5,19.0,30.0,189.0,9.0,6.0,-22.0,1.0
2026-06-21,sudan,266.0,60.0,62.0,-476.5,5.0,0.0,3.0,2.0,2.0,-20.0,0.0
2026-06-21,taiwan,147.0,17.0,8.0,183.4,0.0,1.0,5.0,46.0,13.0,-12.3,7.0
2026-06-21,ukraine,899.0,177.0,234.0,-1330.7,21.0,2.0,26.0,393.0,231.0,-1286.3,27.0
2026-06-21,venezuela,51.0,6.0,12.0,-27.3,0.0,0.0,0.0,4.0,0.0,13.6,0.0
2026-06-21,yemen,9.0,2.0,1.0,-1.4,0.0,0.0,0.0,1.0,0.0,1.9,0.0
2026-06-22,drc,77.0,3.0,3.0,151.3,0.0,0.0,0.0,3.0,1.0,3.3,0.0
2026-06-22,europe_east,814.0,122.0,82.0,960.2,0.0,6.0,22.0,74.0,36.0,-125.2,4.0
2026-06-22,iran,4945.0,664.0,398.0,7030.9,47.0,2.0,178.0,1813.0,505.0,2615.9,53.0
2026-06-22,israel,5505.0,1077.0,894.0,-315.8,58.0,29.0,243.0,1600.0,741.0,-1392.1,75.0
2026-06-22,korea,706.0,53.0,89.0,1126.3,3.0,1.0,71.0,9.0,4.0,-3.6,4.0
2026-06-22,libya,31.0,0.0,2.0,106.0,0.0,0.0,1.0,0.0,0.0,0.0,0.0
2026-06-22,scs,1427.0,130.0,233.0,467.2,1.0,9.0,86.0,38.0,15.0,-18.8,6.0
2026-06-22,southasia,8151.0,984.0,984.0,6648.6,20.0,21.0,386.0,28.0,17.0,-66.0,9.0
2026-06-22,sudan,342.0,58.0,78.0,-467.5,6.0,11.0,2.0,2.0,2.0,-20.0,0.0
2026-06-22,taiwan,183.0,12.0,21.0,233.3,1.0,1.0,7.0,42.0,14.0,-14.7,8.0
2026-06-22,ukraine,1652.0,265.0,407.0,-1694.1,11.0,19.0,64.0,581.0,363.0,-2103.0,44.0
2026-06-22,venezuela,193.0,22.0,45.0,-89.0,0.0,0.0,17.0,32.0,17.0,-68.6,8.0
2026-06-22,yemen,49.0,1.0,10.0,13.4,0.0,0.0,1.0,3.0,0.0,10.2,0.0
2026-06-23,drc,96.0,8.0,22.0,-83.4,0.0,0.0,4.0,15.0,1.0,85.7,0.0
2026-06-23,europe_east,1037.0,131.0,110.0,1387.5,0.0,4.0,49.0,78.0,45.0,-208.7,18.0
2026-06-23,iran,4729.0,572.0,365.0,7538.4,34.0,10.0,107.0,1627.0,432.0,2653.6,22.0
2026-06-23,israel,5527.0,973.0,959.0,-537.2,46.0,28.0,226.0,1580.0,662.0,-1036.4,52.0
2026-06-23,korea,744.0,77.0,76.0,973.9,2.0,14.0,41.0,80.0,34.0,-10.6,9.0
2026-06-23,libya,92.0,3.0,12.0,183.5,0.0,0.0,10.0,0.0,0.0,0.0,0.0
2026-06-23,scs,1253.0,160.0,162.0,488.5,18.0,6.0,51.0,34.0,16.0,-13.9,0.0
2026-06-23,southasia,8541.0,1055.0,986.0,6821.5,10.0,22.0,436.0,27.0,15.0,-22.9,8.0
2026-06-23,sudan,498.0,99.0,100.0,-385.9,3.0,4.0,27.0,0.0,0.0,0.0,0.0
2026-06-23,taiwan,215.0,24.0,14.0,349.3,2.0,0.0,7.0,49.0,12.0,48.1,0.0
2026-06-23,ukraine,1507.0,244.0,308.0,-902.0,18.0,7.0,73.0,402.0,208.0,-872.0,18.0
2026-06-23,venezuela,195.0,28.0,38.0,-13.3,0.0,1.0,27.0,69.0,29.0,-53.3,12.0
2026-06-23,yemen,40.0,4.0,8.0,-19.0,0.0,0.0,1.0,10.0,4.0,-9.4,1.0
2026-06-24,drc,74.0,4.0,9.0,48.1,0.0,0.0,5.0,5.0,2.0,9.2,2.0
2026-06-24,europe_east,692.0,70.0,54.0,1174.2,4.0,5.0,15.0,39.0,23.0,-96.5,4.0
2026-06-24,iran,4969.0,712.0,360.0,7050.7,34.0,7.0,140.0,1594.0,411.0,2556.1,22.0
2026-06-24,israel,4848.0,902.0,842.0,-1352.3,33.0,26.0,224.0,1417.0,621.0,-1369.1,52.0
2026-06-24,korea,921.0,71.0,100.0,765.4,2.0,6.0,38.0,132.0,35.0,-84.1,12.0
2026-06-24,libya,102.0,3.0,20.0,136.3,0.0,0.0,15.0,5.0,0.0,31.4,0.0
2026-06-24,scs,1276.0,146.0,153.0,936.3,0.0,4.0,64.0,46.0,27.0,-93.6,0.0
2026-06-24,southasia,7624.0,988.0,865.0,6117.9,9.0,14.0,359.0,34.0,16.0,-52.7,9.0
2026-06-24,sudan,417.0,57.0,63.0,216.4,4.0,0.0,14.0,7.0,3.0,0.0,2.0
2026-06-24,taiwan,300.0,66.0,25.0,157.7,5.0,0.0,10.0,71.0,33.0,-67.3,7.0
2026-06-24,ukraine,1259.0,164.0,271.0,-539.5,6.0,5.0,34.0,411.0,259.0,-1334.2,20.0
2026-06-24,venezuela,150.0,29.0,26.0,-17.0,0.0,1.0,13.0,39.0,22.0,-131.0,7.0
2026-06-24,yemen,60.0,13.0,10.0,-77.1,1.0,0.0,1.0,7.0,4.0,-4.0,0.0
2026-06-25,drc,84.0,5.0,9.0,134.5,0.0,0.0,2.0,13.0,0.0,52.2,0.0
2026-06-25,europe_east,901.0,92.0,100.0,1291.9,2.0,23.0,39.0,38.0,13.0,4.7,3.0
2026-06-25,iran,4173.0,652.0,384.0,4107.0,22.0,3.0,74.0,1399.0,403.0,1539.4,22.0
2026-06-25,israel,4551.0,749.0,980.0,-2497.5,29.0,7.0,213.0,1343.0,679.0,-2643.7,39.0
2026-06-25,korea,722.0,81.0,89.0,501.4,4.0,3.0,47.0,64.0,21.0,-25.6,8.0
2026-06-25,libya,134.0,10.0,21.0,99.1,0.0,0.0,13.0,1.0,0.0,0.0,0.0
2026-06-25,scs,1354.0,157.0,200.0,726.1,4.0,5.0,81.0,53.0,23.0,16.8,4.0
2026-06-25,southasia,6569.0,882.0,761.0,4953.3,13.0,27.0,330.0,26.0,10.0,-12.2,2.0
2026-06-25,sudan,275.0,47.0,49.0,-23.9,3.0,2.0,7.0,4.0,4.0,-40.0,0.0
2026-06-25,taiwan,503.0,59.0,52.0,439.5,6.0,0.0,26.0,120.0,38.0,52.3,4.0
2026-06-25,ukraine,1458.0,223.0,274.0,-434.7,14.0,3.0,57.0,549.0,314.0,-1345.8,26.0
2026-06-25,venezuela,1513.0,87.0,119.0,3344.5,1.0,13.0,69.0,212.0,38.0,333.5,2.0
2026-06-25,yemen,107.0,25.0,19.0,-135.2,0.0,0.0,4.0,41.0,19.0,-19.9,0.0
2026-06-26,drc,52.0,11.0,7.0,50.2,0.0,0.0,5.0,65.0,35.0,38.0,0.0
2026-06-26,europe_east,662.0,57.0,58.0,1088.9,4.0,0.0,29.0,35.0,12.0,-19.2,2.0
2026-06-26,iran,3080.0,545.0,435.0,776.1,27.0,4.0,102.0,928.0,324.0,567.7,17.0
2026-06-26,israel,4077.0,654.0,730.0,318.3,21.0,21.0,149.0,1342.0,519.0,13.4,42.0
2026-06-26,korea,881.0,99.0,106.0,958.5,2.0,6.0,60.0,66.0,29.0,-80.6,15.0
2026-06-26,libya,66.0,3.0,14.0,34.0,0.0,0.0,10.0,0.0,0.0,0.0,0.0
2026-06-26,scs,991.0,129.0,110.0,810.7,1.0,2.0,37.0,61.0,36.0,-71.2,1.0
2026-06-26,southasia,5865.0,717.0,708.0,4560.3,6.0,19.0,242.0,10.0,9.0,-45.0,1.0
2026-06-26,sudan,379.0,54.0,77.0,-297.1,3.0,0.0,12.0,6.0,4.0,-30.0,0.0
2026-06-26,taiwan,332.0,34.0,39.0,363.0,1.0,0.0,16.0,63.0,15.0,96.8,3.0
2026-06-26,ukraine,1694.0,209.0,305.0,410.2,24.0,2.0,67.0,672.0,350.0,-1500.7,38.0
2026-06-26,venezuela,1491.0,75.0,114.0,3206.5,0.0,13.0,53.0,209.0,42.0,218.8,6.0
2026-06-26,yemen,56.0,9.0,9.0,27.3,1.0,0.0,0.0,9.0,4.0,-4.6,0.0
2026-06-27,drc,57.0,1.0,5.0,172.4,0.0,0.0,3.0,27.0,11.0,12.5,0.0
2026-06-27,europe_east,362.0,43.0,52.0,344.4,3.0,3.0,26.0,29.0,18.0,-41.9,3.0
2026-06-27,iran,2678.0,681.0,408.0,-932.1,37.0,5.0,41.0,955.0,366.0,645.0,21.0
2026-06-27,israel,3782.0,670.0,622.0,1165.4,26.0,20.0,123.0,1344.0,506.0,338.7,50.0
2026-06-27,korea,362.0,50.0,33.0,502.9,3.0,3.0,17.0,34.0,3.0,63.0,0.0
2026-06-27,libya,18.0,1.0,4.0,-2.8,0.0,0.0,3.0,0.0,0.0,0.0,0.0
2026-06-27,scs,772.0,92.0,81.0,710.1,1.0,0.0,37.0,3.0,1.0,-5.0,1.0
2026-06-27,southasia,5393.0,679.0,717.0,2962.1,6.0,18.0,295.0,12.0,6.0,-24.9,3.0
2026-06-27,sudan,140.0,23.0,20.0,-13.9,2.0,0.0,4.0,6.0,6.0,-48.8,0.0
2026-06-27,taiwan,177.0,18.0,10.0,214.1,0.0,0.0,5.0,25.0,5.0,-4.7,2.0
2026-06-27,ukraine,874.0,98.0,210.0,-518.6,5.0,1.0,19.0,358.0,215.0,-1180.6,13.0
2026-06-27,venezuela,1017.0,83.0,92.0,1743.5,1.0,8.0,40.0,147.0,21.0,477.7,3.0
2026-06-27,yemen,26.0,3.0,7.0,-9.5,0.0,0.0,1.0,0.0,0.0,0.0,0.0
2026-06-28,drc,29.0,2.0,2.0,66.5,0.0,0.0,0.0,21.0,8.0,-6.6,1.0
2026-06-28,europe_east,442.0,30.0,62.0,530.8,0.0,2.0,24.0,22.0,10.0,-51.0,3.0
2026-06-28,iran,2817.0,630.0,549.0,-2485.1,50.0,4.0,64.0,918.0,437.0,-895.6,22.0
2026-06-28,israel,3873.0,653.0,762.0,-621.2,27.0,15.0,130.0,1229.0,474.0,-329.0,37.0
2026-06-28,korea,355.0,38.0,38.0,471.2,0.0,0.0,10.0,37.0,9.0,75.3,0.0
2026-06-28,libya,29.0,1.0,5.0,26.7,0.0,0.0,4.0,0.0,0.0,0.0,0.0
2026-06-28,scs,765.0,89.0,72.0,833.7,1.0,2.0,35.0,26.0,19.0,-54.1,0.0
2026-06-28,southasia,4842.0,630.0,767.0,375.3,8.0,12.0,267.0,6.0,5.0,-36.0,3.0
2026-06-28,sudan,90.0,14.0,19.0,-94.7,0.0,0.0,10.0,1.0,1.0,-9.5,0.0
2026-06-28,taiwan,120.0,9.0,15.0,167.7,0.0,0.0,9.0,32.0,7.0,36.9,0.0
2026-06-28,ukraine,804.0,86.0,246.0,-1058.0,9.0,5.0,29.0,390.0,247.0,-1427.7,8.0
2026-06-28,venezuela,753.0,40.0,55.0,1509.5,0.0,6.0,25.0,68.0,8.0,167.0,7.0
2026-06-28,yemen,23.0,8.0,10.0,-107.0,1.0,0.0,2.0,0.0,0.0,0.0,0.0
2026-06-29,drc,102.0,12.0,22.0,-18.6,0.0,0.0,7.0,24.0,8.0,4.9,0.0
2026-06-29,europe_east,780.0,83.0,74.0,1064.0,1.0,0.0,44.0,43.0,24.0,7.5,11.0
2026-06-29,iran,3250.0,529.0,454.0,1485.4,31.0,8.0,82.0,1100.0,364.0,534.2,25.0
2026-06-29,israel,4676.0,841.0,926.0,-2293.3,37.0,17.0,231.0,1335.0,625.0,-1858.1,82.0
2026-06-29,korea,664.0,88.0,64.0,854.8,0.0,3.0,22.0,37.0,13.0,-37.5,2.0
2026-06-29,libya,146.0,8.0,4.0,386.3,0.0,0.0,3.0,3.0,0.0,10.5,0.0
2026-06-29,scs,1135.0,112.0,161.0,906.6,4.0,4.0,66.0,28.0,9.0,41.5,3.0
2026-06-29,southasia,7601.0,1153.0,1222.0,220.2,24.0,20.0,330.0,21.0,11.0,-42.2,7.0
2026-06-29,sudan,221.0,31.0,50.0,-193.3,2.0,0.0,14.0,3.0,1.0,-2.5,0.0
2026-06-29,taiwan,294.0,37.0,30.0,385.4,4.0,0.0,19.0,100.0,28.0,37.2,12.0
2026-06-29,ukraine,1371.0,190.0,300.0,-701.9,10.0,6.0,45.0,539.0,292.0,-1355.9,18.0
2026-06-29,venezuela,890.0,68.0,100.0,1489.9,0.0,12.0,57.0,136.0,39.0,51.3,25.0
2026-06-29,yemen,42.0,5.0,11.0,-78.1,0.0,0.0,2.0,9.0,3.0,-13.4,0.0
2026-06-30,drc,117.0,9.0,36.0,-144.8,0.0,0.0,10.0,26.0,15.0,-45.1,0.0
2026-06-30,europe_east,806.0,83.0,91.0,1220.8,0.0,1.0,48.0,45.0,19.0,-28.6,5.0
2026-06-30,iran,2771.0,343.0,428.0,1757.4,20.0,9.0,121.0,1022.0,311.0,832.5,22.0
2026-06-30,israel,4183.0,690.0,754.0,-364.9,24.0,12.0,206.0,1039.0,470.0,-1120.9,62.0
2026-06-30,korea,509.0,56.0,39.0,842.3,0.0,2.0,12.0,30.0,7.0,39.0,0.0
2026-06-30,libya,132.0,5.0,5.0,337.0,0.0,0.0,1.0,7.0,0.0,14.5,0.0
2026-06-30,scs,1307.0,150.0,143.0,1371.9,2.0,10.0,65.0,27.0,11.0,-4.2,3.0
2026-06-30,southasia,7830.0,1115.0,1077.0,2877.1,19.0,25.0,461.0,19.0,14.0,-54.0,1.0
2026-06-30,sudan,299.0,21.0,79.0,-269.4,1.0,0.0,8.0,5.0,4.0,-42.0,0.0
2026-06-30,taiwan,250.0,25.0,25.0,306.9,2.0,0.0,13.0,76.0,23.0,43.7,1.0
2026-06-30,ukraine,1564.0,242.0,320.0,-522.2,10.0,6.0,57.0,467.0,258.0,-1074.9,17.0
2026-06-30,venezuela,825.0,60.0,115.0,1263.6,0.0,3.0,67.0,147.0,36.0,133.2,25.0
2026-06-30,yemen,64.0,6.0,6.0,12.1,0.0,0.0,3.0,7.0,4.0,-36.0,2.0
2026-07-01,drc,64.0,2.0,7.0,126.6,0.0,0.0,7.0,1.0,0.0,7.0,0.0
2026-07-01,europe_east,973.0,123.0,95.0,976.6,6.0,4.0,50.0,125.0,77.0,-218.6,27.0
2026-07-01,iran,2816.0,427.0,335.0,1995.4,27.0,5.0,88.0,1027.0,349.0,354.9,34.0
2026-07-01,israel,4414.0,789.0,770.0,-380.1,41.0,25.0,185.0,1179.0,551.0,-1190.8,71.0
2026-07-01,korea,532.0,59.0,44.0,672.1,0.0,3.0,20.0,19.0,4.0,-6.9,0.0
2026-07-01,libya,57.0,1.0,11.0,78.6,0.0,0.0,4.0,0.0,0.0,0.0,0.0
2026-07-01,scs,1262.0,161.0,177.0,832.1,6.0,2.0,71.0,39.0,20.0,-29.6,1.0
2026-07-01,southasia,7130.0,1024.0,907.0,4224.6,19.0,17.0,343.0,52.0,22.0,-2.6,5.0
2026-07-01,sudan,420.0,55.0,179.0,-1382.0,2.0,4.0,17.0,29.0,27.0,-240.5,0.0
2026-07-01,taiwan,272.0,40.0,25.0,192.6,2.0,2.0,16.0,103.0,28.0,58.8,4.0
2026-07-01,ukraine,1608.0,170.0,352.0,-235.6,11.0,7.0,56.0,502.0,318.0,-1965.5,23.0
2026-07-01,venezuela,701.0,76.0,70.0,914.6,0.0,5.0,35.0,102.0,24.0,21.6,5.0
2026-07-01,yemen,64.0,5.0,18.0,-54.5,0.0,1.0,1.0,0.0,0.0,0.0,0.0
2026-07-02,drc,38.0,2.0,2.0,51.8,0.0,0.0,0.0,12.0,7.0,-16.0,0.0
2026-07-02,europe_east,882.0,109.0,98.0,1320.9,5.0,5.0,48.0,55.0,32.0,-114.0,9.0
2026-07-02,iran,3023.0,405.0,433.0,1499.9,54.0,10.0,107.0,1015.0,371.0,92.1,46.0
2026-07-02,israel,4330.0,781.0,721.0,-699.0,16.0,10.0,200.0,1076.0,489.0,-1275.3,55.0
2026-07-02,korea,622.0,58.0,56.0,932.2,0.0,3.0,19.0,27.0,7.0,-0.1,0.0
2026-07-02,libya,72.0,18.0,11.0,1.5,0.0,0.0,10.0,0.0,0.0,0.0,0.0
2026-07-02,scs,1263.0,142.0,170.0,848.3,1.0,11.0,57.0,13.0,4.0,1.9,0.0
2026-07-02,southasia,7397.0,1098.0,871.0,4800.0,11.0,22.0,386.0,69.0,45.0,-84.9,10.0
2026-07-02,sudan,363.0,50.0,108.0,-643.0,2.0,1.0,10.0,10.0,8.0,-80.0,0.0
2026-07-02,taiwan,479.0,45.0,48.0,587.7,0.0,5.0,38.0,102.0,25.0,42.6,1.0
2026-07-02,ukraine,2223.0,319.0,538.0,-1680.8,36.0,10.0,85.0,942.0,689.0,-4566.3,53.0
2026-07-02,venezuela,746.0,53.0,66.0,1485.4,0.0,2.0,48.0,115.0,39.0,38.3,9.0
2026-07-02,yemen,394.0,11.0,10.0,283.3,1.0,0.0,2.0,13.0,5.0,-8.0,0.0
2026-07-03,drc,79.0,4.0,11.0,37.1,0.0,0.0,6.0,8.0,1.0,3.7,0.0
2026-07-03,europe_east,793.0,90.0,126.0,512.0,8.0,4.0,59.0,93.0,49.0,-183.2,14.0
2026-07-03,iran,3501.0,427.0,430.0,1792.6,36.0,17.0,131.0,960.0,409.0,-962.8,47.0
2026-07-03,israel,3477.0,544.0,720.0,-1231.2,22.0,6.0,226.0,982.0,493.0,-2035.5,66.0
2026-07-03,korea,417.0,36.0,42.0,623.3,2.0,0.0,20.0,31.0,6.0,80.5,1.0
2026-07-03,libya,80.0,9.0,6.0,151.7,0.0,0.0,2.0,0.0,0.0,0.0,0.0
2026-07-03,scs,1149.0,153.0,133.0,809.4,5.0,5.0,56.0,25.0,5.0,65.6,1.0
2026-07-03,southasia,7301.0,1003.0,864.0,4735.6,9.0,16.0,374.0,17.0,16.0,-68.3,11.0
2026-07-03,sudan,333.0,60.0,56.0,-251.3,6.0,0.0,12.0,4.0,4.0,-40.0,0.0
2026-07-03,taiwan,323.0,54.0,21.0,224.2,0.0,0.0,9.0,90.0,16.0,51.0,4.0
2026-07-03,ukraine,1914.0,241.0,447.0,-1471.5,17.0,8.0,69.0,684.0,439.0,-2614.6,20.0
2026-07-03,venezuela,658.0,73.0,80.0,935.3,1.0,2.0,41.0,105.0,20.0,210.7,7.0
2026-07-03,yemen,180.0,8.0,13.0,81.7,0.0,0.0,0.0,14.0,8.0,-13.8,1.0
2026-07-04,drc,21.0,3.0,0.0,47.1,0.0,0.0,0.0,1.0,0.0,-2.0,0.0
2026-07-04,europe_east,434.0,34.0,60.0,218.4,1.0,0.0,18.0,84.0,31.0,-31.0,6.0
2026-07-04,iran,2674.0,325.0,322.0,1333.6,18.0,19.0,60.0,860.0,355.0,-962.0,17.0
2026-07-04,israel,2170.0,320.0,421.0,-943.9,16.0,10.0,101.0,753.0,370.0,-1772.2,30.0
2026-07-04,korea,206.0,21.0,12.0,246.5,0.0,0.0,6.0,11.0,0.0,19.7,0.0
2026-07-04,libya,58.0,13.0,11.0,-21.1,0.0,0.0,10.0,0.0,0.0,0.0,0.0
2026-07-04,scs,662.0,122.0,60.0,381.1,3.0,1.0,27.0,6.0,4.0,-34.0,0.0
2026-07-04,southasia,6188.0,836.0,743.0,4040.3,9.0,22.0,298.0,25.0,17.0,-52.0,8.0
2026-07-04,sudan,177.0,27.0,31.0,-54.2,1.0,0.0,7.0,2.0,2.0,-20.0,0.0
2026-07-04,taiwan,137.0,23.0,9.0,133.1,0.0,0.0,6.0,72.0,24.0,57.9,2.0
2026-07-04,ukraine,1149.0,138.0,297.0,-1316.7,10.0,5.0,42.0,592.0,366.0,-2346.1,26.0
2026-07-04,venezuela,368.0,39.0,46.0,496.6,0.0,4.0,27.0,53.0,19.0,16.5,9.0
2026-07-04,yemen,116.0,30.0,11.0,37.1,1.0,0.0,3.0,18.0,11.0,-50.4,0.0
2026-07-05,drc,31.0,4.0,8.0,-28.9,0.0,0.0,0.0,7.0,4.0,-0.8,1.0
2026-07-05,europe_east,253.0,14.0,27.0,373.0,2.0,3.0,8.0,18.0,18.0,-115.0,0.0
2026-07-05,iran,2161.0,250.0,315.0,125.7,17.0,4.0,52.0,764.0,277.0,-286.7,9.0
2026-07-05,israel,2865.0,502.0,610.0,-2360.9,18.0,8.0,144.0,728.0,406.0,-2014.0,31.0
2026-07-05,korea,317.0,26.0,47.0,233.6,0.0,1.0,11.0,20.0,9.0,-49.2,0.0
2026-07-05,libya,14.0,1.0,1.0,17.0,0.0,0.0,0.0,0.0,0.0,0.0,0.0
2026-07-05,scs,763.0,71.0,114.0,622.3,2.0,0.0,39.0,15.0,6.0,9.6,2.0
2026-07-05,southasia,4851.0,726.0,639.0,2028.1,7.0,8.0,279.0,11.0,3.0,10.9,1.0
2026-07-05,sudan,83.0,17.0,16.0,-88.0,7.0,0.0,3.0,0.0,0.0,0.0,0.0
2026-07-05,taiwan,113.0,20.0,7.0,134.6,0.0,0.0,3.0,55.0,25.0,-52.8,0.0
2026-07-05,ukraine,1149.0,135.0,233.0,-523.5,6.0,2.0,22.0,653.0,323.0,-1611.5,14.0
2026-07-05,venezuela,237.0,18.0,19.0,473.1,0.0,1.0,7.0,51.0,21.0,65.0,6.0
2026-07-05,yemen,144.0,18.0,78.0,-705.7,1.0,0.0,1.0,34.0,31.0,-199.6,2.0
2026-07-06,drc,28.0,5.0,6.0,-22.4,0.0,0.0,1.0,25.0,0.0,58.7,0.0
2026-07-06,europe_east,723.0,58.0,68.0,1153.7,2.0,4.0,26.0,31.0,19.0,-54.7,8.0
2026-07-06,iran,2519.0,354.0,314.0,919.7,12.0,0.0,99.0,770.0,299.0,-430.7,22.0
2026-07-06,israel,4093.0,685.0,810.0,-2150.8,29.0,8.0,197.0,1122.0,578.0,-2313.8,65.0
2026-07-06,korea,586.0,62.0,62.0,790.8,0.0,2.0,21.0,14.0,0.0,47.0,0.0
2026-07-06,libya,100.0,21.0,4.0,94.4,0.0,0.0,1.0,0.0,0.0,0.0,0.0
2026-07-06,scs,1413.0,203.0,187.0,886.9,4.0,11.0,93.0,35.0,13.0,19.9,4.0
2026-07-06,southasia,7130.0,1015.0,981.0,2995.9,5.0,17.0,413.0,39.0,19.0,-64.3,10.0
2026-07-06,sudan,371.0,62.0,113.0,-757.6,3.0,2.0,10.0,16.0,15.0,-109.5,0.0
2026-07-06,taiwan,294.0,43.0,33.0,63.7,0.0,4.0,4.0,65.0,28.0,-120.8,7.0
2026-07-06,ukraine,2359.0,264.0,591.0,-1980.2,35.0,11.0,75.0,1090.0,660.0,-4011.1,73.0
2026-07-06,venezuela,379.0,39.0,38.0,594.7,1.0,7.0,12.0,70.0,12.0,146.5,1.0
2026-07-06,yemen,148.0,17.0,58.0,-409.0,1.0,2.0,3.0,29.0,22.0,-141.0,0.0
2026-07-07,drc,46.0,5.0,3.0,58.7,0.0,0.0,1.0,11.0,1.0,10.7,0.0
2026-07-07,europe_east,856.0,74.0,87.0,1141.3,1.0,7.0,32.0,40.0,15.0,-8.3,2.0
2026-07-07,iran,2955.0,542.0,468.0,-421.2,25.0,5.0,108.0,837.0,340.0,-471.8,18.0
2026-07-07,israel,4147.0,686.0,689.0,-233.9,23.0,4.0,187.0,949.0,391.0,-648.0,48.0
2026-07-07,korea,804.0,71.0,54.0,1247.9,5.0,1.0,18.0,17.0,7.0,-3.8,0.0
2026-07-07,libya,76.0,10.0,4.0,121.1,0.0,0.0,1.0,0.0,0.0,0.0,0.0
2026-07-07,scs,1230.0,197.0,143.0,842.4,2.0,2.0,73.0,52.0,27.0,-59.6,6.0
2026-07-07,southasia,7275.0,1032.0,1062.0,2672.6,26.0,19.0,372.0,28.0,20.0,-71.9,2.0
2026-07-07,sudan,373.0,58.0,107.0,-698.3,2.0,2.0,24.0,14.0,10.0,-95.0,0.0
2026-07-07,taiwan,365.0,47.0,59.0,132.9,2.0,1.0,28.0,103.0,36.0,-21.5,13.0
2026-07-07,ukraine,2978.0,326.0,585.0,-160.2,30.0,8.0,90.0,821.0,435.0,-2218.7,36.0
2026-07-07,venezuela,318.0,33.0,34.0,552.1,0.0,2.0,18.0,86.0,11.0,187.9,5.0
2026-07-07,yemen,73.0,4.0,19.0,-65.7,0.0,0.0,1.0,17.0,5.0,-20.4,0.0
2026-07-08,drc,55.0,3.0,1.0,57.7,0.0,0.0,0.0,7.0,5.0,-25.0,0.0
2026-07-08,europe_east,886.0,81.0,69.0,2042.4,3.0,9.0,23.0,39.0,20.0,-51.4,2.0
2026-07-08,iran,5333.0,1189.0,1018.0,-3639.3,101.0,14.0,179.0,1577.0,776.0,-1491.7,45.0
2026-07-08,israel,4348.0,697.0,841.0,-1033.6,17.0,7.0,267.0,1102.0,474.0,-892.3,45.0
2026-07-08,korea,739.0,65.0,44.0,1392.5,4.0,2.0,21.0,34.0,9.0,24.1,3.0
2026-07-08,libya,79.0,13.0,8.0,80.5,0.0,0.0,1.0,0.0,0.0,0.0,0.0
2026-07-08,scs,1218.0,170.0,133.0,848.1,10.0,1.0,70.0,31.0,14.0,-63.5,1.0
2026-07-08,southasia,7919.0,1235.0,1257.0,183.8,35.0,44.0,417.0,11.0,4.0,-26.6,0.0
2026-07-08,sudan,391.0,42.0,101.0,-429.2,0.0,3.0,8.0,10.0,5.0,-40.5,0.0
2026-07-08,taiwan,358.0,48.0,30.0,180.6,2.0,1.0,13.0,140.0,31.0,7.3,6.0
2026-07-08,ukraine,2666.0,260.0,470.0,899.4,23.0,7.0,85.0,736.0,443.0,-2427.7,57.0
2026-07-08,venezuela,501.0,39.0,54.0,831.3,3.0,3.0,33.0,81.0,34.0,-6.2,15.0
2026-07-08,yemen,46.0,5.0,3.0,61.5,0.0,0.0,0.0,25.0,16.0,-77.3,0.0
2026-07-09,drc,76.0,17.0,10.0,-44.6,0.0,0.0,1.0,6.0,2.0,24.9,0.0
2026-07-09,europe_east,674.0,83.0,62.0,1075.4,0.0,2.0,37.0,53.0,24.0,-52.6,7.0
2026-07-09,iran,4909.0,1046.0,1182.0,-6901.2,127.0,7.0,105.0,1506.0,699.0,-1932.9,64.0
2026-07-09,israel,4237.0,797.0,722.0,-697.1,30.0,4.0,230.0,1063.0,494.0,-1152.7,71.0
2026-07-09,korea,653.0,91.0,46.0,964.4,0.0,1.0,32.0,40.0,17.0,45.0,0.0
2026-07-09,libya,31.0,1.0,4.0,35.5,0.0,0.0,0.0,3.0,0.0,4.7,0.0
2026-07-09,scs,1150.0,161.0,133.0,709.5,2.0,3.0,59.0,69.0,37.0,-110.5,3.0
2026-07-09,southasia,7467.0,1027.0,1013.0,3174.6,15.0,14.0,367.0,10.0,2.0,6.7,0.0
2026-07-09,sudan,410.0,33.0,90.0,-313.5,4.0,4.0,12.0,14.0,7.0,-62.8,5.0
2026-07-09,taiwan,346.0,36.0,42.0,283.8,1.0,0.0,33.0,95.0,36.0,-14.2,8.0
2026-07-09,ukraine,1813.0,218.0,323.0,220.3,20.0,8.0,65.0,516.0,284.0,-1391.7,33.0
2026-07-09,venezuela,395.0,42.0,41.0,617.0,0.0,1.0,26.0,74.0,6.0,185.5,1.0
2026-07-09,yemen,31.0,10.0,4.0,-27.2,0.0,0.0,1.0,8.0,7.0,-53.0,0.0
2026-07-10,drc,52.0,6.0,10.0,-32.5,0.0,0.0,3.0,10.0,1.0,46.4,0.0
2026-07-10,europe_east,680.0,60.0,74.0,1324.3,3.0,4.0,50.0,24.0,12.0,-29.4,0.0
2026-07-10,iran,4017.0,732.0,882.0,-4203.3,99.0,7.0,88.0,1499.0,661.0,-1873.3,60.0
2026-07-10,israel,3578.0,589.0,694.0,-1608.5,37.0,13.0,201.0,1070.0,528.0,-1908.8,68.0
2026-07-10,korea,461.0,56.0,33.0,586.2,2.0,2.0,14.0,53.0,16.0,0.9,2.0
2026-07-10,libya,57.0,4.0,7.0,112.9,0.0,0.0,7.0,0.0,0.0,0.0,0.0
2026-07-10,scs,1142.0,143.0,92.0,1112.4,2.0,1.0,31.0,112.0,29.0,-33.2,1.0
2026-07-10,southasia,6632.0,974.0,973.0,2085.3,17.0,19.0,416.0,13.0,5.0,3.6,3.0
2026-07-10,sudan,269.0,28.0,41.0,49.7,9.0,1.0,7.0,5.0,2.0,-7.0,0.0
2026-07-10,taiwan,253.0,31.0,31.0,139.3,1.0,1.0,21.0,63.0,18.0,7.5,8.0
2026-07-10,ukraine,1596.0,204.0,337.0,-742.0,14.0,8.0,52.0,436.0,216.0,-885.7,13.0
2026-07-10,venezuela,236.0,26.0,32.0,236.4,0.0,4.0,17.0,60.0,10.0,156.8,5.0
2026-07-10,yemen,70.0,11.0,13.0,3.6,0.0,0.0,4.0,9.0,0.0,32.4,0.0
2026-07-11,drc,18.0,4.0,3.0,-21.1,0.0,0.0,0.0,2.0,0.0,12.8,0.0
2026-07-11,europe_east,491.0,25.0,82.0,629.7,1.0,1.0,15.0,18.0,3.0,40.3,2.0
2026-07-11,iran,2858.0,481.0,539.0,-1121.0,44.0,6.0,90.0,1093.0,442.0,-568.2,36.0
2026-07-11,israel,2658.0,453.0,582.0,-1713.7,14.0,2.0,175.0,775.0,383.0,-1333.2,63.0
2026-07-11,korea,416.0,51.0,24.0,616.4,2.0,1.0,11.0,23.0,6.0,1.4,0.0
2026-07-11,libya,30.0,14.0,1.0,17.2,0.0,0.0,1.0,0.0,0.0,0.0,0.0
2026-07-11,scs,1193.0,95.0,158.0,1232.2,1.0,7.0,50.0,68.0,15.0,46.3,5.0
2026-07-11,southasia,5321.0,691.0,702.0,2798.6,22.0,20.0,232.0,26.0,15.0,-73.5,8.0
2026-07-11,sudan,174.0,20.0,33.0,-82.2,3.0,1.0,4.0,1.0,1.0,-10.0,0.0
2026-07-11,taiwan,181.0,25.0,13.0,188.4,1.0,0.0,9.0,64.0,8.0,61.8,4.0
2026-07-11,ukraine,1165.0,124.0,259.0,-289.4,9.0,4.0,30.0,373.0,247.0,-1723.0,18.0
2026-07-11,venezuela,250.0,19.0,55.0,163.7,1.0,1.0,34.0,22.0,14.0,-89.2,3.0
2026-07-11,yemen,37.0,7.0,9.0,-51.4,3.0,0.0,2.0,3.0,3.0,-29.5,0.0
2026-07-12,drc,37.0,1.0,11.0,-47.0,0.0,0.0,4.0,1.0,1.0,-10.0,0.0
2026-07-12,europe_east,213.0,11.0,28.0,203.8,0.0,0.0,14.0,9.0,0.0,21.0,0.0
2026-07-12,iran,3390.0,682.0,879.0,-5350.1,58.0,3.0,69.0,1036.0,536.0,-2159.3,24.0
2026-07-12,israel,3187.0,488.0,674.0,-2288.7,14.0,6.0,216.0,724.0,350.0,-1397.9,59.0
2026-07-12,korea,304.0,33.0,31.0,353.7,1.0,0.0,7.0,35.0,4.0,34.8,0.0
2026-07-12,libya,35.0,1.0,10.0,-46.6,0.0,0.0,1.0,0.0,0.0,0.0,0.0
2026-07-12,scs,1163.0,106.0,151.0,983.5,1.0,4.0,79.0,78.0,31.0,-15.0,2.0
2026-07-12,southasia,4820.0,687.0,776.0,351.8,15.0,5.0,307.0,15.0,11.0,-62.7,5.0
2026-07-12,sudan,79.0,7.0,29.0,-149.6,1.0,0.0,7.0,0.0,0.0,0.0,0.0
2026-07-12,taiwan,146.0,12.0,22.0,120.5,0.0,0.0,14.0,34.0,14.0,-58.2,11.0
2026-07-12,ukraine,1755.0,116.0,283.0,679.3,4.0,6.0,97.0,390.0,184.0,-809.8,1.0
2026-07-12,venezuela,166.0,18.0,15.0,284.8,0.0,0.0,7.0,16.0,1.0,57.5,0.0
2026-07-12,yemen,41.0,2.0,10.0,-33.9,0.0,0.0,2.0,8.0,0.0,26.4,0.0
2026-07-13,drc,13.0,1.0,3.0,6.1,0.0,0.0,2.0,16.0,5.0,-23.7,0.0
2026-07-13,europe_east,775.0,97.0,56.0,1250.1,0.0,2.0,29.0,91.0,36.0,-68.5,10.0
2026-07-13,iran,4609.0,869.0,1121.0,-6319.9,42.0,6.0,147.0,1345.0,668.0,-2293.9,45.0
2026-07-13,israel,4146.0,630.0,674.0,588.2,11.0,17.0,234.0,839.0,364.0,-896.6,48.0
2026-07-13,korea,476.0,35.0,46.0,793.5,0.0,0.0,15.0,44.0,17.0,-75.8,2.0
2026-07-13,libya,87.0,6.0,17.0,63.7,0.0,0.0,7.0,2.0,0.0,0.0,0.0
2026-07-13,scs,1573.0,154.0,180.0,1611.2,2.0,6.0,78.0,85.0,38.0,-94.4,0.0
2026-07-13,southasia,7147.0,1021.0,1000.0,2630.2,19.0,14.0,406.0,13.0,8.0,-40.6,1.0
2026-07-13,sudan,247.0,61.0,80.0,-577.9,1.0,0.0,31.0,11.0,7.0,-24.0,4.0
2026-07-13,taiwan,196.0,13.0,15.0,224.4,1.0,4.0,2.0,77.0,16.0,26.3,6.0
2026-07-13,ukraine,2547.0,218.0,383.0,1597.7,10.0,6.0,93.0,564.0,268.0,-1127.6,17.0
2026-07-13,venezuela,194.0,9.0,41.0,104.2,0.0,0.0,12.0,15.0,12.0,-63.2,0.0
2026-07-13,yemen,418.0,96.0,99.0,-686.0,8.0,1.0,27.0,120.0,67.0,-173.3,8.0
2026-07-14,drc,47.0,5.0,13.0,-65.7,0.0,0.0,5.0,7.0,0.0,30.8,0.0
2026-07-14,europe_east,829.0,86.0,110.0,776.4,0.0,7.0,56.0,52.0,18.0,30.1,2.0
2026-07-14,iran,4797.0,1027.0,1146.0,-6679.6,72.0,21.0,175.0,1497.0,779.0,-2852.9,52.0
2026-07-14,israel,4007.0,686.0,740.0,-689.2,23.0,10.0,243.0,1031.0,438.0,-901.8,60.0
2026-07-14,korea,554.0,51.0,46.0,874.7,2.0,17.0,18.0,20.0,2.0,36.8,0.0
2026-07-14,libya,56.0,5.0,8.0,55.9,0.0,0.0,4.0,0.0,0.0,0.0,0.0
2026-07-14,scs,1481.0,159.0,136.0,1565.7,1.0,4.0,62.0,42.0,6.0,75.7,1.0
2026-07-14,southasia,8240.0,1257.0,1191.0,1879.6,9.0,24.0,459.0,46.0,23.0,-79.5,3.0
2026-07-14,sudan,230.0,46.0,62.0,-294.2,0.0,0.0,26.0,8.0,5.0,-40.6,0.0
2026-07-14,taiwan,227.0,24.0,19.0,367.7,0.0,2.0,13.0,36.0,13.0,-11.9,2.0
2026-07-14,ukraine,2270.0,258.0,410.0,301.9,10.0,12.0,91.0,563.0,309.0,-1438.4,20.0
2026-07-14,venezuela,261.0,41.0,32.0,171.7,0.0,0.0,16.0,59.0,13.0,22.3,7.0
2026-07-14,yemen,519.0,109.0,110.0,-706.6,7.0,2.0,17.0,152.0,99.0,-490.1,12.0
2026-07-15,drc,75.0,3.0,4.0,115.2,0.0,0.0,2.0,24.0,7.0,10.5,2.0
2026-07-15,europe_east,957.0,91.0,90.0,1977.1,13.0,7.0,39.0,112.0,60.0,-242.0,26.0
2026-07-15,iran,4123.0,903.0,1000.0,-6087.4,68.0,12.0,172.0,1232.0,586.0,-1689.7,47.0
2026-07-15,israel,4405.0,708.0,835.0,-936.4,19.0,9.0,337.0,1035.0,428.0,-709.5,72.0
2026-07-15,korea,539.0,62.0,43.0,683.7,0.0,2.0,21.0,40.0,25.0,-101.8,3.0
2026-07-15,libya,87.0,11.0,7.0,103.3,1.0,0.0,4.0,0.0,0.0,0.0,0.0
2026-07-15,scs,1220.0,174.0,154.0,592.5,1.0,0.0,58.0,28.0,2.0,71.9,0.0
2026-07-15,southasia,7946.0,1087.0,1064.0,4482.2,8.0,30.0,435.0,16.0,5.0,12.2,0.0
2026-07-15,sudan,288.0,54.0,41.0,110.2,0.0,0.0,18.0,6.0,6.0,-22.0,2.0
2026-07-15,taiwan,334.0,57.0,35.0,181.0,0.0,1.0,18.0,76.0,32.0,-51.9,6.0
2026-07-15,ukraine,1955.0,228.0,338.0,318.4,17.0,10.0,52.0,525.0,309.0,-1455.1,28.0
2026-07-15,venezuela,226.0,30.0,25.0,256.7,0.0,0.0,12.0,59.0,13.0,107.3,3.0
2026-07-15,yemen,197.0,39.0,55.0,-349.8,1.0,0.0,7.0,63.0,40.0,-242.4,0.0
2026-07-16,drc,104.0,7.0,5.0,141.1,0.0,0.0,1.0,20.0,0.0,57.4,0.0
2026-07-16,europe_east,777.0,48.0,68.0,1669.0,2.0,5.0,27.0,51.0,31.0,-106.2,12.0
2026-07-16,iran,4213.0,824.0,1094.0,-5623.6,101.0,14.0,245.0,1598.0,697.0,-1077.1,172.0
2026-07-16,israel,4096.0,645.0,729.0,259.9,22.0,11.0,225.0,909.0,373.0,-400.3,45.0
2026-07-16,korea,655.0,56.0,61.0,1039.5,0.0,6.0,34.0,28.0,6.0,65.5,1.0
2026-07-16,libya,116.0,17.0,31.0,-42.1,0.0,0.0,20.0,0.0,0.0,0.0,0.0
2026-07-16,scs,1151.0,146.0,142.0,1076.6,2.0,0.0,92.0,47.0,16.0,21.9,0.0
2026-07-16,southasia,7867.0,1259.0,841.0,3905.9,13.0,39.0,299.0,34.0,21.0,-38.6,2.0
2026-07-16,sudan,380.0,68.0,74.0,-324.1,5.0,0.0,16.0,6.0,2.0,-9.8,1.0
2026-07-16,taiwan,350.0,54.0,55.0,89.9,0.0,0.0,44.0,112.0,59.0,-103.8,12.0
2026-07-16,ukraine,2660.0,469.0,407.0,113.2,30.0,2.0,72.0,665.0,355.0,-1670.5,22.0
2026-07-16,venezuela,237.0,33.0,30.0,179.8,3.0,0.0,17.0,47.0,21.0,-90.1,12.0
2026-07-16,yemen,164.0,36.0,33.0,-197.2,6.0,0.0,7.0,87.0,51.0,-271.8,7.0
2026-07-17,drc,38.0,9.0,6.0,-20.4,0.0,0.0,1.0,24.0,6.0,36.8,0.0
2026-07-17,europe_east,825.0,96.0,82.0,1083.5,5.0,12.0,34.0,26.0,13.0,-42.2,7.0
2026-07-17,iran,3635.0,733.0,1043.0,-7199.8,76.0,15.0,142.0,1122.0,563.0,-1895.3,57.0
2026-07-17,israel,3088.0,531.0,584.0,-794.9,15.0,8.0,204.0,678.0,331.0,-1144.2,36.0
2026-07-17,korea,470.0,43.0,49.0,513.4,1.0,4.0,22.0,29.0,16.0,-35.4,8.0
2026-07-17,libya,88.0,16.0,26.0,-103.7,0.0,0.0,14.0,0.0,0.0,0.0,0.0
2026-07-17,scs,992.0,108.0,100.0,1059.4,5.0,2.0,30.0,79.0,42.0,-49.0,3.0
2026-07-17,southasia,7288.0,1197.0,851.0,3248.2,22.0,29.0,316.0,20.0,15.0,-66.8,6.0
2026-07-17,sudan,256.0,29.0,56.0,-43.6,4.0,3.0,15.0,4.0,2.0,-8.0,0.0
2026-07-17,taiwan,361.0,36.0,39.0,442.7,0.0,5.0,24.0,100.0,34.0,-40.4,7.0
2026-07-17,ukraine,1734.0,260.0,344.0,-326.8,16.0,12.0,61.0,450.0,264.0,-1332.2,34.0
2026-07-17,venezuela,304.0,38.0,26.0,275.9,0.0,4.0,10.0,65.0,18.0,3.8,3.0
2026-07-17,yemen,166.0,29.0,50.0,-293.4,3.0,0.0,18.0,49.0,34.0,-132.8,3.0
2026-07-18,drc,6.0,0.0,1.0,4.7,0.0,0.0,0.0,1.0,0.0,3.5,0.0
2026-07-18,europe_east,220.0,32.0,37.0,-22.8,2.0,3.0,18.0,33.0,15.0,-30.7,7.0
2026-07-18,iran,2822.0,615.0,959.0,-7694.4,76.0,14.0,103.0,869.0,419.0,-1163.0,28.0
2026-07-18,israel,2356.0,401.0,506.0,-1542.5,6.0,13.0,139.0,539.0,263.0,-900.2,39.0
2026-07-18,korea,205.0,22.0,16.0,252.6,0.0,3.0,2.0,8.0,2.0,5.3,0.0
2026-07-18,libya,47.0,9.0,14.0,-46.5,0.0,1.0,6.0,0.0,0.0,0.0,0.0
2026-07-18,scs,825.0,107.0,83.0,847.3,0.0,2.0,30.0,57.0,25.0,-64.9,6.0
2026-07-18,southasia,6322.0,1229.0,684.0,425.6,13.0,40.0,265.0,24.0,3.0,56.7,1.0
2026-07-18,sudan,120.0,17.0,7.0,150.2,2.0,0.0,3.0,2.0,2.0,-8.0,0.0
2026-07-18,taiwan,142.0,21.0,19.0,88.8,0.0,1.0,14.0,28.0,8.0,-20.5,0.0
2026-07-18,ukraine,1030.0,172.0,315.0,-2148.2,9.0,9.0,43.0,378.0,279.0,-1909.4,14.0
2026-07-18,venezuela,155.0,12.0,28.0,70.1,0.0,2.0,8.0,18.0,6.0,-0.1,1.0
2026-07-18,yemen,98.0,22.0,19.0,-119.0,2.0,0.0,8.0,33.0,11.0,5.2,3.0
2026-07-19,drc,14.0,0.0,1.0,35.3,0.0,0.0,0.0,3.0,0.0,4.3,0.0
2026-07-19,europe_east,385.0,41.0,75.0,121.4,1.0,0.0,54.0,19.0,12.0,-38.4,8.0
2026-07-19,iran,3037.0,727.0,969.0,-8074.1,55.0,13.0,112.0,1016.0,585.0,-2734.9,59.0
2026-07-19,israel,3363.0,530.0,775.0,-2617.6,25.0,14.0,216.0,820.0,431.0,-2221.3,64.0
2026-07-19,korea,283.0,27.0,24.0,475.0,0.0,4.0,6.0,2.0,0.0,0.8,0.0
2026-07-19,libya,32.0,9.0,2.0,-10.9,0.0,0.0,2.0,0.0,0.0,0.0,0.0
2026-07-19,scs,587.0,88.0,55.0,670.8,0.0,2.0,30.0,8.0,5.0,12.5,1.0
2026-07-19,southasia,5523.0,993.0,661.0,128.5,3.0,28.0,261.0,22.0,4.0,49.6,1.0
2026-07-19,sudan,91.0,27.0,6.0,-7.3,1.0,0.0,0.0,0.0,0.0,0.0,0.0
2026-07-19,taiwan,174.0,27.0,12.0,234.4,0.0,5.0,1.0,37.0,5.0,78.2,0.0
2026-07-19,ukraine,854.0,119.0,278.0,-1727.0,7.0,3.0,29.0,377.0,300.0,-2231.3,6.0
2026-07-19,venezuela,174.0,19.0,22.0,176.5,0.0,0.0,9.0,34.0,9.0,20.3,0.0
2026-07-19,yemen,48.0,10.0,4.0,18.7,2.0,0.0,3.0,23.0,6.0,21.5,0.0
2026-07-20,drc,38.0,7.0,1.0,19.8,1.0,0.0,1.0,4.0,2.0,-3.2,0.0
2026-07-20,europe_east,610.0,86.0,72.0,521.7,2.0,0.0,36.0,24.0,15.0,-15.4,1.0
2026-07-20,iran,3655.0,763.0,1059.0,-7827.4,82.0,15.0,87.0,1105.0,607.0,-2776.6,66.0
2026-07-20,israel,3868.0,669.0,812.0,-2173.3,25.0,27.0,238.0,928.0,474.0,-2153.2,62.0
2026-07-20,korea,675.0,44.0,39.0,1168.2,0.0,3.0,8.0,31.0,6.0,9.3,4.0
2026-07-20,libya,32.0,6.0,12.0,-69.9,0.0,0.0,10.0,0.0,0.0,0.0,0.0
2026-07-20,scs,1510.0,172.0,157.0,1632.6,3.0,8.0,45.0,216.0,106.0,-175.4,3.0
2026-07-20,southasia,8197.0,1708.0,979.0,747.1,18.0,69.0,462.0,28.0,12.0,-17.3,3.0
2026-07-20,sudan,320.0,45.0,66.0,-9.8,1.0,3.0,29.0,3.0,0.0,-1.6,0.0
2026-07-20,taiwan,249.0,35.0,23.0,130.7,0.0,6.0,11.0,71.0,15.0,43.7,3.0
2026-07-20,ukraine,1680.0,273.0,364.0,-1259.9,6.0,5.0,47.0,540.0,385.0,-2482.6,24.0
2026-07-20,venezuela,239.0,26.0,16.0,308.2,0.0,0.0,2.0,33.0,7.0,41.5,2.0
2026-07-20,yemen,221.0,49.0,40.0,-140.9,8.0,0.0,19.0,121.0,68.0,-250.4,12.0
2026-07-21,drc,19.0,2.0,0.0,21.9,0.0,0.0,0.0,11.0,4.0,-8.0,0.0
2026-07-21,europe_east,602.0,53.0,65.0,834.3,3.0,1.0,32.0,11.0,7.0,-51.8,7.0
2026-07-21,iran,4206.0,774.0,1059.0,-6382.8,77.0,26.0,116.0,1311.0,601.0,-2236.1,35.0
2026-07-21,israel,5062.0,825.0,890.0,766.8,52.0,53.0,288.0,1225.0,513.0,-734.4,80.0
2026-07-21,korea,717.0,60.0,51.0,1243.2,0.0,2.0,12.0,54.0,18.0,-64.0,3.0
2026-07-21,libya,31.0,5.0,3.0,28.8,0.0,0.0,2.0,0.0,0.0,0.0,0.0
2026-07-21,scs,1890.0,294.0,196.0,1654.4,5.0,3.0,48.0,456.0,217.0,-417.4,0.0
2026-07-21,southasia,9615.0,2132.0,1216.0,-1586.1,12.0,53.0,576.0,21.0,8.0,-11.6,6.0
2026-07-21,sudan,321.0,54.0,53.0,84.8,1.0,0.0,25.0,7.0,6.0,-30.0,2.0
2026-07-21,taiwan,251.0,19.0,24.0,305.0,1.0,2.0,18.0,56.0,12.0,-11.7,4.0
2026-07-21,ukraine,1839.0,337.0,339.0,-1098.3,12.0,3.0,56.0,457.0,252.0,-1115.3,22.0
2026-07-21,venezuela,187.0,14.0,27.0,180.2,0.0,0.0,9.0,42.0,8.0,80.1,2.0
2026-07-21,yemen,245.0,70.0,49.0,-383.7,13.0,0.0,11.0,121.0,69.0,-213.4,12.0
2026-07-22,drc,36.0,9.0,5.0,32.8,0.0,0.0,1.0,18.0,3.0,76.7,0.0
2026-07-22,europe_east,615.0,92.0,87.0,250.5,2.0,6.0,34.0,67.0,37.0,-97.3,1.0
2026-07-22,iran,5048.0,1076.0,1249.0,-8356.0,150.0,9.0,108.0,1570.0,756.0,-2921.9,56.0
2026-07-22,israel,5147.0,819.0,1016.0,-635.5,37.0,50.0,369.0,1197.0,531.0,-1102.2,88.0
2026-07-22,korea,827.0,49.0,69.0,1552.9,0.0,2.0,43.0,44.0,6.0,71.4,4.0
2026-07-22,libya,46.0,2.0,7.0,51.5,0.0,0.0,2.0,0.0,0.0,0.0,0.0
2026-07-22,scs,2182.0,299.0,144.0,3051.5,2.0,2.0,66.0,394.0,133.0,43.2,1.0
2026-07-22,southasia,9938.0,2521.0,1316.0,-5228.8,29.0,55.0,568.0,14.0,10.0,-70.8,4.0
2026-07-22,sudan,297.0,42.0,61.0,-78.7,0.0,0.0,19.0,11.0,8.0,-44.1,0.0
2026-07-22,taiwan,262.0,27.0,37.0,132.2,0.0,0.0,17.0,54.0,24.0,-45.5,0.0
2026-07-22,ukraine,2138.0,346.0,409.0,-651.1,19.0,10.0,51.0,671.0,384.0,-1850.4,25.0
2026-07-22,venezuela,565.0,107.0,127.0,-428.7,1.0,0.0,44.0,172.0,93.0,-309.1,33.0
2026-07-22,yemen,205.0,63.0,32.0,-183.2,10.0,0.0,4.0,75.0,49.0,-241.8,0.0
2026-07-23,drc,48.0,6.0,4.0,95.6,0.0,0.0,2.0,15.0,0.0,83.1,0.0
2026-07-23,europe_east,631.0,72.0,64.0,1030.1,0.0,3.0,26.0,27.0,15.0,-53.7,1.0
2026-07-23,iran,4177.0,811.0,1078.0,-6555.1,97.0,16.0,94.0,1231.0,657.0,-3038.5,45.0
2026-07-23,israel,4140.0,744.0,860.0,-2232.1,32.0,26.0,266.0,797.0,434.0,-1979.6,49.0
2026-07-23,korea,648.0,53.0,59.0,869.0,2.0,0.0,33.0,37.0,11.0,67.7,2.0
2026-07-23,libya,26.0,0.0,5.0,36.2,0.0,0.0,3.0,0.0,0.0,0.0,0.0
2026-07-23,scs,2311.0,339.0,216.0,2061.7,7.0,16.0,73.0,442.0,163.0,-430.0,7.0
2026-07-23,southasia,9243.0,2208.0,1138.0,-2918.2,22.0,31.0,477.0,19.0,7.0,21.4,1.0
2026-07-23,sudan,335.0,42.0,48.0,217.6,0.0,0.0,18.0,11.0,6.0,-47.2,0.0
2026-07-23,taiwan,332.0,39.0,62.0,129.5,0.0,0.0,40.0,100.0,30.0,173.4,5.0
2026-07-23,ukraine,1833.0,215.0,323.0,117.2,4.0,5.0,32.0,546.0,258.0,-1057.7,10.0
2026-07-23,venezuela,362.0,69.0,72.0,-29.5,1.0,0.0,36.0,104.0,65.0,-264.2,27.0
2026-07-23,yemen,359.0,120.0,81.0,-869.1,12.0,0.0,4.0,173.0,114.0,-768.0,12.0
2026-07-24,drc,39.0,3.0,4.0,51.6,0.0,0.0,1.0,6.0,1.0,-5.5,0.0
2026-07-24,europe_east,936.0,116.0,204.0,-322.8,5.0,6.0,61.0,73.0,35.0,-53.5,8.0
2026-07-24,iran,4184.0,930.0,931.0,-5453.3,128.0,8.0,116.0,1161.0,482.0,-1290.5,38.0
2026-07-24,israel,4529.0,779.0,1157.0,-5472.3,57.0,37.0,294.0,1011.0,579.0,-3015.0,73.0
2026-07-24,korea,679.0,70.0,55.0,1108.2,2.0,0.0,24.0,42.0,8.0,116.6,0.0
2026-07-24,libya,38.0,4.0,8.0,10.8,0.0,0.0,4.0,0.0,0.0,0.0,0.0
2026-07-24,scs,1764.0,226.0,173.0,1621.6,0.0,0.0,67.0,345.0,175.0,-487.1,0.0
2026-07-24,southasia,8434.0,1889.0,1035.0,-1591.8,8.0,57.0,427.0,11.0,8.0,-28.2,2.0
2026-07-24,sudan,243.0,35.0,38.0,-25.5,2.0,0.0,5.0,5.0,1.0,-3.5,0.0
2026-07-24,taiwan,334.0,39.0,19.0,504.2,0.0,0.0,8.0,56.0,29.0,-60.2,0.0
2026-07-24,ukraine,2163.0,270.0,465.0,-1399.5,16.0,6.0,56.0,692.0,434.0,-2598.6,23.0
2026-07-24,venezuela,252.0,32.0,37.0,157.6,3.0,0.0,32.0,30.0,8.0,-26.1,5.0
2026-07-24,yemen,255.0,76.0,44.0,-515.2,27.0,0.0,8.0,135.0,93.0,-507.8,12.0
2026-07-25,drc,54.0,7.0,2.0,54.6,0.0,0.0,1.0,7.0,0.0,38.0,0.0
2026-07-25,europe_east,469.0,59.0,91.0,-161.4,0.0,0.0,11.0,41.0,12.0,3.8,0.0
2026-07-25,iran,2638.0,475.0,522.0,-1779.3,38.0,7.0,86.0,659.0,255.0,-473.0,23.0
2026-07-25,israel,2849.0,502.0,835.0,-4976.0,17.0,21.0,215.0,736.0,456.0,-2586.7,98.0
2026-07-25,korea,453.0,30.0,32.0,945.2,0.0,2.0,14.0,8.0,4.0,-21.6,0.0
2026-07-25,libya,38.0,1.0,7.0,31.1,0.0,1.0,0.0,0.0,0.0,0.0,0.0
2026-07-25,scs,1027.0,109.0,83.0,1103.0,1.0,1.0,47.0,76.0,38.0,-57.9,0.0
2026-07-25,southasia,7588.0,1710.0,1051.0,-2322.9,12.0,69.0,445.0,6.0,2.0,8.1,2.0
2026-07-25,sudan,136.0,30.0,26.0,-191.6,0.0,2.0,2.0,3.0,3.0,-28.5,0.0
2026-07-25,taiwan,197.0,23.0,6.0,239.7,0.0,0.0,3.0,42.0,10.0,5.4,2.0
2026-07-25,ukraine,1478.0,215.0,357.0,-1392.5,13.0,8.0,34.0,580.0,382.0,-2226.6,25.0
2026-07-25,venezuela,168.0,30.0,21.0,55.5,0.0,0.0,11.0,32.0,9.0,-8.3,2.0
2026-07-25,yemen,298.0,50.0,106.0,-915.6,10.0,0.0,8.0,173.0,123.0,-787.4,11.0
2026-07-26,drc,21.0,5.0,5.0,-22.3,0.0,0.0,1.0,1.0,1.0,-10.0,0.0
2026-07-26,europe_east,469.0,58.0,156.0,-976.3,0.0,0.0,15.0,5.0,0.0,30.4,0.0
2026-07-26,iran,2658.0,469.0,436.0,-655.5,72.0,4.0,65.0,913.0,328.0,-225.6,43.0
2026-07-26,israel,3433.0,514.0,912.0,-4244.3,34.0,16.0,212.0,1101.0,587.0,-2876.7,76.0
2026-07-26,korea,506.0,51.0,47.0,769.0,0.0,10.0,12.0,13.0,8.0,-17.6,0.0
2026-07-26,libya,38.0,6.0,10.0,-45.4,0.0,0.0,5.0,0.0,0.0,0.0,0.0
2026-07-26,scs,963.0,83.0,92.0,1181.6,3.0,12.0,33.0,166.0,44.0,193.4,0.0
2026-07-26,southasia,5970.0,1045.0,766.0,699.9,15.0,41.0,331.0,21.0,3.0,45.8,0.0
2026-07-26,sudan,203.0,47.0,30.0,-74.9,0.0,0.0,8.0,3.0,2.0,-19.4,0.0
2026-07-26,taiwan,114.0,7.0,14.0,99.0,0.0,0.0,8.0,31.0,12.0,-41.2,0.0
2026-07-26,ukraine,1411.0,288.0,343.0,-2144.3,21.0,5.0,38.0,577.0,348.0,-1658.0,18.0
2026-07-26,venezuela,176.0,29.0,39.0,-97.0,0.0,3.0,17.0,40.0,18.0,-19.7,8.0
2026-07-26,yemen,215.0,36.0,75.0,-553.0,5.0,0.0,3.0,78.0,63.0,-501.4,1.0
2026-07-27,drc,52.0,2.0,9.0,-21.9,0.0,8.0,0.0,0.0,0.0,0.0,0.0
2026-07-27,europe_east,726.0,89.0,160.0,-76.9,0.0,1.0,61.0,21.0,17.0,-101.0,2.0
2026-07-27,iran,3344.0,634.0,562.0,-1299.1,73.0,14.0,92.0,1371.0,456.0,511.4,51.0
2026-07-27,israel,4511.0,719.0,929.0,-2033.1,27.0,24.0,285.0,1179.0,580.0,-2303.6,84.0
2026-07-27,korea,887.0,68.0,127.0,1396.7,0.0,10.0,51.0,55.0,24.0,-75.9,3.0
2026-07-27,libya,28.0,2.0,2.0,56.4,0.0,0.0,0.0,0.0,0.0,0.0,0.0
2026-07-27,scs,1322.0,176.0,125.0,1085.2,2.0,8.0,54.0,120.0,30.0,207.5,0.0
2026-07-27,southasia,7786.0,1577.0,926.0,108.7,7.0,25.0,410.0,17.0,5.0,5.0,1.0
2026-07-27,sudan,308.0,28.0,66.0,-85.1,1.0,4.0,13.0,13.0,10.0,-80.8,0.0
2026-07-27,taiwan,170.0,19.0,13.0,342.4,0.0,0.0,8.0,30.0,8.0,0.4,1.0
2026-07-27,ukraine,2279.0,338.0,394.0,-239.1,28.0,3.0,52.0,569.0,303.0,-1693.4,27.0
2026-07-27,venezuela,295.0,38.0,78.0,-105.3,0.0,0.0,23.0,40.0,10.0,45.8,0.0
2026-07-27,yemen,250.0,46.0,72.0,-499.6,2.0,2.0,3.0,80.0,49.0,-319.7,2.0
2026-07-28,drc,37.0,7.0,4.0,13.3,0.0,0.0,2.0,12.0,0.0,48.5,0.0
2026-07-28,europe_east,820.0,79.0,124.0,531.3,5.0,1.0,52.0,32.0,21.0,-98.5,5.0
2026-07-28,iran,4067.0,668.0,654.0,429.6,45.0,10.0,220.0,1754.0,487.0,793.9,32.0
2026-07-28,israel,5576.0,790.0,863.0,1690.0,26.0,14.0,284.0,1378.0,508.0,-772.4,90.0
2026-07-28,korea,733.0,61.0,66.0,1233.8,3.0,5.0,42.0,58.0,13.0,166.8,2.0
2026-07-28,libya,52.0,7.0,5.0,51.5,0.0,1.0,3.0,0.0,0.0,0.0,0.0
2026-07-28,scs,1413.0,177.0,118.0,1691.4,1.0,6.0,58.0,88.0,28.0,2.3,0.0
2026-07-28,southasia,8151.0,1581.0,966.0,1356.6,7.0,31.0,429.0,24.0,9.0,21.3,1.0
2026-07-28,sudan,265.0,33.0,75.0,-304.3,2.0,0.0,19.0,6.0,5.0,-36.1,1.0
2026-07-28,taiwan,288.0,45.0,35.0,69.2,1.0,2.0,18.0,66.0,21.0,-72.4,4.0
2026-07-28,ukraine,3223.0,359.0,403.0,2235.6,28.0,2.0,96.0,723.0,355.0,-1318.4,27.0
2026-07-28,venezuela,270.0,51.0,31.0,193.3,1.0,1.0,15.0,67.0,14.0,88.2,0.0
2026-07-28,yemen,183.0,63.0,41.0,-484.7,5.0,0.0,2.0,129.0,91.0,-630.7,6.0
2026-07-29,drc,53.0,11.0,1.0,97.9,0.0,0.0,1.0,14.0,10.0,-16.5,0.0
2026-07-29,europe_east,646.0,71.0,86.0,565.2,1.0,3.0,26.0,72.0,25.0,-62.7,8.0
2026-07-29,iran,4072.0,734.0,870.0,-3190.3,62.0,9.0,151.0,1213.0,524.0,-1349.4,36.0
2026-07-29,israel,4726.0,706.0,807.0,-720.4,24.0,18.0,247.0,1232.0,540.0,-1873.7,50.0
2026-07-29,korea,645.0,59.0,58.0,1003.3,1.0,9.0,29.0,43.0,14.0,-16.7,0.0
2026-07-29,libya,61.0,3.0,6.0,88.1,0.0,0.0,0.0,0.0,0.0,0.0,0.0
2026-07-29,scs,1111.0,142.0,83.0,1477.1,5.0,5.0,27.0,75.0,21.0,116.4,1.0
2026-07-29,southasia,7821.0,1523.0,1030.0,836.3,18.0,29.0,454.0,36.0,20.0,-33.4,12.0
2026-07-29,sudan,217.0,16.0,50.0,-126.2,1.0,0.0,11.0,2.0,2.0,-20.0,0.0
2026-07-29,taiwan,314.0,51.0,37.0,203.4,1.0,0.0,28.0,71.0,19.0,104.2,3.0
2026-07-29,ukraine,2581.0,265.0,394.0,720.6,16.0,8.0,82.0,746.0,377.0,-1599.9,25.0
2026-07-29,venezuela,320.0,39.0,48.0,290.0,0.0,0.0,22.0,72.0,5.0,203.5,2.0
2026-07-29,yemen,218.0,69.0,49.0,-483.3,3.0,1.0,4.0,152.0,77.0,-339.2,8.0
2026-07-30,drc,64.0,10.0,5.0,128.5,0.0,0.0,2.0,31.0,17.0,-13.0,0.0
2026-07-30,europe_east,1134.0,128.0,246.0,-611.1,0.0,7.0,54.0,152.0,110.0,-754.4,6.0
2026-07-30,iran,3932.0,709.0,1071.0,-6213.9,73.0,4.0,162.0,1176.0,526.0,-1888.2,48.0
2026-07-30,israel,4138.0,647.0,919.0,-2478.0,29.0,12.0,311.0,1006.0,483.0,-1726.7,47.0
2026-07-30,korea,632.0,62.0,49.0,1004.3,0.0,4.0,17.0,13.0,4.0,7.9,0.0
2026-07-30,libya,66.0,9.0,20.0,-62.0,0.0,0.0,6.0,0.0,0.0,0.0,0.0
2026-07-30,scs,1338.0,140.0,130.0,1790.1,1.0,0.0,70.0,60.0,25.0,-54.7,0.0
2026-07-30,southasia,8184.0,1539.0,1033.0,1172.4,6.0,55.0,367.0,10.0,4.0,-0.7,0.0
2026-07-30,sudan,256.0,46.0,49.0,-150.1,0.0,0.0,12.0,2.0,2.0,-8.0,0.0
2026-07-30,taiwan,251.0,36.0,40.0,23.4,0.0,1.0,15.0,29.0,12.0,-44.8,5.0
2026-07-30,ukraine,2226.0,355.0,516.0,-2302.6,18.0,3.0,60.0,789.0,522.0,-3106.2,55.0
2026-07-30,venezuela,236.0,28.0,42.0,161.6,0.0,6.0,22.0,63.0,15.0,147.7,4.0
2026-07-30,yemen,188.0,37.0,57.0,-412.6,1.0,0.0,3.0,62.0,36.0,-159.8,0.0
2026-07-31,drc,49.0,2.0,5.0,93.7,0.0,3.0,0.0,10.0,1.0,13.5,0.0
2026-07-31,europe_east,829.0,94.0,141.0,434.4,8.0,6.0,34.0,137.0,55.0,-161.2,9.0
2026-07-31,iran,2446.0,528.0,484.0,-2607.8,47.0,2.0,94.0,798.0,385.0,-1109.1,25.0
2026-07-31,israel,4845.0,761.0,706.0,2159.0,26.0,39.0,245.0,1216.0,465.0,-391.1,72.0
2026-07-31,korea,637.0,91.0,60.0,713.9,5.0,10.0,18.0,82.0,32.0,-9.1,6.0
2026-07-31,libya,81.0,14.0,9.0,30.9,1.0,0.0,3.0,0.0,0.0,0.0,0.0
2026-07-31,scs,1107.0,157.0,90.0,1175.1,2.0,0.0,48.0,49.0,23.0,-4.1,0.0
2026-07-31,southasia,8027.0,1319.0,1005.0,3178.6,18.0,40.0,408.0,34.0,24.0,-132.3,12.0
2026-07-31,sudan,189.0,30.0,18.0,170.3,0.0,0.0,2.0,4.0,0.0,18.7,0.0
2026-07-31,taiwan,269.0,32.0,51.0,16.1,1.0,2.0,27.0,74.0,10.0,69.9,2.0
2026-07-31,ukraine,1529.0,217.0,340.0,-1253.7,8.0,9.0,46.0,475.0,263.0,-1217.3,26.0
2026-07-31,venezuela,222.0,19.0,20.0,341.8,1.0,0.0,15.0,46.0,13.0,36.2,3.0
2026-07-31,yemen,124.0,28.0,27.0,-141.6,0.0,0.0,6.0,81.0,32.0,2.7,0.0
2026-08-01,drc,3.0,0.0,1.0,-2.2,0.0,1.0,0.0,3.0,0.0,21.0,0.0
2026-08-01,europe_east,535.0,48.0,130.0,-110.6,1.0,0.0,39.0,97.0,50.0,-317.1,5.0
2026-08-01,iran,1969.0,491.0,365.0,-2395.1,65.0,20.0,49.0,820.0,464.0,-2106.3,52.0
2026-08-01,israel,3135.0,560.0,669.0,-2358.3,15.0,22.0,161.0,858.0,449.0,-1938.3,55.0
2026-08-01,korea,267.0,30.0,18.0,425.2,0.0,2.0,5.0,24.0,3.0,16.1,0.0
2026-08-01,libya,34.0,1.0,3.0,174.1,0.0,0.0,3.0,0.0,0.0,0.0,0.0
2026-08-01,scs,730.0,108.0,86.0,364.3,4.0,0.0,45.0,111.0,61.0,-181.1,4.0
2026-08-01,southasia,5816.0,983.0,751.0,1557.9,4.0,29.0,280.0,28.0,12.0,-14.7,4.0
2026-08-01,sudan,83.0,12.0,3.0,125.2,0.0,0.0,0.0,0.0,0.0,0.0,0.0
2026-08-01,taiwan,184.0,22.0,10.0,303.9,3.0,2.0,4.0,25.0,4.0,36.1,4.0
2026-08-01,ukraine,1378.0,197.0,367.0,-1425.8,8.0,6.0,47.0,496.0,321.0,-1955.3,21.0
2026-08-01,venezuela,181.0,25.0,14.0,225.5,0.0,0.0,8.0,33.0,8.0,39.7,4.0
2026-08-01,yemen,104.0,38.0,11.0,-89.7,0.0,0.0,0.0,54.0,25.0,-21.7,0.0
2026-08-02,drc,17.0,0.0,1.0,43.7,0.0,0.0,0.0,7.0,0.0,35.0,0.0
2026-08-02,europe_east,262.0,21.0,41.0,201.0,0.0,0.0,13.0,18.0,12.0,-100.7,0.0
2026-08-02,iran,2481.0,551.0,363.0,-1041.7,101.0,10.0,91.0,971.0,433.0,-861.6,50.0
2026-08-02,israel,3091.0,513.0,625.0,-1378.3,40.0,20.0,161.0,805.0,393.0,-1465.1,46.0
2026-08-02,korea,303.0,27.0,23.0,499.4,1.0,1.0,9.0,21.0,0.0,55.4,0.0
2026-08-02,libya,41.0,3.0,12.0,9.3,0.0,0.0,11.0,0.0,0.0,0.0,0.0
2026-08-02,scs,667.0,69.0,80.0,650.7,0.0,2.0,34.0,66.0,21.0,63.7,1.0
2026-08-02,southasia,5247.0,951.0,615.0,1227.6,20.0,16.0,231.0,19.0,9.0,-2.8,3.0
2026-08-02,sudan,111.0,20.0,20.0,-44.0,0.0,0.0,7.0,4.0,3.0,-25.0,0.0
2026-08-02,taiwan,156.0,23.0,4.0,171.4,0.0,0.0,0.0,86.0,27.0,0.2,4.0
2026-08-02,ukraine,919.0,133.0,311.0,-1933.9,3.0,3.0,31.0,403.0,306.0,-2117.4,20.0
2026-08-02,venezuela,163.0,14.0,17.0,174.8,0.0,0.0,10.0,32.0,9.0,-11.9,2.0
2026-08-02,yemen,80.0,12.0,18.0,-10.2,3.0,0.0,5.0,35.0,7.0,77.9,0.0
2026-08-03,drc,47.0,0.0,6.0,66.3,0.0,0.0,3.0,18.0,2.0,47.9,0.0
2026-08-03,europe_east,515.0,43.0,65.0,556.2,1.0,8.0,21.0,24.0,13.0,-95.0,3.0
2026-08-03,iran,2858.0,512.0,371.0,601.1,55.0,8.0,106.0,955.0,349.0,48.7,50.0
2026-08-03,israel,3485.0,629.0,751.0,-2660.9,33.0,12.0,217.0,947.0,459.0,-1792.8,62.0
2026-08-03,korea,474.0,68.0,44.0,439.0,0.0,2.0,18.0,30.0,12.0,-87.7,0.0
2026-08-03,libya,68.0,1.0,9.0,81.1,0.0,0.0,6.0,0.0,0.0,0.0,0.0
2026-08-03,scs,1023.0,144.0,84.0,1258.0,6.0,3.0,40.0,55.0,15.0,56.8,0.0
2026-08-03,southasia,7481.0,1557.0,934.0,103.3,31.0,35.0,388.0,26.0,12.0,-29.9,11.0
2026-08-03,sudan,339.0,50.0,75.0,-292.1,2.0,0.0,19.0,17.0,16.0,-112.0,5.0
2026-08-03,taiwan,216.0,31.0,19.0,187.9,1.0,1.0,11.0,55.0,14.0,28.5,5.0
2026-08-03,ukraine,1436.0,193.0,393.0,-1692.0,10.0,6.0,33.0,662.0,455.0,-2828.9,25.0
2026-08-03,venezuela,206.0,24.0,26.0,258.2,0.0,0.0,17.0,15.0,3.0,19.5,2.0
2026-08-03,yemen,128.0,15.0,34.0,-207.6,0.0,0.0,1.0,53.0,26.0,-153.2,0.0
2026-08-04,drc,141.0,16.0,11.0,75.8,0.0,0.0,2.0,4.0,2.0,0.4,2.0
2026-08-04,europe_east,577.0,57.0,52.0,939.1,2.0,1.0,23.0,37.0,30.0,-197.4,3.0
2026-08-04,iran,2668.0,516.0,329.0,1195.9,47.0,9.0,99.0,942.0,298.0,459.1,33.0
2026-08-04,israel,4198.0,718.0,858.0,-1824.2,23.0,12.0,272.0,908.0,373.0,-645.5,71.0
2026-08-04,korea,912.0,157.0,68.0,1127.0,2.0,3.0,44.0,94.0,34.0,79.9,1.0
2026-08-04,libya,97.0,1.0,10.0,199.1,0.0,0.0,2.0,0.0,0.0,0.0,0.0
2026-08-04,scs,1161.0,129.0,128.0,1238.8,0.0,10.0,43.0,72.0,35.0,-87.0,4.0
2026-08-04,southasia,7430.0,1438.0,935.0,1979.3,13.0,19.0,486.0,26.0,8.0,17.7,1.0
2026-08-04,sudan,342.0,48.0,63.0,-73.5,0.0,2.0,19.0,4.0,3.0,-27.0,1.0
2026-08-04,taiwan,304.0,36.0,38.0,189.3,0.0,9.0,17.0,81.0,22.0,6.0,3.0
2026-08-04,ukraine,1417.0,268.0,395.0,-2576.9,21.0,7.0,54.0,687.0,514.0,-3289.7,41.0
2026-08-04,venezuela,227.0,35.0,27.0,249.7,0.0,0.0,24.0,50.0,14.0,91.2,11.0
2026-08-04,yemen,207.0,31.0,52.0,-64.0,0.0,1.0,6.0,82.0,53.0,-311.3,3.0
2026-08-05,drc,152.0,16.0,3.0,234.6,0.0,0.0,2.0,14.0,2.0,43.9,0.0
2026-08-05,europe_east,595.0,54.0,74.0,602.4,3.0,3.0,21.0,18.0,6.0,-45.2,0.0
2026-08-05,iran,2354.0,428.0,336.0,362.7,30.0,2.0,82.0,756.0,248.0,229.7,15.0
2026-08-05,israel,4541.0,762.0,804.0,-191.4,31.0,29.0,231.0,942.0,416.0,-732.9,47.0
2026-08-05,korea,833.0,150.0,101.0,244.7,7.0,16.0,21.0,108.0,45.0,-7.7,6.0
2026-08-05,libya,61.0,6.0,7.0,84.4,0.0,0.0,0.0,0.0,0.0,0.0,0.0
2026-08-05,scs,1214.0,114.0,78.0,1883.5,0.0,2.0,36.0,46.0,6.0,109.0,0.0
2026-08-05,southasia,7761.0,1321.0,820.0,3627.0,9.0,22.0,363.0,31.0,10.0,-4.3,1.0
2026-08-05,sudan,207.0,29.0,42.0,-144.3,3.0,3.0,10.0,3.0,3.0,-30.0,0.0
2026-08-05,taiwan,293.0,34.0,67.0,-123.9,1.0,7.0,21.0,95.0,38.0,-95.1,21.0
2026-08-05,ukraine,1667.0,248.0,506.0,-3158.9,27.0,9.0,36.0,678.0,479.0,-2991.8,40.0
2026-08-05,venezuela,212.0,14.0,36.0,129.8,2.0,0.0,18.0,46.0,15.0,7.5,4.0
2026-08-05,yemen,374.0,96.0,104.0,-696.6,12.0,1.0,14.0,170.0,122.0,-688.9,12.0
2026-08-06,drc,159.0,9.0,13.0,74.9,0.0,0.0,0.0,27.0,11.0,-1.0,0.0
2026-08-06,europe_east,608.0,74.0,64.0,638.2,2.0,7.0,26.0,33.0,19.0,-81.8,9.0
2026-08-06,iran,2560.0,420.0,418.0,-258.4,24.0,12.0,126.0,856.0,307.0,-46.3,38.0
2026-08-06,israel,4800.0,797.0,1163.0,-4615.0,34.0,25.0,345.0,1212.0,681.0,-3300.9,115.0
2026-08-06,korea,801.0,109.0,165.0,-103.0,0.0,4.0,39.0,117.0,61.0,-366.5,7.0
2026-08-06,libya,80.0,6.0,8.0,79.2,0.0,0.0,3.0,0.0,0.0,0.0,0.0
2026-08-06,scs,1233.0,134.0,90.0,1828.7,6.0,2.0,54.0,53.0,11.0,87.8,0.0
2026-08-06,southasia,7889.0,1372.0,972.0,2291.3,18.0,23.0,395.0,35.0,15.0,-14.6,4.0
2026-08-06,sudan,270.0,39.0,47.0,-45.3,3.0,0.0,7.0,1.0,1.0,-2.0,0.0
2026-08-06,taiwan,281.0,20.0,39.0,300.2,0.0,4.0,7.0,60.0,19.0,2.4,13.0
2026-08-06,ukraine,1680.0,243.0,367.0,-1237.4,15.0,7.0,32.0,625.0,407.0,-2266.2,20.0
2026-08-06,venezuela,231.0,16.0,28.0,192.1,0.0,0.0,14.0,78.0,12.0,84.9,4.0
2026-08-06,yemen,342.0,46.0,170.0,-1491.8,0.0,0.0,10.0,129.0,98.0,-606.7,37.0
2026-08-07,drc,100.0,6.0,4.0,186.7,2.0,0.0,1.0,23.0,1.0,57.7,0.0
2026-08-07,europe_east,730.0,66.0,94.0,662.2,3.0,2.0,54.0,57.0,44.0,-287.1,9.0
2026-08-07,iran,2258.0,380.0,353.0,44.5,32.0,8.0,108.0,741.0,256.0,97.8,34.0
2026-08-07,israel,3115.0,468.0,720.0,-2152.5,24.0,25.0,185.0,759.0,400.0,-1635.8,53.0
2026-08-07,korea,485.0,68.0,61.0,337.0,2.0,0.0,18.0,45.0,17.0,-71.6,0.0
2026-08-07,libya,13.0,3.0,6.0,-35.9,0.0,0.0,2.0,0.0,0.0,0.0,0.0
2026-08-07,scs,1158.0,148.0,140.0,866.8,0.0,2.0,60.0,100.0,47.0,-198.7,2.0
2026-08-07,southasia,8869.0,1244.0,831.0,10216.5,16.0,37.0,320.0,15.0,8.0,-31.5,4.0
2026-08-07,sudan,295.0,46.0,39.0,167.9,4.0,0.0,8.0,4.0,3.0,-15.6,1.0
2026-08-07,taiwan,411.0,56.0,56.0,13.0,3.0,0.0,14.0,106.0,27.0,-59.1,9.0
2026-08-07,ukraine,1453.0,163.0,328.0,-925.7,10.0,1.0,60.0,504.0,286.0,-1436.4,16.0
2026-08-07,venezuela,306.0,27.0,82.0,-209.9,0.0,0.0,34.0,67.0,13.0,84.6,4.0
2026-08-07,yemen,587.0,117.0,207.0,-1689.6,5.0,4.0,10.0,228.0,136.0,-726.8,10.0
2026-08-08,drc,18.0,0.0,1.0,49.3,0.0,0.0,1.0,0.0,0.0,0.0,0.0
2026-08-08,europe_east,409.0,67.0,69.0,-15.8,0.0,0.0,18.0,22.0,22.0,-94.6,1.0
2026-08-08,iran,1847.0,337.0,269.0,464.3,31.0,6.0,56.0,491.0,198.0,-253.1,26.0
2026-08-08,israel,1982.0,289.0,445.0,-1486.9,15.0,13.0,72.0,480.0,237.0,-1081.8,22.0
2026-08-08,korea,258.0,28.0,21.0,297.1,0.0,0.0,9.0,21.0,3.0,11.3,0.0
2026-08-08,libya,14.0,1.0,7.0,-63.1,0.0,0.0,0.0,0.0,0.0,0.0,0.0
2026-08-08,scs,735.0,68.0,68.0,940.0,0.0,6.0,22.0,82.0,40.0,-214.6,12.0
2026-08-08,southasia,6358.0,813.0,669.0,6518.0,16.0,19.0,324.0,24.0,9.0,-45.8,3.0
2026-08-08,sudan,197.0,22.0,37.0,59.4,3.0,2.0,13.0,3.0,1.0,12.8,0.0
2026-08-08,taiwan,177.0,28.0,29.0,-31.1,1.0,0.0,13.0,37.0,18.0,-109.6,3.0
2026-08-08,ukraine,1234.0,179.0,311.0,-1128.5,9.0,4.0,43.0,544.0,316.0,-1501.7,32.0
2026-08-08,venezuela,178.0,23.0,59.0,-312.6,0.0,0.0,28.0,26.0,4.0,26.4,0.0
2026-08-08,yemen,309.0,59.0,99.0,-736.2,1.0,0.0,4.0,83.0,15.0,114.9,0.0
2026-08-09,drc,25.0,4.0,4.0,18.7,0.0,3.0,0.0,5.0,0.0,11.7,0.0
2026-08-09,europe_east,194.0,17.0,36.0,-0.3,0.0,1.0,6.0,10.0,8.0,-43.5,0.0
2026-08-09,iran,1807.0,313.0,299.0,-150.8,13.0,3.0,58.0,621.0,245.0,-190.0,20.0
2026-08-09,israel,2701.0,472.0,522.0,-1017.2,18.0,20.0,91.0,723.0,375.0,-1165.1,34.0
2026-08-09,korea,349.0,43.0,49.0,402.7,0.0,6.0,21.0,23.0,4.0,-11.9,0.0
2026-08-09,libya,36.0,0.0,3.0,86.9,0.0,0.0,2.0,1.0,0.0,0.0,0.0
2026-08-09,scs,603.0,69.0,50.0,696.3,1.0,1.0,27.0,22.0,5.0,-6.2,2.0
2026-08-09,southasia,6006.0,886.0,694.0,3028.9,3.0,25.0,280.0,17.0,9.0,-39.2,6.0
2026-08-09,sudan,155.0,20.0,42.0,-190.1,0.0,0.0,7.0,5.0,5.0,-33.0,0.0
2026-08-09,taiwan,226.0,20.0,41.0,87.4,0.0,6.0,15.0,64.0,29.0,-85.9,13.0
2026-08-09,ukraine,951.0,126.0,294.0,-1578.9,7.0,1.0,45.0,433.0,290.0,-1830.7,32.0
2026-08-09,venezuela,61.0,10.0,9.0,45.0,1.0,0.0,8.0,12.0,4.0,-4.3,3.0
2026-08-09,yemen,330.0,78.0,115.0,-1106.3,9.0,1.0,4.0,159.0,118.0,-766.8,10.0
2026-08-10,drc,82.0,19.0,9.0,49.2,0.0,0.0,3.0,18.0,4.0,36.4,0.0
2026-08-10,europe_east,609.0,56.0,37.0,728.6,2.0,3.0,17.0,59.0,28.0,-87.6,0.0
2026-08-10,iran,2155.0,418.0,367.0,-370.9,18.0,11.0,75.0,737.0,317.0,-388.8,22.0
2026-08-10,israel,3575.0,681.0,652.0,-728.2,19.0,8.0,179.0,896.0,446.0,-1240.5,31.0
2026-08-10,korea,666.0,83.0,61.0,1063.3,1.0,7.0,8.0,58.0,13.0,23.6,1.0
2026-08-10,libya,36.0,3.0,10.0,2.9,0.0,0.0,5.0,0.0,0.0,0.0,0.0
2026-08-10,scs,1259.0,118.0,118.0,1761.8,1.0,3.0,45.0,81.0,29.0,-91.6,0.0
2026-08-10,southasia,8255.0,1475.0,849.0,4509.7,6.0,47.0,409.0,17.0,5.0,-15.7,0.0
2026-08-10,sudan,435.0,53.0,92.0,-52.6,3.0,4.0,18.0,19.0,12.0,-46.8,1.0
2026-08-10,taiwan,313.0,28.0,56.0,28.9,0.0,3.0,16.0,78.0,47.0,-283.9,14.0
2026-08-10,ukraine,1522.0,249.0,420.0,-2307.5,16.0,8.0,78.0,572.0,417.0,-2909.9,30.0
2026-08-10,venezuela,251.0,16.0,42.0,142.7,0.0,0.0,15.0,30.0,14.0,-39.2,10.0
2026-08-10,yemen,341.0,71.0,139.0,-1295.6,3.0,2.0,1.0,93.0,49.0,-263.0,4.0
2026-08-11,drc,35.0,1.0,5.0,-5.3,0.0,0.0,2.0,2.0,0.0,8.0,0.0
2026-08-11,europe_east,633.0,52.0,70.0,704.5,2.0,2.0,24.0,68.0,29.0,-89.1,4.0
2026-08-11,iran,2759.0,505.0,408.0,-1.8,27.0,6.0,57.0,941.0,364.0,-143.6,13.0
2026-08-11,israel,3673.0,636.0,697.0,-583.5,9.0,14.0,266.0,968.0,445.0,-1072.0,67.0
2026-08-11,korea,861.0,105.0,162.0,217.9,4.0,20.0,22.0,96.0,57.0,-244.1,11.0
2026-08-11,libya,239.0,13.0,54.0,3.6,2.0,0.0,2.0,4.0,4.0,-40.0,0.0
2026-08-11,scs,1484.0,164.0,115.0,2342.1,1.0,5.0,47.0,53.0,19.0,36.3,0.0
2026-08-11,southasia,8031.0,1307.0,786.0,5818.1,8.0,14.0,343.0,20.0,6.0,-12.1,2.0
2026-08-11,sudan,231.0,43.0,51.0,-303.3,0.0,0.0,8.0,7.0,7.0,-47.0,0.0
2026-08-11,taiwan,327.0,61.0,23.0,294.8,1.0,0.0,13.0,95.0,29.0,51.1,11.0
2026-08-11,ukraine,1581.0,235.0,481.0,-2613.1,23.0,13.0,75.0,760.0,552.0,-3361.5,55.0
2026-08-11,venezuela,342.0,33.0,60.0,73.8,0.0,4.0,41.0,48.0,19.0,-31.0,1.0
2026-08-11,yemen,384.0,65.0,182.0,-1658.2,3.0,4.0,2.0,97.0,54.0,-386.3,0.0
2026-08-12,drc,19.0,0.0,0.0,42.0,0.0,0.0,0.0,1.0,1.0,-7.2,1.0
2026-08-12,europe_east,596.0,89.0,52.0,662.3,1.0,2.0,17.0,23.0,7.0,6.3,3.0
2026-08-12,iran,3063.0,448.0,562.0,-528.0,26.0,6.0,122.0,903.0,349.0,-571.3,26.0
2026-08-12,israel,3725.0,654.0,733.0,-1220.7,13.0,14.0,265.0,833.0,413.0,-1185.6,56.0
2026-08-12,korea,1105.0,161.0,258.0,-508.6,10.0,12.0,46.0,246.0,173.0,-1095.7,42.0
2026-08-12,libya,228.0,22.0,56.0,-205.7,0.0,0.0,6.0,2.0,2.0,-20.0,0.0
2026-08-12,scs,1238.0,149.0,135.0,1179.7,2.0,8.0,40.0,34.0,9.0,44.8,1.0
2026-08-12,southasia,8144.0,1293.0,875.0,6441.2,10.0,34.0,341.0,31.0,25.0,-159.0,16.0
2026-08-12,sudan,335.0,33.0,91.0,-300.1,0.0,4.0,12.0,22.0,15.0,-100.9,0.0
2026-08-12,taiwan,443.0,47.0,49.0,450.0,0.0,3.0,14.0,113.0,40.0,10.4,19.0
2026-08-12,ukraine,1509.0,220.0,396.0,-1591.7,9.0,6.0,62.0,713.0,429.0,-2021.6,34.0
2026-08-12,venezuela,462.0,61.0,110.0,-176.8,0.0,0.0,51.0,35.0,16.0,-45.9,2.0
2026-08-12,yemen,637.0,75.0,190.0,-665.5,0.0,1.0,5.0,138.0,57.0,-307.0,0.0
2026-08-13,drc,51.0,4.0,1.0,70.1,0.0,0.0,0.0,7.0,5.0,-31.9,0.0
2026-08-13,europe_east,806.0,92.0,108.0,548.9,1.0,9.0,49.0,76.0,56.0,-367.4,28.0
2026-08-13,iran,2017.0,362.0,338.0,-727.8,12.0,20.0,71.0,622.0,275.0,-773.3,21.0
2026-08-13,israel,4158.0,875.0,786.0,-2403.3,19.0,19.0,252.0,902.0,463.0,-1640.4,83.0
2026-08-13,korea,723.0,111.0,112.0,197.8,4.0,11.0,28.0,73.0,51.0,-262.1,8.0
2026-08-13,libya,73.0,7.0,19.0,-81.4,0.0,4.0,4.0,0.0,0.0,0.0,0.0
2026-08-13,scs,1063.0,91.0,84.0,1687.4,1.0,0.0,43.0,54.0,31.0,-91.5,13.0
2026-08-13,southasia,8203.0,1227.0,1004.0,4372.6,21.0,27.0,350.0,14.0,7.0,-28.6,6.0
2026-08-13,sudan,311.0,33.0,94.0,-438.1,0.0,0.0,5.0,16.0,11.0,-100.8,0.0
2026-08-13,taiwan,412.0,36.0,94.0,-70.0,1.0,10.0,16.0,159.0,63.0,-226.6,29.0
2026-08-13,ukraine,1330.0,183.0,331.0,-1203.6,10.0,13.0,44.0,654.0,373.0,-1749.6,23.0
2026-08-13,venezuela,379.0,57.0,61.0,175.8,2.0,2.0,27.0,87.0,21.0,127.7,2.0
2026-08-13,yemen,354.0,62.0,128.0,-1112.5,6.0,0.0,9.0,92.0,51.0,-200.8,5.0
2026-08-14,drc,17.0,2.0,0.0,19.7,0.0,0.0,0.0,12.0,8.0,-79.0,0.0
2026-08-14,europe_east,972.0,105.0,226.0,-648.6,5.0,14.0,47.0,141.0,95.0,-550.9,25.0
2026-08-14,iran,2192.0,425.0,339.0,-175.0,4.0,10.0,76.0,657.0,239.0,-66.9,19.0
2026-08-14,israel,3591.0,676.0,695.0,-1440.4,15.0,20.0,169.0,789.0,403.0,-1635.0,53.0
2026-08-14,korea,708.0,127.0,87.0,321.9,26.0,4.0,15.0,138.0,72.0,-246.4,20.0
2026-08-14,libya,116.0,8.0,15.0,108.8,0.0,0.0,3.0,0.0,0.0,0.0,0.0
2026-08-14,scs,1296.0,143.0,118.0,1877.6,1.0,3.0,57.0,108.0,31.0,130.2,15.0
2026-08-14,southasia,7987.0,1225.0,940.0,4129.6,60.0,38.0,319.0,49.0,8.0,69.4,1.0
2026-08-14,sudan,334.0,30.0,64.0,230.3,1.0,1.0,9.0,0.0,0.0,0.0,0.0
2026-08-14,taiwan,350.0,41.0,37.0,456.8,0.0,4.0,8.0,89.0,44.0,-81.7,7.0
2026-08-14,ukraine,1278.0,209.0,334.0,-1501.9,15.0,4.0,60.0,615.0,368.0,-1739.1,46.0
2026-08-14,venezuela,344.0,41.0,81.0,33.5,0.0,4.0,47.0,47.0,20.0,-45.2,9.0
2026-08-14,yemen,443.0,59.0,108.0,46.0,4.0,3.0,6.0,86.0,55.0,-258.8,9.0
2026-08-15,drc,36.0,8.0,1.0,-2.3,0.0,0.0,0.0,0.0,0.0,0.0,0.0
2026-08-15,europe_east,375.0,31.0,79.0,119.3,0.0,1.0,24.0,41.0,17.0,-34.8,0.0
2026-08-15,iran,1647.0,330.0,305.0,-814.5,8.0,2.0,76.0,500.0,215.0,-236.2,11.0
2026-08-15,israel,2823.0,516.0,765.0,-3543.7,13.0,9.0,140.0,924.0,480.0,-1827.0,26.0
2026-08-15,korea,401.0,45.0,30.0,527.8,3.0,0.0,7.0,79.0,16.0,165.6,3.0
2026-08-15,libya,37.0,7.0,5.0,-4.5,0.0,0.0,0.0,0.0,0.0,0.0,0.0
2026-08-15,scs,852.0,102.0,73.0,1021.9,3.0,2.0,26.0,84.0,41.0,-57.5,12.0
2026-08-15,southasia,6523.0,834.0,698.0,3871.7,4.0,38.0,241.0,40.0,15.0,-45.0,8.0
2026-08-15,sudan,215.0,15.0,27.0,177.4,1.0,0.0,0.0,2.0,0.0,2.0,0.0
2026-08-15,taiwan,214.0,14.0,18.0,327.6,0.0,0.0,1.0,37.0,14.0,-95.8,6.0
2026-08-15,ukraine,741.0,103.0,229.0,-1277.4,11.0,5.0,39.0,307.0,199.0,-1252.4,22.0
2026-08-15,venezuela,132.0,14.0,26.0,176.6,0.0,0.0,19.0,9.0,2.0,27.8,2.0
2026-08-15,yemen,208.0,26.0,66.0,-416.3,0.0,1.0,1.0,29.0,7.0,44.3,2.0
2026-08-16,drc,13.0,1.0,1.0,16.7,0.0,0.0,0.0,1.0,1.0,-9.5,0.0
2026-08-16,europe_east,579.0,72.0,167.0,-1030.5,3.0,1.0,17.0,8.0,2.0,10.8,0.0
2026-08-16,iran,1712.0,320.0,280.0,-460.2,19.0,19.0,55.0,512.0,200.0,-572.8,36.0
2026-08-16,israel,3800.0,655.0,801.0,-2422.7,37.0,15.0,138.0,961.0,477.0,-1835.4,54.0
2026-08-16,korea,728.0,137.0,127.0,75.7,18.0,10.0,26.0,255.0,90.0,30.3,31.0
2026-08-16,libya,98.0,4.0,12.0,153.6,0.0,0.0,6.0,1.0,1.0,-7.2,1.0
2026-08-16,scs,757.0,118.0,116.0,101.5,4.0,9.0,27.0,68.0,46.0,-142.8,9.0
2026-08-16,southasia,5307.0,875.0,654.0,1098.9,7.0,16.0,242.0,11.0,4.0,-3.7,3.0
2026-08-16,sudan,183.0,34.0,42.0,-284.6,3.0,0.0,4.0,7.0,5.0,-44.0,2.0
2026-08-16,taiwan,122.0,39.0,8.0,-29.5,0.0,0.0,6.0,32.0,14.0,-37.7,0.0
2026-08-16,ukraine,886.0,147.0,412.0,-3415.5,7.0,6.0,43.0,540.0,446.0,-3258.4,33.0
2026-08-16,venezuela,99.0,13.0,3.0,314.5,0.0,0.0,2.0,22.0,4.0,67.6,2.0
2026-08-16,yemen,208.0,27.0,99.0,-859.1,2.0,0.0,10.0,39.0,23.0,-139.3,1.0
2026-08-17,drc,58.0,6.0,5.0,19.9,0.0,0.0,2.0,3.0,1.0,-13.5,0.0
2026-08-17,europe_east,689.0,67.0,136.0,-123.7,0.0,1.0,39.0,35.0,22.0,-92.5,12.0
2026-08-17,iran,3203.0,620.0,413.0,706.8,48.0,20.0,103.0,1027.0,341.0,131.5,22.0
2026-08-17,israel,4658.0,903.0,822.0,-1091.0,21.0,30.0,230.0,1335.0,508.0,-748.9,48.0
2026-08-17,korea,2707.0,541.0,561.0,-605.1,64.0,58.0,101.0,698.0,327.0,-667.1,85.0
2026-08-17,libya,94.0,9.0,16.0,69.2,0.0,0.0,2.0,2.0,2.0,-4.0,0.0
2026-08-17,scs,1130.0,117.0,112.0,1412.2,4.0,6.0,39.0,41.0,13.0,41.3,4.0
2026-08-17,southasia,7583.0,1155.0,860.0,4954.0,13.0,38.0,363.0,29.0,16.0,-14.1,2.0
2026-08-17,sudan,247.0,35.0,30.0,148.4,1.0,1.0,8.0,8.0,3.0,0.2,0.0
2026-08-17,taiwan,258.0,26.0,30.0,196.8,0.0,1.0,12.0,61.0,34.0,-203.2,3.0
2026-08-17,ukraine,1489.0,203.0,487.0,-2579.9,12.0,10.0,85.0,647.0,425.0,-2518.1,32.0
2026-08-17,venezuela,138.0,16.0,11.0,228.3,1.0,0.0,6.0,40.0,13.0,-23.9,8.0
2026-08-17,yemen,315.0,56.0,126.0,-1142.7,3.0,1.0,3.0,77.0,56.0,-393.6,0.0
2026-08-18,drc,74.0,13.0,20.0,-156.5,0.0,0.0,4.0,10.0,1.0,33.2,0.0
2026-08-18,europe_east,690.0,71.0,96.0,524.6,0.0,7.0,47.0,42.0,17.0,-51.3,2.0
2026-08-18,iran,2849.0,571.0,403.0,-197.9,31.0,17.0,81.0,1049.0,379.0,35.5,27.0
2026-08-18,israel,4590.0,786.0,937.0,-2662.3,35.0,20.0,236.0,1427.0,649.0,-2315.9,42.0
2026-08-18,korea,1935.0,294.0,246.0,1702.2,19.0,20.0,52.0,408.0,151.0,-136.2,31.0
2026-08-18,libya,98.0,15.0,10.0,30.6,0.0,0.0,4.0,2.0,0.0,14.0,0.0
2026-08-18,scs,1463.0,162.0,212.0,459.6,5.0,4.0,42.0,40.0,17.0,-47.7,1.0
2026-08-18,southasia,7818.0,1468.0,897.0,1889.6,26.0,23.0,444.0,22.0,12.0,-59.7,3.0
2026-08-18,sudan,319.0,50.0,63.0,-98.4,1.0,4.0,9.0,4.0,4.0,-40.0,0.0
2026-08-18,taiwan,254.0,25.0,26.0,417.8,1.0,1.0,15.0,48.0,17.0,-54.8,0.0
2026-08-18,ukraine,1589.0,271.0,420.0,-2001.6,24.0,5.0,73.0,611.0,411.0,-2472.6,41.0
2026-08-18,venezuela,182.0,27.0,36.0,40.6,0.0,0.0,17.0,23.0,14.0,-33.7,9.0
2026-08-18,yemen,283.0,33.0,124.0,-977.7,1.0,0.0,5.0,66.0,48.0,-389.0,2.0
2026-08-19,drc,61.0,9.0,14.0,-66.5,0.0,0.0,1.0,3.0,1.0,-4.0,0.0
2026-08-19,europe_east,529.0,68.0,85.0,183.0,0.0,3.0,49.0,28.0,20.0,-75.2,8.0
2026-08-19,iran,2588.0,516.0,435.0,-876.2,50.0,9.0,122.0,811.0,299.0,-87.8,23.0
2026-08-19,israel,4980.0,976.0,1013.0,-3364.1,27.0,35.0,324.0,1503.0,704.0,-2304.0,85.0
2026-08-19,korea,1986.0,261.0,195.0,2451.0,8.0,23.0,54.0,468.0,109.0,440.3,24.0
2026-08-19,libya,94.0,10.0,14.0,63.2,0.0,0.0,8.0,0.0,0.0,0.0,0.0
2026-08-19,scs,1324.0,138.0,191.0,736.9,2.0,6.0,49.0,37.0,12.0,26.7,2.0
2026-08-19,southasia,7969.0,1185.0,932.0,4089.0,16.0,6.0,473.0,50.0,17.0,25.5,8.0
2026-08-19,sudan,299.0,50.0,73.0,-266.5,0.0,0.0,4.0,12.0,6.0,-3.6,0.0
2026-08-19,taiwan,467.0,58.0,35.0,488.7,0.0,1.0,12.0,77.0,7.0,86.3,0.0
2026-08-19,ukraine,1727.0,295.0,346.0,-1060.7,17.0,4.0,110.0,724.0,338.0,-1363.6,42.0
2026-08-19,venezuela,167.0,22.0,38.0,2.1,0.0,0.0,20.0,49.0,23.0,-24.3,6.0
2026-08-19,yemen,148.0,18.0,44.0,-320.8,7.0,0.0,2.0,28.0,16.0,-108.3,4.0
2026-08-20,drc,21.0,2.0,6.0,-3.5,0.0,0.0,3.0,0.0,0.0,0.0,0.0
2026-08-20,europe_east,791.0,100.0,143.0,2.5,6.0,4.0,28.0,20.0,5.0,-12.3,2.0
2026-08-20,iran,2554.0,494.0,381.0,-144.0,39.0,3.0,143.0,758.0,299.0,-368.1,20.0
2026-08-20,israel,5413.0,1031.0,952.0,-2463.9,21.0,19.0,299.0,1249.0,556.0,-1540.0,64.0
2026-08-20,korea,1959.0,280.0,318.0,362.6,18.0,17.0,51.0,612.0,233.0,-509.0,39.0
2026-08-20,libya,96.0,7.0,21.0,-26.0,0.0,0.0,2.0,2.0,2.0,-13.0,0.0
2026-08-20,scs,1271.0,135.0,155.0,922.0,6.0,4.0,36.0,53.0,9.0,124.6,2.0
2026-08-20,southasia,8927.0,1334.0,959.0,5497.0,6.0,19.0,491.0,60.0,14.0,21.3,3.0
2026-08-20,sudan,358.0,40.0,85.0,-245.0,0.0,0.0,20.0,7.0,3.0,-9.3,0.0
2026-08-20,taiwan,332.0,41.0,44.0,126.8,1.0,0.0,14.0,79.0,33.0,-58.3,10.0
2026-08-20,ukraine,1683.0,327.0,411.0,-2159.4,11.0,4.0,86.0,723.0,456.0,-2547.0,25.0
2026-08-20,venezuela,209.0,30.0,34.0,182.7,0.0,0.0,20.0,55.0,17.0,80.9,6.0
2026-08-20,yemen,148.0,32.0,50.0,-434.9,5.0,0.0,3.0,36.0,27.0,-191.8,4.0
2026-08-21,drc,68.0,10.0,5.0,84.8,0.0,0.0,1.0,0.0,0.0,0.0,0.0
2026-08-21,europe_east,797.0,103.0,109.0,446.1,2.0,0.0,53.0,70.0,26.0,40.4,7.0
2026-08-21,iran,2005.0,396.0,334.0,-493.7,29.0,14.0,100.0,685.0,283.0,-368.2,24.0
2026-08-21,israel,4611.0,976.0,954.0,-3634.4,24.0,8.0,269.0,989.0,512.0,-2107.7,44.0
2026-08-21,korea,1396.0,187.0,185.0,868.2,5.0,6.0,21.0,318.0,110.0,-128.7,8.0
2026-08-21,libya,35.0,3.0,5.0,38.5,0.0,0.0,0.0,0.0,0.0,0.0,0.0
2026-08-21,scs,1152.0,107.0,147.0,1208.4,7.0,5.0,44.0,38.0,11.0,17.8,0.0
2026-08-21,southasia,8291.0,1352.0,994.0,2712.6,11.0,35.0,434.0,29.0,10.0,-19.7,3.0
2026-08-21,sudan,244.0,40.0,41.0,-142.5,0.0,2.0,5.0,4.0,4.0,-40.0,0.0
2026-08-21,taiwan,308.0,40.0,26.0,485.9,0.0,2.0,12.0,67.0,25.0,12.5,3.0
2026-08-21,ukraine,1397.0,168.0,329.0,-451.2,13.0,8.0,64.0,504.0,281.0,-1232.8,34.0
2026-08-21,venezuela,187.0,14.0,22.0,310.6,0.0,1.0,14.0,32.0,9.0,10.8,7.0
2026-08-21,yemen,81.0,13.0,33.0,-287.2,2.0,0.0,8.0,22.0,15.0,-52.4,2.0
2026-08-22,drc,56.0,6.0,10.0,-14.3,0.0,0.0,4.0,3.0,0.0,10.2,0.0
2026-08-22,europe_east,276.0,20.0,56.0,204.3,0.0,3.0,22.0,31.0,10.0,-1.1,2.0
2026-08-22,iran,1329.0,267.0,168.0,331.6,27.0,1.0,64.0,439.0,163.0,-104.2,12.0
2026-08-22,israel,2754.0,607.0,661.0,-3964.5,15.0,8.0,147.0,740.0,460.0,-2358.6,46.0
2026-08-22,korea,555.0,77.0,79.0,390.9,1.0,4.0,3.0,92.0,19.0,141.0,0.0
2026-08-22,libya,36.0,1.0,10.0,-30.9,0.0,0.0,3.0,0.0,0.0,0.0,0.0
2026-08-22,scs,682.0,64.0,95.0,360.2,0.0,0.0,20.0,26.0,12.0,-20.6,2.0
2026-08-22,southasia,5816.0,894.0,673.0,2846.0,22.0,39.0,284.0,7.0,3.0,0.0,3.0
2026-08-22,sudan,131.0,17.0,5.0,232.4,0.0,0.0,0.0,1.0,0.0,4.0,0.0
2026-08-22,taiwan,157.0,11.0,8.0,248.1,0.0,0.0,4.0,46.0,6.0,37.8,0.0
2026-08-22,ukraine,1217.0,163.0,367.0,-1773.3,18.0,4.0,48.0,504.0,339.0,-2181.3,20.0
2026-08-22,venezuela,80.0,6.0,10.0,78.5,0.0,0.0,5.0,24.0,6.0,62.1,1.0
2026-08-22,yemen,79.0,15.0,41.0,-369.7,0.0,4.0,6.0,22.0,10.0,-88.1,0.0
2026-08-23,drc,27.0,4.0,1.0,60.6,0.0,0.0,0.0,6.0,4.0,-12.8,0.0
2026-08-23,europe_east,338.0,13.0,42.0,437.1,0.0,0.0,17.0,50.0,21.0,-57.9,8.0
2026-08-23,iran,1871.0,380.0,277.0,41.3,31.0,9.0,129.0,596.0,223.0,-139.9,24.0
2026-08-23,israel,2916.0,500.0,781.0,-4039.2,13.0,18.0,171.0,929.0,465.0,-1888.9,66.0
2026-08-23,korea,416.0,53.0,41.0,343.1,0.0,5.0,18.0,56.0,17.0,18.5,4.0
2026-08-23,libya,36.0,3.0,7.0,-20.8,0.0,2.0,1.0,0.0,0.0,0.0,0.0
2026-08-23,scs,554.0,40.0,66.0,525.2,0.0,0.0,29.0,17.0,2.0,20.0,1.0
2026-08-23,southasia,5453.0,758.0,653.0,3151.3,3.0,21.0,263.0,13.0,3.0,-2.2,1.0
2026-08-23,sudan,131.0,22.0,28.0,-64.3,0.0,1.0,1.0,5.0,4.0,-35.0,0.0
2026-08-23,taiwan,199.0,23.0,34.0,-22.0,0.0,2.0,7.0,63.0,25.0,-89.2,2.0
2026-08-23,ukraine,1208.0,199.0,222.0,-421.7,14.0,7.0,30.0,518.0,281.0,-1435.8,33.0
2026-08-23,venezuela,130.0,13.0,46.0,-135.7,0.0,0.0,23.0,5.0,0.0,29.6,0.0
2026-08-23,yemen,47.0,5.0,12.0,-69.5,0.0,0.0,3.0,14.0,7.0,-44.6,2.0
2026-08-24,drc,50.0,8.0,4.0,69.5,0.0,0.0,1.0,7.0,1.0,22.3,0.0
2026-08-24,europe_east,748.0,62.0,52.0,1627.2,2.0,2.0,23.0,39.0,16.0,-56.9,0.0
2026-08-24,iran,2554.0,480.0,458.0,-588.0,41.0,18.0,212.0,871.0,388.0,-725.5,26.0
2026-08-24,israel,3815.0,622.0,904.0,-3685.0,18.0,23.0,256.0,1300.0,659.0,-2771.0,73.0
2026-08-24,korea,944.0,118.0,113.0,892.0,1.0,15.0,22.0,151.0,54.0,-89.4,17.0
2026-08-24,libya,86.0,16.0,24.0,-69.5,1.0,2.0,11.0,3.0,3.0,-30.0,0.0
2026-08-24,scs,975.0,98.0,81.0,1295.4,6.0,5.0,38.0,38.0,8.0,28.9,0.0
2026-08-24,southasia,8261.0,1183.0,874.0,5935.1,14.0,22.0,380.0,9.0,0.0,11.0,0.0
2026-08-24,sudan,410.0,70.0,87.0,-249.6,1.0,0.0,11.0,13.0,3.0,29.7,0.0
2026-08-24,taiwan,320.0,36.0,52.0,33.0,2.0,1.0,34.0,57.0,13.0,2.2,0.0
2026-08-24,ukraine,2691.0,316.0,332.0,2264.9,15.0,10.0,56.0,789.0,376.0,-1420.5,36.0
2026-08-24,venezuela,86.0,19.0,12.0,31.7,0.0,0.0,4.0,10.0,4.0,9.0,0.0
2026-08-24,yemen,77.0,9.0,19.0,-59.6,0.0,0.0,2.0,33.0,16.0,-70.8,0.0
2026-08-25,drc,78.0,12.0,6.0,98.6,0.0,0.0,1.0,33.0,25.0,-65.2,0.0
2026-08-25,europe_east,705.0,67.0,87.0,717.6,2.0,13.0,32.0,63.0,13.0,58.7,5.0
2026-08-25,iran,2812.0,530.0,362.0,560.5,35.0,13.0,158.0,913.0,397.0,-930.4,26.0
2026-08-25,israel,3835.0,715.0,823.0,-3396.5,31.0,23.0,224.0,1131.0,555.0,-2373.2,53.0
2026-08-25,korea,855.0,118.0,98.0,810.7,7.0,7.0,18.0,127.0,58.0,-183.8,22.0
2026-08-25,libya,145.0,15.0,32.0,-151.8,1.0,0.0,15.0,0.0,0.0,0.0,0.0
2026-08-25,scs,1415.0,196.0,150.0,1112.6,4.0,3.0,48.0,35.0,17.0,-34.6,0.0
2026-08-25,southasia,8315.0,1265.0,920.0,5052.1,9.0,16.0,433.0,26.0,11.0,-15.8,4.0
2026-08-25,sudan,491.0,57.0,107.0,-264.3,2.0,2.0,30.0,7.0,5.0,-42.0,0.0
2026-08-25,taiwan,438.0,53.0,56.0,384.1,2.0,0.0,37.0,57.0,17.0,43.7,2.0
2026-08-25,ukraine,2390.0,259.0,311.0,2223.7,27.0,12.0,58.0,636.0,314.0,-1154.2,34.0
2026-08-25,venezuela,215.0,21.0,46.0,49.7,0.0,1.0,16.0,53.0,23.0,-87.2,11.0
2026-08-25,yemen,59.0,6.0,11.0,-54.3,1.0,0.0,1.0,26.0,5.0,16.6,2.0
2026-08-26,drc,33.0,6.0,1.0,53.8,0.0,0.0,1.0,9.0,5.0,1.6,0.0
2026-08-26,europe_east,667.0,68.0,75.0,638.1,1.0,0.0,23.0,106.0,38.0,-47.4,4.0
2026-08-26,iran,2851.0,464.0,401.0,797.1,28.0,5.0,180.0,793.0,330.0,-484.9,12.0
2026-08-26,israel,3848.0,689.0,798.0,-2071.0,14.0,17.0,340.0,927.0,490.0,-1898.5,79.0
2026-08-26,korea,745.0,120.0,82.0,683.9,2.0,6.0,20.0,111.0,35.0,12.3,6.0
2026-08-26,libya,144.0,19.0,31.0,-59.0,2.0,0.0,22.0,0.0,0.0,0.0,0.0
2026-08-26,scs,1114.0,121.0,84.0,1442.5,2.0,1.0,39.0,47.0,11.0,48.0,3.0
2026-08-26,southasia,7270.0,1076.0,803.0,4242.3,17.0,36.0,314.0,14.0,4.0,-4.3,1.0
2026-08-26,sudan,324.0,54.0,69.0,-141.9,0.0,9.0,15.0,4.0,2.0,-3.4,0.0
2026-08-26,taiwan,467.0,81.0,35.0,399.9,2.0,0.0,30.0,46.0,24.0,-75.2,9.0
2026-08-26,ukraine,1844.0,227.0,313.0,404.3,21.0,9.0,63.0,608.0,278.0,-1074.7,12.0
2026-08-26,venezuela,177.0,29.0,36.0,51.3,0.0,0.0,17.0,54.0,17.0,17.8,6.0
2026-08-26,yemen,141.0,27.0,55.0,-472.2,0.0,0.0,7.0,27.0,9.0,-4.0,0.0
2026-08-27,drc,33.0,2.0,1.0,76.0,0.0,0.0,1.0,21.0,0.0,85.3,0.0
2026-08-27,europe_east,752.0,77.0,84.0,943.7,1.0,4.0,40.0,90.0,32.0,-100.2,3.0
2026-08-27,iran,2491.0,419.0,263.0,1712.4,7.0,11.0,78.0,649.0,254.0,-147.9,11.0
2026-08-27,israel,3633.0,682.0,772.0,-2872.3,23.0,18.0,267.0,833.0,427.0,-1687.3,62.0
2026-08-27,korea,620.0,74.0,55.0,760.9,1.0,8.0,22.0,65.0,17.0,60.8,2.0
2026-08-27,libya,73.0,8.0,16.0,-17.0,1.0,0.0,6.0,0.0,0.0,0.0,0.0
2026-08-27,scs,1074.0,117.0,96.0,1577.1,5.0,5.0,38.0,41.0,6.0,66.3,1.0
2026-08-27,southasia,7938.0,922.0,797.0,7784.1,15.0,51.0,286.0,15.0,9.0,-75.2,1.0
2026-08-27,sudan,360.0,76.0,73.0,-307.8,0.0,1.0,24.0,12.0,7.0,-35.4,0.0
2026-08-27,taiwan,256.0,34.0,26.0,190.2,1.0,2.0,12.0,55.0,25.0,-63.8,4.0
2026-08-27,ukraine,1971.0,243.0,389.0,-475.6,33.0,22.0,70.0,598.0,312.0,-1348.2,37.0
2026-08-27,venezuela,286.0,37.0,64.0,41.2,1.0,2.0,29.0,99.0,42.0,-11.2,13.0
2026-08-27,yemen,72.0,4.0,44.0,-377.3,0.0,0.0,7.0,16.0,4.0,11.6,0.0
2026-08-28,drc,47.0,8.0,6.0,40.5,0.0,0.0,2.0,11.0,6.0,-4.9,0.0
2026-08-28,europe_east,764.0,90.0,96.0,624.0,3.0,6.0,52.0,74.0,23.0,-6.3,6.0
2026-08-28,iran,2190.0,386.0,261.0,1231.4,12.0,3.0,106.0,739.0,282.0,-234.2,25.0
2026-08-28,israel,3568.0,648.0,725.0,-2309.8,26.0,19.0,225.0,774.0,402.0,-1848.4,50.0
2026-08-28,korea,823.0,77.0,117.0,845.8,0.0,7.0,22.0,137.0,34.0,129.4,9.0
2026-08-28,libya,110.0,6.0,18.0,91.4,0.0,0.0,4.0,1.0,1.0,-10.0,0.0
2026-08-28,scs,857.0,106.0,75.0,930.7,1.0,3.0,24.0,33.0,12.0,-5.5,1.0
2026-08-28,southasia,6887.0,871.0,593.0,7973.2,3.0,19.0,216.0,16.0,6.0,4.0,6.0
2026-08-28,sudan,260.0,45.0,36.0,69.4,2.0,0.0,11.0,3.0,1.0,-2.1,0.0
2026-08-28,taiwan,319.0,54.0,49.0,-26.3,2.0,2.0,15.0,59.0,37.0,-198.0,8.0
2026-08-28,ukraine,1495.0,176.0,300.0,-201.4,9.0,7.0,60.0,580.0,313.0,-1252.7,38.0
2026-08-28,venezuela,315.0,20.0,43.0,314.9,1.0,0.0,6.0,93.0,21.0,124.5,7.0
2026-08-28,yemen,54.0,4.0,6.0,66.0,0.0,0.0,3.0,10.0,4.0,-0.2,2.0
2026-08-29,drc,39.0,6.0,2.0,42.9,0.0,0.0,2.0,1.0,0.0,6.4,0.0
2026-08-29,europe_east,381.0,49.0,28.0,382.9,2.0,3.0,13.0,58.0,33.0,-169.0,3.0
2026-08-29,iran,1281.0,217.0,199.0,3.3,17.0,0.0,89.0,424.0,181.0,-356.7,26.0
2026-08-29,israel,2071.0,380.0,597.0,-3755.8,9.0,13.0,104.0,572.0,362.0,-2266.3,23.0
2026-08-29,korea,321.0,28.0,45.0,312.0,0.0,1.0,5.0,55.0,6.0,131.2,2.0
2026-08-29,libya,32.0,3.0,1.0,42.0,0.0,0.0,0.0,0.0,0.0,0.0,0.0
2026-08-29,scs,567.0,53.0,61.0,429.7,1.0,2.0,17.0,52.0,6.0,78.9,0.0
2026-08-29,southasia,5805.0,824.0,628.0,3969.9,3.0,32.0,256.0,25.0,8.0,-15.0,5.0
2026-08-29,sudan,96.0,18.0,17.0,-10.9,0.0,1.0,2.0,0.0,0.0,0.0,0.0
2026-08-29,taiwan,221.0,10.0,25.0,292.0,0.0,0.0,8.0,32.0,18.0,-108.0,11.0
2026-08-29,ukraine,1127.0,156.0,272.0,-1465.1,9.0,5.0,31.0,492.0,303.0,-1829.4,25.0
2026-08-29,venezuela,638.0,39.0,59.0,1189.2,0.0,0.0,31.0,191.0,27.0,284.4,5.0
2026-08-29,yemen,39.0,8.0,13.0,-104.9,0.0,0.0,5.0,4.0,2.0,-10.0,2.0
2026-08-30,drc,19.0,4.0,1.0,43.3,0.0,0.0,0.0,1.0,0.0,0.0,0.0
2026-08-30,europe_east,270.0,32.0,26.0,371.6,0.0,0.0,17.0,32.0,7.0,17.2,0.0
2026-08-30,iran,1397.0,316.0,209.0,-315.9,37.0,3.0,68.0,384.0,185.0,-557.6,38.0
2026-08-30,israel,2775.0,556.0,767.0,-4396.6,20.0,16.0,202.0,619.0,397.0,-2133.4,61.0
2026-08-30,korea,367.0,54.0,28.0,602.2,0.0,1.0,12.0,21.0,9.0,15.2,0.0
2026-08-30,libya,132.0,2.0,19.0,203.8,0.0,0.0,11.0,0.0,0.0,0.0,0.0
2026-08-30,scs,662.0,61.0,56.0,931.3,3.0,4.0,27.0,11.0,9.0,-54.6,0.0
2026-08-30,southasia,5002.0,648.0,571.0,3719.3,6.0,14.0,239.0,4.0,0.0,14.0,0.0
2026-08-30,sudan,172.0,23.0,28.0,-6.4,1.0,0.0,6.0,4.0,2.0,-15.3,0.0
2026-08-30,taiwan,160.0,13.0,13.0,193.3,0.0,0.0,6.0,51.0,21.0,-32.7,4.0
2026-08-30,ukraine,699.0,116.0,177.0,-813.9,12.0,0.0,33.0,315.0,229.0,-1435.0,21.0
2026-08-30,venezuela,388.0,62.0,29.0,565.4,0.0,0.0,18.0,140.0,38.0,153.6,8.0
2026-08-30,yemen,181.0,89.0,29.0,-322.3,0.0,0.0,9.0,24.0,12.0,-40.6,0.0
2026-08-31,drc,20.0,0.0,2.0,5.4,0.0,0.0,0.0,3.0,0.0,-0.8,0.0
2026-08-31,europe_east,691.0,85.0,81.0,622.1,2.0,2.0,39.0,89.0,45.0,-48.6,19.0
2026-08-31,iran,3319.0,660.0,713.0,-3579.9,61.0,7.0,133.0,845.0,463.0,-2150.4,33.0
2026-08-31,israel,3734.0,699.0,882.0,-3888.6,23.0,13.0,226.0,792.0,457.0,-2439.7,39.0
2026-08-31,korea,612.0,77.0,115.0,338.6,1.0,0.0,68.0,62.0,38.0,-196.0,17.0
2026-08-31,libya,124.0,6.0,14.0,176.8,0.0,0.0,11.0,5.0,0.0,12.8,0.0
2026-08-31,scs,843.0,97.0,80.0,1224.0,0.0,4.0,40.0,15.0,3.0,21.0,0.0
2026-08-31,southasia,7898.0,1203.0,889.0,5018.6,19.0,27.0,361.0,13.0,7.0,-20.0,3.0
2026-08-31,sudan,251.0,38.0,52.0,-144.3,3.0,0.0,8.0,5.0,5.0,-47.2,1.0
2026-08-31,taiwan,320.0,42.0,44.0,84.3,2.0,0.0,27.0,66.0,34.0,-128.4,6.0
2026-08-31,ukraine,1433.0,194.0,283.0,-395.4,4.0,11.0,58.0,633.0,323.0,-1399.5,40.0
2026-08-31,venezuela,649.0,74.0,93.0,433.8,0.0,0.0,36.0,173.0,54.0,84.3,11.0
2026-08-31,yemen,68.0,11.0,29.0,-233.4,0.0,3.0,6.0,9.0,2.0,-5.3,0.0
2026-09-01,drc,48.0,1.0,7.0,8.9,0.0,0.0,2.0,2.0,1.0,-1.6,1.0
2026-09-01,europe_east,884.0,84.0,88.0,963.1,0.0,2.0,23.0,47.0,21.0,-53.1,3.0
2026-09-01,iran,3502.0,596.0,752.0,-3242.3,103.0,19.0,117.0,1061.0,487.0,-1557.7,63.0
2026-09-01,israel,3576.0,554.0,777.0,-1568.9,24.0,11.0,246.0,811.0,430.0,-1695.8,83.0
2026-09-01,korea,722.0,59.0,73.0,1365.9,0.0,2.0,43.0,102.0,22.0,142.0,2.0
2026-09-01,libya,136.0,16.0,14.0,85.9,3.0,0.0,7.0,0.0,0.0,0.0,0.0
2026-09-01,scs,1139.0,94.0,82.0,1938.0,0.0,3.0,46.0,23.0,5.0,60.8,2.0
2026-09-01,southasia,8181.0,1153.0,1033.0,4653.0,10.0,27.0,398.0,27.0,13.0,-20.4,0.0
2026-09-01,sudan,279.0,45.0,36.0,12.5,3.0,0.0,10.0,5.0,3.0,-25.0,0.0
2026-09-01,taiwan,484.0,68.0,56.0,293.2,1.0,5.0,18.0,184.0,80.0,-174.7,9.0
2026-09-01,ukraine,1833.0,203.0,416.0,-1015.2,10.0,12.0,61.0,727.0,395.0,-2059.3,27.0
2026-09-01,venezuela,845.0,102.0,91.0,917.7,2.0,0.0,37.0,266.0,62.0,218.1,6.0
2026-09-01,yemen,145.0,13.0,32.0,-98.4,0.0,0.0,2.0,29.0,8.0,30.8,0.0
2026-09-02,drc,60.0,1.0,10.0,8.6,0.0,0.0,1.0,1.0,0.0,3.4,0.0
2026-09-02,europe_east,909.0,87.0,61.0,1816.1,0.0,2.0,17.0,107.0,29.0,96.8,4.0
2026-09-02,iran,3828.0,762.0,1128.0,-8191.6,70.0,6.0,97.0,1067.0,570.0,-2442.4,44.0
2026-09-02,israel,3710.0,605.0,795.0,-2385.5,22.0,13.0,247.0,802.0,388.0,-1534.5,60.0
2026-09-02,korea,810.0,91.0,79.0,1161.6,3.0,4.0,27.0,116.0,24.0,254.3,9.0
2026-09-02,libya,82.0,10.0,10.0,38.5,0.0,0.0,2.0,0.0,0.0,0.0,0.0
2026-09-02,scs,947.0,107.0,96.0,1022.9,3.0,5.0,31.0,17.0,7.0,7.9,2.0
2026-09-02,southasia,8498.0,1301.0,969.0,4042.6,10.0,15.0,377.0,53.0,25.0,-23.2,3.0
2026-09-02,sudan,245.0,36.0,31.0,76.3,0.0,0.0,7.0,0.0,0.0,0.0,0.0
2026-09-02,taiwan,357.0,54.0,32.0,368.2,0.0,0.0,16.0,84.0,24.0,43.3,0.0
2026-09-02,ukraine,2076.0,296.0,319.0,253.3,27.0,9.0,61.0,689.0,328.0,-1127.7,33.0
2026-09-02,venezuela,672.0,56.0,73.0,1033.0,2.0,0.0,37.0,207.0,55.0,91.3,4.0
2026-09-02,yemen,94.0,9.0,45.0,-377.9,2.0,0.0,2.0,13.0,11.0,-86.6,1.0
2026-09-03,drc,18.0,4.0,1.0,-7.6,0.0,0.0,0.0,11.0,0.0,67.4,0.0
2026-09-03,europe_east,852.0,84.0,49.0,1338.1,1.0,1.0,26.0,110.0,34.0,19.9,5.0
2026-09-03,iran,3262.0,589.0,841.0,-5499.9,66.0,11.0,82.0,1007.0,524.0,-1790.9,45.0
2026-09-03,israel,4434.0,665.0,991.0,-2558.9,57.0,7.0,332.0,1206.0,495.0,-1057.0,66.0
2026-09-03,korea,514.0,38.0,47.0,1107.3,2.0,7.0,25.0,16.0,3.0,53.0,0.0
2026-09-03,libya,66.0,3.0,9.0,19.2,0.0,0.0,2.0,0.0,0.0,0.0,0.0
2026-09-03,scs,1091.0,112.0,130.0,1132.4,4.0,5.0,67.0,17.0,5.0,8.7,5.0
2026-09-03,southasia,8187.0,1273.0,865.0,5316.4,8.0,16.0,417.0,11.0,6.0,-19.3,5.0
2026-09-03,sudan,319.0,49.0,74.0,-287.0,0.0,5.0,9.0,3.0,1.0,-4.8,0.0
2026-09-03,taiwan,442.0,66.0,19.0,556.7,2.0,0.0,10.0,169.0,61.0,-61.5,10.0
2026-09-03,ukraine,2149.0,269.0,399.0,283.8,19.0,4.0,89.0,796.0,389.0,-1231.3,45.0
2026-09-03,venezuela,836.0,109.0,177.0,40.0,0.0,1.0,69.0,245.0,113.0,-195.7,34.0
2026-09-03,yemen,158.0,16.0,71.0,-616.1,0.0,0.0,1.0,31.0,9.0,-32.6,4.0
2026-09-04,drc,53.0,3.0,10.0,4.2,0.0,0.0,2.0,11.0,0.0,30.0,0.0
2026-09-04,europe_east,1091.0,80.0,129.0,1328.3,0.0,4.0,70.0,88.0,29.0,-87.7,2.0
2026-09-04,iran,2137.0,420.0,491.0,-2857.6,31.0,6.0,78.0,640.0,326.0,-1087.2,20.0
2026-09-04,israel,3603.0,565.0,830.0,-2215.6,30.0,14.0,284.0,1008.0,467.0,-1158.4,87.0
2026-09-04,korea,691.0,66.0,56.0,1100.7,3.0,16.0,19.0,17.0,6.0,26.2,0.0
2026-09-04,libya,54.0,6.0,5.0,48.7,1.0,0.0,1.0,0.0,0.0,0.0,0.0
2026-09-04,scs,1320.0,192.0,167.0,686.5,6.0,0.0,86.0,25.0,14.0,-57.8,4.0
2026-09-04,southasia,7639.0,1166.0,944.0,3030.1,14.0,26.0,380.0,35.0,17.0,-101.3,3.0
2026-09-04,sudan,285.0,41.0,55.0,-68.6,0.0,2.0,4.0,2.0,2.0,-4.0,0.0
2026-09-04,taiwan,300.0,44.0,40.0,138.3,2.0,3.0,22.0,140.0,60.0,-154.4,7.0
2026-09-04,ukraine,2023.0,262.0,364.0,26.1,18.0,10.0,77.0,770.0,308.0,-545.4,46.0
2026-09-04,venezuela,598.0,75.0,132.0,-105.9,0.0,3.0,58.0,150.0,76.0,-271.6,23.0
2026-09-04,yemen,243.0,14.0,138.0,-1202.7,3.0,1.0,0.0,36.0,14.0,-20.8,0.0
2026-09-05,drc,16.0,1.0,5.0,-42.6,0.0,0.0,0.0,1.0,0.0,3.4,0.0
2026-09-05,europe_east,526.0,57.0,48.0,473.3,3.0,3.0,21.0,44.0,19.0,-70.8,2.0
2026-09-05,iran,2134.0,522.0,566.0,-4426.0,63.0,6.0,82.0,595.0,299.0,-878.8,25.0
2026-09-05,israel,2212.0,367.0,484.0,-1592.1,20.0,12.0,132.0,695.0,333.0,-1186.5,43.0
2026-09-05,korea,383.0,24.0,30.0,703.0,3.0,1.0,20.0,33.0,9.0,-7.1,4.0
2026-09-05,libya,27.0,3.0,3.0,10.2,0.0,0.0,2.0,0.0,0.0,0.0,0.0
2026-09-05,scs,933.0,148.0,88.0,722.7,7.0,1.0,44.0,20.0,14.0,-80.2,1.0
2026-09-05,southasia,6103.0,935.0,850.0,1184.3,14.0,27.0,371.0,12.0,2.0,24.0,1.0
2026-09-05,sudan,237.0,41.0,47.0,-121.1,0.0,0.0,6.0,1.0,1.0,-4.4,0.0
2026-09-05,taiwan,113.0,14.0,10.0,98.9,2.0,2.0,4.0,18.0,10.0,-47.6,2.0
2026-09-05,ukraine,1702.0,225.0,248.0,564.1,27.0,10.0,45.0,834.0,309.0,-404.0,38.0
2026-09-05,venezuela,286.0,39.0,37.0,193.4,0.0,3.0,11.0,87.0,30.0,32.0,10.0
2026-09-05,yemen,299.0,34.0,124.0,-886.0,2.0,0.0,11.0,32.0,7.0,0.8,0.0
2026-09-06,drc,25.0,2.0,2.0,41.5,0.0,0.0,0.0,0.0,0.0,0.0,0.0
2026-09-06,europe_east,416.0,38.0,29.0,704.9,0.0,5.0,14.0,53.0,26.0,-52.1,1.0
2026-09-06,iran,1698.0,418.0,426.0,-3056.5,51.0,3.0,61.0,560.0,327.0,-1086.0,35.0
2026-09-06,israel,2905.0,615.0,693.0,-3479.8,33.0,10.0,215.0,782.0,419.0,-1760.5,68.0
2026-09-06,korea,454.0,53.0,26.0,827.4,8.0,2.0,14.0,11.0,1.0,22.0,0.0
2026-09-06,libya,27.0,2.0,6.0,-15.8,0.0,0.0,2.0,0.0,0.0,0.0,0.0
2026-09-06,scs,873.0,101.0,102.0,664.2,4.0,3.0,68.0,35.0,13.0,-5.0,4.0
2026-09-06,southasia,5630.0,879.0,742.0,1301.3,5.0,22.0,310.0,22.0,10.0,-6.4,2.0
2026-09-06,sudan,158.0,13.0,23.0,156.7,0.0,1.0,0.0,0.0,0.0,0.0,0.0
2026-09-06,taiwan,199.0,22.0,28.0,238.4,0.0,0.0,21.0,20.0,4.0,4.4,1.0
2026-09-06,ukraine,2112.0,172.0,249.0,2803.5,21.0,5.0,38.0,967.0,327.0,10.3,24.0
2026-09-06,venezuela,197.0,33.0,21.0,156.6,0.0,0.0,15.0,43.0,15.0,39.4,4.0
2026-09-06,yemen,166.0,20.0,85.0,-687.2,1.0,0.0,2.0,37.0,22.0,-90.3,3.0
2026-09-07,drc,44.0,8.0,3.0,55.4,0.0,0.0,0.0,15.0,2.0,83.8,0.0
2026-09-07,europe_east,657.0,59.0,43.0,1145.3,0.0,1.0,24.0,38.0,20.0,-6.5,3.0
2026-09-07,iran,1808.0,360.0,439.0,-2437.1,46.0,9.0,68.0,620.0,355.0,-1490.0,43.0
2026-09-07,israel,3624.0,769.0,908.0,-4993.3,46.0,13.0,229.0,934.0,535.0,-2661.6,48.0
2026-09-07,korea,906.0,126.0,123.0,617.8,7.0,10.0,40.0,74.0,31.0,-40.9,11.0
2026-09-07,libya,75.0,8.0,17.0,-41.2,2.0,0.0,6.0,0.0,0.0,0.0,0.0
2026-09-07,scs,1289.0,175.0,109.0,1552.8,0.0,2.0,77.0,17.0,4.0,12.8,0.0
2026-09-07,southasia,7775.0,1248.0,975.0,2989.1,14.0,25.0,447.0,18.0,11.0,-70.6,1.0
2026-09-07,sudan,409.0,62.0,75.0,-74.2,1.0,3.0,12.0,11.0,8.0,-66.0,0.0
2026-09-07,taiwan,242.0,30.0,24.0,229.0,0.0,3.0,6.0,29.0,9.0,46.6,0.0
2026-09-07,ukraine,1920.0,203.0,262.0,2250.7,17.0,13.0,71.0,740.0,266.0,-169.4,24.0
2026-09-07,venezuela,217.0,38.0,15.0,298.8,0.0,2.0,5.0,40.0,1.0,161.4,0.0
2026-09-07,yemen,294.0,42.0,139.0,-1306.8,6.0,0.0,8.0,49.0,37.0,-211.9,3.0
2026-09-08,drc,30.0,2.0,2.0,71.3,0.0,0.0,1.0,10.0,4.0,-21.4,0.0
2026-09-08,europe_east,962.0,129.0,91.0,1171.5,1.0,3.0,38.0,80.0,33.0,-40.3,14.0
2026-09-08,iran,2108.0,506.0,498.0,-3384.3,71.0,4.0,82.0,619.0,331.0,-1312.8,36.0
2026-09-08,israel,5984.0,1328.0,1494.0,-7867.5,92.0,23.0,715.0,1064.0,606.0,-2965.1,106.0
2026-09-08,korea,858.0,76.0,85.0,1029.2,2.0,9.0,26.0,66.0,30.0,-70.2,4.0
2026-09-08,libya,46.0,6.0,13.0,-42.5,0.0,0.0,3.0,0.0,0.0,0.0,0.0
2026-09-08,scs,1383.0,148.0,125.0,1941.5,2.0,2.0,95.0,30.0,18.0,-35.3,2.0
2026-09-08,southasia,7879.0,1318.0,871.0,4152.3,19.0,10.0,386.0,7.0,2.0,2.0,0.0
2026-09-08,sudan,383.0,46.0,59.0,-19.7,5.0,3.0,9.0,7.0,6.0,-48.6,0.0
2026-09-08,taiwan,235.0,32.0,17.0,295.0,0.0,0.0,9.0,81.0,15.0,80.1,0.0
2026-09-08,ukraine,2274.0,298.0,374.0,1012.9,30.0,14.0,73.0,962.0,378.0,-365.0,40.0
2026-09-08,venezuela,218.0,28.0,13.0,502.1,0.0,0.0,7.0,33.0,13.0,2.6,4.0
2026-09-08,yemen,612.0,104.0,237.0,-2017.9,7.0,1.0,15.0,214.0,133.0,-699.7,9.0
2026-09-09,drc,44.0,6.0,15.0,-108.2,0.0,2.0,2.0,12.0,7.0,-13.7,0.0
2026-09-09,europe_east,938.0,68.0,103.0,1457.2,2.0,2.0,62.0,36.0,16.0,-42.4,3.0
2026-09-09,iran,2950.0,703.0,862.0,-7159.8,89.0,9.0,119.0,783.0,472.0,-2312.0,42.0
2026-09-09,israel,5078.0,1144.0,1274.0,-6290.8,66.0,54.0,602.0,1037.0,606.0,-2686.9,132.0
2026-09-09,korea,930.0,107.0,77.0,1475.6,2.0,13.0,21.0,80.0,10.0,218.5,5.0
2026-09-09,libya,69.0,13.0,11.0,-34.4,0.0,0.0,2.0,0.0,0.0,0.0,0.0
2026-09-09,scs,1137.0,119.0,134.0,1380.7,2.0,6.0,61.0,95.0,53.0,-144.6,3.0
2026-09-09,southasia,7793.0,1228.0,1025.0,2809.7,21.0,27.0,418.0,7.0,1.0,8.5,0.0
2026-09-09,sudan,329.0,45.0,36.0,519.5,1.0,1.0,17.0,1.0,1.0,-10.0,0.0
2026-09-09,taiwan,292.0,22.0,27.0,397.8,1.0,1.0,10.0,77.0,24.0,6.9,0.0
2026-09-09,ukraine,1996.0,228.0,383.0,75.8,30.0,9.0,79.0,744.0,340.0,-1272.2,42.0
2026-09-09,venezuela,281.0,31.0,39.0,250.7,0.0,2.0,22.0,53.0,5.0,87.9,0.0
2026-09-09,yemen,447.0,75.0,188.0,-1579.2,14.0,3.0,19.0,193.0,127.0,-824.9,2.0
2026-09-10,drc,75.0,4.0,21.0,-74.7,0.0,0.0,3.0,0.0,0.0,0.0,0.0
2026-09-10,europe_east,1009.0,93.0,122.0,1016.9,8.0,7.0,24.0,54.0,18.0,-28.3,4.0
2026-09-10,iran,2483.0,530.0,537.0,-2830.0,40.0,14.0,100.0,742.0,377.0,-1365.5,44.0
2026-09-10,israel,4120.0,770.0,856.0,-3021.3,63.0,13.0,304.0,855.0,486.0,-2329.5,72.0
2026-09-10,korea,800.0,76.0,66.0,1185.2,1.0,2.0,33.0,51.0,12.0,6.6,2.0
2026-09-10,libya,65.0,4.0,11.0,56.8,0.0,0.0,6.0,0.0,0.0,0.0,0.0
2026-09-10,scs,1181.0,122.0,121.0,1715.8,2.0,6.0,61.0,40.0,29.0,-89.3,0.0
2026-09-10,southasia,8646.0,1300.0,894.0,6790.3,32.0,39.0,384.0,10.0,0.0,9.4,0.0
2026-09-10,sudan,262.0,36.0,17.0,392.9,1.0,1.0,8.0,8.0,3.0,-10.5,1.0
2026-09-10,taiwan,233.0,24.0,26.0,255.5,0.0,0.0,13.0,27.0,14.0,-54.0,4.0
2026-09-10,ukraine,2587.0,260.0,400.0,1617.5,23.0,15.0,86.0,731.0,366.0,-1638.0,43.0
2026-09-10,venezuela,245.0,23.0,44.0,39.3,0.0,2.0,11.0,44.0,10.0,59.3,1.0
2026-09-10,yemen,777.0,122.0,300.0,-2401.2,7.0,8.0,28.0,229.0,128.0,-852.2,1.0
2026-09-11,drc,61.0,2.0,12.0,28.3,0.0,0.0,5.0,11.0,0.0,16.1,0.0
2026-09-11,europe_east,800.0,69.0,92.0,1007.0,3.0,6.0,29.0,103.0,35.0,-85.7,10.0
2026-09-11,iran,2895.0,467.0,439.0,-83.6,28.0,16.0,100.0,652.0,299.0,-921.8,42.0
2026-09-11,israel,3397.0,631.0,713.0,-2131.8,24.0,18.0,235.0,794.0,411.0,-1611.0,63.0
2026-09-11,korea,769.0,60.0,45.0,1661.9,1.0,6.0,16.0,38.0,16.0,3.8,0.0
2026-09-11,libya,76.0,3.0,7.0,157.2,0.0,0.0,4.0,0.0,0.0,0.0,0.0
2026-09-11,scs,1223.0,148.0,118.0,1407.9,0.0,6.0,58.0,66.0,38.0,-116.4,0.0
2026-09-11,southasia,9348.0,1151.0,928.0,9533.6,32.0,40.0,379.0,8.0,4.0,4.0,0.0
2026-09-11,sudan,304.0,44.0,31.0,180.4,3.0,0.0,10.0,5.0,4.0,-31.0,0.0
2026-09-11,taiwan,310.0,43.0,29.0,298.2,1.0,1.0,19.0,53.0,24.0,-15.3,4.0
2026-09-11,ukraine,1961.0,187.0,369.0,404.9,11.0,16.0,63.0,614.0,300.0,-1340.2,32.0
2026-09-11,venezuela,335.0,31.0,44.0,337.1,2.0,0.0,14.0,75.0,20.0,34.2,7.0
2026-09-11,yemen,1024.0,149.0,310.0,-1901.9,15.0,8.0,62.0,288.0,154.0,-844.1,20.0
2026-09-12,drc,36.0,5.0,10.0,-84.7,0.0,0.0,4.0,10.0,1.0,28.4,0.0
2026-09-12,europe_east,305.0,39.0,52.0,-6.8,2.0,3.0,13.0,45.0,11.0,48.3,7.0
2026-09-12,iran,2547.0,375.0,351.0,1020.0,9.0,3.0,102.0,565.0,209.0,-223.5,9.0
2026-09-12,israel,2102.0,316.0,463.0,-942.8,11.0,11.0,120.0,704.0,240.0,137.8,14.0
2026-09-12,korea,484.0,43.0,149.0,-729.2,1.0,0.0,9.0,124.0,64.0,-364.8,9.0
2026-09-12,libya,54.0,9.0,13.0,-56.5,0.0,0.0,0.0,0.0,0.0,0.0,0.0
2026-09-12,scs,691.0,48.0,57.0,1042.7,0.0,0.0,24.0,13.0,3.0,16.0,0.0
2026-09-12,southasia,8875.0,1013.0,709.0,11514.9,10.0,23.0,322.0,18.0,4.0,43.3,0.0
2026-09-12,sudan,140.0,18.0,21.0,-25.7,1.0,0.0,11.0,6.0,2.0,-10.6,0.0
2026-09-12,taiwan,236.0,22.0,21.0,283.4,0.0,0.0,7.0,53.0,11.0,-21.9,3.0
2026-09-12,ukraine,1448.0,171.0,321.0,-757.1,15.0,3.0,60.0,691.0,352.0,-1307.9,17.0
2026-09-12,venezuela,135.0,16.0,16.0,177.3,0.0,0.0,2.0,69.0,20.0,47.1,3.0
2026-09-12,yemen,778.0,109.0,226.0,-1036.1,9.0,9.0,57.0,241.0,119.0,-599.1,12.0
2026-09-13,drc,22.0,2.0,1.0,20.7,0.0,0.0,0.0,5.0,1.0,30.0,0.0
2026-09-13,europe_east,491.0,80.0,88.0,-207.0,7.0,3.0,22.0,106.0,57.0,-270.4,17.0
2026-09-13,iran,2006.0,284.0,284.0,671.6,11.0,5.0,73.0,371.0,169.0,-442.6,23.0
2026-09-13,israel,1912.0,293.0,453.0,-1586.0,11.0,4.0,148.0,535.0,267.0,-1037.6,30.0
2026-09-13,korea,319.0,24.0,34.0,263.7,1.0,5.0,2.0,31.0,10.0,-22.8,4.0
2026-09-13,libya,10.0,1.0,0.0,27.8,0.0,0.0,0.0,0.0,0.0,0.0,0.0
2026-09-13,scs,832.0,73.0,71.0,1087.0,1.0,3.0,28.0,13.0,3.0,28.0,0.0
2026-09-13,southasia,6452.0,759.0,590.0,6496.9,5.0,22.0,252.0,3.0,2.0,-14.0,0.0
2026-09-13,sudan,79.0,8.0,9.0,107.2,0.0,0.0,6.0,0.0,0.0,0.0,0.0
2026-09-13,taiwan,153.0,15.0,23.0,140.1,0.0,1.0,8.0,43.0,19.0,-52.2,8.0
2026-09-13,ukraine,1418.0,203.0,338.0,-1179.3,12.0,8.0,56.0,742.0,428.0,-1697.2,23.0
2026-09-13,venezuela,94.0,20.0,16.0,-1.1,2.0,0.0,5.0,13.0,2.0,16.3,2.0
2026-09-13,yemen,593.0,86.0,184.0,-1182.6,18.0,8.0,30.0,192.0,115.0,-766.3,12.0
2026-09-14,drc,62.0,2.0,7.0,108.9,0.0,0.0,2.0,20.0,3.0,90.1,0.0
2026-09-14,europe_east,1146.0,116.0,108.0,1308.3,14.0,10.0,23.0,190.0,111.0,-464.8,32.0
2026-09-14,iran,2596.0,431.0,496.0,-1111.4,9.0,1.0,152.0,478.0,187.0,-288.4,21.0
2026-09-14,israel,3110.0,524.0,755.0,-3158.2,28.0,4.0,227.0,698.0,355.0,-1493.3,43.0
2026-09-14,korea,872.0,98.0,109.0,829.8,1.0,4.0,12.0,112.0,49.0,-169.3,21.0
2026-09-14,libya,58.0,8.0,10.0,36.8,0.0,0.0,6.0,0.0,0.0,0.0,0.0
2026-09-14,scs,1022.0,101.0,91.0,1195.5,0.0,9.0,33.0,24.0,10.0,-50.8,1.0
2026-09-14,southasia,7081.0,955.0,834.0,4680.3,11.0,17.0,330.0,16.0,6.0,-2.3,0.0
2026-09-14,sudan,359.0,46.0,63.0,37.7,4.0,4.0,16.0,4.0,3.0,-19.8,1.0
2026-09-14,taiwan,248.0,45.0,23.0,110.8,1.0,0.0,11.0,55.0,16.0,57.9,1.0
2026-09-14,ukraine,2244.0,318.0,394.0,471.0,25.0,11.0,99.0,788.0,387.0,-1198.2,44.0
2026-09-14,venezuela,158.0,9.0,15.0,272.6,0.0,0.0,10.0,64.0,15.0,72.7,7.0
2026-09-14,yemen,675.0,59.0,195.0,-783.6,10.0,10.0,36.0,176.0,106.0,-776.3,15.0
2026-09-15,drc,96.0,26.0,18.0,-119.9,0.0,2.0,12.0,20.0,13.0,-7.7,0.0
2026-09-15,europe_east,1311.0,151.0,198.0,580.4,10.0,10.0,32.0,181.0,81.0,-319.2,23.0
2026-09-15,iran,2333.0,442.0,431.0,-750.4,16.0,4.0,157.0,560.0,258.0,-688.8,32.0
2026-09-15,israel,3143.0,489.0,733.0,-2825.3,17.0,15.0,199.0,618.0,355.0,-2011.2,47.0
2026-09-15,korea,850.0,61.0,91.0,1347.9,1.0,7.0,25.0,29.0,23.0,-182.0,10.0
2026-09-15,libya,124.0,18.0,27.0,-11.4,0.0,1.0,19.0,0.0,0.0,0.0,0.0
2026-09-15,scs,948.0,102.0,71.0,1546.7,0.0,5.0,44.0,44.0,20.0,-11.2,3.0
2026-09-15,southasia,7358.0,983.0,704.0,6832.2,33.0,22.0,277.0,13.0,11.0,-42.0,0.0
2026-09-15,sudan,365.0,51.0,55.0,154.0,1.0,3.0,21.0,4.0,2.0,-16.6,0.0
2026-09-15,taiwan,298.0,40.0,31.0,226.7,0.0,1.0,22.0,71.0,19.0,8.1,8.0
2026-09-15,ukraine,1765.0,278.0,406.0,-1237.7,26.0,8.0,66.0,726.0,337.0,-888.2,33.0
2026-09-15,venezuela,286.0,50.0,60.0,-112.0,2.0,0.0,28.0,84.0,29.0,37.6,12.0
2026-09-15,yemen,793.0,137.0,236.0,-1363.0,11.0,5.0,24.0,216.0,149.0,-788.0,9.0
2026-09-16,drc,143.0,37.0,40.0,-353.3,0.0,3.0,27.0,35.0,20.0,-30.6,0.0
2026-09-16,europe_east,1000.0,94.0,132.0,775.2,1.0,6.0,43.0,147.0,68.0,-287.8,18.0
2026-09-16,iran,2400.0,415.0,453.0,-1267.1,19.0,6.0,112.0,554.0,231.0,-746.2,31.0
2026-09-16,israel,4000.0,619.0,840.0,-1635.4,19.0,25.0,335.0,777.0,387.0,-1682.3,62.0
2026-09-16,korea,1234.0,84.0,117.0,2405.0,1.0,11.0,72.0,83.0,47.0,-100.8,13.0
2026-09-16,libya,34.0,4.0,5.0,42.0,0.0,0.0,1.0,0.0,0.0,0.0,0.0
2026-09-16,scs,1295.0,137.0,149.0,1040.0,0.0,15.0,59.0,60.0,21.0,37.4,1.0
2026-09-16,southasia,7886.0,1301.0,861.0,4537.7,15.0,15.0,399.0,96.0,43.0,-47.0,7.0
2026-09-16,sudan,330.0,48.0,61.0,-105.2,2.0,4.0,14.0,10.0,10.0,-100.0,0.0
2026-09-16,taiwan,272.0,34.0,18.0,364.7,0.0,1.0,11.0,59.0,10.0,22.6,0.0
2026-09-16,ukraine,1792.0,204.0,387.0,-248.3,9.0,9.0,79.0,476.0,264.0,-1211.0,29.0
2026-09-16,venezuela,432.0,60.0,81.0,31.3,4.0,0.0,44.0,97.0,56.0,-166.1,33.0
2026-09-16,yemen,864.0,142.0,265.0,-1790.0,12.0,5.0,45.0,421.0,269.0,-1785.7,23.0
2026-09-17,drc,57.0,9.0,13.0,-9.4,0.0,1.0,8.0,8.0,0.0,20.0,0.0
2026-09-17,europe_east,980.0,100.0,136.0,772.2,6.0,9.0,56.0,98.0,42.0,-141.4,11.0
2026-09-17,iran,2523.0,378.0,398.0,149.3,15.0,17.0,132.0,627.0,204.0,-89.0,11.0
2026-09-17,israel,4530.0,761.0,847.0,-1266.6,28.0,24.0,346.0,877.0,481.0,-2049.6,58.0
2026-09-17,korea,1057.0,93.0,73.0,2080.9,5.0,9.0,30.0,69.0,9.0,95.6,2.0
2026-09-17,libya,67.0,4.0,10.0,71.2,0.0,0.0,4.0,4.0,0.0,20.7,0.0
2026-09-17,scs,1036.0,123.0,125.0,868.6,1.0,0.0,75.0,69.0,24.0,29.5,3.0
2026-09-17,southasia,8364.0,1146.0,890.0,6803.0,11.0,13.0,374.0,48.0,20.0,-49.6,1.0
2026-09-17,sudan,337.0,34.0,56.0,-43.6,1.0,2.0,2.0,5.0,4.0,-36.6,0.0
2026-09-17,taiwan,380.0,51.0,19.0,600.0,0.0,1.0,5.0,80.0,19.0,68.9,7.0
2026-09-17,ukraine,1836.0,220.0,362.0,67.7,12.0,5.0,90.0,666.0,314.0,-838.1,26.0
2026-09-17,venezuela,398.0,49.0,89.0,-12.8,0.0,0.0,43.0,138.0,49.0,-56.0,10.0
2026-09-17,yemen,544.0,66.0,145.0,-684.1,8.0,2.0,17.0,218.0,115.0,-567.0,10.0
2026-09-18,drc,46.0,13.0,15.0,-137.2,0.0,0.0,12.0,0.0,0.0,0.0,0.0
2026-09-18,europe_east,1014.0,110.0,122.0,1277.8,6.0,9.0,60.0,154.0,77.0,-314.8,15.0
2026-09-18,iran,2236.0,332.0,372.0,219.6,20.0,11.0,122.0,557.0,138.0,478.3,20.0
2026-09-18,israel,3258.0,559.0,663.0,-1810.8,19.0,7.0,273.0,686.0,343.0,-1300.4,61.0
2026-09-18,korea,782.0,120.0,75.0,838.7,9.0,24.0,18.0,76.0,14.0,136.2,2.0
2026-09-18,libya,75.0,4.0,22.0,-33.7,0.0,0.0,15.0,2.0,2.0,-10.0,2.0
2026-09-18,scs,1358.0,160.0,246.0,-100.7,2.0,3.0,57.0,77.0,51.0,-159.6,3.0
2026-09-18,southasia,8169.0,1165.0,1071.0,4581.3,17.0,28.0,401.0,29.0,15.0,-91.3,4.0
2026-09-18,sudan,293.0,33.0,87.0,-465.5,1.0,0.0,12.0,11.0,8.0,-44.7,0.0
2026-09-18,taiwan,284.0,23.0,20.0,342.0,2.0,3.0,7.0,44.0,9.0,63.1,1.0
2026-09-18,ukraine,1717.0,194.0,299.0,333.6,15.0,5.0,84.0,577.0,266.0,-1065.1,37.0
2026-09-18,venezuela,497.0,67.0,80.0,264.3,5.0,0.0,49.0,186.0,56.0,16.8,14.0
2026-09-18,yemen,429.0,44.0,139.0,-521.9,7.0,1.0,30.0,163.0,95.0,-619.6,12.0
2026-09-19,drc,18.0,2.0,3.0,-9.4,0.0,0.0,1.0,0.0,0.0,0.0,0.0
2026-09-19,europe_east,492.0,48.0,39.0,735.8,2.0,5.0,12.0,49.0,33.0,-132.5,13.0
2026-09-19,iran,1631.0,226.0,275.0,72.9,11.0,7.0,108.0,422.0,133.0,213.3,22.0
2026-09-19,israel,2333.0,313.0,545.0,-2035.3,6.0,9.0,182.0,494.0,277.0,-1448.5,49.0
2026-09-19,korea,485.0,75.0,64.0,494.0,3.0,3.0,12.0,89.0,10.0,386.1,3.0
2026-09-19,libya,21.0,0.0,5.0,50.0,0.0,0.0,3.0,0.0,0.0,0.0,0.0
2026-09-19,scs,667.0,72.0,82.0,380.5,2.0,0.0,23.0,39.0,18.0,29.8,0.0
2026-09-19,southasia,6117.0,936.0,853.0,1702.7,11.0,18.0,323.0,26.0,15.0,-111.0,0.0
2026-09-19,sudan,214.0,14.0,40.0,111.5,1.0,0.0,7.0,6.0,4.0,-32.7,0.0
2026-09-19,taiwan,256.0,33.0,15.0,320.3,0.0,0.0,7.0,66.0,20.0,51.8,8.0
2026-09-19,ukraine,1332.0,162.0,250.0,156.8,4.0,8.0,47.0,409.0,240.0,-1001.6,36.0
2026-09-19,venezuela,378.0,27.0,52.0,411.0,0.0,0.0,29.0,168.0,19.0,218.3,7.0
2026-09-19,yemen,572.0,74.0,177.0,-999.7,3.0,1.0,31.0,169.0,96.0,-578.4,10.0
2026-09-20,drc,12.0,0.0,0.0,33.8,0.0,0.0,0.0,0.0,0.0,0.0,0.0
2026-09-20,europe_east,300.0,27.0,33.0,576.5,3.0,1.0,11.0,41.0,22.0,-54.5,6.0
2026-09-20,iran,1770.0,334.0,270.0,-91.7,28.0,18.0,75.0,599.0,223.0,-229.0,37.0
2026-09-20,israel,2228.0,340.0,607.0,-3050.4,12.0,23.0,144.0,515.0,376.0,-2803.4,27.0
2026-09-20,korea,905.0,129.0,197.0,-179.4,3.0,10.0,38.0,213.0,118.0,-662.4,18.0
2026-09-20,libya,36.0,3.0,0.0,23.8,0.0,0.0,0.0,0.0,0.0,0.0,0.0
2026-09-20,scs,601.0,108.0,80.0,76.7,4.0,6.0,21.0,46.0,12.0,42.9,0.0
2026-09-20,southasia,5084.0,842.0,768.0,-288.1,8.0,32.0,244.0,20.0,11.0,-68.8,1.0
2026-09-20,sudan,198.0,20.0,27.0,179.5,0.0,0.0,11.0,4.0,3.0,-2.6,0.0
2026-09-20,taiwan,180.0,16.0,12.0,333.3,0.0,1.0,9.0,106.0,23.0,173.1,2.0
2026-09-20,ukraine,1032.0,160.0,257.0,-1267.4,12.0,6.0,25.0,512.0,323.0,-1612.9,18.0
2026-09-20,venezuela,226.0,23.0,26.0,308.2,0.0,0.0,18.0,50.0,12.0,60.9,5.0
2026-09-20,yemen,462.0,104.0,156.0,-1228.3,6.0,1.0,23.0,214.0,128.0,-709.8,11.0
2026-09-21,drc,17.0,2.0,1.0,10.3,0.0,0.0,1.0,5.0,0.0,17.0,0.0
2026-09-21,europe_east,721.0,110.0,80.0,515.4,4.0,1.0,24.0,88.0,54.0,-217.6,12.0
2026-09-21,iran,2615.0,460.0,339.0,496.5,58.0,24.0,121.0,858.0,331.0,-393.5,56.0
2026-09-21,israel,2781.0,480.0,685.0,-3004.5,17.0,13.0,226.0,617.0,369.0,-2277.1,73.0
2026-09-21,korea,953.0,76.0,126.0,1035.9,6.0,8.0,36.0,129.0,47.0,-126.0,14.0
2026-09-21,libya,48.0,3.0,1.0,122.1,0.0,0.0,0.0,0.0,0.0,0.0,0.0
2026-09-21,scs,955.0,103.0,134.0,699.9,0.0,2.0,57.0,53.0,20.0,42.2,0.0
2026-09-21,southasia,7535.0,1300.0,1024.0,1296.1,39.0,28.0,369.0,18.0,12.0,-65.7,7.0
2026-09-21,sudan,459.0,76.0,78.0,-109.0,4.0,2.0,17.0,12.0,12.0,-118.0,0.0
2026-09-21,taiwan,262.0,28.0,4.0,444.3,0.0,0.0,2.0,117.0,31.0,128.3,4.0
2026-09-21,ukraine,2114.0,315.0,322.0,557.2,15.0,7.0,70.0,788.0,370.0,-1175.3,46.0
2026-09-21,venezuela,629.0,67.0,97.0,356.9,1.0,0.0,28.0,247.0,79.0,-135.5,13.0
2026-09-21,yemen,585.0,93.0,173.0,-918.3,8.0,1.0,38.0,316.0,143.0,-442.0,17.0
2026-09-22,drc,54.0,3.0,0.0,245.8,0.0,0.0,0.0,0.0,0.0,0.0,0.0
2026-09-22,europe_east,955.0,118.0,79.0,1225.8,3.0,6.0,30.0,100.0,44.0,-107.2,3.0
2026-09-22,iran,4176.0,540.0,438.0,4244.7,28.0,23.0,177.0,1203.0,334.0,992.9,65.0
2026-09-22,israel,3813.0,714.0,777.0,-2310.1,9.0,14.0,274.0,769.0,398.0,-1756.0,58.0
2026-09-22,korea,915.0,93.0,91.0,1148.6,4.0,1.0,33.0,194.0,46.0,234.6,7.0
2026-09-22,libya,64.0,12.0,2.0,103.3,0.0,0.0,1.0,0.0,0.0,0.0,0.0
2026-09-22,scs,950.0,107.0,64.0,1216.1,0.0,4.0,21.0,60.0,26.0,51.5,2.0
2026-09-22,southasia,7768.0,1222.0,934.0,3120.7,19.0,14.0,354.0,15.0,9.0,-4.3,0.0
2026-09-22,sudan,393.0,65.0,24.0,386.5,4.0,0.0,8.0,0.0,0.0,0.0,0.0
2026-09-22,taiwan,558.0,56.0,46.0,849.6,1.0,0.0,29.0,172.0,35.0,235.9,2.0
2026-09-22,ukraine,2963.0,335.0,347.0,3030.5,22.0,14.0,108.0,765.0,328.0,-775.6,27.0
2026-09-22,venezuela,705.0,79.0,113.0,259.3,1.0,7.0,34.0,333.0,82.0,358.9,16.0
2026-09-22,yemen,775.0,116.0,254.0,-1599.6,12.0,2.0,23.0,281.0,177.0,-1030.9,9.0
2026-09-23,drc,27.0,2.0,1.0,51.5,0.0,0.0,0.0,2.0,0.0,10.0,0.0
2026-09-23,europe_east,1162.0,142.0,149.0,670.8,10.0,20.0,51.0,259.0,154.0,-672.2,49.0
2026-09-23,iran,4057.0,740.0,438.0,2201.7,56.0,11.0,157.0,1328.0,408.0,800.5,55.0
2026-09-23,israel,4559.0,911.0,859.0,-3045.4,32.0,13.0,249.0,957.0,508.0,-1858.8,70.0
2026-09-23,korea,762.0,81.0,93.0,714.2,1.0,6.0,43.0,166.0,38.0,241.3,16.0
2026-09-23,libya,41.0,12.0,2.0,-5.7,0.0,0.0,1.0,0.0,0.0,0.0,0.0
2026-09-23,scs,1678.0,206.0,180.0,1913.8,2.0,0.0,107.0,26.0,15.0,17.8,0.0
2026-09-23,southasia,8362.0,1387.0,978.0,4158.8,26.0,31.0,368.0,18.0,15.0,-39.2,0.0
2026-09-23,sudan,506.0,95.0,37.0,297.8,4.0,1.0,10.0,3.0,2.0,-16.6,0.0
2026-09-23,taiwan,472.0,49.0,19.0,852.5,1.0,0.0,9.0,204.0,47.0,258.4,1.0
2026-09-23,ukraine,2739.0,337.0,374.0,1770.4,21.0,15.0,93.0,912.0,439.0,-1210.5,32.0
2026-09-23,venezuela,714.0,91.0,120.0,150.2,5.0,0.0,49.0,315.0,75.0,117.6,15.0
2026-09-23,yemen,382.0,57.0,120.0,-634.2,7.0,0.0,18.0,181.0,122.0,-962.3,0.0
2026-09-24,drc,37.0,3.0,8.0,-33.1,0.0,0.0,0.0,10.0,4.0,3.0,4.0
2026-09-24,europe_east,1245.0,152.0,169.0,716.9,13.0,7.0,42.0,156.0,80.0,-247.0,25.0
2026-09-24,iran,3786.0,736.0,532.0,-323.6,80.0,7.0,214.0,1280.0,469.0,89.6,69.0
2026-09-24,israel,5491.0,1122.0,975.0,-3347.7,22.0,19.0,363.0,980.0,501.0,-1905.8,63.0
2026-09-24,korea,769.0,69.0,63.0,1263.1,1.0,12.0,27.0,116.0,10.0,277.9,0.0
2026-09-24,libya,56.0,1.0,2.0,33.9,0.0,0.0,1.0,0.0,0.0,0.0,0.0
2026-09-24,scs,1417.0,151.0,141.0,1651.5,10.0,5.0,71.0,48.0,10.0,30.6,4.0
2026-09-24,southasia,7816.0,1398.0,973.0,2159.4,23.0,26.0,405.0,7.0,3.0,-8.0,0.0
2026-09-24,sudan,427.0,66.0,54.0,115.8,7.0,3.0,17.0,7.0,5.0,-43.2,0.0
2026-09-24,taiwan,592.0,56.0,42.0,903.0,0.0,5.0,16.0,220.0,26.0,346.0,2.0
2026-09-24,ukraine,2541.0,292.0,449.0,352.1,20.0,10.0,105.0,717.0,343.0,-1057.3,42.0
2026-09-24,venezuela,491.0,63.0,51.0,352.1,1.0,0.0,12.0,183.0,47.0,49.2,11.0
2026-09-24,yemen,413.0,61.0,104.0,-412.2,6.0,0.0,8.0,142.0,83.0,-476.7,4.0
2026-09-25,drc,61.0,1.0,6.0,49.0,0.0,0.0,0.0,1.0,1.0,-2.0,0.0
2026-09-25,europe_east,871.0,102.0,95.0,801.5,2.0,11.0,42.0,94.0,45.0,-125.9,9.0
2026-09-25,iran,3060.0,553.0,439.0,542.4,28.0,5.0,222.0,981.0,310.0,345.0,30.0
2026-09-25,israel,5619.0,1221.0,1000.0,-4104.6,27.0,9.0,431.0,1051.0,512.0,-1994.0,53.0
2026-09-25,korea,726.0,77.0,65.0,789.1,7.0,9.0,17.0,77.0,22.0,60.5,4.0
2026-09-25,libya,59.0,11.0,5.0,21.9,0.0,0.0,3.0,0.0,0.0,0.0,0.0
2026-09-25,scs,1418.0,148.0,148.0,1784.0,10.0,1.0,86.0,54.0,16.0,13.5,0.0
2026-09-25,southasia,8177.0,1606.0,1108.0,-19.0,27.0,57.0,527.0,6.0,4.0,-13.6,0.0
2026-09-25,sudan,358.0,47.0,49.0,110.5,2.0,0.0,22.0,13.0,6.0,-42.0,0.0
2026-09-25,taiwan,497.0,62.0,24.0,675.0,0.0,2.0,8.0,177.0,42.0,142.7,0.0
2026-09-25,ukraine,2195.0,234.0,386.0,739.3,12.0,14.0,87.0,616.0,300.0,-1017.1,23.0
2026-09-25,venezuela,327.0,61.0,39.0,35.8,0.0,0.0,20.0,103.0,25.0,24.8,3.0
2026-09-25,yemen,448.0,80.0,114.0,-491.1,5.0,0.0,16.0,191.0,106.0,-434.3,1.0
2026-09-26,drc,61.0,6.0,15.0,-51.8,0.0,0.0,1.0,0.0,0.0,0.0,0.0
2026-09-26,europe_east,338.0,46.0,64.0,-158.4,1.0,6.0,18.0,42.0,19.0,-66.5,2.0
2026-09-26,iran,2337.0,446.0,294.0,1191.6,23.0,16.0,143.0,1000.0,364.0,576.2,18.0
2026-09-26,israel,2424.0,497.0,465.0,-2181.5,20.0,21.0,150.0,559.0,301.0,-1442.4,42.0
2026-09-26,korea,219.0,20.0,18.0,256.7,0.0,2.0,6.0,22.0,0.0,65.9,0.0
2026-09-26,libya,45.0,8.0,11.0,-37.6,0.0,1.0,2.0,3.0,3.0,-30.0,0.0
2026-09-26,scs,792.0,73.0,46.0,1459.4,2.0,1.0,33.0,32.0,13.0,29.3,4.0
2026-09-26,southasia,7135.0,1275.0,828.0,1320.6,16.0,17.0,288.0,35.0,24.0,-63.0,1.0
2026-09-26,sudan,143.0,40.0,11.0,79.0,7.0,0.0,1.0,7.0,7.0,-70.0,0.0
2026-09-26,taiwan,269.0,38.0,16.0,217.2,0.0,2.0,8.0,129.0,17.0,196.4,4.0
2026-09-26,ukraine,1333.0,187.0,266.0,-617.6,7.0,6.0,52.0,589.0,265.0,-880.7,18.0
2026-09-26,venezuela,302.0,63.0,25.0,154.2,0.0,1.0,14.0,55.0,10.0,44.4,3.0
2026-09-26,yemen,323.0,54.0,76.0,-202.6,0.0,1.0,18.0,96.0,42.0,-159.2,2.0
2026-09-27,drc,60.0,9.0,22.0,-158.6,0.0,0.0,9.0,5.0,0.0,29.2,0.0
2026-09-27,europe_east,391.0,86.0,45.0,-35.9,18.0,7.0,14.0,56.0,38.0,-175.4,15.0
2026-09-27,iran,2270.0,478.0,310.0,-50.1,29.0,14.0,131.0,758.0,335.0,-571.2,32.0
2026-09-27,israel,2897.0,592.0,640.0,-3148.9,41.0,12.0,226.0,731.0,397.0,-1596.2,74.0
2026-09-27,korea,272.0,21.0,35.0,188.8,0.0,4.0,9.0,33.0,7.0,33.1,0.0
2026-09-27,libya,40.0,4.0,8.0,48.7,0.0,0.0,4.0,0.0,0.0,0.0,0.0
2026-09-27,scs,683.0,87.0,64.0,872.8,0.0,0.0,33.0,60.0,22.0,-8.4,0.0
2026-09-27,southasia,5563.0,1036.0,750.0,-545.0,19.0,26.0,214.0,18.0,9.0,-44.6,3.0
2026-09-27,sudan,198.0,48.0,26.0,-132.4,0.0,1.0,2.0,6.0,6.0,-59.0,0.0
2026-09-27,taiwan,252.0,26.0,15.0,280.2,0.0,1.0,4.0,81.0,11.0,68.9,6.0
2026-09-27,ukraine,993.0,182.0,270.0,-1562.0,10.0,3.0,35.0,362.0,220.0,-1197.1,10.0
2026-09-27,venezuela,272.0,40.0,32.0,210.7,0.0,1.0,22.0,71.0,14.0,104.5,6.0
2026-09-27,yemen,329.0,73.0,84.0,-480.2,1.0,0.0,12.0,84.0,33.0,-51.8,2.0
2026-09-28,drc,69.0,8.0,5.0,136.8,0.0,1.0,0.0,6.0,0.0,20.3,0.0
2026-09-28,europe_east,789.0,100.0,93.0,584.2,14.0,10.0,34.0,107.0,69.0,-386.1,28.0
2026-09-28,iran,2783.0,512.0,417.0,125.9,26.0,12.0,195.0,804.0,255.0,-65.0,30.0
2026-09-28,israel,3770.0,679.0,735.0,-2194.4,57.0,14.0,277.0,767.0,366.0,-1265.6,66.0
2026-09-28,korea,935.0,108.0,118.0,652.5,2.0,8.0,27.0,201.0,55.0,115.6,7.0
2026-09-28,libya,31.0,0.0,1.0,87.8,0.0,0.0,1.0,0.0,0.0,0.0,0.0
2026-09-28,scs,1175.0,157.0,137.0,1015.0,1.0,1.0,75.0,57.0,32.0,-66.3,1.0
2026-09-28,southasia,7970.0,1555.0,1031.0,63.4,27.0,33.0,412.0,21.0,9.0,-14.0,8.0
2026-09-28,sudan,339.0,58.0,53.0,28.8,0.0,2.0,12.0,9.0,6.0,-41.6,0.0
2026-09-28,taiwan,590.0,59.0,43.0,925.1,1.0,0.0,23.0,243.0,33.0,486.1,2.0
2026-09-28,ukraine,1499.0,220.0,348.0,-1185.5,11.0,14.0,47.0,495.0,296.0,-1672.1,32.0
2026-09-28,venezuela,265.0,46.0,35.0,-44.7,2.0,0.0,19.0,72.0,18.0,9.1,9.0
2026-09-28,yemen,268.0,52.0,69.0,-435.9,0.0,0.0,9.0,92.0,40.0,-26.0,0.0
2026-09-29,drc,19.0,2.0,6.0,-45.0,0.0,0.0,0.0,2.0,0.0,14.4,0.0
2026-09-29,europe_east,843.0,130.0,114.0,335.6,4.0,7.0,44.0,136.0,87.0,-375.5,18.0
2026-09-29,iran,2626.0,449.0,336.0,633.6,22.0,7.0,127.0,732.0,224.0,325.8,13.0
2026-09-29,israel,3976.0,710.0,878.0,-3764.8,38.0,7.0,292.0,783.0,444.0,-2412.0,65.0
2026-09-29,korea,763.0,89.0,79.0,806.9,1.0,10.0,41.0,98.0,33.0,3.2,0.0
2026-09-29,libya,140.0,7.0,11.0,214.6,0.0,0.0,7.0,1.0,0.0,-2.0,0.0
2026-09-29,scs,1276.0,143.0,182.0,973.5,1.0,0.0,107.0,30.0,4.0,38.9,0.0
2026-09-29,southasia,7914.0,1341.0,1117.0,551.4,21.0,12.0,446.0,14.0,5.0,0.2,1.0
2026-09-29,sudan,576.0,111.0,60.0,372.8,3.0,0.0,27.0,14.0,9.0,-75.6,0.0
2026-09-29,taiwan,398.0,52.0,18.0,579.8,0.0,0.0,8.0,99.0,11.0,96.0,2.0
2026-09-29,ukraine,1709.0,192.0,331.0,-7.8,11.0,15.0,71.0,497.0,259.0,-1026.9,40.0
2026-09-29,venezuela,333.0,55.0,69.0,-39.0,0.0,0.0,22.0,92.0,48.0,-305.0,10.0
2026-09-29,yemen,267.0,30.0,63.0,-266.6,2.0,1.0,7.0,126.0,47.0,-104.8,4.0
2026-09-30,drc,23.0,1.0,1.0,68.8,0.0,0.0,0.0,14.0,0.0,57.5,0.0
2026-09-30,europe_east,1028.0,127.0,74.0,1390.4,3.0,4.0,32.0,93.0,51.0,-151.3,6.0
2026-09-30,iran,2243.0,387.0,333.0,222.3,12.0,14.0,118.0,704.0,268.0,-219.3,14.0
2026-09-30,israel,5520.0,795.0,1080.0,-3003.5,65.0,10.0,355.0,749.0,437.0,-2176.5,49.0
2026-09-30,korea,862.0,113.0,77.0,846.7,8.0,8.0,16.0,103.0,36.0,-39.2,3.0
2026-09-30,libya,204.0,9.0,8.0,353.7,0.0,0.0,3.0,1.0,1.0,-5.0,1.0
2026-09-30,scs,1154.0,136.0,158.0,757.6,0.0,8.0,77.0,45.0,19.0,-47.3,0.0
2026-09-30,southasia,7517.0,1350.0,977.0,517.9,14.0,13.0,314.0,42.0,20.0,-41.1,6.0
2026-09-30,sudan,451.0,82.0,78.0,27.9,3.0,0.0,39.0,6.0,4.0,-24.0,0.0
2026-09-30,taiwan,446.0,69.0,24.0,528.9,0.0,2.0,10.0,153.0,45.0,-5.7,4.0
2026-09-30,ukraine,1606.0,177.0,297.0,204.7,9.0,10.0,42.0,522.0,256.0,-992.8,26.0
2026-09-30,venezuela,316.0,53.0,80.0,-322.3,0.0,4.0,28.0,61.0,41.0,-247.3,10.0
2026-09-30,yemen,183.0,33.0,48.0,-271.6,4.0,0.0,1.0,52.0,32.0,-150.9,5.0
2026-10-01,drc,37.0,1.0,3.0,113.3,0.0,0.0,1.0,8.0,3.0,-7.2,1.0
2026-10-01,europe_east,968.0,109.0,71.0,1417.2,3.0,3.0,34.0,106.0,53.0,-148.7,12.0
2026-10-01,iran,2385.0,461.0,465.0,-1708.9,38.0,10.0,156.0,869.0,355.0,-680.7,53.0
2026-10-01,israel,5711.0,725.0,917.0,-27.5,52.0,22.0,284.0,747.0,362.0,-1494.9,49.0
2026-10-01,korea,673.0,88.0,42.0,892.8,5.0,2.0,14.0,57.0,17.0,74.0,0.0
2026-10-01,libya,58.0,9.0,3.0,60.5,0.0,0.0,0.0,0.0,0.0,0.0,0.0
2026-10-01,scs,1456.0,142.0,154.0,1482.9,1.0,4.0,67.0,41.0,5.0,95.6,0.0
2026-10-01,southasia,8371.0,1377.0,986.0,3063.0,24.0,34.0,384.0,16.0,6.0,-7.0,0.0
2026-10-01,sudan,324.0,57.0,59.0,-79.3,4.0,0.0,12.0,15.0,13.0,-84.3,2.0
2026-10-01,taiwan,315.0,40.0,29.0,375.2,0.0,0.0,17.0,89.0,34.0,-52.4,6.0
2026-10-01,ukraine,1332.0,198.0,286.0,-819.1,8.0,5.0,59.0,502.0,279.0,-1187.9,27.0
2026-10-01,venezuela,310.0,44.0,42.0,118.8,0.0,0.0,10.0,95.0,23.0,40.5,6.0
2026-10-01,yemen,279.0,60.0,90.0,-671.3,1.0,0.0,3.0,75.0,32.0,-118.3,4.0
2026-10-02,drc,36.0,6.0,6.0,-16.5,0.0,2.0,3.0,0.0,0.0,0.0,0.0
2026-10-02,europe_east,717.0,57.0,61.0,1018.3,3.0,1.0,28.0,60.0,30.0,-113.4,10.0
2026-10-02,iran,2213.0,382.0,391.0,-661.8,29.0,12.0,128.0,626.0,241.0,-421.1,41.0
2026-10-02,israel,4340.0,684.0,696.0,-865.0,37.0,6.0,243.0,671.0,314.0,-1218.2,36.0
2026-10-02,korea,807.0,112.0,97.0,440.7,5.0,1.0,22.0,76.0,31.0,-76.5,5.0
2026-10-02,libya,79.0,10.0,18.0,-35.5,0.0,1.0,6.0,0.0,0.0,0.0,0.0
2026-10-02,scs,1131.0,111.0,112.0,1434.2,0.0,0.0,70.0,96.0,30.0,-18.3,7.0
2026-10-02,southasia,7908.0,1350.0,998.0,1109.8,25.0,57.0,378.0,25.0,5.0,22.3,0.0
2026-10-02,sudan,305.0,56.0,48.0,-20.1,1.0,3.0,12.0,6.0,4.0,-32.2,0.0
2026-10-02,taiwan,324.0,41.0,24.0,527.7,0.0,1.0,12.0,71.0,23.0,26.6,1.0
2026-10-02,ukraine,1749.0,233.0,251.0,572.9,18.0,9.0,73.0,541.0,265.0,-973.4,28.0
2026-10-02,venezuela,453.0,61.0,90.0,-27.7,1.0,3.0,56.0,171.0,61.0,-65.5,33.0
2026-10-02,yemen,493.0,63.0,182.0,-1370.0,4.0,1.0,20.0,114.0,70.0,-395.7,1.0
2026-10-03,drc,26.0,7.0,5.0,-37.0,0.0,0.0,2.0,0.0,0.0,0.0,0.0
2026-10-03,europe_east,399.0,51.0,47.0,229.3,0.0,3.0,18.0,54.0,18.0,-45.5,2.0
2026-10-03,iran,1699.0,261.0,306.0,-108.7,15.0,5.0,127.0,425.0,160.0,-69.5,20.0
2026-10-03,israel,3195.0,435.0,660.0,-1865.0,25.0,5.0,168.0,510.0,266.0,-1370.3,35.0
2026-10-03,korea,572.0,83.0,101.0,-318.0,7.0,4.0,6.0,169.0,83.0,-436.3,19.0
2026-10-03,libya,34.0,5.0,5.0,24.9,0.0,0.0,5.0,0.0,0.0,0.0,0.0
2026-10-03,scs,591.0,65.0,45.0,579.1,0.0,4.0,9.0,83.0,40.0,-102.0,0.0
2026-10-03,southasia,6559.0,1270.0,904.0,-943.8,7.0,35.0,398.0,19.0,9.0,-19.6,1.0
2026-10-03,sudan,154.0,25.0,44.0,-170.0,0.0,3.0,11.0,5.0,4.0,-31.0,0.0
2026-10-03,taiwan,181.0,19.0,27.0,103.9,2.0,6.0,18.0,36.0,2.0,20.3,0.0
2026-10-03,ukraine,1005.0,155.0,219.0,-874.2,10.0,2.0,26.0,404.0,238.0,-1223.4,18.0
2026-10-03,venezuela,305.0,24.0,122.0,-650.8,0.0,0.0,76.0,94.0,58.0,-203.5,38.0
2026-10-03,yemen,379.0,45.0,144.0,-939.8,6.0,0.0,13.0,145.0,77.0,-328.4,6.0
2026-10-04,drc,12.0,7.0,4.0,-52.9,0.0,0.0,0.0,0.0,0.0,0.0,0.0
2026-10-04,europe_east,314.0,36.0,25.0,241.7,0.0,1.0,5.0,32.0,11.0,-24.5,1.0
2026-10-04,iran,1515.0,248.0,270.0,-219.3,18.0,6.0,94.0,460.0,193.0,-319.0,22.0
2026-10-04,israel,3086.0,459.0,601.0,-2055.5,21.0,8.0,152.0,541.0,304.0,-1573.1,30.0
2026-10-04,korea,462.0,101.0,53.0,-220.9,14.0,2.0,14.0,80.0,41.0,-200.1,11.0
2026-10-04,libya,3.0,0.0,1.0,-3.0,0.0,0.0,1.0,0.0,0.0,0.0,0.0
2026-10-04,scs,836.0,73.0,49.0,1522.5,2.0,0.0,35.0,76.0,33.0,-79.2,9.0
2026-10-04,southasia,5966.0,1128.0,760.0,710.8,8.0,27.0,297.0,27.0,14.0,-43.1,6.0
2026-10-04,sudan,176.0,20.0,53.0,-183.7,0.0,0.0,8.0,11.0,4.0,-21.5,0.0
2026-10-04,taiwan,228.0,33.0,47.0,-27.5,0.0,1.0,23.0,32.0,6.0,71.3,0.0
2026-10-04,ukraine,1542.0,256.0,249.0,-219.6,29.0,1.0,20.0,667.0,366.0,-1408.2,46.0
2026-10-04,venezuela,122.0,16.0,35.0,-185.0,0.0,0.0,19.0,23.0,6.0,8.0,3.0
2026-10-04,yemen,492.0,82.0,173.0,-1329.7,7.0,16.0,5.0,122.0,67.0,-398.6,3.0
2026-10-05,drc,34.0,2.0,8.0,-48.1,0.0,1.0,1.0,6.0,0.0,14.1,0.0
2026-10-05,europe_east,780.0,111.0,77.0,751.4,2.0,9.0,21.0,75.0,36.0,-33.1,12.0
2026-10-05,iran,2129.0,369.0,375.0,-259.3,31.0,15.0,116.0,422.0,172.0,-230.2,28.0
2026-10-05,israel,4173.0,734.0,982.0,-4266.5,55.0,28.0,328.0,670.0,371.0,-1802.8,60.0
2026-10-05,korea,501.0,76.0,45.0,497.4,1.0,0.0,23.0,47.0,14.0,30.0,1.0
2026-10-05,libya,46.0,9.0,11.0,-43.0,0.0,0.0,5.0,0.0,0.0,0.0,0.0
2026-10-05,scs,1268.0,121.0,86.0,2105.1,1.0,1.0,46.0,69.0,31.0,29.5,0.0
2026-10-05,southasia,8393.0,1475.0,1048.0,2617.6,30.0,44.0,453.0,24.0,14.0,-43.3,10.0
2026-10-05,sudan,461.0,55.0,57.0,284.1,0.0,0.0,13.0,10.0,3.0,-7.6,0.0
2026-10-05,taiwan,593.0,91.0,83.0,-4.4,1.0,5.0,63.0,223.0,75.0,-109.0,23.0
2026-10-05,ukraine,1504.0,224.0,297.0,-256.1,24.0,9.0,54.0,621.0,408.0,-2069.8,52.0
2026-10-05,venezuela,329.0,53.0,37.0,215.4,0.0,2.0,21.0,53.0,18.0,-16.3,8.0
2026-10-05,yemen,970.0,166.0,343.0,-2528.2,31.0,17.0,27.0,400.0,175.0,-823.3,9.0
2026-10-06,drc,70.0,5.0,2.0,155.7,0.0,0.0,2.0,47.0,14.0,61.4,0.0
2026-10-06,europe_east,1020.0,117.0,126.0,958.2,7.0,9.0,49.0,101.0,57.0,-134.3,21.0
2026-10-06,iran,2024.0,410.0,339.0,-839.7,36.0,3.0,115.0,728.0,275.0,-195.6,25.0
2026-10-06,israel,4352.0,749.0,977.0,-3788.3,55.0,25.0,332.0,688.0,362.0,-1541.9,50.0
2026-10-06,korea,664.0,107.0,42.0,734.8,1.0,0.0,27.0,59.0,31.0,-56.7,3.0
2026-10-06,libya,61.0,1.0,10.0,28.6,0.0,0.0,4.0,1.0,1.0,-10.0,0.0
2026-10-06,scs,1260.0,151.0,139.0,1100.5,0.0,2.0,52.0,34.0,8.0,104.5,0.0
2026-10-06,southasia,7693.0,1430.0,942.0,1746.1,11.0,79.0,391.0,17.0,3.0,21.8,2.0
2026-10-06,sudan,424.0,53.0,51.0,226.7,0.0,0.0,3.0,7.0,3.0,3.0,0.0
2026-10-06,taiwan,450.0,60.0,52.0,323.2,0.0,0.0,41.0,121.0,40.0,-114.9,7.0
2026-10-06,ukraine,1473.0,232.0,257.0,-74.3,17.0,7.0,47.0,598.0,338.0,-1444.9,39.0
2026-10-06,venezuela,246.0,30.0,22.0,378.8,0.0,0.0,12.0,83.0,10.0,184.4,0.0
2026-10-06,yemen,773.0,127.0,255.0,-1695.1,22.0,7.0,25.0,285.0,114.0,-312.1,9.0
2026-10-07,drc,33.0,0.0,1.0,67.6,0.0,0.0,1.0,15.0,1.0,55.4,1.0
2026-10-07,europe_east,1084.0,142.0,141.0,884.5,4.0,11.0,48.0,85.0,49.0,-103.4,3.0
2026-10-07,iran,1903.0,387.0,274.0,-231.4,39.0,9.0,91.0,710.0,255.0,-218.6,24.0
2026-10-07,israel,5950.0,986.0,1496.0,-7554.2,64.0,29.0,353.0,1170.0,589.0,-2901.9,69.0
2026-10-07,korea,659.0,81.0,55.0,978.3,1.0,2.0,22.0,41.0,24.0,-31.1,4.0
2026-10-07,libya,48.0,5.0,15.0,-36.4,0.0,0.0,0.0,0.0,0.0,0.0,0.0
2026-10-07,scs,1169.0,167.0,108.0,1078.4,5.0,1.0,71.0,31.0,5.0,91.1,1.0
2026-10-07,southasia,8192.0,1403.0,989.0,2645.9,14.0,44.0,485.0,27.0,14.0,-80.1,9.0
2026-10-07,sudan,509.0,70.0,95.0,11.3,2.0,0.0,29.0,0.0,0.0,0.0,0.0
2026-10-07,taiwan,476.0,51.0,27.0,800.3,0.0,0.0,18.0,79.0,23.0,-4.0,1.0
2026-10-07,ukraine,1676.0,285.0,377.0,-1580.0,25.0,4.0,49.0,616.0,372.0,-1979.4,33.0
2026-10-07,venezuela,302.0,31.0,77.0,-56.9,3.0,0.0,41.0,79.0,54.0,-299.9,15.0
2026-10-07,yemen,572.0,101.0,189.0,-1446.2,13.0,4.0,6.0,303.0,141.0,-469.2,15.0
2026-10-08,drc,63.0,5.0,12.0,32.4,0.0,0.0,8.0,18.0,2.0,23.8,0.0
2026-10-08,europe_east,765.0,77.0,140.0,140.6,15.0,5.0,67.0,28.0,20.0,-84.1,9.0
2026-10-08,iran,2356.0,404.0,492.0,-1419.2,32.0,15.0,167.0,884.0,286.0,-205.3,28.0
2026-10-08,israel,5102.0,848.0,1201.0,-5216.9,52.0,13.0,388.0,1029.0,552.0,-2716.8,75.0
2026-10-08,korea,890.0,138.0,94.0,987.5,1.0,3.0,57.0,108.0,31.0,172.1,6.0
2026-10-08,libya,50.0,3.0,8.0,23.0,0.0,1.0,0.0,0.0,0.0,0.0,0.0
2026-10-08,scs,1193.0,149.0,126.0,1099.3,2.0,5.0,86.0,33.0,13.0,-21.7,0.0
2026-10-08,southasia,8823.0,1416.0,920.0,4320.4,12.0,81.0,372.0,38.0,17.0,-114.8,4.0
2026-10-08,sudan,371.0,55.0,73.0,-91.5,1.0,3.0,13.0,0.0,0.0,0.0,0.0
2026-10-08,taiwan,307.0,47.0,20.0,321.8,0.0,2.0,7.0,46.0,17.0,-0.4,1.0
2026-10-08,ukraine,1979.0,289.0,455.0,-1809.6,25.0,11.0,96.0,756.0,440.0,-2501.5,36.0
2026-10-08,venezuela,566.0,103.0,183.0,-944.0,2.0,0.0,86.0,231.0,159.0,-761.5,59.0
2026-10-08,yemen,707.0,124.0,240.0,-1544.7,15.0,11.0,40.0,263.0,157.0,-712.5,9.0
